published_date,timestamp,open,high,low,close,per_change,traded_quantity,traded_amount,status
2019-01-17,2019-01-17 11:00:00,256.0,256.0,252.1,255.46,-0.21,2.8,696.4,-1
2019-01-17,2019-01-17 11:10:00,255.46,255.46,254.92,254.92,-0.21,2.8,696.4,-1
2019-01-17,2019-01-17 11:20:00,254.92,254.92,254.38,254.38,-0.21,2.8,696.4,-1
2019-01-17,2019-01-17 11:30:00,254.38,254.38,253.83,253.83,-0.22,2.8,696.4,-1
2019-01-17,2019-01-17 11:40:00,253.83,253.83,253.29,253.29,-0.21,2.8,696.4,-1
2019-01-17,2019-01-17 11:50:00,253.29,253.29,252.75,252.75,-0.21,2.8,696.4,-1
2019-01-17,2019-01-17 12:00:00,252.75,252.75,252.21,252.21,-0.21,2.8,696.4,-1
2019-01-17,2019-01-17 12:10:00,252.21,252.21,251.67,251.67,-0.21,2.8,696.4,-1
2019-01-17,2019-01-17 12:20:00,251.67,251.67,251.12,251.12,-0.22,2.8,696.4,-1
2019-01-17,2019-01-17 12:30:00,251.12,251.12,250.58,250.58,-0.22,2.8,696.4,-1
2019-01-17,2019-01-17 12:40:00,250.58,250.58,250.04,250.04,-0.22,2.8,696.4,-1
2019-01-17,2019-01-17 12:50:00,250.04,250.04,249.5,249.5,-0.22,2.8,696.4,-1
2019-01-17,2019-01-17 13:00:00,249.5,256.0,243.0,248.96,-0.22,2.8,696.4,-1
2019-01-17,2019-01-17 13:10:00,248.96,248.96,248.42,248.42,-0.22,2.8,696.4,-1
2019-01-17,2019-01-17 13:20:00,248.42,248.42,247.88,247.88,-0.22,2.8,696.4,-1
2019-01-17,2019-01-17 13:30:00,247.88,247.88,247.33,247.33,-0.22,2.8,696.4,-1
2019-01-17,2019-01-17 13:40:00,247.33,247.33,246.79,246.79,-0.22,2.8,696.4,-1
2019-01-17,2019-01-17 13:50:00,246.79,246.79,246.25,246.25,-0.22,2.8,696.4,-1
2019-01-17,2019-01-17 14:00:00,246.25,246.25,245.71,245.71,-0.22,2.8,696.4,-1
2019-01-17,2019-01-17 14:10:00,245.71,245.71,245.17,245.17,-0.22,2.8,696.4,-1
2019-01-17,2019-01-17 14:20:00,245.17,245.17,244.62,244.62,-0.22,2.8,696.4,-1
2019-01-17,2019-01-17 14:30:00,244.62,244.62,244.08,244.08,-0.22,2.8,696.4,-1
2019-01-17,2019-01-17 14:40:00,244.08,244.08,243.54,243.54,-0.22,2.8,696.4,-1
2019-01-17,2019-01-17 14:50:00,243.54,243.54,243.0,243.0,-0.22,2.8,696.4,-1
2019-01-17,2019-01-17 15:00:00,243.0,256.0,243.0,243.0,0.0,2.8,696.4,0
2019-01-23,2019-01-23 11:00:00,231.0,231.0,231.0,231.0,0.0,20.0,4620.0,0
2019-01-23,2019-01-23 11:10:00,231.0,231.0,231.0,231.0,0.0,20.0,4620.0,0
2019-01-23,2019-01-23 11:20:00,231.0,231.0,231.0,231.0,0.0,20.0,4620.0,0
2019-01-23,2019-01-23 11:30:00,231.0,231.0,231.0,231.0,0.0,20.0,4620.0,0
2019-01-23,2019-01-23 11:40:00,231.0,231.0,231.0,231.0,0.0,20.0,4620.0,0
2019-01-23,2019-01-23 11:50:00,231.0,231.0,231.0,231.0,0.0,20.0,4620.0,0
2019-01-23,2019-01-23 12:00:00,231.0,231.0,231.0,231.0,0.0,20.0,4620.0,0
2019-01-23,2019-01-23 12:10:00,231.0,231.0,231.0,231.0,0.0,20.0,4620.0,0
2019-01-23,2019-01-23 12:20:00,231.0,231.0,231.0,231.0,0.0,20.0,4620.0,0
2019-01-23,2019-01-23 12:30:00,231.0,231.0,231.0,231.0,0.0,20.0,4620.0,0
2019-01-23,2019-01-23 12:40:00,231.0,231.0,231.0,231.0,0.0,20.0,4620.0,0
2019-01-23,2019-01-23 12:50:00,231.0,231.0,231.0,231.0,0.0,20.0,4620.0,0
2019-01-23,2019-01-23 13:00:00,231.0,231.0,231.0,231.0,0.0,20.0,4620.0,0
2019-01-23,2019-01-23 13:10:00,231.0,231.0,231.0,231.0,0.0,20.0,4620.0,0
2019-01-23,2019-01-23 13:20:00,231.0,231.0,231.0,231.0,0.0,20.0,4620.0,0
2019-01-23,2019-01-23 13:30:00,231.0,231.0,231.0,231.0,0.0,20.0,4620.0,0
2019-01-23,2019-01-23 13:40:00,231.0,231.0,231.0,231.0,0.0,20.0,4620.0,0
2019-01-23,2019-01-23 13:50:00,231.0,231.0,231.0,231.0,0.0,20.0,4620.0,0
2019-01-23,2019-01-23 14:00:00,231.0,231.0,231.0,231.0,0.0,20.0,4620.0,0
2019-01-23,2019-01-23 14:10:00,231.0,231.0,231.0,231.0,0.0,20.0,4620.0,0
2019-01-23,2019-01-23 14:20:00,231.0,231.0,231.0,231.0,0.0,20.0,4620.0,0
2019-01-23,2019-01-23 14:30:00,231.0,231.0,231.0,231.0,0.0,20.0,4620.0,0
2019-01-23,2019-01-23 14:40:00,231.0,231.0,231.0,231.0,0.0,20.0,4620.0,0
2019-01-23,2019-01-23 14:50:00,231.0,231.0,231.0,231.0,0.0,20.0,4620.0,0
2019-01-23,2019-01-23 15:00:00,231.0,231.0,231.0,231.0,0.0,20.0,4620.0,0
2019-01-29,2019-01-29 11:00:00,220.0,220.0,220.0,220.0,0.0,0.8,176.0,0
2019-01-29,2019-01-29 11:10:00,220.0,220.0,220.0,220.0,0.0,0.8,176.0,0
2019-01-29,2019-01-29 11:20:00,220.0,220.0,220.0,220.0,0.0,0.8,176.0,0
2019-01-29,2019-01-29 11:30:00,220.0,220.0,220.0,220.0,0.0,0.8,176.0,0
2019-01-29,2019-01-29 11:40:00,220.0,220.0,220.0,220.0,0.0,0.8,176.0,0
2019-01-29,2019-01-29 11:50:00,220.0,220.0,220.0,220.0,0.0,0.8,176.0,0
2019-01-29,2019-01-29 12:00:00,220.0,220.0,220.0,220.0,0.0,0.8,176.0,0
2019-01-29,2019-01-29 12:10:00,220.0,220.0,220.0,220.0,0.0,0.8,176.0,0
2019-01-29,2019-01-29 12:20:00,220.0,220.0,220.0,220.0,0.0,0.8,176.0,0
2019-01-29,2019-01-29 12:30:00,220.0,220.0,220.0,220.0,0.0,0.8,176.0,0
2019-01-29,2019-01-29 12:40:00,220.0,220.0,220.0,220.0,0.0,0.8,176.0,0
2019-01-29,2019-01-29 12:50:00,220.0,220.0,220.0,220.0,0.0,0.8,176.0,0
2019-01-29,2019-01-29 13:00:00,220.0,220.0,220.0,220.0,0.0,0.8,176.0,0
2019-01-29,2019-01-29 13:10:00,220.0,220.0,220.0,220.0,0.0,0.8,176.0,0
2019-01-29,2019-01-29 13:20:00,220.0,220.0,220.0,220.0,0.0,0.8,176.0,0
2019-01-29,2019-01-29 13:30:00,220.0,220.0,220.0,220.0,0.0,0.8,176.0,0
2019-01-29,2019-01-29 13:40:00,220.0,220.0,220.0,220.0,0.0,0.8,176.0,0
2019-01-29,2019-01-29 13:50:00,220.0,220.0,220.0,220.0,0.0,0.8,176.0,0
2019-01-29,2019-01-29 14:00:00,220.0,220.0,220.0,220.0,0.0,0.8,176.0,0
2019-01-29,2019-01-29 14:10:00,220.0,220.0,220.0,220.0,0.0,0.8,176.0,0
2019-01-29,2019-01-29 14:20:00,220.0,220.0,220.0,220.0,0.0,0.8,176.0,0
2019-01-29,2019-01-29 14:30:00,220.0,220.0,220.0,220.0,0.0,0.8,176.0,0
2019-01-29,2019-01-29 14:40:00,220.0,220.0,220.0,220.0,0.0,0.8,176.0,0
2019-01-29,2019-01-29 14:50:00,220.0,220.0,220.0,220.0,0.0,0.8,176.0,0
2019-01-29,2019-01-29 15:00:00,220.0,220.0,220.0,220.0,0.0,0.8,176.0,0
2019-02-07,2019-02-07 11:00:00,209.0,209.0,206.6,208.67,-0.16,2.4,492.0,-1
2019-02-07,2019-02-07 11:10:00,208.67,208.67,208.33,208.33,-0.16,2.4,492.0,-1
2019-02-07,2019-02-07 11:20:00,208.33,208.33,208.0,208.0,-0.16,2.4,492.0,-1
2019-02-07,2019-02-07 11:30:00,208.0,208.0,207.67,207.67,-0.16,2.4,492.0,-1
2019-02-07,2019-02-07 11:40:00,207.67,207.67,207.33,207.33,-0.16,2.4,492.0,-1
2019-02-07,2019-02-07 11:50:00,207.33,207.33,207.0,207.0,-0.16,2.4,492.0,-1
2019-02-07,2019-02-07 12:00:00,207.0,207.0,206.67,206.67,-0.16,2.4,492.0,-1
2019-02-07,2019-02-07 12:10:00,206.67,206.67,206.33,206.33,-0.16,2.4,492.0,-1
2019-02-07,2019-02-07 12:20:00,206.33,206.33,206.0,206.0,-0.16,2.4,492.0,-1
2019-02-07,2019-02-07 12:30:00,206.0,206.0,205.67,205.67,-0.16,2.4,492.0,-1
2019-02-07,2019-02-07 12:40:00,205.67,205.67,205.33,205.33,-0.17,2.4,492.0,-1
2019-02-07,2019-02-07 12:50:00,205.33,205.33,205.0,205.0,-0.16,2.4,492.0,-1
2019-02-07,2019-02-07 13:00:00,205.0,209.0,201.0,204.67,-0.16,2.4,492.0,-1
2019-02-07,2019-02-07 13:10:00,204.67,204.67,204.33,204.33,-0.17,2.4,492.0,-1
2019-02-07,2019-02-07 13:20:00,204.33,204.33,204.0,204.0,-0.16,2.4,492.0,-1
2019-02-07,2019-02-07 13:30:00,204.0,204.0,203.67,203.67,-0.16,2.4,492.0,-1
2019-02-07,2019-02-07 13:40:00,203.67,203.67,203.33,203.33,-0.17,2.4,492.0,-1
2019-02-07,2019-02-07 13:50:00,203.33,203.33,203.0,203.0,-0.16,2.4,492.0,-1
2019-02-07,2019-02-07 14:00:00,203.0,203.0,202.67,202.67,-0.16,2.4,492.0,-1
2019-02-07,2019-02-07 14:10:00,202.67,202.67,202.33,202.33,-0.17,2.4,492.0,-1
2019-02-07,2019-02-07 14:20:00,202.33,202.33,202.0,202.0,-0.16,2.4,492.0,-1
2019-02-07,2019-02-07 14:30:00,202.0,202.0,201.67,201.67,-0.16,2.4,492.0,-1
2019-02-07,2019-02-07 14:40:00,201.67,201.67,201.33,201.33,-0.17,2.4,492.0,-1
2019-02-07,2019-02-07 14:50:00,201.33,201.33,201.0,201.0,-0.16,2.4,492.0,-1
2019-02-07,2019-02-07 15:00:00,201.0,209.0,201.0,201.0,0.0,2.4,492.0,0
2019-02-10,2019-02-10 11:00:00,191.0,191.0,191.0,191.0,0.0,0.8,152.8,0
2019-02-10,2019-02-10 11:10:00,191.0,191.0,191.0,191.0,0.0,0.8,152.8,0
2019-02-10,2019-02-10 11:20:00,191.0,191.0,191.0,191.0,0.0,0.8,152.8,0
2019-02-10,2019-02-10 11:30:00,191.0,191.0,191.0,191.0,0.0,0.8,152.8,0
2019-02-10,2019-02-10 11:40:00,191.0,191.0,191.0,191.0,0.0,0.8,152.8,0
2019-02-10,2019-02-10 11:50:00,191.0,191.0,191.0,191.0,0.0,0.8,152.8,0
2019-02-10,2019-02-10 12:00:00,191.0,191.0,191.0,191.0,0.0,0.8,152.8,0
2019-02-10,2019-02-10 12:10:00,191.0,191.0,191.0,191.0,0.0,0.8,152.8,0
2019-02-10,2019-02-10 12:20:00,191.0,191.0,191.0,191.0,0.0,0.8,152.8,0
2019-02-10,2019-02-10 12:30:00,191.0,191.0,191.0,191.0,0.0,0.8,152.8,0
2019-02-10,2019-02-10 12:40:00,191.0,191.0,191.0,191.0,0.0,0.8,152.8,0
2019-02-10,2019-02-10 12:50:00,191.0,191.0,191.0,191.0,0.0,0.8,152.8,0
2019-02-10,2019-02-10 13:00:00,191.0,191.0,191.0,191.0,0.0,0.8,152.8,0
2019-02-10,2019-02-10 13:10:00,191.0,191.0,191.0,191.0,0.0,0.8,152.8,0
2019-02-10,2019-02-10 13:20:00,191.0,191.0,191.0,191.0,0.0,0.8,152.8,0
2019-02-10,2019-02-10 13:30:00,191.0,191.0,191.0,191.0,0.0,0.8,152.8,0
2019-02-10,2019-02-10 13:40:00,191.0,191.0,191.0,191.0,0.0,0.8,152.8,0
2019-02-10,2019-02-10 13:50:00,191.0,191.0,191.0,191.0,0.0,0.8,152.8,0
2019-02-10,2019-02-10 14:00:00,191.0,191.0,191.0,191.0,0.0,0.8,152.8,0
2019-02-10,2019-02-10 14:10:00,191.0,191.0,191.0,191.0,0.0,0.8,152.8,0
2019-02-10,2019-02-10 14:20:00,191.0,191.0,191.0,191.0,0.0,0.8,152.8,0
2019-02-10,2019-02-10 14:30:00,191.0,191.0,191.0,191.0,0.0,0.8,152.8,0
2019-02-10,2019-02-10 14:40:00,191.0,191.0,191.0,191.0,0.0,0.8,152.8,0
2019-02-10,2019-02-10 14:50:00,191.0,191.0,191.0,191.0,0.0,0.8,152.8,0
2019-02-10,2019-02-10 15:00:00,191.0,191.0,191.0,191.0,0.0,0.8,152.8,0
2019-02-26,2019-02-26 11:00:00,182.0,182.0,180.2,181.75,-0.14,2.4,429.6,-1
2019-02-26,2019-02-26 11:10:00,181.75,181.75,181.5,181.5,-0.14,2.4,429.6,-1
2019-02-26,2019-02-26 11:20:00,181.5,181.5,181.25,181.25,-0.14,2.4,429.6,-1
2019-02-26,2019-02-26 11:30:00,181.25,181.25,181.0,181.0,-0.14,2.4,429.6,-1
2019-02-26,2019-02-26 11:40:00,181.0,181.0,180.75,180.75,-0.14,2.4,429.6,-1
2019-02-26,2019-02-26 11:50:00,180.75,180.75,180.5,180.5,-0.14,2.4,429.6,-1
2019-02-26,2019-02-26 12:00:00,180.5,180.5,180.25,180.25,-0.14,2.4,429.6,-1
2019-02-26,2019-02-26 12:10:00,180.25,180.25,180.0,180.0,-0.14,2.4,429.6,-1
2019-02-26,2019-02-26 12:20:00,180.0,180.0,179.75,179.75,-0.14,2.4,429.6,-1
2019-02-26,2019-02-26 12:30:00,179.75,179.75,179.5,179.5,-0.14,2.4,429.6,-1
2019-02-26,2019-02-26 12:40:00,179.5,179.5,179.25,179.25,-0.14,2.4,429.6,-1
2019-02-26,2019-02-26 12:50:00,179.25,179.25,179.0,179.0,-0.14,2.4,429.6,-1
2019-02-26,2019-02-26 13:00:00,179.0,182.0,176.0,178.75,-0.14,2.4,429.6,-1
2019-02-26,2019-02-26 13:10:00,178.75,178.75,178.5,178.5,-0.14,2.4,429.6,-1
2019-02-26,2019-02-26 13:20:00,178.5,178.5,178.25,178.25,-0.14,2.4,429.6,-1
2019-02-26,2019-02-26 13:30:00,178.25,178.25,178.0,178.0,-0.14,2.4,429.6,-1
2019-02-26,2019-02-26 13:40:00,178.0,178.0,177.75,177.75,-0.14,2.4,429.6,-1
2019-02-26,2019-02-26 13:50:00,177.75,177.75,177.5,177.5,-0.14,2.4,429.6,-1
2019-02-26,2019-02-26 14:00:00,177.5,177.5,177.25,177.25,-0.14,2.4,429.6,-1
2019-02-26,2019-02-26 14:10:00,177.25,177.25,177.0,177.0,-0.14,2.4,429.6,-1
2019-02-26,2019-02-26 14:20:00,177.0,177.0,176.75,176.75,-0.14,2.4,429.6,-1
2019-02-26,2019-02-26 14:30:00,176.75,176.75,176.5,176.5,-0.14,2.4,429.6,-1
2019-02-26,2019-02-26 14:40:00,176.5,176.5,176.25,176.25,-0.14,2.4,429.6,-1
2019-02-26,2019-02-26 14:50:00,176.25,176.25,176.0,176.0,-0.14,2.4,429.6,-1
2019-02-26,2019-02-26 15:00:00,176.0,182.0,176.0,176.0,0.0,2.4,429.6,0
2019-03-03,2019-03-03 11:00:00,168.0,168.0,168.0,168.0,0.0,0.4,67.2,0
2019-03-03,2019-03-03 11:10:00,168.0,168.0,168.0,168.0,0.0,0.4,67.2,0
2019-03-03,2019-03-03 11:20:00,168.0,168.0,168.0,168.0,0.0,0.4,67.2,0
2019-03-03,2019-03-03 11:30:00,168.0,168.0,168.0,168.0,0.0,0.4,67.2,0
2019-03-03,2019-03-03 11:40:00,168.0,168.0,168.0,168.0,0.0,0.4,67.2,0
2019-03-03,2019-03-03 11:50:00,168.0,168.0,168.0,168.0,0.0,0.4,67.2,0
2019-03-03,2019-03-03 12:00:00,168.0,168.0,168.0,168.0,0.0,0.4,67.2,0
2019-03-03,2019-03-03 12:10:00,168.0,168.0,168.0,168.0,0.0,0.4,67.2,0
2019-03-03,2019-03-03 12:20:00,168.0,168.0,168.0,168.0,0.0,0.4,67.2,0
2019-03-03,2019-03-03 12:30:00,168.0,168.0,168.0,168.0,0.0,0.4,67.2,0
2019-03-03,2019-03-03 12:40:00,168.0,168.0,168.0,168.0,0.0,0.4,67.2,0
2019-03-03,2019-03-03 12:50:00,168.0,168.0,168.0,168.0,0.0,0.4,67.2,0
2019-03-03,2019-03-03 13:00:00,168.0,168.0,168.0,168.0,0.0,0.4,67.2,0
2019-03-03,2019-03-03 13:10:00,168.0,168.0,168.0,168.0,0.0,0.4,67.2,0
2019-03-03,2019-03-03 13:20:00,168.0,168.0,168.0,168.0,0.0,0.4,67.2,0
2019-03-03,2019-03-03 13:30:00,168.0,168.0,168.0,168.0,0.0,0.4,67.2,0
2019-03-03,2019-03-03 13:40:00,168.0,168.0,168.0,168.0,0.0,0.4,67.2,0
2019-03-03,2019-03-03 13:50:00,168.0,168.0,168.0,168.0,0.0,0.4,67.2,0
2019-03-03,2019-03-03 14:00:00,168.0,168.0,168.0,168.0,0.0,0.4,67.2,0
2019-03-03,2019-03-03 14:10:00,168.0,168.0,168.0,168.0,0.0,0.4,67.2,0
2019-03-03,2019-03-03 14:20:00,168.0,168.0,168.0,168.0,0.0,0.4,67.2,0
2019-03-03,2019-03-03 14:30:00,168.0,168.0,168.0,168.0,0.0,0.4,67.2,0
2019-03-03,2019-03-03 14:40:00,168.0,168.0,168.0,168.0,0.0,0.4,67.2,0
2019-03-03,2019-03-03 14:50:00,168.0,168.0,168.0,168.0,0.0,0.4,67.2,0
2019-03-03,2019-03-03 15:00:00,168.0,168.0,168.0,168.0,0.0,0.4,67.2,0
2019-03-05,2019-03-05 11:00:00,160.0,160.0,160.0,160.0,0.0,0.8,128.0,0
2019-03-05,2019-03-05 11:10:00,160.0,160.0,160.0,160.0,0.0,0.8,128.0,0
2019-03-05,2019-03-05 11:20:00,160.0,160.0,160.0,160.0,0.0,0.8,128.0,0
2019-03-05,2019-03-05 11:30:00,160.0,160.0,160.0,160.0,0.0,0.8,128.0,0
2019-03-05,2019-03-05 11:40:00,160.0,160.0,160.0,160.0,0.0,0.8,128.0,0
2019-03-05,2019-03-05 11:50:00,160.0,160.0,160.0,160.0,0.0,0.8,128.0,0
2019-03-05,2019-03-05 12:00:00,160.0,160.0,160.0,160.0,0.0,0.8,128.0,0
2019-03-05,2019-03-05 12:10:00,160.0,160.0,160.0,160.0,0.0,0.8,128.0,0
2019-03-05,2019-03-05 12:20:00,160.0,160.0,160.0,160.0,0.0,0.8,128.0,0
2019-03-05,2019-03-05 12:30:00,160.0,160.0,160.0,160.0,0.0,0.8,128.0,0
2019-03-05,2019-03-05 12:40:00,160.0,160.0,160.0,160.0,0.0,0.8,128.0,0
2019-03-05,2019-03-05 12:50:00,160.0,160.0,160.0,160.0,0.0,0.8,128.0,0
2019-03-05,2019-03-05 13:00:00,160.0,160.0,160.0,160.0,0.0,0.8,128.0,0
2019-03-05,2019-03-05 13:10:00,160.0,160.0,160.0,160.0,0.0,0.8,128.0,0
2019-03-05,2019-03-05 13:20:00,160.0,160.0,160.0,160.0,0.0,0.8,128.0,0
2019-03-05,2019-03-05 13:30:00,160.0,160.0,160.0,160.0,0.0,0.8,128.0,0
2019-03-05,2019-03-05 13:40:00,160.0,160.0,160.0,160.0,0.0,0.8,128.0,0
2019-03-05,2019-03-05 13:50:00,160.0,160.0,160.0,160.0,0.0,0.8,128.0,0
2019-03-05,2019-03-05 14:00:00,160.0,160.0,160.0,160.0,0.0,0.8,128.0,0
2019-03-05,2019-03-05 14:10:00,160.0,160.0,160.0,160.0,0.0,0.8,128.0,0
2019-03-05,2019-03-05 14:20:00,160.0,160.0,160.0,160.0,0.0,0.8,128.0,0
2019-03-05,2019-03-05 14:30:00,160.0,160.0,160.0,160.0,0.0,0.8,128.0,0
2019-03-05,2019-03-05 14:40:00,160.0,160.0,160.0,160.0,0.0,0.8,128.0,0
2019-03-05,2019-03-05 14:50:00,160.0,160.0,160.0,160.0,0.0,0.8,128.0,0
2019-03-05,2019-03-05 15:00:00,160.0,160.0,160.0,160.0,0.0,0.8,128.0,0
2019-04-09,2019-04-09 11:00:00,152.0,152.0,150.5,151.79,-0.14,2.0,297.6,-1
2019-04-09,2019-04-09 11:10:00,151.79,151.79,151.58,151.58,-0.14,2.0,297.6,-1
2019-04-09,2019-04-09 11:20:00,151.58,151.58,151.38,151.38,-0.13,2.0,297.6,-1
2019-04-09,2019-04-09 11:30:00,151.38,151.38,151.17,151.17,-0.14,2.0,297.6,-1
2019-04-09,2019-04-09 11:40:00,151.17,151.17,150.96,150.96,-0.14,2.0,297.6,-1
2019-04-09,2019-04-09 11:50:00,150.96,150.96,150.75,150.75,-0.14,2.0,297.6,-1
2019-04-09,2019-04-09 12:00:00,150.75,150.75,150.54,150.54,-0.14,2.0,297.6,-1
2019-04-09,2019-04-09 12:10:00,150.54,150.54,150.33,150.33,-0.14,2.0,297.6,-1
2019-04-09,2019-04-09 12:20:00,150.33,150.33,150.12,150.12,-0.14,2.0,297.6,-1
2019-04-09,2019-04-09 12:30:00,150.12,150.12,149.92,149.92,-0.13,2.0,297.6,-1
2019-04-09,2019-04-09 12:40:00,149.92,149.92,149.71,149.71,-0.14,2.0,297.6,-1
2019-04-09,2019-04-09 12:50:00,149.71,149.71,149.5,149.5,-0.14,2.0,297.6,-1
2019-04-09,2019-04-09 13:00:00,149.5,152.0,147.0,149.29,-0.14,2.0,297.6,-1
2019-04-09,2019-04-09 13:10:00,149.29,149.29,149.08,149.08,-0.14,2.0,297.6,-1
2019-04-09,2019-04-09 13:20:00,149.08,149.08,148.88,148.88,-0.13,2.0,297.6,-1
2019-04-09,2019-04-09 13:30:00,148.88,148.88,148.67,148.67,-0.14,2.0,297.6,-1
2019-04-09,2019-04-09 13:40:00,148.67,148.67,148.46,148.46,-0.14,2.0,297.6,-1
2019-04-09,2019-04-09 13:50:00,148.46,148.46,148.25,148.25,-0.14,2.0,297.6,-1
2019-04-09,2019-04-09 14:00:00,148.25,148.25,148.04,148.04,-0.14,2.0,297.6,-1
2019-04-09,2019-04-09 14:10:00,148.04,148.04,147.83,147.83,-0.14,2.0,297.6,-1
2019-04-09,2019-04-09 14:20:00,147.83,147.83,147.62,147.62,-0.14,2.0,297.6,-1
2019-04-09,2019-04-09 14:30:00,147.62,147.62,147.42,147.42,-0.14,2.0,297.6,-1
2019-04-09,2019-04-09 14:40:00,147.42,147.42,147.21,147.21,-0.14,2.0,297.6,-1
2019-04-09,2019-04-09 14:50:00,147.21,147.21,147.0,147.0,-0.14,2.0,297.6,-1
2019-04-09,2019-04-09 15:00:00,147.0,152.0,147.0,147.0,0.0,2.0,297.6,0
2019-05-13,2019-05-13 11:00:00,140.0,140.0,140.0,140.0,0.0,0.8,112.0,0
2019-05-13,2019-05-13 11:10:00,140.0,140.0,140.0,140.0,0.0,0.8,112.0,0
2019-05-13,2019-05-13 11:20:00,140.0,140.0,140.0,140.0,0.0,0.8,112.0,0
2019-05-13,2019-05-13 11:30:00,140.0,140.0,140.0,140.0,0.0,0.8,112.0,0
2019-05-13,2019-05-13 11:40:00,140.0,140.0,140.0,140.0,0.0,0.8,112.0,0
2019-05-13,2019-05-13 11:50:00,140.0,140.0,140.0,140.0,0.0,0.8,112.0,0
2019-05-13,2019-05-13 12:00:00,140.0,140.0,140.0,140.0,0.0,0.8,112.0,0
2019-05-13,2019-05-13 12:10:00,140.0,140.0,140.0,140.0,0.0,0.8,112.0,0
2019-05-13,2019-05-13 12:20:00,140.0,140.0,140.0,140.0,0.0,0.8,112.0,0
2019-05-13,2019-05-13 12:30:00,140.0,140.0,140.0,140.0,0.0,0.8,112.0,0
2019-05-13,2019-05-13 12:40:00,140.0,140.0,140.0,140.0,0.0,0.8,112.0,0
2019-05-13,2019-05-13 12:50:00,140.0,140.0,140.0,140.0,0.0,0.8,112.0,0
2019-05-13,2019-05-13 13:00:00,140.0,140.0,140.0,140.0,0.0,0.8,112.0,0
2019-05-13,2019-05-13 13:10:00,140.0,140.0,140.0,140.0,0.0,0.8,112.0,0
2019-05-13,2019-05-13 13:20:00,140.0,140.0,140.0,140.0,0.0,0.8,112.0,0
2019-05-13,2019-05-13 13:30:00,140.0,140.0,140.0,140.0,0.0,0.8,112.0,0
2019-05-13,2019-05-13 13:40:00,140.0,140.0,140.0,140.0,0.0,0.8,112.0,0
2019-05-13,2019-05-13 13:50:00,140.0,140.0,140.0,140.0,0.0,0.8,112.0,0
2019-05-13,2019-05-13 14:00:00,140.0,140.0,140.0,140.0,0.0,0.8,112.0,0
2019-05-13,2019-05-13 14:10:00,140.0,140.0,140.0,140.0,0.0,0.8,112.0,0
2019-05-13,2019-05-13 14:20:00,140.0,140.0,140.0,140.0,0.0,0.8,112.0,0
2019-05-13,2019-05-13 14:30:00,140.0,140.0,140.0,140.0,0.0,0.8,112.0,0
2019-05-13,2019-05-13 14:40:00,140.0,140.0,140.0,140.0,0.0,0.8,112.0,0
2019-05-13,2019-05-13 14:50:00,140.0,140.0,140.0,140.0,0.0,0.8,112.0,0
2019-05-13,2019-05-13 15:00:00,140.0,140.0,140.0,140.0,0.0,0.8,112.0,0
2019-05-14,2019-05-14 11:00:00,133.0,133.0,133.0,133.0,0.0,2.0,266.0,0
2019-05-14,2019-05-14 11:10:00,133.0,133.0,133.0,133.0,0.0,2.0,266.0,0
2019-05-14,2019-05-14 11:20:00,133.0,133.0,133.0,133.0,0.0,2.0,266.0,0
2019-05-14,2019-05-14 11:30:00,133.0,133.0,133.0,133.0,0.0,2.0,266.0,0
2019-05-14,2019-05-14 11:40:00,133.0,133.0,133.0,133.0,0.0,2.0,266.0,0
2019-05-14,2019-05-14 11:50:00,133.0,133.0,133.0,133.0,0.0,2.0,266.0,0
2019-05-14,2019-05-14 12:00:00,133.0,133.0,133.0,133.0,0.0,2.0,266.0,0
2019-05-14,2019-05-14 12:10:00,133.0,133.0,133.0,133.0,0.0,2.0,266.0,0
2019-05-14,2019-05-14 12:20:00,133.0,133.0,133.0,133.0,0.0,2.0,266.0,0
2019-05-14,2019-05-14 12:30:00,133.0,133.0,133.0,133.0,0.0,2.0,266.0,0
2019-05-14,2019-05-14 12:40:00,133.0,133.0,133.0,133.0,0.0,2.0,266.0,0
2019-05-14,2019-05-14 12:50:00,133.0,133.0,133.0,133.0,0.0,2.0,266.0,0
2019-05-14,2019-05-14 13:00:00,133.0,133.0,133.0,133.0,0.0,2.0,266.0,0
2019-05-14,2019-05-14 13:10:00,133.0,133.0,133.0,133.0,0.0,2.0,266.0,0
2019-05-14,2019-05-14 13:20:00,133.0,133.0,133.0,133.0,0.0,2.0,266.0,0
2019-05-14,2019-05-14 13:30:00,133.0,133.0,133.0,133.0,0.0,2.0,266.0,0
2019-05-14,2019-05-14 13:40:00,133.0,133.0,133.0,133.0,0.0,2.0,266.0,0
2019-05-14,2019-05-14 13:50:00,133.0,133.0,133.0,133.0,0.0,2.0,266.0,0
2019-05-14,2019-05-14 14:00:00,133.0,133.0,133.0,133.0,0.0,2.0,266.0,0
2019-05-14,2019-05-14 14:10:00,133.0,133.0,133.0,133.0,0.0,2.0,266.0,0
2019-05-14,2019-05-14 14:20:00,133.0,133.0,133.0,133.0,0.0,2.0,266.0,0
2019-05-14,2019-05-14 14:30:00,133.0,133.0,133.0,133.0,0.0,2.0,266.0,0
2019-05-14,2019-05-14 14:40:00,133.0,133.0,133.0,133.0,0.0,2.0,266.0,0
2019-05-14,2019-05-14 14:50:00,133.0,133.0,133.0,133.0,0.0,2.0,266.0,0
2019-05-14,2019-05-14 15:00:00,133.0,133.0,133.0,133.0,0.0,2.0,266.0,0
2019-05-23,2019-05-23 11:00:00,127.0,127.0,125.8,126.83,-0.13,2.8,350.0,-1
2019-05-23,2019-05-23 11:10:00,126.83,126.83,126.67,126.67,-0.13,2.8,350.0,-1
2019-05-23,2019-05-23 11:20:00,126.67,126.67,126.5,126.5,-0.13,2.8,350.0,-1
2019-05-23,2019-05-23 11:30:00,126.5,126.5,126.33,126.33,-0.13,2.8,350.0,-1
2019-05-23,2019-05-23 11:40:00,126.33,126.33,126.17,126.17,-0.13,2.8,350.0,-1
2019-05-23,2019-05-23 11:50:00,126.17,126.17,126.0,126.0,-0.13,2.8,350.0,-1
2019-05-23,2019-05-23 12:00:00,126.0,126.0,125.83,125.83,-0.13,2.8,350.0,-1
2019-05-23,2019-05-23 12:10:00,125.83,125.83,125.67,125.67,-0.13,2.8,350.0,-1
2019-05-23,2019-05-23 12:20:00,125.67,125.67,125.5,125.5,-0.14,2.8,350.0,-1
2019-05-23,2019-05-23 12:30:00,125.5,125.5,125.33,125.33,-0.14,2.8,350.0,-1
2019-05-23,2019-05-23 12:40:00,125.33,125.33,125.17,125.17,-0.13,2.8,350.0,-1
2019-05-23,2019-05-23 12:50:00,125.17,125.17,125.0,125.0,-0.14,2.8,350.0,-1
2019-05-23,2019-05-23 13:00:00,125.0,127.0,123.0,124.83,-0.14,2.8,350.0,-1
2019-05-23,2019-05-23 13:10:00,124.83,124.83,124.67,124.67,-0.13,2.8,350.0,-1
2019-05-23,2019-05-23 13:20:00,124.67,124.67,124.5,124.5,-0.14,2.8,350.0,-1
2019-05-23,2019-05-23 13:30:00,124.5,124.5,124.33,124.33,-0.14,2.8,350.0,-1
2019-05-23,2019-05-23 13:40:00,124.33,124.33,124.17,124.17,-0.13,2.8,350.0,-1
2019-05-23,2019-05-23 13:50:00,124.17,124.17,124.0,124.0,-0.14,2.8,350.0,-1
2019-05-23,2019-05-23 14:00:00,124.0,124.0,123.83,123.83,-0.14,2.8,350.0,-1
2019-05-23,2019-05-23 14:10:00,123.83,123.83,123.67,123.67,-0.13,2.8,350.0,-1
2019-05-23,2019-05-23 14:20:00,123.67,123.67,123.5,123.5,-0.14,2.8,350.0,-1
2019-05-23,2019-05-23 14:30:00,123.5,123.5,123.33,123.33,-0.14,2.8,350.0,-1
2019-05-23,2019-05-23 14:40:00,123.33,123.33,123.17,123.17,-0.13,2.8,350.0,-1
2019-05-23,2019-05-23 14:50:00,123.17,123.17,123.0,123.0,-0.14,2.8,350.0,-1
2019-05-23,2019-05-23 15:00:00,123.0,127.0,123.0,123.0,0.0,2.8,350.0,0
2019-05-26,2019-05-26 11:00:00,117.0,117.0,115.2,116.75,-0.21,8.4,942.8,-1
2019-05-26,2019-05-26 11:10:00,116.75,116.75,116.5,116.5,-0.21,8.4,942.8,-1
2019-05-26,2019-05-26 11:20:00,116.5,116.5,116.25,116.25,-0.21,8.4,942.8,-1
2019-05-26,2019-05-26 11:30:00,116.25,116.25,116.0,116.0,-0.22,8.4,942.8,-1
2019-05-26,2019-05-26 11:40:00,116.0,116.0,115.75,115.75,-0.22,8.4,942.8,-1
2019-05-26,2019-05-26 11:50:00,115.75,115.75,115.5,115.5,-0.22,8.4,942.8,-1
2019-05-26,2019-05-26 12:00:00,115.5,115.5,115.25,115.25,-0.22,8.4,942.8,-1
2019-05-26,2019-05-26 12:10:00,115.25,115.25,115.0,115.0,-0.22,8.4,942.8,-1
2019-05-26,2019-05-26 12:20:00,115.0,115.0,114.75,114.75,-0.22,8.4,942.8,-1
2019-05-26,2019-05-26 12:30:00,114.75,114.75,114.5,114.5,-0.22,8.4,942.8,-1
2019-05-26,2019-05-26 12:40:00,114.5,114.5,114.25,114.25,-0.22,8.4,942.8,-1
2019-05-26,2019-05-26 12:50:00,114.25,114.25,114.0,114.0,-0.22,8.4,942.8,-1
2019-05-26,2019-05-26 13:00:00,114.0,117.0,111.0,113.75,-0.22,8.4,942.8,-1
2019-05-26,2019-05-26 13:10:00,113.75,113.75,113.5,113.5,-0.22,8.4,942.8,-1
2019-05-26,2019-05-26 13:20:00,113.5,113.5,113.25,113.25,-0.22,8.4,942.8,-1
2019-05-26,2019-05-26 13:30:00,113.25,113.25,113.0,113.0,-0.22,8.4,942.8,-1
2019-05-26,2019-05-26 13:40:00,113.0,113.0,112.75,112.75,-0.22,8.4,942.8,-1
2019-05-26,2019-05-26 13:50:00,112.75,112.75,112.5,112.5,-0.22,8.4,942.8,-1
2019-05-26,2019-05-26 14:00:00,112.5,112.5,112.25,112.25,-0.22,8.4,942.8,-1
2019-05-26,2019-05-26 14:10:00,112.25,112.25,112.0,112.0,-0.22,8.4,942.8,-1
2019-05-26,2019-05-26 14:20:00,112.0,112.0,111.75,111.75,-0.22,8.4,942.8,-1
2019-05-26,2019-05-26 14:30:00,111.75,111.75,111.5,111.5,-0.22,8.4,942.8,-1
2019-05-26,2019-05-26 14:40:00,111.5,111.5,111.25,111.25,-0.22,8.4,942.8,-1
2019-05-26,2019-05-26 14:50:00,111.25,111.25,111.0,111.0,-0.22,8.4,942.8,-1
2019-05-26,2019-05-26 15:00:00,111.0,117.0,111.0,111.0,0.0,8.4,942.8,0
2019-05-28,2019-05-28 11:00:00,106.0,106.0,105.4,105.92,-0.08,0.8,84.0,-1
2019-05-28,2019-05-28 11:10:00,105.92,105.92,105.83,105.83,-0.08,0.8,84.0,-1
2019-05-28,2019-05-28 11:20:00,105.83,105.83,105.75,105.75,-0.08,0.8,84.0,-1
2019-05-28,2019-05-28 11:30:00,105.75,105.75,105.67,105.67,-0.08,0.8,84.0,-1
2019-05-28,2019-05-28 11:40:00,105.67,105.67,105.58,105.58,-0.09,0.8,84.0,-1
2019-05-28,2019-05-28 11:50:00,105.58,105.58,105.5,105.5,-0.08,0.8,84.0,-1
2019-05-28,2019-05-28 12:00:00,105.5,105.5,105.42,105.42,-0.08,0.8,84.0,-1
2019-05-28,2019-05-28 12:10:00,105.42,105.42,105.33,105.33,-0.09,0.8,84.0,-1
2019-05-28,2019-05-28 12:20:00,105.33,105.33,105.25,105.25,-0.08,0.8,84.0,-1
2019-05-28,2019-05-28 12:30:00,105.25,105.25,105.17,105.17,-0.08,0.8,84.0,-1
2019-05-28,2019-05-28 12:40:00,105.17,105.17,105.08,105.08,-0.09,0.8,84.0,-1
2019-05-28,2019-05-28 12:50:00,105.08,105.08,105.0,105.0,-0.08,0.8,84.0,-1
2019-05-28,2019-05-28 13:00:00,105.0,106.0,104.0,104.92,-0.08,0.8,84.0,-1
2019-05-28,2019-05-28 13:10:00,104.92,104.92,104.83,104.83,-0.09,0.8,84.0,-1
2019-05-28,2019-05-28 13:20:00,104.83,104.83,104.75,104.75,-0.08,0.8,84.0,-1
2019-05-28,2019-05-28 13:30:00,104.75,104.75,104.67,104.67,-0.08,0.8,84.0,-1
2019-05-28,2019-05-28 13:40:00,104.67,104.67,104.58,104.58,-0.09,0.8,84.0,-1
2019-05-28,2019-05-28 13:50:00,104.58,104.58,104.5,104.5,-0.08,0.8,84.0,-1
2019-05-28,2019-05-28 14:00:00,104.5,104.5,104.42,104.42,-0.08,0.8,84.0,-1
2019-05-28,2019-05-28 14:10:00,104.42,104.42,104.33,104.33,-0.09,0.8,84.0,-1
2019-05-28,2019-05-28 14:20:00,104.33,104.33,104.25,104.25,-0.08,0.8,84.0,-1
2019-05-28,2019-05-28 14:30:00,104.25,104.25,104.17,104.17,-0.08,0.8,84.0,-1
2019-05-28,2019-05-28 14:40:00,104.17,104.17,104.08,104.08,-0.09,0.8,84.0,-1
2019-05-28,2019-05-28 14:50:00,104.08,104.08,104.0,104.0,-0.08,0.8,84.0,-1
2019-05-28,2019-05-28 15:00:00,104.0,106.0,104.0,104.0,0.0,0.8,84.0,0
2019-05-29,2019-05-29 11:00:00,99.0,99.0,97.5,98.79,-0.21,100.2,9434.8,-1
2019-05-29,2019-05-29 11:10:00,98.79,98.79,98.58,98.58,-0.21,100.2,9434.8,-1
2019-05-29,2019-05-29 11:20:00,98.58,98.58,98.38,98.38,-0.2,100.2,9434.8,-1
2019-05-29,2019-05-29 11:30:00,98.38,98.38,98.17,98.17,-0.21,100.2,9434.8,-1
2019-05-29,2019-05-29 11:40:00,98.17,98.17,97.96,97.96,-0.21,100.2,9434.8,-1
2019-05-29,2019-05-29 11:50:00,97.96,97.96,97.75,97.75,-0.21,100.2,9434.8,-1
2019-05-29,2019-05-29 12:00:00,97.75,97.75,97.54,97.54,-0.21,100.2,9434.8,-1
2019-05-29,2019-05-29 12:10:00,97.54,97.54,97.33,97.33,-0.22,100.2,9434.8,-1
2019-05-29,2019-05-29 12:20:00,97.33,97.33,97.12,97.12,-0.22,100.2,9434.8,-1
2019-05-29,2019-05-29 12:30:00,97.12,97.12,96.92,96.92,-0.21,100.2,9434.8,-1
2019-05-29,2019-05-29 12:40:00,96.92,96.92,96.71,96.71,-0.22,100.2,9434.8,-1
2019-05-29,2019-05-29 12:50:00,96.71,96.71,96.5,96.5,-0.22,100.2,9434.8,-1
2019-05-29,2019-05-29 13:00:00,96.5,99.0,94.0,96.29,-0.22,100.2,9434.8,-1
2019-05-29,2019-05-29 13:10:00,96.29,96.29,96.08,96.08,-0.22,100.2,9434.8,-1
2019-05-29,2019-05-29 13:20:00,96.08,96.08,95.88,95.88,-0.21,100.2,9434.8,-1
2019-05-29,2019-05-29 13:30:00,95.88,95.88,95.67,95.67,-0.22,100.2,9434.8,-1
2019-05-29,2019-05-29 13:40:00,95.67,95.67,95.46,95.46,-0.22,100.2,9434.8,-1
2019-05-29,2019-05-29 13:50:00,95.46,95.46,95.25,95.25,-0.22,100.2,9434.8,-1
2019-05-29,2019-05-29 14:00:00,95.25,95.25,95.04,95.04,-0.22,100.2,9434.8,-1
2019-05-29,2019-05-29 14:10:00,95.04,95.04,94.83,94.83,-0.22,100.2,9434.8,-1
2019-05-29,2019-05-29 14:20:00,94.83,94.83,94.62,94.62,-0.22,100.2,9434.8,-1
2019-05-29,2019-05-29 14:30:00,94.62,94.62,94.42,94.42,-0.21,100.2,9434.8,-1
2019-05-29,2019-05-29 14:40:00,94.42,94.42,94.21,94.21,-0.22,100.2,9434.8,-1
2019-05-29,2019-05-29 14:50:00,94.21,94.21,94.0,94.0,-0.22,100.2,9434.8,-1
2019-05-29,2019-05-29 15:00:00,94.0,99.0,94.0,94.0,0.0,100.2,9434.8,0
2019-05-30,2019-05-30 11:00:00,95.0,95.9,94.4,94.96,-0.04,183.44,17425.6,-1
2019-05-30,2019-05-30 11:10:00,94.96,94.96,94.92,94.92,-0.04,183.44,17425.6,-1
2019-05-30,2019-05-30 11:20:00,94.92,94.92,94.88,94.88,-0.04,183.44,17425.6,-1
2019-05-30,2019-05-30 11:30:00,94.88,94.88,94.83,94.83,-0.05,183.44,17425.6,-1
2019-05-30,2019-05-30 11:40:00,94.83,94.83,94.79,94.79,-0.04,183.44,17425.6,-1
2019-05-30,2019-05-30 11:50:00,94.79,94.79,94.75,94.75,-0.04,183.44,17425.6,-1
2019-05-30,2019-05-30 12:00:00,94.75,94.75,94.71,94.71,-0.04,183.44,17425.6,-1
2019-05-30,2019-05-30 12:10:00,94.71,94.71,94.67,94.67,-0.04,183.44,17425.6,-1
2019-05-30,2019-05-30 12:20:00,94.67,94.67,94.62,94.62,-0.05,183.44,17425.6,-1
2019-05-30,2019-05-30 12:30:00,94.62,94.62,94.58,94.58,-0.04,183.44,17425.6,-1
2019-05-30,2019-05-30 12:40:00,94.58,94.58,94.54,94.54,-0.04,183.44,17425.6,-1
2019-05-30,2019-05-30 12:50:00,94.54,94.54,94.5,94.5,-0.04,183.44,17425.6,-1
2019-05-30,2019-05-30 13:00:00,94.5,98.0,93.0,94.46,-0.04,183.44,17425.6,-1
2019-05-30,2019-05-30 13:10:00,94.46,94.46,94.42,94.42,-0.04,183.44,17425.6,-1
2019-05-30,2019-05-30 13:20:00,94.42,94.42,94.38,94.38,-0.04,183.44,17425.6,-1
2019-05-30,2019-05-30 13:30:00,94.38,94.38,94.33,94.33,-0.05,183.44,17425.6,-1
2019-05-30,2019-05-30 13:40:00,94.33,94.33,94.29,94.29,-0.04,183.44,17425.6,-1
2019-05-30,2019-05-30 13:50:00,94.29,94.29,94.25,94.25,-0.04,183.44,17425.6,-1
2019-05-30,2019-05-30 14:00:00,94.25,94.25,94.21,94.21,-0.04,183.44,17425.6,-1
2019-05-30,2019-05-30 14:10:00,94.21,94.21,94.17,94.17,-0.04,183.44,17425.6,-1
2019-05-30,2019-05-30 14:20:00,94.17,94.17,94.12,94.12,-0.05,183.44,17425.6,-1
2019-05-30,2019-05-30 14:30:00,94.12,94.12,94.08,94.08,-0.04,183.44,17425.6,-1
2019-05-30,2019-05-30 14:40:00,94.08,94.08,94.04,94.04,-0.04,183.44,17425.6,-1
2019-05-30,2019-05-30 14:50:00,94.04,94.04,94.0,94.0,-0.04,183.44,17425.6,-1
2019-05-30,2019-05-30 15:00:00,94.0,98.0,93.0,94.0,0.0,183.44,17425.6,0
2019-06-02,2019-06-02 11:00:00,95.0,95.0,93.8,95.0,0.0,44.0,4115.6,0
2019-06-02,2019-06-02 11:10:00,95.0,95.0,95.0,95.0,0.0,44.0,4115.6,0
2019-06-02,2019-06-02 11:20:00,95.0,95.0,95.0,95.0,0.0,44.0,4115.6,0
2019-06-02,2019-06-02 11:30:00,95.0,95.0,95.0,95.0,0.0,44.0,4115.6,0
2019-06-02,2019-06-02 11:40:00,95.0,95.0,95.0,95.0,0.0,44.0,4115.6,0
2019-06-02,2019-06-02 11:50:00,95.0,95.0,95.0,95.0,0.0,44.0,4115.6,0
2019-06-02,2019-06-02 12:00:00,95.0,95.0,95.0,95.0,0.0,44.0,4115.6,0
2019-06-02,2019-06-02 12:10:00,95.0,95.0,95.0,95.0,0.0,44.0,4115.6,0
2019-06-02,2019-06-02 12:20:00,95.0,95.0,95.0,95.0,0.0,44.0,4115.6,0
2019-06-02,2019-06-02 12:30:00,95.0,95.0,95.0,95.0,0.0,44.0,4115.6,0
2019-06-02,2019-06-02 12:40:00,95.0,95.0,95.0,95.0,0.0,44.0,4115.6,0
2019-06-02,2019-06-02 12:50:00,95.0,95.0,95.0,95.0,0.0,44.0,4115.6,0
2019-06-02,2019-06-02 13:00:00,95.0,95.0,91.0,95.0,0.0,44.0,4115.6,0
2019-06-02,2019-06-02 13:10:00,95.0,95.0,95.0,95.0,0.0,44.0,4115.6,0
2019-06-02,2019-06-02 13:20:00,95.0,95.0,95.0,95.0,0.0,44.0,4115.6,0
2019-06-02,2019-06-02 13:30:00,95.0,95.0,95.0,95.0,0.0,44.0,4115.6,0
2019-06-02,2019-06-02 13:40:00,95.0,95.0,95.0,95.0,0.0,44.0,4115.6,0
2019-06-02,2019-06-02 13:50:00,95.0,95.0,95.0,95.0,0.0,44.0,4115.6,0
2019-06-02,2019-06-02 14:00:00,95.0,95.0,95.0,95.0,0.0,44.0,4115.6,0
2019-06-02,2019-06-02 14:10:00,95.0,95.0,95.0,95.0,0.0,44.0,4115.6,0
2019-06-02,2019-06-02 14:20:00,95.0,95.0,95.0,95.0,0.0,44.0,4115.6,0
2019-06-02,2019-06-02 14:30:00,95.0,95.0,95.0,95.0,0.0,44.0,4115.6,0
2019-06-02,2019-06-02 14:40:00,95.0,95.0,95.0,95.0,0.0,44.0,4115.6,0
2019-06-02,2019-06-02 14:50:00,95.0,95.0,95.0,95.0,0.0,44.0,4115.6,0
2019-06-02,2019-06-02 15:00:00,95.0,95.0,91.0,95.0,0.0,44.0,4115.6,0
2019-06-03,2019-06-03 11:00:00,94.0,94.0,94.0,94.0,0.0,0.8,75.2,0
2019-06-03,2019-06-03 11:10:00,94.0,94.0,94.0,94.0,0.0,0.8,75.2,0
2019-06-03,2019-06-03 11:20:00,94.0,94.0,94.0,94.0,0.0,0.8,75.2,0
2019-06-03,2019-06-03 11:30:00,94.0,94.0,94.0,94.0,0.0,0.8,75.2,0
2019-06-03,2019-06-03 11:40:00,94.0,94.0,94.0,94.0,0.0,0.8,75.2,0
2019-06-03,2019-06-03 11:50:00,94.0,94.0,94.0,94.0,0.0,0.8,75.2,0
2019-06-03,2019-06-03 12:00:00,94.0,94.0,94.0,94.0,0.0,0.8,75.2,0
2019-06-03,2019-06-03 12:10:00,94.0,94.0,94.0,94.0,0.0,0.8,75.2,0
2019-06-03,2019-06-03 12:20:00,94.0,94.0,94.0,94.0,0.0,0.8,75.2,0
2019-06-03,2019-06-03 12:30:00,94.0,94.0,94.0,94.0,0.0,0.8,75.2,0
2019-06-03,2019-06-03 12:40:00,94.0,94.0,94.0,94.0,0.0,0.8,75.2,0
2019-06-03,2019-06-03 12:50:00,94.0,94.0,94.0,94.0,0.0,0.8,75.2,0
2019-06-03,2019-06-03 13:00:00,94.0,94.0,94.0,94.0,0.0,0.8,75.2,0
2019-06-03,2019-06-03 13:10:00,94.0,94.0,94.0,94.0,0.0,0.8,75.2,0
2019-06-03,2019-06-03 13:20:00,94.0,94.0,94.0,94.0,0.0,0.8,75.2,0
2019-06-03,2019-06-03 13:30:00,94.0,94.0,94.0,94.0,0.0,0.8,75.2,0
2019-06-03,2019-06-03 13:40:00,94.0,94.0,94.0,94.0,0.0,0.8,75.2,0
2019-06-03,2019-06-03 13:50:00,94.0,94.0,94.0,94.0,0.0,0.8,75.2,0
2019-06-03,2019-06-03 14:00:00,94.0,94.0,94.0,94.0,0.0,0.8,75.2,0
2019-06-03,2019-06-03 14:10:00,94.0,94.0,94.0,94.0,0.0,0.8,75.2,0
2019-06-03,2019-06-03 14:20:00,94.0,94.0,94.0,94.0,0.0,0.8,75.2,0
2019-06-03,2019-06-03 14:30:00,94.0,94.0,94.0,94.0,0.0,0.8,75.2,0
2019-06-03,2019-06-03 14:40:00,94.0,94.0,94.0,94.0,0.0,0.8,75.2,0
2019-06-03,2019-06-03 14:50:00,94.0,94.0,94.0,94.0,0.0,0.8,75.2,0
2019-06-03,2019-06-03 15:00:00,94.0,94.0,94.0,94.0,0.0,0.8,75.2,0
2019-06-04,2019-06-04 11:00:00,93.0,93.0,91.5,92.79,-0.23,72.0,6520.8,-1
2019-06-04,2019-06-04 11:10:00,92.79,92.79,92.58,92.58,-0.23,72.0,6520.8,-1
2019-06-04,2019-06-04 11:20:00,92.58,92.58,92.38,92.38,-0.22,72.0,6520.8,-1
2019-06-04,2019-06-04 11:30:00,92.38,92.38,92.17,92.17,-0.23,72.0,6520.8,-1
2019-06-04,2019-06-04 11:40:00,92.17,92.17,91.96,91.96,-0.23,72.0,6520.8,-1
2019-06-04,2019-06-04 11:50:00,91.96,91.96,91.75,91.75,-0.23,72.0,6520.8,-1
2019-06-04,2019-06-04 12:00:00,91.75,91.75,91.54,91.54,-0.23,72.0,6520.8,-1
2019-06-04,2019-06-04 12:10:00,91.54,91.54,91.33,91.33,-0.23,72.0,6520.8,-1
2019-06-04,2019-06-04 12:20:00,91.33,91.33,91.12,91.12,-0.23,72.0,6520.8,-1
2019-06-04,2019-06-04 12:30:00,91.12,91.12,90.92,90.92,-0.22,72.0,6520.8,-1
2019-06-04,2019-06-04 12:40:00,90.92,90.92,90.71,90.71,-0.23,72.0,6520.8,-1
2019-06-04,2019-06-04 12:50:00,90.71,90.71,90.5,90.5,-0.23,72.0,6520.8,-1
2019-06-04,2019-06-04 13:00:00,90.5,93.0,88.0,90.29,-0.23,72.0,6520.8,-1
2019-06-04,2019-06-04 13:10:00,90.29,90.29,90.08,90.08,-0.23,72.0,6520.8,-1
2019-06-04,2019-06-04 13:20:00,90.08,90.08,89.88,89.88,-0.22,72.0,6520.8,-1
2019-06-04,2019-06-04 13:30:00,89.88,89.88,89.67,89.67,-0.23,72.0,6520.8,-1
2019-06-04,2019-06-04 13:40:00,89.67,89.67,89.46,89.46,-0.23,72.0,6520.8,-1
2019-06-04,2019-06-04 13:50:00,89.46,89.46,89.25,89.25,-0.23,72.0,6520.8,-1
2019-06-04,2019-06-04 14:00:00,89.25,89.25,89.04,89.04,-0.24,72.0,6520.8,-1
2019-06-04,2019-06-04 14:10:00,89.04,89.04,88.83,88.83,-0.24,72.0,6520.8,-1
2019-06-04,2019-06-04 14:20:00,88.83,88.83,88.62,88.62,-0.24,72.0,6520.8,-1
2019-06-04,2019-06-04 14:30:00,88.62,88.62,88.42,88.42,-0.23,72.0,6520.8,-1
2019-06-04,2019-06-04 14:40:00,88.42,88.42,88.21,88.21,-0.24,72.0,6520.8,-1
2019-06-04,2019-06-04 14:50:00,88.21,88.21,88.0,88.0,-0.24,72.0,6520.8,-1
2019-06-04,2019-06-04 15:00:00,88.0,93.0,88.0,88.0,0.0,72.0,6520.8,0
2019-06-06,2019-06-06 11:00:00,89.0,89.9,89.0,89.12,0.13,72.8,6574.0,1
2019-06-06,2019-06-06 11:10:00,89.12,89.25,89.12,89.25,0.15,72.8,6574.0,1
2019-06-06,2019-06-06 11:20:00,89.25,89.38,89.25,89.38,0.15,72.8,6574.0,1
2019-06-06,2019-06-06 11:30:00,89.38,89.5,89.38,89.5,0.13,72.8,6574.0,1
2019-06-06,2019-06-06 11:40:00,89.5,89.62,89.5,89.62,0.13,72.8,6574.0,1
2019-06-06,2019-06-06 11:50:00,89.62,89.75,89.62,89.75,0.15,72.8,6574.0,1
2019-06-06,2019-06-06 12:00:00,89.75,89.88,89.75,89.88,0.14,72.8,6574.0,1
2019-06-06,2019-06-06 12:10:00,89.88,90.0,89.88,90.0,0.13,72.8,6574.0,1
2019-06-06,2019-06-06 12:20:00,90.0,90.12,90.0,90.12,0.13,72.8,6574.0,1
2019-06-06,2019-06-06 12:30:00,90.12,90.25,90.12,90.25,0.14,72.8,6574.0,1
2019-06-06,2019-06-06 12:40:00,90.25,90.38,90.25,90.38,0.14,72.8,6574.0,1
2019-06-06,2019-06-06 12:50:00,90.38,90.5,90.38,90.5,0.13,72.8,6574.0,1
2019-06-06,2019-06-06 13:00:00,90.5,92.0,89.0,90.62,0.13,72.8,6574.0,1
2019-06-06,2019-06-06 13:10:00,90.62,90.75,90.62,90.75,0.14,72.8,6574.0,1
2019-06-06,2019-06-06 13:20:00,90.75,90.88,90.75,90.88,0.14,72.8,6574.0,1
2019-06-06,2019-06-06 13:30:00,90.88,91.0,90.88,91.0,0.13,72.8,6574.0,1
2019-06-06,2019-06-06 13:40:00,91.0,91.12,91.0,91.12,0.13,72.8,6574.0,1
2019-06-06,2019-06-06 13:50:00,91.12,91.25,91.12,91.25,0.14,72.8,6574.0,1
2019-06-06,2019-06-06 14:00:00,91.25,91.38,91.25,91.38,0.14,72.8,6574.0,1
2019-06-06,2019-06-06 14:10:00,91.38,91.5,91.38,91.5,0.13,72.8,6574.0,1
2019-06-06,2019-06-06 14:20:00,91.5,91.62,91.5,91.62,0.13,72.8,6574.0,1
2019-06-06,2019-06-06 14:30:00,91.62,91.75,91.62,91.75,0.14,72.8,6574.0,1
2019-06-06,2019-06-06 14:40:00,91.75,91.88,91.75,91.88,0.14,72.8,6574.0,1
2019-06-06,2019-06-06 14:50:00,91.88,92.0,91.88,92.0,0.13,72.8,6574.0,1
2019-06-06,2019-06-06 15:00:00,92.0,92.0,89.0,92.0,0.0,72.8,6574.0,0
2019-06-11,2019-06-11 11:00:00,91.0,92.5,91.0,91.12,0.13,144.4,13605.2,1
2019-06-11,2019-06-11 11:10:00,91.12,91.25,91.12,91.25,0.14,144.4,13605.2,1
2019-06-11,2019-06-11 11:20:00,91.25,91.38,91.25,91.38,0.14,144.4,13605.2,1
2019-06-11,2019-06-11 11:30:00,91.38,91.5,91.38,91.5,0.13,144.4,13605.2,1
2019-06-11,2019-06-11 11:40:00,91.5,91.62,91.5,91.62,0.13,144.4,13605.2,1
2019-06-11,2019-06-11 11:50:00,91.62,91.75,91.62,91.75,0.14,144.4,13605.2,1
2019-06-11,2019-06-11 12:00:00,91.75,91.88,91.75,91.88,0.14,144.4,13605.2,1
2019-06-11,2019-06-11 12:10:00,91.88,92.0,91.88,92.0,0.13,144.4,13605.2,1
2019-06-11,2019-06-11 12:20:00,92.0,92.12,92.0,92.12,0.13,144.4,13605.2,1
2019-06-11,2019-06-11 12:30:00,92.12,92.25,92.12,92.25,0.14,144.4,13605.2,1
2019-06-11,2019-06-11 12:40:00,92.25,92.38,92.25,92.38,0.14,144.4,13605.2,1
2019-06-11,2019-06-11 12:50:00,92.38,92.5,92.38,92.5,0.13,144.4,13605.2,1
2019-06-11,2019-06-11 13:00:00,92.5,96.0,91.0,92.62,0.13,144.4,13605.2,1
2019-06-11,2019-06-11 13:10:00,92.62,92.75,92.62,92.75,0.14,144.4,13605.2,1
2019-06-11,2019-06-11 13:20:00,92.75,92.88,92.75,92.88,0.14,144.4,13605.2,1
2019-06-11,2019-06-11 13:30:00,92.88,93.0,92.88,93.0,0.13,144.4,13605.2,1
2019-06-11,2019-06-11 13:40:00,93.0,93.12,93.0,93.12,0.13,144.4,13605.2,1
2019-06-11,2019-06-11 13:50:00,93.12,93.25,93.12,93.25,0.14,144.4,13605.2,1
2019-06-11,2019-06-11 14:00:00,93.25,93.38,93.25,93.38,0.14,144.4,13605.2,1
2019-06-11,2019-06-11 14:10:00,93.38,93.5,93.38,93.5,0.13,144.4,13605.2,1
2019-06-11,2019-06-11 14:20:00,93.5,93.62,93.5,93.62,0.13,144.4,13605.2,1
2019-06-11,2019-06-11 14:30:00,93.62,93.75,93.62,93.75,0.14,144.4,13605.2,1
2019-06-11,2019-06-11 14:40:00,93.75,93.88,93.75,93.88,0.14,144.4,13605.2,1
2019-06-11,2019-06-11 14:50:00,93.88,94.0,93.88,94.0,0.13,144.4,13605.2,1
2019-06-11,2019-06-11 15:00:00,94.0,96.0,91.0,94.0,0.0,144.4,13605.2,0
2019-06-12,2019-06-12 11:00:00,93.0,93.0,91.2,92.88,-0.13,31.6,2802.8,-1
2019-06-12,2019-06-12 11:10:00,92.88,92.88,92.75,92.75,-0.14,31.6,2802.8,-1
2019-06-12,2019-06-12 11:20:00,92.75,92.75,92.62,92.62,-0.14,31.6,2802.8,-1
2019-06-12,2019-06-12 11:30:00,92.62,92.62,92.5,92.5,-0.13,31.6,2802.8,-1
2019-06-12,2019-06-12 11:40:00,92.5,92.5,92.38,92.38,-0.13,31.6,2802.8,-1
2019-06-12,2019-06-12 11:50:00,92.38,92.38,92.25,92.25,-0.14,31.6,2802.8,-1
2019-06-12,2019-06-12 12:00:00,92.25,92.25,92.12,92.12,-0.14,31.6,2802.8,-1
2019-06-12,2019-06-12 12:10:00,92.12,92.12,92.0,92.0,-0.13,31.6,2802.8,-1
2019-06-12,2019-06-12 12:20:00,92.0,92.0,91.88,91.88,-0.13,31.6,2802.8,-1
2019-06-12,2019-06-12 12:30:00,91.88,91.88,91.75,91.75,-0.14,31.6,2802.8,-1
2019-06-12,2019-06-12 12:40:00,91.75,91.75,91.62,91.62,-0.14,31.6,2802.8,-1
2019-06-12,2019-06-12 12:50:00,91.62,91.62,91.5,91.5,-0.13,31.6,2802.8,-1
2019-06-12,2019-06-12 13:00:00,91.5,93.0,87.0,91.38,-0.13,31.6,2802.8,-1
2019-06-12,2019-06-12 13:10:00,91.38,91.38,91.25,91.25,-0.14,31.6,2802.8,-1
2019-06-12,2019-06-12 13:20:00,91.25,91.25,91.12,91.12,-0.14,31.6,2802.8,-1
2019-06-12,2019-06-12 13:30:00,91.12,91.12,91.0,91.0,-0.13,31.6,2802.8,-1
2019-06-12,2019-06-12 13:40:00,91.0,91.0,90.88,90.88,-0.13,31.6,2802.8,-1
2019-06-12,2019-06-12 13:50:00,90.88,90.88,90.75,90.75,-0.14,31.6,2802.8,-1
2019-06-12,2019-06-12 14:00:00,90.75,90.75,90.62,90.62,-0.14,31.6,2802.8,-1
2019-06-12,2019-06-12 14:10:00,90.62,90.62,90.5,90.5,-0.13,31.6,2802.8,-1
2019-06-12,2019-06-12 14:20:00,90.5,90.5,90.38,90.38,-0.13,31.6,2802.8,-1
2019-06-12,2019-06-12 14:30:00,90.38,90.38,90.25,90.25,-0.14,31.6,2802.8,-1
2019-06-12,2019-06-12 14:40:00,90.25,90.25,90.12,90.12,-0.14,31.6,2802.8,-1
2019-06-12,2019-06-12 14:50:00,90.12,90.12,90.0,90.0,-0.13,31.6,2802.8,-1
2019-06-12,2019-06-12 15:00:00,90.0,93.0,87.0,90.0,0.0,31.6,2802.8,0
2019-06-13,2019-06-13 11:00:00,89.0,89.0,87.8,88.92,-0.09,24.0,2073.2,-1
2019-06-13,2019-06-13 11:10:00,88.92,88.92,88.83,88.83,-0.1,24.0,2073.2,-1
2019-06-13,2019-06-13 11:20:00,88.83,88.83,88.75,88.75,-0.09,24.0,2073.2,-1
2019-06-13,2019-06-13 11:30:00,88.75,88.75,88.67,88.67,-0.09,24.0,2073.2,-1
2019-06-13,2019-06-13 11:40:00,88.67,88.67,88.58,88.58,-0.1,24.0,2073.2,-1
2019-06-13,2019-06-13 11:50:00,88.58,88.58,88.5,88.5,-0.09,24.0,2073.2,-1
2019-06-13,2019-06-13 12:00:00,88.5,88.5,88.42,88.42,-0.09,24.0,2073.2,-1
2019-06-13,2019-06-13 12:10:00,88.42,88.42,88.33,88.33,-0.1,24.0,2073.2,-1
2019-06-13,2019-06-13 12:20:00,88.33,88.33,88.25,88.25,-0.09,24.0,2073.2,-1
2019-06-13,2019-06-13 12:30:00,88.25,88.25,88.17,88.17,-0.09,24.0,2073.2,-1
2019-06-13,2019-06-13 12:40:00,88.17,88.17,88.08,88.08,-0.1,24.0,2073.2,-1
2019-06-13,2019-06-13 12:50:00,88.08,88.08,88.0,88.0,-0.09,24.0,2073.2,-1
2019-06-13,2019-06-13 13:00:00,88.0,89.0,85.0,87.92,-0.09,24.0,2073.2,-1
2019-06-13,2019-06-13 13:10:00,87.92,87.92,87.83,87.83,-0.1,24.0,2073.2,-1
2019-06-13,2019-06-13 13:20:00,87.83,87.83,87.75,87.75,-0.09,24.0,2073.2,-1
2019-06-13,2019-06-13 13:30:00,87.75,87.75,87.67,87.67,-0.09,24.0,2073.2,-1
2019-06-13,2019-06-13 13:40:00,87.67,87.67,87.58,87.58,-0.1,24.0,2073.2,-1
2019-06-13,2019-06-13 13:50:00,87.58,87.58,87.5,87.5,-0.09,24.0,2073.2,-1
2019-06-13,2019-06-13 14:00:00,87.5,87.5,87.42,87.42,-0.09,24.0,2073.2,-1
2019-06-13,2019-06-13 14:10:00,87.42,87.42,87.33,87.33,-0.1,24.0,2073.2,-1
2019-06-13,2019-06-13 14:20:00,87.33,87.33,87.25,87.25,-0.09,24.0,2073.2,-1
2019-06-13,2019-06-13 14:30:00,87.25,87.25,87.17,87.17,-0.09,24.0,2073.2,-1
2019-06-13,2019-06-13 14:40:00,87.17,87.17,87.08,87.08,-0.1,24.0,2073.2,-1
2019-06-13,2019-06-13 14:50:00,87.08,87.08,87.0,87.0,-0.09,24.0,2073.2,-1
2019-06-13,2019-06-13 15:00:00,87.0,89.0,85.0,87.0,0.0,24.0,2073.2,0
2019-06-16,2019-06-16 11:00:00,86.0,86.0,85.4,86.0,0.0,26.4,2240.4,0
2019-06-16,2019-06-16 11:10:00,86.0,86.0,86.0,86.0,0.0,26.4,2240.4,0
2019-06-16,2019-06-16 11:20:00,86.0,86.0,86.0,86.0,0.0,26.4,2240.4,0
2019-06-16,2019-06-16 11:30:00,86.0,86.0,86.0,86.0,0.0,26.4,2240.4,0
2019-06-16,2019-06-16 11:40:00,86.0,86.0,86.0,86.0,0.0,26.4,2240.4,0
2019-06-16,2019-06-16 11:50:00,86.0,86.0,86.0,86.0,0.0,26.4,2240.4,0
2019-06-16,2019-06-16 12:00:00,86.0,86.0,86.0,86.0,0.0,26.4,2240.4,0
2019-06-16,2019-06-16 12:10:00,86.0,86.0,86.0,86.0,0.0,26.4,2240.4,0
2019-06-16,2019-06-16 12:20:00,86.0,86.0,86.0,86.0,0.0,26.4,2240.4,0
2019-06-16,2019-06-16 12:30:00,86.0,86.0,86.0,86.0,0.0,26.4,2240.4,0
2019-06-16,2019-06-16 12:40:00,86.0,86.0,86.0,86.0,0.0,26.4,2240.4,0
2019-06-16,2019-06-16 12:50:00,86.0,86.0,86.0,86.0,0.0,26.4,2240.4,0
2019-06-16,2019-06-16 13:00:00,86.0,86.0,84.0,86.0,0.0,26.4,2240.4,0
2019-06-16,2019-06-16 13:10:00,86.0,86.0,86.0,86.0,0.0,26.4,2240.4,0
2019-06-16,2019-06-16 13:20:00,86.0,86.0,86.0,86.0,0.0,26.4,2240.4,0
2019-06-16,2019-06-16 13:30:00,86.0,86.0,86.0,86.0,0.0,26.4,2240.4,0
2019-06-16,2019-06-16 13:40:00,86.0,86.0,86.0,86.0,0.0,26.4,2240.4,0
2019-06-16,2019-06-16 13:50:00,86.0,86.0,86.0,86.0,0.0,26.4,2240.4,0
2019-06-16,2019-06-16 14:00:00,86.0,86.0,86.0,86.0,0.0,26.4,2240.4,0
2019-06-16,2019-06-16 14:10:00,86.0,86.0,86.0,86.0,0.0,26.4,2240.4,0
2019-06-16,2019-06-16 14:20:00,86.0,86.0,86.0,86.0,0.0,26.4,2240.4,0
2019-06-16,2019-06-16 14:30:00,86.0,86.0,86.0,86.0,0.0,26.4,2240.4,0
2019-06-16,2019-06-16 14:40:00,86.0,86.0,86.0,86.0,0.0,26.4,2240.4,0
2019-06-16,2019-06-16 14:50:00,86.0,86.0,86.0,86.0,0.0,26.4,2240.4,0
2019-06-16,2019-06-16 15:00:00,86.0,86.0,84.0,86.0,0.0,26.4,2240.4,0
2019-06-17,2019-06-17 11:00:00,85.0,85.0,84.4,84.96,-0.05,19.2,1616.8,-1
2019-06-17,2019-06-17 11:10:00,84.96,84.96,84.92,84.92,-0.05,19.2,1616.8,-1
2019-06-17,2019-06-17 11:20:00,84.92,84.92,84.88,84.88,-0.05,19.2,1616.8,-1
2019-06-17,2019-06-17 11:30:00,84.88,84.88,84.83,84.83,-0.06,19.2,1616.8,-1
2019-06-17,2019-06-17 11:40:00,84.83,84.83,84.79,84.79,-0.05,19.2,1616.8,-1
2019-06-17,2019-06-17 11:50:00,84.79,84.79,84.75,84.75,-0.05,19.2,1616.8,-1
2019-06-17,2019-06-17 12:00:00,84.75,84.75,84.71,84.71,-0.05,19.2,1616.8,-1
2019-06-17,2019-06-17 12:10:00,84.71,84.71,84.67,84.67,-0.05,19.2,1616.8,-1
2019-06-17,2019-06-17 12:20:00,84.67,84.67,84.62,84.62,-0.06,19.2,1616.8,-1
2019-06-17,2019-06-17 12:30:00,84.62,84.62,84.58,84.58,-0.05,19.2,1616.8,-1
2019-06-17,2019-06-17 12:40:00,84.58,84.58,84.54,84.54,-0.05,19.2,1616.8,-1
2019-06-17,2019-06-17 12:50:00,84.54,84.54,84.5,84.5,-0.05,19.2,1616.8,-1
2019-06-17,2019-06-17 13:00:00,84.5,85.0,83.0,84.46,-0.05,19.2,1616.8,-1
2019-06-17,2019-06-17 13:10:00,84.46,84.46,84.42,84.42,-0.05,19.2,1616.8,-1
2019-06-17,2019-06-17 13:20:00,84.42,84.42,84.38,84.38,-0.05,19.2,1616.8,-1
2019-06-17,2019-06-17 13:30:00,84.38,84.38,84.33,84.33,-0.06,19.2,1616.8,-1
2019-06-17,2019-06-17 13:40:00,84.33,84.33,84.29,84.29,-0.05,19.2,1616.8,-1
2019-06-17,2019-06-17 13:50:00,84.29,84.29,84.25,84.25,-0.05,19.2,1616.8,-1
2019-06-17,2019-06-17 14:00:00,84.25,84.25,84.21,84.21,-0.05,19.2,1616.8,-1
2019-06-17,2019-06-17 14:10:00,84.21,84.21,84.17,84.17,-0.05,19.2,1616.8,-1
2019-06-17,2019-06-17 14:20:00,84.17,84.17,84.12,84.12,-0.06,19.2,1616.8,-1
2019-06-17,2019-06-17 14:30:00,84.12,84.12,84.08,84.08,-0.05,19.2,1616.8,-1
2019-06-17,2019-06-17 14:40:00,84.08,84.08,84.04,84.04,-0.05,19.2,1616.8,-1
2019-06-17,2019-06-17 14:50:00,84.04,84.04,84.0,84.0,-0.05,19.2,1616.8,-1
2019-06-17,2019-06-17 15:00:00,84.0,85.0,83.0,84.0,0.0,19.2,1616.8,0
2019-06-18,2019-06-18 11:00:00,83.0,83.3,83.0,83.04,0.05,19.2,1608.8,1
2019-06-18,2019-06-18 11:10:00,83.04,83.08,83.04,83.08,0.05,19.2,1608.8,1
2019-06-18,2019-06-18 11:20:00,83.08,83.12,83.08,83.12,0.05,19.2,1608.8,1
2019-06-18,2019-06-18 11:30:00,83.12,83.17,83.12,83.17,0.06,19.2,1608.8,1
2019-06-18,2019-06-18 11:40:00,83.17,83.21,83.17,83.21,0.05,19.2,1608.8,1
2019-06-18,2019-06-18 11:50:00,83.21,83.25,83.21,83.25,0.05,19.2,1608.8,1
2019-06-18,2019-06-18 12:00:00,83.25,83.29,83.25,83.29,0.05,19.2,1608.8,1
2019-06-18,2019-06-18 12:10:00,83.29,83.33,83.29,83.33,0.05,19.2,1608.8,1
2019-06-18,2019-06-18 12:20:00,83.33,83.38,83.33,83.38,0.06,19.2,1608.8,1
2019-06-18,2019-06-18 12:30:00,83.38,83.42,83.38,83.42,0.05,19.2,1608.8,1
2019-06-18,2019-06-18 12:40:00,83.42,83.46,83.42,83.46,0.05,19.2,1608.8,1
2019-06-18,2019-06-18 12:50:00,83.46,83.5,83.46,83.5,0.05,19.2,1608.8,1
2019-06-18,2019-06-18 13:00:00,83.5,84.0,83.0,83.54,0.05,19.2,1608.8,1
2019-06-18,2019-06-18 13:10:00,83.54,83.58,83.54,83.58,0.05,19.2,1608.8,1
2019-06-18,2019-06-18 13:20:00,83.58,83.62,83.58,83.62,0.05,19.2,1608.8,1
2019-06-18,2019-06-18 13:30:00,83.62,83.67,83.62,83.67,0.06,19.2,1608.8,1
2019-06-18,2019-06-18 13:40:00,83.67,83.71,83.67,83.71,0.05,19.2,1608.8,1
2019-06-18,2019-06-18 13:50:00,83.71,83.75,83.71,83.75,0.05,19.2,1608.8,1
2019-06-18,2019-06-18 14:00:00,83.75,83.79,83.75,83.79,0.05,19.2,1608.8,1
2019-06-18,2019-06-18 14:10:00,83.79,83.83,83.79,83.83,0.05,19.2,1608.8,1
2019-06-18,2019-06-18 14:20:00,83.83,83.88,83.83,83.88,0.06,19.2,1608.8,1
2019-06-18,2019-06-18 14:30:00,83.88,83.92,83.88,83.92,0.05,19.2,1608.8,1
2019-06-18,2019-06-18 14:40:00,83.92,83.96,83.92,83.96,0.05,19.2,1608.8,1
2019-06-18,2019-06-18 14:50:00,83.96,84.0,83.96,84.0,0.05,19.2,1608.8,1
2019-06-18,2019-06-18 15:00:00,84.0,84.0,83.0,84.0,0.0,19.2,1608.8,0
2019-06-19,2019-06-19 11:00:00,83.0,83.6,83.0,83.04,0.05,10.4,872.0,1
2019-06-19,2019-06-19 11:10:00,83.04,83.08,83.04,83.08,0.05,10.4,872.0,1
2019-06-19,2019-06-19 11:20:00,83.08,83.12,83.08,83.12,0.05,10.4,872.0,1
2019-06-19,2019-06-19 11:30:00,83.12,83.17,83.12,83.17,0.06,10.4,872.0,1
2019-06-19,2019-06-19 11:40:00,83.17,83.21,83.17,83.21,0.05,10.4,872.0,1
2019-06-19,2019-06-19 11:50:00,83.21,83.25,83.21,83.25,0.05,10.4,872.0,1
2019-06-19,2019-06-19 12:00:00,83.25,83.29,83.25,83.29,0.05,10.4,872.0,1
2019-06-19,2019-06-19 12:10:00,83.29,83.33,83.29,83.33,0.05,10.4,872.0,1
2019-06-19,2019-06-19 12:20:00,83.33,83.38,83.33,83.38,0.06,10.4,872.0,1
2019-06-19,2019-06-19 12:30:00,83.38,83.42,83.38,83.42,0.05,10.4,872.0,1
2019-06-19,2019-06-19 12:40:00,83.42,83.46,83.42,83.46,0.05,10.4,872.0,1
2019-06-19,2019-06-19 12:50:00,83.46,83.5,83.46,83.5,0.05,10.4,872.0,1
2019-06-19,2019-06-19 13:00:00,83.5,85.0,83.0,83.54,0.05,10.4,872.0,1
2019-06-19,2019-06-19 13:10:00,83.54,83.58,83.54,83.58,0.05,10.4,872.0,1
2019-06-19,2019-06-19 13:20:00,83.58,83.62,83.58,83.62,0.05,10.4,872.0,1
2019-06-19,2019-06-19 13:30:00,83.62,83.67,83.62,83.67,0.06,10.4,872.0,1
2019-06-19,2019-06-19 13:40:00,83.67,83.71,83.67,83.71,0.05,10.4,872.0,1
2019-06-19,2019-06-19 13:50:00,83.71,83.75,83.71,83.75,0.05,10.4,872.0,1
2019-06-19,2019-06-19 14:00:00,83.75,83.79,83.75,83.79,0.05,10.4,872.0,1
2019-06-19,2019-06-19 14:10:00,83.79,83.83,83.79,83.83,0.05,10.4,872.0,1
2019-06-19,2019-06-19 14:20:00,83.83,83.88,83.83,83.88,0.06,10.4,872.0,1
2019-06-19,2019-06-19 14:30:00,83.88,83.92,83.88,83.92,0.05,10.4,872.0,1
2019-06-19,2019-06-19 14:40:00,83.92,83.96,83.92,83.96,0.05,10.4,872.0,1
2019-06-19,2019-06-19 14:50:00,83.96,84.0,83.96,84.0,0.05,10.4,872.0,1
2019-06-19,2019-06-19 15:00:00,84.0,85.0,83.0,84.0,0.0,10.4,872.0,0
2019-06-20,2019-06-20 11:00:00,80.0,81.5,80.0,80.17,0.21,18.8,1542.0,1
2019-06-20,2019-06-20 11:10:00,80.17,80.33,80.17,80.33,0.2,18.8,1542.0,1
2019-06-20,2019-06-20 11:20:00,80.33,80.5,80.33,80.5,0.21,18.8,1542.0,1
2019-06-20,2019-06-20 11:30:00,80.5,80.67,80.5,80.67,0.21,18.8,1542.0,1
2019-06-20,2019-06-20 11:40:00,80.67,80.83,80.67,80.83,0.2,18.8,1542.0,1
2019-06-20,2019-06-20 11:50:00,80.83,81.0,80.83,81.0,0.21,18.8,1542.0,1
2019-06-20,2019-06-20 12:00:00,81.0,81.17,81.0,81.17,0.21,18.8,1542.0,1
2019-06-20,2019-06-20 12:10:00,81.17,81.33,81.17,81.33,0.2,18.8,1542.0,1
2019-06-20,2019-06-20 12:20:00,81.33,81.5,81.33,81.5,0.21,18.8,1542.0,1
2019-06-20,2019-06-20 12:30:00,81.5,81.67,81.5,81.67,0.21,18.8,1542.0,1
2019-06-20,2019-06-20 12:40:00,81.67,81.83,81.67,81.83,0.2,18.8,1542.0,1
2019-06-20,2019-06-20 12:50:00,81.83,82.0,81.83,82.0,0.21,18.8,1542.0,1
2019-06-20,2019-06-20 13:00:00,82.0,85.0,80.0,82.17,0.21,18.8,1542.0,1
2019-06-20,2019-06-20 13:10:00,82.17,82.33,82.17,82.33,0.19,18.8,1542.0,1
2019-06-20,2019-06-20 13:20:00,82.33,82.5,82.33,82.5,0.21,18.8,1542.0,1
2019-06-20,2019-06-20 13:30:00,82.5,82.67,82.5,82.67,0.21,18.8,1542.0,1
2019-06-20,2019-06-20 13:40:00,82.67,82.83,82.67,82.83,0.19,18.8,1542.0,1
2019-06-20,2019-06-20 13:50:00,82.83,83.0,82.83,83.0,0.21,18.8,1542.0,1
2019-06-20,2019-06-20 14:00:00,83.0,83.17,83.0,83.17,0.2,18.8,1542.0,1
2019-06-20,2019-06-20 14:10:00,83.17,83.33,83.17,83.33,0.19,18.8,1542.0,1
2019-06-20,2019-06-20 14:20:00,83.33,83.5,83.33,83.5,0.2,18.8,1542.0,1
2019-06-20,2019-06-20 14:30:00,83.5,83.67,83.5,83.67,0.2,18.8,1542.0,1
2019-06-20,2019-06-20 14:40:00,83.67,83.83,83.67,83.83,0.19,18.8,1542.0,1
2019-06-20,2019-06-20 14:50:00,83.83,84.0,83.83,84.0,0.2,18.8,1542.0,1
2019-06-20,2019-06-20 15:00:00,84.0,85.0,80.0,84.0,0.0,18.8,1542.0,0
2019-06-23,2019-06-23 11:00:00,83.0,83.3,82.7,83.0,0.0,25.6,2121.6,0
2019-06-23,2019-06-23 11:10:00,83.0,83.0,83.0,83.0,0.0,25.6,2121.6,0
2019-06-23,2019-06-23 11:20:00,83.0,83.0,83.0,83.0,0.0,25.6,2121.6,0
2019-06-23,2019-06-23 11:30:00,83.0,83.0,83.0,83.0,0.0,25.6,2121.6,0
2019-06-23,2019-06-23 11:40:00,83.0,83.0,83.0,83.0,0.0,25.6,2121.6,0
2019-06-23,2019-06-23 11:50:00,83.0,83.0,83.0,83.0,0.0,25.6,2121.6,0
2019-06-23,2019-06-23 12:00:00,83.0,83.0,83.0,83.0,0.0,25.6,2121.6,0
2019-06-23,2019-06-23 12:10:00,83.0,83.0,83.0,83.0,0.0,25.6,2121.6,0
2019-06-23,2019-06-23 12:20:00,83.0,83.0,83.0,83.0,0.0,25.6,2121.6,0
2019-06-23,2019-06-23 12:30:00,83.0,83.0,83.0,83.0,0.0,25.6,2121.6,0
2019-06-23,2019-06-23 12:40:00,83.0,83.0,83.0,83.0,0.0,25.6,2121.6,0
2019-06-23,2019-06-23 12:50:00,83.0,83.0,83.0,83.0,0.0,25.6,2121.6,0
2019-06-23,2019-06-23 13:00:00,83.0,84.0,82.0,83.0,0.0,25.6,2121.6,0
2019-06-23,2019-06-23 13:10:00,83.0,83.0,83.0,83.0,0.0,25.6,2121.6,0
2019-06-23,2019-06-23 13:20:00,83.0,83.0,83.0,83.0,0.0,25.6,2121.6,0
2019-06-23,2019-06-23 13:30:00,83.0,83.0,83.0,83.0,0.0,25.6,2121.6,0
2019-06-23,2019-06-23 13:40:00,83.0,83.0,83.0,83.0,0.0,25.6,2121.6,0
2019-06-23,2019-06-23 13:50:00,83.0,83.0,83.0,83.0,0.0,25.6,2121.6,0
2019-06-23,2019-06-23 14:00:00,83.0,83.0,83.0,83.0,0.0,25.6,2121.6,0
2019-06-23,2019-06-23 14:10:00,83.0,83.0,83.0,83.0,0.0,25.6,2121.6,0
2019-06-23,2019-06-23 14:20:00,83.0,83.0,83.0,83.0,0.0,25.6,2121.6,0
2019-06-23,2019-06-23 14:30:00,83.0,83.0,83.0,83.0,0.0,25.6,2121.6,0
2019-06-23,2019-06-23 14:40:00,83.0,83.0,83.0,83.0,0.0,25.6,2121.6,0
2019-06-23,2019-06-23 14:50:00,83.0,83.0,83.0,83.0,0.0,25.6,2121.6,0
2019-06-23,2019-06-23 15:00:00,83.0,84.0,82.0,83.0,0.0,25.6,2121.6,0
2019-06-24,2019-06-24 11:00:00,82.0,82.3,81.4,82.04,0.05,30.4,2484.8,1
2019-06-24,2019-06-24 11:10:00,82.04,82.08,82.04,82.08,0.05,30.4,2484.8,1
2019-06-24,2019-06-24 11:20:00,82.08,82.12,82.08,82.12,0.05,30.4,2484.8,1
2019-06-24,2019-06-24 11:30:00,82.12,82.17,82.12,82.17,0.06,30.4,2484.8,1
2019-06-24,2019-06-24 11:40:00,82.17,82.21,82.17,82.21,0.05,30.4,2484.8,1
2019-06-24,2019-06-24 11:50:00,82.21,82.25,82.21,82.25,0.05,30.4,2484.8,1
2019-06-24,2019-06-24 12:00:00,82.25,82.29,82.25,82.29,0.05,30.4,2484.8,1
2019-06-24,2019-06-24 12:10:00,82.29,82.33,82.29,82.33,0.05,30.4,2484.8,1
2019-06-24,2019-06-24 12:20:00,82.33,82.38,82.33,82.38,0.06,30.4,2484.8,1
2019-06-24,2019-06-24 12:30:00,82.38,82.42,82.38,82.42,0.05,30.4,2484.8,1
2019-06-24,2019-06-24 12:40:00,82.42,82.46,82.42,82.46,0.05,30.4,2484.8,1
2019-06-24,2019-06-24 12:50:00,82.46,82.5,82.46,82.5,0.05,30.4,2484.8,1
2019-06-24,2019-06-24 13:00:00,82.5,83.0,80.0,82.54,0.05,30.4,2484.8,1
2019-06-24,2019-06-24 13:10:00,82.54,82.58,82.54,82.58,0.05,30.4,2484.8,1
2019-06-24,2019-06-24 13:20:00,82.58,82.62,82.58,82.62,0.05,30.4,2484.8,1
2019-06-24,2019-06-24 13:30:00,82.62,82.67,82.62,82.67,0.06,30.4,2484.8,1
2019-06-24,2019-06-24 13:40:00,82.67,82.71,82.67,82.71,0.05,30.4,2484.8,1
2019-06-24,2019-06-24 13:50:00,82.71,82.75,82.71,82.75,0.05,30.4,2484.8,1
2019-06-24,2019-06-24 14:00:00,82.75,82.79,82.75,82.79,0.05,30.4,2484.8,1
2019-06-24,2019-06-24 14:10:00,82.79,82.83,82.79,82.83,0.05,30.4,2484.8,1
2019-06-24,2019-06-24 14:20:00,82.83,82.88,82.83,82.88,0.06,30.4,2484.8,1
2019-06-24,2019-06-24 14:30:00,82.88,82.92,82.88,82.92,0.05,30.4,2484.8,1
2019-06-24,2019-06-24 14:40:00,82.92,82.96,82.92,82.96,0.05,30.4,2484.8,1
2019-06-24,2019-06-24 14:50:00,82.96,83.0,82.96,83.0,0.05,30.4,2484.8,1
2019-06-24,2019-06-24 15:00:00,83.0,83.0,80.0,83.0,0.0,30.4,2484.8,0
2019-06-25,2019-06-25 11:00:00,82.0,82.3,81.7,82.04,0.05,15.6,1281.2,1
2019-06-25,2019-06-25 11:10:00,82.04,82.08,82.04,82.08,0.05,15.6,1281.2,1
2019-06-25,2019-06-25 11:20:00,82.08,82.12,82.08,82.12,0.05,15.6,1281.2,1
2019-06-25,2019-06-25 11:30:00,82.12,82.17,82.12,82.17,0.06,15.6,1281.2,1
2019-06-25,2019-06-25 11:40:00,82.17,82.21,82.17,82.21,0.05,15.6,1281.2,1
2019-06-25,2019-06-25 11:50:00,82.21,82.25,82.21,82.25,0.05,15.6,1281.2,1
2019-06-25,2019-06-25 12:00:00,82.25,82.29,82.25,82.29,0.05,15.6,1281.2,1
2019-06-25,2019-06-25 12:10:00,82.29,82.33,82.29,82.33,0.05,15.6,1281.2,1
2019-06-25,2019-06-25 12:20:00,82.33,82.38,82.33,82.38,0.06,15.6,1281.2,1
2019-06-25,2019-06-25 12:30:00,82.38,82.42,82.38,82.42,0.05,15.6,1281.2,1
2019-06-25,2019-06-25 12:40:00,82.42,82.46,82.42,82.46,0.05,15.6,1281.2,1
2019-06-25,2019-06-25 12:50:00,82.46,82.5,82.46,82.5,0.05,15.6,1281.2,1
2019-06-25,2019-06-25 13:00:00,82.5,83.0,81.0,82.54,0.05,15.6,1281.2,1
2019-06-25,2019-06-25 13:10:00,82.54,82.58,82.54,82.58,0.05,15.6,1281.2,1
2019-06-25,2019-06-25 13:20:00,82.58,82.62,82.58,82.62,0.05,15.6,1281.2,1
2019-06-25,2019-06-25 13:30:00,82.62,82.67,82.62,82.67,0.06,15.6,1281.2,1
2019-06-25,2019-06-25 13:40:00,82.67,82.71,82.67,82.71,0.05,15.6,1281.2,1
2019-06-25,2019-06-25 13:50:00,82.71,82.75,82.71,82.75,0.05,15.6,1281.2,1
2019-06-25,2019-06-25 14:00:00,82.75,82.79,82.75,82.79,0.05,15.6,1281.2,1
2019-06-25,2019-06-25 14:10:00,82.79,82.83,82.79,82.83,0.05,15.6,1281.2,1
2019-06-25,2019-06-25 14:20:00,82.83,82.88,82.83,82.88,0.06,15.6,1281.2,1
2019-06-25,2019-06-25 14:30:00,82.88,82.92,82.88,82.92,0.05,15.6,1281.2,1
2019-06-25,2019-06-25 14:40:00,82.92,82.96,82.92,82.96,0.05,15.6,1281.2,1
2019-06-25,2019-06-25 14:50:00,82.96,83.0,82.96,83.0,0.05,15.6,1281.2,1
2019-06-25,2019-06-25 15:00:00,83.0,83.0,81.0,83.0,0.0,15.6,1281.2,0
2019-06-26,2019-06-26 11:00:00,82.0,82.3,81.7,82.0,0.0,30.4,2500.0,0
2019-06-26,2019-06-26 11:10:00,82.0,82.0,82.0,82.0,0.0,30.4,2500.0,0
2019-06-26,2019-06-26 11:20:00,82.0,82.0,82.0,82.0,0.0,30.4,2500.0,0
2019-06-26,2019-06-26 11:30:00,82.0,82.0,82.0,82.0,0.0,30.4,2500.0,0
2019-06-26,2019-06-26 11:40:00,82.0,82.0,82.0,82.0,0.0,30.4,2500.0,0
2019-06-26,2019-06-26 11:50:00,82.0,82.0,82.0,82.0,0.0,30.4,2500.0,0
2019-06-26,2019-06-26 12:00:00,82.0,82.0,82.0,82.0,0.0,30.4,2500.0,0
2019-06-26,2019-06-26 12:10:00,82.0,82.0,82.0,82.0,0.0,30.4,2500.0,0
2019-06-26,2019-06-26 12:20:00,82.0,82.0,82.0,82.0,0.0,30.4,2500.0,0
2019-06-26,2019-06-26 12:30:00,82.0,82.0,82.0,82.0,0.0,30.4,2500.0,0
2019-06-26,2019-06-26 12:40:00,82.0,82.0,82.0,82.0,0.0,30.4,2500.0,0
2019-06-26,2019-06-26 12:50:00,82.0,82.0,82.0,82.0,0.0,30.4,2500.0,0
2019-06-26,2019-06-26 13:00:00,82.0,83.0,81.0,82.0,0.0,30.4,2500.0,0
2019-06-26,2019-06-26 13:10:00,82.0,82.0,82.0,82.0,0.0,30.4,2500.0,0
2019-06-26,2019-06-26 13:20:00,82.0,82.0,82.0,82.0,0.0,30.4,2500.0,0
2019-06-26,2019-06-26 13:30:00,82.0,82.0,82.0,82.0,0.0,30.4,2500.0,0
2019-06-26,2019-06-26 13:40:00,82.0,82.0,82.0,82.0,0.0,30.4,2500.0,0
2019-06-26,2019-06-26 13:50:00,82.0,82.0,82.0,82.0,0.0,30.4,2500.0,0
2019-06-26,2019-06-26 14:00:00,82.0,82.0,82.0,82.0,0.0,30.4,2500.0,0
2019-06-26,2019-06-26 14:10:00,82.0,82.0,82.0,82.0,0.0,30.4,2500.0,0
2019-06-26,2019-06-26 14:20:00,82.0,82.0,82.0,82.0,0.0,30.4,2500.0,0
2019-06-26,2019-06-26 14:30:00,82.0,82.0,82.0,82.0,0.0,30.4,2500.0,0
2019-06-26,2019-06-26 14:40:00,82.0,82.0,82.0,82.0,0.0,30.4,2500.0,0
2019-06-26,2019-06-26 14:50:00,82.0,82.0,82.0,82.0,0.0,30.4,2500.0,0
2019-06-26,2019-06-26 15:00:00,82.0,83.0,81.0,82.0,0.0,30.4,2500.0,0
2019-06-27,2019-06-27 11:00:00,81.0,81.9,81.0,81.08,0.1,19.2,1578.8,1
2019-06-27,2019-06-27 11:10:00,81.08,81.17,81.08,81.17,0.11,19.2,1578.8,1
2019-06-27,2019-06-27 11:20:00,81.17,81.25,81.17,81.25,0.1,19.2,1578.8,1
2019-06-27,2019-06-27 11:30:00,81.25,81.33,81.25,81.33,0.1,19.2,1578.8,1
2019-06-27,2019-06-27 11:40:00,81.33,81.42,81.33,81.42,0.11,19.2,1578.8,1
2019-06-27,2019-06-27 11:50:00,81.42,81.5,81.42,81.5,0.1,19.2,1578.8,1
2019-06-27,2019-06-27 12:00:00,81.5,81.58,81.5,81.58,0.1,19.2,1578.8,1
2019-06-27,2019-06-27 12:10:00,81.58,81.67,81.58,81.67,0.11,19.2,1578.8,1
2019-06-27,2019-06-27 12:20:00,81.67,81.75,81.67,81.75,0.1,19.2,1578.8,1
2019-06-27,2019-06-27 12:30:00,81.75,81.83,81.75,81.83,0.1,19.2,1578.8,1
2019-06-27,2019-06-27 12:40:00,81.83,81.92,81.83,81.92,0.11,19.2,1578.8,1
2019-06-27,2019-06-27 12:50:00,81.92,82.0,81.92,82.0,0.1,19.2,1578.8,1
2019-06-27,2019-06-27 13:00:00,82.0,84.0,81.0,82.08,0.1,19.2,1578.8,1
2019-06-27,2019-06-27 13:10:00,82.08,82.17,82.08,82.17,0.11,19.2,1578.8,1
2019-06-27,2019-06-27 13:20:00,82.17,82.25,82.17,82.25,0.1,19.2,1578.8,1
2019-06-27,2019-06-27 13:30:00,82.25,82.33,82.25,82.33,0.1,19.2,1578.8,1
2019-06-27,2019-06-27 13:40:00,82.33,82.42,82.33,82.42,0.11,19.2,1578.8,1
2019-06-27,2019-06-27 13:50:00,82.42,82.5,82.42,82.5,0.1,19.2,1578.8,1
2019-06-27,2019-06-27 14:00:00,82.5,82.58,82.5,82.58,0.1,19.2,1578.8,1
2019-06-27,2019-06-27 14:10:00,82.58,82.67,82.58,82.67,0.11,19.2,1578.8,1
2019-06-27,2019-06-27 14:20:00,82.67,82.75,82.67,82.75,0.1,19.2,1578.8,1
2019-06-27,2019-06-27 14:30:00,82.75,82.83,82.75,82.83,0.1,19.2,1578.8,1
2019-06-27,2019-06-27 14:40:00,82.83,82.92,82.83,82.92,0.11,19.2,1578.8,1
2019-06-27,2019-06-27 14:50:00,82.92,83.0,82.92,83.0,0.1,19.2,1578.8,1
2019-06-27,2019-06-27 15:00:00,83.0,84.0,81.0,83.0,0.0,19.2,1578.8,0
2019-06-30,2019-06-30 11:00:00,79.0,79.9,79.0,79.08,0.1,34.4,2780.0,1
2019-06-30,2019-06-30 11:10:00,79.08,79.17,79.08,79.17,0.11,34.4,2780.0,1
2019-06-30,2019-06-30 11:20:00,79.17,79.25,79.17,79.25,0.1,34.4,2780.0,1
2019-06-30,2019-06-30 11:30:00,79.25,79.33,79.25,79.33,0.1,34.4,2780.0,1
2019-06-30,2019-06-30 11:40:00,79.33,79.42,79.33,79.42,0.11,34.4,2780.0,1
2019-06-30,2019-06-30 11:50:00,79.42,79.5,79.42,79.5,0.1,34.4,2780.0,1
2019-06-30,2019-06-30 12:00:00,79.5,79.58,79.5,79.58,0.1,34.4,2780.0,1
2019-06-30,2019-06-30 12:10:00,79.58,79.67,79.58,79.67,0.11,34.4,2780.0,1
2019-06-30,2019-06-30 12:20:00,79.67,79.75,79.67,79.75,0.1,34.4,2780.0,1
2019-06-30,2019-06-30 12:30:00,79.75,79.83,79.75,79.83,0.1,34.4,2780.0,1
2019-06-30,2019-06-30 12:40:00,79.83,79.92,79.83,79.92,0.11,34.4,2780.0,1
2019-06-30,2019-06-30 12:50:00,79.92,80.0,79.92,80.0,0.1,34.4,2780.0,1
2019-06-30,2019-06-30 13:00:00,80.0,82.0,79.0,80.08,0.1,34.4,2780.0,1
2019-06-30,2019-06-30 13:10:00,80.08,80.17,80.08,80.17,0.11,34.4,2780.0,1
2019-06-30,2019-06-30 13:20:00,80.17,80.25,80.17,80.25,0.1,34.4,2780.0,1
2019-06-30,2019-06-30 13:30:00,80.25,80.33,80.25,80.33,0.1,34.4,2780.0,1
2019-06-30,2019-06-30 13:40:00,80.33,80.42,80.33,80.42,0.11,34.4,2780.0,1
2019-06-30,2019-06-30 13:50:00,80.42,80.5,80.42,80.5,0.1,34.4,2780.0,1
2019-06-30,2019-06-30 14:00:00,80.5,80.58,80.5,80.58,0.1,34.4,2780.0,1
2019-06-30,2019-06-30 14:10:00,80.58,80.67,80.58,80.67,0.11,34.4,2780.0,1
2019-06-30,2019-06-30 14:20:00,80.67,80.75,80.67,80.75,0.1,34.4,2780.0,1
2019-06-30,2019-06-30 14:30:00,80.75,80.83,80.75,80.83,0.1,34.4,2780.0,1
2019-06-30,2019-06-30 14:40:00,80.83,80.92,80.83,80.92,0.11,34.4,2780.0,1
2019-06-30,2019-06-30 14:50:00,80.92,81.0,80.92,81.0,0.1,34.4,2780.0,1
2019-06-30,2019-06-30 15:00:00,81.0,82.0,79.0,81.0,0.0,34.4,2780.0,0
2019-07-01,2019-07-01 11:00:00,80.0,80.3,79.7,80.0,0.0,38.0,3029.6,0
2019-07-01,2019-07-01 11:10:00,80.0,80.0,80.0,80.0,0.0,38.0,3029.6,0
2019-07-01,2019-07-01 11:20:00,80.0,80.0,80.0,80.0,0.0,38.0,3029.6,0
2019-07-01,2019-07-01 11:30:00,80.0,80.0,80.0,80.0,0.0,38.0,3029.6,0
2019-07-01,2019-07-01 11:40:00,80.0,80.0,80.0,80.0,0.0,38.0,3029.6,0
2019-07-01,2019-07-01 11:50:00,80.0,80.0,80.0,80.0,0.0,38.0,3029.6,0
2019-07-01,2019-07-01 12:00:00,80.0,80.0,80.0,80.0,0.0,38.0,3029.6,0
2019-07-01,2019-07-01 12:10:00,80.0,80.0,80.0,80.0,0.0,38.0,3029.6,0
2019-07-01,2019-07-01 12:20:00,80.0,80.0,80.0,80.0,0.0,38.0,3029.6,0
2019-07-01,2019-07-01 12:30:00,80.0,80.0,80.0,80.0,0.0,38.0,3029.6,0
2019-07-01,2019-07-01 12:40:00,80.0,80.0,80.0,80.0,0.0,38.0,3029.6,0
2019-07-01,2019-07-01 12:50:00,80.0,80.0,80.0,80.0,0.0,38.0,3029.6,0
2019-07-01,2019-07-01 13:00:00,80.0,81.0,79.0,80.0,0.0,38.0,3029.6,0
2019-07-01,2019-07-01 13:10:00,80.0,80.0,80.0,80.0,0.0,38.0,3029.6,0
2019-07-01,2019-07-01 13:20:00,80.0,80.0,80.0,80.0,0.0,38.0,3029.6,0
2019-07-01,2019-07-01 13:30:00,80.0,80.0,80.0,80.0,0.0,38.0,3029.6,0
2019-07-01,2019-07-01 13:40:00,80.0,80.0,80.0,80.0,0.0,38.0,3029.6,0
2019-07-01,2019-07-01 13:50:00,80.0,80.0,80.0,80.0,0.0,38.0,3029.6,0
2019-07-01,2019-07-01 14:00:00,80.0,80.0,80.0,80.0,0.0,38.0,3029.6,0
2019-07-01,2019-07-01 14:10:00,80.0,80.0,80.0,80.0,0.0,38.0,3029.6,0
2019-07-01,2019-07-01 14:20:00,80.0,80.0,80.0,80.0,0.0,38.0,3029.6,0
2019-07-01,2019-07-01 14:30:00,80.0,80.0,80.0,80.0,0.0,38.0,3029.6,0
2019-07-01,2019-07-01 14:40:00,80.0,80.0,80.0,80.0,0.0,38.0,3029.6,0
2019-07-01,2019-07-01 14:50:00,80.0,80.0,80.0,80.0,0.0,38.0,3029.6,0
2019-07-01,2019-07-01 15:00:00,80.0,81.0,79.0,80.0,0.0,38.0,3029.6,0
2019-07-02,2019-07-02 11:00:00,81.0,81.0,80.4,80.96,-0.05,21.2,1686.0,-1
2019-07-02,2019-07-02 11:10:00,80.96,80.96,80.92,80.92,-0.05,21.2,1686.0,-1
2019-07-02,2019-07-02 11:20:00,80.92,80.92,80.88,80.88,-0.05,21.2,1686.0,-1
2019-07-02,2019-07-02 11:30:00,80.88,80.88,80.83,80.83,-0.06,21.2,1686.0,-1
2019-07-02,2019-07-02 11:40:00,80.83,80.83,80.79,80.79,-0.05,21.2,1686.0,-1
2019-07-02,2019-07-02 11:50:00,80.79,80.79,80.75,80.75,-0.05,21.2,1686.0,-1
2019-07-02,2019-07-02 12:00:00,80.75,80.75,80.71,80.71,-0.05,21.2,1686.0,-1
2019-07-02,2019-07-02 12:10:00,80.71,80.71,80.67,80.67,-0.05,21.2,1686.0,-1
2019-07-02,2019-07-02 12:20:00,80.67,80.67,80.62,80.62,-0.06,21.2,1686.0,-1
2019-07-02,2019-07-02 12:30:00,80.62,80.62,80.58,80.58,-0.05,21.2,1686.0,-1
2019-07-02,2019-07-02 12:40:00,80.58,80.58,80.54,80.54,-0.05,21.2,1686.0,-1
2019-07-02,2019-07-02 12:50:00,80.54,80.54,80.5,80.5,-0.05,21.2,1686.0,-1
2019-07-02,2019-07-02 13:00:00,80.5,81.0,79.0,80.46,-0.05,21.2,1686.0,-1
2019-07-02,2019-07-02 13:10:00,80.46,80.46,80.42,80.42,-0.05,21.2,1686.0,-1
2019-07-02,2019-07-02 13:20:00,80.42,80.42,80.38,80.38,-0.05,21.2,1686.0,-1
2019-07-02,2019-07-02 13:30:00,80.38,80.38,80.33,80.33,-0.06,21.2,1686.0,-1
2019-07-02,2019-07-02 13:40:00,80.33,80.33,80.29,80.29,-0.05,21.2,1686.0,-1
2019-07-02,2019-07-02 13:50:00,80.29,80.29,80.25,80.25,-0.05,21.2,1686.0,-1
2019-07-02,2019-07-02 14:00:00,80.25,80.25,80.21,80.21,-0.05,21.2,1686.0,-1
2019-07-02,2019-07-02 14:10:00,80.21,80.21,80.17,80.17,-0.05,21.2,1686.0,-1
2019-07-02,2019-07-02 14:20:00,80.17,80.17,80.12,80.12,-0.06,21.2,1686.0,-1
2019-07-02,2019-07-02 14:30:00,80.12,80.12,80.08,80.08,-0.05,21.2,1686.0,-1
2019-07-02,2019-07-02 14:40:00,80.08,80.08,80.04,80.04,-0.05,21.2,1686.0,-1
2019-07-02,2019-07-02 14:50:00,80.04,80.04,80.0,80.0,-0.05,21.2,1686.0,-1
2019-07-02,2019-07-02 15:00:00,80.0,81.0,79.0,80.0,0.0,21.2,1686.0,0
2019-07-03,2019-07-03 11:00:00,79.0,79.3,78.7,78.96,-0.05,41.2,3270.4,-1
2019-07-03,2019-07-03 11:10:00,78.96,78.96,78.92,78.92,-0.05,41.2,3270.4,-1
2019-07-03,2019-07-03 11:20:00,78.92,78.92,78.88,78.88,-0.05,41.2,3270.4,-1
2019-07-03,2019-07-03 11:30:00,78.88,78.88,78.83,78.83,-0.06,41.2,3270.4,-1
2019-07-03,2019-07-03 11:40:00,78.83,78.83,78.79,78.79,-0.05,41.2,3270.4,-1
2019-07-03,2019-07-03 11:50:00,78.79,78.79,78.75,78.75,-0.05,41.2,3270.4,-1
2019-07-03,2019-07-03 12:00:00,78.75,78.75,78.71,78.71,-0.05,41.2,3270.4,-1
2019-07-03,2019-07-03 12:10:00,78.71,78.71,78.67,78.67,-0.05,41.2,3270.4,-1
2019-07-03,2019-07-03 12:20:00,78.67,78.67,78.62,78.62,-0.06,41.2,3270.4,-1
2019-07-03,2019-07-03 12:30:00,78.62,78.62,78.58,78.58,-0.05,41.2,3270.4,-1
2019-07-03,2019-07-03 12:40:00,78.58,78.58,78.54,78.54,-0.05,41.2,3270.4,-1
2019-07-03,2019-07-03 12:50:00,78.54,78.54,78.5,78.5,-0.05,41.2,3270.4,-1
2019-07-03,2019-07-03 13:00:00,78.5,80.0,78.0,78.46,-0.05,41.2,3270.4,-1
2019-07-03,2019-07-03 13:10:00,78.46,78.46,78.42,78.42,-0.05,41.2,3270.4,-1
2019-07-03,2019-07-03 13:20:00,78.42,78.42,78.38,78.38,-0.05,41.2,3270.4,-1
2019-07-03,2019-07-03 13:30:00,78.38,78.38,78.33,78.33,-0.06,41.2,3270.4,-1
2019-07-03,2019-07-03 13:40:00,78.33,78.33,78.29,78.29,-0.05,41.2,3270.4,-1
2019-07-03,2019-07-03 13:50:00,78.29,78.29,78.25,78.25,-0.05,41.2,3270.4,-1
2019-07-03,2019-07-03 14:00:00,78.25,78.25,78.21,78.21,-0.05,41.2,3270.4,-1
2019-07-03,2019-07-03 14:10:00,78.21,78.21,78.17,78.17,-0.05,41.2,3270.4,-1
2019-07-03,2019-07-03 14:20:00,78.17,78.17,78.12,78.12,-0.06,41.2,3270.4,-1
2019-07-03,2019-07-03 14:30:00,78.12,78.12,78.08,78.08,-0.05,41.2,3270.4,-1
2019-07-03,2019-07-03 14:40:00,78.08,78.08,78.04,78.04,-0.05,41.2,3270.4,-1
2019-07-03,2019-07-03 14:50:00,78.04,78.04,78.0,78.0,-0.05,41.2,3270.4,-1
2019-07-03,2019-07-03 15:00:00,78.0,80.0,78.0,78.0,0.0,41.2,3270.4,0
2019-07-04,2019-07-04 11:00:00,78.0,78.3,78.0,78.04,0.05,5.2,409.6,1
2019-07-04,2019-07-04 11:10:00,78.04,78.08,78.04,78.08,0.05,5.2,409.6,1
2019-07-04,2019-07-04 11:20:00,78.08,78.12,78.08,78.12,0.05,5.2,409.6,1
2019-07-04,2019-07-04 11:30:00,78.12,78.17,78.12,78.17,0.06,5.2,409.6,1
2019-07-04,2019-07-04 11:40:00,78.17,78.21,78.17,78.21,0.05,5.2,409.6,1
2019-07-04,2019-07-04 11:50:00,78.21,78.25,78.21,78.25,0.05,5.2,409.6,1
2019-07-04,2019-07-04 12:00:00,78.25,78.29,78.25,78.29,0.05,5.2,409.6,1
2019-07-04,2019-07-04 12:10:00,78.29,78.33,78.29,78.33,0.05,5.2,409.6,1
2019-07-04,2019-07-04 12:20:00,78.33,78.38,78.33,78.38,0.06,5.2,409.6,1
2019-07-04,2019-07-04 12:30:00,78.38,78.42,78.38,78.42,0.05,5.2,409.6,1
2019-07-04,2019-07-04 12:40:00,78.42,78.46,78.42,78.46,0.05,5.2,409.6,1
2019-07-04,2019-07-04 12:50:00,78.46,78.5,78.46,78.5,0.05,5.2,409.6,1
2019-07-04,2019-07-04 13:00:00,78.5,79.0,78.0,78.54,0.05,5.2,409.6,1
2019-07-04,2019-07-04 13:10:00,78.54,78.58,78.54,78.58,0.05,5.2,409.6,1
2019-07-04,2019-07-04 13:20:00,78.58,78.62,78.58,78.62,0.05,5.2,409.6,1
2019-07-04,2019-07-04 13:30:00,78.62,78.67,78.62,78.67,0.06,5.2,409.6,1
2019-07-04,2019-07-04 13:40:00,78.67,78.71,78.67,78.71,0.05,5.2,409.6,1
2019-07-04,2019-07-04 13:50:00,78.71,78.75,78.71,78.75,0.05,5.2,409.6,1
2019-07-04,2019-07-04 14:00:00,78.75,78.79,78.75,78.79,0.05,5.2,409.6,1
2019-07-04,2019-07-04 14:10:00,78.79,78.83,78.79,78.83,0.05,5.2,409.6,1
2019-07-04,2019-07-04 14:20:00,78.83,78.88,78.83,78.88,0.06,5.2,409.6,1
2019-07-04,2019-07-04 14:30:00,78.88,78.92,78.88,78.92,0.05,5.2,409.6,1
2019-07-04,2019-07-04 14:40:00,78.92,78.96,78.92,78.96,0.05,5.2,409.6,1
2019-07-04,2019-07-04 14:50:00,78.96,79.0,78.96,79.0,0.05,5.2,409.6,1
2019-07-04,2019-07-04 15:00:00,79.0,79.0,78.0,79.0,0.0,5.2,409.6,0
2019-07-07,2019-07-07 11:00:00,78.0,78.6,78.0,78.04,0.05,7.2,566.4,1
2019-07-07,2019-07-07 11:10:00,78.04,78.08,78.04,78.08,0.05,7.2,566.4,1
2019-07-07,2019-07-07 11:20:00,78.08,78.12,78.08,78.12,0.05,7.2,566.4,1
2019-07-07,2019-07-07 11:30:00,78.12,78.17,78.12,78.17,0.06,7.2,566.4,1
2019-07-07,2019-07-07 11:40:00,78.17,78.21,78.17,78.21,0.05,7.2,566.4,1
2019-07-07,2019-07-07 11:50:00,78.21,78.25,78.21,78.25,0.05,7.2,566.4,1
2019-07-07,2019-07-07 12:00:00,78.25,78.29,78.25,78.29,0.05,7.2,566.4,1
2019-07-07,2019-07-07 12:10:00,78.29,78.33,78.29,78.33,0.05,7.2,566.4,1
2019-07-07,2019-07-07 12:20:00,78.33,78.38,78.33,78.38,0.06,7.2,566.4,1
2019-07-07,2019-07-07 12:30:00,78.38,78.42,78.38,78.42,0.05,7.2,566.4,1
2019-07-07,2019-07-07 12:40:00,78.42,78.46,78.42,78.46,0.05,7.2,566.4,1
2019-07-07,2019-07-07 12:50:00,78.46,78.5,78.46,78.5,0.05,7.2,566.4,1
2019-07-07,2019-07-07 13:00:00,78.5,80.0,78.0,78.54,0.05,7.2,566.4,1
2019-07-07,2019-07-07 13:10:00,78.54,78.58,78.54,78.58,0.05,7.2,566.4,1
2019-07-07,2019-07-07 13:20:00,78.58,78.62,78.58,78.62,0.05,7.2,566.4,1
2019-07-07,2019-07-07 13:30:00,78.62,78.67,78.62,78.67,0.06,7.2,566.4,1
2019-07-07,2019-07-07 13:40:00,78.67,78.71,78.67,78.71,0.05,7.2,566.4,1
2019-07-07,2019-07-07 13:50:00,78.71,78.75,78.71,78.75,0.05,7.2,566.4,1
2019-07-07,2019-07-07 14:00:00,78.75,78.79,78.75,78.79,0.05,7.2,566.4,1
2019-07-07,2019-07-07 14:10:00,78.79,78.83,78.79,78.83,0.05,7.2,566.4,1
2019-07-07,2019-07-07 14:20:00,78.83,78.88,78.83,78.88,0.06,7.2,566.4,1
2019-07-07,2019-07-07 14:30:00,78.88,78.92,78.88,78.92,0.05,7.2,566.4,1
2019-07-07,2019-07-07 14:40:00,78.92,78.96,78.92,78.96,0.05,7.2,566.4,1
2019-07-07,2019-07-07 14:50:00,78.96,79.0,78.96,79.0,0.05,7.2,566.4,1
2019-07-07,2019-07-07 15:00:00,79.0,80.0,78.0,79.0,0.0,7.2,566.4,0
2019-07-08,2019-07-08 11:00:00,78.0,78.3,78.0,78.0,0.0,10.0,781.2,0
2019-07-08,2019-07-08 11:10:00,78.0,78.0,78.0,78.0,0.0,10.0,781.2,0
2019-07-08,2019-07-08 11:20:00,78.0,78.0,78.0,78.0,0.0,10.0,781.2,0
2019-07-08,2019-07-08 11:30:00,78.0,78.0,78.0,78.0,0.0,10.0,781.2,0
2019-07-08,2019-07-08 11:40:00,78.0,78.0,78.0,78.0,0.0,10.0,781.2,0
2019-07-08,2019-07-08 11:50:00,78.0,78.0,78.0,78.0,0.0,10.0,781.2,0
2019-07-08,2019-07-08 12:00:00,78.0,78.0,78.0,78.0,0.0,10.0,781.2,0
2019-07-08,2019-07-08 12:10:00,78.0,78.0,78.0,78.0,0.0,10.0,781.2,0
2019-07-08,2019-07-08 12:20:00,78.0,78.0,78.0,78.0,0.0,10.0,781.2,0
2019-07-08,2019-07-08 12:30:00,78.0,78.0,78.0,78.0,0.0,10.0,781.2,0
2019-07-08,2019-07-08 12:40:00,78.0,78.0,78.0,78.0,0.0,10.0,781.2,0
2019-07-08,2019-07-08 12:50:00,78.0,78.0,78.0,78.0,0.0,10.0,781.2,0
2019-07-08,2019-07-08 13:00:00,78.0,79.0,78.0,78.0,0.0,10.0,781.2,0
2019-07-08,2019-07-08 13:10:00,78.0,78.0,78.0,78.0,0.0,10.0,781.2,0
2019-07-08,2019-07-08 13:20:00,78.0,78.0,78.0,78.0,0.0,10.0,781.2,0
2019-07-08,2019-07-08 13:30:00,78.0,78.0,78.0,78.0,0.0,10.0,781.2,0
2019-07-08,2019-07-08 13:40:00,78.0,78.0,78.0,78.0,0.0,10.0,781.2,0
2019-07-08,2019-07-08 13:50:00,78.0,78.0,78.0,78.0,0.0,10.0,781.2,0
2019-07-08,2019-07-08 14:00:00,78.0,78.0,78.0,78.0,0.0,10.0,781.2,0
2019-07-08,2019-07-08 14:10:00,78.0,78.0,78.0,78.0,0.0,10.0,781.2,0
2019-07-08,2019-07-08 14:20:00,78.0,78.0,78.0,78.0,0.0,10.0,781.2,0
2019-07-08,2019-07-08 14:30:00,78.0,78.0,78.0,78.0,0.0,10.0,781.2,0
2019-07-08,2019-07-08 14:40:00,78.0,78.0,78.0,78.0,0.0,10.0,781.2,0
2019-07-08,2019-07-08 14:50:00,78.0,78.0,78.0,78.0,0.0,10.0,781.2,0
2019-07-08,2019-07-08 15:00:00,78.0,79.0,78.0,78.0,0.0,10.0,781.2,0
2019-07-09,2019-07-09 11:00:00,77.0,78.2,77.0,77.08,0.1,16.8,1324.0,1
2019-07-09,2019-07-09 11:10:00,77.08,77.17,77.08,77.17,0.12,16.8,1324.0,1
2019-07-09,2019-07-09 11:20:00,77.17,77.25,77.17,77.25,0.1,16.8,1324.0,1
2019-07-09,2019-07-09 11:30:00,77.25,77.33,77.25,77.33,0.1,16.8,1324.0,1
2019-07-09,2019-07-09 11:40:00,77.33,77.42,77.33,77.42,0.12,16.8,1324.0,1
2019-07-09,2019-07-09 11:50:00,77.42,77.5,77.42,77.5,0.1,16.8,1324.0,1
2019-07-09,2019-07-09 12:00:00,77.5,77.58,77.5,77.58,0.1,16.8,1324.0,1
2019-07-09,2019-07-09 12:10:00,77.58,77.67,77.58,77.67,0.12,16.8,1324.0,1
2019-07-09,2019-07-09 12:20:00,77.67,77.75,77.67,77.75,0.1,16.8,1324.0,1
2019-07-09,2019-07-09 12:30:00,77.75,77.83,77.75,77.83,0.1,16.8,1324.0,1
2019-07-09,2019-07-09 12:40:00,77.83,77.92,77.83,77.92,0.12,16.8,1324.0,1
2019-07-09,2019-07-09 12:50:00,77.92,78.0,77.92,78.0,0.1,16.8,1324.0,1
2019-07-09,2019-07-09 13:00:00,78.0,81.0,77.0,78.08,0.1,16.8,1324.0,1
2019-07-09,2019-07-09 13:10:00,78.08,78.17,78.08,78.17,0.12,16.8,1324.0,1
2019-07-09,2019-07-09 13:20:00,78.17,78.25,78.17,78.25,0.1,16.8,1324.0,1
2019-07-09,2019-07-09 13:30:00,78.25,78.33,78.25,78.33,0.1,16.8,1324.0,1
2019-07-09,2019-07-09 13:40:00,78.33,78.42,78.33,78.42,0.11,16.8,1324.0,1
2019-07-09,2019-07-09 13:50:00,78.42,78.5,78.42,78.5,0.1,16.8,1324.0,1
2019-07-09,2019-07-09 14:00:00,78.5,78.58,78.5,78.58,0.1,16.8,1324.0,1
2019-07-09,2019-07-09 14:10:00,78.58,78.67,78.58,78.67,0.11,16.8,1324.0,1
2019-07-09,2019-07-09 14:20:00,78.67,78.75,78.67,78.75,0.1,16.8,1324.0,1
2019-07-09,2019-07-09 14:30:00,78.75,78.83,78.75,78.83,0.1,16.8,1324.0,1
2019-07-09,2019-07-09 14:40:00,78.83,78.92,78.83,78.92,0.11,16.8,1324.0,1
2019-07-09,2019-07-09 14:50:00,78.92,79.0,78.92,79.0,0.1,16.8,1324.0,1
2019-07-09,2019-07-09 15:00:00,79.0,81.0,77.0,79.0,0.0,16.8,1324.0,0
2019-07-10,2019-07-10 11:00:00,78.0,78.3,78.0,78.04,0.05,8.8,688.8,1
2019-07-10,2019-07-10 11:10:00,78.04,78.08,78.04,78.08,0.05,8.8,688.8,1
2019-07-10,2019-07-10 11:20:00,78.08,78.12,78.08,78.12,0.05,8.8,688.8,1
2019-07-10,2019-07-10 11:30:00,78.12,78.17,78.12,78.17,0.06,8.8,688.8,1
2019-07-10,2019-07-10 11:40:00,78.17,78.21,78.17,78.21,0.05,8.8,688.8,1
2019-07-10,2019-07-10 11:50:00,78.21,78.25,78.21,78.25,0.05,8.8,688.8,1
2019-07-10,2019-07-10 12:00:00,78.25,78.29,78.25,78.29,0.05,8.8,688.8,1
2019-07-10,2019-07-10 12:10:00,78.29,78.33,78.29,78.33,0.05,8.8,688.8,1
2019-07-10,2019-07-10 12:20:00,78.33,78.38,78.33,78.38,0.06,8.8,688.8,1
2019-07-10,2019-07-10 12:30:00,78.38,78.42,78.38,78.42,0.05,8.8,688.8,1
2019-07-10,2019-07-10 12:40:00,78.42,78.46,78.42,78.46,0.05,8.8,688.8,1
2019-07-10,2019-07-10 12:50:00,78.46,78.5,78.46,78.5,0.05,8.8,688.8,1
2019-07-10,2019-07-10 13:00:00,78.5,79.0,78.0,78.54,0.05,8.8,688.8,1
2019-07-10,2019-07-10 13:10:00,78.54,78.58,78.54,78.58,0.05,8.8,688.8,1
2019-07-10,2019-07-10 13:20:00,78.58,78.62,78.58,78.62,0.05,8.8,688.8,1
2019-07-10,2019-07-10 13:30:00,78.62,78.67,78.62,78.67,0.06,8.8,688.8,1
2019-07-10,2019-07-10 13:40:00,78.67,78.71,78.67,78.71,0.05,8.8,688.8,1
2019-07-10,2019-07-10 13:50:00,78.71,78.75,78.71,78.75,0.05,8.8,688.8,1
2019-07-10,2019-07-10 14:00:00,78.75,78.79,78.75,78.79,0.05,8.8,688.8,1
2019-07-10,2019-07-10 14:10:00,78.79,78.83,78.79,78.83,0.05,8.8,688.8,1
2019-07-10,2019-07-10 14:20:00,78.83,78.88,78.83,78.88,0.06,8.8,688.8,1
2019-07-10,2019-07-10 14:30:00,78.88,78.92,78.88,78.92,0.05,8.8,688.8,1
2019-07-10,2019-07-10 14:40:00,78.92,78.96,78.92,78.96,0.05,8.8,688.8,1
2019-07-10,2019-07-10 14:50:00,78.96,79.0,78.96,79.0,0.05,8.8,688.8,1
2019-07-10,2019-07-10 15:00:00,79.0,79.0,78.0,79.0,0.0,8.8,688.8,0
2019-07-11,2019-07-11 11:00:00,79.0,79.0,78.1,78.88,-0.15,42.0,3260.8,-1
2019-07-11,2019-07-11 11:10:00,78.88,78.88,78.75,78.75,-0.16,42.0,3260.8,-1
2019-07-11,2019-07-11 11:20:00,78.75,78.75,78.62,78.62,-0.17,42.0,3260.8,-1
2019-07-11,2019-07-11 11:30:00,78.62,78.62,78.5,78.5,-0.15,42.0,3260.8,-1
2019-07-11,2019-07-11 11:40:00,78.5,78.5,78.38,78.38,-0.15,42.0,3260.8,-1
2019-07-11,2019-07-11 11:50:00,78.38,78.38,78.25,78.25,-0.17,42.0,3260.8,-1
2019-07-11,2019-07-11 12:00:00,78.25,78.25,78.12,78.12,-0.17,42.0,3260.8,-1
2019-07-11,2019-07-11 12:10:00,78.12,78.12,78.0,78.0,-0.15,42.0,3260.8,-1
2019-07-11,2019-07-11 12:20:00,78.0,78.0,77.88,77.88,-0.15,42.0,3260.8,-1
2019-07-11,2019-07-11 12:30:00,77.88,77.88,77.75,77.75,-0.17,42.0,3260.8,-1
2019-07-11,2019-07-11 12:40:00,77.75,77.75,77.62,77.62,-0.17,42.0,3260.8,-1
2019-07-11,2019-07-11 12:50:00,77.62,77.62,77.5,77.5,-0.15,42.0,3260.8,-1
2019-07-11,2019-07-11 13:00:00,77.5,79.0,76.0,77.38,-0.15,42.0,3260.8,-1
2019-07-11,2019-07-11 13:10:00,77.38,77.38,77.25,77.25,-0.17,42.0,3260.8,-1
2019-07-11,2019-07-11 13:20:00,77.25,77.25,77.12,77.12,-0.17,42.0,3260.8,-1
2019-07-11,2019-07-11 13:30:00,77.12,77.12,77.0,77.0,-0.16,42.0,3260.8,-1
2019-07-11,2019-07-11 13:40:00,77.0,77.0,76.88,76.88,-0.16,42.0,3260.8,-1
2019-07-11,2019-07-11 13:50:00,76.88,76.88,76.75,76.75,-0.17,42.0,3260.8,-1
2019-07-11,2019-07-11 14:00:00,76.75,76.75,76.62,76.62,-0.17,42.0,3260.8,-1
2019-07-11,2019-07-11 14:10:00,76.62,76.62,76.5,76.5,-0.16,42.0,3260.8,-1
2019-07-11,2019-07-11 14:20:00,76.5,76.5,76.38,76.38,-0.16,42.0,3260.8,-1
2019-07-11,2019-07-11 14:30:00,76.38,76.38,76.25,76.25,-0.17,42.0,3260.8,-1
2019-07-11,2019-07-11 14:40:00,76.25,76.25,76.12,76.12,-0.17,42.0,3260.8,-1
2019-07-11,2019-07-11 14:50:00,76.12,76.12,76.0,76.0,-0.16,42.0,3260.8,-1
2019-07-11,2019-07-11 15:00:00,76.0,79.0,76.0,76.0,0.0,42.0,3260.8,0
2019-07-14,2019-07-14 11:00:00,75.0,75.6,75.0,75.08,0.11,11.6,879.6,1
2019-07-14,2019-07-14 11:10:00,75.08,75.17,75.08,75.17,0.12,11.6,879.6,1
2019-07-14,2019-07-14 11:20:00,75.17,75.25,75.17,75.25,0.11,11.6,879.6,1
2019-07-14,2019-07-14 11:30:00,75.25,75.33,75.25,75.33,0.11,11.6,879.6,1
2019-07-14,2019-07-14 11:40:00,75.33,75.42,75.33,75.42,0.12,11.6,879.6,1
2019-07-14,2019-07-14 11:50:00,75.42,75.5,75.42,75.5,0.11,11.6,879.6,1
2019-07-14,2019-07-14 12:00:00,75.5,75.58,75.5,75.58,0.11,11.6,879.6,1
2019-07-14,2019-07-14 12:10:00,75.58,75.67,75.58,75.67,0.12,11.6,879.6,1
2019-07-14,2019-07-14 12:20:00,75.67,75.75,75.67,75.75,0.11,11.6,879.6,1
2019-07-14,2019-07-14 12:30:00,75.75,75.83,75.75,75.83,0.11,11.6,879.6,1
2019-07-14,2019-07-14 12:40:00,75.83,75.92,75.83,75.92,0.12,11.6,879.6,1
2019-07-14,2019-07-14 12:50:00,75.92,76.0,75.92,76.0,0.11,11.6,879.6,1
2019-07-14,2019-07-14 13:00:00,76.0,77.0,75.0,76.08,0.11,11.6,879.6,1
2019-07-14,2019-07-14 13:10:00,76.08,76.17,76.08,76.17,0.12,11.6,879.6,1
2019-07-14,2019-07-14 13:20:00,76.17,76.25,76.17,76.25,0.11,11.6,879.6,1
2019-07-14,2019-07-14 13:30:00,76.25,76.33,76.25,76.33,0.1,11.6,879.6,1
2019-07-14,2019-07-14 13:40:00,76.33,76.42,76.33,76.42,0.12,11.6,879.6,1
2019-07-14,2019-07-14 13:50:00,76.42,76.5,76.42,76.5,0.1,11.6,879.6,1
2019-07-14,2019-07-14 14:00:00,76.5,76.58,76.5,76.58,0.1,11.6,879.6,1
2019-07-14,2019-07-14 14:10:00,76.58,76.67,76.58,76.67,0.12,11.6,879.6,1
2019-07-14,2019-07-14 14:20:00,76.67,76.75,76.67,76.75,0.1,11.6,879.6,1
2019-07-14,2019-07-14 14:30:00,76.75,76.83,76.75,76.83,0.1,11.6,879.6,1
2019-07-14,2019-07-14 14:40:00,76.83,76.92,76.83,76.92,0.12,11.6,879.6,1
2019-07-14,2019-07-14 14:50:00,76.92,77.0,76.92,77.0,0.1,11.6,879.6,1
2019-07-14,2019-07-14 15:00:00,77.0,77.0,75.0,77.0,0.0,11.6,879.6,0
2019-07-15,2019-07-15 11:00:00,77.0,77.3,77.0,77.04,0.05,4.0,309.6,1
2019-07-15,2019-07-15 11:10:00,77.04,77.08,77.04,77.08,0.05,4.0,309.6,1
2019-07-15,2019-07-15 11:20:00,77.08,77.12,77.08,77.12,0.05,4.0,309.6,1
2019-07-15,2019-07-15 11:30:00,77.12,77.17,77.12,77.17,0.06,4.0,309.6,1
2019-07-15,2019-07-15 11:40:00,77.17,77.21,77.17,77.21,0.05,4.0,309.6,1
2019-07-15,2019-07-15 11:50:00,77.21,77.25,77.21,77.25,0.05,4.0,309.6,1
2019-07-15,2019-07-15 12:00:00,77.25,77.29,77.25,77.29,0.05,4.0,309.6,1
2019-07-15,2019-07-15 12:10:00,77.29,77.33,77.29,77.33,0.05,4.0,309.6,1
2019-07-15,2019-07-15 12:20:00,77.33,77.38,77.33,77.38,0.06,4.0,309.6,1
2019-07-15,2019-07-15 12:30:00,77.38,77.42,77.38,77.42,0.05,4.0,309.6,1
2019-07-15,2019-07-15 12:40:00,77.42,77.46,77.42,77.46,0.05,4.0,309.6,1
2019-07-15,2019-07-15 12:50:00,77.46,77.5,77.46,77.5,0.05,4.0,309.6,1
2019-07-15,2019-07-15 13:00:00,77.5,78.0,77.0,77.54,0.05,4.0,309.6,1
2019-07-15,2019-07-15 13:10:00,77.54,77.58,77.54,77.58,0.05,4.0,309.6,1
2019-07-15,2019-07-15 13:20:00,77.58,77.62,77.58,77.62,0.05,4.0,309.6,1
2019-07-15,2019-07-15 13:30:00,77.62,77.67,77.62,77.67,0.06,4.0,309.6,1
2019-07-15,2019-07-15 13:40:00,77.67,77.71,77.67,77.71,0.05,4.0,309.6,1
2019-07-15,2019-07-15 13:50:00,77.71,77.75,77.71,77.75,0.05,4.0,309.6,1
2019-07-15,2019-07-15 14:00:00,77.75,77.79,77.75,77.79,0.05,4.0,309.6,1
2019-07-15,2019-07-15 14:10:00,77.79,77.83,77.79,77.83,0.05,4.0,309.6,1
2019-07-15,2019-07-15 14:20:00,77.83,77.88,77.83,77.88,0.06,4.0,309.6,1
2019-07-15,2019-07-15 14:30:00,77.88,77.92,77.88,77.92,0.05,4.0,309.6,1
2019-07-15,2019-07-15 14:40:00,77.92,77.96,77.92,77.96,0.05,4.0,309.6,1
2019-07-15,2019-07-15 14:50:00,77.96,78.0,77.96,78.0,0.05,4.0,309.6,1
2019-07-15,2019-07-15 15:00:00,78.0,78.0,77.0,78.0,0.0,4.0,309.6,0
2019-07-16,2019-07-16 11:00:00,77.0,77.6,77.0,77.0,0.0,14.8,1154.0,0
2019-07-16,2019-07-16 11:10:00,77.0,77.0,77.0,77.0,0.0,14.8,1154.0,0
2019-07-16,2019-07-16 11:20:00,77.0,77.0,77.0,77.0,0.0,14.8,1154.0,0
2019-07-16,2019-07-16 11:30:00,77.0,77.0,77.0,77.0,0.0,14.8,1154.0,0
2019-07-16,2019-07-16 11:40:00,77.0,77.0,77.0,77.0,0.0,14.8,1154.0,0
2019-07-16,2019-07-16 11:50:00,77.0,77.0,77.0,77.0,0.0,14.8,1154.0,0
2019-07-16,2019-07-16 12:00:00,77.0,77.0,77.0,77.0,0.0,14.8,1154.0,0
2019-07-16,2019-07-16 12:10:00,77.0,77.0,77.0,77.0,0.0,14.8,1154.0,0
2019-07-16,2019-07-16 12:20:00,77.0,77.0,77.0,77.0,0.0,14.8,1154.0,0
2019-07-16,2019-07-16 12:30:00,77.0,77.0,77.0,77.0,0.0,14.8,1154.0,0
2019-07-16,2019-07-16 12:40:00,77.0,77.0,77.0,77.0,0.0,14.8,1154.0,0
2019-07-16,2019-07-16 12:50:00,77.0,77.0,77.0,77.0,0.0,14.8,1154.0,0
2019-07-16,2019-07-16 13:00:00,77.0,79.0,77.0,77.0,0.0,14.8,1154.0,0
2019-07-16,2019-07-16 13:10:00,77.0,77.0,77.0,77.0,0.0,14.8,1154.0,0
2019-07-16,2019-07-16 13:20:00,77.0,77.0,77.0,77.0,0.0,14.8,1154.0,0
2019-07-16,2019-07-16 13:30:00,77.0,77.0,77.0,77.0,0.0,14.8,1154.0,0
2019-07-16,2019-07-16 13:40:00,77.0,77.0,77.0,77.0,0.0,14.8,1154.0,0
2019-07-16,2019-07-16 13:50:00,77.0,77.0,77.0,77.0,0.0,14.8,1154.0,0
2019-07-16,2019-07-16 14:00:00,77.0,77.0,77.0,77.0,0.0,14.8,1154.0,0
2019-07-16,2019-07-16 14:10:00,77.0,77.0,77.0,77.0,0.0,14.8,1154.0,0
2019-07-16,2019-07-16 14:20:00,77.0,77.0,77.0,77.0,0.0,14.8,1154.0,0
2019-07-16,2019-07-16 14:30:00,77.0,77.0,77.0,77.0,0.0,14.8,1154.0,0
2019-07-16,2019-07-16 14:40:00,77.0,77.0,77.0,77.0,0.0,14.8,1154.0,0
2019-07-16,2019-07-16 14:50:00,77.0,77.0,77.0,77.0,0.0,14.8,1154.0,0
2019-07-16,2019-07-16 15:00:00,77.0,79.0,77.0,77.0,0.0,14.8,1154.0,0
2019-07-17,2019-07-17 11:00:00,78.0,78.6,78.0,78.04,0.05,18.0,1423.6,1
2019-07-17,2019-07-17 11:10:00,78.04,78.08,78.04,78.08,0.05,18.0,1423.6,1
2019-07-17,2019-07-17 11:20:00,78.08,78.12,78.08,78.12,0.05,18.0,1423.6,1
2019-07-17,2019-07-17 11:30:00,78.12,78.17,78.12,78.17,0.06,18.0,1423.6,1
2019-07-17,2019-07-17 11:40:00,78.17,78.21,78.17,78.21,0.05,18.0,1423.6,1
2019-07-17,2019-07-17 11:50:00,78.21,78.25,78.21,78.25,0.05,18.0,1423.6,1
2019-07-17,2019-07-17 12:00:00,78.25,78.29,78.25,78.29,0.05,18.0,1423.6,1
2019-07-17,2019-07-17 12:10:00,78.29,78.33,78.29,78.33,0.05,18.0,1423.6,1
2019-07-17,2019-07-17 12:20:00,78.33,78.38,78.33,78.38,0.06,18.0,1423.6,1
2019-07-17,2019-07-17 12:30:00,78.38,78.42,78.38,78.42,0.05,18.0,1423.6,1
2019-07-17,2019-07-17 12:40:00,78.42,78.46,78.42,78.46,0.05,18.0,1423.6,1
2019-07-17,2019-07-17 12:50:00,78.46,78.5,78.46,78.5,0.05,18.0,1423.6,1
2019-07-17,2019-07-17 13:00:00,78.5,80.0,78.0,78.54,0.05,18.0,1423.6,1
2019-07-17,2019-07-17 13:10:00,78.54,78.58,78.54,78.58,0.05,18.0,1423.6,1
2019-07-17,2019-07-17 13:20:00,78.58,78.62,78.58,78.62,0.05,18.0,1423.6,1
2019-07-17,2019-07-17 13:30:00,78.62,78.67,78.62,78.67,0.06,18.0,1423.6,1
2019-07-17,2019-07-17 13:40:00,78.67,78.71,78.67,78.71,0.05,18.0,1423.6,1
2019-07-17,2019-07-17 13:50:00,78.71,78.75,78.71,78.75,0.05,18.0,1423.6,1
2019-07-17,2019-07-17 14:00:00,78.75,78.79,78.75,78.79,0.05,18.0,1423.6,1
2019-07-17,2019-07-17 14:10:00,78.79,78.83,78.79,78.83,0.05,18.0,1423.6,1
2019-07-17,2019-07-17 14:20:00,78.83,78.88,78.83,78.88,0.06,18.0,1423.6,1
2019-07-17,2019-07-17 14:30:00,78.88,78.92,78.88,78.92,0.05,18.0,1423.6,1
2019-07-17,2019-07-17 14:40:00,78.92,78.96,78.92,78.96,0.05,18.0,1423.6,1
2019-07-17,2019-07-17 14:50:00,78.96,79.0,78.96,79.0,0.05,18.0,1423.6,1
2019-07-17,2019-07-17 15:00:00,79.0,80.0,78.0,79.0,0.0,18.0,1423.6,0
2019-07-18,2019-07-18 11:00:00,80.0,80.0,79.1,79.88,-0.15,6.8,540.0,-1
2019-07-18,2019-07-18 11:10:00,79.88,79.88,79.75,79.75,-0.16,6.8,540.0,-1
2019-07-18,2019-07-18 11:20:00,79.75,79.75,79.62,79.62,-0.16,6.8,540.0,-1
2019-07-18,2019-07-18 11:30:00,79.62,79.62,79.5,79.5,-0.15,6.8,540.0,-1
2019-07-18,2019-07-18 11:40:00,79.5,79.5,79.38,79.38,-0.15,6.8,540.0,-1
2019-07-18,2019-07-18 11:50:00,79.38,79.38,79.25,79.25,-0.16,6.8,540.0,-1
2019-07-18,2019-07-18 12:00:00,79.25,79.25,79.12,79.12,-0.16,6.8,540.0,-1
2019-07-18,2019-07-18 12:10:00,79.12,79.12,79.0,79.0,-0.15,6.8,540.0,-1
2019-07-18,2019-07-18 12:20:00,79.0,79.0,78.88,78.88,-0.15,6.8,540.0,-1
2019-07-18,2019-07-18 12:30:00,78.88,78.88,78.75,78.75,-0.16,6.8,540.0,-1
2019-07-18,2019-07-18 12:40:00,78.75,78.75,78.62,78.62,-0.17,6.8,540.0,-1
2019-07-18,2019-07-18 12:50:00,78.62,78.62,78.5,78.5,-0.15,6.8,540.0,-1
2019-07-18,2019-07-18 13:00:00,78.5,80.0,77.0,78.38,-0.15,6.8,540.0,-1
2019-07-18,2019-07-18 13:10:00,78.38,78.38,78.25,78.25,-0.17,6.8,540.0,-1
2019-07-18,2019-07-18 13:20:00,78.25,78.25,78.12,78.12,-0.17,6.8,540.0,-1
2019-07-18,2019-07-18 13:30:00,78.12,78.12,78.0,78.0,-0.15,6.8,540.0,-1
2019-07-18,2019-07-18 13:40:00,78.0,78.0,77.88,77.88,-0.15,6.8,540.0,-1
2019-07-18,2019-07-18 13:50:00,77.88,77.88,77.75,77.75,-0.17,6.8,540.0,-1
2019-07-18,2019-07-18 14:00:00,77.75,77.75,77.62,77.62,-0.17,6.8,540.0,-1
2019-07-18,2019-07-18 14:10:00,77.62,77.62,77.5,77.5,-0.15,6.8,540.0,-1
2019-07-18,2019-07-18 14:20:00,77.5,77.5,77.38,77.38,-0.15,6.8,540.0,-1
2019-07-18,2019-07-18 14:30:00,77.38,77.38,77.25,77.25,-0.17,6.8,540.0,-1
2019-07-18,2019-07-18 14:40:00,77.25,77.25,77.12,77.12,-0.17,6.8,540.0,-1
2019-07-18,2019-07-18 14:50:00,77.12,77.12,77.0,77.0,-0.16,6.8,540.0,-1
2019-07-18,2019-07-18 15:00:00,77.0,80.0,77.0,77.0,0.0,6.8,540.0,0
2019-07-21,2019-07-21 11:00:00,78.0,78.3,77.7,78.04,0.05,10.8,840.8,1
2019-07-21,2019-07-21 11:10:00,78.04,78.08,78.04,78.08,0.05,10.8,840.8,1
2019-07-21,2019-07-21 11:20:00,78.08,78.12,78.08,78.12,0.05,10.8,840.8,1
2019-07-21,2019-07-21 11:30:00,78.12,78.17,78.12,78.17,0.06,10.8,840.8,1
2019-07-21,2019-07-21 11:40:00,78.17,78.21,78.17,78.21,0.05,10.8,840.8,1
2019-07-21,2019-07-21 11:50:00,78.21,78.25,78.21,78.25,0.05,10.8,840.8,1
2019-07-21,2019-07-21 12:00:00,78.25,78.29,78.25,78.29,0.05,10.8,840.8,1
2019-07-21,2019-07-21 12:10:00,78.29,78.33,78.29,78.33,0.05,10.8,840.8,1
2019-07-21,2019-07-21 12:20:00,78.33,78.38,78.33,78.38,0.06,10.8,840.8,1
2019-07-21,2019-07-21 12:30:00,78.38,78.42,78.38,78.42,0.05,10.8,840.8,1
2019-07-21,2019-07-21 12:40:00,78.42,78.46,78.42,78.46,0.05,10.8,840.8,1
2019-07-21,2019-07-21 12:50:00,78.46,78.5,78.46,78.5,0.05,10.8,840.8,1
2019-07-21,2019-07-21 13:00:00,78.5,79.0,77.0,78.54,0.05,10.8,840.8,1
2019-07-21,2019-07-21 13:10:00,78.54,78.58,78.54,78.58,0.05,10.8,840.8,1
2019-07-21,2019-07-21 13:20:00,78.58,78.62,78.58,78.62,0.05,10.8,840.8,1
2019-07-21,2019-07-21 13:30:00,78.62,78.67,78.62,78.67,0.06,10.8,840.8,1
2019-07-21,2019-07-21 13:40:00,78.67,78.71,78.67,78.71,0.05,10.8,840.8,1
2019-07-21,2019-07-21 13:50:00,78.71,78.75,78.71,78.75,0.05,10.8,840.8,1
2019-07-21,2019-07-21 14:00:00,78.75,78.79,78.75,78.79,0.05,10.8,840.8,1
2019-07-21,2019-07-21 14:10:00,78.79,78.83,78.79,78.83,0.05,10.8,840.8,1
2019-07-21,2019-07-21 14:20:00,78.83,78.88,78.83,78.88,0.06,10.8,840.8,1
2019-07-21,2019-07-21 14:30:00,78.88,78.92,78.88,78.92,0.05,10.8,840.8,1
2019-07-21,2019-07-21 14:40:00,78.92,78.96,78.92,78.96,0.05,10.8,840.8,1
2019-07-21,2019-07-21 14:50:00,78.96,79.0,78.96,79.0,0.05,10.8,840.8,1
2019-07-21,2019-07-21 15:00:00,79.0,79.0,77.0,79.0,0.0,10.8,840.8,0
2019-07-22,2019-07-22 11:00:00,79.0,79.0,78.4,79.0,0.0,20.8,1618.8,0
2019-07-22,2019-07-22 11:10:00,79.0,79.0,79.0,79.0,0.0,20.8,1618.8,0
2019-07-22,2019-07-22 11:20:00,79.0,79.0,79.0,79.0,0.0,20.8,1618.8,0
2019-07-22,2019-07-22 11:30:00,79.0,79.0,79.0,79.0,0.0,20.8,1618.8,0
2019-07-22,2019-07-22 11:40:00,79.0,79.0,79.0,79.0,0.0,20.8,1618.8,0
2019-07-22,2019-07-22 11:50:00,79.0,79.0,79.0,79.0,0.0,20.8,1618.8,0
2019-07-22,2019-07-22 12:00:00,79.0,79.0,79.0,79.0,0.0,20.8,1618.8,0
2019-07-22,2019-07-22 12:10:00,79.0,79.0,79.0,79.0,0.0,20.8,1618.8,0
2019-07-22,2019-07-22 12:20:00,79.0,79.0,79.0,79.0,0.0,20.8,1618.8,0
2019-07-22,2019-07-22 12:30:00,79.0,79.0,79.0,79.0,0.0,20.8,1618.8,0
2019-07-22,2019-07-22 12:40:00,79.0,79.0,79.0,79.0,0.0,20.8,1618.8,0
2019-07-22,2019-07-22 12:50:00,79.0,79.0,79.0,79.0,0.0,20.8,1618.8,0
2019-07-22,2019-07-22 13:00:00,79.0,79.0,77.0,79.0,0.0,20.8,1618.8,0
2019-07-22,2019-07-22 13:10:00,79.0,79.0,79.0,79.0,0.0,20.8,1618.8,0
2019-07-22,2019-07-22 13:20:00,79.0,79.0,79.0,79.0,0.0,20.8,1618.8,0
2019-07-22,2019-07-22 13:30:00,79.0,79.0,79.0,79.0,0.0,20.8,1618.8,0
2019-07-22,2019-07-22 13:40:00,79.0,79.0,79.0,79.0,0.0,20.8,1618.8,0
2019-07-22,2019-07-22 13:50:00,79.0,79.0,79.0,79.0,0.0,20.8,1618.8,0
2019-07-22,2019-07-22 14:00:00,79.0,79.0,79.0,79.0,0.0,20.8,1618.8,0
2019-07-22,2019-07-22 14:10:00,79.0,79.0,79.0,79.0,0.0,20.8,1618.8,0
2019-07-22,2019-07-22 14:20:00,79.0,79.0,79.0,79.0,0.0,20.8,1618.8,0
2019-07-22,2019-07-22 14:30:00,79.0,79.0,79.0,79.0,0.0,20.8,1618.8,0
2019-07-22,2019-07-22 14:40:00,79.0,79.0,79.0,79.0,0.0,20.8,1618.8,0
2019-07-22,2019-07-22 14:50:00,79.0,79.0,79.0,79.0,0.0,20.8,1618.8,0
2019-07-22,2019-07-22 15:00:00,79.0,79.0,77.0,79.0,0.0,20.8,1618.8,0
2019-07-23,2019-07-23 11:00:00,79.0,79.3,78.7,78.96,-0.05,11.2,885.6,-1
2019-07-23,2019-07-23 11:10:00,78.96,78.96,78.92,78.92,-0.05,11.2,885.6,-1
2019-07-23,2019-07-23 11:20:00,78.92,78.92,78.88,78.88,-0.05,11.2,885.6,-1
2019-07-23,2019-07-23 11:30:00,78.88,78.88,78.83,78.83,-0.06,11.2,885.6,-1
2019-07-23,2019-07-23 11:40:00,78.83,78.83,78.79,78.79,-0.05,11.2,885.6,-1
2019-07-23,2019-07-23 11:50:00,78.79,78.79,78.75,78.75,-0.05,11.2,885.6,-1
2019-07-23,2019-07-23 12:00:00,78.75,78.75,78.71,78.71,-0.05,11.2,885.6,-1
2019-07-23,2019-07-23 12:10:00,78.71,78.71,78.67,78.67,-0.05,11.2,885.6,-1
2019-07-23,2019-07-23 12:20:00,78.67,78.67,78.62,78.62,-0.06,11.2,885.6,-1
2019-07-23,2019-07-23 12:30:00,78.62,78.62,78.58,78.58,-0.05,11.2,885.6,-1
2019-07-23,2019-07-23 12:40:00,78.58,78.58,78.54,78.54,-0.05,11.2,885.6,-1
2019-07-23,2019-07-23 12:50:00,78.54,78.54,78.5,78.5,-0.05,11.2,885.6,-1
2019-07-23,2019-07-23 13:00:00,78.5,80.0,78.0,78.46,-0.05,11.2,885.6,-1
2019-07-23,2019-07-23 13:10:00,78.46,78.46,78.42,78.42,-0.05,11.2,885.6,-1
2019-07-23,2019-07-23 13:20:00,78.42,78.42,78.38,78.38,-0.05,11.2,885.6,-1
2019-07-23,2019-07-23 13:30:00,78.38,78.38,78.33,78.33,-0.06,11.2,885.6,-1
2019-07-23,2019-07-23 13:40:00,78.33,78.33,78.29,78.29,-0.05,11.2,885.6,-1
2019-07-23,2019-07-23 13:50:00,78.29,78.29,78.25,78.25,-0.05,11.2,885.6,-1
2019-07-23,2019-07-23 14:00:00,78.25,78.25,78.21,78.21,-0.05,11.2,885.6,-1
2019-07-23,2019-07-23 14:10:00,78.21,78.21,78.17,78.17,-0.05,11.2,885.6,-1
2019-07-23,2019-07-23 14:20:00,78.17,78.17,78.12,78.12,-0.06,11.2,885.6,-1
2019-07-23,2019-07-23 14:30:00,78.12,78.12,78.08,78.08,-0.05,11.2,885.6,-1
2019-07-23,2019-07-23 14:40:00,78.08,78.08,78.04,78.04,-0.05,11.2,885.6,-1
2019-07-23,2019-07-23 14:50:00,78.04,78.04,78.0,78.0,-0.05,11.2,885.6,-1
2019-07-23,2019-07-23 15:00:00,78.0,80.0,78.0,78.0,0.0,11.2,885.6,0
2019-07-24,2019-07-24 11:00:00,78.0,78.6,77.4,78.04,0.05,17.2,1336.8,1
2019-07-24,2019-07-24 11:10:00,78.04,78.08,78.04,78.08,0.05,17.2,1336.8,1
2019-07-24,2019-07-24 11:20:00,78.08,78.12,78.08,78.12,0.05,17.2,1336.8,1
2019-07-24,2019-07-24 11:30:00,78.12,78.17,78.12,78.17,0.06,17.2,1336.8,1
2019-07-24,2019-07-24 11:40:00,78.17,78.21,78.17,78.21,0.05,17.2,1336.8,1
2019-07-24,2019-07-24 11:50:00,78.21,78.25,78.21,78.25,0.05,17.2,1336.8,1
2019-07-24,2019-07-24 12:00:00,78.25,78.29,78.25,78.29,0.05,17.2,1336.8,1
2019-07-24,2019-07-24 12:10:00,78.29,78.33,78.29,78.33,0.05,17.2,1336.8,1
2019-07-24,2019-07-24 12:20:00,78.33,78.38,78.33,78.38,0.06,17.2,1336.8,1
2019-07-24,2019-07-24 12:30:00,78.38,78.42,78.38,78.42,0.05,17.2,1336.8,1
2019-07-24,2019-07-24 12:40:00,78.42,78.46,78.42,78.46,0.05,17.2,1336.8,1
2019-07-24,2019-07-24 12:50:00,78.46,78.5,78.46,78.5,0.05,17.2,1336.8,1
2019-07-24,2019-07-24 13:00:00,78.5,80.0,76.0,78.54,0.05,17.2,1336.8,1
2019-07-24,2019-07-24 13:10:00,78.54,78.58,78.54,78.58,0.05,17.2,1336.8,1
2019-07-24,2019-07-24 13:20:00,78.58,78.62,78.58,78.62,0.05,17.2,1336.8,1
2019-07-24,2019-07-24 13:30:00,78.62,78.67,78.62,78.67,0.06,17.2,1336.8,1
2019-07-24,2019-07-24 13:40:00,78.67,78.71,78.67,78.71,0.05,17.2,1336.8,1
2019-07-24,2019-07-24 13:50:00,78.71,78.75,78.71,78.75,0.05,17.2,1336.8,1
2019-07-24,2019-07-24 14:00:00,78.75,78.79,78.75,78.79,0.05,17.2,1336.8,1
2019-07-24,2019-07-24 14:10:00,78.79,78.83,78.79,78.83,0.05,17.2,1336.8,1
2019-07-24,2019-07-24 14:20:00,78.83,78.88,78.83,78.88,0.06,17.2,1336.8,1
2019-07-24,2019-07-24 14:30:00,78.88,78.92,78.88,78.92,0.05,17.2,1336.8,1
2019-07-24,2019-07-24 14:40:00,78.92,78.96,78.92,78.96,0.05,17.2,1336.8,1
2019-07-24,2019-07-24 14:50:00,78.96,79.0,78.96,79.0,0.05,17.2,1336.8,1
2019-07-24,2019-07-24 15:00:00,79.0,80.0,76.0,79.0,0.0,17.2,1336.8,0
2019-07-25,2019-07-25 11:00:00,79.0,79.3,79.0,79.0,0.0,15.2,1208.0,0
2019-07-25,2019-07-25 11:10:00,79.0,79.0,79.0,79.0,0.0,15.2,1208.0,0
2019-07-25,2019-07-25 11:20:00,79.0,79.0,79.0,79.0,0.0,15.2,1208.0,0
2019-07-25,2019-07-25 11:30:00,79.0,79.0,79.0,79.0,0.0,15.2,1208.0,0
2019-07-25,2019-07-25 11:40:00,79.0,79.0,79.0,79.0,0.0,15.2,1208.0,0
2019-07-25,2019-07-25 11:50:00,79.0,79.0,79.0,79.0,0.0,15.2,1208.0,0
2019-07-25,2019-07-25 12:00:00,79.0,79.0,79.0,79.0,0.0,15.2,1208.0,0
2019-07-25,2019-07-25 12:10:00,79.0,79.0,79.0,79.0,0.0,15.2,1208.0,0
2019-07-25,2019-07-25 12:20:00,79.0,79.0,79.0,79.0,0.0,15.2,1208.0,0
2019-07-25,2019-07-25 12:30:00,79.0,79.0,79.0,79.0,0.0,15.2,1208.0,0
2019-07-25,2019-07-25 12:40:00,79.0,79.0,79.0,79.0,0.0,15.2,1208.0,0
2019-07-25,2019-07-25 12:50:00,79.0,79.0,79.0,79.0,0.0,15.2,1208.0,0
2019-07-25,2019-07-25 13:00:00,79.0,80.0,79.0,79.0,0.0,15.2,1208.0,0
2019-07-25,2019-07-25 13:10:00,79.0,79.0,79.0,79.0,0.0,15.2,1208.0,0
2019-07-25,2019-07-25 13:20:00,79.0,79.0,79.0,79.0,0.0,15.2,1208.0,0
2019-07-25,2019-07-25 13:30:00,79.0,79.0,79.0,79.0,0.0,15.2,1208.0,0
2019-07-25,2019-07-25 13:40:00,79.0,79.0,79.0,79.0,0.0,15.2,1208.0,0
2019-07-25,2019-07-25 13:50:00,79.0,79.0,79.0,79.0,0.0,15.2,1208.0,0
2019-07-25,2019-07-25 14:00:00,79.0,79.0,79.0,79.0,0.0,15.2,1208.0,0
2019-07-25,2019-07-25 14:10:00,79.0,79.0,79.0,79.0,0.0,15.2,1208.0,0
2019-07-25,2019-07-25 14:20:00,79.0,79.0,79.0,79.0,0.0,15.2,1208.0,0
2019-07-25,2019-07-25 14:30:00,79.0,79.0,79.0,79.0,0.0,15.2,1208.0,0
2019-07-25,2019-07-25 14:40:00,79.0,79.0,79.0,79.0,0.0,15.2,1208.0,0
2019-07-25,2019-07-25 14:50:00,79.0,79.0,79.0,79.0,0.0,15.2,1208.0,0
2019-07-25,2019-07-25 15:00:00,79.0,80.0,79.0,79.0,0.0,15.2,1208.0,0
2019-07-28,2019-07-28 11:00:00,78.0,78.0,78.0,78.0,0.0,7.6,592.8,0
2019-07-28,2019-07-28 11:10:00,78.0,78.0,78.0,78.0,0.0,7.6,592.8,0
2019-07-28,2019-07-28 11:20:00,78.0,78.0,78.0,78.0,0.0,7.6,592.8,0
2019-07-28,2019-07-28 11:30:00,78.0,78.0,78.0,78.0,0.0,7.6,592.8,0
2019-07-28,2019-07-28 11:40:00,78.0,78.0,78.0,78.0,0.0,7.6,592.8,0
2019-07-28,2019-07-28 11:50:00,78.0,78.0,78.0,78.0,0.0,7.6,592.8,0
2019-07-28,2019-07-28 12:00:00,78.0,78.0,78.0,78.0,0.0,7.6,592.8,0
2019-07-28,2019-07-28 12:10:00,78.0,78.0,78.0,78.0,0.0,7.6,592.8,0
2019-07-28,2019-07-28 12:20:00,78.0,78.0,78.0,78.0,0.0,7.6,592.8,0
2019-07-28,2019-07-28 12:30:00,78.0,78.0,78.0,78.0,0.0,7.6,592.8,0
2019-07-28,2019-07-28 12:40:00,78.0,78.0,78.0,78.0,0.0,7.6,592.8,0
2019-07-28,2019-07-28 12:50:00,78.0,78.0,78.0,78.0,0.0,7.6,592.8,0
2019-07-28,2019-07-28 13:00:00,78.0,78.0,78.0,78.0,0.0,7.6,592.8,0
2019-07-28,2019-07-28 13:10:00,78.0,78.0,78.0,78.0,0.0,7.6,592.8,0
2019-07-28,2019-07-28 13:20:00,78.0,78.0,78.0,78.0,0.0,7.6,592.8,0
2019-07-28,2019-07-28 13:30:00,78.0,78.0,78.0,78.0,0.0,7.6,592.8,0
2019-07-28,2019-07-28 13:40:00,78.0,78.0,78.0,78.0,0.0,7.6,592.8,0
2019-07-28,2019-07-28 13:50:00,78.0,78.0,78.0,78.0,0.0,7.6,592.8,0
2019-07-28,2019-07-28 14:00:00,78.0,78.0,78.0,78.0,0.0,7.6,592.8,0
2019-07-28,2019-07-28 14:10:00,78.0,78.0,78.0,78.0,0.0,7.6,592.8,0
2019-07-28,2019-07-28 14:20:00,78.0,78.0,78.0,78.0,0.0,7.6,592.8,0
2019-07-28,2019-07-28 14:30:00,78.0,78.0,78.0,78.0,0.0,7.6,592.8,0
2019-07-28,2019-07-28 14:40:00,78.0,78.0,78.0,78.0,0.0,7.6,592.8,0
2019-07-28,2019-07-28 14:50:00,78.0,78.0,78.0,78.0,0.0,7.6,592.8,0
2019-07-28,2019-07-28 15:00:00,78.0,78.0,78.0,78.0,0.0,7.6,592.8,0
2019-07-29,2019-07-29 11:00:00,78.0,78.0,76.8,77.88,-0.15,6.4,486.0,-1
2019-07-29,2019-07-29 11:10:00,77.88,77.88,77.75,77.75,-0.17,6.4,486.0,-1
2019-07-29,2019-07-29 11:20:00,77.75,77.75,77.62,77.62,-0.17,6.4,486.0,-1
2019-07-29,2019-07-29 11:30:00,77.62,77.62,77.5,77.5,-0.15,6.4,486.0,-1
2019-07-29,2019-07-29 11:40:00,77.5,77.5,77.38,77.38,-0.15,6.4,486.0,-1
2019-07-29,2019-07-29 11:50:00,77.38,77.38,77.25,77.25,-0.17,6.4,486.0,-1
2019-07-29,2019-07-29 12:00:00,77.25,77.25,77.12,77.12,-0.17,6.4,486.0,-1
2019-07-29,2019-07-29 12:10:00,77.12,77.12,77.0,77.0,-0.16,6.4,486.0,-1
2019-07-29,2019-07-29 12:20:00,77.0,77.0,76.88,76.88,-0.16,6.4,486.0,-1
2019-07-29,2019-07-29 12:30:00,76.88,76.88,76.75,76.75,-0.17,6.4,486.0,-1
2019-07-29,2019-07-29 12:40:00,76.75,76.75,76.62,76.62,-0.17,6.4,486.0,-1
2019-07-29,2019-07-29 12:50:00,76.62,76.62,76.5,76.5,-0.16,6.4,486.0,-1
2019-07-29,2019-07-29 13:00:00,76.5,78.0,74.0,76.38,-0.16,6.4,486.0,-1
2019-07-29,2019-07-29 13:10:00,76.38,76.38,76.25,76.25,-0.17,6.4,486.0,-1
2019-07-29,2019-07-29 13:20:00,76.25,76.25,76.12,76.12,-0.17,6.4,486.0,-1
2019-07-29,2019-07-29 13:30:00,76.12,76.12,76.0,76.0,-0.16,6.4,486.0,-1
2019-07-29,2019-07-29 13:40:00,76.0,76.0,75.88,75.88,-0.16,6.4,486.0,-1
2019-07-29,2019-07-29 13:50:00,75.88,75.88,75.75,75.75,-0.17,6.4,486.0,-1
2019-07-29,2019-07-29 14:00:00,75.75,75.75,75.62,75.62,-0.17,6.4,486.0,-1
2019-07-29,2019-07-29 14:10:00,75.62,75.62,75.5,75.5,-0.16,6.4,486.0,-1
2019-07-29,2019-07-29 14:20:00,75.5,75.5,75.38,75.38,-0.16,6.4,486.0,-1
2019-07-29,2019-07-29 14:30:00,75.38,75.38,75.25,75.25,-0.17,6.4,486.0,-1
2019-07-29,2019-07-29 14:40:00,75.25,75.25,75.12,75.12,-0.17,6.4,486.0,-1
2019-07-29,2019-07-29 14:50:00,75.12,75.12,75.0,75.0,-0.16,6.4,486.0,-1
2019-07-29,2019-07-29 15:00:00,75.0,78.0,74.0,75.0,0.0,6.4,486.0,0
2019-07-30,2019-07-30 11:00:00,75.0,75.3,74.7,75.0,0.0,17.6,1316.4,0
2019-07-30,2019-07-30 11:10:00,75.0,75.0,75.0,75.0,0.0,17.6,1316.4,0
2019-07-30,2019-07-30 11:20:00,75.0,75.0,75.0,75.0,0.0,17.6,1316.4,0
2019-07-30,2019-07-30 11:30:00,75.0,75.0,75.0,75.0,0.0,17.6,1316.4,0
2019-07-30,2019-07-30 11:40:00,75.0,75.0,75.0,75.0,0.0,17.6,1316.4,0
2019-07-30,2019-07-30 11:50:00,75.0,75.0,75.0,75.0,0.0,17.6,1316.4,0
2019-07-30,2019-07-30 12:00:00,75.0,75.0,75.0,75.0,0.0,17.6,1316.4,0
2019-07-30,2019-07-30 12:10:00,75.0,75.0,75.0,75.0,0.0,17.6,1316.4,0
2019-07-30,2019-07-30 12:20:00,75.0,75.0,75.0,75.0,0.0,17.6,1316.4,0
2019-07-30,2019-07-30 12:30:00,75.0,75.0,75.0,75.0,0.0,17.6,1316.4,0
2019-07-30,2019-07-30 12:40:00,75.0,75.0,75.0,75.0,0.0,17.6,1316.4,0
2019-07-30,2019-07-30 12:50:00,75.0,75.0,75.0,75.0,0.0,17.6,1316.4,0
2019-07-30,2019-07-30 13:00:00,75.0,76.0,74.0,75.0,0.0,17.6,1316.4,0
2019-07-30,2019-07-30 13:10:00,75.0,75.0,75.0,75.0,0.0,17.6,1316.4,0
2019-07-30,2019-07-30 13:20:00,75.0,75.0,75.0,75.0,0.0,17.6,1316.4,0
2019-07-30,2019-07-30 13:30:00,75.0,75.0,75.0,75.0,0.0,17.6,1316.4,0
2019-07-30,2019-07-30 13:40:00,75.0,75.0,75.0,75.0,0.0,17.6,1316.4,0
2019-07-30,2019-07-30 13:50:00,75.0,75.0,75.0,75.0,0.0,17.6,1316.4,0
2019-07-30,2019-07-30 14:00:00,75.0,75.0,75.0,75.0,0.0,17.6,1316.4,0
2019-07-30,2019-07-30 14:10:00,75.0,75.0,75.0,75.0,0.0,17.6,1316.4,0
2019-07-30,2019-07-30 14:20:00,75.0,75.0,75.0,75.0,0.0,17.6,1316.4,0
2019-07-30,2019-07-30 14:30:00,75.0,75.0,75.0,75.0,0.0,17.6,1316.4,0
2019-07-30,2019-07-30 14:40:00,75.0,75.0,75.0,75.0,0.0,17.6,1316.4,0
2019-07-30,2019-07-30 14:50:00,75.0,75.0,75.0,75.0,0.0,17.6,1316.4,0
2019-07-30,2019-07-30 15:00:00,75.0,76.0,74.0,75.0,0.0,17.6,1316.4,0
2019-07-31,2019-07-31 11:00:00,74.0,74.6,74.0,74.04,0.05,13.2,982.4,1
2019-07-31,2019-07-31 11:10:00,74.04,74.08,74.04,74.08,0.05,13.2,982.4,1
2019-07-31,2019-07-31 11:20:00,74.08,74.12,74.08,74.12,0.05,13.2,982.4,1
2019-07-31,2019-07-31 11:30:00,74.12,74.17,74.12,74.17,0.07,13.2,982.4,1
2019-07-31,2019-07-31 11:40:00,74.17,74.21,74.17,74.21,0.05,13.2,982.4,1
2019-07-31,2019-07-31 11:50:00,74.21,74.25,74.21,74.25,0.05,13.2,982.4,1
2019-07-31,2019-07-31 12:00:00,74.25,74.29,74.25,74.29,0.05,13.2,982.4,1
2019-07-31,2019-07-31 12:10:00,74.29,74.33,74.29,74.33,0.05,13.2,982.4,1
2019-07-31,2019-07-31 12:20:00,74.33,74.38,74.33,74.38,0.07,13.2,982.4,1
2019-07-31,2019-07-31 12:30:00,74.38,74.42,74.38,74.42,0.05,13.2,982.4,1
2019-07-31,2019-07-31 12:40:00,74.42,74.46,74.42,74.46,0.05,13.2,982.4,1
2019-07-31,2019-07-31 12:50:00,74.46,74.5,74.46,74.5,0.05,13.2,982.4,1
2019-07-31,2019-07-31 13:00:00,74.5,76.0,74.0,74.54,0.05,13.2,982.4,1
2019-07-31,2019-07-31 13:10:00,74.54,74.58,74.54,74.58,0.05,13.2,982.4,1
2019-07-31,2019-07-31 13:20:00,74.58,74.62,74.58,74.62,0.05,13.2,982.4,1
2019-07-31,2019-07-31 13:30:00,74.62,74.67,74.62,74.67,0.07,13.2,982.4,1
2019-07-31,2019-07-31 13:40:00,74.67,74.71,74.67,74.71,0.05,13.2,982.4,1
2019-07-31,2019-07-31 13:50:00,74.71,74.75,74.71,74.75,0.05,13.2,982.4,1
2019-07-31,2019-07-31 14:00:00,74.75,74.79,74.75,74.79,0.05,13.2,982.4,1
2019-07-31,2019-07-31 14:10:00,74.79,74.83,74.79,74.83,0.05,13.2,982.4,1
2019-07-31,2019-07-31 14:20:00,74.83,74.88,74.83,74.88,0.07,13.2,982.4,1
2019-07-31,2019-07-31 14:30:00,74.88,74.92,74.88,74.92,0.05,13.2,982.4,1
2019-07-31,2019-07-31 14:40:00,74.92,74.96,74.92,74.96,0.05,13.2,982.4,1
2019-07-31,2019-07-31 14:50:00,74.96,75.0,74.96,75.0,0.05,13.2,982.4,1
2019-07-31,2019-07-31 15:00:00,75.0,76.0,74.0,75.0,0.0,13.2,982.4,0
2019-08-01,2019-08-01 11:00:00,74.0,74.6,74.0,74.0,0.0,13.2,984.8,0
2019-08-01,2019-08-01 11:10:00,74.0,74.0,74.0,74.0,0.0,13.2,984.8,0
2019-08-01,2019-08-01 11:20:00,74.0,74.0,74.0,74.0,0.0,13.2,984.8,0
2019-08-01,2019-08-01 11:30:00,74.0,74.0,74.0,74.0,0.0,13.2,984.8,0
2019-08-01,2019-08-01 11:40:00,74.0,74.0,74.0,74.0,0.0,13.2,984.8,0
2019-08-01,2019-08-01 11:50:00,74.0,74.0,74.0,74.0,0.0,13.2,984.8,0
2019-08-01,2019-08-01 12:00:00,74.0,74.0,74.0,74.0,0.0,13.2,984.8,0
2019-08-01,2019-08-01 12:10:00,74.0,74.0,74.0,74.0,0.0,13.2,984.8,0
2019-08-01,2019-08-01 12:20:00,74.0,74.0,74.0,74.0,0.0,13.2,984.8,0
2019-08-01,2019-08-01 12:30:00,74.0,74.0,74.0,74.0,0.0,13.2,984.8,0
2019-08-01,2019-08-01 12:40:00,74.0,74.0,74.0,74.0,0.0,13.2,984.8,0
2019-08-01,2019-08-01 12:50:00,74.0,74.0,74.0,74.0,0.0,13.2,984.8,0
2019-08-01,2019-08-01 13:00:00,74.0,76.0,74.0,74.0,0.0,13.2,984.8,0
2019-08-01,2019-08-01 13:10:00,74.0,74.0,74.0,74.0,0.0,13.2,984.8,0
2019-08-01,2019-08-01 13:20:00,74.0,74.0,74.0,74.0,0.0,13.2,984.8,0
2019-08-01,2019-08-01 13:30:00,74.0,74.0,74.0,74.0,0.0,13.2,984.8,0
2019-08-01,2019-08-01 13:40:00,74.0,74.0,74.0,74.0,0.0,13.2,984.8,0
2019-08-01,2019-08-01 13:50:00,74.0,74.0,74.0,74.0,0.0,13.2,984.8,0
2019-08-01,2019-08-01 14:00:00,74.0,74.0,74.0,74.0,0.0,13.2,984.8,0
2019-08-01,2019-08-01 14:10:00,74.0,74.0,74.0,74.0,0.0,13.2,984.8,0
2019-08-01,2019-08-01 14:20:00,74.0,74.0,74.0,74.0,0.0,13.2,984.8,0
2019-08-01,2019-08-01 14:30:00,74.0,74.0,74.0,74.0,0.0,13.2,984.8,0
2019-08-01,2019-08-01 14:40:00,74.0,74.0,74.0,74.0,0.0,13.2,984.8,0
2019-08-01,2019-08-01 14:50:00,74.0,74.0,74.0,74.0,0.0,13.2,984.8,0
2019-08-01,2019-08-01 15:00:00,74.0,76.0,74.0,74.0,0.0,13.2,984.8,0
2019-08-04,2019-08-04 11:00:00,73.0,73.6,73.0,73.04,0.05,19.2,1412.8,1
2019-08-04,2019-08-04 11:10:00,73.04,73.08,73.04,73.08,0.05,19.2,1412.8,1
2019-08-04,2019-08-04 11:20:00,73.08,73.12,73.08,73.12,0.05,19.2,1412.8,1
2019-08-04,2019-08-04 11:30:00,73.12,73.17,73.12,73.17,0.07,19.2,1412.8,1
2019-08-04,2019-08-04 11:40:00,73.17,73.21,73.17,73.21,0.05,19.2,1412.8,1
2019-08-04,2019-08-04 11:50:00,73.21,73.25,73.21,73.25,0.05,19.2,1412.8,1
2019-08-04,2019-08-04 12:00:00,73.25,73.29,73.25,73.29,0.05,19.2,1412.8,1
2019-08-04,2019-08-04 12:10:00,73.29,73.33,73.29,73.33,0.05,19.2,1412.8,1
2019-08-04,2019-08-04 12:20:00,73.33,73.38,73.33,73.38,0.07,19.2,1412.8,1
2019-08-04,2019-08-04 12:30:00,73.38,73.42,73.38,73.42,0.05,19.2,1412.8,1
2019-08-04,2019-08-04 12:40:00,73.42,73.46,73.42,73.46,0.05,19.2,1412.8,1
2019-08-04,2019-08-04 12:50:00,73.46,73.5,73.46,73.5,0.05,19.2,1412.8,1
2019-08-04,2019-08-04 13:00:00,73.5,75.0,73.0,73.54,0.05,19.2,1412.8,1
2019-08-04,2019-08-04 13:10:00,73.54,73.58,73.54,73.58,0.05,19.2,1412.8,1
2019-08-04,2019-08-04 13:20:00,73.58,73.62,73.58,73.62,0.05,19.2,1412.8,1
2019-08-04,2019-08-04 13:30:00,73.62,73.67,73.62,73.67,0.07,19.2,1412.8,1
2019-08-04,2019-08-04 13:40:00,73.67,73.71,73.67,73.71,0.05,19.2,1412.8,1
2019-08-04,2019-08-04 13:50:00,73.71,73.75,73.71,73.75,0.05,19.2,1412.8,1
2019-08-04,2019-08-04 14:00:00,73.75,73.79,73.75,73.79,0.05,19.2,1412.8,1
2019-08-04,2019-08-04 14:10:00,73.79,73.83,73.79,73.83,0.05,19.2,1412.8,1
2019-08-04,2019-08-04 14:20:00,73.83,73.88,73.83,73.88,0.07,19.2,1412.8,1
2019-08-04,2019-08-04 14:30:00,73.88,73.92,73.88,73.92,0.05,19.2,1412.8,1
2019-08-04,2019-08-04 14:40:00,73.92,73.96,73.92,73.96,0.05,19.2,1412.8,1
2019-08-04,2019-08-04 14:50:00,73.96,74.0,73.96,74.0,0.05,19.2,1412.8,1
2019-08-04,2019-08-04 15:00:00,74.0,75.0,73.0,74.0,0.0,19.2,1412.8,0
2019-08-05,2019-08-05 11:00:00,74.0,74.0,73.7,73.96,-0.05,9.2,676.0,-1
2019-08-05,2019-08-05 11:10:00,73.96,73.96,73.92,73.92,-0.05,9.2,676.0,-1
2019-08-05,2019-08-05 11:20:00,73.92,73.92,73.88,73.88,-0.05,9.2,676.0,-1
2019-08-05,2019-08-05 11:30:00,73.88,73.88,73.83,73.83,-0.07,9.2,676.0,-1
2019-08-05,2019-08-05 11:40:00,73.83,73.83,73.79,73.79,-0.05,9.2,676.0,-1
2019-08-05,2019-08-05 11:50:00,73.79,73.79,73.75,73.75,-0.05,9.2,676.0,-1
2019-08-05,2019-08-05 12:00:00,73.75,73.75,73.71,73.71,-0.05,9.2,676.0,-1
2019-08-05,2019-08-05 12:10:00,73.71,73.71,73.67,73.67,-0.05,9.2,676.0,-1
2019-08-05,2019-08-05 12:20:00,73.67,73.67,73.62,73.62,-0.07,9.2,676.0,-1
2019-08-05,2019-08-05 12:30:00,73.62,73.62,73.58,73.58,-0.05,9.2,676.0,-1
2019-08-05,2019-08-05 12:40:00,73.58,73.58,73.54,73.54,-0.05,9.2,676.0,-1
2019-08-05,2019-08-05 12:50:00,73.54,73.54,73.5,73.5,-0.05,9.2,676.0,-1
2019-08-05,2019-08-05 13:00:00,73.5,74.0,73.0,73.46,-0.05,9.2,676.0,-1
2019-08-05,2019-08-05 13:10:00,73.46,73.46,73.42,73.42,-0.05,9.2,676.0,-1
2019-08-05,2019-08-05 13:20:00,73.42,73.42,73.38,73.38,-0.05,9.2,676.0,-1
2019-08-05,2019-08-05 13:30:00,73.38,73.38,73.33,73.33,-0.07,9.2,676.0,-1
2019-08-05,2019-08-05 13:40:00,73.33,73.33,73.29,73.29,-0.05,9.2,676.0,-1
2019-08-05,2019-08-05 13:50:00,73.29,73.29,73.25,73.25,-0.05,9.2,676.0,-1
2019-08-05,2019-08-05 14:00:00,73.25,73.25,73.21,73.21,-0.05,9.2,676.0,-1
2019-08-05,2019-08-05 14:10:00,73.21,73.21,73.17,73.17,-0.05,9.2,676.0,-1
2019-08-05,2019-08-05 14:20:00,73.17,73.17,73.12,73.12,-0.07,9.2,676.0,-1
2019-08-05,2019-08-05 14:30:00,73.12,73.12,73.08,73.08,-0.05,9.2,676.0,-1
2019-08-05,2019-08-05 14:40:00,73.08,73.08,73.04,73.04,-0.05,9.2,676.0,-1
2019-08-05,2019-08-05 14:50:00,73.04,73.04,73.0,73.0,-0.05,9.2,676.0,-1
2019-08-05,2019-08-05 15:00:00,73.0,74.0,73.0,73.0,0.0,9.2,676.0,0
2019-08-06,2019-08-06 11:00:00,74.0,74.3,73.7,74.04,0.05,26.0,1915.6,1
2019-08-06,2019-08-06 11:10:00,74.04,74.08,74.04,74.08,0.05,26.0,1915.6,1
2019-08-06,2019-08-06 11:20:00,74.08,74.12,74.08,74.12,0.05,26.0,1915.6,1
2019-08-06,2019-08-06 11:30:00,74.12,74.17,74.12,74.17,0.07,26.0,1915.6,1
2019-08-06,2019-08-06 11:40:00,74.17,74.21,74.17,74.21,0.05,26.0,1915.6,1
2019-08-06,2019-08-06 11:50:00,74.21,74.25,74.21,74.25,0.05,26.0,1915.6,1
2019-08-06,2019-08-06 12:00:00,74.25,74.29,74.25,74.29,0.05,26.0,1915.6,1
2019-08-06,2019-08-06 12:10:00,74.29,74.33,74.29,74.33,0.05,26.0,1915.6,1
2019-08-06,2019-08-06 12:20:00,74.33,74.38,74.33,74.38,0.07,26.0,1915.6,1
2019-08-06,2019-08-06 12:30:00,74.38,74.42,74.38,74.42,0.05,26.0,1915.6,1
2019-08-06,2019-08-06 12:40:00,74.42,74.46,74.42,74.46,0.05,26.0,1915.6,1
2019-08-06,2019-08-06 12:50:00,74.46,74.5,74.46,74.5,0.05,26.0,1915.6,1
2019-08-06,2019-08-06 13:00:00,74.5,75.0,73.0,74.54,0.05,26.0,1915.6,1
2019-08-06,2019-08-06 13:10:00,74.54,74.58,74.54,74.58,0.05,26.0,1915.6,1
2019-08-06,2019-08-06 13:20:00,74.58,74.62,74.58,74.62,0.05,26.0,1915.6,1
2019-08-06,2019-08-06 13:30:00,74.62,74.67,74.62,74.67,0.07,26.0,1915.6,1
2019-08-06,2019-08-06 13:40:00,74.67,74.71,74.67,74.71,0.05,26.0,1915.6,1
2019-08-06,2019-08-06 13:50:00,74.71,74.75,74.71,74.75,0.05,26.0,1915.6,1
2019-08-06,2019-08-06 14:00:00,74.75,74.79,74.75,74.79,0.05,26.0,1915.6,1
2019-08-06,2019-08-06 14:10:00,74.79,74.83,74.79,74.83,0.05,26.0,1915.6,1
2019-08-06,2019-08-06 14:20:00,74.83,74.88,74.83,74.88,0.07,26.0,1915.6,1
2019-08-06,2019-08-06 14:30:00,74.88,74.92,74.88,74.92,0.05,26.0,1915.6,1
2019-08-06,2019-08-06 14:40:00,74.92,74.96,74.92,74.96,0.05,26.0,1915.6,1
2019-08-06,2019-08-06 14:50:00,74.96,75.0,74.96,75.0,0.05,26.0,1915.6,1
2019-08-06,2019-08-06 15:00:00,75.0,75.0,73.0,75.0,0.0,26.0,1915.6,0
2019-08-07,2019-08-07 11:00:00,74.0,74.0,73.1,74.0,0.0,8.0,584.0,0
2019-08-07,2019-08-07 11:10:00,74.0,74.0,74.0,74.0,0.0,8.0,584.0,0
2019-08-07,2019-08-07 11:20:00,74.0,74.0,74.0,74.0,0.0,8.0,584.0,0
2019-08-07,2019-08-07 11:30:00,74.0,74.0,74.0,74.0,0.0,8.0,584.0,0
2019-08-07,2019-08-07 11:40:00,74.0,74.0,74.0,74.0,0.0,8.0,584.0,0
2019-08-07,2019-08-07 11:50:00,74.0,74.0,74.0,74.0,0.0,8.0,584.0,0
2019-08-07,2019-08-07 12:00:00,74.0,74.0,74.0,74.0,0.0,8.0,584.0,0
2019-08-07,2019-08-07 12:10:00,74.0,74.0,74.0,74.0,0.0,8.0,584.0,0
2019-08-07,2019-08-07 12:20:00,74.0,74.0,74.0,74.0,0.0,8.0,584.0,0
2019-08-07,2019-08-07 12:30:00,74.0,74.0,74.0,74.0,0.0,8.0,584.0,0
2019-08-07,2019-08-07 12:40:00,74.0,74.0,74.0,74.0,0.0,8.0,584.0,0
2019-08-07,2019-08-07 12:50:00,74.0,74.0,74.0,74.0,0.0,8.0,584.0,0
2019-08-07,2019-08-07 13:00:00,74.0,74.0,71.0,74.0,0.0,8.0,584.0,0
2019-08-07,2019-08-07 13:10:00,74.0,74.0,74.0,74.0,0.0,8.0,584.0,0
2019-08-07,2019-08-07 13:20:00,74.0,74.0,74.0,74.0,0.0,8.0,584.0,0
2019-08-07,2019-08-07 13:30:00,74.0,74.0,74.0,74.0,0.0,8.0,584.0,0
2019-08-07,2019-08-07 13:40:00,74.0,74.0,74.0,74.0,0.0,8.0,584.0,0
2019-08-07,2019-08-07 13:50:00,74.0,74.0,74.0,74.0,0.0,8.0,584.0,0
2019-08-07,2019-08-07 14:00:00,74.0,74.0,74.0,74.0,0.0,8.0,584.0,0
2019-08-07,2019-08-07 14:10:00,74.0,74.0,74.0,74.0,0.0,8.0,584.0,0
2019-08-07,2019-08-07 14:20:00,74.0,74.0,74.0,74.0,0.0,8.0,584.0,0
2019-08-07,2019-08-07 14:30:00,74.0,74.0,74.0,74.0,0.0,8.0,584.0,0
2019-08-07,2019-08-07 14:40:00,74.0,74.0,74.0,74.0,0.0,8.0,584.0,0
2019-08-07,2019-08-07 14:50:00,74.0,74.0,74.0,74.0,0.0,8.0,584.0,0
2019-08-07,2019-08-07 15:00:00,74.0,74.0,71.0,74.0,0.0,8.0,584.0,0
2019-08-08,2019-08-08 11:00:00,73.0,73.9,73.0,73.04,0.05,27.2,2019.2,1
2019-08-08,2019-08-08 11:10:00,73.04,73.08,73.04,73.08,0.05,27.2,2019.2,1
2019-08-08,2019-08-08 11:20:00,73.08,73.12,73.08,73.12,0.05,27.2,2019.2,1
2019-08-08,2019-08-08 11:30:00,73.12,73.17,73.12,73.17,0.07,27.2,2019.2,1
2019-08-08,2019-08-08 11:40:00,73.17,73.21,73.17,73.21,0.05,27.2,2019.2,1
2019-08-08,2019-08-08 11:50:00,73.21,73.25,73.21,73.25,0.05,27.2,2019.2,1
2019-08-08,2019-08-08 12:00:00,73.25,73.29,73.25,73.29,0.05,27.2,2019.2,1
2019-08-08,2019-08-08 12:10:00,73.29,73.33,73.29,73.33,0.05,27.2,2019.2,1
2019-08-08,2019-08-08 12:20:00,73.33,73.38,73.33,73.38,0.07,27.2,2019.2,1
2019-08-08,2019-08-08 12:30:00,73.38,73.42,73.38,73.42,0.05,27.2,2019.2,1
2019-08-08,2019-08-08 12:40:00,73.42,73.46,73.42,73.46,0.05,27.2,2019.2,1
2019-08-08,2019-08-08 12:50:00,73.46,73.5,73.46,73.5,0.05,27.2,2019.2,1
2019-08-08,2019-08-08 13:00:00,73.5,76.0,73.0,73.54,0.05,27.2,2019.2,1
2019-08-08,2019-08-08 13:10:00,73.54,73.58,73.54,73.58,0.05,27.2,2019.2,1
2019-08-08,2019-08-08 13:20:00,73.58,73.62,73.58,73.62,0.05,27.2,2019.2,1
2019-08-08,2019-08-08 13:30:00,73.62,73.67,73.62,73.67,0.07,27.2,2019.2,1
2019-08-08,2019-08-08 13:40:00,73.67,73.71,73.67,73.71,0.05,27.2,2019.2,1
2019-08-08,2019-08-08 13:50:00,73.71,73.75,73.71,73.75,0.05,27.2,2019.2,1
2019-08-08,2019-08-08 14:00:00,73.75,73.79,73.75,73.79,0.05,27.2,2019.2,1
2019-08-08,2019-08-08 14:10:00,73.79,73.83,73.79,73.83,0.05,27.2,2019.2,1
2019-08-08,2019-08-08 14:20:00,73.83,73.88,73.83,73.88,0.07,27.2,2019.2,1
2019-08-08,2019-08-08 14:30:00,73.88,73.92,73.88,73.92,0.05,27.2,2019.2,1
2019-08-08,2019-08-08 14:40:00,73.92,73.96,73.92,73.96,0.05,27.2,2019.2,1
2019-08-08,2019-08-08 14:50:00,73.96,74.0,73.96,74.0,0.05,27.2,2019.2,1
2019-08-08,2019-08-08 15:00:00,74.0,76.0,73.0,74.0,0.0,27.2,2019.2,0
2019-08-11,2019-08-11 11:00:00,73.0,73.0,71.5,72.79,-0.29,58.0,4125.6,-1
2019-08-11,2019-08-11 11:10:00,72.79,72.79,72.58,72.58,-0.29,58.0,4125.6,-1
2019-08-11,2019-08-11 11:20:00,72.58,72.58,72.38,72.38,-0.28,58.0,4125.6,-1
2019-08-11,2019-08-11 11:30:00,72.38,72.38,72.17,72.17,-0.29,58.0,4125.6,-1
2019-08-11,2019-08-11 11:40:00,72.17,72.17,71.96,71.96,-0.29,58.0,4125.6,-1
2019-08-11,2019-08-11 11:50:00,71.96,71.96,71.75,71.75,-0.29,58.0,4125.6,-1
2019-08-11,2019-08-11 12:00:00,71.75,71.75,71.54,71.54,-0.29,58.0,4125.6,-1
2019-08-11,2019-08-11 12:10:00,71.54,71.54,71.33,71.33,-0.29,58.0,4125.6,-1
2019-08-11,2019-08-11 12:20:00,71.33,71.33,71.12,71.12,-0.29,58.0,4125.6,-1
2019-08-11,2019-08-11 12:30:00,71.12,71.12,70.92,70.92,-0.28,58.0,4125.6,-1
2019-08-11,2019-08-11 12:40:00,70.92,70.92,70.71,70.71,-0.3,58.0,4125.6,-1
2019-08-11,2019-08-11 12:50:00,70.71,70.71,70.5,70.5,-0.3,58.0,4125.6,-1
2019-08-11,2019-08-11 13:00:00,70.5,73.0,68.0,70.29,-0.3,58.0,4125.6,-1
2019-08-11,2019-08-11 13:10:00,70.29,70.29,70.08,70.08,-0.3,58.0,4125.6,-1
2019-08-11,2019-08-11 13:20:00,70.08,70.08,69.88,69.88,-0.29,58.0,4125.6,-1
2019-08-11,2019-08-11 13:30:00,69.88,69.88,69.67,69.67,-0.3,58.0,4125.6,-1
2019-08-11,2019-08-11 13:40:00,69.67,69.67,69.46,69.46,-0.3,58.0,4125.6,-1
2019-08-11,2019-08-11 13:50:00,69.46,69.46,69.25,69.25,-0.3,58.0,4125.6,-1
2019-08-11,2019-08-11 14:00:00,69.25,69.25,69.04,69.04,-0.3,58.0,4125.6,-1
2019-08-11,2019-08-11 14:10:00,69.04,69.04,68.83,68.83,-0.3,58.0,4125.6,-1
2019-08-11,2019-08-11 14:20:00,68.83,68.83,68.62,68.62,-0.31,58.0,4125.6,-1
2019-08-11,2019-08-11 14:30:00,68.62,68.62,68.42,68.42,-0.29,58.0,4125.6,-1
2019-08-11,2019-08-11 14:40:00,68.42,68.42,68.21,68.21,-0.31,58.0,4125.6,-1
2019-08-11,2019-08-11 14:50:00,68.21,68.21,68.0,68.0,-0.31,58.0,4125.6,-1
2019-08-11,2019-08-11 15:00:00,68.0,73.0,68.0,68.0,0.0,58.0,4125.6,0
2019-08-12,2019-08-12 11:00:00,68.0,69.8,68.0,68.21,0.31,15.6,1096.8,1
2019-08-12,2019-08-12 11:10:00,68.21,68.42,68.21,68.42,0.31,15.6,1096.8,1
2019-08-12,2019-08-12 11:20:00,68.42,68.62,68.42,68.62,0.29,15.6,1096.8,1
2019-08-12,2019-08-12 11:30:00,68.62,68.83,68.62,68.83,0.31,15.6,1096.8,1
2019-08-12,2019-08-12 11:40:00,68.83,69.04,68.83,69.04,0.31,15.6,1096.8,1
2019-08-12,2019-08-12 11:50:00,69.04,69.25,69.04,69.25,0.3,15.6,1096.8,1
2019-08-12,2019-08-12 12:00:00,69.25,69.46,69.25,69.46,0.3,15.6,1096.8,1
2019-08-12,2019-08-12 12:10:00,69.46,69.67,69.46,69.67,0.3,15.6,1096.8,1
2019-08-12,2019-08-12 12:20:00,69.67,69.88,69.67,69.88,0.3,15.6,1096.8,1
2019-08-12,2019-08-12 12:30:00,69.88,70.08,69.88,70.08,0.29,15.6,1096.8,1
2019-08-12,2019-08-12 12:40:00,70.08,70.29,70.08,70.29,0.3,15.6,1096.8,1
2019-08-12,2019-08-12 12:50:00,70.29,70.5,70.29,70.5,0.3,15.6,1096.8,1
2019-08-12,2019-08-12 13:00:00,70.5,74.0,68.0,70.71,0.3,15.6,1096.8,1
2019-08-12,2019-08-12 13:10:00,70.71,70.92,70.71,70.92,0.3,15.6,1096.8,1
2019-08-12,2019-08-12 13:20:00,70.92,71.12,70.92,71.12,0.28,15.6,1096.8,1
2019-08-12,2019-08-12 13:30:00,71.12,71.33,71.12,71.33,0.3,15.6,1096.8,1
2019-08-12,2019-08-12 13:40:00,71.33,71.54,71.33,71.54,0.29,15.6,1096.8,1
2019-08-12,2019-08-12 13:50:00,71.54,71.75,71.54,71.75,0.29,15.6,1096.8,1
2019-08-12,2019-08-12 14:00:00,71.75,71.96,71.75,71.96,0.29,15.6,1096.8,1
2019-08-12,2019-08-12 14:10:00,71.96,72.17,71.96,72.17,0.29,15.6,1096.8,1
2019-08-12,2019-08-12 14:20:00,72.17,72.38,72.17,72.38,0.29,15.6,1096.8,1
2019-08-12,2019-08-12 14:30:00,72.38,72.58,72.38,72.58,0.28,15.6,1096.8,1
2019-08-12,2019-08-12 14:40:00,72.58,72.79,72.58,72.79,0.29,15.6,1096.8,1
2019-08-12,2019-08-12 14:50:00,72.79,73.0,72.79,73.0,0.29,15.6,1096.8,1
2019-08-12,2019-08-12 15:00:00,73.0,74.0,68.0,73.0,0.0,15.6,1096.8,0
2019-08-13,2019-08-13 11:00:00,73.0,73.0,72.4,72.92,-0.11,29.6,2137.6,-1
2019-08-13,2019-08-13 11:10:00,72.92,72.92,72.83,72.83,-0.12,29.6,2137.6,-1
2019-08-13,2019-08-13 11:20:00,72.83,72.83,72.75,72.75,-0.11,29.6,2137.6,-1
2019-08-13,2019-08-13 11:30:00,72.75,72.75,72.67,72.67,-0.11,29.6,2137.6,-1
2019-08-13,2019-08-13 11:40:00,72.67,72.67,72.58,72.58,-0.12,29.6,2137.6,-1
2019-08-13,2019-08-13 11:50:00,72.58,72.58,72.5,72.5,-0.11,29.6,2137.6,-1
2019-08-13,2019-08-13 12:00:00,72.5,72.5,72.42,72.42,-0.11,29.6,2137.6,-1
2019-08-13,2019-08-13 12:10:00,72.42,72.42,72.33,72.33,-0.12,29.6,2137.6,-1
2019-08-13,2019-08-13 12:20:00,72.33,72.33,72.25,72.25,-0.11,29.6,2137.6,-1
2019-08-13,2019-08-13 12:30:00,72.25,72.25,72.17,72.17,-0.11,29.6,2137.6,-1
2019-08-13,2019-08-13 12:40:00,72.17,72.17,72.08,72.08,-0.12,29.6,2137.6,-1
2019-08-13,2019-08-13 12:50:00,72.08,72.08,72.0,72.0,-0.11,29.6,2137.6,-1
2019-08-13,2019-08-13 13:00:00,72.0,73.0,71.0,71.92,-0.11,29.6,2137.6,-1
2019-08-13,2019-08-13 13:10:00,71.92,71.92,71.83,71.83,-0.13,29.6,2137.6,-1
2019-08-13,2019-08-13 13:20:00,71.83,71.83,71.75,71.75,-0.11,29.6,2137.6,-1
2019-08-13,2019-08-13 13:30:00,71.75,71.75,71.67,71.67,-0.11,29.6,2137.6,-1
2019-08-13,2019-08-13 13:40:00,71.67,71.67,71.58,71.58,-0.13,29.6,2137.6,-1
2019-08-13,2019-08-13 13:50:00,71.58,71.58,71.5,71.5,-0.11,29.6,2137.6,-1
2019-08-13,2019-08-13 14:00:00,71.5,71.5,71.42,71.42,-0.11,29.6,2137.6,-1
2019-08-13,2019-08-13 14:10:00,71.42,71.42,71.33,71.33,-0.13,29.6,2137.6,-1
2019-08-13,2019-08-13 14:20:00,71.33,71.33,71.25,71.25,-0.11,29.6,2137.6,-1
2019-08-13,2019-08-13 14:30:00,71.25,71.25,71.17,71.17,-0.11,29.6,2137.6,-1
2019-08-13,2019-08-13 14:40:00,71.17,71.17,71.08,71.08,-0.13,29.6,2137.6,-1
2019-08-13,2019-08-13 14:50:00,71.08,71.08,71.0,71.0,-0.11,29.6,2137.6,-1
2019-08-13,2019-08-13 15:00:00,71.0,73.0,71.0,71.0,0.0,29.6,2137.6,0
2019-08-14,2019-08-14 11:00:00,70.0,70.6,70.0,70.04,0.06,14.8,1050.8,1
2019-08-14,2019-08-14 11:10:00,70.04,70.08,70.04,70.08,0.06,14.8,1050.8,1
2019-08-14,2019-08-14 11:20:00,70.08,70.12,70.08,70.12,0.06,14.8,1050.8,1
2019-08-14,2019-08-14 11:30:00,70.12,70.17,70.12,70.17,0.07,14.8,1050.8,1
2019-08-14,2019-08-14 11:40:00,70.17,70.21,70.17,70.21,0.06,14.8,1050.8,1
2019-08-14,2019-08-14 11:50:00,70.21,70.25,70.21,70.25,0.06,14.8,1050.8,1
2019-08-14,2019-08-14 12:00:00,70.25,70.29,70.25,70.29,0.06,14.8,1050.8,1
2019-08-14,2019-08-14 12:10:00,70.29,70.33,70.29,70.33,0.06,14.8,1050.8,1
2019-08-14,2019-08-14 12:20:00,70.33,70.38,70.33,70.38,0.07,14.8,1050.8,1
2019-08-14,2019-08-14 12:30:00,70.38,70.42,70.38,70.42,0.06,14.8,1050.8,1
2019-08-14,2019-08-14 12:40:00,70.42,70.46,70.42,70.46,0.06,14.8,1050.8,1
2019-08-14,2019-08-14 12:50:00,70.46,70.5,70.46,70.5,0.06,14.8,1050.8,1
2019-08-14,2019-08-14 13:00:00,70.5,72.0,70.0,70.54,0.06,14.8,1050.8,1
2019-08-14,2019-08-14 13:10:00,70.54,70.58,70.54,70.58,0.06,14.8,1050.8,1
2019-08-14,2019-08-14 13:20:00,70.58,70.62,70.58,70.62,0.06,14.8,1050.8,1
2019-08-14,2019-08-14 13:30:00,70.62,70.67,70.62,70.67,0.07,14.8,1050.8,1
2019-08-14,2019-08-14 13:40:00,70.67,70.71,70.67,70.71,0.06,14.8,1050.8,1
2019-08-14,2019-08-14 13:50:00,70.71,70.75,70.71,70.75,0.06,14.8,1050.8,1
2019-08-14,2019-08-14 14:00:00,70.75,70.79,70.75,70.79,0.06,14.8,1050.8,1
2019-08-14,2019-08-14 14:10:00,70.79,70.83,70.79,70.83,0.06,14.8,1050.8,1
2019-08-14,2019-08-14 14:20:00,70.83,70.88,70.83,70.88,0.07,14.8,1050.8,1
2019-08-14,2019-08-14 14:30:00,70.88,70.92,70.88,70.92,0.06,14.8,1050.8,1
2019-08-14,2019-08-14 14:40:00,70.92,70.96,70.92,70.96,0.06,14.8,1050.8,1
2019-08-14,2019-08-14 14:50:00,70.96,71.0,70.96,71.0,0.06,14.8,1050.8,1
2019-08-14,2019-08-14 15:00:00,71.0,72.0,70.0,71.0,0.0,14.8,1050.8,0
2019-08-15,2019-08-15 11:00:00,71.0,71.0,70.7,70.96,-0.06,8.8,620.8,-1
2019-08-15,2019-08-15 11:10:00,70.96,70.96,70.92,70.92,-0.06,8.8,620.8,-1
2019-08-15,2019-08-15 11:20:00,70.92,70.92,70.88,70.88,-0.06,8.8,620.8,-1
2019-08-15,2019-08-15 11:30:00,70.88,70.88,70.83,70.83,-0.07,8.8,620.8,-1
2019-08-15,2019-08-15 11:40:00,70.83,70.83,70.79,70.79,-0.06,8.8,620.8,-1
2019-08-15,2019-08-15 11:50:00,70.79,70.79,70.75,70.75,-0.06,8.8,620.8,-1
2019-08-15,2019-08-15 12:00:00,70.75,70.75,70.71,70.71,-0.06,8.8,620.8,-1
2019-08-15,2019-08-15 12:10:00,70.71,70.71,70.67,70.67,-0.06,8.8,620.8,-1
2019-08-15,2019-08-15 12:20:00,70.67,70.67,70.62,70.62,-0.07,8.8,620.8,-1
2019-08-15,2019-08-15 12:30:00,70.62,70.62,70.58,70.58,-0.06,8.8,620.8,-1
2019-08-15,2019-08-15 12:40:00,70.58,70.58,70.54,70.54,-0.06,8.8,620.8,-1
2019-08-15,2019-08-15 12:50:00,70.54,70.54,70.5,70.5,-0.06,8.8,620.8,-1
2019-08-15,2019-08-15 13:00:00,70.5,71.0,70.0,70.46,-0.06,8.8,620.8,-1
2019-08-15,2019-08-15 13:10:00,70.46,70.46,70.42,70.42,-0.06,8.8,620.8,-1
2019-08-15,2019-08-15 13:20:00,70.42,70.42,70.38,70.38,-0.06,8.8,620.8,-1
2019-08-15,2019-08-15 13:30:00,70.38,70.38,70.33,70.33,-0.07,8.8,620.8,-1
2019-08-15,2019-08-15 13:40:00,70.33,70.33,70.29,70.29,-0.06,8.8,620.8,-1
2019-08-15,2019-08-15 13:50:00,70.29,70.29,70.25,70.25,-0.06,8.8,620.8,-1
2019-08-15,2019-08-15 14:00:00,70.25,70.25,70.21,70.21,-0.06,8.8,620.8,-1
2019-08-15,2019-08-15 14:10:00,70.21,70.21,70.17,70.17,-0.06,8.8,620.8,-1
2019-08-15,2019-08-15 14:20:00,70.17,70.17,70.12,70.12,-0.07,8.8,620.8,-1
2019-08-15,2019-08-15 14:30:00,70.12,70.12,70.08,70.08,-0.06,8.8,620.8,-1
2019-08-15,2019-08-15 14:40:00,70.08,70.08,70.04,70.04,-0.06,8.8,620.8,-1
2019-08-15,2019-08-15 14:50:00,70.04,70.04,70.0,70.0,-0.06,8.8,620.8,-1
2019-08-15,2019-08-15 15:00:00,70.0,71.0,70.0,70.0,0.0,8.8,620.8,0
2019-08-18,2019-08-18 11:00:00,69.0,69.3,68.7,69.0,0.0,24.4,1669.2,0
2019-08-18,2019-08-18 11:10:00,69.0,69.0,69.0,69.0,0.0,24.4,1669.2,0
2019-08-18,2019-08-18 11:20:00,69.0,69.0,69.0,69.0,0.0,24.4,1669.2,0
2019-08-18,2019-08-18 11:30:00,69.0,69.0,69.0,69.0,0.0,24.4,1669.2,0
2019-08-18,2019-08-18 11:40:00,69.0,69.0,69.0,69.0,0.0,24.4,1669.2,0
2019-08-18,2019-08-18 11:50:00,69.0,69.0,69.0,69.0,0.0,24.4,1669.2,0
2019-08-18,2019-08-18 12:00:00,69.0,69.0,69.0,69.0,0.0,24.4,1669.2,0
2019-08-18,2019-08-18 12:10:00,69.0,69.0,69.0,69.0,0.0,24.4,1669.2,0
2019-08-18,2019-08-18 12:20:00,69.0,69.0,69.0,69.0,0.0,24.4,1669.2,0
2019-08-18,2019-08-18 12:30:00,69.0,69.0,69.0,69.0,0.0,24.4,1669.2,0
2019-08-18,2019-08-18 12:40:00,69.0,69.0,69.0,69.0,0.0,24.4,1669.2,0
2019-08-18,2019-08-18 12:50:00,69.0,69.0,69.0,69.0,0.0,24.4,1669.2,0
2019-08-18,2019-08-18 13:00:00,69.0,70.0,68.0,69.0,0.0,24.4,1669.2,0
2019-08-18,2019-08-18 13:10:00,69.0,69.0,69.0,69.0,0.0,24.4,1669.2,0
2019-08-18,2019-08-18 13:20:00,69.0,69.0,69.0,69.0,0.0,24.4,1669.2,0
2019-08-18,2019-08-18 13:30:00,69.0,69.0,69.0,69.0,0.0,24.4,1669.2,0
2019-08-18,2019-08-18 13:40:00,69.0,69.0,69.0,69.0,0.0,24.4,1669.2,0
2019-08-18,2019-08-18 13:50:00,69.0,69.0,69.0,69.0,0.0,24.4,1669.2,0
2019-08-18,2019-08-18 14:00:00,69.0,69.0,69.0,69.0,0.0,24.4,1669.2,0
2019-08-18,2019-08-18 14:10:00,69.0,69.0,69.0,69.0,0.0,24.4,1669.2,0
2019-08-18,2019-08-18 14:20:00,69.0,69.0,69.0,69.0,0.0,24.4,1669.2,0
2019-08-18,2019-08-18 14:30:00,69.0,69.0,69.0,69.0,0.0,24.4,1669.2,0
2019-08-18,2019-08-18 14:40:00,69.0,69.0,69.0,69.0,0.0,24.4,1669.2,0
2019-08-18,2019-08-18 14:50:00,69.0,69.0,69.0,69.0,0.0,24.4,1669.2,0
2019-08-18,2019-08-18 15:00:00,69.0,70.0,68.0,69.0,0.0,24.4,1669.2,0
2019-08-19,2019-08-19 11:00:00,68.0,68.0,67.4,67.96,-0.06,13.2,887.2,-1
2019-08-19,2019-08-19 11:10:00,67.96,67.96,67.92,67.92,-0.06,13.2,887.2,-1
2019-08-19,2019-08-19 11:20:00,67.92,67.92,67.88,67.88,-0.06,13.2,887.2,-1
2019-08-19,2019-08-19 11:30:00,67.88,67.88,67.83,67.83,-0.07,13.2,887.2,-1
2019-08-19,2019-08-19 11:40:00,67.83,67.83,67.79,67.79,-0.06,13.2,887.2,-1
2019-08-19,2019-08-19 11:50:00,67.79,67.79,67.75,67.75,-0.06,13.2,887.2,-1
2019-08-19,2019-08-19 12:00:00,67.75,67.75,67.71,67.71,-0.06,13.2,887.2,-1
2019-08-19,2019-08-19 12:10:00,67.71,67.71,67.67,67.67,-0.06,13.2,887.2,-1
2019-08-19,2019-08-19 12:20:00,67.67,67.67,67.62,67.62,-0.07,13.2,887.2,-1
2019-08-19,2019-08-19 12:30:00,67.62,67.62,67.58,67.58,-0.06,13.2,887.2,-1
2019-08-19,2019-08-19 12:40:00,67.58,67.58,67.54,67.54,-0.06,13.2,887.2,-1
2019-08-19,2019-08-19 12:50:00,67.54,67.54,67.5,67.5,-0.06,13.2,887.2,-1
2019-08-19,2019-08-19 13:00:00,67.5,68.0,66.0,67.46,-0.06,13.2,887.2,-1
2019-08-19,2019-08-19 13:10:00,67.46,67.46,67.42,67.42,-0.06,13.2,887.2,-1
2019-08-19,2019-08-19 13:20:00,67.42,67.42,67.38,67.38,-0.06,13.2,887.2,-1
2019-08-19,2019-08-19 13:30:00,67.38,67.38,67.33,67.33,-0.07,13.2,887.2,-1
2019-08-19,2019-08-19 13:40:00,67.33,67.33,67.29,67.29,-0.06,13.2,887.2,-1
2019-08-19,2019-08-19 13:50:00,67.29,67.29,67.25,67.25,-0.06,13.2,887.2,-1
2019-08-19,2019-08-19 14:00:00,67.25,67.25,67.21,67.21,-0.06,13.2,887.2,-1
2019-08-19,2019-08-19 14:10:00,67.21,67.21,67.17,67.17,-0.06,13.2,887.2,-1
2019-08-19,2019-08-19 14:20:00,67.17,67.17,67.12,67.12,-0.07,13.2,887.2,-1
2019-08-19,2019-08-19 14:30:00,67.12,67.12,67.08,67.08,-0.06,13.2,887.2,-1
2019-08-19,2019-08-19 14:40:00,67.08,67.08,67.04,67.04,-0.06,13.2,887.2,-1
2019-08-19,2019-08-19 14:50:00,67.04,67.04,67.0,67.0,-0.06,13.2,887.2,-1
2019-08-19,2019-08-19 15:00:00,67.0,68.0,66.0,67.0,0.0,13.2,887.2,0
2019-08-20,2019-08-20 11:00:00,66.0,66.3,65.7,66.04,0.06,10.4,689.6,1
2019-08-20,2019-08-20 11:10:00,66.04,66.08,66.04,66.08,0.06,10.4,689.6,1
2019-08-20,2019-08-20 11:20:00,66.08,66.12,66.08,66.12,0.06,10.4,689.6,1
2019-08-20,2019-08-20 11:30:00,66.12,66.17,66.12,66.17,0.08,10.4,689.6,1
2019-08-20,2019-08-20 11:40:00,66.17,66.21,66.17,66.21,0.06,10.4,689.6,1
2019-08-20,2019-08-20 11:50:00,66.21,66.25,66.21,66.25,0.06,10.4,689.6,1
2019-08-20,2019-08-20 12:00:00,66.25,66.29,66.25,66.29,0.06,10.4,689.6,1
2019-08-20,2019-08-20 12:10:00,66.29,66.33,66.29,66.33,0.06,10.4,689.6,1
2019-08-20,2019-08-20 12:20:00,66.33,66.38,66.33,66.38,0.08,10.4,689.6,1
2019-08-20,2019-08-20 12:30:00,66.38,66.42,66.38,66.42,0.06,10.4,689.6,1
2019-08-20,2019-08-20 12:40:00,66.42,66.46,66.42,66.46,0.06,10.4,689.6,1
2019-08-20,2019-08-20 12:50:00,66.46,66.5,66.46,66.5,0.06,10.4,689.6,1
2019-08-20,2019-08-20 13:00:00,66.5,67.0,65.0,66.54,0.06,10.4,689.6,1
2019-08-20,2019-08-20 13:10:00,66.54,66.58,66.54,66.58,0.06,10.4,689.6,1
2019-08-20,2019-08-20 13:20:00,66.58,66.62,66.58,66.62,0.06,10.4,689.6,1
2019-08-20,2019-08-20 13:30:00,66.62,66.67,66.62,66.67,0.08,10.4,689.6,1
2019-08-20,2019-08-20 13:40:00,66.67,66.71,66.67,66.71,0.06,10.4,689.6,1
2019-08-20,2019-08-20 13:50:00,66.71,66.75,66.71,66.75,0.06,10.4,689.6,1
2019-08-20,2019-08-20 14:00:00,66.75,66.79,66.75,66.79,0.06,10.4,689.6,1
2019-08-20,2019-08-20 14:10:00,66.79,66.83,66.79,66.83,0.06,10.4,689.6,1
2019-08-20,2019-08-20 14:20:00,66.83,66.88,66.83,66.88,0.07,10.4,689.6,1
2019-08-20,2019-08-20 14:30:00,66.88,66.92,66.88,66.92,0.06,10.4,689.6,1
2019-08-20,2019-08-20 14:40:00,66.92,66.96,66.92,66.96,0.06,10.4,689.6,1
2019-08-20,2019-08-20 14:50:00,66.96,67.0,66.96,67.0,0.06,10.4,689.6,1
2019-08-20,2019-08-20 15:00:00,67.0,67.0,65.0,67.0,0.0,10.4,689.6,0
2019-08-21,2019-08-21 11:00:00,66.0,66.6,66.0,66.08,0.12,26.8,1800.0,1
2019-08-21,2019-08-21 11:10:00,66.08,66.17,66.08,66.17,0.14,26.8,1800.0,1
2019-08-21,2019-08-21 11:20:00,66.17,66.25,66.17,66.25,0.12,26.8,1800.0,1
2019-08-21,2019-08-21 11:30:00,66.25,66.33,66.25,66.33,0.12,26.8,1800.0,1
2019-08-21,2019-08-21 11:40:00,66.33,66.42,66.33,66.42,0.14,26.8,1800.0,1
2019-08-21,2019-08-21 11:50:00,66.42,66.5,66.42,66.5,0.12,26.8,1800.0,1
2019-08-21,2019-08-21 12:00:00,66.5,66.58,66.5,66.58,0.12,26.8,1800.0,1
2019-08-21,2019-08-21 12:10:00,66.58,66.67,66.58,66.67,0.14,26.8,1800.0,1
2019-08-21,2019-08-21 12:20:00,66.67,66.75,66.67,66.75,0.12,26.8,1800.0,1
2019-08-21,2019-08-21 12:30:00,66.75,66.83,66.75,66.83,0.12,26.8,1800.0,1
2019-08-21,2019-08-21 12:40:00,66.83,66.92,66.83,66.92,0.13,26.8,1800.0,1
2019-08-21,2019-08-21 12:50:00,66.92,67.0,66.92,67.0,0.12,26.8,1800.0,1
2019-08-21,2019-08-21 13:00:00,67.0,68.0,66.0,67.08,0.12,26.8,1800.0,1
2019-08-21,2019-08-21 13:10:00,67.08,67.17,67.08,67.17,0.13,26.8,1800.0,1
2019-08-21,2019-08-21 13:20:00,67.17,67.25,67.17,67.25,0.12,26.8,1800.0,1
2019-08-21,2019-08-21 13:30:00,67.25,67.33,67.25,67.33,0.12,26.8,1800.0,1
2019-08-21,2019-08-21 13:40:00,67.33,67.42,67.33,67.42,0.13,26.8,1800.0,1
2019-08-21,2019-08-21 13:50:00,67.42,67.5,67.42,67.5,0.12,26.8,1800.0,1
2019-08-21,2019-08-21 14:00:00,67.5,67.58,67.5,67.58,0.12,26.8,1800.0,1
2019-08-21,2019-08-21 14:10:00,67.58,67.67,67.58,67.67,0.13,26.8,1800.0,1
2019-08-21,2019-08-21 14:20:00,67.67,67.75,67.67,67.75,0.12,26.8,1800.0,1
2019-08-21,2019-08-21 14:30:00,67.75,67.83,67.75,67.83,0.12,26.8,1800.0,1
2019-08-21,2019-08-21 14:40:00,67.83,67.92,67.83,67.92,0.13,26.8,1800.0,1
2019-08-21,2019-08-21 14:50:00,67.92,68.0,67.92,68.0,0.12,26.8,1800.0,1
2019-08-21,2019-08-21 15:00:00,68.0,68.0,66.0,68.0,0.0,26.8,1800.0,0
2019-08-22,2019-08-22 11:00:00,68.0,68.3,67.7,67.96,-0.06,24.0,1631.6,-1
2019-08-22,2019-08-22 11:10:00,67.96,67.96,67.92,67.92,-0.06,24.0,1631.6,-1
2019-08-22,2019-08-22 11:20:00,67.92,67.92,67.88,67.88,-0.06,24.0,1631.6,-1
2019-08-22,2019-08-22 11:30:00,67.88,67.88,67.83,67.83,-0.07,24.0,1631.6,-1
2019-08-22,2019-08-22 11:40:00,67.83,67.83,67.79,67.79,-0.06,24.0,1631.6,-1
2019-08-22,2019-08-22 11:50:00,67.79,67.79,67.75,67.75,-0.06,24.0,1631.6,-1
2019-08-22,2019-08-22 12:00:00,67.75,67.75,67.71,67.71,-0.06,24.0,1631.6,-1
2019-08-22,2019-08-22 12:10:00,67.71,67.71,67.67,67.67,-0.06,24.0,1631.6,-1
2019-08-22,2019-08-22 12:20:00,67.67,67.67,67.62,67.62,-0.07,24.0,1631.6,-1
2019-08-22,2019-08-22 12:30:00,67.62,67.62,67.58,67.58,-0.06,24.0,1631.6,-1
2019-08-22,2019-08-22 12:40:00,67.58,67.58,67.54,67.54,-0.06,24.0,1631.6,-1
2019-08-22,2019-08-22 12:50:00,67.54,67.54,67.5,67.5,-0.06,24.0,1631.6,-1
2019-08-22,2019-08-22 13:00:00,67.5,69.0,67.0,67.46,-0.06,24.0,1631.6,-1
2019-08-22,2019-08-22 13:10:00,67.46,67.46,67.42,67.42,-0.06,24.0,1631.6,-1
2019-08-22,2019-08-22 13:20:00,67.42,67.42,67.38,67.38,-0.06,24.0,1631.6,-1
2019-08-22,2019-08-22 13:30:00,67.38,67.38,67.33,67.33,-0.07,24.0,1631.6,-1
2019-08-22,2019-08-22 13:40:00,67.33,67.33,67.29,67.29,-0.06,24.0,1631.6,-1
2019-08-22,2019-08-22 13:50:00,67.29,67.29,67.25,67.25,-0.06,24.0,1631.6,-1
2019-08-22,2019-08-22 14:00:00,67.25,67.25,67.21,67.21,-0.06,24.0,1631.6,-1
2019-08-22,2019-08-22 14:10:00,67.21,67.21,67.17,67.17,-0.06,24.0,1631.6,-1
2019-08-22,2019-08-22 14:20:00,67.17,67.17,67.12,67.12,-0.07,24.0,1631.6,-1
2019-08-22,2019-08-22 14:30:00,67.12,67.12,67.08,67.08,-0.06,24.0,1631.6,-1
2019-08-22,2019-08-22 14:40:00,67.08,67.08,67.04,67.04,-0.06,24.0,1631.6,-1
2019-08-22,2019-08-22 14:50:00,67.04,67.04,67.0,67.0,-0.06,24.0,1631.6,-1
2019-08-22,2019-08-22 15:00:00,67.0,69.0,67.0,67.0,0.0,24.0,1631.6,0
2019-08-25,2019-08-25 11:00:00,66.0,66.0,65.4,66.0,0.0,14.8,966.4,0
2019-08-25,2019-08-25 11:10:00,66.0,66.0,66.0,66.0,0.0,14.8,966.4,0
2019-08-25,2019-08-25 11:20:00,66.0,66.0,66.0,66.0,0.0,14.8,966.4,0
2019-08-25,2019-08-25 11:30:00,66.0,66.0,66.0,66.0,0.0,14.8,966.4,0
2019-08-25,2019-08-25 11:40:00,66.0,66.0,66.0,66.0,0.0,14.8,966.4,0
2019-08-25,2019-08-25 11:50:00,66.0,66.0,66.0,66.0,0.0,14.8,966.4,0
2019-08-25,2019-08-25 12:00:00,66.0,66.0,66.0,66.0,0.0,14.8,966.4,0
2019-08-25,2019-08-25 12:10:00,66.0,66.0,66.0,66.0,0.0,14.8,966.4,0
2019-08-25,2019-08-25 12:20:00,66.0,66.0,66.0,66.0,0.0,14.8,966.4,0
2019-08-25,2019-08-25 12:30:00,66.0,66.0,66.0,66.0,0.0,14.8,966.4,0
2019-08-25,2019-08-25 12:40:00,66.0,66.0,66.0,66.0,0.0,14.8,966.4,0
2019-08-25,2019-08-25 12:50:00,66.0,66.0,66.0,66.0,0.0,14.8,966.4,0
2019-08-25,2019-08-25 13:00:00,66.0,66.0,64.0,66.0,0.0,14.8,966.4,0
2019-08-25,2019-08-25 13:10:00,66.0,66.0,66.0,66.0,0.0,14.8,966.4,0
2019-08-25,2019-08-25 13:20:00,66.0,66.0,66.0,66.0,0.0,14.8,966.4,0
2019-08-25,2019-08-25 13:30:00,66.0,66.0,66.0,66.0,0.0,14.8,966.4,0
2019-08-25,2019-08-25 13:40:00,66.0,66.0,66.0,66.0,0.0,14.8,966.4,0
2019-08-25,2019-08-25 13:50:00,66.0,66.0,66.0,66.0,0.0,14.8,966.4,0
2019-08-25,2019-08-25 14:00:00,66.0,66.0,66.0,66.0,0.0,14.8,966.4,0
2019-08-25,2019-08-25 14:10:00,66.0,66.0,66.0,66.0,0.0,14.8,966.4,0
2019-08-25,2019-08-25 14:20:00,66.0,66.0,66.0,66.0,0.0,14.8,966.4,0
2019-08-25,2019-08-25 14:30:00,66.0,66.0,66.0,66.0,0.0,14.8,966.4,0
2019-08-25,2019-08-25 14:40:00,66.0,66.0,66.0,66.0,0.0,14.8,966.4,0
2019-08-25,2019-08-25 14:50:00,66.0,66.0,66.0,66.0,0.0,14.8,966.4,0
2019-08-25,2019-08-25 15:00:00,66.0,66.0,64.0,66.0,0.0,14.8,966.4,0
2019-08-26,2019-08-26 11:00:00,65.0,65.6,65.0,65.04,0.06,13.6,900.4,1
2019-08-26,2019-08-26 11:10:00,65.04,65.08,65.04,65.08,0.06,13.6,900.4,1
2019-08-26,2019-08-26 11:20:00,65.08,65.12,65.08,65.12,0.06,13.6,900.4,1
2019-08-26,2019-08-26 11:30:00,65.12,65.17,65.12,65.17,0.08,13.6,900.4,1
2019-08-26,2019-08-26 11:40:00,65.17,65.21,65.17,65.21,0.06,13.6,900.4,1
2019-08-26,2019-08-26 11:50:00,65.21,65.25,65.21,65.25,0.06,13.6,900.4,1
2019-08-26,2019-08-26 12:00:00,65.25,65.29,65.25,65.29,0.06,13.6,900.4,1
2019-08-26,2019-08-26 12:10:00,65.29,65.33,65.29,65.33,0.06,13.6,900.4,1
2019-08-26,2019-08-26 12:20:00,65.33,65.38,65.33,65.38,0.08,13.6,900.4,1
2019-08-26,2019-08-26 12:30:00,65.38,65.42,65.38,65.42,0.06,13.6,900.4,1
2019-08-26,2019-08-26 12:40:00,65.42,65.46,65.42,65.46,0.06,13.6,900.4,1
2019-08-26,2019-08-26 12:50:00,65.46,65.5,65.46,65.5,0.06,13.6,900.4,1
2019-08-26,2019-08-26 13:00:00,65.5,67.0,65.0,65.54,0.06,13.6,900.4,1
2019-08-26,2019-08-26 13:10:00,65.54,65.58,65.54,65.58,0.06,13.6,900.4,1
2019-08-26,2019-08-26 13:20:00,65.58,65.62,65.58,65.62,0.06,13.6,900.4,1
2019-08-26,2019-08-26 13:30:00,65.62,65.67,65.62,65.67,0.08,13.6,900.4,1
2019-08-26,2019-08-26 13:40:00,65.67,65.71,65.67,65.71,0.06,13.6,900.4,1
2019-08-26,2019-08-26 13:50:00,65.71,65.75,65.71,65.75,0.06,13.6,900.4,1
2019-08-26,2019-08-26 14:00:00,65.75,65.79,65.75,65.79,0.06,13.6,900.4,1
2019-08-26,2019-08-26 14:10:00,65.79,65.83,65.79,65.83,0.06,13.6,900.4,1
2019-08-26,2019-08-26 14:20:00,65.83,65.88,65.83,65.88,0.08,13.6,900.4,1
2019-08-26,2019-08-26 14:30:00,65.88,65.92,65.88,65.92,0.06,13.6,900.4,1
2019-08-26,2019-08-26 14:40:00,65.92,65.96,65.92,65.96,0.06,13.6,900.4,1
2019-08-26,2019-08-26 14:50:00,65.96,66.0,65.96,66.0,0.06,13.6,900.4,1
2019-08-26,2019-08-26 15:00:00,66.0,67.0,65.0,66.0,0.0,13.6,900.4,0
2019-08-27,2019-08-27 11:00:00,65.0,65.9,65.0,65.08,0.12,13.6,906.8,1
2019-08-27,2019-08-27 11:10:00,65.08,65.17,65.08,65.17,0.14,13.6,906.8,1
2019-08-27,2019-08-27 11:20:00,65.17,65.25,65.17,65.25,0.12,13.6,906.8,1
2019-08-27,2019-08-27 11:30:00,65.25,65.33,65.25,65.33,0.12,13.6,906.8,1
2019-08-27,2019-08-27 11:40:00,65.33,65.42,65.33,65.42,0.14,13.6,906.8,1
2019-08-27,2019-08-27 11:50:00,65.42,65.5,65.42,65.5,0.12,13.6,906.8,1
2019-08-27,2019-08-27 12:00:00,65.5,65.58,65.5,65.58,0.12,13.6,906.8,1
2019-08-27,2019-08-27 12:10:00,65.58,65.67,65.58,65.67,0.14,13.6,906.8,1
2019-08-27,2019-08-27 12:20:00,65.67,65.75,65.67,65.75,0.12,13.6,906.8,1
2019-08-27,2019-08-27 12:30:00,65.75,65.83,65.75,65.83,0.12,13.6,906.8,1
2019-08-27,2019-08-27 12:40:00,65.83,65.92,65.83,65.92,0.14,13.6,906.8,1
2019-08-27,2019-08-27 12:50:00,65.92,66.0,65.92,66.0,0.12,13.6,906.8,1
2019-08-27,2019-08-27 13:00:00,66.0,68.0,65.0,66.08,0.12,13.6,906.8,1
2019-08-27,2019-08-27 13:10:00,66.08,66.17,66.08,66.17,0.14,13.6,906.8,1
2019-08-27,2019-08-27 13:20:00,66.17,66.25,66.17,66.25,0.12,13.6,906.8,1
2019-08-27,2019-08-27 13:30:00,66.25,66.33,66.25,66.33,0.12,13.6,906.8,1
2019-08-27,2019-08-27 13:40:00,66.33,66.42,66.33,66.42,0.14,13.6,906.8,1
2019-08-27,2019-08-27 13:50:00,66.42,66.5,66.42,66.5,0.12,13.6,906.8,1
2019-08-27,2019-08-27 14:00:00,66.5,66.58,66.5,66.58,0.12,13.6,906.8,1
2019-08-27,2019-08-27 14:10:00,66.58,66.67,66.58,66.67,0.14,13.6,906.8,1
2019-08-27,2019-08-27 14:20:00,66.67,66.75,66.67,66.75,0.12,13.6,906.8,1
2019-08-27,2019-08-27 14:30:00,66.75,66.83,66.75,66.83,0.12,13.6,906.8,1
2019-08-27,2019-08-27 14:40:00,66.83,66.92,66.83,66.92,0.13,13.6,906.8,1
2019-08-27,2019-08-27 14:50:00,66.92,67.0,66.92,67.0,0.12,13.6,906.8,1
2019-08-27,2019-08-27 15:00:00,67.0,68.0,65.0,67.0,0.0,13.6,906.8,0
2019-08-28,2019-08-28 11:00:00,66.0,66.6,66.0,66.04,0.06,8.0,534.4,1
2019-08-28,2019-08-28 11:10:00,66.04,66.08,66.04,66.08,0.06,8.0,534.4,1
2019-08-28,2019-08-28 11:20:00,66.08,66.12,66.08,66.12,0.06,8.0,534.4,1
2019-08-28,2019-08-28 11:30:00,66.12,66.17,66.12,66.17,0.08,8.0,534.4,1
2019-08-28,2019-08-28 11:40:00,66.17,66.21,66.17,66.21,0.06,8.0,534.4,1
2019-08-28,2019-08-28 11:50:00,66.21,66.25,66.21,66.25,0.06,8.0,534.4,1
2019-08-28,2019-08-28 12:00:00,66.25,66.29,66.25,66.29,0.06,8.0,534.4,1
2019-08-28,2019-08-28 12:10:00,66.29,66.33,66.29,66.33,0.06,8.0,534.4,1
2019-08-28,2019-08-28 12:20:00,66.33,66.38,66.33,66.38,0.08,8.0,534.4,1
2019-08-28,2019-08-28 12:30:00,66.38,66.42,66.38,66.42,0.06,8.0,534.4,1
2019-08-28,2019-08-28 12:40:00,66.42,66.46,66.42,66.46,0.06,8.0,534.4,1
2019-08-28,2019-08-28 12:50:00,66.46,66.5,66.46,66.5,0.06,8.0,534.4,1
2019-08-28,2019-08-28 13:00:00,66.5,68.0,66.0,66.54,0.06,8.0,534.4,1
2019-08-28,2019-08-28 13:10:00,66.54,66.58,66.54,66.58,0.06,8.0,534.4,1
2019-08-28,2019-08-28 13:20:00,66.58,66.62,66.58,66.62,0.06,8.0,534.4,1
2019-08-28,2019-08-28 13:30:00,66.62,66.67,66.62,66.67,0.08,8.0,534.4,1
2019-08-28,2019-08-28 13:40:00,66.67,66.71,66.67,66.71,0.06,8.0,534.4,1
2019-08-28,2019-08-28 13:50:00,66.71,66.75,66.71,66.75,0.06,8.0,534.4,1
2019-08-28,2019-08-28 14:00:00,66.75,66.79,66.75,66.79,0.06,8.0,534.4,1
2019-08-28,2019-08-28 14:10:00,66.79,66.83,66.79,66.83,0.06,8.0,534.4,1
2019-08-28,2019-08-28 14:20:00,66.83,66.88,66.83,66.88,0.07,8.0,534.4,1
2019-08-28,2019-08-28 14:30:00,66.88,66.92,66.88,66.92,0.06,8.0,534.4,1
2019-08-28,2019-08-28 14:40:00,66.92,66.96,66.92,66.96,0.06,8.0,534.4,1
2019-08-28,2019-08-28 14:50:00,66.96,67.0,66.96,67.0,0.06,8.0,534.4,1
2019-08-28,2019-08-28 15:00:00,67.0,68.0,66.0,67.0,0.0,8.0,534.4,0
2019-08-29,2019-08-29 11:00:00,68.0,68.3,67.4,67.92,-0.12,13.2,892.4,-1
2019-08-29,2019-08-29 11:10:00,67.92,67.92,67.83,67.83,-0.13,13.2,892.4,-1
2019-08-29,2019-08-29 11:20:00,67.83,67.83,67.75,67.75,-0.12,13.2,892.4,-1
2019-08-29,2019-08-29 11:30:00,67.75,67.75,67.67,67.67,-0.12,13.2,892.4,-1
2019-08-29,2019-08-29 11:40:00,67.67,67.67,67.58,67.58,-0.13,13.2,892.4,-1
2019-08-29,2019-08-29 11:50:00,67.58,67.58,67.5,67.5,-0.12,13.2,892.4,-1
2019-08-29,2019-08-29 12:00:00,67.5,67.5,67.42,67.42,-0.12,13.2,892.4,-1
2019-08-29,2019-08-29 12:10:00,67.42,67.42,67.33,67.33,-0.13,13.2,892.4,-1
2019-08-29,2019-08-29 12:20:00,67.33,67.33,67.25,67.25,-0.12,13.2,892.4,-1
2019-08-29,2019-08-29 12:30:00,67.25,67.25,67.17,67.17,-0.12,13.2,892.4,-1
2019-08-29,2019-08-29 12:40:00,67.17,67.17,67.08,67.08,-0.13,13.2,892.4,-1
2019-08-29,2019-08-29 12:50:00,67.08,67.08,67.0,67.0,-0.12,13.2,892.4,-1
2019-08-29,2019-08-29 13:00:00,67.0,69.0,66.0,66.92,-0.12,13.2,892.4,-1
2019-08-29,2019-08-29 13:10:00,66.92,66.92,66.83,66.83,-0.13,13.2,892.4,-1
2019-08-29,2019-08-29 13:20:00,66.83,66.83,66.75,66.75,-0.12,13.2,892.4,-1
2019-08-29,2019-08-29 13:30:00,66.75,66.75,66.67,66.67,-0.12,13.2,892.4,-1
2019-08-29,2019-08-29 13:40:00,66.67,66.67,66.58,66.58,-0.13,13.2,892.4,-1
2019-08-29,2019-08-29 13:50:00,66.58,66.58,66.5,66.5,-0.12,13.2,892.4,-1
2019-08-29,2019-08-29 14:00:00,66.5,66.5,66.42,66.42,-0.12,13.2,892.4,-1
2019-08-29,2019-08-29 14:10:00,66.42,66.42,66.33,66.33,-0.14,13.2,892.4,-1
2019-08-29,2019-08-29 14:20:00,66.33,66.33,66.25,66.25,-0.12,13.2,892.4,-1
2019-08-29,2019-08-29 14:30:00,66.25,66.25,66.17,66.17,-0.12,13.2,892.4,-1
2019-08-29,2019-08-29 14:40:00,66.17,66.17,66.08,66.08,-0.14,13.2,892.4,-1
2019-08-29,2019-08-29 14:50:00,66.08,66.08,66.0,66.0,-0.12,13.2,892.4,-1
2019-08-29,2019-08-29 15:00:00,66.0,69.0,66.0,66.0,0.0,13.2,892.4,0
2019-09-01,2019-09-01 11:00:00,65.0,65.3,64.7,64.96,-0.06,8.44,545.8,-1
2019-09-01,2019-09-01 11:10:00,64.96,64.96,64.92,64.92,-0.06,8.44,545.8,-1
2019-09-01,2019-09-01 11:20:00,64.92,64.92,64.88,64.88,-0.06,8.44,545.8,-1
2019-09-01,2019-09-01 11:30:00,64.88,64.88,64.83,64.83,-0.08,8.44,545.8,-1
2019-09-01,2019-09-01 11:40:00,64.83,64.83,64.79,64.79,-0.06,8.44,545.8,-1
2019-09-01,2019-09-01 11:50:00,64.79,64.79,64.75,64.75,-0.06,8.44,545.8,-1
2019-09-01,2019-09-01 12:00:00,64.75,64.75,64.71,64.71,-0.06,8.44,545.8,-1
2019-09-01,2019-09-01 12:10:00,64.71,64.71,64.67,64.67,-0.06,8.44,545.8,-1
2019-09-01,2019-09-01 12:20:00,64.67,64.67,64.62,64.62,-0.08,8.44,545.8,-1
2019-09-01,2019-09-01 12:30:00,64.62,64.62,64.58,64.58,-0.06,8.44,545.8,-1
2019-09-01,2019-09-01 12:40:00,64.58,64.58,64.54,64.54,-0.06,8.44,545.8,-1
2019-09-01,2019-09-01 12:50:00,64.54,64.54,64.5,64.5,-0.06,8.44,545.8,-1
2019-09-01,2019-09-01 13:00:00,64.5,66.0,64.0,64.46,-0.06,8.44,545.8,-1
2019-09-01,2019-09-01 13:10:00,64.46,64.46,64.42,64.42,-0.06,8.44,545.8,-1
2019-09-01,2019-09-01 13:20:00,64.42,64.42,64.38,64.38,-0.06,8.44,545.8,-1
2019-09-01,2019-09-01 13:30:00,64.38,64.38,64.33,64.33,-0.08,8.44,545.8,-1
2019-09-01,2019-09-01 13:40:00,64.33,64.33,64.29,64.29,-0.06,8.44,545.8,-1
2019-09-01,2019-09-01 13:50:00,64.29,64.29,64.25,64.25,-0.06,8.44,545.8,-1
2019-09-01,2019-09-01 14:00:00,64.25,64.25,64.21,64.21,-0.06,8.44,545.8,-1
2019-09-01,2019-09-01 14:10:00,64.21,64.21,64.17,64.17,-0.06,8.44,545.8,-1
2019-09-01,2019-09-01 14:20:00,64.17,64.17,64.12,64.12,-0.08,8.44,545.8,-1
2019-09-01,2019-09-01 14:30:00,64.12,64.12,64.08,64.08,-0.06,8.44,545.8,-1
2019-09-01,2019-09-01 14:40:00,64.08,64.08,64.04,64.04,-0.06,8.44,545.8,-1
2019-09-01,2019-09-01 14:50:00,64.04,64.04,64.0,64.0,-0.06,8.44,545.8,-1
2019-09-01,2019-09-01 15:00:00,64.0,66.0,64.0,64.0,0.0,8.44,545.8,0
2019-09-02,2019-09-02 11:00:00,63.0,63.0,62.7,62.96,-0.06,8.0,499.2,-1
2019-09-02,2019-09-02 11:10:00,62.96,62.96,62.92,62.92,-0.06,8.0,499.2,-1
2019-09-02,2019-09-02 11:20:00,62.92,62.92,62.88,62.88,-0.06,8.0,499.2,-1
2019-09-02,2019-09-02 11:30:00,62.88,62.88,62.83,62.83,-0.08,8.0,499.2,-1
2019-09-02,2019-09-02 11:40:00,62.83,62.83,62.79,62.79,-0.06,8.0,499.2,-1
2019-09-02,2019-09-02 11:50:00,62.79,62.79,62.75,62.75,-0.06,8.0,499.2,-1
2019-09-02,2019-09-02 12:00:00,62.75,62.75,62.71,62.71,-0.06,8.0,499.2,-1
2019-09-02,2019-09-02 12:10:00,62.71,62.71,62.67,62.67,-0.06,8.0,499.2,-1
2019-09-02,2019-09-02 12:20:00,62.67,62.67,62.62,62.62,-0.08,8.0,499.2,-1
2019-09-02,2019-09-02 12:30:00,62.62,62.62,62.58,62.58,-0.06,8.0,499.2,-1
2019-09-02,2019-09-02 12:40:00,62.58,62.58,62.54,62.54,-0.06,8.0,499.2,-1
2019-09-02,2019-09-02 12:50:00,62.54,62.54,62.5,62.5,-0.06,8.0,499.2,-1
2019-09-02,2019-09-02 13:00:00,62.5,63.0,62.0,62.46,-0.06,8.0,499.2,-1
2019-09-02,2019-09-02 13:10:00,62.46,62.46,62.42,62.42,-0.06,8.0,499.2,-1
2019-09-02,2019-09-02 13:20:00,62.42,62.42,62.38,62.38,-0.06,8.0,499.2,-1
2019-09-02,2019-09-02 13:30:00,62.38,62.38,62.33,62.33,-0.08,8.0,499.2,-1
2019-09-02,2019-09-02 13:40:00,62.33,62.33,62.29,62.29,-0.06,8.0,499.2,-1
2019-09-02,2019-09-02 13:50:00,62.29,62.29,62.25,62.25,-0.06,8.0,499.2,-1
2019-09-02,2019-09-02 14:00:00,62.25,62.25,62.21,62.21,-0.06,8.0,499.2,-1
2019-09-02,2019-09-02 14:10:00,62.21,62.21,62.17,62.17,-0.06,8.0,499.2,-1
2019-09-02,2019-09-02 14:20:00,62.17,62.17,62.12,62.12,-0.08,8.0,499.2,-1
2019-09-02,2019-09-02 14:30:00,62.12,62.12,62.08,62.08,-0.06,8.0,499.2,-1
2019-09-02,2019-09-02 14:40:00,62.08,62.08,62.04,62.04,-0.06,8.0,499.2,-1
2019-09-02,2019-09-02 14:50:00,62.04,62.04,62.0,62.0,-0.06,8.0,499.2,-1
2019-09-02,2019-09-02 15:00:00,62.0,63.0,62.0,62.0,0.0,8.0,499.2,0
2019-09-03,2019-09-03 11:00:00,62.0,62.3,61.7,62.0,0.0,2.0,124.0,0
2019-09-03,2019-09-03 11:10:00,62.0,62.0,62.0,62.0,0.0,2.0,124.0,0
2019-09-03,2019-09-03 11:20:00,62.0,62.0,62.0,62.0,0.0,2.0,124.0,0
2019-09-03,2019-09-03 11:30:00,62.0,62.0,62.0,62.0,0.0,2.0,124.0,0
2019-09-03,2019-09-03 11:40:00,62.0,62.0,62.0,62.0,0.0,2.0,124.0,0
2019-09-03,2019-09-03 11:50:00,62.0,62.0,62.0,62.0,0.0,2.0,124.0,0
2019-09-03,2019-09-03 12:00:00,62.0,62.0,62.0,62.0,0.0,2.0,124.0,0
2019-09-03,2019-09-03 12:10:00,62.0,62.0,62.0,62.0,0.0,2.0,124.0,0
2019-09-03,2019-09-03 12:20:00,62.0,62.0,62.0,62.0,0.0,2.0,124.0,0
2019-09-03,2019-09-03 12:30:00,62.0,62.0,62.0,62.0,0.0,2.0,124.0,0
2019-09-03,2019-09-03 12:40:00,62.0,62.0,62.0,62.0,0.0,2.0,124.0,0
2019-09-03,2019-09-03 12:50:00,62.0,62.0,62.0,62.0,0.0,2.0,124.0,0
2019-09-03,2019-09-03 13:00:00,62.0,63.0,61.0,62.0,0.0,2.0,124.0,0
2019-09-03,2019-09-03 13:10:00,62.0,62.0,62.0,62.0,0.0,2.0,124.0,0
2019-09-03,2019-09-03 13:20:00,62.0,62.0,62.0,62.0,0.0,2.0,124.0,0
2019-09-03,2019-09-03 13:30:00,62.0,62.0,62.0,62.0,0.0,2.0,124.0,0
2019-09-03,2019-09-03 13:40:00,62.0,62.0,62.0,62.0,0.0,2.0,124.0,0
2019-09-03,2019-09-03 13:50:00,62.0,62.0,62.0,62.0,0.0,2.0,124.0,0
2019-09-03,2019-09-03 14:00:00,62.0,62.0,62.0,62.0,0.0,2.0,124.0,0
2019-09-03,2019-09-03 14:10:00,62.0,62.0,62.0,62.0,0.0,2.0,124.0,0
2019-09-03,2019-09-03 14:20:00,62.0,62.0,62.0,62.0,0.0,2.0,124.0,0
2019-09-03,2019-09-03 14:30:00,62.0,62.0,62.0,62.0,0.0,2.0,124.0,0
2019-09-03,2019-09-03 14:40:00,62.0,62.0,62.0,62.0,0.0,2.0,124.0,0
2019-09-03,2019-09-03 14:50:00,62.0,62.0,62.0,62.0,0.0,2.0,124.0,0
2019-09-03,2019-09-03 15:00:00,62.0,63.0,61.0,62.0,0.0,2.0,124.0,0
2019-09-04,2019-09-04 11:00:00,62.0,62.6,62.0,62.04,0.06,12.4,781.2,1
2019-09-04,2019-09-04 11:10:00,62.04,62.08,62.04,62.08,0.06,12.4,781.2,1
2019-09-04,2019-09-04 11:20:00,62.08,62.12,62.08,62.12,0.06,12.4,781.2,1
2019-09-04,2019-09-04 11:30:00,62.12,62.17,62.12,62.17,0.08,12.4,781.2,1
2019-09-04,2019-09-04 11:40:00,62.17,62.21,62.17,62.21,0.06,12.4,781.2,1
2019-09-04,2019-09-04 11:50:00,62.21,62.25,62.21,62.25,0.06,12.4,781.2,1
2019-09-04,2019-09-04 12:00:00,62.25,62.29,62.25,62.29,0.06,12.4,781.2,1
2019-09-04,2019-09-04 12:10:00,62.29,62.33,62.29,62.33,0.06,12.4,781.2,1
2019-09-04,2019-09-04 12:20:00,62.33,62.38,62.33,62.38,0.08,12.4,781.2,1
2019-09-04,2019-09-04 12:30:00,62.38,62.42,62.38,62.42,0.06,12.4,781.2,1
2019-09-04,2019-09-04 12:40:00,62.42,62.46,62.42,62.46,0.06,12.4,781.2,1
2019-09-04,2019-09-04 12:50:00,62.46,62.5,62.46,62.5,0.06,12.4,781.2,1
2019-09-04,2019-09-04 13:00:00,62.5,64.0,62.0,62.54,0.06,12.4,781.2,1
2019-09-04,2019-09-04 13:10:00,62.54,62.58,62.54,62.58,0.06,12.4,781.2,1
2019-09-04,2019-09-04 13:20:00,62.58,62.62,62.58,62.62,0.06,12.4,781.2,1
2019-09-04,2019-09-04 13:30:00,62.62,62.67,62.62,62.67,0.08,12.4,781.2,1
2019-09-04,2019-09-04 13:40:00,62.67,62.71,62.67,62.71,0.06,12.4,781.2,1
2019-09-04,2019-09-04 13:50:00,62.71,62.75,62.71,62.75,0.06,12.4,781.2,1
2019-09-04,2019-09-04 14:00:00,62.75,62.79,62.75,62.79,0.06,12.4,781.2,1
2019-09-04,2019-09-04 14:10:00,62.79,62.83,62.79,62.83,0.06,12.4,781.2,1
2019-09-04,2019-09-04 14:20:00,62.83,62.88,62.83,62.88,0.08,12.4,781.2,1
2019-09-04,2019-09-04 14:30:00,62.88,62.92,62.88,62.92,0.06,12.4,781.2,1
2019-09-04,2019-09-04 14:40:00,62.92,62.96,62.92,62.96,0.06,12.4,781.2,1
2019-09-04,2019-09-04 14:50:00,62.96,63.0,62.96,63.0,0.06,12.4,781.2,1
2019-09-04,2019-09-04 15:00:00,63.0,64.0,62.0,63.0,0.0,12.4,781.2,0
2019-09-05,2019-09-05 11:00:00,62.0,62.6,62.0,62.08,0.13,14.4,910.0,1
2019-09-05,2019-09-05 11:10:00,62.08,62.17,62.08,62.17,0.14,14.4,910.0,1
2019-09-05,2019-09-05 11:20:00,62.17,62.25,62.17,62.25,0.13,14.4,910.0,1
2019-09-05,2019-09-05 11:30:00,62.25,62.33,62.25,62.33,0.13,14.4,910.0,1
2019-09-05,2019-09-05 11:40:00,62.33,62.42,62.33,62.42,0.14,14.4,910.0,1
2019-09-05,2019-09-05 11:50:00,62.42,62.5,62.42,62.5,0.13,14.4,910.0,1
2019-09-05,2019-09-05 12:00:00,62.5,62.58,62.5,62.58,0.13,14.4,910.0,1
2019-09-05,2019-09-05 12:10:00,62.58,62.67,62.58,62.67,0.14,14.4,910.0,1
2019-09-05,2019-09-05 12:20:00,62.67,62.75,62.67,62.75,0.13,14.4,910.0,1
2019-09-05,2019-09-05 12:30:00,62.75,62.83,62.75,62.83,0.13,14.4,910.0,1
2019-09-05,2019-09-05 12:40:00,62.83,62.92,62.83,62.92,0.14,14.4,910.0,1
2019-09-05,2019-09-05 12:50:00,62.92,63.0,62.92,63.0,0.13,14.4,910.0,1
2019-09-05,2019-09-05 13:00:00,63.0,64.0,62.0,63.08,0.13,14.4,910.0,1
2019-09-05,2019-09-05 13:10:00,63.08,63.17,63.08,63.17,0.14,14.4,910.0,1
2019-09-05,2019-09-05 13:20:00,63.17,63.25,63.17,63.25,0.13,14.4,910.0,1
2019-09-05,2019-09-05 13:30:00,63.25,63.33,63.25,63.33,0.13,14.4,910.0,1
2019-09-05,2019-09-05 13:40:00,63.33,63.42,63.33,63.42,0.14,14.4,910.0,1
2019-09-05,2019-09-05 13:50:00,63.42,63.5,63.42,63.5,0.13,14.4,910.0,1
2019-09-05,2019-09-05 14:00:00,63.5,63.58,63.5,63.58,0.13,14.4,910.0,1
2019-09-05,2019-09-05 14:10:00,63.58,63.67,63.58,63.67,0.14,14.4,910.0,1
2019-09-05,2019-09-05 14:20:00,63.67,63.75,63.67,63.75,0.13,14.4,910.0,1
2019-09-05,2019-09-05 14:30:00,63.75,63.83,63.75,63.83,0.13,14.4,910.0,1
2019-09-05,2019-09-05 14:40:00,63.83,63.92,63.83,63.92,0.14,14.4,910.0,1
2019-09-05,2019-09-05 14:50:00,63.92,64.0,63.92,64.0,0.13,14.4,910.0,1
2019-09-05,2019-09-05 15:00:00,64.0,64.0,62.0,64.0,0.0,14.4,910.0,0
2019-09-08,2019-09-08 11:00:00,63.0,63.0,62.7,62.96,-0.06,2.0,124.8,-1
2019-09-08,2019-09-08 11:10:00,62.96,62.96,62.92,62.92,-0.06,2.0,124.8,-1
2019-09-08,2019-09-08 11:20:00,62.92,62.92,62.88,62.88,-0.06,2.0,124.8,-1
2019-09-08,2019-09-08 11:30:00,62.88,62.88,62.83,62.83,-0.08,2.0,124.8,-1
2019-09-08,2019-09-08 11:40:00,62.83,62.83,62.79,62.79,-0.06,2.0,124.8,-1
2019-09-08,2019-09-08 11:50:00,62.79,62.79,62.75,62.75,-0.06,2.0,124.8,-1
2019-09-08,2019-09-08 12:00:00,62.75,62.75,62.71,62.71,-0.06,2.0,124.8,-1
2019-09-08,2019-09-08 12:10:00,62.71,62.71,62.67,62.67,-0.06,2.0,124.8,-1
2019-09-08,2019-09-08 12:20:00,62.67,62.67,62.62,62.62,-0.08,2.0,124.8,-1
2019-09-08,2019-09-08 12:30:00,62.62,62.62,62.58,62.58,-0.06,2.0,124.8,-1
2019-09-08,2019-09-08 12:40:00,62.58,62.58,62.54,62.54,-0.06,2.0,124.8,-1
2019-09-08,2019-09-08 12:50:00,62.54,62.54,62.5,62.5,-0.06,2.0,124.8,-1
2019-09-08,2019-09-08 13:00:00,62.5,63.0,62.0,62.46,-0.06,2.0,124.8,-1
2019-09-08,2019-09-08 13:10:00,62.46,62.46,62.42,62.42,-0.06,2.0,124.8,-1
2019-09-08,2019-09-08 13:20:00,62.42,62.42,62.38,62.38,-0.06,2.0,124.8,-1
2019-09-08,2019-09-08 13:30:00,62.38,62.38,62.33,62.33,-0.08,2.0,124.8,-1
2019-09-08,2019-09-08 13:40:00,62.33,62.33,62.29,62.29,-0.06,2.0,124.8,-1
2019-09-08,2019-09-08 13:50:00,62.29,62.29,62.25,62.25,-0.06,2.0,124.8,-1
2019-09-08,2019-09-08 14:00:00,62.25,62.25,62.21,62.21,-0.06,2.0,124.8,-1
2019-09-08,2019-09-08 14:10:00,62.21,62.21,62.17,62.17,-0.06,2.0,124.8,-1
2019-09-08,2019-09-08 14:20:00,62.17,62.17,62.12,62.12,-0.08,2.0,124.8,-1
2019-09-08,2019-09-08 14:30:00,62.12,62.12,62.08,62.08,-0.06,2.0,124.8,-1
2019-09-08,2019-09-08 14:40:00,62.08,62.08,62.04,62.04,-0.06,2.0,124.8,-1
2019-09-08,2019-09-08 14:50:00,62.04,62.04,62.0,62.0,-0.06,2.0,124.8,-1
2019-09-08,2019-09-08 15:00:00,62.0,63.0,62.0,62.0,0.0,2.0,124.8,0
2019-09-09,2019-09-09 11:00:00,61.0,61.0,60.7,60.96,-0.07,16.0,972.8,-1
2019-09-09,2019-09-09 11:10:00,60.96,60.96,60.92,60.92,-0.07,16.0,972.8,-1
2019-09-09,2019-09-09 11:20:00,60.92,60.92,60.88,60.88,-0.07,16.0,972.8,-1
2019-09-09,2019-09-09 11:30:00,60.88,60.88,60.83,60.83,-0.08,16.0,972.8,-1
2019-09-09,2019-09-09 11:40:00,60.83,60.83,60.79,60.79,-0.07,16.0,972.8,-1
2019-09-09,2019-09-09 11:50:00,60.79,60.79,60.75,60.75,-0.07,16.0,972.8,-1
2019-09-09,2019-09-09 12:00:00,60.75,60.75,60.71,60.71,-0.07,16.0,972.8,-1
2019-09-09,2019-09-09 12:10:00,60.71,60.71,60.67,60.67,-0.07,16.0,972.8,-1
2019-09-09,2019-09-09 12:20:00,60.67,60.67,60.62,60.62,-0.08,16.0,972.8,-1
2019-09-09,2019-09-09 12:30:00,60.62,60.62,60.58,60.58,-0.07,16.0,972.8,-1
2019-09-09,2019-09-09 12:40:00,60.58,60.58,60.54,60.54,-0.07,16.0,972.8,-1
2019-09-09,2019-09-09 12:50:00,60.54,60.54,60.5,60.5,-0.07,16.0,972.8,-1
2019-09-09,2019-09-09 13:00:00,60.5,61.0,60.0,60.46,-0.07,16.0,972.8,-1
2019-09-09,2019-09-09 13:10:00,60.46,60.46,60.42,60.42,-0.07,16.0,972.8,-1
2019-09-09,2019-09-09 13:20:00,60.42,60.42,60.38,60.38,-0.07,16.0,972.8,-1
2019-09-09,2019-09-09 13:30:00,60.38,60.38,60.33,60.33,-0.08,16.0,972.8,-1
2019-09-09,2019-09-09 13:40:00,60.33,60.33,60.29,60.29,-0.07,16.0,972.8,-1
2019-09-09,2019-09-09 13:50:00,60.29,60.29,60.25,60.25,-0.07,16.0,972.8,-1
2019-09-09,2019-09-09 14:00:00,60.25,60.25,60.21,60.21,-0.07,16.0,972.8,-1
2019-09-09,2019-09-09 14:10:00,60.21,60.21,60.17,60.17,-0.07,16.0,972.8,-1
2019-09-09,2019-09-09 14:20:00,60.17,60.17,60.12,60.12,-0.08,16.0,972.8,-1
2019-09-09,2019-09-09 14:30:00,60.12,60.12,60.08,60.08,-0.07,16.0,972.8,-1
2019-09-09,2019-09-09 14:40:00,60.08,60.08,60.04,60.04,-0.07,16.0,972.8,-1
2019-09-09,2019-09-09 14:50:00,60.04,60.04,60.0,60.0,-0.07,16.0,972.8,-1
2019-09-09,2019-09-09 15:00:00,60.0,61.0,60.0,60.0,0.0,16.0,972.8,0
2019-09-10,2019-09-10 11:00:00,61.0,61.0,60.7,61.0,0.0,12.04,732.4,0
2019-09-10,2019-09-10 11:10:00,61.0,61.0,61.0,61.0,0.0,12.04,732.4,0
2019-09-10,2019-09-10 11:20:00,61.0,61.0,61.0,61.0,0.0,12.04,732.4,0
2019-09-10,2019-09-10 11:30:00,61.0,61.0,61.0,61.0,0.0,12.04,732.4,0
2019-09-10,2019-09-10 11:40:00,61.0,61.0,61.0,61.0,0.0,12.04,732.4,0
2019-09-10,2019-09-10 11:50:00,61.0,61.0,61.0,61.0,0.0,12.04,732.4,0
2019-09-10,2019-09-10 12:00:00,61.0,61.0,61.0,61.0,0.0,12.04,732.4,0
2019-09-10,2019-09-10 12:10:00,61.0,61.0,61.0,61.0,0.0,12.04,732.4,0
2019-09-10,2019-09-10 12:20:00,61.0,61.0,61.0,61.0,0.0,12.04,732.4,0
2019-09-10,2019-09-10 12:30:00,61.0,61.0,61.0,61.0,0.0,12.04,732.4,0
2019-09-10,2019-09-10 12:40:00,61.0,61.0,61.0,61.0,0.0,12.04,732.4,0
2019-09-10,2019-09-10 12:50:00,61.0,61.0,61.0,61.0,0.0,12.04,732.4,0
2019-09-10,2019-09-10 13:00:00,61.0,61.0,60.0,61.0,0.0,12.04,732.4,0
2019-09-10,2019-09-10 13:10:00,61.0,61.0,61.0,61.0,0.0,12.04,732.4,0
2019-09-10,2019-09-10 13:20:00,61.0,61.0,61.0,61.0,0.0,12.04,732.4,0
2019-09-10,2019-09-10 13:30:00,61.0,61.0,61.0,61.0,0.0,12.04,732.4,0
2019-09-10,2019-09-10 13:40:00,61.0,61.0,61.0,61.0,0.0,12.04,732.4,0
2019-09-10,2019-09-10 13:50:00,61.0,61.0,61.0,61.0,0.0,12.04,732.4,0
2019-09-10,2019-09-10 14:00:00,61.0,61.0,61.0,61.0,0.0,12.04,732.4,0
2019-09-10,2019-09-10 14:10:00,61.0,61.0,61.0,61.0,0.0,12.04,732.4,0
2019-09-10,2019-09-10 14:20:00,61.0,61.0,61.0,61.0,0.0,12.04,732.4,0
2019-09-10,2019-09-10 14:30:00,61.0,61.0,61.0,61.0,0.0,12.04,732.4,0
2019-09-10,2019-09-10 14:40:00,61.0,61.0,61.0,61.0,0.0,12.04,732.4,0
2019-09-10,2019-09-10 14:50:00,61.0,61.0,61.0,61.0,0.0,12.04,732.4,0
2019-09-10,2019-09-10 15:00:00,61.0,61.0,60.0,61.0,0.0,12.04,732.4,0
2019-09-11,2019-09-11 11:00:00,61.0,61.3,60.7,61.04,0.07,4.8,292.0,1
2019-09-11,2019-09-11 11:10:00,61.04,61.08,61.04,61.08,0.07,4.8,292.0,1
2019-09-11,2019-09-11 11:20:00,61.08,61.12,61.08,61.12,0.07,4.8,292.0,1
2019-09-11,2019-09-11 11:30:00,61.12,61.17,61.12,61.17,0.08,4.8,292.0,1
2019-09-11,2019-09-11 11:40:00,61.17,61.21,61.17,61.21,0.07,4.8,292.0,1
2019-09-11,2019-09-11 11:50:00,61.21,61.25,61.21,61.25,0.07,4.8,292.0,1
2019-09-11,2019-09-11 12:00:00,61.25,61.29,61.25,61.29,0.07,4.8,292.0,1
2019-09-11,2019-09-11 12:10:00,61.29,61.33,61.29,61.33,0.07,4.8,292.0,1
2019-09-11,2019-09-11 12:20:00,61.33,61.38,61.33,61.38,0.08,4.8,292.0,1
2019-09-11,2019-09-11 12:30:00,61.38,61.42,61.38,61.42,0.07,4.8,292.0,1
2019-09-11,2019-09-11 12:40:00,61.42,61.46,61.42,61.46,0.07,4.8,292.0,1
2019-09-11,2019-09-11 12:50:00,61.46,61.5,61.46,61.5,0.07,4.8,292.0,1
2019-09-11,2019-09-11 13:00:00,61.5,62.0,60.0,61.54,0.07,4.8,292.0,1
2019-09-11,2019-09-11 13:10:00,61.54,61.58,61.54,61.58,0.06,4.8,292.0,1
2019-09-11,2019-09-11 13:20:00,61.58,61.62,61.58,61.62,0.06,4.8,292.0,1
2019-09-11,2019-09-11 13:30:00,61.62,61.67,61.62,61.67,0.08,4.8,292.0,1
2019-09-11,2019-09-11 13:40:00,61.67,61.71,61.67,61.71,0.06,4.8,292.0,1
2019-09-11,2019-09-11 13:50:00,61.71,61.75,61.71,61.75,0.06,4.8,292.0,1
2019-09-11,2019-09-11 14:00:00,61.75,61.79,61.75,61.79,0.06,4.8,292.0,1
2019-09-11,2019-09-11 14:10:00,61.79,61.83,61.79,61.83,0.06,4.8,292.0,1
2019-09-11,2019-09-11 14:20:00,61.83,61.88,61.83,61.88,0.08,4.8,292.0,1
2019-09-11,2019-09-11 14:30:00,61.88,61.92,61.88,61.92,0.06,4.8,292.0,1
2019-09-11,2019-09-11 14:40:00,61.92,61.96,61.92,61.96,0.06,4.8,292.0,1
2019-09-11,2019-09-11 14:50:00,61.96,62.0,61.96,62.0,0.06,4.8,292.0,1
2019-09-11,2019-09-11 15:00:00,62.0,62.0,60.0,62.0,0.0,4.8,292.0,0
2019-09-12,2019-09-12 11:00:00,61.0,61.3,60.7,61.0,0.0,12.0,729.6,0
2019-09-12,2019-09-12 11:10:00,61.0,61.0,61.0,61.0,0.0,12.0,729.6,0
2019-09-12,2019-09-12 11:20:00,61.0,61.0,61.0,61.0,0.0,12.0,729.6,0
2019-09-12,2019-09-12 11:30:00,61.0,61.0,61.0,61.0,0.0,12.0,729.6,0
2019-09-12,2019-09-12 11:40:00,61.0,61.0,61.0,61.0,0.0,12.0,729.6,0
2019-09-12,2019-09-12 11:50:00,61.0,61.0,61.0,61.0,0.0,12.0,729.6,0
2019-09-12,2019-09-12 12:00:00,61.0,61.0,61.0,61.0,0.0,12.0,729.6,0
2019-09-12,2019-09-12 12:10:00,61.0,61.0,61.0,61.0,0.0,12.0,729.6,0
2019-09-12,2019-09-12 12:20:00,61.0,61.0,61.0,61.0,0.0,12.0,729.6,0
2019-09-12,2019-09-12 12:30:00,61.0,61.0,61.0,61.0,0.0,12.0,729.6,0
2019-09-12,2019-09-12 12:40:00,61.0,61.0,61.0,61.0,0.0,12.0,729.6,0
2019-09-12,2019-09-12 12:50:00,61.0,61.0,61.0,61.0,0.0,12.0,729.6,0
2019-09-12,2019-09-12 13:00:00,61.0,62.0,60.0,61.0,0.0,12.0,729.6,0
2019-09-12,2019-09-12 13:10:00,61.0,61.0,61.0,61.0,0.0,12.0,729.6,0
2019-09-12,2019-09-12 13:20:00,61.0,61.0,61.0,61.0,0.0,12.0,729.6,0
2019-09-12,2019-09-12 13:30:00,61.0,61.0,61.0,61.0,0.0,12.0,729.6,0
2019-09-12,2019-09-12 13:40:00,61.0,61.0,61.0,61.0,0.0,12.0,729.6,0
2019-09-12,2019-09-12 13:50:00,61.0,61.0,61.0,61.0,0.0,12.0,729.6,0
2019-09-12,2019-09-12 14:00:00,61.0,61.0,61.0,61.0,0.0,12.0,729.6,0
2019-09-12,2019-09-12 14:10:00,61.0,61.0,61.0,61.0,0.0,12.0,729.6,0
2019-09-12,2019-09-12 14:20:00,61.0,61.0,61.0,61.0,0.0,12.0,729.6,0
2019-09-12,2019-09-12 14:30:00,61.0,61.0,61.0,61.0,0.0,12.0,729.6,0
2019-09-12,2019-09-12 14:40:00,61.0,61.0,61.0,61.0,0.0,12.0,729.6,0
2019-09-12,2019-09-12 14:50:00,61.0,61.0,61.0,61.0,0.0,12.0,729.6,0
2019-09-12,2019-09-12 15:00:00,61.0,62.0,60.0,61.0,0.0,12.0,729.6,0
2019-09-16,2019-09-16 11:00:00,61.0,61.0,60.1,60.96,-0.07,31.2,1830.8,-1
2019-09-16,2019-09-16 11:10:00,60.96,60.96,60.92,60.92,-0.07,31.2,1830.8,-1
2019-09-16,2019-09-16 11:20:00,60.92,60.92,60.88,60.88,-0.07,31.2,1830.8,-1
2019-09-16,2019-09-16 11:30:00,60.88,60.88,60.83,60.83,-0.08,31.2,1830.8,-1
2019-09-16,2019-09-16 11:40:00,60.83,60.83,60.79,60.79,-0.07,31.2,1830.8,-1
2019-09-16,2019-09-16 11:50:00,60.79,60.79,60.75,60.75,-0.07,31.2,1830.8,-1
2019-09-16,2019-09-16 12:00:00,60.75,60.75,60.71,60.71,-0.07,31.2,1830.8,-1
2019-09-16,2019-09-16 12:10:00,60.71,60.71,60.67,60.67,-0.07,31.2,1830.8,-1
2019-09-16,2019-09-16 12:20:00,60.67,60.67,60.62,60.62,-0.08,31.2,1830.8,-1
2019-09-16,2019-09-16 12:30:00,60.62,60.62,60.58,60.58,-0.07,31.2,1830.8,-1
2019-09-16,2019-09-16 12:40:00,60.58,60.58,60.54,60.54,-0.07,31.2,1830.8,-1
2019-09-16,2019-09-16 12:50:00,60.54,60.54,60.5,60.5,-0.07,31.2,1830.8,-1
2019-09-16,2019-09-16 13:00:00,60.5,61.0,58.0,60.46,-0.07,31.2,1830.8,-1
2019-09-16,2019-09-16 13:10:00,60.46,60.46,60.42,60.42,-0.07,31.2,1830.8,-1
2019-09-16,2019-09-16 13:20:00,60.42,60.42,60.38,60.38,-0.07,31.2,1830.8,-1
2019-09-16,2019-09-16 13:30:00,60.38,60.38,60.33,60.33,-0.08,31.2,1830.8,-1
2019-09-16,2019-09-16 13:40:00,60.33,60.33,60.29,60.29,-0.07,31.2,1830.8,-1
2019-09-16,2019-09-16 13:50:00,60.29,60.29,60.25,60.25,-0.07,31.2,1830.8,-1
2019-09-16,2019-09-16 14:00:00,60.25,60.25,60.21,60.21,-0.07,31.2,1830.8,-1
2019-09-16,2019-09-16 14:10:00,60.21,60.21,60.17,60.17,-0.07,31.2,1830.8,-1
2019-09-16,2019-09-16 14:20:00,60.17,60.17,60.12,60.12,-0.08,31.2,1830.8,-1
2019-09-16,2019-09-16 14:30:00,60.12,60.12,60.08,60.08,-0.07,31.2,1830.8,-1
2019-09-16,2019-09-16 14:40:00,60.08,60.08,60.04,60.04,-0.07,31.2,1830.8,-1
2019-09-16,2019-09-16 14:50:00,60.04,60.04,60.0,60.0,-0.07,31.2,1830.8,-1
2019-09-16,2019-09-16 15:00:00,60.0,61.0,58.0,60.0,0.0,31.2,1830.8,0
2019-09-17,2019-09-17 11:00:00,60.0,60.9,60.0,60.04,0.07,127.76,8016.08,1
2019-09-17,2019-09-17 11:10:00,60.04,60.08,60.04,60.08,0.07,127.76,8016.08,1
2019-09-17,2019-09-17 11:20:00,60.08,60.12,60.08,60.12,0.07,127.76,8016.08,1
2019-09-17,2019-09-17 11:30:00,60.12,60.17,60.12,60.17,0.08,127.76,8016.08,1
2019-09-17,2019-09-17 11:40:00,60.17,60.21,60.17,60.21,0.07,127.76,8016.08,1
2019-09-17,2019-09-17 11:50:00,60.21,60.25,60.21,60.25,0.07,127.76,8016.08,1
2019-09-17,2019-09-17 12:00:00,60.25,60.29,60.25,60.29,0.07,127.76,8016.08,1
2019-09-17,2019-09-17 12:10:00,60.29,60.33,60.29,60.33,0.07,127.76,8016.08,1
2019-09-17,2019-09-17 12:20:00,60.33,60.38,60.33,60.38,0.08,127.76,8016.08,1
2019-09-17,2019-09-17 12:30:00,60.38,60.42,60.38,60.42,0.07,127.76,8016.08,1
2019-09-17,2019-09-17 12:40:00,60.42,60.46,60.42,60.46,0.07,127.76,8016.08,1
2019-09-17,2019-09-17 12:50:00,60.46,60.5,60.46,60.5,0.07,127.76,8016.08,1
2019-09-17,2019-09-17 13:00:00,60.5,63.0,60.0,60.54,0.07,127.76,8016.08,1
2019-09-17,2019-09-17 13:10:00,60.54,60.58,60.54,60.58,0.07,127.76,8016.08,1
2019-09-17,2019-09-17 13:20:00,60.58,60.62,60.58,60.62,0.07,127.76,8016.08,1
2019-09-17,2019-09-17 13:30:00,60.62,60.67,60.62,60.67,0.08,127.76,8016.08,1
2019-09-17,2019-09-17 13:40:00,60.67,60.71,60.67,60.71,0.07,127.76,8016.08,1
2019-09-17,2019-09-17 13:50:00,60.71,60.75,60.71,60.75,0.07,127.76,8016.08,1
2019-09-17,2019-09-17 14:00:00,60.75,60.79,60.75,60.79,0.07,127.76,8016.08,1
2019-09-17,2019-09-17 14:10:00,60.79,60.83,60.79,60.83,0.07,127.76,8016.08,1
2019-09-17,2019-09-17 14:20:00,60.83,60.88,60.83,60.88,0.08,127.76,8016.08,1
2019-09-17,2019-09-17 14:30:00,60.88,60.92,60.88,60.92,0.07,127.76,8016.08,1
2019-09-17,2019-09-17 14:40:00,60.92,60.96,60.92,60.96,0.07,127.76,8016.08,1
2019-09-17,2019-09-17 14:50:00,60.96,61.0,60.96,61.0,0.07,127.76,8016.08,1
2019-09-17,2019-09-17 15:00:00,61.0,63.0,60.0,61.0,0.0,127.76,8016.08,0
2019-09-18,2019-09-18 11:00:00,61.0,61.3,61.0,61.04,0.07,5.6,343.2,1
2019-09-18,2019-09-18 11:10:00,61.04,61.08,61.04,61.08,0.07,5.6,343.2,1
2019-09-18,2019-09-18 11:20:00,61.08,61.12,61.08,61.12,0.07,5.6,343.2,1
2019-09-18,2019-09-18 11:30:00,61.12,61.17,61.12,61.17,0.08,5.6,343.2,1
2019-09-18,2019-09-18 11:40:00,61.17,61.21,61.17,61.21,0.07,5.6,343.2,1
2019-09-18,2019-09-18 11:50:00,61.21,61.25,61.21,61.25,0.07,5.6,343.2,1
2019-09-18,2019-09-18 12:00:00,61.25,61.29,61.25,61.29,0.07,5.6,343.2,1
2019-09-18,2019-09-18 12:10:00,61.29,61.33,61.29,61.33,0.07,5.6,343.2,1
2019-09-18,2019-09-18 12:20:00,61.33,61.38,61.33,61.38,0.08,5.6,343.2,1
2019-09-18,2019-09-18 12:30:00,61.38,61.42,61.38,61.42,0.07,5.6,343.2,1
2019-09-18,2019-09-18 12:40:00,61.42,61.46,61.42,61.46,0.07,5.6,343.2,1
2019-09-18,2019-09-18 12:50:00,61.46,61.5,61.46,61.5,0.07,5.6,343.2,1
2019-09-18,2019-09-18 13:00:00,61.5,62.0,61.0,61.54,0.07,5.6,343.2,1
2019-09-18,2019-09-18 13:10:00,61.54,61.58,61.54,61.58,0.06,5.6,343.2,1
2019-09-18,2019-09-18 13:20:00,61.58,61.62,61.58,61.62,0.06,5.6,343.2,1
2019-09-18,2019-09-18 13:30:00,61.62,61.67,61.62,61.67,0.08,5.6,343.2,1
2019-09-18,2019-09-18 13:40:00,61.67,61.71,61.67,61.71,0.06,5.6,343.2,1
2019-09-18,2019-09-18 13:50:00,61.71,61.75,61.71,61.75,0.06,5.6,343.2,1
2019-09-18,2019-09-18 14:00:00,61.75,61.79,61.75,61.79,0.06,5.6,343.2,1
2019-09-18,2019-09-18 14:10:00,61.79,61.83,61.79,61.83,0.06,5.6,343.2,1
2019-09-18,2019-09-18 14:20:00,61.83,61.88,61.83,61.88,0.08,5.6,343.2,1
2019-09-18,2019-09-18 14:30:00,61.88,61.92,61.88,61.92,0.06,5.6,343.2,1
2019-09-18,2019-09-18 14:40:00,61.92,61.96,61.92,61.96,0.06,5.6,343.2,1
2019-09-18,2019-09-18 14:50:00,61.96,62.0,61.96,62.0,0.06,5.6,343.2,1
2019-09-18,2019-09-18 15:00:00,62.0,62.0,61.0,62.0,0.0,5.6,343.2,0
2019-09-19,2019-09-19 11:00:00,61.0,61.3,60.7,61.04,0.07,11.6,703.6,1
2019-09-19,2019-09-19 11:10:00,61.04,61.08,61.04,61.08,0.07,11.6,703.6,1
2019-09-19,2019-09-19 11:20:00,61.08,61.12,61.08,61.12,0.07,11.6,703.6,1
2019-09-19,2019-09-19 11:30:00,61.12,61.17,61.12,61.17,0.08,11.6,703.6,1
2019-09-19,2019-09-19 11:40:00,61.17,61.21,61.17,61.21,0.07,11.6,703.6,1
2019-09-19,2019-09-19 11:50:00,61.21,61.25,61.21,61.25,0.07,11.6,703.6,1
2019-09-19,2019-09-19 12:00:00,61.25,61.29,61.25,61.29,0.07,11.6,703.6,1
2019-09-19,2019-09-19 12:10:00,61.29,61.33,61.29,61.33,0.07,11.6,703.6,1
2019-09-19,2019-09-19 12:20:00,61.33,61.38,61.33,61.38,0.08,11.6,703.6,1
2019-09-19,2019-09-19 12:30:00,61.38,61.42,61.38,61.42,0.07,11.6,703.6,1
2019-09-19,2019-09-19 12:40:00,61.42,61.46,61.42,61.46,0.07,11.6,703.6,1
2019-09-19,2019-09-19 12:50:00,61.46,61.5,61.46,61.5,0.07,11.6,703.6,1
2019-09-19,2019-09-19 13:00:00,61.5,62.0,60.0,61.54,0.07,11.6,703.6,1
2019-09-19,2019-09-19 13:10:00,61.54,61.58,61.54,61.58,0.06,11.6,703.6,1
2019-09-19,2019-09-19 13:20:00,61.58,61.62,61.58,61.62,0.06,11.6,703.6,1
2019-09-19,2019-09-19 13:30:00,61.62,61.67,61.62,61.67,0.08,11.6,703.6,1
2019-09-19,2019-09-19 13:40:00,61.67,61.71,61.67,61.71,0.06,11.6,703.6,1
2019-09-19,2019-09-19 13:50:00,61.71,61.75,61.71,61.75,0.06,11.6,703.6,1
2019-09-19,2019-09-19 14:00:00,61.75,61.79,61.75,61.79,0.06,11.6,703.6,1
2019-09-19,2019-09-19 14:10:00,61.79,61.83,61.79,61.83,0.06,11.6,703.6,1
2019-09-19,2019-09-19 14:20:00,61.83,61.88,61.83,61.88,0.08,11.6,703.6,1
2019-09-19,2019-09-19 14:30:00,61.88,61.92,61.88,61.92,0.06,11.6,703.6,1
2019-09-19,2019-09-19 14:40:00,61.92,61.96,61.92,61.96,0.06,11.6,703.6,1
2019-09-19,2019-09-19 14:50:00,61.96,62.0,61.96,62.0,0.06,11.6,703.6,1
2019-09-19,2019-09-19 15:00:00,62.0,62.0,60.0,62.0,0.0,11.6,703.6,0
2019-09-22,2019-09-22 11:00:00,61.0,61.0,59.8,60.83,-0.28,12.8,749.6,-1
2019-09-22,2019-09-22 11:10:00,60.83,60.83,60.67,60.67,-0.26,12.8,749.6,-1
2019-09-22,2019-09-22 11:20:00,60.67,60.67,60.5,60.5,-0.28,12.8,749.6,-1
2019-09-22,2019-09-22 11:30:00,60.5,60.5,60.33,60.33,-0.28,12.8,749.6,-1
2019-09-22,2019-09-22 11:40:00,60.33,60.33,60.17,60.17,-0.27,12.8,749.6,-1
2019-09-22,2019-09-22 11:50:00,60.17,60.17,60.0,60.0,-0.28,12.8,749.6,-1
2019-09-22,2019-09-22 12:00:00,60.0,60.0,59.83,59.83,-0.28,12.8,749.6,-1
2019-09-22,2019-09-22 12:10:00,59.83,59.83,59.67,59.67,-0.27,12.8,749.6,-1
2019-09-22,2019-09-22 12:20:00,59.67,59.67,59.5,59.5,-0.28,12.8,749.6,-1
2019-09-22,2019-09-22 12:30:00,59.5,59.5,59.33,59.33,-0.29,12.8,749.6,-1
2019-09-22,2019-09-22 12:40:00,59.33,59.33,59.17,59.17,-0.27,12.8,749.6,-1
2019-09-22,2019-09-22 12:50:00,59.17,59.17,59.0,59.0,-0.29,12.8,749.6,-1
2019-09-22,2019-09-22 13:00:00,59.0,61.0,57.0,58.83,-0.29,12.8,749.6,-1
2019-09-22,2019-09-22 13:10:00,58.83,58.83,58.67,58.67,-0.27,12.8,749.6,-1
2019-09-22,2019-09-22 13:20:00,58.67,58.67,58.5,58.5,-0.29,12.8,749.6,-1
2019-09-22,2019-09-22 13:30:00,58.5,58.5,58.33,58.33,-0.29,12.8,749.6,-1
2019-09-22,2019-09-22 13:40:00,58.33,58.33,58.17,58.17,-0.27,12.8,749.6,-1
2019-09-22,2019-09-22 13:50:00,58.17,58.17,58.0,58.0,-0.29,12.8,749.6,-1
2019-09-22,2019-09-22 14:00:00,58.0,58.0,57.83,57.83,-0.29,12.8,749.6,-1
2019-09-22,2019-09-22 14:10:00,57.83,57.83,57.67,57.67,-0.28,12.8,749.6,-1
2019-09-22,2019-09-22 14:20:00,57.67,57.67,57.5,57.5,-0.29,12.8,749.6,-1
2019-09-22,2019-09-22 14:30:00,57.5,57.5,57.33,57.33,-0.3,12.8,749.6,-1
2019-09-22,2019-09-22 14:40:00,57.33,57.33,57.17,57.17,-0.28,12.8,749.6,-1
2019-09-22,2019-09-22 14:50:00,57.17,57.17,57.0,57.0,-0.3,12.8,749.6,-1
2019-09-22,2019-09-22 15:00:00,57.0,61.0,57.0,57.0,0.0,12.8,749.6,0
2019-09-23,2019-09-23 11:00:00,56.0,56.9,56.0,56.12,0.21,9.6,554.4,1
2019-09-23,2019-09-23 11:10:00,56.12,56.25,56.12,56.25,0.23,9.6,554.4,1
2019-09-23,2019-09-23 11:20:00,56.25,56.38,56.25,56.38,0.23,9.6,554.4,1
2019-09-23,2019-09-23 11:30:00,56.38,56.5,56.38,56.5,0.21,9.6,554.4,1
2019-09-23,2019-09-23 11:40:00,56.5,56.62,56.5,56.62,0.21,9.6,554.4,1
2019-09-23,2019-09-23 11:50:00,56.62,56.75,56.62,56.75,0.23,9.6,554.4,1
2019-09-23,2019-09-23 12:00:00,56.75,56.88,56.75,56.88,0.23,9.6,554.4,1
2019-09-23,2019-09-23 12:10:00,56.88,57.0,56.88,57.0,0.21,9.6,554.4,1
2019-09-23,2019-09-23 12:20:00,57.0,57.12,57.0,57.12,0.21,9.6,554.4,1
2019-09-23,2019-09-23 12:30:00,57.12,57.25,57.12,57.25,0.23,9.6,554.4,1
2019-09-23,2019-09-23 12:40:00,57.25,57.38,57.25,57.38,0.23,9.6,554.4,1
2019-09-23,2019-09-23 12:50:00,57.38,57.5,57.38,57.5,0.21,9.6,554.4,1
2019-09-23,2019-09-23 13:00:00,57.5,59.0,56.0,57.62,0.21,9.6,554.4,1
2019-09-23,2019-09-23 13:10:00,57.62,57.75,57.62,57.75,0.23,9.6,554.4,1
2019-09-23,2019-09-23 13:20:00,57.75,57.88,57.75,57.88,0.23,9.6,554.4,1
2019-09-23,2019-09-23 13:30:00,57.88,58.0,57.88,58.0,0.21,9.6,554.4,1
2019-09-23,2019-09-23 13:40:00,58.0,58.12,58.0,58.12,0.21,9.6,554.4,1
2019-09-23,2019-09-23 13:50:00,58.12,58.25,58.12,58.25,0.22,9.6,554.4,1
2019-09-23,2019-09-23 14:00:00,58.25,58.38,58.25,58.38,0.22,9.6,554.4,1
2019-09-23,2019-09-23 14:10:00,58.38,58.5,58.38,58.5,0.21,9.6,554.4,1
2019-09-23,2019-09-23 14:20:00,58.5,58.62,58.5,58.62,0.21,9.6,554.4,1
2019-09-23,2019-09-23 14:30:00,58.62,58.75,58.62,58.75,0.22,9.6,554.4,1
2019-09-23,2019-09-23 14:40:00,58.75,58.88,58.75,58.88,0.22,9.6,554.4,1
2019-09-23,2019-09-23 14:50:00,58.88,59.0,58.88,59.0,0.2,9.6,554.4,1
2019-09-23,2019-09-23 15:00:00,59.0,59.0,56.0,59.0,0.0,9.6,554.4,0
2019-09-24,2019-09-24 11:00:00,58.0,58.3,58.0,58.0,0.0,6.8,398.4,0
2019-09-24,2019-09-24 11:10:00,58.0,58.0,58.0,58.0,0.0,6.8,398.4,0
2019-09-24,2019-09-24 11:20:00,58.0,58.0,58.0,58.0,0.0,6.8,398.4,0
2019-09-24,2019-09-24 11:30:00,58.0,58.0,58.0,58.0,0.0,6.8,398.4,0
2019-09-24,2019-09-24 11:40:00,58.0,58.0,58.0,58.0,0.0,6.8,398.4,0
2019-09-24,2019-09-24 11:50:00,58.0,58.0,58.0,58.0,0.0,6.8,398.4,0
2019-09-24,2019-09-24 12:00:00,58.0,58.0,58.0,58.0,0.0,6.8,398.4,0
2019-09-24,2019-09-24 12:10:00,58.0,58.0,58.0,58.0,0.0,6.8,398.4,0
2019-09-24,2019-09-24 12:20:00,58.0,58.0,58.0,58.0,0.0,6.8,398.4,0
2019-09-24,2019-09-24 12:30:00,58.0,58.0,58.0,58.0,0.0,6.8,398.4,0
2019-09-24,2019-09-24 12:40:00,58.0,58.0,58.0,58.0,0.0,6.8,398.4,0
2019-09-24,2019-09-24 12:50:00,58.0,58.0,58.0,58.0,0.0,6.8,398.4,0
2019-09-24,2019-09-24 13:00:00,58.0,59.0,58.0,58.0,0.0,6.8,398.4,0
2019-09-24,2019-09-24 13:10:00,58.0,58.0,58.0,58.0,0.0,6.8,398.4,0
2019-09-24,2019-09-24 13:20:00,58.0,58.0,58.0,58.0,0.0,6.8,398.4,0
2019-09-24,2019-09-24 13:30:00,58.0,58.0,58.0,58.0,0.0,6.8,398.4,0
2019-09-24,2019-09-24 13:40:00,58.0,58.0,58.0,58.0,0.0,6.8,398.4,0
2019-09-24,2019-09-24 13:50:00,58.0,58.0,58.0,58.0,0.0,6.8,398.4,0
2019-09-24,2019-09-24 14:00:00,58.0,58.0,58.0,58.0,0.0,6.8,398.4,0
2019-09-24,2019-09-24 14:10:00,58.0,58.0,58.0,58.0,0.0,6.8,398.4,0
2019-09-24,2019-09-24 14:20:00,58.0,58.0,58.0,58.0,0.0,6.8,398.4,0
2019-09-24,2019-09-24 14:30:00,58.0,58.0,58.0,58.0,0.0,6.8,398.4,0
2019-09-24,2019-09-24 14:40:00,58.0,58.0,58.0,58.0,0.0,6.8,398.4,0
2019-09-24,2019-09-24 14:50:00,58.0,58.0,58.0,58.0,0.0,6.8,398.4,0
2019-09-24,2019-09-24 15:00:00,58.0,59.0,58.0,58.0,0.0,6.8,398.4,0
2019-09-25,2019-09-25 11:00:00,58.0,58.0,57.7,57.96,-0.07,13.2,756.4,-1
2019-09-25,2019-09-25 11:10:00,57.96,57.96,57.92,57.92,-0.07,13.2,756.4,-1
2019-09-25,2019-09-25 11:20:00,57.92,57.92,57.88,57.88,-0.07,13.2,756.4,-1
2019-09-25,2019-09-25 11:30:00,57.88,57.88,57.83,57.83,-0.09,13.2,756.4,-1
2019-09-25,2019-09-25 11:40:00,57.83,57.83,57.79,57.79,-0.07,13.2,756.4,-1
2019-09-25,2019-09-25 11:50:00,57.79,57.79,57.75,57.75,-0.07,13.2,756.4,-1
2019-09-25,2019-09-25 12:00:00,57.75,57.75,57.71,57.71,-0.07,13.2,756.4,-1
2019-09-25,2019-09-25 12:10:00,57.71,57.71,57.67,57.67,-0.07,13.2,756.4,-1
2019-09-25,2019-09-25 12:20:00,57.67,57.67,57.62,57.62,-0.09,13.2,756.4,-1
2019-09-25,2019-09-25 12:30:00,57.62,57.62,57.58,57.58,-0.07,13.2,756.4,-1
2019-09-25,2019-09-25 12:40:00,57.58,57.58,57.54,57.54,-0.07,13.2,756.4,-1
2019-09-25,2019-09-25 12:50:00,57.54,57.54,57.5,57.5,-0.07,13.2,756.4,-1
2019-09-25,2019-09-25 13:00:00,57.5,58.0,57.0,57.46,-0.07,13.2,756.4,-1
2019-09-25,2019-09-25 13:10:00,57.46,57.46,57.42,57.42,-0.07,13.2,756.4,-1
2019-09-25,2019-09-25 13:20:00,57.42,57.42,57.38,57.38,-0.07,13.2,756.4,-1
2019-09-25,2019-09-25 13:30:00,57.38,57.38,57.33,57.33,-0.09,13.2,756.4,-1
2019-09-25,2019-09-25 13:40:00,57.33,57.33,57.29,57.29,-0.07,13.2,756.4,-1
2019-09-25,2019-09-25 13:50:00,57.29,57.29,57.25,57.25,-0.07,13.2,756.4,-1
2019-09-25,2019-09-25 14:00:00,57.25,57.25,57.21,57.21,-0.07,13.2,756.4,-1
2019-09-25,2019-09-25 14:10:00,57.21,57.21,57.17,57.17,-0.07,13.2,756.4,-1
2019-09-25,2019-09-25 14:20:00,57.17,57.17,57.12,57.12,-0.09,13.2,756.4,-1
2019-09-25,2019-09-25 14:30:00,57.12,57.12,57.08,57.08,-0.07,13.2,756.4,-1
2019-09-25,2019-09-25 14:40:00,57.08,57.08,57.04,57.04,-0.07,13.2,756.4,-1
2019-09-25,2019-09-25 14:50:00,57.04,57.04,57.0,57.0,-0.07,13.2,756.4,-1
2019-09-25,2019-09-25 15:00:00,57.0,58.0,57.0,57.0,0.0,13.2,756.4,0
2019-09-26,2019-09-26 11:00:00,56.0,56.3,55.4,55.92,-0.14,11.6,642.4,-1
2019-09-26,2019-09-26 11:10:00,55.92,55.92,55.83,55.83,-0.16,11.6,642.4,-1
2019-09-26,2019-09-26 11:20:00,55.83,55.83,55.75,55.75,-0.14,11.6,642.4,-1
2019-09-26,2019-09-26 11:30:00,55.75,55.75,55.67,55.67,-0.14,11.6,642.4,-1
2019-09-26,2019-09-26 11:40:00,55.67,55.67,55.58,55.58,-0.16,11.6,642.4,-1
2019-09-26,2019-09-26 11:50:00,55.58,55.58,55.5,55.5,-0.14,11.6,642.4,-1
2019-09-26,2019-09-26 12:00:00,55.5,55.5,55.42,55.42,-0.14,11.6,642.4,-1
2019-09-26,2019-09-26 12:10:00,55.42,55.42,55.33,55.33,-0.16,11.6,642.4,-1
2019-09-26,2019-09-26 12:20:00,55.33,55.33,55.25,55.25,-0.14,11.6,642.4,-1
2019-09-26,2019-09-26 12:30:00,55.25,55.25,55.17,55.17,-0.14,11.6,642.4,-1
2019-09-26,2019-09-26 12:40:00,55.17,55.17,55.08,55.08,-0.16,11.6,642.4,-1
2019-09-26,2019-09-26 12:50:00,55.08,55.08,55.0,55.0,-0.15,11.6,642.4,-1
2019-09-26,2019-09-26 13:00:00,55.0,57.0,54.0,54.92,-0.15,11.6,642.4,-1
2019-09-26,2019-09-26 13:10:00,54.92,54.92,54.83,54.83,-0.16,11.6,642.4,-1
2019-09-26,2019-09-26 13:20:00,54.83,54.83,54.75,54.75,-0.15,11.6,642.4,-1
2019-09-26,2019-09-26 13:30:00,54.75,54.75,54.67,54.67,-0.15,11.6,642.4,-1
2019-09-26,2019-09-26 13:40:00,54.67,54.67,54.58,54.58,-0.16,11.6,642.4,-1
2019-09-26,2019-09-26 13:50:00,54.58,54.58,54.5,54.5,-0.15,11.6,642.4,-1
2019-09-26,2019-09-26 14:00:00,54.5,54.5,54.42,54.42,-0.15,11.6,642.4,-1
2019-09-26,2019-09-26 14:10:00,54.42,54.42,54.33,54.33,-0.17,11.6,642.4,-1
2019-09-26,2019-09-26 14:20:00,54.33,54.33,54.25,54.25,-0.15,11.6,642.4,-1
2019-09-26,2019-09-26 14:30:00,54.25,54.25,54.17,54.17,-0.15,11.6,642.4,-1
2019-09-26,2019-09-26 14:40:00,54.17,54.17,54.08,54.08,-0.17,11.6,642.4,-1
2019-09-26,2019-09-26 14:50:00,54.08,54.08,54.0,54.0,-0.15,11.6,642.4,-1
2019-09-26,2019-09-26 15:00:00,54.0,57.0,54.0,54.0,0.0,11.6,642.4,0
2019-09-29,2019-09-29 11:00:00,53.0,53.3,53.0,53.04,0.08,8.0,425.6,1
2019-09-29,2019-09-29 11:10:00,53.04,53.08,53.04,53.08,0.08,8.0,425.6,1
2019-09-29,2019-09-29 11:20:00,53.08,53.12,53.08,53.12,0.08,8.0,425.6,1
2019-09-29,2019-09-29 11:30:00,53.12,53.17,53.12,53.17,0.09,8.0,425.6,1
2019-09-29,2019-09-29 11:40:00,53.17,53.21,53.17,53.21,0.08,8.0,425.6,1
2019-09-29,2019-09-29 11:50:00,53.21,53.25,53.21,53.25,0.08,8.0,425.6,1
2019-09-29,2019-09-29 12:00:00,53.25,53.29,53.25,53.29,0.08,8.0,425.6,1
2019-09-29,2019-09-29 12:10:00,53.29,53.33,53.29,53.33,0.08,8.0,425.6,1
2019-09-29,2019-09-29 12:20:00,53.33,53.38,53.33,53.38,0.09,8.0,425.6,1
2019-09-29,2019-09-29 12:30:00,53.38,53.42,53.38,53.42,0.07,8.0,425.6,1
2019-09-29,2019-09-29 12:40:00,53.42,53.46,53.42,53.46,0.07,8.0,425.6,1
2019-09-29,2019-09-29 12:50:00,53.46,53.5,53.46,53.5,0.07,8.0,425.6,1
2019-09-29,2019-09-29 13:00:00,53.5,54.0,53.0,53.54,0.07,8.0,425.6,1
2019-09-29,2019-09-29 13:10:00,53.54,53.58,53.54,53.58,0.07,8.0,425.6,1
2019-09-29,2019-09-29 13:20:00,53.58,53.62,53.58,53.62,0.07,8.0,425.6,1
2019-09-29,2019-09-29 13:30:00,53.62,53.67,53.62,53.67,0.09,8.0,425.6,1
2019-09-29,2019-09-29 13:40:00,53.67,53.71,53.67,53.71,0.07,8.0,425.6,1
2019-09-29,2019-09-29 13:50:00,53.71,53.75,53.71,53.75,0.07,8.0,425.6,1
2019-09-29,2019-09-29 14:00:00,53.75,53.79,53.75,53.79,0.07,8.0,425.6,1
2019-09-29,2019-09-29 14:10:00,53.79,53.83,53.79,53.83,0.07,8.0,425.6,1
2019-09-29,2019-09-29 14:20:00,53.83,53.88,53.83,53.88,0.09,8.0,425.6,1
2019-09-29,2019-09-29 14:30:00,53.88,53.92,53.88,53.92,0.07,8.0,425.6,1
2019-09-29,2019-09-29 14:40:00,53.92,53.96,53.92,53.96,0.07,8.0,425.6,1
2019-09-29,2019-09-29 14:50:00,53.96,54.0,53.96,54.0,0.07,8.0,425.6,1
2019-09-29,2019-09-29 15:00:00,54.0,54.0,53.0,54.0,0.0,8.0,425.6,0
2019-09-30,2019-09-30 11:00:00,54.0,54.9,54.0,54.12,0.22,9.2,518.4,1
2019-09-30,2019-09-30 11:10:00,54.12,54.25,54.12,54.25,0.24,9.2,518.4,1
2019-09-30,2019-09-30 11:20:00,54.25,54.38,54.25,54.38,0.24,9.2,518.4,1
2019-09-30,2019-09-30 11:30:00,54.38,54.5,54.38,54.5,0.22,9.2,518.4,1
2019-09-30,2019-09-30 11:40:00,54.5,54.62,54.5,54.62,0.22,9.2,518.4,1
2019-09-30,2019-09-30 11:50:00,54.62,54.75,54.62,54.75,0.24,9.2,518.4,1
2019-09-30,2019-09-30 12:00:00,54.75,54.88,54.75,54.88,0.24,9.2,518.4,1
2019-09-30,2019-09-30 12:10:00,54.88,55.0,54.88,55.0,0.22,9.2,518.4,1
2019-09-30,2019-09-30 12:20:00,55.0,55.12,55.0,55.12,0.22,9.2,518.4,1
2019-09-30,2019-09-30 12:30:00,55.12,55.25,55.12,55.25,0.24,9.2,518.4,1
2019-09-30,2019-09-30 12:40:00,55.25,55.38,55.25,55.38,0.24,9.2,518.4,1
2019-09-30,2019-09-30 12:50:00,55.38,55.5,55.38,55.5,0.22,9.2,518.4,1
2019-09-30,2019-09-30 13:00:00,55.5,57.0,54.0,55.62,0.22,9.2,518.4,1
2019-09-30,2019-09-30 13:10:00,55.62,55.75,55.62,55.75,0.23,9.2,518.4,1
2019-09-30,2019-09-30 13:20:00,55.75,55.88,55.75,55.88,0.23,9.2,518.4,1
2019-09-30,2019-09-30 13:30:00,55.88,56.0,55.88,56.0,0.21,9.2,518.4,1
2019-09-30,2019-09-30 13:40:00,56.0,56.12,56.0,56.12,0.21,9.2,518.4,1
2019-09-30,2019-09-30 13:50:00,56.12,56.25,56.12,56.25,0.23,9.2,518.4,1
2019-09-30,2019-09-30 14:00:00,56.25,56.38,56.25,56.38,0.23,9.2,518.4,1
2019-09-30,2019-09-30 14:10:00,56.38,56.5,56.38,56.5,0.21,9.2,518.4,1
2019-09-30,2019-09-30 14:20:00,56.5,56.62,56.5,56.62,0.21,9.2,518.4,1
2019-09-30,2019-09-30 14:30:00,56.62,56.75,56.62,56.75,0.23,9.2,518.4,1
2019-09-30,2019-09-30 14:40:00,56.75,56.88,56.75,56.88,0.23,9.2,518.4,1
2019-09-30,2019-09-30 14:50:00,56.88,57.0,56.88,57.0,0.21,9.2,518.4,1
2019-09-30,2019-09-30 15:00:00,57.0,57.0,54.0,57.0,0.0,9.2,518.4,0
2019-10-01,2019-10-01 11:00:00,56.0,56.3,56.0,56.0,0.0,10.0,563.2,0
2019-10-01,2019-10-01 11:10:00,56.0,56.0,56.0,56.0,0.0,10.0,563.2,0
2019-10-01,2019-10-01 11:20:00,56.0,56.0,56.0,56.0,0.0,10.0,563.2,0
2019-10-01,2019-10-01 11:30:00,56.0,56.0,56.0,56.0,0.0,10.0,563.2,0
2019-10-01,2019-10-01 11:40:00,56.0,56.0,56.0,56.0,0.0,10.0,563.2,0
2019-10-01,2019-10-01 11:50:00,56.0,56.0,56.0,56.0,0.0,10.0,563.2,0
2019-10-01,2019-10-01 12:00:00,56.0,56.0,56.0,56.0,0.0,10.0,563.2,0
2019-10-01,2019-10-01 12:10:00,56.0,56.0,56.0,56.0,0.0,10.0,563.2,0
2019-10-01,2019-10-01 12:20:00,56.0,56.0,56.0,56.0,0.0,10.0,563.2,0
2019-10-01,2019-10-01 12:30:00,56.0,56.0,56.0,56.0,0.0,10.0,563.2,0
2019-10-01,2019-10-01 12:40:00,56.0,56.0,56.0,56.0,0.0,10.0,563.2,0
2019-10-01,2019-10-01 12:50:00,56.0,56.0,56.0,56.0,0.0,10.0,563.2,0
2019-10-01,2019-10-01 13:00:00,56.0,57.0,56.0,56.0,0.0,10.0,563.2,0
2019-10-01,2019-10-01 13:10:00,56.0,56.0,56.0,56.0,0.0,10.0,563.2,0
2019-10-01,2019-10-01 13:20:00,56.0,56.0,56.0,56.0,0.0,10.0,563.2,0
2019-10-01,2019-10-01 13:30:00,56.0,56.0,56.0,56.0,0.0,10.0,563.2,0
2019-10-01,2019-10-01 13:40:00,56.0,56.0,56.0,56.0,0.0,10.0,563.2,0
2019-10-01,2019-10-01 13:50:00,56.0,56.0,56.0,56.0,0.0,10.0,563.2,0
2019-10-01,2019-10-01 14:00:00,56.0,56.0,56.0,56.0,0.0,10.0,563.2,0
2019-10-01,2019-10-01 14:10:00,56.0,56.0,56.0,56.0,0.0,10.0,563.2,0
2019-10-01,2019-10-01 14:20:00,56.0,56.0,56.0,56.0,0.0,10.0,563.2,0
2019-10-01,2019-10-01 14:30:00,56.0,56.0,56.0,56.0,0.0,10.0,563.2,0
2019-10-01,2019-10-01 14:40:00,56.0,56.0,56.0,56.0,0.0,10.0,563.2,0
2019-10-01,2019-10-01 14:50:00,56.0,56.0,56.0,56.0,0.0,10.0,563.2,0
2019-10-01,2019-10-01 15:00:00,56.0,57.0,56.0,56.0,0.0,10.0,563.2,0
2019-10-02,2019-10-02 11:00:00,55.0,55.3,55.0,55.04,0.07,2.4,133.6,1
2019-10-02,2019-10-02 11:10:00,55.04,55.08,55.04,55.08,0.07,2.4,133.6,1
2019-10-02,2019-10-02 11:20:00,55.08,55.12,55.08,55.12,0.07,2.4,133.6,1
2019-10-02,2019-10-02 11:30:00,55.12,55.17,55.12,55.17,0.09,2.4,133.6,1
2019-10-02,2019-10-02 11:40:00,55.17,55.21,55.17,55.21,0.07,2.4,133.6,1
2019-10-02,2019-10-02 11:50:00,55.21,55.25,55.21,55.25,0.07,2.4,133.6,1
2019-10-02,2019-10-02 12:00:00,55.25,55.29,55.25,55.29,0.07,2.4,133.6,1
2019-10-02,2019-10-02 12:10:00,55.29,55.33,55.29,55.33,0.07,2.4,133.6,1
2019-10-02,2019-10-02 12:20:00,55.33,55.38,55.33,55.38,0.09,2.4,133.6,1
2019-10-02,2019-10-02 12:30:00,55.38,55.42,55.38,55.42,0.07,2.4,133.6,1
2019-10-02,2019-10-02 12:40:00,55.42,55.46,55.42,55.46,0.07,2.4,133.6,1
2019-10-02,2019-10-02 12:50:00,55.46,55.5,55.46,55.5,0.07,2.4,133.6,1
2019-10-02,2019-10-02 13:00:00,55.5,56.0,55.0,55.54,0.07,2.4,133.6,1
2019-10-02,2019-10-02 13:10:00,55.54,55.58,55.54,55.58,0.07,2.4,133.6,1
2019-10-02,2019-10-02 13:20:00,55.58,55.62,55.58,55.62,0.07,2.4,133.6,1
2019-10-02,2019-10-02 13:30:00,55.62,55.67,55.62,55.67,0.09,2.4,133.6,1
2019-10-02,2019-10-02 13:40:00,55.67,55.71,55.67,55.71,0.07,2.4,133.6,1
2019-10-02,2019-10-02 13:50:00,55.71,55.75,55.71,55.75,0.07,2.4,133.6,1
2019-10-02,2019-10-02 14:00:00,55.75,55.79,55.75,55.79,0.07,2.4,133.6,1
2019-10-02,2019-10-02 14:10:00,55.79,55.83,55.79,55.83,0.07,2.4,133.6,1
2019-10-02,2019-10-02 14:20:00,55.83,55.88,55.83,55.88,0.09,2.4,133.6,1
2019-10-02,2019-10-02 14:30:00,55.88,55.92,55.88,55.92,0.07,2.4,133.6,1
2019-10-02,2019-10-02 14:40:00,55.92,55.96,55.92,55.96,0.07,2.4,133.6,1
2019-10-02,2019-10-02 14:50:00,55.96,56.0,55.96,56.0,0.07,2.4,133.6,1
2019-10-02,2019-10-02 15:00:00,56.0,56.0,55.0,56.0,0.0,2.4,133.6,0
2019-10-03,2019-10-03 11:00:00,57.0,57.3,57.0,57.04,0.07,3.2,184.0,1
2019-10-03,2019-10-03 11:10:00,57.04,57.08,57.04,57.08,0.07,3.2,184.0,1
2019-10-03,2019-10-03 11:20:00,57.08,57.12,57.08,57.12,0.07,3.2,184.0,1
2019-10-03,2019-10-03 11:30:00,57.12,57.17,57.12,57.17,0.09,3.2,184.0,1
2019-10-03,2019-10-03 11:40:00,57.17,57.21,57.17,57.21,0.07,3.2,184.0,1
2019-10-03,2019-10-03 11:50:00,57.21,57.25,57.21,57.25,0.07,3.2,184.0,1
2019-10-03,2019-10-03 12:00:00,57.25,57.29,57.25,57.29,0.07,3.2,184.0,1
2019-10-03,2019-10-03 12:10:00,57.29,57.33,57.29,57.33,0.07,3.2,184.0,1
2019-10-03,2019-10-03 12:20:00,57.33,57.38,57.33,57.38,0.09,3.2,184.0,1
2019-10-03,2019-10-03 12:30:00,57.38,57.42,57.38,57.42,0.07,3.2,184.0,1
2019-10-03,2019-10-03 12:40:00,57.42,57.46,57.42,57.46,0.07,3.2,184.0,1
2019-10-03,2019-10-03 12:50:00,57.46,57.5,57.46,57.5,0.07,3.2,184.0,1
2019-10-03,2019-10-03 13:00:00,57.5,58.0,57.0,57.54,0.07,3.2,184.0,1
2019-10-03,2019-10-03 13:10:00,57.54,57.58,57.54,57.58,0.07,3.2,184.0,1
2019-10-03,2019-10-03 13:20:00,57.58,57.62,57.58,57.62,0.07,3.2,184.0,1
2019-10-03,2019-10-03 13:30:00,57.62,57.67,57.62,57.67,0.09,3.2,184.0,1
2019-10-03,2019-10-03 13:40:00,57.67,57.71,57.67,57.71,0.07,3.2,184.0,1
2019-10-03,2019-10-03 13:50:00,57.71,57.75,57.71,57.75,0.07,3.2,184.0,1
2019-10-03,2019-10-03 14:00:00,57.75,57.79,57.75,57.79,0.07,3.2,184.0,1
2019-10-03,2019-10-03 14:10:00,57.79,57.83,57.79,57.83,0.07,3.2,184.0,1
2019-10-03,2019-10-03 14:20:00,57.83,57.88,57.83,57.88,0.09,3.2,184.0,1
2019-10-03,2019-10-03 14:30:00,57.88,57.92,57.88,57.92,0.07,3.2,184.0,1
2019-10-03,2019-10-03 14:40:00,57.92,57.96,57.92,57.96,0.07,3.2,184.0,1
2019-10-03,2019-10-03 14:50:00,57.96,58.0,57.96,58.0,0.07,3.2,184.0,1
2019-10-03,2019-10-03 15:00:00,58.0,58.0,57.0,58.0,0.0,3.2,184.0,0
2019-10-14,2019-10-14 11:00:00,58.0,58.6,58.0,58.08,0.14,5.2,305.6,1
2019-10-14,2019-10-14 11:10:00,58.08,58.17,58.08,58.17,0.15,5.2,305.6,1
2019-10-14,2019-10-14 11:20:00,58.17,58.25,58.17,58.25,0.14,5.2,305.6,1
2019-10-14,2019-10-14 11:30:00,58.25,58.33,58.25,58.33,0.14,5.2,305.6,1
2019-10-14,2019-10-14 11:40:00,58.33,58.42,58.33,58.42,0.15,5.2,305.6,1
2019-10-14,2019-10-14 11:50:00,58.42,58.5,58.42,58.5,0.14,5.2,305.6,1
2019-10-14,2019-10-14 12:00:00,58.5,58.58,58.5,58.58,0.14,5.2,305.6,1
2019-10-14,2019-10-14 12:10:00,58.58,58.67,58.58,58.67,0.15,5.2,305.6,1
2019-10-14,2019-10-14 12:20:00,58.67,58.75,58.67,58.75,0.14,5.2,305.6,1
2019-10-14,2019-10-14 12:30:00,58.75,58.83,58.75,58.83,0.14,5.2,305.6,1
2019-10-14,2019-10-14 12:40:00,58.83,58.92,58.83,58.92,0.15,5.2,305.6,1
2019-10-14,2019-10-14 12:50:00,58.92,59.0,58.92,59.0,0.14,5.2,305.6,1
2019-10-14,2019-10-14 13:00:00,59.0,60.0,58.0,59.08,0.14,5.2,305.6,1
2019-10-14,2019-10-14 13:10:00,59.08,59.17,59.08,59.17,0.15,5.2,305.6,1
2019-10-14,2019-10-14 13:20:00,59.17,59.25,59.17,59.25,0.14,5.2,305.6,1
2019-10-14,2019-10-14 13:30:00,59.25,59.33,59.25,59.33,0.14,5.2,305.6,1
2019-10-14,2019-10-14 13:40:00,59.33,59.42,59.33,59.42,0.15,5.2,305.6,1
2019-10-14,2019-10-14 13:50:00,59.42,59.5,59.42,59.5,0.13,5.2,305.6,1
2019-10-14,2019-10-14 14:00:00,59.5,59.58,59.5,59.58,0.13,5.2,305.6,1
2019-10-14,2019-10-14 14:10:00,59.58,59.67,59.58,59.67,0.15,5.2,305.6,1
2019-10-14,2019-10-14 14:20:00,59.67,59.75,59.67,59.75,0.13,5.2,305.6,1
2019-10-14,2019-10-14 14:30:00,59.75,59.83,59.75,59.83,0.13,5.2,305.6,1
2019-10-14,2019-10-14 14:40:00,59.83,59.92,59.83,59.92,0.15,5.2,305.6,1
2019-10-14,2019-10-14 14:50:00,59.92,60.0,59.92,60.0,0.13,5.2,305.6,1
2019-10-14,2019-10-14 15:00:00,60.0,60.0,58.0,60.0,0.0,5.2,305.6,0
2019-10-15,2019-10-15 11:00:00,61.0,61.6,61.0,61.04,0.07,10.4,652.0,1
2019-10-15,2019-10-15 11:10:00,61.04,61.08,61.04,61.08,0.07,10.4,652.0,1
2019-10-15,2019-10-15 11:20:00,61.08,61.12,61.08,61.12,0.07,10.4,652.0,1
2019-10-15,2019-10-15 11:30:00,61.12,61.17,61.12,61.17,0.08,10.4,652.0,1
2019-10-15,2019-10-15 11:40:00,61.17,61.21,61.17,61.21,0.07,10.4,652.0,1
2019-10-15,2019-10-15 11:50:00,61.21,61.25,61.21,61.25,0.07,10.4,652.0,1
2019-10-15,2019-10-15 12:00:00,61.25,61.29,61.25,61.29,0.07,10.4,652.0,1
2019-10-15,2019-10-15 12:10:00,61.29,61.33,61.29,61.33,0.07,10.4,652.0,1
2019-10-15,2019-10-15 12:20:00,61.33,61.38,61.33,61.38,0.08,10.4,652.0,1
2019-10-15,2019-10-15 12:30:00,61.38,61.42,61.38,61.42,0.07,10.4,652.0,1
2019-10-15,2019-10-15 12:40:00,61.42,61.46,61.42,61.46,0.07,10.4,652.0,1
2019-10-15,2019-10-15 12:50:00,61.46,61.5,61.46,61.5,0.07,10.4,652.0,1
2019-10-15,2019-10-15 13:00:00,61.5,63.0,61.0,61.54,0.07,10.4,652.0,1
2019-10-15,2019-10-15 13:10:00,61.54,61.58,61.54,61.58,0.06,10.4,652.0,1
2019-10-15,2019-10-15 13:20:00,61.58,61.62,61.58,61.62,0.06,10.4,652.0,1
2019-10-15,2019-10-15 13:30:00,61.62,61.67,61.62,61.67,0.08,10.4,652.0,1
2019-10-15,2019-10-15 13:40:00,61.67,61.71,61.67,61.71,0.06,10.4,652.0,1
2019-10-15,2019-10-15 13:50:00,61.71,61.75,61.71,61.75,0.06,10.4,652.0,1
2019-10-15,2019-10-15 14:00:00,61.75,61.79,61.75,61.79,0.06,10.4,652.0,1
2019-10-15,2019-10-15 14:10:00,61.79,61.83,61.79,61.83,0.06,10.4,652.0,1
2019-10-15,2019-10-15 14:20:00,61.83,61.88,61.83,61.88,0.08,10.4,652.0,1
2019-10-15,2019-10-15 14:30:00,61.88,61.92,61.88,61.92,0.06,10.4,652.0,1
2019-10-15,2019-10-15 14:40:00,61.92,61.96,61.92,61.96,0.06,10.4,652.0,1
2019-10-15,2019-10-15 14:50:00,61.96,62.0,61.96,62.0,0.06,10.4,652.0,1
2019-10-15,2019-10-15 15:00:00,62.0,63.0,61.0,62.0,0.0,10.4,652.0,0
2019-10-16,2019-10-16 11:00:00,61.0,61.3,61.0,61.04,0.07,1.2,74.0,1
2019-10-16,2019-10-16 11:10:00,61.04,61.08,61.04,61.08,0.07,1.2,74.0,1
2019-10-16,2019-10-16 11:20:00,61.08,61.12,61.08,61.12,0.07,1.2,74.0,1
2019-10-16,2019-10-16 11:30:00,61.12,61.17,61.12,61.17,0.08,1.2,74.0,1
2019-10-16,2019-10-16 11:40:00,61.17,61.21,61.17,61.21,0.07,1.2,74.0,1
2019-10-16,2019-10-16 11:50:00,61.21,61.25,61.21,61.25,0.07,1.2,74.0,1
2019-10-16,2019-10-16 12:00:00,61.25,61.29,61.25,61.29,0.07,1.2,74.0,1
2019-10-16,2019-10-16 12:10:00,61.29,61.33,61.29,61.33,0.07,1.2,74.0,1
2019-10-16,2019-10-16 12:20:00,61.33,61.38,61.33,61.38,0.08,1.2,74.0,1
2019-10-16,2019-10-16 12:30:00,61.38,61.42,61.38,61.42,0.07,1.2,74.0,1
2019-10-16,2019-10-16 12:40:00,61.42,61.46,61.42,61.46,0.07,1.2,74.0,1
2019-10-16,2019-10-16 12:50:00,61.46,61.5,61.46,61.5,0.07,1.2,74.0,1
2019-10-16,2019-10-16 13:00:00,61.5,62.0,61.0,61.54,0.07,1.2,74.0,1
2019-10-16,2019-10-16 13:10:00,61.54,61.58,61.54,61.58,0.06,1.2,74.0,1
2019-10-16,2019-10-16 13:20:00,61.58,61.62,61.58,61.62,0.06,1.2,74.0,1
2019-10-16,2019-10-16 13:30:00,61.62,61.67,61.62,61.67,0.08,1.2,74.0,1
2019-10-16,2019-10-16 13:40:00,61.67,61.71,61.67,61.71,0.06,1.2,74.0,1
2019-10-16,2019-10-16 13:50:00,61.71,61.75,61.71,61.75,0.06,1.2,74.0,1
2019-10-16,2019-10-16 14:00:00,61.75,61.79,61.75,61.79,0.06,1.2,74.0,1
2019-10-16,2019-10-16 14:10:00,61.79,61.83,61.79,61.83,0.06,1.2,74.0,1
2019-10-16,2019-10-16 14:20:00,61.83,61.88,61.83,61.88,0.08,1.2,74.0,1
2019-10-16,2019-10-16 14:30:00,61.88,61.92,61.88,61.92,0.06,1.2,74.0,1
2019-10-16,2019-10-16 14:40:00,61.92,61.96,61.92,61.96,0.06,1.2,74.0,1
2019-10-16,2019-10-16 14:50:00,61.96,62.0,61.96,62.0,0.06,1.2,74.0,1
2019-10-16,2019-10-16 15:00:00,62.0,62.0,61.0,62.0,0.0,1.2,74.0,0
2019-10-17,2019-10-17 11:00:00,62.0,62.3,62.0,62.04,0.06,0.8,50.0,1
2019-10-17,2019-10-17 11:10:00,62.04,62.08,62.04,62.08,0.06,0.8,50.0,1
2019-10-17,2019-10-17 11:20:00,62.08,62.12,62.08,62.12,0.06,0.8,50.0,1
2019-10-17,2019-10-17 11:30:00,62.12,62.17,62.12,62.17,0.08,0.8,50.0,1
2019-10-17,2019-10-17 11:40:00,62.17,62.21,62.17,62.21,0.06,0.8,50.0,1
2019-10-17,2019-10-17 11:50:00,62.21,62.25,62.21,62.25,0.06,0.8,50.0,1
2019-10-17,2019-10-17 12:00:00,62.25,62.29,62.25,62.29,0.06,0.8,50.0,1
2019-10-17,2019-10-17 12:10:00,62.29,62.33,62.29,62.33,0.06,0.8,50.0,1
2019-10-17,2019-10-17 12:20:00,62.33,62.38,62.33,62.38,0.08,0.8,50.0,1
2019-10-17,2019-10-17 12:30:00,62.38,62.42,62.38,62.42,0.06,0.8,50.0,1
2019-10-17,2019-10-17 12:40:00,62.42,62.46,62.42,62.46,0.06,0.8,50.0,1
2019-10-17,2019-10-17 12:50:00,62.46,62.5,62.46,62.5,0.06,0.8,50.0,1
2019-10-17,2019-10-17 13:00:00,62.5,63.0,62.0,62.54,0.06,0.8,50.0,1
2019-10-17,2019-10-17 13:10:00,62.54,62.58,62.54,62.58,0.06,0.8,50.0,1
2019-10-17,2019-10-17 13:20:00,62.58,62.62,62.58,62.62,0.06,0.8,50.0,1
2019-10-17,2019-10-17 13:30:00,62.62,62.67,62.62,62.67,0.08,0.8,50.0,1
2019-10-17,2019-10-17 13:40:00,62.67,62.71,62.67,62.71,0.06,0.8,50.0,1
2019-10-17,2019-10-17 13:50:00,62.71,62.75,62.71,62.75,0.06,0.8,50.0,1
2019-10-17,2019-10-17 14:00:00,62.75,62.79,62.75,62.79,0.06,0.8,50.0,1
2019-10-17,2019-10-17 14:10:00,62.79,62.83,62.79,62.83,0.06,0.8,50.0,1
2019-10-17,2019-10-17 14:20:00,62.83,62.88,62.83,62.88,0.08,0.8,50.0,1
2019-10-17,2019-10-17 14:30:00,62.88,62.92,62.88,62.92,0.06,0.8,50.0,1
2019-10-17,2019-10-17 14:40:00,62.92,62.96,62.92,62.96,0.06,0.8,50.0,1
2019-10-17,2019-10-17 14:50:00,62.96,63.0,62.96,63.0,0.06,0.8,50.0,1
2019-10-17,2019-10-17 15:00:00,63.0,63.0,62.0,63.0,0.0,0.8,50.0,0
2019-10-24,2019-10-24 11:00:00,63.0,63.0,62.7,63.0,0.0,3.6,225.6,0
2019-10-24,2019-10-24 11:10:00,63.0,63.0,63.0,63.0,0.0,3.6,225.6,0
2019-10-24,2019-10-24 11:20:00,63.0,63.0,63.0,63.0,0.0,3.6,225.6,0
2019-10-24,2019-10-24 11:30:00,63.0,63.0,63.0,63.0,0.0,3.6,225.6,0
2019-10-24,2019-10-24 11:40:00,63.0,63.0,63.0,63.0,0.0,3.6,225.6,0
2019-10-24,2019-10-24 11:50:00,63.0,63.0,63.0,63.0,0.0,3.6,225.6,0
2019-10-24,2019-10-24 12:00:00,63.0,63.0,63.0,63.0,0.0,3.6,225.6,0
2019-10-24,2019-10-24 12:10:00,63.0,63.0,63.0,63.0,0.0,3.6,225.6,0
2019-10-24,2019-10-24 12:20:00,63.0,63.0,63.0,63.0,0.0,3.6,225.6,0
2019-10-24,2019-10-24 12:30:00,63.0,63.0,63.0,63.0,0.0,3.6,225.6,0
2019-10-24,2019-10-24 12:40:00,63.0,63.0,63.0,63.0,0.0,3.6,225.6,0
2019-10-24,2019-10-24 12:50:00,63.0,63.0,63.0,63.0,0.0,3.6,225.6,0
2019-10-24,2019-10-24 13:00:00,63.0,63.0,62.0,63.0,0.0,3.6,225.6,0
2019-10-24,2019-10-24 13:10:00,63.0,63.0,63.0,63.0,0.0,3.6,225.6,0
2019-10-24,2019-10-24 13:20:00,63.0,63.0,63.0,63.0,0.0,3.6,225.6,0
2019-10-24,2019-10-24 13:30:00,63.0,63.0,63.0,63.0,0.0,3.6,225.6,0
2019-10-24,2019-10-24 13:40:00,63.0,63.0,63.0,63.0,0.0,3.6,225.6,0
2019-10-24,2019-10-24 13:50:00,63.0,63.0,63.0,63.0,0.0,3.6,225.6,0
2019-10-24,2019-10-24 14:00:00,63.0,63.0,63.0,63.0,0.0,3.6,225.6,0
2019-10-24,2019-10-24 14:10:00,63.0,63.0,63.0,63.0,0.0,3.6,225.6,0
2019-10-24,2019-10-24 14:20:00,63.0,63.0,63.0,63.0,0.0,3.6,225.6,0
2019-10-24,2019-10-24 14:30:00,63.0,63.0,63.0,63.0,0.0,3.6,225.6,0
2019-10-24,2019-10-24 14:40:00,63.0,63.0,63.0,63.0,0.0,3.6,225.6,0
2019-10-24,2019-10-24 14:50:00,63.0,63.0,63.0,63.0,0.0,3.6,225.6,0
2019-10-24,2019-10-24 15:00:00,63.0,63.0,62.0,63.0,0.0,3.6,225.6,0
2019-10-31,2019-10-31 11:00:00,63.0,63.0,62.7,62.96,-0.06,4.0,248.8,-1
2019-10-31,2019-10-31 11:10:00,62.96,62.96,62.92,62.92,-0.06,4.0,248.8,-1
2019-10-31,2019-10-31 11:20:00,62.92,62.92,62.88,62.88,-0.06,4.0,248.8,-1
2019-10-31,2019-10-31 11:30:00,62.88,62.88,62.83,62.83,-0.08,4.0,248.8,-1
2019-10-31,2019-10-31 11:40:00,62.83,62.83,62.79,62.79,-0.06,4.0,248.8,-1
2019-10-31,2019-10-31 11:50:00,62.79,62.79,62.75,62.75,-0.06,4.0,248.8,-1
2019-10-31,2019-10-31 12:00:00,62.75,62.75,62.71,62.71,-0.06,4.0,248.8,-1
2019-10-31,2019-10-31 12:10:00,62.71,62.71,62.67,62.67,-0.06,4.0,248.8,-1
2019-10-31,2019-10-31 12:20:00,62.67,62.67,62.62,62.62,-0.08,4.0,248.8,-1
2019-10-31,2019-10-31 12:30:00,62.62,62.62,62.58,62.58,-0.06,4.0,248.8,-1
2019-10-31,2019-10-31 12:40:00,62.58,62.58,62.54,62.54,-0.06,4.0,248.8,-1
2019-10-31,2019-10-31 12:50:00,62.54,62.54,62.5,62.5,-0.06,4.0,248.8,-1
2019-10-31,2019-10-31 13:00:00,62.5,63.0,62.0,62.46,-0.06,4.0,248.8,-1
2019-10-31,2019-10-31 13:10:00,62.46,62.46,62.42,62.42,-0.06,4.0,248.8,-1
2019-10-31,2019-10-31 13:20:00,62.42,62.42,62.38,62.38,-0.06,4.0,248.8,-1
2019-10-31,2019-10-31 13:30:00,62.38,62.38,62.33,62.33,-0.08,4.0,248.8,-1
2019-10-31,2019-10-31 13:40:00,62.33,62.33,62.29,62.29,-0.06,4.0,248.8,-1
2019-10-31,2019-10-31 13:50:00,62.29,62.29,62.25,62.25,-0.06,4.0,248.8,-1
2019-10-31,2019-10-31 14:00:00,62.25,62.25,62.21,62.21,-0.06,4.0,248.8,-1
2019-10-31,2019-10-31 14:10:00,62.21,62.21,62.17,62.17,-0.06,4.0,248.8,-1
2019-10-31,2019-10-31 14:20:00,62.17,62.17,62.12,62.12,-0.08,4.0,248.8,-1
2019-10-31,2019-10-31 14:30:00,62.12,62.12,62.08,62.08,-0.06,4.0,248.8,-1
2019-10-31,2019-10-31 14:40:00,62.08,62.08,62.04,62.04,-0.06,4.0,248.8,-1
2019-10-31,2019-10-31 14:50:00,62.04,62.04,62.0,62.0,-0.06,4.0,248.8,-1
2019-10-31,2019-10-31 15:00:00,62.0,63.0,62.0,62.0,0.0,4.0,248.8,0
2019-11-03,2019-11-03 11:00:00,62.0,62.0,62.0,62.0,0.0,8.0,496.0,0
2019-11-03,2019-11-03 11:10:00,62.0,62.0,62.0,62.0,0.0,8.0,496.0,0
2019-11-03,2019-11-03 11:20:00,62.0,62.0,62.0,62.0,0.0,8.0,496.0,0
2019-11-03,2019-11-03 11:30:00,62.0,62.0,62.0,62.0,0.0,8.0,496.0,0
2019-11-03,2019-11-03 11:40:00,62.0,62.0,62.0,62.0,0.0,8.0,496.0,0
2019-11-03,2019-11-03 11:50:00,62.0,62.0,62.0,62.0,0.0,8.0,496.0,0
2019-11-03,2019-11-03 12:00:00,62.0,62.0,62.0,62.0,0.0,8.0,496.0,0
2019-11-03,2019-11-03 12:10:00,62.0,62.0,62.0,62.0,0.0,8.0,496.0,0
2019-11-03,2019-11-03 12:20:00,62.0,62.0,62.0,62.0,0.0,8.0,496.0,0
2019-11-03,2019-11-03 12:30:00,62.0,62.0,62.0,62.0,0.0,8.0,496.0,0
2019-11-03,2019-11-03 12:40:00,62.0,62.0,62.0,62.0,0.0,8.0,496.0,0
2019-11-03,2019-11-03 12:50:00,62.0,62.0,62.0,62.0,0.0,8.0,496.0,0
2019-11-03,2019-11-03 13:00:00,62.0,62.0,62.0,62.0,0.0,8.0,496.0,0
2019-11-03,2019-11-03 13:10:00,62.0,62.0,62.0,62.0,0.0,8.0,496.0,0
2019-11-03,2019-11-03 13:20:00,62.0,62.0,62.0,62.0,0.0,8.0,496.0,0
2019-11-03,2019-11-03 13:30:00,62.0,62.0,62.0,62.0,0.0,8.0,496.0,0
2019-11-03,2019-11-03 13:40:00,62.0,62.0,62.0,62.0,0.0,8.0,496.0,0
2019-11-03,2019-11-03 13:50:00,62.0,62.0,62.0,62.0,0.0,8.0,496.0,0
2019-11-03,2019-11-03 14:00:00,62.0,62.0,62.0,62.0,0.0,8.0,496.0,0
2019-11-03,2019-11-03 14:10:00,62.0,62.0,62.0,62.0,0.0,8.0,496.0,0
2019-11-03,2019-11-03 14:20:00,62.0,62.0,62.0,62.0,0.0,8.0,496.0,0
2019-11-03,2019-11-03 14:30:00,62.0,62.0,62.0,62.0,0.0,8.0,496.0,0
2019-11-03,2019-11-03 14:40:00,62.0,62.0,62.0,62.0,0.0,8.0,496.0,0
2019-11-03,2019-11-03 14:50:00,62.0,62.0,62.0,62.0,0.0,8.0,496.0,0
2019-11-03,2019-11-03 15:00:00,62.0,62.0,62.0,62.0,0.0,8.0,496.0,0
2019-11-04,2019-11-04 11:00:00,61.0,61.0,60.4,60.92,-0.13,8.4,502.0,-1
2019-11-04,2019-11-04 11:10:00,60.92,60.92,60.83,60.83,-0.15,8.4,502.0,-1
2019-11-04,2019-11-04 11:20:00,60.83,60.83,60.75,60.75,-0.13,8.4,502.0,-1
2019-11-04,2019-11-04 11:30:00,60.75,60.75,60.67,60.67,-0.13,8.4,502.0,-1
2019-11-04,2019-11-04 11:40:00,60.67,60.67,60.58,60.58,-0.15,8.4,502.0,-1
2019-11-04,2019-11-04 11:50:00,60.58,60.58,60.5,60.5,-0.13,8.4,502.0,-1
2019-11-04,2019-11-04 12:00:00,60.5,60.5,60.42,60.42,-0.13,8.4,502.0,-1
2019-11-04,2019-11-04 12:10:00,60.42,60.42,60.33,60.33,-0.15,8.4,502.0,-1
2019-11-04,2019-11-04 12:20:00,60.33,60.33,60.25,60.25,-0.13,8.4,502.0,-1
2019-11-04,2019-11-04 12:30:00,60.25,60.25,60.17,60.17,-0.13,8.4,502.0,-1
2019-11-04,2019-11-04 12:40:00,60.17,60.17,60.08,60.08,-0.15,8.4,502.0,-1
2019-11-04,2019-11-04 12:50:00,60.08,60.08,60.0,60.0,-0.13,8.4,502.0,-1
2019-11-04,2019-11-04 13:00:00,60.0,61.0,59.0,59.92,-0.13,8.4,502.0,-1
2019-11-04,2019-11-04 13:10:00,59.92,59.92,59.83,59.83,-0.15,8.4,502.0,-1
2019-11-04,2019-11-04 13:20:00,59.83,59.83,59.75,59.75,-0.13,8.4,502.0,-1
2019-11-04,2019-11-04 13:30:00,59.75,59.75,59.67,59.67,-0.13,8.4,502.0,-1
2019-11-04,2019-11-04 13:40:00,59.67,59.67,59.58,59.58,-0.15,8.4,502.0,-1
2019-11-04,2019-11-04 13:50:00,59.58,59.58,59.5,59.5,-0.13,8.4,502.0,-1
2019-11-04,2019-11-04 14:00:00,59.5,59.5,59.42,59.42,-0.13,8.4,502.0,-1
2019-11-04,2019-11-04 14:10:00,59.42,59.42,59.33,59.33,-0.15,8.4,502.0,-1
2019-11-04,2019-11-04 14:20:00,59.33,59.33,59.25,59.25,-0.13,8.4,502.0,-1
2019-11-04,2019-11-04 14:30:00,59.25,59.25,59.17,59.17,-0.14,8.4,502.0,-1
2019-11-04,2019-11-04 14:40:00,59.17,59.17,59.08,59.08,-0.15,8.4,502.0,-1
2019-11-04,2019-11-04 14:50:00,59.08,59.08,59.0,59.0,-0.14,8.4,502.0,-1
2019-11-04,2019-11-04 15:00:00,59.0,61.0,59.0,59.0,0.0,8.4,502.0,0
2019-11-05,2019-11-05 11:00:00,58.0,58.0,58.0,58.0,0.0,3.6,208.8,0
2019-11-05,2019-11-05 11:10:00,58.0,58.0,58.0,58.0,0.0,3.6,208.8,0
2019-11-05,2019-11-05 11:20:00,58.0,58.0,58.0,58.0,0.0,3.6,208.8,0
2019-11-05,2019-11-05 11:30:00,58.0,58.0,58.0,58.0,0.0,3.6,208.8,0
2019-11-05,2019-11-05 11:40:00,58.0,58.0,58.0,58.0,0.0,3.6,208.8,0
2019-11-05,2019-11-05 11:50:00,58.0,58.0,58.0,58.0,0.0,3.6,208.8,0
2019-11-05,2019-11-05 12:00:00,58.0,58.0,58.0,58.0,0.0,3.6,208.8,0
2019-11-05,2019-11-05 12:10:00,58.0,58.0,58.0,58.0,0.0,3.6,208.8,0
2019-11-05,2019-11-05 12:20:00,58.0,58.0,58.0,58.0,0.0,3.6,208.8,0
2019-11-05,2019-11-05 12:30:00,58.0,58.0,58.0,58.0,0.0,3.6,208.8,0
2019-11-05,2019-11-05 12:40:00,58.0,58.0,58.0,58.0,0.0,3.6,208.8,0
2019-11-05,2019-11-05 12:50:00,58.0,58.0,58.0,58.0,0.0,3.6,208.8,0
2019-11-05,2019-11-05 13:00:00,58.0,58.0,58.0,58.0,0.0,3.6,208.8,0
2019-11-05,2019-11-05 13:10:00,58.0,58.0,58.0,58.0,0.0,3.6,208.8,0
2019-11-05,2019-11-05 13:20:00,58.0,58.0,58.0,58.0,0.0,3.6,208.8,0
2019-11-05,2019-11-05 13:30:00,58.0,58.0,58.0,58.0,0.0,3.6,208.8,0
2019-11-05,2019-11-05 13:40:00,58.0,58.0,58.0,58.0,0.0,3.6,208.8,0
2019-11-05,2019-11-05 13:50:00,58.0,58.0,58.0,58.0,0.0,3.6,208.8,0
2019-11-05,2019-11-05 14:00:00,58.0,58.0,58.0,58.0,0.0,3.6,208.8,0
2019-11-05,2019-11-05 14:10:00,58.0,58.0,58.0,58.0,0.0,3.6,208.8,0
2019-11-05,2019-11-05 14:20:00,58.0,58.0,58.0,58.0,0.0,3.6,208.8,0
2019-11-05,2019-11-05 14:30:00,58.0,58.0,58.0,58.0,0.0,3.6,208.8,0
2019-11-05,2019-11-05 14:40:00,58.0,58.0,58.0,58.0,0.0,3.6,208.8,0
2019-11-05,2019-11-05 14:50:00,58.0,58.0,58.0,58.0,0.0,3.6,208.8,0
2019-11-05,2019-11-05 15:00:00,58.0,58.0,58.0,58.0,0.0,3.6,208.8,0
2019-11-06,2019-11-06 11:00:00,57.0,57.9,57.0,57.12,0.21,12.8,736.8,1
2019-11-06,2019-11-06 11:10:00,57.12,57.25,57.12,57.25,0.23,12.8,736.8,1
2019-11-06,2019-11-06 11:20:00,57.25,57.38,57.25,57.38,0.23,12.8,736.8,1
2019-11-06,2019-11-06 11:30:00,57.38,57.5,57.38,57.5,0.21,12.8,736.8,1
2019-11-06,2019-11-06 11:40:00,57.5,57.62,57.5,57.62,0.21,12.8,736.8,1
2019-11-06,2019-11-06 11:50:00,57.62,57.75,57.62,57.75,0.23,12.8,736.8,1
2019-11-06,2019-11-06 12:00:00,57.75,57.88,57.75,57.88,0.23,12.8,736.8,1
2019-11-06,2019-11-06 12:10:00,57.88,58.0,57.88,58.0,0.21,12.8,736.8,1
2019-11-06,2019-11-06 12:20:00,58.0,58.12,58.0,58.12,0.21,12.8,736.8,1
2019-11-06,2019-11-06 12:30:00,58.12,58.25,58.12,58.25,0.22,12.8,736.8,1
2019-11-06,2019-11-06 12:40:00,58.25,58.38,58.25,58.38,0.22,12.8,736.8,1
2019-11-06,2019-11-06 12:50:00,58.38,58.5,58.38,58.5,0.21,12.8,736.8,1
2019-11-06,2019-11-06 13:00:00,58.5,60.0,57.0,58.62,0.21,12.8,736.8,1
2019-11-06,2019-11-06 13:10:00,58.62,58.75,58.62,58.75,0.22,12.8,736.8,1
2019-11-06,2019-11-06 13:20:00,58.75,58.88,58.75,58.88,0.22,12.8,736.8,1
2019-11-06,2019-11-06 13:30:00,58.88,59.0,58.88,59.0,0.2,12.8,736.8,1
2019-11-06,2019-11-06 13:40:00,59.0,59.12,59.0,59.12,0.2,12.8,736.8,1
2019-11-06,2019-11-06 13:50:00,59.12,59.25,59.12,59.25,0.22,12.8,736.8,1
2019-11-06,2019-11-06 14:00:00,59.25,59.38,59.25,59.38,0.22,12.8,736.8,1
2019-11-06,2019-11-06 14:10:00,59.38,59.5,59.38,59.5,0.2,12.8,736.8,1
2019-11-06,2019-11-06 14:20:00,59.5,59.62,59.5,59.62,0.2,12.8,736.8,1
2019-11-06,2019-11-06 14:30:00,59.62,59.75,59.62,59.75,0.22,12.8,736.8,1
2019-11-06,2019-11-06 14:40:00,59.75,59.88,59.75,59.88,0.22,12.8,736.8,1
2019-11-06,2019-11-06 14:50:00,59.88,60.0,59.88,60.0,0.2,12.8,736.8,1
2019-11-06,2019-11-06 15:00:00,60.0,60.0,57.0,60.0,0.0,12.8,736.8,0
2019-11-07,2019-11-07 11:00:00,59.0,59.3,59.0,59.04,0.07,6.0,358.4,1
2019-11-07,2019-11-07 11:10:00,59.04,59.08,59.04,59.08,0.07,6.0,358.4,1
2019-11-07,2019-11-07 11:20:00,59.08,59.12,59.08,59.12,0.07,6.0,358.4,1
2019-11-07,2019-11-07 11:30:00,59.12,59.17,59.12,59.17,0.08,6.0,358.4,1
2019-11-07,2019-11-07 11:40:00,59.17,59.21,59.17,59.21,0.07,6.0,358.4,1
2019-11-07,2019-11-07 11:50:00,59.21,59.25,59.21,59.25,0.07,6.0,358.4,1
2019-11-07,2019-11-07 12:00:00,59.25,59.29,59.25,59.29,0.07,6.0,358.4,1
2019-11-07,2019-11-07 12:10:00,59.29,59.33,59.29,59.33,0.07,6.0,358.4,1
2019-11-07,2019-11-07 12:20:00,59.33,59.38,59.33,59.38,0.08,6.0,358.4,1
2019-11-07,2019-11-07 12:30:00,59.38,59.42,59.38,59.42,0.07,6.0,358.4,1
2019-11-07,2019-11-07 12:40:00,59.42,59.46,59.42,59.46,0.07,6.0,358.4,1
2019-11-07,2019-11-07 12:50:00,59.46,59.5,59.46,59.5,0.07,6.0,358.4,1
2019-11-07,2019-11-07 13:00:00,59.5,60.0,59.0,59.54,0.07,6.0,358.4,1
2019-11-07,2019-11-07 13:10:00,59.54,59.58,59.54,59.58,0.07,6.0,358.4,1
2019-11-07,2019-11-07 13:20:00,59.58,59.62,59.58,59.62,0.07,6.0,358.4,1
2019-11-07,2019-11-07 13:30:00,59.62,59.67,59.62,59.67,0.08,6.0,358.4,1
2019-11-07,2019-11-07 13:40:00,59.67,59.71,59.67,59.71,0.07,6.0,358.4,1
2019-11-07,2019-11-07 13:50:00,59.71,59.75,59.71,59.75,0.07,6.0,358.4,1
2019-11-07,2019-11-07 14:00:00,59.75,59.79,59.75,59.79,0.07,6.0,358.4,1
2019-11-07,2019-11-07 14:10:00,59.79,59.83,59.79,59.83,0.07,6.0,358.4,1
2019-11-07,2019-11-07 14:20:00,59.83,59.88,59.83,59.88,0.08,6.0,358.4,1
2019-11-07,2019-11-07 14:30:00,59.88,59.92,59.88,59.92,0.07,6.0,358.4,1
2019-11-07,2019-11-07 14:40:00,59.92,59.96,59.92,59.96,0.07,6.0,358.4,1
2019-11-07,2019-11-07 14:50:00,59.96,60.0,59.96,60.0,0.07,6.0,358.4,1
2019-11-07,2019-11-07 15:00:00,60.0,60.0,59.0,60.0,0.0,6.0,358.4,0
2019-11-11,2019-11-11 11:00:00,59.0,59.0,59.0,59.0,0.0,3.2,188.8,0
2019-11-11,2019-11-11 11:10:00,59.0,59.0,59.0,59.0,0.0,3.2,188.8,0
2019-11-11,2019-11-11 11:20:00,59.0,59.0,59.0,59.0,0.0,3.2,188.8,0
2019-11-11,2019-11-11 11:30:00,59.0,59.0,59.0,59.0,0.0,3.2,188.8,0
2019-11-11,2019-11-11 11:40:00,59.0,59.0,59.0,59.0,0.0,3.2,188.8,0
2019-11-11,2019-11-11 11:50:00,59.0,59.0,59.0,59.0,0.0,3.2,188.8,0
2019-11-11,2019-11-11 12:00:00,59.0,59.0,59.0,59.0,0.0,3.2,188.8,0
2019-11-11,2019-11-11 12:10:00,59.0,59.0,59.0,59.0,0.0,3.2,188.8,0
2019-11-11,2019-11-11 12:20:00,59.0,59.0,59.0,59.0,0.0,3.2,188.8,0
2019-11-11,2019-11-11 12:30:00,59.0,59.0,59.0,59.0,0.0,3.2,188.8,0
2019-11-11,2019-11-11 12:40:00,59.0,59.0,59.0,59.0,0.0,3.2,188.8,0
2019-11-11,2019-11-11 12:50:00,59.0,59.0,59.0,59.0,0.0,3.2,188.8,0
2019-11-11,2019-11-11 13:00:00,59.0,59.0,59.0,59.0,0.0,3.2,188.8,0
2019-11-11,2019-11-11 13:10:00,59.0,59.0,59.0,59.0,0.0,3.2,188.8,0
2019-11-11,2019-11-11 13:20:00,59.0,59.0,59.0,59.0,0.0,3.2,188.8,0
2019-11-11,2019-11-11 13:30:00,59.0,59.0,59.0,59.0,0.0,3.2,188.8,0
2019-11-11,2019-11-11 13:40:00,59.0,59.0,59.0,59.0,0.0,3.2,188.8,0
2019-11-11,2019-11-11 13:50:00,59.0,59.0,59.0,59.0,0.0,3.2,188.8,0
2019-11-11,2019-11-11 14:00:00,59.0,59.0,59.0,59.0,0.0,3.2,188.8,0
2019-11-11,2019-11-11 14:10:00,59.0,59.0,59.0,59.0,0.0,3.2,188.8,0
2019-11-11,2019-11-11 14:20:00,59.0,59.0,59.0,59.0,0.0,3.2,188.8,0
2019-11-11,2019-11-11 14:30:00,59.0,59.0,59.0,59.0,0.0,3.2,188.8,0
2019-11-11,2019-11-11 14:40:00,59.0,59.0,59.0,59.0,0.0,3.2,188.8,0
2019-11-11,2019-11-11 14:50:00,59.0,59.0,59.0,59.0,0.0,3.2,188.8,0
2019-11-11,2019-11-11 15:00:00,59.0,59.0,59.0,59.0,0.0,3.2,188.8,0
2019-11-12,2019-11-12 11:00:00,58.0,58.0,57.4,57.92,-0.14,8.0,456.8,-1
2019-11-12,2019-11-12 11:10:00,57.92,57.92,57.83,57.83,-0.16,8.0,456.8,-1
2019-11-12,2019-11-12 11:20:00,57.83,57.83,57.75,57.75,-0.14,8.0,456.8,-1
2019-11-12,2019-11-12 11:30:00,57.75,57.75,57.67,57.67,-0.14,8.0,456.8,-1
2019-11-12,2019-11-12 11:40:00,57.67,57.67,57.58,57.58,-0.16,8.0,456.8,-1
2019-11-12,2019-11-12 11:50:00,57.58,57.58,57.5,57.5,-0.14,8.0,456.8,-1
2019-11-12,2019-11-12 12:00:00,57.5,57.5,57.42,57.42,-0.14,8.0,456.8,-1
2019-11-12,2019-11-12 12:10:00,57.42,57.42,57.33,57.33,-0.16,8.0,456.8,-1
2019-11-12,2019-11-12 12:20:00,57.33,57.33,57.25,57.25,-0.14,8.0,456.8,-1
2019-11-12,2019-11-12 12:30:00,57.25,57.25,57.17,57.17,-0.14,8.0,456.8,-1
2019-11-12,2019-11-12 12:40:00,57.17,57.17,57.08,57.08,-0.16,8.0,456.8,-1
2019-11-12,2019-11-12 12:50:00,57.08,57.08,57.0,57.0,-0.14,8.0,456.8,-1
2019-11-12,2019-11-12 13:00:00,57.0,58.0,56.0,56.92,-0.14,8.0,456.8,-1
2019-11-12,2019-11-12 13:10:00,56.92,56.92,56.83,56.83,-0.16,8.0,456.8,-1
2019-11-12,2019-11-12 13:20:00,56.83,56.83,56.75,56.75,-0.14,8.0,456.8,-1
2019-11-12,2019-11-12 13:30:00,56.75,56.75,56.67,56.67,-0.14,8.0,456.8,-1
2019-11-12,2019-11-12 13:40:00,56.67,56.67,56.58,56.58,-0.16,8.0,456.8,-1
2019-11-12,2019-11-12 13:50:00,56.58,56.58,56.5,56.5,-0.14,8.0,456.8,-1
2019-11-12,2019-11-12 14:00:00,56.5,56.5,56.42,56.42,-0.14,8.0,456.8,-1
2019-11-12,2019-11-12 14:10:00,56.42,56.42,56.33,56.33,-0.16,8.0,456.8,-1
2019-11-12,2019-11-12 14:20:00,56.33,56.33,56.25,56.25,-0.14,8.0,456.8,-1
2019-11-12,2019-11-12 14:30:00,56.25,56.25,56.17,56.17,-0.14,8.0,456.8,-1
2019-11-12,2019-11-12 14:40:00,56.17,56.17,56.08,56.08,-0.16,8.0,456.8,-1
2019-11-12,2019-11-12 14:50:00,56.08,56.08,56.0,56.0,-0.14,8.0,456.8,-1
2019-11-12,2019-11-12 15:00:00,56.0,58.0,56.0,56.0,0.0,8.0,456.8,0
2019-11-13,2019-11-13 11:00:00,55.0,55.3,55.0,55.0,0.0,8.8,488.0,0
2019-11-13,2019-11-13 11:10:00,55.0,55.0,55.0,55.0,0.0,8.8,488.0,0
2019-11-13,2019-11-13 11:20:00,55.0,55.0,55.0,55.0,0.0,8.8,488.0,0
2019-11-13,2019-11-13 11:30:00,55.0,55.0,55.0,55.0,0.0,8.8,488.0,0
2019-11-13,2019-11-13 11:40:00,55.0,55.0,55.0,55.0,0.0,8.8,488.0,0
2019-11-13,2019-11-13 11:50:00,55.0,55.0,55.0,55.0,0.0,8.8,488.0,0
2019-11-13,2019-11-13 12:00:00,55.0,55.0,55.0,55.0,0.0,8.8,488.0,0
2019-11-13,2019-11-13 12:10:00,55.0,55.0,55.0,55.0,0.0,8.8,488.0,0
2019-11-13,2019-11-13 12:20:00,55.0,55.0,55.0,55.0,0.0,8.8,488.0,0
2019-11-13,2019-11-13 12:30:00,55.0,55.0,55.0,55.0,0.0,8.8,488.0,0
2019-11-13,2019-11-13 12:40:00,55.0,55.0,55.0,55.0,0.0,8.8,488.0,0
2019-11-13,2019-11-13 12:50:00,55.0,55.0,55.0,55.0,0.0,8.8,488.0,0
2019-11-13,2019-11-13 13:00:00,55.0,56.0,55.0,55.0,0.0,8.8,488.0,0
2019-11-13,2019-11-13 13:10:00,55.0,55.0,55.0,55.0,0.0,8.8,488.0,0
2019-11-13,2019-11-13 13:20:00,55.0,55.0,55.0,55.0,0.0,8.8,488.0,0
2019-11-13,2019-11-13 13:30:00,55.0,55.0,55.0,55.0,0.0,8.8,488.0,0
2019-11-13,2019-11-13 13:40:00,55.0,55.0,55.0,55.0,0.0,8.8,488.0,0
2019-11-13,2019-11-13 13:50:00,55.0,55.0,55.0,55.0,0.0,8.8,488.0,0
2019-11-13,2019-11-13 14:00:00,55.0,55.0,55.0,55.0,0.0,8.8,488.0,0
2019-11-13,2019-11-13 14:10:00,55.0,55.0,55.0,55.0,0.0,8.8,488.0,0
2019-11-13,2019-11-13 14:20:00,55.0,55.0,55.0,55.0,0.0,8.8,488.0,0
2019-11-13,2019-11-13 14:30:00,55.0,55.0,55.0,55.0,0.0,8.8,488.0,0
2019-11-13,2019-11-13 14:40:00,55.0,55.0,55.0,55.0,0.0,8.8,488.0,0
2019-11-13,2019-11-13 14:50:00,55.0,55.0,55.0,55.0,0.0,8.8,488.0,0
2019-11-13,2019-11-13 15:00:00,55.0,56.0,55.0,55.0,0.0,8.8,488.0,0
2019-11-14,2019-11-14 11:00:00,55.0,55.3,54.4,54.92,-0.15,12.4,672.4,-1
2019-11-14,2019-11-14 11:10:00,54.92,54.92,54.83,54.83,-0.16,12.4,672.4,-1
2019-11-14,2019-11-14 11:20:00,54.83,54.83,54.75,54.75,-0.15,12.4,672.4,-1
2019-11-14,2019-11-14 11:30:00,54.75,54.75,54.67,54.67,-0.15,12.4,672.4,-1
2019-11-14,2019-11-14 11:40:00,54.67,54.67,54.58,54.58,-0.16,12.4,672.4,-1
2019-11-14,2019-11-14 11:50:00,54.58,54.58,54.5,54.5,-0.15,12.4,672.4,-1
2019-11-14,2019-11-14 12:00:00,54.5,54.5,54.42,54.42,-0.15,12.4,672.4,-1
2019-11-14,2019-11-14 12:10:00,54.42,54.42,54.33,54.33,-0.17,12.4,672.4,-1
2019-11-14,2019-11-14 12:20:00,54.33,54.33,54.25,54.25,-0.15,12.4,672.4,-1
2019-11-14,2019-11-14 12:30:00,54.25,54.25,54.17,54.17,-0.15,12.4,672.4,-1
2019-11-14,2019-11-14 12:40:00,54.17,54.17,54.08,54.08,-0.17,12.4,672.4,-1
2019-11-14,2019-11-14 12:50:00,54.08,54.08,54.0,54.0,-0.15,12.4,672.4,-1
2019-11-14,2019-11-14 13:00:00,54.0,56.0,53.0,53.92,-0.15,12.4,672.4,-1
2019-11-14,2019-11-14 13:10:00,53.92,53.92,53.83,53.83,-0.17,12.4,672.4,-1
2019-11-14,2019-11-14 13:20:00,53.83,53.83,53.75,53.75,-0.15,12.4,672.4,-1
2019-11-14,2019-11-14 13:30:00,53.75,53.75,53.67,53.67,-0.15,12.4,672.4,-1
2019-11-14,2019-11-14 13:40:00,53.67,53.67,53.58,53.58,-0.17,12.4,672.4,-1
2019-11-14,2019-11-14 13:50:00,53.58,53.58,53.5,53.5,-0.15,12.4,672.4,-1
2019-11-14,2019-11-14 14:00:00,53.5,53.5,53.42,53.42,-0.15,12.4,672.4,-1
2019-11-14,2019-11-14 14:10:00,53.42,53.42,53.33,53.33,-0.17,12.4,672.4,-1
2019-11-14,2019-11-14 14:20:00,53.33,53.33,53.25,53.25,-0.15,12.4,672.4,-1
2019-11-14,2019-11-14 14:30:00,53.25,53.25,53.17,53.17,-0.15,12.4,672.4,-1
2019-11-14,2019-11-14 14:40:00,53.17,53.17,53.08,53.08,-0.17,12.4,672.4,-1
2019-11-14,2019-11-14 14:50:00,53.08,53.08,53.0,53.0,-0.15,12.4,672.4,-1
2019-11-14,2019-11-14 15:00:00,53.0,56.0,53.0,53.0,0.0,12.4,672.4,0
2019-11-17,2019-11-17 11:00:00,52.0,52.6,52.0,52.04,0.08,11.6,613.6,1
2019-11-17,2019-11-17 11:10:00,52.04,52.08,52.04,52.08,0.08,11.6,613.6,1
2019-11-17,2019-11-17 11:20:00,52.08,52.12,52.08,52.12,0.08,11.6,613.6,1
2019-11-17,2019-11-17 11:30:00,52.12,52.17,52.12,52.17,0.1,11.6,613.6,1
2019-11-17,2019-11-17 11:40:00,52.17,52.21,52.17,52.21,0.08,11.6,613.6,1
2019-11-17,2019-11-17 11:50:00,52.21,52.25,52.21,52.25,0.08,11.6,613.6,1
2019-11-17,2019-11-17 12:00:00,52.25,52.29,52.25,52.29,0.08,11.6,613.6,1
2019-11-17,2019-11-17 12:10:00,52.29,52.33,52.29,52.33,0.08,11.6,613.6,1
2019-11-17,2019-11-17 12:20:00,52.33,52.38,52.33,52.38,0.1,11.6,613.6,1
2019-11-17,2019-11-17 12:30:00,52.38,52.42,52.38,52.42,0.08,11.6,613.6,1
2019-11-17,2019-11-17 12:40:00,52.42,52.46,52.42,52.46,0.08,11.6,613.6,1
2019-11-17,2019-11-17 12:50:00,52.46,52.5,52.46,52.5,0.08,11.6,613.6,1
2019-11-17,2019-11-17 13:00:00,52.5,54.0,52.0,52.54,0.08,11.6,613.6,1
2019-11-17,2019-11-17 13:10:00,52.54,52.58,52.54,52.58,0.08,11.6,613.6,1
2019-11-17,2019-11-17 13:20:00,52.58,52.62,52.58,52.62,0.08,11.6,613.6,1
2019-11-17,2019-11-17 13:30:00,52.62,52.67,52.62,52.67,0.1,11.6,613.6,1
2019-11-17,2019-11-17 13:40:00,52.67,52.71,52.67,52.71,0.08,11.6,613.6,1
2019-11-17,2019-11-17 13:50:00,52.71,52.75,52.71,52.75,0.08,11.6,613.6,1
2019-11-17,2019-11-17 14:00:00,52.75,52.79,52.75,52.79,0.08,11.6,613.6,1
2019-11-17,2019-11-17 14:10:00,52.79,52.83,52.79,52.83,0.08,11.6,613.6,1
2019-11-17,2019-11-17 14:20:00,52.83,52.88,52.83,52.88,0.09,11.6,613.6,1
2019-11-17,2019-11-17 14:30:00,52.88,52.92,52.88,52.92,0.08,11.6,613.6,1
2019-11-17,2019-11-17 14:40:00,52.92,52.96,52.92,52.96,0.08,11.6,613.6,1
2019-11-17,2019-11-17 14:50:00,52.96,53.0,52.96,53.0,0.08,11.6,613.6,1
2019-11-17,2019-11-17 15:00:00,53.0,54.0,52.0,53.0,0.0,11.6,613.6,0
2019-11-18,2019-11-18 11:00:00,52.0,52.6,51.7,52.08,0.15,10.8,568.4,1
2019-11-18,2019-11-18 11:10:00,52.08,52.17,52.08,52.17,0.17,10.8,568.4,1
2019-11-18,2019-11-18 11:20:00,52.17,52.25,52.17,52.25,0.15,10.8,568.4,1
2019-11-18,2019-11-18 11:30:00,52.25,52.33,52.25,52.33,0.15,10.8,568.4,1
2019-11-18,2019-11-18 11:40:00,52.33,52.42,52.33,52.42,0.17,10.8,568.4,1
2019-11-18,2019-11-18 11:50:00,52.42,52.5,52.42,52.5,0.15,10.8,568.4,1
2019-11-18,2019-11-18 12:00:00,52.5,52.58,52.5,52.58,0.15,10.8,568.4,1
2019-11-18,2019-11-18 12:10:00,52.58,52.67,52.58,52.67,0.17,10.8,568.4,1
2019-11-18,2019-11-18 12:20:00,52.67,52.75,52.67,52.75,0.15,10.8,568.4,1
2019-11-18,2019-11-18 12:30:00,52.75,52.83,52.75,52.83,0.15,10.8,568.4,1
2019-11-18,2019-11-18 12:40:00,52.83,52.92,52.83,52.92,0.17,10.8,568.4,1
2019-11-18,2019-11-18 12:50:00,52.92,53.0,52.92,53.0,0.15,10.8,568.4,1
2019-11-18,2019-11-18 13:00:00,53.0,54.0,51.0,53.08,0.15,10.8,568.4,1
2019-11-18,2019-11-18 13:10:00,53.08,53.17,53.08,53.17,0.17,10.8,568.4,1
2019-11-18,2019-11-18 13:20:00,53.17,53.25,53.17,53.25,0.15,10.8,568.4,1
2019-11-18,2019-11-18 13:30:00,53.25,53.33,53.25,53.33,0.15,10.8,568.4,1
2019-11-18,2019-11-18 13:40:00,53.33,53.42,53.33,53.42,0.17,10.8,568.4,1
2019-11-18,2019-11-18 13:50:00,53.42,53.5,53.42,53.5,0.15,10.8,568.4,1
2019-11-18,2019-11-18 14:00:00,53.5,53.58,53.5,53.58,0.15,10.8,568.4,1
2019-11-18,2019-11-18 14:10:00,53.58,53.67,53.58,53.67,0.17,10.8,568.4,1
2019-11-18,2019-11-18 14:20:00,53.67,53.75,53.67,53.75,0.15,10.8,568.4,1
2019-11-18,2019-11-18 14:30:00,53.75,53.83,53.75,53.83,0.15,10.8,568.4,1
2019-11-18,2019-11-18 14:40:00,53.83,53.92,53.83,53.92,0.17,10.8,568.4,1
2019-11-18,2019-11-18 14:50:00,53.92,54.0,53.92,54.0,0.15,10.8,568.4,1
2019-11-18,2019-11-18 15:00:00,54.0,54.0,51.0,54.0,0.0,10.8,568.4,0
2019-11-19,2019-11-19 11:00:00,55.0,55.6,55.0,55.08,0.15,39.6,2220.0,1
2019-11-19,2019-11-19 11:10:00,55.08,55.17,55.08,55.17,0.16,39.6,2220.0,1
2019-11-19,2019-11-19 11:20:00,55.17,55.25,55.17,55.25,0.15,39.6,2220.0,1
2019-11-19,2019-11-19 11:30:00,55.25,55.33,55.25,55.33,0.14,39.6,2220.0,1
2019-11-19,2019-11-19 11:40:00,55.33,55.42,55.33,55.42,0.16,39.6,2220.0,1
2019-11-19,2019-11-19 11:50:00,55.42,55.5,55.42,55.5,0.14,39.6,2220.0,1
2019-11-19,2019-11-19 12:00:00,55.5,55.58,55.5,55.58,0.14,39.6,2220.0,1
2019-11-19,2019-11-19 12:10:00,55.58,55.67,55.58,55.67,0.16,39.6,2220.0,1
2019-11-19,2019-11-19 12:20:00,55.67,55.75,55.67,55.75,0.14,39.6,2220.0,1
2019-11-19,2019-11-19 12:30:00,55.75,55.83,55.75,55.83,0.14,39.6,2220.0,1
2019-11-19,2019-11-19 12:40:00,55.83,55.92,55.83,55.92,0.16,39.6,2220.0,1
2019-11-19,2019-11-19 12:50:00,55.92,56.0,55.92,56.0,0.14,39.6,2220.0,1
2019-11-19,2019-11-19 13:00:00,56.0,57.0,55.0,56.08,0.14,39.6,2220.0,1
2019-11-19,2019-11-19 13:10:00,56.08,56.17,56.08,56.17,0.16,39.6,2220.0,1
2019-11-19,2019-11-19 13:20:00,56.17,56.25,56.17,56.25,0.14,39.6,2220.0,1
2019-11-19,2019-11-19 13:30:00,56.25,56.33,56.25,56.33,0.14,39.6,2220.0,1
2019-11-19,2019-11-19 13:40:00,56.33,56.42,56.33,56.42,0.16,39.6,2220.0,1
2019-11-19,2019-11-19 13:50:00,56.42,56.5,56.42,56.5,0.14,39.6,2220.0,1
2019-11-19,2019-11-19 14:00:00,56.5,56.58,56.5,56.58,0.14,39.6,2220.0,1
2019-11-19,2019-11-19 14:10:00,56.58,56.67,56.58,56.67,0.16,39.6,2220.0,1
2019-11-19,2019-11-19 14:20:00,56.67,56.75,56.67,56.75,0.14,39.6,2220.0,1
2019-11-19,2019-11-19 14:30:00,56.75,56.83,56.75,56.83,0.14,39.6,2220.0,1
2019-11-19,2019-11-19 14:40:00,56.83,56.92,56.83,56.92,0.16,39.6,2220.0,1
2019-11-19,2019-11-19 14:50:00,56.92,57.0,56.92,57.0,0.14,39.6,2220.0,1
2019-11-19,2019-11-19 15:00:00,57.0,57.0,55.0,57.0,0.0,39.6,2220.0,0
2019-11-20,2019-11-20 11:00:00,58.0,59.2,58.0,58.08,0.14,13.6,819.6,1
2019-11-20,2019-11-20 11:10:00,58.08,58.17,58.08,58.17,0.15,13.6,819.6,1
2019-11-20,2019-11-20 11:20:00,58.17,58.25,58.17,58.25,0.14,13.6,819.6,1
2019-11-20,2019-11-20 11:30:00,58.25,58.33,58.25,58.33,0.14,13.6,819.6,1
2019-11-20,2019-11-20 11:40:00,58.33,58.42,58.33,58.42,0.15,13.6,819.6,1
2019-11-20,2019-11-20 11:50:00,58.42,58.5,58.42,58.5,0.14,13.6,819.6,1
2019-11-20,2019-11-20 12:00:00,58.5,58.58,58.5,58.58,0.14,13.6,819.6,1
2019-11-20,2019-11-20 12:10:00,58.58,58.67,58.58,58.67,0.15,13.6,819.6,1
2019-11-20,2019-11-20 12:20:00,58.67,58.75,58.67,58.75,0.14,13.6,819.6,1
2019-11-20,2019-11-20 12:30:00,58.75,58.83,58.75,58.83,0.14,13.6,819.6,1
2019-11-20,2019-11-20 12:40:00,58.83,58.92,58.83,58.92,0.15,13.6,819.6,1
2019-11-20,2019-11-20 12:50:00,58.92,59.0,58.92,59.0,0.14,13.6,819.6,1
2019-11-20,2019-11-20 13:00:00,59.0,62.0,58.0,59.08,0.14,13.6,819.6,1
2019-11-20,2019-11-20 13:10:00,59.08,59.17,59.08,59.17,0.15,13.6,819.6,1
2019-11-20,2019-11-20 13:20:00,59.17,59.25,59.17,59.25,0.14,13.6,819.6,1
2019-11-20,2019-11-20 13:30:00,59.25,59.33,59.25,59.33,0.14,13.6,819.6,1
2019-11-20,2019-11-20 13:40:00,59.33,59.42,59.33,59.42,0.15,13.6,819.6,1
2019-11-20,2019-11-20 13:50:00,59.42,59.5,59.42,59.5,0.13,13.6,819.6,1
2019-11-20,2019-11-20 14:00:00,59.5,59.58,59.5,59.58,0.13,13.6,819.6,1
2019-11-20,2019-11-20 14:10:00,59.58,59.67,59.58,59.67,0.15,13.6,819.6,1
2019-11-20,2019-11-20 14:20:00,59.67,59.75,59.67,59.75,0.13,13.6,819.6,1
2019-11-20,2019-11-20 14:30:00,59.75,59.83,59.75,59.83,0.13,13.6,819.6,1
2019-11-20,2019-11-20 14:40:00,59.83,59.92,59.83,59.92,0.15,13.6,819.6,1
2019-11-20,2019-11-20 14:50:00,59.92,60.0,59.92,60.0,0.13,13.6,819.6,1
2019-11-20,2019-11-20 15:00:00,60.0,62.0,58.0,60.0,0.0,13.6,819.6,0
2019-11-21,2019-11-21 11:00:00,59.0,59.6,58.7,59.08,0.14,17.6,1048.8,1
2019-11-21,2019-11-21 11:10:00,59.08,59.17,59.08,59.17,0.15,17.6,1048.8,1
2019-11-21,2019-11-21 11:20:00,59.17,59.25,59.17,59.25,0.14,17.6,1048.8,1
2019-11-21,2019-11-21 11:30:00,59.25,59.33,59.25,59.33,0.14,17.6,1048.8,1
2019-11-21,2019-11-21 11:40:00,59.33,59.42,59.33,59.42,0.15,17.6,1048.8,1
2019-11-21,2019-11-21 11:50:00,59.42,59.5,59.42,59.5,0.13,17.6,1048.8,1
2019-11-21,2019-11-21 12:00:00,59.5,59.58,59.5,59.58,0.13,17.6,1048.8,1
2019-11-21,2019-11-21 12:10:00,59.58,59.67,59.58,59.67,0.15,17.6,1048.8,1
2019-11-21,2019-11-21 12:20:00,59.67,59.75,59.67,59.75,0.13,17.6,1048.8,1
2019-11-21,2019-11-21 12:30:00,59.75,59.83,59.75,59.83,0.13,17.6,1048.8,1
2019-11-21,2019-11-21 12:40:00,59.83,59.92,59.83,59.92,0.15,17.6,1048.8,1
2019-11-21,2019-11-21 12:50:00,59.92,60.0,59.92,60.0,0.13,17.6,1048.8,1
2019-11-21,2019-11-21 13:00:00,60.0,61.0,58.0,60.08,0.13,17.6,1048.8,1
2019-11-21,2019-11-21 13:10:00,60.08,60.17,60.08,60.17,0.15,17.6,1048.8,1
2019-11-21,2019-11-21 13:20:00,60.17,60.25,60.17,60.25,0.13,17.6,1048.8,1
2019-11-21,2019-11-21 13:30:00,60.25,60.33,60.25,60.33,0.13,17.6,1048.8,1
2019-11-21,2019-11-21 13:40:00,60.33,60.42,60.33,60.42,0.15,17.6,1048.8,1
2019-11-21,2019-11-21 13:50:00,60.42,60.5,60.42,60.5,0.13,17.6,1048.8,1
2019-11-21,2019-11-21 14:00:00,60.5,60.58,60.5,60.58,0.13,17.6,1048.8,1
2019-11-21,2019-11-21 14:10:00,60.58,60.67,60.58,60.67,0.15,17.6,1048.8,1
2019-11-21,2019-11-21 14:20:00,60.67,60.75,60.67,60.75,0.13,17.6,1048.8,1
2019-11-21,2019-11-21 14:30:00,60.75,60.83,60.75,60.83,0.13,17.6,1048.8,1
2019-11-21,2019-11-21 14:40:00,60.83,60.92,60.83,60.92,0.15,17.6,1048.8,1
2019-11-21,2019-11-21 14:50:00,60.92,61.0,60.92,61.0,0.13,17.6,1048.8,1
2019-11-21,2019-11-21 15:00:00,61.0,61.0,58.0,61.0,0.0,17.6,1048.8,0
2019-11-24,2019-11-24 11:00:00,61.0,61.0,60.4,60.96,-0.07,4.8,286.4,-1
2019-11-24,2019-11-24 11:10:00,60.96,60.96,60.92,60.92,-0.07,4.8,286.4,-1
2019-11-24,2019-11-24 11:20:00,60.92,60.92,60.88,60.88,-0.07,4.8,286.4,-1
2019-11-24,2019-11-24 11:30:00,60.88,60.88,60.83,60.83,-0.08,4.8,286.4,-1
2019-11-24,2019-11-24 11:40:00,60.83,60.83,60.79,60.79,-0.07,4.8,286.4,-1
2019-11-24,2019-11-24 11:50:00,60.79,60.79,60.75,60.75,-0.07,4.8,286.4,-1
2019-11-24,2019-11-24 12:00:00,60.75,60.75,60.71,60.71,-0.07,4.8,286.4,-1
2019-11-24,2019-11-24 12:10:00,60.71,60.71,60.67,60.67,-0.07,4.8,286.4,-1
2019-11-24,2019-11-24 12:20:00,60.67,60.67,60.62,60.62,-0.08,4.8,286.4,-1
2019-11-24,2019-11-24 12:30:00,60.62,60.62,60.58,60.58,-0.07,4.8,286.4,-1
2019-11-24,2019-11-24 12:40:00,60.58,60.58,60.54,60.54,-0.07,4.8,286.4,-1
2019-11-24,2019-11-24 12:50:00,60.54,60.54,60.5,60.5,-0.07,4.8,286.4,-1
2019-11-24,2019-11-24 13:00:00,60.5,61.0,59.0,60.46,-0.07,4.8,286.4,-1
2019-11-24,2019-11-24 13:10:00,60.46,60.46,60.42,60.42,-0.07,4.8,286.4,-1
2019-11-24,2019-11-24 13:20:00,60.42,60.42,60.38,60.38,-0.07,4.8,286.4,-1
2019-11-24,2019-11-24 13:30:00,60.38,60.38,60.33,60.33,-0.08,4.8,286.4,-1
2019-11-24,2019-11-24 13:40:00,60.33,60.33,60.29,60.29,-0.07,4.8,286.4,-1
2019-11-24,2019-11-24 13:50:00,60.29,60.29,60.25,60.25,-0.07,4.8,286.4,-1
2019-11-24,2019-11-24 14:00:00,60.25,60.25,60.21,60.21,-0.07,4.8,286.4,-1
2019-11-24,2019-11-24 14:10:00,60.21,60.21,60.17,60.17,-0.07,4.8,286.4,-1
2019-11-24,2019-11-24 14:20:00,60.17,60.17,60.12,60.12,-0.08,4.8,286.4,-1
2019-11-24,2019-11-24 14:30:00,60.12,60.12,60.08,60.08,-0.07,4.8,286.4,-1
2019-11-24,2019-11-24 14:40:00,60.08,60.08,60.04,60.04,-0.07,4.8,286.4,-1
2019-11-24,2019-11-24 14:50:00,60.04,60.04,60.0,60.0,-0.07,4.8,286.4,-1
2019-11-24,2019-11-24 15:00:00,60.0,61.0,59.0,60.0,0.0,4.8,286.4,0
2019-11-25,2019-11-25 11:00:00,60.0,60.0,59.4,59.92,-0.13,3.2,188.0,-1
2019-11-25,2019-11-25 11:10:00,59.92,59.92,59.83,59.83,-0.15,3.2,188.0,-1
2019-11-25,2019-11-25 11:20:00,59.83,59.83,59.75,59.75,-0.13,3.2,188.0,-1
2019-11-25,2019-11-25 11:30:00,59.75,59.75,59.67,59.67,-0.13,3.2,188.0,-1
2019-11-25,2019-11-25 11:40:00,59.67,59.67,59.58,59.58,-0.15,3.2,188.0,-1
2019-11-25,2019-11-25 11:50:00,59.58,59.58,59.5,59.5,-0.13,3.2,188.0,-1
2019-11-25,2019-11-25 12:00:00,59.5,59.5,59.42,59.42,-0.13,3.2,188.0,-1
2019-11-25,2019-11-25 12:10:00,59.42,59.42,59.33,59.33,-0.15,3.2,188.0,-1
2019-11-25,2019-11-25 12:20:00,59.33,59.33,59.25,59.25,-0.13,3.2,188.0,-1
2019-11-25,2019-11-25 12:30:00,59.25,59.25,59.17,59.17,-0.14,3.2,188.0,-1
2019-11-25,2019-11-25 12:40:00,59.17,59.17,59.08,59.08,-0.15,3.2,188.0,-1
2019-11-25,2019-11-25 12:50:00,59.08,59.08,59.0,59.0,-0.14,3.2,188.0,-1
2019-11-25,2019-11-25 13:00:00,59.0,60.0,58.0,58.92,-0.14,3.2,188.0,-1
2019-11-25,2019-11-25 13:10:00,58.92,58.92,58.83,58.83,-0.15,3.2,188.0,-1
2019-11-25,2019-11-25 13:20:00,58.83,58.83,58.75,58.75,-0.14,3.2,188.0,-1
2019-11-25,2019-11-25 13:30:00,58.75,58.75,58.67,58.67,-0.14,3.2,188.0,-1
2019-11-25,2019-11-25 13:40:00,58.67,58.67,58.58,58.58,-0.15,3.2,188.0,-1
2019-11-25,2019-11-25 13:50:00,58.58,58.58,58.5,58.5,-0.14,3.2,188.0,-1
2019-11-25,2019-11-25 14:00:00,58.5,58.5,58.42,58.42,-0.14,3.2,188.0,-1
2019-11-25,2019-11-25 14:10:00,58.42,58.42,58.33,58.33,-0.15,3.2,188.0,-1
2019-11-25,2019-11-25 14:20:00,58.33,58.33,58.25,58.25,-0.14,3.2,188.0,-1
2019-11-25,2019-11-25 14:30:00,58.25,58.25,58.17,58.17,-0.14,3.2,188.0,-1
2019-11-25,2019-11-25 14:40:00,58.17,58.17,58.08,58.08,-0.15,3.2,188.0,-1
2019-11-25,2019-11-25 14:50:00,58.08,58.08,58.0,58.0,-0.14,3.2,188.0,-1
2019-11-25,2019-11-25 15:00:00,58.0,60.0,58.0,58.0,0.0,3.2,188.0,0
2019-11-26,2019-11-26 11:00:00,58.0,58.3,57.4,57.92,-0.14,19.6,1123.2,-1
2019-11-26,2019-11-26 11:10:00,57.92,57.92,57.83,57.83,-0.16,19.6,1123.2,-1
2019-11-26,2019-11-26 11:20:00,57.83,57.83,57.75,57.75,-0.14,19.6,1123.2,-1
2019-11-26,2019-11-26 11:30:00,57.75,57.75,57.67,57.67,-0.14,19.6,1123.2,-1
2019-11-26,2019-11-26 11:40:00,57.67,57.67,57.58,57.58,-0.16,19.6,1123.2,-1
2019-11-26,2019-11-26 11:50:00,57.58,57.58,57.5,57.5,-0.14,19.6,1123.2,-1
2019-11-26,2019-11-26 12:00:00,57.5,57.5,57.42,57.42,-0.14,19.6,1123.2,-1
2019-11-26,2019-11-26 12:10:00,57.42,57.42,57.33,57.33,-0.16,19.6,1123.2,-1
2019-11-26,2019-11-26 12:20:00,57.33,57.33,57.25,57.25,-0.14,19.6,1123.2,-1
2019-11-26,2019-11-26 12:30:00,57.25,57.25,57.17,57.17,-0.14,19.6,1123.2,-1
2019-11-26,2019-11-26 12:40:00,57.17,57.17,57.08,57.08,-0.16,19.6,1123.2,-1
2019-11-26,2019-11-26 12:50:00,57.08,57.08,57.0,57.0,-0.14,19.6,1123.2,-1
2019-11-26,2019-11-26 13:00:00,57.0,59.0,56.0,56.92,-0.14,19.6,1123.2,-1
2019-11-26,2019-11-26 13:10:00,56.92,56.92,56.83,56.83,-0.16,19.6,1123.2,-1
2019-11-26,2019-11-26 13:20:00,56.83,56.83,56.75,56.75,-0.14,19.6,1123.2,-1
2019-11-26,2019-11-26 13:30:00,56.75,56.75,56.67,56.67,-0.14,19.6,1123.2,-1
2019-11-26,2019-11-26 13:40:00,56.67,56.67,56.58,56.58,-0.16,19.6,1123.2,-1
2019-11-26,2019-11-26 13:50:00,56.58,56.58,56.5,56.5,-0.14,19.6,1123.2,-1
2019-11-26,2019-11-26 14:00:00,56.5,56.5,56.42,56.42,-0.14,19.6,1123.2,-1
2019-11-26,2019-11-26 14:10:00,56.42,56.42,56.33,56.33,-0.16,19.6,1123.2,-1
2019-11-26,2019-11-26 14:20:00,56.33,56.33,56.25,56.25,-0.14,19.6,1123.2,-1
2019-11-26,2019-11-26 14:30:00,56.25,56.25,56.17,56.17,-0.14,19.6,1123.2,-1
2019-11-26,2019-11-26 14:40:00,56.17,56.17,56.08,56.08,-0.16,19.6,1123.2,-1
2019-11-26,2019-11-26 14:50:00,56.08,56.08,56.0,56.0,-0.14,19.6,1123.2,-1
2019-11-26,2019-11-26 15:00:00,56.0,59.0,56.0,56.0,0.0,19.6,1123.2,0
2019-11-27,2019-11-27 11:00:00,55.0,55.6,55.0,55.08,0.15,4.8,270.8,1
2019-11-27,2019-11-27 11:10:00,55.08,55.17,55.08,55.17,0.16,4.8,270.8,1
2019-11-27,2019-11-27 11:20:00,55.17,55.25,55.17,55.25,0.15,4.8,270.8,1
2019-11-27,2019-11-27 11:30:00,55.25,55.33,55.25,55.33,0.14,4.8,270.8,1
2019-11-27,2019-11-27 11:40:00,55.33,55.42,55.33,55.42,0.16,4.8,270.8,1
2019-11-27,2019-11-27 11:50:00,55.42,55.5,55.42,55.5,0.14,4.8,270.8,1
2019-11-27,2019-11-27 12:00:00,55.5,55.58,55.5,55.58,0.14,4.8,270.8,1
2019-11-27,2019-11-27 12:10:00,55.58,55.67,55.58,55.67,0.16,4.8,270.8,1
2019-11-27,2019-11-27 12:20:00,55.67,55.75,55.67,55.75,0.14,4.8,270.8,1
2019-11-27,2019-11-27 12:30:00,55.75,55.83,55.75,55.83,0.14,4.8,270.8,1
2019-11-27,2019-11-27 12:40:00,55.83,55.92,55.83,55.92,0.16,4.8,270.8,1
2019-11-27,2019-11-27 12:50:00,55.92,56.0,55.92,56.0,0.14,4.8,270.8,1
2019-11-27,2019-11-27 13:00:00,56.0,57.0,55.0,56.08,0.14,4.8,270.8,1
2019-11-27,2019-11-27 13:10:00,56.08,56.17,56.08,56.17,0.16,4.8,270.8,1
2019-11-27,2019-11-27 13:20:00,56.17,56.25,56.17,56.25,0.14,4.8,270.8,1
2019-11-27,2019-11-27 13:30:00,56.25,56.33,56.25,56.33,0.14,4.8,270.8,1
2019-11-27,2019-11-27 13:40:00,56.33,56.42,56.33,56.42,0.16,4.8,270.8,1
2019-11-27,2019-11-27 13:50:00,56.42,56.5,56.42,56.5,0.14,4.8,270.8,1
2019-11-27,2019-11-27 14:00:00,56.5,56.58,56.5,56.58,0.14,4.8,270.8,1
2019-11-27,2019-11-27 14:10:00,56.58,56.67,56.58,56.67,0.16,4.8,270.8,1
2019-11-27,2019-11-27 14:20:00,56.67,56.75,56.67,56.75,0.14,4.8,270.8,1
2019-11-27,2019-11-27 14:30:00,56.75,56.83,56.75,56.83,0.14,4.8,270.8,1
2019-11-27,2019-11-27 14:40:00,56.83,56.92,56.83,56.92,0.16,4.8,270.8,1
2019-11-27,2019-11-27 14:50:00,56.92,57.0,56.92,57.0,0.14,4.8,270.8,1
2019-11-27,2019-11-27 15:00:00,57.0,57.0,55.0,57.0,0.0,4.8,270.8,0
2019-11-28,2019-11-28 11:00:00,57.0,57.0,56.4,56.92,-0.14,9.6,542.4,-1
2019-11-28,2019-11-28 11:10:00,56.92,56.92,56.83,56.83,-0.16,9.6,542.4,-1
2019-11-28,2019-11-28 11:20:00,56.83,56.83,56.75,56.75,-0.14,9.6,542.4,-1
2019-11-28,2019-11-28 11:30:00,56.75,56.75,56.67,56.67,-0.14,9.6,542.4,-1
2019-11-28,2019-11-28 11:40:00,56.67,56.67,56.58,56.58,-0.16,9.6,542.4,-1
2019-11-28,2019-11-28 11:50:00,56.58,56.58,56.5,56.5,-0.14,9.6,542.4,-1
2019-11-28,2019-11-28 12:00:00,56.5,56.5,56.42,56.42,-0.14,9.6,542.4,-1
2019-11-28,2019-11-28 12:10:00,56.42,56.42,56.33,56.33,-0.16,9.6,542.4,-1
2019-11-28,2019-11-28 12:20:00,56.33,56.33,56.25,56.25,-0.14,9.6,542.4,-1
2019-11-28,2019-11-28 12:30:00,56.25,56.25,56.17,56.17,-0.14,9.6,542.4,-1
2019-11-28,2019-11-28 12:40:00,56.17,56.17,56.08,56.08,-0.16,9.6,542.4,-1
2019-11-28,2019-11-28 12:50:00,56.08,56.08,56.0,56.0,-0.14,9.6,542.4,-1
2019-11-28,2019-11-28 13:00:00,56.0,57.0,55.0,55.92,-0.14,9.6,542.4,-1
2019-11-28,2019-11-28 13:10:00,55.92,55.92,55.83,55.83,-0.16,9.6,542.4,-1
2019-11-28,2019-11-28 13:20:00,55.83,55.83,55.75,55.75,-0.14,9.6,542.4,-1
2019-11-28,2019-11-28 13:30:00,55.75,55.75,55.67,55.67,-0.14,9.6,542.4,-1
2019-11-28,2019-11-28 13:40:00,55.67,55.67,55.58,55.58,-0.16,9.6,542.4,-1
2019-11-28,2019-11-28 13:50:00,55.58,55.58,55.5,55.5,-0.14,9.6,542.4,-1
2019-11-28,2019-11-28 14:00:00,55.5,55.5,55.42,55.42,-0.14,9.6,542.4,-1
2019-11-28,2019-11-28 14:10:00,55.42,55.42,55.33,55.33,-0.16,9.6,542.4,-1
2019-11-28,2019-11-28 14:20:00,55.33,55.33,55.25,55.25,-0.14,9.6,542.4,-1
2019-11-28,2019-11-28 14:30:00,55.25,55.25,55.17,55.17,-0.14,9.6,542.4,-1
2019-11-28,2019-11-28 14:40:00,55.17,55.17,55.08,55.08,-0.16,9.6,542.4,-1
2019-11-28,2019-11-28 14:50:00,55.08,55.08,55.0,55.0,-0.15,9.6,542.4,-1
2019-11-28,2019-11-28 15:00:00,55.0,57.0,55.0,55.0,0.0,9.6,542.4,0
2019-12-01,2019-12-01 11:00:00,54.0,54.3,54.0,54.0,0.0,4.0,216.8,0
2019-12-01,2019-12-01 11:10:00,54.0,54.0,54.0,54.0,0.0,4.0,216.8,0
2019-12-01,2019-12-01 11:20:00,54.0,54.0,54.0,54.0,0.0,4.0,216.8,0
2019-12-01,2019-12-01 11:30:00,54.0,54.0,54.0,54.0,0.0,4.0,216.8,0
2019-12-01,2019-12-01 11:40:00,54.0,54.0,54.0,54.0,0.0,4.0,216.8,0
2019-12-01,2019-12-01 11:50:00,54.0,54.0,54.0,54.0,0.0,4.0,216.8,0
2019-12-01,2019-12-01 12:00:00,54.0,54.0,54.0,54.0,0.0,4.0,216.8,0
2019-12-01,2019-12-01 12:10:00,54.0,54.0,54.0,54.0,0.0,4.0,216.8,0
2019-12-01,2019-12-01 12:20:00,54.0,54.0,54.0,54.0,0.0,4.0,216.8,0
2019-12-01,2019-12-01 12:30:00,54.0,54.0,54.0,54.0,0.0,4.0,216.8,0
2019-12-01,2019-12-01 12:40:00,54.0,54.0,54.0,54.0,0.0,4.0,216.8,0
2019-12-01,2019-12-01 12:50:00,54.0,54.0,54.0,54.0,0.0,4.0,216.8,0
2019-12-01,2019-12-01 13:00:00,54.0,55.0,54.0,54.0,0.0,4.0,216.8,0
2019-12-01,2019-12-01 13:10:00,54.0,54.0,54.0,54.0,0.0,4.0,216.8,0
2019-12-01,2019-12-01 13:20:00,54.0,54.0,54.0,54.0,0.0,4.0,216.8,0
2019-12-01,2019-12-01 13:30:00,54.0,54.0,54.0,54.0,0.0,4.0,216.8,0
2019-12-01,2019-12-01 13:40:00,54.0,54.0,54.0,54.0,0.0,4.0,216.8,0
2019-12-01,2019-12-01 13:50:00,54.0,54.0,54.0,54.0,0.0,4.0,216.8,0
2019-12-01,2019-12-01 14:00:00,54.0,54.0,54.0,54.0,0.0,4.0,216.8,0
2019-12-01,2019-12-01 14:10:00,54.0,54.0,54.0,54.0,0.0,4.0,216.8,0
2019-12-01,2019-12-01 14:20:00,54.0,54.0,54.0,54.0,0.0,4.0,216.8,0
2019-12-01,2019-12-01 14:30:00,54.0,54.0,54.0,54.0,0.0,4.0,216.8,0
2019-12-01,2019-12-01 14:40:00,54.0,54.0,54.0,54.0,0.0,4.0,216.8,0
2019-12-01,2019-12-01 14:50:00,54.0,54.0,54.0,54.0,0.0,4.0,216.8,0
2019-12-01,2019-12-01 15:00:00,54.0,55.0,54.0,54.0,0.0,4.0,216.8,0
2019-12-02,2019-12-02 11:00:00,53.0,53.0,52.4,52.96,-0.08,6.4,331.2,-1
2019-12-02,2019-12-02 11:10:00,52.96,52.96,52.92,52.92,-0.08,6.4,331.2,-1
2019-12-02,2019-12-02 11:20:00,52.92,52.92,52.88,52.88,-0.08,6.4,331.2,-1
2019-12-02,2019-12-02 11:30:00,52.88,52.88,52.83,52.83,-0.09,6.4,331.2,-1
2019-12-02,2019-12-02 11:40:00,52.83,52.83,52.79,52.79,-0.08,6.4,331.2,-1
2019-12-02,2019-12-02 11:50:00,52.79,52.79,52.75,52.75,-0.08,6.4,331.2,-1
2019-12-02,2019-12-02 12:00:00,52.75,52.75,52.71,52.71,-0.08,6.4,331.2,-1
2019-12-02,2019-12-02 12:10:00,52.71,52.71,52.67,52.67,-0.08,6.4,331.2,-1
2019-12-02,2019-12-02 12:20:00,52.67,52.67,52.62,52.62,-0.09,6.4,331.2,-1
2019-12-02,2019-12-02 12:30:00,52.62,52.62,52.58,52.58,-0.08,6.4,331.2,-1
2019-12-02,2019-12-02 12:40:00,52.58,52.58,52.54,52.54,-0.08,6.4,331.2,-1
2019-12-02,2019-12-02 12:50:00,52.54,52.54,52.5,52.5,-0.08,6.4,331.2,-1
2019-12-02,2019-12-02 13:00:00,52.5,53.0,51.0,52.46,-0.08,6.4,331.2,-1
2019-12-02,2019-12-02 13:10:00,52.46,52.46,52.42,52.42,-0.08,6.4,331.2,-1
2019-12-02,2019-12-02 13:20:00,52.42,52.42,52.38,52.38,-0.08,6.4,331.2,-1
2019-12-02,2019-12-02 13:30:00,52.38,52.38,52.33,52.33,-0.1,6.4,331.2,-1
2019-12-02,2019-12-02 13:40:00,52.33,52.33,52.29,52.29,-0.08,6.4,331.2,-1
2019-12-02,2019-12-02 13:50:00,52.29,52.29,52.25,52.25,-0.08,6.4,331.2,-1
2019-12-02,2019-12-02 14:00:00,52.25,52.25,52.21,52.21,-0.08,6.4,331.2,-1
2019-12-02,2019-12-02 14:10:00,52.21,52.21,52.17,52.17,-0.08,6.4,331.2,-1
2019-12-02,2019-12-02 14:20:00,52.17,52.17,52.12,52.12,-0.1,6.4,331.2,-1
2019-12-02,2019-12-02 14:30:00,52.12,52.12,52.08,52.08,-0.08,6.4,331.2,-1
2019-12-02,2019-12-02 14:40:00,52.08,52.08,52.04,52.04,-0.08,6.4,331.2,-1
2019-12-02,2019-12-02 14:50:00,52.04,52.04,52.0,52.0,-0.08,6.4,331.2,-1
2019-12-02,2019-12-02 15:00:00,52.0,53.0,51.0,52.0,0.0,6.4,331.2,0
2019-12-03,2019-12-03 11:00:00,51.0,51.6,51.0,51.08,0.16,17.6,904.8,1
2019-12-03,2019-12-03 11:10:00,51.08,51.17,51.08,51.17,0.18,17.6,904.8,1
2019-12-03,2019-12-03 11:20:00,51.17,51.25,51.17,51.25,0.16,17.6,904.8,1
2019-12-03,2019-12-03 11:30:00,51.25,51.33,51.25,51.33,0.16,17.6,904.8,1
2019-12-03,2019-12-03 11:40:00,51.33,51.42,51.33,51.42,0.18,17.6,904.8,1
2019-12-03,2019-12-03 11:50:00,51.42,51.5,51.42,51.5,0.16,17.6,904.8,1
2019-12-03,2019-12-03 12:00:00,51.5,51.58,51.5,51.58,0.16,17.6,904.8,1
2019-12-03,2019-12-03 12:10:00,51.58,51.67,51.58,51.67,0.17,17.6,904.8,1
2019-12-03,2019-12-03 12:20:00,51.67,51.75,51.67,51.75,0.15,17.6,904.8,1
2019-12-03,2019-12-03 12:30:00,51.75,51.83,51.75,51.83,0.15,17.6,904.8,1
2019-12-03,2019-12-03 12:40:00,51.83,51.92,51.83,51.92,0.17,17.6,904.8,1
2019-12-03,2019-12-03 12:50:00,51.92,52.0,51.92,52.0,0.15,17.6,904.8,1
2019-12-03,2019-12-03 13:00:00,52.0,53.0,51.0,52.08,0.15,17.6,904.8,1
2019-12-03,2019-12-03 13:10:00,52.08,52.17,52.08,52.17,0.17,17.6,904.8,1
2019-12-03,2019-12-03 13:20:00,52.17,52.25,52.17,52.25,0.15,17.6,904.8,1
2019-12-03,2019-12-03 13:30:00,52.25,52.33,52.25,52.33,0.15,17.6,904.8,1
2019-12-03,2019-12-03 13:40:00,52.33,52.42,52.33,52.42,0.17,17.6,904.8,1
2019-12-03,2019-12-03 13:50:00,52.42,52.5,52.42,52.5,0.15,17.6,904.8,1
2019-12-03,2019-12-03 14:00:00,52.5,52.58,52.5,52.58,0.15,17.6,904.8,1
2019-12-03,2019-12-03 14:10:00,52.58,52.67,52.58,52.67,0.17,17.6,904.8,1
2019-12-03,2019-12-03 14:20:00,52.67,52.75,52.67,52.75,0.15,17.6,904.8,1
2019-12-03,2019-12-03 14:30:00,52.75,52.83,52.75,52.83,0.15,17.6,904.8,1
2019-12-03,2019-12-03 14:40:00,52.83,52.92,52.83,52.92,0.17,17.6,904.8,1
2019-12-03,2019-12-03 14:50:00,52.92,53.0,52.92,53.0,0.15,17.6,904.8,1
2019-12-03,2019-12-03 15:00:00,53.0,53.0,51.0,53.0,0.0,17.6,904.8,0
2019-12-04,2019-12-04 11:00:00,52.0,52.3,52.0,52.0,0.0,5.6,292.0,0
2019-12-04,2019-12-04 11:10:00,52.0,52.0,52.0,52.0,0.0,5.6,292.0,0
2019-12-04,2019-12-04 11:20:00,52.0,52.0,52.0,52.0,0.0,5.6,292.0,0
2019-12-04,2019-12-04 11:30:00,52.0,52.0,52.0,52.0,0.0,5.6,292.0,0
2019-12-04,2019-12-04 11:40:00,52.0,52.0,52.0,52.0,0.0,5.6,292.0,0
2019-12-04,2019-12-04 11:50:00,52.0,52.0,52.0,52.0,0.0,5.6,292.0,0
2019-12-04,2019-12-04 12:00:00,52.0,52.0,52.0,52.0,0.0,5.6,292.0,0
2019-12-04,2019-12-04 12:10:00,52.0,52.0,52.0,52.0,0.0,5.6,292.0,0
2019-12-04,2019-12-04 12:20:00,52.0,52.0,52.0,52.0,0.0,5.6,292.0,0
2019-12-04,2019-12-04 12:30:00,52.0,52.0,52.0,52.0,0.0,5.6,292.0,0
2019-12-04,2019-12-04 12:40:00,52.0,52.0,52.0,52.0,0.0,5.6,292.0,0
2019-12-04,2019-12-04 12:50:00,52.0,52.0,52.0,52.0,0.0,5.6,292.0,0
2019-12-04,2019-12-04 13:00:00,52.0,53.0,52.0,52.0,0.0,5.6,292.0,0
2019-12-04,2019-12-04 13:10:00,52.0,52.0,52.0,52.0,0.0,5.6,292.0,0
2019-12-04,2019-12-04 13:20:00,52.0,52.0,52.0,52.0,0.0,5.6,292.0,0
2019-12-04,2019-12-04 13:30:00,52.0,52.0,52.0,52.0,0.0,5.6,292.0,0
2019-12-04,2019-12-04 13:40:00,52.0,52.0,52.0,52.0,0.0,5.6,292.0,0
2019-12-04,2019-12-04 13:50:00,52.0,52.0,52.0,52.0,0.0,5.6,292.0,0
2019-12-04,2019-12-04 14:00:00,52.0,52.0,52.0,52.0,0.0,5.6,292.0,0
2019-12-04,2019-12-04 14:10:00,52.0,52.0,52.0,52.0,0.0,5.6,292.0,0
2019-12-04,2019-12-04 14:20:00,52.0,52.0,52.0,52.0,0.0,5.6,292.0,0
2019-12-04,2019-12-04 14:30:00,52.0,52.0,52.0,52.0,0.0,5.6,292.0,0
2019-12-04,2019-12-04 14:40:00,52.0,52.0,52.0,52.0,0.0,5.6,292.0,0
2019-12-04,2019-12-04 14:50:00,52.0,52.0,52.0,52.0,0.0,5.6,292.0,0
2019-12-04,2019-12-04 15:00:00,52.0,53.0,52.0,52.0,0.0,5.6,292.0,0
2019-12-05,2019-12-05 11:00:00,52.0,52.6,52.0,52.0,0.0,6.8,358.4,0
2019-12-05,2019-12-05 11:10:00,52.0,52.0,52.0,52.0,0.0,6.8,358.4,0
2019-12-05,2019-12-05 11:20:00,52.0,52.0,52.0,52.0,0.0,6.8,358.4,0
2019-12-05,2019-12-05 11:30:00,52.0,52.0,52.0,52.0,0.0,6.8,358.4,0
2019-12-05,2019-12-05 11:40:00,52.0,52.0,52.0,52.0,0.0,6.8,358.4,0
2019-12-05,2019-12-05 11:50:00,52.0,52.0,52.0,52.0,0.0,6.8,358.4,0
2019-12-05,2019-12-05 12:00:00,52.0,52.0,52.0,52.0,0.0,6.8,358.4,0
2019-12-05,2019-12-05 12:10:00,52.0,52.0,52.0,52.0,0.0,6.8,358.4,0
2019-12-05,2019-12-05 12:20:00,52.0,52.0,52.0,52.0,0.0,6.8,358.4,0
2019-12-05,2019-12-05 12:30:00,52.0,52.0,52.0,52.0,0.0,6.8,358.4,0
2019-12-05,2019-12-05 12:40:00,52.0,52.0,52.0,52.0,0.0,6.8,358.4,0
2019-12-05,2019-12-05 12:50:00,52.0,52.0,52.0,52.0,0.0,6.8,358.4,0
2019-12-05,2019-12-05 13:00:00,52.0,54.0,52.0,52.0,0.0,6.8,358.4,0
2019-12-05,2019-12-05 13:10:00,52.0,52.0,52.0,52.0,0.0,6.8,358.4,0
2019-12-05,2019-12-05 13:20:00,52.0,52.0,52.0,52.0,0.0,6.8,358.4,0
2019-12-05,2019-12-05 13:30:00,52.0,52.0,52.0,52.0,0.0,6.8,358.4,0
2019-12-05,2019-12-05 13:40:00,52.0,52.0,52.0,52.0,0.0,6.8,358.4,0
2019-12-05,2019-12-05 13:50:00,52.0,52.0,52.0,52.0,0.0,6.8,358.4,0
2019-12-05,2019-12-05 14:00:00,52.0,52.0,52.0,52.0,0.0,6.8,358.4,0
2019-12-05,2019-12-05 14:10:00,52.0,52.0,52.0,52.0,0.0,6.8,358.4,0
2019-12-05,2019-12-05 14:20:00,52.0,52.0,52.0,52.0,0.0,6.8,358.4,0
2019-12-05,2019-12-05 14:30:00,52.0,52.0,52.0,52.0,0.0,6.8,358.4,0
2019-12-05,2019-12-05 14:40:00,52.0,52.0,52.0,52.0,0.0,6.8,358.4,0
2019-12-05,2019-12-05 14:50:00,52.0,52.0,52.0,52.0,0.0,6.8,358.4,0
2019-12-05,2019-12-05 15:00:00,52.0,54.0,52.0,52.0,0.0,6.8,358.4,0
2019-12-08,2019-12-08 11:00:00,52.0,52.0,51.7,52.0,0.0,7.2,373.6,0
2019-12-08,2019-12-08 11:10:00,52.0,52.0,52.0,52.0,0.0,7.2,373.6,0
2019-12-08,2019-12-08 11:20:00,52.0,52.0,52.0,52.0,0.0,7.2,373.6,0
2019-12-08,2019-12-08 11:30:00,52.0,52.0,52.0,52.0,0.0,7.2,373.6,0
2019-12-08,2019-12-08 11:40:00,52.0,52.0,52.0,52.0,0.0,7.2,373.6,0
2019-12-08,2019-12-08 11:50:00,52.0,52.0,52.0,52.0,0.0,7.2,373.6,0
2019-12-08,2019-12-08 12:00:00,52.0,52.0,52.0,52.0,0.0,7.2,373.6,0
2019-12-08,2019-12-08 12:10:00,52.0,52.0,52.0,52.0,0.0,7.2,373.6,0
2019-12-08,2019-12-08 12:20:00,52.0,52.0,52.0,52.0,0.0,7.2,373.6,0
2019-12-08,2019-12-08 12:30:00,52.0,52.0,52.0,52.0,0.0,7.2,373.6,0
2019-12-08,2019-12-08 12:40:00,52.0,52.0,52.0,52.0,0.0,7.2,373.6,0
2019-12-08,2019-12-08 12:50:00,52.0,52.0,52.0,52.0,0.0,7.2,373.6,0
2019-12-08,2019-12-08 13:00:00,52.0,52.0,51.0,52.0,0.0,7.2,373.6,0
2019-12-08,2019-12-08 13:10:00,52.0,52.0,52.0,52.0,0.0,7.2,373.6,0
2019-12-08,2019-12-08 13:20:00,52.0,52.0,52.0,52.0,0.0,7.2,373.6,0
2019-12-08,2019-12-08 13:30:00,52.0,52.0,52.0,52.0,0.0,7.2,373.6,0
2019-12-08,2019-12-08 13:40:00,52.0,52.0,52.0,52.0,0.0,7.2,373.6,0
2019-12-08,2019-12-08 13:50:00,52.0,52.0,52.0,52.0,0.0,7.2,373.6,0
2019-12-08,2019-12-08 14:00:00,52.0,52.0,52.0,52.0,0.0,7.2,373.6,0
2019-12-08,2019-12-08 14:10:00,52.0,52.0,52.0,52.0,0.0,7.2,373.6,0
2019-12-08,2019-12-08 14:20:00,52.0,52.0,52.0,52.0,0.0,7.2,373.6,0
2019-12-08,2019-12-08 14:30:00,52.0,52.0,52.0,52.0,0.0,7.2,373.6,0
2019-12-08,2019-12-08 14:40:00,52.0,52.0,52.0,52.0,0.0,7.2,373.6,0
2019-12-08,2019-12-08 14:50:00,52.0,52.0,52.0,52.0,0.0,7.2,373.6,0
2019-12-08,2019-12-08 15:00:00,52.0,52.0,51.0,52.0,0.0,7.2,373.6,0
2019-12-09,2019-12-09 11:00:00,53.0,53.0,53.0,53.0,0.0,3.6,190.8,0
2019-12-09,2019-12-09 11:10:00,53.0,53.0,53.0,53.0,0.0,3.6,190.8,0
2019-12-09,2019-12-09 11:20:00,53.0,53.0,53.0,53.0,0.0,3.6,190.8,0
2019-12-09,2019-12-09 11:30:00,53.0,53.0,53.0,53.0,0.0,3.6,190.8,0
2019-12-09,2019-12-09 11:40:00,53.0,53.0,53.0,53.0,0.0,3.6,190.8,0
2019-12-09,2019-12-09 11:50:00,53.0,53.0,53.0,53.0,0.0,3.6,190.8,0
2019-12-09,2019-12-09 12:00:00,53.0,53.0,53.0,53.0,0.0,3.6,190.8,0
2019-12-09,2019-12-09 12:10:00,53.0,53.0,53.0,53.0,0.0,3.6,190.8,0
2019-12-09,2019-12-09 12:20:00,53.0,53.0,53.0,53.0,0.0,3.6,190.8,0
2019-12-09,2019-12-09 12:30:00,53.0,53.0,53.0,53.0,0.0,3.6,190.8,0
2019-12-09,2019-12-09 12:40:00,53.0,53.0,53.0,53.0,0.0,3.6,190.8,0
2019-12-09,2019-12-09 12:50:00,53.0,53.0,53.0,53.0,0.0,3.6,190.8,0
2019-12-09,2019-12-09 13:00:00,53.0,53.0,53.0,53.0,0.0,3.6,190.8,0
2019-12-09,2019-12-09 13:10:00,53.0,53.0,53.0,53.0,0.0,3.6,190.8,0
2019-12-09,2019-12-09 13:20:00,53.0,53.0,53.0,53.0,0.0,3.6,190.8,0
2019-12-09,2019-12-09 13:30:00,53.0,53.0,53.0,53.0,0.0,3.6,190.8,0
2019-12-09,2019-12-09 13:40:00,53.0,53.0,53.0,53.0,0.0,3.6,190.8,0
2019-12-09,2019-12-09 13:50:00,53.0,53.0,53.0,53.0,0.0,3.6,190.8,0
2019-12-09,2019-12-09 14:00:00,53.0,53.0,53.0,53.0,0.0,3.6,190.8,0
2019-12-09,2019-12-09 14:10:00,53.0,53.0,53.0,53.0,0.0,3.6,190.8,0
2019-12-09,2019-12-09 14:20:00,53.0,53.0,53.0,53.0,0.0,3.6,190.8,0
2019-12-09,2019-12-09 14:30:00,53.0,53.0,53.0,53.0,0.0,3.6,190.8,0
2019-12-09,2019-12-09 14:40:00,53.0,53.0,53.0,53.0,0.0,3.6,190.8,0
2019-12-09,2019-12-09 14:50:00,53.0,53.0,53.0,53.0,0.0,3.6,190.8,0
2019-12-09,2019-12-09 15:00:00,53.0,53.0,53.0,53.0,0.0,3.6,190.8,0
2019-12-10,2019-12-10 11:00:00,53.0,53.0,52.7,53.0,0.0,8.4,440.8,0
2019-12-10,2019-12-10 11:10:00,53.0,53.0,53.0,53.0,0.0,8.4,440.8,0
2019-12-10,2019-12-10 11:20:00,53.0,53.0,53.0,53.0,0.0,8.4,440.8,0
2019-12-10,2019-12-10 11:30:00,53.0,53.0,53.0,53.0,0.0,8.4,440.8,0
2019-12-10,2019-12-10 11:40:00,53.0,53.0,53.0,53.0,0.0,8.4,440.8,0
2019-12-10,2019-12-10 11:50:00,53.0,53.0,53.0,53.0,0.0,8.4,440.8,0
2019-12-10,2019-12-10 12:00:00,53.0,53.0,53.0,53.0,0.0,8.4,440.8,0
2019-12-10,2019-12-10 12:10:00,53.0,53.0,53.0,53.0,0.0,8.4,440.8,0
2019-12-10,2019-12-10 12:20:00,53.0,53.0,53.0,53.0,0.0,8.4,440.8,0
2019-12-10,2019-12-10 12:30:00,53.0,53.0,53.0,53.0,0.0,8.4,440.8,0
2019-12-10,2019-12-10 12:40:00,53.0,53.0,53.0,53.0,0.0,8.4,440.8,0
2019-12-10,2019-12-10 12:50:00,53.0,53.0,53.0,53.0,0.0,8.4,440.8,0
2019-12-10,2019-12-10 13:00:00,53.0,53.0,52.0,53.0,0.0,8.4,440.8,0
2019-12-10,2019-12-10 13:10:00,53.0,53.0,53.0,53.0,0.0,8.4,440.8,0
2019-12-10,2019-12-10 13:20:00,53.0,53.0,53.0,53.0,0.0,8.4,440.8,0
2019-12-10,2019-12-10 13:30:00,53.0,53.0,53.0,53.0,0.0,8.4,440.8,0
2019-12-10,2019-12-10 13:40:00,53.0,53.0,53.0,53.0,0.0,8.4,440.8,0
2019-12-10,2019-12-10 13:50:00,53.0,53.0,53.0,53.0,0.0,8.4,440.8,0
2019-12-10,2019-12-10 14:00:00,53.0,53.0,53.0,53.0,0.0,8.4,440.8,0
2019-12-10,2019-12-10 14:10:00,53.0,53.0,53.0,53.0,0.0,8.4,440.8,0
2019-12-10,2019-12-10 14:20:00,53.0,53.0,53.0,53.0,0.0,8.4,440.8,0
2019-12-10,2019-12-10 14:30:00,53.0,53.0,53.0,53.0,0.0,8.4,440.8,0
2019-12-10,2019-12-10 14:40:00,53.0,53.0,53.0,53.0,0.0,8.4,440.8,0
2019-12-10,2019-12-10 14:50:00,53.0,53.0,53.0,53.0,0.0,8.4,440.8,0
2019-12-10,2019-12-10 15:00:00,53.0,53.0,52.0,53.0,0.0,8.4,440.8,0
2019-12-11,2019-12-11 11:00:00,52.0,52.9,52.0,52.08,0.15,8.8,475.6,1
2019-12-11,2019-12-11 11:10:00,52.08,52.17,52.08,52.17,0.17,8.8,475.6,1
2019-12-11,2019-12-11 11:20:00,52.17,52.25,52.17,52.25,0.15,8.8,475.6,1
2019-12-11,2019-12-11 11:30:00,52.25,52.33,52.25,52.33,0.15,8.8,475.6,1
2019-12-11,2019-12-11 11:40:00,52.33,52.42,52.33,52.42,0.17,8.8,475.6,1
2019-12-11,2019-12-11 11:50:00,52.42,52.5,52.42,52.5,0.15,8.8,475.6,1
2019-12-11,2019-12-11 12:00:00,52.5,52.58,52.5,52.58,0.15,8.8,475.6,1
2019-12-11,2019-12-11 12:10:00,52.58,52.67,52.58,52.67,0.17,8.8,475.6,1
2019-12-11,2019-12-11 12:20:00,52.67,52.75,52.67,52.75,0.15,8.8,475.6,1
2019-12-11,2019-12-11 12:30:00,52.75,52.83,52.75,52.83,0.15,8.8,475.6,1
2019-12-11,2019-12-11 12:40:00,52.83,52.92,52.83,52.92,0.17,8.8,475.6,1
2019-12-11,2019-12-11 12:50:00,52.92,53.0,52.92,53.0,0.15,8.8,475.6,1
2019-12-11,2019-12-11 13:00:00,53.0,55.0,52.0,53.08,0.15,8.8,475.6,1
2019-12-11,2019-12-11 13:10:00,53.08,53.17,53.08,53.17,0.17,8.8,475.6,1
2019-12-11,2019-12-11 13:20:00,53.17,53.25,53.17,53.25,0.15,8.8,475.6,1
2019-12-11,2019-12-11 13:30:00,53.25,53.33,53.25,53.33,0.15,8.8,475.6,1
2019-12-11,2019-12-11 13:40:00,53.33,53.42,53.33,53.42,0.17,8.8,475.6,1
2019-12-11,2019-12-11 13:50:00,53.42,53.5,53.42,53.5,0.15,8.8,475.6,1
2019-12-11,2019-12-11 14:00:00,53.5,53.58,53.5,53.58,0.15,8.8,475.6,1
2019-12-11,2019-12-11 14:10:00,53.58,53.67,53.58,53.67,0.17,8.8,475.6,1
2019-12-11,2019-12-11 14:20:00,53.67,53.75,53.67,53.75,0.15,8.8,475.6,1
2019-12-11,2019-12-11 14:30:00,53.75,53.83,53.75,53.83,0.15,8.8,475.6,1
2019-12-11,2019-12-11 14:40:00,53.83,53.92,53.83,53.92,0.17,8.8,475.6,1
2019-12-11,2019-12-11 14:50:00,53.92,54.0,53.92,54.0,0.15,8.8,475.6,1
2019-12-11,2019-12-11 15:00:00,54.0,55.0,52.0,54.0,0.0,8.8,475.6,0
2019-12-12,2019-12-12 11:00:00,53.0,53.9,52.7,53.12,0.23,7.6,411.2,1
2019-12-12,2019-12-12 11:10:00,53.12,53.25,53.12,53.25,0.24,7.6,411.2,1
2019-12-12,2019-12-12 11:20:00,53.25,53.38,53.25,53.38,0.24,7.6,411.2,1
2019-12-12,2019-12-12 11:30:00,53.38,53.5,53.38,53.5,0.22,7.6,411.2,1
2019-12-12,2019-12-12 11:40:00,53.5,53.62,53.5,53.62,0.22,7.6,411.2,1
2019-12-12,2019-12-12 11:50:00,53.62,53.75,53.62,53.75,0.24,7.6,411.2,1
2019-12-12,2019-12-12 12:00:00,53.75,53.88,53.75,53.88,0.24,7.6,411.2,1
2019-12-12,2019-12-12 12:10:00,53.88,54.0,53.88,54.0,0.22,7.6,411.2,1
2019-12-12,2019-12-12 12:20:00,54.0,54.12,54.0,54.12,0.22,7.6,411.2,1
2019-12-12,2019-12-12 12:30:00,54.12,54.25,54.12,54.25,0.24,7.6,411.2,1
2019-12-12,2019-12-12 12:40:00,54.25,54.38,54.25,54.38,0.24,7.6,411.2,1
2019-12-12,2019-12-12 12:50:00,54.38,54.5,54.38,54.5,0.22,7.6,411.2,1
2019-12-12,2019-12-12 13:00:00,54.5,56.0,52.0,54.62,0.22,7.6,411.2,1
2019-12-12,2019-12-12 13:10:00,54.62,54.75,54.62,54.75,0.24,7.6,411.2,1
2019-12-12,2019-12-12 13:20:00,54.75,54.88,54.75,54.88,0.24,7.6,411.2,1
2019-12-12,2019-12-12 13:30:00,54.88,55.0,54.88,55.0,0.22,7.6,411.2,1
2019-12-12,2019-12-12 13:40:00,55.0,55.12,55.0,55.12,0.22,7.6,411.2,1
2019-12-12,2019-12-12 13:50:00,55.12,55.25,55.12,55.25,0.24,7.6,411.2,1
2019-12-12,2019-12-12 14:00:00,55.25,55.38,55.25,55.38,0.24,7.6,411.2,1
2019-12-12,2019-12-12 14:10:00,55.38,55.5,55.38,55.5,0.22,7.6,411.2,1
2019-12-12,2019-12-12 14:20:00,55.5,55.62,55.5,55.62,0.22,7.6,411.2,1
2019-12-12,2019-12-12 14:30:00,55.62,55.75,55.62,55.75,0.23,7.6,411.2,1
2019-12-12,2019-12-12 14:40:00,55.75,55.88,55.75,55.88,0.23,7.6,411.2,1
2019-12-12,2019-12-12 14:50:00,55.88,56.0,55.88,56.0,0.21,7.6,411.2,1
2019-12-12,2019-12-12 15:00:00,56.0,56.0,52.0,56.0,0.0,7.6,411.2,0
2019-12-15,2019-12-15 11:00:00,55.0,55.9,55.0,55.12,0.22,13.2,754.8,1
2019-12-15,2019-12-15 11:10:00,55.12,55.25,55.12,55.25,0.24,13.2,754.8,1
2019-12-15,2019-12-15 11:20:00,55.25,55.38,55.25,55.38,0.24,13.2,754.8,1
2019-12-15,2019-12-15 11:30:00,55.38,55.5,55.38,55.5,0.22,13.2,754.8,1
2019-12-15,2019-12-15 11:40:00,55.5,55.62,55.5,55.62,0.22,13.2,754.8,1
2019-12-15,2019-12-15 11:50:00,55.62,55.75,55.62,55.75,0.23,13.2,754.8,1
2019-12-15,2019-12-15 12:00:00,55.75,55.88,55.75,55.88,0.23,13.2,754.8,1
2019-12-15,2019-12-15 12:10:00,55.88,56.0,55.88,56.0,0.21,13.2,754.8,1
2019-12-15,2019-12-15 12:20:00,56.0,56.12,56.0,56.12,0.21,13.2,754.8,1
2019-12-15,2019-12-15 12:30:00,56.12,56.25,56.12,56.25,0.23,13.2,754.8,1
2019-12-15,2019-12-15 12:40:00,56.25,56.38,56.25,56.38,0.23,13.2,754.8,1
2019-12-15,2019-12-15 12:50:00,56.38,56.5,56.38,56.5,0.21,13.2,754.8,1
2019-12-15,2019-12-15 13:00:00,56.5,58.0,55.0,56.62,0.21,13.2,754.8,1
2019-12-15,2019-12-15 13:10:00,56.62,56.75,56.62,56.75,0.23,13.2,754.8,1
2019-12-15,2019-12-15 13:20:00,56.75,56.88,56.75,56.88,0.23,13.2,754.8,1
2019-12-15,2019-12-15 13:30:00,56.88,57.0,56.88,57.0,0.21,13.2,754.8,1
2019-12-15,2019-12-15 13:40:00,57.0,57.12,57.0,57.12,0.21,13.2,754.8,1
2019-12-15,2019-12-15 13:50:00,57.12,57.25,57.12,57.25,0.23,13.2,754.8,1
2019-12-15,2019-12-15 14:00:00,57.25,57.38,57.25,57.38,0.23,13.2,754.8,1
2019-12-15,2019-12-15 14:10:00,57.38,57.5,57.38,57.5,0.21,13.2,754.8,1
2019-12-15,2019-12-15 14:20:00,57.5,57.62,57.5,57.62,0.21,13.2,754.8,1
2019-12-15,2019-12-15 14:30:00,57.62,57.75,57.62,57.75,0.23,13.2,754.8,1
2019-12-15,2019-12-15 14:40:00,57.75,57.88,57.75,57.88,0.23,13.2,754.8,1
2019-12-15,2019-12-15 14:50:00,57.88,58.0,57.88,58.0,0.21,13.2,754.8,1
2019-12-15,2019-12-15 15:00:00,58.0,58.0,55.0,58.0,0.0,13.2,754.8,0
2019-12-16,2019-12-16 11:00:00,57.0,57.3,57.0,57.0,0.0,19.2,1095.2,0
2019-12-16,2019-12-16 11:10:00,57.0,57.0,57.0,57.0,0.0,19.2,1095.2,0
2019-12-16,2019-12-16 11:20:00,57.0,57.0,57.0,57.0,0.0,19.2,1095.2,0
2019-12-16,2019-12-16 11:30:00,57.0,57.0,57.0,57.0,0.0,19.2,1095.2,0
2019-12-16,2019-12-16 11:40:00,57.0,57.0,57.0,57.0,0.0,19.2,1095.2,0
2019-12-16,2019-12-16 11:50:00,57.0,57.0,57.0,57.0,0.0,19.2,1095.2,0
2019-12-16,2019-12-16 12:00:00,57.0,57.0,57.0,57.0,0.0,19.2,1095.2,0
2019-12-16,2019-12-16 12:10:00,57.0,57.0,57.0,57.0,0.0,19.2,1095.2,0
2019-12-16,2019-12-16 12:20:00,57.0,57.0,57.0,57.0,0.0,19.2,1095.2,0
2019-12-16,2019-12-16 12:30:00,57.0,57.0,57.0,57.0,0.0,19.2,1095.2,0
2019-12-16,2019-12-16 12:40:00,57.0,57.0,57.0,57.0,0.0,19.2,1095.2,0
2019-12-16,2019-12-16 12:50:00,57.0,57.0,57.0,57.0,0.0,19.2,1095.2,0
2019-12-16,2019-12-16 13:00:00,57.0,58.0,57.0,57.0,0.0,19.2,1095.2,0
2019-12-16,2019-12-16 13:10:00,57.0,57.0,57.0,57.0,0.0,19.2,1095.2,0
2019-12-16,2019-12-16 13:20:00,57.0,57.0,57.0,57.0,0.0,19.2,1095.2,0
2019-12-16,2019-12-16 13:30:00,57.0,57.0,57.0,57.0,0.0,19.2,1095.2,0
2019-12-16,2019-12-16 13:40:00,57.0,57.0,57.0,57.0,0.0,19.2,1095.2,0
2019-12-16,2019-12-16 13:50:00,57.0,57.0,57.0,57.0,0.0,19.2,1095.2,0
2019-12-16,2019-12-16 14:00:00,57.0,57.0,57.0,57.0,0.0,19.2,1095.2,0
2019-12-16,2019-12-16 14:10:00,57.0,57.0,57.0,57.0,0.0,19.2,1095.2,0
2019-12-16,2019-12-16 14:20:00,57.0,57.0,57.0,57.0,0.0,19.2,1095.2,0
2019-12-16,2019-12-16 14:30:00,57.0,57.0,57.0,57.0,0.0,19.2,1095.2,0
2019-12-16,2019-12-16 14:40:00,57.0,57.0,57.0,57.0,0.0,19.2,1095.2,0
2019-12-16,2019-12-16 14:50:00,57.0,57.0,57.0,57.0,0.0,19.2,1095.2,0
2019-12-16,2019-12-16 15:00:00,57.0,58.0,57.0,57.0,0.0,19.2,1095.2,0
2019-12-17,2019-12-17 11:00:00,56.0,56.0,55.7,55.96,-0.07,2.0,110.4,-1
2019-12-17,2019-12-17 11:10:00,55.96,55.96,55.92,55.92,-0.07,2.0,110.4,-1
2019-12-17,2019-12-17 11:20:00,55.92,55.92,55.88,55.88,-0.07,2.0,110.4,-1
2019-12-17,2019-12-17 11:30:00,55.88,55.88,55.83,55.83,-0.09,2.0,110.4,-1
2019-12-17,2019-12-17 11:40:00,55.83,55.83,55.79,55.79,-0.07,2.0,110.4,-1
2019-12-17,2019-12-17 11:50:00,55.79,55.79,55.75,55.75,-0.07,2.0,110.4,-1
2019-12-17,2019-12-17 12:00:00,55.75,55.75,55.71,55.71,-0.07,2.0,110.4,-1
2019-12-17,2019-12-17 12:10:00,55.71,55.71,55.67,55.67,-0.07,2.0,110.4,-1
2019-12-17,2019-12-17 12:20:00,55.67,55.67,55.62,55.62,-0.09,2.0,110.4,-1
2019-12-17,2019-12-17 12:30:00,55.62,55.62,55.58,55.58,-0.07,2.0,110.4,-1
2019-12-17,2019-12-17 12:40:00,55.58,55.58,55.54,55.54,-0.07,2.0,110.4,-1
2019-12-17,2019-12-17 12:50:00,55.54,55.54,55.5,55.5,-0.07,2.0,110.4,-1
2019-12-17,2019-12-17 13:00:00,55.5,56.0,55.0,55.46,-0.07,2.0,110.4,-1
2019-12-17,2019-12-17 13:10:00,55.46,55.46,55.42,55.42,-0.07,2.0,110.4,-1
2019-12-17,2019-12-17 13:20:00,55.42,55.42,55.38,55.38,-0.07,2.0,110.4,-1
2019-12-17,2019-12-17 13:30:00,55.38,55.38,55.33,55.33,-0.09,2.0,110.4,-1
2019-12-17,2019-12-17 13:40:00,55.33,55.33,55.29,55.29,-0.07,2.0,110.4,-1
2019-12-17,2019-12-17 13:50:00,55.29,55.29,55.25,55.25,-0.07,2.0,110.4,-1
2019-12-17,2019-12-17 14:00:00,55.25,55.25,55.21,55.21,-0.07,2.0,110.4,-1
2019-12-17,2019-12-17 14:10:00,55.21,55.21,55.17,55.17,-0.07,2.0,110.4,-1
2019-12-17,2019-12-17 14:20:00,55.17,55.17,55.12,55.12,-0.09,2.0,110.4,-1
2019-12-17,2019-12-17 14:30:00,55.12,55.12,55.08,55.08,-0.07,2.0,110.4,-1
2019-12-17,2019-12-17 14:40:00,55.08,55.08,55.04,55.04,-0.07,2.0,110.4,-1
2019-12-17,2019-12-17 14:50:00,55.04,55.04,55.0,55.0,-0.07,2.0,110.4,-1
2019-12-17,2019-12-17 15:00:00,55.0,56.0,55.0,55.0,0.0,2.0,110.4,0
2019-12-18,2019-12-18 11:00:00,54.0,54.9,54.0,54.12,0.22,4.0,222.8,1
2019-12-18,2019-12-18 11:10:00,54.12,54.25,54.12,54.25,0.24,4.0,222.8,1
2019-12-18,2019-12-18 11:20:00,54.25,54.38,54.25,54.38,0.24,4.0,222.8,1
2019-12-18,2019-12-18 11:30:00,54.38,54.5,54.38,54.5,0.22,4.0,222.8,1
2019-12-18,2019-12-18 11:40:00,54.5,54.62,54.5,54.62,0.22,4.0,222.8,1
2019-12-18,2019-12-18 11:50:00,54.62,54.75,54.62,54.75,0.24,4.0,222.8,1
2019-12-18,2019-12-18 12:00:00,54.75,54.88,54.75,54.88,0.24,4.0,222.8,1
2019-12-18,2019-12-18 12:10:00,54.88,55.0,54.88,55.0,0.22,4.0,222.8,1
2019-12-18,2019-12-18 12:20:00,55.0,55.12,55.0,55.12,0.22,4.0,222.8,1
2019-12-18,2019-12-18 12:30:00,55.12,55.25,55.12,55.25,0.24,4.0,222.8,1
2019-12-18,2019-12-18 12:40:00,55.25,55.38,55.25,55.38,0.24,4.0,222.8,1
2019-12-18,2019-12-18 12:50:00,55.38,55.5,55.38,55.5,0.22,4.0,222.8,1
2019-12-18,2019-12-18 13:00:00,55.5,57.0,54.0,55.62,0.22,4.0,222.8,1
2019-12-18,2019-12-18 13:10:00,55.62,55.75,55.62,55.75,0.23,4.0,222.8,1
2019-12-18,2019-12-18 13:20:00,55.75,55.88,55.75,55.88,0.23,4.0,222.8,1
2019-12-18,2019-12-18 13:30:00,55.88,56.0,55.88,56.0,0.21,4.0,222.8,1
2019-12-18,2019-12-18 13:40:00,56.0,56.12,56.0,56.12,0.21,4.0,222.8,1
2019-12-18,2019-12-18 13:50:00,56.12,56.25,56.12,56.25,0.23,4.0,222.8,1
2019-12-18,2019-12-18 14:00:00,56.25,56.38,56.25,56.38,0.23,4.0,222.8,1
2019-12-18,2019-12-18 14:10:00,56.38,56.5,56.38,56.5,0.21,4.0,222.8,1
2019-12-18,2019-12-18 14:20:00,56.5,56.62,56.5,56.62,0.21,4.0,222.8,1
2019-12-18,2019-12-18 14:30:00,56.62,56.75,56.62,56.75,0.23,4.0,222.8,1
2019-12-18,2019-12-18 14:40:00,56.75,56.88,56.75,56.88,0.23,4.0,222.8,1
2019-12-18,2019-12-18 14:50:00,56.88,57.0,56.88,57.0,0.21,4.0,222.8,1
2019-12-18,2019-12-18 15:00:00,57.0,57.0,54.0,57.0,0.0,4.0,222.8,0
2019-12-19,2019-12-19 11:00:00,58.0,58.3,57.7,58.04,0.07,5.6,325.6,1
2019-12-19,2019-12-19 11:10:00,58.04,58.08,58.04,58.08,0.07,5.6,325.6,1
2019-12-19,2019-12-19 11:20:00,58.08,58.12,58.08,58.12,0.07,5.6,325.6,1
2019-12-19,2019-12-19 11:30:00,58.12,58.17,58.12,58.17,0.09,5.6,325.6,1
2019-12-19,2019-12-19 11:40:00,58.17,58.21,58.17,58.21,0.07,5.6,325.6,1
2019-12-19,2019-12-19 11:50:00,58.21,58.25,58.21,58.25,0.07,5.6,325.6,1
2019-12-19,2019-12-19 12:00:00,58.25,58.29,58.25,58.29,0.07,5.6,325.6,1
2019-12-19,2019-12-19 12:10:00,58.29,58.33,58.29,58.33,0.07,5.6,325.6,1
2019-12-19,2019-12-19 12:20:00,58.33,58.38,58.33,58.38,0.09,5.6,325.6,1
2019-12-19,2019-12-19 12:30:00,58.38,58.42,58.38,58.42,0.07,5.6,325.6,1
2019-12-19,2019-12-19 12:40:00,58.42,58.46,58.42,58.46,0.07,5.6,325.6,1
2019-12-19,2019-12-19 12:50:00,58.46,58.5,58.46,58.5,0.07,5.6,325.6,1
2019-12-19,2019-12-19 13:00:00,58.5,59.0,57.0,58.54,0.07,5.6,325.6,1
2019-12-19,2019-12-19 13:10:00,58.54,58.58,58.54,58.58,0.07,5.6,325.6,1
2019-12-19,2019-12-19 13:20:00,58.58,58.62,58.58,58.62,0.07,5.6,325.6,1
2019-12-19,2019-12-19 13:30:00,58.62,58.67,58.62,58.67,0.09,5.6,325.6,1
2019-12-19,2019-12-19 13:40:00,58.67,58.71,58.67,58.71,0.07,5.6,325.6,1
2019-12-19,2019-12-19 13:50:00,58.71,58.75,58.71,58.75,0.07,5.6,325.6,1
2019-12-19,2019-12-19 14:00:00,58.75,58.79,58.75,58.79,0.07,5.6,325.6,1
2019-12-19,2019-12-19 14:10:00,58.79,58.83,58.79,58.83,0.07,5.6,325.6,1
2019-12-19,2019-12-19 14:20:00,58.83,58.88,58.83,58.88,0.08,5.6,325.6,1
2019-12-19,2019-12-19 14:30:00,58.88,58.92,58.88,58.92,0.07,5.6,325.6,1
2019-12-19,2019-12-19 14:40:00,58.92,58.96,58.92,58.96,0.07,5.6,325.6,1
2019-12-19,2019-12-19 14:50:00,58.96,59.0,58.96,59.0,0.07,5.6,325.6,1
2019-12-19,2019-12-19 15:00:00,59.0,59.0,57.0,59.0,0.0,5.6,325.6,0
2019-12-22,2019-12-22 11:00:00,59.0,59.3,58.7,59.04,0.07,78.0,4654.8,1
2019-12-22,2019-12-22 11:10:00,59.04,59.08,59.04,59.08,0.07,78.0,4654.8,1
2019-12-22,2019-12-22 11:20:00,59.08,59.12,59.08,59.12,0.07,78.0,4654.8,1
2019-12-22,2019-12-22 11:30:00,59.12,59.17,59.12,59.17,0.08,78.0,4654.8,1
2019-12-22,2019-12-22 11:40:00,59.17,59.21,59.17,59.21,0.07,78.0,4654.8,1
2019-12-22,2019-12-22 11:50:00,59.21,59.25,59.21,59.25,0.07,78.0,4654.8,1
2019-12-22,2019-12-22 12:00:00,59.25,59.29,59.25,59.29,0.07,78.0,4654.8,1
2019-12-22,2019-12-22 12:10:00,59.29,59.33,59.29,59.33,0.07,78.0,4654.8,1
2019-12-22,2019-12-22 12:20:00,59.33,59.38,59.33,59.38,0.08,78.0,4654.8,1
2019-12-22,2019-12-22 12:30:00,59.38,59.42,59.38,59.42,0.07,78.0,4654.8,1
2019-12-22,2019-12-22 12:40:00,59.42,59.46,59.42,59.46,0.07,78.0,4654.8,1
2019-12-22,2019-12-22 12:50:00,59.46,59.5,59.46,59.5,0.07,78.0,4654.8,1
2019-12-22,2019-12-22 13:00:00,59.5,60.0,58.0,59.54,0.07,78.0,4654.8,1
2019-12-22,2019-12-22 13:10:00,59.54,59.58,59.54,59.58,0.07,78.0,4654.8,1
2019-12-22,2019-12-22 13:20:00,59.58,59.62,59.58,59.62,0.07,78.0,4654.8,1
2019-12-22,2019-12-22 13:30:00,59.62,59.67,59.62,59.67,0.08,78.0,4654.8,1
2019-12-22,2019-12-22 13:40:00,59.67,59.71,59.67,59.71,0.07,78.0,4654.8,1
2019-12-22,2019-12-22 13:50:00,59.71,59.75,59.71,59.75,0.07,78.0,4654.8,1
2019-12-22,2019-12-22 14:00:00,59.75,59.79,59.75,59.79,0.07,78.0,4654.8,1
2019-12-22,2019-12-22 14:10:00,59.79,59.83,59.79,59.83,0.07,78.0,4654.8,1
2019-12-22,2019-12-22 14:20:00,59.83,59.88,59.83,59.88,0.08,78.0,4654.8,1
2019-12-22,2019-12-22 14:30:00,59.88,59.92,59.88,59.92,0.07,78.0,4654.8,1
2019-12-22,2019-12-22 14:40:00,59.92,59.96,59.92,59.96,0.07,78.0,4654.8,1
2019-12-22,2019-12-22 14:50:00,59.96,60.0,59.96,60.0,0.07,78.0,4654.8,1
2019-12-22,2019-12-22 15:00:00,60.0,60.0,58.0,60.0,0.0,78.0,4654.8,0
2019-12-23,2019-12-23 11:00:00,61.0,61.0,60.7,60.96,-0.07,9.6,582.4,-1
2019-12-23,2019-12-23 11:10:00,60.96,60.96,60.92,60.92,-0.07,9.6,582.4,-1
2019-12-23,2019-12-23 11:20:00,60.92,60.92,60.88,60.88,-0.07,9.6,582.4,-1
2019-12-23,2019-12-23 11:30:00,60.88,60.88,60.83,60.83,-0.08,9.6,582.4,-1
2019-12-23,2019-12-23 11:40:00,60.83,60.83,60.79,60.79,-0.07,9.6,582.4,-1
2019-12-23,2019-12-23 11:50:00,60.79,60.79,60.75,60.75,-0.07,9.6,582.4,-1
2019-12-23,2019-12-23 12:00:00,60.75,60.75,60.71,60.71,-0.07,9.6,582.4,-1
2019-12-23,2019-12-23 12:10:00,60.71,60.71,60.67,60.67,-0.07,9.6,582.4,-1
2019-12-23,2019-12-23 12:20:00,60.67,60.67,60.62,60.62,-0.08,9.6,582.4,-1
2019-12-23,2019-12-23 12:30:00,60.62,60.62,60.58,60.58,-0.07,9.6,582.4,-1
2019-12-23,2019-12-23 12:40:00,60.58,60.58,60.54,60.54,-0.07,9.6,582.4,-1
2019-12-23,2019-12-23 12:50:00,60.54,60.54,60.5,60.5,-0.07,9.6,582.4,-1
2019-12-23,2019-12-23 13:00:00,60.5,61.0,60.0,60.46,-0.07,9.6,582.4,-1
2019-12-23,2019-12-23 13:10:00,60.46,60.46,60.42,60.42,-0.07,9.6,582.4,-1
2019-12-23,2019-12-23 13:20:00,60.42,60.42,60.38,60.38,-0.07,9.6,582.4,-1
2019-12-23,2019-12-23 13:30:00,60.38,60.38,60.33,60.33,-0.08,9.6,582.4,-1
2019-12-23,2019-12-23 13:40:00,60.33,60.33,60.29,60.29,-0.07,9.6,582.4,-1
2019-12-23,2019-12-23 13:50:00,60.29,60.29,60.25,60.25,-0.07,9.6,582.4,-1
2019-12-23,2019-12-23 14:00:00,60.25,60.25,60.21,60.21,-0.07,9.6,582.4,-1
2019-12-23,2019-12-23 14:10:00,60.21,60.21,60.17,60.17,-0.07,9.6,582.4,-1
2019-12-23,2019-12-23 14:20:00,60.17,60.17,60.12,60.12,-0.08,9.6,582.4,-1
2019-12-23,2019-12-23 14:30:00,60.12,60.12,60.08,60.08,-0.07,9.6,582.4,-1
2019-12-23,2019-12-23 14:40:00,60.08,60.08,60.04,60.04,-0.07,9.6,582.4,-1
2019-12-23,2019-12-23 14:50:00,60.04,60.04,60.0,60.0,-0.07,9.6,582.4,-1
2019-12-23,2019-12-23 15:00:00,60.0,61.0,60.0,60.0,0.0,9.6,582.4,0
2019-12-24,2019-12-24 11:00:00,61.0,62.2,60.7,61.17,0.28,82.4,5166.4,1
2019-12-24,2019-12-24 11:10:00,61.17,61.33,61.17,61.33,0.26,82.4,5166.4,1
2019-12-24,2019-12-24 11:20:00,61.33,61.5,61.33,61.5,0.28,82.4,5166.4,1
2019-12-24,2019-12-24 11:30:00,61.5,61.67,61.5,61.67,0.28,82.4,5166.4,1
2019-12-24,2019-12-24 11:40:00,61.67,61.83,61.67,61.83,0.26,82.4,5166.4,1
2019-12-24,2019-12-24 11:50:00,61.83,62.0,61.83,62.0,0.27,82.4,5166.4,1
2019-12-24,2019-12-24 12:00:00,62.0,62.17,62.0,62.17,0.27,82.4,5166.4,1
2019-12-24,2019-12-24 12:10:00,62.17,62.33,62.17,62.33,0.26,82.4,5166.4,1
2019-12-24,2019-12-24 12:20:00,62.33,62.5,62.33,62.5,0.27,82.4,5166.4,1
2019-12-24,2019-12-24 12:30:00,62.5,62.67,62.5,62.67,0.27,82.4,5166.4,1
2019-12-24,2019-12-24 12:40:00,62.67,62.83,62.67,62.83,0.26,82.4,5166.4,1
2019-12-24,2019-12-24 12:50:00,62.83,63.0,62.83,63.0,0.27,82.4,5166.4,1
2019-12-24,2019-12-24 13:00:00,63.0,65.0,60.0,63.17,0.27,82.4,5166.4,1
2019-12-24,2019-12-24 13:10:00,63.17,63.33,63.17,63.33,0.25,82.4,5166.4,1
2019-12-24,2019-12-24 13:20:00,63.33,63.5,63.33,63.5,0.27,82.4,5166.4,1
2019-12-24,2019-12-24 13:30:00,63.5,63.67,63.5,63.67,0.27,82.4,5166.4,1
2019-12-24,2019-12-24 13:40:00,63.67,63.83,63.67,63.83,0.25,82.4,5166.4,1
2019-12-24,2019-12-24 13:50:00,63.83,64.0,63.83,64.0,0.27,82.4,5166.4,1
2019-12-24,2019-12-24 14:00:00,64.0,64.17,64.0,64.17,0.27,82.4,5166.4,1
2019-12-24,2019-12-24 14:10:00,64.17,64.33,64.17,64.33,0.25,82.4,5166.4,1
2019-12-24,2019-12-24 14:20:00,64.33,64.5,64.33,64.5,0.26,82.4,5166.4,1
2019-12-24,2019-12-24 14:30:00,64.5,64.67,64.5,64.67,0.26,82.4,5166.4,1
2019-12-24,2019-12-24 14:40:00,64.67,64.83,64.67,64.83,0.25,82.4,5166.4,1
2019-12-24,2019-12-24 14:50:00,64.83,65.0,64.83,65.0,0.26,82.4,5166.4,1
2019-12-24,2019-12-24 15:00:00,65.0,65.0,60.0,65.0,0.0,82.4,5166.4,0
2019-12-25,2019-12-25 11:00:00,64.0,64.0,63.7,63.96,-0.06,3.6,230.0,-1
2019-12-25,2019-12-25 11:10:00,63.96,63.96,63.92,63.92,-0.06,3.6,230.0,-1
2019-12-25,2019-12-25 11:20:00,63.92,63.92,63.88,63.88,-0.06,3.6,230.0,-1
2019-12-25,2019-12-25 11:30:00,63.88,63.88,63.83,63.83,-0.08,3.6,230.0,-1
2019-12-25,2019-12-25 11:40:00,63.83,63.83,63.79,63.79,-0.06,3.6,230.0,-1
2019-12-25,2019-12-25 11:50:00,63.79,63.79,63.75,63.75,-0.06,3.6,230.0,-1
2019-12-25,2019-12-25 12:00:00,63.75,63.75,63.71,63.71,-0.06,3.6,230.0,-1
2019-12-25,2019-12-25 12:10:00,63.71,63.71,63.67,63.67,-0.06,3.6,230.0,-1
2019-12-25,2019-12-25 12:20:00,63.67,63.67,63.62,63.62,-0.08,3.6,230.0,-1
2019-12-25,2019-12-25 12:30:00,63.62,63.62,63.58,63.58,-0.06,3.6,230.0,-1
2019-12-25,2019-12-25 12:40:00,63.58,63.58,63.54,63.54,-0.06,3.6,230.0,-1
2019-12-25,2019-12-25 12:50:00,63.54,63.54,63.5,63.5,-0.06,3.6,230.0,-1
2019-12-25,2019-12-25 13:00:00,63.5,64.0,63.0,63.46,-0.06,3.6,230.0,-1
2019-12-25,2019-12-25 13:10:00,63.46,63.46,63.42,63.42,-0.06,3.6,230.0,-1
2019-12-25,2019-12-25 13:20:00,63.42,63.42,63.38,63.38,-0.06,3.6,230.0,-1
2019-12-25,2019-12-25 13:30:00,63.38,63.38,63.33,63.33,-0.08,3.6,230.0,-1
2019-12-25,2019-12-25 13:40:00,63.33,63.33,63.29,63.29,-0.06,3.6,230.0,-1
2019-12-25,2019-12-25 13:50:00,63.29,63.29,63.25,63.25,-0.06,3.6,230.0,-1
2019-12-25,2019-12-25 14:00:00,63.25,63.25,63.21,63.21,-0.06,3.6,230.0,-1
2019-12-25,2019-12-25 14:10:00,63.21,63.21,63.17,63.17,-0.06,3.6,230.0,-1
2019-12-25,2019-12-25 14:20:00,63.17,63.17,63.12,63.12,-0.08,3.6,230.0,-1
2019-12-25,2019-12-25 14:30:00,63.12,63.12,63.08,63.08,-0.06,3.6,230.0,-1
2019-12-25,2019-12-25 14:40:00,63.08,63.08,63.04,63.04,-0.06,3.6,230.0,-1
2019-12-25,2019-12-25 14:50:00,63.04,63.04,63.0,63.0,-0.06,3.6,230.0,-1
2019-12-25,2019-12-25 15:00:00,63.0,64.0,63.0,63.0,0.0,3.6,230.0,0
2019-12-26,2019-12-26 11:00:00,63.0,63.0,62.4,62.96,-0.06,27.6,1706.0,-1
2019-12-26,2019-12-26 11:10:00,62.96,62.96,62.92,62.92,-0.06,27.6,1706.0,-1
2019-12-26,2019-12-26 11:20:00,62.92,62.92,62.88,62.88,-0.06,27.6,1706.0,-1
2019-12-26,2019-12-26 11:30:00,62.88,62.88,62.83,62.83,-0.08,27.6,1706.0,-1
2019-12-26,2019-12-26 11:40:00,62.83,62.83,62.79,62.79,-0.06,27.6,1706.0,-1
2019-12-26,2019-12-26 11:50:00,62.79,62.79,62.75,62.75,-0.06,27.6,1706.0,-1
2019-12-26,2019-12-26 12:00:00,62.75,62.75,62.71,62.71,-0.06,27.6,1706.0,-1
2019-12-26,2019-12-26 12:10:00,62.71,62.71,62.67,62.67,-0.06,27.6,1706.0,-1
2019-12-26,2019-12-26 12:20:00,62.67,62.67,62.62,62.62,-0.08,27.6,1706.0,-1
2019-12-26,2019-12-26 12:30:00,62.62,62.62,62.58,62.58,-0.06,27.6,1706.0,-1
2019-12-26,2019-12-26 12:40:00,62.58,62.58,62.54,62.54,-0.06,27.6,1706.0,-1
2019-12-26,2019-12-26 12:50:00,62.54,62.54,62.5,62.5,-0.06,27.6,1706.0,-1
2019-12-26,2019-12-26 13:00:00,62.5,63.0,61.0,62.46,-0.06,27.6,1706.0,-1
2019-12-26,2019-12-26 13:10:00,62.46,62.46,62.42,62.42,-0.06,27.6,1706.0,-1
2019-12-26,2019-12-26 13:20:00,62.42,62.42,62.38,62.38,-0.06,27.6,1706.0,-1
2019-12-26,2019-12-26 13:30:00,62.38,62.38,62.33,62.33,-0.08,27.6,1706.0,-1
2019-12-26,2019-12-26 13:40:00,62.33,62.33,62.29,62.29,-0.06,27.6,1706.0,-1
2019-12-26,2019-12-26 13:50:00,62.29,62.29,62.25,62.25,-0.06,27.6,1706.0,-1
2019-12-26,2019-12-26 14:00:00,62.25,62.25,62.21,62.21,-0.06,27.6,1706.0,-1
2019-12-26,2019-12-26 14:10:00,62.21,62.21,62.17,62.17,-0.06,27.6,1706.0,-1
2019-12-26,2019-12-26 14:20:00,62.17,62.17,62.12,62.12,-0.08,27.6,1706.0,-1
2019-12-26,2019-12-26 14:30:00,62.12,62.12,62.08,62.08,-0.06,27.6,1706.0,-1
2019-12-26,2019-12-26 14:40:00,62.08,62.08,62.04,62.04,-0.06,27.6,1706.0,-1
2019-12-26,2019-12-26 14:50:00,62.04,62.04,62.0,62.0,-0.06,27.6,1706.0,-1
2019-12-26,2019-12-26 15:00:00,62.0,63.0,61.0,62.0,0.0,27.6,1706.0,0
2019-12-29,2019-12-29 11:00:00,61.0,61.6,61.0,61.08,0.13,10.4,639.2,1
2019-12-29,2019-12-29 11:10:00,61.08,61.17,61.08,61.17,0.15,10.4,639.2,1
2019-12-29,2019-12-29 11:20:00,61.17,61.25,61.17,61.25,0.13,10.4,639.2,1
2019-12-29,2019-12-29 11:30:00,61.25,61.33,61.25,61.33,0.13,10.4,639.2,1
2019-12-29,2019-12-29 11:40:00,61.33,61.42,61.33,61.42,0.15,10.4,639.2,1
2019-12-29,2019-12-29 11:50:00,61.42,61.5,61.42,61.5,0.13,10.4,639.2,1
2019-12-29,2019-12-29 12:00:00,61.5,61.58,61.5,61.58,0.13,10.4,639.2,1
2019-12-29,2019-12-29 12:10:00,61.58,61.67,61.58,61.67,0.15,10.4,639.2,1
2019-12-29,2019-12-29 12:20:00,61.67,61.75,61.67,61.75,0.13,10.4,639.2,1
2019-12-29,2019-12-29 12:30:00,61.75,61.83,61.75,61.83,0.13,10.4,639.2,1
2019-12-29,2019-12-29 12:40:00,61.83,61.92,61.83,61.92,0.15,10.4,639.2,1
2019-12-29,2019-12-29 12:50:00,61.92,62.0,61.92,62.0,0.13,10.4,639.2,1
2019-12-29,2019-12-29 13:00:00,62.0,63.0,61.0,62.08,0.13,10.4,639.2,1
2019-12-29,2019-12-29 13:10:00,62.08,62.17,62.08,62.17,0.14,10.4,639.2,1
2019-12-29,2019-12-29 13:20:00,62.17,62.25,62.17,62.25,0.13,10.4,639.2,1
2019-12-29,2019-12-29 13:30:00,62.25,62.33,62.25,62.33,0.13,10.4,639.2,1
2019-12-29,2019-12-29 13:40:00,62.33,62.42,62.33,62.42,0.14,10.4,639.2,1
2019-12-29,2019-12-29 13:50:00,62.42,62.5,62.42,62.5,0.13,10.4,639.2,1
2019-12-29,2019-12-29 14:00:00,62.5,62.58,62.5,62.58,0.13,10.4,639.2,1
2019-12-29,2019-12-29 14:10:00,62.58,62.67,62.58,62.67,0.14,10.4,639.2,1
2019-12-29,2019-12-29 14:20:00,62.67,62.75,62.67,62.75,0.13,10.4,639.2,1
2019-12-29,2019-12-29 14:30:00,62.75,62.83,62.75,62.83,0.13,10.4,639.2,1
2019-12-29,2019-12-29 14:40:00,62.83,62.92,62.83,62.92,0.14,10.4,639.2,1
2019-12-29,2019-12-29 14:50:00,62.92,63.0,62.92,63.0,0.13,10.4,639.2,1
2019-12-29,2019-12-29 15:00:00,63.0,63.0,61.0,63.0,0.0,10.4,639.2,0
2019-12-30,2019-12-30 11:00:00,62.0,62.3,61.4,61.92,-0.13,25.4,1569.6,-1
2019-12-30,2019-12-30 11:10:00,61.92,61.92,61.83,61.83,-0.15,25.4,1569.6,-1
2019-12-30,2019-12-30 11:20:00,61.83,61.83,61.75,61.75,-0.13,25.4,1569.6,-1
2019-12-30,2019-12-30 11:30:00,61.75,61.75,61.67,61.67,-0.13,25.4,1569.6,-1
2019-12-30,2019-12-30 11:40:00,61.67,61.67,61.58,61.58,-0.15,25.4,1569.6,-1
2019-12-30,2019-12-30 11:50:00,61.58,61.58,61.5,61.5,-0.13,25.4,1569.6,-1
2019-12-30,2019-12-30 12:00:00,61.5,61.5,61.42,61.42,-0.13,25.4,1569.6,-1
2019-12-30,2019-12-30 12:10:00,61.42,61.42,61.33,61.33,-0.15,25.4,1569.6,-1
2019-12-30,2019-12-30 12:20:00,61.33,61.33,61.25,61.25,-0.13,25.4,1569.6,-1
2019-12-30,2019-12-30 12:30:00,61.25,61.25,61.17,61.17,-0.13,25.4,1569.6,-1
2019-12-30,2019-12-30 12:40:00,61.17,61.17,61.08,61.08,-0.15,25.4,1569.6,-1
2019-12-30,2019-12-30 12:50:00,61.08,61.08,61.0,61.0,-0.13,25.4,1569.6,-1
2019-12-30,2019-12-30 13:00:00,61.0,63.0,60.0,60.92,-0.13,25.4,1569.6,-1
2019-12-30,2019-12-30 13:10:00,60.92,60.92,60.83,60.83,-0.15,25.4,1569.6,-1
2019-12-30,2019-12-30 13:20:00,60.83,60.83,60.75,60.75,-0.13,25.4,1569.6,-1
2019-12-30,2019-12-30 13:30:00,60.75,60.75,60.67,60.67,-0.13,25.4,1569.6,-1
2019-12-30,2019-12-30 13:40:00,60.67,60.67,60.58,60.58,-0.15,25.4,1569.6,-1
2019-12-30,2019-12-30 13:50:00,60.58,60.58,60.5,60.5,-0.13,25.4,1569.6,-1
2019-12-30,2019-12-30 14:00:00,60.5,60.5,60.42,60.42,-0.13,25.4,1569.6,-1
2019-12-30,2019-12-30 14:10:00,60.42,60.42,60.33,60.33,-0.15,25.4,1569.6,-1
2019-12-30,2019-12-30 14:20:00,60.33,60.33,60.25,60.25,-0.13,25.4,1569.6,-1
2019-12-30,2019-12-30 14:30:00,60.25,60.25,60.17,60.17,-0.13,25.4,1569.6,-1
2019-12-30,2019-12-30 14:40:00,60.17,60.17,60.08,60.08,-0.15,25.4,1569.6,-1
2019-12-30,2019-12-30 14:50:00,60.08,60.08,60.0,60.0,-0.13,25.4,1569.6,-1
2019-12-30,2019-12-30 15:00:00,60.0,63.0,60.0,60.0,0.0,25.4,1569.6,0
2019-12-31,2019-12-31 11:00:00,61.0,61.3,60.4,61.0,0.0,18.4,1122.8,0
2019-12-31,2019-12-31 11:10:00,61.0,61.0,61.0,61.0,0.0,18.4,1122.8,0
2019-12-31,2019-12-31 11:20:00,61.0,61.0,61.0,61.0,0.0,18.4,1122.8,0
2019-12-31,2019-12-31 11:30:00,61.0,61.0,61.0,61.0,0.0,18.4,1122.8,0
2019-12-31,2019-12-31 11:40:00,61.0,61.0,61.0,61.0,0.0,18.4,1122.8,0
2019-12-31,2019-12-31 11:50:00,61.0,61.0,61.0,61.0,0.0,18.4,1122.8,0
2019-12-31,2019-12-31 12:00:00,61.0,61.0,61.0,61.0,0.0,18.4,1122.8,0
2019-12-31,2019-12-31 12:10:00,61.0,61.0,61.0,61.0,0.0,18.4,1122.8,0
2019-12-31,2019-12-31 12:20:00,61.0,61.0,61.0,61.0,0.0,18.4,1122.8,0
2019-12-31,2019-12-31 12:30:00,61.0,61.0,61.0,61.0,0.0,18.4,1122.8,0
2019-12-31,2019-12-31 12:40:00,61.0,61.0,61.0,61.0,0.0,18.4,1122.8,0
2019-12-31,2019-12-31 12:50:00,61.0,61.0,61.0,61.0,0.0,18.4,1122.8,0
2019-12-31,2019-12-31 13:00:00,61.0,62.0,59.0,61.0,0.0,18.4,1122.8,0
2019-12-31,2019-12-31 13:10:00,61.0,61.0,61.0,61.0,0.0,18.4,1122.8,0
2019-12-31,2019-12-31 13:20:00,61.0,61.0,61.0,61.0,0.0,18.4,1122.8,0
2019-12-31,2019-12-31 13:30:00,61.0,61.0,61.0,61.0,0.0,18.4,1122.8,0
2019-12-31,2019-12-31 13:40:00,61.0,61.0,61.0,61.0,0.0,18.4,1122.8,0
2019-12-31,2019-12-31 13:50:00,61.0,61.0,61.0,61.0,0.0,18.4,1122.8,0
2019-12-31,2019-12-31 14:00:00,61.0,61.0,61.0,61.0,0.0,18.4,1122.8,0
2019-12-31,2019-12-31 14:10:00,61.0,61.0,61.0,61.0,0.0,18.4,1122.8,0
2019-12-31,2019-12-31 14:20:00,61.0,61.0,61.0,61.0,0.0,18.4,1122.8,0
2019-12-31,2019-12-31 14:30:00,61.0,61.0,61.0,61.0,0.0,18.4,1122.8,0
2019-12-31,2019-12-31 14:40:00,61.0,61.0,61.0,61.0,0.0,18.4,1122.8,0
2019-12-31,2019-12-31 14:50:00,61.0,61.0,61.0,61.0,0.0,18.4,1122.8,0
2019-12-31,2019-12-31 15:00:00,61.0,62.0,59.0,61.0,0.0,18.4,1122.8,0
2020-01-01,2020-01-01 11:00:00,62.0,62.0,61.4,61.92,-0.13,10.4,629.2,-1
2020-01-01,2020-01-01 11:10:00,61.92,61.92,61.83,61.83,-0.15,10.4,629.2,-1
2020-01-01,2020-01-01 11:20:00,61.83,61.83,61.75,61.75,-0.13,10.4,629.2,-1
2020-01-01,2020-01-01 11:30:00,61.75,61.75,61.67,61.67,-0.13,10.4,629.2,-1
2020-01-01,2020-01-01 11:40:00,61.67,61.67,61.58,61.58,-0.15,10.4,629.2,-1
2020-01-01,2020-01-01 11:50:00,61.58,61.58,61.5,61.5,-0.13,10.4,629.2,-1
2020-01-01,2020-01-01 12:00:00,61.5,61.5,61.42,61.42,-0.13,10.4,629.2,-1
2020-01-01,2020-01-01 12:10:00,61.42,61.42,61.33,61.33,-0.15,10.4,629.2,-1
2020-01-01,2020-01-01 12:20:00,61.33,61.33,61.25,61.25,-0.13,10.4,629.2,-1
2020-01-01,2020-01-01 12:30:00,61.25,61.25,61.17,61.17,-0.13,10.4,629.2,-1
2020-01-01,2020-01-01 12:40:00,61.17,61.17,61.08,61.08,-0.15,10.4,629.2,-1
2020-01-01,2020-01-01 12:50:00,61.08,61.08,61.0,61.0,-0.13,10.4,629.2,-1
2020-01-01,2020-01-01 13:00:00,61.0,62.0,60.0,60.92,-0.13,10.4,629.2,-1
2020-01-01,2020-01-01 13:10:00,60.92,60.92,60.83,60.83,-0.15,10.4,629.2,-1
2020-01-01,2020-01-01 13:20:00,60.83,60.83,60.75,60.75,-0.13,10.4,629.2,-1
2020-01-01,2020-01-01 13:30:00,60.75,60.75,60.67,60.67,-0.13,10.4,629.2,-1
2020-01-01,2020-01-01 13:40:00,60.67,60.67,60.58,60.58,-0.15,10.4,629.2,-1
2020-01-01,2020-01-01 13:50:00,60.58,60.58,60.5,60.5,-0.13,10.4,629.2,-1
2020-01-01,2020-01-01 14:00:00,60.5,60.5,60.42,60.42,-0.13,10.4,629.2,-1
2020-01-01,2020-01-01 14:10:00,60.42,60.42,60.33,60.33,-0.15,10.4,629.2,-1
2020-01-01,2020-01-01 14:20:00,60.33,60.33,60.25,60.25,-0.13,10.4,629.2,-1
2020-01-01,2020-01-01 14:30:00,60.25,60.25,60.17,60.17,-0.13,10.4,629.2,-1
2020-01-01,2020-01-01 14:40:00,60.17,60.17,60.08,60.08,-0.15,10.4,629.2,-1
2020-01-01,2020-01-01 14:50:00,60.08,60.08,60.0,60.0,-0.13,10.4,629.2,-1
2020-01-01,2020-01-01 15:00:00,60.0,62.0,60.0,60.0,0.0,10.4,629.2,0
2020-01-02,2020-01-02 11:00:00,61.0,62.5,61.0,61.17,0.28,73.6,4757.6,1
2020-01-02,2020-01-02 11:10:00,61.17,61.33,61.17,61.33,0.26,73.6,4757.6,1
2020-01-02,2020-01-02 11:20:00,61.33,61.5,61.33,61.5,0.28,73.6,4757.6,1
2020-01-02,2020-01-02 11:30:00,61.5,61.67,61.5,61.67,0.28,73.6,4757.6,1
2020-01-02,2020-01-02 11:40:00,61.67,61.83,61.67,61.83,0.26,73.6,4757.6,1
2020-01-02,2020-01-02 11:50:00,61.83,62.0,61.83,62.0,0.27,73.6,4757.6,1
2020-01-02,2020-01-02 12:00:00,62.0,62.17,62.0,62.17,0.27,73.6,4757.6,1
2020-01-02,2020-01-02 12:10:00,62.17,62.33,62.17,62.33,0.26,73.6,4757.6,1
2020-01-02,2020-01-02 12:20:00,62.33,62.5,62.33,62.5,0.27,73.6,4757.6,1
2020-01-02,2020-01-02 12:30:00,62.5,62.67,62.5,62.67,0.27,73.6,4757.6,1
2020-01-02,2020-01-02 12:40:00,62.67,62.83,62.67,62.83,0.26,73.6,4757.6,1
2020-01-02,2020-01-02 12:50:00,62.83,63.0,62.83,63.0,0.27,73.6,4757.6,1
2020-01-02,2020-01-02 13:00:00,63.0,66.0,61.0,63.17,0.27,73.6,4757.6,1
2020-01-02,2020-01-02 13:10:00,63.17,63.33,63.17,63.33,0.25,73.6,4757.6,1
2020-01-02,2020-01-02 13:20:00,63.33,63.5,63.33,63.5,0.27,73.6,4757.6,1
2020-01-02,2020-01-02 13:30:00,63.5,63.67,63.5,63.67,0.27,73.6,4757.6,1
2020-01-02,2020-01-02 13:40:00,63.67,63.83,63.67,63.83,0.25,73.6,4757.6,1
2020-01-02,2020-01-02 13:50:00,63.83,64.0,63.83,64.0,0.27,73.6,4757.6,1
2020-01-02,2020-01-02 14:00:00,64.0,64.17,64.0,64.17,0.27,73.6,4757.6,1
2020-01-02,2020-01-02 14:10:00,64.17,64.33,64.17,64.33,0.25,73.6,4757.6,1
2020-01-02,2020-01-02 14:20:00,64.33,64.5,64.33,64.5,0.26,73.6,4757.6,1
2020-01-02,2020-01-02 14:30:00,64.5,64.67,64.5,64.67,0.26,73.6,4757.6,1
2020-01-02,2020-01-02 14:40:00,64.67,64.83,64.67,64.83,0.25,73.6,4757.6,1
2020-01-02,2020-01-02 14:50:00,64.83,65.0,64.83,65.0,0.26,73.6,4757.6,1
2020-01-02,2020-01-02 15:00:00,65.0,66.0,61.0,65.0,0.0,73.6,4757.6,0
2020-01-05,2020-01-05 11:00:00,65.0,65.0,65.0,65.0,0.0,12.4,806.0,0
2020-01-05,2020-01-05 11:10:00,65.0,65.0,65.0,65.0,0.0,12.4,806.0,0
2020-01-05,2020-01-05 11:20:00,65.0,65.0,65.0,65.0,0.0,12.4,806.0,0
2020-01-05,2020-01-05 11:30:00,65.0,65.0,65.0,65.0,0.0,12.4,806.0,0
2020-01-05,2020-01-05 11:40:00,65.0,65.0,65.0,65.0,0.0,12.4,806.0,0
2020-01-05,2020-01-05 11:50:00,65.0,65.0,65.0,65.0,0.0,12.4,806.0,0
2020-01-05,2020-01-05 12:00:00,65.0,65.0,65.0,65.0,0.0,12.4,806.0,0
2020-01-05,2020-01-05 12:10:00,65.0,65.0,65.0,65.0,0.0,12.4,806.0,0
2020-01-05,2020-01-05 12:20:00,65.0,65.0,65.0,65.0,0.0,12.4,806.0,0
2020-01-05,2020-01-05 12:30:00,65.0,65.0,65.0,65.0,0.0,12.4,806.0,0
2020-01-05,2020-01-05 12:40:00,65.0,65.0,65.0,65.0,0.0,12.4,806.0,0
2020-01-05,2020-01-05 12:50:00,65.0,65.0,65.0,65.0,0.0,12.4,806.0,0
2020-01-05,2020-01-05 13:00:00,65.0,65.0,65.0,65.0,0.0,12.4,806.0,0
2020-01-05,2020-01-05 13:10:00,65.0,65.0,65.0,65.0,0.0,12.4,806.0,0
2020-01-05,2020-01-05 13:20:00,65.0,65.0,65.0,65.0,0.0,12.4,806.0,0
2020-01-05,2020-01-05 13:30:00,65.0,65.0,65.0,65.0,0.0,12.4,806.0,0
2020-01-05,2020-01-05 13:40:00,65.0,65.0,65.0,65.0,0.0,12.4,806.0,0
2020-01-05,2020-01-05 13:50:00,65.0,65.0,65.0,65.0,0.0,12.4,806.0,0
2020-01-05,2020-01-05 14:00:00,65.0,65.0,65.0,65.0,0.0,12.4,806.0,0
2020-01-05,2020-01-05 14:10:00,65.0,65.0,65.0,65.0,0.0,12.4,806.0,0
2020-01-05,2020-01-05 14:20:00,65.0,65.0,65.0,65.0,0.0,12.4,806.0,0
2020-01-05,2020-01-05 14:30:00,65.0,65.0,65.0,65.0,0.0,12.4,806.0,0
2020-01-05,2020-01-05 14:40:00,65.0,65.0,65.0,65.0,0.0,12.4,806.0,0
2020-01-05,2020-01-05 14:50:00,65.0,65.0,65.0,65.0,0.0,12.4,806.0,0
2020-01-05,2020-01-05 15:00:00,65.0,65.0,65.0,65.0,0.0,12.4,806.0,0
2020-01-06,2020-01-06 11:00:00,64.0,64.3,63.4,64.04,0.06,30.0,1920.8,1
2020-01-06,2020-01-06 11:10:00,64.04,64.08,64.04,64.08,0.06,30.0,1920.8,1
2020-01-06,2020-01-06 11:20:00,64.08,64.12,64.08,64.12,0.06,30.0,1920.8,1
2020-01-06,2020-01-06 11:30:00,64.12,64.17,64.12,64.17,0.08,30.0,1920.8,1
2020-01-06,2020-01-06 11:40:00,64.17,64.21,64.17,64.21,0.06,30.0,1920.8,1
2020-01-06,2020-01-06 11:50:00,64.21,64.25,64.21,64.25,0.06,30.0,1920.8,1
2020-01-06,2020-01-06 12:00:00,64.25,64.29,64.25,64.29,0.06,30.0,1920.8,1
2020-01-06,2020-01-06 12:10:00,64.29,64.33,64.29,64.33,0.06,30.0,1920.8,1
2020-01-06,2020-01-06 12:20:00,64.33,64.38,64.33,64.38,0.08,30.0,1920.8,1
2020-01-06,2020-01-06 12:30:00,64.38,64.42,64.38,64.42,0.06,30.0,1920.8,1
2020-01-06,2020-01-06 12:40:00,64.42,64.46,64.42,64.46,0.06,30.0,1920.8,1
2020-01-06,2020-01-06 12:50:00,64.46,64.5,64.46,64.5,0.06,30.0,1920.8,1
2020-01-06,2020-01-06 13:00:00,64.5,65.0,62.0,64.54,0.06,30.0,1920.8,1
2020-01-06,2020-01-06 13:10:00,64.54,64.58,64.54,64.58,0.06,30.0,1920.8,1
2020-01-06,2020-01-06 13:20:00,64.58,64.62,64.58,64.62,0.06,30.0,1920.8,1
2020-01-06,2020-01-06 13:30:00,64.62,64.67,64.62,64.67,0.08,30.0,1920.8,1
2020-01-06,2020-01-06 13:40:00,64.67,64.71,64.67,64.71,0.06,30.0,1920.8,1
2020-01-06,2020-01-06 13:50:00,64.71,64.75,64.71,64.75,0.06,30.0,1920.8,1
2020-01-06,2020-01-06 14:00:00,64.75,64.79,64.75,64.79,0.06,30.0,1920.8,1
2020-01-06,2020-01-06 14:10:00,64.79,64.83,64.79,64.83,0.06,30.0,1920.8,1
2020-01-06,2020-01-06 14:20:00,64.83,64.88,64.83,64.88,0.08,30.0,1920.8,1
2020-01-06,2020-01-06 14:30:00,64.88,64.92,64.88,64.92,0.06,30.0,1920.8,1
2020-01-06,2020-01-06 14:40:00,64.92,64.96,64.92,64.96,0.06,30.0,1920.8,1
2020-01-06,2020-01-06 14:50:00,64.96,65.0,64.96,65.0,0.06,30.0,1920.8,1
2020-01-06,2020-01-06 15:00:00,65.0,65.0,62.0,65.0,0.0,30.0,1920.8,0
2020-01-07,2020-01-07 11:00:00,66.0,66.3,65.4,66.04,0.06,20.4,1332.8,1
2020-01-07,2020-01-07 11:10:00,66.04,66.08,66.04,66.08,0.06,20.4,1332.8,1
2020-01-07,2020-01-07 11:20:00,66.08,66.12,66.08,66.12,0.06,20.4,1332.8,1
2020-01-07,2020-01-07 11:30:00,66.12,66.17,66.12,66.17,0.08,20.4,1332.8,1
2020-01-07,2020-01-07 11:40:00,66.17,66.21,66.17,66.21,0.06,20.4,1332.8,1
2020-01-07,2020-01-07 11:50:00,66.21,66.25,66.21,66.25,0.06,20.4,1332.8,1
2020-01-07,2020-01-07 12:00:00,66.25,66.29,66.25,66.29,0.06,20.4,1332.8,1
2020-01-07,2020-01-07 12:10:00,66.29,66.33,66.29,66.33,0.06,20.4,1332.8,1
2020-01-07,2020-01-07 12:20:00,66.33,66.38,66.33,66.38,0.08,20.4,1332.8,1
2020-01-07,2020-01-07 12:30:00,66.38,66.42,66.38,66.42,0.06,20.4,1332.8,1
2020-01-07,2020-01-07 12:40:00,66.42,66.46,66.42,66.46,0.06,20.4,1332.8,1
2020-01-07,2020-01-07 12:50:00,66.46,66.5,66.46,66.5,0.06,20.4,1332.8,1
2020-01-07,2020-01-07 13:00:00,66.5,67.0,64.0,66.54,0.06,20.4,1332.8,1
2020-01-07,2020-01-07 13:10:00,66.54,66.58,66.54,66.58,0.06,20.4,1332.8,1
2020-01-07,2020-01-07 13:20:00,66.58,66.62,66.58,66.62,0.06,20.4,1332.8,1
2020-01-07,2020-01-07 13:30:00,66.62,66.67,66.62,66.67,0.08,20.4,1332.8,1
2020-01-07,2020-01-07 13:40:00,66.67,66.71,66.67,66.71,0.06,20.4,1332.8,1
2020-01-07,2020-01-07 13:50:00,66.71,66.75,66.71,66.75,0.06,20.4,1332.8,1
2020-01-07,2020-01-07 14:00:00,66.75,66.79,66.75,66.79,0.06,20.4,1332.8,1
2020-01-07,2020-01-07 14:10:00,66.79,66.83,66.79,66.83,0.06,20.4,1332.8,1
2020-01-07,2020-01-07 14:20:00,66.83,66.88,66.83,66.88,0.07,20.4,1332.8,1
2020-01-07,2020-01-07 14:30:00,66.88,66.92,66.88,66.92,0.06,20.4,1332.8,1
2020-01-07,2020-01-07 14:40:00,66.92,66.96,66.92,66.96,0.06,20.4,1332.8,1
2020-01-07,2020-01-07 14:50:00,66.96,67.0,66.96,67.0,0.06,20.4,1332.8,1
2020-01-07,2020-01-07 15:00:00,67.0,67.0,64.0,67.0,0.0,20.4,1332.8,0
2020-01-08,2020-01-08 11:00:00,67.0,67.3,65.8,67.04,0.06,16.4,1078.0,1
2020-01-08,2020-01-08 11:10:00,67.04,67.08,67.04,67.08,0.06,16.4,1078.0,1
2020-01-08,2020-01-08 11:20:00,67.08,67.12,67.08,67.12,0.06,16.4,1078.0,1
2020-01-08,2020-01-08 11:30:00,67.12,67.17,67.12,67.17,0.07,16.4,1078.0,1
2020-01-08,2020-01-08 11:40:00,67.17,67.21,67.17,67.21,0.06,16.4,1078.0,1
2020-01-08,2020-01-08 11:50:00,67.21,67.25,67.21,67.25,0.06,16.4,1078.0,1
2020-01-08,2020-01-08 12:00:00,67.25,67.29,67.25,67.29,0.06,16.4,1078.0,1
2020-01-08,2020-01-08 12:10:00,67.29,67.33,67.29,67.33,0.06,16.4,1078.0,1
2020-01-08,2020-01-08 12:20:00,67.33,67.38,67.33,67.38,0.07,16.4,1078.0,1
2020-01-08,2020-01-08 12:30:00,67.38,67.42,67.38,67.42,0.06,16.4,1078.0,1
2020-01-08,2020-01-08 12:40:00,67.42,67.46,67.42,67.46,0.06,16.4,1078.0,1
2020-01-08,2020-01-08 12:50:00,67.46,67.5,67.46,67.5,0.06,16.4,1078.0,1
2020-01-08,2020-01-08 13:00:00,67.5,68.0,63.0,67.54,0.06,16.4,1078.0,1
2020-01-08,2020-01-08 13:10:00,67.54,67.58,67.54,67.58,0.06,16.4,1078.0,1
2020-01-08,2020-01-08 13:20:00,67.58,67.62,67.58,67.62,0.06,16.4,1078.0,1
2020-01-08,2020-01-08 13:30:00,67.62,67.67,67.62,67.67,0.07,16.4,1078.0,1
2020-01-08,2020-01-08 13:40:00,67.67,67.71,67.67,67.71,0.06,16.4,1078.0,1
2020-01-08,2020-01-08 13:50:00,67.71,67.75,67.71,67.75,0.06,16.4,1078.0,1
2020-01-08,2020-01-08 14:00:00,67.75,67.79,67.75,67.79,0.06,16.4,1078.0,1
2020-01-08,2020-01-08 14:10:00,67.79,67.83,67.79,67.83,0.06,16.4,1078.0,1
2020-01-08,2020-01-08 14:20:00,67.83,67.88,67.83,67.88,0.07,16.4,1078.0,1
2020-01-08,2020-01-08 14:30:00,67.88,67.92,67.88,67.92,0.06,16.4,1078.0,1
2020-01-08,2020-01-08 14:40:00,67.92,67.96,67.92,67.96,0.06,16.4,1078.0,1
2020-01-08,2020-01-08 14:50:00,67.96,68.0,67.96,68.0,0.06,16.4,1078.0,1
2020-01-08,2020-01-08 15:00:00,68.0,68.0,63.0,68.0,0.0,16.4,1078.0,0
2020-01-12,2020-01-12 11:00:00,67.0,67.6,67.0,67.04,0.06,23.2,1592.8,1
2020-01-12,2020-01-12 11:10:00,67.04,67.08,67.04,67.08,0.06,23.2,1592.8,1
2020-01-12,2020-01-12 11:20:00,67.08,67.12,67.08,67.12,0.06,23.2,1592.8,1
2020-01-12,2020-01-12 11:30:00,67.12,67.17,67.12,67.17,0.07,23.2,1592.8,1
2020-01-12,2020-01-12 11:40:00,67.17,67.21,67.17,67.21,0.06,23.2,1592.8,1
2020-01-12,2020-01-12 11:50:00,67.21,67.25,67.21,67.25,0.06,23.2,1592.8,1
2020-01-12,2020-01-12 12:00:00,67.25,67.29,67.25,67.29,0.06,23.2,1592.8,1
2020-01-12,2020-01-12 12:10:00,67.29,67.33,67.29,67.33,0.06,23.2,1592.8,1
2020-01-12,2020-01-12 12:20:00,67.33,67.38,67.33,67.38,0.07,23.2,1592.8,1
2020-01-12,2020-01-12 12:30:00,67.38,67.42,67.38,67.42,0.06,23.2,1592.8,1
2020-01-12,2020-01-12 12:40:00,67.42,67.46,67.42,67.46,0.06,23.2,1592.8,1
2020-01-12,2020-01-12 12:50:00,67.46,67.5,67.46,67.5,0.06,23.2,1592.8,1
2020-01-12,2020-01-12 13:00:00,67.5,69.0,67.0,67.54,0.06,23.2,1592.8,1
2020-01-12,2020-01-12 13:10:00,67.54,67.58,67.54,67.58,0.06,23.2,1592.8,1
2020-01-12,2020-01-12 13:20:00,67.58,67.62,67.58,67.62,0.06,23.2,1592.8,1
2020-01-12,2020-01-12 13:30:00,67.62,67.67,67.62,67.67,0.07,23.2,1592.8,1
2020-01-12,2020-01-12 13:40:00,67.67,67.71,67.67,67.71,0.06,23.2,1592.8,1
2020-01-12,2020-01-12 13:50:00,67.71,67.75,67.71,67.75,0.06,23.2,1592.8,1
2020-01-12,2020-01-12 14:00:00,67.75,67.79,67.75,67.79,0.06,23.2,1592.8,1
2020-01-12,2020-01-12 14:10:00,67.79,67.83,67.79,67.83,0.06,23.2,1592.8,1
2020-01-12,2020-01-12 14:20:00,67.83,67.88,67.83,67.88,0.07,23.2,1592.8,1
2020-01-12,2020-01-12 14:30:00,67.88,67.92,67.88,67.92,0.06,23.2,1592.8,1
2020-01-12,2020-01-12 14:40:00,67.92,67.96,67.92,67.96,0.06,23.2,1592.8,1
2020-01-12,2020-01-12 14:50:00,67.96,68.0,67.96,68.0,0.06,23.2,1592.8,1
2020-01-12,2020-01-12 15:00:00,68.0,69.0,67.0,68.0,0.0,23.2,1592.8,0
2020-01-13,2020-01-13 11:00:00,67.0,67.3,66.4,66.92,-0.12,41.6,2794.8,-1
2020-01-13,2020-01-13 11:10:00,66.92,66.92,66.83,66.83,-0.13,41.6,2794.8,-1
2020-01-13,2020-01-13 11:20:00,66.83,66.83,66.75,66.75,-0.12,41.6,2794.8,-1
2020-01-13,2020-01-13 11:30:00,66.75,66.75,66.67,66.67,-0.12,41.6,2794.8,-1
2020-01-13,2020-01-13 11:40:00,66.67,66.67,66.58,66.58,-0.13,41.6,2794.8,-1
2020-01-13,2020-01-13 11:50:00,66.58,66.58,66.5,66.5,-0.12,41.6,2794.8,-1
2020-01-13,2020-01-13 12:00:00,66.5,66.5,66.42,66.42,-0.12,41.6,2794.8,-1
2020-01-13,2020-01-13 12:10:00,66.42,66.42,66.33,66.33,-0.14,41.6,2794.8,-1
2020-01-13,2020-01-13 12:20:00,66.33,66.33,66.25,66.25,-0.12,41.6,2794.8,-1
2020-01-13,2020-01-13 12:30:00,66.25,66.25,66.17,66.17,-0.12,41.6,2794.8,-1
2020-01-13,2020-01-13 12:40:00,66.17,66.17,66.08,66.08,-0.14,41.6,2794.8,-1
2020-01-13,2020-01-13 12:50:00,66.08,66.08,66.0,66.0,-0.12,41.6,2794.8,-1
2020-01-13,2020-01-13 13:00:00,66.0,68.0,65.0,65.92,-0.12,41.6,2794.8,-1
2020-01-13,2020-01-13 13:10:00,65.92,65.92,65.83,65.83,-0.14,41.6,2794.8,-1
2020-01-13,2020-01-13 13:20:00,65.83,65.83,65.75,65.75,-0.12,41.6,2794.8,-1
2020-01-13,2020-01-13 13:30:00,65.75,65.75,65.67,65.67,-0.12,41.6,2794.8,-1
2020-01-13,2020-01-13 13:40:00,65.67,65.67,65.58,65.58,-0.14,41.6,2794.8,-1
2020-01-13,2020-01-13 13:50:00,65.58,65.58,65.5,65.5,-0.12,41.6,2794.8,-1
2020-01-13,2020-01-13 14:00:00,65.5,65.5,65.42,65.42,-0.12,41.6,2794.8,-1
2020-01-13,2020-01-13 14:10:00,65.42,65.42,65.33,65.33,-0.14,41.6,2794.8,-1
2020-01-13,2020-01-13 14:20:00,65.33,65.33,65.25,65.25,-0.12,41.6,2794.8,-1
2020-01-13,2020-01-13 14:30:00,65.25,65.25,65.17,65.17,-0.12,41.6,2794.8,-1
2020-01-13,2020-01-13 14:40:00,65.17,65.17,65.08,65.08,-0.14,41.6,2794.8,-1
2020-01-13,2020-01-13 14:50:00,65.08,65.08,65.0,65.0,-0.12,41.6,2794.8,-1
2020-01-13,2020-01-13 15:00:00,65.0,68.0,65.0,65.0,0.0,41.6,2794.8,0
2020-01-14,2020-01-14 11:00:00,64.0,64.6,63.4,63.92,-0.12,21.2,1364.0,-1
2020-01-14,2020-01-14 11:10:00,63.92,63.92,63.83,63.83,-0.14,21.2,1364.0,-1
2020-01-14,2020-01-14 11:20:00,63.83,63.83,63.75,63.75,-0.13,21.2,1364.0,-1
2020-01-14,2020-01-14 11:30:00,63.75,63.75,63.67,63.67,-0.13,21.2,1364.0,-1
2020-01-14,2020-01-14 11:40:00,63.67,63.67,63.58,63.58,-0.14,21.2,1364.0,-1
2020-01-14,2020-01-14 11:50:00,63.58,63.58,63.5,63.5,-0.13,21.2,1364.0,-1
2020-01-14,2020-01-14 12:00:00,63.5,63.5,63.42,63.42,-0.13,21.2,1364.0,-1
2020-01-14,2020-01-14 12:10:00,63.42,63.42,63.33,63.33,-0.14,21.2,1364.0,-1
2020-01-14,2020-01-14 12:20:00,63.33,63.33,63.25,63.25,-0.13,21.2,1364.0,-1
2020-01-14,2020-01-14 12:30:00,63.25,63.25,63.17,63.17,-0.13,21.2,1364.0,-1
2020-01-14,2020-01-14 12:40:00,63.17,63.17,63.08,63.08,-0.14,21.2,1364.0,-1
2020-01-14,2020-01-14 12:50:00,63.08,63.08,63.0,63.0,-0.13,21.2,1364.0,-1
2020-01-14,2020-01-14 13:00:00,63.0,66.0,62.0,62.92,-0.13,21.2,1364.0,-1
2020-01-14,2020-01-14 13:10:00,62.92,62.92,62.83,62.83,-0.14,21.2,1364.0,-1
2020-01-14,2020-01-14 13:20:00,62.83,62.83,62.75,62.75,-0.13,21.2,1364.0,-1
2020-01-14,2020-01-14 13:30:00,62.75,62.75,62.67,62.67,-0.13,21.2,1364.0,-1
2020-01-14,2020-01-14 13:40:00,62.67,62.67,62.58,62.58,-0.14,21.2,1364.0,-1
2020-01-14,2020-01-14 13:50:00,62.58,62.58,62.5,62.5,-0.13,21.2,1364.0,-1
2020-01-14,2020-01-14 14:00:00,62.5,62.5,62.42,62.42,-0.13,21.2,1364.0,-1
2020-01-14,2020-01-14 14:10:00,62.42,62.42,62.33,62.33,-0.14,21.2,1364.0,-1
2020-01-14,2020-01-14 14:20:00,62.33,62.33,62.25,62.25,-0.13,21.2,1364.0,-1
2020-01-14,2020-01-14 14:30:00,62.25,62.25,62.17,62.17,-0.13,21.2,1364.0,-1
2020-01-14,2020-01-14 14:40:00,62.17,62.17,62.08,62.08,-0.14,21.2,1364.0,-1
2020-01-14,2020-01-14 14:50:00,62.08,62.08,62.0,62.0,-0.13,21.2,1364.0,-1
2020-01-14,2020-01-14 15:00:00,62.0,66.0,62.0,62.0,0.0,21.2,1364.0,0
2020-01-15,2020-01-15 11:00:00,61.0,61.6,61.0,61.04,0.07,13.6,846.0,1
2020-01-15,2020-01-15 11:10:00,61.04,61.08,61.04,61.08,0.07,13.6,846.0,1
2020-01-15,2020-01-15 11:20:00,61.08,61.12,61.08,61.12,0.07,13.6,846.0,1
2020-01-15,2020-01-15 11:30:00,61.12,61.17,61.12,61.17,0.08,13.6,846.0,1
2020-01-15,2020-01-15 11:40:00,61.17,61.21,61.17,61.21,0.07,13.6,846.0,1
2020-01-15,2020-01-15 11:50:00,61.21,61.25,61.21,61.25,0.07,13.6,846.0,1
2020-01-15,2020-01-15 12:00:00,61.25,61.29,61.25,61.29,0.07,13.6,846.0,1
2020-01-15,2020-01-15 12:10:00,61.29,61.33,61.29,61.33,0.07,13.6,846.0,1
2020-01-15,2020-01-15 12:20:00,61.33,61.38,61.33,61.38,0.08,13.6,846.0,1
2020-01-15,2020-01-15 12:30:00,61.38,61.42,61.38,61.42,0.07,13.6,846.0,1
2020-01-15,2020-01-15 12:40:00,61.42,61.46,61.42,61.46,0.07,13.6,846.0,1
2020-01-15,2020-01-15 12:50:00,61.46,61.5,61.46,61.5,0.07,13.6,846.0,1
2020-01-15,2020-01-15 13:00:00,61.5,63.0,61.0,61.54,0.07,13.6,846.0,1
2020-01-15,2020-01-15 13:10:00,61.54,61.58,61.54,61.58,0.06,13.6,846.0,1
2020-01-15,2020-01-15 13:20:00,61.58,61.62,61.58,61.62,0.06,13.6,846.0,1
2020-01-15,2020-01-15 13:30:00,61.62,61.67,61.62,61.67,0.08,13.6,846.0,1
2020-01-15,2020-01-15 13:40:00,61.67,61.71,61.67,61.71,0.06,13.6,846.0,1
2020-01-15,2020-01-15 13:50:00,61.71,61.75,61.71,61.75,0.06,13.6,846.0,1
2020-01-15,2020-01-15 14:00:00,61.75,61.79,61.75,61.79,0.06,13.6,846.0,1
2020-01-15,2020-01-15 14:10:00,61.79,61.83,61.79,61.83,0.06,13.6,846.0,1
2020-01-15,2020-01-15 14:20:00,61.83,61.88,61.83,61.88,0.08,13.6,846.0,1
2020-01-15,2020-01-15 14:30:00,61.88,61.92,61.88,61.92,0.06,13.6,846.0,1
2020-01-15,2020-01-15 14:40:00,61.92,61.96,61.92,61.96,0.06,13.6,846.0,1
2020-01-15,2020-01-15 14:50:00,61.96,62.0,61.96,62.0,0.06,13.6,846.0,1
2020-01-15,2020-01-15 15:00:00,62.0,63.0,61.0,62.0,0.0,13.6,846.0,0
2020-01-16,2020-01-16 11:00:00,62.0,63.5,62.0,62.21,0.34,68.8,4462.4,1
2020-01-16,2020-01-16 11:10:00,62.21,62.42,62.21,62.42,0.34,68.8,4462.4,1
2020-01-16,2020-01-16 11:20:00,62.42,62.62,62.42,62.62,0.32,68.8,4462.4,1
2020-01-16,2020-01-16 11:30:00,62.62,62.83,62.62,62.83,0.34,68.8,4462.4,1
2020-01-16,2020-01-16 11:40:00,62.83,63.04,62.83,63.04,0.33,68.8,4462.4,1
2020-01-16,2020-01-16 11:50:00,63.04,63.25,63.04,63.25,0.33,68.8,4462.4,1
2020-01-16,2020-01-16 12:00:00,63.25,63.46,63.25,63.46,0.33,68.8,4462.4,1
2020-01-16,2020-01-16 12:10:00,63.46,63.67,63.46,63.67,0.33,68.8,4462.4,1
2020-01-16,2020-01-16 12:20:00,63.67,63.88,63.67,63.88,0.33,68.8,4462.4,1
2020-01-16,2020-01-16 12:30:00,63.88,64.08,63.88,64.08,0.31,68.8,4462.4,1
2020-01-16,2020-01-16 12:40:00,64.08,64.29,64.08,64.29,0.33,68.8,4462.4,1
2020-01-16,2020-01-16 12:50:00,64.29,64.5,64.29,64.5,0.33,68.8,4462.4,1
2020-01-16,2020-01-16 13:00:00,64.5,67.0,62.0,64.71,0.33,68.8,4462.4,1
2020-01-16,2020-01-16 13:10:00,64.71,64.92,64.71,64.92,0.32,68.8,4462.4,1
2020-01-16,2020-01-16 13:20:00,64.92,65.12,64.92,65.12,0.31,68.8,4462.4,1
2020-01-16,2020-01-16 13:30:00,65.12,65.33,65.12,65.33,0.32,68.8,4462.4,1
2020-01-16,2020-01-16 13:40:00,65.33,65.54,65.33,65.54,0.32,68.8,4462.4,1
2020-01-16,2020-01-16 13:50:00,65.54,65.75,65.54,65.75,0.32,68.8,4462.4,1
2020-01-16,2020-01-16 14:00:00,65.75,65.96,65.75,65.96,0.32,68.8,4462.4,1
2020-01-16,2020-01-16 14:10:00,65.96,66.17,65.96,66.17,0.32,68.8,4462.4,1
2020-01-16,2020-01-16 14:20:00,66.17,66.38,66.17,66.38,0.32,68.8,4462.4,1
2020-01-16,2020-01-16 14:30:00,66.38,66.58,66.38,66.58,0.3,68.8,4462.4,1
2020-01-16,2020-01-16 14:40:00,66.58,66.79,66.58,66.79,0.32,68.8,4462.4,1
2020-01-16,2020-01-16 14:50:00,66.79,67.0,66.79,67.0,0.31,68.8,4462.4,1
2020-01-16,2020-01-16 15:00:00,67.0,67.0,62.0,67.0,0.0,68.8,4462.4,0
2020-01-19,2020-01-19 11:00:00,67.0,67.3,66.1,66.88,-0.18,27.6,1850.0,-1
2020-01-19,2020-01-19 11:10:00,66.88,66.88,66.75,66.75,-0.19,27.6,1850.0,-1
2020-01-19,2020-01-19 11:20:00,66.75,66.75,66.62,66.62,-0.19,27.6,1850.0,-1
2020-01-19,2020-01-19 11:30:00,66.62,66.62,66.5,66.5,-0.18,27.6,1850.0,-1
2020-01-19,2020-01-19 11:40:00,66.5,66.5,66.38,66.38,-0.18,27.6,1850.0,-1
2020-01-19,2020-01-19 11:50:00,66.38,66.38,66.25,66.25,-0.2,27.6,1850.0,-1
2020-01-19,2020-01-19 12:00:00,66.25,66.25,66.12,66.12,-0.2,27.6,1850.0,-1
2020-01-19,2020-01-19 12:10:00,66.12,66.12,66.0,66.0,-0.18,27.6,1850.0,-1
2020-01-19,2020-01-19 12:20:00,66.0,66.0,65.88,65.88,-0.18,27.6,1850.0,-1
2020-01-19,2020-01-19 12:30:00,65.88,65.88,65.75,65.75,-0.2,27.6,1850.0,-1
2020-01-19,2020-01-19 12:40:00,65.75,65.75,65.62,65.62,-0.2,27.6,1850.0,-1
2020-01-19,2020-01-19 12:50:00,65.62,65.62,65.5,65.5,-0.18,27.6,1850.0,-1
2020-01-19,2020-01-19 13:00:00,65.5,68.0,64.0,65.38,-0.18,27.6,1850.0,-1
2020-01-19,2020-01-19 13:10:00,65.38,65.38,65.25,65.25,-0.2,27.6,1850.0,-1
2020-01-19,2020-01-19 13:20:00,65.25,65.25,65.12,65.12,-0.2,27.6,1850.0,-1
2020-01-19,2020-01-19 13:30:00,65.12,65.12,65.0,65.0,-0.18,27.6,1850.0,-1
2020-01-19,2020-01-19 13:40:00,65.0,65.0,64.88,64.88,-0.18,27.6,1850.0,-1
2020-01-19,2020-01-19 13:50:00,64.88,64.88,64.75,64.75,-0.2,27.6,1850.0,-1
2020-01-19,2020-01-19 14:00:00,64.75,64.75,64.62,64.62,-0.2,27.6,1850.0,-1
2020-01-19,2020-01-19 14:10:00,64.62,64.62,64.5,64.5,-0.19,27.6,1850.0,-1
2020-01-19,2020-01-19 14:20:00,64.5,64.5,64.38,64.38,-0.19,27.6,1850.0,-1
2020-01-19,2020-01-19 14:30:00,64.38,64.38,64.25,64.25,-0.2,27.6,1850.0,-1
2020-01-19,2020-01-19 14:40:00,64.25,64.25,64.12,64.12,-0.2,27.6,1850.0,-1
2020-01-19,2020-01-19 14:50:00,64.12,64.12,64.0,64.0,-0.19,27.6,1850.0,-1
2020-01-19,2020-01-19 15:00:00,64.0,68.0,64.0,64.0,0.0,27.6,1850.0,0
2020-01-20,2020-01-20 11:00:00,65.0,65.3,64.4,64.96,-0.06,22.4,1436.4,-1
2020-01-20,2020-01-20 11:10:00,64.96,64.96,64.92,64.92,-0.06,22.4,1436.4,-1
2020-01-20,2020-01-20 11:20:00,64.92,64.92,64.88,64.88,-0.06,22.4,1436.4,-1
2020-01-20,2020-01-20 11:30:00,64.88,64.88,64.83,64.83,-0.08,22.4,1436.4,-1
2020-01-20,2020-01-20 11:40:00,64.83,64.83,64.79,64.79,-0.06,22.4,1436.4,-1
2020-01-20,2020-01-20 11:50:00,64.79,64.79,64.75,64.75,-0.06,22.4,1436.4,-1
2020-01-20,2020-01-20 12:00:00,64.75,64.75,64.71,64.71,-0.06,22.4,1436.4,-1
2020-01-20,2020-01-20 12:10:00,64.71,64.71,64.67,64.67,-0.06,22.4,1436.4,-1
2020-01-20,2020-01-20 12:20:00,64.67,64.67,64.62,64.62,-0.08,22.4,1436.4,-1
2020-01-20,2020-01-20 12:30:00,64.62,64.62,64.58,64.58,-0.06,22.4,1436.4,-1
2020-01-20,2020-01-20 12:40:00,64.58,64.58,64.54,64.54,-0.06,22.4,1436.4,-1
2020-01-20,2020-01-20 12:50:00,64.54,64.54,64.5,64.5,-0.06,22.4,1436.4,-1
2020-01-20,2020-01-20 13:00:00,64.5,66.0,63.0,64.46,-0.06,22.4,1436.4,-1
2020-01-20,2020-01-20 13:10:00,64.46,64.46,64.42,64.42,-0.06,22.4,1436.4,-1
2020-01-20,2020-01-20 13:20:00,64.42,64.42,64.38,64.38,-0.06,22.4,1436.4,-1
2020-01-20,2020-01-20 13:30:00,64.38,64.38,64.33,64.33,-0.08,22.4,1436.4,-1
2020-01-20,2020-01-20 13:40:00,64.33,64.33,64.29,64.29,-0.06,22.4,1436.4,-1
2020-01-20,2020-01-20 13:50:00,64.29,64.29,64.25,64.25,-0.06,22.4,1436.4,-1
2020-01-20,2020-01-20 14:00:00,64.25,64.25,64.21,64.21,-0.06,22.4,1436.4,-1
2020-01-20,2020-01-20 14:10:00,64.21,64.21,64.17,64.17,-0.06,22.4,1436.4,-1
2020-01-20,2020-01-20 14:20:00,64.17,64.17,64.12,64.12,-0.08,22.4,1436.4,-1
2020-01-20,2020-01-20 14:30:00,64.12,64.12,64.08,64.08,-0.06,22.4,1436.4,-1
2020-01-20,2020-01-20 14:40:00,64.08,64.08,64.04,64.04,-0.06,22.4,1436.4,-1
2020-01-20,2020-01-20 14:50:00,64.04,64.04,64.0,64.0,-0.06,22.4,1436.4,-1
2020-01-20,2020-01-20 15:00:00,64.0,66.0,63.0,64.0,0.0,22.4,1436.4,0
2020-01-21,2020-01-21 11:00:00,65.0,65.3,64.7,64.96,-0.06,32.4,2103.6,-1
2020-01-21,2020-01-21 11:10:00,64.96,64.96,64.92,64.92,-0.06,32.4,2103.6,-1
2020-01-21,2020-01-21 11:20:00,64.92,64.92,64.88,64.88,-0.06,32.4,2103.6,-1
2020-01-21,2020-01-21 11:30:00,64.88,64.88,64.83,64.83,-0.08,32.4,2103.6,-1
2020-01-21,2020-01-21 11:40:00,64.83,64.83,64.79,64.79,-0.06,32.4,2103.6,-1
2020-01-21,2020-01-21 11:50:00,64.79,64.79,64.75,64.75,-0.06,32.4,2103.6,-1
2020-01-21,2020-01-21 12:00:00,64.75,64.75,64.71,64.71,-0.06,32.4,2103.6,-1
2020-01-21,2020-01-21 12:10:00,64.71,64.71,64.67,64.67,-0.06,32.4,2103.6,-1
2020-01-21,2020-01-21 12:20:00,64.67,64.67,64.62,64.62,-0.08,32.4,2103.6,-1
2020-01-21,2020-01-21 12:30:00,64.62,64.62,64.58,64.58,-0.06,32.4,2103.6,-1
2020-01-21,2020-01-21 12:40:00,64.58,64.58,64.54,64.54,-0.06,32.4,2103.6,-1
2020-01-21,2020-01-21 12:50:00,64.54,64.54,64.5,64.5,-0.06,32.4,2103.6,-1
2020-01-21,2020-01-21 13:00:00,64.5,66.0,64.0,64.46,-0.06,32.4,2103.6,-1
2020-01-21,2020-01-21 13:10:00,64.46,64.46,64.42,64.42,-0.06,32.4,2103.6,-1
2020-01-21,2020-01-21 13:20:00,64.42,64.42,64.38,64.38,-0.06,32.4,2103.6,-1
2020-01-21,2020-01-21 13:30:00,64.38,64.38,64.33,64.33,-0.08,32.4,2103.6,-1
2020-01-21,2020-01-21 13:40:00,64.33,64.33,64.29,64.29,-0.06,32.4,2103.6,-1
2020-01-21,2020-01-21 13:50:00,64.29,64.29,64.25,64.25,-0.06,32.4,2103.6,-1
2020-01-21,2020-01-21 14:00:00,64.25,64.25,64.21,64.21,-0.06,32.4,2103.6,-1
2020-01-21,2020-01-21 14:10:00,64.21,64.21,64.17,64.17,-0.06,32.4,2103.6,-1
2020-01-21,2020-01-21 14:20:00,64.17,64.17,64.12,64.12,-0.08,32.4,2103.6,-1
2020-01-21,2020-01-21 14:30:00,64.12,64.12,64.08,64.08,-0.06,32.4,2103.6,-1
2020-01-21,2020-01-21 14:40:00,64.08,64.08,64.04,64.04,-0.06,32.4,2103.6,-1
2020-01-21,2020-01-21 14:50:00,64.04,64.04,64.0,64.0,-0.06,32.4,2103.6,-1
2020-01-21,2020-01-21 15:00:00,64.0,66.0,64.0,64.0,0.0,32.4,2103.6,0
2020-01-22,2020-01-22 11:00:00,63.0,63.0,62.1,63.0,0.0,30.8,1910.4,0
2020-01-22,2020-01-22 11:10:00,63.0,63.0,63.0,63.0,0.0,30.8,1910.4,0
2020-01-22,2020-01-22 11:20:00,63.0,63.0,63.0,63.0,0.0,30.8,1910.4,0
2020-01-22,2020-01-22 11:30:00,63.0,63.0,63.0,63.0,0.0,30.8,1910.4,0
2020-01-22,2020-01-22 11:40:00,63.0,63.0,63.0,63.0,0.0,30.8,1910.4,0
2020-01-22,2020-01-22 11:50:00,63.0,63.0,63.0,63.0,0.0,30.8,1910.4,0
2020-01-22,2020-01-22 12:00:00,63.0,63.0,63.0,63.0,0.0,30.8,1910.4,0
2020-01-22,2020-01-22 12:10:00,63.0,63.0,63.0,63.0,0.0,30.8,1910.4,0
2020-01-22,2020-01-22 12:20:00,63.0,63.0,63.0,63.0,0.0,30.8,1910.4,0
2020-01-22,2020-01-22 12:30:00,63.0,63.0,63.0,63.0,0.0,30.8,1910.4,0
2020-01-22,2020-01-22 12:40:00,63.0,63.0,63.0,63.0,0.0,30.8,1910.4,0
2020-01-22,2020-01-22 12:50:00,63.0,63.0,63.0,63.0,0.0,30.8,1910.4,0
2020-01-22,2020-01-22 13:00:00,63.0,63.0,60.0,63.0,0.0,30.8,1910.4,0
2020-01-22,2020-01-22 13:10:00,63.0,63.0,63.0,63.0,0.0,30.8,1910.4,0
2020-01-22,2020-01-22 13:20:00,63.0,63.0,63.0,63.0,0.0,30.8,1910.4,0
2020-01-22,2020-01-22 13:30:00,63.0,63.0,63.0,63.0,0.0,30.8,1910.4,0
2020-01-22,2020-01-22 13:40:00,63.0,63.0,63.0,63.0,0.0,30.8,1910.4,0
2020-01-22,2020-01-22 13:50:00,63.0,63.0,63.0,63.0,0.0,30.8,1910.4,0
2020-01-22,2020-01-22 14:00:00,63.0,63.0,63.0,63.0,0.0,30.8,1910.4,0
2020-01-22,2020-01-22 14:10:00,63.0,63.0,63.0,63.0,0.0,30.8,1910.4,0
2020-01-22,2020-01-22 14:20:00,63.0,63.0,63.0,63.0,0.0,30.8,1910.4,0
2020-01-22,2020-01-22 14:30:00,63.0,63.0,63.0,63.0,0.0,30.8,1910.4,0
2020-01-22,2020-01-22 14:40:00,63.0,63.0,63.0,63.0,0.0,30.8,1910.4,0
2020-01-22,2020-01-22 14:50:00,63.0,63.0,63.0,63.0,0.0,30.8,1910.4,0
2020-01-22,2020-01-22 15:00:00,63.0,63.0,60.0,63.0,0.0,30.8,1910.4,0
2020-01-23,2020-01-23 11:00:00,64.0,64.0,63.7,63.96,-0.06,10.0,638.4,-1
2020-01-23,2020-01-23 11:10:00,63.96,63.96,63.92,63.92,-0.06,10.0,638.4,-1
2020-01-23,2020-01-23 11:20:00,63.92,63.92,63.88,63.88,-0.06,10.0,638.4,-1
2020-01-23,2020-01-23 11:30:00,63.88,63.88,63.83,63.83,-0.08,10.0,638.4,-1
2020-01-23,2020-01-23 11:40:00,63.83,63.83,63.79,63.79,-0.06,10.0,638.4,-1
2020-01-23,2020-01-23 11:50:00,63.79,63.79,63.75,63.75,-0.06,10.0,638.4,-1
2020-01-23,2020-01-23 12:00:00,63.75,63.75,63.71,63.71,-0.06,10.0,638.4,-1
2020-01-23,2020-01-23 12:10:00,63.71,63.71,63.67,63.67,-0.06,10.0,638.4,-1
2020-01-23,2020-01-23 12:20:00,63.67,63.67,63.62,63.62,-0.08,10.0,638.4,-1
2020-01-23,2020-01-23 12:30:00,63.62,63.62,63.58,63.58,-0.06,10.0,638.4,-1
2020-01-23,2020-01-23 12:40:00,63.58,63.58,63.54,63.54,-0.06,10.0,638.4,-1
2020-01-23,2020-01-23 12:50:00,63.54,63.54,63.5,63.5,-0.06,10.0,638.4,-1
2020-01-23,2020-01-23 13:00:00,63.5,64.0,63.0,63.46,-0.06,10.0,638.4,-1
2020-01-23,2020-01-23 13:10:00,63.46,63.46,63.42,63.42,-0.06,10.0,638.4,-1
2020-01-23,2020-01-23 13:20:00,63.42,63.42,63.38,63.38,-0.06,10.0,638.4,-1
2020-01-23,2020-01-23 13:30:00,63.38,63.38,63.33,63.33,-0.08,10.0,638.4,-1
2020-01-23,2020-01-23 13:40:00,63.33,63.33,63.29,63.29,-0.06,10.0,638.4,-1
2020-01-23,2020-01-23 13:50:00,63.29,63.29,63.25,63.25,-0.06,10.0,638.4,-1
2020-01-23,2020-01-23 14:00:00,63.25,63.25,63.21,63.21,-0.06,10.0,638.4,-1
2020-01-23,2020-01-23 14:10:00,63.21,63.21,63.17,63.17,-0.06,10.0,638.4,-1
2020-01-23,2020-01-23 14:20:00,63.17,63.17,63.12,63.12,-0.08,10.0,638.4,-1
2020-01-23,2020-01-23 14:30:00,63.12,63.12,63.08,63.08,-0.06,10.0,638.4,-1
2020-01-23,2020-01-23 14:40:00,63.08,63.08,63.04,63.04,-0.06,10.0,638.4,-1
2020-01-23,2020-01-23 14:50:00,63.04,63.04,63.0,63.0,-0.06,10.0,638.4,-1
2020-01-23,2020-01-23 15:00:00,63.0,64.0,63.0,63.0,0.0,10.0,638.4,0
2020-01-26,2020-01-26 11:00:00,63.0,63.6,63.0,63.08,0.13,7.6,485.2,1
2020-01-26,2020-01-26 11:10:00,63.08,63.17,63.08,63.17,0.14,7.6,485.2,1
2020-01-26,2020-01-26 11:20:00,63.17,63.25,63.17,63.25,0.13,7.6,485.2,1
2020-01-26,2020-01-26 11:30:00,63.25,63.33,63.25,63.33,0.13,7.6,485.2,1
2020-01-26,2020-01-26 11:40:00,63.33,63.42,63.33,63.42,0.14,7.6,485.2,1
2020-01-26,2020-01-26 11:50:00,63.42,63.5,63.42,63.5,0.13,7.6,485.2,1
2020-01-26,2020-01-26 12:00:00,63.5,63.58,63.5,63.58,0.13,7.6,485.2,1
2020-01-26,2020-01-26 12:10:00,63.58,63.67,63.58,63.67,0.14,7.6,485.2,1
2020-01-26,2020-01-26 12:20:00,63.67,63.75,63.67,63.75,0.13,7.6,485.2,1
2020-01-26,2020-01-26 12:30:00,63.75,63.83,63.75,63.83,0.13,7.6,485.2,1
2020-01-26,2020-01-26 12:40:00,63.83,63.92,63.83,63.92,0.14,7.6,485.2,1
2020-01-26,2020-01-26 12:50:00,63.92,64.0,63.92,64.0,0.13,7.6,485.2,1
2020-01-26,2020-01-26 13:00:00,64.0,65.0,63.0,64.08,0.12,7.6,485.2,1
2020-01-26,2020-01-26 13:10:00,64.08,64.17,64.08,64.17,0.14,7.6,485.2,1
2020-01-26,2020-01-26 13:20:00,64.17,64.25,64.17,64.25,0.12,7.6,485.2,1
2020-01-26,2020-01-26 13:30:00,64.25,64.33,64.25,64.33,0.12,7.6,485.2,1
2020-01-26,2020-01-26 13:40:00,64.33,64.42,64.33,64.42,0.14,7.6,485.2,1
2020-01-26,2020-01-26 13:50:00,64.42,64.5,64.42,64.5,0.12,7.6,485.2,1
2020-01-26,2020-01-26 14:00:00,64.5,64.58,64.5,64.58,0.12,7.6,485.2,1
2020-01-26,2020-01-26 14:10:00,64.58,64.67,64.58,64.67,0.14,7.6,485.2,1
2020-01-26,2020-01-26 14:20:00,64.67,64.75,64.67,64.75,0.12,7.6,485.2,1
2020-01-26,2020-01-26 14:30:00,64.75,64.83,64.75,64.83,0.12,7.6,485.2,1
2020-01-26,2020-01-26 14:40:00,64.83,64.92,64.83,64.92,0.14,7.6,485.2,1
2020-01-26,2020-01-26 14:50:00,64.92,65.0,64.92,65.0,0.12,7.6,485.2,1
2020-01-26,2020-01-26 15:00:00,65.0,65.0,63.0,65.0,0.0,7.6,485.2,0
2020-01-27,2020-01-27 11:00:00,64.0,64.3,63.4,63.96,-0.06,32.4,2045.2,-1
2020-01-27,2020-01-27 11:10:00,63.96,63.96,63.92,63.92,-0.06,32.4,2045.2,-1
2020-01-27,2020-01-27 11:20:00,63.92,63.92,63.88,63.88,-0.06,32.4,2045.2,-1
2020-01-27,2020-01-27 11:30:00,63.88,63.88,63.83,63.83,-0.08,32.4,2045.2,-1
2020-01-27,2020-01-27 11:40:00,63.83,63.83,63.79,63.79,-0.06,32.4,2045.2,-1
2020-01-27,2020-01-27 11:50:00,63.79,63.79,63.75,63.75,-0.06,32.4,2045.2,-1
2020-01-27,2020-01-27 12:00:00,63.75,63.75,63.71,63.71,-0.06,32.4,2045.2,-1
2020-01-27,2020-01-27 12:10:00,63.71,63.71,63.67,63.67,-0.06,32.4,2045.2,-1
2020-01-27,2020-01-27 12:20:00,63.67,63.67,63.62,63.62,-0.08,32.4,2045.2,-1
2020-01-27,2020-01-27 12:30:00,63.62,63.62,63.58,63.58,-0.06,32.4,2045.2,-1
2020-01-27,2020-01-27 12:40:00,63.58,63.58,63.54,63.54,-0.06,32.4,2045.2,-1
2020-01-27,2020-01-27 12:50:00,63.54,63.54,63.5,63.5,-0.06,32.4,2045.2,-1
2020-01-27,2020-01-27 13:00:00,63.5,65.0,62.0,63.46,-0.06,32.4,2045.2,-1
2020-01-27,2020-01-27 13:10:00,63.46,63.46,63.42,63.42,-0.06,32.4,2045.2,-1
2020-01-27,2020-01-27 13:20:00,63.42,63.42,63.38,63.38,-0.06,32.4,2045.2,-1
2020-01-27,2020-01-27 13:30:00,63.38,63.38,63.33,63.33,-0.08,32.4,2045.2,-1
2020-01-27,2020-01-27 13:40:00,63.33,63.33,63.29,63.29,-0.06,32.4,2045.2,-1
2020-01-27,2020-01-27 13:50:00,63.29,63.29,63.25,63.25,-0.06,32.4,2045.2,-1
2020-01-27,2020-01-27 14:00:00,63.25,63.25,63.21,63.21,-0.06,32.4,2045.2,-1
2020-01-27,2020-01-27 14:10:00,63.21,63.21,63.17,63.17,-0.06,32.4,2045.2,-1
2020-01-27,2020-01-27 14:20:00,63.17,63.17,63.12,63.12,-0.08,32.4,2045.2,-1
2020-01-27,2020-01-27 14:30:00,63.12,63.12,63.08,63.08,-0.06,32.4,2045.2,-1
2020-01-27,2020-01-27 14:40:00,63.08,63.08,63.04,63.04,-0.06,32.4,2045.2,-1
2020-01-27,2020-01-27 14:50:00,63.04,63.04,63.0,63.0,-0.06,32.4,2045.2,-1
2020-01-27,2020-01-27 15:00:00,63.0,65.0,62.0,63.0,0.0,32.4,2045.2,0
2020-01-28,2020-01-28 11:00:00,62.0,62.6,62.0,62.04,0.06,30.4,1909.6,1
2020-01-28,2020-01-28 11:10:00,62.04,62.08,62.04,62.08,0.06,30.4,1909.6,1
2020-01-28,2020-01-28 11:20:00,62.08,62.12,62.08,62.12,0.06,30.4,1909.6,1
2020-01-28,2020-01-28 11:30:00,62.12,62.17,62.12,62.17,0.08,30.4,1909.6,1
2020-01-28,2020-01-28 11:40:00,62.17,62.21,62.17,62.21,0.06,30.4,1909.6,1
2020-01-28,2020-01-28 11:50:00,62.21,62.25,62.21,62.25,0.06,30.4,1909.6,1
2020-01-28,2020-01-28 12:00:00,62.25,62.29,62.25,62.29,0.06,30.4,1909.6,1
2020-01-28,2020-01-28 12:10:00,62.29,62.33,62.29,62.33,0.06,30.4,1909.6,1
2020-01-28,2020-01-28 12:20:00,62.33,62.38,62.33,62.38,0.08,30.4,1909.6,1
2020-01-28,2020-01-28 12:30:00,62.38,62.42,62.38,62.42,0.06,30.4,1909.6,1
2020-01-28,2020-01-28 12:40:00,62.42,62.46,62.42,62.46,0.06,30.4,1909.6,1
2020-01-28,2020-01-28 12:50:00,62.46,62.5,62.46,62.5,0.06,30.4,1909.6,1
2020-01-28,2020-01-28 13:00:00,62.5,64.0,62.0,62.54,0.06,30.4,1909.6,1
2020-01-28,2020-01-28 13:10:00,62.54,62.58,62.54,62.58,0.06,30.4,1909.6,1
2020-01-28,2020-01-28 13:20:00,62.58,62.62,62.58,62.62,0.06,30.4,1909.6,1
2020-01-28,2020-01-28 13:30:00,62.62,62.67,62.62,62.67,0.08,30.4,1909.6,1
2020-01-28,2020-01-28 13:40:00,62.67,62.71,62.67,62.71,0.06,30.4,1909.6,1
2020-01-28,2020-01-28 13:50:00,62.71,62.75,62.71,62.75,0.06,30.4,1909.6,1
2020-01-28,2020-01-28 14:00:00,62.75,62.79,62.75,62.79,0.06,30.4,1909.6,1
2020-01-28,2020-01-28 14:10:00,62.79,62.83,62.79,62.83,0.06,30.4,1909.6,1
2020-01-28,2020-01-28 14:20:00,62.83,62.88,62.83,62.88,0.08,30.4,1909.6,1
2020-01-28,2020-01-28 14:30:00,62.88,62.92,62.88,62.92,0.06,30.4,1909.6,1
2020-01-28,2020-01-28 14:40:00,62.92,62.96,62.92,62.96,0.06,30.4,1909.6,1
2020-01-28,2020-01-28 14:50:00,62.96,63.0,62.96,63.0,0.06,30.4,1909.6,1
2020-01-28,2020-01-28 15:00:00,63.0,64.0,62.0,63.0,0.0,30.4,1909.6,0
2020-01-29,2020-01-29 11:00:00,64.0,64.3,63.7,64.0,0.0,17.2,1096.4,0
2020-01-29,2020-01-29 11:10:00,64.0,64.0,64.0,64.0,0.0,17.2,1096.4,0
2020-01-29,2020-01-29 11:20:00,64.0,64.0,64.0,64.0,0.0,17.2,1096.4,0
2020-01-29,2020-01-29 11:30:00,64.0,64.0,64.0,64.0,0.0,17.2,1096.4,0
2020-01-29,2020-01-29 11:40:00,64.0,64.0,64.0,64.0,0.0,17.2,1096.4,0
2020-01-29,2020-01-29 11:50:00,64.0,64.0,64.0,64.0,0.0,17.2,1096.4,0
2020-01-29,2020-01-29 12:00:00,64.0,64.0,64.0,64.0,0.0,17.2,1096.4,0
2020-01-29,2020-01-29 12:10:00,64.0,64.0,64.0,64.0,0.0,17.2,1096.4,0
2020-01-29,2020-01-29 12:20:00,64.0,64.0,64.0,64.0,0.0,17.2,1096.4,0
2020-01-29,2020-01-29 12:30:00,64.0,64.0,64.0,64.0,0.0,17.2,1096.4,0
2020-01-29,2020-01-29 12:40:00,64.0,64.0,64.0,64.0,0.0,17.2,1096.4,0
2020-01-29,2020-01-29 12:50:00,64.0,64.0,64.0,64.0,0.0,17.2,1096.4,0
2020-01-29,2020-01-29 13:00:00,64.0,65.0,63.0,64.0,0.0,17.2,1096.4,0
2020-01-29,2020-01-29 13:10:00,64.0,64.0,64.0,64.0,0.0,17.2,1096.4,0
2020-01-29,2020-01-29 13:20:00,64.0,64.0,64.0,64.0,0.0,17.2,1096.4,0
2020-01-29,2020-01-29 13:30:00,64.0,64.0,64.0,64.0,0.0,17.2,1096.4,0
2020-01-29,2020-01-29 13:40:00,64.0,64.0,64.0,64.0,0.0,17.2,1096.4,0
2020-01-29,2020-01-29 13:50:00,64.0,64.0,64.0,64.0,0.0,17.2,1096.4,0
2020-01-29,2020-01-29 14:00:00,64.0,64.0,64.0,64.0,0.0,17.2,1096.4,0
2020-01-29,2020-01-29 14:10:00,64.0,64.0,64.0,64.0,0.0,17.2,1096.4,0
2020-01-29,2020-01-29 14:20:00,64.0,64.0,64.0,64.0,0.0,17.2,1096.4,0
2020-01-29,2020-01-29 14:30:00,64.0,64.0,64.0,64.0,0.0,17.2,1096.4,0
2020-01-29,2020-01-29 14:40:00,64.0,64.0,64.0,64.0,0.0,17.2,1096.4,0
2020-01-29,2020-01-29 14:50:00,64.0,64.0,64.0,64.0,0.0,17.2,1096.4,0
2020-01-29,2020-01-29 15:00:00,64.0,65.0,63.0,64.0,0.0,17.2,1096.4,0
2020-01-30,2020-01-30 11:00:00,63.0,63.0,63.0,63.0,0.0,24.0,1512.0,0
2020-01-30,2020-01-30 11:10:00,63.0,63.0,63.0,63.0,0.0,24.0,1512.0,0
2020-01-30,2020-01-30 11:20:00,63.0,63.0,63.0,63.0,0.0,24.0,1512.0,0
2020-01-30,2020-01-30 11:30:00,63.0,63.0,63.0,63.0,0.0,24.0,1512.0,0
2020-01-30,2020-01-30 11:40:00,63.0,63.0,63.0,63.0,0.0,24.0,1512.0,0
2020-01-30,2020-01-30 11:50:00,63.0,63.0,63.0,63.0,0.0,24.0,1512.0,0
2020-01-30,2020-01-30 12:00:00,63.0,63.0,63.0,63.0,0.0,24.0,1512.0,0
2020-01-30,2020-01-30 12:10:00,63.0,63.0,63.0,63.0,0.0,24.0,1512.0,0
2020-01-30,2020-01-30 12:20:00,63.0,63.0,63.0,63.0,0.0,24.0,1512.0,0
2020-01-30,2020-01-30 12:30:00,63.0,63.0,63.0,63.0,0.0,24.0,1512.0,0
2020-01-30,2020-01-30 12:40:00,63.0,63.0,63.0,63.0,0.0,24.0,1512.0,0
2020-01-30,2020-01-30 12:50:00,63.0,63.0,63.0,63.0,0.0,24.0,1512.0,0
2020-01-30,2020-01-30 13:00:00,63.0,63.0,63.0,63.0,0.0,24.0,1512.0,0
2020-01-30,2020-01-30 13:10:00,63.0,63.0,63.0,63.0,0.0,24.0,1512.0,0
2020-01-30,2020-01-30 13:20:00,63.0,63.0,63.0,63.0,0.0,24.0,1512.0,0
2020-01-30,2020-01-30 13:30:00,63.0,63.0,63.0,63.0,0.0,24.0,1512.0,0
2020-01-30,2020-01-30 13:40:00,63.0,63.0,63.0,63.0,0.0,24.0,1512.0,0
2020-01-30,2020-01-30 13:50:00,63.0,63.0,63.0,63.0,0.0,24.0,1512.0,0
2020-01-30,2020-01-30 14:00:00,63.0,63.0,63.0,63.0,0.0,24.0,1512.0,0
2020-01-30,2020-01-30 14:10:00,63.0,63.0,63.0,63.0,0.0,24.0,1512.0,0
2020-01-30,2020-01-30 14:20:00,63.0,63.0,63.0,63.0,0.0,24.0,1512.0,0
2020-01-30,2020-01-30 14:30:00,63.0,63.0,63.0,63.0,0.0,24.0,1512.0,0
2020-01-30,2020-01-30 14:40:00,63.0,63.0,63.0,63.0,0.0,24.0,1512.0,0
2020-01-30,2020-01-30 14:50:00,63.0,63.0,63.0,63.0,0.0,24.0,1512.0,0
2020-01-30,2020-01-30 15:00:00,63.0,63.0,63.0,63.0,0.0,24.0,1512.0,0
2020-02-02,2020-02-02 11:00:00,62.0,62.6,62.0,62.04,0.06,17.2,1085.6,1
2020-02-02,2020-02-02 11:10:00,62.04,62.08,62.04,62.08,0.06,17.2,1085.6,1
2020-02-02,2020-02-02 11:20:00,62.08,62.12,62.08,62.12,0.06,17.2,1085.6,1
2020-02-02,2020-02-02 11:30:00,62.12,62.17,62.12,62.17,0.08,17.2,1085.6,1
2020-02-02,2020-02-02 11:40:00,62.17,62.21,62.17,62.21,0.06,17.2,1085.6,1
2020-02-02,2020-02-02 11:50:00,62.21,62.25,62.21,62.25,0.06,17.2,1085.6,1
2020-02-02,2020-02-02 12:00:00,62.25,62.29,62.25,62.29,0.06,17.2,1085.6,1
2020-02-02,2020-02-02 12:10:00,62.29,62.33,62.29,62.33,0.06,17.2,1085.6,1
2020-02-02,2020-02-02 12:20:00,62.33,62.38,62.33,62.38,0.08,17.2,1085.6,1
2020-02-02,2020-02-02 12:30:00,62.38,62.42,62.38,62.42,0.06,17.2,1085.6,1
2020-02-02,2020-02-02 12:40:00,62.42,62.46,62.42,62.46,0.06,17.2,1085.6,1
2020-02-02,2020-02-02 12:50:00,62.46,62.5,62.46,62.5,0.06,17.2,1085.6,1
2020-02-02,2020-02-02 13:00:00,62.5,64.0,62.0,62.54,0.06,17.2,1085.6,1
2020-02-02,2020-02-02 13:10:00,62.54,62.58,62.54,62.58,0.06,17.2,1085.6,1
2020-02-02,2020-02-02 13:20:00,62.58,62.62,62.58,62.62,0.06,17.2,1085.6,1
2020-02-02,2020-02-02 13:30:00,62.62,62.67,62.62,62.67,0.08,17.2,1085.6,1
2020-02-02,2020-02-02 13:40:00,62.67,62.71,62.67,62.71,0.06,17.2,1085.6,1
2020-02-02,2020-02-02 13:50:00,62.71,62.75,62.71,62.75,0.06,17.2,1085.6,1
2020-02-02,2020-02-02 14:00:00,62.75,62.79,62.75,62.79,0.06,17.2,1085.6,1
2020-02-02,2020-02-02 14:10:00,62.79,62.83,62.79,62.83,0.06,17.2,1085.6,1
2020-02-02,2020-02-02 14:20:00,62.83,62.88,62.83,62.88,0.08,17.2,1085.6,1
2020-02-02,2020-02-02 14:30:00,62.88,62.92,62.88,62.92,0.06,17.2,1085.6,1
2020-02-02,2020-02-02 14:40:00,62.92,62.96,62.92,62.96,0.06,17.2,1085.6,1
2020-02-02,2020-02-02 14:50:00,62.96,63.0,62.96,63.0,0.06,17.2,1085.6,1
2020-02-02,2020-02-02 15:00:00,63.0,64.0,62.0,63.0,0.0,17.2,1085.6,0
2020-02-03,2020-02-03 11:00:00,62.0,62.0,61.1,62.0,0.0,30.0,1832.8,0
2020-02-03,2020-02-03 11:10:00,62.0,62.0,62.0,62.0,0.0,30.0,1832.8,0
2020-02-03,2020-02-03 11:20:00,62.0,62.0,62.0,62.0,0.0,30.0,1832.8,0
2020-02-03,2020-02-03 11:30:00,62.0,62.0,62.0,62.0,0.0,30.0,1832.8,0
2020-02-03,2020-02-03 11:40:00,62.0,62.0,62.0,62.0,0.0,30.0,1832.8,0
2020-02-03,2020-02-03 11:50:00,62.0,62.0,62.0,62.0,0.0,30.0,1832.8,0
2020-02-03,2020-02-03 12:00:00,62.0,62.0,62.0,62.0,0.0,30.0,1832.8,0
2020-02-03,2020-02-03 12:10:00,62.0,62.0,62.0,62.0,0.0,30.0,1832.8,0
2020-02-03,2020-02-03 12:20:00,62.0,62.0,62.0,62.0,0.0,30.0,1832.8,0
2020-02-03,2020-02-03 12:30:00,62.0,62.0,62.0,62.0,0.0,30.0,1832.8,0
2020-02-03,2020-02-03 12:40:00,62.0,62.0,62.0,62.0,0.0,30.0,1832.8,0
2020-02-03,2020-02-03 12:50:00,62.0,62.0,62.0,62.0,0.0,30.0,1832.8,0
2020-02-03,2020-02-03 13:00:00,62.0,62.0,59.0,62.0,0.0,30.0,1832.8,0
2020-02-03,2020-02-03 13:10:00,62.0,62.0,62.0,62.0,0.0,30.0,1832.8,0
2020-02-03,2020-02-03 13:20:00,62.0,62.0,62.0,62.0,0.0,30.0,1832.8,0
2020-02-03,2020-02-03 13:30:00,62.0,62.0,62.0,62.0,0.0,30.0,1832.8,0
2020-02-03,2020-02-03 13:40:00,62.0,62.0,62.0,62.0,0.0,30.0,1832.8,0
2020-02-03,2020-02-03 13:50:00,62.0,62.0,62.0,62.0,0.0,30.0,1832.8,0
2020-02-03,2020-02-03 14:00:00,62.0,62.0,62.0,62.0,0.0,30.0,1832.8,0
2020-02-03,2020-02-03 14:10:00,62.0,62.0,62.0,62.0,0.0,30.0,1832.8,0
2020-02-03,2020-02-03 14:20:00,62.0,62.0,62.0,62.0,0.0,30.0,1832.8,0
2020-02-03,2020-02-03 14:30:00,62.0,62.0,62.0,62.0,0.0,30.0,1832.8,0
2020-02-03,2020-02-03 14:40:00,62.0,62.0,62.0,62.0,0.0,30.0,1832.8,0
2020-02-03,2020-02-03 14:50:00,62.0,62.0,62.0,62.0,0.0,30.0,1832.8,0
2020-02-03,2020-02-03 15:00:00,62.0,62.0,59.0,62.0,0.0,30.0,1832.8,0
2020-02-04,2020-02-04 11:00:00,62.0,62.3,62.0,62.04,0.06,23.2,1449.2,1
2020-02-04,2020-02-04 11:10:00,62.04,62.08,62.04,62.08,0.06,23.2,1449.2,1
2020-02-04,2020-02-04 11:20:00,62.08,62.12,62.08,62.12,0.06,23.2,1449.2,1
2020-02-04,2020-02-04 11:30:00,62.12,62.17,62.12,62.17,0.08,23.2,1449.2,1
2020-02-04,2020-02-04 11:40:00,62.17,62.21,62.17,62.21,0.06,23.2,1449.2,1
2020-02-04,2020-02-04 11:50:00,62.21,62.25,62.21,62.25,0.06,23.2,1449.2,1
2020-02-04,2020-02-04 12:00:00,62.25,62.29,62.25,62.29,0.06,23.2,1449.2,1
2020-02-04,2020-02-04 12:10:00,62.29,62.33,62.29,62.33,0.06,23.2,1449.2,1
2020-02-04,2020-02-04 12:20:00,62.33,62.38,62.33,62.38,0.08,23.2,1449.2,1
2020-02-04,2020-02-04 12:30:00,62.38,62.42,62.38,62.42,0.06,23.2,1449.2,1
2020-02-04,2020-02-04 12:40:00,62.42,62.46,62.42,62.46,0.06,23.2,1449.2,1
2020-02-04,2020-02-04 12:50:00,62.46,62.5,62.46,62.5,0.06,23.2,1449.2,1
2020-02-04,2020-02-04 13:00:00,62.5,63.0,62.0,62.54,0.06,23.2,1449.2,1
2020-02-04,2020-02-04 13:10:00,62.54,62.58,62.54,62.58,0.06,23.2,1449.2,1
2020-02-04,2020-02-04 13:20:00,62.58,62.62,62.58,62.62,0.06,23.2,1449.2,1
2020-02-04,2020-02-04 13:30:00,62.62,62.67,62.62,62.67,0.08,23.2,1449.2,1
2020-02-04,2020-02-04 13:40:00,62.67,62.71,62.67,62.71,0.06,23.2,1449.2,1
2020-02-04,2020-02-04 13:50:00,62.71,62.75,62.71,62.75,0.06,23.2,1449.2,1
2020-02-04,2020-02-04 14:00:00,62.75,62.79,62.75,62.79,0.06,23.2,1449.2,1
2020-02-04,2020-02-04 14:10:00,62.79,62.83,62.79,62.83,0.06,23.2,1449.2,1
2020-02-04,2020-02-04 14:20:00,62.83,62.88,62.83,62.88,0.08,23.2,1449.2,1
2020-02-04,2020-02-04 14:30:00,62.88,62.92,62.88,62.92,0.06,23.2,1449.2,1
2020-02-04,2020-02-04 14:40:00,62.92,62.96,62.92,62.96,0.06,23.2,1449.2,1
2020-02-04,2020-02-04 14:50:00,62.96,63.0,62.96,63.0,0.06,23.2,1449.2,1
2020-02-04,2020-02-04 15:00:00,63.0,63.0,62.0,63.0,0.0,23.2,1449.2,0
2020-02-05,2020-02-05 11:00:00,62.0,62.3,62.0,62.04,0.06,12.8,796.0,1
2020-02-05,2020-02-05 11:10:00,62.04,62.08,62.04,62.08,0.06,12.8,796.0,1
2020-02-05,2020-02-05 11:20:00,62.08,62.12,62.08,62.12,0.06,12.8,796.0,1
2020-02-05,2020-02-05 11:30:00,62.12,62.17,62.12,62.17,0.08,12.8,796.0,1
2020-02-05,2020-02-05 11:40:00,62.17,62.21,62.17,62.21,0.06,12.8,796.0,1
2020-02-05,2020-02-05 11:50:00,62.21,62.25,62.21,62.25,0.06,12.8,796.0,1
2020-02-05,2020-02-05 12:00:00,62.25,62.29,62.25,62.29,0.06,12.8,796.0,1
2020-02-05,2020-02-05 12:10:00,62.29,62.33,62.29,62.33,0.06,12.8,796.0,1
2020-02-05,2020-02-05 12:20:00,62.33,62.38,62.33,62.38,0.08,12.8,796.0,1
2020-02-05,2020-02-05 12:30:00,62.38,62.42,62.38,62.42,0.06,12.8,796.0,1
2020-02-05,2020-02-05 12:40:00,62.42,62.46,62.42,62.46,0.06,12.8,796.0,1
2020-02-05,2020-02-05 12:50:00,62.46,62.5,62.46,62.5,0.06,12.8,796.0,1
2020-02-05,2020-02-05 13:00:00,62.5,63.0,62.0,62.54,0.06,12.8,796.0,1
2020-02-05,2020-02-05 13:10:00,62.54,62.58,62.54,62.58,0.06,12.8,796.0,1
2020-02-05,2020-02-05 13:20:00,62.58,62.62,62.58,62.62,0.06,12.8,796.0,1
2020-02-05,2020-02-05 13:30:00,62.62,62.67,62.62,62.67,0.08,12.8,796.0,1
2020-02-05,2020-02-05 13:40:00,62.67,62.71,62.67,62.71,0.06,12.8,796.0,1
2020-02-05,2020-02-05 13:50:00,62.71,62.75,62.71,62.75,0.06,12.8,796.0,1
2020-02-05,2020-02-05 14:00:00,62.75,62.79,62.75,62.79,0.06,12.8,796.0,1
2020-02-05,2020-02-05 14:10:00,62.79,62.83,62.79,62.83,0.06,12.8,796.0,1
2020-02-05,2020-02-05 14:20:00,62.83,62.88,62.83,62.88,0.08,12.8,796.0,1
2020-02-05,2020-02-05 14:30:00,62.88,62.92,62.88,62.92,0.06,12.8,796.0,1
2020-02-05,2020-02-05 14:40:00,62.92,62.96,62.92,62.96,0.06,12.8,796.0,1
2020-02-05,2020-02-05 14:50:00,62.96,63.0,62.96,63.0,0.06,12.8,796.0,1
2020-02-05,2020-02-05 15:00:00,63.0,63.0,62.0,63.0,0.0,12.8,796.0,0
2020-02-06,2020-02-06 11:00:00,62.0,62.0,62.0,62.0,0.0,11.6,719.2,0
2020-02-06,2020-02-06 11:10:00,62.0,62.0,62.0,62.0,0.0,11.6,719.2,0
2020-02-06,2020-02-06 11:20:00,62.0,62.0,62.0,62.0,0.0,11.6,719.2,0
2020-02-06,2020-02-06 11:30:00,62.0,62.0,62.0,62.0,0.0,11.6,719.2,0
2020-02-06,2020-02-06 11:40:00,62.0,62.0,62.0,62.0,0.0,11.6,719.2,0
2020-02-06,2020-02-06 11:50:00,62.0,62.0,62.0,62.0,0.0,11.6,719.2,0
2020-02-06,2020-02-06 12:00:00,62.0,62.0,62.0,62.0,0.0,11.6,719.2,0
2020-02-06,2020-02-06 12:10:00,62.0,62.0,62.0,62.0,0.0,11.6,719.2,0
2020-02-06,2020-02-06 12:20:00,62.0,62.0,62.0,62.0,0.0,11.6,719.2,0
2020-02-06,2020-02-06 12:30:00,62.0,62.0,62.0,62.0,0.0,11.6,719.2,0
2020-02-06,2020-02-06 12:40:00,62.0,62.0,62.0,62.0,0.0,11.6,719.2,0
2020-02-06,2020-02-06 12:50:00,62.0,62.0,62.0,62.0,0.0,11.6,719.2,0
2020-02-06,2020-02-06 13:00:00,62.0,62.0,62.0,62.0,0.0,11.6,719.2,0
2020-02-06,2020-02-06 13:10:00,62.0,62.0,62.0,62.0,0.0,11.6,719.2,0
2020-02-06,2020-02-06 13:20:00,62.0,62.0,62.0,62.0,0.0,11.6,719.2,0
2020-02-06,2020-02-06 13:30:00,62.0,62.0,62.0,62.0,0.0,11.6,719.2,0
2020-02-06,2020-02-06 13:40:00,62.0,62.0,62.0,62.0,0.0,11.6,719.2,0
2020-02-06,2020-02-06 13:50:00,62.0,62.0,62.0,62.0,0.0,11.6,719.2,0
2020-02-06,2020-02-06 14:00:00,62.0,62.0,62.0,62.0,0.0,11.6,719.2,0
2020-02-06,2020-02-06 14:10:00,62.0,62.0,62.0,62.0,0.0,11.6,719.2,0
2020-02-06,2020-02-06 14:20:00,62.0,62.0,62.0,62.0,0.0,11.6,719.2,0
2020-02-06,2020-02-06 14:30:00,62.0,62.0,62.0,62.0,0.0,11.6,719.2,0
2020-02-06,2020-02-06 14:40:00,62.0,62.0,62.0,62.0,0.0,11.6,719.2,0
2020-02-06,2020-02-06 14:50:00,62.0,62.0,62.0,62.0,0.0,11.6,719.2,0
2020-02-06,2020-02-06 15:00:00,62.0,62.0,62.0,62.0,0.0,11.6,719.2,0
2020-02-09,2020-02-09 11:00:00,61.0,61.6,61.0,61.08,0.13,4.8,296.0,1
2020-02-09,2020-02-09 11:10:00,61.08,61.17,61.08,61.17,0.15,4.8,296.0,1
2020-02-09,2020-02-09 11:20:00,61.17,61.25,61.17,61.25,0.13,4.8,296.0,1
2020-02-09,2020-02-09 11:30:00,61.25,61.33,61.25,61.33,0.13,4.8,296.0,1
2020-02-09,2020-02-09 11:40:00,61.33,61.42,61.33,61.42,0.15,4.8,296.0,1
2020-02-09,2020-02-09 11:50:00,61.42,61.5,61.42,61.5,0.13,4.8,296.0,1
2020-02-09,2020-02-09 12:00:00,61.5,61.58,61.5,61.58,0.13,4.8,296.0,1
2020-02-09,2020-02-09 12:10:00,61.58,61.67,61.58,61.67,0.15,4.8,296.0,1
2020-02-09,2020-02-09 12:20:00,61.67,61.75,61.67,61.75,0.13,4.8,296.0,1
2020-02-09,2020-02-09 12:30:00,61.75,61.83,61.75,61.83,0.13,4.8,296.0,1
2020-02-09,2020-02-09 12:40:00,61.83,61.92,61.83,61.92,0.15,4.8,296.0,1
2020-02-09,2020-02-09 12:50:00,61.92,62.0,61.92,62.0,0.13,4.8,296.0,1
2020-02-09,2020-02-09 13:00:00,62.0,63.0,61.0,62.08,0.13,4.8,296.0,1
2020-02-09,2020-02-09 13:10:00,62.08,62.17,62.08,62.17,0.14,4.8,296.0,1
2020-02-09,2020-02-09 13:20:00,62.17,62.25,62.17,62.25,0.13,4.8,296.0,1
2020-02-09,2020-02-09 13:30:00,62.25,62.33,62.25,62.33,0.13,4.8,296.0,1
2020-02-09,2020-02-09 13:40:00,62.33,62.42,62.33,62.42,0.14,4.8,296.0,1
2020-02-09,2020-02-09 13:50:00,62.42,62.5,62.42,62.5,0.13,4.8,296.0,1
2020-02-09,2020-02-09 14:00:00,62.5,62.58,62.5,62.58,0.13,4.8,296.0,1
2020-02-09,2020-02-09 14:10:00,62.58,62.67,62.58,62.67,0.14,4.8,296.0,1
2020-02-09,2020-02-09 14:20:00,62.67,62.75,62.67,62.75,0.13,4.8,296.0,1
2020-02-09,2020-02-09 14:30:00,62.75,62.83,62.75,62.83,0.13,4.8,296.0,1
2020-02-09,2020-02-09 14:40:00,62.83,62.92,62.83,62.92,0.14,4.8,296.0,1
2020-02-09,2020-02-09 14:50:00,62.92,63.0,62.92,63.0,0.13,4.8,296.0,1
2020-02-09,2020-02-09 15:00:00,63.0,63.0,61.0,63.0,0.0,4.8,296.0,0
2020-02-10,2020-02-10 11:00:00,62.0,62.0,61.1,61.92,-0.13,135.2,8233.2,-1
2020-02-10,2020-02-10 11:10:00,61.92,61.92,61.83,61.83,-0.15,135.2,8233.2,-1
2020-02-10,2020-02-10 11:20:00,61.83,61.83,61.75,61.75,-0.13,135.2,8233.2,-1
2020-02-10,2020-02-10 11:30:00,61.75,61.75,61.67,61.67,-0.13,135.2,8233.2,-1
2020-02-10,2020-02-10 11:40:00,61.67,61.67,61.58,61.58,-0.15,135.2,8233.2,-1
2020-02-10,2020-02-10 11:50:00,61.58,61.58,61.5,61.5,-0.13,135.2,8233.2,-1
2020-02-10,2020-02-10 12:00:00,61.5,61.5,61.42,61.42,-0.13,135.2,8233.2,-1
2020-02-10,2020-02-10 12:10:00,61.42,61.42,61.33,61.33,-0.15,135.2,8233.2,-1
2020-02-10,2020-02-10 12:20:00,61.33,61.33,61.25,61.25,-0.13,135.2,8233.2,-1
2020-02-10,2020-02-10 12:30:00,61.25,61.25,61.17,61.17,-0.13,135.2,8233.2,-1
2020-02-10,2020-02-10 12:40:00,61.17,61.17,61.08,61.08,-0.15,135.2,8233.2,-1
2020-02-10,2020-02-10 12:50:00,61.08,61.08,61.0,61.0,-0.13,135.2,8233.2,-1
2020-02-10,2020-02-10 13:00:00,61.0,62.0,59.0,60.92,-0.13,135.2,8233.2,-1
2020-02-10,2020-02-10 13:10:00,60.92,60.92,60.83,60.83,-0.15,135.2,8233.2,-1
2020-02-10,2020-02-10 13:20:00,60.83,60.83,60.75,60.75,-0.13,135.2,8233.2,-1
2020-02-10,2020-02-10 13:30:00,60.75,60.75,60.67,60.67,-0.13,135.2,8233.2,-1
2020-02-10,2020-02-10 13:40:00,60.67,60.67,60.58,60.58,-0.15,135.2,8233.2,-1
2020-02-10,2020-02-10 13:50:00,60.58,60.58,60.5,60.5,-0.13,135.2,8233.2,-1
2020-02-10,2020-02-10 14:00:00,60.5,60.5,60.42,60.42,-0.13,135.2,8233.2,-1
2020-02-10,2020-02-10 14:10:00,60.42,60.42,60.33,60.33,-0.15,135.2,8233.2,-1
2020-02-10,2020-02-10 14:20:00,60.33,60.33,60.25,60.25,-0.13,135.2,8233.2,-1
2020-02-10,2020-02-10 14:30:00,60.25,60.25,60.17,60.17,-0.13,135.2,8233.2,-1
2020-02-10,2020-02-10 14:40:00,60.17,60.17,60.08,60.08,-0.15,135.2,8233.2,-1
2020-02-10,2020-02-10 14:50:00,60.08,60.08,60.0,60.0,-0.13,135.2,8233.2,-1
2020-02-10,2020-02-10 15:00:00,60.0,62.0,59.0,60.0,0.0,135.2,8233.2,0
2020-02-11,2020-02-11 11:00:00,59.0,59.6,58.7,59.0,0.0,18.92,1112.96,0
2020-02-11,2020-02-11 11:10:00,59.0,59.0,59.0,59.0,0.0,18.92,1112.96,0
2020-02-11,2020-02-11 11:20:00,59.0,59.0,59.0,59.0,0.0,18.92,1112.96,0
2020-02-11,2020-02-11 11:30:00,59.0,59.0,59.0,59.0,0.0,18.92,1112.96,0
2020-02-11,2020-02-11 11:40:00,59.0,59.0,59.0,59.0,0.0,18.92,1112.96,0
2020-02-11,2020-02-11 11:50:00,59.0,59.0,59.0,59.0,0.0,18.92,1112.96,0
2020-02-11,2020-02-11 12:00:00,59.0,59.0,59.0,59.0,0.0,18.92,1112.96,0
2020-02-11,2020-02-11 12:10:00,59.0,59.0,59.0,59.0,0.0,18.92,1112.96,0
2020-02-11,2020-02-11 12:20:00,59.0,59.0,59.0,59.0,0.0,18.92,1112.96,0
2020-02-11,2020-02-11 12:30:00,59.0,59.0,59.0,59.0,0.0,18.92,1112.96,0
2020-02-11,2020-02-11 12:40:00,59.0,59.0,59.0,59.0,0.0,18.92,1112.96,0
2020-02-11,2020-02-11 12:50:00,59.0,59.0,59.0,59.0,0.0,18.92,1112.96,0
2020-02-11,2020-02-11 13:00:00,59.0,61.0,58.0,59.0,0.0,18.92,1112.96,0
2020-02-11,2020-02-11 13:10:00,59.0,59.0,59.0,59.0,0.0,18.92,1112.96,0
2020-02-11,2020-02-11 13:20:00,59.0,59.0,59.0,59.0,0.0,18.92,1112.96,0
2020-02-11,2020-02-11 13:30:00,59.0,59.0,59.0,59.0,0.0,18.92,1112.96,0
2020-02-11,2020-02-11 13:40:00,59.0,59.0,59.0,59.0,0.0,18.92,1112.96,0
2020-02-11,2020-02-11 13:50:00,59.0,59.0,59.0,59.0,0.0,18.92,1112.96,0
2020-02-11,2020-02-11 14:00:00,59.0,59.0,59.0,59.0,0.0,18.92,1112.96,0
2020-02-11,2020-02-11 14:10:00,59.0,59.0,59.0,59.0,0.0,18.92,1112.96,0
2020-02-11,2020-02-11 14:20:00,59.0,59.0,59.0,59.0,0.0,18.92,1112.96,0
2020-02-11,2020-02-11 14:30:00,59.0,59.0,59.0,59.0,0.0,18.92,1112.96,0
2020-02-11,2020-02-11 14:40:00,59.0,59.0,59.0,59.0,0.0,18.92,1112.96,0
2020-02-11,2020-02-11 14:50:00,59.0,59.0,59.0,59.0,0.0,18.92,1112.96,0
2020-02-11,2020-02-11 15:00:00,59.0,61.0,58.0,59.0,0.0,18.92,1112.96,0
2020-02-12,2020-02-12 11:00:00,59.0,59.3,59.0,59.04,0.07,58.8,3512.8,1
2020-02-12,2020-02-12 11:10:00,59.04,59.08,59.04,59.08,0.07,58.8,3512.8,1
2020-02-12,2020-02-12 11:20:00,59.08,59.12,59.08,59.12,0.07,58.8,3512.8,1
2020-02-12,2020-02-12 11:30:00,59.12,59.17,59.12,59.17,0.08,58.8,3512.8,1
2020-02-12,2020-02-12 11:40:00,59.17,59.21,59.17,59.21,0.07,58.8,3512.8,1
2020-02-12,2020-02-12 11:50:00,59.21,59.25,59.21,59.25,0.07,58.8,3512.8,1
2020-02-12,2020-02-12 12:00:00,59.25,59.29,59.25,59.29,0.07,58.8,3512.8,1
2020-02-12,2020-02-12 12:10:00,59.29,59.33,59.29,59.33,0.07,58.8,3512.8,1
2020-02-12,2020-02-12 12:20:00,59.33,59.38,59.33,59.38,0.08,58.8,3512.8,1
2020-02-12,2020-02-12 12:30:00,59.38,59.42,59.38,59.42,0.07,58.8,3512.8,1
2020-02-12,2020-02-12 12:40:00,59.42,59.46,59.42,59.46,0.07,58.8,3512.8,1
2020-02-12,2020-02-12 12:50:00,59.46,59.5,59.46,59.5,0.07,58.8,3512.8,1
2020-02-12,2020-02-12 13:00:00,59.5,60.0,59.0,59.54,0.07,58.8,3512.8,1
2020-02-12,2020-02-12 13:10:00,59.54,59.58,59.54,59.58,0.07,58.8,3512.8,1
2020-02-12,2020-02-12 13:20:00,59.58,59.62,59.58,59.62,0.07,58.8,3512.8,1
2020-02-12,2020-02-12 13:30:00,59.62,59.67,59.62,59.67,0.08,58.8,3512.8,1
2020-02-12,2020-02-12 13:40:00,59.67,59.71,59.67,59.71,0.07,58.8,3512.8,1
2020-02-12,2020-02-12 13:50:00,59.71,59.75,59.71,59.75,0.07,58.8,3512.8,1
2020-02-12,2020-02-12 14:00:00,59.75,59.79,59.75,59.79,0.07,58.8,3512.8,1
2020-02-12,2020-02-12 14:10:00,59.79,59.83,59.79,59.83,0.07,58.8,3512.8,1
2020-02-12,2020-02-12 14:20:00,59.83,59.88,59.83,59.88,0.08,58.8,3512.8,1
2020-02-12,2020-02-12 14:30:00,59.88,59.92,59.88,59.92,0.07,58.8,3512.8,1
2020-02-12,2020-02-12 14:40:00,59.92,59.96,59.92,59.96,0.07,58.8,3512.8,1
2020-02-12,2020-02-12 14:50:00,59.96,60.0,59.96,60.0,0.07,58.8,3512.8,1
2020-02-12,2020-02-12 15:00:00,60.0,60.0,59.0,60.0,0.0,58.8,3512.8,0
2020-02-13,2020-02-13 11:00:00,59.0,59.3,58.7,59.0,0.0,26.8,1583.6,0
2020-02-13,2020-02-13 11:10:00,59.0,59.0,59.0,59.0,0.0,26.8,1583.6,0
2020-02-13,2020-02-13 11:20:00,59.0,59.0,59.0,59.0,0.0,26.8,1583.6,0
2020-02-13,2020-02-13 11:30:00,59.0,59.0,59.0,59.0,0.0,26.8,1583.6,0
2020-02-13,2020-02-13 11:40:00,59.0,59.0,59.0,59.0,0.0,26.8,1583.6,0
2020-02-13,2020-02-13 11:50:00,59.0,59.0,59.0,59.0,0.0,26.8,1583.6,0
2020-02-13,2020-02-13 12:00:00,59.0,59.0,59.0,59.0,0.0,26.8,1583.6,0
2020-02-13,2020-02-13 12:10:00,59.0,59.0,59.0,59.0,0.0,26.8,1583.6,0
2020-02-13,2020-02-13 12:20:00,59.0,59.0,59.0,59.0,0.0,26.8,1583.6,0
2020-02-13,2020-02-13 12:30:00,59.0,59.0,59.0,59.0,0.0,26.8,1583.6,0
2020-02-13,2020-02-13 12:40:00,59.0,59.0,59.0,59.0,0.0,26.8,1583.6,0
2020-02-13,2020-02-13 12:50:00,59.0,59.0,59.0,59.0,0.0,26.8,1583.6,0
2020-02-13,2020-02-13 13:00:00,59.0,60.0,58.0,59.0,0.0,26.8,1583.6,0
2020-02-13,2020-02-13 13:10:00,59.0,59.0,59.0,59.0,0.0,26.8,1583.6,0
2020-02-13,2020-02-13 13:20:00,59.0,59.0,59.0,59.0,0.0,26.8,1583.6,0
2020-02-13,2020-02-13 13:30:00,59.0,59.0,59.0,59.0,0.0,26.8,1583.6,0
2020-02-13,2020-02-13 13:40:00,59.0,59.0,59.0,59.0,0.0,26.8,1583.6,0
2020-02-13,2020-02-13 13:50:00,59.0,59.0,59.0,59.0,0.0,26.8,1583.6,0
2020-02-13,2020-02-13 14:00:00,59.0,59.0,59.0,59.0,0.0,26.8,1583.6,0
2020-02-13,2020-02-13 14:10:00,59.0,59.0,59.0,59.0,0.0,26.8,1583.6,0
2020-02-13,2020-02-13 14:20:00,59.0,59.0,59.0,59.0,0.0,26.8,1583.6,0
2020-02-13,2020-02-13 14:30:00,59.0,59.0,59.0,59.0,0.0,26.8,1583.6,0
2020-02-13,2020-02-13 14:40:00,59.0,59.0,59.0,59.0,0.0,26.8,1583.6,0
2020-02-13,2020-02-13 14:50:00,59.0,59.0,59.0,59.0,0.0,26.8,1583.6,0
2020-02-13,2020-02-13 15:00:00,59.0,60.0,58.0,59.0,0.0,26.8,1583.6,0
2020-02-16,2020-02-16 11:00:00,58.0,58.0,57.7,58.0,0.0,13.2,757.6,0
2020-02-16,2020-02-16 11:10:00,58.0,58.0,58.0,58.0,0.0,13.2,757.6,0
2020-02-16,2020-02-16 11:20:00,58.0,58.0,58.0,58.0,0.0,13.2,757.6,0
2020-02-16,2020-02-16 11:30:00,58.0,58.0,58.0,58.0,0.0,13.2,757.6,0
2020-02-16,2020-02-16 11:40:00,58.0,58.0,58.0,58.0,0.0,13.2,757.6,0
2020-02-16,2020-02-16 11:50:00,58.0,58.0,58.0,58.0,0.0,13.2,757.6,0
2020-02-16,2020-02-16 12:00:00,58.0,58.0,58.0,58.0,0.0,13.2,757.6,0
2020-02-16,2020-02-16 12:10:00,58.0,58.0,58.0,58.0,0.0,13.2,757.6,0
2020-02-16,2020-02-16 12:20:00,58.0,58.0,58.0,58.0,0.0,13.2,757.6,0
2020-02-16,2020-02-16 12:30:00,58.0,58.0,58.0,58.0,0.0,13.2,757.6,0
2020-02-16,2020-02-16 12:40:00,58.0,58.0,58.0,58.0,0.0,13.2,757.6,0
2020-02-16,2020-02-16 12:50:00,58.0,58.0,58.0,58.0,0.0,13.2,757.6,0
2020-02-16,2020-02-16 13:00:00,58.0,58.0,57.0,58.0,0.0,13.2,757.6,0
2020-02-16,2020-02-16 13:10:00,58.0,58.0,58.0,58.0,0.0,13.2,757.6,0
2020-02-16,2020-02-16 13:20:00,58.0,58.0,58.0,58.0,0.0,13.2,757.6,0
2020-02-16,2020-02-16 13:30:00,58.0,58.0,58.0,58.0,0.0,13.2,757.6,0
2020-02-16,2020-02-16 13:40:00,58.0,58.0,58.0,58.0,0.0,13.2,757.6,0
2020-02-16,2020-02-16 13:50:00,58.0,58.0,58.0,58.0,0.0,13.2,757.6,0
2020-02-16,2020-02-16 14:00:00,58.0,58.0,58.0,58.0,0.0,13.2,757.6,0
2020-02-16,2020-02-16 14:10:00,58.0,58.0,58.0,58.0,0.0,13.2,757.6,0
2020-02-16,2020-02-16 14:20:00,58.0,58.0,58.0,58.0,0.0,13.2,757.6,0
2020-02-16,2020-02-16 14:30:00,58.0,58.0,58.0,58.0,0.0,13.2,757.6,0
2020-02-16,2020-02-16 14:40:00,58.0,58.0,58.0,58.0,0.0,13.2,757.6,0
2020-02-16,2020-02-16 14:50:00,58.0,58.0,58.0,58.0,0.0,13.2,757.6,0
2020-02-16,2020-02-16 15:00:00,58.0,58.0,57.0,58.0,0.0,13.2,757.6,0
2020-02-17,2020-02-17 11:00:00,57.0,58.5,57.0,57.17,0.3,219.2,13259.6,1
2020-02-17,2020-02-17 11:10:00,57.17,57.33,57.17,57.33,0.28,219.2,13259.6,1
2020-02-17,2020-02-17 11:20:00,57.33,57.5,57.33,57.5,0.3,219.2,13259.6,1
2020-02-17,2020-02-17 11:30:00,57.5,57.67,57.5,57.67,0.3,219.2,13259.6,1
2020-02-17,2020-02-17 11:40:00,57.67,57.83,57.67,57.83,0.28,219.2,13259.6,1
2020-02-17,2020-02-17 11:50:00,57.83,58.0,57.83,58.0,0.29,219.2,13259.6,1
2020-02-17,2020-02-17 12:00:00,58.0,58.17,58.0,58.17,0.29,219.2,13259.6,1
2020-02-17,2020-02-17 12:10:00,58.17,58.33,58.17,58.33,0.28,219.2,13259.6,1
2020-02-17,2020-02-17 12:20:00,58.33,58.5,58.33,58.5,0.29,219.2,13259.6,1
2020-02-17,2020-02-17 12:30:00,58.5,58.67,58.5,58.67,0.29,219.2,13259.6,1
2020-02-17,2020-02-17 12:40:00,58.67,58.83,58.67,58.83,0.27,219.2,13259.6,1
2020-02-17,2020-02-17 12:50:00,58.83,59.0,58.83,59.0,0.29,219.2,13259.6,1
2020-02-17,2020-02-17 13:00:00,59.0,62.0,57.0,59.17,0.29,219.2,13259.6,1
2020-02-17,2020-02-17 13:10:00,59.17,59.33,59.17,59.33,0.27,219.2,13259.6,1
2020-02-17,2020-02-17 13:20:00,59.33,59.5,59.33,59.5,0.29,219.2,13259.6,1
2020-02-17,2020-02-17 13:30:00,59.5,59.67,59.5,59.67,0.29,219.2,13259.6,1
2020-02-17,2020-02-17 13:40:00,59.67,59.83,59.67,59.83,0.27,219.2,13259.6,1
2020-02-17,2020-02-17 13:50:00,59.83,60.0,59.83,60.0,0.28,219.2,13259.6,1
2020-02-17,2020-02-17 14:00:00,60.0,60.17,60.0,60.17,0.28,219.2,13259.6,1
2020-02-17,2020-02-17 14:10:00,60.17,60.33,60.17,60.33,0.27,219.2,13259.6,1
2020-02-17,2020-02-17 14:20:00,60.33,60.5,60.33,60.5,0.28,219.2,13259.6,1
2020-02-17,2020-02-17 14:30:00,60.5,60.67,60.5,60.67,0.28,219.2,13259.6,1
2020-02-17,2020-02-17 14:40:00,60.67,60.83,60.67,60.83,0.26,219.2,13259.6,1
2020-02-17,2020-02-17 14:50:00,60.83,61.0,60.83,61.0,0.28,219.2,13259.6,1
2020-02-17,2020-02-17 15:00:00,61.0,62.0,57.0,61.0,0.0,219.2,13259.6,0
2020-02-18,2020-02-18 11:00:00,60.0,61.2,59.7,60.12,0.2,130.0,8045.2,1
2020-02-18,2020-02-18 11:10:00,60.12,60.25,60.12,60.25,0.22,130.0,8045.2,1
2020-02-18,2020-02-18 11:20:00,60.25,60.38,60.25,60.38,0.22,130.0,8045.2,1
2020-02-18,2020-02-18 11:30:00,60.38,60.5,60.38,60.5,0.2,130.0,8045.2,1
2020-02-18,2020-02-18 11:40:00,60.5,60.62,60.5,60.62,0.2,130.0,8045.2,1
2020-02-18,2020-02-18 11:50:00,60.62,60.75,60.62,60.75,0.21,130.0,8045.2,1
2020-02-18,2020-02-18 12:00:00,60.75,60.88,60.75,60.88,0.21,130.0,8045.2,1
2020-02-18,2020-02-18 12:10:00,60.88,61.0,60.88,61.0,0.2,130.0,8045.2,1
2020-02-18,2020-02-18 12:20:00,61.0,61.12,61.0,61.12,0.2,130.0,8045.2,1
2020-02-18,2020-02-18 12:30:00,61.12,61.25,61.12,61.25,0.21,130.0,8045.2,1
2020-02-18,2020-02-18 12:40:00,61.25,61.38,61.25,61.38,0.21,130.0,8045.2,1
2020-02-18,2020-02-18 12:50:00,61.38,61.5,61.38,61.5,0.2,130.0,8045.2,1
2020-02-18,2020-02-18 13:00:00,61.5,64.0,59.0,61.62,0.2,130.0,8045.2,1
2020-02-18,2020-02-18 13:10:00,61.62,61.75,61.62,61.75,0.21,130.0,8045.2,1
2020-02-18,2020-02-18 13:20:00,61.75,61.88,61.75,61.88,0.21,130.0,8045.2,1
2020-02-18,2020-02-18 13:30:00,61.88,62.0,61.88,62.0,0.19,130.0,8045.2,1
2020-02-18,2020-02-18 13:40:00,62.0,62.12,62.0,62.12,0.19,130.0,8045.2,1
2020-02-18,2020-02-18 13:50:00,62.12,62.25,62.12,62.25,0.21,130.0,8045.2,1
2020-02-18,2020-02-18 14:00:00,62.25,62.38,62.25,62.38,0.21,130.0,8045.2,1
2020-02-18,2020-02-18 14:10:00,62.38,62.5,62.38,62.5,0.19,130.0,8045.2,1
2020-02-18,2020-02-18 14:20:00,62.5,62.62,62.5,62.62,0.19,130.0,8045.2,1
2020-02-18,2020-02-18 14:30:00,62.62,62.75,62.62,62.75,0.21,130.0,8045.2,1
2020-02-18,2020-02-18 14:40:00,62.75,62.88,62.75,62.88,0.21,130.0,8045.2,1
2020-02-18,2020-02-18 14:50:00,62.88,63.0,62.88,63.0,0.19,130.0,8045.2,1
2020-02-18,2020-02-18 15:00:00,63.0,64.0,59.0,63.0,0.0,130.0,8045.2,0
2020-02-19,2020-02-19 11:00:00,63.0,63.3,62.4,63.04,0.06,32.4,2036.0,1
2020-02-19,2020-02-19 11:10:00,63.04,63.08,63.04,63.08,0.06,32.4,2036.0,1
2020-02-19,2020-02-19 11:20:00,63.08,63.12,63.08,63.12,0.06,32.4,2036.0,1
2020-02-19,2020-02-19 11:30:00,63.12,63.17,63.12,63.17,0.08,32.4,2036.0,1
2020-02-19,2020-02-19 11:40:00,63.17,63.21,63.17,63.21,0.06,32.4,2036.0,1
2020-02-19,2020-02-19 11:50:00,63.21,63.25,63.21,63.25,0.06,32.4,2036.0,1
2020-02-19,2020-02-19 12:00:00,63.25,63.29,63.25,63.29,0.06,32.4,2036.0,1
2020-02-19,2020-02-19 12:10:00,63.29,63.33,63.29,63.33,0.06,32.4,2036.0,1
2020-02-19,2020-02-19 12:20:00,63.33,63.38,63.33,63.38,0.08,32.4,2036.0,1
2020-02-19,2020-02-19 12:30:00,63.38,63.42,63.38,63.42,0.06,32.4,2036.0,1
2020-02-19,2020-02-19 12:40:00,63.42,63.46,63.42,63.46,0.06,32.4,2036.0,1
2020-02-19,2020-02-19 12:50:00,63.46,63.5,63.46,63.5,0.06,32.4,2036.0,1
2020-02-19,2020-02-19 13:00:00,63.5,64.0,61.0,63.54,0.06,32.4,2036.0,1
2020-02-19,2020-02-19 13:10:00,63.54,63.58,63.54,63.58,0.06,32.4,2036.0,1
2020-02-19,2020-02-19 13:20:00,63.58,63.62,63.58,63.62,0.06,32.4,2036.0,1
2020-02-19,2020-02-19 13:30:00,63.62,63.67,63.62,63.67,0.08,32.4,2036.0,1
2020-02-19,2020-02-19 13:40:00,63.67,63.71,63.67,63.71,0.06,32.4,2036.0,1
2020-02-19,2020-02-19 13:50:00,63.71,63.75,63.71,63.75,0.06,32.4,2036.0,1
2020-02-19,2020-02-19 14:00:00,63.75,63.79,63.75,63.79,0.06,32.4,2036.0,1
2020-02-19,2020-02-19 14:10:00,63.79,63.83,63.79,63.83,0.06,32.4,2036.0,1
2020-02-19,2020-02-19 14:20:00,63.83,63.88,63.83,63.88,0.08,32.4,2036.0,1
2020-02-19,2020-02-19 14:30:00,63.88,63.92,63.88,63.92,0.06,32.4,2036.0,1
2020-02-19,2020-02-19 14:40:00,63.92,63.96,63.92,63.96,0.06,32.4,2036.0,1
2020-02-19,2020-02-19 14:50:00,63.96,64.0,63.96,64.0,0.06,32.4,2036.0,1
2020-02-19,2020-02-19 15:00:00,64.0,64.0,61.0,64.0,0.0,32.4,2036.0,0
2020-02-20,2020-02-20 11:00:00,65.0,65.6,64.4,65.0,0.0,80.0,5303.6,0
2020-02-20,2020-02-20 11:10:00,65.0,65.0,65.0,65.0,0.0,80.0,5303.6,0
2020-02-20,2020-02-20 11:20:00,65.0,65.0,65.0,65.0,0.0,80.0,5303.6,0
2020-02-20,2020-02-20 11:30:00,65.0,65.0,65.0,65.0,0.0,80.0,5303.6,0
2020-02-20,2020-02-20 11:40:00,65.0,65.0,65.0,65.0,0.0,80.0,5303.6,0
2020-02-20,2020-02-20 11:50:00,65.0,65.0,65.0,65.0,0.0,80.0,5303.6,0
2020-02-20,2020-02-20 12:00:00,65.0,65.0,65.0,65.0,0.0,80.0,5303.6,0
2020-02-20,2020-02-20 12:10:00,65.0,65.0,65.0,65.0,0.0,80.0,5303.6,0
2020-02-20,2020-02-20 12:20:00,65.0,65.0,65.0,65.0,0.0,80.0,5303.6,0
2020-02-20,2020-02-20 12:30:00,65.0,65.0,65.0,65.0,0.0,80.0,5303.6,0
2020-02-20,2020-02-20 12:40:00,65.0,65.0,65.0,65.0,0.0,80.0,5303.6,0
2020-02-20,2020-02-20 12:50:00,65.0,65.0,65.0,65.0,0.0,80.0,5303.6,0
2020-02-20,2020-02-20 13:00:00,65.0,67.0,63.0,65.0,0.0,80.0,5303.6,0
2020-02-20,2020-02-20 13:10:00,65.0,65.0,65.0,65.0,0.0,80.0,5303.6,0
2020-02-20,2020-02-20 13:20:00,65.0,65.0,65.0,65.0,0.0,80.0,5303.6,0
2020-02-20,2020-02-20 13:30:00,65.0,65.0,65.0,65.0,0.0,80.0,5303.6,0
2020-02-20,2020-02-20 13:40:00,65.0,65.0,65.0,65.0,0.0,80.0,5303.6,0
2020-02-20,2020-02-20 13:50:00,65.0,65.0,65.0,65.0,0.0,80.0,5303.6,0
2020-02-20,2020-02-20 14:00:00,65.0,65.0,65.0,65.0,0.0,80.0,5303.6,0
2020-02-20,2020-02-20 14:10:00,65.0,65.0,65.0,65.0,0.0,80.0,5303.6,0
2020-02-20,2020-02-20 14:20:00,65.0,65.0,65.0,65.0,0.0,80.0,5303.6,0
2020-02-20,2020-02-20 14:30:00,65.0,65.0,65.0,65.0,0.0,80.0,5303.6,0
2020-02-20,2020-02-20 14:40:00,65.0,65.0,65.0,65.0,0.0,80.0,5303.6,0
2020-02-20,2020-02-20 14:50:00,65.0,65.0,65.0,65.0,0.0,80.0,5303.6,0
2020-02-20,2020-02-20 15:00:00,65.0,67.0,63.0,65.0,0.0,80.0,5303.6,0
2020-02-23,2020-02-23 11:00:00,64.0,64.6,63.7,64.0,0.0,126.4,8272.4,0
2020-02-23,2020-02-23 11:10:00,64.0,64.0,64.0,64.0,0.0,126.4,8272.4,0
2020-02-23,2020-02-23 11:20:00,64.0,64.0,64.0,64.0,0.0,126.4,8272.4,0
2020-02-23,2020-02-23 11:30:00,64.0,64.0,64.0,64.0,0.0,126.4,8272.4,0
2020-02-23,2020-02-23 11:40:00,64.0,64.0,64.0,64.0,0.0,126.4,8272.4,0
2020-02-23,2020-02-23 11:50:00,64.0,64.0,64.0,64.0,0.0,126.4,8272.4,0
2020-02-23,2020-02-23 12:00:00,64.0,64.0,64.0,64.0,0.0,126.4,8272.4,0
2020-02-23,2020-02-23 12:10:00,64.0,64.0,64.0,64.0,0.0,126.4,8272.4,0
2020-02-23,2020-02-23 12:20:00,64.0,64.0,64.0,64.0,0.0,126.4,8272.4,0
2020-02-23,2020-02-23 12:30:00,64.0,64.0,64.0,64.0,0.0,126.4,8272.4,0
2020-02-23,2020-02-23 12:40:00,64.0,64.0,64.0,64.0,0.0,126.4,8272.4,0
2020-02-23,2020-02-23 12:50:00,64.0,64.0,64.0,64.0,0.0,126.4,8272.4,0
2020-02-23,2020-02-23 13:00:00,64.0,66.0,63.0,64.0,0.0,126.4,8272.4,0
2020-02-23,2020-02-23 13:10:00,64.0,64.0,64.0,64.0,0.0,126.4,8272.4,0
2020-02-23,2020-02-23 13:20:00,64.0,64.0,64.0,64.0,0.0,126.4,8272.4,0
2020-02-23,2020-02-23 13:30:00,64.0,64.0,64.0,64.0,0.0,126.4,8272.4,0
2020-02-23,2020-02-23 13:40:00,64.0,64.0,64.0,64.0,0.0,126.4,8272.4,0
2020-02-23,2020-02-23 13:50:00,64.0,64.0,64.0,64.0,0.0,126.4,8272.4,0
2020-02-23,2020-02-23 14:00:00,64.0,64.0,64.0,64.0,0.0,126.4,8272.4,0
2020-02-23,2020-02-23 14:10:00,64.0,64.0,64.0,64.0,0.0,126.4,8272.4,0
2020-02-23,2020-02-23 14:20:00,64.0,64.0,64.0,64.0,0.0,126.4,8272.4,0
2020-02-23,2020-02-23 14:30:00,64.0,64.0,64.0,64.0,0.0,126.4,8272.4,0
2020-02-23,2020-02-23 14:40:00,64.0,64.0,64.0,64.0,0.0,126.4,8272.4,0
2020-02-23,2020-02-23 14:50:00,64.0,64.0,64.0,64.0,0.0,126.4,8272.4,0
2020-02-23,2020-02-23 15:00:00,64.0,66.0,63.0,64.0,0.0,126.4,8272.4,0
2020-02-24,2020-02-24 11:00:00,64.0,64.6,63.4,64.0,0.0,160.8,10417.2,0
2020-02-24,2020-02-24 11:10:00,64.0,64.0,64.0,64.0,0.0,160.8,10417.2,0
2020-02-24,2020-02-24 11:20:00,64.0,64.0,64.0,64.0,0.0,160.8,10417.2,0
2020-02-24,2020-02-24 11:30:00,64.0,64.0,64.0,64.0,0.0,160.8,10417.2,0
2020-02-24,2020-02-24 11:40:00,64.0,64.0,64.0,64.0,0.0,160.8,10417.2,0
2020-02-24,2020-02-24 11:50:00,64.0,64.0,64.0,64.0,0.0,160.8,10417.2,0
2020-02-24,2020-02-24 12:00:00,64.0,64.0,64.0,64.0,0.0,160.8,10417.2,0
2020-02-24,2020-02-24 12:10:00,64.0,64.0,64.0,64.0,0.0,160.8,10417.2,0
2020-02-24,2020-02-24 12:20:00,64.0,64.0,64.0,64.0,0.0,160.8,10417.2,0
2020-02-24,2020-02-24 12:30:00,64.0,64.0,64.0,64.0,0.0,160.8,10417.2,0
2020-02-24,2020-02-24 12:40:00,64.0,64.0,64.0,64.0,0.0,160.8,10417.2,0
2020-02-24,2020-02-24 12:50:00,64.0,64.0,64.0,64.0,0.0,160.8,10417.2,0
2020-02-24,2020-02-24 13:00:00,64.0,66.0,62.0,64.0,0.0,160.8,10417.2,0
2020-02-24,2020-02-24 13:10:00,64.0,64.0,64.0,64.0,0.0,160.8,10417.2,0
2020-02-24,2020-02-24 13:20:00,64.0,64.0,64.0,64.0,0.0,160.8,10417.2,0
2020-02-24,2020-02-24 13:30:00,64.0,64.0,64.0,64.0,0.0,160.8,10417.2,0
2020-02-24,2020-02-24 13:40:00,64.0,64.0,64.0,64.0,0.0,160.8,10417.2,0
2020-02-24,2020-02-24 13:50:00,64.0,64.0,64.0,64.0,0.0,160.8,10417.2,0
2020-02-24,2020-02-24 14:00:00,64.0,64.0,64.0,64.0,0.0,160.8,10417.2,0
2020-02-24,2020-02-24 14:10:00,64.0,64.0,64.0,64.0,0.0,160.8,10417.2,0
2020-02-24,2020-02-24 14:20:00,64.0,64.0,64.0,64.0,0.0,160.8,10417.2,0
2020-02-24,2020-02-24 14:30:00,64.0,64.0,64.0,64.0,0.0,160.8,10417.2,0
2020-02-24,2020-02-24 14:40:00,64.0,64.0,64.0,64.0,0.0,160.8,10417.2,0
2020-02-24,2020-02-24 14:50:00,64.0,64.0,64.0,64.0,0.0,160.8,10417.2,0
2020-02-24,2020-02-24 15:00:00,64.0,66.0,62.0,64.0,0.0,160.8,10417.2,0
2020-02-25,2020-02-25 11:00:00,63.0,63.9,62.4,63.04,0.06,66.8,4332.0,1
2020-02-25,2020-02-25 11:10:00,63.04,63.08,63.04,63.08,0.06,66.8,4332.0,1
2020-02-25,2020-02-25 11:20:00,63.08,63.12,63.08,63.12,0.06,66.8,4332.0,1
2020-02-25,2020-02-25 11:30:00,63.12,63.17,63.12,63.17,0.08,66.8,4332.0,1
2020-02-25,2020-02-25 11:40:00,63.17,63.21,63.17,63.21,0.06,66.8,4332.0,1
2020-02-25,2020-02-25 11:50:00,63.21,63.25,63.21,63.25,0.06,66.8,4332.0,1
2020-02-25,2020-02-25 12:00:00,63.25,63.29,63.25,63.29,0.06,66.8,4332.0,1
2020-02-25,2020-02-25 12:10:00,63.29,63.33,63.29,63.33,0.06,66.8,4332.0,1
2020-02-25,2020-02-25 12:20:00,63.33,63.38,63.33,63.38,0.08,66.8,4332.0,1
2020-02-25,2020-02-25 12:30:00,63.38,63.42,63.38,63.42,0.06,66.8,4332.0,1
2020-02-25,2020-02-25 12:40:00,63.42,63.46,63.42,63.46,0.06,66.8,4332.0,1
2020-02-25,2020-02-25 12:50:00,63.46,63.5,63.46,63.5,0.06,66.8,4332.0,1
2020-02-25,2020-02-25 13:00:00,63.5,66.0,61.0,63.54,0.06,66.8,4332.0,1
2020-02-25,2020-02-25 13:10:00,63.54,63.58,63.54,63.58,0.06,66.8,4332.0,1
2020-02-25,2020-02-25 13:20:00,63.58,63.62,63.58,63.62,0.06,66.8,4332.0,1
2020-02-25,2020-02-25 13:30:00,63.62,63.67,63.62,63.67,0.08,66.8,4332.0,1
2020-02-25,2020-02-25 13:40:00,63.67,63.71,63.67,63.71,0.06,66.8,4332.0,1
2020-02-25,2020-02-25 13:50:00,63.71,63.75,63.71,63.75,0.06,66.8,4332.0,1
2020-02-25,2020-02-25 14:00:00,63.75,63.79,63.75,63.79,0.06,66.8,4332.0,1
2020-02-25,2020-02-25 14:10:00,63.79,63.83,63.79,63.83,0.06,66.8,4332.0,1
2020-02-25,2020-02-25 14:20:00,63.83,63.88,63.83,63.88,0.08,66.8,4332.0,1
2020-02-25,2020-02-25 14:30:00,63.88,63.92,63.88,63.92,0.06,66.8,4332.0,1
2020-02-25,2020-02-25 14:40:00,63.92,63.96,63.92,63.96,0.06,66.8,4332.0,1
2020-02-25,2020-02-25 14:50:00,63.96,64.0,63.96,64.0,0.06,66.8,4332.0,1
2020-02-25,2020-02-25 15:00:00,64.0,66.0,61.0,64.0,0.0,66.8,4332.0,0
2020-02-26,2020-02-26 11:00:00,63.0,65.1,63.0,63.29,0.46,176.8,11954.8,1
2020-02-26,2020-02-26 11:10:00,63.29,63.58,63.29,63.58,0.46,176.8,11954.8,1
2020-02-26,2020-02-26 11:20:00,63.58,63.88,63.58,63.88,0.47,176.8,11954.8,1
2020-02-26,2020-02-26 11:30:00,63.88,64.17,63.88,64.17,0.45,176.8,11954.8,1
2020-02-26,2020-02-26 11:40:00,64.17,64.46,64.17,64.46,0.45,176.8,11954.8,1
2020-02-26,2020-02-26 11:50:00,64.46,64.75,64.46,64.75,0.45,176.8,11954.8,1
2020-02-26,2020-02-26 12:00:00,64.75,65.04,64.75,65.04,0.45,176.8,11954.8,1
2020-02-26,2020-02-26 12:10:00,65.04,65.33,65.04,65.33,0.45,176.8,11954.8,1
2020-02-26,2020-02-26 12:20:00,65.33,65.62,65.33,65.62,0.44,176.8,11954.8,1
2020-02-26,2020-02-26 12:30:00,65.62,65.92,65.62,65.92,0.46,176.8,11954.8,1
2020-02-26,2020-02-26 12:40:00,65.92,66.21,65.92,66.21,0.44,176.8,11954.8,1
2020-02-26,2020-02-26 12:50:00,66.21,66.5,66.21,66.5,0.44,176.8,11954.8,1
2020-02-26,2020-02-26 13:00:00,66.5,70.0,63.0,66.79,0.44,176.8,11954.8,1
2020-02-26,2020-02-26 13:10:00,66.79,67.08,66.79,67.08,0.43,176.8,11954.8,1
2020-02-26,2020-02-26 13:20:00,67.08,67.38,67.08,67.38,0.45,176.8,11954.8,1
2020-02-26,2020-02-26 13:30:00,67.38,67.67,67.38,67.67,0.43,176.8,11954.8,1
2020-02-26,2020-02-26 13:40:00,67.67,67.96,67.67,67.96,0.43,176.8,11954.8,1
2020-02-26,2020-02-26 13:50:00,67.96,68.25,67.96,68.25,0.43,176.8,11954.8,1
2020-02-26,2020-02-26 14:00:00,68.25,68.54,68.25,68.54,0.42,176.8,11954.8,1
2020-02-26,2020-02-26 14:10:00,68.54,68.83,68.54,68.83,0.42,176.8,11954.8,1
2020-02-26,2020-02-26 14:20:00,68.83,69.12,68.83,69.12,0.42,176.8,11954.8,1
2020-02-26,2020-02-26 14:30:00,69.12,69.42,69.12,69.42,0.43,176.8,11954.8,1
2020-02-26,2020-02-26 14:40:00,69.42,69.71,69.42,69.71,0.42,176.8,11954.8,1
2020-02-26,2020-02-26 14:50:00,69.71,70.0,69.71,70.0,0.42,176.8,11954.8,1
2020-02-26,2020-02-26 15:00:00,70.0,70.0,63.0,70.0,0.0,176.8,11954.8,0
2020-02-27,2020-02-27 11:00:00,70.0,71.2,69.4,69.96,-0.06,144.16,10242.44,-1
2020-02-27,2020-02-27 11:10:00,69.96,69.96,69.92,69.92,-0.06,144.16,10242.44,-1
2020-02-27,2020-02-27 11:20:00,69.92,69.92,69.88,69.88,-0.06,144.16,10242.44,-1
2020-02-27,2020-02-27 11:30:00,69.88,69.88,69.83,69.83,-0.07,144.16,10242.44,-1
2020-02-27,2020-02-27 11:40:00,69.83,69.83,69.79,69.79,-0.06,144.16,10242.44,-1
2020-02-27,2020-02-27 11:50:00,69.79,69.79,69.75,69.75,-0.06,144.16,10242.44,-1
2020-02-27,2020-02-27 12:00:00,69.75,69.75,69.71,69.71,-0.06,144.16,10242.44,-1
2020-02-27,2020-02-27 12:10:00,69.71,69.71,69.67,69.67,-0.06,144.16,10242.44,-1
2020-02-27,2020-02-27 12:20:00,69.67,69.67,69.62,69.62,-0.07,144.16,10242.44,-1
2020-02-27,2020-02-27 12:30:00,69.62,69.62,69.58,69.58,-0.06,144.16,10242.44,-1
2020-02-27,2020-02-27 12:40:00,69.58,69.58,69.54,69.54,-0.06,144.16,10242.44,-1
2020-02-27,2020-02-27 12:50:00,69.54,69.54,69.5,69.5,-0.06,144.16,10242.44,-1
2020-02-27,2020-02-27 13:00:00,69.5,74.0,68.0,69.46,-0.06,144.16,10242.44,-1
2020-02-27,2020-02-27 13:10:00,69.46,69.46,69.42,69.42,-0.06,144.16,10242.44,-1
2020-02-27,2020-02-27 13:20:00,69.42,69.42,69.38,69.38,-0.06,144.16,10242.44,-1
2020-02-27,2020-02-27 13:30:00,69.38,69.38,69.33,69.33,-0.07,144.16,10242.44,-1
2020-02-27,2020-02-27 13:40:00,69.33,69.33,69.29,69.29,-0.06,144.16,10242.44,-1
2020-02-27,2020-02-27 13:50:00,69.29,69.29,69.25,69.25,-0.06,144.16,10242.44,-1
2020-02-27,2020-02-27 14:00:00,69.25,69.25,69.21,69.21,-0.06,144.16,10242.44,-1
2020-02-27,2020-02-27 14:10:00,69.21,69.21,69.17,69.17,-0.06,144.16,10242.44,-1
2020-02-27,2020-02-27 14:20:00,69.17,69.17,69.12,69.12,-0.07,144.16,10242.44,-1
2020-02-27,2020-02-27 14:30:00,69.12,69.12,69.08,69.08,-0.06,144.16,10242.44,-1
2020-02-27,2020-02-27 14:40:00,69.08,69.08,69.04,69.04,-0.06,144.16,10242.44,-1
2020-02-27,2020-02-27 14:50:00,69.04,69.04,69.0,69.0,-0.06,144.16,10242.44,-1
2020-02-27,2020-02-27 15:00:00,69.0,74.0,68.0,69.0,0.0,144.16,10242.44,0
2020-03-01,2020-03-01 11:00:00,68.0,68.3,66.8,67.83,-0.25,39.6,2673.6,-1
2020-03-01,2020-03-01 11:10:00,67.83,67.83,67.67,67.67,-0.24,39.6,2673.6,-1
2020-03-01,2020-03-01 11:20:00,67.67,67.67,67.5,67.5,-0.25,39.6,2673.6,-1
2020-03-01,2020-03-01 11:30:00,67.5,67.5,67.33,67.33,-0.25,39.6,2673.6,-1
2020-03-01,2020-03-01 11:40:00,67.33,67.33,67.17,67.17,-0.24,39.6,2673.6,-1
2020-03-01,2020-03-01 11:50:00,67.17,67.17,67.0,67.0,-0.25,39.6,2673.6,-1
2020-03-01,2020-03-01 12:00:00,67.0,67.0,66.83,66.83,-0.25,39.6,2673.6,-1
2020-03-01,2020-03-01 12:10:00,66.83,66.83,66.67,66.67,-0.24,39.6,2673.6,-1
2020-03-01,2020-03-01 12:20:00,66.67,66.67,66.5,66.5,-0.25,39.6,2673.6,-1
2020-03-01,2020-03-01 12:30:00,66.5,66.5,66.33,66.33,-0.26,39.6,2673.6,-1
2020-03-01,2020-03-01 12:40:00,66.33,66.33,66.17,66.17,-0.24,39.6,2673.6,-1
2020-03-01,2020-03-01 12:50:00,66.17,66.17,66.0,66.0,-0.26,39.6,2673.6,-1
2020-03-01,2020-03-01 13:00:00,66.0,69.0,64.0,65.83,-0.26,39.6,2673.6,-1
2020-03-01,2020-03-01 13:10:00,65.83,65.83,65.67,65.67,-0.24,39.6,2673.6,-1
2020-03-01,2020-03-01 13:20:00,65.67,65.67,65.5,65.5,-0.26,39.6,2673.6,-1
2020-03-01,2020-03-01 13:30:00,65.5,65.5,65.33,65.33,-0.26,39.6,2673.6,-1
2020-03-01,2020-03-01 13:40:00,65.33,65.33,65.17,65.17,-0.24,39.6,2673.6,-1
2020-03-01,2020-03-01 13:50:00,65.17,65.17,65.0,65.0,-0.26,39.6,2673.6,-1
2020-03-01,2020-03-01 14:00:00,65.0,65.0,64.83,64.83,-0.26,39.6,2673.6,-1
2020-03-01,2020-03-01 14:10:00,64.83,64.83,64.67,64.67,-0.25,39.6,2673.6,-1
2020-03-01,2020-03-01 14:20:00,64.67,64.67,64.5,64.5,-0.26,39.6,2673.6,-1
2020-03-01,2020-03-01 14:30:00,64.5,64.5,64.33,64.33,-0.26,39.6,2673.6,-1
2020-03-01,2020-03-01 14:40:00,64.33,64.33,64.17,64.17,-0.25,39.6,2673.6,-1
2020-03-01,2020-03-01 14:50:00,64.17,64.17,64.0,64.0,-0.26,39.6,2673.6,-1
2020-03-01,2020-03-01 15:00:00,64.0,69.0,64.0,64.0,0.0,39.6,2673.6,0
2020-03-02,2020-03-02 11:00:00,63.0,63.3,63.0,63.0,0.0,30.4,1916.0,0
2020-03-02,2020-03-02 11:10:00,63.0,63.0,63.0,63.0,0.0,30.4,1916.0,0
2020-03-02,2020-03-02 11:20:00,63.0,63.0,63.0,63.0,0.0,30.4,1916.0,0
2020-03-02,2020-03-02 11:30:00,63.0,63.0,63.0,63.0,0.0,30.4,1916.0,0
2020-03-02,2020-03-02 11:40:00,63.0,63.0,63.0,63.0,0.0,30.4,1916.0,0
2020-03-02,2020-03-02 11:50:00,63.0,63.0,63.0,63.0,0.0,30.4,1916.0,0
2020-03-02,2020-03-02 12:00:00,63.0,63.0,63.0,63.0,0.0,30.4,1916.0,0
2020-03-02,2020-03-02 12:10:00,63.0,63.0,63.0,63.0,0.0,30.4,1916.0,0
2020-03-02,2020-03-02 12:20:00,63.0,63.0,63.0,63.0,0.0,30.4,1916.0,0
2020-03-02,2020-03-02 12:30:00,63.0,63.0,63.0,63.0,0.0,30.4,1916.0,0
2020-03-02,2020-03-02 12:40:00,63.0,63.0,63.0,63.0,0.0,30.4,1916.0,0
2020-03-02,2020-03-02 12:50:00,63.0,63.0,63.0,63.0,0.0,30.4,1916.0,0
2020-03-02,2020-03-02 13:00:00,63.0,64.0,63.0,63.0,0.0,30.4,1916.0,0
2020-03-02,2020-03-02 13:10:00,63.0,63.0,63.0,63.0,0.0,30.4,1916.0,0
2020-03-02,2020-03-02 13:20:00,63.0,63.0,63.0,63.0,0.0,30.4,1916.0,0
2020-03-02,2020-03-02 13:30:00,63.0,63.0,63.0,63.0,0.0,30.4,1916.0,0
2020-03-02,2020-03-02 13:40:00,63.0,63.0,63.0,63.0,0.0,30.4,1916.0,0
2020-03-02,2020-03-02 13:50:00,63.0,63.0,63.0,63.0,0.0,30.4,1916.0,0
2020-03-02,2020-03-02 14:00:00,63.0,63.0,63.0,63.0,0.0,30.4,1916.0,0
2020-03-02,2020-03-02 14:10:00,63.0,63.0,63.0,63.0,0.0,30.4,1916.0,0
2020-03-02,2020-03-02 14:20:00,63.0,63.0,63.0,63.0,0.0,30.4,1916.0,0
2020-03-02,2020-03-02 14:30:00,63.0,63.0,63.0,63.0,0.0,30.4,1916.0,0
2020-03-02,2020-03-02 14:40:00,63.0,63.0,63.0,63.0,0.0,30.4,1916.0,0
2020-03-02,2020-03-02 14:50:00,63.0,63.0,63.0,63.0,0.0,30.4,1916.0,0
2020-03-02,2020-03-02 15:00:00,63.0,64.0,63.0,63.0,0.0,30.4,1916.0,0
2020-03-03,2020-03-03 11:00:00,62.0,62.6,62.0,62.0,0.0,21.2,1326.8,0
2020-03-03,2020-03-03 11:10:00,62.0,62.0,62.0,62.0,0.0,21.2,1326.8,0
2020-03-03,2020-03-03 11:20:00,62.0,62.0,62.0,62.0,0.0,21.2,1326.8,0
2020-03-03,2020-03-03 11:30:00,62.0,62.0,62.0,62.0,0.0,21.2,1326.8,0
2020-03-03,2020-03-03 11:40:00,62.0,62.0,62.0,62.0,0.0,21.2,1326.8,0
2020-03-03,2020-03-03 11:50:00,62.0,62.0,62.0,62.0,0.0,21.2,1326.8,0
2020-03-03,2020-03-03 12:00:00,62.0,62.0,62.0,62.0,0.0,21.2,1326.8,0
2020-03-03,2020-03-03 12:10:00,62.0,62.0,62.0,62.0,0.0,21.2,1326.8,0
2020-03-03,2020-03-03 12:20:00,62.0,62.0,62.0,62.0,0.0,21.2,1326.8,0
2020-03-03,2020-03-03 12:30:00,62.0,62.0,62.0,62.0,0.0,21.2,1326.8,0
2020-03-03,2020-03-03 12:40:00,62.0,62.0,62.0,62.0,0.0,21.2,1326.8,0
2020-03-03,2020-03-03 12:50:00,62.0,62.0,62.0,62.0,0.0,21.2,1326.8,0
2020-03-03,2020-03-03 13:00:00,62.0,64.0,62.0,62.0,0.0,21.2,1326.8,0
2020-03-03,2020-03-03 13:10:00,62.0,62.0,62.0,62.0,0.0,21.2,1326.8,0
2020-03-03,2020-03-03 13:20:00,62.0,62.0,62.0,62.0,0.0,21.2,1326.8,0
2020-03-03,2020-03-03 13:30:00,62.0,62.0,62.0,62.0,0.0,21.2,1326.8,0
2020-03-03,2020-03-03 13:40:00,62.0,62.0,62.0,62.0,0.0,21.2,1326.8,0
2020-03-03,2020-03-03 13:50:00,62.0,62.0,62.0,62.0,0.0,21.2,1326.8,0
2020-03-03,2020-03-03 14:00:00,62.0,62.0,62.0,62.0,0.0,21.2,1326.8,0
2020-03-03,2020-03-03 14:10:00,62.0,62.0,62.0,62.0,0.0,21.2,1326.8,0
2020-03-03,2020-03-03 14:20:00,62.0,62.0,62.0,62.0,0.0,21.2,1326.8,0
2020-03-03,2020-03-03 14:30:00,62.0,62.0,62.0,62.0,0.0,21.2,1326.8,0
2020-03-03,2020-03-03 14:40:00,62.0,62.0,62.0,62.0,0.0,21.2,1326.8,0
2020-03-03,2020-03-03 14:50:00,62.0,62.0,62.0,62.0,0.0,21.2,1326.8,0
2020-03-03,2020-03-03 15:00:00,62.0,64.0,62.0,62.0,0.0,21.2,1326.8,0
2020-03-04,2020-03-04 11:00:00,61.0,61.3,60.7,61.0,0.0,28.0,1704.0,0
2020-03-04,2020-03-04 11:10:00,61.0,61.0,61.0,61.0,0.0,28.0,1704.0,0
2020-03-04,2020-03-04 11:20:00,61.0,61.0,61.0,61.0,0.0,28.0,1704.0,0
2020-03-04,2020-03-04 11:30:00,61.0,61.0,61.0,61.0,0.0,28.0,1704.0,0
2020-03-04,2020-03-04 11:40:00,61.0,61.0,61.0,61.0,0.0,28.0,1704.0,0
2020-03-04,2020-03-04 11:50:00,61.0,61.0,61.0,61.0,0.0,28.0,1704.0,0
2020-03-04,2020-03-04 12:00:00,61.0,61.0,61.0,61.0,0.0,28.0,1704.0,0
2020-03-04,2020-03-04 12:10:00,61.0,61.0,61.0,61.0,0.0,28.0,1704.0,0
2020-03-04,2020-03-04 12:20:00,61.0,61.0,61.0,61.0,0.0,28.0,1704.0,0
2020-03-04,2020-03-04 12:30:00,61.0,61.0,61.0,61.0,0.0,28.0,1704.0,0
2020-03-04,2020-03-04 12:40:00,61.0,61.0,61.0,61.0,0.0,28.0,1704.0,0
2020-03-04,2020-03-04 12:50:00,61.0,61.0,61.0,61.0,0.0,28.0,1704.0,0
2020-03-04,2020-03-04 13:00:00,61.0,62.0,60.0,61.0,0.0,28.0,1704.0,0
2020-03-04,2020-03-04 13:10:00,61.0,61.0,61.0,61.0,0.0,28.0,1704.0,0
2020-03-04,2020-03-04 13:20:00,61.0,61.0,61.0,61.0,0.0,28.0,1704.0,0
2020-03-04,2020-03-04 13:30:00,61.0,61.0,61.0,61.0,0.0,28.0,1704.0,0
2020-03-04,2020-03-04 13:40:00,61.0,61.0,61.0,61.0,0.0,28.0,1704.0,0
2020-03-04,2020-03-04 13:50:00,61.0,61.0,61.0,61.0,0.0,28.0,1704.0,0
2020-03-04,2020-03-04 14:00:00,61.0,61.0,61.0,61.0,0.0,28.0,1704.0,0
2020-03-04,2020-03-04 14:10:00,61.0,61.0,61.0,61.0,0.0,28.0,1704.0,0
2020-03-04,2020-03-04 14:20:00,61.0,61.0,61.0,61.0,0.0,28.0,1704.0,0
2020-03-04,2020-03-04 14:30:00,61.0,61.0,61.0,61.0,0.0,28.0,1704.0,0
2020-03-04,2020-03-04 14:40:00,61.0,61.0,61.0,61.0,0.0,28.0,1704.0,0
2020-03-04,2020-03-04 14:50:00,61.0,61.0,61.0,61.0,0.0,28.0,1704.0,0
2020-03-04,2020-03-04 15:00:00,61.0,62.0,60.0,61.0,0.0,28.0,1704.0,0
2020-03-05,2020-03-05 11:00:00,60.0,60.3,59.7,60.04,0.07,19.6,1184.8,1
2020-03-05,2020-03-05 11:10:00,60.04,60.08,60.04,60.08,0.07,19.6,1184.8,1
2020-03-05,2020-03-05 11:20:00,60.08,60.12,60.08,60.12,0.07,19.6,1184.8,1
2020-03-05,2020-03-05 11:30:00,60.12,60.17,60.12,60.17,0.08,19.6,1184.8,1
2020-03-05,2020-03-05 11:40:00,60.17,60.21,60.17,60.21,0.07,19.6,1184.8,1
2020-03-05,2020-03-05 11:50:00,60.21,60.25,60.21,60.25,0.07,19.6,1184.8,1
2020-03-05,2020-03-05 12:00:00,60.25,60.29,60.25,60.29,0.07,19.6,1184.8,1
2020-03-05,2020-03-05 12:10:00,60.29,60.33,60.29,60.33,0.07,19.6,1184.8,1
2020-03-05,2020-03-05 12:20:00,60.33,60.38,60.33,60.38,0.08,19.6,1184.8,1
2020-03-05,2020-03-05 12:30:00,60.38,60.42,60.38,60.42,0.07,19.6,1184.8,1
2020-03-05,2020-03-05 12:40:00,60.42,60.46,60.42,60.46,0.07,19.6,1184.8,1
2020-03-05,2020-03-05 12:50:00,60.46,60.5,60.46,60.5,0.07,19.6,1184.8,1
2020-03-05,2020-03-05 13:00:00,60.5,61.0,59.0,60.54,0.07,19.6,1184.8,1
2020-03-05,2020-03-05 13:10:00,60.54,60.58,60.54,60.58,0.07,19.6,1184.8,1
2020-03-05,2020-03-05 13:20:00,60.58,60.62,60.58,60.62,0.07,19.6,1184.8,1
2020-03-05,2020-03-05 13:30:00,60.62,60.67,60.62,60.67,0.08,19.6,1184.8,1
2020-03-05,2020-03-05 13:40:00,60.67,60.71,60.67,60.71,0.07,19.6,1184.8,1
2020-03-05,2020-03-05 13:50:00,60.71,60.75,60.71,60.75,0.07,19.6,1184.8,1
2020-03-05,2020-03-05 14:00:00,60.75,60.79,60.75,60.79,0.07,19.6,1184.8,1
2020-03-05,2020-03-05 14:10:00,60.79,60.83,60.79,60.83,0.07,19.6,1184.8,1
2020-03-05,2020-03-05 14:20:00,60.83,60.88,60.83,60.88,0.08,19.6,1184.8,1
2020-03-05,2020-03-05 14:30:00,60.88,60.92,60.88,60.92,0.07,19.6,1184.8,1
2020-03-05,2020-03-05 14:40:00,60.92,60.96,60.92,60.96,0.07,19.6,1184.8,1
2020-03-05,2020-03-05 14:50:00,60.96,61.0,60.96,61.0,0.07,19.6,1184.8,1
2020-03-05,2020-03-05 15:00:00,61.0,61.0,59.0,61.0,0.0,19.6,1184.8,0
2020-03-10,2020-03-10 11:00:00,60.0,60.0,59.4,59.92,-0.13,3.6,212.0,-1
2020-03-10,2020-03-10 11:10:00,59.92,59.92,59.83,59.83,-0.15,3.6,212.0,-1
2020-03-10,2020-03-10 11:20:00,59.83,59.83,59.75,59.75,-0.13,3.6,212.0,-1
2020-03-10,2020-03-10 11:30:00,59.75,59.75,59.67,59.67,-0.13,3.6,212.0,-1
2020-03-10,2020-03-10 11:40:00,59.67,59.67,59.58,59.58,-0.15,3.6,212.0,-1
2020-03-10,2020-03-10 11:50:00,59.58,59.58,59.5,59.5,-0.13,3.6,212.0,-1
2020-03-10,2020-03-10 12:00:00,59.5,59.5,59.42,59.42,-0.13,3.6,212.0,-1
2020-03-10,2020-03-10 12:10:00,59.42,59.42,59.33,59.33,-0.15,3.6,212.0,-1
2020-03-10,2020-03-10 12:20:00,59.33,59.33,59.25,59.25,-0.13,3.6,212.0,-1
2020-03-10,2020-03-10 12:30:00,59.25,59.25,59.17,59.17,-0.14,3.6,212.0,-1
2020-03-10,2020-03-10 12:40:00,59.17,59.17,59.08,59.08,-0.15,3.6,212.0,-1
2020-03-10,2020-03-10 12:50:00,59.08,59.08,59.0,59.0,-0.14,3.6,212.0,-1
2020-03-10,2020-03-10 13:00:00,59.0,60.0,58.0,58.92,-0.14,3.6,212.0,-1
2020-03-10,2020-03-10 13:10:00,58.92,58.92,58.83,58.83,-0.15,3.6,212.0,-1
2020-03-10,2020-03-10 13:20:00,58.83,58.83,58.75,58.75,-0.14,3.6,212.0,-1
2020-03-10,2020-03-10 13:30:00,58.75,58.75,58.67,58.67,-0.14,3.6,212.0,-1
2020-03-10,2020-03-10 13:40:00,58.67,58.67,58.58,58.58,-0.15,3.6,212.0,-1
2020-03-10,2020-03-10 13:50:00,58.58,58.58,58.5,58.5,-0.14,3.6,212.0,-1
2020-03-10,2020-03-10 14:00:00,58.5,58.5,58.42,58.42,-0.14,3.6,212.0,-1
2020-03-10,2020-03-10 14:10:00,58.42,58.42,58.33,58.33,-0.15,3.6,212.0,-1
2020-03-10,2020-03-10 14:20:00,58.33,58.33,58.25,58.25,-0.14,3.6,212.0,-1
2020-03-10,2020-03-10 14:30:00,58.25,58.25,58.17,58.17,-0.14,3.6,212.0,-1
2020-03-10,2020-03-10 14:40:00,58.17,58.17,58.08,58.08,-0.15,3.6,212.0,-1
2020-03-10,2020-03-10 14:50:00,58.08,58.08,58.0,58.0,-0.14,3.6,212.0,-1
2020-03-10,2020-03-10 15:00:00,58.0,60.0,58.0,58.0,0.0,3.6,212.0,0
2020-03-11,2020-03-11 11:00:00,59.0,59.0,58.7,58.96,-0.07,2.4,139.6,-1
2020-03-11,2020-03-11 11:10:00,58.96,58.96,58.92,58.92,-0.07,2.4,139.6,-1
2020-03-11,2020-03-11 11:20:00,58.92,58.92,58.88,58.88,-0.07,2.4,139.6,-1
2020-03-11,2020-03-11 11:30:00,58.88,58.88,58.83,58.83,-0.08,2.4,139.6,-1
2020-03-11,2020-03-11 11:40:00,58.83,58.83,58.79,58.79,-0.07,2.4,139.6,-1
2020-03-11,2020-03-11 11:50:00,58.79,58.79,58.75,58.75,-0.07,2.4,139.6,-1
2020-03-11,2020-03-11 12:00:00,58.75,58.75,58.71,58.71,-0.07,2.4,139.6,-1
2020-03-11,2020-03-11 12:10:00,58.71,58.71,58.67,58.67,-0.07,2.4,139.6,-1
2020-03-11,2020-03-11 12:20:00,58.67,58.67,58.62,58.62,-0.09,2.4,139.6,-1
2020-03-11,2020-03-11 12:30:00,58.62,58.62,58.58,58.58,-0.07,2.4,139.6,-1
2020-03-11,2020-03-11 12:40:00,58.58,58.58,58.54,58.54,-0.07,2.4,139.6,-1
2020-03-11,2020-03-11 12:50:00,58.54,58.54,58.5,58.5,-0.07,2.4,139.6,-1
2020-03-11,2020-03-11 13:00:00,58.5,59.0,58.0,58.46,-0.07,2.4,139.6,-1
2020-03-11,2020-03-11 13:10:00,58.46,58.46,58.42,58.42,-0.07,2.4,139.6,-1
2020-03-11,2020-03-11 13:20:00,58.42,58.42,58.38,58.38,-0.07,2.4,139.6,-1
2020-03-11,2020-03-11 13:30:00,58.38,58.38,58.33,58.33,-0.09,2.4,139.6,-1
2020-03-11,2020-03-11 13:40:00,58.33,58.33,58.29,58.29,-0.07,2.4,139.6,-1
2020-03-11,2020-03-11 13:50:00,58.29,58.29,58.25,58.25,-0.07,2.4,139.6,-1
2020-03-11,2020-03-11 14:00:00,58.25,58.25,58.21,58.21,-0.07,2.4,139.6,-1
2020-03-11,2020-03-11 14:10:00,58.21,58.21,58.17,58.17,-0.07,2.4,139.6,-1
2020-03-11,2020-03-11 14:20:00,58.17,58.17,58.12,58.12,-0.09,2.4,139.6,-1
2020-03-11,2020-03-11 14:30:00,58.12,58.12,58.08,58.08,-0.07,2.4,139.6,-1
2020-03-11,2020-03-11 14:40:00,58.08,58.08,58.04,58.04,-0.07,2.4,139.6,-1
2020-03-11,2020-03-11 14:50:00,58.04,58.04,58.0,58.0,-0.07,2.4,139.6,-1
2020-03-11,2020-03-11 15:00:00,58.0,59.0,58.0,58.0,0.0,2.4,139.6,0
2020-03-12,2020-03-12 11:00:00,58.0,58.3,57.7,57.96,-0.07,80.8,4708.0,-1
2020-03-12,2020-03-12 11:10:00,57.96,57.96,57.92,57.92,-0.07,80.8,4708.0,-1
2020-03-12,2020-03-12 11:20:00,57.92,57.92,57.88,57.88,-0.07,80.8,4708.0,-1
2020-03-12,2020-03-12 11:30:00,57.88,57.88,57.83,57.83,-0.09,80.8,4708.0,-1
2020-03-12,2020-03-12 11:40:00,57.83,57.83,57.79,57.79,-0.07,80.8,4708.0,-1
2020-03-12,2020-03-12 11:50:00,57.79,57.79,57.75,57.75,-0.07,80.8,4708.0,-1
2020-03-12,2020-03-12 12:00:00,57.75,57.75,57.71,57.71,-0.07,80.8,4708.0,-1
2020-03-12,2020-03-12 12:10:00,57.71,57.71,57.67,57.67,-0.07,80.8,4708.0,-1
2020-03-12,2020-03-12 12:20:00,57.67,57.67,57.62,57.62,-0.09,80.8,4708.0,-1
2020-03-12,2020-03-12 12:30:00,57.62,57.62,57.58,57.58,-0.07,80.8,4708.0,-1
2020-03-12,2020-03-12 12:40:00,57.58,57.58,57.54,57.54,-0.07,80.8,4708.0,-1
2020-03-12,2020-03-12 12:50:00,57.54,57.54,57.5,57.5,-0.07,80.8,4708.0,-1
2020-03-12,2020-03-12 13:00:00,57.5,59.0,57.0,57.46,-0.07,80.8,4708.0,-1
2020-03-12,2020-03-12 13:10:00,57.46,57.46,57.42,57.42,-0.07,80.8,4708.0,-1
2020-03-12,2020-03-12 13:20:00,57.42,57.42,57.38,57.38,-0.07,80.8,4708.0,-1
2020-03-12,2020-03-12 13:30:00,57.38,57.38,57.33,57.33,-0.09,80.8,4708.0,-1
2020-03-12,2020-03-12 13:40:00,57.33,57.33,57.29,57.29,-0.07,80.8,4708.0,-1
2020-03-12,2020-03-12 13:50:00,57.29,57.29,57.25,57.25,-0.07,80.8,4708.0,-1
2020-03-12,2020-03-12 14:00:00,57.25,57.25,57.21,57.21,-0.07,80.8,4708.0,-1
2020-03-12,2020-03-12 14:10:00,57.21,57.21,57.17,57.17,-0.07,80.8,4708.0,-1
2020-03-12,2020-03-12 14:20:00,57.17,57.17,57.12,57.12,-0.09,80.8,4708.0,-1
2020-03-12,2020-03-12 14:30:00,57.12,57.12,57.08,57.08,-0.07,80.8,4708.0,-1
2020-03-12,2020-03-12 14:40:00,57.08,57.08,57.04,57.04,-0.07,80.8,4708.0,-1
2020-03-12,2020-03-12 14:50:00,57.04,57.04,57.0,57.0,-0.07,80.8,4708.0,-1
2020-03-12,2020-03-12 15:00:00,57.0,59.0,57.0,57.0,0.0,80.8,4708.0,0
2020-03-15,2020-03-15 11:00:00,56.0,56.0,55.1,55.88,-0.21,17.6,972.0,-1
2020-03-15,2020-03-15 11:10:00,55.88,55.88,55.75,55.75,-0.23,17.6,972.0,-1
2020-03-15,2020-03-15 11:20:00,55.75,55.75,55.62,55.62,-0.23,17.6,972.0,-1
2020-03-15,2020-03-15 11:30:00,55.62,55.62,55.5,55.5,-0.22,17.6,972.0,-1
2020-03-15,2020-03-15 11:40:00,55.5,55.5,55.38,55.38,-0.22,17.6,972.0,-1
2020-03-15,2020-03-15 11:50:00,55.38,55.38,55.25,55.25,-0.23,17.6,972.0,-1
2020-03-15,2020-03-15 12:00:00,55.25,55.25,55.12,55.12,-0.24,17.6,972.0,-1
2020-03-15,2020-03-15 12:10:00,55.12,55.12,55.0,55.0,-0.22,17.6,972.0,-1
2020-03-15,2020-03-15 12:20:00,55.0,55.0,54.88,54.88,-0.22,17.6,972.0,-1
2020-03-15,2020-03-15 12:30:00,54.88,54.88,54.75,54.75,-0.24,17.6,972.0,-1
2020-03-15,2020-03-15 12:40:00,54.75,54.75,54.62,54.62,-0.24,17.6,972.0,-1
2020-03-15,2020-03-15 12:50:00,54.62,54.62,54.5,54.5,-0.22,17.6,972.0,-1
2020-03-15,2020-03-15 13:00:00,54.5,56.0,53.0,54.38,-0.22,17.6,972.0,-1
2020-03-15,2020-03-15 13:10:00,54.38,54.38,54.25,54.25,-0.24,17.6,972.0,-1
2020-03-15,2020-03-15 13:20:00,54.25,54.25,54.12,54.12,-0.24,17.6,972.0,-1
2020-03-15,2020-03-15 13:30:00,54.12,54.12,54.0,54.0,-0.22,17.6,972.0,-1
2020-03-15,2020-03-15 13:40:00,54.0,54.0,53.88,53.88,-0.22,17.6,972.0,-1
2020-03-15,2020-03-15 13:50:00,53.88,53.88,53.75,53.75,-0.24,17.6,972.0,-1
2020-03-15,2020-03-15 14:00:00,53.75,53.75,53.62,53.62,-0.24,17.6,972.0,-1
2020-03-15,2020-03-15 14:10:00,53.62,53.62,53.5,53.5,-0.22,17.6,972.0,-1
2020-03-15,2020-03-15 14:20:00,53.5,53.5,53.38,53.38,-0.22,17.6,972.0,-1
2020-03-15,2020-03-15 14:30:00,53.38,53.38,53.25,53.25,-0.24,17.6,972.0,-1
2020-03-15,2020-03-15 14:40:00,53.25,53.25,53.12,53.12,-0.24,17.6,972.0,-1
2020-03-15,2020-03-15 14:50:00,53.12,53.12,53.0,53.0,-0.23,17.6,972.0,-1
2020-03-15,2020-03-15 15:00:00,53.0,56.0,53.0,53.0,0.0,17.6,972.0,0
2020-03-16,2020-03-16 11:00:00,52.0,52.3,51.7,52.0,0.0,52.0,2701.2,0
2020-03-16,2020-03-16 11:10:00,52.0,52.0,52.0,52.0,0.0,52.0,2701.2,0
2020-03-16,2020-03-16 11:20:00,52.0,52.0,52.0,52.0,0.0,52.0,2701.2,0
2020-03-16,2020-03-16 11:30:00,52.0,52.0,52.0,52.0,0.0,52.0,2701.2,0
2020-03-16,2020-03-16 11:40:00,52.0,52.0,52.0,52.0,0.0,52.0,2701.2,0
2020-03-16,2020-03-16 11:50:00,52.0,52.0,52.0,52.0,0.0,52.0,2701.2,0
2020-03-16,2020-03-16 12:00:00,52.0,52.0,52.0,52.0,0.0,52.0,2701.2,0
2020-03-16,2020-03-16 12:10:00,52.0,52.0,52.0,52.0,0.0,52.0,2701.2,0
2020-03-16,2020-03-16 12:20:00,52.0,52.0,52.0,52.0,0.0,52.0,2701.2,0
2020-03-16,2020-03-16 12:30:00,52.0,52.0,52.0,52.0,0.0,52.0,2701.2,0
2020-03-16,2020-03-16 12:40:00,52.0,52.0,52.0,52.0,0.0,52.0,2701.2,0
2020-03-16,2020-03-16 12:50:00,52.0,52.0,52.0,52.0,0.0,52.0,2701.2,0
2020-03-16,2020-03-16 13:00:00,52.0,53.0,51.0,52.0,0.0,52.0,2701.2,0
2020-03-16,2020-03-16 13:10:00,52.0,52.0,52.0,52.0,0.0,52.0,2701.2,0
2020-03-16,2020-03-16 13:20:00,52.0,52.0,52.0,52.0,0.0,52.0,2701.2,0
2020-03-16,2020-03-16 13:30:00,52.0,52.0,52.0,52.0,0.0,52.0,2701.2,0
2020-03-16,2020-03-16 13:40:00,52.0,52.0,52.0,52.0,0.0,52.0,2701.2,0
2020-03-16,2020-03-16 13:50:00,52.0,52.0,52.0,52.0,0.0,52.0,2701.2,0
2020-03-16,2020-03-16 14:00:00,52.0,52.0,52.0,52.0,0.0,52.0,2701.2,0
2020-03-16,2020-03-16 14:10:00,52.0,52.0,52.0,52.0,0.0,52.0,2701.2,0
2020-03-16,2020-03-16 14:20:00,52.0,52.0,52.0,52.0,0.0,52.0,2701.2,0
2020-03-16,2020-03-16 14:30:00,52.0,52.0,52.0,52.0,0.0,52.0,2701.2,0
2020-03-16,2020-03-16 14:40:00,52.0,52.0,52.0,52.0,0.0,52.0,2701.2,0
2020-03-16,2020-03-16 14:50:00,52.0,52.0,52.0,52.0,0.0,52.0,2701.2,0
2020-03-16,2020-03-16 15:00:00,52.0,53.0,51.0,52.0,0.0,52.0,2701.2,0
2020-03-17,2020-03-17 11:00:00,51.0,52.5,51.0,51.21,0.41,26.4,1406.0,1
2020-03-17,2020-03-17 11:10:00,51.21,51.42,51.21,51.42,0.41,26.4,1406.0,1
2020-03-17,2020-03-17 11:20:00,51.42,51.62,51.42,51.62,0.39,26.4,1406.0,1
2020-03-17,2020-03-17 11:30:00,51.62,51.83,51.62,51.83,0.41,26.4,1406.0,1
2020-03-17,2020-03-17 11:40:00,51.83,52.04,51.83,52.04,0.41,26.4,1406.0,1
2020-03-17,2020-03-17 11:50:00,52.04,52.25,52.04,52.25,0.4,26.4,1406.0,1
2020-03-17,2020-03-17 12:00:00,52.25,52.46,52.25,52.46,0.4,26.4,1406.0,1
2020-03-17,2020-03-17 12:10:00,52.46,52.67,52.46,52.67,0.4,26.4,1406.0,1
2020-03-17,2020-03-17 12:20:00,52.67,52.88,52.67,52.88,0.4,26.4,1406.0,1
2020-03-17,2020-03-17 12:30:00,52.88,53.08,52.88,53.08,0.38,26.4,1406.0,1
2020-03-17,2020-03-17 12:40:00,53.08,53.29,53.08,53.29,0.4,26.4,1406.0,1
2020-03-17,2020-03-17 12:50:00,53.29,53.5,53.29,53.5,0.39,26.4,1406.0,1
2020-03-17,2020-03-17 13:00:00,53.5,56.0,51.0,53.71,0.39,26.4,1406.0,1
2020-03-17,2020-03-17 13:10:00,53.71,53.92,53.71,53.92,0.39,26.4,1406.0,1
2020-03-17,2020-03-17 13:20:00,53.92,54.12,53.92,54.12,0.37,26.4,1406.0,1
2020-03-17,2020-03-17 13:30:00,54.12,54.33,54.12,54.33,0.39,26.4,1406.0,1
2020-03-17,2020-03-17 13:40:00,54.33,54.54,54.33,54.54,0.39,26.4,1406.0,1
2020-03-17,2020-03-17 13:50:00,54.54,54.75,54.54,54.75,0.39,26.4,1406.0,1
2020-03-17,2020-03-17 14:00:00,54.75,54.96,54.75,54.96,0.38,26.4,1406.0,1
2020-03-17,2020-03-17 14:10:00,54.96,55.17,54.96,55.17,0.38,26.4,1406.0,1
2020-03-17,2020-03-17 14:20:00,55.17,55.38,55.17,55.38,0.38,26.4,1406.0,1
2020-03-17,2020-03-17 14:30:00,55.38,55.58,55.38,55.58,0.36,26.4,1406.0,1
2020-03-17,2020-03-17 14:40:00,55.58,55.79,55.58,55.79,0.38,26.4,1406.0,1
2020-03-17,2020-03-17 14:50:00,55.79,56.0,55.79,56.0,0.38,26.4,1406.0,1
2020-03-17,2020-03-17 15:00:00,56.0,56.0,51.0,56.0,0.0,26.4,1406.0,0
2020-03-18,2020-03-18 11:00:00,55.0,55.6,55.0,55.0,0.0,20.0,1113.6,0
2020-03-18,2020-03-18 11:10:00,55.0,55.0,55.0,55.0,0.0,20.0,1113.6,0
2020-03-18,2020-03-18 11:20:00,55.0,55.0,55.0,55.0,0.0,20.0,1113.6,0
2020-03-18,2020-03-18 11:30:00,55.0,55.0,55.0,55.0,0.0,20.0,1113.6,0
2020-03-18,2020-03-18 11:40:00,55.0,55.0,55.0,55.0,0.0,20.0,1113.6,0
2020-03-18,2020-03-18 11:50:00,55.0,55.0,55.0,55.0,0.0,20.0,1113.6,0
2020-03-18,2020-03-18 12:00:00,55.0,55.0,55.0,55.0,0.0,20.0,1113.6,0
2020-03-18,2020-03-18 12:10:00,55.0,55.0,55.0,55.0,0.0,20.0,1113.6,0
2020-03-18,2020-03-18 12:20:00,55.0,55.0,55.0,55.0,0.0,20.0,1113.6,0
2020-03-18,2020-03-18 12:30:00,55.0,55.0,55.0,55.0,0.0,20.0,1113.6,0
2020-03-18,2020-03-18 12:40:00,55.0,55.0,55.0,55.0,0.0,20.0,1113.6,0
2020-03-18,2020-03-18 12:50:00,55.0,55.0,55.0,55.0,0.0,20.0,1113.6,0
2020-03-18,2020-03-18 13:00:00,55.0,57.0,55.0,55.0,0.0,20.0,1113.6,0
2020-03-18,2020-03-18 13:10:00,55.0,55.0,55.0,55.0,0.0,20.0,1113.6,0
2020-03-18,2020-03-18 13:20:00,55.0,55.0,55.0,55.0,0.0,20.0,1113.6,0
2020-03-18,2020-03-18 13:30:00,55.0,55.0,55.0,55.0,0.0,20.0,1113.6,0
2020-03-18,2020-03-18 13:40:00,55.0,55.0,55.0,55.0,0.0,20.0,1113.6,0
2020-03-18,2020-03-18 13:50:00,55.0,55.0,55.0,55.0,0.0,20.0,1113.6,0
2020-03-18,2020-03-18 14:00:00,55.0,55.0,55.0,55.0,0.0,20.0,1113.6,0
2020-03-18,2020-03-18 14:10:00,55.0,55.0,55.0,55.0,0.0,20.0,1113.6,0
2020-03-18,2020-03-18 14:20:00,55.0,55.0,55.0,55.0,0.0,20.0,1113.6,0
2020-03-18,2020-03-18 14:30:00,55.0,55.0,55.0,55.0,0.0,20.0,1113.6,0
2020-03-18,2020-03-18 14:40:00,55.0,55.0,55.0,55.0,0.0,20.0,1113.6,0
2020-03-18,2020-03-18 14:50:00,55.0,55.0,55.0,55.0,0.0,20.0,1113.6,0
2020-03-18,2020-03-18 15:00:00,55.0,57.0,55.0,55.0,0.0,20.0,1113.6,0
2020-03-19,2020-03-19 11:00:00,54.0,55.2,54.0,54.17,0.31,24.8,1360.0,1
2020-03-19,2020-03-19 11:10:00,54.17,54.33,54.17,54.33,0.3,24.8,1360.0,1
2020-03-19,2020-03-19 11:20:00,54.33,54.5,54.33,54.5,0.31,24.8,1360.0,1
2020-03-19,2020-03-19 11:30:00,54.5,54.67,54.5,54.67,0.31,24.8,1360.0,1
2020-03-19,2020-03-19 11:40:00,54.67,54.83,54.67,54.83,0.29,24.8,1360.0,1
2020-03-19,2020-03-19 11:50:00,54.83,55.0,54.83,55.0,0.31,24.8,1360.0,1
2020-03-19,2020-03-19 12:00:00,55.0,55.17,55.0,55.17,0.31,24.8,1360.0,1
2020-03-19,2020-03-19 12:10:00,55.17,55.33,55.17,55.33,0.29,24.8,1360.0,1
2020-03-19,2020-03-19 12:20:00,55.33,55.5,55.33,55.5,0.31,24.8,1360.0,1
2020-03-19,2020-03-19 12:30:00,55.5,55.67,55.5,55.67,0.31,24.8,1360.0,1
2020-03-19,2020-03-19 12:40:00,55.67,55.83,55.67,55.83,0.29,24.8,1360.0,1
2020-03-19,2020-03-19 12:50:00,55.83,56.0,55.83,56.0,0.3,24.8,1360.0,1
2020-03-19,2020-03-19 13:00:00,56.0,58.0,54.0,56.17,0.3,24.8,1360.0,1
2020-03-19,2020-03-19 13:10:00,56.17,56.33,56.17,56.33,0.28,24.8,1360.0,1
2020-03-19,2020-03-19 13:20:00,56.33,56.5,56.33,56.5,0.3,24.8,1360.0,1
2020-03-19,2020-03-19 13:30:00,56.5,56.67,56.5,56.67,0.3,24.8,1360.0,1
2020-03-19,2020-03-19 13:40:00,56.67,56.83,56.67,56.83,0.28,24.8,1360.0,1
2020-03-19,2020-03-19 13:50:00,56.83,57.0,56.83,57.0,0.3,24.8,1360.0,1
2020-03-19,2020-03-19 14:00:00,57.0,57.17,57.0,57.17,0.3,24.8,1360.0,1
2020-03-19,2020-03-19 14:10:00,57.17,57.33,57.17,57.33,0.28,24.8,1360.0,1
2020-03-19,2020-03-19 14:20:00,57.33,57.5,57.33,57.5,0.3,24.8,1360.0,1
2020-03-19,2020-03-19 14:30:00,57.5,57.67,57.5,57.67,0.3,24.8,1360.0,1
2020-03-19,2020-03-19 14:40:00,57.67,57.83,57.67,57.83,0.28,24.8,1360.0,1
2020-03-19,2020-03-19 14:50:00,57.83,58.0,57.83,58.0,0.29,24.8,1360.0,1
2020-03-19,2020-03-19 15:00:00,58.0,58.0,54.0,58.0,0.0,24.8,1360.0,0
2020-05-12,2020-05-12 11:00:00,57.0,57.0,57.0,57.0,0.0,2.4,136.8,0
2020-05-12,2020-05-12 11:10:00,57.0,57.0,57.0,57.0,0.0,2.4,136.8,0
2020-05-12,2020-05-12 11:20:00,57.0,57.0,57.0,57.0,0.0,2.4,136.8,0
2020-05-12,2020-05-12 11:30:00,57.0,57.0,57.0,57.0,0.0,2.4,136.8,0
2020-05-12,2020-05-12 11:40:00,57.0,57.0,57.0,57.0,0.0,2.4,136.8,0
2020-05-12,2020-05-12 11:50:00,57.0,57.0,57.0,57.0,0.0,2.4,136.8,0
2020-05-12,2020-05-12 12:00:00,57.0,57.0,57.0,57.0,0.0,2.4,136.8,0
2020-05-12,2020-05-12 12:10:00,57.0,57.0,57.0,57.0,0.0,2.4,136.8,0
2020-05-12,2020-05-12 12:20:00,57.0,57.0,57.0,57.0,0.0,2.4,136.8,0
2020-05-12,2020-05-12 12:30:00,57.0,57.0,57.0,57.0,0.0,2.4,136.8,0
2020-05-12,2020-05-12 12:40:00,57.0,57.0,57.0,57.0,0.0,2.4,136.8,0
2020-05-12,2020-05-12 12:50:00,57.0,57.0,57.0,57.0,0.0,2.4,136.8,0
2020-05-12,2020-05-12 13:00:00,57.0,57.0,57.0,57.0,0.0,2.4,136.8,0
2020-05-12,2020-05-12 13:10:00,57.0,57.0,57.0,57.0,0.0,2.4,136.8,0
2020-05-12,2020-05-12 13:20:00,57.0,57.0,57.0,57.0,0.0,2.4,136.8,0
2020-05-12,2020-05-12 13:30:00,57.0,57.0,57.0,57.0,0.0,2.4,136.8,0
2020-05-12,2020-05-12 13:40:00,57.0,57.0,57.0,57.0,0.0,2.4,136.8,0
2020-05-12,2020-05-12 13:50:00,57.0,57.0,57.0,57.0,0.0,2.4,136.8,0
2020-05-12,2020-05-12 14:00:00,57.0,57.0,57.0,57.0,0.0,2.4,136.8,0
2020-05-12,2020-05-12 14:10:00,57.0,57.0,57.0,57.0,0.0,2.4,136.8,0
2020-05-12,2020-05-12 14:20:00,57.0,57.0,57.0,57.0,0.0,2.4,136.8,0
2020-05-12,2020-05-12 14:30:00,57.0,57.0,57.0,57.0,0.0,2.4,136.8,0
2020-05-12,2020-05-12 14:40:00,57.0,57.0,57.0,57.0,0.0,2.4,136.8,0
2020-05-12,2020-05-12 14:50:00,57.0,57.0,57.0,57.0,0.0,2.4,136.8,0
2020-05-12,2020-05-12 15:00:00,57.0,57.0,57.0,57.0,0.0,2.4,136.8,0
2020-06-29,2020-06-29 11:00:00,57.0,57.0,56.96,56.96,-0.07,4.0,224.0,-1
2020-06-29,2020-06-29 11:10:00,56.96,56.96,56.92,56.92,-0.07,4.0,224.0,-1
2020-06-29,2020-06-29 11:20:00,56.92,56.92,56.88,56.88,-0.07,4.0,224.0,-1
2020-06-29,2020-06-29 11:30:00,56.88,56.88,56.83,56.83,-0.09,4.0,224.0,-1
2020-06-29,2020-06-29 11:40:00,56.83,56.83,56.79,56.79,-0.07,4.0,224.0,-1
2020-06-29,2020-06-29 11:50:00,56.79,56.79,56.75,56.75,-0.07,4.0,224.0,-1
2020-06-29,2020-06-29 12:00:00,56.75,56.75,56.71,56.71,-0.07,4.0,224.0,-1
2020-06-29,2020-06-29 12:10:00,56.71,56.71,56.67,56.67,-0.07,4.0,224.0,-1
2020-06-29,2020-06-29 12:20:00,56.67,56.67,56.62,56.62,-0.09,4.0,224.0,-1
2020-06-29,2020-06-29 12:30:00,56.62,56.62,56.58,56.58,-0.07,4.0,224.0,-1
2020-06-29,2020-06-29 12:40:00,56.58,56.58,56.54,56.54,-0.07,4.0,224.0,-1
2020-06-29,2020-06-29 12:50:00,56.54,56.54,56.5,56.5,-0.07,4.0,224.0,-1
2020-06-29,2020-06-29 13:00:00,56.5,57.0,56.46,56.46,-0.07,4.0,224.0,-1
2020-06-29,2020-06-29 13:10:00,56.46,56.46,56.42,56.42,-0.07,4.0,224.0,-1
2020-06-29,2020-06-29 13:20:00,56.42,56.42,56.38,56.38,-0.07,4.0,224.0,-1
2020-06-29,2020-06-29 13:30:00,56.38,56.38,56.33,56.33,-0.09,4.0,224.0,-1
2020-06-29,2020-06-29 13:40:00,56.33,56.33,56.29,56.29,-0.07,4.0,224.0,-1
2020-06-29,2020-06-29 13:50:00,56.29,56.29,56.25,56.25,-0.07,4.0,224.0,-1
2020-06-29,2020-06-29 14:00:00,56.25,56.25,56.21,56.21,-0.07,4.0,224.0,-1
2020-06-29,2020-06-29 14:10:00,56.21,56.21,56.17,56.17,-0.07,4.0,224.0,-1
2020-06-29,2020-06-29 14:20:00,56.17,56.17,56.12,56.12,-0.09,4.0,224.0,-1
2020-06-29,2020-06-29 14:30:00,56.12,56.12,56.08,56.08,-0.07,4.0,224.0,-1
2020-06-29,2020-06-29 14:40:00,56.08,56.08,56.04,56.04,-0.07,4.0,224.0,-1
2020-06-29,2020-06-29 14:50:00,56.04,56.04,56.0,56.0,-0.07,4.0,224.0,-1
2020-06-29,2020-06-29 15:00:00,56.0,57.0,56.0,56.0,0.0,4.0,224.0,0
2020-07-02,2020-07-02 11:00:00,55.0,55.0,55.0,55.0,0.0,1.6,88.0,0
2020-07-02,2020-07-02 11:10:00,55.0,55.0,55.0,55.0,0.0,1.6,88.0,0
2020-07-02,2020-07-02 11:20:00,55.0,55.0,55.0,55.0,0.0,1.6,88.0,0
2020-07-02,2020-07-02 11:30:00,55.0,55.0,55.0,55.0,0.0,1.6,88.0,0
2020-07-02,2020-07-02 11:40:00,55.0,55.0,55.0,55.0,0.0,1.6,88.0,0
2020-07-02,2020-07-02 11:50:00,55.0,55.0,55.0,55.0,0.0,1.6,88.0,0
2020-07-02,2020-07-02 12:00:00,55.0,55.0,55.0,55.0,0.0,1.6,88.0,0
2020-07-02,2020-07-02 12:10:00,55.0,55.0,55.0,55.0,0.0,1.6,88.0,0
2020-07-02,2020-07-02 12:20:00,55.0,55.0,55.0,55.0,0.0,1.6,88.0,0
2020-07-02,2020-07-02 12:30:00,55.0,55.0,55.0,55.0,0.0,1.6,88.0,0
2020-07-02,2020-07-02 12:40:00,55.0,55.0,55.0,55.0,0.0,1.6,88.0,0
2020-07-02,2020-07-02 12:50:00,55.0,55.0,55.0,55.0,0.0,1.6,88.0,0
2020-07-02,2020-07-02 13:00:00,55.0,55.0,55.0,55.0,0.0,1.6,88.0,0
2020-07-02,2020-07-02 13:10:00,55.0,55.0,55.0,55.0,0.0,1.6,88.0,0
2020-07-02,2020-07-02 13:20:00,55.0,55.0,55.0,55.0,0.0,1.6,88.0,0
2020-07-02,2020-07-02 13:30:00,55.0,55.0,55.0,55.0,0.0,1.6,88.0,0
2020-07-02,2020-07-02 13:40:00,55.0,55.0,55.0,55.0,0.0,1.6,88.0,0
2020-07-02,2020-07-02 13:50:00,55.0,55.0,55.0,55.0,0.0,1.6,88.0,0
2020-07-02,2020-07-02 14:00:00,55.0,55.0,55.0,55.0,0.0,1.6,88.0,0
2020-07-02,2020-07-02 14:10:00,55.0,55.0,55.0,55.0,0.0,1.6,88.0,0
2020-07-02,2020-07-02 14:20:00,55.0,55.0,55.0,55.0,0.0,1.6,88.0,0
2020-07-02,2020-07-02 14:30:00,55.0,55.0,55.0,55.0,0.0,1.6,88.0,0
2020-07-02,2020-07-02 14:40:00,55.0,55.0,55.0,55.0,0.0,1.6,88.0,0
2020-07-02,2020-07-02 14:50:00,55.0,55.0,55.0,55.0,0.0,1.6,88.0,0
2020-07-02,2020-07-02 15:00:00,55.0,55.0,55.0,55.0,0.0,1.6,88.0,0
2020-07-05,2020-07-05 11:00:00,54.0,54.0,53.1,53.88,-0.22,4.4,228.0,-1
2020-07-05,2020-07-05 11:10:00,53.88,53.88,53.75,53.75,-0.24,4.4,228.0,-1
2020-07-05,2020-07-05 11:20:00,53.75,53.75,53.62,53.62,-0.24,4.4,228.0,-1
2020-07-05,2020-07-05 11:30:00,53.62,53.62,53.5,53.5,-0.22,4.4,228.0,-1
2020-07-05,2020-07-05 11:40:00,53.5,53.5,53.38,53.38,-0.22,4.4,228.0,-1
2020-07-05,2020-07-05 11:50:00,53.38,53.38,53.25,53.25,-0.24,4.4,228.0,-1
2020-07-05,2020-07-05 12:00:00,53.25,53.25,53.12,53.12,-0.24,4.4,228.0,-1
2020-07-05,2020-07-05 12:10:00,53.12,53.12,53.0,53.0,-0.23,4.4,228.0,-1
2020-07-05,2020-07-05 12:20:00,53.0,53.0,52.88,52.88,-0.23,4.4,228.0,-1
2020-07-05,2020-07-05 12:30:00,52.88,52.88,52.75,52.75,-0.25,4.4,228.0,-1
2020-07-05,2020-07-05 12:40:00,52.75,52.75,52.62,52.62,-0.25,4.4,228.0,-1
2020-07-05,2020-07-05 12:50:00,52.62,52.62,52.5,52.5,-0.23,4.4,228.0,-1
2020-07-05,2020-07-05 13:00:00,52.5,54.0,51.0,52.38,-0.23,4.4,228.0,-1
2020-07-05,2020-07-05 13:10:00,52.38,52.38,52.25,52.25,-0.25,4.4,228.0,-1
2020-07-05,2020-07-05 13:20:00,52.25,52.25,52.12,52.12,-0.25,4.4,228.0,-1
2020-07-05,2020-07-05 13:30:00,52.12,52.12,52.0,52.0,-0.23,4.4,228.0,-1
2020-07-05,2020-07-05 13:40:00,52.0,52.0,51.88,51.88,-0.23,4.4,228.0,-1
2020-07-05,2020-07-05 13:50:00,51.88,51.88,51.75,51.75,-0.25,4.4,228.0,-1
2020-07-05,2020-07-05 14:00:00,51.75,51.75,51.62,51.62,-0.25,4.4,228.0,-1
2020-07-05,2020-07-05 14:10:00,51.62,51.62,51.5,51.5,-0.23,4.4,228.0,-1
2020-07-05,2020-07-05 14:20:00,51.5,51.5,51.38,51.38,-0.23,4.4,228.0,-1
2020-07-05,2020-07-05 14:30:00,51.38,51.38,51.25,51.25,-0.25,4.4,228.0,-1
2020-07-05,2020-07-05 14:40:00,51.25,51.25,51.12,51.12,-0.25,4.4,228.0,-1
2020-07-05,2020-07-05 14:50:00,51.12,51.12,51.0,51.0,-0.23,4.4,228.0,-1
2020-07-05,2020-07-05 15:00:00,51.0,54.0,51.0,51.0,0.0,4.4,228.0,0
2020-07-06,2020-07-06 11:00:00,50.0,50.0,49.7,49.96,-0.08,43.6,2164.4,-1
2020-07-06,2020-07-06 11:10:00,49.96,49.96,49.92,49.92,-0.08,43.6,2164.4,-1
2020-07-06,2020-07-06 11:20:00,49.92,49.92,49.88,49.88,-0.08,43.6,2164.4,-1
2020-07-06,2020-07-06 11:30:00,49.88,49.88,49.83,49.83,-0.1,43.6,2164.4,-1
2020-07-06,2020-07-06 11:40:00,49.83,49.83,49.79,49.79,-0.08,43.6,2164.4,-1
2020-07-06,2020-07-06 11:50:00,49.79,49.79,49.75,49.75,-0.08,43.6,2164.4,-1
2020-07-06,2020-07-06 12:00:00,49.75,49.75,49.71,49.71,-0.08,43.6,2164.4,-1
2020-07-06,2020-07-06 12:10:00,49.71,49.71,49.67,49.67,-0.08,43.6,2164.4,-1
2020-07-06,2020-07-06 12:20:00,49.67,49.67,49.62,49.62,-0.1,43.6,2164.4,-1
2020-07-06,2020-07-06 12:30:00,49.62,49.62,49.58,49.58,-0.08,43.6,2164.4,-1
2020-07-06,2020-07-06 12:40:00,49.58,49.58,49.54,49.54,-0.08,43.6,2164.4,-1
2020-07-06,2020-07-06 12:50:00,49.54,49.54,49.5,49.5,-0.08,43.6,2164.4,-1
2020-07-06,2020-07-06 13:00:00,49.5,50.0,49.0,49.46,-0.08,43.6,2164.4,-1
2020-07-06,2020-07-06 13:10:00,49.46,49.46,49.42,49.42,-0.08,43.6,2164.4,-1
2020-07-06,2020-07-06 13:20:00,49.42,49.42,49.38,49.38,-0.08,43.6,2164.4,-1
2020-07-06,2020-07-06 13:30:00,49.38,49.38,49.33,49.33,-0.1,43.6,2164.4,-1
2020-07-06,2020-07-06 13:40:00,49.33,49.33,49.29,49.29,-0.08,43.6,2164.4,-1
2020-07-06,2020-07-06 13:50:00,49.29,49.29,49.25,49.25,-0.08,43.6,2164.4,-1
2020-07-06,2020-07-06 14:00:00,49.25,49.25,49.21,49.21,-0.08,43.6,2164.4,-1
2020-07-06,2020-07-06 14:10:00,49.21,49.21,49.17,49.17,-0.08,43.6,2164.4,-1
2020-07-06,2020-07-06 14:20:00,49.17,49.17,49.12,49.12,-0.1,43.6,2164.4,-1
2020-07-06,2020-07-06 14:30:00,49.12,49.12,49.08,49.08,-0.08,43.6,2164.4,-1
2020-07-06,2020-07-06 14:40:00,49.08,49.08,49.04,49.04,-0.08,43.6,2164.4,-1
2020-07-06,2020-07-06 14:50:00,49.04,49.04,49.0,49.0,-0.08,43.6,2164.4,-1
2020-07-06,2020-07-06 15:00:00,49.0,50.0,49.0,49.0,0.0,43.6,2164.4,0
2020-07-07,2020-07-07 11:00:00,49.0,49.3,49.0,49.04,0.08,73.6,3665.28,1
2020-07-07,2020-07-07 11:10:00,49.04,49.08,49.04,49.08,0.08,73.6,3665.28,1
2020-07-07,2020-07-07 11:20:00,49.08,49.12,49.08,49.12,0.08,73.6,3665.28,1
2020-07-07,2020-07-07 11:30:00,49.12,49.17,49.12,49.17,0.1,73.6,3665.28,1
2020-07-07,2020-07-07 11:40:00,49.17,49.21,49.17,49.21,0.08,73.6,3665.28,1
2020-07-07,2020-07-07 11:50:00,49.21,49.25,49.21,49.25,0.08,73.6,3665.28,1
2020-07-07,2020-07-07 12:00:00,49.25,49.29,49.25,49.29,0.08,73.6,3665.28,1
2020-07-07,2020-07-07 12:10:00,49.29,49.33,49.29,49.33,0.08,73.6,3665.28,1
2020-07-07,2020-07-07 12:20:00,49.33,49.38,49.33,49.38,0.1,73.6,3665.28,1
2020-07-07,2020-07-07 12:30:00,49.38,49.42,49.38,49.42,0.08,73.6,3665.28,1
2020-07-07,2020-07-07 12:40:00,49.42,49.46,49.42,49.46,0.08,73.6,3665.28,1
2020-07-07,2020-07-07 12:50:00,49.46,49.5,49.46,49.5,0.08,73.6,3665.28,1
2020-07-07,2020-07-07 13:00:00,49.5,50.0,49.0,49.54,0.08,73.6,3665.28,1
2020-07-07,2020-07-07 13:10:00,49.54,49.58,49.54,49.58,0.08,73.6,3665.28,1
2020-07-07,2020-07-07 13:20:00,49.58,49.62,49.58,49.62,0.08,73.6,3665.28,1
2020-07-07,2020-07-07 13:30:00,49.62,49.67,49.62,49.67,0.1,73.6,3665.28,1
2020-07-07,2020-07-07 13:40:00,49.67,49.71,49.67,49.71,0.08,73.6,3665.28,1
2020-07-07,2020-07-07 13:50:00,49.71,49.75,49.71,49.75,0.08,73.6,3665.28,1
2020-07-07,2020-07-07 14:00:00,49.75,49.79,49.75,49.79,0.08,73.6,3665.28,1
2020-07-07,2020-07-07 14:10:00,49.79,49.83,49.79,49.83,0.08,73.6,3665.28,1
2020-07-07,2020-07-07 14:20:00,49.83,49.88,49.83,49.88,0.1,73.6,3665.28,1
2020-07-07,2020-07-07 14:30:00,49.88,49.92,49.88,49.92,0.08,73.6,3665.28,1
2020-07-07,2020-07-07 14:40:00,49.92,49.96,49.92,49.96,0.08,73.6,3665.28,1
2020-07-07,2020-07-07 14:50:00,49.96,50.0,49.96,50.0,0.08,73.6,3665.28,1
2020-07-07,2020-07-07 15:00:00,50.0,50.0,49.0,50.0,0.0,73.6,3665.28,0
2020-07-08,2020-07-08 11:00:00,50.0,50.6,50.0,50.04,0.08,16.0,808.0,1
2020-07-08,2020-07-08 11:10:00,50.04,50.08,50.04,50.08,0.08,16.0,808.0,1
2020-07-08,2020-07-08 11:20:00,50.08,50.12,50.08,50.12,0.08,16.0,808.0,1
2020-07-08,2020-07-08 11:30:00,50.12,50.17,50.12,50.17,0.1,16.0,808.0,1
2020-07-08,2020-07-08 11:40:00,50.17,50.21,50.17,50.21,0.08,16.0,808.0,1
2020-07-08,2020-07-08 11:50:00,50.21,50.25,50.21,50.25,0.08,16.0,808.0,1
2020-07-08,2020-07-08 12:00:00,50.25,50.29,50.25,50.29,0.08,16.0,808.0,1
2020-07-08,2020-07-08 12:10:00,50.29,50.33,50.29,50.33,0.08,16.0,808.0,1
2020-07-08,2020-07-08 12:20:00,50.33,50.38,50.33,50.38,0.1,16.0,808.0,1
2020-07-08,2020-07-08 12:30:00,50.38,50.42,50.38,50.42,0.08,16.0,808.0,1
2020-07-08,2020-07-08 12:40:00,50.42,50.46,50.42,50.46,0.08,16.0,808.0,1
2020-07-08,2020-07-08 12:50:00,50.46,50.5,50.46,50.5,0.08,16.0,808.0,1
2020-07-08,2020-07-08 13:00:00,50.5,52.0,50.0,50.54,0.08,16.0,808.0,1
2020-07-08,2020-07-08 13:10:00,50.54,50.58,50.54,50.58,0.08,16.0,808.0,1
2020-07-08,2020-07-08 13:20:00,50.58,50.62,50.58,50.62,0.08,16.0,808.0,1
2020-07-08,2020-07-08 13:30:00,50.62,50.67,50.62,50.67,0.1,16.0,808.0,1
2020-07-08,2020-07-08 13:40:00,50.67,50.71,50.67,50.71,0.08,16.0,808.0,1
2020-07-08,2020-07-08 13:50:00,50.71,50.75,50.71,50.75,0.08,16.0,808.0,1
2020-07-08,2020-07-08 14:00:00,50.75,50.79,50.75,50.79,0.08,16.0,808.0,1
2020-07-08,2020-07-08 14:10:00,50.79,50.83,50.79,50.83,0.08,16.0,808.0,1
2020-07-08,2020-07-08 14:20:00,50.83,50.88,50.83,50.88,0.1,16.0,808.0,1
2020-07-08,2020-07-08 14:30:00,50.88,50.92,50.88,50.92,0.08,16.0,808.0,1
2020-07-08,2020-07-08 14:40:00,50.92,50.96,50.92,50.96,0.08,16.0,808.0,1
2020-07-08,2020-07-08 14:50:00,50.96,51.0,50.96,51.0,0.08,16.0,808.0,1
2020-07-08,2020-07-08 15:00:00,51.0,52.0,50.0,51.0,0.0,16.0,808.0,0
2020-07-09,2020-07-09 11:00:00,50.0,51.2,50.0,50.17,0.34,54.4,2850.8,1
2020-07-09,2020-07-09 11:10:00,50.17,50.33,50.17,50.33,0.32,54.4,2850.8,1
2020-07-09,2020-07-09 11:20:00,50.33,50.5,50.33,50.5,0.34,54.4,2850.8,1
2020-07-09,2020-07-09 11:30:00,50.5,50.67,50.5,50.67,0.34,54.4,2850.8,1
2020-07-09,2020-07-09 11:40:00,50.67,50.83,50.67,50.83,0.32,54.4,2850.8,1
2020-07-09,2020-07-09 11:50:00,50.83,51.0,50.83,51.0,0.33,54.4,2850.8,1
2020-07-09,2020-07-09 12:00:00,51.0,51.17,51.0,51.17,0.33,54.4,2850.8,1
2020-07-09,2020-07-09 12:10:00,51.17,51.33,51.17,51.33,0.31,54.4,2850.8,1
2020-07-09,2020-07-09 12:20:00,51.33,51.5,51.33,51.5,0.33,54.4,2850.8,1
2020-07-09,2020-07-09 12:30:00,51.5,51.67,51.5,51.67,0.33,54.4,2850.8,1
2020-07-09,2020-07-09 12:40:00,51.67,51.83,51.67,51.83,0.31,54.4,2850.8,1
2020-07-09,2020-07-09 12:50:00,51.83,52.0,51.83,52.0,0.33,54.4,2850.8,1
2020-07-09,2020-07-09 13:00:00,52.0,54.0,50.0,52.17,0.33,54.4,2850.8,1
2020-07-09,2020-07-09 13:10:00,52.17,52.33,52.17,52.33,0.31,54.4,2850.8,1
2020-07-09,2020-07-09 13:20:00,52.33,52.5,52.33,52.5,0.32,54.4,2850.8,1
2020-07-09,2020-07-09 13:30:00,52.5,52.67,52.5,52.67,0.32,54.4,2850.8,1
2020-07-09,2020-07-09 13:40:00,52.67,52.83,52.67,52.83,0.3,54.4,2850.8,1
2020-07-09,2020-07-09 13:50:00,52.83,53.0,52.83,53.0,0.32,54.4,2850.8,1
2020-07-09,2020-07-09 14:00:00,53.0,53.17,53.0,53.17,0.32,54.4,2850.8,1
2020-07-09,2020-07-09 14:10:00,53.17,53.33,53.17,53.33,0.3,54.4,2850.8,1
2020-07-09,2020-07-09 14:20:00,53.33,53.5,53.33,53.5,0.32,54.4,2850.8,1
2020-07-09,2020-07-09 14:30:00,53.5,53.67,53.5,53.67,0.32,54.4,2850.8,1
2020-07-09,2020-07-09 14:40:00,53.67,53.83,53.67,53.83,0.3,54.4,2850.8,1
2020-07-09,2020-07-09 14:50:00,53.83,54.0,53.83,54.0,0.32,54.4,2850.8,1
2020-07-09,2020-07-09 15:00:00,54.0,54.0,50.0,54.0,0.0,54.4,2850.8,0
2020-07-12,2020-07-12 11:00:00,53.0,53.0,52.1,52.92,-0.15,18.0,926.4,-1
2020-07-12,2020-07-12 11:10:00,52.92,52.92,52.83,52.83,-0.17,18.0,926.4,-1
2020-07-12,2020-07-12 11:20:00,52.83,52.83,52.75,52.75,-0.15,18.0,926.4,-1
2020-07-12,2020-07-12 11:30:00,52.75,52.75,52.67,52.67,-0.15,18.0,926.4,-1
2020-07-12,2020-07-12 11:40:00,52.67,52.67,52.58,52.58,-0.17,18.0,926.4,-1
2020-07-12,2020-07-12 11:50:00,52.58,52.58,52.5,52.5,-0.15,18.0,926.4,-1
2020-07-12,2020-07-12 12:00:00,52.5,52.5,52.42,52.42,-0.15,18.0,926.4,-1
2020-07-12,2020-07-12 12:10:00,52.42,52.42,52.33,52.33,-0.17,18.0,926.4,-1
2020-07-12,2020-07-12 12:20:00,52.33,52.33,52.25,52.25,-0.15,18.0,926.4,-1
2020-07-12,2020-07-12 12:30:00,52.25,52.25,52.17,52.17,-0.15,18.0,926.4,-1
2020-07-12,2020-07-12 12:40:00,52.17,52.17,52.08,52.08,-0.17,18.0,926.4,-1
2020-07-12,2020-07-12 12:50:00,52.08,52.08,52.0,52.0,-0.15,18.0,926.4,-1
2020-07-12,2020-07-12 13:00:00,52.0,53.0,50.0,51.92,-0.15,18.0,926.4,-1
2020-07-12,2020-07-12 13:10:00,51.92,51.92,51.83,51.83,-0.17,18.0,926.4,-1
2020-07-12,2020-07-12 13:20:00,51.83,51.83,51.75,51.75,-0.15,18.0,926.4,-1
2020-07-12,2020-07-12 13:30:00,51.75,51.75,51.67,51.67,-0.15,18.0,926.4,-1
2020-07-12,2020-07-12 13:40:00,51.67,51.67,51.58,51.58,-0.17,18.0,926.4,-1
2020-07-12,2020-07-12 13:50:00,51.58,51.58,51.5,51.5,-0.16,18.0,926.4,-1
2020-07-12,2020-07-12 14:00:00,51.5,51.5,51.42,51.42,-0.16,18.0,926.4,-1
2020-07-12,2020-07-12 14:10:00,51.42,51.42,51.33,51.33,-0.18,18.0,926.4,-1
2020-07-12,2020-07-12 14:20:00,51.33,51.33,51.25,51.25,-0.16,18.0,926.4,-1
2020-07-12,2020-07-12 14:30:00,51.25,51.25,51.17,51.17,-0.16,18.0,926.4,-1
2020-07-12,2020-07-12 14:40:00,51.17,51.17,51.08,51.08,-0.18,18.0,926.4,-1
2020-07-12,2020-07-12 14:50:00,51.08,51.08,51.0,51.0,-0.16,18.0,926.4,-1
2020-07-12,2020-07-12 15:00:00,51.0,53.0,50.0,51.0,0.0,18.0,926.4,0
2020-07-13,2020-07-13 11:00:00,50.0,50.3,50.0,50.0,0.0,48.0,2409.6,0
2020-07-13,2020-07-13 11:10:00,50.0,50.0,50.0,50.0,0.0,48.0,2409.6,0
2020-07-13,2020-07-13 11:20:00,50.0,50.0,50.0,50.0,0.0,48.0,2409.6,0
2020-07-13,2020-07-13 11:30:00,50.0,50.0,50.0,50.0,0.0,48.0,2409.6,0
2020-07-13,2020-07-13 11:40:00,50.0,50.0,50.0,50.0,0.0,48.0,2409.6,0
2020-07-13,2020-07-13 11:50:00,50.0,50.0,50.0,50.0,0.0,48.0,2409.6,0
2020-07-13,2020-07-13 12:00:00,50.0,50.0,50.0,50.0,0.0,48.0,2409.6,0
2020-07-13,2020-07-13 12:10:00,50.0,50.0,50.0,50.0,0.0,48.0,2409.6,0
2020-07-13,2020-07-13 12:20:00,50.0,50.0,50.0,50.0,0.0,48.0,2409.6,0
2020-07-13,2020-07-13 12:30:00,50.0,50.0,50.0,50.0,0.0,48.0,2409.6,0
2020-07-13,2020-07-13 12:40:00,50.0,50.0,50.0,50.0,0.0,48.0,2409.6,0
2020-07-13,2020-07-13 12:50:00,50.0,50.0,50.0,50.0,0.0,48.0,2409.6,0
2020-07-13,2020-07-13 13:00:00,50.0,51.0,50.0,50.0,0.0,48.0,2409.6,0
2020-07-13,2020-07-13 13:10:00,50.0,50.0,50.0,50.0,0.0,48.0,2409.6,0
2020-07-13,2020-07-13 13:20:00,50.0,50.0,50.0,50.0,0.0,48.0,2409.6,0
2020-07-13,2020-07-13 13:30:00,50.0,50.0,50.0,50.0,0.0,48.0,2409.6,0
2020-07-13,2020-07-13 13:40:00,50.0,50.0,50.0,50.0,0.0,48.0,2409.6,0
2020-07-13,2020-07-13 13:50:00,50.0,50.0,50.0,50.0,0.0,48.0,2409.6,0
2020-07-13,2020-07-13 14:00:00,50.0,50.0,50.0,50.0,0.0,48.0,2409.6,0
2020-07-13,2020-07-13 14:10:00,50.0,50.0,50.0,50.0,0.0,48.0,2409.6,0
2020-07-13,2020-07-13 14:20:00,50.0,50.0,50.0,50.0,0.0,48.0,2409.6,0
2020-07-13,2020-07-13 14:30:00,50.0,50.0,50.0,50.0,0.0,48.0,2409.6,0
2020-07-13,2020-07-13 14:40:00,50.0,50.0,50.0,50.0,0.0,48.0,2409.6,0
2020-07-13,2020-07-13 14:50:00,50.0,50.0,50.0,50.0,0.0,48.0,2409.6,0
2020-07-13,2020-07-13 15:00:00,50.0,51.0,50.0,50.0,0.0,48.0,2409.6,0
2020-07-14,2020-07-14 11:00:00,51.0,51.0,50.4,51.0,0.0,26.0,1305.16,0
2020-07-14,2020-07-14 11:10:00,51.0,51.0,51.0,51.0,0.0,26.0,1305.16,0
2020-07-14,2020-07-14 11:20:00,51.0,51.0,51.0,51.0,0.0,26.0,1305.16,0
2020-07-14,2020-07-14 11:30:00,51.0,51.0,51.0,51.0,0.0,26.0,1305.16,0
2020-07-14,2020-07-14 11:40:00,51.0,51.0,51.0,51.0,0.0,26.0,1305.16,0
2020-07-14,2020-07-14 11:50:00,51.0,51.0,51.0,51.0,0.0,26.0,1305.16,0
2020-07-14,2020-07-14 12:00:00,51.0,51.0,51.0,51.0,0.0,26.0,1305.16,0
2020-07-14,2020-07-14 12:10:00,51.0,51.0,51.0,51.0,0.0,26.0,1305.16,0
2020-07-14,2020-07-14 12:20:00,51.0,51.0,51.0,51.0,0.0,26.0,1305.16,0
2020-07-14,2020-07-14 12:30:00,51.0,51.0,51.0,51.0,0.0,26.0,1305.16,0
2020-07-14,2020-07-14 12:40:00,51.0,51.0,51.0,51.0,0.0,26.0,1305.16,0
2020-07-14,2020-07-14 12:50:00,51.0,51.0,51.0,51.0,0.0,26.0,1305.16,0
2020-07-14,2020-07-14 13:00:00,51.0,51.0,49.0,51.0,0.0,26.0,1305.16,0
2020-07-14,2020-07-14 13:10:00,51.0,51.0,51.0,51.0,0.0,26.0,1305.16,0
2020-07-14,2020-07-14 13:20:00,51.0,51.0,51.0,51.0,0.0,26.0,1305.16,0
2020-07-14,2020-07-14 13:30:00,51.0,51.0,51.0,51.0,0.0,26.0,1305.16,0
2020-07-14,2020-07-14 13:40:00,51.0,51.0,51.0,51.0,0.0,26.0,1305.16,0
2020-07-14,2020-07-14 13:50:00,51.0,51.0,51.0,51.0,0.0,26.0,1305.16,0
2020-07-14,2020-07-14 14:00:00,51.0,51.0,51.0,51.0,0.0,26.0,1305.16,0
2020-07-14,2020-07-14 14:10:00,51.0,51.0,51.0,51.0,0.0,26.0,1305.16,0
2020-07-14,2020-07-14 14:20:00,51.0,51.0,51.0,51.0,0.0,26.0,1305.16,0
2020-07-14,2020-07-14 14:30:00,51.0,51.0,51.0,51.0,0.0,26.0,1305.16,0
2020-07-14,2020-07-14 14:40:00,51.0,51.0,51.0,51.0,0.0,26.0,1305.16,0
2020-07-14,2020-07-14 14:50:00,51.0,51.0,51.0,51.0,0.0,26.0,1305.16,0
2020-07-14,2020-07-14 15:00:00,51.0,51.0,49.0,51.0,0.0,26.0,1305.16,0
2020-07-15,2020-07-15 11:00:00,50.0,50.3,49.7,50.0,0.0,19.2,955.12,0
2020-07-15,2020-07-15 11:10:00,50.0,50.0,50.0,50.0,0.0,19.2,955.12,0
2020-07-15,2020-07-15 11:20:00,50.0,50.0,50.0,50.0,0.0,19.2,955.12,0
2020-07-15,2020-07-15 11:30:00,50.0,50.0,50.0,50.0,0.0,19.2,955.12,0
2020-07-15,2020-07-15 11:40:00,50.0,50.0,50.0,50.0,0.0,19.2,955.12,0
2020-07-15,2020-07-15 11:50:00,50.0,50.0,50.0,50.0,0.0,19.2,955.12,0
2020-07-15,2020-07-15 12:00:00,50.0,50.0,50.0,50.0,0.0,19.2,955.12,0
2020-07-15,2020-07-15 12:10:00,50.0,50.0,50.0,50.0,0.0,19.2,955.12,0
2020-07-15,2020-07-15 12:20:00,50.0,50.0,50.0,50.0,0.0,19.2,955.12,0
2020-07-15,2020-07-15 12:30:00,50.0,50.0,50.0,50.0,0.0,19.2,955.12,0
2020-07-15,2020-07-15 12:40:00,50.0,50.0,50.0,50.0,0.0,19.2,955.12,0
2020-07-15,2020-07-15 12:50:00,50.0,50.0,50.0,50.0,0.0,19.2,955.12,0
2020-07-15,2020-07-15 13:00:00,50.0,51.0,49.0,50.0,0.0,19.2,955.12,0
2020-07-15,2020-07-15 13:10:00,50.0,50.0,50.0,50.0,0.0,19.2,955.12,0
2020-07-15,2020-07-15 13:20:00,50.0,50.0,50.0,50.0,0.0,19.2,955.12,0
2020-07-15,2020-07-15 13:30:00,50.0,50.0,50.0,50.0,0.0,19.2,955.12,0
2020-07-15,2020-07-15 13:40:00,50.0,50.0,50.0,50.0,0.0,19.2,955.12,0
2020-07-15,2020-07-15 13:50:00,50.0,50.0,50.0,50.0,0.0,19.2,955.12,0
2020-07-15,2020-07-15 14:00:00,50.0,50.0,50.0,50.0,0.0,19.2,955.12,0
2020-07-15,2020-07-15 14:10:00,50.0,50.0,50.0,50.0,0.0,19.2,955.12,0
2020-07-15,2020-07-15 14:20:00,50.0,50.0,50.0,50.0,0.0,19.2,955.12,0
2020-07-15,2020-07-15 14:30:00,50.0,50.0,50.0,50.0,0.0,19.2,955.12,0
2020-07-15,2020-07-15 14:40:00,50.0,50.0,50.0,50.0,0.0,19.2,955.12,0
2020-07-15,2020-07-15 14:50:00,50.0,50.0,50.0,50.0,0.0,19.2,955.12,0
2020-07-15,2020-07-15 15:00:00,50.0,51.0,49.0,50.0,0.0,19.2,955.12,0
2020-07-16,2020-07-16 11:00:00,50.0,50.3,49.7,50.0,0.0,20.2,1006.6,0
2020-07-16,2020-07-16 11:10:00,50.0,50.0,50.0,50.0,0.0,20.2,1006.6,0
2020-07-16,2020-07-16 11:20:00,50.0,50.0,50.0,50.0,0.0,20.2,1006.6,0
2020-07-16,2020-07-16 11:30:00,50.0,50.0,50.0,50.0,0.0,20.2,1006.6,0
2020-07-16,2020-07-16 11:40:00,50.0,50.0,50.0,50.0,0.0,20.2,1006.6,0
2020-07-16,2020-07-16 11:50:00,50.0,50.0,50.0,50.0,0.0,20.2,1006.6,0
2020-07-16,2020-07-16 12:00:00,50.0,50.0,50.0,50.0,0.0,20.2,1006.6,0
2020-07-16,2020-07-16 12:10:00,50.0,50.0,50.0,50.0,0.0,20.2,1006.6,0
2020-07-16,2020-07-16 12:20:00,50.0,50.0,50.0,50.0,0.0,20.2,1006.6,0
2020-07-16,2020-07-16 12:30:00,50.0,50.0,50.0,50.0,0.0,20.2,1006.6,0
2020-07-16,2020-07-16 12:40:00,50.0,50.0,50.0,50.0,0.0,20.2,1006.6,0
2020-07-16,2020-07-16 12:50:00,50.0,50.0,50.0,50.0,0.0,20.2,1006.6,0
2020-07-16,2020-07-16 13:00:00,50.0,51.0,49.0,50.0,0.0,20.2,1006.6,0
2020-07-16,2020-07-16 13:10:00,50.0,50.0,50.0,50.0,0.0,20.2,1006.6,0
2020-07-16,2020-07-16 13:20:00,50.0,50.0,50.0,50.0,0.0,20.2,1006.6,0
2020-07-16,2020-07-16 13:30:00,50.0,50.0,50.0,50.0,0.0,20.2,1006.6,0
2020-07-16,2020-07-16 13:40:00,50.0,50.0,50.0,50.0,0.0,20.2,1006.6,0
2020-07-16,2020-07-16 13:50:00,50.0,50.0,50.0,50.0,0.0,20.2,1006.6,0
2020-07-16,2020-07-16 14:00:00,50.0,50.0,50.0,50.0,0.0,20.2,1006.6,0
2020-07-16,2020-07-16 14:10:00,50.0,50.0,50.0,50.0,0.0,20.2,1006.6,0
2020-07-16,2020-07-16 14:20:00,50.0,50.0,50.0,50.0,0.0,20.2,1006.6,0
2020-07-16,2020-07-16 14:30:00,50.0,50.0,50.0,50.0,0.0,20.2,1006.6,0
2020-07-16,2020-07-16 14:40:00,50.0,50.0,50.0,50.0,0.0,20.2,1006.6,0
2020-07-16,2020-07-16 14:50:00,50.0,50.0,50.0,50.0,0.0,20.2,1006.6,0
2020-07-16,2020-07-16 15:00:00,50.0,51.0,49.0,50.0,0.0,20.2,1006.6,0
2020-07-20,2020-07-20 11:00:00,49.0,49.29,48.7,49.04,0.08,13.6,662.4,1
2020-07-20,2020-07-20 11:10:00,49.04,49.08,49.04,49.08,0.08,13.6,662.4,1
2020-07-20,2020-07-20 11:20:00,49.08,49.12,49.08,49.12,0.08,13.6,662.4,1
2020-07-20,2020-07-20 11:30:00,49.12,49.16,49.12,49.16,0.08,13.6,662.4,1
2020-07-20,2020-07-20 11:40:00,49.16,49.2,49.16,49.2,0.08,13.6,662.4,1
2020-07-20,2020-07-20 11:50:00,49.2,49.24,49.2,49.24,0.08,13.6,662.4,1
2020-07-20,2020-07-20 12:00:00,49.24,49.29,49.24,49.29,0.1,13.6,662.4,1
2020-07-20,2020-07-20 12:10:00,49.29,49.33,49.29,49.33,0.08,13.6,662.4,1
2020-07-20,2020-07-20 12:20:00,49.33,49.37,49.33,49.37,0.08,13.6,662.4,1
2020-07-20,2020-07-20 12:30:00,49.37,49.41,49.37,49.41,0.08,13.6,662.4,1
2020-07-20,2020-07-20 12:40:00,49.41,49.45,49.41,49.45,0.08,13.6,662.4,1
2020-07-20,2020-07-20 12:50:00,49.45,49.49,49.45,49.49,0.08,13.6,662.4,1
2020-07-20,2020-07-20 13:00:00,49.49,49.98,48.0,49.53,0.08,13.6,662.4,1
2020-07-20,2020-07-20 13:10:00,49.53,49.57,49.53,49.57,0.08,13.6,662.4,1
2020-07-20,2020-07-20 13:20:00,49.57,49.61,49.57,49.61,0.08,13.6,662.4,1
2020-07-20,2020-07-20 13:30:00,49.61,49.65,49.61,49.65,0.08,13.6,662.4,1
2020-07-20,2020-07-20 13:40:00,49.65,49.69,49.65,49.69,0.08,13.6,662.4,1
2020-07-20,2020-07-20 13:50:00,49.69,49.73,49.69,49.73,0.08,13.6,662.4,1
2020-07-20,2020-07-20 14:00:00,49.73,49.78,49.73,49.78,0.1,13.6,662.4,1
2020-07-20,2020-07-20 14:10:00,49.78,49.82,49.78,49.82,0.08,13.6,662.4,1
2020-07-20,2020-07-20 14:20:00,49.82,49.86,49.82,49.86,0.08,13.6,662.4,1
2020-07-20,2020-07-20 14:30:00,49.86,49.9,49.86,49.9,0.08,13.6,662.4,1
2020-07-20,2020-07-20 14:40:00,49.9,49.94,49.9,49.94,0.08,13.6,662.4,1
2020-07-20,2020-07-20 14:50:00,49.94,49.98,49.94,49.98,0.08,13.6,662.4,1
2020-07-20,2020-07-20 15:00:00,49.98,49.98,48.0,49.98,0.0,13.6,662.4,0
2020-07-21,2020-07-21 11:00:00,50.0,50.6,49.7,50.04,0.08,57.6,2946.72,1
2020-07-21,2020-07-21 11:10:00,50.04,50.08,50.04,50.08,0.08,57.6,2946.72,1
2020-07-21,2020-07-21 11:20:00,50.08,50.12,50.08,50.12,0.08,57.6,2946.72,1
2020-07-21,2020-07-21 11:30:00,50.12,50.17,50.12,50.17,0.1,57.6,2946.72,1
2020-07-21,2020-07-21 11:40:00,50.17,50.21,50.17,50.21,0.08,57.6,2946.72,1
2020-07-21,2020-07-21 11:50:00,50.21,50.25,50.21,50.25,0.08,57.6,2946.72,1
2020-07-21,2020-07-21 12:00:00,50.25,50.29,50.25,50.29,0.08,57.6,2946.72,1
2020-07-21,2020-07-21 12:10:00,50.29,50.33,50.29,50.33,0.08,57.6,2946.72,1
2020-07-21,2020-07-21 12:20:00,50.33,50.38,50.33,50.38,0.1,57.6,2946.72,1
2020-07-21,2020-07-21 12:30:00,50.38,50.42,50.38,50.42,0.08,57.6,2946.72,1
2020-07-21,2020-07-21 12:40:00,50.42,50.46,50.42,50.46,0.08,57.6,2946.72,1
2020-07-21,2020-07-21 12:50:00,50.46,50.5,50.46,50.5,0.08,57.6,2946.72,1
2020-07-21,2020-07-21 13:00:00,50.5,52.0,49.01,50.54,0.08,57.6,2946.72,1
2020-07-21,2020-07-21 13:10:00,50.54,50.58,50.54,50.58,0.08,57.6,2946.72,1
2020-07-21,2020-07-21 13:20:00,50.58,50.62,50.58,50.62,0.08,57.6,2946.72,1
2020-07-21,2020-07-21 13:30:00,50.62,50.67,50.62,50.67,0.1,57.6,2946.72,1
2020-07-21,2020-07-21 13:40:00,50.67,50.71,50.67,50.71,0.08,57.6,2946.72,1
2020-07-21,2020-07-21 13:50:00,50.71,50.75,50.71,50.75,0.08,57.6,2946.72,1
2020-07-21,2020-07-21 14:00:00,50.75,50.79,50.75,50.79,0.08,57.6,2946.72,1
2020-07-21,2020-07-21 14:10:00,50.79,50.83,50.79,50.83,0.08,57.6,2946.72,1
2020-07-21,2020-07-21 14:20:00,50.83,50.88,50.83,50.88,0.1,57.6,2946.72,1
2020-07-21,2020-07-21 14:30:00,50.88,50.92,50.88,50.92,0.08,57.6,2946.72,1
2020-07-21,2020-07-21 14:40:00,50.92,50.96,50.92,50.96,0.08,57.6,2946.72,1
2020-07-21,2020-07-21 14:50:00,50.96,51.0,50.96,51.0,0.08,57.6,2946.72,1
2020-07-21,2020-07-21 15:00:00,51.0,52.0,49.01,51.0,0.0,57.6,2946.72,0
2020-07-22,2020-07-22 11:00:00,50.0,50.0,49.4,49.92,-0.16,36.4,1768.72,-1
2020-07-22,2020-07-22 11:10:00,49.92,49.92,49.83,49.83,-0.18,36.4,1768.72,-1
2020-07-22,2020-07-22 11:20:00,49.83,49.83,49.75,49.75,-0.16,36.4,1768.72,-1
2020-07-22,2020-07-22 11:30:00,49.75,49.75,49.67,49.67,-0.16,36.4,1768.72,-1
2020-07-22,2020-07-22 11:40:00,49.67,49.67,49.58,49.58,-0.18,36.4,1768.72,-1
2020-07-22,2020-07-22 11:50:00,49.58,49.58,49.5,49.5,-0.16,36.4,1768.72,-1
2020-07-22,2020-07-22 12:00:00,49.5,49.5,49.42,49.42,-0.16,36.4,1768.72,-1
2020-07-22,2020-07-22 12:10:00,49.42,49.42,49.33,49.33,-0.18,36.4,1768.72,-1
2020-07-22,2020-07-22 12:20:00,49.33,49.33,49.25,49.25,-0.16,36.4,1768.72,-1
2020-07-22,2020-07-22 12:30:00,49.25,49.25,49.17,49.17,-0.16,36.4,1768.72,-1
2020-07-22,2020-07-22 12:40:00,49.17,49.17,49.08,49.08,-0.18,36.4,1768.72,-1
2020-07-22,2020-07-22 12:50:00,49.08,49.08,49.0,49.0,-0.16,36.4,1768.72,-1
2020-07-22,2020-07-22 13:00:00,49.0,50.0,48.0,48.92,-0.16,36.4,1768.72,-1
2020-07-22,2020-07-22 13:10:00,48.92,48.92,48.83,48.83,-0.18,36.4,1768.72,-1
2020-07-22,2020-07-22 13:20:00,48.83,48.83,48.75,48.75,-0.16,36.4,1768.72,-1
2020-07-22,2020-07-22 13:30:00,48.75,48.75,48.67,48.67,-0.16,36.4,1768.72,-1
2020-07-22,2020-07-22 13:40:00,48.67,48.67,48.58,48.58,-0.18,36.4,1768.72,-1
2020-07-22,2020-07-22 13:50:00,48.58,48.58,48.5,48.5,-0.16,36.4,1768.72,-1
2020-07-22,2020-07-22 14:00:00,48.5,48.5,48.42,48.42,-0.16,36.4,1768.72,-1
2020-07-22,2020-07-22 14:10:00,48.42,48.42,48.33,48.33,-0.19,36.4,1768.72,-1
2020-07-22,2020-07-22 14:20:00,48.33,48.33,48.25,48.25,-0.17,36.4,1768.72,-1
2020-07-22,2020-07-22 14:30:00,48.25,48.25,48.17,48.17,-0.17,36.4,1768.72,-1
2020-07-22,2020-07-22 14:40:00,48.17,48.17,48.08,48.08,-0.19,36.4,1768.72,-1
2020-07-22,2020-07-22 14:50:00,48.08,48.08,48.0,48.0,-0.17,36.4,1768.72,-1
2020-07-22,2020-07-22 15:00:00,48.0,50.0,48.0,48.0,0.0,36.4,1768.72,0
2020-07-23,2020-07-23 11:00:00,48.0,48.29,47.43,47.92,-0.17,84.8,4034.96,-1
2020-07-23,2020-07-23 11:10:00,47.92,47.92,47.85,47.85,-0.15,84.8,4034.96,-1
2020-07-23,2020-07-23 11:20:00,47.85,47.85,47.77,47.77,-0.17,84.8,4034.96,-1
2020-07-23,2020-07-23 11:30:00,47.77,47.77,47.7,47.7,-0.15,84.8,4034.96,-1
2020-07-23,2020-07-23 11:40:00,47.7,47.7,47.62,47.62,-0.17,84.8,4034.96,-1
2020-07-23,2020-07-23 11:50:00,47.62,47.62,47.55,47.55,-0.15,84.8,4034.96,-1
2020-07-23,2020-07-23 12:00:00,47.55,47.55,47.48,47.48,-0.15,84.8,4034.96,-1
2020-07-23,2020-07-23 12:10:00,47.48,47.48,47.4,47.4,-0.17,84.8,4034.96,-1
2020-07-23,2020-07-23 12:20:00,47.4,47.4,47.33,47.33,-0.15,84.8,4034.96,-1
2020-07-23,2020-07-23 12:30:00,47.33,47.33,47.25,47.25,-0.17,84.8,4034.96,-1
2020-07-23,2020-07-23 12:40:00,47.25,47.25,47.18,47.18,-0.15,84.8,4034.96,-1
2020-07-23,2020-07-23 12:50:00,47.18,47.18,47.1,47.1,-0.17,84.8,4034.96,-1
2020-07-23,2020-07-23 13:00:00,47.1,48.96,46.1,47.02,-0.17,84.8,4034.96,-1
2020-07-23,2020-07-23 13:10:00,47.02,47.02,46.95,46.95,-0.15,84.8,4034.96,-1
2020-07-23,2020-07-23 13:20:00,46.95,46.95,46.88,46.88,-0.15,84.8,4034.96,-1
2020-07-23,2020-07-23 13:30:00,46.88,46.88,46.8,46.8,-0.17,84.8,4034.96,-1
2020-07-23,2020-07-23 13:40:00,46.8,46.8,46.73,46.73,-0.15,84.8,4034.96,-1
2020-07-23,2020-07-23 13:50:00,46.73,46.73,46.65,46.65,-0.17,84.8,4034.96,-1
2020-07-23,2020-07-23 14:00:00,46.65,46.65,46.58,46.58,-0.15,84.8,4034.96,-1
2020-07-23,2020-07-23 14:10:00,46.58,46.58,46.5,46.5,-0.17,84.8,4034.96,-1
2020-07-23,2020-07-23 14:20:00,46.5,46.5,46.43,46.43,-0.15,84.8,4034.96,-1
2020-07-23,2020-07-23 14:30:00,46.43,46.43,46.35,46.35,-0.17,84.8,4034.96,-1
2020-07-23,2020-07-23 14:40:00,46.35,46.35,46.28,46.28,-0.15,84.8,4034.96,-1
2020-07-23,2020-07-23 14:50:00,46.28,46.28,46.2,46.2,-0.17,84.8,4034.96,-1
2020-07-23,2020-07-23 15:00:00,46.2,48.96,46.1,46.2,0.0,84.8,4034.96,0
2020-07-26,2020-07-26 11:00:00,45.28,46.7,45.28,45.48,0.44,47.2,2319.76,1
2020-07-26,2020-07-26 11:10:00,45.48,45.67,45.48,45.67,0.42,47.2,2319.76,1
2020-07-26,2020-07-26 11:20:00,45.67,45.87,45.67,45.87,0.44,47.2,2319.76,1
2020-07-26,2020-07-26 11:30:00,45.87,46.07,45.87,46.07,0.44,47.2,2319.76,1
2020-07-26,2020-07-26 11:40:00,46.07,46.26,46.07,46.26,0.41,47.2,2319.76,1
2020-07-26,2020-07-26 11:50:00,46.26,46.46,46.26,46.46,0.43,47.2,2319.76,1
2020-07-26,2020-07-26 12:00:00,46.46,46.66,46.46,46.66,0.43,47.2,2319.76,1
2020-07-26,2020-07-26 12:10:00,46.66,46.85,46.66,46.85,0.41,47.2,2319.76,1
2020-07-26,2020-07-26 12:20:00,46.85,47.05,46.85,47.05,0.43,47.2,2319.76,1
2020-07-26,2020-07-26 12:30:00,47.05,47.25,47.05,47.25,0.43,47.2,2319.76,1
2020-07-26,2020-07-26 12:40:00,47.25,47.44,47.25,47.44,0.4,47.2,2319.76,1
2020-07-26,2020-07-26 12:50:00,47.44,47.64,47.44,47.64,0.42,47.2,2319.76,1
2020-07-26,2020-07-26 13:00:00,47.64,50.0,45.28,47.84,0.42,47.2,2319.76,1
2020-07-26,2020-07-26 13:10:00,47.84,48.03,47.84,48.03,0.4,47.2,2319.76,1
2020-07-26,2020-07-26 13:20:00,48.03,48.23,48.03,48.23,0.42,47.2,2319.76,1
2020-07-26,2020-07-26 13:30:00,48.23,48.43,48.23,48.43,0.41,47.2,2319.76,1
2020-07-26,2020-07-26 13:40:00,48.43,48.62,48.43,48.62,0.39,47.2,2319.76,1
2020-07-26,2020-07-26 13:50:00,48.62,48.82,48.62,48.82,0.41,47.2,2319.76,1
2020-07-26,2020-07-26 14:00:00,48.82,49.02,48.82,49.02,0.41,47.2,2319.76,1
2020-07-26,2020-07-26 14:10:00,49.02,49.21,49.02,49.21,0.39,47.2,2319.76,1
2020-07-26,2020-07-26 14:20:00,49.21,49.41,49.21,49.41,0.41,47.2,2319.76,1
2020-07-26,2020-07-26 14:30:00,49.41,49.61,49.41,49.61,0.4,47.2,2319.76,1
2020-07-26,2020-07-26 14:40:00,49.61,49.8,49.61,49.8,0.38,47.2,2319.76,1
2020-07-26,2020-07-26 14:50:00,49.8,50.0,49.8,50.0,0.4,47.2,2319.76,1
2020-07-26,2020-07-26 15:00:00,50.0,50.0,45.28,50.0,0.0,47.2,2319.76,0
2020-07-27,2020-07-27 11:00:00,51.0,52.2,51.0,51.17,0.33,152.52,8331.16,1
2020-07-27,2020-07-27 11:10:00,51.17,51.33,51.17,51.33,0.31,152.52,8331.16,1
2020-07-27,2020-07-27 11:20:00,51.33,51.5,51.33,51.5,0.33,152.52,8331.16,1
2020-07-27,2020-07-27 11:30:00,51.5,51.67,51.5,51.67,0.33,152.52,8331.16,1
2020-07-27,2020-07-27 11:40:00,51.67,51.83,51.67,51.83,0.31,152.52,8331.16,1
2020-07-27,2020-07-27 11:50:00,51.83,52.0,51.83,52.0,0.33,152.52,8331.16,1
2020-07-27,2020-07-27 12:00:00,52.0,52.17,52.0,52.17,0.33,152.52,8331.16,1
2020-07-27,2020-07-27 12:10:00,52.17,52.33,52.17,52.33,0.31,152.52,8331.16,1
2020-07-27,2020-07-27 12:20:00,52.33,52.5,52.33,52.5,0.32,152.52,8331.16,1
2020-07-27,2020-07-27 12:30:00,52.5,52.67,52.5,52.67,0.32,152.52,8331.16,1
2020-07-27,2020-07-27 12:40:00,52.67,52.83,52.67,52.83,0.3,152.52,8331.16,1
2020-07-27,2020-07-27 12:50:00,52.83,53.0,52.83,53.0,0.32,152.52,8331.16,1
2020-07-27,2020-07-27 13:00:00,53.0,55.0,51.0,53.17,0.32,152.52,8331.16,1
2020-07-27,2020-07-27 13:10:00,53.17,53.33,53.17,53.33,0.3,152.52,8331.16,1
2020-07-27,2020-07-27 13:20:00,53.33,53.5,53.33,53.5,0.32,152.52,8331.16,1
2020-07-27,2020-07-27 13:30:00,53.5,53.67,53.5,53.67,0.32,152.52,8331.16,1
2020-07-27,2020-07-27 13:40:00,53.67,53.83,53.67,53.83,0.3,152.52,8331.16,1
2020-07-27,2020-07-27 13:50:00,53.83,54.0,53.83,54.0,0.32,152.52,8331.16,1
2020-07-27,2020-07-27 14:00:00,54.0,54.17,54.0,54.17,0.31,152.52,8331.16,1
2020-07-27,2020-07-27 14:10:00,54.17,54.33,54.17,54.33,0.3,152.52,8331.16,1
2020-07-27,2020-07-27 14:20:00,54.33,54.5,54.33,54.5,0.31,152.52,8331.16,1
2020-07-27,2020-07-27 14:30:00,54.5,54.67,54.5,54.67,0.31,152.52,8331.16,1
2020-07-27,2020-07-27 14:40:00,54.67,54.83,54.67,54.83,0.29,152.52,8331.16,1
2020-07-27,2020-07-27 14:50:00,54.83,55.0,54.83,55.0,0.31,152.52,8331.16,1
2020-07-27,2020-07-27 15:00:00,55.0,55.0,51.0,55.0,0.0,152.52,8331.16,0
2020-07-28,2020-07-28 11:00:00,56.0,57.2,56.0,56.17,0.3,98.0,5748.4,1
2020-07-28,2020-07-28 11:10:00,56.17,56.33,56.17,56.33,0.28,98.0,5748.4,1
2020-07-28,2020-07-28 11:20:00,56.33,56.5,56.33,56.5,0.3,98.0,5748.4,1
2020-07-28,2020-07-28 11:30:00,56.5,56.67,56.5,56.67,0.3,98.0,5748.4,1
2020-07-28,2020-07-28 11:40:00,56.67,56.83,56.67,56.83,0.28,98.0,5748.4,1
2020-07-28,2020-07-28 11:50:00,56.83,57.0,56.83,57.0,0.3,98.0,5748.4,1
2020-07-28,2020-07-28 12:00:00,57.0,57.17,57.0,57.17,0.3,98.0,5748.4,1
2020-07-28,2020-07-28 12:10:00,57.17,57.33,57.17,57.33,0.28,98.0,5748.4,1
2020-07-28,2020-07-28 12:20:00,57.33,57.5,57.33,57.5,0.3,98.0,5748.4,1
2020-07-28,2020-07-28 12:30:00,57.5,57.67,57.5,57.67,0.3,98.0,5748.4,1
2020-07-28,2020-07-28 12:40:00,57.67,57.83,57.67,57.83,0.28,98.0,5748.4,1
2020-07-28,2020-07-28 12:50:00,57.83,58.0,57.83,58.0,0.29,98.0,5748.4,1
2020-07-28,2020-07-28 13:00:00,58.0,60.0,56.0,58.17,0.29,98.0,5748.4,1
2020-07-28,2020-07-28 13:10:00,58.17,58.33,58.17,58.33,0.28,98.0,5748.4,1
2020-07-28,2020-07-28 13:20:00,58.33,58.5,58.33,58.5,0.29,98.0,5748.4,1
2020-07-28,2020-07-28 13:30:00,58.5,58.67,58.5,58.67,0.29,98.0,5748.4,1
2020-07-28,2020-07-28 13:40:00,58.67,58.83,58.67,58.83,0.27,98.0,5748.4,1
2020-07-28,2020-07-28 13:50:00,58.83,59.0,58.83,59.0,0.29,98.0,5748.4,1
2020-07-28,2020-07-28 14:00:00,59.0,59.17,59.0,59.17,0.29,98.0,5748.4,1
2020-07-28,2020-07-28 14:10:00,59.17,59.33,59.17,59.33,0.27,98.0,5748.4,1
2020-07-28,2020-07-28 14:20:00,59.33,59.5,59.33,59.5,0.29,98.0,5748.4,1
2020-07-28,2020-07-28 14:30:00,59.5,59.67,59.5,59.67,0.29,98.0,5748.4,1
2020-07-28,2020-07-28 14:40:00,59.67,59.83,59.67,59.83,0.27,98.0,5748.4,1
2020-07-28,2020-07-28 14:50:00,59.83,60.0,59.83,60.0,0.28,98.0,5748.4,1
2020-07-28,2020-07-28 15:00:00,60.0,60.0,56.0,60.0,0.0,98.0,5748.4,0
2020-07-29,2020-07-29 11:00:00,61.0,62.5,61.0,61.21,0.34,207.6,13660.4,1
2020-07-29,2020-07-29 11:10:00,61.21,61.42,61.21,61.42,0.34,207.6,13660.4,1
2020-07-29,2020-07-29 11:20:00,61.42,61.62,61.42,61.62,0.33,207.6,13660.4,1
2020-07-29,2020-07-29 11:30:00,61.62,61.83,61.62,61.83,0.34,207.6,13660.4,1
2020-07-29,2020-07-29 11:40:00,61.83,62.04,61.83,62.04,0.34,207.6,13660.4,1
2020-07-29,2020-07-29 11:50:00,62.04,62.25,62.04,62.25,0.34,207.6,13660.4,1
2020-07-29,2020-07-29 12:00:00,62.25,62.46,62.25,62.46,0.34,207.6,13660.4,1
2020-07-29,2020-07-29 12:10:00,62.46,62.67,62.46,62.67,0.34,207.6,13660.4,1
2020-07-29,2020-07-29 12:20:00,62.67,62.88,62.67,62.88,0.34,207.6,13660.4,1
2020-07-29,2020-07-29 12:30:00,62.88,63.08,62.88,63.08,0.32,207.6,13660.4,1
2020-07-29,2020-07-29 12:40:00,63.08,63.29,63.08,63.29,0.33,207.6,13660.4,1
2020-07-29,2020-07-29 12:50:00,63.29,63.5,63.29,63.5,0.33,207.6,13660.4,1
2020-07-29,2020-07-29 13:00:00,63.5,66.0,61.0,63.71,0.33,207.6,13660.4,1
2020-07-29,2020-07-29 13:10:00,63.71,63.92,63.71,63.92,0.33,207.6,13660.4,1
2020-07-29,2020-07-29 13:20:00,63.92,64.12,63.92,64.12,0.31,207.6,13660.4,1
2020-07-29,2020-07-29 13:30:00,64.12,64.33,64.12,64.33,0.33,207.6,13660.4,1
2020-07-29,2020-07-29 13:40:00,64.33,64.54,64.33,64.54,0.33,207.6,13660.4,1
2020-07-29,2020-07-29 13:50:00,64.54,64.75,64.54,64.75,0.33,207.6,13660.4,1
2020-07-29,2020-07-29 14:00:00,64.75,64.96,64.75,64.96,0.32,207.6,13660.4,1
2020-07-29,2020-07-29 14:10:00,64.96,65.17,64.96,65.17,0.32,207.6,13660.4,1
2020-07-29,2020-07-29 14:20:00,65.17,65.38,65.17,65.38,0.32,207.6,13660.4,1
2020-07-29,2020-07-29 14:30:00,65.38,65.58,65.38,65.58,0.31,207.6,13660.4,1
2020-07-29,2020-07-29 14:40:00,65.58,65.79,65.58,65.79,0.32,207.6,13660.4,1
2020-07-29,2020-07-29 14:50:00,65.79,66.0,65.79,66.0,0.32,207.6,13660.4,1
2020-07-29,2020-07-29 15:00:00,66.0,66.0,61.0,66.0,0.0,207.6,13660.4,0
2020-07-30,2020-07-30 11:00:00,69.0,69.9,69.0,69.12,0.17,128.0,9195.2,1
2020-07-30,2020-07-30 11:10:00,69.12,69.25,69.12,69.25,0.19,128.0,9195.2,1
2020-07-30,2020-07-30 11:20:00,69.25,69.38,69.25,69.38,0.19,128.0,9195.2,1
2020-07-30,2020-07-30 11:30:00,69.38,69.5,69.38,69.5,0.17,128.0,9195.2,1
2020-07-30,2020-07-30 11:40:00,69.5,69.62,69.5,69.62,0.17,128.0,9195.2,1
2020-07-30,2020-07-30 11:50:00,69.62,69.75,69.62,69.75,0.19,128.0,9195.2,1
2020-07-30,2020-07-30 12:00:00,69.75,69.88,69.75,69.88,0.19,128.0,9195.2,1
2020-07-30,2020-07-30 12:10:00,69.88,70.0,69.88,70.0,0.17,128.0,9195.2,1
2020-07-30,2020-07-30 12:20:00,70.0,70.12,70.0,70.12,0.17,128.0,9195.2,1
2020-07-30,2020-07-30 12:30:00,70.12,70.25,70.12,70.25,0.19,128.0,9195.2,1
2020-07-30,2020-07-30 12:40:00,70.25,70.38,70.25,70.38,0.19,128.0,9195.2,1
2020-07-30,2020-07-30 12:50:00,70.38,70.5,70.38,70.5,0.17,128.0,9195.2,1
2020-07-30,2020-07-30 13:00:00,70.5,72.0,69.0,70.62,0.17,128.0,9195.2,1
2020-07-30,2020-07-30 13:10:00,70.62,70.75,70.62,70.75,0.18,128.0,9195.2,1
2020-07-30,2020-07-30 13:20:00,70.75,70.88,70.75,70.88,0.18,128.0,9195.2,1
2020-07-30,2020-07-30 13:30:00,70.88,71.0,70.88,71.0,0.17,128.0,9195.2,1
2020-07-30,2020-07-30 13:40:00,71.0,71.12,71.0,71.12,0.17,128.0,9195.2,1
2020-07-30,2020-07-30 13:50:00,71.12,71.25,71.12,71.25,0.18,128.0,9195.2,1
2020-07-30,2020-07-30 14:00:00,71.25,71.38,71.25,71.38,0.18,128.0,9195.2,1
2020-07-30,2020-07-30 14:10:00,71.38,71.5,71.38,71.5,0.17,128.0,9195.2,1
2020-07-30,2020-07-30 14:20:00,71.5,71.62,71.5,71.62,0.17,128.0,9195.2,1
2020-07-30,2020-07-30 14:30:00,71.62,71.75,71.62,71.75,0.18,128.0,9195.2,1
2020-07-30,2020-07-30 14:40:00,71.75,71.88,71.75,71.88,0.18,128.0,9195.2,1
2020-07-30,2020-07-30 14:50:00,71.88,72.0,71.88,72.0,0.17,128.0,9195.2,1
2020-07-30,2020-07-30 15:00:00,72.0,72.0,69.0,72.0,0.0,128.0,9195.2,0
2020-08-02,2020-08-02 11:00:00,75.0,75.3,72.0,74.58,-0.56,323.4,22516.6,-1
2020-08-02,2020-08-02 11:10:00,74.58,74.58,74.17,74.17,-0.55,323.4,22516.6,-1
2020-08-02,2020-08-02 11:20:00,74.17,74.17,73.75,73.75,-0.57,323.4,22516.6,-1
2020-08-02,2020-08-02 11:30:00,73.75,73.75,73.33,73.33,-0.57,323.4,22516.6,-1
2020-08-02,2020-08-02 11:40:00,73.33,73.33,72.92,72.92,-0.56,323.4,22516.6,-1
2020-08-02,2020-08-02 11:50:00,72.92,72.92,72.5,72.5,-0.58,323.4,22516.6,-1
2020-08-02,2020-08-02 12:00:00,72.5,72.5,72.08,72.08,-0.58,323.4,22516.6,-1
2020-08-02,2020-08-02 12:10:00,72.08,72.08,71.67,71.67,-0.57,323.4,22516.6,-1
2020-08-02,2020-08-02 12:20:00,71.67,71.67,71.25,71.25,-0.59,323.4,22516.6,-1
2020-08-02,2020-08-02 12:30:00,71.25,71.25,70.83,70.83,-0.59,323.4,22516.6,-1
2020-08-02,2020-08-02 12:40:00,70.83,70.83,70.42,70.42,-0.58,323.4,22516.6,-1
2020-08-02,2020-08-02 12:50:00,70.42,70.42,70.0,70.0,-0.6,323.4,22516.6,-1
2020-08-02,2020-08-02 13:00:00,70.0,76.0,65.0,69.58,-0.6,323.4,22516.6,-1
2020-08-02,2020-08-02 13:10:00,69.58,69.58,69.17,69.17,-0.59,323.4,22516.6,-1
2020-08-02,2020-08-02 13:20:00,69.17,69.17,68.75,68.75,-0.61,323.4,22516.6,-1
2020-08-02,2020-08-02 13:30:00,68.75,68.75,68.33,68.33,-0.61,323.4,22516.6,-1
2020-08-02,2020-08-02 13:40:00,68.33,68.33,67.92,67.92,-0.6,323.4,22516.6,-1
2020-08-02,2020-08-02 13:50:00,67.92,67.92,67.5,67.5,-0.62,323.4,22516.6,-1
2020-08-02,2020-08-02 14:00:00,67.5,67.5,67.08,67.08,-0.62,323.4,22516.6,-1
2020-08-02,2020-08-02 14:10:00,67.08,67.08,66.67,66.67,-0.61,323.4,22516.6,-1
2020-08-02,2020-08-02 14:20:00,66.67,66.67,66.25,66.25,-0.63,323.4,22516.6,-1
2020-08-02,2020-08-02 14:30:00,66.25,66.25,65.83,65.83,-0.63,323.4,22516.6,-1
2020-08-02,2020-08-02 14:40:00,65.83,65.83,65.42,65.42,-0.62,323.4,22516.6,-1
2020-08-02,2020-08-02 14:50:00,65.42,65.42,65.0,65.0,-0.64,323.4,22516.6,-1
2020-08-02,2020-08-02 15:00:00,65.0,76.0,65.0,65.0,0.0,323.4,22516.6,0
2020-08-03,2020-08-03 11:00:00,64.0,64.3,62.5,63.88,-0.19,116.6,7207.6,-1
2020-08-03,2020-08-03 11:10:00,63.88,63.88,63.75,63.75,-0.2,116.6,7207.6,-1
2020-08-03,2020-08-03 11:20:00,63.75,63.75,63.62,63.62,-0.2,116.6,7207.6,-1
2020-08-03,2020-08-03 11:30:00,63.62,63.62,63.5,63.5,-0.19,116.6,7207.6,-1
2020-08-03,2020-08-03 11:40:00,63.5,63.5,63.38,63.38,-0.19,116.6,7207.6,-1
2020-08-03,2020-08-03 11:50:00,63.38,63.38,63.25,63.25,-0.21,116.6,7207.6,-1
2020-08-03,2020-08-03 12:00:00,63.25,63.25,63.12,63.12,-0.21,116.6,7207.6,-1
2020-08-03,2020-08-03 12:10:00,63.12,63.12,63.0,63.0,-0.19,116.6,7207.6,-1
2020-08-03,2020-08-03 12:20:00,63.0,63.0,62.88,62.88,-0.19,116.6,7207.6,-1
2020-08-03,2020-08-03 12:30:00,62.88,62.88,62.75,62.75,-0.21,116.6,7207.6,-1
2020-08-03,2020-08-03 12:40:00,62.75,62.75,62.62,62.62,-0.21,116.6,7207.6,-1
2020-08-03,2020-08-03 12:50:00,62.62,62.62,62.5,62.5,-0.19,116.6,7207.6,-1
2020-08-03,2020-08-03 13:00:00,62.5,65.0,59.0,62.38,-0.19,116.6,7207.6,-1
2020-08-03,2020-08-03 13:10:00,62.38,62.38,62.25,62.25,-0.21,116.6,7207.6,-1
2020-08-03,2020-08-03 13:20:00,62.25,62.25,62.12,62.12,-0.21,116.6,7207.6,-1
2020-08-03,2020-08-03 13:30:00,62.12,62.12,62.0,62.0,-0.19,116.6,7207.6,-1
2020-08-03,2020-08-03 13:40:00,62.0,62.0,61.88,61.88,-0.19,116.6,7207.6,-1
2020-08-03,2020-08-03 13:50:00,61.88,61.88,61.75,61.75,-0.21,116.6,7207.6,-1
2020-08-03,2020-08-03 14:00:00,61.75,61.75,61.62,61.62,-0.21,116.6,7207.6,-1
2020-08-03,2020-08-03 14:10:00,61.62,61.62,61.5,61.5,-0.19,116.6,7207.6,-1
2020-08-03,2020-08-03 14:20:00,61.5,61.5,61.38,61.38,-0.2,116.6,7207.6,-1
2020-08-03,2020-08-03 14:30:00,61.38,61.38,61.25,61.25,-0.21,116.6,7207.6,-1
2020-08-03,2020-08-03 14:40:00,61.25,61.25,61.12,61.12,-0.21,116.6,7207.6,-1
2020-08-03,2020-08-03 14:50:00,61.12,61.12,61.0,61.0,-0.2,116.6,7207.6,-1
2020-08-03,2020-08-03 15:00:00,61.0,65.0,59.0,61.0,0.0,116.6,7207.6,0
2020-08-05,2020-08-05 11:00:00,60.0,60.3,59.1,59.88,-0.2,65.24,3802.36,-1
2020-08-05,2020-08-05 11:10:00,59.88,59.88,59.75,59.75,-0.22,65.24,3802.36,-1
2020-08-05,2020-08-05 11:20:00,59.75,59.75,59.62,59.62,-0.22,65.24,3802.36,-1
2020-08-05,2020-08-05 11:30:00,59.62,59.62,59.5,59.5,-0.2,65.24,3802.36,-1
2020-08-05,2020-08-05 11:40:00,59.5,59.5,59.38,59.38,-0.2,65.24,3802.36,-1
2020-08-05,2020-08-05 11:50:00,59.38,59.38,59.25,59.25,-0.22,65.24,3802.36,-1
2020-08-05,2020-08-05 12:00:00,59.25,59.25,59.12,59.12,-0.22,65.24,3802.36,-1
2020-08-05,2020-08-05 12:10:00,59.12,59.12,59.0,59.0,-0.2,65.24,3802.36,-1
2020-08-05,2020-08-05 12:20:00,59.0,59.0,58.88,58.88,-0.2,65.24,3802.36,-1
2020-08-05,2020-08-05 12:30:00,58.88,58.88,58.75,58.75,-0.22,65.24,3802.36,-1
2020-08-05,2020-08-05 12:40:00,58.75,58.75,58.62,58.62,-0.22,65.24,3802.36,-1
2020-08-05,2020-08-05 12:50:00,58.62,58.62,58.5,58.5,-0.2,65.24,3802.36,-1
2020-08-05,2020-08-05 13:00:00,58.5,61.0,57.0,58.38,-0.21,65.24,3802.36,-1
2020-08-05,2020-08-05 13:10:00,58.38,58.38,58.25,58.25,-0.22,65.24,3802.36,-1
2020-08-05,2020-08-05 13:20:00,58.25,58.25,58.12,58.12,-0.22,65.24,3802.36,-1
2020-08-05,2020-08-05 13:30:00,58.12,58.12,58.0,58.0,-0.21,65.24,3802.36,-1
2020-08-05,2020-08-05 13:40:00,58.0,58.0,57.88,57.88,-0.21,65.24,3802.36,-1
2020-08-05,2020-08-05 13:50:00,57.88,57.88,57.75,57.75,-0.22,65.24,3802.36,-1
2020-08-05,2020-08-05 14:00:00,57.75,57.75,57.62,57.62,-0.23,65.24,3802.36,-1
2020-08-05,2020-08-05 14:10:00,57.62,57.62,57.5,57.5,-0.21,65.24,3802.36,-1
2020-08-05,2020-08-05 14:20:00,57.5,57.5,57.38,57.38,-0.21,65.24,3802.36,-1
2020-08-05,2020-08-05 14:30:00,57.38,57.38,57.25,57.25,-0.23,65.24,3802.36,-1
2020-08-05,2020-08-05 14:40:00,57.25,57.25,57.12,57.12,-0.23,65.24,3802.36,-1
2020-08-05,2020-08-05 14:50:00,57.12,57.12,57.0,57.0,-0.21,65.24,3802.36,-1
2020-08-05,2020-08-05 15:00:00,57.0,61.0,57.0,57.0,0.0,65.24,3802.36,0
2020-08-06,2020-08-06 11:00:00,58.0,58.0,57.1,57.92,-0.14,40.4,2270.0,-1
2020-08-06,2020-08-06 11:10:00,57.92,57.92,57.83,57.83,-0.16,40.4,2270.0,-1
2020-08-06,2020-08-06 11:20:00,57.83,57.83,57.75,57.75,-0.14,40.4,2270.0,-1
2020-08-06,2020-08-06 11:30:00,57.75,57.75,57.67,57.67,-0.14,40.4,2270.0,-1
2020-08-06,2020-08-06 11:40:00,57.67,57.67,57.58,57.58,-0.16,40.4,2270.0,-1
2020-08-06,2020-08-06 11:50:00,57.58,57.58,57.5,57.5,-0.14,40.4,2270.0,-1
2020-08-06,2020-08-06 12:00:00,57.5,57.5,57.42,57.42,-0.14,40.4,2270.0,-1
2020-08-06,2020-08-06 12:10:00,57.42,57.42,57.33,57.33,-0.16,40.4,2270.0,-1
2020-08-06,2020-08-06 12:20:00,57.33,57.33,57.25,57.25,-0.14,40.4,2270.0,-1
2020-08-06,2020-08-06 12:30:00,57.25,57.25,57.17,57.17,-0.14,40.4,2270.0,-1
2020-08-06,2020-08-06 12:40:00,57.17,57.17,57.08,57.08,-0.16,40.4,2270.0,-1
2020-08-06,2020-08-06 12:50:00,57.08,57.08,57.0,57.0,-0.14,40.4,2270.0,-1
2020-08-06,2020-08-06 13:00:00,57.0,58.0,55.0,56.92,-0.14,40.4,2270.0,-1
2020-08-06,2020-08-06 13:10:00,56.92,56.92,56.83,56.83,-0.16,40.4,2270.0,-1
2020-08-06,2020-08-06 13:20:00,56.83,56.83,56.75,56.75,-0.14,40.4,2270.0,-1
2020-08-06,2020-08-06 13:30:00,56.75,56.75,56.67,56.67,-0.14,40.4,2270.0,-1
2020-08-06,2020-08-06 13:40:00,56.67,56.67,56.58,56.58,-0.16,40.4,2270.0,-1
2020-08-06,2020-08-06 13:50:00,56.58,56.58,56.5,56.5,-0.14,40.4,2270.0,-1
2020-08-06,2020-08-06 14:00:00,56.5,56.5,56.42,56.42,-0.14,40.4,2270.0,-1
2020-08-06,2020-08-06 14:10:00,56.42,56.42,56.33,56.33,-0.16,40.4,2270.0,-1
2020-08-06,2020-08-06 14:20:00,56.33,56.33,56.25,56.25,-0.14,40.4,2270.0,-1
2020-08-06,2020-08-06 14:30:00,56.25,56.25,56.17,56.17,-0.14,40.4,2270.0,-1
2020-08-06,2020-08-06 14:40:00,56.17,56.17,56.08,56.08,-0.16,40.4,2270.0,-1
2020-08-06,2020-08-06 14:50:00,56.08,56.08,56.0,56.0,-0.14,40.4,2270.0,-1
2020-08-06,2020-08-06 15:00:00,56.0,58.0,55.0,56.0,0.0,40.4,2270.0,0
2020-08-09,2020-08-09 11:00:00,55.0,56.2,55.0,55.17,0.31,36.0,2055.2,1
2020-08-09,2020-08-09 11:10:00,55.17,55.33,55.17,55.33,0.29,36.0,2055.2,1
2020-08-09,2020-08-09 11:20:00,55.33,55.5,55.33,55.5,0.31,36.0,2055.2,1
2020-08-09,2020-08-09 11:30:00,55.5,55.67,55.5,55.67,0.31,36.0,2055.2,1
2020-08-09,2020-08-09 11:40:00,55.67,55.83,55.67,55.83,0.29,36.0,2055.2,1
2020-08-09,2020-08-09 11:50:00,55.83,56.0,55.83,56.0,0.3,36.0,2055.2,1
2020-08-09,2020-08-09 12:00:00,56.0,56.17,56.0,56.17,0.3,36.0,2055.2,1
2020-08-09,2020-08-09 12:10:00,56.17,56.33,56.17,56.33,0.28,36.0,2055.2,1
2020-08-09,2020-08-09 12:20:00,56.33,56.5,56.33,56.5,0.3,36.0,2055.2,1
2020-08-09,2020-08-09 12:30:00,56.5,56.67,56.5,56.67,0.3,36.0,2055.2,1
2020-08-09,2020-08-09 12:40:00,56.67,56.83,56.67,56.83,0.28,36.0,2055.2,1
2020-08-09,2020-08-09 12:50:00,56.83,57.0,56.83,57.0,0.3,36.0,2055.2,1
2020-08-09,2020-08-09 13:00:00,57.0,59.0,55.0,57.17,0.3,36.0,2055.2,1
2020-08-09,2020-08-09 13:10:00,57.17,57.33,57.17,57.33,0.28,36.0,2055.2,1
2020-08-09,2020-08-09 13:20:00,57.33,57.5,57.33,57.5,0.3,36.0,2055.2,1
2020-08-09,2020-08-09 13:30:00,57.5,57.67,57.5,57.67,0.3,36.0,2055.2,1
2020-08-09,2020-08-09 13:40:00,57.67,57.83,57.67,57.83,0.28,36.0,2055.2,1
2020-08-09,2020-08-09 13:50:00,57.83,58.0,57.83,58.0,0.29,36.0,2055.2,1
2020-08-09,2020-08-09 14:00:00,58.0,58.17,58.0,58.17,0.29,36.0,2055.2,1
2020-08-09,2020-08-09 14:10:00,58.17,58.33,58.17,58.33,0.28,36.0,2055.2,1
2020-08-09,2020-08-09 14:20:00,58.33,58.5,58.33,58.5,0.29,36.0,2055.2,1
2020-08-09,2020-08-09 14:30:00,58.5,58.67,58.5,58.67,0.29,36.0,2055.2,1
2020-08-09,2020-08-09 14:40:00,58.67,58.83,58.67,58.83,0.27,36.0,2055.2,1
2020-08-09,2020-08-09 14:50:00,58.83,59.0,58.83,59.0,0.29,36.0,2055.2,1
2020-08-09,2020-08-09 15:00:00,59.0,59.0,55.0,59.0,0.0,36.0,2055.2,0
2020-08-10,2020-08-10 11:00:00,59.0,59.0,57.8,58.92,-0.14,125.2,7121.2,-1
2020-08-10,2020-08-10 11:10:00,58.92,58.92,58.83,58.83,-0.15,125.2,7121.2,-1
2020-08-10,2020-08-10 11:20:00,58.83,58.83,58.75,58.75,-0.14,125.2,7121.2,-1
2020-08-10,2020-08-10 11:30:00,58.75,58.75,58.67,58.67,-0.14,125.2,7121.2,-1
2020-08-10,2020-08-10 11:40:00,58.67,58.67,58.58,58.58,-0.15,125.2,7121.2,-1
2020-08-10,2020-08-10 11:50:00,58.58,58.58,58.5,58.5,-0.14,125.2,7121.2,-1
2020-08-10,2020-08-10 12:00:00,58.5,58.5,58.42,58.42,-0.14,125.2,7121.2,-1
2020-08-10,2020-08-10 12:10:00,58.42,58.42,58.33,58.33,-0.15,125.2,7121.2,-1
2020-08-10,2020-08-10 12:20:00,58.33,58.33,58.25,58.25,-0.14,125.2,7121.2,-1
2020-08-10,2020-08-10 12:30:00,58.25,58.25,58.17,58.17,-0.14,125.2,7121.2,-1
2020-08-10,2020-08-10 12:40:00,58.17,58.17,58.08,58.08,-0.15,125.2,7121.2,-1
2020-08-10,2020-08-10 12:50:00,58.08,58.08,58.0,58.0,-0.14,125.2,7121.2,-1
2020-08-10,2020-08-10 13:00:00,58.0,59.0,55.0,57.92,-0.14,125.2,7121.2,-1
2020-08-10,2020-08-10 13:10:00,57.92,57.92,57.83,57.83,-0.16,125.2,7121.2,-1
2020-08-10,2020-08-10 13:20:00,57.83,57.83,57.75,57.75,-0.14,125.2,7121.2,-1
2020-08-10,2020-08-10 13:30:00,57.75,57.75,57.67,57.67,-0.14,125.2,7121.2,-1
2020-08-10,2020-08-10 13:40:00,57.67,57.67,57.58,57.58,-0.16,125.2,7121.2,-1
2020-08-10,2020-08-10 13:50:00,57.58,57.58,57.5,57.5,-0.14,125.2,7121.2,-1
2020-08-10,2020-08-10 14:00:00,57.5,57.5,57.42,57.42,-0.14,125.2,7121.2,-1
2020-08-10,2020-08-10 14:10:00,57.42,57.42,57.33,57.33,-0.16,125.2,7121.2,-1
2020-08-10,2020-08-10 14:20:00,57.33,57.33,57.25,57.25,-0.14,125.2,7121.2,-1
2020-08-10,2020-08-10 14:30:00,57.25,57.25,57.17,57.17,-0.14,125.2,7121.2,-1
2020-08-10,2020-08-10 14:40:00,57.17,57.17,57.08,57.08,-0.16,125.2,7121.2,-1
2020-08-10,2020-08-10 14:50:00,57.08,57.08,57.0,57.0,-0.14,125.2,7121.2,-1
2020-08-10,2020-08-10 15:00:00,57.0,59.0,55.0,57.0,0.0,125.2,7121.2,0
2020-08-11,2020-08-11 11:00:00,56.0,56.6,55.4,56.08,0.14,40.8,2268.0,1
2020-08-11,2020-08-11 11:10:00,56.08,56.17,56.08,56.17,0.16,40.8,2268.0,1
2020-08-11,2020-08-11 11:20:00,56.17,56.25,56.17,56.25,0.14,40.8,2268.0,1
2020-08-11,2020-08-11 11:30:00,56.25,56.33,56.25,56.33,0.14,40.8,2268.0,1
2020-08-11,2020-08-11 11:40:00,56.33,56.42,56.33,56.42,0.16,40.8,2268.0,1
2020-08-11,2020-08-11 11:50:00,56.42,56.5,56.42,56.5,0.14,40.8,2268.0,1
2020-08-11,2020-08-11 12:00:00,56.5,56.58,56.5,56.58,0.14,40.8,2268.0,1
2020-08-11,2020-08-11 12:10:00,56.58,56.67,56.58,56.67,0.16,40.8,2268.0,1
2020-08-11,2020-08-11 12:20:00,56.67,56.75,56.67,56.75,0.14,40.8,2268.0,1
2020-08-11,2020-08-11 12:30:00,56.75,56.83,56.75,56.83,0.14,40.8,2268.0,1
2020-08-11,2020-08-11 12:40:00,56.83,56.92,56.83,56.92,0.16,40.8,2268.0,1
2020-08-11,2020-08-11 12:50:00,56.92,57.0,56.92,57.0,0.14,40.8,2268.0,1
2020-08-11,2020-08-11 13:00:00,57.0,58.0,54.0,57.08,0.14,40.8,2268.0,1
2020-08-11,2020-08-11 13:10:00,57.08,57.17,57.08,57.17,0.16,40.8,2268.0,1
2020-08-11,2020-08-11 13:20:00,57.17,57.25,57.17,57.25,0.14,40.8,2268.0,1
2020-08-11,2020-08-11 13:30:00,57.25,57.33,57.25,57.33,0.14,40.8,2268.0,1
2020-08-11,2020-08-11 13:40:00,57.33,57.42,57.33,57.42,0.16,40.8,2268.0,1
2020-08-11,2020-08-11 13:50:00,57.42,57.5,57.42,57.5,0.14,40.8,2268.0,1
2020-08-11,2020-08-11 14:00:00,57.5,57.58,57.5,57.58,0.14,40.8,2268.0,1
2020-08-11,2020-08-11 14:10:00,57.58,57.67,57.58,57.67,0.16,40.8,2268.0,1
2020-08-11,2020-08-11 14:20:00,57.67,57.75,57.67,57.75,0.14,40.8,2268.0,1
2020-08-11,2020-08-11 14:30:00,57.75,57.83,57.75,57.83,0.14,40.8,2268.0,1
2020-08-11,2020-08-11 14:40:00,57.83,57.92,57.83,57.92,0.16,40.8,2268.0,1
2020-08-11,2020-08-11 14:50:00,57.92,58.0,57.92,58.0,0.14,40.8,2268.0,1
2020-08-11,2020-08-11 15:00:00,58.0,58.0,54.0,58.0,0.0,40.8,2268.0,0
2020-08-12,2020-08-12 11:00:00,57.0,57.0,56.4,56.96,-0.07,21.2,1192.8,-1
2020-08-12,2020-08-12 11:10:00,56.96,56.96,56.92,56.92,-0.07,21.2,1192.8,-1
2020-08-12,2020-08-12 11:20:00,56.92,56.92,56.88,56.88,-0.07,21.2,1192.8,-1
2020-08-12,2020-08-12 11:30:00,56.88,56.88,56.83,56.83,-0.09,21.2,1192.8,-1
2020-08-12,2020-08-12 11:40:00,56.83,56.83,56.79,56.79,-0.07,21.2,1192.8,-1
2020-08-12,2020-08-12 11:50:00,56.79,56.79,56.75,56.75,-0.07,21.2,1192.8,-1
2020-08-12,2020-08-12 12:00:00,56.75,56.75,56.71,56.71,-0.07,21.2,1192.8,-1
2020-08-12,2020-08-12 12:10:00,56.71,56.71,56.67,56.67,-0.07,21.2,1192.8,-1
2020-08-12,2020-08-12 12:20:00,56.67,56.67,56.62,56.62,-0.09,21.2,1192.8,-1
2020-08-12,2020-08-12 12:30:00,56.62,56.62,56.58,56.58,-0.07,21.2,1192.8,-1
2020-08-12,2020-08-12 12:40:00,56.58,56.58,56.54,56.54,-0.07,21.2,1192.8,-1
2020-08-12,2020-08-12 12:50:00,56.54,56.54,56.5,56.5,-0.07,21.2,1192.8,-1
2020-08-12,2020-08-12 13:00:00,56.5,57.0,55.0,56.46,-0.07,21.2,1192.8,-1
2020-08-12,2020-08-12 13:10:00,56.46,56.46,56.42,56.42,-0.07,21.2,1192.8,-1
2020-08-12,2020-08-12 13:20:00,56.42,56.42,56.38,56.38,-0.07,21.2,1192.8,-1
2020-08-12,2020-08-12 13:30:00,56.38,56.38,56.33,56.33,-0.09,21.2,1192.8,-1
2020-08-12,2020-08-12 13:40:00,56.33,56.33,56.29,56.29,-0.07,21.2,1192.8,-1
2020-08-12,2020-08-12 13:50:00,56.29,56.29,56.25,56.25,-0.07,21.2,1192.8,-1
2020-08-12,2020-08-12 14:00:00,56.25,56.25,56.21,56.21,-0.07,21.2,1192.8,-1
2020-08-12,2020-08-12 14:10:00,56.21,56.21,56.17,56.17,-0.07,21.2,1192.8,-1
2020-08-12,2020-08-12 14:20:00,56.17,56.17,56.12,56.12,-0.09,21.2,1192.8,-1
2020-08-12,2020-08-12 14:30:00,56.12,56.12,56.08,56.08,-0.07,21.2,1192.8,-1
2020-08-12,2020-08-12 14:40:00,56.08,56.08,56.04,56.04,-0.07,21.2,1192.8,-1
2020-08-12,2020-08-12 14:50:00,56.04,56.04,56.0,56.0,-0.07,21.2,1192.8,-1
2020-08-12,2020-08-12 15:00:00,56.0,57.0,55.0,56.0,0.0,21.2,1192.8,0
2020-08-13,2020-08-13 11:00:00,56.0,57.5,55.7,56.21,0.38,143.68,8483.68,1
2020-08-13,2020-08-13 11:10:00,56.21,56.42,56.21,56.42,0.37,143.68,8483.68,1
2020-08-13,2020-08-13 11:20:00,56.42,56.62,56.42,56.62,0.35,143.68,8483.68,1
2020-08-13,2020-08-13 11:30:00,56.62,56.83,56.62,56.83,0.37,143.68,8483.68,1
2020-08-13,2020-08-13 11:40:00,56.83,57.04,56.83,57.04,0.37,143.68,8483.68,1
2020-08-13,2020-08-13 11:50:00,57.04,57.25,57.04,57.25,0.37,143.68,8483.68,1
2020-08-13,2020-08-13 12:00:00,57.25,57.46,57.25,57.46,0.37,143.68,8483.68,1
2020-08-13,2020-08-13 12:10:00,57.46,57.67,57.46,57.67,0.37,143.68,8483.68,1
2020-08-13,2020-08-13 12:20:00,57.67,57.88,57.67,57.88,0.36,143.68,8483.68,1
2020-08-13,2020-08-13 12:30:00,57.88,58.08,57.88,58.08,0.35,143.68,8483.68,1
2020-08-13,2020-08-13 12:40:00,58.08,58.29,58.08,58.29,0.36,143.68,8483.68,1
2020-08-13,2020-08-13 12:50:00,58.29,58.5,58.29,58.5,0.36,143.68,8483.68,1
2020-08-13,2020-08-13 13:00:00,58.5,61.0,55.0,58.71,0.36,143.68,8483.68,1
2020-08-13,2020-08-13 13:10:00,58.71,58.92,58.71,58.92,0.36,143.68,8483.68,1
2020-08-13,2020-08-13 13:20:00,58.92,59.12,58.92,59.12,0.34,143.68,8483.68,1
2020-08-13,2020-08-13 13:30:00,59.12,59.33,59.12,59.33,0.36,143.68,8483.68,1
2020-08-13,2020-08-13 13:40:00,59.33,59.54,59.33,59.54,0.35,143.68,8483.68,1
2020-08-13,2020-08-13 13:50:00,59.54,59.75,59.54,59.75,0.35,143.68,8483.68,1
2020-08-13,2020-08-13 14:00:00,59.75,59.96,59.75,59.96,0.35,143.68,8483.68,1
2020-08-13,2020-08-13 14:10:00,59.96,60.17,59.96,60.17,0.35,143.68,8483.68,1
2020-08-13,2020-08-13 14:20:00,60.17,60.38,60.17,60.38,0.35,143.68,8483.68,1
2020-08-13,2020-08-13 14:30:00,60.38,60.58,60.38,60.58,0.33,143.68,8483.68,1
2020-08-13,2020-08-13 14:40:00,60.58,60.79,60.58,60.79,0.35,143.68,8483.68,1
2020-08-13,2020-08-13 14:50:00,60.79,61.0,60.79,61.0,0.35,143.68,8483.68,1
2020-08-13,2020-08-13 15:00:00,61.0,61.0,55.0,61.0,0.0,143.68,8483.68,0
2020-08-16,2020-08-16 11:00:00,60.0,60.0,59.1,59.96,-0.07,57.0,3344.6,-1
2020-08-16,2020-08-16 11:10:00,59.96,59.96,59.92,59.92,-0.07,57.0,3344.6,-1
2020-08-16,2020-08-16 11:20:00,59.92,59.92,59.88,59.88,-0.07,57.0,3344.6,-1
2020-08-16,2020-08-16 11:30:00,59.88,59.88,59.83,59.83,-0.08,57.0,3344.6,-1
2020-08-16,2020-08-16 11:40:00,59.83,59.83,59.79,59.79,-0.07,57.0,3344.6,-1
2020-08-16,2020-08-16 11:50:00,59.79,59.79,59.75,59.75,-0.07,57.0,3344.6,-1
2020-08-16,2020-08-16 12:00:00,59.75,59.75,59.71,59.71,-0.07,57.0,3344.6,-1
2020-08-16,2020-08-16 12:10:00,59.71,59.71,59.67,59.67,-0.07,57.0,3344.6,-1
2020-08-16,2020-08-16 12:20:00,59.67,59.67,59.62,59.62,-0.08,57.0,3344.6,-1
2020-08-16,2020-08-16 12:30:00,59.62,59.62,59.58,59.58,-0.07,57.0,3344.6,-1
2020-08-16,2020-08-16 12:40:00,59.58,59.58,59.54,59.54,-0.07,57.0,3344.6,-1
2020-08-16,2020-08-16 12:50:00,59.54,59.54,59.5,59.5,-0.07,57.0,3344.6,-1
2020-08-16,2020-08-16 13:00:00,59.5,60.0,57.0,59.46,-0.07,57.0,3344.6,-1
2020-08-16,2020-08-16 13:10:00,59.46,59.46,59.42,59.42,-0.07,57.0,3344.6,-1
2020-08-16,2020-08-16 13:20:00,59.42,59.42,59.38,59.38,-0.07,57.0,3344.6,-1
2020-08-16,2020-08-16 13:30:00,59.38,59.38,59.33,59.33,-0.08,57.0,3344.6,-1
2020-08-16,2020-08-16 13:40:00,59.33,59.33,59.29,59.29,-0.07,57.0,3344.6,-1
2020-08-16,2020-08-16 13:50:00,59.29,59.29,59.25,59.25,-0.07,57.0,3344.6,-1
2020-08-16,2020-08-16 14:00:00,59.25,59.25,59.21,59.21,-0.07,57.0,3344.6,-1
2020-08-16,2020-08-16 14:10:00,59.21,59.21,59.17,59.17,-0.07,57.0,3344.6,-1
2020-08-16,2020-08-16 14:20:00,59.17,59.17,59.12,59.12,-0.08,57.0,3344.6,-1
2020-08-16,2020-08-16 14:30:00,59.12,59.12,59.08,59.08,-0.07,57.0,3344.6,-1
2020-08-16,2020-08-16 14:40:00,59.08,59.08,59.04,59.04,-0.07,57.0,3344.6,-1
2020-08-16,2020-08-16 14:50:00,59.04,59.04,59.0,59.0,-0.07,57.0,3344.6,-1
2020-08-16,2020-08-16 15:00:00,59.0,60.0,57.0,59.0,0.0,57.0,3344.6,0
2020-08-17,2020-08-17 11:00:00,58.0,59.5,58.0,58.21,0.36,50.4,2971.6,1
2020-08-17,2020-08-17 11:10:00,58.21,58.42,58.21,58.42,0.36,50.4,2971.6,1
2020-08-17,2020-08-17 11:20:00,58.42,58.62,58.42,58.62,0.34,50.4,2971.6,1
2020-08-17,2020-08-17 11:30:00,58.62,58.83,58.62,58.83,0.36,50.4,2971.6,1
2020-08-17,2020-08-17 11:40:00,58.83,59.04,58.83,59.04,0.36,50.4,2971.6,1
2020-08-17,2020-08-17 11:50:00,59.04,59.25,59.04,59.25,0.36,50.4,2971.6,1
2020-08-17,2020-08-17 12:00:00,59.25,59.46,59.25,59.46,0.35,50.4,2971.6,1
2020-08-17,2020-08-17 12:10:00,59.46,59.67,59.46,59.67,0.35,50.4,2971.6,1
2020-08-17,2020-08-17 12:20:00,59.67,59.88,59.67,59.88,0.35,50.4,2971.6,1
2020-08-17,2020-08-17 12:30:00,59.88,60.08,59.88,60.08,0.33,50.4,2971.6,1
2020-08-17,2020-08-17 12:40:00,60.08,60.29,60.08,60.29,0.35,50.4,2971.6,1
2020-08-17,2020-08-17 12:50:00,60.29,60.5,60.29,60.5,0.35,50.4,2971.6,1
2020-08-17,2020-08-17 13:00:00,60.5,63.0,58.0,60.71,0.35,50.4,2971.6,1
2020-08-17,2020-08-17 13:10:00,60.71,60.92,60.71,60.92,0.35,50.4,2971.6,1
2020-08-17,2020-08-17 13:20:00,60.92,61.12,60.92,61.12,0.33,50.4,2971.6,1
2020-08-17,2020-08-17 13:30:00,61.12,61.33,61.12,61.33,0.34,50.4,2971.6,1
2020-08-17,2020-08-17 13:40:00,61.33,61.54,61.33,61.54,0.34,50.4,2971.6,1
2020-08-17,2020-08-17 13:50:00,61.54,61.75,61.54,61.75,0.34,50.4,2971.6,1
2020-08-17,2020-08-17 14:00:00,61.75,61.96,61.75,61.96,0.34,50.4,2971.6,1
2020-08-17,2020-08-17 14:10:00,61.96,62.17,61.96,62.17,0.34,50.4,2971.6,1
2020-08-17,2020-08-17 14:20:00,62.17,62.38,62.17,62.38,0.34,50.4,2971.6,1
2020-08-17,2020-08-17 14:30:00,62.38,62.58,62.38,62.58,0.32,50.4,2971.6,1
2020-08-17,2020-08-17 14:40:00,62.58,62.79,62.58,62.79,0.34,50.4,2971.6,1
2020-08-17,2020-08-17 14:50:00,62.79,63.0,62.79,63.0,0.33,50.4,2971.6,1
2020-08-17,2020-08-17 15:00:00,63.0,63.0,58.0,63.0,0.0,50.4,2971.6,0
2020-08-18,2020-08-18 11:00:00,62.0,62.3,60.5,62.04,0.06,37.2,2222.8,1
2020-08-18,2020-08-18 11:10:00,62.04,62.08,62.04,62.08,0.06,37.2,2222.8,1
2020-08-18,2020-08-18 11:20:00,62.08,62.12,62.08,62.12,0.06,37.2,2222.8,1
2020-08-18,2020-08-18 11:30:00,62.12,62.17,62.12,62.17,0.08,37.2,2222.8,1
2020-08-18,2020-08-18 11:40:00,62.17,62.21,62.17,62.21,0.06,37.2,2222.8,1
2020-08-18,2020-08-18 11:50:00,62.21,62.25,62.21,62.25,0.06,37.2,2222.8,1
2020-08-18,2020-08-18 12:00:00,62.25,62.29,62.25,62.29,0.06,37.2,2222.8,1
2020-08-18,2020-08-18 12:10:00,62.29,62.33,62.29,62.33,0.06,37.2,2222.8,1
2020-08-18,2020-08-18 12:20:00,62.33,62.38,62.33,62.38,0.08,37.2,2222.8,1
2020-08-18,2020-08-18 12:30:00,62.38,62.42,62.38,62.42,0.06,37.2,2222.8,1
2020-08-18,2020-08-18 12:40:00,62.42,62.46,62.42,62.46,0.06,37.2,2222.8,1
2020-08-18,2020-08-18 12:50:00,62.46,62.5,62.46,62.5,0.06,37.2,2222.8,1
2020-08-18,2020-08-18 13:00:00,62.5,63.0,57.0,62.54,0.06,37.2,2222.8,1
2020-08-18,2020-08-18 13:10:00,62.54,62.58,62.54,62.58,0.06,37.2,2222.8,1
2020-08-18,2020-08-18 13:20:00,62.58,62.62,62.58,62.62,0.06,37.2,2222.8,1
2020-08-18,2020-08-18 13:30:00,62.62,62.67,62.62,62.67,0.08,37.2,2222.8,1
2020-08-18,2020-08-18 13:40:00,62.67,62.71,62.67,62.71,0.06,37.2,2222.8,1
2020-08-18,2020-08-18 13:50:00,62.71,62.75,62.71,62.75,0.06,37.2,2222.8,1
2020-08-18,2020-08-18 14:00:00,62.75,62.79,62.75,62.79,0.06,37.2,2222.8,1
2020-08-18,2020-08-18 14:10:00,62.79,62.83,62.79,62.83,0.06,37.2,2222.8,1
2020-08-18,2020-08-18 14:20:00,62.83,62.88,62.83,62.88,0.08,37.2,2222.8,1
2020-08-18,2020-08-18 14:30:00,62.88,62.92,62.88,62.92,0.06,37.2,2222.8,1
2020-08-18,2020-08-18 14:40:00,62.92,62.96,62.92,62.96,0.06,37.2,2222.8,1
2020-08-18,2020-08-18 14:50:00,62.96,63.0,62.96,63.0,0.06,37.2,2222.8,1
2020-08-18,2020-08-18 15:00:00,63.0,63.0,57.0,63.0,0.0,37.2,2222.8,0
2020-08-19,2020-08-19 11:00:00,62.0,62.6,60.5,62.0,0.0,42.8,2642.4,0
2020-08-19,2020-08-19 11:10:00,62.0,62.0,62.0,62.0,0.0,42.8,2642.4,0
2020-08-19,2020-08-19 11:20:00,62.0,62.0,62.0,62.0,0.0,42.8,2642.4,0
2020-08-19,2020-08-19 11:30:00,62.0,62.0,62.0,62.0,0.0,42.8,2642.4,0
2020-08-19,2020-08-19 11:40:00,62.0,62.0,62.0,62.0,0.0,42.8,2642.4,0
2020-08-19,2020-08-19 11:50:00,62.0,62.0,62.0,62.0,0.0,42.8,2642.4,0
2020-08-19,2020-08-19 12:00:00,62.0,62.0,62.0,62.0,0.0,42.8,2642.4,0
2020-08-19,2020-08-19 12:10:00,62.0,62.0,62.0,62.0,0.0,42.8,2642.4,0
2020-08-19,2020-08-19 12:20:00,62.0,62.0,62.0,62.0,0.0,42.8,2642.4,0
2020-08-19,2020-08-19 12:30:00,62.0,62.0,62.0,62.0,0.0,42.8,2642.4,0
2020-08-19,2020-08-19 12:40:00,62.0,62.0,62.0,62.0,0.0,42.8,2642.4,0
2020-08-19,2020-08-19 12:50:00,62.0,62.0,62.0,62.0,0.0,42.8,2642.4,0
2020-08-19,2020-08-19 13:00:00,62.0,64.0,57.0,62.0,0.0,42.8,2642.4,0
2020-08-19,2020-08-19 13:10:00,62.0,62.0,62.0,62.0,0.0,42.8,2642.4,0
2020-08-19,2020-08-19 13:20:00,62.0,62.0,62.0,62.0,0.0,42.8,2642.4,0
2020-08-19,2020-08-19 13:30:00,62.0,62.0,62.0,62.0,0.0,42.8,2642.4,0
2020-08-19,2020-08-19 13:40:00,62.0,62.0,62.0,62.0,0.0,42.8,2642.4,0
2020-08-19,2020-08-19 13:50:00,62.0,62.0,62.0,62.0,0.0,42.8,2642.4,0
2020-08-19,2020-08-19 14:00:00,62.0,62.0,62.0,62.0,0.0,42.8,2642.4,0
2020-08-19,2020-08-19 14:10:00,62.0,62.0,62.0,62.0,0.0,42.8,2642.4,0
2020-08-19,2020-08-19 14:20:00,62.0,62.0,62.0,62.0,0.0,42.8,2642.4,0
2020-08-19,2020-08-19 14:30:00,62.0,62.0,62.0,62.0,0.0,42.8,2642.4,0
2020-08-19,2020-08-19 14:40:00,62.0,62.0,62.0,62.0,0.0,42.8,2642.4,0
2020-08-19,2020-08-19 14:50:00,62.0,62.0,62.0,62.0,0.0,42.8,2642.4,0
2020-08-19,2020-08-19 15:00:00,62.0,64.0,57.0,62.0,0.0,42.8,2642.4,0
2020-08-20,2020-08-20 11:00:00,62.0,62.0,60.8,61.83,-0.27,9.2,559.2,-1
2020-08-20,2020-08-20 11:10:00,61.83,61.83,61.67,61.67,-0.26,9.2,559.2,-1
2020-08-20,2020-08-20 11:20:00,61.67,61.67,61.5,61.5,-0.28,9.2,559.2,-1
2020-08-20,2020-08-20 11:30:00,61.5,61.5,61.33,61.33,-0.28,9.2,559.2,-1
2020-08-20,2020-08-20 11:40:00,61.33,61.33,61.17,61.17,-0.26,9.2,559.2,-1
2020-08-20,2020-08-20 11:50:00,61.17,61.17,61.0,61.0,-0.28,9.2,559.2,-1
2020-08-20,2020-08-20 12:00:00,61.0,61.0,60.83,60.83,-0.28,9.2,559.2,-1
2020-08-20,2020-08-20 12:10:00,60.83,60.83,60.67,60.67,-0.26,9.2,559.2,-1
2020-08-20,2020-08-20 12:20:00,60.67,60.67,60.5,60.5,-0.28,9.2,559.2,-1
2020-08-20,2020-08-20 12:30:00,60.5,60.5,60.33,60.33,-0.28,9.2,559.2,-1
2020-08-20,2020-08-20 12:40:00,60.33,60.33,60.17,60.17,-0.27,9.2,559.2,-1
2020-08-20,2020-08-20 12:50:00,60.17,60.17,60.0,60.0,-0.28,9.2,559.2,-1
2020-08-20,2020-08-20 13:00:00,60.0,62.0,58.0,59.83,-0.28,9.2,559.2,-1
2020-08-20,2020-08-20 13:10:00,59.83,59.83,59.67,59.67,-0.27,9.2,559.2,-1
2020-08-20,2020-08-20 13:20:00,59.67,59.67,59.5,59.5,-0.28,9.2,559.2,-1
2020-08-20,2020-08-20 13:30:00,59.5,59.5,59.33,59.33,-0.29,9.2,559.2,-1
2020-08-20,2020-08-20 13:40:00,59.33,59.33,59.17,59.17,-0.27,9.2,559.2,-1
2020-08-20,2020-08-20 13:50:00,59.17,59.17,59.0,59.0,-0.29,9.2,559.2,-1
2020-08-20,2020-08-20 14:00:00,59.0,59.0,58.83,58.83,-0.29,9.2,559.2,-1
2020-08-20,2020-08-20 14:10:00,58.83,58.83,58.67,58.67,-0.27,9.2,559.2,-1
2020-08-20,2020-08-20 14:20:00,58.67,58.67,58.5,58.5,-0.29,9.2,559.2,-1
2020-08-20,2020-08-20 14:30:00,58.5,58.5,58.33,58.33,-0.29,9.2,559.2,-1
2020-08-20,2020-08-20 14:40:00,58.33,58.33,58.17,58.17,-0.27,9.2,559.2,-1
2020-08-20,2020-08-20 14:50:00,58.17,58.17,58.0,58.0,-0.29,9.2,559.2,-1
2020-08-20,2020-08-20 15:00:00,58.0,62.0,58.0,58.0,0.0,9.2,559.2,0
2020-08-23,2020-08-23 11:00:00,57.0,57.9,57.0,57.12,0.21,45.08,2643.32,1
2020-08-23,2020-08-23 11:10:00,57.12,57.25,57.12,57.25,0.23,45.08,2643.32,1
2020-08-23,2020-08-23 11:20:00,57.25,57.38,57.25,57.38,0.23,45.08,2643.32,1
2020-08-23,2020-08-23 11:30:00,57.38,57.5,57.38,57.5,0.21,45.08,2643.32,1
2020-08-23,2020-08-23 11:40:00,57.5,57.62,57.5,57.62,0.21,45.08,2643.32,1
2020-08-23,2020-08-23 11:50:00,57.62,57.75,57.62,57.75,0.23,45.08,2643.32,1
2020-08-23,2020-08-23 12:00:00,57.75,57.88,57.75,57.88,0.23,45.08,2643.32,1
2020-08-23,2020-08-23 12:10:00,57.88,58.0,57.88,58.0,0.21,45.08,2643.32,1
2020-08-23,2020-08-23 12:20:00,58.0,58.12,58.0,58.12,0.21,45.08,2643.32,1
2020-08-23,2020-08-23 12:30:00,58.12,58.25,58.12,58.25,0.22,45.08,2643.32,1
2020-08-23,2020-08-23 12:40:00,58.25,58.38,58.25,58.38,0.22,45.08,2643.32,1
2020-08-23,2020-08-23 12:50:00,58.38,58.5,58.38,58.5,0.21,45.08,2643.32,1
2020-08-23,2020-08-23 13:00:00,58.5,60.0,57.0,58.62,0.21,45.08,2643.32,1
2020-08-23,2020-08-23 13:10:00,58.62,58.75,58.62,58.75,0.22,45.08,2643.32,1
2020-08-23,2020-08-23 13:20:00,58.75,58.88,58.75,58.88,0.22,45.08,2643.32,1
2020-08-23,2020-08-23 13:30:00,58.88,59.0,58.88,59.0,0.2,45.08,2643.32,1
2020-08-23,2020-08-23 13:40:00,59.0,59.12,59.0,59.12,0.2,45.08,2643.32,1
2020-08-23,2020-08-23 13:50:00,59.12,59.25,59.12,59.25,0.22,45.08,2643.32,1
2020-08-23,2020-08-23 14:00:00,59.25,59.38,59.25,59.38,0.22,45.08,2643.32,1
2020-08-23,2020-08-23 14:10:00,59.38,59.5,59.38,59.5,0.2,45.08,2643.32,1
2020-08-23,2020-08-23 14:20:00,59.5,59.62,59.5,59.62,0.2,45.08,2643.32,1
2020-08-23,2020-08-23 14:30:00,59.62,59.75,59.62,59.75,0.22,45.08,2643.32,1
2020-08-23,2020-08-23 14:40:00,59.75,59.88,59.75,59.88,0.22,45.08,2643.32,1
2020-08-23,2020-08-23 14:50:00,59.88,60.0,59.88,60.0,0.2,45.08,2643.32,1
2020-08-23,2020-08-23 15:00:00,60.0,60.0,57.0,60.0,0.0,45.08,2643.32,0
2020-08-24,2020-08-24 11:00:00,59.0,59.9,59.0,59.08,0.14,96.0,5741.6,1
2020-08-24,2020-08-24 11:10:00,59.08,59.17,59.08,59.17,0.15,96.0,5741.6,1
2020-08-24,2020-08-24 11:20:00,59.17,59.25,59.17,59.25,0.14,96.0,5741.6,1
2020-08-24,2020-08-24 11:30:00,59.25,59.33,59.25,59.33,0.14,96.0,5741.6,1
2020-08-24,2020-08-24 11:40:00,59.33,59.42,59.33,59.42,0.15,96.0,5741.6,1
2020-08-24,2020-08-24 11:50:00,59.42,59.5,59.42,59.5,0.13,96.0,5741.6,1
2020-08-24,2020-08-24 12:00:00,59.5,59.58,59.5,59.58,0.13,96.0,5741.6,1
2020-08-24,2020-08-24 12:10:00,59.58,59.67,59.58,59.67,0.15,96.0,5741.6,1
2020-08-24,2020-08-24 12:20:00,59.67,59.75,59.67,59.75,0.13,96.0,5741.6,1
2020-08-24,2020-08-24 12:30:00,59.75,59.83,59.75,59.83,0.13,96.0,5741.6,1
2020-08-24,2020-08-24 12:40:00,59.83,59.92,59.83,59.92,0.15,96.0,5741.6,1
2020-08-24,2020-08-24 12:50:00,59.92,60.0,59.92,60.0,0.13,96.0,5741.6,1
2020-08-24,2020-08-24 13:00:00,60.0,62.0,59.0,60.08,0.13,96.0,5741.6,1
2020-08-24,2020-08-24 13:10:00,60.08,60.17,60.08,60.17,0.15,96.0,5741.6,1
2020-08-24,2020-08-24 13:20:00,60.17,60.25,60.17,60.25,0.13,96.0,5741.6,1
2020-08-24,2020-08-24 13:30:00,60.25,60.33,60.25,60.33,0.13,96.0,5741.6,1
2020-08-24,2020-08-24 13:40:00,60.33,60.42,60.33,60.42,0.15,96.0,5741.6,1
2020-08-24,2020-08-24 13:50:00,60.42,60.5,60.42,60.5,0.13,96.0,5741.6,1
2020-08-24,2020-08-24 14:00:00,60.5,60.58,60.5,60.58,0.13,96.0,5741.6,1
2020-08-24,2020-08-24 14:10:00,60.58,60.67,60.58,60.67,0.15,96.0,5741.6,1
2020-08-24,2020-08-24 14:20:00,60.67,60.75,60.67,60.75,0.13,96.0,5741.6,1
2020-08-24,2020-08-24 14:30:00,60.75,60.83,60.75,60.83,0.13,96.0,5741.6,1
2020-08-24,2020-08-24 14:40:00,60.83,60.92,60.83,60.92,0.15,96.0,5741.6,1
2020-08-24,2020-08-24 14:50:00,60.92,61.0,60.92,61.0,0.13,96.0,5741.6,1
2020-08-24,2020-08-24 15:00:00,61.0,62.0,59.0,61.0,0.0,96.0,5741.6,0
2020-08-25,2020-08-25 11:00:00,60.0,60.3,59.4,60.04,0.07,80.4,4716.8,1
2020-08-25,2020-08-25 11:10:00,60.04,60.08,60.04,60.08,0.07,80.4,4716.8,1
2020-08-25,2020-08-25 11:20:00,60.08,60.12,60.08,60.12,0.07,80.4,4716.8,1
2020-08-25,2020-08-25 11:30:00,60.12,60.17,60.12,60.17,0.08,80.4,4716.8,1
2020-08-25,2020-08-25 11:40:00,60.17,60.21,60.17,60.21,0.07,80.4,4716.8,1
2020-08-25,2020-08-25 11:50:00,60.21,60.25,60.21,60.25,0.07,80.4,4716.8,1
2020-08-25,2020-08-25 12:00:00,60.25,60.29,60.25,60.29,0.07,80.4,4716.8,1
2020-08-25,2020-08-25 12:10:00,60.29,60.33,60.29,60.33,0.07,80.4,4716.8,1
2020-08-25,2020-08-25 12:20:00,60.33,60.38,60.33,60.38,0.08,80.4,4716.8,1
2020-08-25,2020-08-25 12:30:00,60.38,60.42,60.38,60.42,0.07,80.4,4716.8,1
2020-08-25,2020-08-25 12:40:00,60.42,60.46,60.42,60.46,0.07,80.4,4716.8,1
2020-08-25,2020-08-25 12:50:00,60.46,60.5,60.46,60.5,0.07,80.4,4716.8,1
2020-08-25,2020-08-25 13:00:00,60.5,61.0,58.0,60.54,0.07,80.4,4716.8,1
2020-08-25,2020-08-25 13:10:00,60.54,60.58,60.54,60.58,0.07,80.4,4716.8,1
2020-08-25,2020-08-25 13:20:00,60.58,60.62,60.58,60.62,0.07,80.4,4716.8,1
2020-08-25,2020-08-25 13:30:00,60.62,60.67,60.62,60.67,0.08,80.4,4716.8,1
2020-08-25,2020-08-25 13:40:00,60.67,60.71,60.67,60.71,0.07,80.4,4716.8,1
2020-08-25,2020-08-25 13:50:00,60.71,60.75,60.71,60.75,0.07,80.4,4716.8,1
2020-08-25,2020-08-25 14:00:00,60.75,60.79,60.75,60.79,0.07,80.4,4716.8,1
2020-08-25,2020-08-25 14:10:00,60.79,60.83,60.79,60.83,0.07,80.4,4716.8,1
2020-08-25,2020-08-25 14:20:00,60.83,60.88,60.83,60.88,0.08,80.4,4716.8,1
2020-08-25,2020-08-25 14:30:00,60.88,60.92,60.88,60.92,0.07,80.4,4716.8,1
2020-08-25,2020-08-25 14:40:00,60.92,60.96,60.92,60.96,0.07,80.4,4716.8,1
2020-08-25,2020-08-25 14:50:00,60.96,61.0,60.96,61.0,0.07,80.4,4716.8,1
2020-08-25,2020-08-25 15:00:00,61.0,61.0,58.0,61.0,0.0,80.4,4716.8,0
2020-08-26,2020-08-26 11:00:00,60.0,60.0,58.8,59.96,-0.07,42.32,2492.48,-1
2020-08-26,2020-08-26 11:10:00,59.96,59.96,59.92,59.92,-0.07,42.32,2492.48,-1
2020-08-26,2020-08-26 11:20:00,59.92,59.92,59.88,59.88,-0.07,42.32,2492.48,-1
2020-08-26,2020-08-26 11:30:00,59.88,59.88,59.83,59.83,-0.08,42.32,2492.48,-1
2020-08-26,2020-08-26 11:40:00,59.83,59.83,59.79,59.79,-0.07,42.32,2492.48,-1
2020-08-26,2020-08-26 11:50:00,59.79,59.79,59.75,59.75,-0.07,42.32,2492.48,-1
2020-08-26,2020-08-26 12:00:00,59.75,59.75,59.71,59.71,-0.07,42.32,2492.48,-1
2020-08-26,2020-08-26 12:10:00,59.71,59.71,59.67,59.67,-0.07,42.32,2492.48,-1
2020-08-26,2020-08-26 12:20:00,59.67,59.67,59.62,59.62,-0.08,42.32,2492.48,-1
2020-08-26,2020-08-26 12:30:00,59.62,59.62,59.58,59.58,-0.07,42.32,2492.48,-1
2020-08-26,2020-08-26 12:40:00,59.58,59.58,59.54,59.54,-0.07,42.32,2492.48,-1
2020-08-26,2020-08-26 12:50:00,59.54,59.54,59.5,59.5,-0.07,42.32,2492.48,-1
2020-08-26,2020-08-26 13:00:00,59.5,60.0,56.0,59.46,-0.07,42.32,2492.48,-1
2020-08-26,2020-08-26 13:10:00,59.46,59.46,59.42,59.42,-0.07,42.32,2492.48,-1
2020-08-26,2020-08-26 13:20:00,59.42,59.42,59.38,59.38,-0.07,42.32,2492.48,-1
2020-08-26,2020-08-26 13:30:00,59.38,59.38,59.33,59.33,-0.08,42.32,2492.48,-1
2020-08-26,2020-08-26 13:40:00,59.33,59.33,59.29,59.29,-0.07,42.32,2492.48,-1
2020-08-26,2020-08-26 13:50:00,59.29,59.29,59.25,59.25,-0.07,42.32,2492.48,-1
2020-08-26,2020-08-26 14:00:00,59.25,59.25,59.21,59.21,-0.07,42.32,2492.48,-1
2020-08-26,2020-08-26 14:10:00,59.21,59.21,59.17,59.17,-0.07,42.32,2492.48,-1
2020-08-26,2020-08-26 14:20:00,59.17,59.17,59.12,59.12,-0.08,42.32,2492.48,-1
2020-08-26,2020-08-26 14:30:00,59.12,59.12,59.08,59.08,-0.07,42.32,2492.48,-1
2020-08-26,2020-08-26 14:40:00,59.08,59.08,59.04,59.04,-0.07,42.32,2492.48,-1
2020-08-26,2020-08-26 14:50:00,59.04,59.04,59.0,59.0,-0.07,42.32,2492.48,-1
2020-08-26,2020-08-26 15:00:00,59.0,60.0,56.0,59.0,0.0,42.32,2492.48,0
2020-08-27,2020-08-27 11:00:00,58.0,58.9,58.0,58.04,0.07,106.4,6336.0,1
2020-08-27,2020-08-27 11:10:00,58.04,58.08,58.04,58.08,0.07,106.4,6336.0,1
2020-08-27,2020-08-27 11:20:00,58.08,58.12,58.08,58.12,0.07,106.4,6336.0,1
2020-08-27,2020-08-27 11:30:00,58.12,58.17,58.12,58.17,0.09,106.4,6336.0,1
2020-08-27,2020-08-27 11:40:00,58.17,58.21,58.17,58.21,0.07,106.4,6336.0,1
2020-08-27,2020-08-27 11:50:00,58.21,58.25,58.21,58.25,0.07,106.4,6336.0,1
2020-08-27,2020-08-27 12:00:00,58.25,58.29,58.25,58.29,0.07,106.4,6336.0,1
2020-08-27,2020-08-27 12:10:00,58.29,58.33,58.29,58.33,0.07,106.4,6336.0,1
2020-08-27,2020-08-27 12:20:00,58.33,58.38,58.33,58.38,0.09,106.4,6336.0,1
2020-08-27,2020-08-27 12:30:00,58.38,58.42,58.38,58.42,0.07,106.4,6336.0,1
2020-08-27,2020-08-27 12:40:00,58.42,58.46,58.42,58.46,0.07,106.4,6336.0,1
2020-08-27,2020-08-27 12:50:00,58.46,58.5,58.46,58.5,0.07,106.4,6336.0,1
2020-08-27,2020-08-27 13:00:00,58.5,61.0,58.0,58.54,0.07,106.4,6336.0,1
2020-08-27,2020-08-27 13:10:00,58.54,58.58,58.54,58.58,0.07,106.4,6336.0,1
2020-08-27,2020-08-27 13:20:00,58.58,58.62,58.58,58.62,0.07,106.4,6336.0,1
2020-08-27,2020-08-27 13:30:00,58.62,58.67,58.62,58.67,0.09,106.4,6336.0,1
2020-08-27,2020-08-27 13:40:00,58.67,58.71,58.67,58.71,0.07,106.4,6336.0,1
2020-08-27,2020-08-27 13:50:00,58.71,58.75,58.71,58.75,0.07,106.4,6336.0,1
2020-08-27,2020-08-27 14:00:00,58.75,58.79,58.75,58.79,0.07,106.4,6336.0,1
2020-08-27,2020-08-27 14:10:00,58.79,58.83,58.79,58.83,0.07,106.4,6336.0,1
2020-08-27,2020-08-27 14:20:00,58.83,58.88,58.83,58.88,0.08,106.4,6336.0,1
2020-08-27,2020-08-27 14:30:00,58.88,58.92,58.88,58.92,0.07,106.4,6336.0,1
2020-08-27,2020-08-27 14:40:00,58.92,58.96,58.92,58.96,0.07,106.4,6336.0,1
2020-08-27,2020-08-27 14:50:00,58.96,59.0,58.96,59.0,0.07,106.4,6336.0,1
2020-08-27,2020-08-27 15:00:00,59.0,61.0,58.0,59.0,0.0,106.4,6336.0,0
2020-08-30,2020-08-30 11:00:00,58.0,58.6,57.7,58.04,0.07,19.2,1114.8,1
2020-08-30,2020-08-30 11:10:00,58.04,58.08,58.04,58.08,0.07,19.2,1114.8,1
2020-08-30,2020-08-30 11:20:00,58.08,58.12,58.08,58.12,0.07,19.2,1114.8,1
2020-08-30,2020-08-30 11:30:00,58.12,58.17,58.12,58.17,0.09,19.2,1114.8,1
2020-08-30,2020-08-30 11:40:00,58.17,58.21,58.17,58.21,0.07,19.2,1114.8,1
2020-08-30,2020-08-30 11:50:00,58.21,58.25,58.21,58.25,0.07,19.2,1114.8,1
2020-08-30,2020-08-30 12:00:00,58.25,58.29,58.25,58.29,0.07,19.2,1114.8,1
2020-08-30,2020-08-30 12:10:00,58.29,58.33,58.29,58.33,0.07,19.2,1114.8,1
2020-08-30,2020-08-30 12:20:00,58.33,58.38,58.33,58.38,0.09,19.2,1114.8,1
2020-08-30,2020-08-30 12:30:00,58.38,58.42,58.38,58.42,0.07,19.2,1114.8,1
2020-08-30,2020-08-30 12:40:00,58.42,58.46,58.42,58.46,0.07,19.2,1114.8,1
2020-08-30,2020-08-30 12:50:00,58.46,58.5,58.46,58.5,0.07,19.2,1114.8,1
2020-08-30,2020-08-30 13:00:00,58.5,60.0,57.0,58.54,0.07,19.2,1114.8,1
2020-08-30,2020-08-30 13:10:00,58.54,58.58,58.54,58.58,0.07,19.2,1114.8,1
2020-08-30,2020-08-30 13:20:00,58.58,58.62,58.58,58.62,0.07,19.2,1114.8,1
2020-08-30,2020-08-30 13:30:00,58.62,58.67,58.62,58.67,0.09,19.2,1114.8,1
2020-08-30,2020-08-30 13:40:00,58.67,58.71,58.67,58.71,0.07,19.2,1114.8,1
2020-08-30,2020-08-30 13:50:00,58.71,58.75,58.71,58.75,0.07,19.2,1114.8,1
2020-08-30,2020-08-30 14:00:00,58.75,58.79,58.75,58.79,0.07,19.2,1114.8,1
2020-08-30,2020-08-30 14:10:00,58.79,58.83,58.79,58.83,0.07,19.2,1114.8,1
2020-08-30,2020-08-30 14:20:00,58.83,58.88,58.83,58.88,0.08,19.2,1114.8,1
2020-08-30,2020-08-30 14:30:00,58.88,58.92,58.88,58.92,0.07,19.2,1114.8,1
2020-08-30,2020-08-30 14:40:00,58.92,58.96,58.92,58.96,0.07,19.2,1114.8,1
2020-08-30,2020-08-30 14:50:00,58.96,59.0,58.96,59.0,0.07,19.2,1114.8,1
2020-08-30,2020-08-30 15:00:00,59.0,60.0,57.0,59.0,0.0,19.2,1114.8,0
2020-08-31,2020-08-31 11:00:00,58.0,59.5,57.7,58.08,0.14,88.0,5340.4,1
2020-08-31,2020-08-31 11:10:00,58.08,58.17,58.08,58.17,0.15,88.0,5340.4,1
2020-08-31,2020-08-31 11:20:00,58.17,58.25,58.17,58.25,0.14,88.0,5340.4,1
2020-08-31,2020-08-31 11:30:00,58.25,58.33,58.25,58.33,0.14,88.0,5340.4,1
2020-08-31,2020-08-31 11:40:00,58.33,58.42,58.33,58.42,0.15,88.0,5340.4,1
2020-08-31,2020-08-31 11:50:00,58.42,58.5,58.42,58.5,0.14,88.0,5340.4,1
2020-08-31,2020-08-31 12:00:00,58.5,58.58,58.5,58.58,0.14,88.0,5340.4,1
2020-08-31,2020-08-31 12:10:00,58.58,58.67,58.58,58.67,0.15,88.0,5340.4,1
2020-08-31,2020-08-31 12:20:00,58.67,58.75,58.67,58.75,0.14,88.0,5340.4,1
2020-08-31,2020-08-31 12:30:00,58.75,58.83,58.75,58.83,0.14,88.0,5340.4,1
2020-08-31,2020-08-31 12:40:00,58.83,58.92,58.83,58.92,0.15,88.0,5340.4,1
2020-08-31,2020-08-31 12:50:00,58.92,59.0,58.92,59.0,0.14,88.0,5340.4,1
2020-08-31,2020-08-31 13:00:00,59.0,63.0,57.0,59.08,0.14,88.0,5340.4,1
2020-08-31,2020-08-31 13:10:00,59.08,59.17,59.08,59.17,0.15,88.0,5340.4,1
2020-08-31,2020-08-31 13:20:00,59.17,59.25,59.17,59.25,0.14,88.0,5340.4,1
2020-08-31,2020-08-31 13:30:00,59.25,59.33,59.25,59.33,0.14,88.0,5340.4,1
2020-08-31,2020-08-31 13:40:00,59.33,59.42,59.33,59.42,0.15,88.0,5340.4,1
2020-08-31,2020-08-31 13:50:00,59.42,59.5,59.42,59.5,0.13,88.0,5340.4,1
2020-08-31,2020-08-31 14:00:00,59.5,59.58,59.5,59.58,0.13,88.0,5340.4,1
2020-08-31,2020-08-31 14:10:00,59.58,59.67,59.58,59.67,0.15,88.0,5340.4,1
2020-08-31,2020-08-31 14:20:00,59.67,59.75,59.67,59.75,0.13,88.0,5340.4,1
2020-08-31,2020-08-31 14:30:00,59.75,59.83,59.75,59.83,0.13,88.0,5340.4,1
2020-08-31,2020-08-31 14:40:00,59.83,59.92,59.83,59.92,0.15,88.0,5340.4,1
2020-08-31,2020-08-31 14:50:00,59.92,60.0,59.92,60.0,0.13,88.0,5340.4,1
2020-08-31,2020-08-31 15:00:00,60.0,63.0,57.0,60.0,0.0,88.0,5340.4,0
2020-09-02,2020-09-02 11:00:00,60.0,61.8,59.7,60.25,0.42,135.24,8705.6,1
2020-09-02,2020-09-02 11:10:00,60.25,60.5,60.25,60.5,0.41,135.24,8705.6,1
2020-09-02,2020-09-02 11:20:00,60.5,60.75,60.5,60.75,0.41,135.24,8705.6,1
2020-09-02,2020-09-02 11:30:00,60.75,61.0,60.75,61.0,0.41,135.24,8705.6,1
2020-09-02,2020-09-02 11:40:00,61.0,61.25,61.0,61.25,0.41,135.24,8705.6,1
2020-09-02,2020-09-02 11:50:00,61.25,61.5,61.25,61.5,0.41,135.24,8705.6,1
2020-09-02,2020-09-02 12:00:00,61.5,61.75,61.5,61.75,0.41,135.24,8705.6,1
2020-09-02,2020-09-02 12:10:00,61.75,62.0,61.75,62.0,0.4,135.24,8705.6,1
2020-09-02,2020-09-02 12:20:00,62.0,62.25,62.0,62.25,0.4,135.24,8705.6,1
2020-09-02,2020-09-02 12:30:00,62.25,62.5,62.25,62.5,0.4,135.24,8705.6,1
2020-09-02,2020-09-02 12:40:00,62.5,62.75,62.5,62.75,0.4,135.24,8705.6,1
2020-09-02,2020-09-02 12:50:00,62.75,63.0,62.75,63.0,0.4,135.24,8705.6,1
2020-09-02,2020-09-02 13:00:00,63.0,66.0,59.0,63.25,0.4,135.24,8705.6,1
2020-09-02,2020-09-02 13:10:00,63.25,63.5,63.25,63.5,0.4,135.24,8705.6,1
2020-09-02,2020-09-02 13:20:00,63.5,63.75,63.5,63.75,0.39,135.24,8705.6,1
2020-09-02,2020-09-02 13:30:00,63.75,64.0,63.75,64.0,0.39,135.24,8705.6,1
2020-09-02,2020-09-02 13:40:00,64.0,64.25,64.0,64.25,0.39,135.24,8705.6,1
2020-09-02,2020-09-02 13:50:00,64.25,64.5,64.25,64.5,0.39,135.24,8705.6,1
2020-09-02,2020-09-02 14:00:00,64.5,64.75,64.5,64.75,0.39,135.24,8705.6,1
2020-09-02,2020-09-02 14:10:00,64.75,65.0,64.75,65.0,0.39,135.24,8705.6,1
2020-09-02,2020-09-02 14:20:00,65.0,65.25,65.0,65.25,0.38,135.24,8705.6,1
2020-09-02,2020-09-02 14:30:00,65.25,65.5,65.25,65.5,0.38,135.24,8705.6,1
2020-09-02,2020-09-02 14:40:00,65.5,65.75,65.5,65.75,0.38,135.24,8705.6,1
2020-09-02,2020-09-02 14:50:00,65.75,66.0,65.75,66.0,0.38,135.24,8705.6,1
2020-09-02,2020-09-02 15:00:00,66.0,66.0,59.0,66.0,0.0,135.24,8705.6,0
2020-09-03,2020-09-03 11:00:00,67.0,68.5,67.0,67.21,0.31,953.36,68398.32,1
2020-09-03,2020-09-03 11:10:00,67.21,67.42,67.21,67.42,0.31,953.36,68398.32,1
2020-09-03,2020-09-03 11:20:00,67.42,67.62,67.42,67.62,0.3,953.36,68398.32,1
2020-09-03,2020-09-03 11:30:00,67.62,67.83,67.62,67.83,0.31,953.36,68398.32,1
2020-09-03,2020-09-03 11:40:00,67.83,68.04,67.83,68.04,0.31,953.36,68398.32,1
2020-09-03,2020-09-03 11:50:00,68.04,68.25,68.04,68.25,0.31,953.36,68398.32,1
2020-09-03,2020-09-03 12:00:00,68.25,68.46,68.25,68.46,0.31,953.36,68398.32,1
2020-09-03,2020-09-03 12:10:00,68.46,68.67,68.46,68.67,0.31,953.36,68398.32,1
2020-09-03,2020-09-03 12:20:00,68.67,68.88,68.67,68.88,0.31,953.36,68398.32,1
2020-09-03,2020-09-03 12:30:00,68.88,69.08,68.88,69.08,0.29,953.36,68398.32,1
2020-09-03,2020-09-03 12:40:00,69.08,69.29,69.08,69.29,0.3,953.36,68398.32,1
2020-09-03,2020-09-03 12:50:00,69.29,69.5,69.29,69.5,0.3,953.36,68398.32,1
2020-09-03,2020-09-03 13:00:00,69.5,72.0,67.0,69.71,0.3,953.36,68398.32,1
2020-09-03,2020-09-03 13:10:00,69.71,69.92,69.71,69.92,0.3,953.36,68398.32,1
2020-09-03,2020-09-03 13:20:00,69.92,70.12,69.92,70.12,0.29,953.36,68398.32,1
2020-09-03,2020-09-03 13:30:00,70.12,70.33,70.12,70.33,0.3,953.36,68398.32,1
2020-09-03,2020-09-03 13:40:00,70.33,70.54,70.33,70.54,0.3,953.36,68398.32,1
2020-09-03,2020-09-03 13:50:00,70.54,70.75,70.54,70.75,0.3,953.36,68398.32,1
2020-09-03,2020-09-03 14:00:00,70.75,70.96,70.75,70.96,0.3,953.36,68398.32,1
2020-09-03,2020-09-03 14:10:00,70.96,71.17,70.96,71.17,0.3,953.36,68398.32,1
2020-09-03,2020-09-03 14:20:00,71.17,71.38,71.17,71.38,0.3,953.36,68398.32,1
2020-09-03,2020-09-03 14:30:00,71.38,71.58,71.38,71.58,0.28,953.36,68398.32,1
2020-09-03,2020-09-03 14:40:00,71.58,71.79,71.58,71.79,0.29,953.36,68398.32,1
2020-09-03,2020-09-03 14:50:00,71.79,72.0,71.79,72.0,0.29,953.36,68398.32,1
2020-09-03,2020-09-03 15:00:00,72.0,72.0,67.0,72.0,0.0,953.36,68398.32,0
2020-09-06,2020-09-06 11:00:00,73.0,74.8,73.0,73.25,0.34,490.72,37908.08,1
2020-09-06,2020-09-06 11:10:00,73.25,73.5,73.25,73.5,0.34,490.72,37908.08,1
2020-09-06,2020-09-06 11:20:00,73.5,73.75,73.5,73.75,0.34,490.72,37908.08,1
2020-09-06,2020-09-06 11:30:00,73.75,74.0,73.75,74.0,0.34,490.72,37908.08,1
2020-09-06,2020-09-06 11:40:00,74.0,74.25,74.0,74.25,0.34,490.72,37908.08,1
2020-09-06,2020-09-06 11:50:00,74.25,74.5,74.25,74.5,0.34,490.72,37908.08,1
2020-09-06,2020-09-06 12:00:00,74.5,74.75,74.5,74.75,0.34,490.72,37908.08,1
2020-09-06,2020-09-06 12:10:00,74.75,75.0,74.75,75.0,0.33,490.72,37908.08,1
2020-09-06,2020-09-06 12:20:00,75.0,75.25,75.0,75.25,0.33,490.72,37908.08,1
2020-09-06,2020-09-06 12:30:00,75.25,75.5,75.25,75.5,0.33,490.72,37908.08,1
2020-09-06,2020-09-06 12:40:00,75.5,75.75,75.5,75.75,0.33,490.72,37908.08,1
2020-09-06,2020-09-06 12:50:00,75.75,76.0,75.75,76.0,0.33,490.72,37908.08,1
2020-09-06,2020-09-06 13:00:00,76.0,79.0,73.0,76.25,0.33,490.72,37908.08,1
2020-09-06,2020-09-06 13:10:00,76.25,76.5,76.25,76.5,0.33,490.72,37908.08,1
2020-09-06,2020-09-06 13:20:00,76.5,76.75,76.5,76.75,0.33,490.72,37908.08,1
2020-09-06,2020-09-06 13:30:00,76.75,77.0,76.75,77.0,0.33,490.72,37908.08,1
2020-09-06,2020-09-06 13:40:00,77.0,77.25,77.0,77.25,0.32,490.72,37908.08,1
2020-09-06,2020-09-06 13:50:00,77.25,77.5,77.25,77.5,0.32,490.72,37908.08,1
2020-09-06,2020-09-06 14:00:00,77.5,77.75,77.5,77.75,0.32,490.72,37908.08,1
2020-09-06,2020-09-06 14:10:00,77.75,78.0,77.75,78.0,0.32,490.72,37908.08,1
2020-09-06,2020-09-06 14:20:00,78.0,78.25,78.0,78.25,0.32,490.72,37908.08,1
2020-09-06,2020-09-06 14:30:00,78.25,78.5,78.25,78.5,0.32,490.72,37908.08,1
2020-09-06,2020-09-06 14:40:00,78.5,78.75,78.5,78.75,0.32,490.72,37908.08,1
2020-09-06,2020-09-06 14:50:00,78.75,79.0,78.75,79.0,0.32,490.72,37908.08,1
2020-09-06,2020-09-06 15:00:00,79.0,79.0,73.0,79.0,0.0,490.72,37908.08,0
2020-09-07,2020-09-07 11:00:00,82.0,83.2,82.0,82.17,0.21,553.4,47515.2,1
2020-09-07,2020-09-07 11:10:00,82.17,82.33,82.17,82.33,0.19,553.4,47515.2,1
2020-09-07,2020-09-07 11:20:00,82.33,82.5,82.33,82.5,0.21,553.4,47515.2,1
2020-09-07,2020-09-07 11:30:00,82.5,82.67,82.5,82.67,0.21,553.4,47515.2,1
2020-09-07,2020-09-07 11:40:00,82.67,82.83,82.67,82.83,0.19,553.4,47515.2,1
2020-09-07,2020-09-07 11:50:00,82.83,83.0,82.83,83.0,0.21,553.4,47515.2,1
2020-09-07,2020-09-07 12:00:00,83.0,83.17,83.0,83.17,0.2,553.4,47515.2,1
2020-09-07,2020-09-07 12:10:00,83.17,83.33,83.17,83.33,0.19,553.4,47515.2,1
2020-09-07,2020-09-07 12:20:00,83.33,83.5,83.33,83.5,0.2,553.4,47515.2,1
2020-09-07,2020-09-07 12:30:00,83.5,83.67,83.5,83.67,0.2,553.4,47515.2,1
2020-09-07,2020-09-07 12:40:00,83.67,83.83,83.67,83.83,0.19,553.4,47515.2,1
2020-09-07,2020-09-07 12:50:00,83.83,84.0,83.83,84.0,0.2,553.4,47515.2,1
2020-09-07,2020-09-07 13:00:00,84.0,86.0,82.0,84.17,0.2,553.4,47515.2,1
2020-09-07,2020-09-07 13:10:00,84.17,84.33,84.17,84.33,0.19,553.4,47515.2,1
2020-09-07,2020-09-07 13:20:00,84.33,84.5,84.33,84.5,0.2,553.4,47515.2,1
2020-09-07,2020-09-07 13:30:00,84.5,84.67,84.5,84.67,0.2,553.4,47515.2,1
2020-09-07,2020-09-07 13:40:00,84.67,84.83,84.67,84.83,0.19,553.4,47515.2,1
2020-09-07,2020-09-07 13:50:00,84.83,85.0,84.83,85.0,0.2,553.4,47515.2,1
2020-09-07,2020-09-07 14:00:00,85.0,85.17,85.0,85.17,0.2,553.4,47515.2,1
2020-09-07,2020-09-07 14:10:00,85.17,85.33,85.17,85.33,0.19,553.4,47515.2,1
2020-09-07,2020-09-07 14:20:00,85.33,85.5,85.33,85.5,0.2,553.4,47515.2,1
2020-09-07,2020-09-07 14:30:00,85.5,85.67,85.5,85.67,0.2,553.4,47515.2,1
2020-09-07,2020-09-07 14:40:00,85.67,85.83,85.67,85.83,0.19,553.4,47515.2,1
2020-09-07,2020-09-07 14:50:00,85.83,86.0,85.83,86.0,0.2,553.4,47515.2,1
2020-09-07,2020-09-07 15:00:00,86.0,86.0,82.0,86.0,0.0,553.4,47515.2,0
2020-09-08,2020-09-08 11:00:00,90.0,91.2,86.4,90.17,0.19,620.84,53701.16,1
2020-09-08,2020-09-08 11:10:00,90.17,90.33,90.17,90.33,0.18,620.84,53701.16,1
2020-09-08,2020-09-08 11:20:00,90.33,90.5,90.33,90.5,0.19,620.84,53701.16,1
2020-09-08,2020-09-08 11:30:00,90.5,90.67,90.5,90.67,0.19,620.84,53701.16,1
2020-09-08,2020-09-08 11:40:00,90.67,90.83,90.67,90.83,0.18,620.84,53701.16,1
2020-09-08,2020-09-08 11:50:00,90.83,91.0,90.83,91.0,0.19,620.84,53701.16,1
2020-09-08,2020-09-08 12:00:00,91.0,91.17,91.0,91.17,0.19,620.84,53701.16,1
2020-09-08,2020-09-08 12:10:00,91.17,91.33,91.17,91.33,0.18,620.84,53701.16,1
2020-09-08,2020-09-08 12:20:00,91.33,91.5,91.33,91.5,0.19,620.84,53701.16,1
2020-09-08,2020-09-08 12:30:00,91.5,91.67,91.5,91.67,0.19,620.84,53701.16,1
2020-09-08,2020-09-08 12:40:00,91.67,91.83,91.67,91.83,0.17,620.84,53701.16,1
2020-09-08,2020-09-08 12:50:00,91.83,92.0,91.83,92.0,0.19,620.84,53701.16,1
2020-09-08,2020-09-08 13:00:00,92.0,94.0,78.0,92.17,0.18,620.84,53701.16,1
2020-09-08,2020-09-08 13:10:00,92.17,92.33,92.17,92.33,0.17,620.84,53701.16,1
2020-09-08,2020-09-08 13:20:00,92.33,92.5,92.33,92.5,0.18,620.84,53701.16,1
2020-09-08,2020-09-08 13:30:00,92.5,92.67,92.5,92.67,0.18,620.84,53701.16,1
2020-09-08,2020-09-08 13:40:00,92.67,92.83,92.67,92.83,0.17,620.84,53701.16,1
2020-09-08,2020-09-08 13:50:00,92.83,93.0,92.83,93.0,0.18,620.84,53701.16,1
2020-09-08,2020-09-08 14:00:00,93.0,93.17,93.0,93.17,0.18,620.84,53701.16,1
2020-09-08,2020-09-08 14:10:00,93.17,93.33,93.17,93.33,0.17,620.84,53701.16,1
2020-09-08,2020-09-08 14:20:00,93.33,93.5,93.33,93.5,0.18,620.84,53701.16,1
2020-09-08,2020-09-08 14:30:00,93.5,93.67,93.5,93.67,0.18,620.84,53701.16,1
2020-09-08,2020-09-08 14:40:00,93.67,93.83,93.67,93.83,0.17,620.84,53701.16,1
2020-09-08,2020-09-08 14:50:00,93.83,94.0,93.83,94.0,0.18,620.84,53701.16,1
2020-09-08,2020-09-08 15:00:00,94.0,94.0,78.0,94.0,0.0,620.84,53701.16,0
2020-09-09,2020-09-09 11:00:00,98.0,98.0,94.1,97.75,-0.26,344.44,30407.44,-1
2020-09-09,2020-09-09 11:10:00,97.75,97.75,97.5,97.5,-0.26,344.44,30407.44,-1
2020-09-09,2020-09-09 11:20:00,97.5,97.5,97.25,97.25,-0.26,344.44,30407.44,-1
2020-09-09,2020-09-09 11:30:00,97.25,97.25,97.0,97.0,-0.26,344.44,30407.44,-1
2020-09-09,2020-09-09 11:40:00,97.0,97.0,96.75,96.75,-0.26,344.44,30407.44,-1
2020-09-09,2020-09-09 11:50:00,96.75,96.75,96.5,96.5,-0.26,344.44,30407.44,-1
2020-09-09,2020-09-09 12:00:00,96.5,96.5,96.25,96.25,-0.26,344.44,30407.44,-1
2020-09-09,2020-09-09 12:10:00,96.25,96.25,96.0,96.0,-0.26,344.44,30407.44,-1
2020-09-09,2020-09-09 12:20:00,96.0,96.0,95.75,95.75,-0.26,344.44,30407.44,-1
2020-09-09,2020-09-09 12:30:00,95.75,95.75,95.5,95.5,-0.26,344.44,30407.44,-1
2020-09-09,2020-09-09 12:40:00,95.5,95.5,95.25,95.25,-0.26,344.44,30407.44,-1
2020-09-09,2020-09-09 12:50:00,95.25,95.25,95.0,95.0,-0.26,344.44,30407.44,-1
2020-09-09,2020-09-09 13:00:00,95.0,98.0,85.0,94.75,-0.26,344.44,30407.44,-1
2020-09-09,2020-09-09 13:10:00,94.75,94.75,94.5,94.5,-0.26,344.44,30407.44,-1
2020-09-09,2020-09-09 13:20:00,94.5,94.5,94.25,94.25,-0.26,344.44,30407.44,-1
2020-09-09,2020-09-09 13:30:00,94.25,94.25,94.0,94.0,-0.27,344.44,30407.44,-1
2020-09-09,2020-09-09 13:40:00,94.0,94.0,93.75,93.75,-0.27,344.44,30407.44,-1
2020-09-09,2020-09-09 13:50:00,93.75,93.75,93.5,93.5,-0.27,344.44,30407.44,-1
2020-09-09,2020-09-09 14:00:00,93.5,93.5,93.25,93.25,-0.27,344.44,30407.44,-1
2020-09-09,2020-09-09 14:10:00,93.25,93.25,93.0,93.0,-0.27,344.44,30407.44,-1
2020-09-09,2020-09-09 14:20:00,93.0,93.0,92.75,92.75,-0.27,344.44,30407.44,-1
2020-09-09,2020-09-09 14:30:00,92.75,92.75,92.5,92.5,-0.27,344.44,30407.44,-1
2020-09-09,2020-09-09 14:40:00,92.5,92.5,92.25,92.25,-0.27,344.44,30407.44,-1
2020-09-09,2020-09-09 14:50:00,92.25,92.25,92.0,92.0,-0.27,344.44,30407.44,-1
2020-09-09,2020-09-09 15:00:00,92.0,98.0,85.0,92.0,0.0,344.44,30407.44,0
2020-09-10,2020-09-10 11:00:00,96.0,96.0,93.6,95.75,-0.26,383.48,35275.4,-1
2020-09-10,2020-09-10 11:10:00,95.75,95.75,95.5,95.5,-0.26,383.48,35275.4,-1
2020-09-10,2020-09-10 11:20:00,95.5,95.5,95.25,95.25,-0.26,383.48,35275.4,-1
2020-09-10,2020-09-10 11:30:00,95.25,95.25,95.0,95.0,-0.26,383.48,35275.4,-1
2020-09-10,2020-09-10 11:40:00,95.0,95.0,94.75,94.75,-0.26,383.48,35275.4,-1
2020-09-10,2020-09-10 11:50:00,94.75,94.75,94.5,94.5,-0.26,383.48,35275.4,-1
2020-09-10,2020-09-10 12:00:00,94.5,94.5,94.25,94.25,-0.26,383.48,35275.4,-1
2020-09-10,2020-09-10 12:10:00,94.25,94.25,94.0,94.0,-0.27,383.48,35275.4,-1
2020-09-10,2020-09-10 12:20:00,94.0,94.0,93.75,93.75,-0.27,383.48,35275.4,-1
2020-09-10,2020-09-10 12:30:00,93.75,93.75,93.5,93.5,-0.27,383.48,35275.4,-1
2020-09-10,2020-09-10 12:40:00,93.5,93.5,93.25,93.25,-0.27,383.48,35275.4,-1
2020-09-10,2020-09-10 12:50:00,93.25,93.25,93.0,93.0,-0.27,383.48,35275.4,-1
2020-09-10,2020-09-10 13:00:00,93.0,96.0,88.0,92.75,-0.27,383.48,35275.4,-1
2020-09-10,2020-09-10 13:10:00,92.75,92.75,92.5,92.5,-0.27,383.48,35275.4,-1
2020-09-10,2020-09-10 13:20:00,92.5,92.5,92.25,92.25,-0.27,383.48,35275.4,-1
2020-09-10,2020-09-10 13:30:00,92.25,92.25,92.0,92.0,-0.27,383.48,35275.4,-1
2020-09-10,2020-09-10 13:40:00,92.0,92.0,91.75,91.75,-0.27,383.48,35275.4,-1
2020-09-10,2020-09-10 13:50:00,91.75,91.75,91.5,91.5,-0.27,383.48,35275.4,-1
2020-09-10,2020-09-10 14:00:00,91.5,91.5,91.25,91.25,-0.27,383.48,35275.4,-1
2020-09-10,2020-09-10 14:10:00,91.25,91.25,91.0,91.0,-0.27,383.48,35275.4,-1
2020-09-10,2020-09-10 14:20:00,91.0,91.0,90.75,90.75,-0.27,383.48,35275.4,-1
2020-09-10,2020-09-10 14:30:00,90.75,90.75,90.5,90.5,-0.28,383.48,35275.4,-1
2020-09-10,2020-09-10 14:40:00,90.5,90.5,90.25,90.25,-0.28,383.48,35275.4,-1
2020-09-10,2020-09-10 14:50:00,90.25,90.25,90.0,90.0,-0.28,383.48,35275.4,-1
2020-09-10,2020-09-10 15:00:00,90.0,96.0,88.0,90.0,0.0,383.48,35275.4,0
2020-09-13,2020-09-13 11:00:00,89.0,90.2,87.2,88.96,-0.04,377.6,33018.6,-1
2020-09-13,2020-09-13 11:10:00,88.96,88.96,88.92,88.92,-0.04,377.6,33018.6,-1
2020-09-13,2020-09-13 11:20:00,88.92,88.92,88.88,88.88,-0.04,377.6,33018.6,-1
2020-09-13,2020-09-13 11:30:00,88.88,88.88,88.83,88.83,-0.06,377.6,33018.6,-1
2020-09-13,2020-09-13 11:40:00,88.83,88.83,88.79,88.79,-0.05,377.6,33018.6,-1
2020-09-13,2020-09-13 11:50:00,88.79,88.79,88.75,88.75,-0.05,377.6,33018.6,-1
2020-09-13,2020-09-13 12:00:00,88.75,88.75,88.71,88.71,-0.05,377.6,33018.6,-1
2020-09-13,2020-09-13 12:10:00,88.71,88.71,88.67,88.67,-0.05,377.6,33018.6,-1
2020-09-13,2020-09-13 12:20:00,88.67,88.67,88.62,88.62,-0.06,377.6,33018.6,-1
2020-09-13,2020-09-13 12:30:00,88.62,88.62,88.58,88.58,-0.05,377.6,33018.6,-1
2020-09-13,2020-09-13 12:40:00,88.58,88.58,88.54,88.54,-0.05,377.6,33018.6,-1
2020-09-13,2020-09-13 12:50:00,88.54,88.54,88.5,88.5,-0.05,377.6,33018.6,-1
2020-09-13,2020-09-13 13:00:00,88.5,93.0,83.0,88.46,-0.05,377.6,33018.6,-1
2020-09-13,2020-09-13 13:10:00,88.46,88.46,88.42,88.42,-0.05,377.6,33018.6,-1
2020-09-13,2020-09-13 13:20:00,88.42,88.42,88.38,88.38,-0.05,377.6,33018.6,-1
2020-09-13,2020-09-13 13:30:00,88.38,88.38,88.33,88.33,-0.06,377.6,33018.6,-1
2020-09-13,2020-09-13 13:40:00,88.33,88.33,88.29,88.29,-0.05,377.6,33018.6,-1
2020-09-13,2020-09-13 13:50:00,88.29,88.29,88.25,88.25,-0.05,377.6,33018.6,-1
2020-09-13,2020-09-13 14:00:00,88.25,88.25,88.21,88.21,-0.05,377.6,33018.6,-1
2020-09-13,2020-09-13 14:10:00,88.21,88.21,88.17,88.17,-0.05,377.6,33018.6,-1
2020-09-13,2020-09-13 14:20:00,88.17,88.17,88.12,88.12,-0.06,377.6,33018.6,-1
2020-09-13,2020-09-13 14:30:00,88.12,88.12,88.08,88.08,-0.05,377.6,33018.6,-1
2020-09-13,2020-09-13 14:40:00,88.08,88.08,88.04,88.04,-0.05,377.6,33018.6,-1
2020-09-13,2020-09-13 14:50:00,88.04,88.04,88.0,88.0,-0.05,377.6,33018.6,-1
2020-09-13,2020-09-13 15:00:00,88.0,93.0,83.0,88.0,0.0,377.6,33018.6,0
2020-09-14,2020-09-14 11:00:00,89.0,91.1,88.1,89.21,0.24,747.2,69229.08,1
2020-09-14,2020-09-14 11:10:00,89.21,89.42,89.21,89.42,0.24,747.2,69229.08,1
2020-09-14,2020-09-14 11:20:00,89.42,89.62,89.42,89.62,0.22,747.2,69229.08,1
2020-09-14,2020-09-14 11:30:00,89.62,89.83,89.62,89.83,0.23,747.2,69229.08,1
2020-09-14,2020-09-14 11:40:00,89.83,90.04,89.83,90.04,0.23,747.2,69229.08,1
2020-09-14,2020-09-14 11:50:00,90.04,90.25,90.04,90.25,0.23,747.2,69229.08,1
2020-09-14,2020-09-14 12:00:00,90.25,90.46,90.25,90.46,0.23,747.2,69229.08,1
2020-09-14,2020-09-14 12:10:00,90.46,90.67,90.46,90.67,0.23,747.2,69229.08,1
2020-09-14,2020-09-14 12:20:00,90.67,90.88,90.67,90.88,0.23,747.2,69229.08,1
2020-09-14,2020-09-14 12:30:00,90.88,91.08,90.88,91.08,0.22,747.2,69229.08,1
2020-09-14,2020-09-14 12:40:00,91.08,91.29,91.08,91.29,0.23,747.2,69229.08,1
2020-09-14,2020-09-14 12:50:00,91.29,91.5,91.29,91.5,0.23,747.2,69229.08,1
2020-09-14,2020-09-14 13:00:00,91.5,96.0,86.0,91.71,0.23,747.2,69229.08,1
2020-09-14,2020-09-14 13:10:00,91.71,91.92,91.71,91.92,0.23,747.2,69229.08,1
2020-09-14,2020-09-14 13:20:00,91.92,92.12,91.92,92.12,0.22,747.2,69229.08,1
2020-09-14,2020-09-14 13:30:00,92.12,92.33,92.12,92.33,0.23,747.2,69229.08,1
2020-09-14,2020-09-14 13:40:00,92.33,92.54,92.33,92.54,0.23,747.2,69229.08,1
2020-09-14,2020-09-14 13:50:00,92.54,92.75,92.54,92.75,0.23,747.2,69229.08,1
2020-09-14,2020-09-14 14:00:00,92.75,92.96,92.75,92.96,0.23,747.2,69229.08,1
2020-09-14,2020-09-14 14:10:00,92.96,93.17,92.96,93.17,0.23,747.2,69229.08,1
2020-09-14,2020-09-14 14:20:00,93.17,93.38,93.17,93.38,0.23,747.2,69229.08,1
2020-09-14,2020-09-14 14:30:00,93.38,93.58,93.38,93.58,0.21,747.2,69229.08,1
2020-09-14,2020-09-14 14:40:00,93.58,93.79,93.58,93.79,0.22,747.2,69229.08,1
2020-09-14,2020-09-14 14:50:00,93.79,94.0,93.79,94.0,0.22,747.2,69229.08,1
2020-09-14,2020-09-14 15:00:00,94.0,96.0,86.0,94.0,0.0,747.2,69229.08,0
2020-09-15,2020-09-15 11:00:00,94.0,94.9,92.2,94.0,0.0,293.92,27689.76,0
2020-09-15,2020-09-15 11:10:00,94.0,94.0,94.0,94.0,0.0,293.92,27689.76,0
2020-09-15,2020-09-15 11:20:00,94.0,94.0,94.0,94.0,0.0,293.92,27689.76,0
2020-09-15,2020-09-15 11:30:00,94.0,94.0,94.0,94.0,0.0,293.92,27689.76,0
2020-09-15,2020-09-15 11:40:00,94.0,94.0,94.0,94.0,0.0,293.92,27689.76,0
2020-09-15,2020-09-15 11:50:00,94.0,94.0,94.0,94.0,0.0,293.92,27689.76,0
2020-09-15,2020-09-15 12:00:00,94.0,94.0,94.0,94.0,0.0,293.92,27689.76,0
2020-09-15,2020-09-15 12:10:00,94.0,94.0,94.0,94.0,0.0,293.92,27689.76,0
2020-09-15,2020-09-15 12:20:00,94.0,94.0,94.0,94.0,0.0,293.92,27689.76,0
2020-09-15,2020-09-15 12:30:00,94.0,94.0,94.0,94.0,0.0,293.92,27689.76,0
2020-09-15,2020-09-15 12:40:00,94.0,94.0,94.0,94.0,0.0,293.92,27689.76,0
2020-09-15,2020-09-15 12:50:00,94.0,94.0,94.0,94.0,0.0,293.92,27689.76,0
2020-09-15,2020-09-15 13:00:00,94.0,97.0,88.0,94.0,0.0,293.92,27689.76,0
2020-09-15,2020-09-15 13:10:00,94.0,94.0,94.0,94.0,0.0,293.92,27689.76,0
2020-09-15,2020-09-15 13:20:00,94.0,94.0,94.0,94.0,0.0,293.92,27689.76,0
2020-09-15,2020-09-15 13:30:00,94.0,94.0,94.0,94.0,0.0,293.92,27689.76,0
2020-09-15,2020-09-15 13:40:00,94.0,94.0,94.0,94.0,0.0,293.92,27689.76,0
2020-09-15,2020-09-15 13:50:00,94.0,94.0,94.0,94.0,0.0,293.92,27689.76,0
2020-09-15,2020-09-15 14:00:00,94.0,94.0,94.0,94.0,0.0,293.92,27689.76,0
2020-09-15,2020-09-15 14:10:00,94.0,94.0,94.0,94.0,0.0,293.92,27689.76,0
2020-09-15,2020-09-15 14:20:00,94.0,94.0,94.0,94.0,0.0,293.92,27689.76,0
2020-09-15,2020-09-15 14:30:00,94.0,94.0,94.0,94.0,0.0,293.92,27689.76,0
2020-09-15,2020-09-15 14:40:00,94.0,94.0,94.0,94.0,0.0,293.92,27689.76,0
2020-09-15,2020-09-15 14:50:00,94.0,94.0,94.0,94.0,0.0,293.92,27689.76,0
2020-09-15,2020-09-15 15:00:00,94.0,97.0,88.0,94.0,0.0,293.92,27689.76,0
2020-09-16,2020-09-16 11:00:00,93.0,96.0,91.8,93.42,0.45,772.52,77609.44,1
2020-09-16,2020-09-16 11:10:00,93.42,93.83,93.42,93.83,0.44,772.52,77609.44,1
2020-09-16,2020-09-16 11:20:00,93.83,94.25,93.83,94.25,0.45,772.52,77609.44,1
2020-09-16,2020-09-16 11:30:00,94.25,94.67,94.25,94.67,0.45,772.52,77609.44,1
2020-09-16,2020-09-16 11:40:00,94.67,95.08,94.67,95.08,0.43,772.52,77609.44,1
2020-09-16,2020-09-16 11:50:00,95.08,95.5,95.08,95.5,0.44,772.52,77609.44,1
2020-09-16,2020-09-16 12:00:00,95.5,95.92,95.5,95.92,0.44,772.52,77609.44,1
2020-09-16,2020-09-16 12:10:00,95.92,96.33,95.92,96.33,0.43,772.52,77609.44,1
2020-09-16,2020-09-16 12:20:00,96.33,96.75,96.33,96.75,0.44,772.52,77609.44,1
2020-09-16,2020-09-16 12:30:00,96.75,97.17,96.75,97.17,0.43,772.52,77609.44,1
2020-09-16,2020-09-16 12:40:00,97.17,97.58,97.17,97.58,0.42,772.52,77609.44,1
2020-09-16,2020-09-16 12:50:00,97.58,98.0,97.58,98.0,0.43,772.52,77609.44,1
2020-09-16,2020-09-16 13:00:00,98.0,103.0,89.0,98.42,0.43,772.52,77609.44,1
2020-09-16,2020-09-16 13:10:00,98.42,98.83,98.42,98.83,0.42,772.52,77609.44,1
2020-09-16,2020-09-16 13:20:00,98.83,99.25,98.83,99.25,0.42,772.52,77609.44,1
2020-09-16,2020-09-16 13:30:00,99.25,99.67,99.25,99.67,0.42,772.52,77609.44,1
2020-09-16,2020-09-16 13:40:00,99.67,100.08,99.67,100.08,0.41,772.52,77609.44,1
2020-09-16,2020-09-16 13:50:00,100.08,100.5,100.08,100.5,0.42,772.52,77609.44,1
2020-09-16,2020-09-16 14:00:00,100.5,100.92,100.5,100.92,0.42,772.52,77609.44,1
2020-09-16,2020-09-16 14:10:00,100.92,101.33,100.92,101.33,0.41,772.52,77609.44,1
2020-09-16,2020-09-16 14:20:00,101.33,101.75,101.33,101.75,0.41,772.52,77609.44,1
2020-09-16,2020-09-16 14:30:00,101.75,102.17,101.75,102.17,0.41,772.52,77609.44,1
2020-09-16,2020-09-16 14:40:00,102.17,102.58,102.17,102.58,0.4,772.52,77609.44,1
2020-09-16,2020-09-16 14:50:00,102.58,103.0,102.58,103.0,0.41,772.52,77609.44,1
2020-09-16,2020-09-16 15:00:00,103.0,103.0,89.0,103.0,0.0,772.52,77609.44,0
2020-09-17,2020-09-17 11:00:00,108.0,109.5,107.4,108.21,0.19,881.48,98123.6,1
2020-09-17,2020-09-17 11:10:00,108.21,108.42,108.21,108.42,0.19,881.48,98123.6,1
2020-09-17,2020-09-17 11:20:00,108.42,108.62,108.42,108.62,0.18,881.48,98123.6,1
2020-09-17,2020-09-17 11:30:00,108.62,108.83,108.62,108.83,0.19,881.48,98123.6,1
2020-09-17,2020-09-17 11:40:00,108.83,109.04,108.83,109.04,0.19,881.48,98123.6,1
2020-09-17,2020-09-17 11:50:00,109.04,109.25,109.04,109.25,0.19,881.48,98123.6,1
2020-09-17,2020-09-17 12:00:00,109.25,109.46,109.25,109.46,0.19,881.48,98123.6,1
2020-09-17,2020-09-17 12:10:00,109.46,109.67,109.46,109.67,0.19,881.48,98123.6,1
2020-09-17,2020-09-17 12:20:00,109.67,109.88,109.67,109.88,0.19,881.48,98123.6,1
2020-09-17,2020-09-17 12:30:00,109.88,110.08,109.88,110.08,0.18,881.48,98123.6,1
2020-09-17,2020-09-17 12:40:00,110.08,110.29,110.08,110.29,0.19,881.48,98123.6,1
2020-09-17,2020-09-17 12:50:00,110.29,110.5,110.29,110.5,0.19,881.48,98123.6,1
2020-09-17,2020-09-17 13:00:00,110.5,113.0,106.0,110.71,0.19,881.48,98123.6,1
2020-09-17,2020-09-17 13:10:00,110.71,110.92,110.71,110.92,0.19,881.48,98123.6,1
2020-09-17,2020-09-17 13:20:00,110.92,111.12,110.92,111.12,0.18,881.48,98123.6,1
2020-09-17,2020-09-17 13:30:00,111.12,111.33,111.12,111.33,0.19,881.48,98123.6,1
2020-09-17,2020-09-17 13:40:00,111.33,111.54,111.33,111.54,0.19,881.48,98123.6,1
2020-09-17,2020-09-17 13:50:00,111.54,111.75,111.54,111.75,0.19,881.48,98123.6,1
2020-09-17,2020-09-17 14:00:00,111.75,111.96,111.75,111.96,0.19,881.48,98123.6,1
2020-09-17,2020-09-17 14:10:00,111.96,112.17,111.96,112.17,0.19,881.48,98123.6,1
2020-09-17,2020-09-17 14:20:00,112.17,112.38,112.17,112.38,0.19,881.48,98123.6,1
2020-09-17,2020-09-17 14:30:00,112.38,112.58,112.38,112.58,0.18,881.48,98123.6,1
2020-09-17,2020-09-17 14:40:00,112.58,112.79,112.58,112.79,0.19,881.48,98123.6,1
2020-09-17,2020-09-17 14:50:00,112.79,113.0,112.79,113.0,0.19,881.48,98123.6,1
2020-09-17,2020-09-17 15:00:00,113.0,113.0,106.0,113.0,0.0,881.48,98123.6,0
2020-09-20,2020-09-20 11:00:00,115.0,115.0,111.1,114.46,-0.47,577.04,60335.08,-1
2020-09-20,2020-09-20 11:10:00,114.46,114.46,113.92,113.92,-0.47,577.04,60335.08,-1
2020-09-20,2020-09-20 11:20:00,113.92,113.92,113.38,113.38,-0.47,577.04,60335.08,-1
2020-09-20,2020-09-20 11:30:00,113.38,113.38,112.83,112.83,-0.49,577.04,60335.08,-1
2020-09-20,2020-09-20 11:40:00,112.83,112.83,112.29,112.29,-0.48,577.04,60335.08,-1
2020-09-20,2020-09-20 11:50:00,112.29,112.29,111.75,111.75,-0.48,577.04,60335.08,-1
2020-09-20,2020-09-20 12:00:00,111.75,111.75,111.21,111.21,-0.48,577.04,60335.08,-1
2020-09-20,2020-09-20 12:10:00,111.21,111.21,110.67,110.67,-0.49,577.04,60335.08,-1
2020-09-20,2020-09-20 12:20:00,110.67,110.67,110.12,110.12,-0.5,577.04,60335.08,-1
2020-09-20,2020-09-20 12:30:00,110.12,110.12,109.58,109.58,-0.49,577.04,60335.08,-1
2020-09-20,2020-09-20 12:40:00,109.58,109.58,109.04,109.04,-0.49,577.04,60335.08,-1
2020-09-20,2020-09-20 12:50:00,109.04,109.04,108.5,108.5,-0.5,577.04,60335.08,-1
2020-09-20,2020-09-20 13:00:00,108.5,115.0,102.0,107.96,-0.5,577.04,60335.08,-1
2020-09-20,2020-09-20 13:10:00,107.96,107.96,107.42,107.42,-0.5,577.04,60335.08,-1
2020-09-20,2020-09-20 13:20:00,107.42,107.42,106.88,106.88,-0.5,577.04,60335.08,-1
2020-09-20,2020-09-20 13:30:00,106.88,106.88,106.33,106.33,-0.51,577.04,60335.08,-1
2020-09-20,2020-09-20 13:40:00,106.33,106.33,105.79,105.79,-0.51,577.04,60335.08,-1
2020-09-20,2020-09-20 13:50:00,105.79,105.79,105.25,105.25,-0.51,577.04,60335.08,-1
2020-09-20,2020-09-20 14:00:00,105.25,105.25,104.71,104.71,-0.51,577.04,60335.08,-1
2020-09-20,2020-09-20 14:10:00,104.71,104.71,104.17,104.17,-0.52,577.04,60335.08,-1
2020-09-20,2020-09-20 14:20:00,104.17,104.17,103.62,103.62,-0.53,577.04,60335.08,-1
2020-09-20,2020-09-20 14:30:00,103.62,103.62,103.08,103.08,-0.52,577.04,60335.08,-1
2020-09-20,2020-09-20 14:40:00,103.08,103.08,102.54,102.54,-0.52,577.04,60335.08,-1
2020-09-20,2020-09-20 14:50:00,102.54,102.54,102.0,102.0,-0.53,577.04,60335.08,-1
2020-09-20,2020-09-20 15:00:00,102.0,115.0,102.0,102.0,0.0,577.04,60335.08,0
2020-09-21,2020-09-21 11:00:00,100.0,100.6,97.6,100.0,0.0,497.04,48071.96,0
2020-09-21,2020-09-21 11:10:00,100.0,100.0,100.0,100.0,0.0,497.04,48071.96,0
2020-09-21,2020-09-21 11:20:00,100.0,100.0,100.0,100.0,0.0,497.04,48071.96,0
2020-09-21,2020-09-21 11:30:00,100.0,100.0,100.0,100.0,0.0,497.04,48071.96,0
2020-09-21,2020-09-21 11:40:00,100.0,100.0,100.0,100.0,0.0,497.04,48071.96,0
2020-09-21,2020-09-21 11:50:00,100.0,100.0,100.0,100.0,0.0,497.04,48071.96,0
2020-09-21,2020-09-21 12:00:00,100.0,100.0,100.0,100.0,0.0,497.04,48071.96,0
2020-09-21,2020-09-21 12:10:00,100.0,100.0,100.0,100.0,0.0,497.04,48071.96,0
2020-09-21,2020-09-21 12:20:00,100.0,100.0,100.0,100.0,0.0,497.04,48071.96,0
2020-09-21,2020-09-21 12:30:00,100.0,100.0,100.0,100.0,0.0,497.04,48071.96,0
2020-09-21,2020-09-21 12:40:00,100.0,100.0,100.0,100.0,0.0,497.04,48071.96,0
2020-09-21,2020-09-21 12:50:00,100.0,100.0,100.0,100.0,0.0,497.04,48071.96,0
2020-09-21,2020-09-21 13:00:00,100.0,102.0,92.0,100.0,0.0,497.04,48071.96,0
2020-09-21,2020-09-21 13:10:00,100.0,100.0,100.0,100.0,0.0,497.04,48071.96,0
2020-09-21,2020-09-21 13:20:00,100.0,100.0,100.0,100.0,0.0,497.04,48071.96,0
2020-09-21,2020-09-21 13:30:00,100.0,100.0,100.0,100.0,0.0,497.04,48071.96,0
2020-09-21,2020-09-21 13:40:00,100.0,100.0,100.0,100.0,0.0,497.04,48071.96,0
2020-09-21,2020-09-21 13:50:00,100.0,100.0,100.0,100.0,0.0,497.04,48071.96,0
2020-09-21,2020-09-21 14:00:00,100.0,100.0,100.0,100.0,0.0,497.04,48071.96,0
2020-09-21,2020-09-21 14:10:00,100.0,100.0,100.0,100.0,0.0,497.04,48071.96,0
2020-09-21,2020-09-21 14:20:00,100.0,100.0,100.0,100.0,0.0,497.04,48071.96,0
2020-09-21,2020-09-21 14:30:00,100.0,100.0,100.0,100.0,0.0,497.04,48071.96,0
2020-09-21,2020-09-21 14:40:00,100.0,100.0,100.0,100.0,0.0,497.04,48071.96,0
2020-09-21,2020-09-21 14:50:00,100.0,100.0,100.0,100.0,0.0,497.04,48071.96,0
2020-09-21,2020-09-21 15:00:00,100.0,102.0,92.0,100.0,0.0,497.04,48071.96,0
2020-09-22,2020-09-22 11:00:00,105.0,105.0,101.7,104.62,-0.36,137.2,13162.0,-1
2020-09-22,2020-09-22 11:10:00,104.62,104.62,104.25,104.25,-0.35,137.2,13162.0,-1
2020-09-22,2020-09-22 11:20:00,104.25,104.25,103.88,103.88,-0.35,137.2,13162.0,-1
2020-09-22,2020-09-22 11:30:00,103.88,103.88,103.5,103.5,-0.37,137.2,13162.0,-1
2020-09-22,2020-09-22 11:40:00,103.5,103.5,103.12,103.12,-0.37,137.2,13162.0,-1
2020-09-22,2020-09-22 11:50:00,103.12,103.12,102.75,102.75,-0.36,137.2,13162.0,-1
2020-09-22,2020-09-22 12:00:00,102.75,102.75,102.38,102.38,-0.36,137.2,13162.0,-1
2020-09-22,2020-09-22 12:10:00,102.38,102.38,102.0,102.0,-0.37,137.2,13162.0,-1
2020-09-22,2020-09-22 12:20:00,102.0,102.0,101.62,101.62,-0.37,137.2,13162.0,-1
2020-09-22,2020-09-22 12:30:00,101.62,101.62,101.25,101.25,-0.36,137.2,13162.0,-1
2020-09-22,2020-09-22 12:40:00,101.25,101.25,100.88,100.88,-0.37,137.2,13162.0,-1
2020-09-22,2020-09-22 12:50:00,100.88,100.88,100.5,100.5,-0.38,137.2,13162.0,-1
2020-09-22,2020-09-22 13:00:00,100.5,105.0,94.0,100.12,-0.38,137.2,13162.0,-1
2020-09-22,2020-09-22 13:10:00,100.12,100.12,99.75,99.75,-0.37,137.2,13162.0,-1
2020-09-22,2020-09-22 13:20:00,99.75,99.75,99.38,99.38,-0.37,137.2,13162.0,-1
2020-09-22,2020-09-22 13:30:00,99.38,99.38,99.0,99.0,-0.38,137.2,13162.0,-1
2020-09-22,2020-09-22 13:40:00,99.0,99.0,98.62,98.62,-0.38,137.2,13162.0,-1
2020-09-22,2020-09-22 13:50:00,98.62,98.62,98.25,98.25,-0.38,137.2,13162.0,-1
2020-09-22,2020-09-22 14:00:00,98.25,98.25,97.88,97.88,-0.38,137.2,13162.0,-1
2020-09-22,2020-09-22 14:10:00,97.88,97.88,97.5,97.5,-0.39,137.2,13162.0,-1
2020-09-22,2020-09-22 14:20:00,97.5,97.5,97.12,97.12,-0.39,137.2,13162.0,-1
2020-09-22,2020-09-22 14:30:00,97.12,97.12,96.75,96.75,-0.38,137.2,13162.0,-1
2020-09-22,2020-09-22 14:40:00,96.75,96.75,96.38,96.38,-0.38,137.2,13162.0,-1
2020-09-22,2020-09-22 14:50:00,96.38,96.38,96.0,96.0,-0.39,137.2,13162.0,-1
2020-09-22,2020-09-22 15:00:00,96.0,105.0,94.0,96.0,0.0,137.2,13162.0,0
2020-09-23,2020-09-23 11:00:00,97.0,99.1,95.8,97.25,0.26,426.88,41921.12,1
2020-09-23,2020-09-23 11:10:00,97.25,97.5,97.25,97.5,0.26,426.88,41921.12,1
2020-09-23,2020-09-23 11:20:00,97.5,97.75,97.5,97.75,0.26,426.88,41921.12,1
2020-09-23,2020-09-23 11:30:00,97.75,98.0,97.75,98.0,0.26,426.88,41921.12,1
2020-09-23,2020-09-23 11:40:00,98.0,98.25,98.0,98.25,0.26,426.88,41921.12,1
2020-09-23,2020-09-23 11:50:00,98.25,98.5,98.25,98.5,0.25,426.88,41921.12,1
2020-09-23,2020-09-23 12:00:00,98.5,98.75,98.5,98.75,0.25,426.88,41921.12,1
2020-09-23,2020-09-23 12:10:00,98.75,99.0,98.75,99.0,0.25,426.88,41921.12,1
2020-09-23,2020-09-23 12:20:00,99.0,99.25,99.0,99.25,0.25,426.88,41921.12,1
2020-09-23,2020-09-23 12:30:00,99.25,99.5,99.25,99.5,0.25,426.88,41921.12,1
2020-09-23,2020-09-23 12:40:00,99.5,99.75,99.5,99.75,0.25,426.88,41921.12,1
2020-09-23,2020-09-23 12:50:00,99.75,100.0,99.75,100.0,0.25,426.88,41921.12,1
2020-09-23,2020-09-23 13:00:00,100.0,104.0,93.0,100.25,0.25,426.88,41921.12,1
2020-09-23,2020-09-23 13:10:00,100.25,100.5,100.25,100.5,0.25,426.88,41921.12,1
2020-09-23,2020-09-23 13:20:00,100.5,100.75,100.5,100.75,0.25,426.88,41921.12,1
2020-09-23,2020-09-23 13:30:00,100.75,101.0,100.75,101.0,0.25,426.88,41921.12,1
2020-09-23,2020-09-23 13:40:00,101.0,101.25,101.0,101.25,0.25,426.88,41921.12,1
2020-09-23,2020-09-23 13:50:00,101.25,101.5,101.25,101.5,0.25,426.88,41921.12,1
2020-09-23,2020-09-23 14:00:00,101.5,101.75,101.5,101.75,0.25,426.88,41921.12,1
2020-09-23,2020-09-23 14:10:00,101.75,102.0,101.75,102.0,0.25,426.88,41921.12,1
2020-09-23,2020-09-23 14:20:00,102.0,102.25,102.0,102.25,0.25,426.88,41921.12,1
2020-09-23,2020-09-23 14:30:00,102.25,102.5,102.25,102.5,0.24,426.88,41921.12,1
2020-09-23,2020-09-23 14:40:00,102.5,102.75,102.5,102.75,0.24,426.88,41921.12,1
2020-09-23,2020-09-23 14:50:00,102.75,103.0,102.75,103.0,0.24,426.88,41921.12,1
2020-09-23,2020-09-23 15:00:00,103.0,104.0,93.0,103.0,0.0,426.88,41921.12,0
2020-09-24,2020-09-24 11:00:00,101.0,101.9,100.4,101.08,0.08,959.72,97888.8,1
2020-09-24,2020-09-24 11:10:00,101.08,101.17,101.08,101.17,0.09,959.72,97888.8,1
2020-09-24,2020-09-24 11:20:00,101.17,101.25,101.17,101.25,0.08,959.72,97888.8,1
2020-09-24,2020-09-24 11:30:00,101.25,101.33,101.25,101.33,0.08,959.72,97888.8,1
2020-09-24,2020-09-24 11:40:00,101.33,101.42,101.33,101.42,0.09,959.72,97888.8,1
2020-09-24,2020-09-24 11:50:00,101.42,101.5,101.42,101.5,0.08,959.72,97888.8,1
2020-09-24,2020-09-24 12:00:00,101.5,101.58,101.5,101.58,0.08,959.72,97888.8,1
2020-09-24,2020-09-24 12:10:00,101.58,101.67,101.58,101.67,0.09,959.72,97888.8,1
2020-09-24,2020-09-24 12:20:00,101.67,101.75,101.67,101.75,0.08,959.72,97888.8,1
2020-09-24,2020-09-24 12:30:00,101.75,101.83,101.75,101.83,0.08,959.72,97888.8,1
2020-09-24,2020-09-24 12:40:00,101.83,101.92,101.83,101.92,0.09,959.72,97888.8,1
2020-09-24,2020-09-24 12:50:00,101.92,102.0,101.92,102.0,0.08,959.72,97888.8,1
2020-09-24,2020-09-24 13:00:00,102.0,104.0,99.0,102.08,0.08,959.72,97888.8,1
2020-09-24,2020-09-24 13:10:00,102.08,102.17,102.08,102.17,0.09,959.72,97888.8,1
2020-09-24,2020-09-24 13:20:00,102.17,102.25,102.17,102.25,0.08,959.72,97888.8,1
2020-09-24,2020-09-24 13:30:00,102.25,102.33,102.25,102.33,0.08,959.72,97888.8,1
2020-09-24,2020-09-24 13:40:00,102.33,102.42,102.33,102.42,0.09,959.72,97888.8,1
2020-09-24,2020-09-24 13:50:00,102.42,102.5,102.42,102.5,0.08,959.72,97888.8,1
2020-09-24,2020-09-24 14:00:00,102.5,102.58,102.5,102.58,0.08,959.72,97888.8,1
2020-09-24,2020-09-24 14:10:00,102.58,102.67,102.58,102.67,0.09,959.72,97888.8,1
2020-09-24,2020-09-24 14:20:00,102.67,102.75,102.67,102.75,0.08,959.72,97888.8,1
2020-09-24,2020-09-24 14:30:00,102.75,102.83,102.75,102.83,0.08,959.72,97888.8,1
2020-09-24,2020-09-24 14:40:00,102.83,102.92,102.83,102.92,0.09,959.72,97888.8,1
2020-09-24,2020-09-24 14:50:00,102.92,103.0,102.92,103.0,0.08,959.72,97888.8,1
2020-09-24,2020-09-24 15:00:00,103.0,104.0,99.0,103.0,0.0,959.72,97888.8,0
2020-09-27,2020-09-27 11:00:00,108.15,108.15,105.11,107.94,-0.19,480.04,49064.94,-1
2020-09-27,2020-09-27 11:10:00,107.94,107.94,107.72,107.72,-0.2,480.04,49064.94,-1
2020-09-27,2020-09-27 11:20:00,107.72,107.72,107.51,107.51,-0.19,480.04,49064.94,-1
2020-09-27,2020-09-27 11:30:00,107.51,107.51,107.29,107.29,-0.2,480.04,49064.94,-1
2020-09-27,2020-09-27 11:40:00,107.29,107.29,107.08,107.08,-0.2,480.04,49064.94,-1
2020-09-27,2020-09-27 11:50:00,107.08,107.08,106.86,106.86,-0.21,480.04,49064.94,-1
2020-09-27,2020-09-27 12:00:00,106.86,106.86,106.65,106.65,-0.2,480.04,49064.94,-1
2020-09-27,2020-09-27 12:10:00,106.65,106.65,106.43,106.43,-0.21,480.04,49064.94,-1
2020-09-27,2020-09-27 12:20:00,106.43,106.43,106.22,106.22,-0.2,480.04,49064.94,-1
2020-09-27,2020-09-27 12:30:00,106.22,106.22,106.0,106.0,-0.21,480.04,49064.94,-1
2020-09-27,2020-09-27 12:40:00,106.0,106.0,105.79,105.79,-0.2,480.04,49064.94,-1
2020-09-27,2020-09-27 12:50:00,105.79,105.79,105.58,105.58,-0.2,480.04,49064.94,-1
2020-09-27,2020-09-27 13:00:00,105.58,108.15,98.0,105.36,-0.21,480.04,49064.94,-1
2020-09-27,2020-09-27 13:10:00,105.36,105.36,105.15,105.15,-0.2,480.04,49064.94,-1
2020-09-27,2020-09-27 13:20:00,105.15,105.15,104.93,104.93,-0.21,480.04,49064.94,-1
2020-09-27,2020-09-27 13:30:00,104.93,104.93,104.72,104.72,-0.2,480.04,49064.94,-1
2020-09-27,2020-09-27 13:40:00,104.72,104.72,104.5,104.5,-0.21,480.04,49064.94,-1
2020-09-27,2020-09-27 13:50:00,104.5,104.5,104.29,104.29,-0.2,480.04,49064.94,-1
2020-09-27,2020-09-27 14:00:00,104.29,104.29,104.07,104.07,-0.21,480.04,49064.94,-1
2020-09-27,2020-09-27 14:10:00,104.07,104.07,103.86,103.86,-0.2,480.04,49064.94,-1
2020-09-27,2020-09-27 14:20:00,103.86,103.86,103.64,103.64,-0.21,480.04,49064.94,-1
2020-09-27,2020-09-27 14:30:00,103.64,103.64,103.43,103.43,-0.2,480.04,49064.94,-1
2020-09-27,2020-09-27 14:40:00,103.43,103.43,103.21,103.21,-0.21,480.04,49064.94,-1
2020-09-27,2020-09-27 14:50:00,103.21,103.21,103.0,103.0,-0.2,480.04,49064.94,-1
2020-09-27,2020-09-27 15:00:00,103.0,108.15,98.0,103.0,0.0,480.04,49064.94,0
2020-09-28,2020-09-28 11:00:00,104.0,104.0,102.2,103.83,-0.16,241.0,23958.0,-1
2020-09-28,2020-09-28 11:10:00,103.83,103.83,103.67,103.67,-0.15,241.0,23958.0,-1
2020-09-28,2020-09-28 11:20:00,103.67,103.67,103.5,103.5,-0.16,241.0,23958.0,-1
2020-09-28,2020-09-28 11:30:00,103.5,103.5,103.33,103.33,-0.16,241.0,23958.0,-1
2020-09-28,2020-09-28 11:40:00,103.33,103.33,103.17,103.17,-0.15,241.0,23958.0,-1
2020-09-28,2020-09-28 11:50:00,103.17,103.17,103.0,103.0,-0.16,241.0,23958.0,-1
2020-09-28,2020-09-28 12:00:00,103.0,103.0,102.83,102.83,-0.17,241.0,23958.0,-1
2020-09-28,2020-09-28 12:10:00,102.83,102.83,102.67,102.67,-0.16,241.0,23958.0,-1
2020-09-28,2020-09-28 12:20:00,102.67,102.67,102.5,102.5,-0.17,241.0,23958.0,-1
2020-09-28,2020-09-28 12:30:00,102.5,102.5,102.33,102.33,-0.17,241.0,23958.0,-1
2020-09-28,2020-09-28 12:40:00,102.33,102.33,102.17,102.17,-0.16,241.0,23958.0,-1
2020-09-28,2020-09-28 12:50:00,102.17,102.17,102.0,102.0,-0.17,241.0,23958.0,-1
2020-09-28,2020-09-28 13:00:00,102.0,104.0,98.0,101.83,-0.17,241.0,23958.0,-1
2020-09-28,2020-09-28 13:10:00,101.83,101.83,101.67,101.67,-0.16,241.0,23958.0,-1
2020-09-28,2020-09-28 13:20:00,101.67,101.67,101.5,101.5,-0.17,241.0,23958.0,-1
2020-09-28,2020-09-28 13:30:00,101.5,101.5,101.33,101.33,-0.17,241.0,23958.0,-1
2020-09-28,2020-09-28 13:40:00,101.33,101.33,101.17,101.17,-0.16,241.0,23958.0,-1
2020-09-28,2020-09-28 13:50:00,101.17,101.17,101.0,101.0,-0.17,241.0,23958.0,-1
2020-09-28,2020-09-28 14:00:00,101.0,101.0,100.83,100.83,-0.17,241.0,23958.0,-1
2020-09-28,2020-09-28 14:10:00,100.83,100.83,100.67,100.67,-0.16,241.0,23958.0,-1
2020-09-28,2020-09-28 14:20:00,100.67,100.67,100.5,100.5,-0.17,241.0,23958.0,-1
2020-09-28,2020-09-28 14:30:00,100.5,100.5,100.33,100.33,-0.17,241.0,23958.0,-1
2020-09-28,2020-09-28 14:40:00,100.33,100.33,100.17,100.17,-0.16,241.0,23958.0,-1
2020-09-28,2020-09-28 14:50:00,100.17,100.17,100.0,100.0,-0.17,241.0,23958.0,-1
2020-09-28,2020-09-28 15:00:00,100.0,104.0,98.0,100.0,0.0,241.0,23958.0,0
2020-09-29,2020-09-29 11:00:00,100.0,103.0,99.7,100.42,0.42,1193.0,128026.32,1
2020-09-29,2020-09-29 11:10:00,100.42,100.83,100.42,100.83,0.41,1193.0,128026.32,1
2020-09-29,2020-09-29 11:20:00,100.83,101.25,100.83,101.25,0.42,1193.0,128026.32,1
2020-09-29,2020-09-29 11:30:00,101.25,101.67,101.25,101.67,0.41,1193.0,128026.32,1
2020-09-29,2020-09-29 11:40:00,101.67,102.08,101.67,102.08,0.4,1193.0,128026.32,1
2020-09-29,2020-09-29 11:50:00,102.08,102.5,102.08,102.5,0.41,1193.0,128026.32,1
2020-09-29,2020-09-29 12:00:00,102.5,102.92,102.5,102.92,0.41,1193.0,128026.32,1
2020-09-29,2020-09-29 12:10:00,102.92,103.33,102.92,103.33,0.4,1193.0,128026.32,1
2020-09-29,2020-09-29 12:20:00,103.33,103.75,103.33,103.75,0.41,1193.0,128026.32,1
2020-09-29,2020-09-29 12:30:00,103.75,104.17,103.75,104.17,0.4,1193.0,128026.32,1
2020-09-29,2020-09-29 12:40:00,104.17,104.58,104.17,104.58,0.39,1193.0,128026.32,1
2020-09-29,2020-09-29 12:50:00,104.58,105.0,104.58,105.0,0.4,1193.0,128026.32,1
2020-09-29,2020-09-29 13:00:00,105.0,110.0,99.0,105.42,0.4,1193.0,128026.32,1
2020-09-29,2020-09-29 13:10:00,105.42,105.83,105.42,105.83,0.39,1193.0,128026.32,1
2020-09-29,2020-09-29 13:20:00,105.83,106.25,105.83,106.25,0.4,1193.0,128026.32,1
2020-09-29,2020-09-29 13:30:00,106.25,106.67,106.25,106.67,0.4,1193.0,128026.32,1
2020-09-29,2020-09-29 13:40:00,106.67,107.08,106.67,107.08,0.38,1193.0,128026.32,1
2020-09-29,2020-09-29 13:50:00,107.08,107.5,107.08,107.5,0.39,1193.0,128026.32,1
2020-09-29,2020-09-29 14:00:00,107.5,107.92,107.5,107.92,0.39,1193.0,128026.32,1
2020-09-29,2020-09-29 14:10:00,107.92,108.33,107.92,108.33,0.38,1193.0,128026.32,1
2020-09-29,2020-09-29 14:20:00,108.33,108.75,108.33,108.75,0.39,1193.0,128026.32,1
2020-09-29,2020-09-29 14:30:00,108.75,109.17,108.75,109.17,0.39,1193.0,128026.32,1
2020-09-29,2020-09-29 14:40:00,109.17,109.58,109.17,109.58,0.38,1193.0,128026.32,1
2020-09-29,2020-09-29 14:50:00,109.58,110.0,109.58,110.0,0.38,1193.0,128026.32,1
2020-09-29,2020-09-29 15:00:00,110.0,110.0,99.0,110.0,0.0,1193.0,128026.32,0
2020-09-30,2020-09-30 11:00:00,115.0,116.8,112.6,115.25,0.22,2385.08,281293.8,1
2020-09-30,2020-09-30 11:10:00,115.25,115.5,115.25,115.5,0.22,2385.08,281293.8,1
2020-09-30,2020-09-30 11:20:00,115.5,115.75,115.5,115.75,0.22,2385.08,281293.8,1
2020-09-30,2020-09-30 11:30:00,115.75,116.0,115.75,116.0,0.22,2385.08,281293.8,1
2020-09-30,2020-09-30 11:40:00,116.0,116.25,116.0,116.25,0.22,2385.08,281293.8,1
2020-09-30,2020-09-30 11:50:00,116.25,116.5,116.25,116.5,0.22,2385.08,281293.8,1
2020-09-30,2020-09-30 12:00:00,116.5,116.75,116.5,116.75,0.21,2385.08,281293.8,1
2020-09-30,2020-09-30 12:10:00,116.75,117.0,116.75,117.0,0.21,2385.08,281293.8,1
2020-09-30,2020-09-30 12:20:00,117.0,117.25,117.0,117.25,0.21,2385.08,281293.8,1
2020-09-30,2020-09-30 12:30:00,117.25,117.5,117.25,117.5,0.21,2385.08,281293.8,1
2020-09-30,2020-09-30 12:40:00,117.5,117.75,117.5,117.75,0.21,2385.08,281293.8,1
2020-09-30,2020-09-30 12:50:00,117.75,118.0,117.75,118.0,0.21,2385.08,281293.8,1
2020-09-30,2020-09-30 13:00:00,118.0,121.0,107.0,118.25,0.21,2385.08,281293.8,1
2020-09-30,2020-09-30 13:10:00,118.25,118.5,118.25,118.5,0.21,2385.08,281293.8,1
2020-09-30,2020-09-30 13:20:00,118.5,118.75,118.5,118.75,0.21,2385.08,281293.8,1
2020-09-30,2020-09-30 13:30:00,118.75,119.0,118.75,119.0,0.21,2385.08,281293.8,1
2020-09-30,2020-09-30 13:40:00,119.0,119.25,119.0,119.25,0.21,2385.08,281293.8,1
2020-09-30,2020-09-30 13:50:00,119.25,119.5,119.25,119.5,0.21,2385.08,281293.8,1
2020-09-30,2020-09-30 14:00:00,119.5,119.75,119.5,119.75,0.21,2385.08,281293.8,1
2020-09-30,2020-09-30 14:10:00,119.75,120.0,119.75,120.0,0.21,2385.08,281293.8,1
2020-09-30,2020-09-30 14:20:00,120.0,120.25,120.0,120.25,0.21,2385.08,281293.8,1
2020-09-30,2020-09-30 14:30:00,120.25,120.5,120.25,120.5,0.21,2385.08,281293.8,1
2020-09-30,2020-09-30 14:40:00,120.5,120.75,120.5,120.75,0.21,2385.08,281293.8,1
2020-09-30,2020-09-30 14:50:00,120.75,121.0,120.75,121.0,0.21,2385.08,281293.8,1
2020-09-30,2020-09-30 15:00:00,121.0,121.0,107.0,121.0,0.0,2385.08,281293.8,0
2020-10-01,2020-10-01 11:00:00,125.0,127.4,122.9,124.75,-0.2,1618.6,203509.88,-1
2020-10-01,2020-10-01 11:10:00,124.75,124.75,124.5,124.5,-0.2,1618.6,203509.88,-1
2020-10-01,2020-10-01 11:20:00,124.5,124.5,124.25,124.25,-0.2,1618.6,203509.88,-1
2020-10-01,2020-10-01 11:30:00,124.25,124.25,124.0,124.0,-0.2,1618.6,203509.88,-1
2020-10-01,2020-10-01 11:40:00,124.0,124.0,123.75,123.75,-0.2,1618.6,203509.88,-1
2020-10-01,2020-10-01 11:50:00,123.75,123.75,123.5,123.5,-0.2,1618.6,203509.88,-1
2020-10-01,2020-10-01 12:00:00,123.5,123.5,123.25,123.25,-0.2,1618.6,203509.88,-1
2020-10-01,2020-10-01 12:10:00,123.25,123.25,123.0,123.0,-0.2,1618.6,203509.88,-1
2020-10-01,2020-10-01 12:20:00,123.0,123.0,122.75,122.75,-0.2,1618.6,203509.88,-1
2020-10-01,2020-10-01 12:30:00,122.75,122.75,122.5,122.5,-0.2,1618.6,203509.88,-1
2020-10-01,2020-10-01 12:40:00,122.5,122.5,122.25,122.25,-0.2,1618.6,203509.88,-1
2020-10-01,2020-10-01 12:50:00,122.25,122.25,122.0,122.0,-0.2,1618.6,203509.88,-1
2020-10-01,2020-10-01 13:00:00,122.0,133.0,118.0,121.75,-0.2,1618.6,203509.88,-1
2020-10-01,2020-10-01 13:10:00,121.75,121.75,121.5,121.5,-0.21,1618.6,203509.88,-1
2020-10-01,2020-10-01 13:20:00,121.5,121.5,121.25,121.25,-0.21,1618.6,203509.88,-1
2020-10-01,2020-10-01 13:30:00,121.25,121.25,121.0,121.0,-0.21,1618.6,203509.88,-1
2020-10-01,2020-10-01 13:40:00,121.0,121.0,120.75,120.75,-0.21,1618.6,203509.88,-1
2020-10-01,2020-10-01 13:50:00,120.75,120.75,120.5,120.5,-0.21,1618.6,203509.88,-1
2020-10-01,2020-10-01 14:00:00,120.5,120.5,120.25,120.25,-0.21,1618.6,203509.88,-1
2020-10-01,2020-10-01 14:10:00,120.25,120.25,120.0,120.0,-0.21,1618.6,203509.88,-1
2020-10-01,2020-10-01 14:20:00,120.0,120.0,119.75,119.75,-0.21,1618.6,203509.88,-1
2020-10-01,2020-10-01 14:30:00,119.75,119.75,119.5,119.5,-0.21,1618.6,203509.88,-1
2020-10-01,2020-10-01 14:40:00,119.5,119.5,119.25,119.25,-0.21,1618.6,203509.88,-1
2020-10-01,2020-10-01 14:50:00,119.25,119.25,119.0,119.0,-0.21,1618.6,203509.88,-1
2020-10-01,2020-10-01 15:00:00,119.0,133.0,118.0,119.0,0.0,1618.6,203509.88,0
2020-10-04,2020-10-04 11:00:00,117.0,117.0,114.3,116.75,-0.21,1515.4,165601.08,-1
2020-10-04,2020-10-04 11:10:00,116.75,116.75,116.5,116.5,-0.21,1515.4,165601.08,-1
2020-10-04,2020-10-04 11:20:00,116.5,116.5,116.25,116.25,-0.21,1515.4,165601.08,-1
2020-10-04,2020-10-04 11:30:00,116.25,116.25,116.0,116.0,-0.22,1515.4,165601.08,-1
2020-10-04,2020-10-04 11:40:00,116.0,116.0,115.75,115.75,-0.22,1515.4,165601.08,-1
2020-10-04,2020-10-04 11:50:00,115.75,115.75,115.5,115.5,-0.22,1515.4,165601.08,-1
2020-10-04,2020-10-04 12:00:00,115.5,115.5,115.25,115.25,-0.22,1515.4,165601.08,-1
2020-10-04,2020-10-04 12:10:00,115.25,115.25,115.0,115.0,-0.22,1515.4,165601.08,-1
2020-10-04,2020-10-04 12:20:00,115.0,115.0,114.75,114.75,-0.22,1515.4,165601.08,-1
2020-10-04,2020-10-04 12:30:00,114.75,114.75,114.5,114.5,-0.22,1515.4,165601.08,-1
2020-10-04,2020-10-04 12:40:00,114.5,114.5,114.25,114.25,-0.22,1515.4,165601.08,-1
2020-10-04,2020-10-04 12:50:00,114.25,114.25,114.0,114.0,-0.22,1515.4,165601.08,-1
2020-10-04,2020-10-04 13:00:00,114.0,117.0,108.0,113.75,-0.22,1515.4,165601.08,-1
2020-10-04,2020-10-04 13:10:00,113.75,113.75,113.5,113.5,-0.22,1515.4,165601.08,-1
2020-10-04,2020-10-04 13:20:00,113.5,113.5,113.25,113.25,-0.22,1515.4,165601.08,-1
2020-10-04,2020-10-04 13:30:00,113.25,113.25,113.0,113.0,-0.22,1515.4,165601.08,-1
2020-10-04,2020-10-04 13:40:00,113.0,113.0,112.75,112.75,-0.22,1515.4,165601.08,-1
2020-10-04,2020-10-04 13:50:00,112.75,112.75,112.5,112.5,-0.22,1515.4,165601.08,-1
2020-10-04,2020-10-04 14:00:00,112.5,112.5,112.25,112.25,-0.22,1515.4,165601.08,-1
2020-10-04,2020-10-04 14:10:00,112.25,112.25,112.0,112.0,-0.22,1515.4,165601.08,-1
2020-10-04,2020-10-04 14:20:00,112.0,112.0,111.75,111.75,-0.22,1515.4,165601.08,-1
2020-10-04,2020-10-04 14:30:00,111.75,111.75,111.5,111.5,-0.22,1515.4,165601.08,-1
2020-10-04,2020-10-04 14:40:00,111.5,111.5,111.25,111.25,-0.22,1515.4,165601.08,-1
2020-10-04,2020-10-04 14:50:00,111.25,111.25,111.0,111.0,-0.22,1515.4,165601.08,-1
2020-10-04,2020-10-04 15:00:00,111.0,117.0,108.0,111.0,0.0,1515.4,165601.08,0
2020-10-05,2020-10-05 11:00:00,109.0,111.7,108.4,109.25,0.23,503.64,56822.2,1
2020-10-05,2020-10-05 11:10:00,109.25,109.5,109.25,109.5,0.23,503.64,56822.2,1
2020-10-05,2020-10-05 11:20:00,109.5,109.75,109.5,109.75,0.23,503.64,56822.2,1
2020-10-05,2020-10-05 11:30:00,109.75,110.0,109.75,110.0,0.23,503.64,56822.2,1
2020-10-05,2020-10-05 11:40:00,110.0,110.25,110.0,110.25,0.23,503.64,56822.2,1
2020-10-05,2020-10-05 11:50:00,110.25,110.5,110.25,110.5,0.23,503.64,56822.2,1
2020-10-05,2020-10-05 12:00:00,110.5,110.75,110.5,110.75,0.23,503.64,56822.2,1
2020-10-05,2020-10-05 12:10:00,110.75,111.0,110.75,111.0,0.23,503.64,56822.2,1
2020-10-05,2020-10-05 12:20:00,111.0,111.25,111.0,111.25,0.23,503.64,56822.2,1
2020-10-05,2020-10-05 12:30:00,111.25,111.5,111.25,111.5,0.22,503.64,56822.2,1
2020-10-05,2020-10-05 12:40:00,111.5,111.75,111.5,111.75,0.22,503.64,56822.2,1
2020-10-05,2020-10-05 12:50:00,111.75,112.0,111.75,112.0,0.22,503.64,56822.2,1
2020-10-05,2020-10-05 13:00:00,112.0,118.0,107.0,112.25,0.22,503.64,56822.2,1
2020-10-05,2020-10-05 13:10:00,112.25,112.5,112.25,112.5,0.22,503.64,56822.2,1
2020-10-05,2020-10-05 13:20:00,112.5,112.75,112.5,112.75,0.22,503.64,56822.2,1
2020-10-05,2020-10-05 13:30:00,112.75,113.0,112.75,113.0,0.22,503.64,56822.2,1
2020-10-05,2020-10-05 13:40:00,113.0,113.25,113.0,113.25,0.22,503.64,56822.2,1
2020-10-05,2020-10-05 13:50:00,113.25,113.5,113.25,113.5,0.22,503.64,56822.2,1
2020-10-05,2020-10-05 14:00:00,113.5,113.75,113.5,113.75,0.22,503.64,56822.2,1
2020-10-05,2020-10-05 14:10:00,113.75,114.0,113.75,114.0,0.22,503.64,56822.2,1
2020-10-05,2020-10-05 14:20:00,114.0,114.25,114.0,114.25,0.22,503.64,56822.2,1
2020-10-05,2020-10-05 14:30:00,114.25,114.5,114.25,114.5,0.22,503.64,56822.2,1
2020-10-05,2020-10-05 14:40:00,114.5,114.75,114.5,114.75,0.22,503.64,56822.2,1
2020-10-05,2020-10-05 14:50:00,114.75,115.0,114.75,115.0,0.22,503.64,56822.2,1
2020-10-05,2020-10-05 15:00:00,115.0,118.0,107.0,115.0,0.0,503.64,56822.2,0
2020-10-06,2020-10-06 11:00:00,113.0,116.9,113.0,113.5,0.44,1029.6,124265.0,1
2020-10-06,2020-10-06 11:10:00,113.5,114.0,113.5,114.0,0.44,1029.6,124265.0,1
2020-10-06,2020-10-06 11:20:00,114.0,114.5,114.0,114.5,0.44,1029.6,124265.0,1
2020-10-06,2020-10-06 11:30:00,114.5,115.0,114.5,115.0,0.44,1029.6,124265.0,1
2020-10-06,2020-10-06 11:40:00,115.0,115.5,115.0,115.5,0.43,1029.6,124265.0,1
2020-10-06,2020-10-06 11:50:00,115.5,116.0,115.5,116.0,0.43,1029.6,124265.0,1
2020-10-06,2020-10-06 12:00:00,116.0,116.5,116.0,116.5,0.43,1029.6,124265.0,1
2020-10-06,2020-10-06 12:10:00,116.5,117.0,116.5,117.0,0.43,1029.6,124265.0,1
2020-10-06,2020-10-06 12:20:00,117.0,117.5,117.0,117.5,0.43,1029.6,124265.0,1
2020-10-06,2020-10-06 12:30:00,117.5,118.0,117.5,118.0,0.43,1029.6,124265.0,1
2020-10-06,2020-10-06 12:40:00,118.0,118.5,118.0,118.5,0.42,1029.6,124265.0,1
2020-10-06,2020-10-06 12:50:00,118.5,119.0,118.5,119.0,0.42,1029.6,124265.0,1
2020-10-06,2020-10-06 13:00:00,119.0,126.0,113.0,119.5,0.42,1029.6,124265.0,1
2020-10-06,2020-10-06 13:10:00,119.5,120.0,119.5,120.0,0.42,1029.6,124265.0,1
2020-10-06,2020-10-06 13:20:00,120.0,120.5,120.0,120.5,0.42,1029.6,124265.0,1
2020-10-06,2020-10-06 13:30:00,120.5,121.0,120.5,121.0,0.41,1029.6,124265.0,1
2020-10-06,2020-10-06 13:40:00,121.0,121.5,121.0,121.5,0.41,1029.6,124265.0,1
2020-10-06,2020-10-06 13:50:00,121.5,122.0,121.5,122.0,0.41,1029.6,124265.0,1
2020-10-06,2020-10-06 14:00:00,122.0,122.5,122.0,122.5,0.41,1029.6,124265.0,1
2020-10-06,2020-10-06 14:10:00,122.5,123.0,122.5,123.0,0.41,1029.6,124265.0,1
2020-10-06,2020-10-06 14:20:00,123.0,123.5,123.0,123.5,0.41,1029.6,124265.0,1
2020-10-06,2020-10-06 14:30:00,123.5,124.0,123.5,124.0,0.4,1029.6,124265.0,1
2020-10-06,2020-10-06 14:40:00,124.0,124.5,124.0,124.5,0.4,1029.6,124265.0,1
2020-10-06,2020-10-06 14:50:00,124.5,125.0,124.5,125.0,0.4,1029.6,124265.0,1
2020-10-06,2020-10-06 15:00:00,125.0,126.0,113.0,125.0,0.0,1029.6,124265.0,0
2020-10-07,2020-10-07 11:00:00,123.0,127.2,123.0,123.58,0.47,1941.56,263675.32,1
2020-10-07,2020-10-07 11:10:00,123.58,124.17,123.58,124.17,0.48,1941.56,263675.32,1
2020-10-07,2020-10-07 11:20:00,124.17,124.75,124.17,124.75,0.47,1941.56,263675.32,1
2020-10-07,2020-10-07 11:30:00,124.75,125.33,124.75,125.33,0.46,1941.56,263675.32,1
2020-10-07,2020-10-07 11:40:00,125.33,125.92,125.33,125.92,0.47,1941.56,263675.32,1
2020-10-07,2020-10-07 11:50:00,125.92,126.5,125.92,126.5,0.46,1941.56,263675.32,1
2020-10-07,2020-10-07 12:00:00,126.5,127.08,126.5,127.08,0.46,1941.56,263675.32,1
2020-10-07,2020-10-07 12:10:00,127.08,127.67,127.08,127.67,0.46,1941.56,263675.32,1
2020-10-07,2020-10-07 12:20:00,127.67,128.25,127.67,128.25,0.45,1941.56,263675.32,1
2020-10-07,2020-10-07 12:30:00,128.25,128.83,128.25,128.83,0.45,1941.56,263675.32,1
2020-10-07,2020-10-07 12:40:00,128.83,129.42,128.83,129.42,0.46,1941.56,263675.32,1
2020-10-07,2020-10-07 12:50:00,129.42,130.0,129.42,130.0,0.45,1941.56,263675.32,1
2020-10-07,2020-10-07 13:00:00,130.0,137.0,123.0,130.58,0.45,1941.56,263675.32,1
2020-10-07,2020-10-07 13:10:00,130.58,131.17,130.58,131.17,0.45,1941.56,263675.32,1
2020-10-07,2020-10-07 13:20:00,131.17,131.75,131.17,131.75,0.44,1941.56,263675.32,1
2020-10-07,2020-10-07 13:30:00,131.75,132.33,131.75,132.33,0.44,1941.56,263675.32,1
2020-10-07,2020-10-07 13:40:00,132.33,132.92,132.33,132.92,0.45,1941.56,263675.32,1
2020-10-07,2020-10-07 13:50:00,132.92,133.5,132.92,133.5,0.44,1941.56,263675.32,1
2020-10-07,2020-10-07 14:00:00,133.5,134.08,133.5,134.08,0.43,1941.56,263675.32,1
2020-10-07,2020-10-07 14:10:00,134.08,134.67,134.08,134.67,0.44,1941.56,263675.32,1
2020-10-07,2020-10-07 14:20:00,134.67,135.25,134.67,135.25,0.43,1941.56,263675.32,1
2020-10-07,2020-10-07 14:30:00,135.25,135.83,135.25,135.83,0.43,1941.56,263675.32,1
2020-10-07,2020-10-07 14:40:00,135.83,136.42,135.83,136.42,0.43,1941.56,263675.32,1
2020-10-07,2020-10-07 14:50:00,136.42,137.0,136.42,137.0,0.43,1941.56,263675.32,1
2020-10-07,2020-10-07 15:00:00,137.0,137.0,123.0,137.0,0.0,1941.56,263675.32,0
2020-10-08,2020-10-08 11:00:00,136.0,139.6,133.0,135.75,-0.18,2093.92,288943.56,-1
2020-10-08,2020-10-08 11:10:00,135.75,135.75,135.5,135.5,-0.18,2093.92,288943.56,-1
2020-10-08,2020-10-08 11:20:00,135.5,135.5,135.25,135.25,-0.18,2093.92,288943.56,-1
2020-10-08,2020-10-08 11:30:00,135.25,135.25,135.0,135.0,-0.18,2093.92,288943.56,-1
2020-10-08,2020-10-08 11:40:00,135.0,135.0,134.75,134.75,-0.19,2093.92,288943.56,-1
2020-10-08,2020-10-08 11:50:00,134.75,134.75,134.5,134.5,-0.19,2093.92,288943.56,-1
2020-10-08,2020-10-08 12:00:00,134.5,134.5,134.25,134.25,-0.19,2093.92,288943.56,-1
2020-10-08,2020-10-08 12:10:00,134.25,134.25,134.0,134.0,-0.19,2093.92,288943.56,-1
2020-10-08,2020-10-08 12:20:00,134.0,134.0,133.75,133.75,-0.19,2093.92,288943.56,-1
2020-10-08,2020-10-08 12:30:00,133.75,133.75,133.5,133.5,-0.19,2093.92,288943.56,-1
2020-10-08,2020-10-08 12:40:00,133.5,133.5,133.25,133.25,-0.19,2093.92,288943.56,-1
2020-10-08,2020-10-08 12:50:00,133.25,133.25,133.0,133.0,-0.19,2093.92,288943.56,-1
2020-10-08,2020-10-08 13:00:00,133.0,148.0,126.0,132.75,-0.19,2093.92,288943.56,-1
2020-10-08,2020-10-08 13:10:00,132.75,132.75,132.5,132.5,-0.19,2093.92,288943.56,-1
2020-10-08,2020-10-08 13:20:00,132.5,132.5,132.25,132.25,-0.19,2093.92,288943.56,-1
2020-10-08,2020-10-08 13:30:00,132.25,132.25,132.0,132.0,-0.19,2093.92,288943.56,-1
2020-10-08,2020-10-08 13:40:00,132.0,132.0,131.75,131.75,-0.19,2093.92,288943.56,-1
2020-10-08,2020-10-08 13:50:00,131.75,131.75,131.5,131.5,-0.19,2093.92,288943.56,-1
2020-10-08,2020-10-08 14:00:00,131.5,131.5,131.25,131.25,-0.19,2093.92,288943.56,-1
2020-10-08,2020-10-08 14:10:00,131.25,131.25,131.0,131.0,-0.19,2093.92,288943.56,-1
2020-10-08,2020-10-08 14:20:00,131.0,131.0,130.75,130.75,-0.19,2093.92,288943.56,-1
2020-10-08,2020-10-08 14:30:00,130.75,130.75,130.5,130.5,-0.19,2093.92,288943.56,-1
2020-10-08,2020-10-08 14:40:00,130.5,130.5,130.25,130.25,-0.19,2093.92,288943.56,-1
2020-10-08,2020-10-08 14:50:00,130.25,130.25,130.0,130.0,-0.19,2093.92,288943.56,-1
2020-10-08,2020-10-08 15:00:00,130.0,148.0,126.0,130.0,0.0,2093.92,288943.56,0
2020-10-11,2020-10-11 11:00:00,130.0,130.6,127.0,129.79,-0.16,482.68,61281.8,-1
2020-10-11,2020-10-11 11:10:00,129.79,129.79,129.58,129.58,-0.16,482.68,61281.8,-1
2020-10-11,2020-10-11 11:20:00,129.58,129.58,129.38,129.38,-0.15,482.68,61281.8,-1
2020-10-11,2020-10-11 11:30:00,129.38,129.38,129.17,129.17,-0.16,482.68,61281.8,-1
2020-10-11,2020-10-11 11:40:00,129.17,129.17,128.96,128.96,-0.16,482.68,61281.8,-1
2020-10-11,2020-10-11 11:50:00,128.96,128.96,128.75,128.75,-0.16,482.68,61281.8,-1
2020-10-11,2020-10-11 12:00:00,128.75,128.75,128.54,128.54,-0.16,482.68,61281.8,-1
2020-10-11,2020-10-11 12:10:00,128.54,128.54,128.33,128.33,-0.16,482.68,61281.8,-1
2020-10-11,2020-10-11 12:20:00,128.33,128.33,128.12,128.12,-0.16,482.68,61281.8,-1
2020-10-11,2020-10-11 12:30:00,128.12,128.12,127.92,127.92,-0.16,482.68,61281.8,-1
2020-10-11,2020-10-11 12:40:00,127.92,127.92,127.71,127.71,-0.16,482.68,61281.8,-1
2020-10-11,2020-10-11 12:50:00,127.71,127.71,127.5,127.5,-0.16,482.68,61281.8,-1
2020-10-11,2020-10-11 13:00:00,127.5,132.0,120.0,127.29,-0.16,482.68,61281.8,-1
2020-10-11,2020-10-11 13:10:00,127.29,127.29,127.08,127.08,-0.16,482.68,61281.8,-1
2020-10-11,2020-10-11 13:20:00,127.08,127.08,126.88,126.88,-0.16,482.68,61281.8,-1
2020-10-11,2020-10-11 13:30:00,126.88,126.88,126.67,126.67,-0.17,482.68,61281.8,-1
2020-10-11,2020-10-11 13:40:00,126.67,126.67,126.46,126.46,-0.17,482.68,61281.8,-1
2020-10-11,2020-10-11 13:50:00,126.46,126.46,126.25,126.25,-0.17,482.68,61281.8,-1
2020-10-11,2020-10-11 14:00:00,126.25,126.25,126.04,126.04,-0.17,482.68,61281.8,-1
2020-10-11,2020-10-11 14:10:00,126.04,126.04,125.83,125.83,-0.17,482.68,61281.8,-1
2020-10-11,2020-10-11 14:20:00,125.83,125.83,125.62,125.62,-0.17,482.68,61281.8,-1
2020-10-11,2020-10-11 14:30:00,125.62,125.62,125.42,125.42,-0.16,482.68,61281.8,-1
2020-10-11,2020-10-11 14:40:00,125.42,125.42,125.21,125.21,-0.17,482.68,61281.8,-1
2020-10-11,2020-10-11 14:50:00,125.21,125.21,125.0,125.0,-0.17,482.68,61281.8,-1
2020-10-11,2020-10-11 15:00:00,125.0,132.0,120.0,125.0,0.0,482.68,61281.8,0
2020-10-12,2020-10-12 11:00:00,124.0,126.1,121.9,124.0,0.0,434.4,53661.2,0
2020-10-12,2020-10-12 11:10:00,124.0,124.0,124.0,124.0,0.0,434.4,53661.2,0
2020-10-12,2020-10-12 11:20:00,124.0,124.0,124.0,124.0,0.0,434.4,53661.2,0
2020-10-12,2020-10-12 11:30:00,124.0,124.0,124.0,124.0,0.0,434.4,53661.2,0
2020-10-12,2020-10-12 11:40:00,124.0,124.0,124.0,124.0,0.0,434.4,53661.2,0
2020-10-12,2020-10-12 11:50:00,124.0,124.0,124.0,124.0,0.0,434.4,53661.2,0
2020-10-12,2020-10-12 12:00:00,124.0,124.0,124.0,124.0,0.0,434.4,53661.2,0
2020-10-12,2020-10-12 12:10:00,124.0,124.0,124.0,124.0,0.0,434.4,53661.2,0
2020-10-12,2020-10-12 12:20:00,124.0,124.0,124.0,124.0,0.0,434.4,53661.2,0
2020-10-12,2020-10-12 12:30:00,124.0,124.0,124.0,124.0,0.0,434.4,53661.2,0
2020-10-12,2020-10-12 12:40:00,124.0,124.0,124.0,124.0,0.0,434.4,53661.2,0
2020-10-12,2020-10-12 12:50:00,124.0,124.0,124.0,124.0,0.0,434.4,53661.2,0
2020-10-12,2020-10-12 13:00:00,124.0,131.0,117.0,124.0,0.0,434.4,53661.2,0
2020-10-12,2020-10-12 13:10:00,124.0,124.0,124.0,124.0,0.0,434.4,53661.2,0
2020-10-12,2020-10-12 13:20:00,124.0,124.0,124.0,124.0,0.0,434.4,53661.2,0
2020-10-12,2020-10-12 13:30:00,124.0,124.0,124.0,124.0,0.0,434.4,53661.2,0
2020-10-12,2020-10-12 13:40:00,124.0,124.0,124.0,124.0,0.0,434.4,53661.2,0
2020-10-12,2020-10-12 13:50:00,124.0,124.0,124.0,124.0,0.0,434.4,53661.2,0
2020-10-12,2020-10-12 14:00:00,124.0,124.0,124.0,124.0,0.0,434.4,53661.2,0
2020-10-12,2020-10-12 14:10:00,124.0,124.0,124.0,124.0,0.0,434.4,53661.2,0
2020-10-12,2020-10-12 14:20:00,124.0,124.0,124.0,124.0,0.0,434.4,53661.2,0
2020-10-12,2020-10-12 14:30:00,124.0,124.0,124.0,124.0,0.0,434.4,53661.2,0
2020-10-12,2020-10-12 14:40:00,124.0,124.0,124.0,124.0,0.0,434.4,53661.2,0
2020-10-12,2020-10-12 14:50:00,124.0,124.0,124.0,124.0,0.0,434.4,53661.2,0
2020-10-12,2020-10-12 15:00:00,124.0,131.0,117.0,124.0,0.0,434.4,53661.2,0
2020-10-13,2020-10-13 11:00:00,125.0,125.0,122.6,124.71,-0.23,632.76,75934.44,-1
2020-10-13,2020-10-13 11:10:00,124.71,124.71,124.42,124.42,-0.23,632.76,75934.44,-1
2020-10-13,2020-10-13 11:20:00,124.42,124.42,124.12,124.12,-0.24,632.76,75934.44,-1
2020-10-13,2020-10-13 11:30:00,124.12,124.12,123.83,123.83,-0.23,632.76,75934.44,-1
2020-10-13,2020-10-13 11:40:00,123.83,123.83,123.54,123.54,-0.23,632.76,75934.44,-1
2020-10-13,2020-10-13 11:50:00,123.54,123.54,123.25,123.25,-0.23,632.76,75934.44,-1
2020-10-13,2020-10-13 12:00:00,123.25,123.25,122.96,122.96,-0.24,632.76,75934.44,-1
2020-10-13,2020-10-13 12:10:00,122.96,122.96,122.67,122.67,-0.24,632.76,75934.44,-1
2020-10-13,2020-10-13 12:20:00,122.67,122.67,122.38,122.38,-0.24,632.76,75934.44,-1
2020-10-13,2020-10-13 12:30:00,122.38,122.38,122.08,122.08,-0.25,632.76,75934.44,-1
2020-10-13,2020-10-13 12:40:00,122.08,122.08,121.79,121.79,-0.24,632.76,75934.44,-1
2020-10-13,2020-10-13 12:50:00,121.79,121.79,121.5,121.5,-0.24,632.76,75934.44,-1
2020-10-13,2020-10-13 13:00:00,121.5,125.0,117.0,121.21,-0.24,632.76,75934.44,-1
2020-10-13,2020-10-13 13:10:00,121.21,121.21,120.92,120.92,-0.24,632.76,75934.44,-1
2020-10-13,2020-10-13 13:20:00,120.92,120.92,120.62,120.62,-0.25,632.76,75934.44,-1
2020-10-13,2020-10-13 13:30:00,120.62,120.62,120.33,120.33,-0.24,632.76,75934.44,-1
2020-10-13,2020-10-13 13:40:00,120.33,120.33,120.04,120.04,-0.24,632.76,75934.44,-1
2020-10-13,2020-10-13 13:50:00,120.04,120.04,119.75,119.75,-0.24,632.76,75934.44,-1
2020-10-13,2020-10-13 14:00:00,119.75,119.75,119.46,119.46,-0.24,632.76,75934.44,-1
2020-10-13,2020-10-13 14:10:00,119.46,119.46,119.17,119.17,-0.24,632.76,75934.44,-1
2020-10-13,2020-10-13 14:20:00,119.17,119.17,118.88,118.88,-0.24,632.76,75934.44,-1
2020-10-13,2020-10-13 14:30:00,118.88,118.88,118.58,118.58,-0.25,632.76,75934.44,-1
2020-10-13,2020-10-13 14:40:00,118.58,118.58,118.29,118.29,-0.24,632.76,75934.44,-1
2020-10-13,2020-10-13 14:50:00,118.29,118.29,118.0,118.0,-0.25,632.76,75934.44,-1
2020-10-13,2020-10-13 15:00:00,118.0,125.0,117.0,118.0,0.0,632.76,75934.44,0
2020-10-14,2020-10-14 11:00:00,116.0,119.0,114.2,116.04,0.03,460.6,53622.0,1
2020-10-14,2020-10-14 11:10:00,116.04,116.08,116.04,116.08,0.03,460.6,53622.0,1
2020-10-14,2020-10-14 11:20:00,116.08,116.12,116.08,116.12,0.03,460.6,53622.0,1
2020-10-14,2020-10-14 11:30:00,116.12,116.17,116.12,116.17,0.04,460.6,53622.0,1
2020-10-14,2020-10-14 11:40:00,116.17,116.21,116.17,116.21,0.03,460.6,53622.0,1
2020-10-14,2020-10-14 11:50:00,116.21,116.25,116.21,116.25,0.03,460.6,53622.0,1
2020-10-14,2020-10-14 12:00:00,116.25,116.29,116.25,116.29,0.03,460.6,53622.0,1
2020-10-14,2020-10-14 12:10:00,116.29,116.33,116.29,116.33,0.03,460.6,53622.0,1
2020-10-14,2020-10-14 12:20:00,116.33,116.38,116.33,116.38,0.04,460.6,53622.0,1
2020-10-14,2020-10-14 12:30:00,116.38,116.42,116.38,116.42,0.03,460.6,53622.0,1
2020-10-14,2020-10-14 12:40:00,116.42,116.46,116.42,116.46,0.03,460.6,53622.0,1
2020-10-14,2020-10-14 12:50:00,116.46,116.5,116.46,116.5,0.03,460.6,53622.0,1
2020-10-14,2020-10-14 13:00:00,116.5,126.0,110.0,116.54,0.03,460.6,53622.0,1
2020-10-14,2020-10-14 13:10:00,116.54,116.58,116.54,116.58,0.03,460.6,53622.0,1
2020-10-14,2020-10-14 13:20:00,116.58,116.62,116.58,116.62,0.03,460.6,53622.0,1
2020-10-14,2020-10-14 13:30:00,116.62,116.67,116.62,116.67,0.04,460.6,53622.0,1
2020-10-14,2020-10-14 13:40:00,116.67,116.71,116.67,116.71,0.03,460.6,53622.0,1
2020-10-14,2020-10-14 13:50:00,116.71,116.75,116.71,116.75,0.03,460.6,53622.0,1
2020-10-14,2020-10-14 14:00:00,116.75,116.79,116.75,116.79,0.03,460.6,53622.0,1
2020-10-14,2020-10-14 14:10:00,116.79,116.83,116.79,116.83,0.03,460.6,53622.0,1
2020-10-14,2020-10-14 14:20:00,116.83,116.88,116.83,116.88,0.04,460.6,53622.0,1
2020-10-14,2020-10-14 14:30:00,116.88,116.92,116.88,116.92,0.03,460.6,53622.0,1
2020-10-14,2020-10-14 14:40:00,116.92,116.96,116.92,116.96,0.03,460.6,53622.0,1
2020-10-14,2020-10-14 14:50:00,116.96,117.0,116.96,117.0,0.03,460.6,53622.0,1
2020-10-14,2020-10-14 15:00:00,117.0,126.0,110.0,117.0,0.0,460.6,53622.0,0
2020-10-15,2020-10-15 11:00:00,115.0,118.0,115.0,115.08,0.07,316.04,38008.68,1
2020-10-15,2020-10-15 11:10:00,115.08,115.17,115.08,115.17,0.08,316.04,38008.68,1
2020-10-15,2020-10-15 11:20:00,115.17,115.25,115.17,115.25,0.07,316.04,38008.68,1
2020-10-15,2020-10-15 11:30:00,115.25,115.33,115.25,115.33,0.07,316.04,38008.68,1
2020-10-15,2020-10-15 11:40:00,115.33,115.42,115.33,115.42,0.08,316.04,38008.68,1
2020-10-15,2020-10-15 11:50:00,115.42,115.5,115.42,115.5,0.07,316.04,38008.68,1
2020-10-15,2020-10-15 12:00:00,115.5,115.58,115.5,115.58,0.07,316.04,38008.68,1
2020-10-15,2020-10-15 12:10:00,115.58,115.67,115.58,115.67,0.08,316.04,38008.68,1
2020-10-15,2020-10-15 12:20:00,115.67,115.75,115.67,115.75,0.07,316.04,38008.68,1
2020-10-15,2020-10-15 12:30:00,115.75,115.83,115.75,115.83,0.07,316.04,38008.68,1
2020-10-15,2020-10-15 12:40:00,115.83,115.92,115.83,115.92,0.08,316.04,38008.68,1
2020-10-15,2020-10-15 12:50:00,115.92,116.0,115.92,116.0,0.07,316.04,38008.68,1
2020-10-15,2020-10-15 13:00:00,116.0,125.0,115.0,116.08,0.07,316.04,38008.68,1
2020-10-15,2020-10-15 13:10:00,116.08,116.17,116.08,116.17,0.08,316.04,38008.68,1
2020-10-15,2020-10-15 13:20:00,116.17,116.25,116.17,116.25,0.07,316.04,38008.68,1
2020-10-15,2020-10-15 13:30:00,116.25,116.33,116.25,116.33,0.07,316.04,38008.68,1
2020-10-15,2020-10-15 13:40:00,116.33,116.42,116.33,116.42,0.08,316.04,38008.68,1
2020-10-15,2020-10-15 13:50:00,116.42,116.5,116.42,116.5,0.07,316.04,38008.68,1
2020-10-15,2020-10-15 14:00:00,116.5,116.58,116.5,116.58,0.07,316.04,38008.68,1
2020-10-15,2020-10-15 14:10:00,116.58,116.67,116.58,116.67,0.08,316.04,38008.68,1
2020-10-15,2020-10-15 14:20:00,116.67,116.75,116.67,116.75,0.07,316.04,38008.68,1
2020-10-15,2020-10-15 14:30:00,116.75,116.83,116.75,116.83,0.07,316.04,38008.68,1
2020-10-15,2020-10-15 14:40:00,116.83,116.92,116.83,116.92,0.08,316.04,38008.68,1
2020-10-15,2020-10-15 14:50:00,116.92,117.0,116.92,117.0,0.07,316.04,38008.68,1
2020-10-15,2020-10-15 15:00:00,117.0,125.0,115.0,117.0,0.0,316.04,38008.68,0
2020-10-20,2020-10-20 11:00:00,119.0,121.7,119.0,119.38,0.32,896.2,113452.76,1
2020-10-20,2020-10-20 11:10:00,119.38,119.75,119.38,119.75,0.31,896.2,113452.76,1
2020-10-20,2020-10-20 11:20:00,119.75,120.12,119.75,120.12,0.31,896.2,113452.76,1
2020-10-20,2020-10-20 11:30:00,120.12,120.5,120.12,120.5,0.32,896.2,113452.76,1
2020-10-20,2020-10-20 11:40:00,120.5,120.88,120.5,120.88,0.32,896.2,113452.76,1
2020-10-20,2020-10-20 11:50:00,120.88,121.25,120.88,121.25,0.31,896.2,113452.76,1
2020-10-20,2020-10-20 12:00:00,121.25,121.62,121.25,121.62,0.31,896.2,113452.76,1
2020-10-20,2020-10-20 12:10:00,121.62,122.0,121.62,122.0,0.31,896.2,113452.76,1
2020-10-20,2020-10-20 12:20:00,122.0,122.38,122.0,122.38,0.31,896.2,113452.76,1
2020-10-20,2020-10-20 12:30:00,122.38,122.75,122.38,122.75,0.3,896.2,113452.76,1
2020-10-20,2020-10-20 12:40:00,122.75,123.12,122.75,123.12,0.3,896.2,113452.76,1
2020-10-20,2020-10-20 12:50:00,123.12,123.5,123.12,123.5,0.31,896.2,113452.76,1
2020-10-20,2020-10-20 13:00:00,123.5,128.0,119.0,123.88,0.31,896.2,113452.76,1
2020-10-20,2020-10-20 13:10:00,123.88,124.25,123.88,124.25,0.3,896.2,113452.76,1
2020-10-20,2020-10-20 13:20:00,124.25,124.62,124.25,124.62,0.3,896.2,113452.76,1
2020-10-20,2020-10-20 13:30:00,124.62,125.0,124.62,125.0,0.3,896.2,113452.76,1
2020-10-20,2020-10-20 13:40:00,125.0,125.38,125.0,125.38,0.3,896.2,113452.76,1
2020-10-20,2020-10-20 13:50:00,125.38,125.75,125.38,125.75,0.3,896.2,113452.76,1
2020-10-20,2020-10-20 14:00:00,125.75,126.12,125.75,126.12,0.29,896.2,113452.76,1
2020-10-20,2020-10-20 14:10:00,126.12,126.5,126.12,126.5,0.3,896.2,113452.76,1
2020-10-20,2020-10-20 14:20:00,126.5,126.88,126.5,126.88,0.3,896.2,113452.76,1
2020-10-20,2020-10-20 14:30:00,126.88,127.25,126.88,127.25,0.29,896.2,113452.76,1
2020-10-20,2020-10-20 14:40:00,127.25,127.62,127.25,127.62,0.29,896.2,113452.76,1
2020-10-20,2020-10-20 14:50:00,127.62,128.0,127.62,128.0,0.3,896.2,113452.76,1
2020-10-20,2020-10-20 15:00:00,128.0,128.0,119.0,128.0,0.0,896.2,113452.76,0
2020-10-21,2020-10-21 11:00:00,128.0,130.1,126.8,127.83,-0.13,592.76,76486.48,-1
2020-10-21,2020-10-21 11:10:00,127.83,127.83,127.67,127.67,-0.13,592.76,76486.48,-1
2020-10-21,2020-10-21 11:20:00,127.67,127.67,127.5,127.5,-0.13,592.76,76486.48,-1
2020-10-21,2020-10-21 11:30:00,127.5,127.5,127.33,127.33,-0.13,592.76,76486.48,-1
2020-10-21,2020-10-21 11:40:00,127.33,127.33,127.17,127.17,-0.13,592.76,76486.48,-1
2020-10-21,2020-10-21 11:50:00,127.17,127.17,127.0,127.0,-0.13,592.76,76486.48,-1
2020-10-21,2020-10-21 12:00:00,127.0,127.0,126.83,126.83,-0.13,592.76,76486.48,-1
2020-10-21,2020-10-21 12:10:00,126.83,126.83,126.67,126.67,-0.13,592.76,76486.48,-1
2020-10-21,2020-10-21 12:20:00,126.67,126.67,126.5,126.5,-0.13,592.76,76486.48,-1
2020-10-21,2020-10-21 12:30:00,126.5,126.5,126.33,126.33,-0.13,592.76,76486.48,-1
2020-10-21,2020-10-21 12:40:00,126.33,126.33,126.17,126.17,-0.13,592.76,76486.48,-1
2020-10-21,2020-10-21 12:50:00,126.17,126.17,126.0,126.0,-0.13,592.76,76486.48,-1
2020-10-21,2020-10-21 13:00:00,126.0,135.0,124.0,125.83,-0.13,592.76,76486.48,-1
2020-10-21,2020-10-21 13:10:00,125.83,125.83,125.67,125.67,-0.13,592.76,76486.48,-1
2020-10-21,2020-10-21 13:20:00,125.67,125.67,125.5,125.5,-0.14,592.76,76486.48,-1
2020-10-21,2020-10-21 13:30:00,125.5,125.5,125.33,125.33,-0.14,592.76,76486.48,-1
2020-10-21,2020-10-21 13:40:00,125.33,125.33,125.17,125.17,-0.13,592.76,76486.48,-1
2020-10-21,2020-10-21 13:50:00,125.17,125.17,125.0,125.0,-0.14,592.76,76486.48,-1
2020-10-21,2020-10-21 14:00:00,125.0,125.0,124.83,124.83,-0.14,592.76,76486.48,-1
2020-10-21,2020-10-21 14:10:00,124.83,124.83,124.67,124.67,-0.13,592.76,76486.48,-1
2020-10-21,2020-10-21 14:20:00,124.67,124.67,124.5,124.5,-0.14,592.76,76486.48,-1
2020-10-21,2020-10-21 14:30:00,124.5,124.5,124.33,124.33,-0.14,592.76,76486.48,-1
2020-10-21,2020-10-21 14:40:00,124.33,124.33,124.17,124.17,-0.13,592.76,76486.48,-1
2020-10-21,2020-10-21 14:50:00,124.17,124.17,124.0,124.0,-0.14,592.76,76486.48,-1
2020-10-21,2020-10-21 15:00:00,124.0,135.0,124.0,124.0,0.0,592.76,76486.48,0
2020-10-22,2020-10-22 11:00:00,123.0,123.9,122.4,123.04,0.03,384.4,47598.8,1
2020-10-22,2020-10-22 11:10:00,123.04,123.08,123.04,123.08,0.03,384.4,47598.8,1
2020-10-22,2020-10-22 11:20:00,123.08,123.12,123.08,123.12,0.03,384.4,47598.8,1
2020-10-22,2020-10-22 11:30:00,123.12,123.17,123.12,123.17,0.04,384.4,47598.8,1
2020-10-22,2020-10-22 11:40:00,123.17,123.21,123.17,123.21,0.03,384.4,47598.8,1
2020-10-22,2020-10-22 11:50:00,123.21,123.25,123.21,123.25,0.03,384.4,47598.8,1
2020-10-22,2020-10-22 12:00:00,123.25,123.29,123.25,123.29,0.03,384.4,47598.8,1
2020-10-22,2020-10-22 12:10:00,123.29,123.33,123.29,123.33,0.03,384.4,47598.8,1
2020-10-22,2020-10-22 12:20:00,123.33,123.38,123.33,123.38,0.04,384.4,47598.8,1
2020-10-22,2020-10-22 12:30:00,123.38,123.42,123.38,123.42,0.03,384.4,47598.8,1
2020-10-22,2020-10-22 12:40:00,123.42,123.46,123.42,123.46,0.03,384.4,47598.8,1
2020-10-22,2020-10-22 12:50:00,123.46,123.5,123.46,123.5,0.03,384.4,47598.8,1
2020-10-22,2020-10-22 13:00:00,123.5,126.0,121.0,123.54,0.03,384.4,47598.8,1
2020-10-22,2020-10-22 13:10:00,123.54,123.58,123.54,123.58,0.03,384.4,47598.8,1
2020-10-22,2020-10-22 13:20:00,123.58,123.62,123.58,123.62,0.03,384.4,47598.8,1
2020-10-22,2020-10-22 13:30:00,123.62,123.67,123.62,123.67,0.04,384.4,47598.8,1
2020-10-22,2020-10-22 13:40:00,123.67,123.71,123.67,123.71,0.03,384.4,47598.8,1
2020-10-22,2020-10-22 13:50:00,123.71,123.75,123.71,123.75,0.03,384.4,47598.8,1
2020-10-22,2020-10-22 14:00:00,123.75,123.79,123.75,123.79,0.03,384.4,47598.8,1
2020-10-22,2020-10-22 14:10:00,123.79,123.83,123.79,123.83,0.03,384.4,47598.8,1
2020-10-22,2020-10-22 14:20:00,123.83,123.88,123.83,123.88,0.04,384.4,47598.8,1
2020-10-22,2020-10-22 14:30:00,123.88,123.92,123.88,123.92,0.03,384.4,47598.8,1
2020-10-22,2020-10-22 14:40:00,123.92,123.96,123.92,123.96,0.03,384.4,47598.8,1
2020-10-22,2020-10-22 14:50:00,123.96,124.0,123.96,124.0,0.03,384.4,47598.8,1
2020-10-22,2020-10-22 15:00:00,124.0,126.0,121.0,124.0,0.0,384.4,47598.8,0
2020-10-28,2020-10-28 11:00:00,122.0,122.6,121.1,122.08,0.07,243.08,29581.6,1
2020-10-28,2020-10-28 11:10:00,122.08,122.17,122.08,122.17,0.07,243.08,29581.6,1
2020-10-28,2020-10-28 11:20:00,122.17,122.25,122.17,122.25,0.07,243.08,29581.6,1
2020-10-28,2020-10-28 11:30:00,122.25,122.33,122.25,122.33,0.07,243.08,29581.6,1
2020-10-28,2020-10-28 11:40:00,122.33,122.42,122.33,122.42,0.07,243.08,29581.6,1
2020-10-28,2020-10-28 11:50:00,122.42,122.5,122.42,122.5,0.07,243.08,29581.6,1
2020-10-28,2020-10-28 12:00:00,122.5,122.58,122.5,122.58,0.07,243.08,29581.6,1
2020-10-28,2020-10-28 12:10:00,122.58,122.67,122.58,122.67,0.07,243.08,29581.6,1
2020-10-28,2020-10-28 12:20:00,122.67,122.75,122.67,122.75,0.07,243.08,29581.6,1
2020-10-28,2020-10-28 12:30:00,122.75,122.83,122.75,122.83,0.07,243.08,29581.6,1
2020-10-28,2020-10-28 12:40:00,122.83,122.92,122.83,122.92,0.07,243.08,29581.6,1
2020-10-28,2020-10-28 12:50:00,122.92,123.0,122.92,123.0,0.07,243.08,29581.6,1
2020-10-28,2020-10-28 13:00:00,123.0,124.0,119.0,123.08,0.07,243.08,29581.6,1
2020-10-28,2020-10-28 13:10:00,123.08,123.17,123.08,123.17,0.07,243.08,29581.6,1
2020-10-28,2020-10-28 13:20:00,123.17,123.25,123.17,123.25,0.06,243.08,29581.6,1
2020-10-28,2020-10-28 13:30:00,123.25,123.33,123.25,123.33,0.06,243.08,29581.6,1
2020-10-28,2020-10-28 13:40:00,123.33,123.42,123.33,123.42,0.07,243.08,29581.6,1
2020-10-28,2020-10-28 13:50:00,123.42,123.5,123.42,123.5,0.06,243.08,29581.6,1
2020-10-28,2020-10-28 14:00:00,123.5,123.58,123.5,123.58,0.06,243.08,29581.6,1
2020-10-28,2020-10-28 14:10:00,123.58,123.67,123.58,123.67,0.07,243.08,29581.6,1
2020-10-28,2020-10-28 14:20:00,123.67,123.75,123.67,123.75,0.06,243.08,29581.6,1
2020-10-28,2020-10-28 14:30:00,123.75,123.83,123.75,123.83,0.06,243.08,29581.6,1
2020-10-28,2020-10-28 14:40:00,123.83,123.92,123.83,123.92,0.07,243.08,29581.6,1
2020-10-28,2020-10-28 14:50:00,123.92,124.0,123.92,124.0,0.06,243.08,29581.6,1
2020-10-28,2020-10-28 15:00:00,124.0,124.0,119.0,124.0,0.0,243.08,29581.6,0
2020-10-29,2020-10-29 11:00:00,124.0,124.6,122.2,123.96,-0.03,321.0,39460.0,-1
2020-10-29,2020-10-29 11:10:00,123.96,123.96,123.92,123.92,-0.03,321.0,39460.0,-1
2020-10-29,2020-10-29 11:20:00,123.92,123.92,123.88,123.88,-0.03,321.0,39460.0,-1
2020-10-29,2020-10-29 11:30:00,123.88,123.88,123.83,123.83,-0.04,321.0,39460.0,-1
2020-10-29,2020-10-29 11:40:00,123.83,123.83,123.79,123.79,-0.03,321.0,39460.0,-1
2020-10-29,2020-10-29 11:50:00,123.79,123.79,123.75,123.75,-0.03,321.0,39460.0,-1
2020-10-29,2020-10-29 12:00:00,123.75,123.75,123.71,123.71,-0.03,321.0,39460.0,-1
2020-10-29,2020-10-29 12:10:00,123.71,123.71,123.67,123.67,-0.03,321.0,39460.0,-1
2020-10-29,2020-10-29 12:20:00,123.67,123.67,123.62,123.62,-0.04,321.0,39460.0,-1
2020-10-29,2020-10-29 12:30:00,123.62,123.62,123.58,123.58,-0.03,321.0,39460.0,-1
2020-10-29,2020-10-29 12:40:00,123.58,123.58,123.54,123.54,-0.03,321.0,39460.0,-1
2020-10-29,2020-10-29 12:50:00,123.54,123.54,123.5,123.5,-0.03,321.0,39460.0,-1
2020-10-29,2020-10-29 13:00:00,123.5,126.0,118.0,123.46,-0.03,321.0,39460.0,-1
2020-10-29,2020-10-29 13:10:00,123.46,123.46,123.42,123.42,-0.03,321.0,39460.0,-1
2020-10-29,2020-10-29 13:20:00,123.42,123.42,123.38,123.38,-0.03,321.0,39460.0,-1
2020-10-29,2020-10-29 13:30:00,123.38,123.38,123.33,123.33,-0.04,321.0,39460.0,-1
2020-10-29,2020-10-29 13:40:00,123.33,123.33,123.29,123.29,-0.03,321.0,39460.0,-1
2020-10-29,2020-10-29 13:50:00,123.29,123.29,123.25,123.25,-0.03,321.0,39460.0,-1
2020-10-29,2020-10-29 14:00:00,123.25,123.25,123.21,123.21,-0.03,321.0,39460.0,-1
2020-10-29,2020-10-29 14:10:00,123.21,123.21,123.17,123.17,-0.03,321.0,39460.0,-1
2020-10-29,2020-10-29 14:20:00,123.17,123.17,123.12,123.12,-0.04,321.0,39460.0,-1
2020-10-29,2020-10-29 14:30:00,123.12,123.12,123.08,123.08,-0.03,321.0,39460.0,-1
2020-10-29,2020-10-29 14:40:00,123.08,123.08,123.04,123.04,-0.03,321.0,39460.0,-1
2020-10-29,2020-10-29 14:50:00,123.04,123.04,123.0,123.0,-0.03,321.0,39460.0,-1
2020-10-29,2020-10-29 15:00:00,123.0,126.0,118.0,123.0,0.0,321.0,39460.0,0
2020-11-01,2020-11-01 11:00:00,121.0,122.2,121.0,121.04,0.03,508.4,62393.2,1
2020-11-01,2020-11-01 11:10:00,121.04,121.08,121.04,121.08,0.03,508.4,62393.2,1
2020-11-01,2020-11-01 11:20:00,121.08,121.12,121.08,121.12,0.03,508.4,62393.2,1
2020-11-01,2020-11-01 11:30:00,121.12,121.17,121.12,121.17,0.04,508.4,62393.2,1
2020-11-01,2020-11-01 11:40:00,121.17,121.21,121.17,121.21,0.03,508.4,62393.2,1
2020-11-01,2020-11-01 11:50:00,121.21,121.25,121.21,121.25,0.03,508.4,62393.2,1
2020-11-01,2020-11-01 12:00:00,121.25,121.29,121.25,121.29,0.03,508.4,62393.2,1
2020-11-01,2020-11-01 12:10:00,121.29,121.33,121.29,121.33,0.03,508.4,62393.2,1
2020-11-01,2020-11-01 12:20:00,121.33,121.38,121.33,121.38,0.04,508.4,62393.2,1
2020-11-01,2020-11-01 12:30:00,121.38,121.42,121.38,121.42,0.03,508.4,62393.2,1
2020-11-01,2020-11-01 12:40:00,121.42,121.46,121.42,121.46,0.03,508.4,62393.2,1
2020-11-01,2020-11-01 12:50:00,121.46,121.5,121.46,121.5,0.03,508.4,62393.2,1
2020-11-01,2020-11-01 13:00:00,121.5,125.0,121.0,121.54,0.03,508.4,62393.2,1
2020-11-01,2020-11-01 13:10:00,121.54,121.58,121.54,121.58,0.03,508.4,62393.2,1
2020-11-01,2020-11-01 13:20:00,121.58,121.62,121.58,121.62,0.03,508.4,62393.2,1
2020-11-01,2020-11-01 13:30:00,121.62,121.67,121.62,121.67,0.04,508.4,62393.2,1
2020-11-01,2020-11-01 13:40:00,121.67,121.71,121.67,121.71,0.03,508.4,62393.2,1
2020-11-01,2020-11-01 13:50:00,121.71,121.75,121.71,121.75,0.03,508.4,62393.2,1
2020-11-01,2020-11-01 14:00:00,121.75,121.79,121.75,121.79,0.03,508.4,62393.2,1
2020-11-01,2020-11-01 14:10:00,121.79,121.83,121.79,121.83,0.03,508.4,62393.2,1
2020-11-01,2020-11-01 14:20:00,121.83,121.88,121.83,121.88,0.04,508.4,62393.2,1
2020-11-01,2020-11-01 14:30:00,121.88,121.92,121.88,121.92,0.03,508.4,62393.2,1
2020-11-01,2020-11-01 14:40:00,121.92,121.96,121.92,121.96,0.03,508.4,62393.2,1
2020-11-01,2020-11-01 14:50:00,121.96,122.0,121.96,122.0,0.03,508.4,62393.2,1
2020-11-01,2020-11-01 15:00:00,122.0,125.0,121.0,122.0,0.0,508.4,62393.2,0
2020-11-02,2020-11-02 11:00:00,120.0,122.4,119.4,120.33,0.27,452.8,55831.6,1
2020-11-02,2020-11-02 11:10:00,120.33,120.67,120.33,120.67,0.28,452.8,55831.6,1
2020-11-02,2020-11-02 11:20:00,120.67,121.0,120.67,121.0,0.27,452.8,55831.6,1
2020-11-02,2020-11-02 11:30:00,121.0,121.33,121.0,121.33,0.27,452.8,55831.6,1
2020-11-02,2020-11-02 11:40:00,121.33,121.67,121.33,121.67,0.28,452.8,55831.6,1
2020-11-02,2020-11-02 11:50:00,121.67,122.0,121.67,122.0,0.27,452.8,55831.6,1
2020-11-02,2020-11-02 12:00:00,122.0,122.33,122.0,122.33,0.27,452.8,55831.6,1
2020-11-02,2020-11-02 12:10:00,122.33,122.67,122.33,122.67,0.28,452.8,55831.6,1
2020-11-02,2020-11-02 12:20:00,122.67,123.0,122.67,123.0,0.27,452.8,55831.6,1
2020-11-02,2020-11-02 12:30:00,123.0,123.33,123.0,123.33,0.27,452.8,55831.6,1
2020-11-02,2020-11-02 12:40:00,123.33,123.67,123.33,123.67,0.28,452.8,55831.6,1
2020-11-02,2020-11-02 12:50:00,123.67,124.0,123.67,124.0,0.27,452.8,55831.6,1
2020-11-02,2020-11-02 13:00:00,124.0,128.0,118.0,124.33,0.27,452.8,55831.6,1
2020-11-02,2020-11-02 13:10:00,124.33,124.67,124.33,124.67,0.27,452.8,55831.6,1
2020-11-02,2020-11-02 13:20:00,124.67,125.0,124.67,125.0,0.26,452.8,55831.6,1
2020-11-02,2020-11-02 13:30:00,125.0,125.33,125.0,125.33,0.26,452.8,55831.6,1
2020-11-02,2020-11-02 13:40:00,125.33,125.67,125.33,125.67,0.27,452.8,55831.6,1
2020-11-02,2020-11-02 13:50:00,125.67,126.0,125.67,126.0,0.26,452.8,55831.6,1
2020-11-02,2020-11-02 14:00:00,126.0,126.33,126.0,126.33,0.26,452.8,55831.6,1
2020-11-02,2020-11-02 14:10:00,126.33,126.67,126.33,126.67,0.27,452.8,55831.6,1
2020-11-02,2020-11-02 14:20:00,126.67,127.0,126.67,127.0,0.26,452.8,55831.6,1
2020-11-02,2020-11-02 14:30:00,127.0,127.33,127.0,127.33,0.26,452.8,55831.6,1
2020-11-02,2020-11-02 14:40:00,127.33,127.67,127.33,127.67,0.27,452.8,55831.6,1
2020-11-02,2020-11-02 14:50:00,127.67,128.0,127.67,128.0,0.26,452.8,55831.6,1
2020-11-02,2020-11-02 15:00:00,128.0,128.0,118.0,128.0,0.0,452.8,55831.6,0
2020-11-03,2020-11-03 11:00:00,126.0,126.0,124.8,125.96,-0.03,142.4,17736.8,-1
2020-11-03,2020-11-03 11:10:00,125.96,125.96,125.92,125.92,-0.03,142.4,17736.8,-1
2020-11-03,2020-11-03 11:20:00,125.92,125.92,125.88,125.88,-0.03,142.4,17736.8,-1
2020-11-03,2020-11-03 11:30:00,125.88,125.88,125.83,125.83,-0.04,142.4,17736.8,-1
2020-11-03,2020-11-03 11:40:00,125.83,125.83,125.79,125.79,-0.03,142.4,17736.8,-1
2020-11-03,2020-11-03 11:50:00,125.79,125.79,125.75,125.75,-0.03,142.4,17736.8,-1
2020-11-03,2020-11-03 12:00:00,125.75,125.75,125.71,125.71,-0.03,142.4,17736.8,-1
2020-11-03,2020-11-03 12:10:00,125.71,125.71,125.67,125.67,-0.03,142.4,17736.8,-1
2020-11-03,2020-11-03 12:20:00,125.67,125.67,125.62,125.62,-0.04,142.4,17736.8,-1
2020-11-03,2020-11-03 12:30:00,125.62,125.62,125.58,125.58,-0.03,142.4,17736.8,-1
2020-11-03,2020-11-03 12:40:00,125.58,125.58,125.54,125.54,-0.03,142.4,17736.8,-1
2020-11-03,2020-11-03 12:50:00,125.54,125.54,125.5,125.5,-0.03,142.4,17736.8,-1
2020-11-03,2020-11-03 13:00:00,125.5,126.0,122.0,125.46,-0.03,142.4,17736.8,-1
2020-11-03,2020-11-03 13:10:00,125.46,125.46,125.42,125.42,-0.03,142.4,17736.8,-1
2020-11-03,2020-11-03 13:20:00,125.42,125.42,125.38,125.38,-0.03,142.4,17736.8,-1
2020-11-03,2020-11-03 13:30:00,125.38,125.38,125.33,125.33,-0.04,142.4,17736.8,-1
2020-11-03,2020-11-03 13:40:00,125.33,125.33,125.29,125.29,-0.03,142.4,17736.8,-1
2020-11-03,2020-11-03 13:50:00,125.29,125.29,125.25,125.25,-0.03,142.4,17736.8,-1
2020-11-03,2020-11-03 14:00:00,125.25,125.25,125.21,125.21,-0.03,142.4,17736.8,-1
2020-11-03,2020-11-03 14:10:00,125.21,125.21,125.17,125.17,-0.03,142.4,17736.8,-1
2020-11-03,2020-11-03 14:20:00,125.17,125.17,125.12,125.12,-0.04,142.4,17736.8,-1
2020-11-03,2020-11-03 14:30:00,125.12,125.12,125.08,125.08,-0.03,142.4,17736.8,-1
2020-11-03,2020-11-03 14:40:00,125.08,125.08,125.04,125.04,-0.03,142.4,17736.8,-1
2020-11-03,2020-11-03 14:50:00,125.04,125.04,125.0,125.0,-0.03,142.4,17736.8,-1
2020-11-03,2020-11-03 15:00:00,125.0,126.0,122.0,125.0,0.0,142.4,17736.8,0
2020-11-04,2020-11-04 11:00:00,126.0,126.0,124.8,125.88,-0.1,88.24,10879.92,-1
2020-11-04,2020-11-04 11:10:00,125.88,125.88,125.75,125.75,-0.1,88.24,10879.92,-1
2020-11-04,2020-11-04 11:20:00,125.75,125.75,125.62,125.62,-0.1,88.24,10879.92,-1
2020-11-04,2020-11-04 11:30:00,125.62,125.62,125.5,125.5,-0.1,88.24,10879.92,-1
2020-11-04,2020-11-04 11:40:00,125.5,125.5,125.38,125.38,-0.1,88.24,10879.92,-1
2020-11-04,2020-11-04 11:50:00,125.38,125.38,125.25,125.25,-0.1,88.24,10879.92,-1
2020-11-04,2020-11-04 12:00:00,125.25,125.25,125.12,125.12,-0.1,88.24,10879.92,-1
2020-11-04,2020-11-04 12:10:00,125.12,125.12,125.0,125.0,-0.1,88.24,10879.92,-1
2020-11-04,2020-11-04 12:20:00,125.0,125.0,124.88,124.88,-0.1,88.24,10879.92,-1
2020-11-04,2020-11-04 12:30:00,124.88,124.88,124.75,124.75,-0.1,88.24,10879.92,-1
2020-11-04,2020-11-04 12:40:00,124.75,124.75,124.62,124.62,-0.1,88.24,10879.92,-1
2020-11-04,2020-11-04 12:50:00,124.62,124.62,124.5,124.5,-0.1,88.24,10879.92,-1
2020-11-04,2020-11-04 13:00:00,124.5,126.0,122.0,124.38,-0.1,88.24,10879.92,-1
2020-11-04,2020-11-04 13:10:00,124.38,124.38,124.25,124.25,-0.1,88.24,10879.92,-1
2020-11-04,2020-11-04 13:20:00,124.25,124.25,124.12,124.12,-0.1,88.24,10879.92,-1
2020-11-04,2020-11-04 13:30:00,124.12,124.12,124.0,124.0,-0.1,88.24,10879.92,-1
2020-11-04,2020-11-04 13:40:00,124.0,124.0,123.88,123.88,-0.1,88.24,10879.92,-1
2020-11-04,2020-11-04 13:50:00,123.88,123.88,123.75,123.75,-0.1,88.24,10879.92,-1
2020-11-04,2020-11-04 14:00:00,123.75,123.75,123.62,123.62,-0.11,88.24,10879.92,-1
2020-11-04,2020-11-04 14:10:00,123.62,123.62,123.5,123.5,-0.1,88.24,10879.92,-1
2020-11-04,2020-11-04 14:20:00,123.5,123.5,123.38,123.38,-0.1,88.24,10879.92,-1
2020-11-04,2020-11-04 14:30:00,123.38,123.38,123.25,123.25,-0.11,88.24,10879.92,-1
2020-11-04,2020-11-04 14:40:00,123.25,123.25,123.12,123.12,-0.11,88.24,10879.92,-1
2020-11-04,2020-11-04 14:50:00,123.12,123.12,123.0,123.0,-0.1,88.24,10879.92,-1
2020-11-04,2020-11-04 15:00:00,123.0,126.0,122.0,123.0,0.0,88.24,10879.92,0
2020-11-05,2020-11-05 11:00:00,121.0,122.2,121.0,121.17,0.14,341.8,42248.6,1
2020-11-05,2020-11-05 11:10:00,121.17,121.33,121.17,121.33,0.13,341.8,42248.6,1
2020-11-05,2020-11-05 11:20:00,121.33,121.5,121.33,121.5,0.14,341.8,42248.6,1
2020-11-05,2020-11-05 11:30:00,121.5,121.67,121.5,121.67,0.14,341.8,42248.6,1
2020-11-05,2020-11-05 11:40:00,121.67,121.83,121.67,121.83,0.13,341.8,42248.6,1
2020-11-05,2020-11-05 11:50:00,121.83,122.0,121.83,122.0,0.14,341.8,42248.6,1
2020-11-05,2020-11-05 12:00:00,122.0,122.17,122.0,122.17,0.14,341.8,42248.6,1
2020-11-05,2020-11-05 12:10:00,122.17,122.33,122.17,122.33,0.13,341.8,42248.6,1
2020-11-05,2020-11-05 12:20:00,122.33,122.5,122.33,122.5,0.14,341.8,42248.6,1
2020-11-05,2020-11-05 12:30:00,122.5,122.67,122.5,122.67,0.14,341.8,42248.6,1
2020-11-05,2020-11-05 12:40:00,122.67,122.83,122.67,122.83,0.13,341.8,42248.6,1
2020-11-05,2020-11-05 12:50:00,122.83,123.0,122.83,123.0,0.14,341.8,42248.6,1
2020-11-05,2020-11-05 13:00:00,123.0,125.0,121.0,123.17,0.14,341.8,42248.6,1
2020-11-05,2020-11-05 13:10:00,123.17,123.33,123.17,123.33,0.13,341.8,42248.6,1
2020-11-05,2020-11-05 13:20:00,123.33,123.5,123.33,123.5,0.14,341.8,42248.6,1
2020-11-05,2020-11-05 13:30:00,123.5,123.67,123.5,123.67,0.14,341.8,42248.6,1
2020-11-05,2020-11-05 13:40:00,123.67,123.83,123.67,123.83,0.13,341.8,42248.6,1
2020-11-05,2020-11-05 13:50:00,123.83,124.0,123.83,124.0,0.14,341.8,42248.6,1
2020-11-05,2020-11-05 14:00:00,124.0,124.17,124.0,124.17,0.14,341.8,42248.6,1
2020-11-05,2020-11-05 14:10:00,124.17,124.33,124.17,124.33,0.13,341.8,42248.6,1
2020-11-05,2020-11-05 14:20:00,124.33,124.5,124.33,124.5,0.14,341.8,42248.6,1
2020-11-05,2020-11-05 14:30:00,124.5,124.67,124.5,124.67,0.14,341.8,42248.6,1
2020-11-05,2020-11-05 14:40:00,124.67,124.83,124.67,124.83,0.13,341.8,42248.6,1
2020-11-05,2020-11-05 14:50:00,124.83,125.0,124.83,125.0,0.14,341.8,42248.6,1
2020-11-05,2020-11-05 15:00:00,125.0,125.0,121.0,125.0,0.0,341.8,42248.6,0
2020-11-08,2020-11-08 11:00:00,123.0,125.7,123.0,123.29,0.24,1231.6,158225.4,1
2020-11-08,2020-11-08 11:10:00,123.29,123.58,123.29,123.58,0.24,1231.6,158225.4,1
2020-11-08,2020-11-08 11:20:00,123.58,123.88,123.58,123.88,0.24,1231.6,158225.4,1
2020-11-08,2020-11-08 11:30:00,123.88,124.17,123.88,124.17,0.23,1231.6,158225.4,1
2020-11-08,2020-11-08 11:40:00,124.17,124.46,124.17,124.46,0.23,1231.6,158225.4,1
2020-11-08,2020-11-08 11:50:00,124.46,124.75,124.46,124.75,0.23,1231.6,158225.4,1
2020-11-08,2020-11-08 12:00:00,124.75,125.04,124.75,125.04,0.23,1231.6,158225.4,1
2020-11-08,2020-11-08 12:10:00,125.04,125.33,125.04,125.33,0.23,1231.6,158225.4,1
2020-11-08,2020-11-08 12:20:00,125.33,125.62,125.33,125.62,0.23,1231.6,158225.4,1
2020-11-08,2020-11-08 12:30:00,125.62,125.92,125.62,125.92,0.24,1231.6,158225.4,1
2020-11-08,2020-11-08 12:40:00,125.92,126.21,125.92,126.21,0.23,1231.6,158225.4,1
2020-11-08,2020-11-08 12:50:00,126.21,126.5,126.21,126.5,0.23,1231.6,158225.4,1
2020-11-08,2020-11-08 13:00:00,126.5,132.0,123.0,126.79,0.23,1231.6,158225.4,1
2020-11-08,2020-11-08 13:10:00,126.79,127.08,126.79,127.08,0.23,1231.6,158225.4,1
2020-11-08,2020-11-08 13:20:00,127.08,127.38,127.08,127.38,0.24,1231.6,158225.4,1
2020-11-08,2020-11-08 13:30:00,127.38,127.67,127.38,127.67,0.23,1231.6,158225.4,1
2020-11-08,2020-11-08 13:40:00,127.67,127.96,127.67,127.96,0.23,1231.6,158225.4,1
2020-11-08,2020-11-08 13:50:00,127.96,128.25,127.96,128.25,0.23,1231.6,158225.4,1
2020-11-08,2020-11-08 14:00:00,128.25,128.54,128.25,128.54,0.23,1231.6,158225.4,1
2020-11-08,2020-11-08 14:10:00,128.54,128.83,128.54,128.83,0.23,1231.6,158225.4,1
2020-11-08,2020-11-08 14:20:00,128.83,129.12,128.83,129.12,0.23,1231.6,158225.4,1
2020-11-08,2020-11-08 14:30:00,129.12,129.42,129.12,129.42,0.23,1231.6,158225.4,1
2020-11-08,2020-11-08 14:40:00,129.42,129.71,129.42,129.71,0.22,1231.6,158225.4,1
2020-11-08,2020-11-08 14:50:00,129.71,130.0,129.71,130.0,0.22,1231.6,158225.4,1
2020-11-08,2020-11-08 15:00:00,130.0,132.0,123.0,130.0,0.0,1231.6,158225.4,0
2020-11-09,2020-11-09 11:00:00,130.0,131.2,128.8,130.0,0.0,619.4,80763.2,0
2020-11-09,2020-11-09 11:10:00,130.0,130.0,130.0,130.0,0.0,619.4,80763.2,0
2020-11-09,2020-11-09 11:20:00,130.0,130.0,130.0,130.0,0.0,619.4,80763.2,0
2020-11-09,2020-11-09 11:30:00,130.0,130.0,130.0,130.0,0.0,619.4,80763.2,0
2020-11-09,2020-11-09 11:40:00,130.0,130.0,130.0,130.0,0.0,619.4,80763.2,0
2020-11-09,2020-11-09 11:50:00,130.0,130.0,130.0,130.0,0.0,619.4,80763.2,0
2020-11-09,2020-11-09 12:00:00,130.0,130.0,130.0,130.0,0.0,619.4,80763.2,0
2020-11-09,2020-11-09 12:10:00,130.0,130.0,130.0,130.0,0.0,619.4,80763.2,0
2020-11-09,2020-11-09 12:20:00,130.0,130.0,130.0,130.0,0.0,619.4,80763.2,0
2020-11-09,2020-11-09 12:30:00,130.0,130.0,130.0,130.0,0.0,619.4,80763.2,0
2020-11-09,2020-11-09 12:40:00,130.0,130.0,130.0,130.0,0.0,619.4,80763.2,0
2020-11-09,2020-11-09 12:50:00,130.0,130.0,130.0,130.0,0.0,619.4,80763.2,0
2020-11-09,2020-11-09 13:00:00,130.0,134.0,126.0,130.0,0.0,619.4,80763.2,0
2020-11-09,2020-11-09 13:10:00,130.0,130.0,130.0,130.0,0.0,619.4,80763.2,0
2020-11-09,2020-11-09 13:20:00,130.0,130.0,130.0,130.0,0.0,619.4,80763.2,0
2020-11-09,2020-11-09 13:30:00,130.0,130.0,130.0,130.0,0.0,619.4,80763.2,0
2020-11-09,2020-11-09 13:40:00,130.0,130.0,130.0,130.0,0.0,619.4,80763.2,0
2020-11-09,2020-11-09 13:50:00,130.0,130.0,130.0,130.0,0.0,619.4,80763.2,0
2020-11-09,2020-11-09 14:00:00,130.0,130.0,130.0,130.0,0.0,619.4,80763.2,0
2020-11-09,2020-11-09 14:10:00,130.0,130.0,130.0,130.0,0.0,619.4,80763.2,0
2020-11-09,2020-11-09 14:20:00,130.0,130.0,130.0,130.0,0.0,619.4,80763.2,0
2020-11-09,2020-11-09 14:30:00,130.0,130.0,130.0,130.0,0.0,619.4,80763.2,0
2020-11-09,2020-11-09 14:40:00,130.0,130.0,130.0,130.0,0.0,619.4,80763.2,0
2020-11-09,2020-11-09 14:50:00,130.0,130.0,130.0,130.0,0.0,619.4,80763.2,0
2020-11-09,2020-11-09 15:00:00,130.0,134.0,126.0,130.0,0.0,619.4,80763.2,0
2020-11-10,2020-11-10 11:00:00,128.0,128.3,127.4,128.0,0.0,208.8,26622.0,0
2020-11-10,2020-11-10 11:10:00,128.0,128.0,128.0,128.0,0.0,208.8,26622.0,0
2020-11-10,2020-11-10 11:20:00,128.0,128.0,128.0,128.0,0.0,208.8,26622.0,0
2020-11-10,2020-11-10 11:30:00,128.0,128.0,128.0,128.0,0.0,208.8,26622.0,0
2020-11-10,2020-11-10 11:40:00,128.0,128.0,128.0,128.0,0.0,208.8,26622.0,0
2020-11-10,2020-11-10 11:50:00,128.0,128.0,128.0,128.0,0.0,208.8,26622.0,0
2020-11-10,2020-11-10 12:00:00,128.0,128.0,128.0,128.0,0.0,208.8,26622.0,0
2020-11-10,2020-11-10 12:10:00,128.0,128.0,128.0,128.0,0.0,208.8,26622.0,0
2020-11-10,2020-11-10 12:20:00,128.0,128.0,128.0,128.0,0.0,208.8,26622.0,0
2020-11-10,2020-11-10 12:30:00,128.0,128.0,128.0,128.0,0.0,208.8,26622.0,0
2020-11-10,2020-11-10 12:40:00,128.0,128.0,128.0,128.0,0.0,208.8,26622.0,0
2020-11-10,2020-11-10 12:50:00,128.0,128.0,128.0,128.0,0.0,208.8,26622.0,0
2020-11-10,2020-11-10 13:00:00,128.0,129.0,126.0,128.0,0.0,208.8,26622.0,0
2020-11-10,2020-11-10 13:10:00,128.0,128.0,128.0,128.0,0.0,208.8,26622.0,0
2020-11-10,2020-11-10 13:20:00,128.0,128.0,128.0,128.0,0.0,208.8,26622.0,0
2020-11-10,2020-11-10 13:30:00,128.0,128.0,128.0,128.0,0.0,208.8,26622.0,0
2020-11-10,2020-11-10 13:40:00,128.0,128.0,128.0,128.0,0.0,208.8,26622.0,0
2020-11-10,2020-11-10 13:50:00,128.0,128.0,128.0,128.0,0.0,208.8,26622.0,0
2020-11-10,2020-11-10 14:00:00,128.0,128.0,128.0,128.0,0.0,208.8,26622.0,0
2020-11-10,2020-11-10 14:10:00,128.0,128.0,128.0,128.0,0.0,208.8,26622.0,0
2020-11-10,2020-11-10 14:20:00,128.0,128.0,128.0,128.0,0.0,208.8,26622.0,0
2020-11-10,2020-11-10 14:30:00,128.0,128.0,128.0,128.0,0.0,208.8,26622.0,0
2020-11-10,2020-11-10 14:40:00,128.0,128.0,128.0,128.0,0.0,208.8,26622.0,0
2020-11-10,2020-11-10 14:50:00,128.0,128.0,128.0,128.0,0.0,208.8,26622.0,0
2020-11-10,2020-11-10 15:00:00,128.0,129.0,126.0,128.0,0.0,208.8,26622.0,0
2020-11-11,2020-11-11 11:00:00,126.0,126.6,126.0,126.0,0.0,167.2,21245.6,0
2020-11-11,2020-11-11 11:10:00,126.0,126.0,126.0,126.0,0.0,167.2,21245.6,0
2020-11-11,2020-11-11 11:20:00,126.0,126.0,126.0,126.0,0.0,167.2,21245.6,0
2020-11-11,2020-11-11 11:30:00,126.0,126.0,126.0,126.0,0.0,167.2,21245.6,0
2020-11-11,2020-11-11 11:40:00,126.0,126.0,126.0,126.0,0.0,167.2,21245.6,0
2020-11-11,2020-11-11 11:50:00,126.0,126.0,126.0,126.0,0.0,167.2,21245.6,0
2020-11-11,2020-11-11 12:00:00,126.0,126.0,126.0,126.0,0.0,167.2,21245.6,0
2020-11-11,2020-11-11 12:10:00,126.0,126.0,126.0,126.0,0.0,167.2,21245.6,0
2020-11-11,2020-11-11 12:20:00,126.0,126.0,126.0,126.0,0.0,167.2,21245.6,0
2020-11-11,2020-11-11 12:30:00,126.0,126.0,126.0,126.0,0.0,167.2,21245.6,0
2020-11-11,2020-11-11 12:40:00,126.0,126.0,126.0,126.0,0.0,167.2,21245.6,0
2020-11-11,2020-11-11 12:50:00,126.0,126.0,126.0,126.0,0.0,167.2,21245.6,0
2020-11-11,2020-11-11 13:00:00,126.0,128.0,126.0,126.0,0.0,167.2,21245.6,0
2020-11-11,2020-11-11 13:10:00,126.0,126.0,126.0,126.0,0.0,167.2,21245.6,0
2020-11-11,2020-11-11 13:20:00,126.0,126.0,126.0,126.0,0.0,167.2,21245.6,0
2020-11-11,2020-11-11 13:30:00,126.0,126.0,126.0,126.0,0.0,167.2,21245.6,0
2020-11-11,2020-11-11 13:40:00,126.0,126.0,126.0,126.0,0.0,167.2,21245.6,0
2020-11-11,2020-11-11 13:50:00,126.0,126.0,126.0,126.0,0.0,167.2,21245.6,0
2020-11-11,2020-11-11 14:00:00,126.0,126.0,126.0,126.0,0.0,167.2,21245.6,0
2020-11-11,2020-11-11 14:10:00,126.0,126.0,126.0,126.0,0.0,167.2,21245.6,0
2020-11-11,2020-11-11 14:20:00,126.0,126.0,126.0,126.0,0.0,167.2,21245.6,0
2020-11-11,2020-11-11 14:30:00,126.0,126.0,126.0,126.0,0.0,167.2,21245.6,0
2020-11-11,2020-11-11 14:40:00,126.0,126.0,126.0,126.0,0.0,167.2,21245.6,0
2020-11-11,2020-11-11 14:50:00,126.0,126.0,126.0,126.0,0.0,167.2,21245.6,0
2020-11-11,2020-11-11 15:00:00,126.0,128.0,126.0,126.0,0.0,167.2,21245.6,0
2020-11-12,2020-11-12 11:00:00,125.0,126.5,124.4,125.17,0.14,659.52,83023.32,1
2020-11-12,2020-11-12 11:10:00,125.17,125.33,125.17,125.33,0.13,659.52,83023.32,1
2020-11-12,2020-11-12 11:20:00,125.33,125.5,125.33,125.5,0.14,659.52,83023.32,1
2020-11-12,2020-11-12 11:30:00,125.5,125.67,125.5,125.67,0.14,659.52,83023.32,1
2020-11-12,2020-11-12 11:40:00,125.67,125.83,125.67,125.83,0.13,659.52,83023.32,1
2020-11-12,2020-11-12 11:50:00,125.83,126.0,125.83,126.0,0.14,659.52,83023.32,1
2020-11-12,2020-11-12 12:00:00,126.0,126.17,126.0,126.17,0.13,659.52,83023.32,1
2020-11-12,2020-11-12 12:10:00,126.17,126.33,126.17,126.33,0.13,659.52,83023.32,1
2020-11-12,2020-11-12 12:20:00,126.33,126.5,126.33,126.5,0.13,659.52,83023.32,1
2020-11-12,2020-11-12 12:30:00,126.5,126.67,126.5,126.67,0.13,659.52,83023.32,1
2020-11-12,2020-11-12 12:40:00,126.67,126.83,126.67,126.83,0.13,659.52,83023.32,1
2020-11-12,2020-11-12 12:50:00,126.83,127.0,126.83,127.0,0.13,659.52,83023.32,1
2020-11-12,2020-11-12 13:00:00,127.0,130.0,123.0,127.17,0.13,659.52,83023.32,1
2020-11-12,2020-11-12 13:10:00,127.17,127.33,127.17,127.33,0.13,659.52,83023.32,1
2020-11-12,2020-11-12 13:20:00,127.33,127.5,127.33,127.5,0.13,659.52,83023.32,1
2020-11-12,2020-11-12 13:30:00,127.5,127.67,127.5,127.67,0.13,659.52,83023.32,1
2020-11-12,2020-11-12 13:40:00,127.67,127.83,127.67,127.83,0.13,659.52,83023.32,1
2020-11-12,2020-11-12 13:50:00,127.83,128.0,127.83,128.0,0.13,659.52,83023.32,1
2020-11-12,2020-11-12 14:00:00,128.0,128.17,128.0,128.17,0.13,659.52,83023.32,1
2020-11-12,2020-11-12 14:10:00,128.17,128.33,128.17,128.33,0.12,659.52,83023.32,1
2020-11-12,2020-11-12 14:20:00,128.33,128.5,128.33,128.5,0.13,659.52,83023.32,1
2020-11-12,2020-11-12 14:30:00,128.5,128.67,128.5,128.67,0.13,659.52,83023.32,1
2020-11-12,2020-11-12 14:40:00,128.67,128.83,128.67,128.83,0.12,659.52,83023.32,1
2020-11-12,2020-11-12 14:50:00,128.83,129.0,128.83,129.0,0.13,659.52,83023.32,1
2020-11-12,2020-11-12 15:00:00,129.0,130.0,123.0,129.0,0.0,659.52,83023.32,0
2020-11-18,2020-11-18 11:00:00,127.0,127.0,125.5,126.83,-0.13,165.6,20474.4,-1
2020-11-18,2020-11-18 11:10:00,126.83,126.83,126.67,126.67,-0.13,165.6,20474.4,-1
2020-11-18,2020-11-18 11:20:00,126.67,126.67,126.5,126.5,-0.13,165.6,20474.4,-1
2020-11-18,2020-11-18 11:30:00,126.5,126.5,126.33,126.33,-0.13,165.6,20474.4,-1
2020-11-18,2020-11-18 11:40:00,126.33,126.33,126.17,126.17,-0.13,165.6,20474.4,-1
2020-11-18,2020-11-18 11:50:00,126.17,126.17,126.0,126.0,-0.13,165.6,20474.4,-1
2020-11-18,2020-11-18 12:00:00,126.0,126.0,125.83,125.83,-0.13,165.6,20474.4,-1
2020-11-18,2020-11-18 12:10:00,125.83,125.83,125.67,125.67,-0.13,165.6,20474.4,-1
2020-11-18,2020-11-18 12:20:00,125.67,125.67,125.5,125.5,-0.14,165.6,20474.4,-1
2020-11-18,2020-11-18 12:30:00,125.5,125.5,125.33,125.33,-0.14,165.6,20474.4,-1
2020-11-18,2020-11-18 12:40:00,125.33,125.33,125.17,125.17,-0.13,165.6,20474.4,-1
2020-11-18,2020-11-18 12:50:00,125.17,125.17,125.0,125.0,-0.14,165.6,20474.4,-1
2020-11-18,2020-11-18 13:00:00,125.0,127.0,122.0,124.83,-0.14,165.6,20474.4,-1
2020-11-18,2020-11-18 13:10:00,124.83,124.83,124.67,124.67,-0.13,165.6,20474.4,-1
2020-11-18,2020-11-18 13:20:00,124.67,124.67,124.5,124.5,-0.14,165.6,20474.4,-1
2020-11-18,2020-11-18 13:30:00,124.5,124.5,124.33,124.33,-0.14,165.6,20474.4,-1
2020-11-18,2020-11-18 13:40:00,124.33,124.33,124.17,124.17,-0.13,165.6,20474.4,-1
2020-11-18,2020-11-18 13:50:00,124.17,124.17,124.0,124.0,-0.14,165.6,20474.4,-1
2020-11-18,2020-11-18 14:00:00,124.0,124.0,123.83,123.83,-0.14,165.6,20474.4,-1
2020-11-18,2020-11-18 14:10:00,123.83,123.83,123.67,123.67,-0.13,165.6,20474.4,-1
2020-11-18,2020-11-18 14:20:00,123.67,123.67,123.5,123.5,-0.14,165.6,20474.4,-1
2020-11-18,2020-11-18 14:30:00,123.5,123.5,123.33,123.33,-0.14,165.6,20474.4,-1
2020-11-18,2020-11-18 14:40:00,123.33,123.33,123.17,123.17,-0.13,165.6,20474.4,-1
2020-11-18,2020-11-18 14:50:00,123.17,123.17,123.0,123.0,-0.14,165.6,20474.4,-1
2020-11-18,2020-11-18 15:00:00,123.0,127.0,122.0,123.0,0.0,165.6,20474.4,0
2020-11-19,2020-11-19 11:00:00,121.0,123.1,121.0,121.25,0.21,402.6,50036.8,1
2020-11-19,2020-11-19 11:10:00,121.25,121.5,121.25,121.5,0.21,402.6,50036.8,1
2020-11-19,2020-11-19 11:20:00,121.5,121.75,121.5,121.75,0.21,402.6,50036.8,1
2020-11-19,2020-11-19 11:30:00,121.75,122.0,121.75,122.0,0.21,402.6,50036.8,1
2020-11-19,2020-11-19 11:40:00,122.0,122.25,122.0,122.25,0.2,402.6,50036.8,1
2020-11-19,2020-11-19 11:50:00,122.25,122.5,122.25,122.5,0.2,402.6,50036.8,1
2020-11-19,2020-11-19 12:00:00,122.5,122.75,122.5,122.75,0.2,402.6,50036.8,1
2020-11-19,2020-11-19 12:10:00,122.75,123.0,122.75,123.0,0.2,402.6,50036.8,1
2020-11-19,2020-11-19 12:20:00,123.0,123.25,123.0,123.25,0.2,402.6,50036.8,1
2020-11-19,2020-11-19 12:30:00,123.25,123.5,123.25,123.5,0.2,402.6,50036.8,1
2020-11-19,2020-11-19 12:40:00,123.5,123.75,123.5,123.75,0.2,402.6,50036.8,1
2020-11-19,2020-11-19 12:50:00,123.75,124.0,123.75,124.0,0.2,402.6,50036.8,1
2020-11-19,2020-11-19 13:00:00,124.0,128.0,121.0,124.25,0.2,402.6,50036.8,1
2020-11-19,2020-11-19 13:10:00,124.25,124.5,124.25,124.5,0.2,402.6,50036.8,1
2020-11-19,2020-11-19 13:20:00,124.5,124.75,124.5,124.75,0.2,402.6,50036.8,1
2020-11-19,2020-11-19 13:30:00,124.75,125.0,124.75,125.0,0.2,402.6,50036.8,1
2020-11-19,2020-11-19 13:40:00,125.0,125.25,125.0,125.25,0.2,402.6,50036.8,1
2020-11-19,2020-11-19 13:50:00,125.25,125.5,125.25,125.5,0.2,402.6,50036.8,1
2020-11-19,2020-11-19 14:00:00,125.5,125.75,125.5,125.75,0.2,402.6,50036.8,1
2020-11-19,2020-11-19 14:10:00,125.75,126.0,125.75,126.0,0.2,402.6,50036.8,1
2020-11-19,2020-11-19 14:20:00,126.0,126.25,126.0,126.25,0.2,402.6,50036.8,1
2020-11-19,2020-11-19 14:30:00,126.25,126.5,126.25,126.5,0.2,402.6,50036.8,1
2020-11-19,2020-11-19 14:40:00,126.5,126.75,126.5,126.75,0.2,402.6,50036.8,1
2020-11-19,2020-11-19 14:50:00,126.75,127.0,126.75,127.0,0.2,402.6,50036.8,1
2020-11-19,2020-11-19 15:00:00,127.0,128.0,121.0,127.0,0.0,402.6,50036.8,0
2020-11-22,2020-11-22 11:00:00,129.0,129.0,126.9,128.75,-0.19,354.0,43661.2,-1
2020-11-22,2020-11-22 11:10:00,128.75,128.75,128.5,128.5,-0.19,354.0,43661.2,-1
2020-11-22,2020-11-22 11:20:00,128.5,128.5,128.25,128.25,-0.19,354.0,43661.2,-1
2020-11-22,2020-11-22 11:30:00,128.25,128.25,128.0,128.0,-0.19,354.0,43661.2,-1
2020-11-22,2020-11-22 11:40:00,128.0,128.0,127.75,127.75,-0.2,354.0,43661.2,-1
2020-11-22,2020-11-22 11:50:00,127.75,127.75,127.5,127.5,-0.2,354.0,43661.2,-1
2020-11-22,2020-11-22 12:00:00,127.5,127.5,127.25,127.25,-0.2,354.0,43661.2,-1
2020-11-22,2020-11-22 12:10:00,127.25,127.25,127.0,127.0,-0.2,354.0,43661.2,-1
2020-11-22,2020-11-22 12:20:00,127.0,127.0,126.75,126.75,-0.2,354.0,43661.2,-1
2020-11-22,2020-11-22 12:30:00,126.75,126.75,126.5,126.5,-0.2,354.0,43661.2,-1
2020-11-22,2020-11-22 12:40:00,126.5,126.5,126.25,126.25,-0.2,354.0,43661.2,-1
2020-11-22,2020-11-22 12:50:00,126.25,126.25,126.0,126.0,-0.2,354.0,43661.2,-1
2020-11-22,2020-11-22 13:00:00,126.0,129.0,122.0,125.75,-0.2,354.0,43661.2,-1
2020-11-22,2020-11-22 13:10:00,125.75,125.75,125.5,125.5,-0.2,354.0,43661.2,-1
2020-11-22,2020-11-22 13:20:00,125.5,125.5,125.25,125.25,-0.2,354.0,43661.2,-1
2020-11-22,2020-11-22 13:30:00,125.25,125.25,125.0,125.0,-0.2,354.0,43661.2,-1
2020-11-22,2020-11-22 13:40:00,125.0,125.0,124.75,124.75,-0.2,354.0,43661.2,-1
2020-11-22,2020-11-22 13:50:00,124.75,124.75,124.5,124.5,-0.2,354.0,43661.2,-1
2020-11-22,2020-11-22 14:00:00,124.5,124.5,124.25,124.25,-0.2,354.0,43661.2,-1
2020-11-22,2020-11-22 14:10:00,124.25,124.25,124.0,124.0,-0.2,354.0,43661.2,-1
2020-11-22,2020-11-22 14:20:00,124.0,124.0,123.75,123.75,-0.2,354.0,43661.2,-1
2020-11-22,2020-11-22 14:30:00,123.75,123.75,123.5,123.5,-0.2,354.0,43661.2,-1
2020-11-22,2020-11-22 14:40:00,123.5,123.5,123.25,123.25,-0.2,354.0,43661.2,-1
2020-11-22,2020-11-22 14:50:00,123.25,123.25,123.0,123.0,-0.2,354.0,43661.2,-1
2020-11-22,2020-11-22 15:00:00,123.0,129.0,122.0,123.0,0.0,354.0,43661.2,0
2020-11-23,2020-11-23 11:00:00,129.0,129.0,126.9,128.75,-0.19,244.8,30307.2,-1
2020-11-23,2020-11-23 11:10:00,128.75,128.75,128.5,128.5,-0.19,244.8,30307.2,-1
2020-11-23,2020-11-23 11:20:00,128.5,128.5,128.25,128.25,-0.19,244.8,30307.2,-1
2020-11-23,2020-11-23 11:30:00,128.25,128.25,128.0,128.0,-0.19,244.8,30307.2,-1
2020-11-23,2020-11-23 11:40:00,128.0,128.0,127.75,127.75,-0.2,244.8,30307.2,-1
2020-11-23,2020-11-23 11:50:00,127.75,127.75,127.5,127.5,-0.2,244.8,30307.2,-1
2020-11-23,2020-11-23 12:00:00,127.5,127.5,127.25,127.25,-0.2,244.8,30307.2,-1
2020-11-23,2020-11-23 12:10:00,127.25,127.25,127.0,127.0,-0.2,244.8,30307.2,-1
2020-11-23,2020-11-23 12:20:00,127.0,127.0,126.75,126.75,-0.2,244.8,30307.2,-1
2020-11-23,2020-11-23 12:30:00,126.75,126.75,126.5,126.5,-0.2,244.8,30307.2,-1
2020-11-23,2020-11-23 12:40:00,126.5,126.5,126.25,126.25,-0.2,244.8,30307.2,-1
2020-11-23,2020-11-23 12:50:00,126.25,126.25,126.0,126.0,-0.2,244.8,30307.2,-1
2020-11-23,2020-11-23 13:00:00,126.0,129.0,122.0,125.75,-0.2,244.8,30307.2,-1
2020-11-23,2020-11-23 13:10:00,125.75,125.75,125.5,125.5,-0.2,244.8,30307.2,-1
2020-11-23,2020-11-23 13:20:00,125.5,125.5,125.25,125.25,-0.2,244.8,30307.2,-1
2020-11-23,2020-11-23 13:30:00,125.25,125.25,125.0,125.0,-0.2,244.8,30307.2,-1
2020-11-23,2020-11-23 13:40:00,125.0,125.0,124.75,124.75,-0.2,244.8,30307.2,-1
2020-11-23,2020-11-23 13:50:00,124.75,124.75,124.5,124.5,-0.2,244.8,30307.2,-1
2020-11-23,2020-11-23 14:00:00,124.5,124.5,124.25,124.25,-0.2,244.8,30307.2,-1
2020-11-23,2020-11-23 14:10:00,124.25,124.25,124.0,124.0,-0.2,244.8,30307.2,-1
2020-11-23,2020-11-23 14:20:00,124.0,124.0,123.75,123.75,-0.2,244.8,30307.2,-1
2020-11-23,2020-11-23 14:30:00,123.75,123.75,123.5,123.5,-0.2,244.8,30307.2,-1
2020-11-23,2020-11-23 14:40:00,123.5,123.5,123.25,123.25,-0.2,244.8,30307.2,-1
2020-11-23,2020-11-23 14:50:00,123.25,123.25,123.0,123.0,-0.2,244.8,30307.2,-1
2020-11-23,2020-11-23 15:00:00,123.0,129.0,122.0,123.0,0.0,244.8,30307.2,0
2020-11-24,2020-11-24 11:00:00,123.0,124.5,122.4,123.17,0.14,628.04,79054.52,1
2020-11-24,2020-11-24 11:10:00,123.17,123.33,123.17,123.33,0.13,628.04,79054.52,1
2020-11-24,2020-11-24 11:20:00,123.33,123.5,123.33,123.5,0.14,628.04,79054.52,1
2020-11-24,2020-11-24 11:30:00,123.5,123.67,123.5,123.67,0.14,628.04,79054.52,1
2020-11-24,2020-11-24 11:40:00,123.67,123.83,123.67,123.83,0.13,628.04,79054.52,1
2020-11-24,2020-11-24 11:50:00,123.83,124.0,123.83,124.0,0.14,628.04,79054.52,1
2020-11-24,2020-11-24 12:00:00,124.0,124.17,124.0,124.17,0.14,628.04,79054.52,1
2020-11-24,2020-11-24 12:10:00,124.17,124.33,124.17,124.33,0.13,628.04,79054.52,1
2020-11-24,2020-11-24 12:20:00,124.33,124.5,124.33,124.5,0.14,628.04,79054.52,1
2020-11-24,2020-11-24 12:30:00,124.5,124.67,124.5,124.67,0.14,628.04,79054.52,1
2020-11-24,2020-11-24 12:40:00,124.67,124.83,124.67,124.83,0.13,628.04,79054.52,1
2020-11-24,2020-11-24 12:50:00,124.83,125.0,124.83,125.0,0.14,628.04,79054.52,1
2020-11-24,2020-11-24 13:00:00,125.0,128.0,121.0,125.17,0.14,628.04,79054.52,1
2020-11-24,2020-11-24 13:10:00,125.17,125.33,125.17,125.33,0.13,628.04,79054.52,1
2020-11-24,2020-11-24 13:20:00,125.33,125.5,125.33,125.5,0.14,628.04,79054.52,1
2020-11-24,2020-11-24 13:30:00,125.5,125.67,125.5,125.67,0.14,628.04,79054.52,1
2020-11-24,2020-11-24 13:40:00,125.67,125.83,125.67,125.83,0.13,628.04,79054.52,1
2020-11-24,2020-11-24 13:50:00,125.83,126.0,125.83,126.0,0.14,628.04,79054.52,1
2020-11-24,2020-11-24 14:00:00,126.0,126.17,126.0,126.17,0.13,628.04,79054.52,1
2020-11-24,2020-11-24 14:10:00,126.17,126.33,126.17,126.33,0.13,628.04,79054.52,1
2020-11-24,2020-11-24 14:20:00,126.33,126.5,126.33,126.5,0.13,628.04,79054.52,1
2020-11-24,2020-11-24 14:30:00,126.5,126.67,126.5,126.67,0.13,628.04,79054.52,1
2020-11-24,2020-11-24 14:40:00,126.67,126.83,126.67,126.83,0.13,628.04,79054.52,1
2020-11-24,2020-11-24 14:50:00,126.83,127.0,126.83,127.0,0.13,628.04,79054.52,1
2020-11-24,2020-11-24 15:00:00,127.0,128.0,121.0,127.0,0.0,628.04,79054.52,0
2020-11-25,2020-11-25 11:00:00,129.0,130.2,126.9,129.04,0.03,421.72,53467.0,1
2020-11-25,2020-11-25 11:10:00,129.04,129.08,129.04,129.08,0.03,421.72,53467.0,1
2020-11-25,2020-11-25 11:20:00,129.08,129.12,129.08,129.12,0.03,421.72,53467.0,1
2020-11-25,2020-11-25 11:30:00,129.12,129.17,129.12,129.17,0.04,421.72,53467.0,1
2020-11-25,2020-11-25 11:40:00,129.17,129.21,129.17,129.21,0.03,421.72,53467.0,1
2020-11-25,2020-11-25 11:50:00,129.21,129.25,129.21,129.25,0.03,421.72,53467.0,1
2020-11-25,2020-11-25 12:00:00,129.25,129.29,129.25,129.29,0.03,421.72,53467.0,1
2020-11-25,2020-11-25 12:10:00,129.29,129.33,129.29,129.33,0.03,421.72,53467.0,1
2020-11-25,2020-11-25 12:20:00,129.33,129.38,129.33,129.38,0.04,421.72,53467.0,1
2020-11-25,2020-11-25 12:30:00,129.38,129.42,129.38,129.42,0.03,421.72,53467.0,1
2020-11-25,2020-11-25 12:40:00,129.42,129.46,129.42,129.46,0.03,421.72,53467.0,1
2020-11-25,2020-11-25 12:50:00,129.46,129.5,129.46,129.5,0.03,421.72,53467.0,1
2020-11-25,2020-11-25 13:00:00,129.5,133.0,122.0,129.54,0.03,421.72,53467.0,1
2020-11-25,2020-11-25 13:10:00,129.54,129.58,129.54,129.58,0.03,421.72,53467.0,1
2020-11-25,2020-11-25 13:20:00,129.58,129.62,129.58,129.62,0.03,421.72,53467.0,1
2020-11-25,2020-11-25 13:30:00,129.62,129.67,129.62,129.67,0.04,421.72,53467.0,1
2020-11-25,2020-11-25 13:40:00,129.67,129.71,129.67,129.71,0.03,421.72,53467.0,1
2020-11-25,2020-11-25 13:50:00,129.71,129.75,129.71,129.75,0.03,421.72,53467.0,1
2020-11-25,2020-11-25 14:00:00,129.75,129.79,129.75,129.79,0.03,421.72,53467.0,1
2020-11-25,2020-11-25 14:10:00,129.79,129.83,129.79,129.83,0.03,421.72,53467.0,1
2020-11-25,2020-11-25 14:20:00,129.83,129.88,129.83,129.88,0.04,421.72,53467.0,1
2020-11-25,2020-11-25 14:30:00,129.88,129.92,129.88,129.92,0.03,421.72,53467.0,1
2020-11-25,2020-11-25 14:40:00,129.92,129.96,129.92,129.96,0.03,421.72,53467.0,1
2020-11-25,2020-11-25 14:50:00,129.96,130.0,129.96,130.0,0.03,421.72,53467.0,1
2020-11-25,2020-11-25 15:00:00,130.0,133.0,122.0,130.0,0.0,421.72,53467.0,0
2020-11-26,2020-11-26 11:00:00,130.0,130.6,128.5,129.92,-0.06,641.88,81215.24,-1
2020-11-26,2020-11-26 11:10:00,129.92,129.92,129.83,129.83,-0.07,641.88,81215.24,-1
2020-11-26,2020-11-26 11:20:00,129.83,129.83,129.75,129.75,-0.06,641.88,81215.24,-1
2020-11-26,2020-11-26 11:30:00,129.75,129.75,129.67,129.67,-0.06,641.88,81215.24,-1
2020-11-26,2020-11-26 11:40:00,129.67,129.67,129.58,129.58,-0.07,641.88,81215.24,-1
2020-11-26,2020-11-26 11:50:00,129.58,129.58,129.5,129.5,-0.06,641.88,81215.24,-1
2020-11-26,2020-11-26 12:00:00,129.5,129.5,129.42,129.42,-0.06,641.88,81215.24,-1
2020-11-26,2020-11-26 12:10:00,129.42,129.42,129.33,129.33,-0.07,641.88,81215.24,-1
2020-11-26,2020-11-26 12:20:00,129.33,129.33,129.25,129.25,-0.06,641.88,81215.24,-1
2020-11-26,2020-11-26 12:30:00,129.25,129.25,129.17,129.17,-0.06,641.88,81215.24,-1
2020-11-26,2020-11-26 12:40:00,129.17,129.17,129.08,129.08,-0.07,641.88,81215.24,-1
2020-11-26,2020-11-26 12:50:00,129.08,129.08,129.0,129.0,-0.06,641.88,81215.24,-1
2020-11-26,2020-11-26 13:00:00,129.0,132.0,125.0,128.92,-0.06,641.88,81215.24,-1
2020-11-26,2020-11-26 13:10:00,128.92,128.92,128.83,128.83,-0.07,641.88,81215.24,-1
2020-11-26,2020-11-26 13:20:00,128.83,128.83,128.75,128.75,-0.06,641.88,81215.24,-1
2020-11-26,2020-11-26 13:30:00,128.75,128.75,128.67,128.67,-0.06,641.88,81215.24,-1
2020-11-26,2020-11-26 13:40:00,128.67,128.67,128.58,128.58,-0.07,641.88,81215.24,-1
2020-11-26,2020-11-26 13:50:00,128.58,128.58,128.5,128.5,-0.06,641.88,81215.24,-1
2020-11-26,2020-11-26 14:00:00,128.5,128.5,128.42,128.42,-0.06,641.88,81215.24,-1
2020-11-26,2020-11-26 14:10:00,128.42,128.42,128.33,128.33,-0.07,641.88,81215.24,-1
2020-11-26,2020-11-26 14:20:00,128.33,128.33,128.25,128.25,-0.06,641.88,81215.24,-1
2020-11-26,2020-11-26 14:30:00,128.25,128.25,128.17,128.17,-0.06,641.88,81215.24,-1
2020-11-26,2020-11-26 14:40:00,128.17,128.17,128.08,128.08,-0.07,641.88,81215.24,-1
2020-11-26,2020-11-26 14:50:00,128.08,128.08,128.0,128.0,-0.06,641.88,81215.24,-1
2020-11-26,2020-11-26 15:00:00,128.0,132.0,125.0,128.0,0.0,641.88,81215.24,0
2020-11-29,2020-11-29 11:00:00,130.0,130.0,127.6,129.75,-0.19,765.36,94793.0,-1
2020-11-29,2020-11-29 11:10:00,129.75,129.75,129.5,129.5,-0.19,765.36,94793.0,-1
2020-11-29,2020-11-29 11:20:00,129.5,129.5,129.25,129.25,-0.19,765.36,94793.0,-1
2020-11-29,2020-11-29 11:30:00,129.25,129.25,129.0,129.0,-0.19,765.36,94793.0,-1
2020-11-29,2020-11-29 11:40:00,129.0,129.0,128.75,128.75,-0.19,765.36,94793.0,-1
2020-11-29,2020-11-29 11:50:00,128.75,128.75,128.5,128.5,-0.19,765.36,94793.0,-1
2020-11-29,2020-11-29 12:00:00,128.5,128.5,128.25,128.25,-0.19,765.36,94793.0,-1
2020-11-29,2020-11-29 12:10:00,128.25,128.25,128.0,128.0,-0.19,765.36,94793.0,-1
2020-11-29,2020-11-29 12:20:00,128.0,128.0,127.75,127.75,-0.2,765.36,94793.0,-1
2020-11-29,2020-11-29 12:30:00,127.75,127.75,127.5,127.5,-0.2,765.36,94793.0,-1
2020-11-29,2020-11-29 12:40:00,127.5,127.5,127.25,127.25,-0.2,765.36,94793.0,-1
2020-11-29,2020-11-29 12:50:00,127.25,127.25,127.0,127.0,-0.2,765.36,94793.0,-1
2020-11-29,2020-11-29 13:00:00,127.0,130.0,122.0,126.75,-0.2,765.36,94793.0,-1
2020-11-29,2020-11-29 13:10:00,126.75,126.75,126.5,126.5,-0.2,765.36,94793.0,-1
2020-11-29,2020-11-29 13:20:00,126.5,126.5,126.25,126.25,-0.2,765.36,94793.0,-1
2020-11-29,2020-11-29 13:30:00,126.25,126.25,126.0,126.0,-0.2,765.36,94793.0,-1
2020-11-29,2020-11-29 13:40:00,126.0,126.0,125.75,125.75,-0.2,765.36,94793.0,-1
2020-11-29,2020-11-29 13:50:00,125.75,125.75,125.5,125.5,-0.2,765.36,94793.0,-1
2020-11-29,2020-11-29 14:00:00,125.5,125.5,125.25,125.25,-0.2,765.36,94793.0,-1
2020-11-29,2020-11-29 14:10:00,125.25,125.25,125.0,125.0,-0.2,765.36,94793.0,-1
2020-11-29,2020-11-29 14:20:00,125.0,125.0,124.75,124.75,-0.2,765.36,94793.0,-1
2020-11-29,2020-11-29 14:30:00,124.75,124.75,124.5,124.5,-0.2,765.36,94793.0,-1
2020-11-29,2020-11-29 14:40:00,124.5,124.5,124.25,124.25,-0.2,765.36,94793.0,-1
2020-11-29,2020-11-29 14:50:00,124.25,124.25,124.0,124.0,-0.2,765.36,94793.0,-1
2020-11-29,2020-11-29 15:00:00,124.0,130.0,122.0,124.0,0.0,765.36,94793.0,0
2020-11-30,2020-11-30 11:00:00,122.0,124.7,122.0,122.17,0.14,528.2,66100.24,1
2020-11-30,2020-11-30 11:10:00,122.17,122.33,122.17,122.33,0.13,528.2,66100.24,1
2020-11-30,2020-11-30 11:20:00,122.33,122.5,122.33,122.5,0.14,528.2,66100.24,1
2020-11-30,2020-11-30 11:30:00,122.5,122.67,122.5,122.67,0.14,528.2,66100.24,1
2020-11-30,2020-11-30 11:40:00,122.67,122.83,122.67,122.83,0.13,528.2,66100.24,1
2020-11-30,2020-11-30 11:50:00,122.83,123.0,122.83,123.0,0.14,528.2,66100.24,1
2020-11-30,2020-11-30 12:00:00,123.0,123.17,123.0,123.17,0.14,528.2,66100.24,1
2020-11-30,2020-11-30 12:10:00,123.17,123.33,123.17,123.33,0.13,528.2,66100.24,1
2020-11-30,2020-11-30 12:20:00,123.33,123.5,123.33,123.5,0.14,528.2,66100.24,1
2020-11-30,2020-11-30 12:30:00,123.5,123.67,123.5,123.67,0.14,528.2,66100.24,1
2020-11-30,2020-11-30 12:40:00,123.67,123.83,123.67,123.83,0.13,528.2,66100.24,1
2020-11-30,2020-11-30 12:50:00,123.83,124.0,123.83,124.0,0.14,528.2,66100.24,1
2020-11-30,2020-11-30 13:00:00,124.0,131.0,122.0,124.17,0.14,528.2,66100.24,1
2020-11-30,2020-11-30 13:10:00,124.17,124.33,124.17,124.33,0.13,528.2,66100.24,1
2020-11-30,2020-11-30 13:20:00,124.33,124.5,124.33,124.5,0.14,528.2,66100.24,1
2020-11-30,2020-11-30 13:30:00,124.5,124.67,124.5,124.67,0.14,528.2,66100.24,1
2020-11-30,2020-11-30 13:40:00,124.67,124.83,124.67,124.83,0.13,528.2,66100.24,1
2020-11-30,2020-11-30 13:50:00,124.83,125.0,124.83,125.0,0.14,528.2,66100.24,1
2020-11-30,2020-11-30 14:00:00,125.0,125.17,125.0,125.17,0.14,528.2,66100.24,1
2020-11-30,2020-11-30 14:10:00,125.17,125.33,125.17,125.33,0.13,528.2,66100.24,1
2020-11-30,2020-11-30 14:20:00,125.33,125.5,125.33,125.5,0.14,528.2,66100.24,1
2020-11-30,2020-11-30 14:30:00,125.5,125.67,125.5,125.67,0.14,528.2,66100.24,1
2020-11-30,2020-11-30 14:40:00,125.67,125.83,125.67,125.83,0.13,528.2,66100.24,1
2020-11-30,2020-11-30 14:50:00,125.83,126.0,125.83,126.0,0.14,528.2,66100.24,1
2020-11-30,2020-11-30 15:00:00,126.0,131.0,122.0,126.0,0.0,528.2,66100.24,0
2020-12-01,2020-12-01 11:00:00,125.0,125.6,124.7,125.04,0.03,402.36,50424.2,1
2020-12-01,2020-12-01 11:10:00,125.04,125.08,125.04,125.08,0.03,402.36,50424.2,1
2020-12-01,2020-12-01 11:20:00,125.08,125.12,125.08,125.12,0.03,402.36,50424.2,1
2020-12-01,2020-12-01 11:30:00,125.12,125.17,125.12,125.17,0.04,402.36,50424.2,1
2020-12-01,2020-12-01 11:40:00,125.17,125.21,125.17,125.21,0.03,402.36,50424.2,1
2020-12-01,2020-12-01 11:50:00,125.21,125.25,125.21,125.25,0.03,402.36,50424.2,1
2020-12-01,2020-12-01 12:00:00,125.25,125.29,125.25,125.29,0.03,402.36,50424.2,1
2020-12-01,2020-12-01 12:10:00,125.29,125.33,125.29,125.33,0.03,402.36,50424.2,1
2020-12-01,2020-12-01 12:20:00,125.33,125.38,125.33,125.38,0.04,402.36,50424.2,1
2020-12-01,2020-12-01 12:30:00,125.38,125.42,125.38,125.42,0.03,402.36,50424.2,1
2020-12-01,2020-12-01 12:40:00,125.42,125.46,125.42,125.46,0.03,402.36,50424.2,1
2020-12-01,2020-12-01 12:50:00,125.46,125.5,125.46,125.5,0.03,402.36,50424.2,1
2020-12-01,2020-12-01 13:00:00,125.5,127.0,124.0,125.54,0.03,402.36,50424.2,1
2020-12-01,2020-12-01 13:10:00,125.54,125.58,125.54,125.58,0.03,402.36,50424.2,1
2020-12-01,2020-12-01 13:20:00,125.58,125.62,125.58,125.62,0.03,402.36,50424.2,1
2020-12-01,2020-12-01 13:30:00,125.62,125.67,125.62,125.67,0.04,402.36,50424.2,1
2020-12-01,2020-12-01 13:40:00,125.67,125.71,125.67,125.71,0.03,402.36,50424.2,1
2020-12-01,2020-12-01 13:50:00,125.71,125.75,125.71,125.75,0.03,402.36,50424.2,1
2020-12-01,2020-12-01 14:00:00,125.75,125.79,125.75,125.79,0.03,402.36,50424.2,1
2020-12-01,2020-12-01 14:10:00,125.79,125.83,125.79,125.83,0.03,402.36,50424.2,1
2020-12-01,2020-12-01 14:20:00,125.83,125.88,125.83,125.88,0.04,402.36,50424.2,1
2020-12-01,2020-12-01 14:30:00,125.88,125.92,125.88,125.92,0.03,402.36,50424.2,1
2020-12-01,2020-12-01 14:40:00,125.92,125.96,125.92,125.96,0.03,402.36,50424.2,1
2020-12-01,2020-12-01 14:50:00,125.96,126.0,125.96,126.0,0.03,402.36,50424.2,1
2020-12-01,2020-12-01 15:00:00,126.0,127.0,124.0,126.0,0.0,402.36,50424.2,0
2020-12-02,2020-12-02 11:00:00,124.0,124.6,123.4,123.96,-0.03,450.0,55886.6,-1
2020-12-02,2020-12-02 11:10:00,123.96,123.96,123.92,123.92,-0.03,450.0,55886.6,-1
2020-12-02,2020-12-02 11:20:00,123.92,123.92,123.88,123.88,-0.03,450.0,55886.6,-1
2020-12-02,2020-12-02 11:30:00,123.88,123.88,123.83,123.83,-0.04,450.0,55886.6,-1
2020-12-02,2020-12-02 11:40:00,123.83,123.83,123.79,123.79,-0.03,450.0,55886.6,-1
2020-12-02,2020-12-02 11:50:00,123.79,123.79,123.75,123.75,-0.03,450.0,55886.6,-1
2020-12-02,2020-12-02 12:00:00,123.75,123.75,123.71,123.71,-0.03,450.0,55886.6,-1
2020-12-02,2020-12-02 12:10:00,123.71,123.71,123.67,123.67,-0.03,450.0,55886.6,-1
2020-12-02,2020-12-02 12:20:00,123.67,123.67,123.62,123.62,-0.04,450.0,55886.6,-1
2020-12-02,2020-12-02 12:30:00,123.62,123.62,123.58,123.58,-0.03,450.0,55886.6,-1
2020-12-02,2020-12-02 12:40:00,123.58,123.58,123.54,123.54,-0.03,450.0,55886.6,-1
2020-12-02,2020-12-02 12:50:00,123.54,123.54,123.5,123.5,-0.03,450.0,55886.6,-1
2020-12-02,2020-12-02 13:00:00,123.5,126.0,122.0,123.46,-0.03,450.0,55886.6,-1
2020-12-02,2020-12-02 13:10:00,123.46,123.46,123.42,123.42,-0.03,450.0,55886.6,-1
2020-12-02,2020-12-02 13:20:00,123.42,123.42,123.38,123.38,-0.03,450.0,55886.6,-1
2020-12-02,2020-12-02 13:30:00,123.38,123.38,123.33,123.33,-0.04,450.0,55886.6,-1
2020-12-02,2020-12-02 13:40:00,123.33,123.33,123.29,123.29,-0.03,450.0,55886.6,-1
2020-12-02,2020-12-02 13:50:00,123.29,123.29,123.25,123.25,-0.03,450.0,55886.6,-1
2020-12-02,2020-12-02 14:00:00,123.25,123.25,123.21,123.21,-0.03,450.0,55886.6,-1
2020-12-02,2020-12-02 14:10:00,123.21,123.21,123.17,123.17,-0.03,450.0,55886.6,-1
2020-12-02,2020-12-02 14:20:00,123.17,123.17,123.12,123.12,-0.04,450.0,55886.6,-1
2020-12-02,2020-12-02 14:30:00,123.12,123.12,123.08,123.08,-0.03,450.0,55886.6,-1
2020-12-02,2020-12-02 14:40:00,123.08,123.08,123.04,123.04,-0.03,450.0,55886.6,-1
2020-12-02,2020-12-02 14:50:00,123.04,123.04,123.0,123.0,-0.03,450.0,55886.6,-1
2020-12-02,2020-12-02 15:00:00,123.0,126.0,122.0,123.0,0.0,450.0,55886.6,0
2020-12-03,2020-12-03 11:00:00,121.0,122.2,121.0,121.08,0.07,410.76,50277.12,1
2020-12-03,2020-12-03 11:10:00,121.08,121.17,121.08,121.17,0.07,410.76,50277.12,1
2020-12-03,2020-12-03 11:20:00,121.17,121.25,121.17,121.25,0.07,410.76,50277.12,1
2020-12-03,2020-12-03 11:30:00,121.25,121.33,121.25,121.33,0.07,410.76,50277.12,1
2020-12-03,2020-12-03 11:40:00,121.33,121.42,121.33,121.42,0.07,410.76,50277.12,1
2020-12-03,2020-12-03 11:50:00,121.42,121.5,121.42,121.5,0.07,410.76,50277.12,1
2020-12-03,2020-12-03 12:00:00,121.5,121.58,121.5,121.58,0.07,410.76,50277.12,1
2020-12-03,2020-12-03 12:10:00,121.58,121.67,121.58,121.67,0.07,410.76,50277.12,1
2020-12-03,2020-12-03 12:20:00,121.67,121.75,121.67,121.75,0.07,410.76,50277.12,1
2020-12-03,2020-12-03 12:30:00,121.75,121.83,121.75,121.83,0.07,410.76,50277.12,1
2020-12-03,2020-12-03 12:40:00,121.83,121.92,121.83,121.92,0.07,410.76,50277.12,1
2020-12-03,2020-12-03 12:50:00,121.92,122.0,121.92,122.0,0.07,410.76,50277.12,1
2020-12-03,2020-12-03 13:00:00,122.0,125.0,121.0,122.08,0.07,410.76,50277.12,1
2020-12-03,2020-12-03 13:10:00,122.08,122.17,122.08,122.17,0.07,410.76,50277.12,1
2020-12-03,2020-12-03 13:20:00,122.17,122.25,122.17,122.25,0.07,410.76,50277.12,1
2020-12-03,2020-12-03 13:30:00,122.25,122.33,122.25,122.33,0.07,410.76,50277.12,1
2020-12-03,2020-12-03 13:40:00,122.33,122.42,122.33,122.42,0.07,410.76,50277.12,1
2020-12-03,2020-12-03 13:50:00,122.42,122.5,122.42,122.5,0.07,410.76,50277.12,1
2020-12-03,2020-12-03 14:00:00,122.5,122.58,122.5,122.58,0.07,410.76,50277.12,1
2020-12-03,2020-12-03 14:10:00,122.58,122.67,122.58,122.67,0.07,410.76,50277.12,1
2020-12-03,2020-12-03 14:20:00,122.67,122.75,122.67,122.75,0.07,410.76,50277.12,1
2020-12-03,2020-12-03 14:30:00,122.75,122.83,122.75,122.83,0.07,410.76,50277.12,1
2020-12-03,2020-12-03 14:40:00,122.83,122.92,122.83,122.92,0.07,410.76,50277.12,1
2020-12-03,2020-12-03 14:50:00,122.92,123.0,122.92,123.0,0.07,410.76,50277.12,1
2020-12-03,2020-12-03 15:00:00,123.0,125.0,121.0,123.0,0.0,410.76,50277.12,0
2020-12-06,2020-12-06 11:00:00,122.0,123.2,121.1,121.88,-0.1,222.4,26806.0,-1
2020-12-06,2020-12-06 11:10:00,121.88,121.88,121.75,121.75,-0.11,222.4,26806.0,-1
2020-12-06,2020-12-06 11:20:00,121.75,121.75,121.62,121.62,-0.11,222.4,26806.0,-1
2020-12-06,2020-12-06 11:30:00,121.62,121.62,121.5,121.5,-0.1,222.4,26806.0,-1
2020-12-06,2020-12-06 11:40:00,121.5,121.5,121.38,121.38,-0.1,222.4,26806.0,-1
2020-12-06,2020-12-06 11:50:00,121.38,121.38,121.25,121.25,-0.11,222.4,26806.0,-1
2020-12-06,2020-12-06 12:00:00,121.25,121.25,121.12,121.12,-0.11,222.4,26806.0,-1
2020-12-06,2020-12-06 12:10:00,121.12,121.12,121.0,121.0,-0.1,222.4,26806.0,-1
2020-12-06,2020-12-06 12:20:00,121.0,121.0,120.88,120.88,-0.1,222.4,26806.0,-1
2020-12-06,2020-12-06 12:30:00,120.88,120.88,120.75,120.75,-0.11,222.4,26806.0,-1
2020-12-06,2020-12-06 12:40:00,120.75,120.75,120.62,120.62,-0.11,222.4,26806.0,-1
2020-12-06,2020-12-06 12:50:00,120.62,120.62,120.5,120.5,-0.1,222.4,26806.0,-1
2020-12-06,2020-12-06 13:00:00,120.5,126.0,119.0,120.38,-0.1,222.4,26806.0,-1
2020-12-06,2020-12-06 13:10:00,120.38,120.38,120.25,120.25,-0.11,222.4,26806.0,-1
2020-12-06,2020-12-06 13:20:00,120.25,120.25,120.12,120.12,-0.11,222.4,26806.0,-1
2020-12-06,2020-12-06 13:30:00,120.12,120.12,120.0,120.0,-0.1,222.4,26806.0,-1
2020-12-06,2020-12-06 13:40:00,120.0,120.0,119.88,119.88,-0.1,222.4,26806.0,-1
2020-12-06,2020-12-06 13:50:00,119.88,119.88,119.75,119.75,-0.11,222.4,26806.0,-1
2020-12-06,2020-12-06 14:00:00,119.75,119.75,119.62,119.62,-0.11,222.4,26806.0,-1
2020-12-06,2020-12-06 14:10:00,119.62,119.62,119.5,119.5,-0.1,222.4,26806.0,-1
2020-12-06,2020-12-06 14:20:00,119.5,119.5,119.38,119.38,-0.1,222.4,26806.0,-1
2020-12-06,2020-12-06 14:30:00,119.38,119.38,119.25,119.25,-0.11,222.4,26806.0,-1
2020-12-06,2020-12-06 14:40:00,119.25,119.25,119.12,119.12,-0.11,222.4,26806.0,-1
2020-12-06,2020-12-06 14:50:00,119.12,119.12,119.0,119.0,-0.1,222.4,26806.0,-1
2020-12-06,2020-12-06 15:00:00,119.0,126.0,119.0,119.0,0.0,222.4,26806.0,0
2020-12-07,2020-12-07 11:00:00,118.0,119.8,117.1,118.08,0.07,372.36,44789.24,1
2020-12-07,2020-12-07 11:10:00,118.08,118.17,118.08,118.17,0.08,372.36,44789.24,1
2020-12-07,2020-12-07 11:20:00,118.17,118.25,118.17,118.25,0.07,372.36,44789.24,1
2020-12-07,2020-12-07 11:30:00,118.25,118.33,118.25,118.33,0.07,372.36,44789.24,1
2020-12-07,2020-12-07 11:40:00,118.33,118.42,118.33,118.42,0.08,372.36,44789.24,1
2020-12-07,2020-12-07 11:50:00,118.42,118.5,118.42,118.5,0.07,372.36,44789.24,1
2020-12-07,2020-12-07 12:00:00,118.5,118.58,118.5,118.58,0.07,372.36,44789.24,1
2020-12-07,2020-12-07 12:10:00,118.58,118.67,118.58,118.67,0.08,372.36,44789.24,1
2020-12-07,2020-12-07 12:20:00,118.67,118.75,118.67,118.75,0.07,372.36,44789.24,1
2020-12-07,2020-12-07 12:30:00,118.75,118.83,118.75,118.83,0.07,372.36,44789.24,1
2020-12-07,2020-12-07 12:40:00,118.83,118.92,118.83,118.92,0.08,372.36,44789.24,1
2020-12-07,2020-12-07 12:50:00,118.92,119.0,118.92,119.0,0.07,372.36,44789.24,1
2020-12-07,2020-12-07 13:00:00,119.0,124.0,115.0,119.08,0.07,372.36,44789.24,1
2020-12-07,2020-12-07 13:10:00,119.08,119.17,119.08,119.17,0.08,372.36,44789.24,1
2020-12-07,2020-12-07 13:20:00,119.17,119.25,119.17,119.25,0.07,372.36,44789.24,1
2020-12-07,2020-12-07 13:30:00,119.25,119.33,119.25,119.33,0.07,372.36,44789.24,1
2020-12-07,2020-12-07 13:40:00,119.33,119.42,119.33,119.42,0.08,372.36,44789.24,1
2020-12-07,2020-12-07 13:50:00,119.42,119.5,119.42,119.5,0.07,372.36,44789.24,1
2020-12-07,2020-12-07 14:00:00,119.5,119.58,119.5,119.58,0.07,372.36,44789.24,1
2020-12-07,2020-12-07 14:10:00,119.58,119.67,119.58,119.67,0.08,372.36,44789.24,1
2020-12-07,2020-12-07 14:20:00,119.67,119.75,119.67,119.75,0.07,372.36,44789.24,1
2020-12-07,2020-12-07 14:30:00,119.75,119.83,119.75,119.83,0.07,372.36,44789.24,1
2020-12-07,2020-12-07 14:40:00,119.83,119.92,119.83,119.92,0.08,372.36,44789.24,1
2020-12-07,2020-12-07 14:50:00,119.92,120.0,119.92,120.0,0.07,372.36,44789.24,1
2020-12-07,2020-12-07 15:00:00,120.0,124.0,115.0,120.0,0.0,372.36,44789.24,0
2020-12-08,2020-12-08 11:00:00,120.0,123.0,120.0,120.12,0.1,1035.4,129538.28,1
2020-12-08,2020-12-08 11:10:00,120.12,120.25,120.12,120.25,0.11,1035.4,129538.28,1
2020-12-08,2020-12-08 11:20:00,120.25,120.38,120.25,120.38,0.11,1035.4,129538.28,1
2020-12-08,2020-12-08 11:30:00,120.38,120.5,120.38,120.5,0.1,1035.4,129538.28,1
2020-12-08,2020-12-08 11:40:00,120.5,120.62,120.5,120.62,0.1,1035.4,129538.28,1
2020-12-08,2020-12-08 11:50:00,120.62,120.75,120.62,120.75,0.11,1035.4,129538.28,1
2020-12-08,2020-12-08 12:00:00,120.75,120.88,120.75,120.88,0.11,1035.4,129538.28,1
2020-12-08,2020-12-08 12:10:00,120.88,121.0,120.88,121.0,0.1,1035.4,129538.28,1
2020-12-08,2020-12-08 12:20:00,121.0,121.12,121.0,121.12,0.1,1035.4,129538.28,1
2020-12-08,2020-12-08 12:30:00,121.12,121.25,121.12,121.25,0.11,1035.4,129538.28,1
2020-12-08,2020-12-08 12:40:00,121.25,121.38,121.25,121.38,0.11,1035.4,129538.28,1
2020-12-08,2020-12-08 12:50:00,121.38,121.5,121.38,121.5,0.1,1035.4,129538.28,1
2020-12-08,2020-12-08 13:00:00,121.5,130.0,120.0,121.62,0.1,1035.4,129538.28,1
2020-12-08,2020-12-08 13:10:00,121.62,121.75,121.62,121.75,0.11,1035.4,129538.28,1
2020-12-08,2020-12-08 13:20:00,121.75,121.88,121.75,121.88,0.11,1035.4,129538.28,1
2020-12-08,2020-12-08 13:30:00,121.88,122.0,121.88,122.0,0.1,1035.4,129538.28,1
2020-12-08,2020-12-08 13:40:00,122.0,122.12,122.0,122.12,0.1,1035.4,129538.28,1
2020-12-08,2020-12-08 13:50:00,122.12,122.25,122.12,122.25,0.11,1035.4,129538.28,1
2020-12-08,2020-12-08 14:00:00,122.25,122.38,122.25,122.38,0.11,1035.4,129538.28,1
2020-12-08,2020-12-08 14:10:00,122.38,122.5,122.38,122.5,0.1,1035.4,129538.28,1
2020-12-08,2020-12-08 14:20:00,122.5,122.62,122.5,122.62,0.1,1035.4,129538.28,1
2020-12-08,2020-12-08 14:30:00,122.62,122.75,122.62,122.75,0.11,1035.4,129538.28,1
2020-12-08,2020-12-08 14:40:00,122.75,122.88,122.75,122.88,0.11,1035.4,129538.28,1
2020-12-08,2020-12-08 14:50:00,122.88,123.0,122.88,123.0,0.1,1035.4,129538.28,1
2020-12-08,2020-12-08 15:00:00,123.0,130.0,120.0,123.0,0.0,1035.4,129538.28,0
2020-12-09,2020-12-09 11:00:00,121.0,121.6,120.4,121.0,0.0,232.72,28165.12,0
2020-12-09,2020-12-09 11:10:00,121.0,121.0,121.0,121.0,0.0,232.72,28165.12,0
2020-12-09,2020-12-09 11:20:00,121.0,121.0,121.0,121.0,0.0,232.72,28165.12,0
2020-12-09,2020-12-09 11:30:00,121.0,121.0,121.0,121.0,0.0,232.72,28165.12,0
2020-12-09,2020-12-09 11:40:00,121.0,121.0,121.0,121.0,0.0,232.72,28165.12,0
2020-12-09,2020-12-09 11:50:00,121.0,121.0,121.0,121.0,0.0,232.72,28165.12,0
2020-12-09,2020-12-09 12:00:00,121.0,121.0,121.0,121.0,0.0,232.72,28165.12,0
2020-12-09,2020-12-09 12:10:00,121.0,121.0,121.0,121.0,0.0,232.72,28165.12,0
2020-12-09,2020-12-09 12:20:00,121.0,121.0,121.0,121.0,0.0,232.72,28165.12,0
2020-12-09,2020-12-09 12:30:00,121.0,121.0,121.0,121.0,0.0,232.72,28165.12,0
2020-12-09,2020-12-09 12:40:00,121.0,121.0,121.0,121.0,0.0,232.72,28165.12,0
2020-12-09,2020-12-09 12:50:00,121.0,121.0,121.0,121.0,0.0,232.72,28165.12,0
2020-12-09,2020-12-09 13:00:00,121.0,123.0,119.0,121.0,0.0,232.72,28165.12,0
2020-12-09,2020-12-09 13:10:00,121.0,121.0,121.0,121.0,0.0,232.72,28165.12,0
2020-12-09,2020-12-09 13:20:00,121.0,121.0,121.0,121.0,0.0,232.72,28165.12,0
2020-12-09,2020-12-09 13:30:00,121.0,121.0,121.0,121.0,0.0,232.72,28165.12,0
2020-12-09,2020-12-09 13:40:00,121.0,121.0,121.0,121.0,0.0,232.72,28165.12,0
2020-12-09,2020-12-09 13:50:00,121.0,121.0,121.0,121.0,0.0,232.72,28165.12,0
2020-12-09,2020-12-09 14:00:00,121.0,121.0,121.0,121.0,0.0,232.72,28165.12,0
2020-12-09,2020-12-09 14:10:00,121.0,121.0,121.0,121.0,0.0,232.72,28165.12,0
2020-12-09,2020-12-09 14:20:00,121.0,121.0,121.0,121.0,0.0,232.72,28165.12,0
2020-12-09,2020-12-09 14:30:00,121.0,121.0,121.0,121.0,0.0,232.72,28165.12,0
2020-12-09,2020-12-09 14:40:00,121.0,121.0,121.0,121.0,0.0,232.72,28165.12,0
2020-12-09,2020-12-09 14:50:00,121.0,121.0,121.0,121.0,0.0,232.72,28165.12,0
2020-12-09,2020-12-09 15:00:00,121.0,123.0,119.0,121.0,0.0,232.72,28165.12,0
2020-12-10,2020-12-10 11:00:00,123.0,123.0,120.9,122.79,-0.17,463.44,54533.88,-1
2020-12-10,2020-12-10 11:10:00,122.79,122.79,122.58,122.58,-0.17,463.44,54533.88,-1
2020-12-10,2020-12-10 11:20:00,122.58,122.58,122.38,122.38,-0.16,463.44,54533.88,-1
2020-12-10,2020-12-10 11:30:00,122.38,122.38,122.17,122.17,-0.17,463.44,54533.88,-1
2020-12-10,2020-12-10 11:40:00,122.17,122.17,121.96,121.96,-0.17,463.44,54533.88,-1
2020-12-10,2020-12-10 11:50:00,121.96,121.96,121.75,121.75,-0.17,463.44,54533.88,-1
2020-12-10,2020-12-10 12:00:00,121.75,121.75,121.54,121.54,-0.17,463.44,54533.88,-1
2020-12-10,2020-12-10 12:10:00,121.54,121.54,121.33,121.33,-0.17,463.44,54533.88,-1
2020-12-10,2020-12-10 12:20:00,121.33,121.33,121.12,121.12,-0.17,463.44,54533.88,-1
2020-12-10,2020-12-10 12:30:00,121.12,121.12,120.92,120.92,-0.17,463.44,54533.88,-1
2020-12-10,2020-12-10 12:40:00,120.92,120.92,120.71,120.71,-0.17,463.44,54533.88,-1
2020-12-10,2020-12-10 12:50:00,120.71,120.71,120.5,120.5,-0.17,463.44,54533.88,-1
2020-12-10,2020-12-10 13:00:00,120.5,123.0,116.0,120.29,-0.17,463.44,54533.88,-1
2020-12-10,2020-12-10 13:10:00,120.29,120.29,120.08,120.08,-0.17,463.44,54533.88,-1
2020-12-10,2020-12-10 13:20:00,120.08,120.08,119.88,119.88,-0.17,463.44,54533.88,-1
2020-12-10,2020-12-10 13:30:00,119.88,119.88,119.67,119.67,-0.18,463.44,54533.88,-1
2020-12-10,2020-12-10 13:40:00,119.67,119.67,119.46,119.46,-0.18,463.44,54533.88,-1
2020-12-10,2020-12-10 13:50:00,119.46,119.46,119.25,119.25,-0.18,463.44,54533.88,-1
2020-12-10,2020-12-10 14:00:00,119.25,119.25,119.04,119.04,-0.18,463.44,54533.88,-1
2020-12-10,2020-12-10 14:10:00,119.04,119.04,118.83,118.83,-0.18,463.44,54533.88,-1
2020-12-10,2020-12-10 14:20:00,118.83,118.83,118.62,118.62,-0.18,463.44,54533.88,-1
2020-12-10,2020-12-10 14:30:00,118.62,118.62,118.42,118.42,-0.17,463.44,54533.88,-1
2020-12-10,2020-12-10 14:40:00,118.42,118.42,118.21,118.21,-0.18,463.44,54533.88,-1
2020-12-10,2020-12-10 14:50:00,118.21,118.21,118.0,118.0,-0.18,463.44,54533.88,-1
2020-12-10,2020-12-10 15:00:00,118.0,123.0,116.0,118.0,0.0,463.44,54533.88,0
2020-12-13,2020-12-13 11:00:00,118.0,118.6,117.4,118.0,0.0,568.32,67067.2,0
2020-12-13,2020-12-13 11:10:00,118.0,118.0,118.0,118.0,0.0,568.32,67067.2,0
2020-12-13,2020-12-13 11:20:00,118.0,118.0,118.0,118.0,0.0,568.32,67067.2,0
2020-12-13,2020-12-13 11:30:00,118.0,118.0,118.0,118.0,0.0,568.32,67067.2,0
2020-12-13,2020-12-13 11:40:00,118.0,118.0,118.0,118.0,0.0,568.32,67067.2,0
2020-12-13,2020-12-13 11:50:00,118.0,118.0,118.0,118.0,0.0,568.32,67067.2,0
2020-12-13,2020-12-13 12:00:00,118.0,118.0,118.0,118.0,0.0,568.32,67067.2,0
2020-12-13,2020-12-13 12:10:00,118.0,118.0,118.0,118.0,0.0,568.32,67067.2,0
2020-12-13,2020-12-13 12:20:00,118.0,118.0,118.0,118.0,0.0,568.32,67067.2,0
2020-12-13,2020-12-13 12:30:00,118.0,118.0,118.0,118.0,0.0,568.32,67067.2,0
2020-12-13,2020-12-13 12:40:00,118.0,118.0,118.0,118.0,0.0,568.32,67067.2,0
2020-12-13,2020-12-13 12:50:00,118.0,118.0,118.0,118.0,0.0,568.32,67067.2,0
2020-12-13,2020-12-13 13:00:00,118.0,120.0,116.0,118.0,0.0,568.32,67067.2,0
2020-12-13,2020-12-13 13:10:00,118.0,118.0,118.0,118.0,0.0,568.32,67067.2,0
2020-12-13,2020-12-13 13:20:00,118.0,118.0,118.0,118.0,0.0,568.32,67067.2,0
2020-12-13,2020-12-13 13:30:00,118.0,118.0,118.0,118.0,0.0,568.32,67067.2,0
2020-12-13,2020-12-13 13:40:00,118.0,118.0,118.0,118.0,0.0,568.32,67067.2,0
2020-12-13,2020-12-13 13:50:00,118.0,118.0,118.0,118.0,0.0,568.32,67067.2,0
2020-12-13,2020-12-13 14:00:00,118.0,118.0,118.0,118.0,0.0,568.32,67067.2,0
2020-12-13,2020-12-13 14:10:00,118.0,118.0,118.0,118.0,0.0,568.32,67067.2,0
2020-12-13,2020-12-13 14:20:00,118.0,118.0,118.0,118.0,0.0,568.32,67067.2,0
2020-12-13,2020-12-13 14:30:00,118.0,118.0,118.0,118.0,0.0,568.32,67067.2,0
2020-12-13,2020-12-13 14:40:00,118.0,118.0,118.0,118.0,0.0,568.32,67067.2,0
2020-12-13,2020-12-13 14:50:00,118.0,118.0,118.0,118.0,0.0,568.32,67067.2,0
2020-12-13,2020-12-13 15:00:00,118.0,120.0,116.0,118.0,0.0,568.32,67067.2,0
2020-12-14,2020-12-14 11:00:00,120.0,121.8,119.1,120.0,0.0,281.0,33866.2,0
2020-12-14,2020-12-14 11:10:00,120.0,120.0,120.0,120.0,0.0,281.0,33866.2,0
2020-12-14,2020-12-14 11:20:00,120.0,120.0,120.0,120.0,0.0,281.0,33866.2,0
2020-12-14,2020-12-14 11:30:00,120.0,120.0,120.0,120.0,0.0,281.0,33866.2,0
2020-12-14,2020-12-14 11:40:00,120.0,120.0,120.0,120.0,0.0,281.0,33866.2,0
2020-12-14,2020-12-14 11:50:00,120.0,120.0,120.0,120.0,0.0,281.0,33866.2,0
2020-12-14,2020-12-14 12:00:00,120.0,120.0,120.0,120.0,0.0,281.0,33866.2,0
2020-12-14,2020-12-14 12:10:00,120.0,120.0,120.0,120.0,0.0,281.0,33866.2,0
2020-12-14,2020-12-14 12:20:00,120.0,120.0,120.0,120.0,0.0,281.0,33866.2,0
2020-12-14,2020-12-14 12:30:00,120.0,120.0,120.0,120.0,0.0,281.0,33866.2,0
2020-12-14,2020-12-14 12:40:00,120.0,120.0,120.0,120.0,0.0,281.0,33866.2,0
2020-12-14,2020-12-14 12:50:00,120.0,120.0,120.0,120.0,0.0,281.0,33866.2,0
2020-12-14,2020-12-14 13:00:00,120.0,126.0,117.0,120.0,0.0,281.0,33866.2,0
2020-12-14,2020-12-14 13:10:00,120.0,120.0,120.0,120.0,0.0,281.0,33866.2,0
2020-12-14,2020-12-14 13:20:00,120.0,120.0,120.0,120.0,0.0,281.0,33866.2,0
2020-12-14,2020-12-14 13:30:00,120.0,120.0,120.0,120.0,0.0,281.0,33866.2,0
2020-12-14,2020-12-14 13:40:00,120.0,120.0,120.0,120.0,0.0,281.0,33866.2,0
2020-12-14,2020-12-14 13:50:00,120.0,120.0,120.0,120.0,0.0,281.0,33866.2,0
2020-12-14,2020-12-14 14:00:00,120.0,120.0,120.0,120.0,0.0,281.0,33866.2,0
2020-12-14,2020-12-14 14:10:00,120.0,120.0,120.0,120.0,0.0,281.0,33866.2,0
2020-12-14,2020-12-14 14:20:00,120.0,120.0,120.0,120.0,0.0,281.0,33866.2,0
2020-12-14,2020-12-14 14:30:00,120.0,120.0,120.0,120.0,0.0,281.0,33866.2,0
2020-12-14,2020-12-14 14:40:00,120.0,120.0,120.0,120.0,0.0,281.0,33866.2,0
2020-12-14,2020-12-14 14:50:00,120.0,120.0,120.0,120.0,0.0,281.0,33866.2,0
2020-12-14,2020-12-14 15:00:00,120.0,126.0,117.0,120.0,0.0,281.0,33866.2,0
2020-12-15,2020-12-15 11:00:00,119.0,119.3,118.4,119.04,0.03,175.24,20705.56,1
2020-12-15,2020-12-15 11:10:00,119.04,119.08,119.04,119.08,0.03,175.24,20705.56,1
2020-12-15,2020-12-15 11:20:00,119.08,119.12,119.08,119.12,0.03,175.24,20705.56,1
2020-12-15,2020-12-15 11:30:00,119.12,119.17,119.12,119.17,0.04,175.24,20705.56,1
2020-12-15,2020-12-15 11:40:00,119.17,119.21,119.17,119.21,0.03,175.24,20705.56,1
2020-12-15,2020-12-15 11:50:00,119.21,119.25,119.21,119.25,0.03,175.24,20705.56,1
2020-12-15,2020-12-15 12:00:00,119.25,119.29,119.25,119.29,0.03,175.24,20705.56,1
2020-12-15,2020-12-15 12:10:00,119.29,119.33,119.29,119.33,0.03,175.24,20705.56,1
2020-12-15,2020-12-15 12:20:00,119.33,119.38,119.33,119.38,0.04,175.24,20705.56,1
2020-12-15,2020-12-15 12:30:00,119.38,119.42,119.38,119.42,0.03,175.24,20705.56,1
2020-12-15,2020-12-15 12:40:00,119.42,119.46,119.42,119.46,0.03,175.24,20705.56,1
2020-12-15,2020-12-15 12:50:00,119.46,119.5,119.46,119.5,0.03,175.24,20705.56,1
2020-12-15,2020-12-15 13:00:00,119.5,120.0,117.0,119.54,0.03,175.24,20705.56,1
2020-12-15,2020-12-15 13:10:00,119.54,119.58,119.54,119.58,0.03,175.24,20705.56,1
2020-12-15,2020-12-15 13:20:00,119.58,119.62,119.58,119.62,0.03,175.24,20705.56,1
2020-12-15,2020-12-15 13:30:00,119.62,119.67,119.62,119.67,0.04,175.24,20705.56,1
2020-12-15,2020-12-15 13:40:00,119.67,119.71,119.67,119.71,0.03,175.24,20705.56,1
2020-12-15,2020-12-15 13:50:00,119.71,119.75,119.71,119.75,0.03,175.24,20705.56,1
2020-12-15,2020-12-15 14:00:00,119.75,119.79,119.75,119.79,0.03,175.24,20705.56,1
2020-12-15,2020-12-15 14:10:00,119.79,119.83,119.79,119.83,0.03,175.24,20705.56,1
2020-12-15,2020-12-15 14:20:00,119.83,119.88,119.83,119.88,0.04,175.24,20705.56,1
2020-12-15,2020-12-15 14:30:00,119.88,119.92,119.88,119.92,0.03,175.24,20705.56,1
2020-12-15,2020-12-15 14:40:00,119.92,119.96,119.92,119.96,0.03,175.24,20705.56,1
2020-12-15,2020-12-15 14:50:00,119.96,120.0,119.96,120.0,0.03,175.24,20705.56,1
2020-12-15,2020-12-15 15:00:00,120.0,120.0,117.0,120.0,0.0,175.24,20705.56,0
2020-12-16,2020-12-16 11:00:00,118.0,119.2,117.4,118.08,0.07,298.84,35708.32,1
2020-12-16,2020-12-16 11:10:00,118.08,118.17,118.08,118.17,0.08,298.84,35708.32,1
2020-12-16,2020-12-16 11:20:00,118.17,118.25,118.17,118.25,0.07,298.84,35708.32,1
2020-12-16,2020-12-16 11:30:00,118.25,118.33,118.25,118.33,0.07,298.84,35708.32,1
2020-12-16,2020-12-16 11:40:00,118.33,118.42,118.33,118.42,0.08,298.84,35708.32,1
2020-12-16,2020-12-16 11:50:00,118.42,118.5,118.42,118.5,0.07,298.84,35708.32,1
2020-12-16,2020-12-16 12:00:00,118.5,118.58,118.5,118.58,0.07,298.84,35708.32,1
2020-12-16,2020-12-16 12:10:00,118.58,118.67,118.58,118.67,0.08,298.84,35708.32,1
2020-12-16,2020-12-16 12:20:00,118.67,118.75,118.67,118.75,0.07,298.84,35708.32,1
2020-12-16,2020-12-16 12:30:00,118.75,118.83,118.75,118.83,0.07,298.84,35708.32,1
2020-12-16,2020-12-16 12:40:00,118.83,118.92,118.83,118.92,0.08,298.84,35708.32,1
2020-12-16,2020-12-16 12:50:00,118.92,119.0,118.92,119.0,0.07,298.84,35708.32,1
2020-12-16,2020-12-16 13:00:00,119.0,122.0,116.0,119.08,0.07,298.84,35708.32,1
2020-12-16,2020-12-16 13:10:00,119.08,119.17,119.08,119.17,0.08,298.84,35708.32,1
2020-12-16,2020-12-16 13:20:00,119.17,119.25,119.17,119.25,0.07,298.84,35708.32,1
2020-12-16,2020-12-16 13:30:00,119.25,119.33,119.25,119.33,0.07,298.84,35708.32,1
2020-12-16,2020-12-16 13:40:00,119.33,119.42,119.33,119.42,0.08,298.84,35708.32,1
2020-12-16,2020-12-16 13:50:00,119.42,119.5,119.42,119.5,0.07,298.84,35708.32,1
2020-12-16,2020-12-16 14:00:00,119.5,119.58,119.5,119.58,0.07,298.84,35708.32,1
2020-12-16,2020-12-16 14:10:00,119.58,119.67,119.58,119.67,0.08,298.84,35708.32,1
2020-12-16,2020-12-16 14:20:00,119.67,119.75,119.67,119.75,0.07,298.84,35708.32,1
2020-12-16,2020-12-16 14:30:00,119.75,119.83,119.75,119.83,0.07,298.84,35708.32,1
2020-12-16,2020-12-16 14:40:00,119.83,119.92,119.83,119.92,0.08,298.84,35708.32,1
2020-12-16,2020-12-16 14:50:00,119.92,120.0,119.92,120.0,0.07,298.84,35708.32,1
2020-12-16,2020-12-16 15:00:00,120.0,122.0,116.0,120.0,0.0,298.84,35708.32,0
2020-12-17,2020-12-17 11:00:00,118.0,118.0,117.4,117.92,-0.07,246.48,28768.24,-1
2020-12-17,2020-12-17 11:10:00,117.92,117.92,117.83,117.83,-0.08,246.48,28768.24,-1
2020-12-17,2020-12-17 11:20:00,117.83,117.83,117.75,117.75,-0.07,246.48,28768.24,-1
2020-12-17,2020-12-17 11:30:00,117.75,117.75,117.67,117.67,-0.07,246.48,28768.24,-1
2020-12-17,2020-12-17 11:40:00,117.67,117.67,117.58,117.58,-0.08,246.48,28768.24,-1
2020-12-17,2020-12-17 11:50:00,117.58,117.58,117.5,117.5,-0.07,246.48,28768.24,-1
2020-12-17,2020-12-17 12:00:00,117.5,117.5,117.42,117.42,-0.07,246.48,28768.24,-1
2020-12-17,2020-12-17 12:10:00,117.42,117.42,117.33,117.33,-0.08,246.48,28768.24,-1
2020-12-17,2020-12-17 12:20:00,117.33,117.33,117.25,117.25,-0.07,246.48,28768.24,-1
2020-12-17,2020-12-17 12:30:00,117.25,117.25,117.17,117.17,-0.07,246.48,28768.24,-1
2020-12-17,2020-12-17 12:40:00,117.17,117.17,117.08,117.08,-0.08,246.48,28768.24,-1
2020-12-17,2020-12-17 12:50:00,117.08,117.08,117.0,117.0,-0.07,246.48,28768.24,-1
2020-12-17,2020-12-17 13:00:00,117.0,118.0,116.0,116.92,-0.07,246.48,28768.24,-1
2020-12-17,2020-12-17 13:10:00,116.92,116.92,116.83,116.83,-0.08,246.48,28768.24,-1
2020-12-17,2020-12-17 13:20:00,116.83,116.83,116.75,116.75,-0.07,246.48,28768.24,-1
2020-12-17,2020-12-17 13:30:00,116.75,116.75,116.67,116.67,-0.07,246.48,28768.24,-1
2020-12-17,2020-12-17 13:40:00,116.67,116.67,116.58,116.58,-0.08,246.48,28768.24,-1
2020-12-17,2020-12-17 13:50:00,116.58,116.58,116.5,116.5,-0.07,246.48,28768.24,-1
2020-12-17,2020-12-17 14:00:00,116.5,116.5,116.42,116.42,-0.07,246.48,28768.24,-1
2020-12-17,2020-12-17 14:10:00,116.42,116.42,116.33,116.33,-0.08,246.48,28768.24,-1
2020-12-17,2020-12-17 14:20:00,116.33,116.33,116.25,116.25,-0.07,246.48,28768.24,-1
2020-12-17,2020-12-17 14:30:00,116.25,116.25,116.17,116.17,-0.07,246.48,28768.24,-1
2020-12-17,2020-12-17 14:40:00,116.17,116.17,116.08,116.08,-0.08,246.48,28768.24,-1
2020-12-17,2020-12-17 14:50:00,116.08,116.08,116.0,116.0,-0.07,246.48,28768.24,-1
2020-12-17,2020-12-17 15:00:00,116.0,118.0,116.0,116.0,0.0,246.48,28768.24,0
2020-12-20,2020-12-20 11:00:00,114.0,114.3,113.1,113.88,-0.11,279.84,31198.4,-1
2020-12-20,2020-12-20 11:10:00,113.88,113.88,113.75,113.75,-0.11,279.84,31198.4,-1
2020-12-20,2020-12-20 11:20:00,113.75,113.75,113.62,113.62,-0.11,279.84,31198.4,-1
2020-12-20,2020-12-20 11:30:00,113.62,113.62,113.5,113.5,-0.11,279.84,31198.4,-1
2020-12-20,2020-12-20 11:40:00,113.5,113.5,113.38,113.38,-0.11,279.84,31198.4,-1
2020-12-20,2020-12-20 11:50:00,113.38,113.38,113.25,113.25,-0.11,279.84,31198.4,-1
2020-12-20,2020-12-20 12:00:00,113.25,113.25,113.12,113.12,-0.11,279.84,31198.4,-1
2020-12-20,2020-12-20 12:10:00,113.12,113.12,113.0,113.0,-0.11,279.84,31198.4,-1
2020-12-20,2020-12-20 12:20:00,113.0,113.0,112.88,112.88,-0.11,279.84,31198.4,-1
2020-12-20,2020-12-20 12:30:00,112.88,112.88,112.75,112.75,-0.12,279.84,31198.4,-1
2020-12-20,2020-12-20 12:40:00,112.75,112.75,112.62,112.62,-0.12,279.84,31198.4,-1
2020-12-20,2020-12-20 12:50:00,112.62,112.62,112.5,112.5,-0.11,279.84,31198.4,-1
2020-12-20,2020-12-20 13:00:00,112.5,115.0,111.0,112.38,-0.11,279.84,31198.4,-1
2020-12-20,2020-12-20 13:10:00,112.38,112.38,112.25,112.25,-0.12,279.84,31198.4,-1
2020-12-20,2020-12-20 13:20:00,112.25,112.25,112.12,112.12,-0.12,279.84,31198.4,-1
2020-12-20,2020-12-20 13:30:00,112.12,112.12,112.0,112.0,-0.11,279.84,31198.4,-1
2020-12-20,2020-12-20 13:40:00,112.0,112.0,111.88,111.88,-0.11,279.84,31198.4,-1
2020-12-20,2020-12-20 13:50:00,111.88,111.88,111.75,111.75,-0.12,279.84,31198.4,-1
2020-12-20,2020-12-20 14:00:00,111.75,111.75,111.62,111.62,-0.12,279.84,31198.4,-1
2020-12-20,2020-12-20 14:10:00,111.62,111.62,111.5,111.5,-0.11,279.84,31198.4,-1
2020-12-20,2020-12-20 14:20:00,111.5,111.5,111.38,111.38,-0.11,279.84,31198.4,-1
2020-12-20,2020-12-20 14:30:00,111.38,111.38,111.25,111.25,-0.12,279.84,31198.4,-1
2020-12-20,2020-12-20 14:40:00,111.25,111.25,111.12,111.12,-0.12,279.84,31198.4,-1
2020-12-20,2020-12-20 14:50:00,111.12,111.12,111.0,111.0,-0.11,279.84,31198.4,-1
2020-12-20,2020-12-20 15:00:00,111.0,115.0,111.0,111.0,0.0,279.84,31198.4,0
2020-12-21,2020-12-21 11:00:00,109.0,110.8,108.4,109.21,0.19,452.28,50059.6,1
2020-12-21,2020-12-21 11:10:00,109.21,109.42,109.21,109.42,0.19,452.28,50059.6,1
2020-12-21,2020-12-21 11:20:00,109.42,109.62,109.42,109.62,0.18,452.28,50059.6,1
2020-12-21,2020-12-21 11:30:00,109.62,109.83,109.62,109.83,0.19,452.28,50059.6,1
2020-12-21,2020-12-21 11:40:00,109.83,110.04,109.83,110.04,0.19,452.28,50059.6,1
2020-12-21,2020-12-21 11:50:00,110.04,110.25,110.04,110.25,0.19,452.28,50059.6,1
2020-12-21,2020-12-21 12:00:00,110.25,110.46,110.25,110.46,0.19,452.28,50059.6,1
2020-12-21,2020-12-21 12:10:00,110.46,110.67,110.46,110.67,0.19,452.28,50059.6,1
2020-12-21,2020-12-21 12:20:00,110.67,110.88,110.67,110.88,0.19,452.28,50059.6,1
2020-12-21,2020-12-21 12:30:00,110.88,111.08,110.88,111.08,0.18,452.28,50059.6,1
2020-12-21,2020-12-21 12:40:00,111.08,111.29,111.08,111.29,0.19,452.28,50059.6,1
2020-12-21,2020-12-21 12:50:00,111.29,111.5,111.29,111.5,0.19,452.28,50059.6,1
2020-12-21,2020-12-21 13:00:00,111.5,115.0,107.0,111.71,0.19,452.28,50059.6,1
2020-12-21,2020-12-21 13:10:00,111.71,111.92,111.71,111.92,0.19,452.28,50059.6,1
2020-12-21,2020-12-21 13:20:00,111.92,112.12,111.92,112.12,0.18,452.28,50059.6,1
2020-12-21,2020-12-21 13:30:00,112.12,112.33,112.12,112.33,0.19,452.28,50059.6,1
2020-12-21,2020-12-21 13:40:00,112.33,112.54,112.33,112.54,0.19,452.28,50059.6,1
2020-12-21,2020-12-21 13:50:00,112.54,112.75,112.54,112.75,0.19,452.28,50059.6,1
2020-12-21,2020-12-21 14:00:00,112.75,112.96,112.75,112.96,0.19,452.28,50059.6,1
2020-12-21,2020-12-21 14:10:00,112.96,113.17,112.96,113.17,0.19,452.28,50059.6,1
2020-12-21,2020-12-21 14:20:00,113.17,113.38,113.17,113.38,0.19,452.28,50059.6,1
2020-12-21,2020-12-21 14:30:00,113.38,113.58,113.38,113.58,0.18,452.28,50059.6,1
2020-12-21,2020-12-21 14:40:00,113.58,113.79,113.58,113.79,0.18,452.28,50059.6,1
2020-12-21,2020-12-21 14:50:00,113.79,114.0,113.79,114.0,0.18,452.28,50059.6,1
2020-12-21,2020-12-21 15:00:00,114.0,115.0,107.0,114.0,0.0,452.28,50059.6,0
2020-12-22,2020-12-22 11:00:00,112.0,112.9,111.7,112.08,0.07,489.4,55220.2,1
2020-12-22,2020-12-22 11:10:00,112.08,112.17,112.08,112.17,0.08,489.4,55220.2,1
2020-12-22,2020-12-22 11:20:00,112.17,112.25,112.17,112.25,0.07,489.4,55220.2,1
2020-12-22,2020-12-22 11:30:00,112.25,112.33,112.25,112.33,0.07,489.4,55220.2,1
2020-12-22,2020-12-22 11:40:00,112.33,112.42,112.33,112.42,0.08,489.4,55220.2,1
2020-12-22,2020-12-22 11:50:00,112.42,112.5,112.42,112.5,0.07,489.4,55220.2,1
2020-12-22,2020-12-22 12:00:00,112.5,112.58,112.5,112.58,0.07,489.4,55220.2,1
2020-12-22,2020-12-22 12:10:00,112.58,112.67,112.58,112.67,0.08,489.4,55220.2,1
2020-12-22,2020-12-22 12:20:00,112.67,112.75,112.67,112.75,0.07,489.4,55220.2,1
2020-12-22,2020-12-22 12:30:00,112.75,112.83,112.75,112.83,0.07,489.4,55220.2,1
2020-12-22,2020-12-22 12:40:00,112.83,112.92,112.83,112.92,0.08,489.4,55220.2,1
2020-12-22,2020-12-22 12:50:00,112.92,113.0,112.92,113.0,0.07,489.4,55220.2,1
2020-12-22,2020-12-22 13:00:00,113.0,115.0,111.0,113.08,0.07,489.4,55220.2,1
2020-12-22,2020-12-22 13:10:00,113.08,113.17,113.08,113.17,0.08,489.4,55220.2,1
2020-12-22,2020-12-22 13:20:00,113.17,113.25,113.17,113.25,0.07,489.4,55220.2,1
2020-12-22,2020-12-22 13:30:00,113.25,113.33,113.25,113.33,0.07,489.4,55220.2,1
2020-12-22,2020-12-22 13:40:00,113.33,113.42,113.33,113.42,0.08,489.4,55220.2,1
2020-12-22,2020-12-22 13:50:00,113.42,113.5,113.42,113.5,0.07,489.4,55220.2,1
2020-12-22,2020-12-22 14:00:00,113.5,113.58,113.5,113.58,0.07,489.4,55220.2,1
2020-12-22,2020-12-22 14:10:00,113.58,113.67,113.58,113.67,0.08,489.4,55220.2,1
2020-12-22,2020-12-22 14:20:00,113.67,113.75,113.67,113.75,0.07,489.4,55220.2,1
2020-12-22,2020-12-22 14:30:00,113.75,113.83,113.75,113.83,0.07,489.4,55220.2,1
2020-12-22,2020-12-22 14:40:00,113.83,113.92,113.83,113.92,0.08,489.4,55220.2,1
2020-12-22,2020-12-22 14:50:00,113.92,114.0,113.92,114.0,0.07,489.4,55220.2,1
2020-12-22,2020-12-22 15:00:00,114.0,115.0,111.0,114.0,0.0,489.4,55220.2,0
2020-12-23,2020-12-23 11:00:00,113.0,113.0,112.1,112.92,-0.07,327.0,36493.2,-1
2020-12-23,2020-12-23 11:10:00,112.92,112.92,112.83,112.83,-0.08,327.0,36493.2,-1
2020-12-23,2020-12-23 11:20:00,112.83,112.83,112.75,112.75,-0.07,327.0,36493.2,-1
2020-12-23,2020-12-23 11:30:00,112.75,112.75,112.67,112.67,-0.07,327.0,36493.2,-1
2020-12-23,2020-12-23 11:40:00,112.67,112.67,112.58,112.58,-0.08,327.0,36493.2,-1
2020-12-23,2020-12-23 11:50:00,112.58,112.58,112.5,112.5,-0.07,327.0,36493.2,-1
2020-12-23,2020-12-23 12:00:00,112.5,112.5,112.42,112.42,-0.07,327.0,36493.2,-1
2020-12-23,2020-12-23 12:10:00,112.42,112.42,112.33,112.33,-0.08,327.0,36493.2,-1
2020-12-23,2020-12-23 12:20:00,112.33,112.33,112.25,112.25,-0.07,327.0,36493.2,-1
2020-12-23,2020-12-23 12:30:00,112.25,112.25,112.17,112.17,-0.07,327.0,36493.2,-1
2020-12-23,2020-12-23 12:40:00,112.17,112.17,112.08,112.08,-0.08,327.0,36493.2,-1
2020-12-23,2020-12-23 12:50:00,112.08,112.08,112.0,112.0,-0.07,327.0,36493.2,-1
2020-12-23,2020-12-23 13:00:00,112.0,113.0,110.0,111.92,-0.07,327.0,36493.2,-1
2020-12-23,2020-12-23 13:10:00,111.92,111.92,111.83,111.83,-0.08,327.0,36493.2,-1
2020-12-23,2020-12-23 13:20:00,111.83,111.83,111.75,111.75,-0.07,327.0,36493.2,-1
2020-12-23,2020-12-23 13:30:00,111.75,111.75,111.67,111.67,-0.07,327.0,36493.2,-1
2020-12-23,2020-12-23 13:40:00,111.67,111.67,111.58,111.58,-0.08,327.0,36493.2,-1
2020-12-23,2020-12-23 13:50:00,111.58,111.58,111.5,111.5,-0.07,327.0,36493.2,-1
2020-12-23,2020-12-23 14:00:00,111.5,111.5,111.42,111.42,-0.07,327.0,36493.2,-1
2020-12-23,2020-12-23 14:10:00,111.42,111.42,111.33,111.33,-0.08,327.0,36493.2,-1
2020-12-23,2020-12-23 14:20:00,111.33,111.33,111.25,111.25,-0.07,327.0,36493.2,-1
2020-12-23,2020-12-23 14:30:00,111.25,111.25,111.17,111.17,-0.07,327.0,36493.2,-1
2020-12-23,2020-12-23 14:40:00,111.17,111.17,111.08,111.08,-0.08,327.0,36493.2,-1
2020-12-23,2020-12-23 14:50:00,111.08,111.08,111.0,111.0,-0.07,327.0,36493.2,-1
2020-12-23,2020-12-23 15:00:00,111.0,113.0,110.0,111.0,0.0,327.0,36493.2,0
2020-12-24,2020-12-24 11:00:00,110.0,110.6,109.4,109.92,-0.07,134.8,14706.8,-1
2020-12-24,2020-12-24 11:10:00,109.92,109.92,109.83,109.83,-0.08,134.8,14706.8,-1
2020-12-24,2020-12-24 11:20:00,109.83,109.83,109.75,109.75,-0.07,134.8,14706.8,-1
2020-12-24,2020-12-24 11:30:00,109.75,109.75,109.67,109.67,-0.07,134.8,14706.8,-1
2020-12-24,2020-12-24 11:40:00,109.67,109.67,109.58,109.58,-0.08,134.8,14706.8,-1
2020-12-24,2020-12-24 11:50:00,109.58,109.58,109.5,109.5,-0.07,134.8,14706.8,-1
2020-12-24,2020-12-24 12:00:00,109.5,109.5,109.42,109.42,-0.07,134.8,14706.8,-1
2020-12-24,2020-12-24 12:10:00,109.42,109.42,109.33,109.33,-0.08,134.8,14706.8,-1
2020-12-24,2020-12-24 12:20:00,109.33,109.33,109.25,109.25,-0.07,134.8,14706.8,-1
2020-12-24,2020-12-24 12:30:00,109.25,109.25,109.17,109.17,-0.07,134.8,14706.8,-1
2020-12-24,2020-12-24 12:40:00,109.17,109.17,109.08,109.08,-0.08,134.8,14706.8,-1
2020-12-24,2020-12-24 12:50:00,109.08,109.08,109.0,109.0,-0.07,134.8,14706.8,-1
2020-12-24,2020-12-24 13:00:00,109.0,112.0,108.0,108.92,-0.07,134.8,14706.8,-1
2020-12-24,2020-12-24 13:10:00,108.92,108.92,108.83,108.83,-0.08,134.8,14706.8,-1
2020-12-24,2020-12-24 13:20:00,108.83,108.83,108.75,108.75,-0.07,134.8,14706.8,-1
2020-12-24,2020-12-24 13:30:00,108.75,108.75,108.67,108.67,-0.07,134.8,14706.8,-1
2020-12-24,2020-12-24 13:40:00,108.67,108.67,108.58,108.58,-0.08,134.8,14706.8,-1
2020-12-24,2020-12-24 13:50:00,108.58,108.58,108.5,108.5,-0.07,134.8,14706.8,-1
2020-12-24,2020-12-24 14:00:00,108.5,108.5,108.42,108.42,-0.07,134.8,14706.8,-1
2020-12-24,2020-12-24 14:10:00,108.42,108.42,108.33,108.33,-0.08,134.8,14706.8,-1
2020-12-24,2020-12-24 14:20:00,108.33,108.33,108.25,108.25,-0.07,134.8,14706.8,-1
2020-12-24,2020-12-24 14:30:00,108.25,108.25,108.17,108.17,-0.07,134.8,14706.8,-1
2020-12-24,2020-12-24 14:40:00,108.17,108.17,108.08,108.08,-0.08,134.8,14706.8,-1
2020-12-24,2020-12-24 14:50:00,108.08,108.08,108.0,108.0,-0.07,134.8,14706.8,-1
2020-12-24,2020-12-24 15:00:00,108.0,112.0,108.0,108.0,0.0,134.8,14706.8,0
2020-12-27,2020-12-27 11:00:00,106.0,107.5,106.0,106.17,0.16,230.52,24918.28,1
2020-12-27,2020-12-27 11:10:00,106.17,106.33,106.17,106.33,0.15,230.52,24918.28,1
2020-12-27,2020-12-27 11:20:00,106.33,106.5,106.33,106.5,0.16,230.52,24918.28,1
2020-12-27,2020-12-27 11:30:00,106.5,106.67,106.5,106.67,0.16,230.52,24918.28,1
2020-12-27,2020-12-27 11:40:00,106.67,106.83,106.67,106.83,0.15,230.52,24918.28,1
2020-12-27,2020-12-27 11:50:00,106.83,107.0,106.83,107.0,0.16,230.52,24918.28,1
2020-12-27,2020-12-27 12:00:00,107.0,107.17,107.0,107.17,0.16,230.52,24918.28,1
2020-12-27,2020-12-27 12:10:00,107.17,107.33,107.17,107.33,0.15,230.52,24918.28,1
2020-12-27,2020-12-27 12:20:00,107.33,107.5,107.33,107.5,0.16,230.52,24918.28,1
2020-12-27,2020-12-27 12:30:00,107.5,107.67,107.5,107.67,0.16,230.52,24918.28,1
2020-12-27,2020-12-27 12:40:00,107.67,107.83,107.67,107.83,0.15,230.52,24918.28,1
2020-12-27,2020-12-27 12:50:00,107.83,108.0,107.83,108.0,0.16,230.52,24918.28,1
2020-12-27,2020-12-27 13:00:00,108.0,111.0,106.0,108.17,0.16,230.52,24918.28,1
2020-12-27,2020-12-27 13:10:00,108.17,108.33,108.17,108.33,0.15,230.52,24918.28,1
2020-12-27,2020-12-27 13:20:00,108.33,108.5,108.33,108.5,0.16,230.52,24918.28,1
2020-12-27,2020-12-27 13:30:00,108.5,108.67,108.5,108.67,0.16,230.52,24918.28,1
2020-12-27,2020-12-27 13:40:00,108.67,108.83,108.67,108.83,0.15,230.52,24918.28,1
2020-12-27,2020-12-27 13:50:00,108.83,109.0,108.83,109.0,0.16,230.52,24918.28,1
2020-12-27,2020-12-27 14:00:00,109.0,109.17,109.0,109.17,0.16,230.52,24918.28,1
2020-12-27,2020-12-27 14:10:00,109.17,109.33,109.17,109.33,0.15,230.52,24918.28,1
2020-12-27,2020-12-27 14:20:00,109.33,109.5,109.33,109.5,0.16,230.52,24918.28,1
2020-12-27,2020-12-27 14:30:00,109.5,109.67,109.5,109.67,0.16,230.52,24918.28,1
2020-12-27,2020-12-27 14:40:00,109.67,109.83,109.67,109.83,0.15,230.52,24918.28,1
2020-12-27,2020-12-27 14:50:00,109.83,110.0,109.83,110.0,0.15,230.52,24918.28,1
2020-12-27,2020-12-27 15:00:00,110.0,111.0,106.0,110.0,0.0,230.52,24918.28,0
2020-12-28,2020-12-28 11:00:00,108.0,108.6,107.4,107.96,-0.04,196.16,21084.72,-1
2020-12-28,2020-12-28 11:10:00,107.96,107.96,107.92,107.92,-0.04,196.16,21084.72,-1
2020-12-28,2020-12-28 11:20:00,107.92,107.92,107.88,107.88,-0.04,196.16,21084.72,-1
2020-12-28,2020-12-28 11:30:00,107.88,107.88,107.83,107.83,-0.05,196.16,21084.72,-1
2020-12-28,2020-12-28 11:40:00,107.83,107.83,107.79,107.79,-0.04,196.16,21084.72,-1
2020-12-28,2020-12-28 11:50:00,107.79,107.79,107.75,107.75,-0.04,196.16,21084.72,-1
2020-12-28,2020-12-28 12:00:00,107.75,107.75,107.71,107.71,-0.04,196.16,21084.72,-1
2020-12-28,2020-12-28 12:10:00,107.71,107.71,107.67,107.67,-0.04,196.16,21084.72,-1
2020-12-28,2020-12-28 12:20:00,107.67,107.67,107.62,107.62,-0.05,196.16,21084.72,-1
2020-12-28,2020-12-28 12:30:00,107.62,107.62,107.58,107.58,-0.04,196.16,21084.72,-1
2020-12-28,2020-12-28 12:40:00,107.58,107.58,107.54,107.54,-0.04,196.16,21084.72,-1
2020-12-28,2020-12-28 12:50:00,107.54,107.54,107.5,107.5,-0.04,196.16,21084.72,-1
2020-12-28,2020-12-28 13:00:00,107.5,110.0,106.0,107.46,-0.04,196.16,21084.72,-1
2020-12-28,2020-12-28 13:10:00,107.46,107.46,107.42,107.42,-0.04,196.16,21084.72,-1
2020-12-28,2020-12-28 13:20:00,107.42,107.42,107.38,107.38,-0.04,196.16,21084.72,-1
2020-12-28,2020-12-28 13:30:00,107.38,107.38,107.33,107.33,-0.05,196.16,21084.72,-1
2020-12-28,2020-12-28 13:40:00,107.33,107.33,107.29,107.29,-0.04,196.16,21084.72,-1
2020-12-28,2020-12-28 13:50:00,107.29,107.29,107.25,107.25,-0.04,196.16,21084.72,-1
2020-12-28,2020-12-28 14:00:00,107.25,107.25,107.21,107.21,-0.04,196.16,21084.72,-1
2020-12-28,2020-12-28 14:10:00,107.21,107.21,107.17,107.17,-0.04,196.16,21084.72,-1
2020-12-28,2020-12-28 14:20:00,107.17,107.17,107.12,107.12,-0.05,196.16,21084.72,-1
2020-12-28,2020-12-28 14:30:00,107.12,107.12,107.08,107.08,-0.04,196.16,21084.72,-1
2020-12-28,2020-12-28 14:40:00,107.08,107.08,107.04,107.04,-0.04,196.16,21084.72,-1
2020-12-28,2020-12-28 14:50:00,107.04,107.04,107.0,107.0,-0.04,196.16,21084.72,-1
2020-12-28,2020-12-28 15:00:00,107.0,110.0,106.0,107.0,0.0,196.16,21084.72,0
2020-12-29,2020-12-29 11:00:00,106.0,106.3,105.4,105.92,-0.08,243.64,25686.04,-1
2020-12-29,2020-12-29 11:10:00,105.92,105.92,105.83,105.83,-0.08,243.64,25686.04,-1
2020-12-29,2020-12-29 11:20:00,105.83,105.83,105.75,105.75,-0.08,243.64,25686.04,-1
2020-12-29,2020-12-29 11:30:00,105.75,105.75,105.67,105.67,-0.08,243.64,25686.04,-1
2020-12-29,2020-12-29 11:40:00,105.67,105.67,105.58,105.58,-0.09,243.64,25686.04,-1
2020-12-29,2020-12-29 11:50:00,105.58,105.58,105.5,105.5,-0.08,243.64,25686.04,-1
2020-12-29,2020-12-29 12:00:00,105.5,105.5,105.42,105.42,-0.08,243.64,25686.04,-1
2020-12-29,2020-12-29 12:10:00,105.42,105.42,105.33,105.33,-0.09,243.64,25686.04,-1
2020-12-29,2020-12-29 12:20:00,105.33,105.33,105.25,105.25,-0.08,243.64,25686.04,-1
2020-12-29,2020-12-29 12:30:00,105.25,105.25,105.17,105.17,-0.08,243.64,25686.04,-1
2020-12-29,2020-12-29 12:40:00,105.17,105.17,105.08,105.08,-0.09,243.64,25686.04,-1
2020-12-29,2020-12-29 12:50:00,105.08,105.08,105.0,105.0,-0.08,243.64,25686.04,-1
2020-12-29,2020-12-29 13:00:00,105.0,107.0,104.0,104.92,-0.08,243.64,25686.04,-1
2020-12-29,2020-12-29 13:10:00,104.92,104.92,104.83,104.83,-0.09,243.64,25686.04,-1
2020-12-29,2020-12-29 13:20:00,104.83,104.83,104.75,104.75,-0.08,243.64,25686.04,-1
2020-12-29,2020-12-29 13:30:00,104.75,104.75,104.67,104.67,-0.08,243.64,25686.04,-1
2020-12-29,2020-12-29 13:40:00,104.67,104.67,104.58,104.58,-0.09,243.64,25686.04,-1
2020-12-29,2020-12-29 13:50:00,104.58,104.58,104.5,104.5,-0.08,243.64,25686.04,-1
2020-12-29,2020-12-29 14:00:00,104.5,104.5,104.42,104.42,-0.08,243.64,25686.04,-1
2020-12-29,2020-12-29 14:10:00,104.42,104.42,104.33,104.33,-0.09,243.64,25686.04,-1
2020-12-29,2020-12-29 14:20:00,104.33,104.33,104.25,104.25,-0.08,243.64,25686.04,-1
2020-12-29,2020-12-29 14:30:00,104.25,104.25,104.17,104.17,-0.08,243.64,25686.04,-1
2020-12-29,2020-12-29 14:40:00,104.17,104.17,104.08,104.08,-0.09,243.64,25686.04,-1
2020-12-29,2020-12-29 14:50:00,104.08,104.08,104.0,104.0,-0.08,243.64,25686.04,-1
2020-12-29,2020-12-29 15:00:00,104.0,107.0,104.0,104.0,0.0,243.64,25686.04,0
2020-12-30,2020-12-30 11:00:00,102.0,103.5,102.0,102.12,0.12,208.8,22046.4,1
2020-12-30,2020-12-30 11:10:00,102.12,102.25,102.12,102.25,0.13,208.8,22046.4,1
2020-12-30,2020-12-30 11:20:00,102.25,102.38,102.25,102.38,0.13,208.8,22046.4,1
2020-12-30,2020-12-30 11:30:00,102.38,102.5,102.38,102.5,0.12,208.8,22046.4,1
2020-12-30,2020-12-30 11:40:00,102.5,102.62,102.5,102.62,0.12,208.8,22046.4,1
2020-12-30,2020-12-30 11:50:00,102.62,102.75,102.62,102.75,0.13,208.8,22046.4,1
2020-12-30,2020-12-30 12:00:00,102.75,102.88,102.75,102.88,0.13,208.8,22046.4,1
2020-12-30,2020-12-30 12:10:00,102.88,103.0,102.88,103.0,0.12,208.8,22046.4,1
2020-12-30,2020-12-30 12:20:00,103.0,103.12,103.0,103.12,0.12,208.8,22046.4,1
2020-12-30,2020-12-30 12:30:00,103.12,103.25,103.12,103.25,0.13,208.8,22046.4,1
2020-12-30,2020-12-30 12:40:00,103.25,103.38,103.25,103.38,0.13,208.8,22046.4,1
2020-12-30,2020-12-30 12:50:00,103.38,103.5,103.38,103.5,0.12,208.8,22046.4,1
2020-12-30,2020-12-30 13:00:00,103.5,107.0,102.0,103.62,0.12,208.8,22046.4,1
2020-12-30,2020-12-30 13:10:00,103.62,103.75,103.62,103.75,0.13,208.8,22046.4,1
2020-12-30,2020-12-30 13:20:00,103.75,103.88,103.75,103.88,0.13,208.8,22046.4,1
2020-12-30,2020-12-30 13:30:00,103.88,104.0,103.88,104.0,0.12,208.8,22046.4,1
2020-12-30,2020-12-30 13:40:00,104.0,104.12,104.0,104.12,0.12,208.8,22046.4,1
2020-12-30,2020-12-30 13:50:00,104.12,104.25,104.12,104.25,0.12,208.8,22046.4,1
2020-12-30,2020-12-30 14:00:00,104.25,104.38,104.25,104.38,0.12,208.8,22046.4,1
2020-12-30,2020-12-30 14:10:00,104.38,104.5,104.38,104.5,0.11,208.8,22046.4,1
2020-12-30,2020-12-30 14:20:00,104.5,104.62,104.5,104.62,0.11,208.8,22046.4,1
2020-12-30,2020-12-30 14:30:00,104.62,104.75,104.62,104.75,0.12,208.8,22046.4,1
2020-12-30,2020-12-30 14:40:00,104.75,104.88,104.75,104.88,0.12,208.8,22046.4,1
2020-12-30,2020-12-30 14:50:00,104.88,105.0,104.88,105.0,0.11,208.8,22046.4,1
2020-12-30,2020-12-30 15:00:00,105.0,107.0,102.0,105.0,0.0,208.8,22046.4,0
2020-12-31,2020-12-31 11:00:00,103.0,103.9,102.7,103.12,0.12,609.84,63060.48,1
2020-12-31,2020-12-31 11:10:00,103.12,103.25,103.12,103.25,0.13,609.84,63060.48,1
2020-12-31,2020-12-31 11:20:00,103.25,103.38,103.25,103.38,0.13,609.84,63060.48,1
2020-12-31,2020-12-31 11:30:00,103.38,103.5,103.38,103.5,0.12,609.84,63060.48,1
2020-12-31,2020-12-31 11:40:00,103.5,103.62,103.5,103.62,0.12,609.84,63060.48,1
2020-12-31,2020-12-31 11:50:00,103.62,103.75,103.62,103.75,0.13,609.84,63060.48,1
2020-12-31,2020-12-31 12:00:00,103.75,103.88,103.75,103.88,0.13,609.84,63060.48,1
2020-12-31,2020-12-31 12:10:00,103.88,104.0,103.88,104.0,0.12,609.84,63060.48,1
2020-12-31,2020-12-31 12:20:00,104.0,104.12,104.0,104.12,0.12,609.84,63060.48,1
2020-12-31,2020-12-31 12:30:00,104.12,104.25,104.12,104.25,0.12,609.84,63060.48,1
2020-12-31,2020-12-31 12:40:00,104.25,104.38,104.25,104.38,0.12,609.84,63060.48,1
2020-12-31,2020-12-31 12:50:00,104.38,104.5,104.38,104.5,0.11,609.84,63060.48,1
2020-12-31,2020-12-31 13:00:00,104.5,106.0,102.0,104.62,0.11,609.84,63060.48,1
2020-12-31,2020-12-31 13:10:00,104.62,104.75,104.62,104.75,0.12,609.84,63060.48,1
2020-12-31,2020-12-31 13:20:00,104.75,104.88,104.75,104.88,0.12,609.84,63060.48,1
2020-12-31,2020-12-31 13:30:00,104.88,105.0,104.88,105.0,0.11,609.84,63060.48,1
2020-12-31,2020-12-31 13:40:00,105.0,105.12,105.0,105.12,0.11,609.84,63060.48,1
2020-12-31,2020-12-31 13:50:00,105.12,105.25,105.12,105.25,0.12,609.84,63060.48,1
2020-12-31,2020-12-31 14:00:00,105.25,105.38,105.25,105.38,0.12,609.84,63060.48,1
2020-12-31,2020-12-31 14:10:00,105.38,105.5,105.38,105.5,0.11,609.84,63060.48,1
2020-12-31,2020-12-31 14:20:00,105.5,105.62,105.5,105.62,0.11,609.84,63060.48,1
2020-12-31,2020-12-31 14:30:00,105.62,105.75,105.62,105.75,0.12,609.84,63060.48,1
2020-12-31,2020-12-31 14:40:00,105.75,105.88,105.75,105.88,0.12,609.84,63060.48,1
2020-12-31,2020-12-31 14:50:00,105.88,106.0,105.88,106.0,0.11,609.84,63060.48,1
2020-12-31,2020-12-31 15:00:00,106.0,106.0,102.0,106.0,0.0,609.84,63060.48,0
2021-01-03,2021-01-03 11:00:00,108.0,108.6,106.2,108.0,0.0,240.2,25425.4,0
2021-01-03,2021-01-03 11:10:00,108.0,108.0,108.0,108.0,0.0,240.2,25425.4,0
2021-01-03,2021-01-03 11:20:00,108.0,108.0,108.0,108.0,0.0,240.2,25425.4,0
2021-01-03,2021-01-03 11:30:00,108.0,108.0,108.0,108.0,0.0,240.2,25425.4,0
2021-01-03,2021-01-03 11:40:00,108.0,108.0,108.0,108.0,0.0,240.2,25425.4,0
2021-01-03,2021-01-03 11:50:00,108.0,108.0,108.0,108.0,0.0,240.2,25425.4,0
2021-01-03,2021-01-03 12:00:00,108.0,108.0,108.0,108.0,0.0,240.2,25425.4,0
2021-01-03,2021-01-03 12:10:00,108.0,108.0,108.0,108.0,0.0,240.2,25425.4,0
2021-01-03,2021-01-03 12:20:00,108.0,108.0,108.0,108.0,0.0,240.2,25425.4,0
2021-01-03,2021-01-03 12:30:00,108.0,108.0,108.0,108.0,0.0,240.2,25425.4,0
2021-01-03,2021-01-03 12:40:00,108.0,108.0,108.0,108.0,0.0,240.2,25425.4,0
2021-01-03,2021-01-03 12:50:00,108.0,108.0,108.0,108.0,0.0,240.2,25425.4,0
2021-01-03,2021-01-03 13:00:00,108.0,110.0,102.0,108.0,0.0,240.2,25425.4,0
2021-01-03,2021-01-03 13:10:00,108.0,108.0,108.0,108.0,0.0,240.2,25425.4,0
2021-01-03,2021-01-03 13:20:00,108.0,108.0,108.0,108.0,0.0,240.2,25425.4,0
2021-01-03,2021-01-03 13:30:00,108.0,108.0,108.0,108.0,0.0,240.2,25425.4,0
2021-01-03,2021-01-03 13:40:00,108.0,108.0,108.0,108.0,0.0,240.2,25425.4,0
2021-01-03,2021-01-03 13:50:00,108.0,108.0,108.0,108.0,0.0,240.2,25425.4,0
2021-01-03,2021-01-03 14:00:00,108.0,108.0,108.0,108.0,0.0,240.2,25425.4,0
2021-01-03,2021-01-03 14:10:00,108.0,108.0,108.0,108.0,0.0,240.2,25425.4,0
2021-01-03,2021-01-03 14:20:00,108.0,108.0,108.0,108.0,0.0,240.2,25425.4,0
2021-01-03,2021-01-03 14:30:00,108.0,108.0,108.0,108.0,0.0,240.2,25425.4,0
2021-01-03,2021-01-03 14:40:00,108.0,108.0,108.0,108.0,0.0,240.2,25425.4,0
2021-01-03,2021-01-03 14:50:00,108.0,108.0,108.0,108.0,0.0,240.2,25425.4,0
2021-01-03,2021-01-03 15:00:00,108.0,110.0,102.0,108.0,0.0,240.2,25425.4,0
2021-01-04,2021-01-04 11:00:00,106.0,106.3,105.4,106.04,0.04,152.12,16150.32,1
2021-01-04,2021-01-04 11:10:00,106.04,106.08,106.04,106.08,0.04,152.12,16150.32,1
2021-01-04,2021-01-04 11:20:00,106.08,106.12,106.08,106.12,0.04,152.12,16150.32,1
2021-01-04,2021-01-04 11:30:00,106.12,106.17,106.12,106.17,0.05,152.12,16150.32,1
2021-01-04,2021-01-04 11:40:00,106.17,106.21,106.17,106.21,0.04,152.12,16150.32,1
2021-01-04,2021-01-04 11:50:00,106.21,106.25,106.21,106.25,0.04,152.12,16150.32,1
2021-01-04,2021-01-04 12:00:00,106.25,106.29,106.25,106.29,0.04,152.12,16150.32,1
2021-01-04,2021-01-04 12:10:00,106.29,106.33,106.29,106.33,0.04,152.12,16150.32,1
2021-01-04,2021-01-04 12:20:00,106.33,106.38,106.33,106.38,0.05,152.12,16150.32,1
2021-01-04,2021-01-04 12:30:00,106.38,106.42,106.38,106.42,0.04,152.12,16150.32,1
2021-01-04,2021-01-04 12:40:00,106.42,106.46,106.42,106.46,0.04,152.12,16150.32,1
2021-01-04,2021-01-04 12:50:00,106.46,106.5,106.46,106.5,0.04,152.12,16150.32,1
2021-01-04,2021-01-04 13:00:00,106.5,107.0,104.0,106.54,0.04,152.12,16150.32,1
2021-01-04,2021-01-04 13:10:00,106.54,106.58,106.54,106.58,0.04,152.12,16150.32,1
2021-01-04,2021-01-04 13:20:00,106.58,106.62,106.58,106.62,0.04,152.12,16150.32,1
2021-01-04,2021-01-04 13:30:00,106.62,106.67,106.62,106.67,0.05,152.12,16150.32,1
2021-01-04,2021-01-04 13:40:00,106.67,106.71,106.67,106.71,0.04,152.12,16150.32,1
2021-01-04,2021-01-04 13:50:00,106.71,106.75,106.71,106.75,0.04,152.12,16150.32,1
2021-01-04,2021-01-04 14:00:00,106.75,106.79,106.75,106.79,0.04,152.12,16150.32,1
2021-01-04,2021-01-04 14:10:00,106.79,106.83,106.79,106.83,0.04,152.12,16150.32,1
2021-01-04,2021-01-04 14:20:00,106.83,106.88,106.83,106.88,0.05,152.12,16150.32,1
2021-01-04,2021-01-04 14:30:00,106.88,106.92,106.88,106.92,0.04,152.12,16150.32,1
2021-01-04,2021-01-04 14:40:00,106.92,106.96,106.92,106.96,0.04,152.12,16150.32,1
2021-01-04,2021-01-04 14:50:00,106.96,107.0,106.96,107.0,0.04,152.12,16150.32,1
2021-01-04,2021-01-04 15:00:00,107.0,107.0,104.0,107.0,0.0,152.12,16150.32,0
2021-01-05,2021-01-05 11:00:00,105.0,108.6,105.0,105.5,0.48,941.72,106647.0,1
2021-01-05,2021-01-05 11:10:00,105.5,106.0,105.5,106.0,0.47,941.72,106647.0,1
2021-01-05,2021-01-05 11:20:00,106.0,106.5,106.0,106.5,0.47,941.72,106647.0,1
2021-01-05,2021-01-05 11:30:00,106.5,107.0,106.5,107.0,0.47,941.72,106647.0,1
2021-01-05,2021-01-05 11:40:00,107.0,107.5,107.0,107.5,0.47,941.72,106647.0,1
2021-01-05,2021-01-05 11:50:00,107.5,108.0,107.5,108.0,0.47,941.72,106647.0,1
2021-01-05,2021-01-05 12:00:00,108.0,108.5,108.0,108.5,0.46,941.72,106647.0,1
2021-01-05,2021-01-05 12:10:00,108.5,109.0,108.5,109.0,0.46,941.72,106647.0,1
2021-01-05,2021-01-05 12:20:00,109.0,109.5,109.0,109.5,0.46,941.72,106647.0,1
2021-01-05,2021-01-05 12:30:00,109.5,110.0,109.5,110.0,0.46,941.72,106647.0,1
2021-01-05,2021-01-05 12:40:00,110.0,110.5,110.0,110.5,0.45,941.72,106647.0,1
2021-01-05,2021-01-05 12:50:00,110.5,111.0,110.5,111.0,0.45,941.72,106647.0,1
2021-01-05,2021-01-05 13:00:00,111.0,117.0,105.0,111.5,0.45,941.72,106647.0,1
2021-01-05,2021-01-05 13:10:00,111.5,112.0,111.5,112.0,0.45,941.72,106647.0,1
2021-01-05,2021-01-05 13:20:00,112.0,112.5,112.0,112.5,0.45,941.72,106647.0,1
2021-01-05,2021-01-05 13:30:00,112.5,113.0,112.5,113.0,0.44,941.72,106647.0,1
2021-01-05,2021-01-05 13:40:00,113.0,113.5,113.0,113.5,0.44,941.72,106647.0,1
2021-01-05,2021-01-05 13:50:00,113.5,114.0,113.5,114.0,0.44,941.72,106647.0,1
2021-01-05,2021-01-05 14:00:00,114.0,114.5,114.0,114.5,0.44,941.72,106647.0,1
2021-01-05,2021-01-05 14:10:00,114.5,115.0,114.5,115.0,0.44,941.72,106647.0,1
2021-01-05,2021-01-05 14:20:00,115.0,115.5,115.0,115.5,0.43,941.72,106647.0,1
2021-01-05,2021-01-05 14:30:00,115.5,116.0,115.5,116.0,0.43,941.72,106647.0,1
2021-01-05,2021-01-05 14:40:00,116.0,116.5,116.0,116.5,0.43,941.72,106647.0,1
2021-01-05,2021-01-05 14:50:00,116.5,117.0,116.5,117.0,0.43,941.72,106647.0,1
2021-01-05,2021-01-05 15:00:00,117.0,117.0,105.0,117.0,0.0,941.72,106647.0,0
2021-01-06,2021-01-06 11:00:00,122.0,122.6,118.1,121.54,-0.38,479.32,56044.88,-1
2021-01-06,2021-01-06 11:10:00,121.54,121.54,121.08,121.08,-0.38,479.32,56044.88,-1
2021-01-06,2021-01-06 11:20:00,121.08,121.08,120.62,120.62,-0.38,479.32,56044.88,-1
2021-01-06,2021-01-06 11:30:00,120.62,120.62,120.17,120.17,-0.37,479.32,56044.88,-1
2021-01-06,2021-01-06 11:40:00,120.17,120.17,119.71,119.71,-0.38,479.32,56044.88,-1
2021-01-06,2021-01-06 11:50:00,119.71,119.71,119.25,119.25,-0.38,479.32,56044.88,-1
2021-01-06,2021-01-06 12:00:00,119.25,119.25,118.79,118.79,-0.39,479.32,56044.88,-1
2021-01-06,2021-01-06 12:10:00,118.79,118.79,118.33,118.33,-0.39,479.32,56044.88,-1
2021-01-06,2021-01-06 12:20:00,118.33,118.33,117.88,117.88,-0.38,479.32,56044.88,-1
2021-01-06,2021-01-06 12:30:00,117.88,117.88,117.42,117.42,-0.39,479.32,56044.88,-1
2021-01-06,2021-01-06 12:40:00,117.42,117.42,116.96,116.96,-0.39,479.32,56044.88,-1
2021-01-06,2021-01-06 12:50:00,116.96,116.96,116.5,116.5,-0.39,479.32,56044.88,-1
2021-01-06,2021-01-06 13:00:00,116.5,124.0,109.0,116.04,-0.39,479.32,56044.88,-1
2021-01-06,2021-01-06 13:10:00,116.04,116.04,115.58,115.58,-0.4,479.32,56044.88,-1
2021-01-06,2021-01-06 13:20:00,115.58,115.58,115.12,115.12,-0.4,479.32,56044.88,-1
2021-01-06,2021-01-06 13:30:00,115.12,115.12,114.67,114.67,-0.39,479.32,56044.88,-1
2021-01-06,2021-01-06 13:40:00,114.67,114.67,114.21,114.21,-0.4,479.32,56044.88,-1
2021-01-06,2021-01-06 13:50:00,114.21,114.21,113.75,113.75,-0.4,479.32,56044.88,-1
2021-01-06,2021-01-06 14:00:00,113.75,113.75,113.29,113.29,-0.4,479.32,56044.88,-1
2021-01-06,2021-01-06 14:10:00,113.29,113.29,112.83,112.83,-0.41,479.32,56044.88,-1
2021-01-06,2021-01-06 14:20:00,112.83,112.83,112.38,112.38,-0.4,479.32,56044.88,-1
2021-01-06,2021-01-06 14:30:00,112.38,112.38,111.92,111.92,-0.41,479.32,56044.88,-1
2021-01-06,2021-01-06 14:40:00,111.92,111.92,111.46,111.46,-0.41,479.32,56044.88,-1
2021-01-06,2021-01-06 14:50:00,111.46,111.46,111.0,111.0,-0.41,479.32,56044.88,-1
2021-01-06,2021-01-06 15:00:00,111.0,124.0,109.0,111.0,0.0,479.32,56044.88,0
2021-01-07,2021-01-07 11:00:00,109.0,111.7,109.0,109.25,0.23,247.0,28358.0,1
2021-01-07,2021-01-07 11:10:00,109.25,109.5,109.25,109.5,0.23,247.0,28358.0,1
2021-01-07,2021-01-07 11:20:00,109.5,109.75,109.5,109.75,0.23,247.0,28358.0,1
2021-01-07,2021-01-07 11:30:00,109.75,110.0,109.75,110.0,0.23,247.0,28358.0,1
2021-01-07,2021-01-07 11:40:00,110.0,110.25,110.0,110.25,0.23,247.0,28358.0,1
2021-01-07,2021-01-07 11:50:00,110.25,110.5,110.25,110.5,0.23,247.0,28358.0,1
2021-01-07,2021-01-07 12:00:00,110.5,110.75,110.5,110.75,0.23,247.0,28358.0,1
2021-01-07,2021-01-07 12:10:00,110.75,111.0,110.75,111.0,0.23,247.0,28358.0,1
2021-01-07,2021-01-07 12:20:00,111.0,111.25,111.0,111.25,0.23,247.0,28358.0,1
2021-01-07,2021-01-07 12:30:00,111.25,111.5,111.25,111.5,0.22,247.0,28358.0,1
2021-01-07,2021-01-07 12:40:00,111.5,111.75,111.5,111.75,0.22,247.0,28358.0,1
2021-01-07,2021-01-07 12:50:00,111.75,112.0,111.75,112.0,0.22,247.0,28358.0,1
2021-01-07,2021-01-07 13:00:00,112.0,118.0,109.0,112.25,0.22,247.0,28358.0,1
2021-01-07,2021-01-07 13:10:00,112.25,112.5,112.25,112.5,0.22,247.0,28358.0,1
2021-01-07,2021-01-07 13:20:00,112.5,112.75,112.5,112.75,0.22,247.0,28358.0,1
2021-01-07,2021-01-07 13:30:00,112.75,113.0,112.75,113.0,0.22,247.0,28358.0,1
2021-01-07,2021-01-07 13:40:00,113.0,113.25,113.0,113.25,0.22,247.0,28358.0,1
2021-01-07,2021-01-07 13:50:00,113.25,113.5,113.25,113.5,0.22,247.0,28358.0,1
2021-01-07,2021-01-07 14:00:00,113.5,113.75,113.5,113.75,0.22,247.0,28358.0,1
2021-01-07,2021-01-07 14:10:00,113.75,114.0,113.75,114.0,0.22,247.0,28358.0,1
2021-01-07,2021-01-07 14:20:00,114.0,114.25,114.0,114.25,0.22,247.0,28358.0,1
2021-01-07,2021-01-07 14:30:00,114.25,114.5,114.25,114.5,0.22,247.0,28358.0,1
2021-01-07,2021-01-07 14:40:00,114.5,114.75,114.5,114.75,0.22,247.0,28358.0,1
2021-01-07,2021-01-07 14:50:00,114.75,115.0,114.75,115.0,0.22,247.0,28358.0,1
2021-01-07,2021-01-07 15:00:00,115.0,118.0,109.0,115.0,0.0,247.0,28358.0,0
2021-01-10,2021-01-10 11:00:00,115.0,115.0,113.8,114.96,-0.03,218.4,24864.4,-1
2021-01-10,2021-01-10 11:10:00,114.96,114.96,114.92,114.92,-0.03,218.4,24864.4,-1
2021-01-10,2021-01-10 11:20:00,114.92,114.92,114.88,114.88,-0.03,218.4,24864.4,-1
2021-01-10,2021-01-10 11:30:00,114.88,114.88,114.83,114.83,-0.04,218.4,24864.4,-1
2021-01-10,2021-01-10 11:40:00,114.83,114.83,114.79,114.79,-0.03,218.4,24864.4,-1
2021-01-10,2021-01-10 11:50:00,114.79,114.79,114.75,114.75,-0.03,218.4,24864.4,-1
2021-01-10,2021-01-10 12:00:00,114.75,114.75,114.71,114.71,-0.03,218.4,24864.4,-1
2021-01-10,2021-01-10 12:10:00,114.71,114.71,114.67,114.67,-0.03,218.4,24864.4,-1
2021-01-10,2021-01-10 12:20:00,114.67,114.67,114.62,114.62,-0.04,218.4,24864.4,-1
2021-01-10,2021-01-10 12:30:00,114.62,114.62,114.58,114.58,-0.03,218.4,24864.4,-1
2021-01-10,2021-01-10 12:40:00,114.58,114.58,114.54,114.54,-0.03,218.4,24864.4,-1
2021-01-10,2021-01-10 12:50:00,114.54,114.54,114.5,114.5,-0.03,218.4,24864.4,-1
2021-01-10,2021-01-10 13:00:00,114.5,115.0,111.0,114.46,-0.03,218.4,24864.4,-1
2021-01-10,2021-01-10 13:10:00,114.46,114.46,114.42,114.42,-0.03,218.4,24864.4,-1
2021-01-10,2021-01-10 13:20:00,114.42,114.42,114.38,114.38,-0.03,218.4,24864.4,-1
2021-01-10,2021-01-10 13:30:00,114.38,114.38,114.33,114.33,-0.04,218.4,24864.4,-1
2021-01-10,2021-01-10 13:40:00,114.33,114.33,114.29,114.29,-0.03,218.4,24864.4,-1
2021-01-10,2021-01-10 13:50:00,114.29,114.29,114.25,114.25,-0.03,218.4,24864.4,-1
2021-01-10,2021-01-10 14:00:00,114.25,114.25,114.21,114.21,-0.04,218.4,24864.4,-1
2021-01-10,2021-01-10 14:10:00,114.21,114.21,114.17,114.17,-0.04,218.4,24864.4,-1
2021-01-10,2021-01-10 14:20:00,114.17,114.17,114.12,114.12,-0.04,218.4,24864.4,-1
2021-01-10,2021-01-10 14:30:00,114.12,114.12,114.08,114.08,-0.04,218.4,24864.4,-1
2021-01-10,2021-01-10 14:40:00,114.08,114.08,114.04,114.04,-0.04,218.4,24864.4,-1
2021-01-10,2021-01-10 14:50:00,114.04,114.04,114.0,114.0,-0.04,218.4,24864.4,-1
2021-01-10,2021-01-10 15:00:00,114.0,115.0,111.0,114.0,0.0,218.4,24864.4,0
2021-01-11,2021-01-11 11:00:00,115.0,115.0,113.8,114.96,-0.03,252.64,28494.8,-1
2021-01-11,2021-01-11 11:10:00,114.96,114.96,114.92,114.92,-0.03,252.64,28494.8,-1
2021-01-11,2021-01-11 11:20:00,114.92,114.92,114.88,114.88,-0.03,252.64,28494.8,-1
2021-01-11,2021-01-11 11:30:00,114.88,114.88,114.83,114.83,-0.04,252.64,28494.8,-1
2021-01-11,2021-01-11 11:40:00,114.83,114.83,114.79,114.79,-0.03,252.64,28494.8,-1
2021-01-11,2021-01-11 11:50:00,114.79,114.79,114.75,114.75,-0.03,252.64,28494.8,-1
2021-01-11,2021-01-11 12:00:00,114.75,114.75,114.71,114.71,-0.03,252.64,28494.8,-1
2021-01-11,2021-01-11 12:10:00,114.71,114.71,114.67,114.67,-0.03,252.64,28494.8,-1
2021-01-11,2021-01-11 12:20:00,114.67,114.67,114.62,114.62,-0.04,252.64,28494.8,-1
2021-01-11,2021-01-11 12:30:00,114.62,114.62,114.58,114.58,-0.03,252.64,28494.8,-1
2021-01-11,2021-01-11 12:40:00,114.58,114.58,114.54,114.54,-0.03,252.64,28494.8,-1
2021-01-11,2021-01-11 12:50:00,114.54,114.54,114.5,114.5,-0.03,252.64,28494.8,-1
2021-01-11,2021-01-11 13:00:00,114.5,115.0,111.0,114.46,-0.03,252.64,28494.8,-1
2021-01-11,2021-01-11 13:10:00,114.46,114.46,114.42,114.42,-0.03,252.64,28494.8,-1
2021-01-11,2021-01-11 13:20:00,114.42,114.42,114.38,114.38,-0.03,252.64,28494.8,-1
2021-01-11,2021-01-11 13:30:00,114.38,114.38,114.33,114.33,-0.04,252.64,28494.8,-1
2021-01-11,2021-01-11 13:40:00,114.33,114.33,114.29,114.29,-0.03,252.64,28494.8,-1
2021-01-11,2021-01-11 13:50:00,114.29,114.29,114.25,114.25,-0.03,252.64,28494.8,-1
2021-01-11,2021-01-11 14:00:00,114.25,114.25,114.21,114.21,-0.04,252.64,28494.8,-1
2021-01-11,2021-01-11 14:10:00,114.21,114.21,114.17,114.17,-0.04,252.64,28494.8,-1
2021-01-11,2021-01-11 14:20:00,114.17,114.17,114.12,114.12,-0.04,252.64,28494.8,-1
2021-01-11,2021-01-11 14:30:00,114.12,114.12,114.08,114.08,-0.04,252.64,28494.8,-1
2021-01-11,2021-01-11 14:40:00,114.08,114.08,114.04,114.04,-0.04,252.64,28494.8,-1
2021-01-11,2021-01-11 14:50:00,114.04,114.04,114.0,114.0,-0.04,252.64,28494.8,-1
2021-01-11,2021-01-11 15:00:00,114.0,115.0,111.0,114.0,0.0,252.64,28494.8,0
2021-01-12,2021-01-12 11:00:00,112.0,112.3,111.4,112.04,0.04,241.48,27192.04,1
2021-01-12,2021-01-12 11:10:00,112.04,112.08,112.04,112.08,0.04,241.48,27192.04,1
2021-01-12,2021-01-12 11:20:00,112.08,112.12,112.08,112.12,0.04,241.48,27192.04,1
2021-01-12,2021-01-12 11:30:00,112.12,112.17,112.12,112.17,0.04,241.48,27192.04,1
2021-01-12,2021-01-12 11:40:00,112.17,112.21,112.17,112.21,0.04,241.48,27192.04,1
2021-01-12,2021-01-12 11:50:00,112.21,112.25,112.21,112.25,0.04,241.48,27192.04,1
2021-01-12,2021-01-12 12:00:00,112.25,112.29,112.25,112.29,0.04,241.48,27192.04,1
2021-01-12,2021-01-12 12:10:00,112.29,112.33,112.29,112.33,0.04,241.48,27192.04,1
2021-01-12,2021-01-12 12:20:00,112.33,112.38,112.33,112.38,0.04,241.48,27192.04,1
2021-01-12,2021-01-12 12:30:00,112.38,112.42,112.38,112.42,0.04,241.48,27192.04,1
2021-01-12,2021-01-12 12:40:00,112.42,112.46,112.42,112.46,0.04,241.48,27192.04,1
2021-01-12,2021-01-12 12:50:00,112.46,112.5,112.46,112.5,0.04,241.48,27192.04,1
2021-01-12,2021-01-12 13:00:00,112.5,113.0,110.0,112.54,0.04,241.48,27192.04,1
2021-01-12,2021-01-12 13:10:00,112.54,112.58,112.54,112.58,0.04,241.48,27192.04,1
2021-01-12,2021-01-12 13:20:00,112.58,112.62,112.58,112.62,0.04,241.48,27192.04,1
2021-01-12,2021-01-12 13:30:00,112.62,112.67,112.62,112.67,0.04,241.48,27192.04,1
2021-01-12,2021-01-12 13:40:00,112.67,112.71,112.67,112.71,0.04,241.48,27192.04,1
2021-01-12,2021-01-12 13:50:00,112.71,112.75,112.71,112.75,0.04,241.48,27192.04,1
2021-01-12,2021-01-12 14:00:00,112.75,112.79,112.75,112.79,0.04,241.48,27192.04,1
2021-01-12,2021-01-12 14:10:00,112.79,112.83,112.79,112.83,0.04,241.48,27192.04,1
2021-01-12,2021-01-12 14:20:00,112.83,112.88,112.83,112.88,0.04,241.48,27192.04,1
2021-01-12,2021-01-12 14:30:00,112.88,112.92,112.88,112.92,0.04,241.48,27192.04,1
2021-01-12,2021-01-12 14:40:00,112.92,112.96,112.92,112.96,0.04,241.48,27192.04,1
2021-01-12,2021-01-12 14:50:00,112.96,113.0,112.96,113.0,0.04,241.48,27192.04,1
2021-01-12,2021-01-12 15:00:00,113.0,113.0,110.0,113.0,0.0,241.48,27192.04,0
2021-01-13,2021-01-13 11:00:00,111.0,112.2,111.0,111.12,0.11,185.8,21133.2,1
2021-01-13,2021-01-13 11:10:00,111.12,111.25,111.12,111.25,0.12,185.8,21133.2,1
2021-01-13,2021-01-13 11:20:00,111.25,111.38,111.25,111.38,0.12,185.8,21133.2,1
2021-01-13,2021-01-13 11:30:00,111.38,111.5,111.38,111.5,0.11,185.8,21133.2,1
2021-01-13,2021-01-13 11:40:00,111.5,111.62,111.5,111.62,0.11,185.8,21133.2,1
2021-01-13,2021-01-13 11:50:00,111.62,111.75,111.62,111.75,0.12,185.8,21133.2,1
2021-01-13,2021-01-13 12:00:00,111.75,111.88,111.75,111.88,0.12,185.8,21133.2,1
2021-01-13,2021-01-13 12:10:00,111.88,112.0,111.88,112.0,0.11,185.8,21133.2,1
2021-01-13,2021-01-13 12:20:00,112.0,112.12,112.0,112.12,0.11,185.8,21133.2,1
2021-01-13,2021-01-13 12:30:00,112.12,112.25,112.12,112.25,0.12,185.8,21133.2,1
2021-01-13,2021-01-13 12:40:00,112.25,112.38,112.25,112.38,0.12,185.8,21133.2,1
2021-01-13,2021-01-13 12:50:00,112.38,112.5,112.38,112.5,0.11,185.8,21133.2,1
2021-01-13,2021-01-13 13:00:00,112.5,115.0,111.0,112.62,0.11,185.8,21133.2,1
2021-01-13,2021-01-13 13:10:00,112.62,112.75,112.62,112.75,0.12,185.8,21133.2,1
2021-01-13,2021-01-13 13:20:00,112.75,112.88,112.75,112.88,0.12,185.8,21133.2,1
2021-01-13,2021-01-13 13:30:00,112.88,113.0,112.88,113.0,0.11,185.8,21133.2,1
2021-01-13,2021-01-13 13:40:00,113.0,113.12,113.0,113.12,0.11,185.8,21133.2,1
2021-01-13,2021-01-13 13:50:00,113.12,113.25,113.12,113.25,0.11,185.8,21133.2,1
2021-01-13,2021-01-13 14:00:00,113.25,113.38,113.25,113.38,0.11,185.8,21133.2,1
2021-01-13,2021-01-13 14:10:00,113.38,113.5,113.38,113.5,0.11,185.8,21133.2,1
2021-01-13,2021-01-13 14:20:00,113.5,113.62,113.5,113.62,0.11,185.8,21133.2,1
2021-01-13,2021-01-13 14:30:00,113.62,113.75,113.62,113.75,0.11,185.8,21133.2,1
2021-01-13,2021-01-13 14:40:00,113.75,113.88,113.75,113.88,0.11,185.8,21133.2,1
2021-01-13,2021-01-13 14:50:00,113.88,114.0,113.88,114.0,0.11,185.8,21133.2,1
2021-01-13,2021-01-13 15:00:00,114.0,115.0,111.0,114.0,0.0,185.8,21133.2,0
2021-01-17,2021-01-17 11:00:00,112.0,112.9,112.0,112.08,0.07,93.32,10564.48,1
2021-01-17,2021-01-17 11:10:00,112.08,112.17,112.08,112.17,0.08,93.32,10564.48,1
2021-01-17,2021-01-17 11:20:00,112.17,112.25,112.17,112.25,0.07,93.32,10564.48,1
2021-01-17,2021-01-17 11:30:00,112.25,112.33,112.25,112.33,0.07,93.32,10564.48,1
2021-01-17,2021-01-17 11:40:00,112.33,112.42,112.33,112.42,0.08,93.32,10564.48,1
2021-01-17,2021-01-17 11:50:00,112.42,112.5,112.42,112.5,0.07,93.32,10564.48,1
2021-01-17,2021-01-17 12:00:00,112.5,112.58,112.5,112.58,0.07,93.32,10564.48,1
2021-01-17,2021-01-17 12:10:00,112.58,112.67,112.58,112.67,0.08,93.32,10564.48,1
2021-01-17,2021-01-17 12:20:00,112.67,112.75,112.67,112.75,0.07,93.32,10564.48,1
2021-01-17,2021-01-17 12:30:00,112.75,112.83,112.75,112.83,0.07,93.32,10564.48,1
2021-01-17,2021-01-17 12:40:00,112.83,112.92,112.83,112.92,0.08,93.32,10564.48,1
2021-01-17,2021-01-17 12:50:00,112.92,113.0,112.92,113.0,0.07,93.32,10564.48,1
2021-01-17,2021-01-17 13:00:00,113.0,115.0,112.0,113.08,0.07,93.32,10564.48,1
2021-01-17,2021-01-17 13:10:00,113.08,113.17,113.08,113.17,0.08,93.32,10564.48,1
2021-01-17,2021-01-17 13:20:00,113.17,113.25,113.17,113.25,0.07,93.32,10564.48,1
2021-01-17,2021-01-17 13:30:00,113.25,113.33,113.25,113.33,0.07,93.32,10564.48,1
2021-01-17,2021-01-17 13:40:00,113.33,113.42,113.33,113.42,0.08,93.32,10564.48,1
2021-01-17,2021-01-17 13:50:00,113.42,113.5,113.42,113.5,0.07,93.32,10564.48,1
2021-01-17,2021-01-17 14:00:00,113.5,113.58,113.5,113.58,0.07,93.32,10564.48,1
2021-01-17,2021-01-17 14:10:00,113.58,113.67,113.58,113.67,0.08,93.32,10564.48,1
2021-01-17,2021-01-17 14:20:00,113.67,113.75,113.67,113.75,0.07,93.32,10564.48,1
2021-01-17,2021-01-17 14:30:00,113.75,113.83,113.75,113.83,0.07,93.32,10564.48,1
2021-01-17,2021-01-17 14:40:00,113.83,113.92,113.83,113.92,0.08,93.32,10564.48,1
2021-01-17,2021-01-17 14:50:00,113.92,114.0,113.92,114.0,0.07,93.32,10564.48,1
2021-01-17,2021-01-17 15:00:00,114.0,115.0,112.0,114.0,0.0,93.32,10564.48,0
2021-01-18,2021-01-18 11:00:00,112.0,112.9,112.0,112.04,0.04,141.52,16082.88,1
2021-01-18,2021-01-18 11:10:00,112.04,112.08,112.04,112.08,0.04,141.52,16082.88,1
2021-01-18,2021-01-18 11:20:00,112.08,112.12,112.08,112.12,0.04,141.52,16082.88,1
2021-01-18,2021-01-18 11:30:00,112.12,112.17,112.12,112.17,0.04,141.52,16082.88,1
2021-01-18,2021-01-18 11:40:00,112.17,112.21,112.17,112.21,0.04,141.52,16082.88,1
2021-01-18,2021-01-18 11:50:00,112.21,112.25,112.21,112.25,0.04,141.52,16082.88,1
2021-01-18,2021-01-18 12:00:00,112.25,112.29,112.25,112.29,0.04,141.52,16082.88,1
2021-01-18,2021-01-18 12:10:00,112.29,112.33,112.29,112.33,0.04,141.52,16082.88,1
2021-01-18,2021-01-18 12:20:00,112.33,112.38,112.33,112.38,0.04,141.52,16082.88,1
2021-01-18,2021-01-18 12:30:00,112.38,112.42,112.38,112.42,0.04,141.52,16082.88,1
2021-01-18,2021-01-18 12:40:00,112.42,112.46,112.42,112.46,0.04,141.52,16082.88,1
2021-01-18,2021-01-18 12:50:00,112.46,112.5,112.46,112.5,0.04,141.52,16082.88,1
2021-01-18,2021-01-18 13:00:00,112.5,115.0,112.0,112.54,0.04,141.52,16082.88,1
2021-01-18,2021-01-18 13:10:00,112.54,112.58,112.54,112.58,0.04,141.52,16082.88,1
2021-01-18,2021-01-18 13:20:00,112.58,112.62,112.58,112.62,0.04,141.52,16082.88,1
2021-01-18,2021-01-18 13:30:00,112.62,112.67,112.62,112.67,0.04,141.52,16082.88,1
2021-01-18,2021-01-18 13:40:00,112.67,112.71,112.67,112.71,0.04,141.52,16082.88,1
2021-01-18,2021-01-18 13:50:00,112.71,112.75,112.71,112.75,0.04,141.52,16082.88,1
2021-01-18,2021-01-18 14:00:00,112.75,112.79,112.75,112.79,0.04,141.52,16082.88,1
2021-01-18,2021-01-18 14:10:00,112.79,112.83,112.79,112.83,0.04,141.52,16082.88,1
2021-01-18,2021-01-18 14:20:00,112.83,112.88,112.83,112.88,0.04,141.52,16082.88,1
2021-01-18,2021-01-18 14:30:00,112.88,112.92,112.88,112.92,0.04,141.52,16082.88,1
2021-01-18,2021-01-18 14:40:00,112.92,112.96,112.92,112.96,0.04,141.52,16082.88,1
2021-01-18,2021-01-18 14:50:00,112.96,113.0,112.96,113.0,0.04,141.52,16082.88,1
2021-01-18,2021-01-18 15:00:00,113.0,115.0,112.0,113.0,0.0,141.52,16082.88,0
2021-01-19,2021-01-19 11:00:00,118.0,118.0,115.6,117.79,-0.18,64.4,7229.6,-1
2021-01-19,2021-01-19 11:10:00,117.79,117.79,117.58,117.58,-0.18,64.4,7229.6,-1
2021-01-19,2021-01-19 11:20:00,117.58,117.58,117.38,117.38,-0.17,64.4,7229.6,-1
2021-01-19,2021-01-19 11:30:00,117.38,117.38,117.17,117.17,-0.18,64.4,7229.6,-1
2021-01-19,2021-01-19 11:40:00,117.17,117.17,116.96,116.96,-0.18,64.4,7229.6,-1
2021-01-19,2021-01-19 11:50:00,116.96,116.96,116.75,116.75,-0.18,64.4,7229.6,-1
2021-01-19,2021-01-19 12:00:00,116.75,116.75,116.54,116.54,-0.18,64.4,7229.6,-1
2021-01-19,2021-01-19 12:10:00,116.54,116.54,116.33,116.33,-0.18,64.4,7229.6,-1
2021-01-19,2021-01-19 12:20:00,116.33,116.33,116.12,116.12,-0.18,64.4,7229.6,-1
2021-01-19,2021-01-19 12:30:00,116.12,116.12,115.92,115.92,-0.17,64.4,7229.6,-1
2021-01-19,2021-01-19 12:40:00,115.92,115.92,115.71,115.71,-0.18,64.4,7229.6,-1
2021-01-19,2021-01-19 12:50:00,115.71,115.71,115.5,115.5,-0.18,64.4,7229.6,-1
2021-01-19,2021-01-19 13:00:00,115.5,118.0,110.0,115.29,-0.18,64.4,7229.6,-1
2021-01-19,2021-01-19 13:10:00,115.29,115.29,115.08,115.08,-0.18,64.4,7229.6,-1
2021-01-19,2021-01-19 13:20:00,115.08,115.08,114.88,114.88,-0.17,64.4,7229.6,-1
2021-01-19,2021-01-19 13:30:00,114.88,114.88,114.67,114.67,-0.18,64.4,7229.6,-1
2021-01-19,2021-01-19 13:40:00,114.67,114.67,114.46,114.46,-0.18,64.4,7229.6,-1
2021-01-19,2021-01-19 13:50:00,114.46,114.46,114.25,114.25,-0.18,64.4,7229.6,-1
2021-01-19,2021-01-19 14:00:00,114.25,114.25,114.04,114.04,-0.18,64.4,7229.6,-1
2021-01-19,2021-01-19 14:10:00,114.04,114.04,113.83,113.83,-0.18,64.4,7229.6,-1
2021-01-19,2021-01-19 14:20:00,113.83,113.83,113.62,113.62,-0.18,64.4,7229.6,-1
2021-01-19,2021-01-19 14:30:00,113.62,113.62,113.42,113.42,-0.18,64.4,7229.6,-1
2021-01-19,2021-01-19 14:40:00,113.42,113.42,113.21,113.21,-0.19,64.4,7229.6,-1
2021-01-19,2021-01-19 14:50:00,113.21,113.21,113.0,113.0,-0.19,64.4,7229.6,-1
2021-01-19,2021-01-19 15:00:00,113.0,118.0,110.0,113.0,0.0,64.4,7229.6,0
2021-01-20,2021-01-20 11:00:00,111.0,112.2,111.0,111.17,0.15,572.08,64664.36,1
2021-01-20,2021-01-20 11:10:00,111.17,111.33,111.17,111.33,0.14,572.08,64664.36,1
2021-01-20,2021-01-20 11:20:00,111.33,111.5,111.33,111.5,0.15,572.08,64664.36,1
2021-01-20,2021-01-20 11:30:00,111.5,111.67,111.5,111.67,0.15,572.08,64664.36,1
2021-01-20,2021-01-20 11:40:00,111.67,111.83,111.67,111.83,0.14,572.08,64664.36,1
2021-01-20,2021-01-20 11:50:00,111.83,112.0,111.83,112.0,0.15,572.08,64664.36,1
2021-01-20,2021-01-20 12:00:00,112.0,112.17,112.0,112.17,0.15,572.08,64664.36,1
2021-01-20,2021-01-20 12:10:00,112.17,112.33,112.17,112.33,0.14,572.08,64664.36,1
2021-01-20,2021-01-20 12:20:00,112.33,112.5,112.33,112.5,0.15,572.08,64664.36,1
2021-01-20,2021-01-20 12:30:00,112.5,112.67,112.5,112.67,0.15,572.08,64664.36,1
2021-01-20,2021-01-20 12:40:00,112.67,112.83,112.67,112.83,0.14,572.08,64664.36,1
2021-01-20,2021-01-20 12:50:00,112.83,113.0,112.83,113.0,0.15,572.08,64664.36,1
2021-01-20,2021-01-20 13:00:00,113.0,115.0,111.0,113.17,0.15,572.08,64664.36,1
2021-01-20,2021-01-20 13:10:00,113.17,113.33,113.17,113.33,0.14,572.08,64664.36,1
2021-01-20,2021-01-20 13:20:00,113.33,113.5,113.33,113.5,0.15,572.08,64664.36,1
2021-01-20,2021-01-20 13:30:00,113.5,113.67,113.5,113.67,0.15,572.08,64664.36,1
2021-01-20,2021-01-20 13:40:00,113.67,113.83,113.67,113.83,0.14,572.08,64664.36,1
2021-01-20,2021-01-20 13:50:00,113.83,114.0,113.83,114.0,0.15,572.08,64664.36,1
2021-01-20,2021-01-20 14:00:00,114.0,114.17,114.0,114.17,0.15,572.08,64664.36,1
2021-01-20,2021-01-20 14:10:00,114.17,114.33,114.17,114.33,0.14,572.08,64664.36,1
2021-01-20,2021-01-20 14:20:00,114.33,114.5,114.33,114.5,0.15,572.08,64664.36,1
2021-01-20,2021-01-20 14:30:00,114.5,114.67,114.5,114.67,0.15,572.08,64664.36,1
2021-01-20,2021-01-20 14:40:00,114.67,114.83,114.67,114.83,0.14,572.08,64664.36,1
2021-01-20,2021-01-20 14:50:00,114.83,115.0,114.83,115.0,0.15,572.08,64664.36,1
2021-01-20,2021-01-20 15:00:00,115.0,115.0,111.0,115.0,0.0,572.08,64664.36,0
2021-01-21,2021-01-21 11:00:00,120.0,121.8,117.6,120.21,0.17,2154.6,260660.28,1
2021-01-21,2021-01-21 11:10:00,120.21,120.42,120.21,120.42,0.17,2154.6,260660.28,1
2021-01-21,2021-01-21 11:20:00,120.42,120.62,120.42,120.62,0.17,2154.6,260660.28,1
2021-01-21,2021-01-21 11:30:00,120.62,120.83,120.62,120.83,0.17,2154.6,260660.28,1
2021-01-21,2021-01-21 11:40:00,120.83,121.04,120.83,121.04,0.17,2154.6,260660.28,1
2021-01-21,2021-01-21 11:50:00,121.04,121.25,121.04,121.25,0.17,2154.6,260660.28,1
2021-01-21,2021-01-21 12:00:00,121.25,121.46,121.25,121.46,0.17,2154.6,260660.28,1
2021-01-21,2021-01-21 12:10:00,121.46,121.67,121.46,121.67,0.17,2154.6,260660.28,1
2021-01-21,2021-01-21 12:20:00,121.67,121.88,121.67,121.88,0.17,2154.6,260660.28,1
2021-01-21,2021-01-21 12:30:00,121.88,122.08,121.88,122.08,0.16,2154.6,260660.28,1
2021-01-21,2021-01-21 12:40:00,122.08,122.29,122.08,122.29,0.17,2154.6,260660.28,1
2021-01-21,2021-01-21 12:50:00,122.29,122.5,122.29,122.5,0.17,2154.6,260660.28,1
2021-01-21,2021-01-21 13:00:00,122.5,126.0,112.0,122.71,0.17,2154.6,260660.28,1
2021-01-21,2021-01-21 13:10:00,122.71,122.92,122.71,122.92,0.17,2154.6,260660.28,1
2021-01-21,2021-01-21 13:20:00,122.92,123.12,122.92,123.12,0.16,2154.6,260660.28,1
2021-01-21,2021-01-21 13:30:00,123.12,123.33,123.12,123.33,0.17,2154.6,260660.28,1
2021-01-21,2021-01-21 13:40:00,123.33,123.54,123.33,123.54,0.17,2154.6,260660.28,1
2021-01-21,2021-01-21 13:50:00,123.54,123.75,123.54,123.75,0.17,2154.6,260660.28,1
2021-01-21,2021-01-21 14:00:00,123.75,123.96,123.75,123.96,0.17,2154.6,260660.28,1
2021-01-21,2021-01-21 14:10:00,123.96,124.17,123.96,124.17,0.17,2154.6,260660.28,1
2021-01-21,2021-01-21 14:20:00,124.17,124.38,124.17,124.38,0.17,2154.6,260660.28,1
2021-01-21,2021-01-21 14:30:00,124.38,124.58,124.38,124.58,0.16,2154.6,260660.28,1
2021-01-21,2021-01-21 14:40:00,124.58,124.79,124.58,124.79,0.17,2154.6,260660.28,1
2021-01-21,2021-01-21 14:50:00,124.79,125.0,124.79,125.0,0.17,2154.6,260660.28,1
2021-01-21,2021-01-21 15:00:00,125.0,126.0,112.0,125.0,0.0,2154.6,260660.28,0
2021-01-24,2021-01-24 11:00:00,126.0,128.1,123.3,126.0,0.0,1390.2,170789.6,0
2021-01-24,2021-01-24 11:10:00,126.0,126.0,126.0,126.0,0.0,1390.2,170789.6,0
2021-01-24,2021-01-24 11:20:00,126.0,126.0,126.0,126.0,0.0,1390.2,170789.6,0
2021-01-24,2021-01-24 11:30:00,126.0,126.0,126.0,126.0,0.0,1390.2,170789.6,0
2021-01-24,2021-01-24 11:40:00,126.0,126.0,126.0,126.0,0.0,1390.2,170789.6,0
2021-01-24,2021-01-24 11:50:00,126.0,126.0,126.0,126.0,0.0,1390.2,170789.6,0
2021-01-24,2021-01-24 12:00:00,126.0,126.0,126.0,126.0,0.0,1390.2,170789.6,0
2021-01-24,2021-01-24 12:10:00,126.0,126.0,126.0,126.0,0.0,1390.2,170789.6,0
2021-01-24,2021-01-24 12:20:00,126.0,126.0,126.0,126.0,0.0,1390.2,170789.6,0
2021-01-24,2021-01-24 12:30:00,126.0,126.0,126.0,126.0,0.0,1390.2,170789.6,0
2021-01-24,2021-01-24 12:40:00,126.0,126.0,126.0,126.0,0.0,1390.2,170789.6,0
2021-01-24,2021-01-24 12:50:00,126.0,126.0,126.0,126.0,0.0,1390.2,170789.6,0
2021-01-24,2021-01-24 13:00:00,126.0,133.0,117.0,126.0,0.0,1390.2,170789.6,0
2021-01-24,2021-01-24 13:10:00,126.0,126.0,126.0,126.0,0.0,1390.2,170789.6,0
2021-01-24,2021-01-24 13:20:00,126.0,126.0,126.0,126.0,0.0,1390.2,170789.6,0
2021-01-24,2021-01-24 13:30:00,126.0,126.0,126.0,126.0,0.0,1390.2,170789.6,0
2021-01-24,2021-01-24 13:40:00,126.0,126.0,126.0,126.0,0.0,1390.2,170789.6,0
2021-01-24,2021-01-24 13:50:00,126.0,126.0,126.0,126.0,0.0,1390.2,170789.6,0
2021-01-24,2021-01-24 14:00:00,126.0,126.0,126.0,126.0,0.0,1390.2,170789.6,0
2021-01-24,2021-01-24 14:10:00,126.0,126.0,126.0,126.0,0.0,1390.2,170789.6,0
2021-01-24,2021-01-24 14:20:00,126.0,126.0,126.0,126.0,0.0,1390.2,170789.6,0
2021-01-24,2021-01-24 14:30:00,126.0,126.0,126.0,126.0,0.0,1390.2,170789.6,0
2021-01-24,2021-01-24 14:40:00,126.0,126.0,126.0,126.0,0.0,1390.2,170789.6,0
2021-01-24,2021-01-24 14:50:00,126.0,126.0,126.0,126.0,0.0,1390.2,170789.6,0
2021-01-24,2021-01-24 15:00:00,126.0,133.0,117.0,126.0,0.0,1390.2,170789.6,0
2021-01-25,2021-01-25 11:00:00,126.0,126.0,124.2,125.88,-0.1,448.4,54692.8,-1
2021-01-25,2021-01-25 11:10:00,125.88,125.88,125.75,125.75,-0.1,448.4,54692.8,-1
2021-01-25,2021-01-25 11:20:00,125.75,125.75,125.62,125.62,-0.1,448.4,54692.8,-1
2021-01-25,2021-01-25 11:30:00,125.62,125.62,125.5,125.5,-0.1,448.4,54692.8,-1
2021-01-25,2021-01-25 11:40:00,125.5,125.5,125.38,125.38,-0.1,448.4,54692.8,-1
2021-01-25,2021-01-25 11:50:00,125.38,125.38,125.25,125.25,-0.1,448.4,54692.8,-1
2021-01-25,2021-01-25 12:00:00,125.25,125.25,125.12,125.12,-0.1,448.4,54692.8,-1
2021-01-25,2021-01-25 12:10:00,125.12,125.12,125.0,125.0,-0.1,448.4,54692.8,-1
2021-01-25,2021-01-25 12:20:00,125.0,125.0,124.88,124.88,-0.1,448.4,54692.8,-1
2021-01-25,2021-01-25 12:30:00,124.88,124.88,124.75,124.75,-0.1,448.4,54692.8,-1
2021-01-25,2021-01-25 12:40:00,124.75,124.75,124.62,124.62,-0.1,448.4,54692.8,-1
2021-01-25,2021-01-25 12:50:00,124.62,124.62,124.5,124.5,-0.1,448.4,54692.8,-1
2021-01-25,2021-01-25 13:00:00,124.5,126.0,120.0,124.38,-0.1,448.4,54692.8,-1
2021-01-25,2021-01-25 13:10:00,124.38,124.38,124.25,124.25,-0.1,448.4,54692.8,-1
2021-01-25,2021-01-25 13:20:00,124.25,124.25,124.12,124.12,-0.1,448.4,54692.8,-1
2021-01-25,2021-01-25 13:30:00,124.12,124.12,124.0,124.0,-0.1,448.4,54692.8,-1
2021-01-25,2021-01-25 13:40:00,124.0,124.0,123.88,123.88,-0.1,448.4,54692.8,-1
2021-01-25,2021-01-25 13:50:00,123.88,123.88,123.75,123.75,-0.1,448.4,54692.8,-1
2021-01-25,2021-01-25 14:00:00,123.75,123.75,123.62,123.62,-0.11,448.4,54692.8,-1
2021-01-25,2021-01-25 14:10:00,123.62,123.62,123.5,123.5,-0.1,448.4,54692.8,-1
2021-01-25,2021-01-25 14:20:00,123.5,123.5,123.38,123.38,-0.1,448.4,54692.8,-1
2021-01-25,2021-01-25 14:30:00,123.38,123.38,123.25,123.25,-0.11,448.4,54692.8,-1
2021-01-25,2021-01-25 14:40:00,123.25,123.25,123.12,123.12,-0.11,448.4,54692.8,-1
2021-01-25,2021-01-25 14:50:00,123.12,123.12,123.0,123.0,-0.1,448.4,54692.8,-1
2021-01-25,2021-01-25 15:00:00,123.0,126.0,120.0,123.0,0.0,448.4,54692.8,0
2021-01-26,2021-01-26 11:00:00,121.0,121.6,120.4,120.96,-0.03,343.96,41909.24,-1
2021-01-26,2021-01-26 11:10:00,120.96,120.96,120.92,120.92,-0.03,343.96,41909.24,-1
2021-01-26,2021-01-26 11:20:00,120.92,120.92,120.88,120.88,-0.03,343.96,41909.24,-1
2021-01-26,2021-01-26 11:30:00,120.88,120.88,120.83,120.83,-0.04,343.96,41909.24,-1
2021-01-26,2021-01-26 11:40:00,120.83,120.83,120.79,120.79,-0.03,343.96,41909.24,-1
2021-01-26,2021-01-26 11:50:00,120.79,120.79,120.75,120.75,-0.03,343.96,41909.24,-1
2021-01-26,2021-01-26 12:00:00,120.75,120.75,120.71,120.71,-0.03,343.96,41909.24,-1
2021-01-26,2021-01-26 12:10:00,120.71,120.71,120.67,120.67,-0.03,343.96,41909.24,-1
2021-01-26,2021-01-26 12:20:00,120.67,120.67,120.62,120.62,-0.04,343.96,41909.24,-1
2021-01-26,2021-01-26 12:30:00,120.62,120.62,120.58,120.58,-0.03,343.96,41909.24,-1
2021-01-26,2021-01-26 12:40:00,120.58,120.58,120.54,120.54,-0.03,343.96,41909.24,-1
2021-01-26,2021-01-26 12:50:00,120.54,120.54,120.5,120.5,-0.03,343.96,41909.24,-1
2021-01-26,2021-01-26 13:00:00,120.5,123.0,119.0,120.46,-0.03,343.96,41909.24,-1
2021-01-26,2021-01-26 13:10:00,120.46,120.46,120.42,120.42,-0.03,343.96,41909.24,-1
2021-01-26,2021-01-26 13:20:00,120.42,120.42,120.38,120.38,-0.03,343.96,41909.24,-1
2021-01-26,2021-01-26 13:30:00,120.38,120.38,120.33,120.33,-0.04,343.96,41909.24,-1
2021-01-26,2021-01-26 13:40:00,120.33,120.33,120.29,120.29,-0.03,343.96,41909.24,-1
2021-01-26,2021-01-26 13:50:00,120.29,120.29,120.25,120.25,-0.03,343.96,41909.24,-1
2021-01-26,2021-01-26 14:00:00,120.25,120.25,120.21,120.21,-0.03,343.96,41909.24,-1
2021-01-26,2021-01-26 14:10:00,120.21,120.21,120.17,120.17,-0.03,343.96,41909.24,-1
2021-01-26,2021-01-26 14:20:00,120.17,120.17,120.12,120.12,-0.04,343.96,41909.24,-1
2021-01-26,2021-01-26 14:30:00,120.12,120.12,120.08,120.08,-0.03,343.96,41909.24,-1
2021-01-26,2021-01-26 14:40:00,120.08,120.08,120.04,120.04,-0.03,343.96,41909.24,-1
2021-01-26,2021-01-26 14:50:00,120.04,120.04,120.0,120.0,-0.03,343.96,41909.24,-1
2021-01-26,2021-01-26 15:00:00,120.0,123.0,119.0,120.0,0.0,343.96,41909.24,0
2021-01-27,2021-01-27 11:00:00,122.0,124.1,121.4,122.12,0.1,925.8,116002.16,1
2021-01-27,2021-01-27 11:10:00,122.12,122.25,122.12,122.25,0.11,925.8,116002.16,1
2021-01-27,2021-01-27 11:20:00,122.25,122.38,122.25,122.38,0.11,925.8,116002.16,1
2021-01-27,2021-01-27 11:30:00,122.38,122.5,122.38,122.5,0.1,925.8,116002.16,1
2021-01-27,2021-01-27 11:40:00,122.5,122.62,122.5,122.62,0.1,925.8,116002.16,1
2021-01-27,2021-01-27 11:50:00,122.62,122.75,122.62,122.75,0.11,925.8,116002.16,1
2021-01-27,2021-01-27 12:00:00,122.75,122.88,122.75,122.88,0.11,925.8,116002.16,1
2021-01-27,2021-01-27 12:10:00,122.88,123.0,122.88,123.0,0.1,925.8,116002.16,1
2021-01-27,2021-01-27 12:20:00,123.0,123.12,123.0,123.12,0.1,925.8,116002.16,1
2021-01-27,2021-01-27 12:30:00,123.12,123.25,123.12,123.25,0.11,925.8,116002.16,1
2021-01-27,2021-01-27 12:40:00,123.25,123.38,123.25,123.38,0.11,925.8,116002.16,1
2021-01-27,2021-01-27 12:50:00,123.38,123.5,123.38,123.5,0.1,925.8,116002.16,1
2021-01-27,2021-01-27 13:00:00,123.5,129.0,120.0,123.62,0.1,925.8,116002.16,1
2021-01-27,2021-01-27 13:10:00,123.62,123.75,123.62,123.75,0.11,925.8,116002.16,1
2021-01-27,2021-01-27 13:20:00,123.75,123.88,123.75,123.88,0.11,925.8,116002.16,1
2021-01-27,2021-01-27 13:30:00,123.88,124.0,123.88,124.0,0.1,925.8,116002.16,1
2021-01-27,2021-01-27 13:40:00,124.0,124.12,124.0,124.12,0.1,925.8,116002.16,1
2021-01-27,2021-01-27 13:50:00,124.12,124.25,124.12,124.25,0.1,925.8,116002.16,1
2021-01-27,2021-01-27 14:00:00,124.25,124.38,124.25,124.38,0.1,925.8,116002.16,1
2021-01-27,2021-01-27 14:10:00,124.38,124.5,124.38,124.5,0.1,925.8,116002.16,1
2021-01-27,2021-01-27 14:20:00,124.5,124.62,124.5,124.62,0.1,925.8,116002.16,1
2021-01-27,2021-01-27 14:30:00,124.62,124.75,124.62,124.75,0.1,925.8,116002.16,1
2021-01-27,2021-01-27 14:40:00,124.75,124.88,124.75,124.88,0.1,925.8,116002.16,1
2021-01-27,2021-01-27 14:50:00,124.88,125.0,124.88,125.0,0.1,925.8,116002.16,1
2021-01-27,2021-01-27 15:00:00,125.0,129.0,120.0,125.0,0.0,925.8,116002.16,0
2021-01-28,2021-01-28 11:00:00,123.0,124.5,122.4,122.96,-0.03,615.52,76281.24,-1
2021-01-28,2021-01-28 11:10:00,122.96,122.96,122.92,122.92,-0.03,615.52,76281.24,-1
2021-01-28,2021-01-28 11:20:00,122.92,122.92,122.88,122.88,-0.03,615.52,76281.24,-1
2021-01-28,2021-01-28 11:30:00,122.88,122.88,122.83,122.83,-0.04,615.52,76281.24,-1
2021-01-28,2021-01-28 11:40:00,122.83,122.83,122.79,122.79,-0.03,615.52,76281.24,-1
2021-01-28,2021-01-28 11:50:00,122.79,122.79,122.75,122.75,-0.03,615.52,76281.24,-1
2021-01-28,2021-01-28 12:00:00,122.75,122.75,122.71,122.71,-0.03,615.52,76281.24,-1
2021-01-28,2021-01-28 12:10:00,122.71,122.71,122.67,122.67,-0.03,615.52,76281.24,-1
2021-01-28,2021-01-28 12:20:00,122.67,122.67,122.62,122.62,-0.04,615.52,76281.24,-1
2021-01-28,2021-01-28 12:30:00,122.62,122.62,122.58,122.58,-0.03,615.52,76281.24,-1
2021-01-28,2021-01-28 12:40:00,122.58,122.58,122.54,122.54,-0.03,615.52,76281.24,-1
2021-01-28,2021-01-28 12:50:00,122.54,122.54,122.5,122.5,-0.03,615.52,76281.24,-1
2021-01-28,2021-01-28 13:00:00,122.5,128.0,121.0,122.46,-0.03,615.52,76281.24,-1
2021-01-28,2021-01-28 13:10:00,122.46,122.46,122.42,122.42,-0.03,615.52,76281.24,-1
2021-01-28,2021-01-28 13:20:00,122.42,122.42,122.38,122.38,-0.03,615.52,76281.24,-1
2021-01-28,2021-01-28 13:30:00,122.38,122.38,122.33,122.33,-0.04,615.52,76281.24,-1
2021-01-28,2021-01-28 13:40:00,122.33,122.33,122.29,122.29,-0.03,615.52,76281.24,-1
2021-01-28,2021-01-28 13:50:00,122.29,122.29,122.25,122.25,-0.03,615.52,76281.24,-1
2021-01-28,2021-01-28 14:00:00,122.25,122.25,122.21,122.21,-0.03,615.52,76281.24,-1
2021-01-28,2021-01-28 14:10:00,122.21,122.21,122.17,122.17,-0.03,615.52,76281.24,-1
2021-01-28,2021-01-28 14:20:00,122.17,122.17,122.12,122.12,-0.04,615.52,76281.24,-1
2021-01-28,2021-01-28 14:30:00,122.12,122.12,122.08,122.08,-0.03,615.52,76281.24,-1
2021-01-28,2021-01-28 14:40:00,122.08,122.08,122.04,122.04,-0.03,615.52,76281.24,-1
2021-01-28,2021-01-28 14:50:00,122.04,122.04,122.0,122.0,-0.03,615.52,76281.24,-1
2021-01-28,2021-01-28 15:00:00,122.0,128.0,121.0,122.0,0.0,615.52,76281.24,0
2021-01-31,2021-01-31 11:00:00,122.0,122.0,120.2,121.88,-0.1,245.8,29302.0,-1
2021-01-31,2021-01-31 11:10:00,121.88,121.88,121.75,121.75,-0.11,245.8,29302.0,-1
2021-01-31,2021-01-31 11:20:00,121.75,121.75,121.62,121.62,-0.11,245.8,29302.0,-1
2021-01-31,2021-01-31 11:30:00,121.62,121.62,121.5,121.5,-0.1,245.8,29302.0,-1
2021-01-31,2021-01-31 11:40:00,121.5,121.5,121.38,121.38,-0.1,245.8,29302.0,-1
2021-01-31,2021-01-31 11:50:00,121.38,121.38,121.25,121.25,-0.11,245.8,29302.0,-1
2021-01-31,2021-01-31 12:00:00,121.25,121.25,121.12,121.12,-0.11,245.8,29302.0,-1
2021-01-31,2021-01-31 12:10:00,121.12,121.12,121.0,121.0,-0.1,245.8,29302.0,-1
2021-01-31,2021-01-31 12:20:00,121.0,121.0,120.88,120.88,-0.1,245.8,29302.0,-1
2021-01-31,2021-01-31 12:30:00,120.88,120.88,120.75,120.75,-0.11,245.8,29302.0,-1
2021-01-31,2021-01-31 12:40:00,120.75,120.75,120.62,120.62,-0.11,245.8,29302.0,-1
2021-01-31,2021-01-31 12:50:00,120.62,120.62,120.5,120.5,-0.1,245.8,29302.0,-1
2021-01-31,2021-01-31 13:00:00,120.5,122.0,116.0,120.38,-0.1,245.8,29302.0,-1
2021-01-31,2021-01-31 13:10:00,120.38,120.38,120.25,120.25,-0.11,245.8,29302.0,-1
2021-01-31,2021-01-31 13:20:00,120.25,120.25,120.12,120.12,-0.11,245.8,29302.0,-1
2021-01-31,2021-01-31 13:30:00,120.12,120.12,120.0,120.0,-0.1,245.8,29302.0,-1
2021-01-31,2021-01-31 13:40:00,120.0,120.0,119.88,119.88,-0.1,245.8,29302.0,-1
2021-01-31,2021-01-31 13:50:00,119.88,119.88,119.75,119.75,-0.11,245.8,29302.0,-1
2021-01-31,2021-01-31 14:00:00,119.75,119.75,119.62,119.62,-0.11,245.8,29302.0,-1
2021-01-31,2021-01-31 14:10:00,119.62,119.62,119.5,119.5,-0.1,245.8,29302.0,-1
2021-01-31,2021-01-31 14:20:00,119.5,119.5,119.38,119.38,-0.1,245.8,29302.0,-1
2021-01-31,2021-01-31 14:30:00,119.38,119.38,119.25,119.25,-0.11,245.8,29302.0,-1
2021-01-31,2021-01-31 14:40:00,119.25,119.25,119.12,119.12,-0.11,245.8,29302.0,-1
2021-01-31,2021-01-31 14:50:00,119.12,119.12,119.0,119.0,-0.1,245.8,29302.0,-1
2021-01-31,2021-01-31 15:00:00,119.0,122.0,116.0,119.0,0.0,245.8,29302.0,0
2021-02-01,2021-02-01 11:00:00,117.0,119.7,116.7,117.12,0.1,227.96,27765.4,1
2021-02-01,2021-02-01 11:10:00,117.12,117.25,117.12,117.25,0.11,227.96,27765.4,1
2021-02-01,2021-02-01 11:20:00,117.25,117.38,117.25,117.38,0.11,227.96,27765.4,1
2021-02-01,2021-02-01 11:30:00,117.38,117.5,117.38,117.5,0.1,227.96,27765.4,1
2021-02-01,2021-02-01 11:40:00,117.5,117.62,117.5,117.62,0.1,227.96,27765.4,1
2021-02-01,2021-02-01 11:50:00,117.62,117.75,117.62,117.75,0.11,227.96,27765.4,1
2021-02-01,2021-02-01 12:00:00,117.75,117.88,117.75,117.88,0.11,227.96,27765.4,1
2021-02-01,2021-02-01 12:10:00,117.88,118.0,117.88,118.0,0.1,227.96,27765.4,1
2021-02-01,2021-02-01 12:20:00,118.0,118.12,118.0,118.12,0.1,227.96,27765.4,1
2021-02-01,2021-02-01 12:30:00,118.12,118.25,118.12,118.25,0.11,227.96,27765.4,1
2021-02-01,2021-02-01 12:40:00,118.25,118.38,118.25,118.38,0.11,227.96,27765.4,1
2021-02-01,2021-02-01 12:50:00,118.38,118.5,118.38,118.5,0.1,227.96,27765.4,1
2021-02-01,2021-02-01 13:00:00,118.5,126.0,116.0,118.62,0.1,227.96,27765.4,1
2021-02-01,2021-02-01 13:10:00,118.62,118.75,118.62,118.75,0.11,227.96,27765.4,1
2021-02-01,2021-02-01 13:20:00,118.75,118.88,118.75,118.88,0.11,227.96,27765.4,1
2021-02-01,2021-02-01 13:30:00,118.88,119.0,118.88,119.0,0.1,227.96,27765.4,1
2021-02-01,2021-02-01 13:40:00,119.0,119.12,119.0,119.12,0.1,227.96,27765.4,1
2021-02-01,2021-02-01 13:50:00,119.12,119.25,119.12,119.25,0.11,227.96,27765.4,1
2021-02-01,2021-02-01 14:00:00,119.25,119.38,119.25,119.38,0.11,227.96,27765.4,1
2021-02-01,2021-02-01 14:10:00,119.38,119.5,119.38,119.5,0.1,227.96,27765.4,1
2021-02-01,2021-02-01 14:20:00,119.5,119.62,119.5,119.62,0.1,227.96,27765.4,1
2021-02-01,2021-02-01 14:30:00,119.62,119.75,119.62,119.75,0.11,227.96,27765.4,1
2021-02-01,2021-02-01 14:40:00,119.75,119.88,119.75,119.88,0.11,227.96,27765.4,1
2021-02-01,2021-02-01 14:50:00,119.88,120.0,119.88,120.0,0.1,227.96,27765.4,1
2021-02-01,2021-02-01 15:00:00,120.0,126.0,116.0,120.0,0.0,227.96,27765.4,0
2021-02-02,2021-02-02 11:00:00,118.0,120.4,118.0,118.21,0.18,331.36,40289.96,1
2021-02-02,2021-02-02 11:10:00,118.21,118.42,118.21,118.42,0.18,331.36,40289.96,1
2021-02-02,2021-02-02 11:20:00,118.42,118.62,118.42,118.62,0.17,331.36,40289.96,1
2021-02-02,2021-02-02 11:30:00,118.62,118.83,118.62,118.83,0.18,331.36,40289.96,1
2021-02-02,2021-02-02 11:40:00,118.83,119.04,118.83,119.04,0.18,331.36,40289.96,1
2021-02-02,2021-02-02 11:50:00,119.04,119.25,119.04,119.25,0.18,331.36,40289.96,1
2021-02-02,2021-02-02 12:00:00,119.25,119.46,119.25,119.46,0.18,331.36,40289.96,1
2021-02-02,2021-02-02 12:10:00,119.46,119.67,119.46,119.67,0.18,331.36,40289.96,1
2021-02-02,2021-02-02 12:20:00,119.67,119.88,119.67,119.88,0.18,331.36,40289.96,1
2021-02-02,2021-02-02 12:30:00,119.88,120.08,119.88,120.08,0.17,331.36,40289.96,1
2021-02-02,2021-02-02 12:40:00,120.08,120.29,120.08,120.29,0.17,331.36,40289.96,1
2021-02-02,2021-02-02 12:50:00,120.29,120.5,120.29,120.5,0.17,331.36,40289.96,1
2021-02-02,2021-02-02 13:00:00,120.5,126.0,118.0,120.71,0.17,331.36,40289.96,1
2021-02-02,2021-02-02 13:10:00,120.71,120.92,120.71,120.92,0.17,331.36,40289.96,1
2021-02-02,2021-02-02 13:20:00,120.92,121.12,120.92,121.12,0.17,331.36,40289.96,1
2021-02-02,2021-02-02 13:30:00,121.12,121.33,121.12,121.33,0.17,331.36,40289.96,1
2021-02-02,2021-02-02 13:40:00,121.33,121.54,121.33,121.54,0.17,331.36,40289.96,1
2021-02-02,2021-02-02 13:50:00,121.54,121.75,121.54,121.75,0.17,331.36,40289.96,1
2021-02-02,2021-02-02 14:00:00,121.75,121.96,121.75,121.96,0.17,331.36,40289.96,1
2021-02-02,2021-02-02 14:10:00,121.96,122.17,121.96,122.17,0.17,331.36,40289.96,1
2021-02-02,2021-02-02 14:20:00,122.17,122.38,122.17,122.38,0.17,331.36,40289.96,1
2021-02-02,2021-02-02 14:30:00,122.38,122.58,122.38,122.58,0.16,331.36,40289.96,1
2021-02-02,2021-02-02 14:40:00,122.58,122.79,122.58,122.79,0.17,331.36,40289.96,1
2021-02-02,2021-02-02 14:50:00,122.79,123.0,122.79,123.0,0.17,331.36,40289.96,1
2021-02-02,2021-02-02 15:00:00,123.0,126.0,118.0,123.0,0.0,331.36,40289.96,0
2021-02-03,2021-02-03 11:00:00,121.0,121.9,120.4,120.96,-0.03,485.96,59106.64,-1
2021-02-03,2021-02-03 11:10:00,120.96,120.96,120.92,120.92,-0.03,485.96,59106.64,-1
2021-02-03,2021-02-03 11:20:00,120.92,120.92,120.88,120.88,-0.03,485.96,59106.64,-1
2021-02-03,2021-02-03 11:30:00,120.88,120.88,120.83,120.83,-0.04,485.96,59106.64,-1
2021-02-03,2021-02-03 11:40:00,120.83,120.83,120.79,120.79,-0.03,485.96,59106.64,-1
2021-02-03,2021-02-03 11:50:00,120.79,120.79,120.75,120.75,-0.03,485.96,59106.64,-1
2021-02-03,2021-02-03 12:00:00,120.75,120.75,120.71,120.71,-0.03,485.96,59106.64,-1
2021-02-03,2021-02-03 12:10:00,120.71,120.71,120.67,120.67,-0.03,485.96,59106.64,-1
2021-02-03,2021-02-03 12:20:00,120.67,120.67,120.62,120.62,-0.04,485.96,59106.64,-1
2021-02-03,2021-02-03 12:30:00,120.62,120.62,120.58,120.58,-0.03,485.96,59106.64,-1
2021-02-03,2021-02-03 12:40:00,120.58,120.58,120.54,120.54,-0.03,485.96,59106.64,-1
2021-02-03,2021-02-03 12:50:00,120.54,120.54,120.5,120.5,-0.03,485.96,59106.64,-1
2021-02-03,2021-02-03 13:00:00,120.5,124.0,119.0,120.46,-0.03,485.96,59106.64,-1
2021-02-03,2021-02-03 13:10:00,120.46,120.46,120.42,120.42,-0.03,485.96,59106.64,-1
2021-02-03,2021-02-03 13:20:00,120.42,120.42,120.38,120.38,-0.03,485.96,59106.64,-1
2021-02-03,2021-02-03 13:30:00,120.38,120.38,120.33,120.33,-0.04,485.96,59106.64,-1
2021-02-03,2021-02-03 13:40:00,120.33,120.33,120.29,120.29,-0.03,485.96,59106.64,-1
2021-02-03,2021-02-03 13:50:00,120.29,120.29,120.25,120.25,-0.03,485.96,59106.64,-1
2021-02-03,2021-02-03 14:00:00,120.25,120.25,120.21,120.21,-0.03,485.96,59106.64,-1
2021-02-03,2021-02-03 14:10:00,120.21,120.21,120.17,120.17,-0.03,485.96,59106.64,-1
2021-02-03,2021-02-03 14:20:00,120.17,120.17,120.12,120.12,-0.04,485.96,59106.64,-1
2021-02-03,2021-02-03 14:30:00,120.12,120.12,120.08,120.08,-0.03,485.96,59106.64,-1
2021-02-03,2021-02-03 14:40:00,120.08,120.08,120.04,120.04,-0.03,485.96,59106.64,-1
2021-02-03,2021-02-03 14:50:00,120.04,120.04,120.0,120.0,-0.03,485.96,59106.64,-1
2021-02-03,2021-02-03 15:00:00,120.0,124.0,119.0,120.0,0.0,485.96,59106.64,0
2021-02-04,2021-02-04 11:00:00,125.0,125.0,123.2,124.88,-0.1,379.6,46147.96,-1
2021-02-04,2021-02-04 11:10:00,124.88,124.88,124.75,124.75,-0.1,379.6,46147.96,-1
2021-02-04,2021-02-04 11:20:00,124.75,124.75,124.62,124.62,-0.1,379.6,46147.96,-1
2021-02-04,2021-02-04 11:30:00,124.62,124.62,124.5,124.5,-0.1,379.6,46147.96,-1
2021-02-04,2021-02-04 11:40:00,124.5,124.5,124.38,124.38,-0.1,379.6,46147.96,-1
2021-02-04,2021-02-04 11:50:00,124.38,124.38,124.25,124.25,-0.1,379.6,46147.96,-1
2021-02-04,2021-02-04 12:00:00,124.25,124.25,124.12,124.12,-0.1,379.6,46147.96,-1
2021-02-04,2021-02-04 12:10:00,124.12,124.12,124.0,124.0,-0.1,379.6,46147.96,-1
2021-02-04,2021-02-04 12:20:00,124.0,124.0,123.88,123.88,-0.1,379.6,46147.96,-1
2021-02-04,2021-02-04 12:30:00,123.88,123.88,123.75,123.75,-0.1,379.6,46147.96,-1
2021-02-04,2021-02-04 12:40:00,123.75,123.75,123.62,123.62,-0.11,379.6,46147.96,-1
2021-02-04,2021-02-04 12:50:00,123.62,123.62,123.5,123.5,-0.1,379.6,46147.96,-1
2021-02-04,2021-02-04 13:00:00,123.5,125.0,119.0,123.38,-0.1,379.6,46147.96,-1
2021-02-04,2021-02-04 13:10:00,123.38,123.38,123.25,123.25,-0.11,379.6,46147.96,-1
2021-02-04,2021-02-04 13:20:00,123.25,123.25,123.12,123.12,-0.11,379.6,46147.96,-1
2021-02-04,2021-02-04 13:30:00,123.12,123.12,123.0,123.0,-0.1,379.6,46147.96,-1
2021-02-04,2021-02-04 13:40:00,123.0,123.0,122.88,122.88,-0.1,379.6,46147.96,-1
2021-02-04,2021-02-04 13:50:00,122.88,122.88,122.75,122.75,-0.11,379.6,46147.96,-1
2021-02-04,2021-02-04 14:00:00,122.75,122.75,122.62,122.62,-0.11,379.6,46147.96,-1
2021-02-04,2021-02-04 14:10:00,122.62,122.62,122.5,122.5,-0.1,379.6,46147.96,-1
2021-02-04,2021-02-04 14:20:00,122.5,122.5,122.38,122.38,-0.1,379.6,46147.96,-1
2021-02-04,2021-02-04 14:30:00,122.38,122.38,122.25,122.25,-0.11,379.6,46147.96,-1
2021-02-04,2021-02-04 14:40:00,122.25,122.25,122.12,122.12,-0.11,379.6,46147.96,-1
2021-02-04,2021-02-04 14:50:00,122.12,122.12,122.0,122.0,-0.1,379.6,46147.96,-1
2021-02-04,2021-02-04 15:00:00,122.0,125.0,119.0,122.0,0.0,379.6,46147.96,0
2021-02-07,2021-02-07 11:00:00,121.0,122.5,120.7,121.12,0.1,378.56,46695.2,1
2021-02-07,2021-02-07 11:10:00,121.12,121.25,121.12,121.25,0.11,378.56,46695.2,1
2021-02-07,2021-02-07 11:20:00,121.25,121.38,121.25,121.38,0.11,378.56,46695.2,1
2021-02-07,2021-02-07 11:30:00,121.38,121.5,121.38,121.5,0.1,378.56,46695.2,1
2021-02-07,2021-02-07 11:40:00,121.5,121.62,121.5,121.62,0.1,378.56,46695.2,1
2021-02-07,2021-02-07 11:50:00,121.62,121.75,121.62,121.75,0.11,378.56,46695.2,1
2021-02-07,2021-02-07 12:00:00,121.75,121.88,121.75,121.88,0.11,378.56,46695.2,1
2021-02-07,2021-02-07 12:10:00,121.88,122.0,121.88,122.0,0.1,378.56,46695.2,1
2021-02-07,2021-02-07 12:20:00,122.0,122.12,122.0,122.12,0.1,378.56,46695.2,1
2021-02-07,2021-02-07 12:30:00,122.12,122.25,122.12,122.25,0.11,378.56,46695.2,1
2021-02-07,2021-02-07 12:40:00,122.25,122.38,122.25,122.38,0.11,378.56,46695.2,1
2021-02-07,2021-02-07 12:50:00,122.38,122.5,122.38,122.5,0.1,378.56,46695.2,1
2021-02-07,2021-02-07 13:00:00,122.5,126.0,120.0,122.62,0.1,378.56,46695.2,1
2021-02-07,2021-02-07 13:10:00,122.62,122.75,122.62,122.75,0.11,378.56,46695.2,1
2021-02-07,2021-02-07 13:20:00,122.75,122.88,122.75,122.88,0.11,378.56,46695.2,1
2021-02-07,2021-02-07 13:30:00,122.88,123.0,122.88,123.0,0.1,378.56,46695.2,1
2021-02-07,2021-02-07 13:40:00,123.0,123.12,123.0,123.12,0.1,378.56,46695.2,1
2021-02-07,2021-02-07 13:50:00,123.12,123.25,123.12,123.25,0.11,378.56,46695.2,1
2021-02-07,2021-02-07 14:00:00,123.25,123.38,123.25,123.38,0.11,378.56,46695.2,1
2021-02-07,2021-02-07 14:10:00,123.38,123.5,123.38,123.5,0.1,378.56,46695.2,1
2021-02-07,2021-02-07 14:20:00,123.5,123.62,123.5,123.62,0.1,378.56,46695.2,1
2021-02-07,2021-02-07 14:30:00,123.62,123.75,123.62,123.75,0.11,378.56,46695.2,1
2021-02-07,2021-02-07 14:40:00,123.75,123.88,123.75,123.88,0.11,378.56,46695.2,1
2021-02-07,2021-02-07 14:50:00,123.88,124.0,123.88,124.0,0.1,378.56,46695.2,1
2021-02-07,2021-02-07 15:00:00,124.0,126.0,120.0,124.0,0.0,378.56,46695.2,0
2021-02-08,2021-02-08 11:00:00,122.0,122.6,121.1,121.96,-0.03,710.8,85753.2,-1
2021-02-08,2021-02-08 11:10:00,121.96,121.96,121.92,121.92,-0.03,710.8,85753.2,-1
2021-02-08,2021-02-08 11:20:00,121.92,121.92,121.88,121.88,-0.03,710.8,85753.2,-1
2021-02-08,2021-02-08 11:30:00,121.88,121.88,121.83,121.83,-0.04,710.8,85753.2,-1
2021-02-08,2021-02-08 11:40:00,121.83,121.83,121.79,121.79,-0.03,710.8,85753.2,-1
2021-02-08,2021-02-08 11:50:00,121.79,121.79,121.75,121.75,-0.03,710.8,85753.2,-1
2021-02-08,2021-02-08 12:00:00,121.75,121.75,121.71,121.71,-0.03,710.8,85753.2,-1
2021-02-08,2021-02-08 12:10:00,121.71,121.71,121.67,121.67,-0.03,710.8,85753.2,-1
2021-02-08,2021-02-08 12:20:00,121.67,121.67,121.62,121.62,-0.04,710.8,85753.2,-1
2021-02-08,2021-02-08 12:30:00,121.62,121.62,121.58,121.58,-0.03,710.8,85753.2,-1
2021-02-08,2021-02-08 12:40:00,121.58,121.58,121.54,121.54,-0.03,710.8,85753.2,-1
2021-02-08,2021-02-08 12:50:00,121.54,121.54,121.5,121.5,-0.03,710.8,85753.2,-1
2021-02-08,2021-02-08 13:00:00,121.5,124.0,119.0,121.46,-0.03,710.8,85753.2,-1
2021-02-08,2021-02-08 13:10:00,121.46,121.46,121.42,121.42,-0.03,710.8,85753.2,-1
2021-02-08,2021-02-08 13:20:00,121.42,121.42,121.38,121.38,-0.03,710.8,85753.2,-1
2021-02-08,2021-02-08 13:30:00,121.38,121.38,121.33,121.33,-0.04,710.8,85753.2,-1
2021-02-08,2021-02-08 13:40:00,121.33,121.33,121.29,121.29,-0.03,710.8,85753.2,-1
2021-02-08,2021-02-08 13:50:00,121.29,121.29,121.25,121.25,-0.03,710.8,85753.2,-1
2021-02-08,2021-02-08 14:00:00,121.25,121.25,121.21,121.21,-0.03,710.8,85753.2,-1
2021-02-08,2021-02-08 14:10:00,121.21,121.21,121.17,121.17,-0.03,710.8,85753.2,-1
2021-02-08,2021-02-08 14:20:00,121.17,121.17,121.12,121.12,-0.04,710.8,85753.2,-1
2021-02-08,2021-02-08 14:30:00,121.12,121.12,121.08,121.08,-0.03,710.8,85753.2,-1
2021-02-08,2021-02-08 14:40:00,121.08,121.08,121.04,121.04,-0.03,710.8,85753.2,-1
2021-02-08,2021-02-08 14:50:00,121.04,121.04,121.0,121.0,-0.03,710.8,85753.2,-1
2021-02-08,2021-02-08 15:00:00,121.0,124.0,119.0,121.0,0.0,710.8,85753.2,0
2021-02-09,2021-02-09 11:00:00,119.0,120.8,119.0,119.04,0.03,223.72,27030.68,1
2021-02-09,2021-02-09 11:10:00,119.04,119.08,119.04,119.08,0.03,223.72,27030.68,1
2021-02-09,2021-02-09 11:20:00,119.08,119.12,119.08,119.12,0.03,223.72,27030.68,1
2021-02-09,2021-02-09 11:30:00,119.12,119.17,119.12,119.17,0.04,223.72,27030.68,1
2021-02-09,2021-02-09 11:40:00,119.17,119.21,119.17,119.21,0.03,223.72,27030.68,1
2021-02-09,2021-02-09 11:50:00,119.21,119.25,119.21,119.25,0.03,223.72,27030.68,1
2021-02-09,2021-02-09 12:00:00,119.25,119.29,119.25,119.29,0.03,223.72,27030.68,1
2021-02-09,2021-02-09 12:10:00,119.29,119.33,119.29,119.33,0.03,223.72,27030.68,1
2021-02-09,2021-02-09 12:20:00,119.33,119.38,119.33,119.38,0.04,223.72,27030.68,1
2021-02-09,2021-02-09 12:30:00,119.38,119.42,119.38,119.42,0.03,223.72,27030.68,1
2021-02-09,2021-02-09 12:40:00,119.42,119.46,119.42,119.46,0.03,223.72,27030.68,1
2021-02-09,2021-02-09 12:50:00,119.46,119.5,119.46,119.5,0.03,223.72,27030.68,1
2021-02-09,2021-02-09 13:00:00,119.5,125.0,119.0,119.54,0.03,223.72,27030.68,1
2021-02-09,2021-02-09 13:10:00,119.54,119.58,119.54,119.58,0.03,223.72,27030.68,1
2021-02-09,2021-02-09 13:20:00,119.58,119.62,119.58,119.62,0.03,223.72,27030.68,1
2021-02-09,2021-02-09 13:30:00,119.62,119.67,119.62,119.67,0.04,223.72,27030.68,1
2021-02-09,2021-02-09 13:40:00,119.67,119.71,119.67,119.71,0.03,223.72,27030.68,1
2021-02-09,2021-02-09 13:50:00,119.71,119.75,119.71,119.75,0.03,223.72,27030.68,1
2021-02-09,2021-02-09 14:00:00,119.75,119.79,119.75,119.79,0.03,223.72,27030.68,1
2021-02-09,2021-02-09 14:10:00,119.79,119.83,119.79,119.83,0.03,223.72,27030.68,1
2021-02-09,2021-02-09 14:20:00,119.83,119.88,119.83,119.88,0.04,223.72,27030.68,1
2021-02-09,2021-02-09 14:30:00,119.88,119.92,119.88,119.92,0.03,223.72,27030.68,1
2021-02-09,2021-02-09 14:40:00,119.92,119.96,119.92,119.96,0.03,223.72,27030.68,1
2021-02-09,2021-02-09 14:50:00,119.96,120.0,119.96,120.0,0.03,223.72,27030.68,1
2021-02-09,2021-02-09 15:00:00,120.0,125.0,119.0,120.0,0.0,223.72,27030.68,0
2021-02-10,2021-02-10 11:00:00,120.0,120.6,119.4,119.96,-0.03,313.4,37449.6,-1
2021-02-10,2021-02-10 11:10:00,119.96,119.96,119.92,119.92,-0.03,313.4,37449.6,-1
2021-02-10,2021-02-10 11:20:00,119.92,119.92,119.88,119.88,-0.03,313.4,37449.6,-1
2021-02-10,2021-02-10 11:30:00,119.88,119.88,119.83,119.83,-0.04,313.4,37449.6,-1
2021-02-10,2021-02-10 11:40:00,119.83,119.83,119.79,119.79,-0.03,313.4,37449.6,-1
2021-02-10,2021-02-10 11:50:00,119.79,119.79,119.75,119.75,-0.03,313.4,37449.6,-1
2021-02-10,2021-02-10 12:00:00,119.75,119.75,119.71,119.71,-0.03,313.4,37449.6,-1
2021-02-10,2021-02-10 12:10:00,119.71,119.71,119.67,119.67,-0.03,313.4,37449.6,-1
2021-02-10,2021-02-10 12:20:00,119.67,119.67,119.62,119.62,-0.04,313.4,37449.6,-1
2021-02-10,2021-02-10 12:30:00,119.62,119.62,119.58,119.58,-0.03,313.4,37449.6,-1
2021-02-10,2021-02-10 12:40:00,119.58,119.58,119.54,119.54,-0.03,313.4,37449.6,-1
2021-02-10,2021-02-10 12:50:00,119.54,119.54,119.5,119.5,-0.03,313.4,37449.6,-1
2021-02-10,2021-02-10 13:00:00,119.5,122.0,118.0,119.46,-0.03,313.4,37449.6,-1
2021-02-10,2021-02-10 13:10:00,119.46,119.46,119.42,119.42,-0.03,313.4,37449.6,-1
2021-02-10,2021-02-10 13:20:00,119.42,119.42,119.38,119.38,-0.03,313.4,37449.6,-1
2021-02-10,2021-02-10 13:30:00,119.38,119.38,119.33,119.33,-0.04,313.4,37449.6,-1
2021-02-10,2021-02-10 13:40:00,119.33,119.33,119.29,119.29,-0.03,313.4,37449.6,-1
2021-02-10,2021-02-10 13:50:00,119.29,119.29,119.25,119.25,-0.03,313.4,37449.6,-1
2021-02-10,2021-02-10 14:00:00,119.25,119.25,119.21,119.21,-0.03,313.4,37449.6,-1
2021-02-10,2021-02-10 14:10:00,119.21,119.21,119.17,119.17,-0.03,313.4,37449.6,-1
2021-02-10,2021-02-10 14:20:00,119.17,119.17,119.12,119.12,-0.04,313.4,37449.6,-1
2021-02-10,2021-02-10 14:30:00,119.12,119.12,119.08,119.08,-0.03,313.4,37449.6,-1
2021-02-10,2021-02-10 14:40:00,119.08,119.08,119.04,119.04,-0.03,313.4,37449.6,-1
2021-02-10,2021-02-10 14:50:00,119.04,119.04,119.0,119.0,-0.03,313.4,37449.6,-1
2021-02-10,2021-02-10 15:00:00,119.0,122.0,118.0,119.0,0.0,313.4,37449.6,0
2021-02-11,2021-02-11 11:00:00,118.0,118.6,118.0,118.04,0.03,282.0,33399.92,1
2021-02-11,2021-02-11 11:10:00,118.04,118.08,118.04,118.08,0.03,282.0,33399.92,1
2021-02-11,2021-02-11 11:20:00,118.08,118.12,118.08,118.12,0.03,282.0,33399.92,1
2021-02-11,2021-02-11 11:30:00,118.12,118.17,118.12,118.17,0.04,282.0,33399.92,1
2021-02-11,2021-02-11 11:40:00,118.17,118.21,118.17,118.21,0.03,282.0,33399.92,1
2021-02-11,2021-02-11 11:50:00,118.21,118.25,118.21,118.25,0.03,282.0,33399.92,1
2021-02-11,2021-02-11 12:00:00,118.25,118.29,118.25,118.29,0.03,282.0,33399.92,1
2021-02-11,2021-02-11 12:10:00,118.29,118.33,118.29,118.33,0.03,282.0,33399.92,1
2021-02-11,2021-02-11 12:20:00,118.33,118.38,118.33,118.38,0.04,282.0,33399.92,1
2021-02-11,2021-02-11 12:30:00,118.38,118.42,118.38,118.42,0.03,282.0,33399.92,1
2021-02-11,2021-02-11 12:40:00,118.42,118.46,118.42,118.46,0.03,282.0,33399.92,1
2021-02-11,2021-02-11 12:50:00,118.46,118.5,118.46,118.5,0.03,282.0,33399.92,1
2021-02-11,2021-02-11 13:00:00,118.5,120.0,118.0,118.54,0.03,282.0,33399.92,1
2021-02-11,2021-02-11 13:10:00,118.54,118.58,118.54,118.58,0.03,282.0,33399.92,1
2021-02-11,2021-02-11 13:20:00,118.58,118.62,118.58,118.62,0.03,282.0,33399.92,1
2021-02-11,2021-02-11 13:30:00,118.62,118.67,118.62,118.67,0.04,282.0,33399.92,1
2021-02-11,2021-02-11 13:40:00,118.67,118.71,118.67,118.71,0.03,282.0,33399.92,1
2021-02-11,2021-02-11 13:50:00,118.71,118.75,118.71,118.75,0.03,282.0,33399.92,1
2021-02-11,2021-02-11 14:00:00,118.75,118.79,118.75,118.79,0.03,282.0,33399.92,1
2021-02-11,2021-02-11 14:10:00,118.79,118.83,118.79,118.83,0.03,282.0,33399.92,1
2021-02-11,2021-02-11 14:20:00,118.83,118.88,118.83,118.88,0.04,282.0,33399.92,1
2021-02-11,2021-02-11 14:30:00,118.88,118.92,118.88,118.92,0.03,282.0,33399.92,1
2021-02-11,2021-02-11 14:40:00,118.92,118.96,118.92,118.96,0.03,282.0,33399.92,1
2021-02-11,2021-02-11 14:50:00,118.96,119.0,118.96,119.0,0.03,282.0,33399.92,1
2021-02-11,2021-02-11 15:00:00,119.0,120.0,118.0,119.0,0.0,282.0,33399.92,0
2021-02-14,2021-02-14 11:00:00,117.0,117.9,117.0,117.08,0.07,294.84,34758.88,1
2021-02-14,2021-02-14 11:10:00,117.08,117.17,117.08,117.17,0.08,294.84,34758.88,1
2021-02-14,2021-02-14 11:20:00,117.17,117.25,117.17,117.25,0.07,294.84,34758.88,1
2021-02-14,2021-02-14 11:30:00,117.25,117.33,117.25,117.33,0.07,294.84,34758.88,1
2021-02-14,2021-02-14 11:40:00,117.33,117.42,117.33,117.42,0.08,294.84,34758.88,1
2021-02-14,2021-02-14 11:50:00,117.42,117.5,117.42,117.5,0.07,294.84,34758.88,1
2021-02-14,2021-02-14 12:00:00,117.5,117.58,117.5,117.58,0.07,294.84,34758.88,1
2021-02-14,2021-02-14 12:10:00,117.58,117.67,117.58,117.67,0.08,294.84,34758.88,1
2021-02-14,2021-02-14 12:20:00,117.67,117.75,117.67,117.75,0.07,294.84,34758.88,1
2021-02-14,2021-02-14 12:30:00,117.75,117.83,117.75,117.83,0.07,294.84,34758.88,1
2021-02-14,2021-02-14 12:40:00,117.83,117.92,117.83,117.92,0.08,294.84,34758.88,1
2021-02-14,2021-02-14 12:50:00,117.92,118.0,117.92,118.0,0.07,294.84,34758.88,1
2021-02-14,2021-02-14 13:00:00,118.0,120.0,117.0,118.08,0.07,294.84,34758.88,1
2021-02-14,2021-02-14 13:10:00,118.08,118.17,118.08,118.17,0.08,294.84,34758.88,1
2021-02-14,2021-02-14 13:20:00,118.17,118.25,118.17,118.25,0.07,294.84,34758.88,1
2021-02-14,2021-02-14 13:30:00,118.25,118.33,118.25,118.33,0.07,294.84,34758.88,1
2021-02-14,2021-02-14 13:40:00,118.33,118.42,118.33,118.42,0.08,294.84,34758.88,1
2021-02-14,2021-02-14 13:50:00,118.42,118.5,118.42,118.5,0.07,294.84,34758.88,1
2021-02-14,2021-02-14 14:00:00,118.5,118.58,118.5,118.58,0.07,294.84,34758.88,1
2021-02-14,2021-02-14 14:10:00,118.58,118.67,118.58,118.67,0.08,294.84,34758.88,1
2021-02-14,2021-02-14 14:20:00,118.67,118.75,118.67,118.75,0.07,294.84,34758.88,1
2021-02-14,2021-02-14 14:30:00,118.75,118.83,118.75,118.83,0.07,294.84,34758.88,1
2021-02-14,2021-02-14 14:40:00,118.83,118.92,118.83,118.92,0.08,294.84,34758.88,1
2021-02-14,2021-02-14 14:50:00,118.92,119.0,118.92,119.0,0.07,294.84,34758.88,1
2021-02-14,2021-02-14 15:00:00,119.0,120.0,117.0,119.0,0.0,294.84,34758.88,0
2021-02-15,2021-02-15 11:00:00,120.0,121.2,119.4,120.04,0.03,334.2,40192.6,1
2021-02-15,2021-02-15 11:10:00,120.04,120.08,120.04,120.08,0.03,334.2,40192.6,1
2021-02-15,2021-02-15 11:20:00,120.08,120.12,120.08,120.12,0.03,334.2,40192.6,1
2021-02-15,2021-02-15 11:30:00,120.12,120.17,120.12,120.17,0.04,334.2,40192.6,1
2021-02-15,2021-02-15 11:40:00,120.17,120.21,120.17,120.21,0.03,334.2,40192.6,1
2021-02-15,2021-02-15 11:50:00,120.21,120.25,120.21,120.25,0.03,334.2,40192.6,1
2021-02-15,2021-02-15 12:00:00,120.25,120.29,120.25,120.29,0.03,334.2,40192.6,1
2021-02-15,2021-02-15 12:10:00,120.29,120.33,120.29,120.33,0.03,334.2,40192.6,1
2021-02-15,2021-02-15 12:20:00,120.33,120.38,120.33,120.38,0.04,334.2,40192.6,1
2021-02-15,2021-02-15 12:30:00,120.38,120.42,120.38,120.42,0.03,334.2,40192.6,1
2021-02-15,2021-02-15 12:40:00,120.42,120.46,120.42,120.46,0.03,334.2,40192.6,1
2021-02-15,2021-02-15 12:50:00,120.46,120.5,120.46,120.5,0.03,334.2,40192.6,1
2021-02-15,2021-02-15 13:00:00,120.5,124.0,118.0,120.54,0.03,334.2,40192.6,1
2021-02-15,2021-02-15 13:10:00,120.54,120.58,120.54,120.58,0.03,334.2,40192.6,1
2021-02-15,2021-02-15 13:20:00,120.58,120.62,120.58,120.62,0.03,334.2,40192.6,1
2021-02-15,2021-02-15 13:30:00,120.62,120.67,120.62,120.67,0.04,334.2,40192.6,1
2021-02-15,2021-02-15 13:40:00,120.67,120.71,120.67,120.71,0.03,334.2,40192.6,1
2021-02-15,2021-02-15 13:50:00,120.71,120.75,120.71,120.75,0.03,334.2,40192.6,1
2021-02-15,2021-02-15 14:00:00,120.75,120.79,120.75,120.79,0.03,334.2,40192.6,1
2021-02-15,2021-02-15 14:10:00,120.79,120.83,120.79,120.83,0.03,334.2,40192.6,1
2021-02-15,2021-02-15 14:20:00,120.83,120.88,120.83,120.88,0.04,334.2,40192.6,1
2021-02-15,2021-02-15 14:30:00,120.88,120.92,120.88,120.92,0.03,334.2,40192.6,1
2021-02-15,2021-02-15 14:40:00,120.92,120.96,120.92,120.96,0.03,334.2,40192.6,1
2021-02-15,2021-02-15 14:50:00,120.96,121.0,120.96,121.0,0.03,334.2,40192.6,1
2021-02-15,2021-02-15 15:00:00,121.0,124.0,118.0,121.0,0.0,334.2,40192.6,0
2021-02-16,2021-02-16 11:00:00,120.0,120.0,119.1,119.92,-0.07,206.0,24494.8,-1
2021-02-16,2021-02-16 11:10:00,119.92,119.92,119.83,119.83,-0.08,206.0,24494.8,-1
2021-02-16,2021-02-16 11:20:00,119.83,119.83,119.75,119.75,-0.07,206.0,24494.8,-1
2021-02-16,2021-02-16 11:30:00,119.75,119.75,119.67,119.67,-0.07,206.0,24494.8,-1
2021-02-16,2021-02-16 11:40:00,119.67,119.67,119.58,119.58,-0.08,206.0,24494.8,-1
2021-02-16,2021-02-16 11:50:00,119.58,119.58,119.5,119.5,-0.07,206.0,24494.8,-1
2021-02-16,2021-02-16 12:00:00,119.5,119.5,119.42,119.42,-0.07,206.0,24494.8,-1
2021-02-16,2021-02-16 12:10:00,119.42,119.42,119.33,119.33,-0.08,206.0,24494.8,-1
2021-02-16,2021-02-16 12:20:00,119.33,119.33,119.25,119.25,-0.07,206.0,24494.8,-1
2021-02-16,2021-02-16 12:30:00,119.25,119.25,119.17,119.17,-0.07,206.0,24494.8,-1
2021-02-16,2021-02-16 12:40:00,119.17,119.17,119.08,119.08,-0.08,206.0,24494.8,-1
2021-02-16,2021-02-16 12:50:00,119.08,119.08,119.0,119.0,-0.07,206.0,24494.8,-1
2021-02-16,2021-02-16 13:00:00,119.0,120.0,117.0,118.92,-0.07,206.0,24494.8,-1
2021-02-16,2021-02-16 13:10:00,118.92,118.92,118.83,118.83,-0.08,206.0,24494.8,-1
2021-02-16,2021-02-16 13:20:00,118.83,118.83,118.75,118.75,-0.07,206.0,24494.8,-1
2021-02-16,2021-02-16 13:30:00,118.75,118.75,118.67,118.67,-0.07,206.0,24494.8,-1
2021-02-16,2021-02-16 13:40:00,118.67,118.67,118.58,118.58,-0.08,206.0,24494.8,-1
2021-02-16,2021-02-16 13:50:00,118.58,118.58,118.5,118.5,-0.07,206.0,24494.8,-1
2021-02-16,2021-02-16 14:00:00,118.5,118.5,118.42,118.42,-0.07,206.0,24494.8,-1
2021-02-16,2021-02-16 14:10:00,118.42,118.42,118.33,118.33,-0.08,206.0,24494.8,-1
2021-02-16,2021-02-16 14:20:00,118.33,118.33,118.25,118.25,-0.07,206.0,24494.8,-1
2021-02-16,2021-02-16 14:30:00,118.25,118.25,118.17,118.17,-0.07,206.0,24494.8,-1
2021-02-16,2021-02-16 14:40:00,118.17,118.17,118.08,118.08,-0.08,206.0,24494.8,-1
2021-02-16,2021-02-16 14:50:00,118.08,118.08,118.0,118.0,-0.07,206.0,24494.8,-1
2021-02-16,2021-02-16 15:00:00,118.0,120.0,117.0,118.0,0.0,206.0,24494.8,0
2021-02-17,2021-02-17 11:00:00,117.0,117.6,116.7,117.08,0.07,235.92,27761.16,1
2021-02-17,2021-02-17 11:10:00,117.08,117.17,117.08,117.17,0.08,235.92,27761.16,1
2021-02-17,2021-02-17 11:20:00,117.17,117.25,117.17,117.25,0.07,235.92,27761.16,1
2021-02-17,2021-02-17 11:30:00,117.25,117.33,117.25,117.33,0.07,235.92,27761.16,1
2021-02-17,2021-02-17 11:40:00,117.33,117.42,117.33,117.42,0.08,235.92,27761.16,1
2021-02-17,2021-02-17 11:50:00,117.42,117.5,117.42,117.5,0.07,235.92,27761.16,1
2021-02-17,2021-02-17 12:00:00,117.5,117.58,117.5,117.58,0.07,235.92,27761.16,1
2021-02-17,2021-02-17 12:10:00,117.58,117.67,117.58,117.67,0.08,235.92,27761.16,1
2021-02-17,2021-02-17 12:20:00,117.67,117.75,117.67,117.75,0.07,235.92,27761.16,1
2021-02-17,2021-02-17 12:30:00,117.75,117.83,117.75,117.83,0.07,235.92,27761.16,1
2021-02-17,2021-02-17 12:40:00,117.83,117.92,117.83,117.92,0.08,235.92,27761.16,1
2021-02-17,2021-02-17 12:50:00,117.92,118.0,117.92,118.0,0.07,235.92,27761.16,1
2021-02-17,2021-02-17 13:00:00,118.0,119.0,116.0,118.08,0.07,235.92,27761.16,1
2021-02-17,2021-02-17 13:10:00,118.08,118.17,118.08,118.17,0.08,235.92,27761.16,1
2021-02-17,2021-02-17 13:20:00,118.17,118.25,118.17,118.25,0.07,235.92,27761.16,1
2021-02-17,2021-02-17 13:30:00,118.25,118.33,118.25,118.33,0.07,235.92,27761.16,1
2021-02-17,2021-02-17 13:40:00,118.33,118.42,118.33,118.42,0.08,235.92,27761.16,1
2021-02-17,2021-02-17 13:50:00,118.42,118.5,118.42,118.5,0.07,235.92,27761.16,1
2021-02-17,2021-02-17 14:00:00,118.5,118.58,118.5,118.58,0.07,235.92,27761.16,1
2021-02-17,2021-02-17 14:10:00,118.58,118.67,118.58,118.67,0.08,235.92,27761.16,1
2021-02-17,2021-02-17 14:20:00,118.67,118.75,118.67,118.75,0.07,235.92,27761.16,1
2021-02-17,2021-02-17 14:30:00,118.75,118.83,118.75,118.83,0.07,235.92,27761.16,1
2021-02-17,2021-02-17 14:40:00,118.83,118.92,118.83,118.92,0.08,235.92,27761.16,1
2021-02-17,2021-02-17 14:50:00,118.92,119.0,118.92,119.0,0.07,235.92,27761.16,1
2021-02-17,2021-02-17 15:00:00,119.0,119.0,116.0,119.0,0.0,235.92,27761.16,0
2021-02-18,2021-02-18 11:00:00,117.0,118.5,117.0,117.04,0.03,322.88,38492.52,1
2021-02-18,2021-02-18 11:10:00,117.04,117.08,117.04,117.08,0.03,322.88,38492.52,1
2021-02-18,2021-02-18 11:20:00,117.08,117.12,117.08,117.12,0.03,322.88,38492.52,1
2021-02-18,2021-02-18 11:30:00,117.12,117.17,117.12,117.17,0.04,322.88,38492.52,1
2021-02-18,2021-02-18 11:40:00,117.17,117.21,117.17,117.21,0.03,322.88,38492.52,1
2021-02-18,2021-02-18 11:50:00,117.21,117.25,117.21,117.25,0.03,322.88,38492.52,1
2021-02-18,2021-02-18 12:00:00,117.25,117.29,117.25,117.29,0.03,322.88,38492.52,1
2021-02-18,2021-02-18 12:10:00,117.29,117.33,117.29,117.33,0.03,322.88,38492.52,1
2021-02-18,2021-02-18 12:20:00,117.33,117.38,117.33,117.38,0.04,322.88,38492.52,1
2021-02-18,2021-02-18 12:30:00,117.38,117.42,117.38,117.42,0.03,322.88,38492.52,1
2021-02-18,2021-02-18 12:40:00,117.42,117.46,117.42,117.46,0.03,322.88,38492.52,1
2021-02-18,2021-02-18 12:50:00,117.46,117.5,117.46,117.5,0.03,322.88,38492.52,1
2021-02-18,2021-02-18 13:00:00,117.5,122.0,117.0,117.54,0.03,322.88,38492.52,1
2021-02-18,2021-02-18 13:10:00,117.54,117.58,117.54,117.58,0.03,322.88,38492.52,1
2021-02-18,2021-02-18 13:20:00,117.58,117.62,117.58,117.62,0.03,322.88,38492.52,1
2021-02-18,2021-02-18 13:30:00,117.62,117.67,117.62,117.67,0.04,322.88,38492.52,1
2021-02-18,2021-02-18 13:40:00,117.67,117.71,117.67,117.71,0.03,322.88,38492.52,1
2021-02-18,2021-02-18 13:50:00,117.71,117.75,117.71,117.75,0.03,322.88,38492.52,1
2021-02-18,2021-02-18 14:00:00,117.75,117.79,117.75,117.79,0.03,322.88,38492.52,1
2021-02-18,2021-02-18 14:10:00,117.79,117.83,117.79,117.83,0.03,322.88,38492.52,1
2021-02-18,2021-02-18 14:20:00,117.83,117.88,117.83,117.88,0.04,322.88,38492.52,1
2021-02-18,2021-02-18 14:30:00,117.88,117.92,117.88,117.92,0.03,322.88,38492.52,1
2021-02-18,2021-02-18 14:40:00,117.92,117.96,117.92,117.96,0.03,322.88,38492.52,1
2021-02-18,2021-02-18 14:50:00,117.96,118.0,117.96,118.0,0.03,322.88,38492.52,1
2021-02-18,2021-02-18 15:00:00,118.0,122.0,117.0,118.0,0.0,322.88,38492.52,0
2021-02-21,2021-02-21 11:00:00,118.0,120.4,117.4,118.21,0.18,1351.8,165990.8,1
2021-02-21,2021-02-21 11:10:00,118.21,118.42,118.21,118.42,0.18,1351.8,165990.8,1
2021-02-21,2021-02-21 11:20:00,118.42,118.62,118.42,118.62,0.17,1351.8,165990.8,1
2021-02-21,2021-02-21 11:30:00,118.62,118.83,118.62,118.83,0.18,1351.8,165990.8,1
2021-02-21,2021-02-21 11:40:00,118.83,119.04,118.83,119.04,0.18,1351.8,165990.8,1
2021-02-21,2021-02-21 11:50:00,119.04,119.25,119.04,119.25,0.18,1351.8,165990.8,1
2021-02-21,2021-02-21 12:00:00,119.25,119.46,119.25,119.46,0.18,1351.8,165990.8,1
2021-02-21,2021-02-21 12:10:00,119.46,119.67,119.46,119.67,0.18,1351.8,165990.8,1
2021-02-21,2021-02-21 12:20:00,119.67,119.88,119.67,119.88,0.18,1351.8,165990.8,1
2021-02-21,2021-02-21 12:30:00,119.88,120.08,119.88,120.08,0.17,1351.8,165990.8,1
2021-02-21,2021-02-21 12:40:00,120.08,120.29,120.08,120.29,0.17,1351.8,165990.8,1
2021-02-21,2021-02-21 12:50:00,120.29,120.5,120.29,120.5,0.17,1351.8,165990.8,1
2021-02-21,2021-02-21 13:00:00,120.5,126.0,116.0,120.71,0.17,1351.8,165990.8,1
2021-02-21,2021-02-21 13:10:00,120.71,120.92,120.71,120.92,0.17,1351.8,165990.8,1
2021-02-21,2021-02-21 13:20:00,120.92,121.12,120.92,121.12,0.17,1351.8,165990.8,1
2021-02-21,2021-02-21 13:30:00,121.12,121.33,121.12,121.33,0.17,1351.8,165990.8,1
2021-02-21,2021-02-21 13:40:00,121.33,121.54,121.33,121.54,0.17,1351.8,165990.8,1
2021-02-21,2021-02-21 13:50:00,121.54,121.75,121.54,121.75,0.17,1351.8,165990.8,1
2021-02-21,2021-02-21 14:00:00,121.75,121.96,121.75,121.96,0.17,1351.8,165990.8,1
2021-02-21,2021-02-21 14:10:00,121.96,122.17,121.96,122.17,0.17,1351.8,165990.8,1
2021-02-21,2021-02-21 14:20:00,122.17,122.38,122.17,122.38,0.17,1351.8,165990.8,1
2021-02-21,2021-02-21 14:30:00,122.38,122.58,122.38,122.58,0.16,1351.8,165990.8,1
2021-02-21,2021-02-21 14:40:00,122.58,122.79,122.58,122.79,0.17,1351.8,165990.8,1
2021-02-21,2021-02-21 14:50:00,122.79,123.0,122.79,123.0,0.17,1351.8,165990.8,1
2021-02-21,2021-02-21 15:00:00,123.0,126.0,116.0,123.0,0.0,1351.8,165990.8,0
2021-02-22,2021-02-22 11:00:00,123.0,124.5,123.0,123.04,0.03,1062.28,133052.92,1
2021-02-22,2021-02-22 11:10:00,123.04,123.08,123.04,123.08,0.03,1062.28,133052.92,1
2021-02-22,2021-02-22 11:20:00,123.08,123.12,123.08,123.12,0.03,1062.28,133052.92,1
2021-02-22,2021-02-22 11:30:00,123.12,123.17,123.12,123.17,0.04,1062.28,133052.92,1
2021-02-22,2021-02-22 11:40:00,123.17,123.21,123.17,123.21,0.03,1062.28,133052.92,1
2021-02-22,2021-02-22 11:50:00,123.21,123.25,123.21,123.25,0.03,1062.28,133052.92,1
2021-02-22,2021-02-22 12:00:00,123.25,123.29,123.25,123.29,0.03,1062.28,133052.92,1
2021-02-22,2021-02-22 12:10:00,123.29,123.33,123.29,123.33,0.03,1062.28,133052.92,1
2021-02-22,2021-02-22 12:20:00,123.33,123.38,123.33,123.38,0.04,1062.28,133052.92,1
2021-02-22,2021-02-22 12:30:00,123.38,123.42,123.38,123.42,0.03,1062.28,133052.92,1
2021-02-22,2021-02-22 12:40:00,123.42,123.46,123.42,123.46,0.03,1062.28,133052.92,1
2021-02-22,2021-02-22 12:50:00,123.46,123.5,123.46,123.5,0.03,1062.28,133052.92,1
2021-02-22,2021-02-22 13:00:00,123.5,128.0,123.0,123.54,0.03,1062.28,133052.92,1
2021-02-22,2021-02-22 13:10:00,123.54,123.58,123.54,123.58,0.03,1062.28,133052.92,1
2021-02-22,2021-02-22 13:20:00,123.58,123.62,123.58,123.62,0.03,1062.28,133052.92,1
2021-02-22,2021-02-22 13:30:00,123.62,123.67,123.62,123.67,0.04,1062.28,133052.92,1
2021-02-22,2021-02-22 13:40:00,123.67,123.71,123.67,123.71,0.03,1062.28,133052.92,1
2021-02-22,2021-02-22 13:50:00,123.71,123.75,123.71,123.75,0.03,1062.28,133052.92,1
2021-02-22,2021-02-22 14:00:00,123.75,123.79,123.75,123.79,0.03,1062.28,133052.92,1
2021-02-22,2021-02-22 14:10:00,123.79,123.83,123.79,123.83,0.03,1062.28,133052.92,1
2021-02-22,2021-02-22 14:20:00,123.83,123.88,123.83,123.88,0.04,1062.28,133052.92,1
2021-02-22,2021-02-22 14:30:00,123.88,123.92,123.88,123.92,0.03,1062.28,133052.92,1
2021-02-22,2021-02-22 14:40:00,123.92,123.96,123.92,123.96,0.03,1062.28,133052.92,1
2021-02-22,2021-02-22 14:50:00,123.96,124.0,123.96,124.0,0.03,1062.28,133052.92,1
2021-02-22,2021-02-22 15:00:00,124.0,128.0,123.0,124.0,0.0,1062.28,133052.92,0
2021-02-23,2021-02-23 11:00:00,124.0,124.9,122.2,123.83,-0.14,329.32,39996.92,-1
2021-02-23,2021-02-23 11:10:00,123.83,123.83,123.67,123.67,-0.13,329.32,39996.92,-1
2021-02-23,2021-02-23 11:20:00,123.67,123.67,123.5,123.5,-0.14,329.32,39996.92,-1
2021-02-23,2021-02-23 11:30:00,123.5,123.5,123.33,123.33,-0.14,329.32,39996.92,-1
2021-02-23,2021-02-23 11:40:00,123.33,123.33,123.17,123.17,-0.13,329.32,39996.92,-1
2021-02-23,2021-02-23 11:50:00,123.17,123.17,123.0,123.0,-0.14,329.32,39996.92,-1
2021-02-23,2021-02-23 12:00:00,123.0,123.0,122.83,122.83,-0.14,329.32,39996.92,-1
2021-02-23,2021-02-23 12:10:00,122.83,122.83,122.67,122.67,-0.13,329.32,39996.92,-1
2021-02-23,2021-02-23 12:20:00,122.67,122.67,122.5,122.5,-0.14,329.32,39996.92,-1
2021-02-23,2021-02-23 12:30:00,122.5,122.5,122.33,122.33,-0.14,329.32,39996.92,-1
2021-02-23,2021-02-23 12:40:00,122.33,122.33,122.17,122.17,-0.13,329.32,39996.92,-1
2021-02-23,2021-02-23 12:50:00,122.17,122.17,122.0,122.0,-0.14,329.32,39996.92,-1
2021-02-23,2021-02-23 13:00:00,122.0,127.0,118.0,121.83,-0.14,329.32,39996.92,-1
2021-02-23,2021-02-23 13:10:00,121.83,121.83,121.67,121.67,-0.13,329.32,39996.92,-1
2021-02-23,2021-02-23 13:20:00,121.67,121.67,121.5,121.5,-0.14,329.32,39996.92,-1
2021-02-23,2021-02-23 13:30:00,121.5,121.5,121.33,121.33,-0.14,329.32,39996.92,-1
2021-02-23,2021-02-23 13:40:00,121.33,121.33,121.17,121.17,-0.13,329.32,39996.92,-1
2021-02-23,2021-02-23 13:50:00,121.17,121.17,121.0,121.0,-0.14,329.32,39996.92,-1
2021-02-23,2021-02-23 14:00:00,121.0,121.0,120.83,120.83,-0.14,329.32,39996.92,-1
2021-02-23,2021-02-23 14:10:00,120.83,120.83,120.67,120.67,-0.13,329.32,39996.92,-1
2021-02-23,2021-02-23 14:20:00,120.67,120.67,120.5,120.5,-0.14,329.32,39996.92,-1
2021-02-23,2021-02-23 14:30:00,120.5,120.5,120.33,120.33,-0.14,329.32,39996.92,-1
2021-02-23,2021-02-23 14:40:00,120.33,120.33,120.17,120.17,-0.13,329.32,39996.92,-1
2021-02-23,2021-02-23 14:50:00,120.17,120.17,120.0,120.0,-0.14,329.32,39996.92,-1
2021-02-23,2021-02-23 15:00:00,120.0,127.0,118.0,120.0,0.0,329.32,39996.92,0
2021-02-24,2021-02-24 11:00:00,122.0,122.6,121.1,121.92,-0.07,446.6,53869.6,-1
2021-02-24,2021-02-24 11:10:00,121.92,121.92,121.83,121.83,-0.07,446.6,53869.6,-1
2021-02-24,2021-02-24 11:20:00,121.83,121.83,121.75,121.75,-0.07,446.6,53869.6,-1
2021-02-24,2021-02-24 11:30:00,121.75,121.75,121.67,121.67,-0.07,446.6,53869.6,-1
2021-02-24,2021-02-24 11:40:00,121.67,121.67,121.58,121.58,-0.07,446.6,53869.6,-1
2021-02-24,2021-02-24 11:50:00,121.58,121.58,121.5,121.5,-0.07,446.6,53869.6,-1
2021-02-24,2021-02-24 12:00:00,121.5,121.5,121.42,121.42,-0.07,446.6,53869.6,-1
2021-02-24,2021-02-24 12:10:00,121.42,121.42,121.33,121.33,-0.07,446.6,53869.6,-1
2021-02-24,2021-02-24 12:20:00,121.33,121.33,121.25,121.25,-0.07,446.6,53869.6,-1
2021-02-24,2021-02-24 12:30:00,121.25,121.25,121.17,121.17,-0.07,446.6,53869.6,-1
2021-02-24,2021-02-24 12:40:00,121.17,121.17,121.08,121.08,-0.07,446.6,53869.6,-1
2021-02-24,2021-02-24 12:50:00,121.08,121.08,121.0,121.0,-0.07,446.6,53869.6,-1
2021-02-24,2021-02-24 13:00:00,121.0,124.0,119.0,120.92,-0.07,446.6,53869.6,-1
2021-02-24,2021-02-24 13:10:00,120.92,120.92,120.83,120.83,-0.07,446.6,53869.6,-1
2021-02-24,2021-02-24 13:20:00,120.83,120.83,120.75,120.75,-0.07,446.6,53869.6,-1
2021-02-24,2021-02-24 13:30:00,120.75,120.75,120.67,120.67,-0.07,446.6,53869.6,-1
2021-02-24,2021-02-24 13:40:00,120.67,120.67,120.58,120.58,-0.07,446.6,53869.6,-1
2021-02-24,2021-02-24 13:50:00,120.58,120.58,120.5,120.5,-0.07,446.6,53869.6,-1
2021-02-24,2021-02-24 14:00:00,120.5,120.5,120.42,120.42,-0.07,446.6,53869.6,-1
2021-02-24,2021-02-24 14:10:00,120.42,120.42,120.33,120.33,-0.07,446.6,53869.6,-1
2021-02-24,2021-02-24 14:20:00,120.33,120.33,120.25,120.25,-0.07,446.6,53869.6,-1
2021-02-24,2021-02-24 14:30:00,120.25,120.25,120.17,120.17,-0.07,446.6,53869.6,-1
2021-02-24,2021-02-24 14:40:00,120.17,120.17,120.08,120.08,-0.07,446.6,53869.6,-1
2021-02-24,2021-02-24 14:50:00,120.08,120.08,120.0,120.0,-0.07,446.6,53869.6,-1
2021-02-24,2021-02-24 15:00:00,120.0,124.0,119.0,120.0,0.0,446.6,53869.6,0
2021-02-25,2021-02-25 11:00:00,126.0,126.0,123.6,125.75,-0.2,435.48,52315.56,-1
2021-02-25,2021-02-25 11:10:00,125.75,125.75,125.5,125.5,-0.2,435.48,52315.56,-1
2021-02-25,2021-02-25 11:20:00,125.5,125.5,125.25,125.25,-0.2,435.48,52315.56,-1
2021-02-25,2021-02-25 11:30:00,125.25,125.25,125.0,125.0,-0.2,435.48,52315.56,-1
2021-02-25,2021-02-25 11:40:00,125.0,125.0,124.75,124.75,-0.2,435.48,52315.56,-1
2021-02-25,2021-02-25 11:50:00,124.75,124.75,124.5,124.5,-0.2,435.48,52315.56,-1
2021-02-25,2021-02-25 12:00:00,124.5,124.5,124.25,124.25,-0.2,435.48,52315.56,-1
2021-02-25,2021-02-25 12:10:00,124.25,124.25,124.0,124.0,-0.2,435.48,52315.56,-1
2021-02-25,2021-02-25 12:20:00,124.0,124.0,123.75,123.75,-0.2,435.48,52315.56,-1
2021-02-25,2021-02-25 12:30:00,123.75,123.75,123.5,123.5,-0.2,435.48,52315.56,-1
2021-02-25,2021-02-25 12:40:00,123.5,123.5,123.25,123.25,-0.2,435.48,52315.56,-1
2021-02-25,2021-02-25 12:50:00,123.25,123.25,123.0,123.0,-0.2,435.48,52315.56,-1
2021-02-25,2021-02-25 13:00:00,123.0,126.0,118.0,122.75,-0.2,435.48,52315.56,-1
2021-02-25,2021-02-25 13:10:00,122.75,122.75,122.5,122.5,-0.2,435.48,52315.56,-1
2021-02-25,2021-02-25 13:20:00,122.5,122.5,122.25,122.25,-0.2,435.48,52315.56,-1
2021-02-25,2021-02-25 13:30:00,122.25,122.25,122.0,122.0,-0.2,435.48,52315.56,-1
2021-02-25,2021-02-25 13:40:00,122.0,122.0,121.75,121.75,-0.2,435.48,52315.56,-1
2021-02-25,2021-02-25 13:50:00,121.75,121.75,121.5,121.5,-0.21,435.48,52315.56,-1
2021-02-25,2021-02-25 14:00:00,121.5,121.5,121.25,121.25,-0.21,435.48,52315.56,-1
2021-02-25,2021-02-25 14:10:00,121.25,121.25,121.0,121.0,-0.21,435.48,52315.56,-1
2021-02-25,2021-02-25 14:20:00,121.0,121.0,120.75,120.75,-0.21,435.48,52315.56,-1
2021-02-25,2021-02-25 14:30:00,120.75,120.75,120.5,120.5,-0.21,435.48,52315.56,-1
2021-02-25,2021-02-25 14:40:00,120.5,120.5,120.25,120.25,-0.21,435.48,52315.56,-1
2021-02-25,2021-02-25 14:50:00,120.25,120.25,120.0,120.0,-0.21,435.48,52315.56,-1
2021-02-25,2021-02-25 15:00:00,120.0,126.0,118.0,120.0,0.0,435.48,52315.56,0
2021-02-28,2021-02-28 11:00:00,120.0,120.0,118.8,119.88,-0.1,363.64,42477.08,-1
2021-02-28,2021-02-28 11:10:00,119.88,119.88,119.75,119.75,-0.11,363.64,42477.08,-1
2021-02-28,2021-02-28 11:20:00,119.75,119.75,119.62,119.62,-0.11,363.64,42477.08,-1
2021-02-28,2021-02-28 11:30:00,119.62,119.62,119.5,119.5,-0.1,363.64,42477.08,-1
2021-02-28,2021-02-28 11:40:00,119.5,119.5,119.38,119.38,-0.1,363.64,42477.08,-1
2021-02-28,2021-02-28 11:50:00,119.38,119.38,119.25,119.25,-0.11,363.64,42477.08,-1
2021-02-28,2021-02-28 12:00:00,119.25,119.25,119.12,119.12,-0.11,363.64,42477.08,-1
2021-02-28,2021-02-28 12:10:00,119.12,119.12,119.0,119.0,-0.1,363.64,42477.08,-1
2021-02-28,2021-02-28 12:20:00,119.0,119.0,118.88,118.88,-0.1,363.64,42477.08,-1
2021-02-28,2021-02-28 12:30:00,118.88,118.88,118.75,118.75,-0.11,363.64,42477.08,-1
2021-02-28,2021-02-28 12:40:00,118.75,118.75,118.62,118.62,-0.11,363.64,42477.08,-1
2021-02-28,2021-02-28 12:50:00,118.62,118.62,118.5,118.5,-0.1,363.64,42477.08,-1
2021-02-28,2021-02-28 13:00:00,118.5,120.0,116.0,118.38,-0.1,363.64,42477.08,-1
2021-02-28,2021-02-28 13:10:00,118.38,118.38,118.25,118.25,-0.11,363.64,42477.08,-1
2021-02-28,2021-02-28 13:20:00,118.25,118.25,118.12,118.12,-0.11,363.64,42477.08,-1
2021-02-28,2021-02-28 13:30:00,118.12,118.12,118.0,118.0,-0.1,363.64,42477.08,-1
2021-02-28,2021-02-28 13:40:00,118.0,118.0,117.88,117.88,-0.1,363.64,42477.08,-1
2021-02-28,2021-02-28 13:50:00,117.88,117.88,117.75,117.75,-0.11,363.64,42477.08,-1
2021-02-28,2021-02-28 14:00:00,117.75,117.75,117.62,117.62,-0.11,363.64,42477.08,-1
2021-02-28,2021-02-28 14:10:00,117.62,117.62,117.5,117.5,-0.1,363.64,42477.08,-1
2021-02-28,2021-02-28 14:20:00,117.5,117.5,117.38,117.38,-0.1,363.64,42477.08,-1
2021-02-28,2021-02-28 14:30:00,117.38,117.38,117.25,117.25,-0.11,363.64,42477.08,-1
2021-02-28,2021-02-28 14:40:00,117.25,117.25,117.12,117.12,-0.11,363.64,42477.08,-1
2021-02-28,2021-02-28 14:50:00,117.12,117.12,117.0,117.0,-0.1,363.64,42477.08,-1
2021-02-28,2021-02-28 15:00:00,117.0,120.0,116.0,117.0,0.0,363.64,42477.08,0
2021-03-01,2021-03-01 11:00:00,115.0,116.5,115.0,115.08,0.07,213.2,25116.52,1
2021-03-01,2021-03-01 11:10:00,115.08,115.17,115.08,115.17,0.08,213.2,25116.52,1
2021-03-01,2021-03-01 11:20:00,115.17,115.25,115.17,115.25,0.07,213.2,25116.52,1
2021-03-01,2021-03-01 11:30:00,115.25,115.33,115.25,115.33,0.07,213.2,25116.52,1
2021-03-01,2021-03-01 11:40:00,115.33,115.42,115.33,115.42,0.08,213.2,25116.52,1
2021-03-01,2021-03-01 11:50:00,115.42,115.5,115.42,115.5,0.07,213.2,25116.52,1
2021-03-01,2021-03-01 12:00:00,115.5,115.58,115.5,115.58,0.07,213.2,25116.52,1
2021-03-01,2021-03-01 12:10:00,115.58,115.67,115.58,115.67,0.08,213.2,25116.52,1
2021-03-01,2021-03-01 12:20:00,115.67,115.75,115.67,115.75,0.07,213.2,25116.52,1
2021-03-01,2021-03-01 12:30:00,115.75,115.83,115.75,115.83,0.07,213.2,25116.52,1
2021-03-01,2021-03-01 12:40:00,115.83,115.92,115.83,115.92,0.08,213.2,25116.52,1
2021-03-01,2021-03-01 12:50:00,115.92,116.0,115.92,116.0,0.07,213.2,25116.52,1
2021-03-01,2021-03-01 13:00:00,116.0,120.0,115.0,116.08,0.07,213.2,25116.52,1
2021-03-01,2021-03-01 13:10:00,116.08,116.17,116.08,116.17,0.08,213.2,25116.52,1
2021-03-01,2021-03-01 13:20:00,116.17,116.25,116.17,116.25,0.07,213.2,25116.52,1
2021-03-01,2021-03-01 13:30:00,116.25,116.33,116.25,116.33,0.07,213.2,25116.52,1
2021-03-01,2021-03-01 13:40:00,116.33,116.42,116.33,116.42,0.08,213.2,25116.52,1
2021-03-01,2021-03-01 13:50:00,116.42,116.5,116.42,116.5,0.07,213.2,25116.52,1
2021-03-01,2021-03-01 14:00:00,116.5,116.58,116.5,116.58,0.07,213.2,25116.52,1
2021-03-01,2021-03-01 14:10:00,116.58,116.67,116.58,116.67,0.08,213.2,25116.52,1
2021-03-01,2021-03-01 14:20:00,116.67,116.75,116.67,116.75,0.07,213.2,25116.52,1
2021-03-01,2021-03-01 14:30:00,116.75,116.83,116.75,116.83,0.07,213.2,25116.52,1
2021-03-01,2021-03-01 14:40:00,116.83,116.92,116.83,116.92,0.08,213.2,25116.52,1
2021-03-01,2021-03-01 14:50:00,116.92,117.0,116.92,117.0,0.07,213.2,25116.52,1
2021-03-01,2021-03-01 15:00:00,117.0,120.0,115.0,117.0,0.0,213.2,25116.52,0
2021-03-02,2021-03-02 11:00:00,117.0,118.2,116.1,116.92,-0.07,593.32,68285.88,-1
2021-03-02,2021-03-02 11:10:00,116.92,116.92,116.83,116.83,-0.08,593.32,68285.88,-1
2021-03-02,2021-03-02 11:20:00,116.83,116.83,116.75,116.75,-0.07,593.32,68285.88,-1
2021-03-02,2021-03-02 11:30:00,116.75,116.75,116.67,116.67,-0.07,593.32,68285.88,-1
2021-03-02,2021-03-02 11:40:00,116.67,116.67,116.58,116.58,-0.08,593.32,68285.88,-1
2021-03-02,2021-03-02 11:50:00,116.58,116.58,116.5,116.5,-0.07,593.32,68285.88,-1
2021-03-02,2021-03-02 12:00:00,116.5,116.5,116.42,116.42,-0.07,593.32,68285.88,-1
2021-03-02,2021-03-02 12:10:00,116.42,116.42,116.33,116.33,-0.08,593.32,68285.88,-1
2021-03-02,2021-03-02 12:20:00,116.33,116.33,116.25,116.25,-0.07,593.32,68285.88,-1
2021-03-02,2021-03-02 12:30:00,116.25,116.25,116.17,116.17,-0.07,593.32,68285.88,-1
2021-03-02,2021-03-02 12:40:00,116.17,116.17,116.08,116.08,-0.08,593.32,68285.88,-1
2021-03-02,2021-03-02 12:50:00,116.08,116.08,116.0,116.0,-0.07,593.32,68285.88,-1
2021-03-02,2021-03-02 13:00:00,116.0,121.0,114.0,115.92,-0.07,593.32,68285.88,-1
2021-03-02,2021-03-02 13:10:00,115.92,115.92,115.83,115.83,-0.08,593.32,68285.88,-1
2021-03-02,2021-03-02 13:20:00,115.83,115.83,115.75,115.75,-0.07,593.32,68285.88,-1
2021-03-02,2021-03-02 13:30:00,115.75,115.75,115.67,115.67,-0.07,593.32,68285.88,-1
2021-03-02,2021-03-02 13:40:00,115.67,115.67,115.58,115.58,-0.08,593.32,68285.88,-1
2021-03-02,2021-03-02 13:50:00,115.58,115.58,115.5,115.5,-0.07,593.32,68285.88,-1
2021-03-02,2021-03-02 14:00:00,115.5,115.5,115.42,115.42,-0.07,593.32,68285.88,-1
2021-03-02,2021-03-02 14:10:00,115.42,115.42,115.33,115.33,-0.08,593.32,68285.88,-1
2021-03-02,2021-03-02 14:20:00,115.33,115.33,115.25,115.25,-0.07,593.32,68285.88,-1
2021-03-02,2021-03-02 14:30:00,115.25,115.25,115.17,115.17,-0.07,593.32,68285.88,-1
2021-03-02,2021-03-02 14:40:00,115.17,115.17,115.08,115.08,-0.08,593.32,68285.88,-1
2021-03-02,2021-03-02 14:50:00,115.08,115.08,115.0,115.0,-0.07,593.32,68285.88,-1
2021-03-02,2021-03-02 15:00:00,115.0,121.0,114.0,115.0,0.0,593.32,68285.88,0
2021-03-03,2021-03-03 11:00:00,113.0,114.8,113.0,113.04,0.04,231.0,26561.84,1
2021-03-03,2021-03-03 11:10:00,113.04,113.08,113.04,113.08,0.04,231.0,26561.84,1
2021-03-03,2021-03-03 11:20:00,113.08,113.12,113.08,113.12,0.04,231.0,26561.84,1
2021-03-03,2021-03-03 11:30:00,113.12,113.17,113.12,113.17,0.04,231.0,26561.84,1
2021-03-03,2021-03-03 11:40:00,113.17,113.21,113.17,113.21,0.04,231.0,26561.84,1
2021-03-03,2021-03-03 11:50:00,113.21,113.25,113.21,113.25,0.04,231.0,26561.84,1
2021-03-03,2021-03-03 12:00:00,113.25,113.29,113.25,113.29,0.04,231.0,26561.84,1
2021-03-03,2021-03-03 12:10:00,113.29,113.33,113.29,113.33,0.04,231.0,26561.84,1
2021-03-03,2021-03-03 12:20:00,113.33,113.38,113.33,113.38,0.04,231.0,26561.84,1
2021-03-03,2021-03-03 12:30:00,113.38,113.42,113.38,113.42,0.04,231.0,26561.84,1
2021-03-03,2021-03-03 12:40:00,113.42,113.46,113.42,113.46,0.04,231.0,26561.84,1
2021-03-03,2021-03-03 12:50:00,113.46,113.5,113.46,113.5,0.04,231.0,26561.84,1
2021-03-03,2021-03-03 13:00:00,113.5,119.0,113.0,113.54,0.04,231.0,26561.84,1
2021-03-03,2021-03-03 13:10:00,113.54,113.58,113.54,113.58,0.04,231.0,26561.84,1
2021-03-03,2021-03-03 13:20:00,113.58,113.62,113.58,113.62,0.04,231.0,26561.84,1
2021-03-03,2021-03-03 13:30:00,113.62,113.67,113.62,113.67,0.04,231.0,26561.84,1
2021-03-03,2021-03-03 13:40:00,113.67,113.71,113.67,113.71,0.04,231.0,26561.84,1
2021-03-03,2021-03-03 13:50:00,113.71,113.75,113.71,113.75,0.04,231.0,26561.84,1
2021-03-03,2021-03-03 14:00:00,113.75,113.79,113.75,113.79,0.04,231.0,26561.84,1
2021-03-03,2021-03-03 14:10:00,113.79,113.83,113.79,113.83,0.04,231.0,26561.84,1
2021-03-03,2021-03-03 14:20:00,113.83,113.88,113.83,113.88,0.04,231.0,26561.84,1
2021-03-03,2021-03-03 14:30:00,113.88,113.92,113.88,113.92,0.04,231.0,26561.84,1
2021-03-03,2021-03-03 14:40:00,113.92,113.96,113.92,113.96,0.04,231.0,26561.84,1
2021-03-03,2021-03-03 14:50:00,113.96,114.0,113.96,114.0,0.04,231.0,26561.84,1
2021-03-03,2021-03-03 15:00:00,114.0,119.0,113.0,114.0,0.0,231.0,26561.84,0
2021-03-04,2021-03-04 11:00:00,113.0,114.8,113.0,113.25,0.22,237.96,27837.76,1
2021-03-04,2021-03-04 11:10:00,113.25,113.5,113.25,113.5,0.22,237.96,27837.76,1
2021-03-04,2021-03-04 11:20:00,113.5,113.75,113.5,113.75,0.22,237.96,27837.76,1
2021-03-04,2021-03-04 11:30:00,113.75,114.0,113.75,114.0,0.22,237.96,27837.76,1
2021-03-04,2021-03-04 11:40:00,114.0,114.25,114.0,114.25,0.22,237.96,27837.76,1
2021-03-04,2021-03-04 11:50:00,114.25,114.5,114.25,114.5,0.22,237.96,27837.76,1
2021-03-04,2021-03-04 12:00:00,114.5,114.75,114.5,114.75,0.22,237.96,27837.76,1
2021-03-04,2021-03-04 12:10:00,114.75,115.0,114.75,115.0,0.22,237.96,27837.76,1
2021-03-04,2021-03-04 12:20:00,115.0,115.25,115.0,115.25,0.22,237.96,27837.76,1
2021-03-04,2021-03-04 12:30:00,115.25,115.5,115.25,115.5,0.22,237.96,27837.76,1
2021-03-04,2021-03-04 12:40:00,115.5,115.75,115.5,115.75,0.22,237.96,27837.76,1
2021-03-04,2021-03-04 12:50:00,115.75,116.0,115.75,116.0,0.22,237.96,27837.76,1
2021-03-04,2021-03-04 13:00:00,116.0,119.0,113.0,116.25,0.22,237.96,27837.76,1
2021-03-04,2021-03-04 13:10:00,116.25,116.5,116.25,116.5,0.22,237.96,27837.76,1
2021-03-04,2021-03-04 13:20:00,116.5,116.75,116.5,116.75,0.21,237.96,27837.76,1
2021-03-04,2021-03-04 13:30:00,116.75,117.0,116.75,117.0,0.21,237.96,27837.76,1
2021-03-04,2021-03-04 13:40:00,117.0,117.25,117.0,117.25,0.21,237.96,27837.76,1
2021-03-04,2021-03-04 13:50:00,117.25,117.5,117.25,117.5,0.21,237.96,27837.76,1
2021-03-04,2021-03-04 14:00:00,117.5,117.75,117.5,117.75,0.21,237.96,27837.76,1
2021-03-04,2021-03-04 14:10:00,117.75,118.0,117.75,118.0,0.21,237.96,27837.76,1
2021-03-04,2021-03-04 14:20:00,118.0,118.25,118.0,118.25,0.21,237.96,27837.76,1
2021-03-04,2021-03-04 14:30:00,118.25,118.5,118.25,118.5,0.21,237.96,27837.76,1
2021-03-04,2021-03-04 14:40:00,118.5,118.75,118.5,118.75,0.21,237.96,27837.76,1
2021-03-04,2021-03-04 14:50:00,118.75,119.0,118.75,119.0,0.21,237.96,27837.76,1
2021-03-04,2021-03-04 15:00:00,119.0,119.0,113.0,119.0,0.0,237.96,27837.76,0
2021-03-07,2021-03-07 11:00:00,117.0,117.6,117.0,117.04,0.03,55.0,6470.2,1
2021-03-07,2021-03-07 11:10:00,117.04,117.08,117.04,117.08,0.03,55.0,6470.2,1
2021-03-07,2021-03-07 11:20:00,117.08,117.12,117.08,117.12,0.03,55.0,6470.2,1
2021-03-07,2021-03-07 11:30:00,117.12,117.17,117.12,117.17,0.04,55.0,6470.2,1
2021-03-07,2021-03-07 11:40:00,117.17,117.21,117.17,117.21,0.03,55.0,6470.2,1
2021-03-07,2021-03-07 11:50:00,117.21,117.25,117.21,117.25,0.03,55.0,6470.2,1
2021-03-07,2021-03-07 12:00:00,117.25,117.29,117.25,117.29,0.03,55.0,6470.2,1
2021-03-07,2021-03-07 12:10:00,117.29,117.33,117.29,117.33,0.03,55.0,6470.2,1
2021-03-07,2021-03-07 12:20:00,117.33,117.38,117.33,117.38,0.04,55.0,6470.2,1
2021-03-07,2021-03-07 12:30:00,117.38,117.42,117.38,117.42,0.03,55.0,6470.2,1
2021-03-07,2021-03-07 12:40:00,117.42,117.46,117.42,117.46,0.03,55.0,6470.2,1
2021-03-07,2021-03-07 12:50:00,117.46,117.5,117.46,117.5,0.03,55.0,6470.2,1
2021-03-07,2021-03-07 13:00:00,117.5,119.0,117.0,117.54,0.03,55.0,6470.2,1
2021-03-07,2021-03-07 13:10:00,117.54,117.58,117.54,117.58,0.03,55.0,6470.2,1
2021-03-07,2021-03-07 13:20:00,117.58,117.62,117.58,117.62,0.03,55.0,6470.2,1
2021-03-07,2021-03-07 13:30:00,117.62,117.67,117.62,117.67,0.04,55.0,6470.2,1
2021-03-07,2021-03-07 13:40:00,117.67,117.71,117.67,117.71,0.03,55.0,6470.2,1
2021-03-07,2021-03-07 13:50:00,117.71,117.75,117.71,117.75,0.03,55.0,6470.2,1
2021-03-07,2021-03-07 14:00:00,117.75,117.79,117.75,117.79,0.03,55.0,6470.2,1
2021-03-07,2021-03-07 14:10:00,117.79,117.83,117.79,117.83,0.03,55.0,6470.2,1
2021-03-07,2021-03-07 14:20:00,117.83,117.88,117.83,117.88,0.04,55.0,6470.2,1
2021-03-07,2021-03-07 14:30:00,117.88,117.92,117.88,117.92,0.03,55.0,6470.2,1
2021-03-07,2021-03-07 14:40:00,117.92,117.96,117.92,117.96,0.03,55.0,6470.2,1
2021-03-07,2021-03-07 14:50:00,117.96,118.0,117.96,118.0,0.03,55.0,6470.2,1
2021-03-07,2021-03-07 15:00:00,118.0,119.0,117.0,118.0,0.0,55.0,6470.2,0
2021-03-09,2021-03-09 11:00:00,116.0,117.8,115.7,116.04,0.03,154.52,18327.36,1
2021-03-09,2021-03-09 11:10:00,116.04,116.08,116.04,116.08,0.03,154.52,18327.36,1
2021-03-09,2021-03-09 11:20:00,116.08,116.12,116.08,116.12,0.03,154.52,18327.36,1
2021-03-09,2021-03-09 11:30:00,116.12,116.17,116.12,116.17,0.04,154.52,18327.36,1
2021-03-09,2021-03-09 11:40:00,116.17,116.21,116.17,116.21,0.03,154.52,18327.36,1
2021-03-09,2021-03-09 11:50:00,116.21,116.25,116.21,116.25,0.03,154.52,18327.36,1
2021-03-09,2021-03-09 12:00:00,116.25,116.29,116.25,116.29,0.03,154.52,18327.36,1
2021-03-09,2021-03-09 12:10:00,116.29,116.33,116.29,116.33,0.03,154.52,18327.36,1
2021-03-09,2021-03-09 12:20:00,116.33,116.38,116.33,116.38,0.04,154.52,18327.36,1
2021-03-09,2021-03-09 12:30:00,116.38,116.42,116.38,116.42,0.03,154.52,18327.36,1
2021-03-09,2021-03-09 12:40:00,116.42,116.46,116.42,116.46,0.03,154.52,18327.36,1
2021-03-09,2021-03-09 12:50:00,116.46,116.5,116.46,116.5,0.03,154.52,18327.36,1
2021-03-09,2021-03-09 13:00:00,116.5,122.0,115.0,116.54,0.03,154.52,18327.36,1
2021-03-09,2021-03-09 13:10:00,116.54,116.58,116.54,116.58,0.03,154.52,18327.36,1
2021-03-09,2021-03-09 13:20:00,116.58,116.62,116.58,116.62,0.03,154.52,18327.36,1
2021-03-09,2021-03-09 13:30:00,116.62,116.67,116.62,116.67,0.04,154.52,18327.36,1
2021-03-09,2021-03-09 13:40:00,116.67,116.71,116.67,116.71,0.03,154.52,18327.36,1
2021-03-09,2021-03-09 13:50:00,116.71,116.75,116.71,116.75,0.03,154.52,18327.36,1
2021-03-09,2021-03-09 14:00:00,116.75,116.79,116.75,116.79,0.03,154.52,18327.36,1
2021-03-09,2021-03-09 14:10:00,116.79,116.83,116.79,116.83,0.03,154.52,18327.36,1
2021-03-09,2021-03-09 14:20:00,116.83,116.88,116.83,116.88,0.04,154.52,18327.36,1
2021-03-09,2021-03-09 14:30:00,116.88,116.92,116.88,116.92,0.03,154.52,18327.36,1
2021-03-09,2021-03-09 14:40:00,116.92,116.96,116.92,116.96,0.03,154.52,18327.36,1
2021-03-09,2021-03-09 14:50:00,116.96,117.0,116.96,117.0,0.03,154.52,18327.36,1
2021-03-09,2021-03-09 15:00:00,117.0,122.0,115.0,117.0,0.0,154.52,18327.36,0
2021-03-10,2021-03-10 11:00:00,116.0,116.9,115.4,116.04,0.03,376.96,43886.2,1
2021-03-10,2021-03-10 11:10:00,116.04,116.08,116.04,116.08,0.03,376.96,43886.2,1
2021-03-10,2021-03-10 11:20:00,116.08,116.12,116.08,116.12,0.03,376.96,43886.2,1
2021-03-10,2021-03-10 11:30:00,116.12,116.17,116.12,116.17,0.04,376.96,43886.2,1
2021-03-10,2021-03-10 11:40:00,116.17,116.21,116.17,116.21,0.03,376.96,43886.2,1
2021-03-10,2021-03-10 11:50:00,116.21,116.25,116.21,116.25,0.03,376.96,43886.2,1
2021-03-10,2021-03-10 12:00:00,116.25,116.29,116.25,116.29,0.03,376.96,43886.2,1
2021-03-10,2021-03-10 12:10:00,116.29,116.33,116.29,116.33,0.03,376.96,43886.2,1
2021-03-10,2021-03-10 12:20:00,116.33,116.38,116.33,116.38,0.04,376.96,43886.2,1
2021-03-10,2021-03-10 12:30:00,116.38,116.42,116.38,116.42,0.03,376.96,43886.2,1
2021-03-10,2021-03-10 12:40:00,116.42,116.46,116.42,116.46,0.03,376.96,43886.2,1
2021-03-10,2021-03-10 12:50:00,116.46,116.5,116.46,116.5,0.03,376.96,43886.2,1
2021-03-10,2021-03-10 13:00:00,116.5,119.0,114.0,116.54,0.03,376.96,43886.2,1
2021-03-10,2021-03-10 13:10:00,116.54,116.58,116.54,116.58,0.03,376.96,43886.2,1
2021-03-10,2021-03-10 13:20:00,116.58,116.62,116.58,116.62,0.03,376.96,43886.2,1
2021-03-10,2021-03-10 13:30:00,116.62,116.67,116.62,116.67,0.04,376.96,43886.2,1
2021-03-10,2021-03-10 13:40:00,116.67,116.71,116.67,116.71,0.03,376.96,43886.2,1
2021-03-10,2021-03-10 13:50:00,116.71,116.75,116.71,116.75,0.03,376.96,43886.2,1
2021-03-10,2021-03-10 14:00:00,116.75,116.79,116.75,116.79,0.03,376.96,43886.2,1
2021-03-10,2021-03-10 14:10:00,116.79,116.83,116.79,116.83,0.03,376.96,43886.2,1
2021-03-10,2021-03-10 14:20:00,116.83,116.88,116.83,116.88,0.04,376.96,43886.2,1
2021-03-10,2021-03-10 14:30:00,116.88,116.92,116.88,116.92,0.03,376.96,43886.2,1
2021-03-10,2021-03-10 14:40:00,116.92,116.96,116.92,116.96,0.03,376.96,43886.2,1
2021-03-10,2021-03-10 14:50:00,116.96,117.0,116.96,117.0,0.03,376.96,43886.2,1
2021-03-10,2021-03-10 15:00:00,117.0,119.0,114.0,117.0,0.0,376.96,43886.2,0
2021-03-14,2021-03-14 11:00:00,115.0,116.2,115.0,115.08,0.07,220.6,25952.0,1
2021-03-14,2021-03-14 11:10:00,115.08,115.17,115.08,115.17,0.08,220.6,25952.0,1
2021-03-14,2021-03-14 11:20:00,115.17,115.25,115.17,115.25,0.07,220.6,25952.0,1
2021-03-14,2021-03-14 11:30:00,115.25,115.33,115.25,115.33,0.07,220.6,25952.0,1
2021-03-14,2021-03-14 11:40:00,115.33,115.42,115.33,115.42,0.08,220.6,25952.0,1
2021-03-14,2021-03-14 11:50:00,115.42,115.5,115.42,115.5,0.07,220.6,25952.0,1
2021-03-14,2021-03-14 12:00:00,115.5,115.58,115.5,115.58,0.07,220.6,25952.0,1
2021-03-14,2021-03-14 12:10:00,115.58,115.67,115.58,115.67,0.08,220.6,25952.0,1
2021-03-14,2021-03-14 12:20:00,115.67,115.75,115.67,115.75,0.07,220.6,25952.0,1
2021-03-14,2021-03-14 12:30:00,115.75,115.83,115.75,115.83,0.07,220.6,25952.0,1
2021-03-14,2021-03-14 12:40:00,115.83,115.92,115.83,115.92,0.08,220.6,25952.0,1
2021-03-14,2021-03-14 12:50:00,115.92,116.0,115.92,116.0,0.07,220.6,25952.0,1
2021-03-14,2021-03-14 13:00:00,116.0,119.0,115.0,116.08,0.07,220.6,25952.0,1
2021-03-14,2021-03-14 13:10:00,116.08,116.17,116.08,116.17,0.08,220.6,25952.0,1
2021-03-14,2021-03-14 13:20:00,116.17,116.25,116.17,116.25,0.07,220.6,25952.0,1
2021-03-14,2021-03-14 13:30:00,116.25,116.33,116.25,116.33,0.07,220.6,25952.0,1
2021-03-14,2021-03-14 13:40:00,116.33,116.42,116.33,116.42,0.08,220.6,25952.0,1
2021-03-14,2021-03-14 13:50:00,116.42,116.5,116.42,116.5,0.07,220.6,25952.0,1
2021-03-14,2021-03-14 14:00:00,116.5,116.58,116.5,116.58,0.07,220.6,25952.0,1
2021-03-14,2021-03-14 14:10:00,116.58,116.67,116.58,116.67,0.08,220.6,25952.0,1
2021-03-14,2021-03-14 14:20:00,116.67,116.75,116.67,116.75,0.07,220.6,25952.0,1
2021-03-14,2021-03-14 14:30:00,116.75,116.83,116.75,116.83,0.07,220.6,25952.0,1
2021-03-14,2021-03-14 14:40:00,116.83,116.92,116.83,116.92,0.08,220.6,25952.0,1
2021-03-14,2021-03-14 14:50:00,116.92,117.0,116.92,117.0,0.07,220.6,25952.0,1
2021-03-14,2021-03-14 15:00:00,117.0,119.0,115.0,117.0,0.0,220.6,25952.0,0
2021-03-15,2021-03-15 11:00:00,117.0,119.7,116.4,117.17,0.15,711.68,86452.64,1
2021-03-15,2021-03-15 11:10:00,117.17,117.33,117.17,117.33,0.14,711.68,86452.64,1
2021-03-15,2021-03-15 11:20:00,117.33,117.5,117.33,117.5,0.14,711.68,86452.64,1
2021-03-15,2021-03-15 11:30:00,117.5,117.67,117.5,117.67,0.14,711.68,86452.64,1
2021-03-15,2021-03-15 11:40:00,117.67,117.83,117.67,117.83,0.14,711.68,86452.64,1
2021-03-15,2021-03-15 11:50:00,117.83,118.0,117.83,118.0,0.14,711.68,86452.64,1
2021-03-15,2021-03-15 12:00:00,118.0,118.17,118.0,118.17,0.14,711.68,86452.64,1
2021-03-15,2021-03-15 12:10:00,118.17,118.33,118.17,118.33,0.14,711.68,86452.64,1
2021-03-15,2021-03-15 12:20:00,118.33,118.5,118.33,118.5,0.14,711.68,86452.64,1
2021-03-15,2021-03-15 12:30:00,118.5,118.67,118.5,118.67,0.14,711.68,86452.64,1
2021-03-15,2021-03-15 12:40:00,118.67,118.83,118.67,118.83,0.13,711.68,86452.64,1
2021-03-15,2021-03-15 12:50:00,118.83,119.0,118.83,119.0,0.14,711.68,86452.64,1
2021-03-15,2021-03-15 13:00:00,119.0,126.0,115.0,119.17,0.14,711.68,86452.64,1
2021-03-15,2021-03-15 13:10:00,119.17,119.33,119.17,119.33,0.13,711.68,86452.64,1
2021-03-15,2021-03-15 13:20:00,119.33,119.5,119.33,119.5,0.14,711.68,86452.64,1
2021-03-15,2021-03-15 13:30:00,119.5,119.67,119.5,119.67,0.14,711.68,86452.64,1
2021-03-15,2021-03-15 13:40:00,119.67,119.83,119.67,119.83,0.13,711.68,86452.64,1
2021-03-15,2021-03-15 13:50:00,119.83,120.0,119.83,120.0,0.14,711.68,86452.64,1
2021-03-15,2021-03-15 14:00:00,120.0,120.17,120.0,120.17,0.14,711.68,86452.64,1
2021-03-15,2021-03-15 14:10:00,120.17,120.33,120.17,120.33,0.13,711.68,86452.64,1
2021-03-15,2021-03-15 14:20:00,120.33,120.5,120.33,120.5,0.14,711.68,86452.64,1
2021-03-15,2021-03-15 14:30:00,120.5,120.67,120.5,120.67,0.14,711.68,86452.64,1
2021-03-15,2021-03-15 14:40:00,120.67,120.83,120.67,120.83,0.13,711.68,86452.64,1
2021-03-15,2021-03-15 14:50:00,120.83,121.0,120.83,121.0,0.14,711.68,86452.64,1
2021-03-15,2021-03-15 15:00:00,121.0,126.0,115.0,121.0,0.0,711.68,86452.64,0
2021-03-16,2021-03-16 11:00:00,127.0,128.8,125.2,127.25,0.2,4318.6,559311.48,1
2021-03-16,2021-03-16 11:10:00,127.25,127.5,127.25,127.5,0.2,4318.6,559311.48,1
2021-03-16,2021-03-16 11:20:00,127.5,127.75,127.5,127.75,0.2,4318.6,559311.48,1
2021-03-16,2021-03-16 11:30:00,127.75,128.0,127.75,128.0,0.2,4318.6,559311.48,1
2021-03-16,2021-03-16 11:40:00,128.0,128.25,128.0,128.25,0.2,4318.6,559311.48,1
2021-03-16,2021-03-16 11:50:00,128.25,128.5,128.25,128.5,0.19,4318.6,559311.48,1
2021-03-16,2021-03-16 12:00:00,128.5,128.75,128.5,128.75,0.19,4318.6,559311.48,1
2021-03-16,2021-03-16 12:10:00,128.75,129.0,128.75,129.0,0.19,4318.6,559311.48,1
2021-03-16,2021-03-16 12:20:00,129.0,129.25,129.0,129.25,0.19,4318.6,559311.48,1
2021-03-16,2021-03-16 12:30:00,129.25,129.5,129.25,129.5,0.19,4318.6,559311.48,1
2021-03-16,2021-03-16 12:40:00,129.5,129.75,129.5,129.75,0.19,4318.6,559311.48,1
2021-03-16,2021-03-16 12:50:00,129.75,130.0,129.75,130.0,0.19,4318.6,559311.48,1
2021-03-16,2021-03-16 13:00:00,130.0,133.0,121.0,130.25,0.19,4318.6,559311.48,1
2021-03-16,2021-03-16 13:10:00,130.25,130.5,130.25,130.5,0.19,4318.6,559311.48,1
2021-03-16,2021-03-16 13:20:00,130.5,130.75,130.5,130.75,0.19,4318.6,559311.48,1
2021-03-16,2021-03-16 13:30:00,130.75,131.0,130.75,131.0,0.19,4318.6,559311.48,1
2021-03-16,2021-03-16 13:40:00,131.0,131.25,131.0,131.25,0.19,4318.6,559311.48,1
2021-03-16,2021-03-16 13:50:00,131.25,131.5,131.25,131.5,0.19,4318.6,559311.48,1
2021-03-16,2021-03-16 14:00:00,131.5,131.75,131.5,131.75,0.19,4318.6,559311.48,1
2021-03-16,2021-03-16 14:10:00,131.75,132.0,131.75,132.0,0.19,4318.6,559311.48,1
2021-03-16,2021-03-16 14:20:00,132.0,132.25,132.0,132.25,0.19,4318.6,559311.48,1
2021-03-16,2021-03-16 14:30:00,132.25,132.5,132.25,132.5,0.19,4318.6,559311.48,1
2021-03-16,2021-03-16 14:40:00,132.5,132.75,132.5,132.75,0.19,4318.6,559311.48,1
2021-03-16,2021-03-16 14:50:00,132.75,133.0,132.75,133.0,0.19,4318.6,559311.48,1
2021-03-16,2021-03-16 15:00:00,133.0,133.0,121.0,133.0,0.0,4318.6,559311.48,0
2021-03-17,2021-03-17 11:00:00,139.0,141.1,139.0,139.29,0.21,1102.12,160635.52,1
2021-03-17,2021-03-17 11:10:00,139.29,139.58,139.29,139.58,0.21,1102.12,160635.52,1
2021-03-17,2021-03-17 11:20:00,139.58,139.88,139.58,139.88,0.21,1102.12,160635.52,1
2021-03-17,2021-03-17 11:30:00,139.88,140.17,139.88,140.17,0.21,1102.12,160635.52,1
2021-03-17,2021-03-17 11:40:00,140.17,140.46,140.17,140.46,0.21,1102.12,160635.52,1
2021-03-17,2021-03-17 11:50:00,140.46,140.75,140.46,140.75,0.21,1102.12,160635.52,1
2021-03-17,2021-03-17 12:00:00,140.75,141.04,140.75,141.04,0.21,1102.12,160635.52,1
2021-03-17,2021-03-17 12:10:00,141.04,141.33,141.04,141.33,0.21,1102.12,160635.52,1
2021-03-17,2021-03-17 12:20:00,141.33,141.62,141.33,141.62,0.21,1102.12,160635.52,1
2021-03-17,2021-03-17 12:30:00,141.62,141.92,141.62,141.92,0.21,1102.12,160635.52,1
2021-03-17,2021-03-17 12:40:00,141.92,142.21,141.92,142.21,0.2,1102.12,160635.52,1
2021-03-17,2021-03-17 12:50:00,142.21,142.5,142.21,142.5,0.2,1102.12,160635.52,1
2021-03-17,2021-03-17 13:00:00,142.5,146.0,139.0,142.79,0.2,1102.12,160635.52,1
2021-03-17,2021-03-17 13:10:00,142.79,143.08,142.79,143.08,0.2,1102.12,160635.52,1
2021-03-17,2021-03-17 13:20:00,143.08,143.38,143.08,143.38,0.21,1102.12,160635.52,1
2021-03-17,2021-03-17 13:30:00,143.38,143.67,143.38,143.67,0.2,1102.12,160635.52,1
2021-03-17,2021-03-17 13:40:00,143.67,143.96,143.67,143.96,0.2,1102.12,160635.52,1
2021-03-17,2021-03-17 13:50:00,143.96,144.25,143.96,144.25,0.2,1102.12,160635.52,1
2021-03-17,2021-03-17 14:00:00,144.25,144.54,144.25,144.54,0.2,1102.12,160635.52,1
2021-03-17,2021-03-17 14:10:00,144.54,144.83,144.54,144.83,0.2,1102.12,160635.52,1
2021-03-17,2021-03-17 14:20:00,144.83,145.12,144.83,145.12,0.2,1102.12,160635.52,1
2021-03-17,2021-03-17 14:30:00,145.12,145.42,145.12,145.42,0.21,1102.12,160635.52,1
2021-03-17,2021-03-17 14:40:00,145.42,145.71,145.42,145.71,0.2,1102.12,160635.52,1
2021-03-17,2021-03-17 14:50:00,145.71,146.0,145.71,146.0,0.2,1102.12,160635.52,1
2021-03-17,2021-03-17 15:00:00,146.0,146.0,139.0,146.0,0.0,1102.12,160635.52,0
2021-03-18,2021-03-18 11:00:00,153.0,154.8,147.6,152.29,-0.46,1975.2,279711.6,-1
2021-03-18,2021-03-18 11:10:00,152.29,152.29,151.58,151.58,-0.47,1975.2,279711.6,-1
2021-03-18,2021-03-18 11:20:00,151.58,151.58,150.88,150.88,-0.46,1975.2,279711.6,-1
2021-03-18,2021-03-18 11:30:00,150.88,150.88,150.17,150.17,-0.47,1975.2,279711.6,-1
2021-03-18,2021-03-18 11:40:00,150.17,150.17,149.46,149.46,-0.47,1975.2,279711.6,-1
2021-03-18,2021-03-18 11:50:00,149.46,149.46,148.75,148.75,-0.48,1975.2,279711.6,-1
2021-03-18,2021-03-18 12:00:00,148.75,148.75,148.04,148.04,-0.48,1975.2,279711.6,-1
2021-03-18,2021-03-18 12:10:00,148.04,148.04,147.33,147.33,-0.48,1975.2,279711.6,-1
2021-03-18,2021-03-18 12:20:00,147.33,147.33,146.62,146.62,-0.48,1975.2,279711.6,-1
2021-03-18,2021-03-18 12:30:00,146.62,146.62,145.92,145.92,-0.48,1975.2,279711.6,-1
2021-03-18,2021-03-18 12:40:00,145.92,145.92,145.21,145.21,-0.49,1975.2,279711.6,-1
2021-03-18,2021-03-18 12:50:00,145.21,145.21,144.5,144.5,-0.49,1975.2,279711.6,-1
2021-03-18,2021-03-18 13:00:00,144.5,159.0,135.0,143.79,-0.49,1975.2,279711.6,-1
2021-03-18,2021-03-18 13:10:00,143.79,143.79,143.08,143.08,-0.49,1975.2,279711.6,-1
2021-03-18,2021-03-18 13:20:00,143.08,143.08,142.38,142.38,-0.49,1975.2,279711.6,-1
2021-03-18,2021-03-18 13:30:00,142.38,142.38,141.67,141.67,-0.5,1975.2,279711.6,-1
2021-03-18,2021-03-18 13:40:00,141.67,141.67,140.96,140.96,-0.5,1975.2,279711.6,-1
2021-03-18,2021-03-18 13:50:00,140.96,140.96,140.25,140.25,-0.5,1975.2,279711.6,-1
2021-03-18,2021-03-18 14:00:00,140.25,140.25,139.54,139.54,-0.51,1975.2,279711.6,-1
2021-03-18,2021-03-18 14:10:00,139.54,139.54,138.83,138.83,-0.51,1975.2,279711.6,-1
2021-03-18,2021-03-18 14:20:00,138.83,138.83,138.12,138.12,-0.51,1975.2,279711.6,-1
2021-03-18,2021-03-18 14:30:00,138.12,138.12,137.42,137.42,-0.51,1975.2,279711.6,-1
2021-03-18,2021-03-18 14:40:00,137.42,137.42,136.71,136.71,-0.52,1975.2,279711.6,-1
2021-03-18,2021-03-18 14:50:00,136.71,136.71,136.0,136.0,-0.52,1975.2,279711.6,-1
2021-03-18,2021-03-18 15:00:00,136.0,159.0,135.0,136.0,0.0,1975.2,279711.6,0
2021-03-21,2021-03-21 11:00:00,140.0,140.0,135.8,139.54,-0.33,1214.64,157203.24,-1
2021-03-21,2021-03-21 11:10:00,139.54,139.54,139.08,139.08,-0.33,1214.64,157203.24,-1
2021-03-21,2021-03-21 11:20:00,139.08,139.08,138.62,138.62,-0.33,1214.64,157203.24,-1
2021-03-21,2021-03-21 11:30:00,138.62,138.62,138.17,138.17,-0.32,1214.64,157203.24,-1
2021-03-21,2021-03-21 11:40:00,138.17,138.17,137.71,137.71,-0.33,1214.64,157203.24,-1
2021-03-21,2021-03-21 11:50:00,137.71,137.71,137.25,137.25,-0.33,1214.64,157203.24,-1
2021-03-21,2021-03-21 12:00:00,137.25,137.25,136.79,136.79,-0.34,1214.64,157203.24,-1
2021-03-21,2021-03-21 12:10:00,136.79,136.79,136.33,136.33,-0.34,1214.64,157203.24,-1
2021-03-21,2021-03-21 12:20:00,136.33,136.33,135.88,135.88,-0.33,1214.64,157203.24,-1
2021-03-21,2021-03-21 12:30:00,135.88,135.88,135.42,135.42,-0.34,1214.64,157203.24,-1
2021-03-21,2021-03-21 12:40:00,135.42,135.42,134.96,134.96,-0.34,1214.64,157203.24,-1
2021-03-21,2021-03-21 12:50:00,134.96,134.96,134.5,134.5,-0.34,1214.64,157203.24,-1
2021-03-21,2021-03-21 13:00:00,134.5,140.0,126.0,134.04,-0.34,1214.64,157203.24,-1
2021-03-21,2021-03-21 13:10:00,134.04,134.04,133.58,133.58,-0.34,1214.64,157203.24,-1
2021-03-21,2021-03-21 13:20:00,133.58,133.58,133.12,133.12,-0.34,1214.64,157203.24,-1
2021-03-21,2021-03-21 13:30:00,133.12,133.12,132.67,132.67,-0.34,1214.64,157203.24,-1
2021-03-21,2021-03-21 13:40:00,132.67,132.67,132.21,132.21,-0.35,1214.64,157203.24,-1
2021-03-21,2021-03-21 13:50:00,132.21,132.21,131.75,131.75,-0.35,1214.64,157203.24,-1
2021-03-21,2021-03-21 14:00:00,131.75,131.75,131.29,131.29,-0.35,1214.64,157203.24,-1
2021-03-21,2021-03-21 14:10:00,131.29,131.29,130.83,130.83,-0.35,1214.64,157203.24,-1
2021-03-21,2021-03-21 14:20:00,130.83,130.83,130.38,130.38,-0.34,1214.64,157203.24,-1
2021-03-21,2021-03-21 14:30:00,130.38,130.38,129.92,129.92,-0.35,1214.64,157203.24,-1
2021-03-21,2021-03-21 14:40:00,129.92,129.92,129.46,129.46,-0.35,1214.64,157203.24,-1
2021-03-21,2021-03-21 14:50:00,129.46,129.46,129.0,129.0,-0.36,1214.64,157203.24,-1
2021-03-21,2021-03-21 15:00:00,129.0,140.0,126.0,129.0,0.0,1214.64,157203.24,0
2021-03-22,2021-03-22 11:00:00,131.0,131.0,129.5,130.83,-0.13,422.64,53731.88,-1
2021-03-22,2021-03-22 11:10:00,130.83,130.83,130.67,130.67,-0.12,422.64,53731.88,-1
2021-03-22,2021-03-22 11:20:00,130.67,130.67,130.5,130.5,-0.13,422.64,53731.88,-1
2021-03-22,2021-03-22 11:30:00,130.5,130.5,130.33,130.33,-0.13,422.64,53731.88,-1
2021-03-22,2021-03-22 11:40:00,130.33,130.33,130.17,130.17,-0.12,422.64,53731.88,-1
2021-03-22,2021-03-22 11:50:00,130.17,130.17,130.0,130.0,-0.13,422.64,53731.88,-1
2021-03-22,2021-03-22 12:00:00,130.0,130.0,129.83,129.83,-0.13,422.64,53731.88,-1
2021-03-22,2021-03-22 12:10:00,129.83,129.83,129.67,129.67,-0.12,422.64,53731.88,-1
2021-03-22,2021-03-22 12:20:00,129.67,129.67,129.5,129.5,-0.13,422.64,53731.88,-1
2021-03-22,2021-03-22 12:30:00,129.5,129.5,129.33,129.33,-0.13,422.64,53731.88,-1
2021-03-22,2021-03-22 12:40:00,129.33,129.33,129.17,129.17,-0.12,422.64,53731.88,-1
2021-03-22,2021-03-22 12:50:00,129.17,129.17,129.0,129.0,-0.13,422.64,53731.88,-1
2021-03-22,2021-03-22 13:00:00,129.0,131.0,126.0,128.83,-0.13,422.64,53731.88,-1
2021-03-22,2021-03-22 13:10:00,128.83,128.83,128.67,128.67,-0.12,422.64,53731.88,-1
2021-03-22,2021-03-22 13:20:00,128.67,128.67,128.5,128.5,-0.13,422.64,53731.88,-1
2021-03-22,2021-03-22 13:30:00,128.5,128.5,128.33,128.33,-0.13,422.64,53731.88,-1
2021-03-22,2021-03-22 13:40:00,128.33,128.33,128.17,128.17,-0.12,422.64,53731.88,-1
2021-03-22,2021-03-22 13:50:00,128.17,128.17,128.0,128.0,-0.13,422.64,53731.88,-1
2021-03-22,2021-03-22 14:00:00,128.0,128.0,127.83,127.83,-0.13,422.64,53731.88,-1
2021-03-22,2021-03-22 14:10:00,127.83,127.83,127.67,127.67,-0.13,422.64,53731.88,-1
2021-03-22,2021-03-22 14:20:00,127.67,127.67,127.5,127.5,-0.13,422.64,53731.88,-1
2021-03-22,2021-03-22 14:30:00,127.5,127.5,127.33,127.33,-0.13,422.64,53731.88,-1
2021-03-22,2021-03-22 14:40:00,127.33,127.33,127.17,127.17,-0.13,422.64,53731.88,-1
2021-03-22,2021-03-22 14:50:00,127.17,127.17,127.0,127.0,-0.13,422.64,53731.88,-1
2021-03-22,2021-03-22 15:00:00,127.0,131.0,126.0,127.0,0.0,422.64,53731.88,0
2021-03-23,2021-03-23 11:00:00,125.0,128.6,125.0,125.25,0.2,1031.32,136786.08,1
2021-03-23,2021-03-23 11:10:00,125.25,125.5,125.25,125.5,0.2,1031.32,136786.08,1
2021-03-23,2021-03-23 11:20:00,125.5,125.75,125.5,125.75,0.2,1031.32,136786.08,1
2021-03-23,2021-03-23 11:30:00,125.75,126.0,125.75,126.0,0.2,1031.32,136786.08,1
2021-03-23,2021-03-23 11:40:00,126.0,126.25,126.0,126.25,0.2,1031.32,136786.08,1
2021-03-23,2021-03-23 11:50:00,126.25,126.5,126.25,126.5,0.2,1031.32,136786.08,1
2021-03-23,2021-03-23 12:00:00,126.5,126.75,126.5,126.75,0.2,1031.32,136786.08,1
2021-03-23,2021-03-23 12:10:00,126.75,127.0,126.75,127.0,0.2,1031.32,136786.08,1
2021-03-23,2021-03-23 12:20:00,127.0,127.25,127.0,127.25,0.2,1031.32,136786.08,1
2021-03-23,2021-03-23 12:30:00,127.25,127.5,127.25,127.5,0.2,1031.32,136786.08,1
2021-03-23,2021-03-23 12:40:00,127.5,127.75,127.5,127.75,0.2,1031.32,136786.08,1
2021-03-23,2021-03-23 12:50:00,127.75,128.0,127.75,128.0,0.2,1031.32,136786.08,1
2021-03-23,2021-03-23 13:00:00,128.0,137.0,125.0,128.25,0.2,1031.32,136786.08,1
2021-03-23,2021-03-23 13:10:00,128.25,128.5,128.25,128.5,0.19,1031.32,136786.08,1
2021-03-23,2021-03-23 13:20:00,128.5,128.75,128.5,128.75,0.19,1031.32,136786.08,1
2021-03-23,2021-03-23 13:30:00,128.75,129.0,128.75,129.0,0.19,1031.32,136786.08,1
2021-03-23,2021-03-23 13:40:00,129.0,129.25,129.0,129.25,0.19,1031.32,136786.08,1
2021-03-23,2021-03-23 13:50:00,129.25,129.5,129.25,129.5,0.19,1031.32,136786.08,1
2021-03-23,2021-03-23 14:00:00,129.5,129.75,129.5,129.75,0.19,1031.32,136786.08,1
2021-03-23,2021-03-23 14:10:00,129.75,130.0,129.75,130.0,0.19,1031.32,136786.08,1
2021-03-23,2021-03-23 14:20:00,130.0,130.25,130.0,130.25,0.19,1031.32,136786.08,1
2021-03-23,2021-03-23 14:30:00,130.25,130.5,130.25,130.5,0.19,1031.32,136786.08,1
2021-03-23,2021-03-23 14:40:00,130.5,130.75,130.5,130.75,0.19,1031.32,136786.08,1
2021-03-23,2021-03-23 14:50:00,130.75,131.0,130.75,131.0,0.19,1031.32,136786.08,1
2021-03-23,2021-03-23 15:00:00,131.0,137.0,125.0,131.0,0.0,1031.32,136786.08,0
2021-03-24,2021-03-24 11:00:00,131.0,132.5,130.1,130.88,-0.09,757.64,99268.8,-1
2021-03-24,2021-03-24 11:10:00,130.88,130.88,130.75,130.75,-0.1,757.64,99268.8,-1
2021-03-24,2021-03-24 11:20:00,130.75,130.75,130.62,130.62,-0.1,757.64,99268.8,-1
2021-03-24,2021-03-24 11:30:00,130.62,130.62,130.5,130.5,-0.09,757.64,99268.8,-1
2021-03-24,2021-03-24 11:40:00,130.5,130.5,130.38,130.38,-0.09,757.64,99268.8,-1
2021-03-24,2021-03-24 11:50:00,130.38,130.38,130.25,130.25,-0.1,757.64,99268.8,-1
2021-03-24,2021-03-24 12:00:00,130.25,130.25,130.12,130.12,-0.1,757.64,99268.8,-1
2021-03-24,2021-03-24 12:10:00,130.12,130.12,130.0,130.0,-0.09,757.64,99268.8,-1
2021-03-24,2021-03-24 12:20:00,130.0,130.0,129.88,129.88,-0.09,757.64,99268.8,-1
2021-03-24,2021-03-24 12:30:00,129.88,129.88,129.75,129.75,-0.1,757.64,99268.8,-1
2021-03-24,2021-03-24 12:40:00,129.75,129.75,129.62,129.62,-0.1,757.64,99268.8,-1
2021-03-24,2021-03-24 12:50:00,129.62,129.62,129.5,129.5,-0.09,757.64,99268.8,-1
2021-03-24,2021-03-24 13:00:00,129.5,136.0,128.0,129.38,-0.09,757.64,99268.8,-1
2021-03-24,2021-03-24 13:10:00,129.38,129.38,129.25,129.25,-0.1,757.64,99268.8,-1
2021-03-24,2021-03-24 13:20:00,129.25,129.25,129.12,129.12,-0.1,757.64,99268.8,-1
2021-03-24,2021-03-24 13:30:00,129.12,129.12,129.0,129.0,-0.09,757.64,99268.8,-1
2021-03-24,2021-03-24 13:40:00,129.0,129.0,128.88,128.88,-0.09,757.64,99268.8,-1
2021-03-24,2021-03-24 13:50:00,128.88,128.88,128.75,128.75,-0.1,757.64,99268.8,-1
2021-03-24,2021-03-24 14:00:00,128.75,128.75,128.62,128.62,-0.1,757.64,99268.8,-1
2021-03-24,2021-03-24 14:10:00,128.62,128.62,128.5,128.5,-0.09,757.64,99268.8,-1
2021-03-24,2021-03-24 14:20:00,128.5,128.5,128.38,128.38,-0.09,757.64,99268.8,-1
2021-03-24,2021-03-24 14:30:00,128.38,128.38,128.25,128.25,-0.1,757.64,99268.8,-1
2021-03-24,2021-03-24 14:40:00,128.25,128.25,128.12,128.12,-0.1,757.64,99268.8,-1
2021-03-24,2021-03-24 14:50:00,128.12,128.12,128.0,128.0,-0.09,757.64,99268.8,-1
2021-03-24,2021-03-24 15:00:00,128.0,136.0,128.0,128.0,0.0,757.64,99268.8,0
2021-03-25,2021-03-25 11:00:00,130.0,131.2,130.0,130.04,0.03,526.52,68740.32,1
2021-03-25,2021-03-25 11:10:00,130.04,130.08,130.04,130.08,0.03,526.52,68740.32,1
2021-03-25,2021-03-25 11:20:00,130.08,130.12,130.08,130.12,0.03,526.52,68740.32,1
2021-03-25,2021-03-25 11:30:00,130.12,130.17,130.12,130.17,0.04,526.52,68740.32,1
2021-03-25,2021-03-25 11:40:00,130.17,130.21,130.17,130.21,0.03,526.52,68740.32,1
2021-03-25,2021-03-25 11:50:00,130.21,130.25,130.21,130.25,0.03,526.52,68740.32,1
2021-03-25,2021-03-25 12:00:00,130.25,130.29,130.25,130.29,0.03,526.52,68740.32,1
2021-03-25,2021-03-25 12:10:00,130.29,130.33,130.29,130.33,0.03,526.52,68740.32,1
2021-03-25,2021-03-25 12:20:00,130.33,130.38,130.33,130.38,0.04,526.52,68740.32,1
2021-03-25,2021-03-25 12:30:00,130.38,130.42,130.38,130.42,0.03,526.52,68740.32,1
2021-03-25,2021-03-25 12:40:00,130.42,130.46,130.42,130.46,0.03,526.52,68740.32,1
2021-03-25,2021-03-25 12:50:00,130.46,130.5,130.46,130.5,0.03,526.52,68740.32,1
2021-03-25,2021-03-25 13:00:00,130.5,134.0,130.0,130.54,0.03,526.52,68740.32,1
2021-03-25,2021-03-25 13:10:00,130.54,130.58,130.54,130.58,0.03,526.52,68740.32,1
2021-03-25,2021-03-25 13:20:00,130.58,130.62,130.58,130.62,0.03,526.52,68740.32,1
2021-03-25,2021-03-25 13:30:00,130.62,130.67,130.62,130.67,0.04,526.52,68740.32,1
2021-03-25,2021-03-25 13:40:00,130.67,130.71,130.67,130.71,0.03,526.52,68740.32,1
2021-03-25,2021-03-25 13:50:00,130.71,130.75,130.71,130.75,0.03,526.52,68740.32,1
2021-03-25,2021-03-25 14:00:00,130.75,130.79,130.75,130.79,0.03,526.52,68740.32,1
2021-03-25,2021-03-25 14:10:00,130.79,130.83,130.79,130.83,0.03,526.52,68740.32,1
2021-03-25,2021-03-25 14:20:00,130.83,130.88,130.83,130.88,0.04,526.52,68740.32,1
2021-03-25,2021-03-25 14:30:00,130.88,130.92,130.88,130.92,0.03,526.52,68740.32,1
2021-03-25,2021-03-25 14:40:00,130.92,130.96,130.92,130.96,0.03,526.52,68740.32,1
2021-03-25,2021-03-25 14:50:00,130.96,131.0,130.96,131.0,0.03,526.52,68740.32,1
2021-03-25,2021-03-25 15:00:00,131.0,134.0,130.0,131.0,0.0,526.52,68740.32,0
2021-03-29,2021-03-29 11:00:00,130.0,131.2,129.4,130.04,0.03,297.4,38901.16,1
2021-03-29,2021-03-29 11:10:00,130.04,130.08,130.04,130.08,0.03,297.4,38901.16,1
2021-03-29,2021-03-29 11:20:00,130.08,130.12,130.08,130.12,0.03,297.4,38901.16,1
2021-03-29,2021-03-29 11:30:00,130.12,130.17,130.12,130.17,0.04,297.4,38901.16,1
2021-03-29,2021-03-29 11:40:00,130.17,130.21,130.17,130.21,0.03,297.4,38901.16,1
2021-03-29,2021-03-29 11:50:00,130.21,130.25,130.21,130.25,0.03,297.4,38901.16,1
2021-03-29,2021-03-29 12:00:00,130.25,130.29,130.25,130.29,0.03,297.4,38901.16,1
2021-03-29,2021-03-29 12:10:00,130.29,130.33,130.29,130.33,0.03,297.4,38901.16,1
2021-03-29,2021-03-29 12:20:00,130.33,130.38,130.33,130.38,0.04,297.4,38901.16,1
2021-03-29,2021-03-29 12:30:00,130.38,130.42,130.38,130.42,0.03,297.4,38901.16,1
2021-03-29,2021-03-29 12:40:00,130.42,130.46,130.42,130.46,0.03,297.4,38901.16,1
2021-03-29,2021-03-29 12:50:00,130.46,130.5,130.46,130.5,0.03,297.4,38901.16,1
2021-03-29,2021-03-29 13:00:00,130.5,134.0,128.0,130.54,0.03,297.4,38901.16,1
2021-03-29,2021-03-29 13:10:00,130.54,130.58,130.54,130.58,0.03,297.4,38901.16,1
2021-03-29,2021-03-29 13:20:00,130.58,130.62,130.58,130.62,0.03,297.4,38901.16,1
2021-03-29,2021-03-29 13:30:00,130.62,130.67,130.62,130.67,0.04,297.4,38901.16,1
2021-03-29,2021-03-29 13:40:00,130.67,130.71,130.67,130.71,0.03,297.4,38901.16,1
2021-03-29,2021-03-29 13:50:00,130.71,130.75,130.71,130.75,0.03,297.4,38901.16,1
2021-03-29,2021-03-29 14:00:00,130.75,130.79,130.75,130.79,0.03,297.4,38901.16,1
2021-03-29,2021-03-29 14:10:00,130.79,130.83,130.79,130.83,0.03,297.4,38901.16,1
2021-03-29,2021-03-29 14:20:00,130.83,130.88,130.83,130.88,0.04,297.4,38901.16,1
2021-03-29,2021-03-29 14:30:00,130.88,130.92,130.88,130.92,0.03,297.4,38901.16,1
2021-03-29,2021-03-29 14:40:00,130.92,130.96,130.92,130.96,0.03,297.4,38901.16,1
2021-03-29,2021-03-29 14:50:00,130.96,131.0,130.96,131.0,0.03,297.4,38901.16,1
2021-03-29,2021-03-29 15:00:00,131.0,134.0,128.0,131.0,0.0,297.4,38901.16,0
2021-03-30,2021-03-30 11:00:00,129.0,129.6,128.4,129.04,0.03,331.2,42827.6,1
2021-03-30,2021-03-30 11:10:00,129.04,129.08,129.04,129.08,0.03,331.2,42827.6,1
2021-03-30,2021-03-30 11:20:00,129.08,129.12,129.08,129.12,0.03,331.2,42827.6,1
2021-03-30,2021-03-30 11:30:00,129.12,129.17,129.12,129.17,0.04,331.2,42827.6,1
2021-03-30,2021-03-30 11:40:00,129.17,129.21,129.17,129.21,0.03,331.2,42827.6,1
2021-03-30,2021-03-30 11:50:00,129.21,129.25,129.21,129.25,0.03,331.2,42827.6,1
2021-03-30,2021-03-30 12:00:00,129.25,129.29,129.25,129.29,0.03,331.2,42827.6,1
2021-03-30,2021-03-30 12:10:00,129.29,129.33,129.29,129.33,0.03,331.2,42827.6,1
2021-03-30,2021-03-30 12:20:00,129.33,129.38,129.33,129.38,0.04,331.2,42827.6,1
2021-03-30,2021-03-30 12:30:00,129.38,129.42,129.38,129.42,0.03,331.2,42827.6,1
2021-03-30,2021-03-30 12:40:00,129.42,129.46,129.42,129.46,0.03,331.2,42827.6,1
2021-03-30,2021-03-30 12:50:00,129.46,129.5,129.46,129.5,0.03,331.2,42827.6,1
2021-03-30,2021-03-30 13:00:00,129.5,131.0,127.0,129.54,0.03,331.2,42827.6,1
2021-03-30,2021-03-30 13:10:00,129.54,129.58,129.54,129.58,0.03,331.2,42827.6,1
2021-03-30,2021-03-30 13:20:00,129.58,129.62,129.58,129.62,0.03,331.2,42827.6,1
2021-03-30,2021-03-30 13:30:00,129.62,129.67,129.62,129.67,0.04,331.2,42827.6,1
2021-03-30,2021-03-30 13:40:00,129.67,129.71,129.67,129.71,0.03,331.2,42827.6,1
2021-03-30,2021-03-30 13:50:00,129.71,129.75,129.71,129.75,0.03,331.2,42827.6,1
2021-03-30,2021-03-30 14:00:00,129.75,129.79,129.75,129.79,0.03,331.2,42827.6,1
2021-03-30,2021-03-30 14:10:00,129.79,129.83,129.79,129.83,0.03,331.2,42827.6,1
2021-03-30,2021-03-30 14:20:00,129.83,129.88,129.83,129.88,0.04,331.2,42827.6,1
2021-03-30,2021-03-30 14:30:00,129.88,129.92,129.88,129.92,0.03,331.2,42827.6,1
2021-03-30,2021-03-30 14:40:00,129.92,129.96,129.92,129.96,0.03,331.2,42827.6,1
2021-03-30,2021-03-30 14:50:00,129.96,130.0,129.96,130.0,0.03,331.2,42827.6,1
2021-03-30,2021-03-30 15:00:00,130.0,131.0,127.0,130.0,0.0,331.2,42827.6,0
2021-03-31,2021-03-31 11:00:00,130.0,130.0,129.4,130.0,0.0,279.6,36184.0,0
2021-03-31,2021-03-31 11:10:00,130.0,130.0,130.0,130.0,0.0,279.6,36184.0,0
2021-03-31,2021-03-31 11:20:00,130.0,130.0,130.0,130.0,0.0,279.6,36184.0,0
2021-03-31,2021-03-31 11:30:00,130.0,130.0,130.0,130.0,0.0,279.6,36184.0,0
2021-03-31,2021-03-31 11:40:00,130.0,130.0,130.0,130.0,0.0,279.6,36184.0,0
2021-03-31,2021-03-31 11:50:00,130.0,130.0,130.0,130.0,0.0,279.6,36184.0,0
2021-03-31,2021-03-31 12:00:00,130.0,130.0,130.0,130.0,0.0,279.6,36184.0,0
2021-03-31,2021-03-31 12:10:00,130.0,130.0,130.0,130.0,0.0,279.6,36184.0,0
2021-03-31,2021-03-31 12:20:00,130.0,130.0,130.0,130.0,0.0,279.6,36184.0,0
2021-03-31,2021-03-31 12:30:00,130.0,130.0,130.0,130.0,0.0,279.6,36184.0,0
2021-03-31,2021-03-31 12:40:00,130.0,130.0,130.0,130.0,0.0,279.6,36184.0,0
2021-03-31,2021-03-31 12:50:00,130.0,130.0,130.0,130.0,0.0,279.6,36184.0,0
2021-03-31,2021-03-31 13:00:00,130.0,130.0,128.0,130.0,0.0,279.6,36184.0,0
2021-03-31,2021-03-31 13:10:00,130.0,130.0,130.0,130.0,0.0,279.6,36184.0,0
2021-03-31,2021-03-31 13:20:00,130.0,130.0,130.0,130.0,0.0,279.6,36184.0,0
2021-03-31,2021-03-31 13:30:00,130.0,130.0,130.0,130.0,0.0,279.6,36184.0,0
2021-03-31,2021-03-31 13:40:00,130.0,130.0,130.0,130.0,0.0,279.6,36184.0,0
2021-03-31,2021-03-31 13:50:00,130.0,130.0,130.0,130.0,0.0,279.6,36184.0,0
2021-03-31,2021-03-31 14:00:00,130.0,130.0,130.0,130.0,0.0,279.6,36184.0,0
2021-03-31,2021-03-31 14:10:00,130.0,130.0,130.0,130.0,0.0,279.6,36184.0,0
2021-03-31,2021-03-31 14:20:00,130.0,130.0,130.0,130.0,0.0,279.6,36184.0,0
2021-03-31,2021-03-31 14:30:00,130.0,130.0,130.0,130.0,0.0,279.6,36184.0,0
2021-03-31,2021-03-31 14:40:00,130.0,130.0,130.0,130.0,0.0,279.6,36184.0,0
2021-03-31,2021-03-31 14:50:00,130.0,130.0,130.0,130.0,0.0,279.6,36184.0,0
2021-03-31,2021-03-31 15:00:00,130.0,130.0,128.0,130.0,0.0,279.6,36184.0,0
2021-04-01,2021-04-01 11:00:00,130.0,130.3,129.4,130.0,0.0,433.32,55858.16,0
2021-04-01,2021-04-01 11:10:00,130.0,130.0,130.0,130.0,0.0,433.32,55858.16,0
2021-04-01,2021-04-01 11:20:00,130.0,130.0,130.0,130.0,0.0,433.32,55858.16,0
2021-04-01,2021-04-01 11:30:00,130.0,130.0,130.0,130.0,0.0,433.32,55858.16,0
2021-04-01,2021-04-01 11:40:00,130.0,130.0,130.0,130.0,0.0,433.32,55858.16,0
2021-04-01,2021-04-01 11:50:00,130.0,130.0,130.0,130.0,0.0,433.32,55858.16,0
2021-04-01,2021-04-01 12:00:00,130.0,130.0,130.0,130.0,0.0,433.32,55858.16,0
2021-04-01,2021-04-01 12:10:00,130.0,130.0,130.0,130.0,0.0,433.32,55858.16,0
2021-04-01,2021-04-01 12:20:00,130.0,130.0,130.0,130.0,0.0,433.32,55858.16,0
2021-04-01,2021-04-01 12:30:00,130.0,130.0,130.0,130.0,0.0,433.32,55858.16,0
2021-04-01,2021-04-01 12:40:00,130.0,130.0,130.0,130.0,0.0,433.32,55858.16,0
2021-04-01,2021-04-01 12:50:00,130.0,130.0,130.0,130.0,0.0,433.32,55858.16,0
2021-04-01,2021-04-01 13:00:00,130.0,131.0,128.0,130.0,0.0,433.32,55858.16,0
2021-04-01,2021-04-01 13:10:00,130.0,130.0,130.0,130.0,0.0,433.32,55858.16,0
2021-04-01,2021-04-01 13:20:00,130.0,130.0,130.0,130.0,0.0,433.32,55858.16,0
2021-04-01,2021-04-01 13:30:00,130.0,130.0,130.0,130.0,0.0,433.32,55858.16,0
2021-04-01,2021-04-01 13:40:00,130.0,130.0,130.0,130.0,0.0,433.32,55858.16,0
2021-04-01,2021-04-01 13:50:00,130.0,130.0,130.0,130.0,0.0,433.32,55858.16,0
2021-04-01,2021-04-01 14:00:00,130.0,130.0,130.0,130.0,0.0,433.32,55858.16,0
2021-04-01,2021-04-01 14:10:00,130.0,130.0,130.0,130.0,0.0,433.32,55858.16,0
2021-04-01,2021-04-01 14:20:00,130.0,130.0,130.0,130.0,0.0,433.32,55858.16,0
2021-04-01,2021-04-01 14:30:00,130.0,130.0,130.0,130.0,0.0,433.32,55858.16,0
2021-04-01,2021-04-01 14:40:00,130.0,130.0,130.0,130.0,0.0,433.32,55858.16,0
2021-04-01,2021-04-01 14:50:00,130.0,130.0,130.0,130.0,0.0,433.32,55858.16,0
2021-04-01,2021-04-01 15:00:00,130.0,131.0,128.0,130.0,0.0,433.32,55858.16,0
2021-04-04,2021-04-04 11:00:00,130.0,130.0,129.4,129.92,-0.06,412.0,53116.6,-1
2021-04-04,2021-04-04 11:10:00,129.92,129.92,129.83,129.83,-0.07,412.0,53116.6,-1
2021-04-04,2021-04-04 11:20:00,129.83,129.83,129.75,129.75,-0.06,412.0,53116.6,-1
2021-04-04,2021-04-04 11:30:00,129.75,129.75,129.67,129.67,-0.06,412.0,53116.6,-1
2021-04-04,2021-04-04 11:40:00,129.67,129.67,129.58,129.58,-0.07,412.0,53116.6,-1
2021-04-04,2021-04-04 11:50:00,129.58,129.58,129.5,129.5,-0.06,412.0,53116.6,-1
2021-04-04,2021-04-04 12:00:00,129.5,129.5,129.42,129.42,-0.06,412.0,53116.6,-1
2021-04-04,2021-04-04 12:10:00,129.42,129.42,129.33,129.33,-0.07,412.0,53116.6,-1
2021-04-04,2021-04-04 12:20:00,129.33,129.33,129.25,129.25,-0.06,412.0,53116.6,-1
2021-04-04,2021-04-04 12:30:00,129.25,129.25,129.17,129.17,-0.06,412.0,53116.6,-1
2021-04-04,2021-04-04 12:40:00,129.17,129.17,129.08,129.08,-0.07,412.0,53116.6,-1
2021-04-04,2021-04-04 12:50:00,129.08,129.08,129.0,129.0,-0.06,412.0,53116.6,-1
2021-04-04,2021-04-04 13:00:00,129.0,130.0,128.0,128.92,-0.06,412.0,53116.6,-1
2021-04-04,2021-04-04 13:10:00,128.92,128.92,128.83,128.83,-0.07,412.0,53116.6,-1
2021-04-04,2021-04-04 13:20:00,128.83,128.83,128.75,128.75,-0.06,412.0,53116.6,-1
2021-04-04,2021-04-04 13:30:00,128.75,128.75,128.67,128.67,-0.06,412.0,53116.6,-1
2021-04-04,2021-04-04 13:40:00,128.67,128.67,128.58,128.58,-0.07,412.0,53116.6,-1
2021-04-04,2021-04-04 13:50:00,128.58,128.58,128.5,128.5,-0.06,412.0,53116.6,-1
2021-04-04,2021-04-04 14:00:00,128.5,128.5,128.42,128.42,-0.06,412.0,53116.6,-1
2021-04-04,2021-04-04 14:10:00,128.42,128.42,128.33,128.33,-0.07,412.0,53116.6,-1
2021-04-04,2021-04-04 14:20:00,128.33,128.33,128.25,128.25,-0.06,412.0,53116.6,-1
2021-04-04,2021-04-04 14:30:00,128.25,128.25,128.17,128.17,-0.06,412.0,53116.6,-1
2021-04-04,2021-04-04 14:40:00,128.17,128.17,128.08,128.08,-0.07,412.0,53116.6,-1
2021-04-04,2021-04-04 14:50:00,128.08,128.08,128.0,128.0,-0.06,412.0,53116.6,-1
2021-04-04,2021-04-04 15:00:00,128.0,130.0,128.0,128.0,0.0,412.0,53116.6,0
2021-04-05,2021-04-05 11:00:00,126.0,128.7,126.0,126.17,0.13,1655.12,216608.32,1
2021-04-05,2021-04-05 11:10:00,126.17,126.33,126.17,126.33,0.13,1655.12,216608.32,1
2021-04-05,2021-04-05 11:20:00,126.33,126.5,126.33,126.5,0.13,1655.12,216608.32,1
2021-04-05,2021-04-05 11:30:00,126.5,126.67,126.5,126.67,0.13,1655.12,216608.32,1
2021-04-05,2021-04-05 11:40:00,126.67,126.83,126.67,126.83,0.13,1655.12,216608.32,1
2021-04-05,2021-04-05 11:50:00,126.83,127.0,126.83,127.0,0.13,1655.12,216608.32,1
2021-04-05,2021-04-05 12:00:00,127.0,127.17,127.0,127.17,0.13,1655.12,216608.32,1
2021-04-05,2021-04-05 12:10:00,127.17,127.33,127.17,127.33,0.13,1655.12,216608.32,1
2021-04-05,2021-04-05 12:20:00,127.33,127.5,127.33,127.5,0.13,1655.12,216608.32,1
2021-04-05,2021-04-05 12:30:00,127.5,127.67,127.5,127.67,0.13,1655.12,216608.32,1
2021-04-05,2021-04-05 12:40:00,127.67,127.83,127.67,127.83,0.13,1655.12,216608.32,1
2021-04-05,2021-04-05 12:50:00,127.83,128.0,127.83,128.0,0.13,1655.12,216608.32,1
2021-04-05,2021-04-05 13:00:00,128.0,135.0,126.0,128.17,0.13,1655.12,216608.32,1
2021-04-05,2021-04-05 13:10:00,128.17,128.33,128.17,128.33,0.12,1655.12,216608.32,1
2021-04-05,2021-04-05 13:20:00,128.33,128.5,128.33,128.5,0.13,1655.12,216608.32,1
2021-04-05,2021-04-05 13:30:00,128.5,128.67,128.5,128.67,0.13,1655.12,216608.32,1
2021-04-05,2021-04-05 13:40:00,128.67,128.83,128.67,128.83,0.12,1655.12,216608.32,1
2021-04-05,2021-04-05 13:50:00,128.83,129.0,128.83,129.0,0.13,1655.12,216608.32,1
2021-04-05,2021-04-05 14:00:00,129.0,129.17,129.0,129.17,0.13,1655.12,216608.32,1
2021-04-05,2021-04-05 14:10:00,129.17,129.33,129.17,129.33,0.12,1655.12,216608.32,1
2021-04-05,2021-04-05 14:20:00,129.33,129.5,129.33,129.5,0.13,1655.12,216608.32,1
2021-04-05,2021-04-05 14:30:00,129.5,129.67,129.5,129.67,0.13,1655.12,216608.32,1
2021-04-05,2021-04-05 14:40:00,129.67,129.83,129.67,129.83,0.12,1655.12,216608.32,1
2021-04-05,2021-04-05 14:50:00,129.83,130.0,129.83,130.0,0.13,1655.12,216608.32,1
2021-04-05,2021-04-05 15:00:00,130.0,135.0,126.0,130.0,0.0,1655.12,216608.32,0
2021-04-06,2021-04-06 11:00:00,130.0,133.6,129.7,130.5,0.38,1758.28,239840.48,1
2021-04-06,2021-04-06 11:10:00,130.5,131.0,130.5,131.0,0.38,1758.28,239840.48,1
2021-04-06,2021-04-06 11:20:00,131.0,131.5,131.0,131.5,0.38,1758.28,239840.48,1
2021-04-06,2021-04-06 11:30:00,131.5,132.0,131.5,132.0,0.38,1758.28,239840.48,1
2021-04-06,2021-04-06 11:40:00,132.0,132.5,132.0,132.5,0.38,1758.28,239840.48,1
2021-04-06,2021-04-06 11:50:00,132.5,133.0,132.5,133.0,0.38,1758.28,239840.48,1
2021-04-06,2021-04-06 12:00:00,133.0,133.5,133.0,133.5,0.38,1758.28,239840.48,1
2021-04-06,2021-04-06 12:10:00,133.5,134.0,133.5,134.0,0.37,1758.28,239840.48,1
2021-04-06,2021-04-06 12:20:00,134.0,134.5,134.0,134.5,0.37,1758.28,239840.48,1
2021-04-06,2021-04-06 12:30:00,134.5,135.0,134.5,135.0,0.37,1758.28,239840.48,1
2021-04-06,2021-04-06 12:40:00,135.0,135.5,135.0,135.5,0.37,1758.28,239840.48,1
2021-04-06,2021-04-06 12:50:00,135.5,136.0,135.5,136.0,0.37,1758.28,239840.48,1
2021-04-06,2021-04-06 13:00:00,136.0,142.0,129.0,136.5,0.37,1758.28,239840.48,1
2021-04-06,2021-04-06 13:10:00,136.5,137.0,136.5,137.0,0.37,1758.28,239840.48,1
2021-04-06,2021-04-06 13:20:00,137.0,137.5,137.0,137.5,0.36,1758.28,239840.48,1
2021-04-06,2021-04-06 13:30:00,137.5,138.0,137.5,138.0,0.36,1758.28,239840.48,1
2021-04-06,2021-04-06 13:40:00,138.0,138.5,138.0,138.5,0.36,1758.28,239840.48,1
2021-04-06,2021-04-06 13:50:00,138.5,139.0,138.5,139.0,0.36,1758.28,239840.48,1
2021-04-06,2021-04-06 14:00:00,139.0,139.5,139.0,139.5,0.36,1758.28,239840.48,1
2021-04-06,2021-04-06 14:10:00,139.5,140.0,139.5,140.0,0.36,1758.28,239840.48,1
2021-04-06,2021-04-06 14:20:00,140.0,140.5,140.0,140.5,0.36,1758.28,239840.48,1
2021-04-06,2021-04-06 14:30:00,140.5,141.0,140.5,141.0,0.36,1758.28,239840.48,1
2021-04-06,2021-04-06 14:40:00,141.0,141.5,141.0,141.5,0.35,1758.28,239840.48,1
2021-04-06,2021-04-06 14:50:00,141.5,142.0,141.5,142.0,0.35,1758.28,239840.48,1
2021-04-06,2021-04-06 15:00:00,142.0,142.0,129.0,142.0,0.0,1758.28,239840.48,0
2021-04-07,2021-04-07 11:00:00,144.0,145.8,141.9,143.75,-0.17,1643.2,236572.84,-1
2021-04-07,2021-04-07 11:10:00,143.75,143.75,143.5,143.5,-0.17,1643.2,236572.84,-1
2021-04-07,2021-04-07 11:20:00,143.5,143.5,143.25,143.25,-0.17,1643.2,236572.84,-1
2021-04-07,2021-04-07 11:30:00,143.25,143.25,143.0,143.0,-0.17,1643.2,236572.84,-1
2021-04-07,2021-04-07 11:40:00,143.0,143.0,142.75,142.75,-0.17,1643.2,236572.84,-1
2021-04-07,2021-04-07 11:50:00,142.75,142.75,142.5,142.5,-0.18,1643.2,236572.84,-1
2021-04-07,2021-04-07 12:00:00,142.5,142.5,142.25,142.25,-0.18,1643.2,236572.84,-1
2021-04-07,2021-04-07 12:10:00,142.25,142.25,142.0,142.0,-0.18,1643.2,236572.84,-1
2021-04-07,2021-04-07 12:20:00,142.0,142.0,141.75,141.75,-0.18,1643.2,236572.84,-1
2021-04-07,2021-04-07 12:30:00,141.75,141.75,141.5,141.5,-0.18,1643.2,236572.84,-1
2021-04-07,2021-04-07 12:40:00,141.5,141.5,141.25,141.25,-0.18,1643.2,236572.84,-1
2021-04-07,2021-04-07 12:50:00,141.25,141.25,141.0,141.0,-0.18,1643.2,236572.84,-1
2021-04-07,2021-04-07 13:00:00,141.0,150.0,137.0,140.75,-0.18,1643.2,236572.84,-1
2021-04-07,2021-04-07 13:10:00,140.75,140.75,140.5,140.5,-0.18,1643.2,236572.84,-1
2021-04-07,2021-04-07 13:20:00,140.5,140.5,140.25,140.25,-0.18,1643.2,236572.84,-1
2021-04-07,2021-04-07 13:30:00,140.25,140.25,140.0,140.0,-0.18,1643.2,236572.84,-1
2021-04-07,2021-04-07 13:40:00,140.0,140.0,139.75,139.75,-0.18,1643.2,236572.84,-1
2021-04-07,2021-04-07 13:50:00,139.75,139.75,139.5,139.5,-0.18,1643.2,236572.84,-1
2021-04-07,2021-04-07 14:00:00,139.5,139.5,139.25,139.25,-0.18,1643.2,236572.84,-1
2021-04-07,2021-04-07 14:10:00,139.25,139.25,139.0,139.0,-0.18,1643.2,236572.84,-1
2021-04-07,2021-04-07 14:20:00,139.0,139.0,138.75,138.75,-0.18,1643.2,236572.84,-1
2021-04-07,2021-04-07 14:30:00,138.75,138.75,138.5,138.5,-0.18,1643.2,236572.84,-1
2021-04-07,2021-04-07 14:40:00,138.5,138.5,138.25,138.25,-0.18,1643.2,236572.84,-1
2021-04-07,2021-04-07 14:50:00,138.25,138.25,138.0,138.0,-0.18,1643.2,236572.84,-1
2021-04-07,2021-04-07 15:00:00,138.0,150.0,137.0,138.0,0.0,1643.2,236572.84,0
2021-04-08,2021-04-08 11:00:00,140.0,140.6,138.8,139.92,-0.06,364.6,50323.08,-1
2021-04-08,2021-04-08 11:10:00,139.92,139.92,139.83,139.83,-0.06,364.6,50323.08,-1
2021-04-08,2021-04-08 11:20:00,139.83,139.83,139.75,139.75,-0.06,364.6,50323.08,-1
2021-04-08,2021-04-08 11:30:00,139.75,139.75,139.67,139.67,-0.06,364.6,50323.08,-1
2021-04-08,2021-04-08 11:40:00,139.67,139.67,139.58,139.58,-0.06,364.6,50323.08,-1
2021-04-08,2021-04-08 11:50:00,139.58,139.58,139.5,139.5,-0.06,364.6,50323.08,-1
2021-04-08,2021-04-08 12:00:00,139.5,139.5,139.42,139.42,-0.06,364.6,50323.08,-1
2021-04-08,2021-04-08 12:10:00,139.42,139.42,139.33,139.33,-0.06,364.6,50323.08,-1
2021-04-08,2021-04-08 12:20:00,139.33,139.33,139.25,139.25,-0.06,364.6,50323.08,-1
2021-04-08,2021-04-08 12:30:00,139.25,139.25,139.17,139.17,-0.06,364.6,50323.08,-1
2021-04-08,2021-04-08 12:40:00,139.17,139.17,139.08,139.08,-0.06,364.6,50323.08,-1
2021-04-08,2021-04-08 12:50:00,139.08,139.08,139.0,139.0,-0.06,364.6,50323.08,-1
2021-04-08,2021-04-08 13:00:00,139.0,142.0,136.0,138.92,-0.06,364.6,50323.08,-1
2021-04-08,2021-04-08 13:10:00,138.92,138.92,138.83,138.83,-0.06,364.6,50323.08,-1
2021-04-08,2021-04-08 13:20:00,138.83,138.83,138.75,138.75,-0.06,364.6,50323.08,-1
2021-04-08,2021-04-08 13:30:00,138.75,138.75,138.67,138.67,-0.06,364.6,50323.08,-1
2021-04-08,2021-04-08 13:40:00,138.67,138.67,138.58,138.58,-0.06,364.6,50323.08,-1
2021-04-08,2021-04-08 13:50:00,138.58,138.58,138.5,138.5,-0.06,364.6,50323.08,-1
2021-04-08,2021-04-08 14:00:00,138.5,138.5,138.42,138.42,-0.06,364.6,50323.08,-1
2021-04-08,2021-04-08 14:10:00,138.42,138.42,138.33,138.33,-0.07,364.6,50323.08,-1
2021-04-08,2021-04-08 14:20:00,138.33,138.33,138.25,138.25,-0.06,364.6,50323.08,-1
2021-04-08,2021-04-08 14:30:00,138.25,138.25,138.17,138.17,-0.06,364.6,50323.08,-1
2021-04-08,2021-04-08 14:40:00,138.17,138.17,138.08,138.08,-0.07,364.6,50323.08,-1
2021-04-08,2021-04-08 14:50:00,138.08,138.08,138.0,138.0,-0.06,364.6,50323.08,-1
2021-04-08,2021-04-08 15:00:00,138.0,142.0,136.0,138.0,0.0,364.6,50323.08,0
2021-04-12,2021-04-12 11:00:00,140.0,140.0,138.2,139.88,-0.09,299.16,40742.2,-1
2021-04-12,2021-04-12 11:10:00,139.88,139.88,139.75,139.75,-0.09,299.16,40742.2,-1
2021-04-12,2021-04-12 11:20:00,139.75,139.75,139.62,139.62,-0.09,299.16,40742.2,-1
2021-04-12,2021-04-12 11:30:00,139.62,139.62,139.5,139.5,-0.09,299.16,40742.2,-1
2021-04-12,2021-04-12 11:40:00,139.5,139.5,139.38,139.38,-0.09,299.16,40742.2,-1
2021-04-12,2021-04-12 11:50:00,139.38,139.38,139.25,139.25,-0.09,299.16,40742.2,-1
2021-04-12,2021-04-12 12:00:00,139.25,139.25,139.12,139.12,-0.09,299.16,40742.2,-1
2021-04-12,2021-04-12 12:10:00,139.12,139.12,139.0,139.0,-0.09,299.16,40742.2,-1
2021-04-12,2021-04-12 12:20:00,139.0,139.0,138.88,138.88,-0.09,299.16,40742.2,-1
2021-04-12,2021-04-12 12:30:00,138.88,138.88,138.75,138.75,-0.09,299.16,40742.2,-1
2021-04-12,2021-04-12 12:40:00,138.75,138.75,138.62,138.62,-0.09,299.16,40742.2,-1
2021-04-12,2021-04-12 12:50:00,138.62,138.62,138.5,138.5,-0.09,299.16,40742.2,-1
2021-04-12,2021-04-12 13:00:00,138.5,140.0,134.0,138.38,-0.09,299.16,40742.2,-1
2021-04-12,2021-04-12 13:10:00,138.38,138.38,138.25,138.25,-0.09,299.16,40742.2,-1
2021-04-12,2021-04-12 13:20:00,138.25,138.25,138.12,138.12,-0.09,299.16,40742.2,-1
2021-04-12,2021-04-12 13:30:00,138.12,138.12,138.0,138.0,-0.09,299.16,40742.2,-1
2021-04-12,2021-04-12 13:40:00,138.0,138.0,137.88,137.88,-0.09,299.16,40742.2,-1
2021-04-12,2021-04-12 13:50:00,137.88,137.88,137.75,137.75,-0.09,299.16,40742.2,-1
2021-04-12,2021-04-12 14:00:00,137.75,137.75,137.62,137.62,-0.09,299.16,40742.2,-1
2021-04-12,2021-04-12 14:10:00,137.62,137.62,137.5,137.5,-0.09,299.16,40742.2,-1
2021-04-12,2021-04-12 14:20:00,137.5,137.5,137.38,137.38,-0.09,299.16,40742.2,-1
2021-04-12,2021-04-12 14:30:00,137.38,137.38,137.25,137.25,-0.09,299.16,40742.2,-1
2021-04-12,2021-04-12 14:40:00,137.25,137.25,137.12,137.12,-0.09,299.16,40742.2,-1
2021-04-12,2021-04-12 14:50:00,137.12,137.12,137.0,137.0,-0.09,299.16,40742.2,-1
2021-04-12,2021-04-12 15:00:00,137.0,140.0,134.0,137.0,0.0,299.16,40742.2,0
2021-04-13,2021-04-13 11:00:00,135.0,136.5,134.4,135.08,0.06,397.88,54630.4,1
2021-04-13,2021-04-13 11:10:00,135.08,135.17,135.08,135.17,0.07,397.88,54630.4,1
2021-04-13,2021-04-13 11:20:00,135.17,135.25,135.17,135.25,0.06,397.88,54630.4,1
2021-04-13,2021-04-13 11:30:00,135.25,135.33,135.25,135.33,0.06,397.88,54630.4,1
2021-04-13,2021-04-13 11:40:00,135.33,135.42,135.33,135.42,0.07,397.88,54630.4,1
2021-04-13,2021-04-13 11:50:00,135.42,135.5,135.42,135.5,0.06,397.88,54630.4,1
2021-04-13,2021-04-13 12:00:00,135.5,135.58,135.5,135.58,0.06,397.88,54630.4,1
2021-04-13,2021-04-13 12:10:00,135.58,135.67,135.58,135.67,0.07,397.88,54630.4,1
2021-04-13,2021-04-13 12:20:00,135.67,135.75,135.67,135.75,0.06,397.88,54630.4,1
2021-04-13,2021-04-13 12:30:00,135.75,135.83,135.75,135.83,0.06,397.88,54630.4,1
2021-04-13,2021-04-13 12:40:00,135.83,135.92,135.83,135.92,0.07,397.88,54630.4,1
2021-04-13,2021-04-13 12:50:00,135.92,136.0,135.92,136.0,0.06,397.88,54630.4,1
2021-04-13,2021-04-13 13:00:00,136.0,140.0,133.0,136.08,0.06,397.88,54630.4,1
2021-04-13,2021-04-13 13:10:00,136.08,136.17,136.08,136.17,0.07,397.88,54630.4,1
2021-04-13,2021-04-13 13:20:00,136.17,136.25,136.17,136.25,0.06,397.88,54630.4,1
2021-04-13,2021-04-13 13:30:00,136.25,136.33,136.25,136.33,0.06,397.88,54630.4,1
2021-04-13,2021-04-13 13:40:00,136.33,136.42,136.33,136.42,0.07,397.88,54630.4,1
2021-04-13,2021-04-13 13:50:00,136.42,136.5,136.42,136.5,0.06,397.88,54630.4,1
2021-04-13,2021-04-13 14:00:00,136.5,136.58,136.5,136.58,0.06,397.88,54630.4,1
2021-04-13,2021-04-13 14:10:00,136.58,136.67,136.58,136.67,0.07,397.88,54630.4,1
2021-04-13,2021-04-13 14:20:00,136.67,136.75,136.67,136.75,0.06,397.88,54630.4,1
2021-04-13,2021-04-13 14:30:00,136.75,136.83,136.75,136.83,0.06,397.88,54630.4,1
2021-04-13,2021-04-13 14:40:00,136.83,136.92,136.83,136.92,0.07,397.88,54630.4,1
2021-04-13,2021-04-13 14:50:00,136.92,137.0,136.92,137.0,0.06,397.88,54630.4,1
2021-04-13,2021-04-13 15:00:00,137.0,140.0,133.0,137.0,0.0,397.88,54630.4,0
2021-04-15,2021-04-15 11:00:00,137.0,137.6,136.4,137.04,0.03,509.12,69288.36,1
2021-04-15,2021-04-15 11:10:00,137.04,137.08,137.04,137.08,0.03,509.12,69288.36,1
2021-04-15,2021-04-15 11:20:00,137.08,137.12,137.08,137.12,0.03,509.12,69288.36,1
2021-04-15,2021-04-15 11:30:00,137.12,137.17,137.12,137.17,0.04,509.12,69288.36,1
2021-04-15,2021-04-15 11:40:00,137.17,137.21,137.17,137.21,0.03,509.12,69288.36,1
2021-04-15,2021-04-15 11:50:00,137.21,137.25,137.21,137.25,0.03,509.12,69288.36,1
2021-04-15,2021-04-15 12:00:00,137.25,137.29,137.25,137.29,0.03,509.12,69288.36,1
2021-04-15,2021-04-15 12:10:00,137.29,137.33,137.29,137.33,0.03,509.12,69288.36,1
2021-04-15,2021-04-15 12:20:00,137.33,137.38,137.33,137.38,0.04,509.12,69288.36,1
2021-04-15,2021-04-15 12:30:00,137.38,137.42,137.38,137.42,0.03,509.12,69288.36,1
2021-04-15,2021-04-15 12:40:00,137.42,137.46,137.42,137.46,0.03,509.12,69288.36,1
2021-04-15,2021-04-15 12:50:00,137.46,137.5,137.46,137.5,0.03,509.12,69288.36,1
2021-04-15,2021-04-15 13:00:00,137.5,139.0,135.0,137.54,0.03,509.12,69288.36,1
2021-04-15,2021-04-15 13:10:00,137.54,137.58,137.54,137.58,0.03,509.12,69288.36,1
2021-04-15,2021-04-15 13:20:00,137.58,137.62,137.58,137.62,0.03,509.12,69288.36,1
2021-04-15,2021-04-15 13:30:00,137.62,137.67,137.62,137.67,0.04,509.12,69288.36,1
2021-04-15,2021-04-15 13:40:00,137.67,137.71,137.67,137.71,0.03,509.12,69288.36,1
2021-04-15,2021-04-15 13:50:00,137.71,137.75,137.71,137.75,0.03,509.12,69288.36,1
2021-04-15,2021-04-15 14:00:00,137.75,137.79,137.75,137.79,0.03,509.12,69288.36,1
2021-04-15,2021-04-15 14:10:00,137.79,137.83,137.79,137.83,0.03,509.12,69288.36,1
2021-04-15,2021-04-15 14:20:00,137.83,137.88,137.83,137.88,0.04,509.12,69288.36,1
2021-04-15,2021-04-15 14:30:00,137.88,137.92,137.88,137.92,0.03,509.12,69288.36,1
2021-04-15,2021-04-15 14:40:00,137.92,137.96,137.92,137.96,0.03,509.12,69288.36,1
2021-04-15,2021-04-15 14:50:00,137.96,138.0,137.96,138.0,0.03,509.12,69288.36,1
2021-04-15,2021-04-15 15:00:00,138.0,139.0,135.0,138.0,0.0,509.12,69288.36,0
2021-04-18,2021-04-18 11:00:00,140.0,143.0,138.2,140.21,0.15,1945.92,276630.36,1
2021-04-18,2021-04-18 11:10:00,140.21,140.42,140.21,140.42,0.15,1945.92,276630.36,1
2021-04-18,2021-04-18 11:20:00,140.42,140.62,140.42,140.62,0.14,1945.92,276630.36,1
2021-04-18,2021-04-18 11:30:00,140.62,140.83,140.62,140.83,0.15,1945.92,276630.36,1
2021-04-18,2021-04-18 11:40:00,140.83,141.04,140.83,141.04,0.15,1945.92,276630.36,1
2021-04-18,2021-04-18 11:50:00,141.04,141.25,141.04,141.25,0.15,1945.92,276630.36,1
2021-04-18,2021-04-18 12:00:00,141.25,141.46,141.25,141.46,0.15,1945.92,276630.36,1
2021-04-18,2021-04-18 12:10:00,141.46,141.67,141.46,141.67,0.15,1945.92,276630.36,1
2021-04-18,2021-04-18 12:20:00,141.67,141.88,141.67,141.88,0.15,1945.92,276630.36,1
2021-04-18,2021-04-18 12:30:00,141.88,142.08,141.88,142.08,0.14,1945.92,276630.36,1
2021-04-18,2021-04-18 12:40:00,142.08,142.29,142.08,142.29,0.15,1945.92,276630.36,1
2021-04-18,2021-04-18 12:50:00,142.29,142.5,142.29,142.5,0.15,1945.92,276630.36,1
2021-04-18,2021-04-18 13:00:00,142.5,150.0,134.0,142.71,0.15,1945.92,276630.36,1
2021-04-18,2021-04-18 13:10:00,142.71,142.92,142.71,142.92,0.15,1945.92,276630.36,1
2021-04-18,2021-04-18 13:20:00,142.92,143.12,142.92,143.12,0.14,1945.92,276630.36,1
2021-04-18,2021-04-18 13:30:00,143.12,143.33,143.12,143.33,0.15,1945.92,276630.36,1
2021-04-18,2021-04-18 13:40:00,143.33,143.54,143.33,143.54,0.15,1945.92,276630.36,1
2021-04-18,2021-04-18 13:50:00,143.54,143.75,143.54,143.75,0.15,1945.92,276630.36,1
2021-04-18,2021-04-18 14:00:00,143.75,143.96,143.75,143.96,0.15,1945.92,276630.36,1
2021-04-18,2021-04-18 14:10:00,143.96,144.17,143.96,144.17,0.15,1945.92,276630.36,1
2021-04-18,2021-04-18 14:20:00,144.17,144.38,144.17,144.38,0.15,1945.92,276630.36,1
2021-04-18,2021-04-18 14:30:00,144.38,144.58,144.38,144.58,0.14,1945.92,276630.36,1
2021-04-18,2021-04-18 14:40:00,144.58,144.79,144.58,144.79,0.15,1945.92,276630.36,1
2021-04-18,2021-04-18 14:50:00,144.79,145.0,144.79,145.0,0.15,1945.92,276630.36,1
2021-04-18,2021-04-18 15:00:00,145.0,150.0,134.0,145.0,0.0,1945.92,276630.36,0
2021-04-19,2021-04-19 11:00:00,145.0,145.0,142.9,144.83,-0.12,828.6,116838.2,-1
2021-04-19,2021-04-19 11:10:00,144.83,144.83,144.67,144.67,-0.11,828.6,116838.2,-1
2021-04-19,2021-04-19 11:20:00,144.67,144.67,144.5,144.5,-0.12,828.6,116838.2,-1
2021-04-19,2021-04-19 11:30:00,144.5,144.5,144.33,144.33,-0.12,828.6,116838.2,-1
2021-04-19,2021-04-19 11:40:00,144.33,144.33,144.17,144.17,-0.11,828.6,116838.2,-1
2021-04-19,2021-04-19 11:50:00,144.17,144.17,144.0,144.0,-0.12,828.6,116838.2,-1
2021-04-19,2021-04-19 12:00:00,144.0,144.0,143.83,143.83,-0.12,828.6,116838.2,-1
2021-04-19,2021-04-19 12:10:00,143.83,143.83,143.67,143.67,-0.11,828.6,116838.2,-1
2021-04-19,2021-04-19 12:20:00,143.67,143.67,143.5,143.5,-0.12,828.6,116838.2,-1
2021-04-19,2021-04-19 12:30:00,143.5,143.5,143.33,143.33,-0.12,828.6,116838.2,-1
2021-04-19,2021-04-19 12:40:00,143.33,143.33,143.17,143.17,-0.11,828.6,116838.2,-1
2021-04-19,2021-04-19 12:50:00,143.17,143.17,143.0,143.0,-0.12,828.6,116838.2,-1
2021-04-19,2021-04-19 13:00:00,143.0,145.0,138.0,142.83,-0.12,828.6,116838.2,-1
2021-04-19,2021-04-19 13:10:00,142.83,142.83,142.67,142.67,-0.11,828.6,116838.2,-1
2021-04-19,2021-04-19 13:20:00,142.67,142.67,142.5,142.5,-0.12,828.6,116838.2,-1
2021-04-19,2021-04-19 13:30:00,142.5,142.5,142.33,142.33,-0.12,828.6,116838.2,-1
2021-04-19,2021-04-19 13:40:00,142.33,142.33,142.17,142.17,-0.11,828.6,116838.2,-1
2021-04-19,2021-04-19 13:50:00,142.17,142.17,142.0,142.0,-0.12,828.6,116838.2,-1
2021-04-19,2021-04-19 14:00:00,142.0,142.0,141.83,141.83,-0.12,828.6,116838.2,-1
2021-04-19,2021-04-19 14:10:00,141.83,141.83,141.67,141.67,-0.11,828.6,116838.2,-1
2021-04-19,2021-04-19 14:20:00,141.67,141.67,141.5,141.5,-0.12,828.6,116838.2,-1
2021-04-19,2021-04-19 14:30:00,141.5,141.5,141.33,141.33,-0.12,828.6,116838.2,-1
2021-04-19,2021-04-19 14:40:00,141.33,141.33,141.17,141.17,-0.11,828.6,116838.2,-1
2021-04-19,2021-04-19 14:50:00,141.17,141.17,141.0,141.0,-0.12,828.6,116838.2,-1
2021-04-19,2021-04-19 15:00:00,141.0,145.0,138.0,141.0,0.0,828.6,116838.2,0
2021-04-20,2021-04-20 11:00:00,141.0,141.0,140.1,140.96,-0.03,272.2,37859.2,-1
2021-04-20,2021-04-20 11:10:00,140.96,140.96,140.92,140.92,-0.03,272.2,37859.2,-1
2021-04-20,2021-04-20 11:20:00,140.92,140.92,140.88,140.88,-0.03,272.2,37859.2,-1
2021-04-20,2021-04-20 11:30:00,140.88,140.88,140.83,140.83,-0.04,272.2,37859.2,-1
2021-04-20,2021-04-20 11:40:00,140.83,140.83,140.79,140.79,-0.03,272.2,37859.2,-1
2021-04-20,2021-04-20 11:50:00,140.79,140.79,140.75,140.75,-0.03,272.2,37859.2,-1
2021-04-20,2021-04-20 12:00:00,140.75,140.75,140.71,140.71,-0.03,272.2,37859.2,-1
2021-04-20,2021-04-20 12:10:00,140.71,140.71,140.67,140.67,-0.03,272.2,37859.2,-1
2021-04-20,2021-04-20 12:20:00,140.67,140.67,140.62,140.62,-0.04,272.2,37859.2,-1
2021-04-20,2021-04-20 12:30:00,140.62,140.62,140.58,140.58,-0.03,272.2,37859.2,-1
2021-04-20,2021-04-20 12:40:00,140.58,140.58,140.54,140.54,-0.03,272.2,37859.2,-1
2021-04-20,2021-04-20 12:50:00,140.54,140.54,140.5,140.5,-0.03,272.2,37859.2,-1
2021-04-20,2021-04-20 13:00:00,140.5,141.0,138.0,140.46,-0.03,272.2,37859.2,-1
2021-04-20,2021-04-20 13:10:00,140.46,140.46,140.42,140.42,-0.03,272.2,37859.2,-1
2021-04-20,2021-04-20 13:20:00,140.42,140.42,140.38,140.38,-0.03,272.2,37859.2,-1
2021-04-20,2021-04-20 13:30:00,140.38,140.38,140.33,140.33,-0.04,272.2,37859.2,-1
2021-04-20,2021-04-20 13:40:00,140.33,140.33,140.29,140.29,-0.03,272.2,37859.2,-1
2021-04-20,2021-04-20 13:50:00,140.29,140.29,140.25,140.25,-0.03,272.2,37859.2,-1
2021-04-20,2021-04-20 14:00:00,140.25,140.25,140.21,140.21,-0.03,272.2,37859.2,-1
2021-04-20,2021-04-20 14:10:00,140.21,140.21,140.17,140.17,-0.03,272.2,37859.2,-1
2021-04-20,2021-04-20 14:20:00,140.17,140.17,140.12,140.12,-0.04,272.2,37859.2,-1
2021-04-20,2021-04-20 14:30:00,140.12,140.12,140.08,140.08,-0.03,272.2,37859.2,-1
2021-04-20,2021-04-20 14:40:00,140.08,140.08,140.04,140.04,-0.03,272.2,37859.2,-1
2021-04-20,2021-04-20 14:50:00,140.04,140.04,140.0,140.0,-0.03,272.2,37859.2,-1
2021-04-20,2021-04-20 15:00:00,140.0,141.0,138.0,140.0,0.0,272.2,37859.2,0
2021-04-21,2021-04-21 11:00:00,139.0,140.2,139.0,139.04,0.03,912.88,129255.64,1
2021-04-21,2021-04-21 11:10:00,139.04,139.08,139.04,139.08,0.03,912.88,129255.64,1
2021-04-21,2021-04-21 11:20:00,139.08,139.12,139.08,139.12,0.03,912.88,129255.64,1
2021-04-21,2021-04-21 11:30:00,139.12,139.17,139.12,139.17,0.04,912.88,129255.64,1
2021-04-21,2021-04-21 11:40:00,139.17,139.21,139.17,139.21,0.03,912.88,129255.64,1
2021-04-21,2021-04-21 11:50:00,139.21,139.25,139.21,139.25,0.03,912.88,129255.64,1
2021-04-21,2021-04-21 12:00:00,139.25,139.29,139.25,139.29,0.03,912.88,129255.64,1
2021-04-21,2021-04-21 12:10:00,139.29,139.33,139.29,139.33,0.03,912.88,129255.64,1
2021-04-21,2021-04-21 12:20:00,139.33,139.38,139.33,139.38,0.04,912.88,129255.64,1
2021-04-21,2021-04-21 12:30:00,139.38,139.42,139.38,139.42,0.03,912.88,129255.64,1
2021-04-21,2021-04-21 12:40:00,139.42,139.46,139.42,139.46,0.03,912.88,129255.64,1
2021-04-21,2021-04-21 12:50:00,139.46,139.5,139.46,139.5,0.03,912.88,129255.64,1
2021-04-21,2021-04-21 13:00:00,139.5,143.0,139.0,139.54,0.03,912.88,129255.64,1
2021-04-21,2021-04-21 13:10:00,139.54,139.58,139.54,139.58,0.03,912.88,129255.64,1
2021-04-21,2021-04-21 13:20:00,139.58,139.62,139.58,139.62,0.03,912.88,129255.64,1
2021-04-21,2021-04-21 13:30:00,139.62,139.67,139.62,139.67,0.04,912.88,129255.64,1
2021-04-21,2021-04-21 13:40:00,139.67,139.71,139.67,139.71,0.03,912.88,129255.64,1
2021-04-21,2021-04-21 13:50:00,139.71,139.75,139.71,139.75,0.03,912.88,129255.64,1
2021-04-21,2021-04-21 14:00:00,139.75,139.79,139.75,139.79,0.03,912.88,129255.64,1
2021-04-21,2021-04-21 14:10:00,139.79,139.83,139.79,139.83,0.03,912.88,129255.64,1
2021-04-21,2021-04-21 14:20:00,139.83,139.88,139.83,139.88,0.04,912.88,129255.64,1
2021-04-21,2021-04-21 14:30:00,139.88,139.92,139.88,139.92,0.03,912.88,129255.64,1
2021-04-21,2021-04-21 14:40:00,139.92,139.96,139.92,139.96,0.03,912.88,129255.64,1
2021-04-21,2021-04-21 14:50:00,139.96,140.0,139.96,140.0,0.03,912.88,129255.64,1
2021-04-21,2021-04-21 15:00:00,140.0,143.0,139.0,140.0,0.0,912.88,129255.64,0
2021-04-22,2021-04-22 11:00:00,145.0,145.0,142.9,144.83,-0.12,516.08,72116.04,-1
2021-04-22,2021-04-22 11:10:00,144.83,144.83,144.67,144.67,-0.11,516.08,72116.04,-1
2021-04-22,2021-04-22 11:20:00,144.67,144.67,144.5,144.5,-0.12,516.08,72116.04,-1
2021-04-22,2021-04-22 11:30:00,144.5,144.5,144.33,144.33,-0.12,516.08,72116.04,-1
2021-04-22,2021-04-22 11:40:00,144.33,144.33,144.17,144.17,-0.11,516.08,72116.04,-1
2021-04-22,2021-04-22 11:50:00,144.17,144.17,144.0,144.0,-0.12,516.08,72116.04,-1
2021-04-22,2021-04-22 12:00:00,144.0,144.0,143.83,143.83,-0.12,516.08,72116.04,-1
2021-04-22,2021-04-22 12:10:00,143.83,143.83,143.67,143.67,-0.11,516.08,72116.04,-1
2021-04-22,2021-04-22 12:20:00,143.67,143.67,143.5,143.5,-0.12,516.08,72116.04,-1
2021-04-22,2021-04-22 12:30:00,143.5,143.5,143.33,143.33,-0.12,516.08,72116.04,-1
2021-04-22,2021-04-22 12:40:00,143.33,143.33,143.17,143.17,-0.11,516.08,72116.04,-1
2021-04-22,2021-04-22 12:50:00,143.17,143.17,143.0,143.0,-0.12,516.08,72116.04,-1
2021-04-22,2021-04-22 13:00:00,143.0,145.0,138.0,142.83,-0.12,516.08,72116.04,-1
2021-04-22,2021-04-22 13:10:00,142.83,142.83,142.67,142.67,-0.11,516.08,72116.04,-1
2021-04-22,2021-04-22 13:20:00,142.67,142.67,142.5,142.5,-0.12,516.08,72116.04,-1
2021-04-22,2021-04-22 13:30:00,142.5,142.5,142.33,142.33,-0.12,516.08,72116.04,-1
2021-04-22,2021-04-22 13:40:00,142.33,142.33,142.17,142.17,-0.11,516.08,72116.04,-1
2021-04-22,2021-04-22 13:50:00,142.17,142.17,142.0,142.0,-0.12,516.08,72116.04,-1
2021-04-22,2021-04-22 14:00:00,142.0,142.0,141.83,141.83,-0.12,516.08,72116.04,-1
2021-04-22,2021-04-22 14:10:00,141.83,141.83,141.67,141.67,-0.11,516.08,72116.04,-1
2021-04-22,2021-04-22 14:20:00,141.67,141.67,141.5,141.5,-0.12,516.08,72116.04,-1
2021-04-22,2021-04-22 14:30:00,141.5,141.5,141.33,141.33,-0.12,516.08,72116.04,-1
2021-04-22,2021-04-22 14:40:00,141.33,141.33,141.17,141.17,-0.11,516.08,72116.04,-1
2021-04-22,2021-04-22 14:50:00,141.17,141.17,141.0,141.0,-0.12,516.08,72116.04,-1
2021-04-22,2021-04-22 15:00:00,141.0,145.0,138.0,141.0,0.0,516.08,72116.04,0
2021-04-25,2021-04-25 11:00:00,141.0,141.0,138.0,140.83,-0.12,864.2,116133.4,-1
2021-04-25,2021-04-25 11:10:00,140.83,140.83,140.67,140.67,-0.11,864.2,116133.4,-1
2021-04-25,2021-04-25 11:20:00,140.67,140.67,140.5,140.5,-0.12,864.2,116133.4,-1
2021-04-25,2021-04-25 11:30:00,140.5,140.5,140.33,140.33,-0.12,864.2,116133.4,-1
2021-04-25,2021-04-25 11:40:00,140.33,140.33,140.17,140.17,-0.11,864.2,116133.4,-1
2021-04-25,2021-04-25 11:50:00,140.17,140.17,140.0,140.0,-0.12,864.2,116133.4,-1
2021-04-25,2021-04-25 12:00:00,140.0,140.0,139.83,139.83,-0.12,864.2,116133.4,-1
2021-04-25,2021-04-25 12:10:00,139.83,139.83,139.67,139.67,-0.11,864.2,116133.4,-1
2021-04-25,2021-04-25 12:20:00,139.67,139.67,139.5,139.5,-0.12,864.2,116133.4,-1
2021-04-25,2021-04-25 12:30:00,139.5,139.5,139.33,139.33,-0.12,864.2,116133.4,-1
2021-04-25,2021-04-25 12:40:00,139.33,139.33,139.17,139.17,-0.11,864.2,116133.4,-1
2021-04-25,2021-04-25 12:50:00,139.17,139.17,139.0,139.0,-0.12,864.2,116133.4,-1
2021-04-25,2021-04-25 13:00:00,139.0,141.0,131.0,138.83,-0.12,864.2,116133.4,-1
2021-04-25,2021-04-25 13:10:00,138.83,138.83,138.67,138.67,-0.12,864.2,116133.4,-1
2021-04-25,2021-04-25 13:20:00,138.67,138.67,138.5,138.5,-0.12,864.2,116133.4,-1
2021-04-25,2021-04-25 13:30:00,138.5,138.5,138.33,138.33,-0.12,864.2,116133.4,-1
2021-04-25,2021-04-25 13:40:00,138.33,138.33,138.17,138.17,-0.12,864.2,116133.4,-1
2021-04-25,2021-04-25 13:50:00,138.17,138.17,138.0,138.0,-0.12,864.2,116133.4,-1
2021-04-25,2021-04-25 14:00:00,138.0,138.0,137.83,137.83,-0.12,864.2,116133.4,-1
2021-04-25,2021-04-25 14:10:00,137.83,137.83,137.67,137.67,-0.12,864.2,116133.4,-1
2021-04-25,2021-04-25 14:20:00,137.67,137.67,137.5,137.5,-0.12,864.2,116133.4,-1
2021-04-25,2021-04-25 14:30:00,137.5,137.5,137.33,137.33,-0.12,864.2,116133.4,-1
2021-04-25,2021-04-25 14:40:00,137.33,137.33,137.17,137.17,-0.12,864.2,116133.4,-1
2021-04-25,2021-04-25 14:50:00,137.17,137.17,137.0,137.0,-0.12,864.2,116133.4,-1
2021-04-25,2021-04-25 15:00:00,137.0,141.0,131.0,137.0,0.0,864.2,116133.4,0
2021-04-26,2021-04-26 11:00:00,138.0,138.3,135.6,137.67,-0.24,559.52,73914.36,-1
2021-04-26,2021-04-26 11:10:00,137.67,137.67,137.33,137.33,-0.25,559.52,73914.36,-1
2021-04-26,2021-04-26 11:20:00,137.33,137.33,137.0,137.0,-0.24,559.52,73914.36,-1
2021-04-26,2021-04-26 11:30:00,137.0,137.0,136.67,136.67,-0.24,559.52,73914.36,-1
2021-04-26,2021-04-26 11:40:00,136.67,136.67,136.33,136.33,-0.25,559.52,73914.36,-1
2021-04-26,2021-04-26 11:50:00,136.33,136.33,136.0,136.0,-0.24,559.52,73914.36,-1
2021-04-26,2021-04-26 12:00:00,136.0,136.0,135.67,135.67,-0.24,559.52,73914.36,-1
2021-04-26,2021-04-26 12:10:00,135.67,135.67,135.33,135.33,-0.25,559.52,73914.36,-1
2021-04-26,2021-04-26 12:20:00,135.33,135.33,135.0,135.0,-0.24,559.52,73914.36,-1
2021-04-26,2021-04-26 12:30:00,135.0,135.0,134.67,134.67,-0.24,559.52,73914.36,-1
2021-04-26,2021-04-26 12:40:00,134.67,134.67,134.33,134.33,-0.25,559.52,73914.36,-1
2021-04-26,2021-04-26 12:50:00,134.33,134.33,134.0,134.0,-0.25,559.52,73914.36,-1
2021-04-26,2021-04-26 13:00:00,134.0,139.0,130.0,133.67,-0.25,559.52,73914.36,-1
2021-04-26,2021-04-26 13:10:00,133.67,133.67,133.33,133.33,-0.25,559.52,73914.36,-1
2021-04-26,2021-04-26 13:20:00,133.33,133.33,133.0,133.0,-0.25,559.52,73914.36,-1
2021-04-26,2021-04-26 13:30:00,133.0,133.0,132.67,132.67,-0.25,559.52,73914.36,-1
2021-04-26,2021-04-26 13:40:00,132.67,132.67,132.33,132.33,-0.26,559.52,73914.36,-1
2021-04-26,2021-04-26 13:50:00,132.33,132.33,132.0,132.0,-0.25,559.52,73914.36,-1
2021-04-26,2021-04-26 14:00:00,132.0,132.0,131.67,131.67,-0.25,559.52,73914.36,-1
2021-04-26,2021-04-26 14:10:00,131.67,131.67,131.33,131.33,-0.26,559.52,73914.36,-1
2021-04-26,2021-04-26 14:20:00,131.33,131.33,131.0,131.0,-0.25,559.52,73914.36,-1
2021-04-26,2021-04-26 14:30:00,131.0,131.0,130.67,130.67,-0.25,559.52,73914.36,-1
2021-04-26,2021-04-26 14:40:00,130.67,130.67,130.33,130.33,-0.26,559.52,73914.36,-1
2021-04-26,2021-04-26 14:50:00,130.33,130.33,130.0,130.0,-0.25,559.52,73914.36,-1
2021-04-26,2021-04-26 15:00:00,130.0,139.0,130.0,130.0,0.0,559.52,73914.36,0
2021-04-27,2021-04-27 11:00:00,130.0,132.7,130.0,130.29,0.22,205.4,27748.8,1
2021-04-27,2021-04-27 11:10:00,130.29,130.58,130.29,130.58,0.22,205.4,27748.8,1
2021-04-27,2021-04-27 11:20:00,130.58,130.88,130.58,130.88,0.23,205.4,27748.8,1
2021-04-27,2021-04-27 11:30:00,130.88,131.17,130.88,131.17,0.22,205.4,27748.8,1
2021-04-27,2021-04-27 11:40:00,131.17,131.46,131.17,131.46,0.22,205.4,27748.8,1
2021-04-27,2021-04-27 11:50:00,131.46,131.75,131.46,131.75,0.22,205.4,27748.8,1
2021-04-27,2021-04-27 12:00:00,131.75,132.04,131.75,132.04,0.22,205.4,27748.8,1
2021-04-27,2021-04-27 12:10:00,132.04,132.33,132.04,132.33,0.22,205.4,27748.8,1
2021-04-27,2021-04-27 12:20:00,132.33,132.62,132.33,132.62,0.22,205.4,27748.8,1
2021-04-27,2021-04-27 12:30:00,132.62,132.92,132.62,132.92,0.23,205.4,27748.8,1
2021-04-27,2021-04-27 12:40:00,132.92,133.21,132.92,133.21,0.22,205.4,27748.8,1
2021-04-27,2021-04-27 12:50:00,133.21,133.5,133.21,133.5,0.22,205.4,27748.8,1
2021-04-27,2021-04-27 13:00:00,133.5,139.0,130.0,133.79,0.22,205.4,27748.8,1
2021-04-27,2021-04-27 13:10:00,133.79,134.08,133.79,134.08,0.22,205.4,27748.8,1
2021-04-27,2021-04-27 13:20:00,134.08,134.38,134.08,134.38,0.22,205.4,27748.8,1
2021-04-27,2021-04-27 13:30:00,134.38,134.67,134.38,134.67,0.22,205.4,27748.8,1
2021-04-27,2021-04-27 13:40:00,134.67,134.96,134.67,134.96,0.22,205.4,27748.8,1
2021-04-27,2021-04-27 13:50:00,134.96,135.25,134.96,135.25,0.21,205.4,27748.8,1
2021-04-27,2021-04-27 14:00:00,135.25,135.54,135.25,135.54,0.21,205.4,27748.8,1
2021-04-27,2021-04-27 14:10:00,135.54,135.83,135.54,135.83,0.21,205.4,27748.8,1
2021-04-27,2021-04-27 14:20:00,135.83,136.12,135.83,136.12,0.21,205.4,27748.8,1
2021-04-27,2021-04-27 14:30:00,136.12,136.42,136.12,136.42,0.22,205.4,27748.8,1
2021-04-27,2021-04-27 14:40:00,136.42,136.71,136.42,136.71,0.21,205.4,27748.8,1
2021-04-27,2021-04-27 14:50:00,136.71,137.0,136.71,137.0,0.21,205.4,27748.8,1
2021-04-27,2021-04-27 15:00:00,137.0,139.0,130.0,137.0,0.0,205.4,27748.8,0
2021-04-28,2021-04-28 11:00:00,139.0,139.0,136.6,138.79,-0.15,417.8,55722.6,-1
2021-04-28,2021-04-28 11:10:00,138.79,138.79,138.58,138.58,-0.15,417.8,55722.6,-1
2021-04-28,2021-04-28 11:20:00,138.58,138.58,138.38,138.38,-0.14,417.8,55722.6,-1
2021-04-28,2021-04-28 11:30:00,138.38,138.38,138.17,138.17,-0.15,417.8,55722.6,-1
2021-04-28,2021-04-28 11:40:00,138.17,138.17,137.96,137.96,-0.15,417.8,55722.6,-1
2021-04-28,2021-04-28 11:50:00,137.96,137.96,137.75,137.75,-0.15,417.8,55722.6,-1
2021-04-28,2021-04-28 12:00:00,137.75,137.75,137.54,137.54,-0.15,417.8,55722.6,-1
2021-04-28,2021-04-28 12:10:00,137.54,137.54,137.33,137.33,-0.15,417.8,55722.6,-1
2021-04-28,2021-04-28 12:20:00,137.33,137.33,137.12,137.12,-0.15,417.8,55722.6,-1
2021-04-28,2021-04-28 12:30:00,137.12,137.12,136.92,136.92,-0.15,417.8,55722.6,-1
2021-04-28,2021-04-28 12:40:00,136.92,136.92,136.71,136.71,-0.15,417.8,55722.6,-1
2021-04-28,2021-04-28 12:50:00,136.71,136.71,136.5,136.5,-0.15,417.8,55722.6,-1
2021-04-28,2021-04-28 13:00:00,136.5,139.0,131.0,136.29,-0.15,417.8,55722.6,-1
2021-04-28,2021-04-28 13:10:00,136.29,136.29,136.08,136.08,-0.15,417.8,55722.6,-1
2021-04-28,2021-04-28 13:20:00,136.08,136.08,135.88,135.88,-0.15,417.8,55722.6,-1
2021-04-28,2021-04-28 13:30:00,135.88,135.88,135.67,135.67,-0.15,417.8,55722.6,-1
2021-04-28,2021-04-28 13:40:00,135.67,135.67,135.46,135.46,-0.15,417.8,55722.6,-1
2021-04-28,2021-04-28 13:50:00,135.46,135.46,135.25,135.25,-0.16,417.8,55722.6,-1
2021-04-28,2021-04-28 14:00:00,135.25,135.25,135.04,135.04,-0.16,417.8,55722.6,-1
2021-04-28,2021-04-28 14:10:00,135.04,135.04,134.83,134.83,-0.16,417.8,55722.6,-1
2021-04-28,2021-04-28 14:20:00,134.83,134.83,134.62,134.62,-0.16,417.8,55722.6,-1
2021-04-28,2021-04-28 14:30:00,134.62,134.62,134.42,134.42,-0.15,417.8,55722.6,-1
2021-04-28,2021-04-28 14:40:00,134.42,134.42,134.21,134.21,-0.16,417.8,55722.6,-1
2021-04-28,2021-04-28 14:50:00,134.21,134.21,134.0,134.0,-0.16,417.8,55722.6,-1
2021-04-28,2021-04-28 15:00:00,134.0,139.0,131.0,134.0,0.0,417.8,55722.6,0
2021-04-29,2021-04-29 11:00:00,136.0,137.2,135.4,136.0,0.0,266.0,36055.68,0
2021-04-29,2021-04-29 11:10:00,136.0,136.0,136.0,136.0,0.0,266.0,36055.68,0
2021-04-29,2021-04-29 11:20:00,136.0,136.0,136.0,136.0,0.0,266.0,36055.68,0
2021-04-29,2021-04-29 11:30:00,136.0,136.0,136.0,136.0,0.0,266.0,36055.68,0
2021-04-29,2021-04-29 11:40:00,136.0,136.0,136.0,136.0,0.0,266.0,36055.68,0
2021-04-29,2021-04-29 11:50:00,136.0,136.0,136.0,136.0,0.0,266.0,36055.68,0
2021-04-29,2021-04-29 12:00:00,136.0,136.0,136.0,136.0,0.0,266.0,36055.68,0
2021-04-29,2021-04-29 12:10:00,136.0,136.0,136.0,136.0,0.0,266.0,36055.68,0
2021-04-29,2021-04-29 12:20:00,136.0,136.0,136.0,136.0,0.0,266.0,36055.68,0
2021-04-29,2021-04-29 12:30:00,136.0,136.0,136.0,136.0,0.0,266.0,36055.68,0
2021-04-29,2021-04-29 12:40:00,136.0,136.0,136.0,136.0,0.0,266.0,36055.68,0
2021-04-29,2021-04-29 12:50:00,136.0,136.0,136.0,136.0,0.0,266.0,36055.68,0
2021-04-29,2021-04-29 13:00:00,136.0,140.0,134.0,136.0,0.0,266.0,36055.68,0
2021-04-29,2021-04-29 13:10:00,136.0,136.0,136.0,136.0,0.0,266.0,36055.68,0
2021-04-29,2021-04-29 13:20:00,136.0,136.0,136.0,136.0,0.0,266.0,36055.68,0
2021-04-29,2021-04-29 13:30:00,136.0,136.0,136.0,136.0,0.0,266.0,36055.68,0
2021-04-29,2021-04-29 13:40:00,136.0,136.0,136.0,136.0,0.0,266.0,36055.68,0
2021-04-29,2021-04-29 13:50:00,136.0,136.0,136.0,136.0,0.0,266.0,36055.68,0
2021-04-29,2021-04-29 14:00:00,136.0,136.0,136.0,136.0,0.0,266.0,36055.68,0
2021-04-29,2021-04-29 14:10:00,136.0,136.0,136.0,136.0,0.0,266.0,36055.68,0
2021-04-29,2021-04-29 14:20:00,136.0,136.0,136.0,136.0,0.0,266.0,36055.68,0
2021-04-29,2021-04-29 14:30:00,136.0,136.0,136.0,136.0,0.0,266.0,36055.68,0
2021-04-29,2021-04-29 14:40:00,136.0,136.0,136.0,136.0,0.0,266.0,36055.68,0
2021-04-29,2021-04-29 14:50:00,136.0,136.0,136.0,136.0,0.0,266.0,36055.68,0
2021-04-29,2021-04-29 15:00:00,136.0,140.0,134.0,136.0,0.0,266.0,36055.68,0
2021-05-02,2021-05-02 11:00:00,138.0,138.6,136.8,137.96,-0.03,225.28,30916.56,-1
2021-05-02,2021-05-02 11:10:00,137.96,137.96,137.92,137.92,-0.03,225.28,30916.56,-1
2021-05-02,2021-05-02 11:20:00,137.92,137.92,137.88,137.88,-0.03,225.28,30916.56,-1
2021-05-02,2021-05-02 11:30:00,137.88,137.88,137.83,137.83,-0.04,225.28,30916.56,-1
2021-05-02,2021-05-02 11:40:00,137.83,137.83,137.79,137.79,-0.03,225.28,30916.56,-1
2021-05-02,2021-05-02 11:50:00,137.79,137.79,137.75,137.75,-0.03,225.28,30916.56,-1
2021-05-02,2021-05-02 12:00:00,137.75,137.75,137.71,137.71,-0.03,225.28,30916.56,-1
2021-05-02,2021-05-02 12:10:00,137.71,137.71,137.67,137.67,-0.03,225.28,30916.56,-1
2021-05-02,2021-05-02 12:20:00,137.67,137.67,137.62,137.62,-0.04,225.28,30916.56,-1
2021-05-02,2021-05-02 12:30:00,137.62,137.62,137.58,137.58,-0.03,225.28,30916.56,-1
2021-05-02,2021-05-02 12:40:00,137.58,137.58,137.54,137.54,-0.03,225.28,30916.56,-1
2021-05-02,2021-05-02 12:50:00,137.54,137.54,137.5,137.5,-0.03,225.28,30916.56,-1
2021-05-02,2021-05-02 13:00:00,137.5,140.0,134.0,137.46,-0.03,225.28,30916.56,-1
2021-05-02,2021-05-02 13:10:00,137.46,137.46,137.42,137.42,-0.03,225.28,30916.56,-1
2021-05-02,2021-05-02 13:20:00,137.42,137.42,137.38,137.38,-0.03,225.28,30916.56,-1
2021-05-02,2021-05-02 13:30:00,137.38,137.38,137.33,137.33,-0.04,225.28,30916.56,-1
2021-05-02,2021-05-02 13:40:00,137.33,137.33,137.29,137.29,-0.03,225.28,30916.56,-1
2021-05-02,2021-05-02 13:50:00,137.29,137.29,137.25,137.25,-0.03,225.28,30916.56,-1
2021-05-02,2021-05-02 14:00:00,137.25,137.25,137.21,137.21,-0.03,225.28,30916.56,-1
2021-05-02,2021-05-02 14:10:00,137.21,137.21,137.17,137.17,-0.03,225.28,30916.56,-1
2021-05-02,2021-05-02 14:20:00,137.17,137.17,137.12,137.12,-0.04,225.28,30916.56,-1
2021-05-02,2021-05-02 14:30:00,137.12,137.12,137.08,137.08,-0.03,225.28,30916.56,-1
2021-05-02,2021-05-02 14:40:00,137.08,137.08,137.04,137.04,-0.03,225.28,30916.56,-1
2021-05-02,2021-05-02 14:50:00,137.04,137.04,137.0,137.0,-0.03,225.28,30916.56,-1
2021-05-02,2021-05-02 15:00:00,137.0,140.0,134.0,137.0,0.0,225.28,30916.56,0
2021-05-03,2021-05-03 11:00:00,143.0,143.0,140.6,142.75,-0.17,545.4,74265.12,-1
2021-05-03,2021-05-03 11:10:00,142.75,142.75,142.5,142.5,-0.18,545.4,74265.12,-1
2021-05-03,2021-05-03 11:20:00,142.5,142.5,142.25,142.25,-0.18,545.4,74265.12,-1
2021-05-03,2021-05-03 11:30:00,142.25,142.25,142.0,142.0,-0.18,545.4,74265.12,-1
2021-05-03,2021-05-03 11:40:00,142.0,142.0,141.75,141.75,-0.18,545.4,74265.12,-1
2021-05-03,2021-05-03 11:50:00,141.75,141.75,141.5,141.5,-0.18,545.4,74265.12,-1
2021-05-03,2021-05-03 12:00:00,141.5,141.5,141.25,141.25,-0.18,545.4,74265.12,-1
2021-05-03,2021-05-03 12:10:00,141.25,141.25,141.0,141.0,-0.18,545.4,74265.12,-1
2021-05-03,2021-05-03 12:20:00,141.0,141.0,140.75,140.75,-0.18,545.4,74265.12,-1
2021-05-03,2021-05-03 12:30:00,140.75,140.75,140.5,140.5,-0.18,545.4,74265.12,-1
2021-05-03,2021-05-03 12:40:00,140.5,140.5,140.25,140.25,-0.18,545.4,74265.12,-1
2021-05-03,2021-05-03 12:50:00,140.25,140.25,140.0,140.0,-0.18,545.4,74265.12,-1
2021-05-03,2021-05-03 13:00:00,140.0,143.0,135.0,139.75,-0.18,545.4,74265.12,-1
2021-05-03,2021-05-03 13:10:00,139.75,139.75,139.5,139.5,-0.18,545.4,74265.12,-1
2021-05-03,2021-05-03 13:20:00,139.5,139.5,139.25,139.25,-0.18,545.4,74265.12,-1
2021-05-03,2021-05-03 13:30:00,139.25,139.25,139.0,139.0,-0.18,545.4,74265.12,-1
2021-05-03,2021-05-03 13:40:00,139.0,139.0,138.75,138.75,-0.18,545.4,74265.12,-1
2021-05-03,2021-05-03 13:50:00,138.75,138.75,138.5,138.5,-0.18,545.4,74265.12,-1
2021-05-03,2021-05-03 14:00:00,138.5,138.5,138.25,138.25,-0.18,545.4,74265.12,-1
2021-05-03,2021-05-03 14:10:00,138.25,138.25,138.0,138.0,-0.18,545.4,74265.12,-1
2021-05-03,2021-05-03 14:20:00,138.0,138.0,137.75,137.75,-0.18,545.4,74265.12,-1
2021-05-03,2021-05-03 14:30:00,137.75,137.75,137.5,137.5,-0.18,545.4,74265.12,-1
2021-05-03,2021-05-03 14:40:00,137.5,137.5,137.25,137.25,-0.18,545.4,74265.12,-1
2021-05-03,2021-05-03 14:50:00,137.25,137.25,137.0,137.0,-0.18,545.4,74265.12,-1
2021-05-03,2021-05-03 15:00:00,137.0,143.0,135.0,137.0,0.0,545.4,74265.12,0
2021-05-04,2021-05-04 11:00:00,135.0,138.0,134.7,135.38,0.28,1562.52,220983.6,1
2021-05-04,2021-05-04 11:10:00,135.38,135.75,135.38,135.75,0.27,1562.52,220983.6,1
2021-05-04,2021-05-04 11:20:00,135.75,136.12,135.75,136.12,0.27,1562.52,220983.6,1
2021-05-04,2021-05-04 11:30:00,136.12,136.5,136.12,136.5,0.28,1562.52,220983.6,1
2021-05-04,2021-05-04 11:40:00,136.5,136.88,136.5,136.88,0.28,1562.52,220983.6,1
2021-05-04,2021-05-04 11:50:00,136.88,137.25,136.88,137.25,0.27,1562.52,220983.6,1
2021-05-04,2021-05-04 12:00:00,137.25,137.62,137.25,137.62,0.27,1562.52,220983.6,1
2021-05-04,2021-05-04 12:10:00,137.62,138.0,137.62,138.0,0.28,1562.52,220983.6,1
2021-05-04,2021-05-04 12:20:00,138.0,138.38,138.0,138.38,0.28,1562.52,220983.6,1
2021-05-04,2021-05-04 12:30:00,138.38,138.75,138.38,138.75,0.27,1562.52,220983.6,1
2021-05-04,2021-05-04 12:40:00,138.75,139.12,138.75,139.12,0.27,1562.52,220983.6,1
2021-05-04,2021-05-04 12:50:00,139.12,139.5,139.12,139.5,0.27,1562.52,220983.6,1
2021-05-04,2021-05-04 13:00:00,139.5,145.0,134.0,139.88,0.27,1562.52,220983.6,1
2021-05-04,2021-05-04 13:10:00,139.88,140.25,139.88,140.25,0.26,1562.52,220983.6,1
2021-05-04,2021-05-04 13:20:00,140.25,140.62,140.25,140.62,0.26,1562.52,220983.6,1
2021-05-04,2021-05-04 13:30:00,140.62,141.0,140.62,141.0,0.27,1562.52,220983.6,1
2021-05-04,2021-05-04 13:40:00,141.0,141.38,141.0,141.38,0.27,1562.52,220983.6,1
2021-05-04,2021-05-04 13:50:00,141.38,141.75,141.38,141.75,0.26,1562.52,220983.6,1
2021-05-04,2021-05-04 14:00:00,141.75,142.12,141.75,142.12,0.26,1562.52,220983.6,1
2021-05-04,2021-05-04 14:10:00,142.12,142.5,142.12,142.5,0.27,1562.52,220983.6,1
2021-05-04,2021-05-04 14:20:00,142.5,142.88,142.5,142.88,0.27,1562.52,220983.6,1
2021-05-04,2021-05-04 14:30:00,142.88,143.25,142.88,143.25,0.26,1562.52,220983.6,1
2021-05-04,2021-05-04 14:40:00,143.25,143.62,143.25,143.62,0.26,1562.52,220983.6,1
2021-05-04,2021-05-04 14:50:00,143.62,144.0,143.62,144.0,0.26,1562.52,220983.6,1
2021-05-04,2021-05-04 15:00:00,144.0,145.0,134.0,144.0,0.0,1562.52,220983.6,0
2021-05-05,2021-05-05 11:00:00,151.0,153.1,148.6,151.29,0.19,3125.72,480325.88,1
2021-05-05,2021-05-05 11:10:00,151.29,151.58,151.29,151.58,0.19,3125.72,480325.88,1
2021-05-05,2021-05-05 11:20:00,151.58,151.88,151.58,151.88,0.2,3125.72,480325.88,1
2021-05-05,2021-05-05 11:30:00,151.88,152.17,151.88,152.17,0.19,3125.72,480325.88,1
2021-05-05,2021-05-05 11:40:00,152.17,152.46,152.17,152.46,0.19,3125.72,480325.88,1
2021-05-05,2021-05-05 11:50:00,152.46,152.75,152.46,152.75,0.19,3125.72,480325.88,1
2021-05-05,2021-05-05 12:00:00,152.75,153.04,152.75,153.04,0.19,3125.72,480325.88,1
2021-05-05,2021-05-05 12:10:00,153.04,153.33,153.04,153.33,0.19,3125.72,480325.88,1
2021-05-05,2021-05-05 12:20:00,153.33,153.62,153.33,153.62,0.19,3125.72,480325.88,1
2021-05-05,2021-05-05 12:30:00,153.62,153.92,153.62,153.92,0.2,3125.72,480325.88,1
2021-05-05,2021-05-05 12:40:00,153.92,154.21,153.92,154.21,0.19,3125.72,480325.88,1
2021-05-05,2021-05-05 12:50:00,154.21,154.5,154.21,154.5,0.19,3125.72,480325.88,1
2021-05-05,2021-05-05 13:00:00,154.5,158.0,143.0,154.79,0.19,3125.72,480325.88,1
2021-05-05,2021-05-05 13:10:00,154.79,155.08,154.79,155.08,0.19,3125.72,480325.88,1
2021-05-05,2021-05-05 13:20:00,155.08,155.38,155.08,155.38,0.19,3125.72,480325.88,1
2021-05-05,2021-05-05 13:30:00,155.38,155.67,155.38,155.67,0.19,3125.72,480325.88,1
2021-05-05,2021-05-05 13:40:00,155.67,155.96,155.67,155.96,0.19,3125.72,480325.88,1
2021-05-05,2021-05-05 13:50:00,155.96,156.25,155.96,156.25,0.19,3125.72,480325.88,1
2021-05-05,2021-05-05 14:00:00,156.25,156.54,156.25,156.54,0.19,3125.72,480325.88,1
2021-05-05,2021-05-05 14:10:00,156.54,156.83,156.54,156.83,0.19,3125.72,480325.88,1
2021-05-05,2021-05-05 14:20:00,156.83,157.12,156.83,157.12,0.18,3125.72,480325.88,1
2021-05-05,2021-05-05 14:30:00,157.12,157.42,157.12,157.42,0.19,3125.72,480325.88,1
2021-05-05,2021-05-05 14:40:00,157.42,157.71,157.42,157.71,0.18,3125.72,480325.88,1
2021-05-05,2021-05-05 14:50:00,157.71,158.0,157.71,158.0,0.18,3125.72,480325.88,1
2021-05-05,2021-05-05 15:00:00,158.0,158.0,143.0,158.0,0.0,3125.72,480325.88,0
2021-05-06,2021-05-06 11:00:00,165.0,167.4,165.0,165.33,0.2,4869.04,836968.2,1
2021-05-06,2021-05-06 11:10:00,165.33,165.67,165.33,165.67,0.21,4869.04,836968.2,1
2021-05-06,2021-05-06 11:20:00,165.67,166.0,165.67,166.0,0.2,4869.04,836968.2,1
2021-05-06,2021-05-06 11:30:00,166.0,166.33,166.0,166.33,0.2,4869.04,836968.2,1
2021-05-06,2021-05-06 11:40:00,166.33,166.67,166.33,166.67,0.2,4869.04,836968.2,1
2021-05-06,2021-05-06 11:50:00,166.67,167.0,166.67,167.0,0.2,4869.04,836968.2,1
2021-05-06,2021-05-06 12:00:00,167.0,167.33,167.0,167.33,0.2,4869.04,836968.2,1
2021-05-06,2021-05-06 12:10:00,167.33,167.67,167.33,167.67,0.2,4869.04,836968.2,1
2021-05-06,2021-05-06 12:20:00,167.67,168.0,167.67,168.0,0.2,4869.04,836968.2,1
2021-05-06,2021-05-06 12:30:00,168.0,168.33,168.0,168.33,0.2,4869.04,836968.2,1
2021-05-06,2021-05-06 12:40:00,168.33,168.67,168.33,168.67,0.2,4869.04,836968.2,1
2021-05-06,2021-05-06 12:50:00,168.67,169.0,168.67,169.0,0.2,4869.04,836968.2,1
2021-05-06,2021-05-06 13:00:00,169.0,173.0,165.0,169.33,0.2,4869.04,836968.2,1
2021-05-06,2021-05-06 13:10:00,169.33,169.67,169.33,169.67,0.2,4869.04,836968.2,1
2021-05-06,2021-05-06 13:20:00,169.67,170.0,169.67,170.0,0.19,4869.04,836968.2,1
2021-05-06,2021-05-06 13:30:00,170.0,170.33,170.0,170.33,0.19,4869.04,836968.2,1
2021-05-06,2021-05-06 13:40:00,170.33,170.67,170.33,170.67,0.2,4869.04,836968.2,1
2021-05-06,2021-05-06 13:50:00,170.67,171.0,170.67,171.0,0.19,4869.04,836968.2,1
2021-05-06,2021-05-06 14:00:00,171.0,171.33,171.0,171.33,0.19,4869.04,836968.2,1
2021-05-06,2021-05-06 14:10:00,171.33,171.67,171.33,171.67,0.2,4869.04,836968.2,1
2021-05-06,2021-05-06 14:20:00,171.67,172.0,171.67,172.0,0.19,4869.04,836968.2,1
2021-05-06,2021-05-06 14:30:00,172.0,172.33,172.0,172.33,0.19,4869.04,836968.2,1
2021-05-06,2021-05-06 14:40:00,172.33,172.67,172.33,172.67,0.2,4869.04,836968.2,1
2021-05-06,2021-05-06 14:50:00,172.67,173.0,172.67,173.0,0.19,4869.04,836968.2,1
2021-05-06,2021-05-06 15:00:00,173.0,173.0,165.0,173.0,0.0,4869.04,836968.2,0
2021-05-09,2021-05-09 11:00:00,174.0,176.4,169.5,173.83,-0.1,2480.0,415752.96,-1
2021-05-09,2021-05-09 11:10:00,173.83,173.83,173.67,173.67,-0.09,2480.0,415752.96,-1
2021-05-09,2021-05-09 11:20:00,173.67,173.67,173.5,173.5,-0.1,2480.0,415752.96,-1
2021-05-09,2021-05-09 11:30:00,173.5,173.5,173.33,173.33,-0.1,2480.0,415752.96,-1
2021-05-09,2021-05-09 11:40:00,173.33,173.33,173.17,173.17,-0.09,2480.0,415752.96,-1
2021-05-09,2021-05-09 11:50:00,173.17,173.17,173.0,173.0,-0.1,2480.0,415752.96,-1
2021-05-09,2021-05-09 12:00:00,173.0,173.0,172.83,172.83,-0.1,2480.0,415752.96,-1
2021-05-09,2021-05-09 12:10:00,172.83,172.83,172.67,172.67,-0.09,2480.0,415752.96,-1
2021-05-09,2021-05-09 12:20:00,172.67,172.67,172.5,172.5,-0.1,2480.0,415752.96,-1
2021-05-09,2021-05-09 12:30:00,172.5,172.5,172.33,172.33,-0.1,2480.0,415752.96,-1
2021-05-09,2021-05-09 12:40:00,172.33,172.33,172.17,172.17,-0.09,2480.0,415752.96,-1
2021-05-09,2021-05-09 12:50:00,172.17,172.17,172.0,172.0,-0.1,2480.0,415752.96,-1
2021-05-09,2021-05-09 13:00:00,172.0,182.0,159.0,171.83,-0.1,2480.0,415752.96,-1
2021-05-09,2021-05-09 13:10:00,171.83,171.83,171.67,171.67,-0.09,2480.0,415752.96,-1
2021-05-09,2021-05-09 13:20:00,171.67,171.67,171.5,171.5,-0.1,2480.0,415752.96,-1
2021-05-09,2021-05-09 13:30:00,171.5,171.5,171.33,171.33,-0.1,2480.0,415752.96,-1
2021-05-09,2021-05-09 13:40:00,171.33,171.33,171.17,171.17,-0.09,2480.0,415752.96,-1
2021-05-09,2021-05-09 13:50:00,171.17,171.17,171.0,171.0,-0.1,2480.0,415752.96,-1
2021-05-09,2021-05-09 14:00:00,171.0,171.0,170.83,170.83,-0.1,2480.0,415752.96,-1
2021-05-09,2021-05-09 14:10:00,170.83,170.83,170.67,170.67,-0.09,2480.0,415752.96,-1
2021-05-09,2021-05-09 14:20:00,170.67,170.67,170.5,170.5,-0.1,2480.0,415752.96,-1
2021-05-09,2021-05-09 14:30:00,170.5,170.5,170.33,170.33,-0.1,2480.0,415752.96,-1
2021-05-09,2021-05-09 14:40:00,170.33,170.33,170.17,170.17,-0.09,2480.0,415752.96,-1
2021-05-09,2021-05-09 14:50:00,170.17,170.17,170.0,170.0,-0.1,2480.0,415752.96,-1
2021-05-09,2021-05-09 15:00:00,170.0,182.0,159.0,170.0,0.0,2480.0,415752.96,0
2021-05-10,2021-05-10 11:00:00,170.0,170.0,167.3,169.71,-0.17,793.48,130172.72,-1
2021-05-10,2021-05-10 11:10:00,169.71,169.71,169.42,169.42,-0.17,793.48,130172.72,-1
2021-05-10,2021-05-10 11:20:00,169.42,169.42,169.12,169.12,-0.18,793.48,130172.72,-1
2021-05-10,2021-05-10 11:30:00,169.12,169.12,168.83,168.83,-0.17,793.48,130172.72,-1
2021-05-10,2021-05-10 11:40:00,168.83,168.83,168.54,168.54,-0.17,793.48,130172.72,-1
2021-05-10,2021-05-10 11:50:00,168.54,168.54,168.25,168.25,-0.17,793.48,130172.72,-1
2021-05-10,2021-05-10 12:00:00,168.25,168.25,167.96,167.96,-0.17,793.48,130172.72,-1
2021-05-10,2021-05-10 12:10:00,167.96,167.96,167.67,167.67,-0.17,793.48,130172.72,-1
2021-05-10,2021-05-10 12:20:00,167.67,167.67,167.38,167.38,-0.17,793.48,130172.72,-1
2021-05-10,2021-05-10 12:30:00,167.38,167.38,167.08,167.08,-0.18,793.48,130172.72,-1
2021-05-10,2021-05-10 12:40:00,167.08,167.08,166.79,166.79,-0.17,793.48,130172.72,-1
2021-05-10,2021-05-10 12:50:00,166.79,166.79,166.5,166.5,-0.17,793.48,130172.72,-1
2021-05-10,2021-05-10 13:00:00,166.5,170.0,161.0,166.21,-0.17,793.48,130172.72,-1
2021-05-10,2021-05-10 13:10:00,166.21,166.21,165.92,165.92,-0.17,793.48,130172.72,-1
2021-05-10,2021-05-10 13:20:00,165.92,165.92,165.62,165.62,-0.18,793.48,130172.72,-1
2021-05-10,2021-05-10 13:30:00,165.62,165.62,165.33,165.33,-0.18,793.48,130172.72,-1
2021-05-10,2021-05-10 13:40:00,165.33,165.33,165.04,165.04,-0.18,793.48,130172.72,-1
2021-05-10,2021-05-10 13:50:00,165.04,165.04,164.75,164.75,-0.18,793.48,130172.72,-1
2021-05-10,2021-05-10 14:00:00,164.75,164.75,164.46,164.46,-0.18,793.48,130172.72,-1
2021-05-10,2021-05-10 14:10:00,164.46,164.46,164.17,164.17,-0.18,793.48,130172.72,-1
2021-05-10,2021-05-10 14:20:00,164.17,164.17,163.88,163.88,-0.18,793.48,130172.72,-1
2021-05-10,2021-05-10 14:30:00,163.88,163.88,163.58,163.58,-0.18,793.48,130172.72,-1
2021-05-10,2021-05-10 14:40:00,163.58,163.58,163.29,163.29,-0.18,793.48,130172.72,-1
2021-05-10,2021-05-10 14:50:00,163.29,163.29,163.0,163.0,-0.18,793.48,130172.72,-1
2021-05-10,2021-05-10 15:00:00,163.0,170.0,161.0,163.0,0.0,793.48,130172.72,0
2021-05-11,2021-05-11 11:00:00,163.0,165.1,163.0,163.21,0.13,956.08,158889.52,1
2021-05-11,2021-05-11 11:10:00,163.21,163.42,163.21,163.42,0.13,956.08,158889.52,1
2021-05-11,2021-05-11 11:20:00,163.42,163.62,163.42,163.62,0.12,956.08,158889.52,1
2021-05-11,2021-05-11 11:30:00,163.62,163.83,163.62,163.83,0.13,956.08,158889.52,1
2021-05-11,2021-05-11 11:40:00,163.83,164.04,163.83,164.04,0.13,956.08,158889.52,1
2021-05-11,2021-05-11 11:50:00,164.04,164.25,164.04,164.25,0.13,956.08,158889.52,1
2021-05-11,2021-05-11 12:00:00,164.25,164.46,164.25,164.46,0.13,956.08,158889.52,1
2021-05-11,2021-05-11 12:10:00,164.46,164.67,164.46,164.67,0.13,956.08,158889.52,1
2021-05-11,2021-05-11 12:20:00,164.67,164.88,164.67,164.88,0.13,956.08,158889.52,1
2021-05-11,2021-05-11 12:30:00,164.88,165.08,164.88,165.08,0.12,956.08,158889.52,1
2021-05-11,2021-05-11 12:40:00,165.08,165.29,165.08,165.29,0.13,956.08,158889.52,1
2021-05-11,2021-05-11 12:50:00,165.29,165.5,165.29,165.5,0.13,956.08,158889.52,1
2021-05-11,2021-05-11 13:00:00,165.5,170.0,163.0,165.71,0.13,956.08,158889.52,1
2021-05-11,2021-05-11 13:10:00,165.71,165.92,165.71,165.92,0.13,956.08,158889.52,1
2021-05-11,2021-05-11 13:20:00,165.92,166.12,165.92,166.12,0.12,956.08,158889.52,1
2021-05-11,2021-05-11 13:30:00,166.12,166.33,166.12,166.33,0.13,956.08,158889.52,1
2021-05-11,2021-05-11 13:40:00,166.33,166.54,166.33,166.54,0.13,956.08,158889.52,1
2021-05-11,2021-05-11 13:50:00,166.54,166.75,166.54,166.75,0.13,956.08,158889.52,1
2021-05-11,2021-05-11 14:00:00,166.75,166.96,166.75,166.96,0.13,956.08,158889.52,1
2021-05-11,2021-05-11 14:10:00,166.96,167.17,166.96,167.17,0.13,956.08,158889.52,1
2021-05-11,2021-05-11 14:20:00,167.17,167.38,167.17,167.38,0.13,956.08,158889.52,1
2021-05-11,2021-05-11 14:30:00,167.38,167.58,167.38,167.58,0.12,956.08,158889.52,1
2021-05-11,2021-05-11 14:40:00,167.58,167.79,167.58,167.79,0.13,956.08,158889.52,1
2021-05-11,2021-05-11 14:50:00,167.79,168.0,167.79,168.0,0.13,956.08,158889.52,1
2021-05-11,2021-05-11 15:00:00,168.0,170.0,163.0,168.0,0.0,956.08,158889.52,0
2021-05-12,2021-05-12 11:00:00,169.0,173.5,168.1,169.62,0.37,2689.92,477987.28,1
2021-05-12,2021-05-12 11:10:00,169.62,170.25,169.62,170.25,0.37,2689.92,477987.28,1
2021-05-12,2021-05-12 11:20:00,170.25,170.88,170.25,170.88,0.37,2689.92,477987.28,1
2021-05-12,2021-05-12 11:30:00,170.88,171.5,170.88,171.5,0.36,2689.92,477987.28,1
2021-05-12,2021-05-12 11:40:00,171.5,172.12,171.5,172.12,0.36,2689.92,477987.28,1
2021-05-12,2021-05-12 11:50:00,172.12,172.75,172.12,172.75,0.37,2689.92,477987.28,1
2021-05-12,2021-05-12 12:00:00,172.75,173.38,172.75,173.38,0.36,2689.92,477987.28,1
2021-05-12,2021-05-12 12:10:00,173.38,174.0,173.38,174.0,0.36,2689.92,477987.28,1
2021-05-12,2021-05-12 12:20:00,174.0,174.62,174.0,174.62,0.36,2689.92,477987.28,1
2021-05-12,2021-05-12 12:30:00,174.62,175.25,174.62,175.25,0.36,2689.92,477987.28,1
2021-05-12,2021-05-12 12:40:00,175.25,175.88,175.25,175.88,0.36,2689.92,477987.28,1
2021-05-12,2021-05-12 12:50:00,175.88,176.5,175.88,176.5,0.35,2689.92,477987.28,1
2021-05-12,2021-05-12 13:00:00,176.5,184.0,166.0,177.12,0.35,2689.92,477987.28,1
2021-05-12,2021-05-12 13:10:00,177.12,177.75,177.12,177.75,0.36,2689.92,477987.28,1
2021-05-12,2021-05-12 13:20:00,177.75,178.38,177.75,178.38,0.35,2689.92,477987.28,1
2021-05-12,2021-05-12 13:30:00,178.38,179.0,178.38,179.0,0.35,2689.92,477987.28,1
2021-05-12,2021-05-12 13:40:00,179.0,179.62,179.0,179.62,0.35,2689.92,477987.28,1
2021-05-12,2021-05-12 13:50:00,179.62,180.25,179.62,180.25,0.35,2689.92,477987.28,1
2021-05-12,2021-05-12 14:00:00,180.25,180.88,180.25,180.88,0.35,2689.92,477987.28,1
2021-05-12,2021-05-12 14:10:00,180.88,181.5,180.88,181.5,0.34,2689.92,477987.28,1
2021-05-12,2021-05-12 14:20:00,181.5,182.12,181.5,182.12,0.34,2689.92,477987.28,1
2021-05-12,2021-05-12 14:30:00,182.12,182.75,182.12,182.75,0.35,2689.92,477987.28,1
2021-05-12,2021-05-12 14:40:00,182.75,183.38,182.75,183.38,0.34,2689.92,477987.28,1
2021-05-12,2021-05-12 14:50:00,183.38,184.0,183.38,184.0,0.34,2689.92,477987.28,1
2021-05-12,2021-05-12 15:00:00,184.0,184.0,166.0,184.0,0.0,2689.92,477987.28,0
2021-05-13,2021-05-13 11:00:00,189.0,192.9,189.0,189.54,0.29,4114.12,826992.56,1
2021-05-13,2021-05-13 11:10:00,189.54,190.08,189.54,190.08,0.28,4114.12,826992.56,1
2021-05-13,2021-05-13 11:20:00,190.08,190.62,190.08,190.62,0.28,4114.12,826992.56,1
2021-05-13,2021-05-13 11:30:00,190.62,191.17,190.62,191.17,0.29,4114.12,826992.56,1
2021-05-13,2021-05-13 11:40:00,191.17,191.71,191.17,191.71,0.28,4114.12,826992.56,1
2021-05-13,2021-05-13 11:50:00,191.71,192.25,191.71,192.25,0.28,4114.12,826992.56,1
2021-05-13,2021-05-13 12:00:00,192.25,192.79,192.25,192.79,0.28,4114.12,826992.56,1
2021-05-13,2021-05-13 12:10:00,192.79,193.33,192.79,193.33,0.28,4114.12,826992.56,1
2021-05-13,2021-05-13 12:20:00,193.33,193.88,193.33,193.88,0.28,4114.12,826992.56,1
2021-05-13,2021-05-13 12:30:00,193.88,194.42,193.88,194.42,0.28,4114.12,826992.56,1
2021-05-13,2021-05-13 12:40:00,194.42,194.96,194.42,194.96,0.28,4114.12,826992.56,1
2021-05-13,2021-05-13 12:50:00,194.96,195.5,194.96,195.5,0.28,4114.12,826992.56,1
2021-05-13,2021-05-13 13:00:00,195.5,202.0,189.0,196.04,0.28,4114.12,826992.56,1
2021-05-13,2021-05-13 13:10:00,196.04,196.58,196.04,196.58,0.28,4114.12,826992.56,1
2021-05-13,2021-05-13 13:20:00,196.58,197.12,196.58,197.12,0.27,4114.12,826992.56,1
2021-05-13,2021-05-13 13:30:00,197.12,197.67,197.12,197.67,0.28,4114.12,826992.56,1
2021-05-13,2021-05-13 13:40:00,197.67,198.21,197.67,198.21,0.27,4114.12,826992.56,1
2021-05-13,2021-05-13 13:50:00,198.21,198.75,198.21,198.75,0.27,4114.12,826992.56,1
2021-05-13,2021-05-13 14:00:00,198.75,199.29,198.75,199.29,0.27,4114.12,826992.56,1
2021-05-13,2021-05-13 14:10:00,199.29,199.83,199.29,199.83,0.27,4114.12,826992.56,1
2021-05-13,2021-05-13 14:20:00,199.83,200.38,199.83,200.38,0.28,4114.12,826992.56,1
2021-05-13,2021-05-13 14:30:00,200.38,200.92,200.38,200.92,0.27,4114.12,826992.56,1
2021-05-13,2021-05-13 14:40:00,200.92,201.46,200.92,201.46,0.27,4114.12,826992.56,1
2021-05-13,2021-05-13 14:50:00,201.46,202.0,201.46,202.0,0.27,4114.12,826992.56,1
2021-05-13,2021-05-13 15:00:00,202.0,202.0,189.0,202.0,0.0,4114.12,826992.56,0
2021-05-16,2021-05-16 11:00:00,206.0,207.2,200.0,205.58,-0.2,3298.44,648749.48,-1
2021-05-16,2021-05-16 11:10:00,205.58,205.58,205.17,205.17,-0.2,3298.44,648749.48,-1
2021-05-16,2021-05-16 11:20:00,205.17,205.17,204.75,204.75,-0.2,3298.44,648749.48,-1
2021-05-16,2021-05-16 11:30:00,204.75,204.75,204.33,204.33,-0.21,3298.44,648749.48,-1
2021-05-16,2021-05-16 11:40:00,204.33,204.33,203.92,203.92,-0.2,3298.44,648749.48,-1
2021-05-16,2021-05-16 11:50:00,203.92,203.92,203.5,203.5,-0.21,3298.44,648749.48,-1
2021-05-16,2021-05-16 12:00:00,203.5,203.5,203.08,203.08,-0.21,3298.44,648749.48,-1
2021-05-16,2021-05-16 12:10:00,203.08,203.08,202.67,202.67,-0.2,3298.44,648749.48,-1
2021-05-16,2021-05-16 12:20:00,202.67,202.67,202.25,202.25,-0.21,3298.44,648749.48,-1
2021-05-16,2021-05-16 12:30:00,202.25,202.25,201.83,201.83,-0.21,3298.44,648749.48,-1
2021-05-16,2021-05-16 12:40:00,201.83,201.83,201.42,201.42,-0.2,3298.44,648749.48,-1
2021-05-16,2021-05-16 12:50:00,201.42,201.42,201.0,201.0,-0.21,3298.44,648749.48,-1
2021-05-16,2021-05-16 13:00:00,201.0,210.0,186.0,200.58,-0.21,3298.44,648749.48,-1
2021-05-16,2021-05-16 13:10:00,200.58,200.58,200.17,200.17,-0.2,3298.44,648749.48,-1
2021-05-16,2021-05-16 13:20:00,200.17,200.17,199.75,199.75,-0.21,3298.44,648749.48,-1
2021-05-16,2021-05-16 13:30:00,199.75,199.75,199.33,199.33,-0.21,3298.44,648749.48,-1
2021-05-16,2021-05-16 13:40:00,199.33,199.33,198.92,198.92,-0.21,3298.44,648749.48,-1
2021-05-16,2021-05-16 13:50:00,198.92,198.92,198.5,198.5,-0.21,3298.44,648749.48,-1
2021-05-16,2021-05-16 14:00:00,198.5,198.5,198.08,198.08,-0.21,3298.44,648749.48,-1
2021-05-16,2021-05-16 14:10:00,198.08,198.08,197.67,197.67,-0.21,3298.44,648749.48,-1
2021-05-16,2021-05-16 14:20:00,197.67,197.67,197.25,197.25,-0.21,3298.44,648749.48,-1
2021-05-16,2021-05-16 14:30:00,197.25,197.25,196.83,196.83,-0.21,3298.44,648749.48,-1
2021-05-16,2021-05-16 14:40:00,196.83,196.83,196.42,196.42,-0.21,3298.44,648749.48,-1
2021-05-16,2021-05-16 14:50:00,196.42,196.42,196.0,196.0,-0.21,3298.44,648749.48,-1
2021-05-16,2021-05-16 15:00:00,196.0,210.0,186.0,196.0,0.0,3298.44,648749.48,0
2021-05-17,2021-05-17 11:00:00,198.0,202.8,196.5,198.46,0.23,2311.84,462882.2,1
2021-05-17,2021-05-17 11:10:00,198.46,198.92,198.46,198.92,0.23,2311.84,462882.2,1
2021-05-17,2021-05-17 11:20:00,198.92,199.38,198.92,199.38,0.23,2311.84,462882.2,1
2021-05-17,2021-05-17 11:30:00,199.38,199.83,199.38,199.83,0.23,2311.84,462882.2,1
2021-05-17,2021-05-17 11:40:00,199.83,200.29,199.83,200.29,0.23,2311.84,462882.2,1
2021-05-17,2021-05-17 11:50:00,200.29,200.75,200.29,200.75,0.23,2311.84,462882.2,1
2021-05-17,2021-05-17 12:00:00,200.75,201.21,200.75,201.21,0.23,2311.84,462882.2,1
2021-05-17,2021-05-17 12:10:00,201.21,201.67,201.21,201.67,0.23,2311.84,462882.2,1
2021-05-17,2021-05-17 12:20:00,201.67,202.12,201.67,202.12,0.22,2311.84,462882.2,1
2021-05-17,2021-05-17 12:30:00,202.12,202.58,202.12,202.58,0.23,2311.84,462882.2,1
2021-05-17,2021-05-17 12:40:00,202.58,203.04,202.58,203.04,0.23,2311.84,462882.2,1
2021-05-17,2021-05-17 12:50:00,203.04,203.5,203.04,203.5,0.23,2311.84,462882.2,1
2021-05-17,2021-05-17 13:00:00,203.5,214.0,193.0,203.96,0.23,2311.84,462882.2,1
2021-05-17,2021-05-17 13:10:00,203.96,204.42,203.96,204.42,0.23,2311.84,462882.2,1
2021-05-17,2021-05-17 13:20:00,204.42,204.88,204.42,204.88,0.23,2311.84,462882.2,1
2021-05-17,2021-05-17 13:30:00,204.88,205.33,204.88,205.33,0.22,2311.84,462882.2,1
2021-05-17,2021-05-17 13:40:00,205.33,205.79,205.33,205.79,0.22,2311.84,462882.2,1
2021-05-17,2021-05-17 13:50:00,205.79,206.25,205.79,206.25,0.22,2311.84,462882.2,1
2021-05-17,2021-05-17 14:00:00,206.25,206.71,206.25,206.71,0.22,2311.84,462882.2,1
2021-05-17,2021-05-17 14:10:00,206.71,207.17,206.71,207.17,0.22,2311.84,462882.2,1
2021-05-17,2021-05-17 14:20:00,207.17,207.62,207.17,207.62,0.22,2311.84,462882.2,1
2021-05-17,2021-05-17 14:30:00,207.62,208.08,207.62,208.08,0.22,2311.84,462882.2,1
2021-05-17,2021-05-17 14:40:00,208.08,208.54,208.08,208.54,0.22,2311.84,462882.2,1
2021-05-17,2021-05-17 14:50:00,208.54,209.0,208.54,209.0,0.22,2311.84,462882.2,1
2021-05-17,2021-05-17 15:00:00,209.0,214.0,193.0,209.0,0.0,2311.84,462882.2,0
2021-05-18,2021-05-18 11:00:00,205.0,212.2,205.0,206.0,0.49,1768.64,401227.0,1
2021-05-18,2021-05-18 11:10:00,206.0,207.0,206.0,207.0,0.49,1768.64,401227.0,1
2021-05-18,2021-05-18 11:20:00,207.0,208.0,207.0,208.0,0.48,1768.64,401227.0,1
2021-05-18,2021-05-18 11:30:00,208.0,209.0,208.0,209.0,0.48,1768.64,401227.0,1
2021-05-18,2021-05-18 11:40:00,209.0,210.0,209.0,210.0,0.48,1768.64,401227.0,1
2021-05-18,2021-05-18 11:50:00,210.0,211.0,210.0,211.0,0.48,1768.64,401227.0,1
2021-05-18,2021-05-18 12:00:00,211.0,212.0,211.0,212.0,0.47,1768.64,401227.0,1
2021-05-18,2021-05-18 12:10:00,212.0,213.0,212.0,213.0,0.47,1768.64,401227.0,1
2021-05-18,2021-05-18 12:20:00,213.0,214.0,213.0,214.0,0.47,1768.64,401227.0,1
2021-05-18,2021-05-18 12:30:00,214.0,215.0,214.0,215.0,0.47,1768.64,401227.0,1
2021-05-18,2021-05-18 12:40:00,215.0,216.0,215.0,216.0,0.47,1768.64,401227.0,1
2021-05-18,2021-05-18 12:50:00,216.0,217.0,216.0,217.0,0.46,1768.64,401227.0,1
2021-05-18,2021-05-18 13:00:00,217.0,229.0,205.0,218.0,0.46,1768.64,401227.0,1
2021-05-18,2021-05-18 13:10:00,218.0,219.0,218.0,219.0,0.46,1768.64,401227.0,1
2021-05-18,2021-05-18 13:20:00,219.0,220.0,219.0,220.0,0.46,1768.64,401227.0,1
2021-05-18,2021-05-18 13:30:00,220.0,221.0,220.0,221.0,0.45,1768.64,401227.0,1
2021-05-18,2021-05-18 13:40:00,221.0,222.0,221.0,222.0,0.45,1768.64,401227.0,1
2021-05-18,2021-05-18 13:50:00,222.0,223.0,222.0,223.0,0.45,1768.64,401227.0,1
2021-05-18,2021-05-18 14:00:00,223.0,224.0,223.0,224.0,0.45,1768.64,401227.0,1
2021-05-18,2021-05-18 14:10:00,224.0,225.0,224.0,225.0,0.45,1768.64,401227.0,1
2021-05-18,2021-05-18 14:20:00,225.0,226.0,225.0,226.0,0.44,1768.64,401227.0,1
2021-05-18,2021-05-18 14:30:00,226.0,227.0,226.0,227.0,0.44,1768.64,401227.0,1
2021-05-18,2021-05-18 14:40:00,227.0,228.0,227.0,228.0,0.44,1768.64,401227.0,1
2021-05-18,2021-05-18 14:50:00,228.0,229.0,228.0,229.0,0.44,1768.64,401227.0,1
2021-05-18,2021-05-18 15:00:00,229.0,229.0,205.0,229.0,0.0,1768.64,401227.0,0
2021-05-19,2021-05-19 11:00:00,233.0,238.4,228.8,232.92,-0.03,3785.44,898203.24,-1
2021-05-19,2021-05-19 11:10:00,232.92,232.92,232.83,232.83,-0.04,3785.44,898203.24,-1
2021-05-19,2021-05-19 11:20:00,232.83,232.83,232.75,232.75,-0.03,3785.44,898203.24,-1
2021-05-19,2021-05-19 11:30:00,232.75,232.75,232.67,232.67,-0.03,3785.44,898203.24,-1
2021-05-19,2021-05-19 11:40:00,232.67,232.67,232.58,232.58,-0.04,3785.44,898203.24,-1
2021-05-19,2021-05-19 11:50:00,232.58,232.58,232.5,232.5,-0.03,3785.44,898203.24,-1
2021-05-19,2021-05-19 12:00:00,232.5,232.5,232.42,232.42,-0.03,3785.44,898203.24,-1
2021-05-19,2021-05-19 12:10:00,232.42,232.42,232.33,232.33,-0.04,3785.44,898203.24,-1
2021-05-19,2021-05-19 12:20:00,232.33,232.33,232.25,232.25,-0.03,3785.44,898203.24,-1
2021-05-19,2021-05-19 12:30:00,232.25,232.25,232.17,232.17,-0.03,3785.44,898203.24,-1
2021-05-19,2021-05-19 12:40:00,232.17,232.17,232.08,232.08,-0.04,3785.44,898203.24,-1
2021-05-19,2021-05-19 12:50:00,232.08,232.08,232.0,232.0,-0.03,3785.44,898203.24,-1
2021-05-19,2021-05-19 13:00:00,232.0,251.0,219.0,231.92,-0.03,3785.44,898203.24,-1
2021-05-19,2021-05-19 13:10:00,231.92,231.92,231.83,231.83,-0.04,3785.44,898203.24,-1
2021-05-19,2021-05-19 13:20:00,231.83,231.83,231.75,231.75,-0.03,3785.44,898203.24,-1
2021-05-19,2021-05-19 13:30:00,231.75,231.75,231.67,231.67,-0.03,3785.44,898203.24,-1
2021-05-19,2021-05-19 13:40:00,231.67,231.67,231.58,231.58,-0.04,3785.44,898203.24,-1
2021-05-19,2021-05-19 13:50:00,231.58,231.58,231.5,231.5,-0.03,3785.44,898203.24,-1
2021-05-19,2021-05-19 14:00:00,231.5,231.5,231.42,231.42,-0.03,3785.44,898203.24,-1
2021-05-19,2021-05-19 14:10:00,231.42,231.42,231.33,231.33,-0.04,3785.44,898203.24,-1
2021-05-19,2021-05-19 14:20:00,231.33,231.33,231.25,231.25,-0.03,3785.44,898203.24,-1
2021-05-19,2021-05-19 14:30:00,231.25,231.25,231.17,231.17,-0.03,3785.44,898203.24,-1
2021-05-19,2021-05-19 14:40:00,231.17,231.17,231.08,231.08,-0.04,3785.44,898203.24,-1
2021-05-19,2021-05-19 14:50:00,231.08,231.08,231.0,231.0,-0.03,3785.44,898203.24,-1
2021-05-19,2021-05-19 15:00:00,231.0,251.0,219.0,231.0,0.0,3785.44,898203.24,0
2021-05-20,2021-05-20 11:00:00,234.0,234.0,227.4,233.46,-0.23,1881.64,414374.4,-1
2021-05-20,2021-05-20 11:10:00,233.46,233.46,232.92,232.92,-0.23,1881.64,414374.4,-1
2021-05-20,2021-05-20 11:20:00,232.92,232.92,232.38,232.38,-0.23,1881.64,414374.4,-1
2021-05-20,2021-05-20 11:30:00,232.38,232.38,231.83,231.83,-0.24,1881.64,414374.4,-1
2021-05-20,2021-05-20 11:40:00,231.83,231.83,231.29,231.29,-0.23,1881.64,414374.4,-1
2021-05-20,2021-05-20 11:50:00,231.29,231.29,230.75,230.75,-0.23,1881.64,414374.4,-1
2021-05-20,2021-05-20 12:00:00,230.75,230.75,230.21,230.21,-0.23,1881.64,414374.4,-1
2021-05-20,2021-05-20 12:10:00,230.21,230.21,229.67,229.67,-0.23,1881.64,414374.4,-1
2021-05-20,2021-05-20 12:20:00,229.67,229.67,229.12,229.12,-0.24,1881.64,414374.4,-1
2021-05-20,2021-05-20 12:30:00,229.12,229.12,228.58,228.58,-0.24,1881.64,414374.4,-1
2021-05-20,2021-05-20 12:40:00,228.58,228.58,228.04,228.04,-0.24,1881.64,414374.4,-1
2021-05-20,2021-05-20 12:50:00,228.04,228.04,227.5,227.5,-0.24,1881.64,414374.4,-1
2021-05-20,2021-05-20 13:00:00,227.5,234.0,212.0,226.96,-0.24,1881.64,414374.4,-1
2021-05-20,2021-05-20 13:10:00,226.96,226.96,226.42,226.42,-0.24,1881.64,414374.4,-1
2021-05-20,2021-05-20 13:20:00,226.42,226.42,225.88,225.88,-0.24,1881.64,414374.4,-1
2021-05-20,2021-05-20 13:30:00,225.88,225.88,225.33,225.33,-0.24,1881.64,414374.4,-1
2021-05-20,2021-05-20 13:40:00,225.33,225.33,224.79,224.79,-0.24,1881.64,414374.4,-1
2021-05-20,2021-05-20 13:50:00,224.79,224.79,224.25,224.25,-0.24,1881.64,414374.4,-1
2021-05-20,2021-05-20 14:00:00,224.25,224.25,223.71,223.71,-0.24,1881.64,414374.4,-1
2021-05-20,2021-05-20 14:10:00,223.71,223.71,223.17,223.17,-0.24,1881.64,414374.4,-1
2021-05-20,2021-05-20 14:20:00,223.17,223.17,222.62,222.62,-0.25,1881.64,414374.4,-1
2021-05-20,2021-05-20 14:30:00,222.62,222.62,222.08,222.08,-0.24,1881.64,414374.4,-1
2021-05-20,2021-05-20 14:40:00,222.08,222.08,221.54,221.54,-0.24,1881.64,414374.4,-1
2021-05-20,2021-05-20 14:50:00,221.54,221.54,221.0,221.0,-0.24,1881.64,414374.4,-1
2021-05-20,2021-05-20 15:00:00,221.0,234.0,212.0,221.0,0.0,1881.64,414374.4,0
2021-05-23,2021-05-23 11:00:00,217.0,222.1,214.0,217.42,0.19,1534.72,340918.8,1
2021-05-23,2021-05-23 11:10:00,217.42,217.83,217.42,217.83,0.19,1534.72,340918.8,1
2021-05-23,2021-05-23 11:20:00,217.83,218.25,217.83,218.25,0.19,1534.72,340918.8,1
2021-05-23,2021-05-23 11:30:00,218.25,218.67,218.25,218.67,0.19,1534.72,340918.8,1
2021-05-23,2021-05-23 11:40:00,218.67,219.08,218.67,219.08,0.19,1534.72,340918.8,1
2021-05-23,2021-05-23 11:50:00,219.08,219.5,219.08,219.5,0.19,1534.72,340918.8,1
2021-05-23,2021-05-23 12:00:00,219.5,219.92,219.5,219.92,0.19,1534.72,340918.8,1
2021-05-23,2021-05-23 12:10:00,219.92,220.33,219.92,220.33,0.19,1534.72,340918.8,1
2021-05-23,2021-05-23 12:20:00,220.33,220.75,220.33,220.75,0.19,1534.72,340918.8,1
2021-05-23,2021-05-23 12:30:00,220.75,221.17,220.75,221.17,0.19,1534.72,340918.8,1
2021-05-23,2021-05-23 12:40:00,221.17,221.58,221.17,221.58,0.19,1534.72,340918.8,1
2021-05-23,2021-05-23 12:50:00,221.58,222.0,221.58,222.0,0.19,1534.72,340918.8,1
2021-05-23,2021-05-23 13:00:00,222.0,234.0,207.0,222.42,0.19,1534.72,340918.8,1
2021-05-23,2021-05-23 13:10:00,222.42,222.83,222.42,222.83,0.18,1534.72,340918.8,1
2021-05-23,2021-05-23 13:20:00,222.83,223.25,222.83,223.25,0.19,1534.72,340918.8,1
2021-05-23,2021-05-23 13:30:00,223.25,223.67,223.25,223.67,0.19,1534.72,340918.8,1
2021-05-23,2021-05-23 13:40:00,223.67,224.08,223.67,224.08,0.18,1534.72,340918.8,1
2021-05-23,2021-05-23 13:50:00,224.08,224.5,224.08,224.5,0.19,1534.72,340918.8,1
2021-05-23,2021-05-23 14:00:00,224.5,224.92,224.5,224.92,0.19,1534.72,340918.8,1
2021-05-23,2021-05-23 14:10:00,224.92,225.33,224.92,225.33,0.18,1534.72,340918.8,1
2021-05-23,2021-05-23 14:20:00,225.33,225.75,225.33,225.75,0.19,1534.72,340918.8,1
2021-05-23,2021-05-23 14:30:00,225.75,226.17,225.75,226.17,0.19,1534.72,340918.8,1
2021-05-23,2021-05-23 14:40:00,226.17,226.58,226.17,226.58,0.18,1534.72,340918.8,1
2021-05-23,2021-05-23 14:50:00,226.58,227.0,226.58,227.0,0.19,1534.72,340918.8,1
2021-05-23,2021-05-23 15:00:00,227.0,234.0,207.0,227.0,0.0,1534.72,340918.8,0
2021-05-24,2021-05-24 11:00:00,229.0,229.6,225.7,228.71,-0.13,1415.0,314187.52,-1
2021-05-24,2021-05-24 11:10:00,228.71,228.71,228.42,228.42,-0.13,1415.0,314187.52,-1
2021-05-24,2021-05-24 11:20:00,228.42,228.42,228.12,228.12,-0.13,1415.0,314187.52,-1
2021-05-24,2021-05-24 11:30:00,228.12,228.12,227.83,227.83,-0.13,1415.0,314187.52,-1
2021-05-24,2021-05-24 11:40:00,227.83,227.83,227.54,227.54,-0.13,1415.0,314187.52,-1
2021-05-24,2021-05-24 11:50:00,227.54,227.54,227.25,227.25,-0.13,1415.0,314187.52,-1
2021-05-24,2021-05-24 12:00:00,227.25,227.25,226.96,226.96,-0.13,1415.0,314187.52,-1
2021-05-24,2021-05-24 12:10:00,226.96,226.96,226.67,226.67,-0.13,1415.0,314187.52,-1
2021-05-24,2021-05-24 12:20:00,226.67,226.67,226.38,226.38,-0.13,1415.0,314187.52,-1
2021-05-24,2021-05-24 12:30:00,226.38,226.38,226.08,226.08,-0.13,1415.0,314187.52,-1
2021-05-24,2021-05-24 12:40:00,226.08,226.08,225.79,225.79,-0.13,1415.0,314187.52,-1
2021-05-24,2021-05-24 12:50:00,225.79,225.79,225.5,225.5,-0.13,1415.0,314187.52,-1
2021-05-24,2021-05-24 13:00:00,225.5,231.0,218.0,225.21,-0.13,1415.0,314187.52,-1
2021-05-24,2021-05-24 13:10:00,225.21,225.21,224.92,224.92,-0.13,1415.0,314187.52,-1
2021-05-24,2021-05-24 13:20:00,224.92,224.92,224.62,224.62,-0.13,1415.0,314187.52,-1
2021-05-24,2021-05-24 13:30:00,224.62,224.62,224.33,224.33,-0.13,1415.0,314187.52,-1
2021-05-24,2021-05-24 13:40:00,224.33,224.33,224.04,224.04,-0.13,1415.0,314187.52,-1
2021-05-24,2021-05-24 13:50:00,224.04,224.04,223.75,223.75,-0.13,1415.0,314187.52,-1
2021-05-24,2021-05-24 14:00:00,223.75,223.75,223.46,223.46,-0.13,1415.0,314187.52,-1
2021-05-24,2021-05-24 14:10:00,223.46,223.46,223.17,223.17,-0.13,1415.0,314187.52,-1
2021-05-24,2021-05-24 14:20:00,223.17,223.17,222.88,222.88,-0.13,1415.0,314187.52,-1
2021-05-24,2021-05-24 14:30:00,222.88,222.88,222.58,222.58,-0.13,1415.0,314187.52,-1
2021-05-24,2021-05-24 14:40:00,222.58,222.58,222.29,222.29,-0.13,1415.0,314187.52,-1
2021-05-24,2021-05-24 14:50:00,222.29,222.29,222.0,222.0,-0.13,1415.0,314187.52,-1
2021-05-24,2021-05-24 15:00:00,222.0,231.0,218.0,222.0,0.0,1415.0,314187.52,0
2021-05-25,2021-05-25 11:00:00,218.0,221.9,217.1,218.54,0.25,1726.96,391248.6,1
2021-05-25,2021-05-25 11:10:00,218.54,219.08,218.54,219.08,0.25,1726.96,391248.6,1
2021-05-25,2021-05-25 11:20:00,219.08,219.62,219.08,219.62,0.25,1726.96,391248.6,1
2021-05-25,2021-05-25 11:30:00,219.62,220.17,219.62,220.17,0.25,1726.96,391248.6,1
2021-05-25,2021-05-25 11:40:00,220.17,220.71,220.17,220.71,0.25,1726.96,391248.6,1
2021-05-25,2021-05-25 11:50:00,220.71,221.25,220.71,221.25,0.24,1726.96,391248.6,1
2021-05-25,2021-05-25 12:00:00,221.25,221.79,221.25,221.79,0.24,1726.96,391248.6,1
2021-05-25,2021-05-25 12:10:00,221.79,222.33,221.79,222.33,0.24,1726.96,391248.6,1
2021-05-25,2021-05-25 12:20:00,222.33,222.88,222.33,222.88,0.25,1726.96,391248.6,1
2021-05-25,2021-05-25 12:30:00,222.88,223.42,222.88,223.42,0.24,1726.96,391248.6,1
2021-05-25,2021-05-25 12:40:00,223.42,223.96,223.42,223.96,0.24,1726.96,391248.6,1
2021-05-25,2021-05-25 12:50:00,223.96,224.5,223.96,224.5,0.24,1726.96,391248.6,1
2021-05-25,2021-05-25 13:00:00,224.5,231.0,215.0,225.04,0.24,1726.96,391248.6,1
2021-05-25,2021-05-25 13:10:00,225.04,225.58,225.04,225.58,0.24,1726.96,391248.6,1
2021-05-25,2021-05-25 13:20:00,225.58,226.12,225.58,226.12,0.24,1726.96,391248.6,1
2021-05-25,2021-05-25 13:30:00,226.12,226.67,226.12,226.67,0.24,1726.96,391248.6,1
2021-05-25,2021-05-25 13:40:00,226.67,227.21,226.67,227.21,0.24,1726.96,391248.6,1
2021-05-25,2021-05-25 13:50:00,227.21,227.75,227.21,227.75,0.24,1726.96,391248.6,1
2021-05-25,2021-05-25 14:00:00,227.75,228.29,227.75,228.29,0.24,1726.96,391248.6,1
2021-05-25,2021-05-25 14:10:00,228.29,228.83,228.29,228.83,0.24,1726.96,391248.6,1
2021-05-25,2021-05-25 14:20:00,228.83,229.38,228.83,229.38,0.24,1726.96,391248.6,1
2021-05-25,2021-05-25 14:30:00,229.38,229.92,229.38,229.92,0.24,1726.96,391248.6,1
2021-05-25,2021-05-25 14:40:00,229.92,230.46,229.92,230.46,0.23,1726.96,391248.6,1
2021-05-25,2021-05-25 14:50:00,230.46,231.0,230.46,231.0,0.23,1726.96,391248.6,1
2021-05-25,2021-05-25 15:00:00,231.0,231.0,215.0,231.0,0.0,1726.96,391248.6,0
2021-05-27,2021-05-27 11:00:00,230.0,237.2,229.1,231.0,0.43,3618.0,902620.36,1
2021-05-27,2021-05-27 11:10:00,231.0,232.0,231.0,232.0,0.43,3618.0,902620.36,1
2021-05-27,2021-05-27 11:20:00,232.0,233.0,232.0,233.0,0.43,3618.0,902620.36,1
2021-05-27,2021-05-27 11:30:00,233.0,234.0,233.0,234.0,0.43,3618.0,902620.36,1
2021-05-27,2021-05-27 11:40:00,234.0,235.0,234.0,235.0,0.43,3618.0,902620.36,1
2021-05-27,2021-05-27 11:50:00,235.0,236.0,235.0,236.0,0.43,3618.0,902620.36,1
2021-05-27,2021-05-27 12:00:00,236.0,237.0,236.0,237.0,0.42,3618.0,902620.36,1
2021-05-27,2021-05-27 12:10:00,237.0,238.0,237.0,238.0,0.42,3618.0,902620.36,1
2021-05-27,2021-05-27 12:20:00,238.0,239.0,238.0,239.0,0.42,3618.0,902620.36,1
2021-05-27,2021-05-27 12:30:00,239.0,240.0,239.0,240.0,0.42,3618.0,902620.36,1
2021-05-27,2021-05-27 12:40:00,240.0,241.0,240.0,241.0,0.42,3618.0,902620.36,1
2021-05-27,2021-05-27 12:50:00,241.0,242.0,241.0,242.0,0.41,3618.0,902620.36,1
2021-05-27,2021-05-27 13:00:00,242.0,254.0,227.0,243.0,0.41,3618.0,902620.36,1
2021-05-27,2021-05-27 13:10:00,243.0,244.0,243.0,244.0,0.41,3618.0,902620.36,1
2021-05-27,2021-05-27 13:20:00,244.0,245.0,244.0,245.0,0.41,3618.0,902620.36,1
2021-05-27,2021-05-27 13:30:00,245.0,246.0,245.0,246.0,0.41,3618.0,902620.36,1
2021-05-27,2021-05-27 13:40:00,246.0,247.0,246.0,247.0,0.41,3618.0,902620.36,1
2021-05-27,2021-05-27 13:50:00,247.0,248.0,247.0,248.0,0.4,3618.0,902620.36,1
2021-05-27,2021-05-27 14:00:00,248.0,249.0,248.0,249.0,0.4,3618.0,902620.36,1
2021-05-27,2021-05-27 14:10:00,249.0,250.0,249.0,250.0,0.4,3618.0,902620.36,1
2021-05-27,2021-05-27 14:20:00,250.0,251.0,250.0,251.0,0.4,3618.0,902620.36,1
2021-05-27,2021-05-27 14:30:00,251.0,252.0,251.0,252.0,0.4,3618.0,902620.36,1
2021-05-27,2021-05-27 14:40:00,252.0,253.0,252.0,253.0,0.4,3618.0,902620.36,1
2021-05-27,2021-05-27 14:50:00,253.0,254.0,253.0,254.0,0.4,3618.0,902620.36,1
2021-05-27,2021-05-27 15:00:00,254.0,254.0,227.0,254.0,0.0,3618.0,902620.36,0
2021-05-30,2021-05-30 11:00:00,258.0,264.3,257.1,258.88,0.34,2377.28,662166.92,1
2021-05-30,2021-05-30 11:10:00,258.88,259.75,258.88,259.75,0.34,2377.28,662166.92,1
2021-05-30,2021-05-30 11:20:00,259.75,260.62,259.75,260.62,0.33,2377.28,662166.92,1
2021-05-30,2021-05-30 11:30:00,260.62,261.5,260.62,261.5,0.34,2377.28,662166.92,1
2021-05-30,2021-05-30 11:40:00,261.5,262.38,261.5,262.38,0.34,2377.28,662166.92,1
2021-05-30,2021-05-30 11:50:00,262.38,263.25,262.38,263.25,0.33,2377.28,662166.92,1
2021-05-30,2021-05-30 12:00:00,263.25,264.12,263.25,264.12,0.33,2377.28,662166.92,1
2021-05-30,2021-05-30 12:10:00,264.12,265.0,264.12,265.0,0.33,2377.28,662166.92,1
2021-05-30,2021-05-30 12:20:00,265.0,265.88,265.0,265.88,0.33,2377.28,662166.92,1
2021-05-30,2021-05-30 12:30:00,265.88,266.75,265.88,266.75,0.33,2377.28,662166.92,1
2021-05-30,2021-05-30 12:40:00,266.75,267.62,266.75,267.62,0.33,2377.28,662166.92,1
2021-05-30,2021-05-30 12:50:00,267.62,268.5,267.62,268.5,0.33,2377.28,662166.92,1
2021-05-30,2021-05-30 13:00:00,268.5,279.0,255.0,269.38,0.33,2377.28,662166.92,1
2021-05-30,2021-05-30 13:10:00,269.38,270.25,269.38,270.25,0.32,2377.28,662166.92,1
2021-05-30,2021-05-30 13:20:00,270.25,271.12,270.25,271.12,0.32,2377.28,662166.92,1
2021-05-30,2021-05-30 13:30:00,271.12,272.0,271.12,272.0,0.32,2377.28,662166.92,1
2021-05-30,2021-05-30 13:40:00,272.0,272.88,272.0,272.88,0.32,2377.28,662166.92,1
2021-05-30,2021-05-30 13:50:00,272.88,273.75,272.88,273.75,0.32,2377.28,662166.92,1
2021-05-30,2021-05-30 14:00:00,273.75,274.62,273.75,274.62,0.32,2377.28,662166.92,1
2021-05-30,2021-05-30 14:10:00,274.62,275.5,274.62,275.5,0.32,2377.28,662166.92,1
2021-05-30,2021-05-30 14:20:00,275.5,276.38,275.5,276.38,0.32,2377.28,662166.92,1
2021-05-30,2021-05-30 14:30:00,276.38,277.25,276.38,277.25,0.31,2377.28,662166.92,1
2021-05-30,2021-05-30 14:40:00,277.25,278.12,277.25,278.12,0.31,2377.28,662166.92,1
2021-05-30,2021-05-30 14:50:00,278.12,279.0,278.12,279.0,0.32,2377.28,662166.92,1
2021-05-30,2021-05-30 15:00:00,279.0,279.0,255.0,279.0,0.0,2377.28,662166.92,0
2021-05-31,2021-05-31 11:00:00,279.0,282.0,273.3,278.38,-0.22,4130.92,1111280.32,-1
2021-05-31,2021-05-31 11:10:00,278.38,278.38,277.75,277.75,-0.23,4130.92,1111280.32,-1
2021-05-31,2021-05-31 11:20:00,277.75,277.75,277.12,277.12,-0.23,4130.92,1111280.32,-1
2021-05-31,2021-05-31 11:30:00,277.12,277.12,276.5,276.5,-0.22,4130.92,1111280.32,-1
2021-05-31,2021-05-31 11:40:00,276.5,276.5,275.88,275.88,-0.22,4130.92,1111280.32,-1
2021-05-31,2021-05-31 11:50:00,275.88,275.88,275.25,275.25,-0.23,4130.92,1111280.32,-1
2021-05-31,2021-05-31 12:00:00,275.25,275.25,274.62,274.62,-0.23,4130.92,1111280.32,-1
2021-05-31,2021-05-31 12:10:00,274.62,274.62,274.0,274.0,-0.23,4130.92,1111280.32,-1
2021-05-31,2021-05-31 12:20:00,274.0,274.0,273.38,273.38,-0.23,4130.92,1111280.32,-1
2021-05-31,2021-05-31 12:30:00,273.38,273.38,272.75,272.75,-0.23,4130.92,1111280.32,-1
2021-05-31,2021-05-31 12:40:00,272.75,272.75,272.12,272.12,-0.23,4130.92,1111280.32,-1
2021-05-31,2021-05-31 12:50:00,272.12,272.12,271.5,271.5,-0.23,4130.92,1111280.32,-1
2021-05-31,2021-05-31 13:00:00,271.5,289.0,260.0,270.88,-0.23,4130.92,1111280.32,-1
2021-05-31,2021-05-31 13:10:00,270.88,270.88,270.25,270.25,-0.23,4130.92,1111280.32,-1
2021-05-31,2021-05-31 13:20:00,270.25,270.25,269.62,269.62,-0.23,4130.92,1111280.32,-1
2021-05-31,2021-05-31 13:30:00,269.62,269.62,269.0,269.0,-0.23,4130.92,1111280.32,-1
2021-05-31,2021-05-31 13:40:00,269.0,269.0,268.38,268.38,-0.23,4130.92,1111280.32,-1
2021-05-31,2021-05-31 13:50:00,268.38,268.38,267.75,267.75,-0.23,4130.92,1111280.32,-1
2021-05-31,2021-05-31 14:00:00,267.75,267.75,267.12,267.12,-0.24,4130.92,1111280.32,-1
2021-05-31,2021-05-31 14:10:00,267.12,267.12,266.5,266.5,-0.23,4130.92,1111280.32,-1
2021-05-31,2021-05-31 14:20:00,266.5,266.5,265.88,265.88,-0.23,4130.92,1111280.32,-1
2021-05-31,2021-05-31 14:30:00,265.88,265.88,265.25,265.25,-0.24,4130.92,1111280.32,-1
2021-05-31,2021-05-31 14:40:00,265.25,265.25,264.62,264.62,-0.24,4130.92,1111280.32,-1
2021-05-31,2021-05-31 14:50:00,264.62,264.62,264.0,264.0,-0.23,4130.92,1111280.32,-1
2021-05-31,2021-05-31 15:00:00,264.0,289.0,260.0,264.0,0.0,4130.92,1111280.32,0
2021-06-01,2021-06-01 11:00:00,264.0,264.0,258.3,263.54,-0.17,2166.64,547882.2,-1
2021-06-01,2021-06-01 11:10:00,263.54,263.54,263.08,263.08,-0.17,2166.64,547882.2,-1
2021-06-01,2021-06-01 11:20:00,263.08,263.08,262.62,262.62,-0.17,2166.64,547882.2,-1
2021-06-01,2021-06-01 11:30:00,262.62,262.62,262.17,262.17,-0.17,2166.64,547882.2,-1
2021-06-01,2021-06-01 11:40:00,262.17,262.17,261.71,261.71,-0.18,2166.64,547882.2,-1
2021-06-01,2021-06-01 11:50:00,261.71,261.71,261.25,261.25,-0.18,2166.64,547882.2,-1
2021-06-01,2021-06-01 12:00:00,261.25,261.25,260.79,260.79,-0.18,2166.64,547882.2,-1
2021-06-01,2021-06-01 12:10:00,260.79,260.79,260.33,260.33,-0.18,2166.64,547882.2,-1
2021-06-01,2021-06-01 12:20:00,260.33,260.33,259.88,259.88,-0.17,2166.64,547882.2,-1
2021-06-01,2021-06-01 12:30:00,259.88,259.88,259.42,259.42,-0.18,2166.64,547882.2,-1
2021-06-01,2021-06-01 12:40:00,259.42,259.42,258.96,258.96,-0.18,2166.64,547882.2,-1
2021-06-01,2021-06-01 12:50:00,258.96,258.96,258.5,258.5,-0.18,2166.64,547882.2,-1
2021-06-01,2021-06-01 13:00:00,258.5,264.0,245.0,258.04,-0.18,2166.64,547882.2,-1
2021-06-01,2021-06-01 13:10:00,258.04,258.04,257.58,257.58,-0.18,2166.64,547882.2,-1
2021-06-01,2021-06-01 13:20:00,257.58,257.58,257.12,257.12,-0.18,2166.64,547882.2,-1
2021-06-01,2021-06-01 13:30:00,257.12,257.12,256.67,256.67,-0.18,2166.64,547882.2,-1
2021-06-01,2021-06-01 13:40:00,256.67,256.67,256.21,256.21,-0.18,2166.64,547882.2,-1
2021-06-01,2021-06-01 13:50:00,256.21,256.21,255.75,255.75,-0.18,2166.64,547882.2,-1
2021-06-01,2021-06-01 14:00:00,255.75,255.75,255.29,255.29,-0.18,2166.64,547882.2,-1
2021-06-01,2021-06-01 14:10:00,255.29,255.29,254.83,254.83,-0.18,2166.64,547882.2,-1
2021-06-01,2021-06-01 14:20:00,254.83,254.83,254.38,254.38,-0.18,2166.64,547882.2,-1
2021-06-01,2021-06-01 14:30:00,254.38,254.38,253.92,253.92,-0.18,2166.64,547882.2,-1
2021-06-01,2021-06-01 14:40:00,253.92,253.92,253.46,253.46,-0.18,2166.64,547882.2,-1
2021-06-01,2021-06-01 14:50:00,253.46,253.46,253.0,253.0,-0.18,2166.64,547882.2,-1
2021-06-01,2021-06-01 15:00:00,253.0,264.0,245.0,253.0,0.0,2166.64,547882.2,0
2021-06-02,2021-06-02 11:00:00,265.0,265.0,253.9,264.79,-0.08,2866.44,699510.72,-1
2021-06-02,2021-06-02 11:10:00,264.79,264.79,264.58,264.58,-0.08,2866.44,699510.72,-1
2021-06-02,2021-06-02 11:20:00,264.58,264.58,264.38,264.38,-0.08,2866.44,699510.72,-1
2021-06-02,2021-06-02 11:30:00,264.38,264.38,264.17,264.17,-0.08,2866.44,699510.72,-1
2021-06-02,2021-06-02 11:40:00,264.17,264.17,263.96,263.96,-0.08,2866.44,699510.72,-1
2021-06-02,2021-06-02 11:50:00,263.96,263.96,263.75,263.75,-0.08,2866.44,699510.72,-1
2021-06-02,2021-06-02 12:00:00,263.75,263.75,263.54,263.54,-0.08,2866.44,699510.72,-1
2021-06-02,2021-06-02 12:10:00,263.54,263.54,263.33,263.33,-0.08,2866.44,699510.72,-1
2021-06-02,2021-06-02 12:20:00,263.33,263.33,263.12,263.12,-0.08,2866.44,699510.72,-1
2021-06-02,2021-06-02 12:30:00,263.12,263.12,262.92,262.92,-0.08,2866.44,699510.72,-1
2021-06-02,2021-06-02 12:40:00,262.92,262.92,262.71,262.71,-0.08,2866.44,699510.72,-1
2021-06-02,2021-06-02 12:50:00,262.71,262.71,262.5,262.5,-0.08,2866.44,699510.72,-1
2021-06-02,2021-06-02 13:00:00,262.5,265.0,228.0,262.29,-0.08,2866.44,699510.72,-1
2021-06-02,2021-06-02 13:10:00,262.29,262.29,262.08,262.08,-0.08,2866.44,699510.72,-1
2021-06-02,2021-06-02 13:20:00,262.08,262.08,261.88,261.88,-0.08,2866.44,699510.72,-1
2021-06-02,2021-06-02 13:30:00,261.88,261.88,261.67,261.67,-0.08,2866.44,699510.72,-1
2021-06-02,2021-06-02 13:40:00,261.67,261.67,261.46,261.46,-0.08,2866.44,699510.72,-1
2021-06-02,2021-06-02 13:50:00,261.46,261.46,261.25,261.25,-0.08,2866.44,699510.72,-1
2021-06-02,2021-06-02 14:00:00,261.25,261.25,261.04,261.04,-0.08,2866.44,699510.72,-1
2021-06-02,2021-06-02 14:10:00,261.04,261.04,260.83,260.83,-0.08,2866.44,699510.72,-1
2021-06-02,2021-06-02 14:20:00,260.83,260.83,260.62,260.62,-0.08,2866.44,699510.72,-1
2021-06-02,2021-06-02 14:30:00,260.62,260.62,260.42,260.42,-0.08,2866.44,699510.72,-1
2021-06-02,2021-06-02 14:40:00,260.42,260.42,260.21,260.21,-0.08,2866.44,699510.72,-1
2021-06-02,2021-06-02 14:50:00,260.21,260.21,260.0,260.0,-0.08,2866.44,699510.72,-1
2021-06-02,2021-06-02 15:00:00,260.0,265.0,228.0,260.0,0.0,2866.44,699510.72,0
2021-06-03,2021-06-03 11:00:00,256.0,260.2,252.7,255.96,-0.02,1433.12,365139.96,-1
2021-06-03,2021-06-03 11:10:00,255.96,255.96,255.92,255.92,-0.02,1433.12,365139.96,-1
2021-06-03,2021-06-03 11:20:00,255.92,255.92,255.88,255.88,-0.02,1433.12,365139.96,-1
2021-06-03,2021-06-03 11:30:00,255.88,255.88,255.83,255.83,-0.02,1433.12,365139.96,-1
2021-06-03,2021-06-03 11:40:00,255.83,255.83,255.79,255.79,-0.02,1433.12,365139.96,-1
2021-06-03,2021-06-03 11:50:00,255.79,255.79,255.75,255.75,-0.02,1433.12,365139.96,-1
2021-06-03,2021-06-03 12:00:00,255.75,255.75,255.71,255.71,-0.02,1433.12,365139.96,-1
2021-06-03,2021-06-03 12:10:00,255.71,255.71,255.67,255.67,-0.02,1433.12,365139.96,-1
2021-06-03,2021-06-03 12:20:00,255.67,255.67,255.62,255.62,-0.02,1433.12,365139.96,-1
2021-06-03,2021-06-03 12:30:00,255.62,255.62,255.58,255.58,-0.02,1433.12,365139.96,-1
2021-06-03,2021-06-03 12:40:00,255.58,255.58,255.54,255.54,-0.02,1433.12,365139.96,-1
2021-06-03,2021-06-03 12:50:00,255.54,255.54,255.5,255.5,-0.02,1433.12,365139.96,-1
2021-06-03,2021-06-03 13:00:00,255.5,270.0,245.0,255.46,-0.02,1433.12,365139.96,-1
2021-06-03,2021-06-03 13:10:00,255.46,255.46,255.42,255.42,-0.02,1433.12,365139.96,-1
2021-06-03,2021-06-03 13:20:00,255.42,255.42,255.38,255.38,-0.02,1433.12,365139.96,-1
2021-06-03,2021-06-03 13:30:00,255.38,255.38,255.33,255.33,-0.02,1433.12,365139.96,-1
2021-06-03,2021-06-03 13:40:00,255.33,255.33,255.29,255.29,-0.02,1433.12,365139.96,-1
2021-06-03,2021-06-03 13:50:00,255.29,255.29,255.25,255.25,-0.02,1433.12,365139.96,-1
2021-06-03,2021-06-03 14:00:00,255.25,255.25,255.21,255.21,-0.02,1433.12,365139.96,-1
2021-06-03,2021-06-03 14:10:00,255.21,255.21,255.17,255.17,-0.02,1433.12,365139.96,-1
2021-06-03,2021-06-03 14:20:00,255.17,255.17,255.12,255.12,-0.02,1433.12,365139.96,-1
2021-06-03,2021-06-03 14:30:00,255.12,255.12,255.08,255.08,-0.02,1433.12,365139.96,-1
2021-06-03,2021-06-03 14:40:00,255.08,255.08,255.04,255.04,-0.02,1433.12,365139.96,-1
2021-06-03,2021-06-03 14:50:00,255.04,255.04,255.0,255.0,-0.02,1433.12,365139.96,-1
2021-06-03,2021-06-03 15:00:00,255.0,270.0,245.0,255.0,0.0,1433.12,365139.96,0
2021-06-06,2021-06-06 11:00:00,255.0,255.0,247.8,254.54,-0.18,2430.0,578004.72,-1
2021-06-06,2021-06-06 11:10:00,254.54,254.54,254.08,254.08,-0.18,2430.0,578004.72,-1
2021-06-06,2021-06-06 11:20:00,254.08,254.08,253.62,253.62,-0.18,2430.0,578004.72,-1
2021-06-06,2021-06-06 11:30:00,253.62,253.62,253.17,253.17,-0.18,2430.0,578004.72,-1
2021-06-06,2021-06-06 11:40:00,253.17,253.17,252.71,252.71,-0.18,2430.0,578004.72,-1
2021-06-06,2021-06-06 11:50:00,252.71,252.71,252.25,252.25,-0.18,2430.0,578004.72,-1
2021-06-06,2021-06-06 12:00:00,252.25,252.25,251.79,251.79,-0.18,2430.0,578004.72,-1
2021-06-06,2021-06-06 12:10:00,251.79,251.79,251.33,251.33,-0.18,2430.0,578004.72,-1
2021-06-06,2021-06-06 12:20:00,251.33,251.33,250.88,250.88,-0.18,2430.0,578004.72,-1
2021-06-06,2021-06-06 12:30:00,250.88,250.88,250.42,250.42,-0.18,2430.0,578004.72,-1
2021-06-06,2021-06-06 12:40:00,250.42,250.42,249.96,249.96,-0.18,2430.0,578004.72,-1
2021-06-06,2021-06-06 12:50:00,249.96,249.96,249.5,249.5,-0.18,2430.0,578004.72,-1
2021-06-06,2021-06-06 13:00:00,249.5,255.0,231.0,249.04,-0.18,2430.0,578004.72,-1
2021-06-06,2021-06-06 13:10:00,249.04,249.04,248.58,248.58,-0.18,2430.0,578004.72,-1
2021-06-06,2021-06-06 13:20:00,248.58,248.58,248.12,248.12,-0.19,2430.0,578004.72,-1
2021-06-06,2021-06-06 13:30:00,248.12,248.12,247.67,247.67,-0.18,2430.0,578004.72,-1
2021-06-06,2021-06-06 13:40:00,247.67,247.67,247.21,247.21,-0.19,2430.0,578004.72,-1
2021-06-06,2021-06-06 13:50:00,247.21,247.21,246.75,246.75,-0.19,2430.0,578004.72,-1
2021-06-06,2021-06-06 14:00:00,246.75,246.75,246.29,246.29,-0.19,2430.0,578004.72,-1
2021-06-06,2021-06-06 14:10:00,246.29,246.29,245.83,245.83,-0.19,2430.0,578004.72,-1
2021-06-06,2021-06-06 14:20:00,245.83,245.83,245.38,245.38,-0.18,2430.0,578004.72,-1
2021-06-06,2021-06-06 14:30:00,245.38,245.38,244.92,244.92,-0.19,2430.0,578004.72,-1
2021-06-06,2021-06-06 14:40:00,244.92,244.92,244.46,244.46,-0.19,2430.0,578004.72,-1
2021-06-06,2021-06-06 14:50:00,244.46,244.46,244.0,244.0,-0.19,2430.0,578004.72,-1
2021-06-06,2021-06-06 15:00:00,244.0,255.0,231.0,244.0,0.0,2430.0,578004.72,0
2021-06-07,2021-06-07 11:00:00,240.0,246.0,238.8,240.75,0.31,1803.24,458109.16,1
2021-06-07,2021-06-07 11:10:00,240.75,241.5,240.75,241.5,0.31,1803.24,458109.16,1
2021-06-07,2021-06-07 11:20:00,241.5,242.25,241.5,242.25,0.31,1803.24,458109.16,1
2021-06-07,2021-06-07 11:30:00,242.25,243.0,242.25,243.0,0.31,1803.24,458109.16,1
2021-06-07,2021-06-07 11:40:00,243.0,243.75,243.0,243.75,0.31,1803.24,458109.16,1
2021-06-07,2021-06-07 11:50:00,243.75,244.5,243.75,244.5,0.31,1803.24,458109.16,1
2021-06-07,2021-06-07 12:00:00,244.5,245.25,244.5,245.25,0.31,1803.24,458109.16,1
2021-06-07,2021-06-07 12:10:00,245.25,246.0,245.25,246.0,0.31,1803.24,458109.16,1
2021-06-07,2021-06-07 12:20:00,246.0,246.75,246.0,246.75,0.3,1803.24,458109.16,1
2021-06-07,2021-06-07 12:30:00,246.75,247.5,246.75,247.5,0.3,1803.24,458109.16,1
2021-06-07,2021-06-07 12:40:00,247.5,248.25,247.5,248.25,0.3,1803.24,458109.16,1
2021-06-07,2021-06-07 12:50:00,248.25,249.0,248.25,249.0,0.3,1803.24,458109.16,1
2021-06-07,2021-06-07 13:00:00,249.0,260.0,236.0,249.75,0.3,1803.24,458109.16,1
2021-06-07,2021-06-07 13:10:00,249.75,250.5,249.75,250.5,0.3,1803.24,458109.16,1
2021-06-07,2021-06-07 13:20:00,250.5,251.25,250.5,251.25,0.3,1803.24,458109.16,1
2021-06-07,2021-06-07 13:30:00,251.25,252.0,251.25,252.0,0.3,1803.24,458109.16,1
2021-06-07,2021-06-07 13:40:00,252.0,252.75,252.0,252.75,0.3,1803.24,458109.16,1
2021-06-07,2021-06-07 13:50:00,252.75,253.5,252.75,253.5,0.3,1803.24,458109.16,1
2021-06-07,2021-06-07 14:00:00,253.5,254.25,253.5,254.25,0.3,1803.24,458109.16,1
2021-06-07,2021-06-07 14:10:00,254.25,255.0,254.25,255.0,0.29,1803.24,458109.16,1
2021-06-07,2021-06-07 14:20:00,255.0,255.75,255.0,255.75,0.29,1803.24,458109.16,1
2021-06-07,2021-06-07 14:30:00,255.75,256.5,255.75,256.5,0.29,1803.24,458109.16,1
2021-06-07,2021-06-07 14:40:00,256.5,257.25,256.5,257.25,0.29,1803.24,458109.16,1
2021-06-07,2021-06-07 14:50:00,257.25,258.0,257.25,258.0,0.29,1803.24,458109.16,1
2021-06-07,2021-06-07 15:00:00,258.0,260.0,236.0,258.0,0.0,1803.24,458109.16,0
2021-06-08,2021-06-08 11:00:00,260.0,263.0,259.4,260.08,0.03,2578.12,680853.96,1
2021-06-08,2021-06-08 11:10:00,260.08,260.17,260.08,260.17,0.03,2578.12,680853.96,1
2021-06-08,2021-06-08 11:20:00,260.17,260.25,260.17,260.25,0.03,2578.12,680853.96,1
2021-06-08,2021-06-08 11:30:00,260.25,260.33,260.25,260.33,0.03,2578.12,680853.96,1
2021-06-08,2021-06-08 11:40:00,260.33,260.42,260.33,260.42,0.03,2578.12,680853.96,1
2021-06-08,2021-06-08 11:50:00,260.42,260.5,260.42,260.5,0.03,2578.12,680853.96,1
2021-06-08,2021-06-08 12:00:00,260.5,260.58,260.5,260.58,0.03,2578.12,680853.96,1
2021-06-08,2021-06-08 12:10:00,260.58,260.67,260.58,260.67,0.03,2578.12,680853.96,1
2021-06-08,2021-06-08 12:20:00,260.67,260.75,260.67,260.75,0.03,2578.12,680853.96,1
2021-06-08,2021-06-08 12:30:00,260.75,260.83,260.75,260.83,0.03,2578.12,680853.96,1
2021-06-08,2021-06-08 12:40:00,260.83,260.92,260.83,260.92,0.03,2578.12,680853.96,1
2021-06-08,2021-06-08 12:50:00,260.92,261.0,260.92,261.0,0.03,2578.12,680853.96,1
2021-06-08,2021-06-08 13:00:00,261.0,270.0,258.0,261.08,0.03,2578.12,680853.96,1
2021-06-08,2021-06-08 13:10:00,261.08,261.17,261.08,261.17,0.03,2578.12,680853.96,1
2021-06-08,2021-06-08 13:20:00,261.17,261.25,261.17,261.25,0.03,2578.12,680853.96,1
2021-06-08,2021-06-08 13:30:00,261.25,261.33,261.25,261.33,0.03,2578.12,680853.96,1
2021-06-08,2021-06-08 13:40:00,261.33,261.42,261.33,261.42,0.03,2578.12,680853.96,1
2021-06-08,2021-06-08 13:50:00,261.42,261.5,261.42,261.5,0.03,2578.12,680853.96,1
2021-06-08,2021-06-08 14:00:00,261.5,261.58,261.5,261.58,0.03,2578.12,680853.96,1
2021-06-08,2021-06-08 14:10:00,261.58,261.67,261.58,261.67,0.03,2578.12,680853.96,1
2021-06-08,2021-06-08 14:20:00,261.67,261.75,261.67,261.75,0.03,2578.12,680853.96,1
2021-06-08,2021-06-08 14:30:00,261.75,261.83,261.75,261.83,0.03,2578.12,680853.96,1
2021-06-08,2021-06-08 14:40:00,261.83,261.92,261.83,261.92,0.03,2578.12,680853.96,1
2021-06-08,2021-06-08 14:50:00,261.92,262.0,261.92,262.0,0.03,2578.12,680853.96,1
2021-06-08,2021-06-08 15:00:00,262.0,270.0,258.0,262.0,0.0,2578.12,680853.96,0
2021-06-09,2021-06-09 11:00:00,260.0,260.6,257.6,259.88,-0.05,1116.56,286375.76,-1
2021-06-09,2021-06-09 11:10:00,259.88,259.88,259.75,259.75,-0.05,1116.56,286375.76,-1
2021-06-09,2021-06-09 11:20:00,259.75,259.75,259.62,259.62,-0.05,1116.56,286375.76,-1
2021-06-09,2021-06-09 11:30:00,259.62,259.62,259.5,259.5,-0.05,1116.56,286375.76,-1
2021-06-09,2021-06-09 11:40:00,259.5,259.5,259.38,259.38,-0.05,1116.56,286375.76,-1
2021-06-09,2021-06-09 11:50:00,259.38,259.38,259.25,259.25,-0.05,1116.56,286375.76,-1
2021-06-09,2021-06-09 12:00:00,259.25,259.25,259.12,259.12,-0.05,1116.56,286375.76,-1
2021-06-09,2021-06-09 12:10:00,259.12,259.12,259.0,259.0,-0.05,1116.56,286375.76,-1
2021-06-09,2021-06-09 12:20:00,259.0,259.0,258.88,258.88,-0.05,1116.56,286375.76,-1
2021-06-09,2021-06-09 12:30:00,258.88,258.88,258.75,258.75,-0.05,1116.56,286375.76,-1
2021-06-09,2021-06-09 12:40:00,258.75,258.75,258.62,258.62,-0.05,1116.56,286375.76,-1
2021-06-09,2021-06-09 12:50:00,258.62,258.62,258.5,258.5,-0.05,1116.56,286375.76,-1
2021-06-09,2021-06-09 13:00:00,258.5,262.0,252.0,258.38,-0.05,1116.56,286375.76,-1
2021-06-09,2021-06-09 13:10:00,258.38,258.38,258.25,258.25,-0.05,1116.56,286375.76,-1
2021-06-09,2021-06-09 13:20:00,258.25,258.25,258.12,258.12,-0.05,1116.56,286375.76,-1
2021-06-09,2021-06-09 13:30:00,258.12,258.12,258.0,258.0,-0.05,1116.56,286375.76,-1
2021-06-09,2021-06-09 13:40:00,258.0,258.0,257.88,257.88,-0.05,1116.56,286375.76,-1
2021-06-09,2021-06-09 13:50:00,257.88,257.88,257.75,257.75,-0.05,1116.56,286375.76,-1
2021-06-09,2021-06-09 14:00:00,257.75,257.75,257.62,257.62,-0.05,1116.56,286375.76,-1
2021-06-09,2021-06-09 14:10:00,257.62,257.62,257.5,257.5,-0.05,1116.56,286375.76,-1
2021-06-09,2021-06-09 14:20:00,257.5,257.5,257.38,257.38,-0.05,1116.56,286375.76,-1
2021-06-09,2021-06-09 14:30:00,257.38,257.38,257.25,257.25,-0.05,1116.56,286375.76,-1
2021-06-09,2021-06-09 14:40:00,257.25,257.25,257.12,257.12,-0.05,1116.56,286375.76,-1
2021-06-09,2021-06-09 14:50:00,257.12,257.12,257.0,257.0,-0.05,1116.56,286375.76,-1
2021-06-09,2021-06-09 15:00:00,257.0,262.0,252.0,257.0,0.0,1116.56,286375.76,0
2021-06-10,2021-06-10 11:00:00,257.0,264.5,254.9,258.04,0.4,5650.44,1552972.72,1
2021-06-10,2021-06-10 11:10:00,258.04,259.08,258.04,259.08,0.4,5650.44,1552972.72,1
2021-06-10,2021-06-10 11:20:00,259.08,260.12,259.08,260.12,0.4,5650.44,1552972.72,1
2021-06-10,2021-06-10 11:30:00,260.12,261.17,260.12,261.17,0.4,5650.44,1552972.72,1
2021-06-10,2021-06-10 11:40:00,261.17,262.21,261.17,262.21,0.4,5650.44,1552972.72,1
2021-06-10,2021-06-10 11:50:00,262.21,263.25,262.21,263.25,0.4,5650.44,1552972.72,1
2021-06-10,2021-06-10 12:00:00,263.25,264.29,263.25,264.29,0.4,5650.44,1552972.72,1
2021-06-10,2021-06-10 12:10:00,264.29,265.33,264.29,265.33,0.39,5650.44,1552972.72,1
2021-06-10,2021-06-10 12:20:00,265.33,266.38,265.33,266.38,0.4,5650.44,1552972.72,1
2021-06-10,2021-06-10 12:30:00,266.38,267.42,266.38,267.42,0.39,5650.44,1552972.72,1
2021-06-10,2021-06-10 12:40:00,267.42,268.46,267.42,268.46,0.39,5650.44,1552972.72,1
2021-06-10,2021-06-10 12:50:00,268.46,269.5,268.46,269.5,0.39,5650.44,1552972.72,1
2021-06-10,2021-06-10 13:00:00,269.5,282.0,250.0,270.54,0.39,5650.44,1552972.72,1
2021-06-10,2021-06-10 13:10:00,270.54,271.58,270.54,271.58,0.38,5650.44,1552972.72,1
2021-06-10,2021-06-10 13:20:00,271.58,272.62,271.58,272.62,0.38,5650.44,1552972.72,1
2021-06-10,2021-06-10 13:30:00,272.62,273.67,272.62,273.67,0.39,5650.44,1552972.72,1
2021-06-10,2021-06-10 13:40:00,273.67,274.71,273.67,274.71,0.38,5650.44,1552972.72,1
2021-06-10,2021-06-10 13:50:00,274.71,275.75,274.71,275.75,0.38,5650.44,1552972.72,1
2021-06-10,2021-06-10 14:00:00,275.75,276.79,275.75,276.79,0.38,5650.44,1552972.72,1
2021-06-10,2021-06-10 14:10:00,276.79,277.83,276.79,277.83,0.38,5650.44,1552972.72,1
2021-06-10,2021-06-10 14:20:00,277.83,278.88,277.83,278.88,0.38,5650.44,1552972.72,1
2021-06-10,2021-06-10 14:30:00,278.88,279.92,278.88,279.92,0.37,5650.44,1552972.72,1
2021-06-10,2021-06-10 14:40:00,279.92,280.96,279.92,280.96,0.37,5650.44,1552972.72,1
2021-06-10,2021-06-10 14:50:00,280.96,282.0,280.96,282.0,0.37,5650.44,1552972.72,1
2021-06-10,2021-06-10 15:00:00,282.0,282.0,250.0,282.0,0.0,5650.44,1552972.72,0
2021-06-13,2021-06-13 11:00:00,296.0,300.2,294.2,296.58,0.2,4021.64,1227733.92,1
2021-06-13,2021-06-13 11:10:00,296.58,297.17,296.58,297.17,0.2,4021.64,1227733.92,1
2021-06-13,2021-06-13 11:20:00,297.17,297.75,297.17,297.75,0.2,4021.64,1227733.92,1
2021-06-13,2021-06-13 11:30:00,297.75,298.33,297.75,298.33,0.19,4021.64,1227733.92,1
2021-06-13,2021-06-13 11:40:00,298.33,298.92,298.33,298.92,0.2,4021.64,1227733.92,1
2021-06-13,2021-06-13 11:50:00,298.92,299.5,298.92,299.5,0.19,4021.64,1227733.92,1
2021-06-13,2021-06-13 12:00:00,299.5,300.08,299.5,300.08,0.19,4021.64,1227733.92,1
2021-06-13,2021-06-13 12:10:00,300.08,300.67,300.08,300.67,0.2,4021.64,1227733.92,1
2021-06-13,2021-06-13 12:20:00,300.67,301.25,300.67,301.25,0.19,4021.64,1227733.92,1
2021-06-13,2021-06-13 12:30:00,301.25,301.83,301.25,301.83,0.19,4021.64,1227733.92,1
2021-06-13,2021-06-13 12:40:00,301.83,302.42,301.83,302.42,0.2,4021.64,1227733.92,1
2021-06-13,2021-06-13 12:50:00,302.42,303.0,302.42,303.0,0.19,4021.64,1227733.92,1
2021-06-13,2021-06-13 13:00:00,303.0,310.0,290.0,303.58,0.19,4021.64,1227733.92,1
2021-06-13,2021-06-13 13:10:00,303.58,304.17,303.58,304.17,0.19,4021.64,1227733.92,1
2021-06-13,2021-06-13 13:20:00,304.17,304.75,304.17,304.75,0.19,4021.64,1227733.92,1
2021-06-13,2021-06-13 13:30:00,304.75,305.33,304.75,305.33,0.19,4021.64,1227733.92,1
2021-06-13,2021-06-13 13:40:00,305.33,305.92,305.33,305.92,0.19,4021.64,1227733.92,1
2021-06-13,2021-06-13 13:50:00,305.92,306.5,305.92,306.5,0.19,4021.64,1227733.92,1
2021-06-13,2021-06-13 14:00:00,306.5,307.08,306.5,307.08,0.19,4021.64,1227733.92,1
2021-06-13,2021-06-13 14:10:00,307.08,307.67,307.08,307.67,0.19,4021.64,1227733.92,1
2021-06-13,2021-06-13 14:20:00,307.67,308.25,307.67,308.25,0.19,4021.64,1227733.92,1
2021-06-13,2021-06-13 14:30:00,308.25,308.83,308.25,308.83,0.19,4021.64,1227733.92,1
2021-06-13,2021-06-13 14:40:00,308.83,309.42,308.83,309.42,0.19,4021.64,1227733.92,1
2021-06-13,2021-06-13 14:50:00,309.42,310.0,309.42,310.0,0.19,4021.64,1227733.92,1
2021-06-13,2021-06-13 15:00:00,310.0,310.0,290.0,310.0,0.0,4021.64,1227733.92,0
2021-06-14,2021-06-14 11:00:00,312.0,320.7,310.2,313.21,0.39,6072.0,2014734.64,1
2021-06-14,2021-06-14 11:10:00,313.21,314.42,313.21,314.42,0.39,6072.0,2014734.64,1
2021-06-14,2021-06-14 11:20:00,314.42,315.62,314.42,315.62,0.38,6072.0,2014734.64,1
2021-06-14,2021-06-14 11:30:00,315.62,316.83,315.62,316.83,0.38,6072.0,2014734.64,1
2021-06-14,2021-06-14 11:40:00,316.83,318.04,316.83,318.04,0.38,6072.0,2014734.64,1
2021-06-14,2021-06-14 11:50:00,318.04,319.25,318.04,319.25,0.38,6072.0,2014734.64,1
2021-06-14,2021-06-14 12:00:00,319.25,320.46,319.25,320.46,0.38,6072.0,2014734.64,1
2021-06-14,2021-06-14 12:10:00,320.46,321.67,320.46,321.67,0.38,6072.0,2014734.64,1
2021-06-14,2021-06-14 12:20:00,321.67,322.88,321.67,322.88,0.38,6072.0,2014734.64,1
2021-06-14,2021-06-14 12:30:00,322.88,324.08,322.88,324.08,0.37,6072.0,2014734.64,1
2021-06-14,2021-06-14 12:40:00,324.08,325.29,324.08,325.29,0.37,6072.0,2014734.64,1
2021-06-14,2021-06-14 12:50:00,325.29,326.5,325.29,326.5,0.37,6072.0,2014734.64,1
2021-06-14,2021-06-14 13:00:00,326.5,341.0,306.0,327.71,0.37,6072.0,2014734.64,1
2021-06-14,2021-06-14 13:10:00,327.71,328.92,327.71,328.92,0.37,6072.0,2014734.64,1
2021-06-14,2021-06-14 13:20:00,328.92,330.12,328.92,330.12,0.36,6072.0,2014734.64,1
2021-06-14,2021-06-14 13:30:00,330.12,331.33,330.12,331.33,0.37,6072.0,2014734.64,1
2021-06-14,2021-06-14 13:40:00,331.33,332.54,331.33,332.54,0.37,6072.0,2014734.64,1
2021-06-14,2021-06-14 13:50:00,332.54,333.75,332.54,333.75,0.36,6072.0,2014734.64,1
2021-06-14,2021-06-14 14:00:00,333.75,334.96,333.75,334.96,0.36,6072.0,2014734.64,1
2021-06-14,2021-06-14 14:10:00,334.96,336.17,334.96,336.17,0.36,6072.0,2014734.64,1
2021-06-14,2021-06-14 14:20:00,336.17,337.38,336.17,337.38,0.36,6072.0,2014734.64,1
2021-06-14,2021-06-14 14:30:00,337.38,338.58,337.38,338.58,0.36,6072.0,2014734.64,1
2021-06-14,2021-06-14 14:40:00,338.58,339.79,338.58,339.79,0.36,6072.0,2014734.64,1
2021-06-14,2021-06-14 14:50:00,339.79,341.0,339.79,341.0,0.36,6072.0,2014734.64,1
2021-06-14,2021-06-14 15:00:00,341.0,341.0,306.0,341.0,0.0,6072.0,2014734.64,0
2021-06-15,2021-06-15 11:00:00,355.0,358.9,347.5,354.46,-0.15,3167.36,1107287.68,-1
2021-06-15,2021-06-15 11:10:00,354.46,354.46,353.92,353.92,-0.15,3167.36,1107287.68,-1
2021-06-15,2021-06-15 11:20:00,353.92,353.92,353.38,353.38,-0.15,3167.36,1107287.68,-1
2021-06-15,2021-06-15 11:30:00,353.38,353.38,352.83,352.83,-0.16,3167.36,1107287.68,-1
2021-06-15,2021-06-15 11:40:00,352.83,352.83,352.29,352.29,-0.15,3167.36,1107287.68,-1
2021-06-15,2021-06-15 11:50:00,352.29,352.29,351.75,351.75,-0.15,3167.36,1107287.68,-1
2021-06-15,2021-06-15 12:00:00,351.75,351.75,351.21,351.21,-0.15,3167.36,1107287.68,-1
2021-06-15,2021-06-15 12:10:00,351.21,351.21,350.67,350.67,-0.15,3167.36,1107287.68,-1
2021-06-15,2021-06-15 12:20:00,350.67,350.67,350.12,350.12,-0.16,3167.36,1107287.68,-1
2021-06-15,2021-06-15 12:30:00,350.12,350.12,349.58,349.58,-0.15,3167.36,1107287.68,-1
2021-06-15,2021-06-15 12:40:00,349.58,349.58,349.04,349.04,-0.15,3167.36,1107287.68,-1
2021-06-15,2021-06-15 12:50:00,349.04,349.04,348.5,348.5,-0.15,3167.36,1107287.68,-1
2021-06-15,2021-06-15 13:00:00,348.5,368.0,330.0,347.96,-0.15,3167.36,1107287.68,-1
2021-06-15,2021-06-15 13:10:00,347.96,347.96,347.42,347.42,-0.16,3167.36,1107287.68,-1
2021-06-15,2021-06-15 13:20:00,347.42,347.42,346.88,346.88,-0.16,3167.36,1107287.68,-1
2021-06-15,2021-06-15 13:30:00,346.88,346.88,346.33,346.33,-0.16,3167.36,1107287.68,-1
2021-06-15,2021-06-15 13:40:00,346.33,346.33,345.79,345.79,-0.16,3167.36,1107287.68,-1
2021-06-15,2021-06-15 13:50:00,345.79,345.79,345.25,345.25,-0.16,3167.36,1107287.68,-1
2021-06-15,2021-06-15 14:00:00,345.25,345.25,344.71,344.71,-0.16,3167.36,1107287.68,-1
2021-06-15,2021-06-15 14:10:00,344.71,344.71,344.17,344.17,-0.16,3167.36,1107287.68,-1
2021-06-15,2021-06-15 14:20:00,344.17,344.17,343.62,343.62,-0.16,3167.36,1107287.68,-1
2021-06-15,2021-06-15 14:30:00,343.62,343.62,343.08,343.08,-0.16,3167.36,1107287.68,-1
2021-06-15,2021-06-15 14:40:00,343.08,343.08,342.54,342.54,-0.16,3167.36,1107287.68,-1
2021-06-15,2021-06-15 14:50:00,342.54,342.54,342.0,342.0,-0.16,3167.36,1107287.68,-1
2021-06-15,2021-06-15 15:00:00,342.0,368.0,330.0,342.0,0.0,3167.36,1107287.68,0
2021-06-16,2021-06-16 11:00:00,342.0,342.0,331.8,340.58,-0.42,1644.28,513712.0,-1
2021-06-16,2021-06-16 11:10:00,340.58,340.58,339.17,339.17,-0.41,1644.28,513712.0,-1
2021-06-16,2021-06-16 11:20:00,339.17,339.17,337.75,337.75,-0.42,1644.28,513712.0,-1
2021-06-16,2021-06-16 11:30:00,337.75,337.75,336.33,336.33,-0.42,1644.28,513712.0,-1
2021-06-16,2021-06-16 11:40:00,336.33,336.33,334.92,334.92,-0.42,1644.28,513712.0,-1
2021-06-16,2021-06-16 11:50:00,334.92,334.92,333.5,333.5,-0.42,1644.28,513712.0,-1
2021-06-16,2021-06-16 12:00:00,333.5,333.5,332.08,332.08,-0.43,1644.28,513712.0,-1
2021-06-16,2021-06-16 12:10:00,332.08,332.08,330.67,330.67,-0.42,1644.28,513712.0,-1
2021-06-16,2021-06-16 12:20:00,330.67,330.67,329.25,329.25,-0.43,1644.28,513712.0,-1
2021-06-16,2021-06-16 12:30:00,329.25,329.25,327.83,327.83,-0.43,1644.28,513712.0,-1
2021-06-16,2021-06-16 12:40:00,327.83,327.83,326.42,326.42,-0.43,1644.28,513712.0,-1
2021-06-16,2021-06-16 12:50:00,326.42,326.42,325.0,325.0,-0.44,1644.28,513712.0,-1
2021-06-16,2021-06-16 13:00:00,325.0,342.0,308.0,323.58,-0.44,1644.28,513712.0,-1
2021-06-16,2021-06-16 13:10:00,323.58,323.58,322.17,322.17,-0.44,1644.28,513712.0,-1
2021-06-16,2021-06-16 13:20:00,322.17,322.17,320.75,320.75,-0.44,1644.28,513712.0,-1
2021-06-16,2021-06-16 13:30:00,320.75,320.75,319.33,319.33,-0.44,1644.28,513712.0,-1
2021-06-16,2021-06-16 13:40:00,319.33,319.33,317.92,317.92,-0.44,1644.28,513712.0,-1
2021-06-16,2021-06-16 13:50:00,317.92,317.92,316.5,316.5,-0.45,1644.28,513712.0,-1
2021-06-16,2021-06-16 14:00:00,316.5,316.5,315.08,315.08,-0.45,1644.28,513712.0,-1
2021-06-16,2021-06-16 14:10:00,315.08,315.08,313.67,313.67,-0.45,1644.28,513712.0,-1
2021-06-16,2021-06-16 14:20:00,313.67,313.67,312.25,312.25,-0.45,1644.28,513712.0,-1
2021-06-16,2021-06-16 14:30:00,312.25,312.25,310.83,310.83,-0.45,1644.28,513712.0,-1
2021-06-16,2021-06-16 14:40:00,310.83,310.83,309.42,309.42,-0.45,1644.28,513712.0,-1
2021-06-16,2021-06-16 14:50:00,309.42,309.42,308.0,308.0,-0.46,1644.28,513712.0,-1
2021-06-16,2021-06-16 15:00:00,308.0,342.0,308.0,308.0,0.0,1644.28,513712.0,0
2021-06-17,2021-06-17 11:00:00,302.0,308.0,295.4,302.42,0.14,2527.96,753920.72,1
2021-06-17,2021-06-17 11:10:00,302.42,302.83,302.42,302.83,0.14,2527.96,753920.72,1
2021-06-17,2021-06-17 11:20:00,302.83,303.25,302.83,303.25,0.14,2527.96,753920.72,1
2021-06-17,2021-06-17 11:30:00,303.25,303.67,303.25,303.67,0.14,2527.96,753920.72,1
2021-06-17,2021-06-17 11:40:00,303.67,304.08,303.67,304.08,0.14,2527.96,753920.72,1
2021-06-17,2021-06-17 11:50:00,304.08,304.5,304.08,304.5,0.14,2527.96,753920.72,1
2021-06-17,2021-06-17 12:00:00,304.5,304.92,304.5,304.92,0.14,2527.96,753920.72,1
2021-06-17,2021-06-17 12:10:00,304.92,305.33,304.92,305.33,0.13,2527.96,753920.72,1
2021-06-17,2021-06-17 12:20:00,305.33,305.75,305.33,305.75,0.14,2527.96,753920.72,1
2021-06-17,2021-06-17 12:30:00,305.75,306.17,305.75,306.17,0.14,2527.96,753920.72,1
2021-06-17,2021-06-17 12:40:00,306.17,306.58,306.17,306.58,0.13,2527.96,753920.72,1
2021-06-17,2021-06-17 12:50:00,306.58,307.0,306.58,307.0,0.14,2527.96,753920.72,1
2021-06-17,2021-06-17 13:00:00,307.0,322.0,280.0,307.42,0.14,2527.96,753920.72,1
2021-06-17,2021-06-17 13:10:00,307.42,307.83,307.42,307.83,0.13,2527.96,753920.72,1
2021-06-17,2021-06-17 13:20:00,307.83,308.25,307.83,308.25,0.14,2527.96,753920.72,1
2021-06-17,2021-06-17 13:30:00,308.25,308.67,308.25,308.67,0.14,2527.96,753920.72,1
2021-06-17,2021-06-17 13:40:00,308.67,309.08,308.67,309.08,0.13,2527.96,753920.72,1
2021-06-17,2021-06-17 13:50:00,309.08,309.5,309.08,309.5,0.14,2527.96,753920.72,1
2021-06-17,2021-06-17 14:00:00,309.5,309.92,309.5,309.92,0.14,2527.96,753920.72,1
2021-06-17,2021-06-17 14:10:00,309.92,310.33,309.92,310.33,0.13,2527.96,753920.72,1
2021-06-17,2021-06-17 14:20:00,310.33,310.75,310.33,310.75,0.14,2527.96,753920.72,1
2021-06-17,2021-06-17 14:30:00,310.75,311.17,310.75,311.17,0.14,2527.96,753920.72,1
2021-06-17,2021-06-17 14:40:00,311.17,311.58,311.17,311.58,0.13,2527.96,753920.72,1
2021-06-17,2021-06-17 14:50:00,311.58,312.0,311.58,312.0,0.13,2527.96,753920.72,1
2021-06-17,2021-06-17 15:00:00,312.0,322.0,280.0,312.0,0.0,2527.96,753920.72,0
2021-06-20,2021-06-20 11:00:00,318.0,318.0,306.9,317.0,-0.31,1347.84,401301.84,-1
2021-06-20,2021-06-20 11:10:00,317.0,317.0,316.0,316.0,-0.32,1347.84,401301.84,-1
2021-06-20,2021-06-20 11:20:00,316.0,316.0,315.0,315.0,-0.32,1347.84,401301.84,-1
2021-06-20,2021-06-20 11:30:00,315.0,315.0,314.0,314.0,-0.32,1347.84,401301.84,-1
2021-06-20,2021-06-20 11:40:00,314.0,314.0,313.0,313.0,-0.32,1347.84,401301.84,-1
2021-06-20,2021-06-20 11:50:00,313.0,313.0,312.0,312.0,-0.32,1347.84,401301.84,-1
2021-06-20,2021-06-20 12:00:00,312.0,312.0,311.0,311.0,-0.32,1347.84,401301.84,-1
2021-06-20,2021-06-20 12:10:00,311.0,311.0,310.0,310.0,-0.32,1347.84,401301.84,-1
2021-06-20,2021-06-20 12:20:00,310.0,310.0,309.0,309.0,-0.32,1347.84,401301.84,-1
2021-06-20,2021-06-20 12:30:00,309.0,309.0,308.0,308.0,-0.32,1347.84,401301.84,-1
2021-06-20,2021-06-20 12:40:00,308.0,308.0,307.0,307.0,-0.32,1347.84,401301.84,-1
2021-06-20,2021-06-20 12:50:00,307.0,307.0,306.0,306.0,-0.33,1347.84,401301.84,-1
2021-06-20,2021-06-20 13:00:00,306.0,318.0,281.0,305.0,-0.33,1347.84,401301.84,-1
2021-06-20,2021-06-20 13:10:00,305.0,305.0,304.0,304.0,-0.33,1347.84,401301.84,-1
2021-06-20,2021-06-20 13:20:00,304.0,304.0,303.0,303.0,-0.33,1347.84,401301.84,-1
2021-06-20,2021-06-20 13:30:00,303.0,303.0,302.0,302.0,-0.33,1347.84,401301.84,-1
2021-06-20,2021-06-20 13:40:00,302.0,302.0,301.0,301.0,-0.33,1347.84,401301.84,-1
2021-06-20,2021-06-20 13:50:00,301.0,301.0,300.0,300.0,-0.33,1347.84,401301.84,-1
2021-06-20,2021-06-20 14:00:00,300.0,300.0,299.0,299.0,-0.33,1347.84,401301.84,-1
2021-06-20,2021-06-20 14:10:00,299.0,299.0,298.0,298.0,-0.33,1347.84,401301.84,-1
2021-06-20,2021-06-20 14:20:00,298.0,298.0,297.0,297.0,-0.34,1347.84,401301.84,-1
2021-06-20,2021-06-20 14:30:00,297.0,297.0,296.0,296.0,-0.34,1347.84,401301.84,-1
2021-06-20,2021-06-20 14:40:00,296.0,296.0,295.0,295.0,-0.34,1347.84,401301.84,-1
2021-06-20,2021-06-20 14:50:00,295.0,295.0,294.0,294.0,-0.34,1347.84,401301.84,-1
2021-06-20,2021-06-20 15:00:00,294.0,318.0,281.0,294.0,0.0,1347.84,401301.84,0
2021-06-21,2021-06-21 11:00:00,308.0,308.0,295.1,306.46,-0.5,1325.56,364855.16,-1
2021-06-21,2021-06-21 11:10:00,306.46,306.46,304.92,304.92,-0.5,1325.56,364855.16,-1
2021-06-21,2021-06-21 11:20:00,304.92,304.92,303.38,303.38,-0.51,1325.56,364855.16,-1
2021-06-21,2021-06-21 11:30:00,303.38,303.38,301.83,301.83,-0.51,1325.56,364855.16,-1
2021-06-21,2021-06-21 11:40:00,301.83,301.83,300.29,300.29,-0.51,1325.56,364855.16,-1
2021-06-21,2021-06-21 11:50:00,300.29,300.29,298.75,298.75,-0.51,1325.56,364855.16,-1
2021-06-21,2021-06-21 12:00:00,298.75,298.75,297.21,297.21,-0.52,1325.56,364855.16,-1
2021-06-21,2021-06-21 12:10:00,297.21,297.21,295.67,295.67,-0.52,1325.56,364855.16,-1
2021-06-21,2021-06-21 12:20:00,295.67,295.67,294.12,294.12,-0.52,1325.56,364855.16,-1
2021-06-21,2021-06-21 12:30:00,294.12,294.12,292.58,292.58,-0.52,1325.56,364855.16,-1
2021-06-21,2021-06-21 12:40:00,292.58,292.58,291.04,291.04,-0.53,1325.56,364855.16,-1
2021-06-21,2021-06-21 12:50:00,291.04,291.04,289.5,289.5,-0.53,1325.56,364855.16,-1
2021-06-21,2021-06-21 13:00:00,289.5,308.0,265.0,287.96,-0.53,1325.56,364855.16,-1
2021-06-21,2021-06-21 13:10:00,287.96,287.96,286.42,286.42,-0.53,1325.56,364855.16,-1
2021-06-21,2021-06-21 13:20:00,286.42,286.42,284.88,284.88,-0.54,1325.56,364855.16,-1
2021-06-21,2021-06-21 13:30:00,284.88,284.88,283.33,283.33,-0.54,1325.56,364855.16,-1
2021-06-21,2021-06-21 13:40:00,283.33,283.33,281.79,281.79,-0.54,1325.56,364855.16,-1
2021-06-21,2021-06-21 13:50:00,281.79,281.79,280.25,280.25,-0.55,1325.56,364855.16,-1
2021-06-21,2021-06-21 14:00:00,280.25,280.25,278.71,278.71,-0.55,1325.56,364855.16,-1
2021-06-21,2021-06-21 14:10:00,278.71,278.71,277.17,277.17,-0.55,1325.56,364855.16,-1
2021-06-21,2021-06-21 14:20:00,277.17,277.17,275.62,275.62,-0.56,1325.56,364855.16,-1
2021-06-21,2021-06-21 14:30:00,275.62,275.62,274.08,274.08,-0.56,1325.56,364855.16,-1
2021-06-21,2021-06-21 14:40:00,274.08,274.08,272.54,272.54,-0.56,1325.56,364855.16,-1
2021-06-21,2021-06-21 14:50:00,272.54,272.54,271.0,271.0,-0.57,1325.56,364855.16,-1
2021-06-21,2021-06-21 15:00:00,271.0,308.0,265.0,271.0,0.0,1325.56,364855.16,0
2021-06-22,2021-06-22 11:00:00,271.0,279.1,268.0,272.12,0.41,1722.64,497162.72,1
2021-06-22,2021-06-22 11:10:00,272.12,273.25,272.12,273.25,0.42,1722.64,497162.72,1
2021-06-22,2021-06-22 11:20:00,273.25,274.38,273.25,274.38,0.41,1722.64,497162.72,1
2021-06-22,2021-06-22 11:30:00,274.38,275.5,274.38,275.5,0.41,1722.64,497162.72,1
2021-06-22,2021-06-22 11:40:00,275.5,276.62,275.5,276.62,0.41,1722.64,497162.72,1
2021-06-22,2021-06-22 11:50:00,276.62,277.75,276.62,277.75,0.41,1722.64,497162.72,1
2021-06-22,2021-06-22 12:00:00,277.75,278.88,277.75,278.88,0.41,1722.64,497162.72,1
2021-06-22,2021-06-22 12:10:00,278.88,280.0,278.88,280.0,0.4,1722.64,497162.72,1
2021-06-22,2021-06-22 12:20:00,280.0,281.12,280.0,281.12,0.4,1722.64,497162.72,1
2021-06-22,2021-06-22 12:30:00,281.12,282.25,281.12,282.25,0.4,1722.64,497162.72,1
2021-06-22,2021-06-22 12:40:00,282.25,283.38,282.25,283.38,0.4,1722.64,497162.72,1
2021-06-22,2021-06-22 12:50:00,283.38,284.5,283.38,284.5,0.4,1722.64,497162.72,1
2021-06-22,2021-06-22 13:00:00,284.5,298.0,261.0,285.62,0.39,1722.64,497162.72,1
2021-06-22,2021-06-22 13:10:00,285.62,286.75,285.62,286.75,0.4,1722.64,497162.72,1
2021-06-22,2021-06-22 13:20:00,286.75,287.88,286.75,287.88,0.39,1722.64,497162.72,1
2021-06-22,2021-06-22 13:30:00,287.88,289.0,287.88,289.0,0.39,1722.64,497162.72,1
2021-06-22,2021-06-22 13:40:00,289.0,290.12,289.0,290.12,0.39,1722.64,497162.72,1
2021-06-22,2021-06-22 13:50:00,290.12,291.25,290.12,291.25,0.39,1722.64,497162.72,1
2021-06-22,2021-06-22 14:00:00,291.25,292.38,291.25,292.38,0.39,1722.64,497162.72,1
2021-06-22,2021-06-22 14:10:00,292.38,293.5,292.38,293.5,0.38,1722.64,497162.72,1
2021-06-22,2021-06-22 14:20:00,293.5,294.62,293.5,294.62,0.38,1722.64,497162.72,1
2021-06-22,2021-06-22 14:30:00,294.62,295.75,294.62,295.75,0.38,1722.64,497162.72,1
2021-06-22,2021-06-22 14:40:00,295.75,296.88,295.75,296.88,0.38,1722.64,497162.72,1
2021-06-22,2021-06-22 14:50:00,296.88,298.0,296.88,298.0,0.38,1722.64,497162.72,1
2021-06-22,2021-06-22 15:00:00,298.0,298.0,261.0,298.0,0.0,1722.64,497162.72,0
2021-06-23,2021-06-23 11:00:00,303.0,308.1,300.6,302.71,-0.1,1192.64,362736.2,-1
2021-06-23,2021-06-23 11:10:00,302.71,302.71,302.42,302.42,-0.1,1192.64,362736.2,-1
2021-06-23,2021-06-23 11:20:00,302.42,302.42,302.12,302.12,-0.1,1192.64,362736.2,-1
2021-06-23,2021-06-23 11:30:00,302.12,302.12,301.83,301.83,-0.1,1192.64,362736.2,-1
2021-06-23,2021-06-23 11:40:00,301.83,301.83,301.54,301.54,-0.1,1192.64,362736.2,-1
2021-06-23,2021-06-23 11:50:00,301.54,301.54,301.25,301.25,-0.1,1192.64,362736.2,-1
2021-06-23,2021-06-23 12:00:00,301.25,301.25,300.96,300.96,-0.1,1192.64,362736.2,-1
2021-06-23,2021-06-23 12:10:00,300.96,300.96,300.67,300.67,-0.1,1192.64,362736.2,-1
2021-06-23,2021-06-23 12:20:00,300.67,300.67,300.38,300.38,-0.1,1192.64,362736.2,-1
2021-06-23,2021-06-23 12:30:00,300.38,300.38,300.08,300.08,-0.1,1192.64,362736.2,-1
2021-06-23,2021-06-23 12:40:00,300.08,300.08,299.79,299.79,-0.1,1192.64,362736.2,-1
2021-06-23,2021-06-23 12:50:00,299.79,299.79,299.5,299.5,-0.1,1192.64,362736.2,-1
2021-06-23,2021-06-23 13:00:00,299.5,320.0,295.0,299.21,-0.1,1192.64,362736.2,-1
2021-06-23,2021-06-23 13:10:00,299.21,299.21,298.92,298.92,-0.1,1192.64,362736.2,-1
2021-06-23,2021-06-23 13:20:00,298.92,298.92,298.62,298.62,-0.1,1192.64,362736.2,-1
2021-06-23,2021-06-23 13:30:00,298.62,298.62,298.33,298.33,-0.1,1192.64,362736.2,-1
2021-06-23,2021-06-23 13:40:00,298.33,298.33,298.04,298.04,-0.1,1192.64,362736.2,-1
2021-06-23,2021-06-23 13:50:00,298.04,298.04,297.75,297.75,-0.1,1192.64,362736.2,-1
2021-06-23,2021-06-23 14:00:00,297.75,297.75,297.46,297.46,-0.1,1192.64,362736.2,-1
2021-06-23,2021-06-23 14:10:00,297.46,297.46,297.17,297.17,-0.1,1192.64,362736.2,-1
2021-06-23,2021-06-23 14:20:00,297.17,297.17,296.88,296.88,-0.1,1192.64,362736.2,-1
2021-06-23,2021-06-23 14:30:00,296.88,296.88,296.58,296.58,-0.1,1192.64,362736.2,-1
2021-06-23,2021-06-23 14:40:00,296.58,296.58,296.29,296.29,-0.1,1192.64,362736.2,-1
2021-06-23,2021-06-23 14:50:00,296.29,296.29,296.0,296.0,-0.1,1192.64,362736.2,-1
2021-06-23,2021-06-23 15:00:00,296.0,320.0,295.0,296.0,0.0,1192.64,362736.2,0
2021-06-24,2021-06-24 11:00:00,294.0,300.3,291.0,294.04,0.01,687.0,202477.56,1
2021-06-24,2021-06-24 11:10:00,294.04,294.08,294.04,294.08,0.01,687.0,202477.56,1
2021-06-24,2021-06-24 11:20:00,294.08,294.12,294.08,294.12,0.01,687.0,202477.56,1
2021-06-24,2021-06-24 11:30:00,294.12,294.17,294.12,294.17,0.02,687.0,202477.56,1
2021-06-24,2021-06-24 11:40:00,294.17,294.21,294.17,294.21,0.01,687.0,202477.56,1
2021-06-24,2021-06-24 11:50:00,294.21,294.25,294.21,294.25,0.01,687.0,202477.56,1
2021-06-24,2021-06-24 12:00:00,294.25,294.29,294.25,294.29,0.01,687.0,202477.56,1
2021-06-24,2021-06-24 12:10:00,294.29,294.33,294.29,294.33,0.01,687.0,202477.56,1
2021-06-24,2021-06-24 12:20:00,294.33,294.38,294.33,294.38,0.02,687.0,202477.56,1
2021-06-24,2021-06-24 12:30:00,294.38,294.42,294.38,294.42,0.01,687.0,202477.56,1
2021-06-24,2021-06-24 12:40:00,294.42,294.46,294.42,294.46,0.01,687.0,202477.56,1
2021-06-24,2021-06-24 12:50:00,294.46,294.5,294.46,294.5,0.01,687.0,202477.56,1
2021-06-24,2021-06-24 13:00:00,294.5,315.0,284.0,294.54,0.01,687.0,202477.56,1
2021-06-24,2021-06-24 13:10:00,294.54,294.58,294.54,294.58,0.01,687.0,202477.56,1
2021-06-24,2021-06-24 13:20:00,294.58,294.62,294.58,294.62,0.01,687.0,202477.56,1
2021-06-24,2021-06-24 13:30:00,294.62,294.67,294.62,294.67,0.02,687.0,202477.56,1
2021-06-24,2021-06-24 13:40:00,294.67,294.71,294.67,294.71,0.01,687.0,202477.56,1
2021-06-24,2021-06-24 13:50:00,294.71,294.75,294.71,294.75,0.01,687.0,202477.56,1
2021-06-24,2021-06-24 14:00:00,294.75,294.79,294.75,294.79,0.01,687.0,202477.56,1
2021-06-24,2021-06-24 14:10:00,294.79,294.83,294.79,294.83,0.01,687.0,202477.56,1
2021-06-24,2021-06-24 14:20:00,294.83,294.88,294.83,294.88,0.02,687.0,202477.56,1
2021-06-24,2021-06-24 14:30:00,294.88,294.92,294.88,294.92,0.01,687.0,202477.56,1
2021-06-24,2021-06-24 14:40:00,294.92,294.96,294.92,294.96,0.01,687.0,202477.56,1
2021-06-24,2021-06-24 14:50:00,294.96,295.0,294.96,295.0,0.01,687.0,202477.56,1
2021-06-24,2021-06-24 15:00:00,295.0,315.0,284.0,295.0,0.0,687.0,202477.56,0
2021-06-27,2021-06-27 11:00:00,294.0,295.8,290.7,293.79,-0.07,997.0,287997.72,-1
2021-06-27,2021-06-27 11:10:00,293.79,293.79,293.58,293.58,-0.07,997.0,287997.72,-1
2021-06-27,2021-06-27 11:20:00,293.58,293.58,293.38,293.38,-0.07,997.0,287997.72,-1
2021-06-27,2021-06-27 11:30:00,293.38,293.38,293.17,293.17,-0.07,997.0,287997.72,-1
2021-06-27,2021-06-27 11:40:00,293.17,293.17,292.96,292.96,-0.07,997.0,287997.72,-1
2021-06-27,2021-06-27 11:50:00,292.96,292.96,292.75,292.75,-0.07,997.0,287997.72,-1
2021-06-27,2021-06-27 12:00:00,292.75,292.75,292.54,292.54,-0.07,997.0,287997.72,-1
2021-06-27,2021-06-27 12:10:00,292.54,292.54,292.33,292.33,-0.07,997.0,287997.72,-1
2021-06-27,2021-06-27 12:20:00,292.33,292.33,292.12,292.12,-0.07,997.0,287997.72,-1
2021-06-27,2021-06-27 12:30:00,292.12,292.12,291.92,291.92,-0.07,997.0,287997.72,-1
2021-06-27,2021-06-27 12:40:00,291.92,291.92,291.71,291.71,-0.07,997.0,287997.72,-1
2021-06-27,2021-06-27 12:50:00,291.71,291.71,291.5,291.5,-0.07,997.0,287997.72,-1
2021-06-27,2021-06-27 13:00:00,291.5,300.0,283.0,291.29,-0.07,997.0,287997.72,-1
2021-06-27,2021-06-27 13:10:00,291.29,291.29,291.08,291.08,-0.07,997.0,287997.72,-1
2021-06-27,2021-06-27 13:20:00,291.08,291.08,290.88,290.88,-0.07,997.0,287997.72,-1
2021-06-27,2021-06-27 13:30:00,290.88,290.88,290.67,290.67,-0.07,997.0,287997.72,-1
2021-06-27,2021-06-27 13:40:00,290.67,290.67,290.46,290.46,-0.07,997.0,287997.72,-1
2021-06-27,2021-06-27 13:50:00,290.46,290.46,290.25,290.25,-0.07,997.0,287997.72,-1
2021-06-27,2021-06-27 14:00:00,290.25,290.25,290.04,290.04,-0.07,997.0,287997.72,-1
2021-06-27,2021-06-27 14:10:00,290.04,290.04,289.83,289.83,-0.07,997.0,287997.72,-1
2021-06-27,2021-06-27 14:20:00,289.83,289.83,289.62,289.62,-0.07,997.0,287997.72,-1
2021-06-27,2021-06-27 14:30:00,289.62,289.62,289.42,289.42,-0.07,997.0,287997.72,-1
2021-06-27,2021-06-27 14:40:00,289.42,289.42,289.21,289.21,-0.07,997.0,287997.72,-1
2021-06-27,2021-06-27 14:50:00,289.21,289.21,289.0,289.0,-0.07,997.0,287997.72,-1
2021-06-27,2021-06-27 15:00:00,289.0,300.0,283.0,289.0,0.0,997.0,287997.72,0
2021-06-28,2021-06-28 11:00:00,303.0,303.0,294.9,302.04,-0.32,700.96,197287.72,-1
2021-06-28,2021-06-28 11:10:00,302.04,302.04,301.08,301.08,-0.32,700.96,197287.72,-1
2021-06-28,2021-06-28 11:20:00,301.08,301.08,300.12,300.12,-0.32,700.96,197287.72,-1
2021-06-28,2021-06-28 11:30:00,300.12,300.12,299.17,299.17,-0.32,700.96,197287.72,-1
2021-06-28,2021-06-28 11:40:00,299.17,299.17,298.21,298.21,-0.32,700.96,197287.72,-1
2021-06-28,2021-06-28 11:50:00,298.21,298.21,297.25,297.25,-0.32,700.96,197287.72,-1
2021-06-28,2021-06-28 12:00:00,297.25,297.25,296.29,296.29,-0.32,700.96,197287.72,-1
2021-06-28,2021-06-28 12:10:00,296.29,296.29,295.33,295.33,-0.32,700.96,197287.72,-1
2021-06-28,2021-06-28 12:20:00,295.33,295.33,294.38,294.38,-0.32,700.96,197287.72,-1
2021-06-28,2021-06-28 12:30:00,294.38,294.38,293.42,293.42,-0.33,700.96,197287.72,-1
2021-06-28,2021-06-28 12:40:00,293.42,293.42,292.46,292.46,-0.33,700.96,197287.72,-1
2021-06-28,2021-06-28 12:50:00,292.46,292.46,291.5,291.5,-0.33,700.96,197287.72,-1
2021-06-28,2021-06-28 13:00:00,291.5,303.0,276.0,290.54,-0.33,700.96,197287.72,-1
2021-06-28,2021-06-28 13:10:00,290.54,290.54,289.58,289.58,-0.33,700.96,197287.72,-1
2021-06-28,2021-06-28 13:20:00,289.58,289.58,288.62,288.62,-0.33,700.96,197287.72,-1
2021-06-28,2021-06-28 13:30:00,288.62,288.62,287.67,287.67,-0.33,700.96,197287.72,-1
2021-06-28,2021-06-28 13:40:00,287.67,287.67,286.71,286.71,-0.33,700.96,197287.72,-1
2021-06-28,2021-06-28 13:50:00,286.71,286.71,285.75,285.75,-0.33,700.96,197287.72,-1
2021-06-28,2021-06-28 14:00:00,285.75,285.75,284.79,284.79,-0.34,700.96,197287.72,-1
2021-06-28,2021-06-28 14:10:00,284.79,284.79,283.83,283.83,-0.34,700.96,197287.72,-1
2021-06-28,2021-06-28 14:20:00,283.83,283.83,282.88,282.88,-0.33,700.96,197287.72,-1
2021-06-28,2021-06-28 14:30:00,282.88,282.88,281.92,281.92,-0.34,700.96,197287.72,-1
2021-06-28,2021-06-28 14:40:00,281.92,281.92,280.96,280.96,-0.34,700.96,197287.72,-1
2021-06-28,2021-06-28 14:50:00,280.96,280.96,280.0,280.0,-0.34,700.96,197287.72,-1
2021-06-28,2021-06-28 15:00:00,280.0,303.0,276.0,280.0,0.0,700.96,197287.72,0
2021-06-29,2021-06-29 11:00:00,280.0,281.8,276.4,279.5,-0.18,641.8,176188.56,-1
2021-06-29,2021-06-29 11:10:00,279.5,279.5,279.0,279.0,-0.18,641.8,176188.56,-1
2021-06-29,2021-06-29 11:20:00,279.0,279.0,278.5,278.5,-0.18,641.8,176188.56,-1
2021-06-29,2021-06-29 11:30:00,278.5,278.5,278.0,278.0,-0.18,641.8,176188.56,-1
2021-06-29,2021-06-29 11:40:00,278.0,278.0,277.5,277.5,-0.18,641.8,176188.56,-1
2021-06-29,2021-06-29 11:50:00,277.5,277.5,277.0,277.0,-0.18,641.8,176188.56,-1
2021-06-29,2021-06-29 12:00:00,277.0,277.0,276.5,276.5,-0.18,641.8,176188.56,-1
2021-06-29,2021-06-29 12:10:00,276.5,276.5,276.0,276.0,-0.18,641.8,176188.56,-1
2021-06-29,2021-06-29 12:20:00,276.0,276.0,275.5,275.5,-0.18,641.8,176188.56,-1
2021-06-29,2021-06-29 12:30:00,275.5,275.5,275.0,275.0,-0.18,641.8,176188.56,-1
2021-06-29,2021-06-29 12:40:00,275.0,275.0,274.5,274.5,-0.18,641.8,176188.56,-1
2021-06-29,2021-06-29 12:50:00,274.5,274.5,274.0,274.0,-0.18,641.8,176188.56,-1
2021-06-29,2021-06-29 13:00:00,274.0,286.0,268.0,273.5,-0.18,641.8,176188.56,-1
2021-06-29,2021-06-29 13:10:00,273.5,273.5,273.0,273.0,-0.18,641.8,176188.56,-1
2021-06-29,2021-06-29 13:20:00,273.0,273.0,272.5,272.5,-0.18,641.8,176188.56,-1
2021-06-29,2021-06-29 13:30:00,272.5,272.5,272.0,272.0,-0.18,641.8,176188.56,-1
2021-06-29,2021-06-29 13:40:00,272.0,272.0,271.5,271.5,-0.18,641.8,176188.56,-1
2021-06-29,2021-06-29 13:50:00,271.5,271.5,271.0,271.0,-0.18,641.8,176188.56,-1
2021-06-29,2021-06-29 14:00:00,271.0,271.0,270.5,270.5,-0.18,641.8,176188.56,-1
2021-06-29,2021-06-29 14:10:00,270.5,270.5,270.0,270.0,-0.18,641.8,176188.56,-1
2021-06-29,2021-06-29 14:20:00,270.0,270.0,269.5,269.5,-0.19,641.8,176188.56,-1
2021-06-29,2021-06-29 14:30:00,269.5,269.5,269.0,269.0,-0.19,641.8,176188.56,-1
2021-06-29,2021-06-29 14:40:00,269.0,269.0,268.5,268.5,-0.19,641.8,176188.56,-1
2021-06-29,2021-06-29 14:50:00,268.5,268.5,268.0,268.0,-0.19,641.8,176188.56,-1
2021-06-29,2021-06-29 15:00:00,268.0,286.0,268.0,268.0,0.0,641.8,176188.56,0
2021-06-30,2021-06-30 11:00:00,263.0,267.5,260.0,263.33,0.13,981.12,256046.68,1
2021-06-30,2021-06-30 11:10:00,263.33,263.67,263.33,263.67,0.13,981.12,256046.68,1
2021-06-30,2021-06-30 11:20:00,263.67,264.0,263.67,264.0,0.13,981.12,256046.68,1
2021-06-30,2021-06-30 11:30:00,264.0,264.33,264.0,264.33,0.12,981.12,256046.68,1
2021-06-30,2021-06-30 11:40:00,264.33,264.67,264.33,264.67,0.13,981.12,256046.68,1
2021-06-30,2021-06-30 11:50:00,264.67,265.0,264.67,265.0,0.12,981.12,256046.68,1
2021-06-30,2021-06-30 12:00:00,265.0,265.33,265.0,265.33,0.12,981.12,256046.68,1
2021-06-30,2021-06-30 12:10:00,265.33,265.67,265.33,265.67,0.13,981.12,256046.68,1
2021-06-30,2021-06-30 12:20:00,265.67,266.0,265.67,266.0,0.12,981.12,256046.68,1
2021-06-30,2021-06-30 12:30:00,266.0,266.33,266.0,266.33,0.12,981.12,256046.68,1
2021-06-30,2021-06-30 12:40:00,266.33,266.67,266.33,266.67,0.13,981.12,256046.68,1
2021-06-30,2021-06-30 12:50:00,266.67,267.0,266.67,267.0,0.12,981.12,256046.68,1
2021-06-30,2021-06-30 13:00:00,267.0,278.0,253.0,267.33,0.12,981.12,256046.68,1
2021-06-30,2021-06-30 13:10:00,267.33,267.67,267.33,267.67,0.13,981.12,256046.68,1
2021-06-30,2021-06-30 13:20:00,267.67,268.0,267.67,268.0,0.12,981.12,256046.68,1
2021-06-30,2021-06-30 13:30:00,268.0,268.33,268.0,268.33,0.12,981.12,256046.68,1
2021-06-30,2021-06-30 13:40:00,268.33,268.67,268.33,268.67,0.13,981.12,256046.68,1
2021-06-30,2021-06-30 13:50:00,268.67,269.0,268.67,269.0,0.12,981.12,256046.68,1
2021-06-30,2021-06-30 14:00:00,269.0,269.33,269.0,269.33,0.12,981.12,256046.68,1
2021-06-30,2021-06-30 14:10:00,269.33,269.67,269.33,269.67,0.13,981.12,256046.68,1
2021-06-30,2021-06-30 14:20:00,269.67,270.0,269.67,270.0,0.12,981.12,256046.68,1
2021-06-30,2021-06-30 14:30:00,270.0,270.33,270.0,270.33,0.12,981.12,256046.68,1
2021-06-30,2021-06-30 14:40:00,270.33,270.67,270.33,270.67,0.13,981.12,256046.68,1
2021-06-30,2021-06-30 14:50:00,270.67,271.0,270.67,271.0,0.12,981.12,256046.68,1
2021-06-30,2021-06-30 15:00:00,271.0,278.0,253.0,271.0,0.0,981.12,256046.68,0
2021-07-01,2021-07-01 11:00:00,276.0,282.6,276.0,276.62,0.22,1138.2,325349.52,1
2021-07-01,2021-07-01 11:10:00,276.62,277.25,276.62,277.25,0.23,1138.2,325349.52,1
2021-07-01,2021-07-01 11:20:00,277.25,277.88,277.25,277.88,0.23,1138.2,325349.52,1
2021-07-01,2021-07-01 11:30:00,277.88,278.5,277.88,278.5,0.22,1138.2,325349.52,1
2021-07-01,2021-07-01 11:40:00,278.5,279.12,278.5,279.12,0.22,1138.2,325349.52,1
2021-07-01,2021-07-01 11:50:00,279.12,279.75,279.12,279.75,0.23,1138.2,325349.52,1
2021-07-01,2021-07-01 12:00:00,279.75,280.38,279.75,280.38,0.23,1138.2,325349.52,1
2021-07-01,2021-07-01 12:10:00,280.38,281.0,280.38,281.0,0.22,1138.2,325349.52,1
2021-07-01,2021-07-01 12:20:00,281.0,281.62,281.0,281.62,0.22,1138.2,325349.52,1
2021-07-01,2021-07-01 12:30:00,281.62,282.25,281.62,282.25,0.22,1138.2,325349.52,1
2021-07-01,2021-07-01 12:40:00,282.25,282.88,282.25,282.88,0.22,1138.2,325349.52,1
2021-07-01,2021-07-01 12:50:00,282.88,283.5,282.88,283.5,0.22,1138.2,325349.52,1
2021-07-01,2021-07-01 13:00:00,283.5,298.0,276.0,284.12,0.22,1138.2,325349.52,1
2021-07-01,2021-07-01 13:10:00,284.12,284.75,284.12,284.75,0.22,1138.2,325349.52,1
2021-07-01,2021-07-01 13:20:00,284.75,285.38,284.75,285.38,0.22,1138.2,325349.52,1
2021-07-01,2021-07-01 13:30:00,285.38,286.0,285.38,286.0,0.22,1138.2,325349.52,1
2021-07-01,2021-07-01 13:40:00,286.0,286.62,286.0,286.62,0.22,1138.2,325349.52,1
2021-07-01,2021-07-01 13:50:00,286.62,287.25,286.62,287.25,0.22,1138.2,325349.52,1
2021-07-01,2021-07-01 14:00:00,287.25,287.88,287.25,287.88,0.22,1138.2,325349.52,1
2021-07-01,2021-07-01 14:10:00,287.88,288.5,287.88,288.5,0.22,1138.2,325349.52,1
2021-07-01,2021-07-01 14:20:00,288.5,289.12,288.5,289.12,0.21,1138.2,325349.52,1
2021-07-01,2021-07-01 14:30:00,289.12,289.75,289.12,289.75,0.22,1138.2,325349.52,1
2021-07-01,2021-07-01 14:40:00,289.75,290.38,289.75,290.38,0.22,1138.2,325349.52,1
2021-07-01,2021-07-01 14:50:00,290.38,291.0,290.38,291.0,0.21,1138.2,325349.52,1
2021-07-01,2021-07-01 15:00:00,291.0,298.0,276.0,291.0,0.0,1138.2,325349.52,0
2021-07-04,2021-07-04 11:00:00,296.0,296.0,289.7,295.33,-0.23,653.28,183333.04,-1
2021-07-04,2021-07-04 11:10:00,295.33,295.33,294.67,294.67,-0.22,653.28,183333.04,-1
2021-07-04,2021-07-04 11:20:00,294.67,294.67,294.0,294.0,-0.23,653.28,183333.04,-1
2021-07-04,2021-07-04 11:30:00,294.0,294.0,293.33,293.33,-0.23,653.28,183333.04,-1
2021-07-04,2021-07-04 11:40:00,293.33,293.33,292.67,292.67,-0.23,653.28,183333.04,-1
2021-07-04,2021-07-04 11:50:00,292.67,292.67,292.0,292.0,-0.23,653.28,183333.04,-1
2021-07-04,2021-07-04 12:00:00,292.0,292.0,291.33,291.33,-0.23,653.28,183333.04,-1
2021-07-04,2021-07-04 12:10:00,291.33,291.33,290.67,290.67,-0.23,653.28,183333.04,-1
2021-07-04,2021-07-04 12:20:00,290.67,290.67,290.0,290.0,-0.23,653.28,183333.04,-1
2021-07-04,2021-07-04 12:30:00,290.0,290.0,289.33,289.33,-0.23,653.28,183333.04,-1
2021-07-04,2021-07-04 12:40:00,289.33,289.33,288.67,288.67,-0.23,653.28,183333.04,-1
2021-07-04,2021-07-04 12:50:00,288.67,288.67,288.0,288.0,-0.23,653.28,183333.04,-1
2021-07-04,2021-07-04 13:00:00,288.0,296.0,275.0,287.33,-0.23,653.28,183333.04,-1
2021-07-04,2021-07-04 13:10:00,287.33,287.33,286.67,286.67,-0.23,653.28,183333.04,-1
2021-07-04,2021-07-04 13:20:00,286.67,286.67,286.0,286.0,-0.23,653.28,183333.04,-1
2021-07-04,2021-07-04 13:30:00,286.0,286.0,285.33,285.33,-0.23,653.28,183333.04,-1
2021-07-04,2021-07-04 13:40:00,285.33,285.33,284.67,284.67,-0.23,653.28,183333.04,-1
2021-07-04,2021-07-04 13:50:00,284.67,284.67,284.0,284.0,-0.24,653.28,183333.04,-1
2021-07-04,2021-07-04 14:00:00,284.0,284.0,283.33,283.33,-0.24,653.28,183333.04,-1
2021-07-04,2021-07-04 14:10:00,283.33,283.33,282.67,282.67,-0.23,653.28,183333.04,-1
2021-07-04,2021-07-04 14:20:00,282.67,282.67,282.0,282.0,-0.24,653.28,183333.04,-1
2021-07-04,2021-07-04 14:30:00,282.0,282.0,281.33,281.33,-0.24,653.28,183333.04,-1
2021-07-04,2021-07-04 14:40:00,281.33,281.33,280.67,280.67,-0.23,653.28,183333.04,-1
2021-07-04,2021-07-04 14:50:00,280.67,280.67,280.0,280.0,-0.24,653.28,183333.04,-1
2021-07-04,2021-07-04 15:00:00,280.0,296.0,275.0,280.0,0.0,653.28,183333.04,0
2021-07-05,2021-07-05 11:00:00,284.0,284.3,279.8,283.5,-0.18,460.04,125830.6,-1
2021-07-05,2021-07-05 11:10:00,283.5,283.5,283.0,283.0,-0.18,460.04,125830.6,-1
2021-07-05,2021-07-05 11:20:00,283.0,283.0,282.5,282.5,-0.18,460.04,125830.6,-1
2021-07-05,2021-07-05 11:30:00,282.5,282.5,282.0,282.0,-0.18,460.04,125830.6,-1
2021-07-05,2021-07-05 11:40:00,282.0,282.0,281.5,281.5,-0.18,460.04,125830.6,-1
2021-07-05,2021-07-05 11:50:00,281.5,281.5,281.0,281.0,-0.18,460.04,125830.6,-1
2021-07-05,2021-07-05 12:00:00,281.0,281.0,280.5,280.5,-0.18,460.04,125830.6,-1
2021-07-05,2021-07-05 12:10:00,280.5,280.5,280.0,280.0,-0.18,460.04,125830.6,-1
2021-07-05,2021-07-05 12:20:00,280.0,280.0,279.5,279.5,-0.18,460.04,125830.6,-1
2021-07-05,2021-07-05 12:30:00,279.5,279.5,279.0,279.0,-0.18,460.04,125830.6,-1
2021-07-05,2021-07-05 12:40:00,279.0,279.0,278.5,278.5,-0.18,460.04,125830.6,-1
2021-07-05,2021-07-05 12:50:00,278.5,278.5,278.0,278.0,-0.18,460.04,125830.6,-1
2021-07-05,2021-07-05 13:00:00,278.0,285.0,270.0,277.5,-0.18,460.04,125830.6,-1
2021-07-05,2021-07-05 13:10:00,277.5,277.5,277.0,277.0,-0.18,460.04,125830.6,-1
2021-07-05,2021-07-05 13:20:00,277.0,277.0,276.5,276.5,-0.18,460.04,125830.6,-1
2021-07-05,2021-07-05 13:30:00,276.5,276.5,276.0,276.0,-0.18,460.04,125830.6,-1
2021-07-05,2021-07-05 13:40:00,276.0,276.0,275.5,275.5,-0.18,460.04,125830.6,-1
2021-07-05,2021-07-05 13:50:00,275.5,275.5,275.0,275.0,-0.18,460.04,125830.6,-1
2021-07-05,2021-07-05 14:00:00,275.0,275.0,274.5,274.5,-0.18,460.04,125830.6,-1
2021-07-05,2021-07-05 14:10:00,274.5,274.5,274.0,274.0,-0.18,460.04,125830.6,-1
2021-07-05,2021-07-05 14:20:00,274.0,274.0,273.5,273.5,-0.18,460.04,125830.6,-1
2021-07-05,2021-07-05 14:30:00,273.5,273.5,273.0,273.0,-0.18,460.04,125830.6,-1
2021-07-05,2021-07-05 14:40:00,273.0,273.0,272.5,272.5,-0.18,460.04,125830.6,-1
2021-07-05,2021-07-05 14:50:00,272.5,272.5,272.0,272.0,-0.18,460.04,125830.6,-1
2021-07-05,2021-07-05 15:00:00,272.0,285.0,270.0,272.0,0.0,460.04,125830.6,0
2021-07-06,2021-07-06 11:00:00,270.0,270.9,267.6,269.71,-0.11,482.92,128598.64,-1
2021-07-06,2021-07-06 11:10:00,269.71,269.71,269.42,269.42,-0.11,482.92,128598.64,-1
2021-07-06,2021-07-06 11:20:00,269.42,269.42,269.12,269.12,-0.11,482.92,128598.64,-1
2021-07-06,2021-07-06 11:30:00,269.12,269.12,268.83,268.83,-0.11,482.92,128598.64,-1
2021-07-06,2021-07-06 11:40:00,268.83,268.83,268.54,268.54,-0.11,482.92,128598.64,-1
2021-07-06,2021-07-06 11:50:00,268.54,268.54,268.25,268.25,-0.11,482.92,128598.64,-1
2021-07-06,2021-07-06 12:00:00,268.25,268.25,267.96,267.96,-0.11,482.92,128598.64,-1
2021-07-06,2021-07-06 12:10:00,267.96,267.96,267.67,267.67,-0.11,482.92,128598.64,-1
2021-07-06,2021-07-06 12:20:00,267.67,267.67,267.38,267.38,-0.11,482.92,128598.64,-1
2021-07-06,2021-07-06 12:30:00,267.38,267.38,267.08,267.08,-0.11,482.92,128598.64,-1
2021-07-06,2021-07-06 12:40:00,267.08,267.08,266.79,266.79,-0.11,482.92,128598.64,-1
2021-07-06,2021-07-06 12:50:00,266.79,266.79,266.5,266.5,-0.11,482.92,128598.64,-1
2021-07-06,2021-07-06 13:00:00,266.5,273.0,262.0,266.21,-0.11,482.92,128598.64,-1
2021-07-06,2021-07-06 13:10:00,266.21,266.21,265.92,265.92,-0.11,482.92,128598.64,-1
2021-07-06,2021-07-06 13:20:00,265.92,265.92,265.62,265.62,-0.11,482.92,128598.64,-1
2021-07-06,2021-07-06 13:30:00,265.62,265.62,265.33,265.33,-0.11,482.92,128598.64,-1
2021-07-06,2021-07-06 13:40:00,265.33,265.33,265.04,265.04,-0.11,482.92,128598.64,-1
2021-07-06,2021-07-06 13:50:00,265.04,265.04,264.75,264.75,-0.11,482.92,128598.64,-1
2021-07-06,2021-07-06 14:00:00,264.75,264.75,264.46,264.46,-0.11,482.92,128598.64,-1
2021-07-06,2021-07-06 14:10:00,264.46,264.46,264.17,264.17,-0.11,482.92,128598.64,-1
2021-07-06,2021-07-06 14:20:00,264.17,264.17,263.88,263.88,-0.11,482.92,128598.64,-1
2021-07-06,2021-07-06 14:30:00,263.88,263.88,263.58,263.58,-0.11,482.92,128598.64,-1
2021-07-06,2021-07-06 14:40:00,263.58,263.58,263.29,263.29,-0.11,482.92,128598.64,-1
2021-07-06,2021-07-06 14:50:00,263.29,263.29,263.0,263.0,-0.11,482.92,128598.64,-1
2021-07-06,2021-07-06 15:00:00,263.0,273.0,262.0,263.0,0.0,482.92,128598.64,0
2021-07-07,2021-07-07 11:00:00,260.0,261.8,258.8,260.0,0.0,332.52,86450.32,0
2021-07-07,2021-07-07 11:10:00,260.0,260.0,260.0,260.0,0.0,332.52,86450.32,0
2021-07-07,2021-07-07 11:20:00,260.0,260.0,260.0,260.0,0.0,332.52,86450.32,0
2021-07-07,2021-07-07 11:30:00,260.0,260.0,260.0,260.0,0.0,332.52,86450.32,0
2021-07-07,2021-07-07 11:40:00,260.0,260.0,260.0,260.0,0.0,332.52,86450.32,0
2021-07-07,2021-07-07 11:50:00,260.0,260.0,260.0,260.0,0.0,332.52,86450.32,0
2021-07-07,2021-07-07 12:00:00,260.0,260.0,260.0,260.0,0.0,332.52,86450.32,0
2021-07-07,2021-07-07 12:10:00,260.0,260.0,260.0,260.0,0.0,332.52,86450.32,0
2021-07-07,2021-07-07 12:20:00,260.0,260.0,260.0,260.0,0.0,332.52,86450.32,0
2021-07-07,2021-07-07 12:30:00,260.0,260.0,260.0,260.0,0.0,332.52,86450.32,0
2021-07-07,2021-07-07 12:40:00,260.0,260.0,260.0,260.0,0.0,332.52,86450.32,0
2021-07-07,2021-07-07 12:50:00,260.0,260.0,260.0,260.0,0.0,332.52,86450.32,0
2021-07-07,2021-07-07 13:00:00,260.0,266.0,256.0,260.0,0.0,332.52,86450.32,0
2021-07-07,2021-07-07 13:10:00,260.0,260.0,260.0,260.0,0.0,332.52,86450.32,0
2021-07-07,2021-07-07 13:20:00,260.0,260.0,260.0,260.0,0.0,332.52,86450.32,0
2021-07-07,2021-07-07 13:30:00,260.0,260.0,260.0,260.0,0.0,332.52,86450.32,0
2021-07-07,2021-07-07 13:40:00,260.0,260.0,260.0,260.0,0.0,332.52,86450.32,0
2021-07-07,2021-07-07 13:50:00,260.0,260.0,260.0,260.0,0.0,332.52,86450.32,0
2021-07-07,2021-07-07 14:00:00,260.0,260.0,260.0,260.0,0.0,332.52,86450.32,0
2021-07-07,2021-07-07 14:10:00,260.0,260.0,260.0,260.0,0.0,332.52,86450.32,0
2021-07-07,2021-07-07 14:20:00,260.0,260.0,260.0,260.0,0.0,332.52,86450.32,0
2021-07-07,2021-07-07 14:30:00,260.0,260.0,260.0,260.0,0.0,332.52,86450.32,0
2021-07-07,2021-07-07 14:40:00,260.0,260.0,260.0,260.0,0.0,332.52,86450.32,0
2021-07-07,2021-07-07 14:50:00,260.0,260.0,260.0,260.0,0.0,332.52,86450.32,0
2021-07-07,2021-07-07 15:00:00,260.0,266.0,256.0,260.0,0.0,332.52,86450.32,0
2021-07-08,2021-07-08 11:00:00,255.0,263.7,254.4,255.83,0.33,988.84,260995.6,1
2021-07-08,2021-07-08 11:10:00,255.83,256.67,255.83,256.67,0.33,988.84,260995.6,1
2021-07-08,2021-07-08 11:20:00,256.67,257.5,256.67,257.5,0.32,988.84,260995.6,1
2021-07-08,2021-07-08 11:30:00,257.5,258.33,257.5,258.33,0.32,988.84,260995.6,1
2021-07-08,2021-07-08 11:40:00,258.33,259.17,258.33,259.17,0.33,988.84,260995.6,1
2021-07-08,2021-07-08 11:50:00,259.17,260.0,259.17,260.0,0.32,988.84,260995.6,1
2021-07-08,2021-07-08 12:00:00,260.0,260.83,260.0,260.83,0.32,988.84,260995.6,1
2021-07-08,2021-07-08 12:10:00,260.83,261.67,260.83,261.67,0.32,988.84,260995.6,1
2021-07-08,2021-07-08 12:20:00,261.67,262.5,261.67,262.5,0.32,988.84,260995.6,1
2021-07-08,2021-07-08 12:30:00,262.5,263.33,262.5,263.33,0.32,988.84,260995.6,1
2021-07-08,2021-07-08 12:40:00,263.33,264.17,263.33,264.17,0.32,988.84,260995.6,1
2021-07-08,2021-07-08 12:50:00,264.17,265.0,264.17,265.0,0.31,988.84,260995.6,1
2021-07-08,2021-07-08 13:00:00,265.0,284.0,253.0,265.83,0.31,988.84,260995.6,1
2021-07-08,2021-07-08 13:10:00,265.83,266.67,265.83,266.67,0.32,988.84,260995.6,1
2021-07-08,2021-07-08 13:20:00,266.67,267.5,266.67,267.5,0.31,988.84,260995.6,1
2021-07-08,2021-07-08 13:30:00,267.5,268.33,267.5,268.33,0.31,988.84,260995.6,1
2021-07-08,2021-07-08 13:40:00,268.33,269.17,268.33,269.17,0.31,988.84,260995.6,1
2021-07-08,2021-07-08 13:50:00,269.17,270.0,269.17,270.0,0.31,988.84,260995.6,1
2021-07-08,2021-07-08 14:00:00,270.0,270.83,270.0,270.83,0.31,988.84,260995.6,1
2021-07-08,2021-07-08 14:10:00,270.83,271.67,270.83,271.67,0.31,988.84,260995.6,1
2021-07-08,2021-07-08 14:20:00,271.67,272.5,271.67,272.5,0.31,988.84,260995.6,1
2021-07-08,2021-07-08 14:30:00,272.5,273.33,272.5,273.33,0.3,988.84,260995.6,1
2021-07-08,2021-07-08 14:40:00,273.33,274.17,273.33,274.17,0.31,988.84,260995.6,1
2021-07-08,2021-07-08 14:50:00,274.17,275.0,274.17,275.0,0.3,988.84,260995.6,1
2021-07-08,2021-07-08 15:00:00,275.0,284.0,253.0,275.0,0.0,988.84,260995.6,0
2021-07-11,2021-07-11 11:00:00,280.0,284.5,277.0,280.62,0.22,952.12,271364.28,1
2021-07-11,2021-07-11 11:10:00,280.62,281.25,280.62,281.25,0.22,952.12,271364.28,1
2021-07-11,2021-07-11 11:20:00,281.25,281.88,281.25,281.88,0.22,952.12,271364.28,1
2021-07-11,2021-07-11 11:30:00,281.88,282.5,281.88,282.5,0.22,952.12,271364.28,1
2021-07-11,2021-07-11 11:40:00,282.5,283.12,282.5,283.12,0.22,952.12,271364.28,1
2021-07-11,2021-07-11 11:50:00,283.12,283.75,283.12,283.75,0.22,952.12,271364.28,1
2021-07-11,2021-07-11 12:00:00,283.75,284.38,283.75,284.38,0.22,952.12,271364.28,1
2021-07-11,2021-07-11 12:10:00,284.38,285.0,284.38,285.0,0.22,952.12,271364.28,1
2021-07-11,2021-07-11 12:20:00,285.0,285.62,285.0,285.62,0.22,952.12,271364.28,1
2021-07-11,2021-07-11 12:30:00,285.62,286.25,285.62,286.25,0.22,952.12,271364.28,1
2021-07-11,2021-07-11 12:40:00,286.25,286.88,286.25,286.88,0.22,952.12,271364.28,1
2021-07-11,2021-07-11 12:50:00,286.88,287.5,286.88,287.5,0.22,952.12,271364.28,1
2021-07-11,2021-07-11 13:00:00,287.5,295.0,270.0,288.12,0.22,952.12,271364.28,1
2021-07-11,2021-07-11 13:10:00,288.12,288.75,288.12,288.75,0.22,952.12,271364.28,1
2021-07-11,2021-07-11 13:20:00,288.75,289.38,288.75,289.38,0.22,952.12,271364.28,1
2021-07-11,2021-07-11 13:30:00,289.38,290.0,289.38,290.0,0.21,952.12,271364.28,1
2021-07-11,2021-07-11 13:40:00,290.0,290.62,290.0,290.62,0.21,952.12,271364.28,1
2021-07-11,2021-07-11 13:50:00,290.62,291.25,290.62,291.25,0.22,952.12,271364.28,1
2021-07-11,2021-07-11 14:00:00,291.25,291.88,291.25,291.88,0.22,952.12,271364.28,1
2021-07-11,2021-07-11 14:10:00,291.88,292.5,291.88,292.5,0.21,952.12,271364.28,1
2021-07-11,2021-07-11 14:20:00,292.5,293.12,292.5,293.12,0.21,952.12,271364.28,1
2021-07-11,2021-07-11 14:30:00,293.12,293.75,293.12,293.75,0.21,952.12,271364.28,1
2021-07-11,2021-07-11 14:40:00,293.75,294.38,293.75,294.38,0.21,952.12,271364.28,1
2021-07-11,2021-07-11 14:50:00,294.38,295.0,294.38,295.0,0.21,952.12,271364.28,1
2021-07-11,2021-07-11 15:00:00,295.0,295.0,270.0,295.0,0.0,952.12,271364.28,0
2021-07-12,2021-07-12 11:00:00,295.0,296.5,289.3,294.58,-0.14,1652.04,465743.92,-1
2021-07-12,2021-07-12 11:10:00,294.58,294.58,294.17,294.17,-0.14,1652.04,465743.92,-1
2021-07-12,2021-07-12 11:20:00,294.17,294.17,293.75,293.75,-0.14,1652.04,465743.92,-1
2021-07-12,2021-07-12 11:30:00,293.75,293.75,293.33,293.33,-0.14,1652.04,465743.92,-1
2021-07-12,2021-07-12 11:40:00,293.33,293.33,292.92,292.92,-0.14,1652.04,465743.92,-1
2021-07-12,2021-07-12 11:50:00,292.92,292.92,292.5,292.5,-0.14,1652.04,465743.92,-1
2021-07-12,2021-07-12 12:00:00,292.5,292.5,292.08,292.08,-0.14,1652.04,465743.92,-1
2021-07-12,2021-07-12 12:10:00,292.08,292.08,291.67,291.67,-0.14,1652.04,465743.92,-1
2021-07-12,2021-07-12 12:20:00,291.67,291.67,291.25,291.25,-0.14,1652.04,465743.92,-1
2021-07-12,2021-07-12 12:30:00,291.25,291.25,290.83,290.83,-0.14,1652.04,465743.92,-1
2021-07-12,2021-07-12 12:40:00,290.83,290.83,290.42,290.42,-0.14,1652.04,465743.92,-1
2021-07-12,2021-07-12 12:50:00,290.42,290.42,290.0,290.0,-0.14,1652.04,465743.92,-1
2021-07-12,2021-07-12 13:00:00,290.0,300.0,276.0,289.58,-0.14,1652.04,465743.92,-1
2021-07-12,2021-07-12 13:10:00,289.58,289.58,289.17,289.17,-0.14,1652.04,465743.92,-1
2021-07-12,2021-07-12 13:20:00,289.17,289.17,288.75,288.75,-0.15,1652.04,465743.92,-1
2021-07-12,2021-07-12 13:30:00,288.75,288.75,288.33,288.33,-0.15,1652.04,465743.92,-1
2021-07-12,2021-07-12 13:40:00,288.33,288.33,287.92,287.92,-0.14,1652.04,465743.92,-1
2021-07-12,2021-07-12 13:50:00,287.92,287.92,287.5,287.5,-0.15,1652.04,465743.92,-1
2021-07-12,2021-07-12 14:00:00,287.5,287.5,287.08,287.08,-0.15,1652.04,465743.92,-1
2021-07-12,2021-07-12 14:10:00,287.08,287.08,286.67,286.67,-0.14,1652.04,465743.92,-1
2021-07-12,2021-07-12 14:20:00,286.67,286.67,286.25,286.25,-0.15,1652.04,465743.92,-1
2021-07-12,2021-07-12 14:30:00,286.25,286.25,285.83,285.83,-0.15,1652.04,465743.92,-1
2021-07-12,2021-07-12 14:40:00,285.83,285.83,285.42,285.42,-0.14,1652.04,465743.92,-1
2021-07-12,2021-07-12 14:50:00,285.42,285.42,285.0,285.0,-0.15,1652.04,465743.92,-1
2021-07-12,2021-07-12 15:00:00,285.0,300.0,276.0,285.0,0.0,1652.04,465743.92,0
2021-07-13,2021-07-13 11:00:00,285.0,286.5,284.1,284.92,-0.03,196.6,56008.84,-1
2021-07-13,2021-07-13 11:10:00,284.92,284.92,284.83,284.83,-0.03,196.6,56008.84,-1
2021-07-13,2021-07-13 11:20:00,284.83,284.83,284.75,284.75,-0.03,196.6,56008.84,-1
2021-07-13,2021-07-13 11:30:00,284.75,284.75,284.67,284.67,-0.03,196.6,56008.84,-1
2021-07-13,2021-07-13 11:40:00,284.67,284.67,284.58,284.58,-0.03,196.6,56008.84,-1
2021-07-13,2021-07-13 11:50:00,284.58,284.58,284.5,284.5,-0.03,196.6,56008.84,-1
2021-07-13,2021-07-13 12:00:00,284.5,284.5,284.42,284.42,-0.03,196.6,56008.84,-1
2021-07-13,2021-07-13 12:10:00,284.42,284.42,284.33,284.33,-0.03,196.6,56008.84,-1
2021-07-13,2021-07-13 12:20:00,284.33,284.33,284.25,284.25,-0.03,196.6,56008.84,-1
2021-07-13,2021-07-13 12:30:00,284.25,284.25,284.17,284.17,-0.03,196.6,56008.84,-1
2021-07-13,2021-07-13 12:40:00,284.17,284.17,284.08,284.08,-0.03,196.6,56008.84,-1
2021-07-13,2021-07-13 12:50:00,284.08,284.08,284.0,284.0,-0.03,196.6,56008.84,-1
2021-07-13,2021-07-13 13:00:00,284.0,290.0,282.0,283.92,-0.03,196.6,56008.84,-1
2021-07-13,2021-07-13 13:10:00,283.92,283.92,283.83,283.83,-0.03,196.6,56008.84,-1
2021-07-13,2021-07-13 13:20:00,283.83,283.83,283.75,283.75,-0.03,196.6,56008.84,-1
2021-07-13,2021-07-13 13:30:00,283.75,283.75,283.67,283.67,-0.03,196.6,56008.84,-1
2021-07-13,2021-07-13 13:40:00,283.67,283.67,283.58,283.58,-0.03,196.6,56008.84,-1
2021-07-13,2021-07-13 13:50:00,283.58,283.58,283.5,283.5,-0.03,196.6,56008.84,-1
2021-07-13,2021-07-13 14:00:00,283.5,283.5,283.42,283.42,-0.03,196.6,56008.84,-1
2021-07-13,2021-07-13 14:10:00,283.42,283.42,283.33,283.33,-0.03,196.6,56008.84,-1
2021-07-13,2021-07-13 14:20:00,283.33,283.33,283.25,283.25,-0.03,196.6,56008.84,-1
2021-07-13,2021-07-13 14:30:00,283.25,283.25,283.17,283.17,-0.03,196.6,56008.84,-1
2021-07-13,2021-07-13 14:40:00,283.17,283.17,283.08,283.08,-0.03,196.6,56008.84,-1
2021-07-13,2021-07-13 14:50:00,283.08,283.08,283.0,283.0,-0.03,196.6,56008.84,-1
2021-07-13,2021-07-13 15:00:00,283.0,290.0,282.0,283.0,0.0,196.6,56008.84,0
2021-07-14,2021-07-14 11:00:00,285.0,285.9,283.5,285.04,0.01,357.44,101548.28,1
2021-07-14,2021-07-14 11:10:00,285.04,285.08,285.04,285.08,0.01,357.44,101548.28,1
2021-07-14,2021-07-14 11:20:00,285.08,285.12,285.08,285.12,0.01,357.44,101548.28,1
2021-07-14,2021-07-14 11:30:00,285.12,285.17,285.12,285.17,0.02,357.44,101548.28,1
2021-07-14,2021-07-14 11:40:00,285.17,285.21,285.17,285.21,0.01,357.44,101548.28,1
2021-07-14,2021-07-14 11:50:00,285.21,285.25,285.21,285.25,0.01,357.44,101548.28,1
2021-07-14,2021-07-14 12:00:00,285.25,285.29,285.25,285.29,0.01,357.44,101548.28,1
2021-07-14,2021-07-14 12:10:00,285.29,285.33,285.29,285.33,0.01,357.44,101548.28,1
2021-07-14,2021-07-14 12:20:00,285.33,285.38,285.33,285.38,0.02,357.44,101548.28,1
2021-07-14,2021-07-14 12:30:00,285.38,285.42,285.38,285.42,0.01,357.44,101548.28,1
2021-07-14,2021-07-14 12:40:00,285.42,285.46,285.42,285.46,0.01,357.44,101548.28,1
2021-07-14,2021-07-14 12:50:00,285.46,285.5,285.46,285.5,0.01,357.44,101548.28,1
2021-07-14,2021-07-14 13:00:00,285.5,288.0,280.0,285.54,0.01,357.44,101548.28,1
2021-07-14,2021-07-14 13:10:00,285.54,285.58,285.54,285.58,0.01,357.44,101548.28,1
2021-07-14,2021-07-14 13:20:00,285.58,285.62,285.58,285.62,0.01,357.44,101548.28,1
2021-07-14,2021-07-14 13:30:00,285.62,285.67,285.62,285.67,0.02,357.44,101548.28,1
2021-07-14,2021-07-14 13:40:00,285.67,285.71,285.67,285.71,0.01,357.44,101548.28,1
2021-07-14,2021-07-14 13:50:00,285.71,285.75,285.71,285.75,0.01,357.44,101548.28,1
2021-07-14,2021-07-14 14:00:00,285.75,285.79,285.75,285.79,0.01,357.44,101548.28,1
2021-07-14,2021-07-14 14:10:00,285.79,285.83,285.79,285.83,0.01,357.44,101548.28,1
2021-07-14,2021-07-14 14:20:00,285.83,285.88,285.83,285.88,0.02,357.44,101548.28,1
2021-07-14,2021-07-14 14:30:00,285.88,285.92,285.88,285.92,0.01,357.44,101548.28,1
2021-07-14,2021-07-14 14:40:00,285.92,285.96,285.92,285.96,0.01,357.44,101548.28,1
2021-07-14,2021-07-14 14:50:00,285.96,286.0,285.96,286.0,0.01,357.44,101548.28,1
2021-07-14,2021-07-14 15:00:00,286.0,288.0,280.0,286.0,0.0,357.44,101548.28,0
2021-07-15,2021-07-15 11:00:00,300.0,300.0,294.9,299.75,-0.08,1378.36,404703.16,-1
2021-07-15,2021-07-15 11:10:00,299.75,299.75,299.5,299.5,-0.08,1378.36,404703.16,-1
2021-07-15,2021-07-15 11:20:00,299.5,299.5,299.25,299.25,-0.08,1378.36,404703.16,-1
2021-07-15,2021-07-15 11:30:00,299.25,299.25,299.0,299.0,-0.08,1378.36,404703.16,-1
2021-07-15,2021-07-15 11:40:00,299.0,299.0,298.75,298.75,-0.08,1378.36,404703.16,-1
2021-07-15,2021-07-15 11:50:00,298.75,298.75,298.5,298.5,-0.08,1378.36,404703.16,-1
2021-07-15,2021-07-15 12:00:00,298.5,298.5,298.25,298.25,-0.08,1378.36,404703.16,-1
2021-07-15,2021-07-15 12:10:00,298.25,298.25,298.0,298.0,-0.08,1378.36,404703.16,-1
2021-07-15,2021-07-15 12:20:00,298.0,298.0,297.75,297.75,-0.08,1378.36,404703.16,-1
2021-07-15,2021-07-15 12:30:00,297.75,297.75,297.5,297.5,-0.08,1378.36,404703.16,-1
2021-07-15,2021-07-15 12:40:00,297.5,297.5,297.25,297.25,-0.08,1378.36,404703.16,-1
2021-07-15,2021-07-15 12:50:00,297.25,297.25,297.0,297.0,-0.08,1378.36,404703.16,-1
2021-07-15,2021-07-15 13:00:00,297.0,300.0,283.0,296.75,-0.08,1378.36,404703.16,-1
2021-07-15,2021-07-15 13:10:00,296.75,296.75,296.5,296.5,-0.08,1378.36,404703.16,-1
2021-07-15,2021-07-15 13:20:00,296.5,296.5,296.25,296.25,-0.08,1378.36,404703.16,-1
2021-07-15,2021-07-15 13:30:00,296.25,296.25,296.0,296.0,-0.08,1378.36,404703.16,-1
2021-07-15,2021-07-15 13:40:00,296.0,296.0,295.75,295.75,-0.08,1378.36,404703.16,-1
2021-07-15,2021-07-15 13:50:00,295.75,295.75,295.5,295.5,-0.08,1378.36,404703.16,-1
2021-07-15,2021-07-15 14:00:00,295.5,295.5,295.25,295.25,-0.08,1378.36,404703.16,-1
2021-07-15,2021-07-15 14:10:00,295.25,295.25,295.0,295.0,-0.08,1378.36,404703.16,-1
2021-07-15,2021-07-15 14:20:00,295.0,295.0,294.75,294.75,-0.08,1378.36,404703.16,-1
2021-07-15,2021-07-15 14:30:00,294.75,294.75,294.5,294.5,-0.08,1378.36,404703.16,-1
2021-07-15,2021-07-15 14:40:00,294.5,294.5,294.25,294.25,-0.08,1378.36,404703.16,-1
2021-07-15,2021-07-15 14:50:00,294.25,294.25,294.0,294.0,-0.08,1378.36,404703.16,-1
2021-07-15,2021-07-15 15:00:00,294.0,300.0,283.0,294.0,0.0,1378.36,404703.16,0
2021-07-18,2021-07-18 11:00:00,294.0,296.7,293.4,294.04,0.01,861.56,254271.21,1
2021-07-18,2021-07-18 11:10:00,294.04,294.08,294.04,294.08,0.01,861.56,254271.21,1
2021-07-18,2021-07-18 11:20:00,294.08,294.12,294.08,294.12,0.01,861.56,254271.21,1
2021-07-18,2021-07-18 11:30:00,294.12,294.17,294.12,294.17,0.02,861.56,254271.21,1
2021-07-18,2021-07-18 11:40:00,294.17,294.21,294.17,294.21,0.01,861.56,254271.21,1
2021-07-18,2021-07-18 11:50:00,294.21,294.25,294.21,294.25,0.01,861.56,254271.21,1
2021-07-18,2021-07-18 12:00:00,294.25,294.29,294.25,294.29,0.01,861.56,254271.21,1
2021-07-18,2021-07-18 12:10:00,294.29,294.33,294.29,294.33,0.01,861.56,254271.21,1
2021-07-18,2021-07-18 12:20:00,294.33,294.38,294.33,294.38,0.02,861.56,254271.21,1
2021-07-18,2021-07-18 12:30:00,294.38,294.42,294.38,294.42,0.01,861.56,254271.21,1
2021-07-18,2021-07-18 12:40:00,294.42,294.46,294.42,294.46,0.01,861.56,254271.21,1
2021-07-18,2021-07-18 12:50:00,294.46,294.5,294.46,294.5,0.01,861.56,254271.21,1
2021-07-18,2021-07-18 13:00:00,294.5,303.0,292.0,294.54,0.01,861.56,254271.21,1
2021-07-18,2021-07-18 13:10:00,294.54,294.58,294.54,294.58,0.01,861.56,254271.21,1
2021-07-18,2021-07-18 13:20:00,294.58,294.62,294.58,294.62,0.01,861.56,254271.21,1
2021-07-18,2021-07-18 13:30:00,294.62,294.67,294.62,294.67,0.02,861.56,254271.21,1
2021-07-18,2021-07-18 13:40:00,294.67,294.71,294.67,294.71,0.01,861.56,254271.21,1
2021-07-18,2021-07-18 13:50:00,294.71,294.75,294.71,294.75,0.01,861.56,254271.21,1
2021-07-18,2021-07-18 14:00:00,294.75,294.79,294.75,294.79,0.01,861.56,254271.21,1
2021-07-18,2021-07-18 14:10:00,294.79,294.83,294.79,294.83,0.01,861.56,254271.21,1
2021-07-18,2021-07-18 14:20:00,294.83,294.88,294.83,294.88,0.02,861.56,254271.21,1
2021-07-18,2021-07-18 14:30:00,294.88,294.92,294.88,294.92,0.01,861.56,254271.21,1
2021-07-18,2021-07-18 14:40:00,294.92,294.96,294.92,294.96,0.01,861.56,254271.21,1
2021-07-18,2021-07-18 14:50:00,294.96,295.0,294.96,295.0,0.01,861.56,254271.21,1
2021-07-18,2021-07-18 15:00:00,295.0,303.0,292.0,295.0,0.0,861.56,254271.21,0
2021-07-19,2021-07-19 11:00:00,299.0,300.2,295.7,298.6,-0.13,741.0,217556.32,-1
2021-07-19,2021-07-19 11:10:00,298.6,298.6,298.21,298.21,-0.13,741.0,217556.32,-1
2021-07-19,2021-07-19 11:20:00,298.21,298.21,297.81,297.81,-0.13,741.0,217556.32,-1
2021-07-19,2021-07-19 11:30:00,297.81,297.81,297.42,297.42,-0.13,741.0,217556.32,-1
2021-07-19,2021-07-19 11:40:00,297.42,297.42,297.02,297.02,-0.13,741.0,217556.32,-1
2021-07-19,2021-07-19 11:50:00,297.02,297.02,296.62,296.62,-0.13,741.0,217556.32,-1
2021-07-19,2021-07-19 12:00:00,296.62,296.62,296.23,296.23,-0.13,741.0,217556.32,-1
2021-07-19,2021-07-19 12:10:00,296.23,296.23,295.83,295.83,-0.14,741.0,217556.32,-1
2021-07-19,2021-07-19 12:20:00,295.83,295.83,295.44,295.44,-0.13,741.0,217556.32,-1
2021-07-19,2021-07-19 12:30:00,295.44,295.44,295.04,295.04,-0.14,741.0,217556.32,-1
2021-07-19,2021-07-19 12:40:00,295.04,295.04,294.65,294.65,-0.13,741.0,217556.32,-1
2021-07-19,2021-07-19 12:50:00,294.65,294.65,294.25,294.25,-0.14,741.0,217556.32,-1
2021-07-19,2021-07-19 13:00:00,294.25,303.0,288.0,293.85,-0.14,741.0,217556.32,-1
2021-07-19,2021-07-19 13:10:00,293.85,293.85,293.46,293.46,-0.13,741.0,217556.32,-1
2021-07-19,2021-07-19 13:20:00,293.46,293.46,293.06,293.06,-0.14,741.0,217556.32,-1
2021-07-19,2021-07-19 13:30:00,293.06,293.06,292.67,292.67,-0.13,741.0,217556.32,-1
2021-07-19,2021-07-19 13:40:00,292.67,292.67,292.27,292.27,-0.14,741.0,217556.32,-1
2021-07-19,2021-07-19 13:50:00,292.27,292.27,291.88,291.88,-0.13,741.0,217556.32,-1
2021-07-19,2021-07-19 14:00:00,291.88,291.88,291.48,291.48,-0.14,741.0,217556.32,-1
2021-07-19,2021-07-19 14:10:00,291.48,291.48,291.08,291.08,-0.14,741.0,217556.32,-1
2021-07-19,2021-07-19 14:20:00,291.08,291.08,290.69,290.69,-0.13,741.0,217556.32,-1
2021-07-19,2021-07-19 14:30:00,290.69,290.69,290.29,290.29,-0.14,741.0,217556.32,-1
2021-07-19,2021-07-19 14:40:00,290.29,290.29,289.9,289.9,-0.13,741.0,217556.32,-1
2021-07-19,2021-07-19 14:50:00,289.9,289.9,289.5,289.5,-0.14,741.0,217556.32,-1
2021-07-19,2021-07-19 15:00:00,289.5,303.0,288.0,289.5,0.0,741.0,217556.32,0
2021-07-20,2021-07-20 11:00:00,289.5,292.95,288.45,289.73,0.08,856.6,252533.52,1
2021-07-20,2021-07-20 11:10:00,289.73,289.96,289.73,289.96,0.08,856.6,252533.52,1
2021-07-20,2021-07-20 11:20:00,289.96,290.19,289.96,290.19,0.08,856.6,252533.52,1
2021-07-20,2021-07-20 11:30:00,290.19,290.42,290.19,290.42,0.08,856.6,252533.52,1
2021-07-20,2021-07-20 11:40:00,290.42,290.65,290.42,290.65,0.08,856.6,252533.52,1
2021-07-20,2021-07-20 11:50:00,290.65,290.88,290.65,290.88,0.08,856.6,252533.52,1
2021-07-20,2021-07-20 12:00:00,290.88,291.1,290.88,291.1,0.08,856.6,252533.52,1
2021-07-20,2021-07-20 12:10:00,291.1,291.33,291.1,291.33,0.08,856.6,252533.52,1
2021-07-20,2021-07-20 12:20:00,291.33,291.56,291.33,291.56,0.08,856.6,252533.52,1
2021-07-20,2021-07-20 12:30:00,291.56,291.79,291.56,291.79,0.08,856.6,252533.52,1
2021-07-20,2021-07-20 12:40:00,291.79,292.02,291.79,292.02,0.08,856.6,252533.52,1
2021-07-20,2021-07-20 12:50:00,292.02,292.25,292.02,292.25,0.08,856.6,252533.52,1
2021-07-20,2021-07-20 13:00:00,292.25,301.0,286.0,292.48,0.08,856.6,252533.52,1
2021-07-20,2021-07-20 13:10:00,292.48,292.71,292.48,292.71,0.08,856.6,252533.52,1
2021-07-20,2021-07-20 13:20:00,292.71,292.94,292.71,292.94,0.08,856.6,252533.52,1
2021-07-20,2021-07-20 13:30:00,292.94,293.17,292.94,293.17,0.08,856.6,252533.52,1
2021-07-20,2021-07-20 13:40:00,293.17,293.4,293.17,293.4,0.08,856.6,252533.52,1
2021-07-20,2021-07-20 13:50:00,293.4,293.62,293.4,293.62,0.07,856.6,252533.52,1
2021-07-20,2021-07-20 14:00:00,293.62,293.85,293.62,293.85,0.08,856.6,252533.52,1
2021-07-20,2021-07-20 14:10:00,293.85,294.08,293.85,294.08,0.08,856.6,252533.52,1
2021-07-20,2021-07-20 14:20:00,294.08,294.31,294.08,294.31,0.08,856.6,252533.52,1
2021-07-20,2021-07-20 14:30:00,294.31,294.54,294.31,294.54,0.08,856.6,252533.52,1
2021-07-20,2021-07-20 14:40:00,294.54,294.77,294.54,294.77,0.08,856.6,252533.52,1
2021-07-20,2021-07-20 14:50:00,294.77,295.0,294.77,295.0,0.08,856.6,252533.52,1
2021-07-20,2021-07-20 15:00:00,295.0,301.0,286.0,295.0,0.0,856.6,252533.52,0
2021-07-22,2021-07-22 11:00:00,300.0,304.53,300.0,300.54,0.18,4145.64,1280077.56,1
2021-07-22,2021-07-22 11:10:00,300.54,301.08,300.54,301.08,0.18,4145.64,1280077.56,1
2021-07-22,2021-07-22 11:20:00,301.08,301.62,301.08,301.62,0.18,4145.64,1280077.56,1
2021-07-22,2021-07-22 11:30:00,301.62,302.17,301.62,302.17,0.18,4145.64,1280077.56,1
2021-07-22,2021-07-22 11:40:00,302.17,302.71,302.17,302.71,0.18,4145.64,1280077.56,1
2021-07-22,2021-07-22 11:50:00,302.71,303.25,302.71,303.25,0.18,4145.64,1280077.56,1
2021-07-22,2021-07-22 12:00:00,303.25,303.79,303.25,303.79,0.18,4145.64,1280077.56,1
2021-07-22,2021-07-22 12:10:00,303.79,304.33,303.79,304.33,0.18,4145.64,1280077.56,1
2021-07-22,2021-07-22 12:20:00,304.33,304.88,304.33,304.88,0.18,4145.64,1280077.56,1
2021-07-22,2021-07-22 12:30:00,304.88,305.42,304.88,305.42,0.18,4145.64,1280077.56,1
2021-07-22,2021-07-22 12:40:00,305.42,305.96,305.42,305.96,0.18,4145.64,1280077.56,1
2021-07-22,2021-07-22 12:50:00,305.96,306.5,305.96,306.5,0.18,4145.64,1280077.56,1
2021-07-22,2021-07-22 13:00:00,306.5,315.1,300.0,307.04,0.18,4145.64,1280077.56,1
2021-07-22,2021-07-22 13:10:00,307.04,307.58,307.04,307.58,0.18,4145.64,1280077.56,1
2021-07-22,2021-07-22 13:20:00,307.58,308.12,307.58,308.12,0.18,4145.64,1280077.56,1
2021-07-22,2021-07-22 13:30:00,308.12,308.67,308.12,308.67,0.18,4145.64,1280077.56,1
2021-07-22,2021-07-22 13:40:00,308.67,309.21,308.67,309.21,0.17,4145.64,1280077.56,1
2021-07-22,2021-07-22 13:50:00,309.21,309.75,309.21,309.75,0.17,4145.64,1280077.56,1
2021-07-22,2021-07-22 14:00:00,309.75,310.29,309.75,310.29,0.17,4145.64,1280077.56,1
2021-07-22,2021-07-22 14:10:00,310.29,310.83,310.29,310.83,0.17,4145.64,1280077.56,1
2021-07-22,2021-07-22 14:20:00,310.83,311.38,310.83,311.38,0.18,4145.64,1280077.56,1
2021-07-22,2021-07-22 14:30:00,311.38,311.92,311.38,311.92,0.17,4145.64,1280077.56,1
2021-07-22,2021-07-22 14:40:00,311.92,312.46,311.92,312.46,0.17,4145.64,1280077.56,1
2021-07-22,2021-07-22 14:50:00,312.46,313.0,312.46,313.0,0.17,4145.64,1280077.56,1
2021-07-22,2021-07-22 15:00:00,313.0,315.1,300.0,313.0,0.0,4145.64,1280077.56,0
2021-07-25,2021-07-25 11:00:00,319.2,326.73,319.2,320.25,0.33,4861.96,1650050.34,1
2021-07-25,2021-07-25 11:10:00,320.25,321.29,320.25,321.29,0.32,4861.96,1650050.34,1
2021-07-25,2021-07-25 11:20:00,321.29,322.34,321.29,322.34,0.33,4861.96,1650050.34,1
2021-07-25,2021-07-25 11:30:00,322.34,323.38,322.34,323.38,0.32,4861.96,1650050.34,1
2021-07-25,2021-07-25 11:40:00,323.38,324.43,323.38,324.43,0.32,4861.96,1650050.34,1
2021-07-25,2021-07-25 11:50:00,324.43,325.48,324.43,325.48,0.32,4861.96,1650050.34,1
2021-07-25,2021-07-25 12:00:00,325.48,326.52,325.48,326.52,0.32,4861.96,1650050.34,1
2021-07-25,2021-07-25 12:10:00,326.52,327.57,326.52,327.57,0.32,4861.96,1650050.34,1
2021-07-25,2021-07-25 12:20:00,327.57,328.61,327.57,328.61,0.32,4861.96,1650050.34,1
2021-07-25,2021-07-25 12:30:00,328.61,329.66,328.61,329.66,0.32,4861.96,1650050.34,1
2021-07-25,2021-07-25 12:40:00,329.66,330.7,329.66,330.7,0.32,4861.96,1650050.34,1
2021-07-25,2021-07-25 12:50:00,330.7,331.75,330.7,331.75,0.32,4861.96,1650050.34,1
2021-07-25,2021-07-25 13:00:00,331.75,344.3,319.2,332.8,0.32,4861.96,1650050.34,1
2021-07-25,2021-07-25 13:10:00,332.8,333.84,332.8,333.84,0.31,4861.96,1650050.34,1
2021-07-25,2021-07-25 13:20:00,333.84,334.89,333.84,334.89,0.31,4861.96,1650050.34,1
2021-07-25,2021-07-25 13:30:00,334.89,335.93,334.89,335.93,0.31,4861.96,1650050.34,1
2021-07-25,2021-07-25 13:40:00,335.93,336.98,335.93,336.98,0.31,4861.96,1650050.34,1
2021-07-25,2021-07-25 13:50:00,336.98,338.02,336.98,338.02,0.31,4861.96,1650050.34,1
2021-07-25,2021-07-25 14:00:00,338.02,339.07,338.02,339.07,0.31,4861.96,1650050.34,1
2021-07-25,2021-07-25 14:10:00,339.07,340.12,339.07,340.12,0.31,4861.96,1650050.34,1
2021-07-25,2021-07-25 14:20:00,340.12,341.16,340.12,341.16,0.31,4861.96,1650050.34,1
2021-07-25,2021-07-25 14:30:00,341.16,342.21,341.16,342.21,0.31,4861.96,1650050.34,1
2021-07-25,2021-07-25 14:40:00,342.21,343.25,342.21,343.25,0.3,4861.96,1650050.34,1
2021-07-25,2021-07-25 14:50:00,343.25,344.3,343.25,344.3,0.31,4861.96,1650050.34,1
2021-07-25,2021-07-25 15:00:00,344.3,344.3,319.2,344.3,0.0,4861.96,1650050.34,0
2021-07-26,2021-07-26 11:00:00,351.1,357.97,348.97,350.97,-0.04,2963.68,1038574.2,-1
2021-07-26,2021-07-26 11:10:00,350.97,350.97,350.84,350.84,-0.04,2963.68,1038574.2,-1
2021-07-26,2021-07-26 11:20:00,350.84,350.84,350.71,350.71,-0.04,2963.68,1038574.2,-1
2021-07-26,2021-07-26 11:30:00,350.71,350.71,350.58,350.58,-0.04,2963.68,1038574.2,-1
2021-07-26,2021-07-26 11:40:00,350.58,350.58,350.45,350.45,-0.04,2963.68,1038574.2,-1
2021-07-26,2021-07-26 11:50:00,350.45,350.45,350.33,350.33,-0.03,2963.68,1038574.2,-1
2021-07-26,2021-07-26 12:00:00,350.33,350.33,350.2,350.2,-0.04,2963.68,1038574.2,-1
2021-07-26,2021-07-26 12:10:00,350.2,350.2,350.07,350.07,-0.04,2963.68,1038574.2,-1
2021-07-26,2021-07-26 12:20:00,350.07,350.07,349.94,349.94,-0.04,2963.68,1038574.2,-1
2021-07-26,2021-07-26 12:30:00,349.94,349.94,349.81,349.81,-0.04,2963.68,1038574.2,-1
2021-07-26,2021-07-26 12:40:00,349.81,349.81,349.68,349.68,-0.04,2963.68,1038574.2,-1
2021-07-26,2021-07-26 12:50:00,349.68,349.68,349.55,349.55,-0.04,2963.68,1038574.2,-1
2021-07-26,2021-07-26 13:00:00,349.55,374.0,344.0,349.42,-0.04,2963.68,1038574.2,-1
2021-07-26,2021-07-26 13:10:00,349.42,349.42,349.29,349.29,-0.04,2963.68,1038574.2,-1
2021-07-26,2021-07-26 13:20:00,349.29,349.29,349.16,349.16,-0.04,2963.68,1038574.2,-1
2021-07-26,2021-07-26 13:30:00,349.16,349.16,349.03,349.03,-0.04,2963.68,1038574.2,-1
2021-07-26,2021-07-26 13:40:00,349.03,349.03,348.9,348.9,-0.04,2963.68,1038574.2,-1
2021-07-26,2021-07-26 13:50:00,348.9,348.9,348.77,348.77,-0.04,2963.68,1038574.2,-1
2021-07-26,2021-07-26 14:00:00,348.77,348.77,348.65,348.65,-0.03,2963.68,1038574.2,-1
2021-07-26,2021-07-26 14:10:00,348.65,348.65,348.52,348.52,-0.04,2963.68,1038574.2,-1
2021-07-26,2021-07-26 14:20:00,348.52,348.52,348.39,348.39,-0.04,2963.68,1038574.2,-1
2021-07-26,2021-07-26 14:30:00,348.39,348.39,348.26,348.26,-0.04,2963.68,1038574.2,-1
2021-07-26,2021-07-26 14:40:00,348.26,348.26,348.13,348.13,-0.04,2963.68,1038574.2,-1
2021-07-26,2021-07-26 14:50:00,348.13,348.13,348.0,348.0,-0.04,2963.68,1038574.2,-1
2021-07-26,2021-07-26 15:00:00,348.0,374.0,344.0,348.0,0.0,2963.68,1038574.2,0
2021-07-27,2021-07-27 11:00:00,348.0,358.44,345.03,349.45,0.42,3410.68,1246313.56,1
2021-07-27,2021-07-27 11:10:00,349.45,350.9,349.45,350.9,0.41,3410.68,1246313.56,1
2021-07-27,2021-07-27 11:20:00,350.9,352.35,350.9,352.35,0.41,3410.68,1246313.56,1
2021-07-27,2021-07-27 11:30:00,352.35,353.8,352.35,353.8,0.41,3410.68,1246313.56,1
2021-07-27,2021-07-27 11:40:00,353.8,355.25,353.8,355.25,0.41,3410.68,1246313.56,1
2021-07-27,2021-07-27 11:50:00,355.25,356.7,355.25,356.7,0.41,3410.68,1246313.56,1
2021-07-27,2021-07-27 12:00:00,356.7,358.15,356.7,358.15,0.41,3410.68,1246313.56,1
2021-07-27,2021-07-27 12:10:00,358.15,359.6,358.15,359.6,0.4,3410.68,1246313.56,1
2021-07-27,2021-07-27 12:20:00,359.6,361.05,359.6,361.05,0.4,3410.68,1246313.56,1
2021-07-27,2021-07-27 12:30:00,361.05,362.5,361.05,362.5,0.4,3410.68,1246313.56,1
2021-07-27,2021-07-27 12:40:00,362.5,363.95,362.5,363.95,0.4,3410.68,1246313.56,1
2021-07-27,2021-07-27 12:50:00,363.95,365.4,363.95,365.4,0.4,3410.68,1246313.56,1
2021-07-27,2021-07-27 13:00:00,365.4,382.8,338.1,366.85,0.4,3410.68,1246313.56,1
2021-07-27,2021-07-27 13:10:00,366.85,368.3,366.85,368.3,0.4,3410.68,1246313.56,1
2021-07-27,2021-07-27 13:20:00,368.3,369.75,368.3,369.75,0.39,3410.68,1246313.56,1
2021-07-27,2021-07-27 13:30:00,369.75,371.2,369.75,371.2,0.39,3410.68,1246313.56,1
2021-07-27,2021-07-27 13:40:00,371.2,372.65,371.2,372.65,0.39,3410.68,1246313.56,1
2021-07-27,2021-07-27 13:50:00,372.65,374.1,372.65,374.1,0.39,3410.68,1246313.56,1
2021-07-27,2021-07-27 14:00:00,374.1,375.55,374.1,375.55,0.39,3410.68,1246313.56,1
2021-07-27,2021-07-27 14:10:00,375.55,377.0,375.55,377.0,0.39,3410.68,1246313.56,1
2021-07-27,2021-07-27 14:20:00,377.0,378.45,377.0,378.45,0.38,3410.68,1246313.56,1
2021-07-27,2021-07-27 14:30:00,378.45,379.9,378.45,379.9,0.38,3410.68,1246313.56,1
2021-07-27,2021-07-27 14:40:00,379.9,381.35,379.9,381.35,0.38,3410.68,1246313.56,1
2021-07-27,2021-07-27 14:50:00,381.35,382.8,381.35,382.8,0.38,3410.68,1246313.56,1
2021-07-27,2021-07-27 15:00:00,382.8,382.8,338.1,382.8,0.0,3410.68,1246313.56,0
2021-07-28,2021-07-28 11:00:00,382.8,390.96,376.77,382.48,-0.08,3012.4,1170643.86,-1
2021-07-28,2021-07-28 11:10:00,382.48,382.48,382.15,382.15,-0.09,3012.4,1170643.86,-1
2021-07-28,2021-07-28 11:20:00,382.15,382.15,381.82,381.82,-0.09,3012.4,1170643.86,-1
2021-07-28,2021-07-28 11:30:00,381.82,381.82,381.5,381.5,-0.08,3012.4,1170643.86,-1
2021-07-28,2021-07-28 11:40:00,381.5,381.5,381.18,381.18,-0.08,3012.4,1170643.86,-1
2021-07-28,2021-07-28 11:50:00,381.18,381.18,380.85,380.85,-0.09,3012.4,1170643.86,-1
2021-07-28,2021-07-28 12:00:00,380.85,380.85,380.53,380.53,-0.08,3012.4,1170643.86,-1
2021-07-28,2021-07-28 12:10:00,380.53,380.53,380.2,380.2,-0.09,3012.4,1170643.86,-1
2021-07-28,2021-07-28 12:20:00,380.2,380.2,379.88,379.88,-0.08,3012.4,1170643.86,-1
2021-07-28,2021-07-28 12:30:00,379.88,379.88,379.55,379.55,-0.09,3012.4,1170643.86,-1
2021-07-28,2021-07-28 12:40:00,379.55,379.55,379.23,379.23,-0.08,3012.4,1170643.86,-1
2021-07-28,2021-07-28 12:50:00,379.23,379.23,378.9,378.9,-0.09,3012.4,1170643.86,-1
2021-07-28,2021-07-28 13:00:00,378.9,410.0,362.7,378.57,-0.09,3012.4,1170643.86,-1
2021-07-28,2021-07-28 13:10:00,378.57,378.57,378.25,378.25,-0.08,3012.4,1170643.86,-1
2021-07-28,2021-07-28 13:20:00,378.25,378.25,377.93,377.93,-0.08,3012.4,1170643.86,-1
2021-07-28,2021-07-28 13:30:00,377.93,377.93,377.6,377.6,-0.09,3012.4,1170643.86,-1
2021-07-28,2021-07-28 13:40:00,377.6,377.6,377.27,377.27,-0.09,3012.4,1170643.86,-1
2021-07-28,2021-07-28 13:50:00,377.27,377.27,376.95,376.95,-0.08,3012.4,1170643.86,-1
2021-07-28,2021-07-28 14:00:00,376.95,376.95,376.62,376.62,-0.09,3012.4,1170643.86,-1
2021-07-28,2021-07-28 14:10:00,376.62,376.62,376.3,376.3,-0.08,3012.4,1170643.86,-1
2021-07-28,2021-07-28 14:20:00,376.3,376.3,375.98,375.98,-0.09,3012.4,1170643.86,-1
2021-07-28,2021-07-28 14:30:00,375.98,375.98,375.65,375.65,-0.09,3012.4,1170643.86,-1
2021-07-28,2021-07-28 14:40:00,375.65,375.65,375.32,375.32,-0.09,3012.4,1170643.86,-1
2021-07-28,2021-07-28 14:50:00,375.32,375.32,375.0,375.0,-0.09,3012.4,1170643.86,-1
2021-07-28,2021-07-28 15:00:00,375.0,410.0,362.7,375.0,0.0,3012.4,1170643.86,0
2021-07-29,2021-07-29 11:00:00,368.0,368.0,361.55,367.71,-0.08,2651.72,953781.22,-1
2021-07-29,2021-07-29 11:10:00,367.71,367.71,367.42,367.42,-0.08,2651.72,953781.22,-1
2021-07-29,2021-07-29 11:20:00,367.42,367.42,367.12,367.12,-0.08,2651.72,953781.22,-1
2021-07-29,2021-07-29 11:30:00,367.12,367.12,366.83,366.83,-0.08,2651.72,953781.22,-1
2021-07-29,2021-07-29 11:40:00,366.83,366.83,366.54,366.54,-0.08,2651.72,953781.22,-1
2021-07-29,2021-07-29 11:50:00,366.54,366.54,366.25,366.25,-0.08,2651.72,953781.22,-1
2021-07-29,2021-07-29 12:00:00,366.25,366.25,365.96,365.96,-0.08,2651.72,953781.22,-1
2021-07-29,2021-07-29 12:10:00,365.96,365.96,365.67,365.67,-0.08,2651.72,953781.22,-1
2021-07-29,2021-07-29 12:20:00,365.67,365.67,365.38,365.38,-0.08,2651.72,953781.22,-1
2021-07-29,2021-07-29 12:30:00,365.38,365.38,365.08,365.08,-0.08,2651.72,953781.22,-1
2021-07-29,2021-07-29 12:40:00,365.08,365.08,364.79,364.79,-0.08,2651.72,953781.22,-1
2021-07-29,2021-07-29 12:50:00,364.79,364.79,364.5,364.5,-0.08,2651.72,953781.22,-1
2021-07-29,2021-07-29 13:00:00,364.5,368.0,346.5,364.21,-0.08,2651.72,953781.22,-1
2021-07-29,2021-07-29 13:10:00,364.21,364.21,363.92,363.92,-0.08,2651.72,953781.22,-1
2021-07-29,2021-07-29 13:20:00,363.92,363.92,363.62,363.62,-0.08,2651.72,953781.22,-1
2021-07-29,2021-07-29 13:30:00,363.62,363.62,363.33,363.33,-0.08,2651.72,953781.22,-1
2021-07-29,2021-07-29 13:40:00,363.33,363.33,363.04,363.04,-0.08,2651.72,953781.22,-1
2021-07-29,2021-07-29 13:50:00,363.04,363.04,362.75,362.75,-0.08,2651.72,953781.22,-1
2021-07-29,2021-07-29 14:00:00,362.75,362.75,362.46,362.46,-0.08,2651.72,953781.22,-1
2021-07-29,2021-07-29 14:10:00,362.46,362.46,362.17,362.17,-0.08,2651.72,953781.22,-1
2021-07-29,2021-07-29 14:20:00,362.17,362.17,361.88,361.88,-0.08,2651.72,953781.22,-1
2021-07-29,2021-07-29 14:30:00,361.88,361.88,361.58,361.58,-0.08,2651.72,953781.22,-1
2021-07-29,2021-07-29 14:40:00,361.58,361.58,361.29,361.29,-0.08,2651.72,953781.22,-1
2021-07-29,2021-07-29 14:50:00,361.29,361.29,361.0,361.0,-0.08,2651.72,953781.22,-1
2021-07-29,2021-07-29 15:00:00,361.0,368.0,346.5,361.0,0.0,2651.72,953781.22,0
2021-08-01,2021-08-01 11:00:00,361.0,367.3,356.8,361.75,0.21,2453.0,911563.97,1
2021-08-01,2021-08-01 11:10:00,361.75,362.5,361.75,362.5,0.21,2453.0,911563.97,1
2021-08-01,2021-08-01 11:20:00,362.5,363.25,362.5,363.25,0.21,2453.0,911563.97,1
2021-08-01,2021-08-01 11:30:00,363.25,364.0,363.25,364.0,0.21,2453.0,911563.97,1
2021-08-01,2021-08-01 11:40:00,364.0,364.75,364.0,364.75,0.21,2453.0,911563.97,1
2021-08-01,2021-08-01 11:50:00,364.75,365.5,364.75,365.5,0.21,2453.0,911563.97,1
2021-08-01,2021-08-01 12:00:00,365.5,366.25,365.5,366.25,0.21,2453.0,911563.97,1
2021-08-01,2021-08-01 12:10:00,366.25,367.0,366.25,367.0,0.2,2453.0,911563.97,1
2021-08-01,2021-08-01 12:20:00,367.0,367.75,367.0,367.75,0.2,2453.0,911563.97,1
2021-08-01,2021-08-01 12:30:00,367.75,368.5,367.75,368.5,0.2,2453.0,911563.97,1
2021-08-01,2021-08-01 12:40:00,368.5,369.25,368.5,369.25,0.2,2453.0,911563.97,1
2021-08-01,2021-08-01 12:50:00,369.25,370.0,369.25,370.0,0.2,2453.0,911563.97,1
2021-08-01,2021-08-01 13:00:00,370.0,382.0,347.0,370.75,0.2,2453.0,911563.97,1
2021-08-01,2021-08-01 13:10:00,370.75,371.5,370.75,371.5,0.2,2453.0,911563.97,1
2021-08-01,2021-08-01 13:20:00,371.5,372.25,371.5,372.25,0.2,2453.0,911563.97,1
2021-08-01,2021-08-01 13:30:00,372.25,373.0,372.25,373.0,0.2,2453.0,911563.97,1
2021-08-01,2021-08-01 13:40:00,373.0,373.75,373.0,373.75,0.2,2453.0,911563.97,1
2021-08-01,2021-08-01 13:50:00,373.75,374.5,373.75,374.5,0.2,2453.0,911563.97,1
2021-08-01,2021-08-01 14:00:00,374.5,375.25,374.5,375.25,0.2,2453.0,911563.97,1
2021-08-01,2021-08-01 14:10:00,375.25,376.0,375.25,376.0,0.2,2453.0,911563.97,1
2021-08-01,2021-08-01 14:20:00,376.0,376.75,376.0,376.75,0.2,2453.0,911563.97,1
2021-08-01,2021-08-01 14:30:00,376.75,377.5,376.75,377.5,0.2,2453.0,911563.97,1
2021-08-01,2021-08-01 14:40:00,377.5,378.25,377.5,378.25,0.2,2453.0,911563.97,1
2021-08-01,2021-08-01 14:50:00,378.25,379.0,378.25,379.0,0.2,2453.0,911563.97,1
2021-08-01,2021-08-01 15:00:00,379.0,382.0,347.0,379.0,0.0,2453.0,911563.97,0
2021-08-02,2021-08-02 11:00:00,380.0,388.4,378.5,380.58,0.15,3128.64,1227518.13,1
2021-08-02,2021-08-02 11:10:00,380.58,381.17,380.58,381.17,0.16,3128.64,1227518.13,1
2021-08-02,2021-08-02 11:20:00,381.17,381.75,381.17,381.75,0.15,3128.64,1227518.13,1
2021-08-02,2021-08-02 11:30:00,381.75,382.33,381.75,382.33,0.15,3128.64,1227518.13,1
2021-08-02,2021-08-02 11:40:00,382.33,382.92,382.33,382.92,0.15,3128.64,1227518.13,1
2021-08-02,2021-08-02 11:50:00,382.92,383.5,382.92,383.5,0.15,3128.64,1227518.13,1
2021-08-02,2021-08-02 12:00:00,383.5,384.08,383.5,384.08,0.15,3128.64,1227518.13,1
2021-08-02,2021-08-02 12:10:00,384.08,384.67,384.08,384.67,0.15,3128.64,1227518.13,1
2021-08-02,2021-08-02 12:20:00,384.67,385.25,384.67,385.25,0.15,3128.64,1227518.13,1
2021-08-02,2021-08-02 12:30:00,385.25,385.83,385.25,385.83,0.15,3128.64,1227518.13,1
2021-08-02,2021-08-02 12:40:00,385.83,386.42,385.83,386.42,0.15,3128.64,1227518.13,1
2021-08-02,2021-08-02 12:50:00,386.42,387.0,386.42,387.0,0.15,3128.64,1227518.13,1
2021-08-02,2021-08-02 13:00:00,387.0,408.0,375.0,387.58,0.15,3128.64,1227518.13,1
2021-08-02,2021-08-02 13:10:00,387.58,388.17,387.58,388.17,0.15,3128.64,1227518.13,1
2021-08-02,2021-08-02 13:20:00,388.17,388.75,388.17,388.75,0.15,3128.64,1227518.13,1
2021-08-02,2021-08-02 13:30:00,388.75,389.33,388.75,389.33,0.15,3128.64,1227518.13,1
2021-08-02,2021-08-02 13:40:00,389.33,389.92,389.33,389.92,0.15,3128.64,1227518.13,1
2021-08-02,2021-08-02 13:50:00,389.92,390.5,389.92,390.5,0.15,3128.64,1227518.13,1
2021-08-02,2021-08-02 14:00:00,390.5,391.08,390.5,391.08,0.15,3128.64,1227518.13,1
2021-08-02,2021-08-02 14:10:00,391.08,391.67,391.08,391.67,0.15,3128.64,1227518.13,1
2021-08-02,2021-08-02 14:20:00,391.67,392.25,391.67,392.25,0.15,3128.64,1227518.13,1
2021-08-02,2021-08-02 14:30:00,392.25,392.83,392.25,392.83,0.15,3128.64,1227518.13,1
2021-08-02,2021-08-02 14:40:00,392.83,393.42,392.83,393.42,0.15,3128.64,1227518.13,1
2021-08-02,2021-08-02 14:50:00,393.42,394.0,393.42,394.0,0.15,3128.64,1227518.13,1
2021-08-02,2021-08-02 15:00:00,394.0,408.0,375.0,394.0,0.0,3128.64,1227518.13,0
2021-08-03,2021-08-03 11:00:00,397.0,407.5,390.4,397.79,0.2,3328.76,1353178.67,1
2021-08-03,2021-08-03 11:10:00,397.79,398.58,397.79,398.58,0.2,3328.76,1353178.67,1
2021-08-03,2021-08-03 11:20:00,398.58,399.38,398.58,399.38,0.2,3328.76,1353178.67,1
2021-08-03,2021-08-03 11:30:00,399.38,400.17,399.38,400.17,0.2,3328.76,1353178.67,1
2021-08-03,2021-08-03 11:40:00,400.17,400.96,400.17,400.96,0.2,3328.76,1353178.67,1
2021-08-03,2021-08-03 11:50:00,400.96,401.75,400.96,401.75,0.2,3328.76,1353178.67,1
2021-08-03,2021-08-03 12:00:00,401.75,402.54,401.75,402.54,0.2,3328.76,1353178.67,1
2021-08-03,2021-08-03 12:10:00,402.54,403.33,402.54,403.33,0.2,3328.76,1353178.67,1
2021-08-03,2021-08-03 12:20:00,403.33,404.12,403.33,404.12,0.2,3328.76,1353178.67,1
2021-08-03,2021-08-03 12:30:00,404.12,404.92,404.12,404.92,0.2,3328.76,1353178.67,1
2021-08-03,2021-08-03 12:40:00,404.92,405.71,404.92,405.71,0.2,3328.76,1353178.67,1
2021-08-03,2021-08-03 12:50:00,405.71,406.5,405.71,406.5,0.19,3328.76,1353178.67,1
2021-08-03,2021-08-03 13:00:00,406.5,432.0,375.0,407.29,0.19,3328.76,1353178.67,1
2021-08-03,2021-08-03 13:10:00,407.29,408.08,407.29,408.08,0.19,3328.76,1353178.67,1
2021-08-03,2021-08-03 13:20:00,408.08,408.88,408.08,408.88,0.2,3328.76,1353178.67,1
2021-08-03,2021-08-03 13:30:00,408.88,409.67,408.88,409.67,0.19,3328.76,1353178.67,1
2021-08-03,2021-08-03 13:40:00,409.67,410.46,409.67,410.46,0.19,3328.76,1353178.67,1
2021-08-03,2021-08-03 13:50:00,410.46,411.25,410.46,411.25,0.19,3328.76,1353178.67,1
2021-08-03,2021-08-03 14:00:00,411.25,412.04,411.25,412.04,0.19,3328.76,1353178.67,1
2021-08-03,2021-08-03 14:10:00,412.04,412.83,412.04,412.83,0.19,3328.76,1353178.67,1
2021-08-03,2021-08-03 14:20:00,412.83,413.62,412.83,413.62,0.19,3328.76,1353178.67,1
2021-08-03,2021-08-03 14:30:00,413.62,414.42,413.62,414.42,0.19,3328.76,1353178.67,1
2021-08-03,2021-08-03 14:40:00,414.42,415.21,414.42,415.21,0.19,3328.76,1353178.67,1
2021-08-03,2021-08-03 14:50:00,415.21,416.0,415.21,416.0,0.19,3328.76,1353178.67,1
2021-08-03,2021-08-03 15:00:00,416.0,432.0,375.0,416.0,0.0,3328.76,1353178.67,0
2021-08-04,2021-08-04 11:00:00,424.0,431.65,419.5,424.67,0.16,3541.2,1530721.57,1
2021-08-04,2021-08-04 11:10:00,424.67,425.33,424.67,425.33,0.16,3541.2,1530721.57,1
2021-08-04,2021-08-04 11:20:00,425.33,426.0,425.33,426.0,0.16,3541.2,1530721.57,1
2021-08-04,2021-08-04 11:30:00,426.0,426.67,426.0,426.67,0.16,3541.2,1530721.57,1
2021-08-04,2021-08-04 11:40:00,426.67,427.33,426.67,427.33,0.15,3541.2,1530721.57,1
2021-08-04,2021-08-04 11:50:00,427.33,428.0,427.33,428.0,0.16,3541.2,1530721.57,1
2021-08-04,2021-08-04 12:00:00,428.0,428.67,428.0,428.67,0.16,3541.2,1530721.57,1
2021-08-04,2021-08-04 12:10:00,428.67,429.33,428.67,429.33,0.15,3541.2,1530721.57,1
2021-08-04,2021-08-04 12:20:00,429.33,430.0,429.33,430.0,0.16,3541.2,1530721.57,1
2021-08-04,2021-08-04 12:30:00,430.0,430.67,430.0,430.67,0.16,3541.2,1530721.57,1
2021-08-04,2021-08-04 12:40:00,430.67,431.33,430.67,431.33,0.15,3541.2,1530721.57,1
2021-08-04,2021-08-04 12:50:00,431.33,432.0,431.33,432.0,0.16,3541.2,1530721.57,1
2021-08-04,2021-08-04 13:00:00,432.0,449.5,409.0,432.67,0.16,3541.2,1530721.57,1
2021-08-04,2021-08-04 13:10:00,432.67,433.33,432.67,433.33,0.15,3541.2,1530721.57,1
2021-08-04,2021-08-04 13:20:00,433.33,434.0,433.33,434.0,0.15,3541.2,1530721.57,1
2021-08-04,2021-08-04 13:30:00,434.0,434.67,434.0,434.67,0.15,3541.2,1530721.57,1
2021-08-04,2021-08-04 13:40:00,434.67,435.33,434.67,435.33,0.15,3541.2,1530721.57,1
2021-08-04,2021-08-04 13:50:00,435.33,436.0,435.33,436.0,0.15,3541.2,1530721.57,1
2021-08-04,2021-08-04 14:00:00,436.0,436.67,436.0,436.67,0.15,3541.2,1530721.57,1
2021-08-04,2021-08-04 14:10:00,436.67,437.33,436.67,437.33,0.15,3541.2,1530721.57,1
2021-08-04,2021-08-04 14:20:00,437.33,438.0,437.33,438.0,0.15,3541.2,1530721.57,1
2021-08-04,2021-08-04 14:30:00,438.0,438.67,438.0,438.67,0.15,3541.2,1530721.57,1
2021-08-04,2021-08-04 14:40:00,438.67,439.33,438.67,439.33,0.15,3541.2,1530721.57,1
2021-08-04,2021-08-04 14:50:00,439.33,440.0,439.33,440.0,0.15,3541.2,1530721.57,1
2021-08-04,2021-08-04 15:00:00,440.0,449.5,409.0,440.0,0.0,3541.2,1530721.57,0
2021-08-05,2021-08-05 11:00:00,448.8,456.36,440.04,447.64,-0.26,3299.04,1436163.92,-1
2021-08-05,2021-08-05 11:10:00,447.64,447.64,446.48,446.48,-0.26,3299.04,1436163.92,-1
2021-08-05,2021-08-05 11:20:00,446.48,446.48,445.32,445.32,-0.26,3299.04,1436163.92,-1
2021-08-05,2021-08-05 11:30:00,445.32,445.32,444.17,444.17,-0.26,3299.04,1436163.92,-1
2021-08-05,2021-08-05 11:40:00,444.17,444.17,443.01,443.01,-0.26,3299.04,1436163.92,-1
2021-08-05,2021-08-05 11:50:00,443.01,443.01,441.85,441.85,-0.26,3299.04,1436163.92,-1
2021-08-05,2021-08-05 12:00:00,441.85,441.85,440.69,440.69,-0.26,3299.04,1436163.92,-1
2021-08-05,2021-08-05 12:10:00,440.69,440.69,439.53,439.53,-0.26,3299.04,1436163.92,-1
2021-08-05,2021-08-05 12:20:00,439.53,439.53,438.38,438.38,-0.26,3299.04,1436163.92,-1
2021-08-05,2021-08-05 12:30:00,438.38,438.38,437.22,437.22,-0.26,3299.04,1436163.92,-1
2021-08-05,2021-08-05 12:40:00,437.22,437.22,436.06,436.06,-0.27,3299.04,1436163.92,-1
2021-08-05,2021-08-05 12:50:00,436.06,436.06,434.9,434.9,-0.27,3299.04,1436163.92,-1
2021-08-05,2021-08-05 13:00:00,434.9,474.0,419.6,433.74,-0.27,3299.04,1436163.92,-1
2021-08-05,2021-08-05 13:10:00,433.74,433.74,432.58,432.58,-0.27,3299.04,1436163.92,-1
2021-08-05,2021-08-05 13:20:00,432.58,432.58,431.43,431.43,-0.27,3299.04,1436163.92,-1
2021-08-05,2021-08-05 13:30:00,431.43,431.43,430.27,430.27,-0.27,3299.04,1436163.92,-1
2021-08-05,2021-08-05 13:40:00,430.27,430.27,429.11,429.11,-0.27,3299.04,1436163.92,-1
2021-08-05,2021-08-05 13:50:00,429.11,429.11,427.95,427.95,-0.27,3299.04,1436163.92,-1
2021-08-05,2021-08-05 14:00:00,427.95,427.95,426.79,426.79,-0.27,3299.04,1436163.92,-1
2021-08-05,2021-08-05 14:10:00,426.79,426.79,425.63,425.63,-0.27,3299.04,1436163.92,-1
2021-08-05,2021-08-05 14:20:00,425.63,425.63,424.48,424.48,-0.27,3299.04,1436163.92,-1
2021-08-05,2021-08-05 14:30:00,424.48,424.48,423.32,423.32,-0.27,3299.04,1436163.92,-1
2021-08-05,2021-08-05 14:40:00,423.32,423.32,422.16,422.16,-0.27,3299.04,1436163.92,-1
2021-08-05,2021-08-05 14:50:00,422.16,422.16,421.0,421.0,-0.27,3299.04,1436163.92,-1
2021-08-05,2021-08-05 15:00:00,421.0,474.0,419.6,421.0,0.0,3299.04,1436163.92,0
2021-08-08,2021-08-08 11:00:00,429.0,436.8,422.1,429.04,0.01,2605.4,1116789.5,1
2021-08-08,2021-08-08 11:10:00,429.04,429.08,429.04,429.08,0.01,2605.4,1116789.5,1
2021-08-08,2021-08-08 11:20:00,429.08,429.12,429.08,429.12,0.01,2605.4,1116789.5,1
2021-08-08,2021-08-08 11:30:00,429.12,429.17,429.12,429.17,0.01,2605.4,1116789.5,1
2021-08-08,2021-08-08 11:40:00,429.17,429.21,429.17,429.21,0.01,2605.4,1116789.5,1
2021-08-08,2021-08-08 11:50:00,429.21,429.25,429.21,429.25,0.01,2605.4,1116789.5,1
2021-08-08,2021-08-08 12:00:00,429.25,429.29,429.25,429.29,0.01,2605.4,1116789.5,1
2021-08-08,2021-08-08 12:10:00,429.29,429.33,429.29,429.33,0.01,2605.4,1116789.5,1
2021-08-08,2021-08-08 12:20:00,429.33,429.38,429.33,429.38,0.01,2605.4,1116789.5,1
2021-08-08,2021-08-08 12:30:00,429.38,429.42,429.38,429.42,0.01,2605.4,1116789.5,1
2021-08-08,2021-08-08 12:40:00,429.42,429.46,429.42,429.46,0.01,2605.4,1116789.5,1
2021-08-08,2021-08-08 12:50:00,429.46,429.5,429.46,429.5,0.01,2605.4,1116789.5,1
2021-08-08,2021-08-08 13:00:00,429.5,455.0,406.0,429.54,0.01,2605.4,1116789.5,1
2021-08-08,2021-08-08 13:10:00,429.54,429.58,429.54,429.58,0.01,2605.4,1116789.5,1
2021-08-08,2021-08-08 13:20:00,429.58,429.62,429.58,429.62,0.01,2605.4,1116789.5,1
2021-08-08,2021-08-08 13:30:00,429.62,429.67,429.62,429.67,0.01,2605.4,1116789.5,1
2021-08-08,2021-08-08 13:40:00,429.67,429.71,429.67,429.71,0.01,2605.4,1116789.5,1
2021-08-08,2021-08-08 13:50:00,429.71,429.75,429.71,429.75,0.01,2605.4,1116789.5,1
2021-08-08,2021-08-08 14:00:00,429.75,429.79,429.75,429.79,0.01,2605.4,1116789.5,1
2021-08-08,2021-08-08 14:10:00,429.79,429.83,429.79,429.83,0.01,2605.4,1116789.5,1
2021-08-08,2021-08-08 14:20:00,429.83,429.88,429.83,429.88,0.01,2605.4,1116789.5,1
2021-08-08,2021-08-08 14:30:00,429.88,429.92,429.88,429.92,0.01,2605.4,1116789.5,1
2021-08-08,2021-08-08 14:40:00,429.92,429.96,429.92,429.96,0.01,2605.4,1116789.5,1
2021-08-08,2021-08-08 14:50:00,429.96,430.0,429.96,430.0,0.01,2605.4,1116789.5,1
2021-08-08,2021-08-08 15:00:00,430.0,455.0,406.0,430.0,0.0,2605.4,1116789.5,0
2021-08-09,2021-08-09 11:00:00,430.1,435.17,428.87,430.43,0.08,2921.12,1269233.74,1
2021-08-09,2021-08-09 11:10:00,430.43,430.76,430.43,430.76,0.08,2921.12,1269233.74,1
2021-08-09,2021-08-09 11:20:00,430.76,431.09,430.76,431.09,0.08,2921.12,1269233.74,1
2021-08-09,2021-08-09 11:30:00,431.09,431.42,431.09,431.42,0.08,2921.12,1269233.74,1
2021-08-09,2021-08-09 11:40:00,431.42,431.75,431.42,431.75,0.08,2921.12,1269233.74,1
2021-08-09,2021-08-09 11:50:00,431.75,432.08,431.75,432.08,0.08,2921.12,1269233.74,1
2021-08-09,2021-08-09 12:00:00,432.08,432.4,432.08,432.4,0.07,2921.12,1269233.74,1
2021-08-09,2021-08-09 12:10:00,432.4,432.73,432.4,432.73,0.08,2921.12,1269233.74,1
2021-08-09,2021-08-09 12:20:00,432.73,433.06,432.73,433.06,0.08,2921.12,1269233.74,1
2021-08-09,2021-08-09 12:30:00,433.06,433.39,433.06,433.39,0.08,2921.12,1269233.74,1
2021-08-09,2021-08-09 12:40:00,433.39,433.72,433.39,433.72,0.08,2921.12,1269233.74,1
2021-08-09,2021-08-09 12:50:00,433.72,434.05,433.72,434.05,0.08,2921.12,1269233.74,1
2021-08-09,2021-08-09 13:00:00,434.05,447.0,426.0,434.38,0.08,2921.12,1269233.74,1
2021-08-09,2021-08-09 13:10:00,434.38,434.71,434.38,434.71,0.08,2921.12,1269233.74,1
2021-08-09,2021-08-09 13:20:00,434.71,435.04,434.71,435.04,0.08,2921.12,1269233.74,1
2021-08-09,2021-08-09 13:30:00,435.04,435.37,435.04,435.37,0.08,2921.12,1269233.74,1
2021-08-09,2021-08-09 13:40:00,435.37,435.7,435.37,435.7,0.08,2921.12,1269233.74,1
2021-08-09,2021-08-09 13:50:00,435.7,436.02,435.7,436.02,0.07,2921.12,1269233.74,1
2021-08-09,2021-08-09 14:00:00,436.02,436.35,436.02,436.35,0.08,2921.12,1269233.74,1
2021-08-09,2021-08-09 14:10:00,436.35,436.68,436.35,436.68,0.08,2921.12,1269233.74,1
2021-08-09,2021-08-09 14:20:00,436.68,437.01,436.68,437.01,0.08,2921.12,1269233.74,1
2021-08-09,2021-08-09 14:30:00,437.01,437.34,437.01,437.34,0.08,2921.12,1269233.74,1
2021-08-09,2021-08-09 14:40:00,437.34,437.67,437.34,437.67,0.08,2921.12,1269233.74,1
2021-08-09,2021-08-09 14:50:00,437.67,438.0,437.67,438.0,0.08,2921.12,1269233.74,1
2021-08-09,2021-08-09 15:00:00,438.0,447.0,426.0,438.0,0.0,2921.12,1269233.74,0
2021-08-10,2021-08-10 11:00:00,446.0,446.0,436.1,445.0,-0.22,2980.36,1258491.02,-1
2021-08-10,2021-08-10 11:10:00,445.0,445.0,443.99,443.99,-0.23,2980.36,1258491.02,-1
2021-08-10,2021-08-10 11:20:00,443.99,443.99,442.99,442.99,-0.23,2980.36,1258491.02,-1
2021-08-10,2021-08-10 11:30:00,442.99,442.99,441.98,441.98,-0.23,2980.36,1258491.02,-1
2021-08-10,2021-08-10 11:40:00,441.98,441.98,440.98,440.98,-0.23,2980.36,1258491.02,-1
2021-08-10,2021-08-10 11:50:00,440.98,440.98,439.98,439.98,-0.23,2980.36,1258491.02,-1
2021-08-10,2021-08-10 12:00:00,439.98,439.98,438.97,438.97,-0.23,2980.36,1258491.02,-1
2021-08-10,2021-08-10 12:10:00,438.97,438.97,437.97,437.97,-0.23,2980.36,1258491.02,-1
2021-08-10,2021-08-10 12:20:00,437.97,437.97,436.96,436.96,-0.23,2980.36,1258491.02,-1
2021-08-10,2021-08-10 12:30:00,436.96,436.96,435.96,435.96,-0.23,2980.36,1258491.02,-1
2021-08-10,2021-08-10 12:40:00,435.96,435.96,434.95,434.95,-0.23,2980.36,1258491.02,-1
2021-08-10,2021-08-10 12:50:00,434.95,434.95,433.95,433.95,-0.23,2980.36,1258491.02,-1
2021-08-10,2021-08-10 13:00:00,433.95,446.0,413.0,432.95,-0.23,2980.36,1258491.02,-1
2021-08-10,2021-08-10 13:10:00,432.95,432.95,431.94,431.94,-0.23,2980.36,1258491.02,-1
2021-08-10,2021-08-10 13:20:00,431.94,431.94,430.94,430.94,-0.23,2980.36,1258491.02,-1
2021-08-10,2021-08-10 13:30:00,430.94,430.94,429.93,429.93,-0.23,2980.36,1258491.02,-1
2021-08-10,2021-08-10 13:40:00,429.93,429.93,428.93,428.93,-0.23,2980.36,1258491.02,-1
2021-08-10,2021-08-10 13:50:00,428.93,428.93,427.92,427.92,-0.24,2980.36,1258491.02,-1
2021-08-10,2021-08-10 14:00:00,427.92,427.92,426.92,426.92,-0.23,2980.36,1258491.02,-1
2021-08-10,2021-08-10 14:10:00,426.92,426.92,425.92,425.92,-0.23,2980.36,1258491.02,-1
2021-08-10,2021-08-10 14:20:00,425.92,425.92,424.91,424.91,-0.24,2980.36,1258491.02,-1
2021-08-10,2021-08-10 14:30:00,424.91,424.91,423.91,423.91,-0.24,2980.36,1258491.02,-1
2021-08-10,2021-08-10 14:40:00,423.91,423.91,422.9,422.9,-0.24,2980.36,1258491.02,-1
2021-08-10,2021-08-10 14:50:00,422.9,422.9,421.9,421.9,-0.24,2980.36,1258491.02,-1
2021-08-10,2021-08-10 15:00:00,421.9,446.0,413.0,421.9,0.0,2980.36,1258491.02,0
2021-08-11,2021-08-11 11:00:00,421.0,424.9,416.5,421.16,0.04,1447.16,614857.86,1
2021-08-11,2021-08-11 11:10:00,421.16,421.32,421.16,421.32,0.04,1447.16,614857.86,1
2021-08-11,2021-08-11 11:20:00,421.32,421.49,421.32,421.49,0.04,1447.16,614857.86,1
2021-08-11,2021-08-11 11:30:00,421.49,421.65,421.49,421.65,0.04,1447.16,614857.86,1
2021-08-11,2021-08-11 11:40:00,421.65,421.81,421.65,421.81,0.04,1447.16,614857.86,1
2021-08-11,2021-08-11 11:50:00,421.81,421.98,421.81,421.98,0.04,1447.16,614857.86,1
2021-08-11,2021-08-11 12:00:00,421.98,422.14,421.98,422.14,0.04,1447.16,614857.86,1
2021-08-11,2021-08-11 12:10:00,422.14,422.3,422.14,422.3,0.04,1447.16,614857.86,1
2021-08-11,2021-08-11 12:20:00,422.3,422.46,422.3,422.46,0.04,1447.16,614857.86,1
2021-08-11,2021-08-11 12:30:00,422.46,422.62,422.46,422.62,0.04,1447.16,614857.86,1
2021-08-11,2021-08-11 12:40:00,422.62,422.79,422.62,422.79,0.04,1447.16,614857.86,1
2021-08-11,2021-08-11 12:50:00,422.79,422.95,422.79,422.95,0.04,1447.16,614857.86,1
2021-08-11,2021-08-11 13:00:00,422.95,434.0,406.0,423.11,0.04,1447.16,614857.86,1
2021-08-11,2021-08-11 13:10:00,423.11,423.27,423.11,423.27,0.04,1447.16,614857.86,1
2021-08-11,2021-08-11 13:20:00,423.27,423.44,423.27,423.44,0.04,1447.16,614857.86,1
2021-08-11,2021-08-11 13:30:00,423.44,423.6,423.44,423.6,0.04,1447.16,614857.86,1
2021-08-11,2021-08-11 13:40:00,423.6,423.76,423.6,423.76,0.04,1447.16,614857.86,1
2021-08-11,2021-08-11 13:50:00,423.76,423.92,423.76,423.92,0.04,1447.16,614857.86,1
2021-08-11,2021-08-11 14:00:00,423.92,424.09,423.92,424.09,0.04,1447.16,614857.86,1
2021-08-11,2021-08-11 14:10:00,424.09,424.25,424.09,424.25,0.04,1447.16,614857.86,1
2021-08-11,2021-08-11 14:20:00,424.25,424.41,424.25,424.41,0.04,1447.16,614857.86,1
2021-08-11,2021-08-11 14:30:00,424.41,424.57,424.41,424.57,0.04,1447.16,614857.86,1
2021-08-11,2021-08-11 14:40:00,424.57,424.74,424.57,424.74,0.04,1447.16,614857.86,1
2021-08-11,2021-08-11 14:50:00,424.74,424.9,424.74,424.9,0.04,1447.16,614857.86,1
2021-08-11,2021-08-11 15:00:00,424.9,434.0,406.0,424.9,0.0,1447.16,614857.86,0
2021-08-12,2021-08-12 11:00:00,425.0,425.0,420.8,424.62,-0.09,1418.48,588864.14,-1
2021-08-12,2021-08-12 11:10:00,424.62,424.62,424.25,424.25,-0.09,1418.48,588864.14,-1
2021-08-12,2021-08-12 11:20:00,424.25,424.25,423.88,423.88,-0.09,1418.48,588864.14,-1
2021-08-12,2021-08-12 11:30:00,423.88,423.88,423.5,423.5,-0.09,1418.48,588864.14,-1
2021-08-12,2021-08-12 11:40:00,423.5,423.5,423.12,423.12,-0.09,1418.48,588864.14,-1
2021-08-12,2021-08-12 11:50:00,423.12,423.12,422.75,422.75,-0.09,1418.48,588864.14,-1
2021-08-12,2021-08-12 12:00:00,422.75,422.75,422.38,422.38,-0.09,1418.48,588864.14,-1
2021-08-12,2021-08-12 12:10:00,422.38,422.38,422.0,422.0,-0.09,1418.48,588864.14,-1
2021-08-12,2021-08-12 12:20:00,422.0,422.0,421.62,421.62,-0.09,1418.48,588864.14,-1
2021-08-12,2021-08-12 12:30:00,421.62,421.62,421.25,421.25,-0.09,1418.48,588864.14,-1
2021-08-12,2021-08-12 12:40:00,421.25,421.25,420.88,420.88,-0.09,1418.48,588864.14,-1
2021-08-12,2021-08-12 12:50:00,420.88,420.88,420.5,420.5,-0.09,1418.48,588864.14,-1
2021-08-12,2021-08-12 13:00:00,420.5,425.0,411.0,420.12,-0.09,1418.48,588864.14,-1
2021-08-12,2021-08-12 13:10:00,420.12,420.12,419.75,419.75,-0.09,1418.48,588864.14,-1
2021-08-12,2021-08-12 13:20:00,419.75,419.75,419.38,419.38,-0.09,1418.48,588864.14,-1
2021-08-12,2021-08-12 13:30:00,419.38,419.38,419.0,419.0,-0.09,1418.48,588864.14,-1
2021-08-12,2021-08-12 13:40:00,419.0,419.0,418.62,418.62,-0.09,1418.48,588864.14,-1
2021-08-12,2021-08-12 13:50:00,418.62,418.62,418.25,418.25,-0.09,1418.48,588864.14,-1
2021-08-12,2021-08-12 14:00:00,418.25,418.25,417.88,417.88,-0.09,1418.48,588864.14,-1
2021-08-12,2021-08-12 14:10:00,417.88,417.88,417.5,417.5,-0.09,1418.48,588864.14,-1
2021-08-12,2021-08-12 14:20:00,417.5,417.5,417.12,417.12,-0.09,1418.48,588864.14,-1
2021-08-12,2021-08-12 14:30:00,417.12,417.12,416.75,416.75,-0.09,1418.48,588864.14,-1
2021-08-12,2021-08-12 14:40:00,416.75,416.75,416.38,416.38,-0.09,1418.48,588864.14,-1
2021-08-12,2021-08-12 14:50:00,416.38,416.38,416.0,416.0,-0.09,1418.48,588864.14,-1
2021-08-12,2021-08-12 15:00:00,416.0,425.0,411.0,416.0,0.0,1418.48,588864.14,0
2021-08-15,2021-08-15 11:00:00,416.0,416.0,404.39,415.54,-0.11,1464.0,588773.98,-1
2021-08-15,2021-08-15 11:10:00,415.54,415.54,415.08,415.08,-0.11,1464.0,588773.98,-1
2021-08-15,2021-08-15 11:20:00,415.08,415.08,414.62,414.62,-0.11,1464.0,588773.98,-1
2021-08-15,2021-08-15 11:30:00,414.62,414.62,414.17,414.17,-0.11,1464.0,588773.98,-1
2021-08-15,2021-08-15 11:40:00,414.17,414.17,413.71,413.71,-0.11,1464.0,588773.98,-1
2021-08-15,2021-08-15 11:50:00,413.71,413.71,413.25,413.25,-0.11,1464.0,588773.98,-1
2021-08-15,2021-08-15 12:00:00,413.25,413.25,412.79,412.79,-0.11,1464.0,588773.98,-1
2021-08-15,2021-08-15 12:10:00,412.79,412.79,412.33,412.33,-0.11,1464.0,588773.98,-1
2021-08-15,2021-08-15 12:20:00,412.33,412.33,411.88,411.88,-0.11,1464.0,588773.98,-1
2021-08-15,2021-08-15 12:30:00,411.88,411.88,411.42,411.42,-0.11,1464.0,588773.98,-1
2021-08-15,2021-08-15 12:40:00,411.42,411.42,410.96,410.96,-0.11,1464.0,588773.98,-1
2021-08-15,2021-08-15 12:50:00,410.96,410.96,410.5,410.5,-0.11,1464.0,588773.98,-1
2021-08-15,2021-08-15 13:00:00,410.5,416.0,377.3,410.04,-0.11,1464.0,588773.98,-1
2021-08-15,2021-08-15 13:10:00,410.04,410.04,409.58,409.58,-0.11,1464.0,588773.98,-1
2021-08-15,2021-08-15 13:20:00,409.58,409.58,409.12,409.12,-0.11,1464.0,588773.98,-1
2021-08-15,2021-08-15 13:30:00,409.12,409.12,408.67,408.67,-0.11,1464.0,588773.98,-1
2021-08-15,2021-08-15 13:40:00,408.67,408.67,408.21,408.21,-0.11,1464.0,588773.98,-1
2021-08-15,2021-08-15 13:50:00,408.21,408.21,407.75,407.75,-0.11,1464.0,588773.98,-1
2021-08-15,2021-08-15 14:00:00,407.75,407.75,407.29,407.29,-0.11,1464.0,588773.98,-1
2021-08-15,2021-08-15 14:10:00,407.29,407.29,406.83,406.83,-0.11,1464.0,588773.98,-1
2021-08-15,2021-08-15 14:20:00,406.83,406.83,406.38,406.38,-0.11,1464.0,588773.98,-1
2021-08-15,2021-08-15 14:30:00,406.38,406.38,405.92,405.92,-0.11,1464.0,588773.98,-1
2021-08-15,2021-08-15 14:40:00,405.92,405.92,405.46,405.46,-0.11,1464.0,588773.98,-1
2021-08-15,2021-08-15 14:50:00,405.46,405.46,405.0,405.0,-0.11,1464.0,588773.98,-1
2021-08-15,2021-08-15 15:00:00,405.0,416.0,377.3,405.0,0.0,1464.0,588773.98,0
2021-08-16,2021-08-16 11:00:00,398.0,409.1,398.0,398.96,0.24,1482.28,625003.9,1
2021-08-16,2021-08-16 11:10:00,398.96,399.92,398.96,399.92,0.24,1482.28,625003.9,1
2021-08-16,2021-08-16 11:20:00,399.92,400.88,399.92,400.88,0.24,1482.28,625003.9,1
2021-08-16,2021-08-16 11:30:00,400.88,401.83,400.88,401.83,0.24,1482.28,625003.9,1
2021-08-16,2021-08-16 11:40:00,401.83,402.79,401.83,402.79,0.24,1482.28,625003.9,1
2021-08-16,2021-08-16 11:50:00,402.79,403.75,402.79,403.75,0.24,1482.28,625003.9,1
2021-08-16,2021-08-16 12:00:00,403.75,404.71,403.75,404.71,0.24,1482.28,625003.9,1
2021-08-16,2021-08-16 12:10:00,404.71,405.67,404.71,405.67,0.24,1482.28,625003.9,1
2021-08-16,2021-08-16 12:20:00,405.67,406.62,405.67,406.62,0.23,1482.28,625003.9,1
2021-08-16,2021-08-16 12:30:00,406.62,407.58,406.62,407.58,0.24,1482.28,625003.9,1
2021-08-16,2021-08-16 12:40:00,407.58,408.54,407.58,408.54,0.24,1482.28,625003.9,1
2021-08-16,2021-08-16 12:50:00,408.54,409.5,408.54,409.5,0.23,1482.28,625003.9,1
2021-08-16,2021-08-16 13:00:00,409.5,435.0,398.0,410.46,0.23,1482.28,625003.9,1
2021-08-16,2021-08-16 13:10:00,410.46,411.42,410.46,411.42,0.23,1482.28,625003.9,1
2021-08-16,2021-08-16 13:20:00,411.42,412.38,411.42,412.38,0.23,1482.28,625003.9,1
2021-08-16,2021-08-16 13:30:00,412.38,413.33,412.38,413.33,0.23,1482.28,625003.9,1
2021-08-16,2021-08-16 13:40:00,413.33,414.29,413.33,414.29,0.23,1482.28,625003.9,1
2021-08-16,2021-08-16 13:50:00,414.29,415.25,414.29,415.25,0.23,1482.28,625003.9,1
2021-08-16,2021-08-16 14:00:00,415.25,416.21,415.25,416.21,0.23,1482.28,625003.9,1
2021-08-16,2021-08-16 14:10:00,416.21,417.17,416.21,417.17,0.23,1482.28,625003.9,1
2021-08-16,2021-08-16 14:20:00,417.17,418.12,417.17,418.12,0.23,1482.28,625003.9,1
2021-08-16,2021-08-16 14:30:00,418.12,419.08,418.12,419.08,0.23,1482.28,625003.9,1
2021-08-16,2021-08-16 14:40:00,419.08,420.04,419.08,420.04,0.23,1482.28,625003.9,1
2021-08-16,2021-08-16 14:50:00,420.04,421.0,420.04,421.0,0.23,1482.28,625003.9,1
2021-08-16,2021-08-16 15:00:00,421.0,435.0,398.0,421.0,0.0,1482.28,625003.9,0
2021-08-17,2021-08-17 11:00:00,421.0,433.63,421.0,422.75,0.42,3851.72,1741615.26,1
2021-08-17,2021-08-17 11:10:00,422.75,424.51,422.75,424.51,0.42,3851.72,1741615.26,1
2021-08-17,2021-08-17 11:20:00,424.51,426.26,424.51,426.26,0.41,3851.72,1741615.26,1
2021-08-17,2021-08-17 11:30:00,426.26,428.02,426.26,428.02,0.41,3851.72,1741615.26,1
2021-08-17,2021-08-17 11:40:00,428.02,429.77,428.02,429.77,0.41,3851.72,1741615.26,1
2021-08-17,2021-08-17 11:50:00,429.77,431.52,429.77,431.52,0.41,3851.72,1741615.26,1
2021-08-17,2021-08-17 12:00:00,431.52,433.28,431.52,433.28,0.41,3851.72,1741615.26,1
2021-08-17,2021-08-17 12:10:00,433.28,435.03,433.28,435.03,0.4,3851.72,1741615.26,1
2021-08-17,2021-08-17 12:20:00,435.03,436.79,435.03,436.79,0.4,3851.72,1741615.26,1
2021-08-17,2021-08-17 12:30:00,436.79,438.54,436.79,438.54,0.4,3851.72,1741615.26,1
2021-08-17,2021-08-17 12:40:00,438.54,440.3,438.54,440.3,0.4,3851.72,1741615.26,1
2021-08-17,2021-08-17 12:50:00,440.3,442.05,440.3,442.05,0.4,3851.72,1741615.26,1
2021-08-17,2021-08-17 13:00:00,442.05,463.1,421.0,443.8,0.4,3851.72,1741615.26,1
2021-08-17,2021-08-17 13:10:00,443.8,445.56,443.8,445.56,0.4,3851.72,1741615.26,1
2021-08-17,2021-08-17 13:20:00,445.56,447.31,445.56,447.31,0.39,3851.72,1741615.26,1
2021-08-17,2021-08-17 13:30:00,447.31,449.07,447.31,449.07,0.39,3851.72,1741615.26,1
2021-08-17,2021-08-17 13:40:00,449.07,450.82,449.07,450.82,0.39,3851.72,1741615.26,1
2021-08-17,2021-08-17 13:50:00,450.82,452.58,450.82,452.58,0.39,3851.72,1741615.26,1
2021-08-17,2021-08-17 14:00:00,452.58,454.33,452.58,454.33,0.39,3851.72,1741615.26,1
2021-08-17,2021-08-17 14:10:00,454.33,456.08,454.33,456.08,0.39,3851.72,1741615.26,1
2021-08-17,2021-08-17 14:20:00,456.08,457.84,456.08,457.84,0.39,3851.72,1741615.26,1
2021-08-17,2021-08-17 14:30:00,457.84,459.59,457.84,459.59,0.38,3851.72,1741615.26,1
2021-08-17,2021-08-17 14:40:00,459.59,461.35,459.59,461.35,0.38,3851.72,1741615.26,1
2021-08-17,2021-08-17 14:50:00,461.35,463.1,461.35,463.1,0.38,3851.72,1741615.26,1
2021-08-17,2021-08-17 15:00:00,463.1,463.1,421.0,463.1,0.0,3851.72,1741615.26,0
2021-08-18,2021-08-18 11:00:00,463.0,476.2,460.6,463.38,0.08,4277.88,2101465.18,1
2021-08-18,2021-08-18 11:10:00,463.38,463.75,463.38,463.75,0.08,4277.88,2101465.18,1
2021-08-18,2021-08-18 11:20:00,463.75,464.12,463.75,464.12,0.08,4277.88,2101465.18,1
2021-08-18,2021-08-18 11:30:00,464.12,464.5,464.12,464.5,0.08,4277.88,2101465.18,1
2021-08-18,2021-08-18 11:40:00,464.5,464.88,464.5,464.88,0.08,4277.88,2101465.18,1
2021-08-18,2021-08-18 11:50:00,464.88,465.25,464.88,465.25,0.08,4277.88,2101465.18,1
2021-08-18,2021-08-18 12:00:00,465.25,465.62,465.25,465.62,0.08,4277.88,2101465.18,1
2021-08-18,2021-08-18 12:10:00,465.62,466.0,465.62,466.0,0.08,4277.88,2101465.18,1
2021-08-18,2021-08-18 12:20:00,466.0,466.38,466.0,466.38,0.08,4277.88,2101465.18,1
2021-08-18,2021-08-18 12:30:00,466.38,466.75,466.38,466.75,0.08,4277.88,2101465.18,1
2021-08-18,2021-08-18 12:40:00,466.75,467.12,466.75,467.12,0.08,4277.88,2101465.18,1
2021-08-18,2021-08-18 12:50:00,467.12,467.5,467.12,467.5,0.08,4277.88,2101465.18,1
2021-08-18,2021-08-18 13:00:00,467.5,507.0,455.0,467.88,0.08,4277.88,2101465.18,1
2021-08-18,2021-08-18 13:10:00,467.88,468.25,467.88,468.25,0.08,4277.88,2101465.18,1
2021-08-18,2021-08-18 13:20:00,468.25,468.62,468.25,468.62,0.08,4277.88,2101465.18,1
2021-08-18,2021-08-18 13:30:00,468.62,469.0,468.62,469.0,0.08,4277.88,2101465.18,1
2021-08-18,2021-08-18 13:40:00,469.0,469.38,469.0,469.38,0.08,4277.88,2101465.18,1
2021-08-18,2021-08-18 13:50:00,469.38,469.75,469.38,469.75,0.08,4277.88,2101465.18,1
2021-08-18,2021-08-18 14:00:00,469.75,470.12,469.75,470.12,0.08,4277.88,2101465.18,1
2021-08-18,2021-08-18 14:10:00,470.12,470.5,470.12,470.5,0.08,4277.88,2101465.18,1
2021-08-18,2021-08-18 14:20:00,470.5,470.88,470.5,470.88,0.08,4277.88,2101465.18,1
2021-08-18,2021-08-18 14:30:00,470.88,471.25,470.88,471.25,0.08,4277.88,2101465.18,1
2021-08-18,2021-08-18 14:40:00,471.25,471.62,471.25,471.62,0.08,4277.88,2101465.18,1
2021-08-18,2021-08-18 14:50:00,471.62,472.0,471.62,472.0,0.08,4277.88,2101465.18,1
2021-08-18,2021-08-18 15:00:00,472.0,507.0,455.0,472.0,0.0,4277.88,2101465.18,0
2021-08-19,2021-08-19 11:00:00,465.0,466.5,456.0,464.29,-0.15,1818.8,816166.59,-1
2021-08-19,2021-08-19 11:10:00,464.29,464.29,463.58,463.58,-0.15,1818.8,816166.59,-1
2021-08-19,2021-08-19 11:20:00,463.58,463.58,462.88,462.88,-0.15,1818.8,816166.59,-1
2021-08-19,2021-08-19 11:30:00,462.88,462.88,462.17,462.17,-0.15,1818.8,816166.59,-1
2021-08-19,2021-08-19 11:40:00,462.17,462.17,461.46,461.46,-0.15,1818.8,816166.59,-1
2021-08-19,2021-08-19 11:50:00,461.46,461.46,460.75,460.75,-0.15,1818.8,816166.59,-1
2021-08-19,2021-08-19 12:00:00,460.75,460.75,460.04,460.04,-0.15,1818.8,816166.59,-1
2021-08-19,2021-08-19 12:10:00,460.04,460.04,459.33,459.33,-0.15,1818.8,816166.59,-1
2021-08-19,2021-08-19 12:20:00,459.33,459.33,458.62,458.62,-0.15,1818.8,816166.59,-1
2021-08-19,2021-08-19 12:30:00,458.62,458.62,457.92,457.92,-0.15,1818.8,816166.59,-1
2021-08-19,2021-08-19 12:40:00,457.92,457.92,457.21,457.21,-0.16,1818.8,816166.59,-1
2021-08-19,2021-08-19 12:50:00,457.21,457.21,456.5,456.5,-0.16,1818.8,816166.59,-1
2021-08-19,2021-08-19 13:00:00,456.5,470.0,435.0,455.79,-0.16,1818.8,816166.59,-1
2021-08-19,2021-08-19 13:10:00,455.79,455.79,455.08,455.08,-0.16,1818.8,816166.59,-1
2021-08-19,2021-08-19 13:20:00,455.08,455.08,454.38,454.38,-0.15,1818.8,816166.59,-1
2021-08-19,2021-08-19 13:30:00,454.38,454.38,453.67,453.67,-0.16,1818.8,816166.59,-1
2021-08-19,2021-08-19 13:40:00,453.67,453.67,452.96,452.96,-0.16,1818.8,816166.59,-1
2021-08-19,2021-08-19 13:50:00,452.96,452.96,452.25,452.25,-0.16,1818.8,816166.59,-1
2021-08-19,2021-08-19 14:00:00,452.25,452.25,451.54,451.54,-0.16,1818.8,816166.59,-1
2021-08-19,2021-08-19 14:10:00,451.54,451.54,450.83,450.83,-0.16,1818.8,816166.59,-1
2021-08-19,2021-08-19 14:20:00,450.83,450.83,450.12,450.12,-0.16,1818.8,816166.59,-1
2021-08-19,2021-08-19 14:30:00,450.12,450.12,449.42,449.42,-0.16,1818.8,816166.59,-1
2021-08-19,2021-08-19 14:40:00,449.42,449.42,448.71,448.71,-0.16,1818.8,816166.59,-1
2021-08-19,2021-08-19 14:50:00,448.71,448.71,448.0,448.0,-0.16,1818.8,816166.59,-1
2021-08-19,2021-08-19 15:00:00,448.0,470.0,435.0,448.0,0.0,1818.8,816166.59,0
2021-08-24,2021-08-24 11:00:00,439.1,439.1,428.33,437.6,-0.34,927.6,374429.97,-1
2021-08-24,2021-08-24 11:10:00,437.6,437.6,436.11,436.11,-0.34,927.6,374429.97,-1
2021-08-24,2021-08-24 11:20:00,436.11,436.11,434.61,434.61,-0.34,927.6,374429.97,-1
2021-08-24,2021-08-24 11:30:00,434.61,434.61,433.12,433.12,-0.34,927.6,374429.97,-1
2021-08-24,2021-08-24 11:40:00,433.12,433.12,431.62,431.62,-0.35,927.6,374429.97,-1
2021-08-24,2021-08-24 11:50:00,431.62,431.62,430.12,430.12,-0.35,927.6,374429.97,-1
2021-08-24,2021-08-24 12:00:00,430.12,430.12,428.63,428.63,-0.35,927.6,374429.97,-1
2021-08-24,2021-08-24 12:10:00,428.63,428.63,427.13,427.13,-0.35,927.6,374429.97,-1
2021-08-24,2021-08-24 12:20:00,427.13,427.13,425.64,425.64,-0.35,927.6,374429.97,-1
2021-08-24,2021-08-24 12:30:00,425.64,425.64,424.14,424.14,-0.35,927.6,374429.97,-1
2021-08-24,2021-08-24 12:40:00,424.14,424.14,422.65,422.65,-0.35,927.6,374429.97,-1
2021-08-24,2021-08-24 12:50:00,422.65,422.65,421.15,421.15,-0.35,927.6,374429.97,-1
2021-08-24,2021-08-24 13:00:00,421.15,439.1,403.2,419.65,-0.36,927.6,374429.97,-1
2021-08-24,2021-08-24 13:10:00,419.65,419.65,418.16,418.16,-0.36,927.6,374429.97,-1
2021-08-24,2021-08-24 13:20:00,418.16,418.16,416.66,416.66,-0.36,927.6,374429.97,-1
2021-08-24,2021-08-24 13:30:00,416.66,416.66,415.17,415.17,-0.36,927.6,374429.97,-1
2021-08-24,2021-08-24 13:40:00,415.17,415.17,413.67,413.67,-0.36,927.6,374429.97,-1
2021-08-24,2021-08-24 13:50:00,413.67,413.67,412.18,412.18,-0.36,927.6,374429.97,-1
2021-08-24,2021-08-24 14:00:00,412.18,412.18,410.68,410.68,-0.36,927.6,374429.97,-1
2021-08-24,2021-08-24 14:10:00,410.68,410.68,409.18,409.18,-0.37,927.6,374429.97,-1
2021-08-24,2021-08-24 14:20:00,409.18,409.18,407.69,407.69,-0.36,927.6,374429.97,-1
2021-08-24,2021-08-24 14:30:00,407.69,407.69,406.19,406.19,-0.37,927.6,374429.97,-1
2021-08-24,2021-08-24 14:40:00,406.19,406.19,404.7,404.7,-0.37,927.6,374429.97,-1
2021-08-24,2021-08-24 14:50:00,404.7,404.7,403.2,403.2,-0.37,927.6,374429.97,-1
2021-08-24,2021-08-24 15:00:00,403.2,439.1,403.2,403.2,0.0,927.6,374429.97,0
2021-08-25,2021-08-25 11:00:00,404.0,405.8,391.67,403.67,-0.08,1357.88,525731.11,-1
2021-08-25,2021-08-25 11:10:00,403.67,403.67,403.33,403.33,-0.08,1357.88,525731.11,-1
2021-08-25,2021-08-25 11:20:00,403.33,403.33,403.0,403.0,-0.08,1357.88,525731.11,-1
2021-08-25,2021-08-25 11:30:00,403.0,403.0,402.67,402.67,-0.08,1357.88,525731.11,-1
2021-08-25,2021-08-25 11:40:00,402.67,402.67,402.33,402.33,-0.08,1357.88,525731.11,-1
2021-08-25,2021-08-25 11:50:00,402.33,402.33,402.0,402.0,-0.08,1357.88,525731.11,-1
2021-08-25,2021-08-25 12:00:00,402.0,402.0,401.67,401.67,-0.08,1357.88,525731.11,-1
2021-08-25,2021-08-25 12:10:00,401.67,401.67,401.33,401.33,-0.08,1357.88,525731.11,-1
2021-08-25,2021-08-25 12:20:00,401.33,401.33,401.0,401.0,-0.08,1357.88,525731.11,-1
2021-08-25,2021-08-25 12:30:00,401.0,401.0,400.67,400.67,-0.08,1357.88,525731.11,-1
2021-08-25,2021-08-25 12:40:00,400.67,400.67,400.33,400.33,-0.08,1357.88,525731.11,-1
2021-08-25,2021-08-25 12:50:00,400.33,400.33,400.0,400.0,-0.08,1357.88,525731.11,-1
2021-08-25,2021-08-25 13:00:00,400.0,410.0,362.9,399.67,-0.08,1357.88,525731.11,-1
2021-08-25,2021-08-25 13:10:00,399.67,399.67,399.33,399.33,-0.09,1357.88,525731.11,-1
2021-08-25,2021-08-25 13:20:00,399.33,399.33,399.0,399.0,-0.08,1357.88,525731.11,-1
2021-08-25,2021-08-25 13:30:00,399.0,399.0,398.67,398.67,-0.08,1357.88,525731.11,-1
2021-08-25,2021-08-25 13:40:00,398.67,398.67,398.33,398.33,-0.09,1357.88,525731.11,-1
2021-08-25,2021-08-25 13:50:00,398.33,398.33,398.0,398.0,-0.08,1357.88,525731.11,-1
2021-08-25,2021-08-25 14:00:00,398.0,398.0,397.67,397.67,-0.08,1357.88,525731.11,-1
2021-08-25,2021-08-25 14:10:00,397.67,397.67,397.33,397.33,-0.09,1357.88,525731.11,-1
2021-08-25,2021-08-25 14:20:00,397.33,397.33,397.0,397.0,-0.08,1357.88,525731.11,-1
2021-08-25,2021-08-25 14:30:00,397.0,397.0,396.67,396.67,-0.08,1357.88,525731.11,-1
2021-08-25,2021-08-25 14:40:00,396.67,396.67,396.33,396.33,-0.09,1357.88,525731.11,-1
2021-08-25,2021-08-25 14:50:00,396.33,396.33,396.0,396.0,-0.08,1357.88,525731.11,-1
2021-08-25,2021-08-25 15:00:00,396.0,410.0,362.9,396.0,0.0,1357.88,525731.11,0
2021-08-26,2021-08-26 11:00:00,400.0,409.0,398.8,401.12,0.28,1169.72,492366.44,1
2021-08-26,2021-08-26 11:10:00,401.12,402.25,401.12,402.25,0.28,1169.72,492366.44,1
2021-08-26,2021-08-26 11:20:00,402.25,403.38,402.25,403.38,0.28,1169.72,492366.44,1
2021-08-26,2021-08-26 11:30:00,403.38,404.5,403.38,404.5,0.28,1169.72,492366.44,1
2021-08-26,2021-08-26 11:40:00,404.5,405.62,404.5,405.62,0.28,1169.72,492366.44,1
2021-08-26,2021-08-26 11:50:00,405.62,406.75,405.62,406.75,0.28,1169.72,492366.44,1
2021-08-26,2021-08-26 12:00:00,406.75,407.88,406.75,407.88,0.28,1169.72,492366.44,1
2021-08-26,2021-08-26 12:10:00,407.88,409.0,407.88,409.0,0.27,1169.72,492366.44,1
2021-08-26,2021-08-26 12:20:00,409.0,410.12,409.0,410.12,0.27,1169.72,492366.44,1
2021-08-26,2021-08-26 12:30:00,410.12,411.25,410.12,411.25,0.28,1169.72,492366.44,1
2021-08-26,2021-08-26 12:40:00,411.25,412.38,411.25,412.38,0.27,1169.72,492366.44,1
2021-08-26,2021-08-26 12:50:00,412.38,413.5,412.38,413.5,0.27,1169.72,492366.44,1
2021-08-26,2021-08-26 13:00:00,413.5,430.0,396.0,414.62,0.27,1169.72,492366.44,1
2021-08-26,2021-08-26 13:10:00,414.62,415.75,414.62,415.75,0.27,1169.72,492366.44,1
2021-08-26,2021-08-26 13:20:00,415.75,416.88,415.75,416.88,0.27,1169.72,492366.44,1
2021-08-26,2021-08-26 13:30:00,416.88,418.0,416.88,418.0,0.27,1169.72,492366.44,1
2021-08-26,2021-08-26 13:40:00,418.0,419.12,418.0,419.12,0.27,1169.72,492366.44,1
2021-08-26,2021-08-26 13:50:00,419.12,420.25,419.12,420.25,0.27,1169.72,492366.44,1
2021-08-26,2021-08-26 14:00:00,420.25,421.38,420.25,421.38,0.27,1169.72,492366.44,1
2021-08-26,2021-08-26 14:10:00,421.38,422.5,421.38,422.5,0.27,1169.72,492366.44,1
2021-08-26,2021-08-26 14:20:00,422.5,423.62,422.5,423.62,0.27,1169.72,492366.44,1
2021-08-26,2021-08-26 14:30:00,423.62,424.75,423.62,424.75,0.27,1169.72,492366.44,1
2021-08-26,2021-08-26 14:40:00,424.75,425.88,424.75,425.88,0.27,1169.72,492366.44,1
2021-08-26,2021-08-26 14:50:00,425.88,427.0,425.88,427.0,0.26,1169.72,492366.44,1
2021-08-26,2021-08-26 15:00:00,427.0,430.0,396.0,427.0,0.0,1169.72,492366.44,0
2021-08-29,2021-08-29 11:00:00,429.0,437.1,423.0,428.96,-0.01,1196.16,509441.78,-1
2021-08-29,2021-08-29 11:10:00,428.96,428.96,428.92,428.92,-0.01,1196.16,509441.78,-1
2021-08-29,2021-08-29 11:20:00,428.92,428.92,428.88,428.88,-0.01,1196.16,509441.78,-1
2021-08-29,2021-08-29 11:30:00,428.88,428.88,428.83,428.83,-0.01,1196.16,509441.78,-1
2021-08-29,2021-08-29 11:40:00,428.83,428.83,428.79,428.79,-0.01,1196.16,509441.78,-1
2021-08-29,2021-08-29 11:50:00,428.79,428.79,428.75,428.75,-0.01,1196.16,509441.78,-1
2021-08-29,2021-08-29 12:00:00,428.75,428.75,428.71,428.71,-0.01,1196.16,509441.78,-1
2021-08-29,2021-08-29 12:10:00,428.71,428.71,428.67,428.67,-0.01,1196.16,509441.78,-1
2021-08-29,2021-08-29 12:20:00,428.67,428.67,428.62,428.62,-0.01,1196.16,509441.78,-1
2021-08-29,2021-08-29 12:30:00,428.62,428.62,428.58,428.58,-0.01,1196.16,509441.78,-1
2021-08-29,2021-08-29 12:40:00,428.58,428.58,428.54,428.54,-0.01,1196.16,509441.78,-1
2021-08-29,2021-08-29 12:50:00,428.54,428.54,428.5,428.5,-0.01,1196.16,509441.78,-1
2021-08-29,2021-08-29 13:00:00,428.5,456.0,409.0,428.46,-0.01,1196.16,509441.78,-1
2021-08-29,2021-08-29 13:10:00,428.46,428.46,428.42,428.42,-0.01,1196.16,509441.78,-1
2021-08-29,2021-08-29 13:20:00,428.42,428.42,428.38,428.38,-0.01,1196.16,509441.78,-1
2021-08-29,2021-08-29 13:30:00,428.38,428.38,428.33,428.33,-0.01,1196.16,509441.78,-1
2021-08-29,2021-08-29 13:40:00,428.33,428.33,428.29,428.29,-0.01,1196.16,509441.78,-1
2021-08-29,2021-08-29 13:50:00,428.29,428.29,428.25,428.25,-0.01,1196.16,509441.78,-1
2021-08-29,2021-08-29 14:00:00,428.25,428.25,428.21,428.21,-0.01,1196.16,509441.78,-1
2021-08-29,2021-08-29 14:10:00,428.21,428.21,428.17,428.17,-0.01,1196.16,509441.78,-1
2021-08-29,2021-08-29 14:20:00,428.17,428.17,428.12,428.12,-0.01,1196.16,509441.78,-1
2021-08-29,2021-08-29 14:30:00,428.12,428.12,428.08,428.08,-0.01,1196.16,509441.78,-1
2021-08-29,2021-08-29 14:40:00,428.08,428.08,428.04,428.04,-0.01,1196.16,509441.78,-1
2021-08-29,2021-08-29 14:50:00,428.04,428.04,428.0,428.0,-0.01,1196.16,509441.78,-1
2021-08-29,2021-08-29 15:00:00,428.0,456.0,409.0,428.0,0.0,1196.16,509441.78,0
2021-08-31,2021-08-31 11:00:00,427.0,427.0,417.1,426.29,-0.17,623.32,254814.25,-1
2021-08-31,2021-08-31 11:10:00,426.29,426.29,425.58,425.58,-0.17,623.32,254814.25,-1
2021-08-31,2021-08-31 11:20:00,425.58,425.58,424.88,424.88,-0.16,623.32,254814.25,-1
2021-08-31,2021-08-31 11:30:00,424.88,424.88,424.17,424.17,-0.17,623.32,254814.25,-1
2021-08-31,2021-08-31 11:40:00,424.17,424.17,423.46,423.46,-0.17,623.32,254814.25,-1
2021-08-31,2021-08-31 11:50:00,423.46,423.46,422.75,422.75,-0.17,623.32,254814.25,-1
2021-08-31,2021-08-31 12:00:00,422.75,422.75,422.04,422.04,-0.17,623.32,254814.25,-1
2021-08-31,2021-08-31 12:10:00,422.04,422.04,421.33,421.33,-0.17,623.32,254814.25,-1
2021-08-31,2021-08-31 12:20:00,421.33,421.33,420.62,420.62,-0.17,623.32,254814.25,-1
2021-08-31,2021-08-31 12:30:00,420.62,420.62,419.92,419.92,-0.17,623.32,254814.25,-1
2021-08-31,2021-08-31 12:40:00,419.92,419.92,419.21,419.21,-0.17,623.32,254814.25,-1
2021-08-31,2021-08-31 12:50:00,419.21,419.21,418.5,418.5,-0.17,623.32,254814.25,-1
2021-08-31,2021-08-31 13:00:00,418.5,427.0,394.0,417.79,-0.17,623.32,254814.25,-1
2021-08-31,2021-08-31 13:10:00,417.79,417.79,417.08,417.08,-0.17,623.32,254814.25,-1
2021-08-31,2021-08-31 13:20:00,417.08,417.08,416.38,416.38,-0.17,623.32,254814.25,-1
2021-08-31,2021-08-31 13:30:00,416.38,416.38,415.67,415.67,-0.17,623.32,254814.25,-1
2021-08-31,2021-08-31 13:40:00,415.67,415.67,414.96,414.96,-0.17,623.32,254814.25,-1
2021-08-31,2021-08-31 13:50:00,414.96,414.96,414.25,414.25,-0.17,623.32,254814.25,-1
2021-08-31,2021-08-31 14:00:00,414.25,414.25,413.54,413.54,-0.17,623.32,254814.25,-1
2021-08-31,2021-08-31 14:10:00,413.54,413.54,412.83,412.83,-0.17,623.32,254814.25,-1
2021-08-31,2021-08-31 14:20:00,412.83,412.83,412.12,412.12,-0.17,623.32,254814.25,-1
2021-08-31,2021-08-31 14:30:00,412.12,412.12,411.42,411.42,-0.17,623.32,254814.25,-1
2021-08-31,2021-08-31 14:40:00,411.42,411.42,410.71,410.71,-0.17,623.32,254814.25,-1
2021-08-31,2021-08-31 14:50:00,410.71,410.71,410.0,410.0,-0.17,623.32,254814.25,-1
2021-08-31,2021-08-31 15:00:00,410.0,427.0,394.0,410.0,0.0,623.32,254814.25,0
2021-09-01,2021-09-01 11:00:00,410.0,417.2,405.8,410.0,0.0,686.12,285791.68,0
2021-09-01,2021-09-01 11:10:00,410.0,410.0,410.0,410.0,0.0,686.12,285791.68,0
2021-09-01,2021-09-01 11:20:00,410.0,410.0,410.0,410.0,0.0,686.12,285791.68,0
2021-09-01,2021-09-01 11:30:00,410.0,410.0,410.0,410.0,0.0,686.12,285791.68,0
2021-09-01,2021-09-01 11:40:00,410.0,410.0,410.0,410.0,0.0,686.12,285791.68,0
2021-09-01,2021-09-01 11:50:00,410.0,410.0,410.0,410.0,0.0,686.12,285791.68,0
2021-09-01,2021-09-01 12:00:00,410.0,410.0,410.0,410.0,0.0,686.12,285791.68,0
2021-09-01,2021-09-01 12:10:00,410.0,410.0,410.0,410.0,0.0,686.12,285791.68,0
2021-09-01,2021-09-01 12:20:00,410.0,410.0,410.0,410.0,0.0,686.12,285791.68,0
2021-09-01,2021-09-01 12:30:00,410.0,410.0,410.0,410.0,0.0,686.12,285791.68,0
2021-09-01,2021-09-01 12:40:00,410.0,410.0,410.0,410.0,0.0,686.12,285791.68,0
2021-09-01,2021-09-01 12:50:00,410.0,410.0,410.0,410.0,0.0,686.12,285791.68,0
2021-09-01,2021-09-01 13:00:00,410.0,434.0,396.0,410.0,0.0,686.12,285791.68,0
2021-09-01,2021-09-01 13:10:00,410.0,410.0,410.0,410.0,0.0,686.12,285791.68,0
2021-09-01,2021-09-01 13:20:00,410.0,410.0,410.0,410.0,0.0,686.12,285791.68,0
2021-09-01,2021-09-01 13:30:00,410.0,410.0,410.0,410.0,0.0,686.12,285791.68,0
2021-09-01,2021-09-01 13:40:00,410.0,410.0,410.0,410.0,0.0,686.12,285791.68,0
2021-09-01,2021-09-01 13:50:00,410.0,410.0,410.0,410.0,0.0,686.12,285791.68,0
2021-09-01,2021-09-01 14:00:00,410.0,410.0,410.0,410.0,0.0,686.12,285791.68,0
2021-09-01,2021-09-01 14:10:00,410.0,410.0,410.0,410.0,0.0,686.12,285791.68,0
2021-09-01,2021-09-01 14:20:00,410.0,410.0,410.0,410.0,0.0,686.12,285791.68,0
2021-09-01,2021-09-01 14:30:00,410.0,410.0,410.0,410.0,0.0,686.12,285791.68,0
2021-09-01,2021-09-01 14:40:00,410.0,410.0,410.0,410.0,0.0,686.12,285791.68,0
2021-09-01,2021-09-01 14:50:00,410.0,410.0,410.0,410.0,0.0,686.12,285791.68,0
2021-09-01,2021-09-01 15:00:00,410.0,434.0,396.0,410.0,0.0,686.12,285791.68,0
2021-09-02,2021-09-02 11:00:00,411.0,412.2,404.7,410.33,-0.16,717.04,285540.0,-1
2021-09-02,2021-09-02 11:10:00,410.33,410.33,409.67,409.67,-0.16,717.04,285540.0,-1
2021-09-02,2021-09-02 11:20:00,409.67,409.67,409.0,409.0,-0.16,717.04,285540.0,-1
2021-09-02,2021-09-02 11:30:00,409.0,409.0,408.33,408.33,-0.16,717.04,285540.0,-1
2021-09-02,2021-09-02 11:40:00,408.33,408.33,407.67,407.67,-0.16,717.04,285540.0,-1
2021-09-02,2021-09-02 11:50:00,407.67,407.67,407.0,407.0,-0.16,717.04,285540.0,-1
2021-09-02,2021-09-02 12:00:00,407.0,407.0,406.33,406.33,-0.16,717.04,285540.0,-1
2021-09-02,2021-09-02 12:10:00,406.33,406.33,405.67,405.67,-0.16,717.04,285540.0,-1
2021-09-02,2021-09-02 12:20:00,405.67,405.67,405.0,405.0,-0.17,717.04,285540.0,-1
2021-09-02,2021-09-02 12:30:00,405.0,405.0,404.33,404.33,-0.17,717.04,285540.0,-1
2021-09-02,2021-09-02 12:40:00,404.33,404.33,403.67,403.67,-0.16,717.04,285540.0,-1
2021-09-02,2021-09-02 12:50:00,403.67,403.67,403.0,403.0,-0.17,717.04,285540.0,-1
2021-09-02,2021-09-02 13:00:00,403.0,415.0,390.0,402.33,-0.17,717.04,285540.0,-1
2021-09-02,2021-09-02 13:10:00,402.33,402.33,401.67,401.67,-0.16,717.04,285540.0,-1
2021-09-02,2021-09-02 13:20:00,401.67,401.67,401.0,401.0,-0.17,717.04,285540.0,-1
2021-09-02,2021-09-02 13:30:00,401.0,401.0,400.33,400.33,-0.17,717.04,285540.0,-1
2021-09-02,2021-09-02 13:40:00,400.33,400.33,399.67,399.67,-0.16,717.04,285540.0,-1
2021-09-02,2021-09-02 13:50:00,399.67,399.67,399.0,399.0,-0.17,717.04,285540.0,-1
2021-09-02,2021-09-02 14:00:00,399.0,399.0,398.33,398.33,-0.17,717.04,285540.0,-1
2021-09-02,2021-09-02 14:10:00,398.33,398.33,397.67,397.67,-0.17,717.04,285540.0,-1
2021-09-02,2021-09-02 14:20:00,397.67,397.67,397.0,397.0,-0.17,717.04,285540.0,-1
2021-09-02,2021-09-02 14:30:00,397.0,397.0,396.33,396.33,-0.17,717.04,285540.0,-1
2021-09-02,2021-09-02 14:40:00,396.33,396.33,395.67,395.67,-0.17,717.04,285540.0,-1
2021-09-02,2021-09-02 14:50:00,395.67,395.67,395.0,395.0,-0.17,717.04,285540.0,-1
2021-09-02,2021-09-02 15:00:00,395.0,415.0,390.0,395.0,0.0,717.04,285540.0,0
2021-09-05,2021-09-05 11:00:00,387.1,387.97,377.62,386.39,-0.18,1044.24,383981.95,-1
2021-09-05,2021-09-05 11:10:00,386.39,386.39,385.68,385.68,-0.18,1044.24,383981.95,-1
2021-09-05,2021-09-05 11:20:00,385.68,385.68,384.96,384.96,-0.19,1044.24,383981.95,-1
2021-09-05,2021-09-05 11:30:00,384.96,384.96,384.25,384.25,-0.18,1044.24,383981.95,-1
2021-09-05,2021-09-05 11:40:00,384.25,384.25,383.54,383.54,-0.18,1044.24,383981.95,-1
2021-09-05,2021-09-05 11:50:00,383.54,383.54,382.83,382.83,-0.19,1044.24,383981.95,-1
2021-09-05,2021-09-05 12:00:00,382.83,382.83,382.11,382.11,-0.19,1044.24,383981.95,-1
2021-09-05,2021-09-05 12:10:00,382.11,382.11,381.4,381.4,-0.19,1044.24,383981.95,-1
2021-09-05,2021-09-05 12:20:00,381.4,381.4,380.69,380.69,-0.19,1044.24,383981.95,-1
2021-09-05,2021-09-05 12:30:00,380.69,380.69,379.98,379.98,-0.19,1044.24,383981.95,-1
2021-09-05,2021-09-05 12:40:00,379.98,379.98,379.26,379.26,-0.19,1044.24,383981.95,-1
2021-09-05,2021-09-05 12:50:00,379.26,379.26,378.55,378.55,-0.19,1044.24,383981.95,-1
2021-09-05,2021-09-05 13:00:00,378.55,390.0,355.5,377.84,-0.19,1044.24,383981.95,-1
2021-09-05,2021-09-05 13:10:00,377.84,377.84,377.12,377.12,-0.19,1044.24,383981.95,-1
2021-09-05,2021-09-05 13:20:00,377.12,377.12,376.41,376.41,-0.19,1044.24,383981.95,-1
2021-09-05,2021-09-05 13:30:00,376.41,376.41,375.7,375.7,-0.19,1044.24,383981.95,-1
2021-09-05,2021-09-05 13:40:00,375.7,375.7,374.99,374.99,-0.19,1044.24,383981.95,-1
2021-09-05,2021-09-05 13:50:00,374.99,374.99,374.27,374.27,-0.19,1044.24,383981.95,-1
2021-09-05,2021-09-05 14:00:00,374.27,374.27,373.56,373.56,-0.19,1044.24,383981.95,-1
2021-09-05,2021-09-05 14:10:00,373.56,373.56,372.85,372.85,-0.19,1044.24,383981.95,-1
2021-09-05,2021-09-05 14:20:00,372.85,372.85,372.14,372.14,-0.19,1044.24,383981.95,-1
2021-09-05,2021-09-05 14:30:00,372.14,372.14,371.43,371.43,-0.19,1044.24,383981.95,-1
2021-09-05,2021-09-05 14:40:00,371.43,371.43,370.71,370.71,-0.19,1044.24,383981.95,-1
2021-09-05,2021-09-05 14:50:00,370.71,370.71,370.0,370.0,-0.19,1044.24,383981.95,-1
2021-09-05,2021-09-05 15:00:00,370.0,390.0,355.5,370.0,0.0,1044.24,383981.95,0
2021-09-06,2021-09-06 11:00:00,377.4,386.28,373.17,378.63,0.33,676.44,265662.25,1
2021-09-06,2021-09-06 11:10:00,378.63,379.87,378.63,379.87,0.33,676.44,265662.25,1
2021-09-06,2021-09-06 11:20:00,379.87,381.1,379.87,381.1,0.32,676.44,265662.25,1
2021-09-06,2021-09-06 11:30:00,381.1,382.33,381.1,382.33,0.32,676.44,265662.25,1
2021-09-06,2021-09-06 11:40:00,382.33,383.57,382.33,383.57,0.32,676.44,265662.25,1
2021-09-06,2021-09-06 11:50:00,383.57,384.8,383.57,384.8,0.32,676.44,265662.25,1
2021-09-06,2021-09-06 12:00:00,384.8,386.03,384.8,386.03,0.32,676.44,265662.25,1
2021-09-06,2021-09-06 12:10:00,386.03,387.27,386.03,387.27,0.32,676.44,265662.25,1
2021-09-06,2021-09-06 12:20:00,387.27,388.5,387.27,388.5,0.32,676.44,265662.25,1
2021-09-06,2021-09-06 12:30:00,388.5,389.73,388.5,389.73,0.32,676.44,265662.25,1
2021-09-06,2021-09-06 12:40:00,389.73,390.97,389.73,390.97,0.32,676.44,265662.25,1
2021-09-06,2021-09-06 12:50:00,390.97,392.2,390.97,392.2,0.31,676.44,265662.25,1
2021-09-06,2021-09-06 13:00:00,392.2,407.0,363.3,393.43,0.31,676.44,265662.25,1
2021-09-06,2021-09-06 13:10:00,393.43,394.67,393.43,394.67,0.32,676.44,265662.25,1
2021-09-06,2021-09-06 13:20:00,394.67,395.9,394.67,395.9,0.31,676.44,265662.25,1
2021-09-06,2021-09-06 13:30:00,395.9,397.13,395.9,397.13,0.31,676.44,265662.25,1
2021-09-06,2021-09-06 13:40:00,397.13,398.37,397.13,398.37,0.31,676.44,265662.25,1
2021-09-06,2021-09-06 13:50:00,398.37,399.6,398.37,399.6,0.31,676.44,265662.25,1
2021-09-06,2021-09-06 14:00:00,399.6,400.83,399.6,400.83,0.31,676.44,265662.25,1
2021-09-06,2021-09-06 14:10:00,400.83,402.07,400.83,402.07,0.31,676.44,265662.25,1
2021-09-06,2021-09-06 14:20:00,402.07,403.3,402.07,403.3,0.31,676.44,265662.25,1
2021-09-06,2021-09-06 14:30:00,403.3,404.53,403.3,404.53,0.3,676.44,265662.25,1
2021-09-06,2021-09-06 14:40:00,404.53,405.77,404.53,405.77,0.31,676.44,265662.25,1
2021-09-06,2021-09-06 14:50:00,405.77,407.0,405.77,407.0,0.3,676.44,265662.25,1
2021-09-06,2021-09-06 15:00:00,407.0,407.0,363.3,407.0,0.0,676.44,265662.25,0
2021-09-07,2021-09-07 11:00:00,415.0,418.0,411.64,414.54,-0.11,643.84,266498.39,-1
2021-09-07,2021-09-07 11:10:00,414.54,414.54,414.08,414.08,-0.11,643.84,266498.39,-1
2021-09-07,2021-09-07 11:20:00,414.08,414.08,413.62,413.62,-0.11,643.84,266498.39,-1
2021-09-07,2021-09-07 11:30:00,413.62,413.62,413.17,413.17,-0.11,643.84,266498.39,-1
2021-09-07,2021-09-07 11:40:00,413.17,413.17,412.71,412.71,-0.11,643.84,266498.39,-1
2021-09-07,2021-09-07 11:50:00,412.71,412.71,412.25,412.25,-0.11,643.84,266498.39,-1
2021-09-07,2021-09-07 12:00:00,412.25,412.25,411.79,411.79,-0.11,643.84,266498.39,-1
2021-09-07,2021-09-07 12:10:00,411.79,411.79,411.33,411.33,-0.11,643.84,266498.39,-1
2021-09-07,2021-09-07 12:20:00,411.33,411.33,410.88,410.88,-0.11,643.84,266498.39,-1
2021-09-07,2021-09-07 12:30:00,410.88,410.88,410.42,410.42,-0.11,643.84,266498.39,-1
2021-09-07,2021-09-07 12:40:00,410.42,410.42,409.96,409.96,-0.11,643.84,266498.39,-1
2021-09-07,2021-09-07 12:50:00,409.96,409.96,409.5,409.5,-0.11,643.84,266498.39,-1
2021-09-07,2021-09-07 13:00:00,409.5,425.0,403.8,409.04,-0.11,643.84,266498.39,-1
2021-09-07,2021-09-07 13:10:00,409.04,409.04,408.58,408.58,-0.11,643.84,266498.39,-1
2021-09-07,2021-09-07 13:20:00,408.58,408.58,408.12,408.12,-0.11,643.84,266498.39,-1
2021-09-07,2021-09-07 13:30:00,408.12,408.12,407.67,407.67,-0.11,643.84,266498.39,-1
2021-09-07,2021-09-07 13:40:00,407.67,407.67,407.21,407.21,-0.11,643.84,266498.39,-1
2021-09-07,2021-09-07 13:50:00,407.21,407.21,406.75,406.75,-0.11,643.84,266498.39,-1
2021-09-07,2021-09-07 14:00:00,406.75,406.75,406.29,406.29,-0.11,643.84,266498.39,-1
2021-09-07,2021-09-07 14:10:00,406.29,406.29,405.83,405.83,-0.11,643.84,266498.39,-1
2021-09-07,2021-09-07 14:20:00,405.83,405.83,405.38,405.38,-0.11,643.84,266498.39,-1
2021-09-07,2021-09-07 14:30:00,405.38,405.38,404.92,404.92,-0.11,643.84,266498.39,-1
2021-09-07,2021-09-07 14:40:00,404.92,404.92,404.46,404.46,-0.11,643.84,266498.39,-1
2021-09-07,2021-09-07 14:50:00,404.46,404.46,404.0,404.0,-0.11,643.84,266498.39,-1
2021-09-07,2021-09-07 15:00:00,404.0,425.0,403.8,404.0,0.0,643.84,266498.39,0
2021-09-08,2021-09-08 11:00:00,404.0,404.0,398.93,403.42,-0.14,303.8,119230.24,-1
2021-09-08,2021-09-08 11:10:00,403.42,403.42,402.83,402.83,-0.15,303.8,119230.24,-1
2021-09-08,2021-09-08 11:20:00,402.83,402.83,402.25,402.25,-0.14,303.8,119230.24,-1
2021-09-08,2021-09-08 11:30:00,402.25,402.25,401.67,401.67,-0.14,303.8,119230.24,-1
2021-09-08,2021-09-08 11:40:00,401.67,401.67,401.08,401.08,-0.15,303.8,119230.24,-1
2021-09-08,2021-09-08 11:50:00,401.08,401.08,400.5,400.5,-0.14,303.8,119230.24,-1
2021-09-08,2021-09-08 12:00:00,400.5,400.5,399.92,399.92,-0.14,303.8,119230.24,-1
2021-09-08,2021-09-08 12:10:00,399.92,399.92,399.33,399.33,-0.15,303.8,119230.24,-1
2021-09-08,2021-09-08 12:20:00,399.33,399.33,398.75,398.75,-0.15,303.8,119230.24,-1
2021-09-08,2021-09-08 12:30:00,398.75,398.75,398.17,398.17,-0.15,303.8,119230.24,-1
2021-09-08,2021-09-08 12:40:00,398.17,398.17,397.58,397.58,-0.15,303.8,119230.24,-1
2021-09-08,2021-09-08 12:50:00,397.58,397.58,397.0,397.0,-0.15,303.8,119230.24,-1
2021-09-08,2021-09-08 13:00:00,397.0,404.0,387.1,396.42,-0.15,303.8,119230.24,-1
2021-09-08,2021-09-08 13:10:00,396.42,396.42,395.83,395.83,-0.15,303.8,119230.24,-1
2021-09-08,2021-09-08 13:20:00,395.83,395.83,395.25,395.25,-0.15,303.8,119230.24,-1
2021-09-08,2021-09-08 13:30:00,395.25,395.25,394.67,394.67,-0.15,303.8,119230.24,-1
2021-09-08,2021-09-08 13:40:00,394.67,394.67,394.08,394.08,-0.15,303.8,119230.24,-1
2021-09-08,2021-09-08 13:50:00,394.08,394.08,393.5,393.5,-0.15,303.8,119230.24,-1
2021-09-08,2021-09-08 14:00:00,393.5,393.5,392.92,392.92,-0.15,303.8,119230.24,-1
2021-09-08,2021-09-08 14:10:00,392.92,392.92,392.33,392.33,-0.15,303.8,119230.24,-1
2021-09-08,2021-09-08 14:20:00,392.33,392.33,391.75,391.75,-0.15,303.8,119230.24,-1
2021-09-08,2021-09-08 14:30:00,391.75,391.75,391.17,391.17,-0.15,303.8,119230.24,-1
2021-09-08,2021-09-08 14:40:00,391.17,391.17,390.58,390.58,-0.15,303.8,119230.24,-1
2021-09-08,2021-09-08 14:50:00,390.58,390.58,390.0,390.0,-0.15,303.8,119230.24,-1
2021-09-08,2021-09-08 15:00:00,390.0,404.0,387.1,390.0,0.0,303.8,119230.24,0
2021-09-09,2021-09-09 11:00:00,397.8,399.06,395.16,397.69,-0.03,359.8,142376.14,-1
2021-09-09,2021-09-09 11:10:00,397.69,397.69,397.57,397.57,-0.03,359.8,142376.14,-1
2021-09-09,2021-09-09 11:20:00,397.57,397.57,397.46,397.46,-0.03,359.8,142376.14,-1
2021-09-09,2021-09-09 11:30:00,397.46,397.46,397.35,397.35,-0.03,359.8,142376.14,-1
2021-09-09,2021-09-09 11:40:00,397.35,397.35,397.24,397.24,-0.03,359.8,142376.14,-1
2021-09-09,2021-09-09 11:50:00,397.24,397.24,397.12,397.12,-0.03,359.8,142376.14,-1
2021-09-09,2021-09-09 12:00:00,397.12,397.12,397.01,397.01,-0.03,359.8,142376.14,-1
2021-09-09,2021-09-09 12:10:00,397.01,397.01,396.9,396.9,-0.03,359.8,142376.14,-1
2021-09-09,2021-09-09 12:20:00,396.9,396.9,396.79,396.79,-0.03,359.8,142376.14,-1
2021-09-09,2021-09-09 12:30:00,396.79,396.79,396.68,396.68,-0.03,359.8,142376.14,-1
2021-09-09,2021-09-09 12:40:00,396.68,396.68,396.56,396.56,-0.03,359.8,142376.14,-1
2021-09-09,2021-09-09 12:50:00,396.56,396.56,396.45,396.45,-0.03,359.8,142376.14,-1
2021-09-09,2021-09-09 13:00:00,396.45,402.0,389.0,396.34,-0.03,359.8,142376.14,-1
2021-09-09,2021-09-09 13:10:00,396.34,396.34,396.23,396.23,-0.03,359.8,142376.14,-1
2021-09-09,2021-09-09 13:20:00,396.23,396.23,396.11,396.11,-0.03,359.8,142376.14,-1
2021-09-09,2021-09-09 13:30:00,396.11,396.11,396.0,396.0,-0.03,359.8,142376.14,-1
2021-09-09,2021-09-09 13:40:00,396.0,396.0,395.89,395.89,-0.03,359.8,142376.14,-1
2021-09-09,2021-09-09 13:50:00,395.89,395.89,395.78,395.78,-0.03,359.8,142376.14,-1
2021-09-09,2021-09-09 14:00:00,395.78,395.78,395.66,395.66,-0.03,359.8,142376.14,-1
2021-09-09,2021-09-09 14:10:00,395.66,395.66,395.55,395.55,-0.03,359.8,142376.14,-1
2021-09-09,2021-09-09 14:20:00,395.55,395.55,395.44,395.44,-0.03,359.8,142376.14,-1
2021-09-09,2021-09-09 14:30:00,395.44,395.44,395.33,395.33,-0.03,359.8,142376.14,-1
2021-09-09,2021-09-09 14:40:00,395.33,395.33,395.21,395.21,-0.03,359.8,142376.14,-1
2021-09-09,2021-09-09 14:50:00,395.21,395.21,395.1,395.1,-0.03,359.8,142376.14,-1
2021-09-09,2021-09-09 15:00:00,395.1,402.0,389.0,395.1,0.0,359.8,142376.14,0
2021-09-12,2021-09-12 11:00:00,403.0,409.6,403.0,403.42,0.1,769.64,319299.02,1
2021-09-12,2021-09-12 11:10:00,403.42,403.84,403.42,403.84,0.1,769.64,319299.02,1
2021-09-12,2021-09-12 11:20:00,403.84,404.26,403.84,404.26,0.1,769.64,319299.02,1
2021-09-12,2021-09-12 11:30:00,404.26,404.68,404.26,404.68,0.1,769.64,319299.02,1
2021-09-12,2021-09-12 11:40:00,404.68,405.1,404.68,405.1,0.1,769.64,319299.02,1
2021-09-12,2021-09-12 11:50:00,405.1,405.52,405.1,405.52,0.1,769.64,319299.02,1
2021-09-12,2021-09-12 12:00:00,405.52,405.95,405.52,405.95,0.11,769.64,319299.02,1
2021-09-12,2021-09-12 12:10:00,405.95,406.37,405.95,406.37,0.1,769.64,319299.02,1
2021-09-12,2021-09-12 12:20:00,406.37,406.79,406.37,406.79,0.1,769.64,319299.02,1
2021-09-12,2021-09-12 12:30:00,406.79,407.21,406.79,407.21,0.1,769.64,319299.02,1
2021-09-12,2021-09-12 12:40:00,407.21,407.63,407.21,407.63,0.1,769.64,319299.02,1
2021-09-12,2021-09-12 12:50:00,407.63,408.05,407.63,408.05,0.1,769.64,319299.02,1
2021-09-12,2021-09-12 13:00:00,408.05,425.0,403.0,408.47,0.1,769.64,319299.02,1
2021-09-12,2021-09-12 13:10:00,408.47,408.89,408.47,408.89,0.1,769.64,319299.02,1
2021-09-12,2021-09-12 13:20:00,408.89,409.31,408.89,409.31,0.1,769.64,319299.02,1
2021-09-12,2021-09-12 13:30:00,409.31,409.73,409.31,409.73,0.1,769.64,319299.02,1
2021-09-12,2021-09-12 13:40:00,409.73,410.15,409.73,410.15,0.1,769.64,319299.02,1
2021-09-12,2021-09-12 13:50:00,410.15,410.58,410.15,410.58,0.1,769.64,319299.02,1
2021-09-12,2021-09-12 14:00:00,410.58,411.0,410.58,411.0,0.1,769.64,319299.02,1
2021-09-12,2021-09-12 14:10:00,411.0,411.42,411.0,411.42,0.1,769.64,319299.02,1
2021-09-12,2021-09-12 14:20:00,411.42,411.84,411.42,411.84,0.1,769.64,319299.02,1
2021-09-12,2021-09-12 14:30:00,411.84,412.26,411.84,412.26,0.1,769.64,319299.02,1
2021-09-12,2021-09-12 14:40:00,412.26,412.68,412.26,412.68,0.1,769.64,319299.02,1
2021-09-12,2021-09-12 14:50:00,412.68,413.1,412.68,413.1,0.1,769.64,319299.02,1
2021-09-12,2021-09-12 15:00:00,413.1,425.0,403.0,413.1,0.0,769.64,319299.02,0
2021-09-13,2021-09-13 11:00:00,415.0,419.5,410.17,414.75,-0.06,711.24,289932.54,-1
2021-09-13,2021-09-13 11:10:00,414.75,414.75,414.5,414.5,-0.06,711.24,289932.54,-1
2021-09-13,2021-09-13 11:20:00,414.5,414.5,414.25,414.25,-0.06,711.24,289932.54,-1
2021-09-13,2021-09-13 11:30:00,414.25,414.25,414.0,414.0,-0.06,711.24,289932.54,-1
2021-09-13,2021-09-13 11:40:00,414.0,414.0,413.75,413.75,-0.06,711.24,289932.54,-1
2021-09-13,2021-09-13 11:50:00,413.75,413.75,413.5,413.5,-0.06,711.24,289932.54,-1
2021-09-13,2021-09-13 12:00:00,413.5,413.5,413.25,413.25,-0.06,711.24,289932.54,-1
2021-09-13,2021-09-13 12:10:00,413.25,413.25,413.0,413.0,-0.06,711.24,289932.54,-1
2021-09-13,2021-09-13 12:20:00,413.0,413.0,412.75,412.75,-0.06,711.24,289932.54,-1
2021-09-13,2021-09-13 12:30:00,412.75,412.75,412.5,412.5,-0.06,711.24,289932.54,-1
2021-09-13,2021-09-13 12:40:00,412.5,412.5,412.25,412.25,-0.06,711.24,289932.54,-1
2021-09-13,2021-09-13 12:50:00,412.25,412.25,412.0,412.0,-0.06,711.24,289932.54,-1
2021-09-13,2021-09-13 13:00:00,412.0,430.0,398.9,411.75,-0.06,711.24,289932.54,-1
2021-09-13,2021-09-13 13:10:00,411.75,411.75,411.5,411.5,-0.06,711.24,289932.54,-1
2021-09-13,2021-09-13 13:20:00,411.5,411.5,411.25,411.25,-0.06,711.24,289932.54,-1
2021-09-13,2021-09-13 13:30:00,411.25,411.25,411.0,411.0,-0.06,711.24,289932.54,-1
2021-09-13,2021-09-13 13:40:00,411.0,411.0,410.75,410.75,-0.06,711.24,289932.54,-1
2021-09-13,2021-09-13 13:50:00,410.75,410.75,410.5,410.5,-0.06,711.24,289932.54,-1
2021-09-13,2021-09-13 14:00:00,410.5,410.5,410.25,410.25,-0.06,711.24,289932.54,-1
2021-09-13,2021-09-13 14:10:00,410.25,410.25,410.0,410.0,-0.06,711.24,289932.54,-1
2021-09-13,2021-09-13 14:20:00,410.0,410.0,409.75,409.75,-0.06,711.24,289932.54,-1
2021-09-13,2021-09-13 14:30:00,409.75,409.75,409.5,409.5,-0.06,711.24,289932.54,-1
2021-09-13,2021-09-13 14:40:00,409.5,409.5,409.25,409.25,-0.06,711.24,289932.54,-1
2021-09-13,2021-09-13 14:50:00,409.25,409.25,409.0,409.0,-0.06,711.24,289932.54,-1
2021-09-13,2021-09-13 15:00:00,409.0,430.0,398.9,409.0,0.0,711.24,289932.54,0
2021-09-14,2021-09-14 11:00:00,405.0,406.5,402.6,404.83,-0.04,213.88,86567.88,-1
2021-09-14,2021-09-14 11:10:00,404.83,404.83,404.67,404.67,-0.04,213.88,86567.88,-1
2021-09-14,2021-09-14 11:20:00,404.67,404.67,404.5,404.5,-0.04,213.88,86567.88,-1
2021-09-14,2021-09-14 11:30:00,404.5,404.5,404.33,404.33,-0.04,213.88,86567.88,-1
2021-09-14,2021-09-14 11:40:00,404.33,404.33,404.17,404.17,-0.04,213.88,86567.88,-1
2021-09-14,2021-09-14 11:50:00,404.17,404.17,404.0,404.0,-0.04,213.88,86567.88,-1
2021-09-14,2021-09-14 12:00:00,404.0,404.0,403.83,403.83,-0.04,213.88,86567.88,-1
2021-09-14,2021-09-14 12:10:00,403.83,403.83,403.67,403.67,-0.04,213.88,86567.88,-1
2021-09-14,2021-09-14 12:20:00,403.67,403.67,403.5,403.5,-0.04,213.88,86567.88,-1
2021-09-14,2021-09-14 12:30:00,403.5,403.5,403.33,403.33,-0.04,213.88,86567.88,-1
2021-09-14,2021-09-14 12:40:00,403.33,403.33,403.17,403.17,-0.04,213.88,86567.88,-1
2021-09-14,2021-09-14 12:50:00,403.17,403.17,403.0,403.0,-0.04,213.88,86567.88,-1
2021-09-14,2021-09-14 13:00:00,403.0,410.0,397.0,402.83,-0.04,213.88,86567.88,-1
2021-09-14,2021-09-14 13:10:00,402.83,402.83,402.67,402.67,-0.04,213.88,86567.88,-1
2021-09-14,2021-09-14 13:20:00,402.67,402.67,402.5,402.5,-0.04,213.88,86567.88,-1
2021-09-14,2021-09-14 13:30:00,402.5,402.5,402.33,402.33,-0.04,213.88,86567.88,-1
2021-09-14,2021-09-14 13:40:00,402.33,402.33,402.17,402.17,-0.04,213.88,86567.88,-1
2021-09-14,2021-09-14 13:50:00,402.17,402.17,402.0,402.0,-0.04,213.88,86567.88,-1
2021-09-14,2021-09-14 14:00:00,402.0,402.0,401.83,401.83,-0.04,213.88,86567.88,-1
2021-09-14,2021-09-14 14:10:00,401.83,401.83,401.67,401.67,-0.04,213.88,86567.88,-1
2021-09-14,2021-09-14 14:20:00,401.67,401.67,401.5,401.5,-0.04,213.88,86567.88,-1
2021-09-14,2021-09-14 14:30:00,401.5,401.5,401.33,401.33,-0.04,213.88,86567.88,-1
2021-09-14,2021-09-14 14:40:00,401.33,401.33,401.17,401.17,-0.04,213.88,86567.88,-1
2021-09-14,2021-09-14 14:50:00,401.17,401.17,401.0,401.0,-0.04,213.88,86567.88,-1
2021-09-14,2021-09-14 15:00:00,401.0,410.0,397.0,401.0,0.0,213.88,86567.88,0
2021-09-15,2021-09-15 11:00:00,409.0,411.1,404.8,408.54,-0.11,221.56,88519.09,-1
2021-09-15,2021-09-15 11:10:00,408.54,408.54,408.07,408.07,-0.12,221.56,88519.09,-1
2021-09-15,2021-09-15 11:20:00,408.07,408.07,407.61,407.61,-0.11,221.56,88519.09,-1
2021-09-15,2021-09-15 11:30:00,407.61,407.61,407.15,407.15,-0.11,221.56,88519.09,-1
2021-09-15,2021-09-15 11:40:00,407.15,407.15,406.69,406.69,-0.11,221.56,88519.09,-1
2021-09-15,2021-09-15 11:50:00,406.69,406.69,406.23,406.23,-0.11,221.56,88519.09,-1
2021-09-15,2021-09-15 12:00:00,406.23,406.23,405.76,405.76,-0.12,221.56,88519.09,-1
2021-09-15,2021-09-15 12:10:00,405.76,405.76,405.3,405.3,-0.11,221.56,88519.09,-1
2021-09-15,2021-09-15 12:20:00,405.3,405.3,404.84,404.84,-0.11,221.56,88519.09,-1
2021-09-15,2021-09-15 12:30:00,404.84,404.84,404.38,404.38,-0.11,221.56,88519.09,-1
2021-09-15,2021-09-15 12:40:00,404.38,404.38,403.91,403.91,-0.12,221.56,88519.09,-1
2021-09-15,2021-09-15 12:50:00,403.91,403.91,403.45,403.45,-0.11,221.56,88519.09,-1
2021-09-15,2021-09-15 13:00:00,403.45,416.0,395.0,402.99,-0.11,221.56,88519.09,-1
2021-09-15,2021-09-15 13:10:00,402.99,402.99,402.52,402.52,-0.12,221.56,88519.09,-1
2021-09-15,2021-09-15 13:20:00,402.52,402.52,402.06,402.06,-0.11,221.56,88519.09,-1
2021-09-15,2021-09-15 13:30:00,402.06,402.06,401.6,401.6,-0.11,221.56,88519.09,-1
2021-09-15,2021-09-15 13:40:00,401.6,401.6,401.14,401.14,-0.11,221.56,88519.09,-1
2021-09-15,2021-09-15 13:50:00,401.14,401.14,400.67,400.67,-0.12,221.56,88519.09,-1
2021-09-15,2021-09-15 14:00:00,400.67,400.67,400.21,400.21,-0.11,221.56,88519.09,-1
2021-09-15,2021-09-15 14:10:00,400.21,400.21,399.75,399.75,-0.11,221.56,88519.09,-1
2021-09-15,2021-09-15 14:20:00,399.75,399.75,399.29,399.29,-0.12,221.56,88519.09,-1
2021-09-15,2021-09-15 14:30:00,399.29,399.29,398.82,398.82,-0.12,221.56,88519.09,-1
2021-09-15,2021-09-15 14:40:00,398.82,398.82,398.36,398.36,-0.12,221.56,88519.09,-1
2021-09-15,2021-09-15 14:50:00,398.36,398.36,397.9,397.9,-0.12,221.56,88519.09,-1
2021-09-15,2021-09-15 15:00:00,397.9,416.0,395.0,397.9,0.0,221.56,88519.09,0
2021-09-16,2021-09-16 11:00:00,390.0,390.0,385.8,389.71,-0.07,602.08,230454.78,-1
2021-09-16,2021-09-16 11:10:00,389.71,389.71,389.42,389.42,-0.07,602.08,230454.78,-1
2021-09-16,2021-09-16 11:20:00,389.42,389.42,389.12,389.12,-0.08,602.08,230454.78,-1
2021-09-16,2021-09-16 11:30:00,389.12,389.12,388.83,388.83,-0.07,602.08,230454.78,-1
2021-09-16,2021-09-16 11:40:00,388.83,388.83,388.54,388.54,-0.07,602.08,230454.78,-1
2021-09-16,2021-09-16 11:50:00,388.54,388.54,388.25,388.25,-0.07,602.08,230454.78,-1
2021-09-16,2021-09-16 12:00:00,388.25,388.25,387.96,387.96,-0.07,602.08,230454.78,-1
2021-09-16,2021-09-16 12:10:00,387.96,387.96,387.67,387.67,-0.07,602.08,230454.78,-1
2021-09-16,2021-09-16 12:20:00,387.67,387.67,387.38,387.38,-0.07,602.08,230454.78,-1
2021-09-16,2021-09-16 12:30:00,387.38,387.38,387.08,387.08,-0.08,602.08,230454.78,-1
2021-09-16,2021-09-16 12:40:00,387.08,387.08,386.79,386.79,-0.07,602.08,230454.78,-1
2021-09-16,2021-09-16 12:50:00,386.79,386.79,386.5,386.5,-0.07,602.08,230454.78,-1
2021-09-16,2021-09-16 13:00:00,386.5,390.0,376.0,386.21,-0.08,602.08,230454.78,-1
2021-09-16,2021-09-16 13:10:00,386.21,386.21,385.92,385.92,-0.08,602.08,230454.78,-1
2021-09-16,2021-09-16 13:20:00,385.92,385.92,385.62,385.62,-0.08,602.08,230454.78,-1
2021-09-16,2021-09-16 13:30:00,385.62,385.62,385.33,385.33,-0.08,602.08,230454.78,-1
2021-09-16,2021-09-16 13:40:00,385.33,385.33,385.04,385.04,-0.08,602.08,230454.78,-1
2021-09-16,2021-09-16 13:50:00,385.04,385.04,384.75,384.75,-0.08,602.08,230454.78,-1
2021-09-16,2021-09-16 14:00:00,384.75,384.75,384.46,384.46,-0.08,602.08,230454.78,-1
2021-09-16,2021-09-16 14:10:00,384.46,384.46,384.17,384.17,-0.08,602.08,230454.78,-1
2021-09-16,2021-09-16 14:20:00,384.17,384.17,383.88,383.88,-0.08,602.08,230454.78,-1
2021-09-16,2021-09-16 14:30:00,383.88,383.88,383.58,383.58,-0.08,602.08,230454.78,-1
2021-09-16,2021-09-16 14:40:00,383.58,383.58,383.29,383.29,-0.08,602.08,230454.78,-1
2021-09-16,2021-09-16 14:50:00,383.29,383.29,383.0,383.0,-0.08,602.08,230454.78,-1
2021-09-16,2021-09-16 15:00:00,383.0,390.0,376.0,383.0,0.0,602.08,230454.78,0
2021-09-20,2021-09-20 11:00:00,383.0,383.0,371.51,381.42,-0.41,631.6,225865.32,-1
2021-09-20,2021-09-20 11:10:00,381.42,381.42,379.83,379.83,-0.42,631.6,225865.32,-1
2021-09-20,2021-09-20 11:20:00,379.83,379.83,378.25,378.25,-0.42,631.6,225865.32,-1
2021-09-20,2021-09-20 11:30:00,378.25,378.25,376.67,376.67,-0.42,631.6,225865.32,-1
2021-09-20,2021-09-20 11:40:00,376.67,376.67,375.08,375.08,-0.42,631.6,225865.32,-1
2021-09-20,2021-09-20 11:50:00,375.08,375.08,373.5,373.5,-0.42,631.6,225865.32,-1
2021-09-20,2021-09-20 12:00:00,373.5,373.5,371.92,371.92,-0.42,631.6,225865.32,-1
2021-09-20,2021-09-20 12:10:00,371.92,371.92,370.33,370.33,-0.43,631.6,225865.32,-1
2021-09-20,2021-09-20 12:20:00,370.33,370.33,368.75,368.75,-0.43,631.6,225865.32,-1
2021-09-20,2021-09-20 12:30:00,368.75,368.75,367.17,367.17,-0.43,631.6,225865.32,-1
2021-09-20,2021-09-20 12:40:00,367.17,367.17,365.58,365.58,-0.43,631.6,225865.32,-1
2021-09-20,2021-09-20 12:50:00,365.58,365.58,364.0,364.0,-0.43,631.6,225865.32,-1
2021-09-20,2021-09-20 13:00:00,364.0,383.0,344.7,362.42,-0.43,631.6,225865.32,-1
2021-09-20,2021-09-20 13:10:00,362.42,362.42,360.83,360.83,-0.44,631.6,225865.32,-1
2021-09-20,2021-09-20 13:20:00,360.83,360.83,359.25,359.25,-0.44,631.6,225865.32,-1
2021-09-20,2021-09-20 13:30:00,359.25,359.25,357.67,357.67,-0.44,631.6,225865.32,-1
2021-09-20,2021-09-20 13:40:00,357.67,357.67,356.08,356.08,-0.44,631.6,225865.32,-1
2021-09-20,2021-09-20 13:50:00,356.08,356.08,354.5,354.5,-0.44,631.6,225865.32,-1
2021-09-20,2021-09-20 14:00:00,354.5,354.5,352.92,352.92,-0.45,631.6,225865.32,-1
2021-09-20,2021-09-20 14:10:00,352.92,352.92,351.33,351.33,-0.45,631.6,225865.32,-1
2021-09-20,2021-09-20 14:20:00,351.33,351.33,349.75,349.75,-0.45,631.6,225865.32,-1
2021-09-20,2021-09-20 14:30:00,349.75,349.75,348.17,348.17,-0.45,631.6,225865.32,-1
2021-09-20,2021-09-20 14:40:00,348.17,348.17,346.58,346.58,-0.46,631.6,225865.32,-1
2021-09-20,2021-09-20 14:50:00,346.58,346.58,345.0,345.0,-0.46,631.6,225865.32,-1
2021-09-20,2021-09-20 15:00:00,345.0,383.0,344.7,345.0,0.0,631.6,225865.32,0
2021-09-21,2021-09-21 11:00:00,340.0,350.5,335.44,340.62,0.18,542.44,190763.82,1
2021-09-21,2021-09-21 11:10:00,340.62,341.25,340.62,341.25,0.18,542.44,190763.82,1
2021-09-21,2021-09-21 11:20:00,341.25,341.88,341.25,341.88,0.18,542.44,190763.82,1
2021-09-21,2021-09-21 11:30:00,341.88,342.5,341.88,342.5,0.18,542.44,190763.82,1
2021-09-21,2021-09-21 11:40:00,342.5,343.12,342.5,343.12,0.18,542.44,190763.82,1
2021-09-21,2021-09-21 11:50:00,343.12,343.75,343.12,343.75,0.18,542.44,190763.82,1
2021-09-21,2021-09-21 12:00:00,343.75,344.38,343.75,344.38,0.18,542.44,190763.82,1
2021-09-21,2021-09-21 12:10:00,344.38,345.0,344.38,345.0,0.18,542.44,190763.82,1
2021-09-21,2021-09-21 12:20:00,345.0,345.62,345.0,345.62,0.18,542.44,190763.82,1
2021-09-21,2021-09-21 12:30:00,345.62,346.25,345.62,346.25,0.18,542.44,190763.82,1
2021-09-21,2021-09-21 12:40:00,346.25,346.88,346.25,346.88,0.18,542.44,190763.82,1
2021-09-21,2021-09-21 12:50:00,346.88,347.5,346.88,347.5,0.18,542.44,190763.82,1
2021-09-21,2021-09-21 13:00:00,347.5,375.0,324.8,348.12,0.18,542.44,190763.82,1
2021-09-21,2021-09-21 13:10:00,348.12,348.75,348.12,348.75,0.18,542.44,190763.82,1
2021-09-21,2021-09-21 13:20:00,348.75,349.38,348.75,349.38,0.18,542.44,190763.82,1
2021-09-21,2021-09-21 13:30:00,349.38,350.0,349.38,350.0,0.18,542.44,190763.82,1
2021-09-21,2021-09-21 13:40:00,350.0,350.62,350.0,350.62,0.18,542.44,190763.82,1
2021-09-21,2021-09-21 13:50:00,350.62,351.25,350.62,351.25,0.18,542.44,190763.82,1
2021-09-21,2021-09-21 14:00:00,351.25,351.88,351.25,351.88,0.18,542.44,190763.82,1
2021-09-21,2021-09-21 14:10:00,351.88,352.5,351.88,352.5,0.18,542.44,190763.82,1
2021-09-21,2021-09-21 14:20:00,352.5,353.12,352.5,353.12,0.18,542.44,190763.82,1
2021-09-21,2021-09-21 14:30:00,353.12,353.75,353.12,353.75,0.18,542.44,190763.82,1
2021-09-21,2021-09-21 14:40:00,353.75,354.38,353.75,354.38,0.18,542.44,190763.82,1
2021-09-21,2021-09-21 14:50:00,354.38,355.0,354.38,355.0,0.17,542.44,190763.82,1
2021-09-21,2021-09-21 15:00:00,355.0,375.0,324.8,355.0,0.0,542.44,190763.82,0
2021-09-22,2021-09-22 11:00:00,362.1,369.75,362.1,363.16,0.29,435.48,164695.88,1
2021-09-22,2021-09-22 11:10:00,363.16,364.23,363.16,364.23,0.29,435.48,164695.88,1
2021-09-22,2021-09-22 11:20:00,364.23,365.29,364.23,365.29,0.29,435.48,164695.88,1
2021-09-22,2021-09-22 11:30:00,365.29,366.35,365.29,366.35,0.29,435.48,164695.88,1
2021-09-22,2021-09-22 11:40:00,366.35,367.41,366.35,367.41,0.29,435.48,164695.88,1
2021-09-22,2021-09-22 11:50:00,367.41,368.48,367.41,368.48,0.29,435.48,164695.88,1
2021-09-22,2021-09-22 12:00:00,368.48,369.54,368.48,369.54,0.29,435.48,164695.88,1
2021-09-22,2021-09-22 12:10:00,369.54,370.6,369.54,370.6,0.29,435.48,164695.88,1
2021-09-22,2021-09-22 12:20:00,370.6,371.66,370.6,371.66,0.29,435.48,164695.88,1
2021-09-22,2021-09-22 12:30:00,371.66,372.73,371.66,372.73,0.29,435.48,164695.88,1
2021-09-22,2021-09-22 12:40:00,372.73,373.79,372.73,373.79,0.28,435.48,164695.88,1
2021-09-22,2021-09-22 12:50:00,373.79,374.85,373.79,374.85,0.28,435.48,164695.88,1
2021-09-22,2021-09-22 13:00:00,374.85,387.6,362.1,375.91,0.28,435.48,164695.88,1
2021-09-22,2021-09-22 13:10:00,375.91,376.98,375.91,376.98,0.28,435.48,164695.88,1
2021-09-22,2021-09-22 13:20:00,376.98,378.04,376.98,378.04,0.28,435.48,164695.88,1
2021-09-22,2021-09-22 13:30:00,378.04,379.1,378.04,379.1,0.28,435.48,164695.88,1
2021-09-22,2021-09-22 13:40:00,379.1,380.16,379.1,380.16,0.28,435.48,164695.88,1
2021-09-22,2021-09-22 13:50:00,380.16,381.23,380.16,381.23,0.28,435.48,164695.88,1
2021-09-22,2021-09-22 14:00:00,381.23,382.29,381.23,382.29,0.28,435.48,164695.88,1
2021-09-22,2021-09-22 14:10:00,382.29,383.35,382.29,383.35,0.28,435.48,164695.88,1
2021-09-22,2021-09-22 14:20:00,383.35,384.41,383.35,384.41,0.28,435.48,164695.88,1
2021-09-22,2021-09-22 14:30:00,384.41,385.48,384.41,385.48,0.28,435.48,164695.88,1
2021-09-22,2021-09-22 14:40:00,385.48,386.54,385.48,386.54,0.27,435.48,164695.88,1
2021-09-22,2021-09-22 14:50:00,386.54,387.6,386.54,387.6,0.27,435.48,164695.88,1
2021-09-22,2021-09-22 15:00:00,387.6,387.6,362.1,387.6,0.0,435.48,164695.88,0
2021-09-23,2021-09-23 11:00:00,395.0,395.3,387.5,394.12,-0.22,405.56,155390.04,-1
2021-09-23,2021-09-23 11:10:00,394.12,394.12,393.25,393.25,-0.22,405.56,155390.04,-1
2021-09-23,2021-09-23 11:20:00,393.25,393.25,392.38,392.38,-0.22,405.56,155390.04,-1
2021-09-23,2021-09-23 11:30:00,392.38,392.38,391.5,391.5,-0.22,405.56,155390.04,-1
2021-09-23,2021-09-23 11:40:00,391.5,391.5,390.62,390.62,-0.22,405.56,155390.04,-1
2021-09-23,2021-09-23 11:50:00,390.62,390.62,389.75,389.75,-0.22,405.56,155390.04,-1
2021-09-23,2021-09-23 12:00:00,389.75,389.75,388.88,388.88,-0.22,405.56,155390.04,-1
2021-09-23,2021-09-23 12:10:00,388.88,388.88,388.0,388.0,-0.23,405.56,155390.04,-1
2021-09-23,2021-09-23 12:20:00,388.0,388.0,387.12,387.12,-0.23,405.56,155390.04,-1
2021-09-23,2021-09-23 12:30:00,387.12,387.12,386.25,386.25,-0.22,405.56,155390.04,-1
2021-09-23,2021-09-23 12:40:00,386.25,386.25,385.38,385.38,-0.23,405.56,155390.04,-1
2021-09-23,2021-09-23 12:50:00,385.38,385.38,384.5,384.5,-0.23,405.56,155390.04,-1
2021-09-23,2021-09-23 13:00:00,384.5,396.0,370.0,383.62,-0.23,405.56,155390.04,-1
2021-09-23,2021-09-23 13:10:00,383.62,383.62,382.75,382.75,-0.23,405.56,155390.04,-1
2021-09-23,2021-09-23 13:20:00,382.75,382.75,381.88,381.88,-0.23,405.56,155390.04,-1
2021-09-23,2021-09-23 13:30:00,381.88,381.88,381.0,381.0,-0.23,405.56,155390.04,-1
2021-09-23,2021-09-23 13:40:00,381.0,381.0,380.12,380.12,-0.23,405.56,155390.04,-1
2021-09-23,2021-09-23 13:50:00,380.12,380.12,379.25,379.25,-0.23,405.56,155390.04,-1
2021-09-23,2021-09-23 14:00:00,379.25,379.25,378.38,378.38,-0.23,405.56,155390.04,-1
2021-09-23,2021-09-23 14:10:00,378.38,378.38,377.5,377.5,-0.23,405.56,155390.04,-1
2021-09-23,2021-09-23 14:20:00,377.5,377.5,376.62,376.62,-0.23,405.56,155390.04,-1
2021-09-23,2021-09-23 14:30:00,376.62,376.62,375.75,375.75,-0.23,405.56,155390.04,-1
2021-09-23,2021-09-23 14:40:00,375.75,375.75,374.88,374.88,-0.23,405.56,155390.04,-1
2021-09-23,2021-09-23 14:50:00,374.88,374.88,374.0,374.0,-0.23,405.56,155390.04,-1
2021-09-23,2021-09-23 15:00:00,374.0,396.0,370.0,374.0,0.0,405.56,155390.04,0
2021-09-26,2021-09-26 11:00:00,375.0,375.0,366.9,374.01,-0.26,226.84,81754.54,-1
2021-09-26,2021-09-26 11:10:00,374.01,374.01,373.02,373.02,-0.26,226.84,81754.54,-1
2021-09-26,2021-09-26 11:20:00,373.02,373.02,372.02,372.02,-0.27,226.84,81754.54,-1
2021-09-26,2021-09-26 11:30:00,372.02,372.02,371.03,371.03,-0.27,226.84,81754.54,-1
2021-09-26,2021-09-26 11:40:00,371.03,371.03,370.04,370.04,-0.27,226.84,81754.54,-1
2021-09-26,2021-09-26 11:50:00,370.04,370.04,369.05,369.05,-0.27,226.84,81754.54,-1
2021-09-26,2021-09-26 12:00:00,369.05,369.05,368.06,368.06,-0.27,226.84,81754.54,-1
2021-09-26,2021-09-26 12:10:00,368.06,368.06,367.07,367.07,-0.27,226.84,81754.54,-1
2021-09-26,2021-09-26 12:20:00,367.07,367.07,366.07,366.07,-0.27,226.84,81754.54,-1
2021-09-26,2021-09-26 12:30:00,366.07,366.07,365.08,365.08,-0.27,226.84,81754.54,-1
2021-09-26,2021-09-26 12:40:00,365.08,365.08,364.09,364.09,-0.27,226.84,81754.54,-1
2021-09-26,2021-09-26 12:50:00,364.09,364.09,363.1,363.1,-0.27,226.84,81754.54,-1
2021-09-26,2021-09-26 13:00:00,363.1,375.0,348.0,362.11,-0.27,226.84,81754.54,-1
2021-09-26,2021-09-26 13:10:00,362.11,362.11,361.12,361.12,-0.27,226.84,81754.54,-1
2021-09-26,2021-09-26 13:20:00,361.12,361.12,360.12,360.12,-0.28,226.84,81754.54,-1
2021-09-26,2021-09-26 13:30:00,360.12,360.12,359.13,359.13,-0.27,226.84,81754.54,-1
2021-09-26,2021-09-26 13:40:00,359.13,359.13,358.14,358.14,-0.28,226.84,81754.54,-1
2021-09-26,2021-09-26 13:50:00,358.14,358.14,357.15,357.15,-0.28,226.84,81754.54,-1
2021-09-26,2021-09-26 14:00:00,357.15,357.15,356.16,356.16,-0.28,226.84,81754.54,-1
2021-09-26,2021-09-26 14:10:00,356.16,356.16,355.17,355.17,-0.28,226.84,81754.54,-1
2021-09-26,2021-09-26 14:20:00,355.17,355.17,354.18,354.18,-0.28,226.84,81754.54,-1
2021-09-26,2021-09-26 14:30:00,354.18,354.18,353.18,353.18,-0.28,226.84,81754.54,-1
2021-09-26,2021-09-26 14:40:00,353.18,353.18,352.19,352.19,-0.28,226.84,81754.54,-1
2021-09-26,2021-09-26 14:50:00,352.19,352.19,351.2,351.2,-0.28,226.84,81754.54,-1
2021-09-26,2021-09-26 15:00:00,351.2,375.0,348.0,351.2,0.0,226.84,81754.54,0
2021-09-27,2021-09-27 11:00:00,358.2,359.34,350.64,357.19,-0.28,482.88,164324.51,-1
2021-09-27,2021-09-27 11:10:00,357.19,357.19,356.18,356.18,-0.28,482.88,164324.51,-1
2021-09-27,2021-09-27 11:20:00,356.18,356.18,355.18,355.18,-0.28,482.88,164324.51,-1
2021-09-27,2021-09-27 11:30:00,355.18,355.18,354.17,354.17,-0.28,482.88,164324.51,-1
2021-09-27,2021-09-27 11:40:00,354.17,354.17,353.16,353.16,-0.29,482.88,164324.51,-1
2021-09-27,2021-09-27 11:50:00,353.16,353.16,352.15,352.15,-0.29,482.88,164324.51,-1
2021-09-27,2021-09-27 12:00:00,352.15,352.15,351.14,351.14,-0.29,482.88,164324.51,-1
2021-09-27,2021-09-27 12:10:00,351.14,351.14,350.13,350.13,-0.29,482.88,164324.51,-1
2021-09-27,2021-09-27 12:20:00,350.13,350.13,349.12,349.12,-0.29,482.88,164324.51,-1
2021-09-27,2021-09-27 12:30:00,349.12,349.12,348.12,348.12,-0.29,482.88,164324.51,-1
2021-09-27,2021-09-27 12:40:00,348.12,348.12,347.11,347.11,-0.29,482.88,164324.51,-1
2021-09-27,2021-09-27 12:50:00,347.11,347.11,346.1,346.1,-0.29,482.88,164324.51,-1
2021-09-27,2021-09-27 13:00:00,346.1,362.0,333.0,345.09,-0.29,482.88,164324.51,-1
2021-09-27,2021-09-27 13:10:00,345.09,345.09,344.08,344.08,-0.29,482.88,164324.51,-1
2021-09-27,2021-09-27 13:20:00,344.08,344.08,343.07,343.07,-0.29,482.88,164324.51,-1
2021-09-27,2021-09-27 13:30:00,343.07,343.07,342.07,342.07,-0.29,482.88,164324.51,-1
2021-09-27,2021-09-27 13:40:00,342.07,342.07,341.06,341.06,-0.3,482.88,164324.51,-1
2021-09-27,2021-09-27 13:50:00,341.06,341.06,340.05,340.05,-0.3,482.88,164324.51,-1
2021-09-27,2021-09-27 14:00:00,340.05,340.05,339.04,339.04,-0.3,482.88,164324.51,-1
2021-09-27,2021-09-27 14:10:00,339.04,339.04,338.03,338.03,-0.3,482.88,164324.51,-1
2021-09-27,2021-09-27 14:20:00,338.03,338.03,337.02,337.02,-0.3,482.88,164324.51,-1
2021-09-27,2021-09-27 14:30:00,337.02,337.02,336.02,336.02,-0.3,482.88,164324.51,-1
2021-09-27,2021-09-27 14:40:00,336.02,336.02,335.01,335.01,-0.3,482.88,164324.51,-1
2021-09-27,2021-09-27 14:50:00,335.01,335.01,334.0,334.0,-0.3,482.88,164324.51,-1
2021-09-27,2021-09-27 15:00:00,334.0,362.0,333.0,334.0,0.0,482.88,164324.51,0
2021-09-28,2021-09-28 11:00:00,328.0,328.0,319.87,326.88,-0.34,818.32,253297.5,-1
2021-09-28,2021-09-28 11:10:00,326.88,326.88,325.75,325.75,-0.35,818.32,253297.5,-1
2021-09-28,2021-09-28 11:20:00,325.75,325.75,324.62,324.62,-0.35,818.32,253297.5,-1
2021-09-28,2021-09-28 11:30:00,324.62,324.62,323.5,323.5,-0.35,818.32,253297.5,-1
2021-09-28,2021-09-28 11:40:00,323.5,323.5,322.38,322.38,-0.35,818.32,253297.5,-1
2021-09-28,2021-09-28 11:50:00,322.38,322.38,321.25,321.25,-0.35,818.32,253297.5,-1
2021-09-28,2021-09-28 12:00:00,321.25,321.25,320.12,320.12,-0.35,818.32,253297.5,-1
2021-09-28,2021-09-28 12:10:00,320.12,320.12,319.0,319.0,-0.35,818.32,253297.5,-1
2021-09-28,2021-09-28 12:20:00,319.0,319.0,317.88,317.88,-0.35,818.32,253297.5,-1
2021-09-28,2021-09-28 12:30:00,317.88,317.88,316.75,316.75,-0.36,818.32,253297.5,-1
2021-09-28,2021-09-28 12:40:00,316.75,316.75,315.62,315.62,-0.36,818.32,253297.5,-1
2021-09-28,2021-09-28 12:50:00,315.62,315.62,314.5,314.5,-0.35,818.32,253297.5,-1
2021-09-28,2021-09-28 13:00:00,314.5,328.0,300.9,313.38,-0.36,818.32,253297.5,-1
2021-09-28,2021-09-28 13:10:00,313.38,313.38,312.25,312.25,-0.36,818.32,253297.5,-1
2021-09-28,2021-09-28 13:20:00,312.25,312.25,311.12,311.12,-0.36,818.32,253297.5,-1
2021-09-28,2021-09-28 13:30:00,311.12,311.12,310.0,310.0,-0.36,818.32,253297.5,-1
2021-09-28,2021-09-28 13:40:00,310.0,310.0,308.88,308.88,-0.36,818.32,253297.5,-1
2021-09-28,2021-09-28 13:50:00,308.88,308.88,307.75,307.75,-0.37,818.32,253297.5,-1
2021-09-28,2021-09-28 14:00:00,307.75,307.75,306.62,306.62,-0.37,818.32,253297.5,-1
2021-09-28,2021-09-28 14:10:00,306.62,306.62,305.5,305.5,-0.37,818.32,253297.5,-1
2021-09-28,2021-09-28 14:20:00,305.5,305.5,304.38,304.38,-0.37,818.32,253297.5,-1
2021-09-28,2021-09-28 14:30:00,304.38,304.38,303.25,303.25,-0.37,818.32,253297.5,-1
2021-09-28,2021-09-28 14:40:00,303.25,303.25,302.12,302.12,-0.37,818.32,253297.5,-1
2021-09-28,2021-09-28 14:50:00,302.12,302.12,301.0,301.0,-0.37,818.32,253297.5,-1
2021-09-28,2021-09-28 15:00:00,301.0,328.0,300.9,301.0,0.0,818.32,253297.5,0
2021-09-29,2021-09-29 11:00:00,304.9,311.53,303.43,305.82,0.3,485.56,152714.24,1
2021-09-29,2021-09-29 11:10:00,305.82,306.74,305.82,306.74,0.3,485.56,152714.24,1
2021-09-29,2021-09-29 11:20:00,306.74,307.66,306.74,307.66,0.3,485.56,152714.24,1
2021-09-29,2021-09-29 11:30:00,307.66,308.58,307.66,308.58,0.3,485.56,152714.24,1
2021-09-29,2021-09-29 11:40:00,308.58,309.5,308.58,309.5,0.3,485.56,152714.24,1
2021-09-29,2021-09-29 11:50:00,309.5,310.42,309.5,310.42,0.3,485.56,152714.24,1
2021-09-29,2021-09-29 12:00:00,310.42,311.35,310.42,311.35,0.3,485.56,152714.24,1
2021-09-29,2021-09-29 12:10:00,311.35,312.27,311.35,312.27,0.3,485.56,152714.24,1
2021-09-29,2021-09-29 12:20:00,312.27,313.19,312.27,313.19,0.29,485.56,152714.24,1
2021-09-29,2021-09-29 12:30:00,313.19,314.11,313.19,314.11,0.29,485.56,152714.24,1
2021-09-29,2021-09-29 12:40:00,314.11,315.03,314.11,315.03,0.29,485.56,152714.24,1
2021-09-29,2021-09-29 12:50:00,315.03,315.95,315.03,315.95,0.29,485.56,152714.24,1
2021-09-29,2021-09-29 13:00:00,315.95,327.0,300.0,316.87,0.29,485.56,152714.24,1
2021-09-29,2021-09-29 13:10:00,316.87,317.79,316.87,317.79,0.29,485.56,152714.24,1
2021-09-29,2021-09-29 13:20:00,317.79,318.71,317.79,318.71,0.29,485.56,152714.24,1
2021-09-29,2021-09-29 13:30:00,318.71,319.63,318.71,319.63,0.29,485.56,152714.24,1
2021-09-29,2021-09-29 13:40:00,319.63,320.55,319.63,320.55,0.29,485.56,152714.24,1
2021-09-29,2021-09-29 13:50:00,320.55,321.48,320.55,321.48,0.29,485.56,152714.24,1
2021-09-29,2021-09-29 14:00:00,321.48,322.4,321.48,322.4,0.29,485.56,152714.24,1
2021-09-29,2021-09-29 14:10:00,322.4,323.32,322.4,323.32,0.29,485.56,152714.24,1
2021-09-29,2021-09-29 14:20:00,323.32,324.24,323.32,324.24,0.28,485.56,152714.24,1
2021-09-29,2021-09-29 14:30:00,324.24,325.16,324.24,325.16,0.28,485.56,152714.24,1
2021-09-29,2021-09-29 14:40:00,325.16,326.08,325.16,326.08,0.28,485.56,152714.24,1
2021-09-29,2021-09-29 14:50:00,326.08,327.0,326.08,327.0,0.28,485.56,152714.24,1
2021-09-29,2021-09-29 15:00:00,327.0,327.0,300.0,327.0,0.0,485.56,152714.24,0
2021-09-30,2021-09-30 11:00:00,333.0,334.8,327.6,332.38,-0.19,212.4,69013.62,-1
2021-09-30,2021-09-30 11:10:00,332.38,332.38,331.76,331.76,-0.19,212.4,69013.62,-1
2021-09-30,2021-09-30 11:20:00,331.76,331.76,331.14,331.14,-0.19,212.4,69013.62,-1
2021-09-30,2021-09-30 11:30:00,331.14,331.14,330.52,330.52,-0.19,212.4,69013.62,-1
2021-09-30,2021-09-30 11:40:00,330.52,330.52,329.9,329.9,-0.19,212.4,69013.62,-1
2021-09-30,2021-09-30 11:50:00,329.9,329.9,329.27,329.27,-0.19,212.4,69013.62,-1
2021-09-30,2021-09-30 12:00:00,329.27,329.27,328.65,328.65,-0.19,212.4,69013.62,-1
2021-09-30,2021-09-30 12:10:00,328.65,328.65,328.03,328.03,-0.19,212.4,69013.62,-1
2021-09-30,2021-09-30 12:20:00,328.03,328.03,327.41,327.41,-0.19,212.4,69013.62,-1
2021-09-30,2021-09-30 12:30:00,327.41,327.41,326.79,326.79,-0.19,212.4,69013.62,-1
2021-09-30,2021-09-30 12:40:00,326.79,326.79,326.17,326.17,-0.19,212.4,69013.62,-1
2021-09-30,2021-09-30 12:50:00,326.17,326.17,325.55,325.55,-0.19,212.4,69013.62,-1
2021-09-30,2021-09-30 13:00:00,325.55,339.0,315.0,324.93,-0.19,212.4,69013.62,-1
2021-09-30,2021-09-30 13:10:00,324.93,324.93,324.31,324.31,-0.19,212.4,69013.62,-1
2021-09-30,2021-09-30 13:20:00,324.31,324.31,323.69,323.69,-0.19,212.4,69013.62,-1
2021-09-30,2021-09-30 13:30:00,323.69,323.69,323.07,323.07,-0.19,212.4,69013.62,-1
2021-09-30,2021-09-30 13:40:00,323.07,323.07,322.45,322.45,-0.19,212.4,69013.62,-1
2021-09-30,2021-09-30 13:50:00,322.45,322.45,321.83,321.83,-0.19,212.4,69013.62,-1
2021-09-30,2021-09-30 14:00:00,321.83,321.83,321.2,321.2,-0.2,212.4,69013.62,-1
2021-09-30,2021-09-30 14:10:00,321.2,321.2,320.58,320.58,-0.19,212.4,69013.62,-1
2021-09-30,2021-09-30 14:20:00,320.58,320.58,319.96,319.96,-0.19,212.4,69013.62,-1
2021-09-30,2021-09-30 14:30:00,319.96,319.96,319.34,319.34,-0.19,212.4,69013.62,-1
2021-09-30,2021-09-30 14:40:00,319.34,319.34,318.72,318.72,-0.19,212.4,69013.62,-1
2021-09-30,2021-09-30 14:50:00,318.72,318.72,318.1,318.1,-0.19,212.4,69013.62,-1
2021-09-30,2021-09-30 15:00:00,318.1,339.0,315.0,318.1,0.0,212.4,69013.62,0
2021-10-03,2021-10-03 11:00:00,315.0,315.0,310.17,314.33,-0.21,289.44,87466.44,-1
2021-10-03,2021-10-03 11:10:00,314.33,314.33,313.67,313.67,-0.21,289.44,87466.44,-1
2021-10-03,2021-10-03 11:20:00,313.67,313.67,313.0,313.0,-0.21,289.44,87466.44,-1
2021-10-03,2021-10-03 11:30:00,313.0,313.0,312.33,312.33,-0.21,289.44,87466.44,-1
2021-10-03,2021-10-03 11:40:00,312.33,312.33,311.67,311.67,-0.21,289.44,87466.44,-1
2021-10-03,2021-10-03 11:50:00,311.67,311.67,311.0,311.0,-0.21,289.44,87466.44,-1
2021-10-03,2021-10-03 12:00:00,311.0,311.0,310.33,310.33,-0.22,289.44,87466.44,-1
2021-10-03,2021-10-03 12:10:00,310.33,310.33,309.67,309.67,-0.21,289.44,87466.44,-1
2021-10-03,2021-10-03 12:20:00,309.67,309.67,309.0,309.0,-0.22,289.44,87466.44,-1
2021-10-03,2021-10-03 12:30:00,309.0,309.0,308.33,308.33,-0.22,289.44,87466.44,-1
2021-10-03,2021-10-03 12:40:00,308.33,308.33,307.67,307.67,-0.21,289.44,87466.44,-1
2021-10-03,2021-10-03 12:50:00,307.67,307.67,307.0,307.0,-0.22,289.44,87466.44,-1
2021-10-03,2021-10-03 13:00:00,307.0,315.0,298.9,306.33,-0.22,289.44,87466.44,-1
2021-10-03,2021-10-03 13:10:00,306.33,306.33,305.67,305.67,-0.22,289.44,87466.44,-1
2021-10-03,2021-10-03 13:20:00,305.67,305.67,305.0,305.0,-0.22,289.44,87466.44,-1
2021-10-03,2021-10-03 13:30:00,305.0,305.0,304.33,304.33,-0.22,289.44,87466.44,-1
2021-10-03,2021-10-03 13:40:00,304.33,304.33,303.67,303.67,-0.22,289.44,87466.44,-1
2021-10-03,2021-10-03 13:50:00,303.67,303.67,303.0,303.0,-0.22,289.44,87466.44,-1
2021-10-03,2021-10-03 14:00:00,303.0,303.0,302.33,302.33,-0.22,289.44,87466.44,-1
2021-10-03,2021-10-03 14:10:00,302.33,302.33,301.67,301.67,-0.22,289.44,87466.44,-1
2021-10-03,2021-10-03 14:20:00,301.67,301.67,301.0,301.0,-0.22,289.44,87466.44,-1
2021-10-03,2021-10-03 14:30:00,301.0,301.0,300.33,300.33,-0.22,289.44,87466.44,-1
2021-10-03,2021-10-03 14:40:00,300.33,300.33,299.67,299.67,-0.22,289.44,87466.44,-1
2021-10-03,2021-10-03 14:50:00,299.67,299.67,299.0,299.0,-0.22,289.44,87466.44,-1
2021-10-03,2021-10-03 15:00:00,299.0,315.0,298.9,299.0,0.0,289.44,87466.44,0
2021-10-04,2021-10-04 11:00:00,293.1,296.37,289.17,293.1,0.0,224.28,65847.99,0
2021-10-04,2021-10-04 11:10:00,293.1,293.1,293.09,293.09,-0.0,224.28,65847.99,-1
2021-10-04,2021-10-04 11:20:00,293.09,293.09,293.09,293.09,0.0,224.28,65847.99,0
2021-10-04,2021-10-04 11:30:00,293.09,293.09,293.08,293.08,-0.0,224.28,65847.99,-1
2021-10-04,2021-10-04 11:40:00,293.08,293.08,293.08,293.08,0.0,224.28,65847.99,0
2021-10-04,2021-10-04 11:50:00,293.08,293.08,293.08,293.08,0.0,224.28,65847.99,0
2021-10-04,2021-10-04 12:00:00,293.08,293.08,293.07,293.07,-0.0,224.28,65847.99,-1
2021-10-04,2021-10-04 12:10:00,293.07,293.07,293.07,293.07,0.0,224.28,65847.99,0
2021-10-04,2021-10-04 12:20:00,293.07,293.07,293.06,293.06,-0.0,224.28,65847.99,-1
2021-10-04,2021-10-04 12:30:00,293.06,293.06,293.06,293.06,0.0,224.28,65847.99,0
2021-10-04,2021-10-04 12:40:00,293.06,293.06,293.05,293.05,-0.0,224.28,65847.99,-1
2021-10-04,2021-10-04 12:50:00,293.05,293.05,293.05,293.05,0.0,224.28,65847.99,0
2021-10-04,2021-10-04 13:00:00,293.05,304.0,280.0,293.05,0.0,224.28,65847.99,0
2021-10-04,2021-10-04 13:10:00,293.05,293.05,293.04,293.04,-0.0,224.28,65847.99,-1
2021-10-04,2021-10-04 13:20:00,293.04,293.04,293.04,293.04,0.0,224.28,65847.99,0
2021-10-04,2021-10-04 13:30:00,293.04,293.04,293.03,293.03,-0.0,224.28,65847.99,-1
2021-10-04,2021-10-04 13:40:00,293.03,293.03,293.03,293.03,0.0,224.28,65847.99,0
2021-10-04,2021-10-04 13:50:00,293.03,293.03,293.02,293.02,-0.0,224.28,65847.99,-1
2021-10-04,2021-10-04 14:00:00,293.02,293.02,293.02,293.02,0.0,224.28,65847.99,0
2021-10-04,2021-10-04 14:10:00,293.02,293.02,293.02,293.02,0.0,224.28,65847.99,0
2021-10-04,2021-10-04 14:20:00,293.02,293.02,293.01,293.01,-0.0,224.28,65847.99,-1
2021-10-04,2021-10-04 14:30:00,293.01,293.01,293.01,293.01,0.0,224.28,65847.99,0
2021-10-04,2021-10-04 14:40:00,293.01,293.01,293.0,293.0,-0.0,224.28,65847.99,-1
2021-10-04,2021-10-04 14:50:00,293.0,293.0,293.0,293.0,0.0,224.28,65847.99,0
2021-10-04,2021-10-04 15:00:00,293.0,304.0,280.0,293.0,0.0,224.28,65847.99,0
2021-10-05,2021-10-05 11:00:00,287.2,294.64,287.2,287.86,0.23,220.44,66234.54,1
2021-10-05,2021-10-05 11:10:00,287.86,288.52,287.86,288.52,0.23,220.44,66234.54,1
2021-10-05,2021-10-05 11:20:00,288.52,289.18,288.52,289.18,0.23,220.44,66234.54,1
2021-10-05,2021-10-05 11:30:00,289.18,289.83,289.18,289.83,0.22,220.44,66234.54,1
2021-10-05,2021-10-05 11:40:00,289.83,290.49,289.83,290.49,0.23,220.44,66234.54,1
2021-10-05,2021-10-05 11:50:00,290.49,291.15,290.49,291.15,0.23,220.44,66234.54,1
2021-10-05,2021-10-05 12:00:00,291.15,291.81,291.15,291.81,0.23,220.44,66234.54,1
2021-10-05,2021-10-05 12:10:00,291.81,292.47,291.81,292.47,0.23,220.44,66234.54,1
2021-10-05,2021-10-05 12:20:00,292.47,293.12,292.47,293.12,0.22,220.44,66234.54,1
2021-10-05,2021-10-05 12:30:00,293.12,293.78,293.12,293.78,0.23,220.44,66234.54,1
2021-10-05,2021-10-05 12:40:00,293.78,294.44,293.78,294.44,0.22,220.44,66234.54,1
2021-10-05,2021-10-05 12:50:00,294.44,295.1,294.44,295.1,0.22,220.44,66234.54,1
2021-10-05,2021-10-05 13:00:00,295.1,312.0,287.2,295.76,0.22,220.44,66234.54,1
2021-10-05,2021-10-05 13:10:00,295.76,296.42,295.76,296.42,0.22,220.44,66234.54,1
2021-10-05,2021-10-05 13:20:00,296.42,297.07,296.42,297.07,0.22,220.44,66234.54,1
2021-10-05,2021-10-05 13:30:00,297.07,297.73,297.07,297.73,0.22,220.44,66234.54,1
2021-10-05,2021-10-05 13:40:00,297.73,298.39,297.73,298.39,0.22,220.44,66234.54,1
2021-10-05,2021-10-05 13:50:00,298.39,299.05,298.39,299.05,0.22,220.44,66234.54,1
2021-10-05,2021-10-05 14:00:00,299.05,299.71,299.05,299.71,0.22,220.44,66234.54,1
2021-10-05,2021-10-05 14:10:00,299.71,300.37,299.71,300.37,0.22,220.44,66234.54,1
2021-10-05,2021-10-05 14:20:00,300.37,301.02,300.37,301.02,0.22,220.44,66234.54,1
2021-10-05,2021-10-05 14:30:00,301.02,301.68,301.02,301.68,0.22,220.44,66234.54,1
2021-10-05,2021-10-05 14:40:00,301.68,302.34,301.68,302.34,0.22,220.44,66234.54,1
2021-10-05,2021-10-05 14:50:00,302.34,303.0,302.34,303.0,0.22,220.44,66234.54,1
2021-10-05,2021-10-05 15:00:00,303.0,312.0,287.2,303.0,0.0,220.44,66234.54,0
2021-10-06,2021-10-06 11:00:00,309.0,311.55,307.5,309.12,0.04,237.96,74163.61,1
2021-10-06,2021-10-06 11:10:00,309.12,309.25,309.12,309.25,0.04,237.96,74163.61,1
2021-10-06,2021-10-06 11:20:00,309.25,309.38,309.25,309.38,0.04,237.96,74163.61,1
2021-10-06,2021-10-06 11:30:00,309.38,309.5,309.38,309.5,0.04,237.96,74163.61,1
2021-10-06,2021-10-06 11:40:00,309.5,309.62,309.5,309.62,0.04,237.96,74163.61,1
2021-10-06,2021-10-06 11:50:00,309.62,309.75,309.62,309.75,0.04,237.96,74163.61,1
2021-10-06,2021-10-06 12:00:00,309.75,309.88,309.75,309.88,0.04,237.96,74163.61,1
2021-10-06,2021-10-06 12:10:00,309.88,310.0,309.88,310.0,0.04,237.96,74163.61,1
2021-10-06,2021-10-06 12:20:00,310.0,310.12,310.0,310.12,0.04,237.96,74163.61,1
2021-10-06,2021-10-06 12:30:00,310.12,310.25,310.12,310.25,0.04,237.96,74163.61,1
2021-10-06,2021-10-06 12:40:00,310.25,310.38,310.25,310.38,0.04,237.96,74163.61,1
2021-10-06,2021-10-06 12:50:00,310.38,310.5,310.38,310.5,0.04,237.96,74163.61,1
2021-10-06,2021-10-06 13:00:00,310.5,317.5,304.0,310.62,0.04,237.96,74163.61,1
2021-10-06,2021-10-06 13:10:00,310.62,310.75,310.62,310.75,0.04,237.96,74163.61,1
2021-10-06,2021-10-06 13:20:00,310.75,310.88,310.75,310.88,0.04,237.96,74163.61,1
2021-10-06,2021-10-06 13:30:00,310.88,311.0,310.88,311.0,0.04,237.96,74163.61,1
2021-10-06,2021-10-06 13:40:00,311.0,311.12,311.0,311.12,0.04,237.96,74163.61,1
2021-10-06,2021-10-06 13:50:00,311.12,311.25,311.12,311.25,0.04,237.96,74163.61,1
2021-10-06,2021-10-06 14:00:00,311.25,311.38,311.25,311.38,0.04,237.96,74163.61,1
2021-10-06,2021-10-06 14:10:00,311.38,311.5,311.38,311.5,0.04,237.96,74163.61,1
2021-10-06,2021-10-06 14:20:00,311.5,311.62,311.5,311.62,0.04,237.96,74163.61,1
2021-10-06,2021-10-06 14:30:00,311.62,311.75,311.62,311.75,0.04,237.96,74163.61,1
2021-10-06,2021-10-06 14:40:00,311.75,311.88,311.75,311.88,0.04,237.96,74163.61,1
2021-10-06,2021-10-06 14:50:00,311.88,312.0,311.88,312.0,0.04,237.96,74163.61,1
2021-10-06,2021-10-06 15:00:00,312.0,317.5,304.0,312.0,0.0,237.96,74163.61,0
2021-10-10,2021-10-10 11:00:00,315.0,318.72,311.07,314.5,-0.16,196.88,61452.88,-1
2021-10-10,2021-10-10 11:10:00,314.5,314.5,314.0,314.0,-0.16,196.88,61452.88,-1
2021-10-10,2021-10-10 11:20:00,314.0,314.0,313.5,313.5,-0.16,196.88,61452.88,-1
2021-10-10,2021-10-10 11:30:00,313.5,313.5,313.0,313.0,-0.16,196.88,61452.88,-1
2021-10-10,2021-10-10 11:40:00,313.0,313.0,312.5,312.5,-0.16,196.88,61452.88,-1
2021-10-10,2021-10-10 11:50:00,312.5,312.5,312.0,312.0,-0.16,196.88,61452.88,-1
2021-10-10,2021-10-10 12:00:00,312.0,312.0,311.5,311.5,-0.16,196.88,61452.88,-1
2021-10-10,2021-10-10 12:10:00,311.5,311.5,311.0,311.0,-0.16,196.88,61452.88,-1
2021-10-10,2021-10-10 12:20:00,311.0,311.0,310.5,310.5,-0.16,196.88,61452.88,-1
2021-10-10,2021-10-10 12:30:00,310.5,310.5,310.0,310.0,-0.16,196.88,61452.88,-1
2021-10-10,2021-10-10 12:40:00,310.0,310.0,309.5,309.5,-0.16,196.88,61452.88,-1
2021-10-10,2021-10-10 12:50:00,309.5,309.5,309.0,309.0,-0.16,196.88,61452.88,-1
2021-10-10,2021-10-10 13:00:00,309.0,327.4,301.9,308.5,-0.16,196.88,61452.88,-1
2021-10-10,2021-10-10 13:10:00,308.5,308.5,308.0,308.0,-0.16,196.88,61452.88,-1
2021-10-10,2021-10-10 13:20:00,308.0,308.0,307.5,307.5,-0.16,196.88,61452.88,-1
2021-10-10,2021-10-10 13:30:00,307.5,307.5,307.0,307.0,-0.16,196.88,61452.88,-1
2021-10-10,2021-10-10 13:40:00,307.0,307.0,306.5,306.5,-0.16,196.88,61452.88,-1
2021-10-10,2021-10-10 13:50:00,306.5,306.5,306.0,306.0,-0.16,196.88,61452.88,-1
2021-10-10,2021-10-10 14:00:00,306.0,306.0,305.5,305.5,-0.16,196.88,61452.88,-1
2021-10-10,2021-10-10 14:10:00,305.5,305.5,305.0,305.0,-0.16,196.88,61452.88,-1
2021-10-10,2021-10-10 14:20:00,305.0,305.0,304.5,304.5,-0.16,196.88,61452.88,-1
2021-10-10,2021-10-10 14:30:00,304.5,304.5,304.0,304.0,-0.16,196.88,61452.88,-1
2021-10-10,2021-10-10 14:40:00,304.0,304.0,303.5,303.5,-0.16,196.88,61452.88,-1
2021-10-10,2021-10-10 14:50:00,303.5,303.5,303.0,303.0,-0.16,196.88,61452.88,-1
2021-10-10,2021-10-10 15:00:00,303.0,327.4,301.9,303.0,0.0,196.88,61452.88,0
2021-10-11,2021-10-11 11:00:00,297.0,300.3,297.0,297.33,0.11,119.4,36155.76,1
2021-10-11,2021-10-11 11:10:00,297.33,297.67,297.33,297.67,0.11,119.4,36155.76,1
2021-10-11,2021-10-11 11:20:00,297.67,298.0,297.67,298.0,0.11,119.4,36155.76,1
2021-10-11,2021-10-11 11:30:00,298.0,298.33,298.0,298.33,0.11,119.4,36155.76,1
2021-10-11,2021-10-11 11:40:00,298.33,298.67,298.33,298.67,0.11,119.4,36155.76,1
2021-10-11,2021-10-11 11:50:00,298.67,299.0,298.67,299.0,0.11,119.4,36155.76,1
2021-10-11,2021-10-11 12:00:00,299.0,299.33,299.0,299.33,0.11,119.4,36155.76,1
2021-10-11,2021-10-11 12:10:00,299.33,299.67,299.33,299.67,0.11,119.4,36155.76,1
2021-10-11,2021-10-11 12:20:00,299.67,300.0,299.67,300.0,0.11,119.4,36155.76,1
2021-10-11,2021-10-11 12:30:00,300.0,300.33,300.0,300.33,0.11,119.4,36155.76,1
2021-10-11,2021-10-11 12:40:00,300.33,300.67,300.33,300.67,0.11,119.4,36155.76,1
2021-10-11,2021-10-11 12:50:00,300.67,301.0,300.67,301.0,0.11,119.4,36155.76,1
2021-10-11,2021-10-11 13:00:00,301.0,308.0,297.0,301.33,0.11,119.4,36155.76,1
2021-10-11,2021-10-11 13:10:00,301.33,301.67,301.33,301.67,0.11,119.4,36155.76,1
2021-10-11,2021-10-11 13:20:00,301.67,302.0,301.67,302.0,0.11,119.4,36155.76,1
2021-10-11,2021-10-11 13:30:00,302.0,302.33,302.0,302.33,0.11,119.4,36155.76,1
2021-10-11,2021-10-11 13:40:00,302.33,302.67,302.33,302.67,0.11,119.4,36155.76,1
2021-10-11,2021-10-11 13:50:00,302.67,303.0,302.67,303.0,0.11,119.4,36155.76,1
2021-10-11,2021-10-11 14:00:00,303.0,303.33,303.0,303.33,0.11,119.4,36155.76,1
2021-10-11,2021-10-11 14:10:00,303.33,303.67,303.33,303.67,0.11,119.4,36155.76,1
2021-10-11,2021-10-11 14:20:00,303.67,304.0,303.67,304.0,0.11,119.4,36155.76,1
2021-10-11,2021-10-11 14:30:00,304.0,304.33,304.0,304.33,0.11,119.4,36155.76,1
2021-10-11,2021-10-11 14:40:00,304.33,304.67,304.33,304.67,0.11,119.4,36155.76,1
2021-10-11,2021-10-11 14:50:00,304.67,305.0,304.67,305.0,0.11,119.4,36155.76,1
2021-10-11,2021-10-11 15:00:00,305.0,308.0,297.0,305.0,0.0,119.4,36155.76,0
2021-10-17,2021-10-17 11:00:00,311.1,311.1,306.42,310.84,-0.08,34.4,10375.0,-1
2021-10-17,2021-10-17 11:10:00,310.84,310.84,310.58,310.58,-0.08,34.4,10375.0,-1
2021-10-17,2021-10-17 11:20:00,310.58,310.58,310.33,310.33,-0.08,34.4,10375.0,-1
2021-10-17,2021-10-17 11:30:00,310.33,310.33,310.07,310.07,-0.08,34.4,10375.0,-1
2021-10-17,2021-10-17 11:40:00,310.07,310.07,309.81,309.81,-0.08,34.4,10375.0,-1
2021-10-17,2021-10-17 11:50:00,309.81,309.81,309.55,309.55,-0.08,34.4,10375.0,-1
2021-10-17,2021-10-17 12:00:00,309.55,309.55,309.29,309.29,-0.08,34.4,10375.0,-1
2021-10-17,2021-10-17 12:10:00,309.29,309.29,309.03,309.03,-0.08,34.4,10375.0,-1
2021-10-17,2021-10-17 12:20:00,309.03,309.03,308.77,308.77,-0.08,34.4,10375.0,-1
2021-10-17,2021-10-17 12:30:00,308.77,308.77,308.52,308.52,-0.08,34.4,10375.0,-1
2021-10-17,2021-10-17 12:40:00,308.52,308.52,308.26,308.26,-0.08,34.4,10375.0,-1
2021-10-17,2021-10-17 12:50:00,308.26,308.26,308.0,308.0,-0.08,34.4,10375.0,-1
2021-10-17,2021-10-17 13:00:00,308.0,311.1,295.5,307.74,-0.08,34.4,10375.0,-1
2021-10-17,2021-10-17 13:10:00,307.74,307.74,307.48,307.48,-0.08,34.4,10375.0,-1
2021-10-17,2021-10-17 13:20:00,307.48,307.48,307.23,307.23,-0.08,34.4,10375.0,-1
2021-10-17,2021-10-17 13:30:00,307.23,307.23,306.97,306.97,-0.08,34.4,10375.0,-1
2021-10-17,2021-10-17 13:40:00,306.97,306.97,306.71,306.71,-0.08,34.4,10375.0,-1
2021-10-17,2021-10-17 13:50:00,306.71,306.71,306.45,306.45,-0.08,34.4,10375.0,-1
2021-10-17,2021-10-17 14:00:00,306.45,306.45,306.19,306.19,-0.08,34.4,10375.0,-1
2021-10-17,2021-10-17 14:10:00,306.19,306.19,305.93,305.93,-0.08,34.4,10375.0,-1
2021-10-17,2021-10-17 14:20:00,305.93,305.93,305.67,305.67,-0.08,34.4,10375.0,-1
2021-10-17,2021-10-17 14:30:00,305.67,305.67,305.42,305.42,-0.08,34.4,10375.0,-1
2021-10-17,2021-10-17 14:40:00,305.42,305.42,305.16,305.16,-0.09,34.4,10375.0,-1
2021-10-17,2021-10-17 14:50:00,305.16,305.16,304.9,304.9,-0.09,34.4,10375.0,-1
2021-10-17,2021-10-17 15:00:00,304.9,311.1,295.5,304.9,0.0,34.4,10375.0,0
2021-10-18,2021-10-18 11:00:00,301.0,301.0,299.2,300.79,-0.07,119.8,35668.76,-1
2021-10-18,2021-10-18 11:10:00,300.79,300.79,300.58,300.58,-0.07,119.8,35668.76,-1
2021-10-18,2021-10-18 11:20:00,300.58,300.58,300.38,300.38,-0.07,119.8,35668.76,-1
2021-10-18,2021-10-18 11:30:00,300.38,300.38,300.17,300.17,-0.07,119.8,35668.76,-1
2021-10-18,2021-10-18 11:40:00,300.17,300.17,299.96,299.96,-0.07,119.8,35668.76,-1
2021-10-18,2021-10-18 11:50:00,299.96,299.96,299.75,299.75,-0.07,119.8,35668.76,-1
2021-10-18,2021-10-18 12:00:00,299.75,299.75,299.54,299.54,-0.07,119.8,35668.76,-1
2021-10-18,2021-10-18 12:10:00,299.54,299.54,299.33,299.33,-0.07,119.8,35668.76,-1
2021-10-18,2021-10-18 12:20:00,299.33,299.33,299.12,299.12,-0.07,119.8,35668.76,-1
2021-10-18,2021-10-18 12:30:00,299.12,299.12,298.92,298.92,-0.07,119.8,35668.76,-1
2021-10-18,2021-10-18 12:40:00,298.92,298.92,298.71,298.71,-0.07,119.8,35668.76,-1
2021-10-18,2021-10-18 12:50:00,298.71,298.71,298.5,298.5,-0.07,119.8,35668.76,-1
2021-10-18,2021-10-18 13:00:00,298.5,301.0,295.0,298.29,-0.07,119.8,35668.76,-1
2021-10-18,2021-10-18 13:10:00,298.29,298.29,298.08,298.08,-0.07,119.8,35668.76,-1
2021-10-18,2021-10-18 13:20:00,298.08,298.08,297.88,297.88,-0.07,119.8,35668.76,-1
2021-10-18,2021-10-18 13:30:00,297.88,297.88,297.67,297.67,-0.07,119.8,35668.76,-1
2021-10-18,2021-10-18 13:40:00,297.67,297.67,297.46,297.46,-0.07,119.8,35668.76,-1
2021-10-18,2021-10-18 13:50:00,297.46,297.46,297.25,297.25,-0.07,119.8,35668.76,-1
2021-10-18,2021-10-18 14:00:00,297.25,297.25,297.04,297.04,-0.07,119.8,35668.76,-1
2021-10-18,2021-10-18 14:10:00,297.04,297.04,296.83,296.83,-0.07,119.8,35668.76,-1
2021-10-18,2021-10-18 14:20:00,296.83,296.83,296.62,296.62,-0.07,119.8,35668.76,-1
2021-10-18,2021-10-18 14:30:00,296.62,296.62,296.42,296.42,-0.07,119.8,35668.76,-1
2021-10-18,2021-10-18 14:40:00,296.42,296.42,296.21,296.21,-0.07,119.8,35668.76,-1
2021-10-18,2021-10-18 14:50:00,296.21,296.21,296.0,296.0,-0.07,119.8,35668.76,-1
2021-10-18,2021-10-18 15:00:00,296.0,301.0,295.0,296.0,0.0,119.8,35668.76,0
2021-10-19,2021-10-19 11:00:00,290.1,290.1,285.21,289.93,-0.06,201.36,56411.94,-1
2021-10-19,2021-10-19 11:10:00,289.93,289.93,289.76,289.76,-0.06,201.36,56411.94,-1
2021-10-19,2021-10-19 11:20:00,289.76,289.76,289.59,289.59,-0.06,201.36,56411.94,-1
2021-10-19,2021-10-19 11:30:00,289.59,289.59,289.42,289.42,-0.06,201.36,56411.94,-1
2021-10-19,2021-10-19 11:40:00,289.42,289.42,289.25,289.25,-0.06,201.36,56411.94,-1
2021-10-19,2021-10-19 11:50:00,289.25,289.25,289.08,289.08,-0.06,201.36,56411.94,-1
2021-10-19,2021-10-19 12:00:00,289.08,289.08,288.9,288.9,-0.06,201.36,56411.94,-1
2021-10-19,2021-10-19 12:10:00,288.9,288.9,288.73,288.73,-0.06,201.36,56411.94,-1
2021-10-19,2021-10-19 12:20:00,288.73,288.73,288.56,288.56,-0.06,201.36,56411.94,-1
2021-10-19,2021-10-19 12:30:00,288.56,288.56,288.39,288.39,-0.06,201.36,56411.94,-1
2021-10-19,2021-10-19 12:40:00,288.39,288.39,288.22,288.22,-0.06,201.36,56411.94,-1
2021-10-19,2021-10-19 12:50:00,288.22,288.22,288.05,288.05,-0.06,201.36,56411.94,-1
2021-10-19,2021-10-19 13:00:00,288.05,290.1,273.8,287.88,-0.06,201.36,56411.94,-1
2021-10-19,2021-10-19 13:10:00,287.88,287.88,287.71,287.71,-0.06,201.36,56411.94,-1
2021-10-19,2021-10-19 13:20:00,287.71,287.71,287.54,287.54,-0.06,201.36,56411.94,-1
2021-10-19,2021-10-19 13:30:00,287.54,287.54,287.37,287.37,-0.06,201.36,56411.94,-1
2021-10-19,2021-10-19 13:40:00,287.37,287.37,287.2,287.2,-0.06,201.36,56411.94,-1
2021-10-19,2021-10-19 13:50:00,287.2,287.2,287.02,287.02,-0.06,201.36,56411.94,-1
2021-10-19,2021-10-19 14:00:00,287.02,287.02,286.85,286.85,-0.06,201.36,56411.94,-1
2021-10-19,2021-10-19 14:10:00,286.85,286.85,286.68,286.68,-0.06,201.36,56411.94,-1
2021-10-19,2021-10-19 14:20:00,286.68,286.68,286.51,286.51,-0.06,201.36,56411.94,-1
2021-10-19,2021-10-19 14:30:00,286.51,286.51,286.34,286.34,-0.06,201.36,56411.94,-1
2021-10-19,2021-10-19 14:40:00,286.34,286.34,286.17,286.17,-0.06,201.36,56411.94,-1
2021-10-19,2021-10-19 14:50:00,286.17,286.17,286.0,286.0,-0.06,201.36,56411.94,-1
2021-10-19,2021-10-19 15:00:00,286.0,290.1,273.8,286.0,0.0,201.36,56411.94,0
2021-10-20,2021-10-20 11:00:00,286.0,291.4,286.0,286.57,0.2,108.04,32184.2,1
2021-10-20,2021-10-20 11:10:00,286.57,287.13,286.57,287.13,0.2,108.04,32184.2,1
2021-10-20,2021-10-20 11:20:00,287.13,287.7,287.13,287.7,0.2,108.04,32184.2,1
2021-10-20,2021-10-20 11:30:00,287.7,288.27,287.7,288.27,0.2,108.04,32184.2,1
2021-10-20,2021-10-20 11:40:00,288.27,288.83,288.27,288.83,0.19,108.04,32184.2,1
2021-10-20,2021-10-20 11:50:00,288.83,289.4,288.83,289.4,0.2,108.04,32184.2,1
2021-10-20,2021-10-20 12:00:00,289.4,289.97,289.4,289.97,0.2,108.04,32184.2,1
2021-10-20,2021-10-20 12:10:00,289.97,290.53,289.97,290.53,0.19,108.04,32184.2,1
2021-10-20,2021-10-20 12:20:00,290.53,291.1,290.53,291.1,0.2,108.04,32184.2,1
2021-10-20,2021-10-20 12:30:00,291.1,291.67,291.1,291.67,0.2,108.04,32184.2,1
2021-10-20,2021-10-20 12:40:00,291.67,292.23,291.67,292.23,0.19,108.04,32184.2,1
2021-10-20,2021-10-20 12:50:00,292.23,292.8,292.23,292.8,0.2,108.04,32184.2,1
2021-10-20,2021-10-20 13:00:00,292.8,304.0,286.0,293.37,0.19,108.04,32184.2,1
2021-10-20,2021-10-20 13:10:00,293.37,293.93,293.37,293.93,0.19,108.04,32184.2,1
2021-10-20,2021-10-20 13:20:00,293.93,294.5,293.93,294.5,0.19,108.04,32184.2,1
2021-10-20,2021-10-20 13:30:00,294.5,295.07,294.5,295.07,0.19,108.04,32184.2,1
2021-10-20,2021-10-20 13:40:00,295.07,295.63,295.07,295.63,0.19,108.04,32184.2,1
2021-10-20,2021-10-20 13:50:00,295.63,296.2,295.63,296.2,0.19,108.04,32184.2,1
2021-10-20,2021-10-20 14:00:00,296.2,296.77,296.2,296.77,0.19,108.04,32184.2,1
2021-10-20,2021-10-20 14:10:00,296.77,297.33,296.77,297.33,0.19,108.04,32184.2,1
2021-10-20,2021-10-20 14:20:00,297.33,297.9,297.33,297.9,0.19,108.04,32184.2,1
2021-10-20,2021-10-20 14:30:00,297.9,298.47,297.9,298.47,0.19,108.04,32184.2,1
2021-10-20,2021-10-20 14:40:00,298.47,299.03,298.47,299.03,0.19,108.04,32184.2,1
2021-10-20,2021-10-20 14:50:00,299.03,299.6,299.03,299.6,0.19,108.04,32184.2,1
2021-10-20,2021-10-20 15:00:00,299.6,304.0,286.0,299.6,0.0,108.04,32184.2,0
2021-10-21,2021-10-21 11:00:00,305.5,307.33,298.45,304.52,-0.32,220.04,64443.88,-1
2021-10-21,2021-10-21 11:10:00,304.52,304.52,303.54,303.54,-0.32,220.04,64443.88,-1
2021-10-21,2021-10-21 11:20:00,303.54,303.54,302.56,302.56,-0.32,220.04,64443.88,-1
2021-10-21,2021-10-21 11:30:00,302.56,302.56,301.58,301.58,-0.32,220.04,64443.88,-1
2021-10-21,2021-10-21 11:40:00,301.58,301.58,300.6,300.6,-0.32,220.04,64443.88,-1
2021-10-21,2021-10-21 11:50:00,300.6,300.6,299.62,299.62,-0.33,220.04,64443.88,-1
2021-10-21,2021-10-21 12:00:00,299.62,299.62,298.65,298.65,-0.32,220.04,64443.88,-1
2021-10-21,2021-10-21 12:10:00,298.65,298.65,297.67,297.67,-0.33,220.04,64443.88,-1
2021-10-21,2021-10-21 12:20:00,297.67,297.67,296.69,296.69,-0.33,220.04,64443.88,-1
2021-10-21,2021-10-21 12:30:00,296.69,296.69,295.71,295.71,-0.33,220.04,64443.88,-1
2021-10-21,2021-10-21 12:40:00,295.71,295.71,294.73,294.73,-0.33,220.04,64443.88,-1
2021-10-21,2021-10-21 12:50:00,294.73,294.73,293.75,293.75,-0.33,220.04,64443.88,-1
2021-10-21,2021-10-21 13:00:00,293.75,311.6,282.0,292.77,-0.33,220.04,64443.88,-1
2021-10-21,2021-10-21 13:10:00,292.77,292.77,291.79,291.79,-0.33,220.04,64443.88,-1
2021-10-21,2021-10-21 13:20:00,291.79,291.79,290.81,290.81,-0.34,220.04,64443.88,-1
2021-10-21,2021-10-21 13:30:00,290.81,290.81,289.83,289.83,-0.34,220.04,64443.88,-1
2021-10-21,2021-10-21 13:40:00,289.83,289.83,288.85,288.85,-0.34,220.04,64443.88,-1
2021-10-21,2021-10-21 13:50:00,288.85,288.85,287.88,287.88,-0.34,220.04,64443.88,-1
2021-10-21,2021-10-21 14:00:00,287.88,287.88,286.9,286.9,-0.34,220.04,64443.88,-1
2021-10-21,2021-10-21 14:10:00,286.9,286.9,285.92,285.92,-0.34,220.04,64443.88,-1
2021-10-21,2021-10-21 14:20:00,285.92,285.92,284.94,284.94,-0.34,220.04,64443.88,-1
2021-10-21,2021-10-21 14:30:00,284.94,284.94,283.96,283.96,-0.34,220.04,64443.88,-1
2021-10-21,2021-10-21 14:40:00,283.96,283.96,282.98,282.98,-0.35,220.04,64443.88,-1
2021-10-21,2021-10-21 14:50:00,282.98,282.98,282.0,282.0,-0.35,220.04,64443.88,-1
2021-10-21,2021-10-21 15:00:00,282.0,311.6,282.0,282.0,0.0,220.04,64443.88,0
2021-10-24,2021-10-24 11:00:00,282.0,286.44,282.0,282.57,0.2,147.48,42745.84,1
2021-10-24,2021-10-24 11:10:00,282.57,283.15,282.57,283.15,0.21,147.48,42745.84,1
2021-10-24,2021-10-24 11:20:00,283.15,283.73,283.15,283.73,0.2,147.48,42745.84,1
2021-10-24,2021-10-24 11:30:00,283.73,284.3,283.73,284.3,0.2,147.48,42745.84,1
2021-10-24,2021-10-24 11:40:00,284.3,284.88,284.3,284.88,0.2,147.48,42745.84,1
2021-10-24,2021-10-24 11:50:00,284.88,285.45,284.88,285.45,0.2,147.48,42745.84,1
2021-10-24,2021-10-24 12:00:00,285.45,286.02,285.45,286.02,0.2,147.48,42745.84,1
2021-10-24,2021-10-24 12:10:00,286.02,286.6,286.02,286.6,0.2,147.48,42745.84,1
2021-10-24,2021-10-24 12:20:00,286.6,287.18,286.6,287.18,0.2,147.48,42745.84,1
2021-10-24,2021-10-24 12:30:00,287.18,287.75,287.18,287.75,0.2,147.48,42745.84,1
2021-10-24,2021-10-24 12:40:00,287.75,288.32,287.75,288.32,0.2,147.48,42745.84,1
2021-10-24,2021-10-24 12:50:00,288.32,288.9,288.32,288.9,0.2,147.48,42745.84,1
2021-10-24,2021-10-24 13:00:00,288.9,296.8,282.0,289.48,0.2,147.48,42745.84,1
2021-10-24,2021-10-24 13:10:00,289.48,290.05,289.48,290.05,0.2,147.48,42745.84,1
2021-10-24,2021-10-24 13:20:00,290.05,290.62,290.05,290.62,0.2,147.48,42745.84,1
2021-10-24,2021-10-24 13:30:00,290.62,291.2,290.62,291.2,0.2,147.48,42745.84,1
2021-10-24,2021-10-24 13:40:00,291.2,291.78,291.2,291.78,0.2,147.48,42745.84,1
2021-10-24,2021-10-24 13:50:00,291.78,292.35,291.78,292.35,0.2,147.48,42745.84,1
2021-10-24,2021-10-24 14:00:00,292.35,292.93,292.35,292.93,0.2,147.48,42745.84,1
2021-10-24,2021-10-24 14:10:00,292.93,293.5,292.93,293.5,0.19,147.48,42745.84,1
2021-10-24,2021-10-24 14:20:00,293.5,294.07,293.5,294.07,0.19,147.48,42745.84,1
2021-10-24,2021-10-24 14:30:00,294.07,294.65,294.07,294.65,0.2,147.48,42745.84,1
2021-10-24,2021-10-24 14:40:00,294.65,295.23,294.65,295.23,0.2,147.48,42745.84,1
2021-10-24,2021-10-24 14:50:00,295.23,295.8,295.23,295.8,0.19,147.48,42745.84,1
2021-10-24,2021-10-24 15:00:00,295.8,296.8,282.0,295.8,0.0,147.48,42745.84,0
2021-10-25,2021-10-25 11:00:00,293.0,302.69,293.0,294.33,0.45,412.28,129446.41,1
2021-10-25,2021-10-25 11:10:00,294.33,295.67,294.33,295.67,0.46,412.28,129446.41,1
2021-10-25,2021-10-25 11:20:00,295.67,297.0,295.67,297.0,0.45,412.28,129446.41,1
2021-10-25,2021-10-25 11:30:00,297.0,298.33,297.0,298.33,0.45,412.28,129446.41,1
2021-10-25,2021-10-25 11:40:00,298.33,299.67,298.33,299.67,0.45,412.28,129446.41,1
2021-10-25,2021-10-25 11:50:00,299.67,301.0,299.67,301.0,0.44,412.28,129446.41,1
2021-10-25,2021-10-25 12:00:00,301.0,302.33,301.0,302.33,0.44,412.28,129446.41,1
2021-10-25,2021-10-25 12:10:00,302.33,303.67,302.33,303.67,0.44,412.28,129446.41,1
2021-10-25,2021-10-25 12:20:00,303.67,305.0,303.67,305.0,0.44,412.28,129446.41,1
2021-10-25,2021-10-25 12:30:00,305.0,306.33,305.0,306.33,0.44,412.28,129446.41,1
2021-10-25,2021-10-25 12:40:00,306.33,307.67,306.33,307.67,0.44,412.28,129446.41,1
2021-10-25,2021-10-25 12:50:00,307.67,309.0,307.67,309.0,0.43,412.28,129446.41,1
2021-10-25,2021-10-25 13:00:00,309.0,325.3,293.0,310.33,0.43,412.28,129446.41,1
2021-10-25,2021-10-25 13:10:00,310.33,311.67,310.33,311.67,0.43,412.28,129446.41,1
2021-10-25,2021-10-25 13:20:00,311.67,313.0,311.67,313.0,0.43,412.28,129446.41,1
2021-10-25,2021-10-25 13:30:00,313.0,314.33,313.0,314.33,0.42,412.28,129446.41,1
2021-10-25,2021-10-25 13:40:00,314.33,315.67,314.33,315.67,0.43,412.28,129446.41,1
2021-10-25,2021-10-25 13:50:00,315.67,317.0,315.67,317.0,0.42,412.28,129446.41,1
2021-10-25,2021-10-25 14:00:00,317.0,318.33,317.0,318.33,0.42,412.28,129446.41,1
2021-10-25,2021-10-25 14:10:00,318.33,319.67,318.33,319.67,0.42,412.28,129446.41,1
2021-10-25,2021-10-25 14:20:00,319.67,321.0,319.67,321.0,0.42,412.28,129446.41,1
2021-10-25,2021-10-25 14:30:00,321.0,322.33,321.0,322.33,0.41,412.28,129446.41,1
2021-10-25,2021-10-25 14:40:00,322.33,323.67,322.33,323.67,0.42,412.28,129446.41,1
2021-10-25,2021-10-25 14:50:00,323.67,325.0,323.67,325.0,0.41,412.28,129446.41,1
2021-10-25,2021-10-25 15:00:00,325.0,325.3,293.0,325.0,0.0,412.28,129446.41,0
2021-10-26,2021-10-26 11:00:00,331.5,339.15,331.5,332.52,0.31,507.44,178824.24,1
2021-10-26,2021-10-26 11:10:00,332.52,333.54,332.52,333.54,0.31,507.44,178824.24,1
2021-10-26,2021-10-26 11:20:00,333.54,334.56,333.54,334.56,0.31,507.44,178824.24,1
2021-10-26,2021-10-26 11:30:00,334.56,335.58,334.56,335.58,0.3,507.44,178824.24,1
2021-10-26,2021-10-26 11:40:00,335.58,336.6,335.58,336.6,0.3,507.44,178824.24,1
2021-10-26,2021-10-26 11:50:00,336.6,337.62,336.6,337.62,0.3,507.44,178824.24,1
2021-10-26,2021-10-26 12:00:00,337.62,338.65,337.62,338.65,0.31,507.44,178824.24,1
2021-10-26,2021-10-26 12:10:00,338.65,339.67,338.65,339.67,0.3,507.44,178824.24,1
2021-10-26,2021-10-26 12:20:00,339.67,340.69,339.67,340.69,0.3,507.44,178824.24,1
2021-10-26,2021-10-26 12:30:00,340.69,341.71,340.69,341.71,0.3,507.44,178824.24,1
2021-10-26,2021-10-26 12:40:00,341.71,342.73,341.71,342.73,0.3,507.44,178824.24,1
2021-10-26,2021-10-26 12:50:00,342.73,343.75,342.73,343.75,0.3,507.44,178824.24,1
2021-10-26,2021-10-26 13:00:00,343.75,357.0,331.5,344.77,0.3,507.44,178824.24,1
2021-10-26,2021-10-26 13:10:00,344.77,345.79,344.77,345.79,0.3,507.44,178824.24,1
2021-10-26,2021-10-26 13:20:00,345.79,346.81,345.79,346.81,0.29,507.44,178824.24,1
2021-10-26,2021-10-26 13:30:00,346.81,347.83,346.81,347.83,0.29,507.44,178824.24,1
2021-10-26,2021-10-26 13:40:00,347.83,348.85,347.83,348.85,0.29,507.44,178824.24,1
2021-10-26,2021-10-26 13:50:00,348.85,349.88,348.85,349.88,0.3,507.44,178824.24,1
2021-10-26,2021-10-26 14:00:00,349.88,350.9,349.88,350.9,0.29,507.44,178824.24,1
2021-10-26,2021-10-26 14:10:00,350.9,351.92,350.9,351.92,0.29,507.44,178824.24,1
2021-10-26,2021-10-26 14:20:00,351.92,352.94,351.92,352.94,0.29,507.44,178824.24,1
2021-10-26,2021-10-26 14:30:00,352.94,353.96,352.94,353.96,0.29,507.44,178824.24,1
2021-10-26,2021-10-26 14:40:00,353.96,354.98,353.96,354.98,0.29,507.44,178824.24,1
2021-10-26,2021-10-26 14:50:00,354.98,356.0,354.98,356.0,0.29,507.44,178824.24,1
2021-10-26,2021-10-26 15:00:00,356.0,357.0,331.5,356.0,0.0,507.44,178824.24,0
2021-10-27,2021-10-27 11:00:00,363.1,363.22,355.87,362.76,-0.09,456.76,162500.12,-1
2021-10-27,2021-10-27 11:10:00,362.76,362.76,362.43,362.43,-0.09,456.76,162500.12,-1
2021-10-27,2021-10-27 11:20:00,362.43,362.43,362.09,362.09,-0.09,456.76,162500.12,-1
2021-10-27,2021-10-27 11:30:00,362.09,362.09,361.75,361.75,-0.09,456.76,162500.12,-1
2021-10-27,2021-10-27 11:40:00,361.75,361.75,361.41,361.41,-0.09,456.76,162500.12,-1
2021-10-27,2021-10-27 11:50:00,361.41,361.41,361.08,361.08,-0.09,456.76,162500.12,-1
2021-10-27,2021-10-27 12:00:00,361.08,361.08,360.74,360.74,-0.09,456.76,162500.12,-1
2021-10-27,2021-10-27 12:10:00,360.74,360.74,360.4,360.4,-0.09,456.76,162500.12,-1
2021-10-27,2021-10-27 12:20:00,360.4,360.4,360.06,360.06,-0.09,456.76,162500.12,-1
2021-10-27,2021-10-27 12:30:00,360.06,360.06,359.73,359.73,-0.09,456.76,162500.12,-1
2021-10-27,2021-10-27 12:40:00,359.73,359.73,359.39,359.39,-0.09,456.76,162500.12,-1
2021-10-27,2021-10-27 12:50:00,359.39,359.39,359.05,359.05,-0.09,456.76,162500.12,-1
2021-10-27,2021-10-27 13:00:00,359.05,363.5,339.0,358.71,-0.09,456.76,162500.12,-1
2021-10-27,2021-10-27 13:10:00,358.71,358.71,358.38,358.38,-0.09,456.76,162500.12,-1
2021-10-27,2021-10-27 13:20:00,358.38,358.38,358.04,358.04,-0.09,456.76,162500.12,-1
2021-10-27,2021-10-27 13:30:00,358.04,358.04,357.7,357.7,-0.09,456.76,162500.12,-1
2021-10-27,2021-10-27 13:40:00,357.7,357.7,357.36,357.36,-0.1,456.76,162500.12,-1
2021-10-27,2021-10-27 13:50:00,357.36,357.36,357.02,357.02,-0.1,456.76,162500.12,-1
2021-10-27,2021-10-27 14:00:00,357.02,357.02,356.69,356.69,-0.09,456.76,162500.12,-1
2021-10-27,2021-10-27 14:10:00,356.69,356.69,356.35,356.35,-0.1,456.76,162500.12,-1
2021-10-27,2021-10-27 14:20:00,356.35,356.35,356.01,356.01,-0.1,456.76,162500.12,-1
2021-10-27,2021-10-27 14:30:00,356.01,356.01,355.68,355.68,-0.09,456.76,162500.12,-1
2021-10-27,2021-10-27 14:40:00,355.68,355.68,355.34,355.34,-0.1,456.76,162500.12,-1
2021-10-27,2021-10-27 14:50:00,355.34,355.34,355.0,355.0,-0.1,456.76,162500.12,-1
2021-10-27,2021-10-27 15:00:00,355.0,363.5,339.0,355.0,0.0,456.76,162500.12,0
2021-10-28,2021-10-28 11:00:00,350.0,353.0,347.6,350.25,0.07,400.44,141801.72,1
2021-10-28,2021-10-28 11:10:00,350.25,350.5,350.25,350.5,0.07,400.44,141801.72,1
2021-10-28,2021-10-28 11:20:00,350.5,350.75,350.5,350.75,0.07,400.44,141801.72,1
2021-10-28,2021-10-28 11:30:00,350.75,351.0,350.75,351.0,0.07,400.44,141801.72,1
2021-10-28,2021-10-28 11:40:00,351.0,351.25,351.0,351.25,0.07,400.44,141801.72,1
2021-10-28,2021-10-28 11:50:00,351.25,351.5,351.25,351.5,0.07,400.44,141801.72,1
2021-10-28,2021-10-28 12:00:00,351.5,351.75,351.5,351.75,0.07,400.44,141801.72,1
2021-10-28,2021-10-28 12:10:00,351.75,352.0,351.75,352.0,0.07,400.44,141801.72,1
2021-10-28,2021-10-28 12:20:00,352.0,352.25,352.0,352.25,0.07,400.44,141801.72,1
2021-10-28,2021-10-28 12:30:00,352.25,352.5,352.25,352.5,0.07,400.44,141801.72,1
2021-10-28,2021-10-28 12:40:00,352.5,352.75,352.5,352.75,0.07,400.44,141801.72,1
2021-10-28,2021-10-28 12:50:00,352.75,353.0,352.75,353.0,0.07,400.44,141801.72,1
2021-10-28,2021-10-28 13:00:00,353.0,360.0,342.0,353.25,0.07,400.44,141801.72,1
2021-10-28,2021-10-28 13:10:00,353.25,353.5,353.25,353.5,0.07,400.44,141801.72,1
2021-10-28,2021-10-28 13:20:00,353.5,353.75,353.5,353.75,0.07,400.44,141801.72,1
2021-10-28,2021-10-28 13:30:00,353.75,354.0,353.75,354.0,0.07,400.44,141801.72,1
2021-10-28,2021-10-28 13:40:00,354.0,354.25,354.0,354.25,0.07,400.44,141801.72,1
2021-10-28,2021-10-28 13:50:00,354.25,354.5,354.25,354.5,0.07,400.44,141801.72,1
2021-10-28,2021-10-28 14:00:00,354.5,354.75,354.5,354.75,0.07,400.44,141801.72,1
2021-10-28,2021-10-28 14:10:00,354.75,355.0,354.75,355.0,0.07,400.44,141801.72,1
2021-10-28,2021-10-28 14:20:00,355.0,355.25,355.0,355.25,0.07,400.44,141801.72,1
2021-10-28,2021-10-28 14:30:00,355.25,355.5,355.25,355.5,0.07,400.44,141801.72,1
2021-10-28,2021-10-28 14:40:00,355.5,355.75,355.5,355.75,0.07,400.44,141801.72,1
2021-10-28,2021-10-28 14:50:00,355.75,356.0,355.75,356.0,0.07,400.44,141801.72,1
2021-10-28,2021-10-28 15:00:00,356.0,360.0,342.0,356.0,0.0,400.44,141801.72,0
2021-10-31,2021-10-31 11:00:00,363.1,369.67,359.17,363.93,0.23,418.04,153956.19,1
2021-10-31,2021-10-31 11:10:00,363.93,364.76,363.93,364.76,0.23,418.04,153956.19,1
2021-10-31,2021-10-31 11:20:00,364.76,365.59,364.76,365.59,0.23,418.04,153956.19,1
2021-10-31,2021-10-31 11:30:00,365.59,366.42,365.59,366.42,0.23,418.04,153956.19,1
2021-10-31,2021-10-31 11:40:00,366.42,367.25,366.42,367.25,0.23,418.04,153956.19,1
2021-10-31,2021-10-31 11:50:00,367.25,368.08,367.25,368.08,0.23,418.04,153956.19,1
2021-10-31,2021-10-31 12:00:00,368.08,368.9,368.08,368.9,0.22,418.04,153956.19,1
2021-10-31,2021-10-31 12:10:00,368.9,369.73,368.9,369.73,0.22,418.04,153956.19,1
2021-10-31,2021-10-31 12:20:00,369.73,370.56,369.73,370.56,0.22,418.04,153956.19,1
2021-10-31,2021-10-31 12:30:00,370.56,371.39,370.56,371.39,0.22,418.04,153956.19,1
2021-10-31,2021-10-31 12:40:00,371.39,372.22,371.39,372.22,0.22,418.04,153956.19,1
2021-10-31,2021-10-31 12:50:00,372.22,373.05,372.22,373.05,0.22,418.04,153956.19,1
2021-10-31,2021-10-31 13:00:00,373.05,385.0,350.0,373.88,0.22,418.04,153956.19,1
2021-10-31,2021-10-31 13:10:00,373.88,374.71,373.88,374.71,0.22,418.04,153956.19,1
2021-10-31,2021-10-31 13:20:00,374.71,375.54,374.71,375.54,0.22,418.04,153956.19,1
2021-10-31,2021-10-31 13:30:00,375.54,376.37,375.54,376.37,0.22,418.04,153956.19,1
2021-10-31,2021-10-31 13:40:00,376.37,377.2,376.37,377.2,0.22,418.04,153956.19,1
2021-10-31,2021-10-31 13:50:00,377.2,378.02,377.2,378.02,0.22,418.04,153956.19,1
2021-10-31,2021-10-31 14:00:00,378.02,378.85,378.02,378.85,0.22,418.04,153956.19,1
2021-10-31,2021-10-31 14:10:00,378.85,379.68,378.85,379.68,0.22,418.04,153956.19,1
2021-10-31,2021-10-31 14:20:00,379.68,380.51,379.68,380.51,0.22,418.04,153956.19,1
2021-10-31,2021-10-31 14:30:00,380.51,381.34,380.51,381.34,0.22,418.04,153956.19,1
2021-10-31,2021-10-31 14:40:00,381.34,382.17,381.34,382.17,0.22,418.04,153956.19,1
2021-10-31,2021-10-31 14:50:00,382.17,383.0,382.17,383.0,0.22,418.04,153956.19,1
2021-10-31,2021-10-31 15:00:00,383.0,385.0,350.0,383.0,0.0,418.04,153956.19,0
2021-11-01,2021-11-01 11:00:00,390.0,390.18,382.5,389.42,-0.15,548.4,207587.25,-1
2021-11-01,2021-11-01 11:10:00,389.42,389.42,388.83,388.83,-0.15,548.4,207587.25,-1
2021-11-01,2021-11-01 11:20:00,388.83,388.83,388.25,388.25,-0.15,548.4,207587.25,-1
2021-11-01,2021-11-01 11:30:00,388.25,388.25,387.67,387.67,-0.15,548.4,207587.25,-1
2021-11-01,2021-11-01 11:40:00,387.67,387.67,387.08,387.08,-0.15,548.4,207587.25,-1
2021-11-01,2021-11-01 11:50:00,387.08,387.08,386.5,386.5,-0.15,548.4,207587.25,-1
2021-11-01,2021-11-01 12:00:00,386.5,386.5,385.92,385.92,-0.15,548.4,207587.25,-1
2021-11-01,2021-11-01 12:10:00,385.92,385.92,385.33,385.33,-0.15,548.4,207587.25,-1
2021-11-01,2021-11-01 12:20:00,385.33,385.33,384.75,384.75,-0.15,548.4,207587.25,-1
2021-11-01,2021-11-01 12:30:00,384.75,384.75,384.17,384.17,-0.15,548.4,207587.25,-1
2021-11-01,2021-11-01 12:40:00,384.17,384.17,383.58,383.58,-0.15,548.4,207587.25,-1
2021-11-01,2021-11-01 12:50:00,383.58,383.58,383.0,383.0,-0.15,548.4,207587.25,-1
2021-11-01,2021-11-01 13:00:00,383.0,390.6,365.0,382.42,-0.15,548.4,207587.25,-1
2021-11-01,2021-11-01 13:10:00,382.42,382.42,381.83,381.83,-0.15,548.4,207587.25,-1
2021-11-01,2021-11-01 13:20:00,381.83,381.83,381.25,381.25,-0.15,548.4,207587.25,-1
2021-11-01,2021-11-01 13:30:00,381.25,381.25,380.67,380.67,-0.15,548.4,207587.25,-1
2021-11-01,2021-11-01 13:40:00,380.67,380.67,380.08,380.08,-0.15,548.4,207587.25,-1
2021-11-01,2021-11-01 13:50:00,380.08,380.08,379.5,379.5,-0.15,548.4,207587.25,-1
2021-11-01,2021-11-01 14:00:00,379.5,379.5,378.92,378.92,-0.15,548.4,207587.25,-1
2021-11-01,2021-11-01 14:10:00,378.92,378.92,378.33,378.33,-0.16,548.4,207587.25,-1
2021-11-01,2021-11-01 14:20:00,378.33,378.33,377.75,377.75,-0.15,548.4,207587.25,-1
2021-11-01,2021-11-01 14:30:00,377.75,377.75,377.17,377.17,-0.15,548.4,207587.25,-1
2021-11-01,2021-11-01 14:40:00,377.17,377.17,376.58,376.58,-0.16,548.4,207587.25,-1
2021-11-01,2021-11-01 14:50:00,376.58,376.58,376.0,376.0,-0.15,548.4,207587.25,-1
2021-11-01,2021-11-01 15:00:00,376.0,390.6,365.0,376.0,0.0,548.4,207587.25,0
2021-11-02,2021-11-02 11:00:00,369.0,372.3,365.7,369.42,0.11,268.68,99424.92,1
2021-11-02,2021-11-02 11:10:00,369.42,369.83,369.42,369.83,0.11,268.68,99424.92,1
2021-11-02,2021-11-02 11:20:00,369.83,370.25,369.83,370.25,0.11,268.68,99424.92,1
2021-11-02,2021-11-02 11:30:00,370.25,370.67,370.25,370.67,0.11,268.68,99424.92,1
2021-11-02,2021-11-02 11:40:00,370.67,371.08,370.67,371.08,0.11,268.68,99424.92,1
2021-11-02,2021-11-02 11:50:00,371.08,371.5,371.08,371.5,0.11,268.68,99424.92,1
2021-11-02,2021-11-02 12:00:00,371.5,371.92,371.5,371.92,0.11,268.68,99424.92,1
2021-11-02,2021-11-02 12:10:00,371.92,372.33,371.92,372.33,0.11,268.68,99424.92,1
2021-11-02,2021-11-02 12:20:00,372.33,372.75,372.33,372.75,0.11,268.68,99424.92,1
2021-11-02,2021-11-02 12:30:00,372.75,373.17,372.75,373.17,0.11,268.68,99424.92,1
2021-11-02,2021-11-02 12:40:00,373.17,373.58,373.17,373.58,0.11,268.68,99424.92,1
2021-11-02,2021-11-02 12:50:00,373.58,374.0,373.58,374.0,0.11,268.68,99424.92,1
2021-11-02,2021-11-02 13:00:00,374.0,380.0,358.0,374.42,0.11,268.68,99424.92,1
2021-11-02,2021-11-02 13:10:00,374.42,374.83,374.42,374.83,0.11,268.68,99424.92,1
2021-11-02,2021-11-02 13:20:00,374.83,375.25,374.83,375.25,0.11,268.68,99424.92,1
2021-11-02,2021-11-02 13:30:00,375.25,375.67,375.25,375.67,0.11,268.68,99424.92,1
2021-11-02,2021-11-02 13:40:00,375.67,376.08,375.67,376.08,0.11,268.68,99424.92,1
2021-11-02,2021-11-02 13:50:00,376.08,376.5,376.08,376.5,0.11,268.68,99424.92,1
2021-11-02,2021-11-02 14:00:00,376.5,376.92,376.5,376.92,0.11,268.68,99424.92,1
2021-11-02,2021-11-02 14:10:00,376.92,377.33,376.92,377.33,0.11,268.68,99424.92,1
2021-11-02,2021-11-02 14:20:00,377.33,377.75,377.33,377.75,0.11,268.68,99424.92,1
2021-11-02,2021-11-02 14:30:00,377.75,378.17,377.75,378.17,0.11,268.68,99424.92,1
2021-11-02,2021-11-02 14:40:00,378.17,378.58,378.17,378.58,0.11,268.68,99424.92,1
2021-11-02,2021-11-02 14:50:00,378.58,379.0,378.58,379.0,0.11,268.68,99424.92,1
2021-11-02,2021-11-02 15:00:00,379.0,380.0,358.0,379.0,0.0,268.68,99424.92,0
2021-11-03,2021-11-03 11:00:00,375.0,376.8,371.79,374.96,-0.01,325.28,121935.44,-1
2021-11-03,2021-11-03 11:10:00,374.96,374.96,374.92,374.92,-0.01,325.28,121935.44,-1
2021-11-03,2021-11-03 11:20:00,374.92,374.92,374.88,374.88,-0.01,325.28,121935.44,-1
2021-11-03,2021-11-03 11:30:00,374.88,374.88,374.83,374.83,-0.01,325.28,121935.44,-1
2021-11-03,2021-11-03 11:40:00,374.83,374.83,374.79,374.79,-0.01,325.28,121935.44,-1
2021-11-03,2021-11-03 11:50:00,374.79,374.79,374.75,374.75,-0.01,325.28,121935.44,-1
2021-11-03,2021-11-03 12:00:00,374.75,374.75,374.71,374.71,-0.01,325.28,121935.44,-1
2021-11-03,2021-11-03 12:10:00,374.71,374.71,374.67,374.67,-0.01,325.28,121935.44,-1
2021-11-03,2021-11-03 12:20:00,374.67,374.67,374.62,374.62,-0.01,325.28,121935.44,-1
2021-11-03,2021-11-03 12:30:00,374.62,374.62,374.58,374.58,-0.01,325.28,121935.44,-1
2021-11-03,2021-11-03 12:40:00,374.58,374.58,374.54,374.54,-0.01,325.28,121935.44,-1
2021-11-03,2021-11-03 12:50:00,374.54,374.54,374.5,374.5,-0.01,325.28,121935.44,-1
2021-11-03,2021-11-03 13:00:00,374.5,381.0,364.3,374.46,-0.01,325.28,121935.44,-1
2021-11-03,2021-11-03 13:10:00,374.46,374.46,374.42,374.42,-0.01,325.28,121935.44,-1
2021-11-03,2021-11-03 13:20:00,374.42,374.42,374.38,374.38,-0.01,325.28,121935.44,-1
2021-11-03,2021-11-03 13:30:00,374.38,374.38,374.33,374.33,-0.01,325.28,121935.44,-1
2021-11-03,2021-11-03 13:40:00,374.33,374.33,374.29,374.29,-0.01,325.28,121935.44,-1
2021-11-03,2021-11-03 13:50:00,374.29,374.29,374.25,374.25,-0.01,325.28,121935.44,-1
2021-11-03,2021-11-03 14:00:00,374.25,374.25,374.21,374.21,-0.01,325.28,121935.44,-1
2021-11-03,2021-11-03 14:10:00,374.21,374.21,374.17,374.17,-0.01,325.28,121935.44,-1
2021-11-03,2021-11-03 14:20:00,374.17,374.17,374.12,374.12,-0.01,325.28,121935.44,-1
2021-11-03,2021-11-03 14:30:00,374.12,374.12,374.08,374.08,-0.01,325.28,121935.44,-1
2021-11-03,2021-11-03 14:40:00,374.08,374.08,374.04,374.04,-0.01,325.28,121935.44,-1
2021-11-03,2021-11-03 14:50:00,374.04,374.04,374.0,374.0,-0.01,325.28,121935.44,-1
2021-11-03,2021-11-03 15:00:00,374.0,381.0,364.3,374.0,0.0,325.28,121935.44,0
2021-11-08,2021-11-08 11:00:00,381.0,381.0,374.1,380.04,-0.25,419.16,152741.4,-1
2021-11-08,2021-11-08 11:10:00,380.04,380.04,379.08,379.08,-0.25,419.16,152741.4,-1
2021-11-08,2021-11-08 11:20:00,379.08,379.08,378.12,378.12,-0.25,419.16,152741.4,-1
2021-11-08,2021-11-08 11:30:00,378.12,378.12,377.17,377.17,-0.25,419.16,152741.4,-1
2021-11-08,2021-11-08 11:40:00,377.17,377.17,376.21,376.21,-0.25,419.16,152741.4,-1
2021-11-08,2021-11-08 11:50:00,376.21,376.21,375.25,375.25,-0.26,419.16,152741.4,-1
2021-11-08,2021-11-08 12:00:00,375.25,375.25,374.29,374.29,-0.26,419.16,152741.4,-1
2021-11-08,2021-11-08 12:10:00,374.29,374.29,373.33,373.33,-0.26,419.16,152741.4,-1
2021-11-08,2021-11-08 12:20:00,373.33,373.33,372.38,372.38,-0.25,419.16,152741.4,-1
2021-11-08,2021-11-08 12:30:00,372.38,372.38,371.42,371.42,-0.26,419.16,152741.4,-1
2021-11-08,2021-11-08 12:40:00,371.42,371.42,370.46,370.46,-0.26,419.16,152741.4,-1
2021-11-08,2021-11-08 12:50:00,370.46,370.46,369.5,369.5,-0.26,419.16,152741.4,-1
2021-11-08,2021-11-08 13:00:00,369.5,381.0,358.0,368.54,-0.26,419.16,152741.4,-1
2021-11-08,2021-11-08 13:10:00,368.54,368.54,367.58,367.58,-0.26,419.16,152741.4,-1
2021-11-08,2021-11-08 13:20:00,367.58,367.58,366.62,366.62,-0.26,419.16,152741.4,-1
2021-11-08,2021-11-08 13:30:00,366.62,366.62,365.67,365.67,-0.26,419.16,152741.4,-1
2021-11-08,2021-11-08 13:40:00,365.67,365.67,364.71,364.71,-0.26,419.16,152741.4,-1
2021-11-08,2021-11-08 13:50:00,364.71,364.71,363.75,363.75,-0.26,419.16,152741.4,-1
2021-11-08,2021-11-08 14:00:00,363.75,363.75,362.79,362.79,-0.26,419.16,152741.4,-1
2021-11-08,2021-11-08 14:10:00,362.79,362.79,361.83,361.83,-0.26,419.16,152741.4,-1
2021-11-08,2021-11-08 14:20:00,361.83,361.83,360.88,360.88,-0.26,419.16,152741.4,-1
2021-11-08,2021-11-08 14:30:00,360.88,360.88,359.92,359.92,-0.27,419.16,152741.4,-1
2021-11-08,2021-11-08 14:40:00,359.92,359.92,358.96,358.96,-0.27,419.16,152741.4,-1
2021-11-08,2021-11-08 14:50:00,358.96,358.96,358.0,358.0,-0.27,419.16,152741.4,-1
2021-11-08,2021-11-08 15:00:00,358.0,381.0,358.0,358.0,0.0,419.16,152741.4,0
2021-11-09,2021-11-09 11:00:00,359.0,359.0,351.2,358.33,-0.19,222.28,77406.64,-1
2021-11-09,2021-11-09 11:10:00,358.33,358.33,357.67,357.67,-0.18,222.28,77406.64,-1
2021-11-09,2021-11-09 11:20:00,357.67,357.67,357.0,357.0,-0.19,222.28,77406.64,-1
2021-11-09,2021-11-09 11:30:00,357.0,357.0,356.33,356.33,-0.19,222.28,77406.64,-1
2021-11-09,2021-11-09 11:40:00,356.33,356.33,355.67,355.67,-0.19,222.28,77406.64,-1
2021-11-09,2021-11-09 11:50:00,355.67,355.67,355.0,355.0,-0.19,222.28,77406.64,-1
2021-11-09,2021-11-09 12:00:00,355.0,355.0,354.33,354.33,-0.19,222.28,77406.64,-1
2021-11-09,2021-11-09 12:10:00,354.33,354.33,353.67,353.67,-0.19,222.28,77406.64,-1
2021-11-09,2021-11-09 12:20:00,353.67,353.67,353.0,353.0,-0.19,222.28,77406.64,-1
2021-11-09,2021-11-09 12:30:00,353.0,353.0,352.33,352.33,-0.19,222.28,77406.64,-1
2021-11-09,2021-11-09 12:40:00,352.33,352.33,351.67,351.67,-0.19,222.28,77406.64,-1
2021-11-09,2021-11-09 12:50:00,351.67,351.67,351.0,351.0,-0.19,222.28,77406.64,-1
2021-11-09,2021-11-09 13:00:00,351.0,359.0,333.0,350.33,-0.19,222.28,77406.64,-1
2021-11-09,2021-11-09 13:10:00,350.33,350.33,349.67,349.67,-0.19,222.28,77406.64,-1
2021-11-09,2021-11-09 13:20:00,349.67,349.67,349.0,349.0,-0.19,222.28,77406.64,-1
2021-11-09,2021-11-09 13:30:00,349.0,349.0,348.33,348.33,-0.19,222.28,77406.64,-1
2021-11-09,2021-11-09 13:40:00,348.33,348.33,347.67,347.67,-0.19,222.28,77406.64,-1
2021-11-09,2021-11-09 13:50:00,347.67,347.67,347.0,347.0,-0.19,222.28,77406.64,-1
2021-11-09,2021-11-09 14:00:00,347.0,347.0,346.33,346.33,-0.19,222.28,77406.64,-1
2021-11-09,2021-11-09 14:10:00,346.33,346.33,345.67,345.67,-0.19,222.28,77406.64,-1
2021-11-09,2021-11-09 14:20:00,345.67,345.67,345.0,345.0,-0.19,222.28,77406.64,-1
2021-11-09,2021-11-09 14:30:00,345.0,345.0,344.33,344.33,-0.19,222.28,77406.64,-1
2021-11-09,2021-11-09 14:40:00,344.33,344.33,343.67,343.67,-0.19,222.28,77406.64,-1
2021-11-09,2021-11-09 14:50:00,343.67,343.67,343.0,343.0,-0.19,222.28,77406.64,-1
2021-11-09,2021-11-09 15:00:00,343.0,359.0,333.0,343.0,0.0,222.28,77406.64,0
2021-11-11,2021-11-11 11:00:00,340.0,344.08,335.8,339.51,-0.14,362.16,120447.28,-1
2021-11-11,2021-11-11 11:10:00,339.51,339.51,339.02,339.02,-0.14,362.16,120447.28,-1
2021-11-11,2021-11-11 11:20:00,339.02,339.02,338.54,338.54,-0.14,362.16,120447.28,-1
2021-11-11,2021-11-11 11:30:00,338.54,338.54,338.05,338.05,-0.14,362.16,120447.28,-1
2021-11-11,2021-11-11 11:40:00,338.05,338.05,337.56,337.56,-0.14,362.16,120447.28,-1
2021-11-11,2021-11-11 11:50:00,337.56,337.56,337.07,337.07,-0.15,362.16,120447.28,-1
2021-11-11,2021-11-11 12:00:00,337.07,337.07,336.59,336.59,-0.14,362.16,120447.28,-1
2021-11-11,2021-11-11 12:10:00,336.59,336.59,336.1,336.1,-0.15,362.16,120447.28,-1
2021-11-11,2021-11-11 12:20:00,336.1,336.1,335.61,335.61,-0.15,362.16,120447.28,-1
2021-11-11,2021-11-11 12:30:00,335.61,335.61,335.12,335.12,-0.15,362.16,120447.28,-1
2021-11-11,2021-11-11 12:40:00,335.12,335.12,334.64,334.64,-0.14,362.16,120447.28,-1
2021-11-11,2021-11-11 12:50:00,334.64,334.64,334.15,334.15,-0.15,362.16,120447.28,-1
2021-11-11,2021-11-11 13:00:00,334.15,353.6,326.0,333.66,-0.15,362.16,120447.28,-1
2021-11-11,2021-11-11 13:10:00,333.66,333.66,333.18,333.18,-0.14,362.16,120447.28,-1
2021-11-11,2021-11-11 13:20:00,333.18,333.18,332.69,332.69,-0.15,362.16,120447.28,-1
2021-11-11,2021-11-11 13:30:00,332.69,332.69,332.2,332.2,-0.15,362.16,120447.28,-1
2021-11-11,2021-11-11 13:40:00,332.2,332.2,331.71,331.71,-0.15,362.16,120447.28,-1
2021-11-11,2021-11-11 13:50:00,331.71,331.71,331.23,331.23,-0.14,362.16,120447.28,-1
2021-11-11,2021-11-11 14:00:00,331.23,331.23,330.74,330.74,-0.15,362.16,120447.28,-1
2021-11-11,2021-11-11 14:10:00,330.74,330.74,330.25,330.25,-0.15,362.16,120447.28,-1
2021-11-11,2021-11-11 14:20:00,330.25,330.25,329.76,329.76,-0.15,362.16,120447.28,-1
2021-11-11,2021-11-11 14:30:00,329.76,329.76,329.28,329.28,-0.15,362.16,120447.28,-1
2021-11-11,2021-11-11 14:40:00,329.28,329.28,328.79,328.79,-0.15,362.16,120447.28,-1
2021-11-11,2021-11-11 14:50:00,328.79,328.79,328.3,328.3,-0.15,362.16,120447.28,-1
2021-11-11,2021-11-11 15:00:00,328.3,353.6,326.0,328.3,0.0,362.16,120447.28,0
2021-11-14,2021-11-14 11:00:00,322.1,331.07,320.3,322.93,0.26,275.44,91951.84,1
2021-11-14,2021-11-14 11:10:00,322.93,323.76,322.93,323.76,0.26,275.44,91951.84,1
2021-11-14,2021-11-14 11:20:00,323.76,324.59,323.76,324.59,0.26,275.44,91951.84,1
2021-11-14,2021-11-14 11:30:00,324.59,325.42,324.59,325.42,0.26,275.44,91951.84,1
2021-11-14,2021-11-14 11:40:00,325.42,326.25,325.42,326.25,0.26,275.44,91951.84,1
2021-11-14,2021-11-14 11:50:00,326.25,327.08,326.25,327.08,0.25,275.44,91951.84,1
2021-11-14,2021-11-14 12:00:00,327.08,327.9,327.08,327.9,0.25,275.44,91951.84,1
2021-11-14,2021-11-14 12:10:00,327.9,328.73,327.9,328.73,0.25,275.44,91951.84,1
2021-11-14,2021-11-14 12:20:00,328.73,329.56,328.73,329.56,0.25,275.44,91951.84,1
2021-11-14,2021-11-14 12:30:00,329.56,330.39,329.56,330.39,0.25,275.44,91951.84,1
2021-11-14,2021-11-14 12:40:00,330.39,331.22,330.39,331.22,0.25,275.44,91951.84,1
2021-11-14,2021-11-14 12:50:00,331.22,332.05,331.22,332.05,0.25,275.44,91951.84,1
2021-11-14,2021-11-14 13:00:00,332.05,352.0,316.1,332.88,0.25,275.44,91951.84,1
2021-11-14,2021-11-14 13:10:00,332.88,333.71,332.88,333.71,0.25,275.44,91951.84,1
2021-11-14,2021-11-14 13:20:00,333.71,334.54,333.71,334.54,0.25,275.44,91951.84,1
2021-11-14,2021-11-14 13:30:00,334.54,335.37,334.54,335.37,0.25,275.44,91951.84,1
2021-11-14,2021-11-14 13:40:00,335.37,336.2,335.37,336.2,0.25,275.44,91951.84,1
2021-11-14,2021-11-14 13:50:00,336.2,337.02,336.2,337.02,0.24,275.44,91951.84,1
2021-11-14,2021-11-14 14:00:00,337.02,337.85,337.02,337.85,0.25,275.44,91951.84,1
2021-11-14,2021-11-14 14:10:00,337.85,338.68,337.85,338.68,0.25,275.44,91951.84,1
2021-11-14,2021-11-14 14:20:00,338.68,339.51,338.68,339.51,0.25,275.44,91951.84,1
2021-11-14,2021-11-14 14:30:00,339.51,340.34,339.51,340.34,0.24,275.44,91951.84,1
2021-11-14,2021-11-14 14:40:00,340.34,341.17,340.34,341.17,0.24,275.44,91951.84,1
2021-11-14,2021-11-14 14:50:00,341.17,342.0,341.17,342.0,0.24,275.44,91951.84,1
2021-11-14,2021-11-14 15:00:00,342.0,352.0,316.1,342.0,0.0,275.44,91951.84,0
2021-11-15,2021-11-15 11:00:00,348.8,351.26,345.11,348.65,-0.04,431.28,151526.76,-1
2021-11-15,2021-11-15 11:10:00,348.65,348.65,348.5,348.5,-0.04,431.28,151526.76,-1
2021-11-15,2021-11-15 11:20:00,348.5,348.5,348.35,348.35,-0.04,431.28,151526.76,-1
2021-11-15,2021-11-15 11:30:00,348.35,348.35,348.2,348.2,-0.04,431.28,151526.76,-1
2021-11-15,2021-11-15 11:40:00,348.2,348.2,348.05,348.05,-0.04,431.28,151526.76,-1
2021-11-15,2021-11-15 11:50:00,348.05,348.05,347.9,347.9,-0.04,431.28,151526.76,-1
2021-11-15,2021-11-15 12:00:00,347.9,347.9,347.75,347.75,-0.04,431.28,151526.76,-1
2021-11-15,2021-11-15 12:10:00,347.75,347.75,347.6,347.6,-0.04,431.28,151526.76,-1
2021-11-15,2021-11-15 12:20:00,347.6,347.6,347.45,347.45,-0.04,431.28,151526.76,-1
2021-11-15,2021-11-15 12:30:00,347.45,347.45,347.3,347.3,-0.04,431.28,151526.76,-1
2021-11-15,2021-11-15 12:40:00,347.3,347.3,347.15,347.15,-0.04,431.28,151526.76,-1
2021-11-15,2021-11-15 12:50:00,347.15,347.15,347.0,347.0,-0.04,431.28,151526.76,-1
2021-11-15,2021-11-15 13:00:00,347.0,357.0,336.5,346.85,-0.04,431.28,151526.76,-1
2021-11-15,2021-11-15 13:10:00,346.85,346.85,346.7,346.7,-0.04,431.28,151526.76,-1
2021-11-15,2021-11-15 13:20:00,346.7,346.7,346.55,346.55,-0.04,431.28,151526.76,-1
2021-11-15,2021-11-15 13:30:00,346.55,346.55,346.4,346.4,-0.04,431.28,151526.76,-1
2021-11-15,2021-11-15 13:40:00,346.4,346.4,346.25,346.25,-0.04,431.28,151526.76,-1
2021-11-15,2021-11-15 13:50:00,346.25,346.25,346.1,346.1,-0.04,431.28,151526.76,-1
2021-11-15,2021-11-15 14:00:00,346.1,346.1,345.95,345.95,-0.04,431.28,151526.76,-1
2021-11-15,2021-11-15 14:10:00,345.95,345.95,345.8,345.8,-0.04,431.28,151526.76,-1
2021-11-15,2021-11-15 14:20:00,345.8,345.8,345.65,345.65,-0.04,431.28,151526.76,-1
2021-11-15,2021-11-15 14:30:00,345.65,345.65,345.5,345.5,-0.04,431.28,151526.76,-1
2021-11-15,2021-11-15 14:40:00,345.5,345.5,345.35,345.35,-0.04,431.28,151526.76,-1
2021-11-15,2021-11-15 14:50:00,345.35,345.35,345.2,345.2,-0.04,431.28,151526.76,-1
2021-11-15,2021-11-15 15:00:00,345.2,357.0,336.5,345.2,0.0,431.28,151526.76,0
2021-11-16,2021-11-16 11:00:00,352.1,359.69,350.27,352.8,0.2,492.44,178149.54,1
2021-11-16,2021-11-16 11:10:00,352.8,353.51,352.8,353.51,0.2,492.44,178149.54,1
2021-11-16,2021-11-16 11:20:00,353.51,354.21,353.51,354.21,0.2,492.44,178149.54,1
2021-11-16,2021-11-16 11:30:00,354.21,354.92,354.21,354.92,0.2,492.44,178149.54,1
2021-11-16,2021-11-16 11:40:00,354.92,355.62,354.92,355.62,0.2,492.44,178149.54,1
2021-11-16,2021-11-16 11:50:00,355.62,356.33,355.62,356.33,0.2,492.44,178149.54,1
2021-11-16,2021-11-16 12:00:00,356.33,357.03,356.33,357.03,0.2,492.44,178149.54,1
2021-11-16,2021-11-16 12:10:00,357.03,357.73,357.03,357.73,0.2,492.44,178149.54,1
2021-11-16,2021-11-16 12:20:00,357.73,358.44,357.73,358.44,0.2,492.44,178149.54,1
2021-11-16,2021-11-16 12:30:00,358.44,359.14,358.44,359.14,0.2,492.44,178149.54,1
2021-11-16,2021-11-16 12:40:00,359.14,359.85,359.14,359.85,0.2,492.44,178149.54,1
2021-11-16,2021-11-16 12:50:00,359.85,360.55,359.85,360.55,0.19,492.44,178149.54,1
2021-11-16,2021-11-16 13:00:00,360.55,377.4,346.0,361.25,0.19,492.44,178149.54,1
2021-11-16,2021-11-16 13:10:00,361.25,361.96,361.25,361.96,0.2,492.44,178149.54,1
2021-11-16,2021-11-16 13:20:00,361.96,362.66,361.96,362.66,0.19,492.44,178149.54,1
2021-11-16,2021-11-16 13:30:00,362.66,363.37,362.66,363.37,0.2,492.44,178149.54,1
2021-11-16,2021-11-16 13:40:00,363.37,364.07,363.37,364.07,0.19,492.44,178149.54,1
2021-11-16,2021-11-16 13:50:00,364.07,364.77,364.07,364.77,0.19,492.44,178149.54,1
2021-11-16,2021-11-16 14:00:00,364.77,365.48,364.77,365.48,0.19,492.44,178149.54,1
2021-11-16,2021-11-16 14:10:00,365.48,366.18,365.48,366.18,0.19,492.44,178149.54,1
2021-11-16,2021-11-16 14:20:00,366.18,366.89,366.18,366.89,0.19,492.44,178149.54,1
2021-11-16,2021-11-16 14:30:00,366.89,367.59,366.89,367.59,0.19,492.44,178149.54,1
2021-11-16,2021-11-16 14:40:00,367.59,368.3,367.59,368.3,0.19,492.44,178149.54,1
2021-11-16,2021-11-16 14:50:00,368.3,369.0,368.3,369.0,0.19,492.44,178149.54,1
2021-11-16,2021-11-16 15:00:00,369.0,377.4,346.0,369.0,0.0,492.44,178149.54,0
2021-11-17,2021-11-17 11:00:00,376.3,385.18,376.3,377.08,0.21,1799.0,713302.03,1
2021-11-17,2021-11-17 11:10:00,377.08,377.86,377.08,377.86,0.21,1799.0,713302.03,1
2021-11-17,2021-11-17 11:20:00,377.86,378.64,377.86,378.64,0.21,1799.0,713302.03,1
2021-11-17,2021-11-17 11:30:00,378.64,379.42,378.64,379.42,0.21,1799.0,713302.03,1
2021-11-17,2021-11-17 11:40:00,379.42,380.2,379.42,380.2,0.21,1799.0,713302.03,1
2021-11-17,2021-11-17 11:50:00,380.2,380.98,380.2,380.98,0.21,1799.0,713302.03,1
2021-11-17,2021-11-17 12:00:00,380.98,381.75,380.98,381.75,0.2,1799.0,713302.03,1
2021-11-17,2021-11-17 12:10:00,381.75,382.53,381.75,382.53,0.2,1799.0,713302.03,1
2021-11-17,2021-11-17 12:20:00,382.53,383.31,382.53,383.31,0.2,1799.0,713302.03,1
2021-11-17,2021-11-17 12:30:00,383.31,384.09,383.31,384.09,0.2,1799.0,713302.03,1
2021-11-17,2021-11-17 12:40:00,384.09,384.87,384.09,384.87,0.2,1799.0,713302.03,1
2021-11-17,2021-11-17 12:50:00,384.87,385.65,384.87,385.65,0.2,1799.0,713302.03,1
2021-11-17,2021-11-17 13:00:00,385.65,405.9,376.3,386.43,0.2,1799.0,713302.03,1
2021-11-17,2021-11-17 13:10:00,386.43,387.21,386.43,387.21,0.2,1799.0,713302.03,1
2021-11-17,2021-11-17 13:20:00,387.21,387.99,387.21,387.99,0.2,1799.0,713302.03,1
2021-11-17,2021-11-17 13:30:00,387.99,388.77,387.99,388.77,0.2,1799.0,713302.03,1
2021-11-17,2021-11-17 13:40:00,388.77,389.55,388.77,389.55,0.2,1799.0,713302.03,1
2021-11-17,2021-11-17 13:50:00,389.55,390.32,389.55,390.32,0.2,1799.0,713302.03,1
2021-11-17,2021-11-17 14:00:00,390.32,391.1,390.32,391.1,0.2,1799.0,713302.03,1
2021-11-17,2021-11-17 14:10:00,391.1,391.88,391.1,391.88,0.2,1799.0,713302.03,1
2021-11-17,2021-11-17 14:20:00,391.88,392.66,391.88,392.66,0.2,1799.0,713302.03,1
2021-11-17,2021-11-17 14:30:00,392.66,393.44,392.66,393.44,0.2,1799.0,713302.03,1
2021-11-17,2021-11-17 14:40:00,393.44,394.22,393.44,394.22,0.2,1799.0,713302.03,1
2021-11-17,2021-11-17 14:50:00,394.22,395.0,394.22,395.0,0.2,1799.0,713302.03,1
2021-11-17,2021-11-17 15:00:00,395.0,405.9,376.3,395.0,0.0,1799.0,713302.03,0
2021-11-18,2021-11-18 11:00:00,402.0,402.0,398.4,401.71,-0.07,1564.36,621053.83,-1
2021-11-18,2021-11-18 11:10:00,401.71,401.71,401.42,401.42,-0.07,1564.36,621053.83,-1
2021-11-18,2021-11-18 11:20:00,401.42,401.42,401.12,401.12,-0.07,1564.36,621053.83,-1
2021-11-18,2021-11-18 11:30:00,401.12,401.12,400.83,400.83,-0.07,1564.36,621053.83,-1
2021-11-18,2021-11-18 11:40:00,400.83,400.83,400.54,400.54,-0.07,1564.36,621053.83,-1
2021-11-18,2021-11-18 11:50:00,400.54,400.54,400.25,400.25,-0.07,1564.36,621053.83,-1
2021-11-18,2021-11-18 12:00:00,400.25,400.25,399.96,399.96,-0.07,1564.36,621053.83,-1
2021-11-18,2021-11-18 12:10:00,399.96,399.96,399.67,399.67,-0.07,1564.36,621053.83,-1
2021-11-18,2021-11-18 12:20:00,399.67,399.67,399.38,399.38,-0.07,1564.36,621053.83,-1
2021-11-18,2021-11-18 12:30:00,399.38,399.38,399.08,399.08,-0.08,1564.36,621053.83,-1
2021-11-18,2021-11-18 12:40:00,399.08,399.08,398.79,398.79,-0.07,1564.36,621053.83,-1
2021-11-18,2021-11-18 12:50:00,398.79,398.79,398.5,398.5,-0.07,1564.36,621053.83,-1
2021-11-18,2021-11-18 13:00:00,398.5,402.0,390.0,398.21,-0.07,1564.36,621053.83,-1
2021-11-18,2021-11-18 13:10:00,398.21,398.21,397.92,397.92,-0.07,1564.36,621053.83,-1
2021-11-18,2021-11-18 13:20:00,397.92,397.92,397.62,397.62,-0.08,1564.36,621053.83,-1
2021-11-18,2021-11-18 13:30:00,397.62,397.62,397.33,397.33,-0.07,1564.36,621053.83,-1
2021-11-18,2021-11-18 13:40:00,397.33,397.33,397.04,397.04,-0.07,1564.36,621053.83,-1
2021-11-18,2021-11-18 13:50:00,397.04,397.04,396.75,396.75,-0.07,1564.36,621053.83,-1
2021-11-18,2021-11-18 14:00:00,396.75,396.75,396.46,396.46,-0.07,1564.36,621053.83,-1
2021-11-18,2021-11-18 14:10:00,396.46,396.46,396.17,396.17,-0.07,1564.36,621053.83,-1
2021-11-18,2021-11-18 14:20:00,396.17,396.17,395.88,395.88,-0.07,1564.36,621053.83,-1
2021-11-18,2021-11-18 14:30:00,395.88,395.88,395.58,395.58,-0.08,1564.36,621053.83,-1
2021-11-18,2021-11-18 14:40:00,395.58,395.58,395.29,395.29,-0.07,1564.36,621053.83,-1
2021-11-18,2021-11-18 14:50:00,395.29,395.29,395.0,395.0,-0.07,1564.36,621053.83,-1
2021-11-18,2021-11-18 15:00:00,395.0,402.0,390.0,395.0,0.0,1564.36,621053.83,0
2021-11-21,2021-11-21 11:00:00,387.1,391.84,384.79,387.3,0.05,780.36,300984.71,1
2021-11-21,2021-11-21 11:10:00,387.3,387.51,387.3,387.51,0.05,780.36,300984.71,1
2021-11-21,2021-11-21 11:20:00,387.51,387.71,387.51,387.71,0.05,780.36,300984.71,1
2021-11-21,2021-11-21 11:30:00,387.71,387.92,387.71,387.92,0.05,780.36,300984.71,1
2021-11-21,2021-11-21 11:40:00,387.92,388.12,387.92,388.12,0.05,780.36,300984.71,1
2021-11-21,2021-11-21 11:50:00,388.12,388.33,388.12,388.33,0.05,780.36,300984.71,1
2021-11-21,2021-11-21 12:00:00,388.33,388.53,388.33,388.53,0.05,780.36,300984.71,1
2021-11-21,2021-11-21 12:10:00,388.53,388.73,388.53,388.73,0.05,780.36,300984.71,1
2021-11-21,2021-11-21 12:20:00,388.73,388.94,388.73,388.94,0.05,780.36,300984.71,1
2021-11-21,2021-11-21 12:30:00,388.94,389.14,388.94,389.14,0.05,780.36,300984.71,1
2021-11-21,2021-11-21 12:40:00,389.14,389.35,389.14,389.35,0.05,780.36,300984.71,1
2021-11-21,2021-11-21 12:50:00,389.35,389.55,389.35,389.55,0.05,780.36,300984.71,1
2021-11-21,2021-11-21 13:00:00,389.55,402.9,379.4,389.75,0.05,780.36,300984.71,1
2021-11-21,2021-11-21 13:10:00,389.75,389.96,389.75,389.96,0.05,780.36,300984.71,1
2021-11-21,2021-11-21 13:20:00,389.96,390.16,389.96,390.16,0.05,780.36,300984.71,1
2021-11-21,2021-11-21 13:30:00,390.16,390.37,390.16,390.37,0.05,780.36,300984.71,1
2021-11-21,2021-11-21 13:40:00,390.37,390.57,390.37,390.57,0.05,780.36,300984.71,1
2021-11-21,2021-11-21 13:50:00,390.57,390.77,390.57,390.77,0.05,780.36,300984.71,1
2021-11-21,2021-11-21 14:00:00,390.77,390.98,390.77,390.98,0.05,780.36,300984.71,1
2021-11-21,2021-11-21 14:10:00,390.98,391.18,390.98,391.18,0.05,780.36,300984.71,1
2021-11-21,2021-11-21 14:20:00,391.18,391.39,391.18,391.39,0.05,780.36,300984.71,1
2021-11-21,2021-11-21 14:30:00,391.39,391.59,391.39,391.59,0.05,780.36,300984.71,1
2021-11-21,2021-11-21 14:40:00,391.59,391.8,391.59,391.8,0.05,780.36,300984.71,1
2021-11-21,2021-11-21 14:50:00,391.8,392.0,391.8,392.0,0.05,780.36,300984.71,1
2021-11-21,2021-11-21 15:00:00,392.0,402.9,379.4,392.0,0.0,780.36,300984.71,0
2021-11-22,2021-11-22 11:00:00,385.0,389.2,385.0,385.02,0.01,466.4,181438.18,1
2021-11-22,2021-11-22 11:10:00,385.02,385.05,385.02,385.05,0.01,466.4,181438.18,1
2021-11-22,2021-11-22 11:20:00,385.05,385.07,385.05,385.07,0.01,466.4,181438.18,1
2021-11-22,2021-11-22 11:30:00,385.07,385.1,385.07,385.1,0.01,466.4,181438.18,1
2021-11-22,2021-11-22 11:40:00,385.1,385.12,385.1,385.12,0.01,466.4,181438.18,1
2021-11-22,2021-11-22 11:50:00,385.12,385.15,385.12,385.15,0.01,466.4,181438.18,1
2021-11-22,2021-11-22 12:00:00,385.15,385.18,385.15,385.18,0.01,466.4,181438.18,1
2021-11-22,2021-11-22 12:10:00,385.18,385.2,385.18,385.2,0.01,466.4,181438.18,1
2021-11-22,2021-11-22 12:20:00,385.2,385.23,385.2,385.23,0.01,466.4,181438.18,1
2021-11-22,2021-11-22 12:30:00,385.23,385.25,385.23,385.25,0.01,466.4,181438.18,1
2021-11-22,2021-11-22 12:40:00,385.25,385.28,385.25,385.28,0.01,466.4,181438.18,1
2021-11-22,2021-11-22 12:50:00,385.28,385.3,385.28,385.3,0.01,466.4,181438.18,1
2021-11-22,2021-11-22 13:00:00,385.3,399.0,385.0,385.32,0.01,466.4,181438.18,1
2021-11-22,2021-11-22 13:10:00,385.32,385.35,385.32,385.35,0.01,466.4,181438.18,1
2021-11-22,2021-11-22 13:20:00,385.35,385.38,385.35,385.38,0.01,466.4,181438.18,1
2021-11-22,2021-11-22 13:30:00,385.38,385.4,385.38,385.4,0.01,466.4,181438.18,1
2021-11-22,2021-11-22 13:40:00,385.4,385.43,385.4,385.43,0.01,466.4,181438.18,1
2021-11-22,2021-11-22 13:50:00,385.43,385.45,385.43,385.45,0.01,466.4,181438.18,1
2021-11-22,2021-11-22 14:00:00,385.45,385.48,385.45,385.48,0.01,466.4,181438.18,1
2021-11-22,2021-11-22 14:10:00,385.48,385.5,385.48,385.5,0.01,466.4,181438.18,1
2021-11-22,2021-11-22 14:20:00,385.5,385.53,385.5,385.53,0.01,466.4,181438.18,1
2021-11-22,2021-11-22 14:30:00,385.53,385.55,385.53,385.55,0.01,466.4,181438.18,1
2021-11-22,2021-11-22 14:40:00,385.55,385.58,385.55,385.58,0.01,466.4,181438.18,1
2021-11-22,2021-11-22 14:50:00,385.58,385.6,385.58,385.6,0.01,466.4,181438.18,1
2021-11-22,2021-11-22 15:00:00,385.6,399.0,385.0,385.6,0.0,466.4,181438.18,0
2021-11-23,2021-11-23 11:00:00,386.0,386.0,377.0,385.38,-0.16,664.6,246804.08,-1
2021-11-23,2021-11-23 11:10:00,385.38,385.38,384.75,384.75,-0.16,664.6,246804.08,-1
2021-11-23,2021-11-23 11:20:00,384.75,384.75,384.12,384.12,-0.16,664.6,246804.08,-1
2021-11-23,2021-11-23 11:30:00,384.12,384.12,383.5,383.5,-0.16,664.6,246804.08,-1
2021-11-23,2021-11-23 11:40:00,383.5,383.5,382.88,382.88,-0.16,664.6,246804.08,-1
2021-11-23,2021-11-23 11:50:00,382.88,382.88,382.25,382.25,-0.16,664.6,246804.08,-1
2021-11-23,2021-11-23 12:00:00,382.25,382.25,381.62,381.62,-0.16,664.6,246804.08,-1
2021-11-23,2021-11-23 12:10:00,381.62,381.62,381.0,381.0,-0.16,664.6,246804.08,-1
2021-11-23,2021-11-23 12:20:00,381.0,381.0,380.38,380.38,-0.16,664.6,246804.08,-1
2021-11-23,2021-11-23 12:30:00,380.38,380.38,379.75,379.75,-0.17,664.6,246804.08,-1
2021-11-23,2021-11-23 12:40:00,379.75,379.75,379.12,379.12,-0.17,664.6,246804.08,-1
2021-11-23,2021-11-23 12:50:00,379.12,379.12,378.5,378.5,-0.16,664.6,246804.08,-1
2021-11-23,2021-11-23 13:00:00,378.5,386.0,356.0,377.88,-0.16,664.6,246804.08,-1
2021-11-23,2021-11-23 13:10:00,377.88,377.88,377.25,377.25,-0.17,664.6,246804.08,-1
2021-11-23,2021-11-23 13:20:00,377.25,377.25,376.62,376.62,-0.17,664.6,246804.08,-1
2021-11-23,2021-11-23 13:30:00,376.62,376.62,376.0,376.0,-0.16,664.6,246804.08,-1
2021-11-23,2021-11-23 13:40:00,376.0,376.0,375.38,375.38,-0.16,664.6,246804.08,-1
2021-11-23,2021-11-23 13:50:00,375.38,375.38,374.75,374.75,-0.17,664.6,246804.08,-1
2021-11-23,2021-11-23 14:00:00,374.75,374.75,374.12,374.12,-0.17,664.6,246804.08,-1
2021-11-23,2021-11-23 14:10:00,374.12,374.12,373.5,373.5,-0.17,664.6,246804.08,-1
2021-11-23,2021-11-23 14:20:00,373.5,373.5,372.88,372.88,-0.17,664.6,246804.08,-1
2021-11-23,2021-11-23 14:30:00,372.88,372.88,372.25,372.25,-0.17,664.6,246804.08,-1
2021-11-23,2021-11-23 14:40:00,372.25,372.25,371.62,371.62,-0.17,664.6,246804.08,-1
2021-11-23,2021-11-23 14:50:00,371.62,371.62,371.0,371.0,-0.17,664.6,246804.08,-1
2021-11-23,2021-11-23 15:00:00,371.0,386.0,356.0,371.0,0.0,664.6,246804.08,0
2021-11-24,2021-11-24 11:00:00,363.6,373.53,361.5,364.66,0.29,618.0,232930.09,1
2021-11-24,2021-11-24 11:10:00,364.66,365.72,364.66,365.72,0.29,618.0,232930.09,1
2021-11-24,2021-11-24 11:20:00,365.72,366.78,365.72,366.78,0.29,618.0,232930.09,1
2021-11-24,2021-11-24 11:30:00,366.78,367.83,366.78,367.83,0.29,618.0,232930.09,1
2021-11-24,2021-11-24 11:40:00,367.83,368.89,367.83,368.89,0.29,618.0,232930.09,1
2021-11-24,2021-11-24 11:50:00,368.89,369.95,368.89,369.95,0.29,618.0,232930.09,1
2021-11-24,2021-11-24 12:00:00,369.95,371.01,369.95,371.01,0.29,618.0,232930.09,1
2021-11-24,2021-11-24 12:10:00,371.01,372.07,371.01,372.07,0.29,618.0,232930.09,1
2021-11-24,2021-11-24 12:20:00,372.07,373.12,372.07,373.12,0.28,618.0,232930.09,1
2021-11-24,2021-11-24 12:30:00,373.12,374.18,373.12,374.18,0.28,618.0,232930.09,1
2021-11-24,2021-11-24 12:40:00,374.18,375.24,374.18,375.24,0.28,618.0,232930.09,1
2021-11-24,2021-11-24 12:50:00,375.24,376.3,375.24,376.3,0.28,618.0,232930.09,1
2021-11-24,2021-11-24 13:00:00,376.3,396.7,356.6,377.36,0.28,618.0,232930.09,1
2021-11-24,2021-11-24 13:10:00,377.36,378.42,377.36,378.42,0.28,618.0,232930.09,1
2021-11-24,2021-11-24 13:20:00,378.42,379.48,378.42,379.48,0.28,618.0,232930.09,1
2021-11-24,2021-11-24 13:30:00,379.48,380.53,379.48,380.53,0.28,618.0,232930.09,1
2021-11-24,2021-11-24 13:40:00,380.53,381.59,380.53,381.59,0.28,618.0,232930.09,1
2021-11-24,2021-11-24 13:50:00,381.59,382.65,381.59,382.65,0.28,618.0,232930.09,1
2021-11-24,2021-11-24 14:00:00,382.65,383.71,382.65,383.71,0.28,618.0,232930.09,1
2021-11-24,2021-11-24 14:10:00,383.71,384.77,383.71,384.77,0.28,618.0,232930.09,1
2021-11-24,2021-11-24 14:20:00,384.77,385.82,384.77,385.82,0.27,618.0,232930.09,1
2021-11-24,2021-11-24 14:30:00,385.82,386.88,385.82,386.88,0.27,618.0,232930.09,1
2021-11-24,2021-11-24 14:40:00,386.88,387.94,386.88,387.94,0.27,618.0,232930.09,1
2021-11-24,2021-11-24 14:50:00,387.94,389.0,387.94,389.0,0.27,618.0,232930.09,1
2021-11-24,2021-11-24 15:00:00,389.0,396.7,356.6,389.0,0.0,618.0,232930.09,0
2021-11-25,2021-11-25 11:00:00,395.0,401.33,393.23,395.38,0.1,2277.96,921816.79,1
2021-11-25,2021-11-25 11:10:00,395.38,395.75,395.38,395.75,0.09,2277.96,921816.79,1
2021-11-25,2021-11-25 11:20:00,395.75,396.12,395.75,396.12,0.09,2277.96,921816.79,1
2021-11-25,2021-11-25 11:30:00,396.12,396.5,396.12,396.5,0.1,2277.96,921816.79,1
2021-11-25,2021-11-25 11:40:00,396.5,396.88,396.5,396.88,0.1,2277.96,921816.79,1
2021-11-25,2021-11-25 11:50:00,396.88,397.25,396.88,397.25,0.09,2277.96,921816.79,1
2021-11-25,2021-11-25 12:00:00,397.25,397.62,397.25,397.62,0.09,2277.96,921816.79,1
2021-11-25,2021-11-25 12:10:00,397.62,398.0,397.62,398.0,0.1,2277.96,921816.79,1
2021-11-25,2021-11-25 12:20:00,398.0,398.38,398.0,398.38,0.1,2277.96,921816.79,1
2021-11-25,2021-11-25 12:30:00,398.38,398.75,398.38,398.75,0.09,2277.96,921816.79,1
2021-11-25,2021-11-25 12:40:00,398.75,399.12,398.75,399.12,0.09,2277.96,921816.79,1
2021-11-25,2021-11-25 12:50:00,399.12,399.5,399.12,399.5,0.1,2277.96,921816.79,1
2021-11-25,2021-11-25 13:00:00,399.5,416.1,389.1,399.88,0.1,2277.96,921816.79,1
2021-11-25,2021-11-25 13:10:00,399.88,400.25,399.88,400.25,0.09,2277.96,921816.79,1
2021-11-25,2021-11-25 13:20:00,400.25,400.62,400.25,400.62,0.09,2277.96,921816.79,1
2021-11-25,2021-11-25 13:30:00,400.62,401.0,400.62,401.0,0.09,2277.96,921816.79,1
2021-11-25,2021-11-25 13:40:00,401.0,401.38,401.0,401.38,0.09,2277.96,921816.79,1
2021-11-25,2021-11-25 13:50:00,401.38,401.75,401.38,401.75,0.09,2277.96,921816.79,1
2021-11-25,2021-11-25 14:00:00,401.75,402.12,401.75,402.12,0.09,2277.96,921816.79,1
2021-11-25,2021-11-25 14:10:00,402.12,402.5,402.12,402.5,0.09,2277.96,921816.79,1
2021-11-25,2021-11-25 14:20:00,402.5,402.88,402.5,402.88,0.09,2277.96,921816.79,1
2021-11-25,2021-11-25 14:30:00,402.88,403.25,402.88,403.25,0.09,2277.96,921816.79,1
2021-11-25,2021-11-25 14:40:00,403.25,403.62,403.25,403.62,0.09,2277.96,921816.79,1
2021-11-25,2021-11-25 14:50:00,403.62,404.0,403.62,404.0,0.09,2277.96,921816.79,1
2021-11-25,2021-11-25 15:00:00,404.0,416.1,389.1,404.0,0.0,2277.96,921816.79,0
2021-11-28,2021-11-28 11:00:00,396.0,398.1,388.2,395.12,-0.22,1029.4,399768.8,-1
2021-11-28,2021-11-28 11:10:00,395.12,395.12,394.25,394.25,-0.22,1029.4,399768.8,-1
2021-11-28,2021-11-28 11:20:00,394.25,394.25,393.38,393.38,-0.22,1029.4,399768.8,-1
2021-11-28,2021-11-28 11:30:00,393.38,393.38,392.5,392.5,-0.22,1029.4,399768.8,-1
2021-11-28,2021-11-28 11:40:00,392.5,392.5,391.62,391.62,-0.22,1029.4,399768.8,-1
2021-11-28,2021-11-28 11:50:00,391.62,391.62,390.75,390.75,-0.22,1029.4,399768.8,-1
2021-11-28,2021-11-28 12:00:00,390.75,390.75,389.88,389.88,-0.22,1029.4,399768.8,-1
2021-11-28,2021-11-28 12:10:00,389.88,389.88,389.0,389.0,-0.23,1029.4,399768.8,-1
2021-11-28,2021-11-28 12:20:00,389.0,389.0,388.12,388.12,-0.23,1029.4,399768.8,-1
2021-11-28,2021-11-28 12:30:00,388.12,388.12,387.25,387.25,-0.22,1029.4,399768.8,-1
2021-11-28,2021-11-28 12:40:00,387.25,387.25,386.38,386.38,-0.22,1029.4,399768.8,-1
2021-11-28,2021-11-28 12:50:00,386.38,386.38,385.5,385.5,-0.23,1029.4,399768.8,-1
2021-11-28,2021-11-28 13:00:00,385.5,403.0,370.0,384.62,-0.23,1029.4,399768.8,-1
2021-11-28,2021-11-28 13:10:00,384.62,384.62,383.75,383.75,-0.23,1029.4,399768.8,-1
2021-11-28,2021-11-28 13:20:00,383.75,383.75,382.88,382.88,-0.23,1029.4,399768.8,-1
2021-11-28,2021-11-28 13:30:00,382.88,382.88,382.0,382.0,-0.23,1029.4,399768.8,-1
2021-11-28,2021-11-28 13:40:00,382.0,382.0,381.12,381.12,-0.23,1029.4,399768.8,-1
2021-11-28,2021-11-28 13:50:00,381.12,381.12,380.25,380.25,-0.23,1029.4,399768.8,-1
2021-11-28,2021-11-28 14:00:00,380.25,380.25,379.38,379.38,-0.23,1029.4,399768.8,-1
2021-11-28,2021-11-28 14:10:00,379.38,379.38,378.5,378.5,-0.23,1029.4,399768.8,-1
2021-11-28,2021-11-28 14:20:00,378.5,378.5,377.62,377.62,-0.23,1029.4,399768.8,-1
2021-11-28,2021-11-28 14:30:00,377.62,377.62,376.75,376.75,-0.23,1029.4,399768.8,-1
2021-11-28,2021-11-28 14:40:00,376.75,376.75,375.88,375.88,-0.23,1029.4,399768.8,-1
2021-11-28,2021-11-28 14:50:00,375.88,375.88,375.0,375.0,-0.23,1029.4,399768.8,-1
2021-11-28,2021-11-28 15:00:00,375.0,403.0,370.0,375.0,0.0,1029.4,399768.8,0
2021-11-29,2021-11-29 11:00:00,375.0,381.93,372.9,375.04,0.01,488.72,186328.99,1
2021-11-29,2021-11-29 11:10:00,375.04,375.08,375.04,375.08,0.01,488.72,186328.99,1
2021-11-29,2021-11-29 11:20:00,375.08,375.12,375.08,375.12,0.01,488.72,186328.99,1
2021-11-29,2021-11-29 11:30:00,375.12,375.17,375.12,375.17,0.01,488.72,186328.99,1
2021-11-29,2021-11-29 11:40:00,375.17,375.21,375.17,375.21,0.01,488.72,186328.99,1
2021-11-29,2021-11-29 11:50:00,375.21,375.25,375.21,375.25,0.01,488.72,186328.99,1
2021-11-29,2021-11-29 12:00:00,375.25,375.29,375.25,375.29,0.01,488.72,186328.99,1
2021-11-29,2021-11-29 12:10:00,375.29,375.33,375.29,375.33,0.01,488.72,186328.99,1
2021-11-29,2021-11-29 12:20:00,375.33,375.38,375.33,375.38,0.01,488.72,186328.99,1
2021-11-29,2021-11-29 12:30:00,375.38,375.42,375.38,375.42,0.01,488.72,186328.99,1
2021-11-29,2021-11-29 12:40:00,375.42,375.46,375.42,375.46,0.01,488.72,186328.99,1
2021-11-29,2021-11-29 12:50:00,375.46,375.5,375.46,375.5,0.01,488.72,186328.99,1
2021-11-29,2021-11-29 13:00:00,375.5,398.1,368.0,375.54,0.01,488.72,186328.99,1
2021-11-29,2021-11-29 13:10:00,375.54,375.58,375.54,375.58,0.01,488.72,186328.99,1
2021-11-29,2021-11-29 13:20:00,375.58,375.62,375.58,375.62,0.01,488.72,186328.99,1
2021-11-29,2021-11-29 13:30:00,375.62,375.67,375.62,375.67,0.01,488.72,186328.99,1
2021-11-29,2021-11-29 13:40:00,375.67,375.71,375.67,375.71,0.01,488.72,186328.99,1
2021-11-29,2021-11-29 13:50:00,375.71,375.75,375.71,375.75,0.01,488.72,186328.99,1
2021-11-29,2021-11-29 14:00:00,375.75,375.79,375.75,375.79,0.01,488.72,186328.99,1
2021-11-29,2021-11-29 14:10:00,375.79,375.83,375.79,375.83,0.01,488.72,186328.99,1
2021-11-29,2021-11-29 14:20:00,375.83,375.88,375.83,375.88,0.01,488.72,186328.99,1
2021-11-29,2021-11-29 14:30:00,375.88,375.92,375.88,375.92,0.01,488.72,186328.99,1
2021-11-29,2021-11-29 14:40:00,375.92,375.96,375.92,375.96,0.01,488.72,186328.99,1
2021-11-29,2021-11-29 14:50:00,375.96,376.0,375.96,376.0,0.01,488.72,186328.99,1
2021-11-29,2021-11-29 15:00:00,376.0,398.1,368.0,376.0,0.0,488.72,186328.99,0
2021-11-30,2021-11-30 11:00:00,383.5,385.45,379.45,383.6,0.03,230.96,86964.86,1
2021-11-30,2021-11-30 11:10:00,383.6,383.71,383.6,383.71,0.03,230.96,86964.86,1
2021-11-30,2021-11-30 11:20:00,383.71,383.81,383.71,383.81,0.03,230.96,86964.86,1
2021-11-30,2021-11-30 11:30:00,383.81,383.92,383.81,383.92,0.03,230.96,86964.86,1
2021-11-30,2021-11-30 11:40:00,383.92,384.02,383.92,384.02,0.03,230.96,86964.86,1
2021-11-30,2021-11-30 11:50:00,384.02,384.12,384.02,384.12,0.03,230.96,86964.86,1
2021-11-30,2021-11-30 12:00:00,384.12,384.23,384.12,384.23,0.03,230.96,86964.86,1
2021-11-30,2021-11-30 12:10:00,384.23,384.33,384.23,384.33,0.03,230.96,86964.86,1
2021-11-30,2021-11-30 12:20:00,384.33,384.44,384.33,384.44,0.03,230.96,86964.86,1
2021-11-30,2021-11-30 12:30:00,384.44,384.54,384.44,384.54,0.03,230.96,86964.86,1
2021-11-30,2021-11-30 12:40:00,384.54,384.65,384.54,384.65,0.03,230.96,86964.86,1
2021-11-30,2021-11-30 12:50:00,384.65,384.75,384.65,384.75,0.03,230.96,86964.86,1
2021-11-30,2021-11-30 13:00:00,384.75,390.0,370.0,384.85,0.03,230.96,86964.86,1
2021-11-30,2021-11-30 13:10:00,384.85,384.96,384.85,384.96,0.03,230.96,86964.86,1
2021-11-30,2021-11-30 13:20:00,384.96,385.06,384.96,385.06,0.03,230.96,86964.86,1
2021-11-30,2021-11-30 13:30:00,385.06,385.17,385.06,385.17,0.03,230.96,86964.86,1
2021-11-30,2021-11-30 13:40:00,385.17,385.27,385.17,385.27,0.03,230.96,86964.86,1
2021-11-30,2021-11-30 13:50:00,385.27,385.38,385.27,385.38,0.03,230.96,86964.86,1
2021-11-30,2021-11-30 14:00:00,385.38,385.48,385.38,385.48,0.03,230.96,86964.86,1
2021-11-30,2021-11-30 14:10:00,385.48,385.58,385.48,385.58,0.03,230.96,86964.86,1
2021-11-30,2021-11-30 14:20:00,385.58,385.69,385.58,385.69,0.03,230.96,86964.86,1
2021-11-30,2021-11-30 14:30:00,385.69,385.79,385.69,385.79,0.03,230.96,86964.86,1
2021-11-30,2021-11-30 14:40:00,385.79,385.9,385.79,385.9,0.03,230.96,86964.86,1
2021-11-30,2021-11-30 14:50:00,385.9,386.0,385.9,386.0,0.03,230.96,86964.86,1
2021-11-30,2021-11-30 15:00:00,386.0,390.0,370.0,386.0,0.0,230.96,86964.86,0
2021-12-01,2021-12-01 11:00:00,393.7,394.09,388.84,393.02,-0.17,278.28,107482.38,-1
2021-12-01,2021-12-01 11:10:00,393.02,393.02,392.35,392.35,-0.17,278.28,107482.38,-1
2021-12-01,2021-12-01 11:20:00,392.35,392.35,391.68,391.68,-0.17,278.28,107482.38,-1
2021-12-01,2021-12-01 11:30:00,391.68,391.68,391.0,391.0,-0.17,278.28,107482.38,-1
2021-12-01,2021-12-01 11:40:00,391.0,391.0,390.32,390.32,-0.17,278.28,107482.38,-1
2021-12-01,2021-12-01 11:50:00,390.32,390.32,389.65,389.65,-0.17,278.28,107482.38,-1
2021-12-01,2021-12-01 12:00:00,389.65,389.65,388.97,388.97,-0.17,278.28,107482.38,-1
2021-12-01,2021-12-01 12:10:00,388.97,388.97,388.3,388.3,-0.17,278.28,107482.38,-1
2021-12-01,2021-12-01 12:20:00,388.3,388.3,387.62,387.62,-0.18,278.28,107482.38,-1
2021-12-01,2021-12-01 12:30:00,387.62,387.62,386.95,386.95,-0.17,278.28,107482.38,-1
2021-12-01,2021-12-01 12:40:00,386.95,386.95,386.27,386.27,-0.18,278.28,107482.38,-1
2021-12-01,2021-12-01 12:50:00,386.27,386.27,385.6,385.6,-0.17,278.28,107482.38,-1
2021-12-01,2021-12-01 13:00:00,385.6,395.0,377.5,384.93,-0.17,278.28,107482.38,-1
2021-12-01,2021-12-01 13:10:00,384.93,384.93,384.25,384.25,-0.18,278.28,107482.38,-1
2021-12-01,2021-12-01 13:20:00,384.25,384.25,383.57,383.57,-0.18,278.28,107482.38,-1
2021-12-01,2021-12-01 13:30:00,383.57,383.57,382.9,382.9,-0.17,278.28,107482.38,-1
2021-12-01,2021-12-01 13:40:00,382.9,382.9,382.23,382.23,-0.17,278.28,107482.38,-1
2021-12-01,2021-12-01 13:50:00,382.23,382.23,381.55,381.55,-0.18,278.28,107482.38,-1
2021-12-01,2021-12-01 14:00:00,381.55,381.55,380.88,380.88,-0.18,278.28,107482.38,-1
2021-12-01,2021-12-01 14:10:00,380.88,380.88,380.2,380.2,-0.18,278.28,107482.38,-1
2021-12-01,2021-12-01 14:20:00,380.2,380.2,379.52,379.52,-0.18,278.28,107482.38,-1
2021-12-01,2021-12-01 14:30:00,379.52,379.52,378.85,378.85,-0.18,278.28,107482.38,-1
2021-12-01,2021-12-01 14:40:00,378.85,378.85,378.18,378.18,-0.18,278.28,107482.38,-1
2021-12-01,2021-12-01 14:50:00,378.18,378.18,377.5,377.5,-0.18,278.28,107482.38,-1
2021-12-01,2021-12-01 15:00:00,377.5,395.0,377.5,377.5,0.0,278.28,107482.38,0
2021-12-02,2021-12-02 11:00:00,370.1,376.37,366.5,370.51,0.11,339.48,124461.6,1
2021-12-02,2021-12-02 11:10:00,370.51,370.93,370.51,370.93,0.11,339.48,124461.6,1
2021-12-02,2021-12-02 11:20:00,370.93,371.34,370.93,371.34,0.11,339.48,124461.6,1
2021-12-02,2021-12-02 11:30:00,371.34,371.75,371.34,371.75,0.11,339.48,124461.6,1
2021-12-02,2021-12-02 11:40:00,371.75,372.16,371.75,372.16,0.11,339.48,124461.6,1
2021-12-02,2021-12-02 11:50:00,372.16,372.58,372.16,372.58,0.11,339.48,124461.6,1
2021-12-02,2021-12-02 12:00:00,372.58,372.99,372.58,372.99,0.11,339.48,124461.6,1
2021-12-02,2021-12-02 12:10:00,372.99,373.4,372.99,373.4,0.11,339.48,124461.6,1
2021-12-02,2021-12-02 12:20:00,373.4,373.81,373.4,373.81,0.11,339.48,124461.6,1
2021-12-02,2021-12-02 12:30:00,373.81,374.23,373.81,374.23,0.11,339.48,124461.6,1
2021-12-02,2021-12-02 12:40:00,374.23,374.64,374.23,374.64,0.11,339.48,124461.6,1
2021-12-02,2021-12-02 12:50:00,374.64,375.05,374.64,375.05,0.11,339.48,124461.6,1
2021-12-02,2021-12-02 13:00:00,375.05,391.0,358.1,375.46,0.11,339.48,124461.6,1
2021-12-02,2021-12-02 13:10:00,375.46,375.88,375.46,375.88,0.11,339.48,124461.6,1
2021-12-02,2021-12-02 13:20:00,375.88,376.29,375.88,376.29,0.11,339.48,124461.6,1
2021-12-02,2021-12-02 13:30:00,376.29,376.7,376.29,376.7,0.11,339.48,124461.6,1
2021-12-02,2021-12-02 13:40:00,376.7,377.11,376.7,377.11,0.11,339.48,124461.6,1
2021-12-02,2021-12-02 13:50:00,377.11,377.52,377.11,377.52,0.11,339.48,124461.6,1
2021-12-02,2021-12-02 14:00:00,377.52,377.94,377.52,377.94,0.11,339.48,124461.6,1
2021-12-02,2021-12-02 14:10:00,377.94,378.35,377.94,378.35,0.11,339.48,124461.6,1
2021-12-02,2021-12-02 14:20:00,378.35,378.76,378.35,378.76,0.11,339.48,124461.6,1
2021-12-02,2021-12-02 14:30:00,378.76,379.18,378.76,379.18,0.11,339.48,124461.6,1
2021-12-02,2021-12-02 14:40:00,379.18,379.59,379.18,379.59,0.11,339.48,124461.6,1
2021-12-02,2021-12-02 14:50:00,379.59,380.0,379.59,380.0,0.11,339.48,124461.6,1
2021-12-02,2021-12-02 15:00:00,380.0,391.0,358.1,380.0,0.0,339.48,124461.6,0
2021-12-05,2021-12-05 11:00:00,372.4,375.58,366.58,372.09,-0.08,707.48,256675.98,-1
2021-12-05,2021-12-05 11:10:00,372.09,372.09,371.78,371.78,-0.08,707.48,256675.98,-1
2021-12-05,2021-12-05 11:20:00,371.78,371.78,371.47,371.47,-0.08,707.48,256675.98,-1
2021-12-05,2021-12-05 11:30:00,371.47,371.47,371.17,371.17,-0.08,707.48,256675.98,-1
2021-12-05,2021-12-05 11:40:00,371.17,371.17,370.86,370.86,-0.08,707.48,256675.98,-1
2021-12-05,2021-12-05 11:50:00,370.86,370.86,370.55,370.55,-0.08,707.48,256675.98,-1
2021-12-05,2021-12-05 12:00:00,370.55,370.55,370.24,370.24,-0.08,707.48,256675.98,-1
2021-12-05,2021-12-05 12:10:00,370.24,370.24,369.93,369.93,-0.08,707.48,256675.98,-1
2021-12-05,2021-12-05 12:20:00,369.93,369.93,369.62,369.62,-0.08,707.48,256675.98,-1
2021-12-05,2021-12-05 12:30:00,369.62,369.62,369.32,369.32,-0.08,707.48,256675.98,-1
2021-12-05,2021-12-05 12:40:00,369.32,369.32,369.01,369.01,-0.08,707.48,256675.98,-1
2021-12-05,2021-12-05 12:50:00,369.01,369.01,368.7,368.7,-0.08,707.48,256675.98,-1
2021-12-05,2021-12-05 13:00:00,368.7,383.0,353.0,368.39,-0.08,707.48,256675.98,-1
2021-12-05,2021-12-05 13:10:00,368.39,368.39,368.08,368.08,-0.08,707.48,256675.98,-1
2021-12-05,2021-12-05 13:20:00,368.08,368.08,367.77,367.77,-0.08,707.48,256675.98,-1
2021-12-05,2021-12-05 13:30:00,367.77,367.77,367.47,367.47,-0.08,707.48,256675.98,-1
2021-12-05,2021-12-05 13:40:00,367.47,367.47,367.16,367.16,-0.08,707.48,256675.98,-1
2021-12-05,2021-12-05 13:50:00,367.16,367.16,366.85,366.85,-0.08,707.48,256675.98,-1
2021-12-05,2021-12-05 14:00:00,366.85,366.85,366.54,366.54,-0.08,707.48,256675.98,-1
2021-12-05,2021-12-05 14:10:00,366.54,366.54,366.23,366.23,-0.08,707.48,256675.98,-1
2021-12-05,2021-12-05 14:20:00,366.23,366.23,365.93,365.93,-0.08,707.48,256675.98,-1
2021-12-05,2021-12-05 14:30:00,365.93,365.93,365.62,365.62,-0.08,707.48,256675.98,-1
2021-12-05,2021-12-05 14:40:00,365.62,365.62,365.31,365.31,-0.08,707.48,256675.98,-1
2021-12-05,2021-12-05 14:50:00,365.31,365.31,365.0,365.0,-0.08,707.48,256675.98,-1
2021-12-05,2021-12-05 15:00:00,365.0,383.0,353.0,365.0,0.0,707.48,256675.98,0
2021-12-06,2021-12-06 11:00:00,357.7,362.89,349.39,358.42,0.2,315.32,112967.88,1
2021-12-06,2021-12-06 11:10:00,358.42,359.14,358.42,359.14,0.2,315.32,112967.88,1
2021-12-06,2021-12-06 11:20:00,359.14,359.86,359.14,359.86,0.2,315.32,112967.88,1
2021-12-06,2021-12-06 11:30:00,359.86,360.58,359.86,360.58,0.2,315.32,112967.88,1
2021-12-06,2021-12-06 11:40:00,360.58,361.3,360.58,361.3,0.2,315.32,112967.88,1
2021-12-06,2021-12-06 11:50:00,361.3,362.02,361.3,362.02,0.2,315.32,112967.88,1
2021-12-06,2021-12-06 12:00:00,362.02,362.75,362.02,362.75,0.2,315.32,112967.88,1
2021-12-06,2021-12-06 12:10:00,362.75,363.47,362.75,363.47,0.2,315.32,112967.88,1
2021-12-06,2021-12-06 12:20:00,363.47,364.19,363.47,364.19,0.2,315.32,112967.88,1
2021-12-06,2021-12-06 12:30:00,364.19,364.91,364.19,364.91,0.2,315.32,112967.88,1
2021-12-06,2021-12-06 12:40:00,364.91,365.63,364.91,365.63,0.2,315.32,112967.88,1
2021-12-06,2021-12-06 12:50:00,365.63,366.35,365.63,366.35,0.2,315.32,112967.88,1
2021-12-06,2021-12-06 13:00:00,366.35,375.0,330.0,367.07,0.2,315.32,112967.88,1
2021-12-06,2021-12-06 13:10:00,367.07,367.79,367.07,367.79,0.2,315.32,112967.88,1
2021-12-06,2021-12-06 13:20:00,367.79,368.51,367.79,368.51,0.2,315.32,112967.88,1
2021-12-06,2021-12-06 13:30:00,368.51,369.23,368.51,369.23,0.2,315.32,112967.88,1
2021-12-06,2021-12-06 13:40:00,369.23,369.95,369.23,369.95,0.2,315.32,112967.88,1
2021-12-06,2021-12-06 13:50:00,369.95,370.68,369.95,370.68,0.2,315.32,112967.88,1
2021-12-06,2021-12-06 14:00:00,370.68,371.4,370.68,371.4,0.19,315.32,112967.88,1
2021-12-06,2021-12-06 14:10:00,371.4,372.12,371.4,372.12,0.19,315.32,112967.88,1
2021-12-06,2021-12-06 14:20:00,372.12,372.84,372.12,372.84,0.19,315.32,112967.88,1
2021-12-06,2021-12-06 14:30:00,372.84,373.56,372.84,373.56,0.19,315.32,112967.88,1
2021-12-06,2021-12-06 14:40:00,373.56,374.28,373.56,374.28,0.19,315.32,112967.88,1
2021-12-06,2021-12-06 14:50:00,374.28,375.0,374.28,375.0,0.19,315.32,112967.88,1
2021-12-06,2021-12-06 15:00:00,375.0,375.0,330.0,375.0,0.0,315.32,112967.88,0
2021-12-07,2021-12-07 11:00:00,382.0,382.9,373.93,381.08,-0.24,261.12,96070.18,-1
2021-12-07,2021-12-07 11:10:00,381.08,381.08,380.16,380.16,-0.24,261.12,96070.18,-1
2021-12-07,2021-12-07 11:20:00,380.16,380.16,379.24,379.24,-0.24,261.12,96070.18,-1
2021-12-07,2021-12-07 11:30:00,379.24,379.24,378.32,378.32,-0.24,261.12,96070.18,-1
2021-12-07,2021-12-07 11:40:00,378.32,378.32,377.4,377.4,-0.24,261.12,96070.18,-1
2021-12-07,2021-12-07 11:50:00,377.4,377.4,376.48,376.48,-0.24,261.12,96070.18,-1
2021-12-07,2021-12-07 12:00:00,376.48,376.48,375.55,375.55,-0.25,261.12,96070.18,-1
2021-12-07,2021-12-07 12:10:00,375.55,375.55,374.63,374.63,-0.24,261.12,96070.18,-1
2021-12-07,2021-12-07 12:20:00,374.63,374.63,373.71,373.71,-0.25,261.12,96070.18,-1
2021-12-07,2021-12-07 12:30:00,373.71,373.71,372.79,372.79,-0.25,261.12,96070.18,-1
2021-12-07,2021-12-07 12:40:00,372.79,372.79,371.87,371.87,-0.25,261.12,96070.18,-1
2021-12-07,2021-12-07 12:50:00,371.87,371.87,370.95,370.95,-0.25,261.12,96070.18,-1
2021-12-07,2021-12-07 13:00:00,370.95,385.0,355.1,370.03,-0.25,261.12,96070.18,-1
2021-12-07,2021-12-07 13:10:00,370.03,370.03,369.11,369.11,-0.25,261.12,96070.18,-1
2021-12-07,2021-12-07 13:20:00,369.11,369.11,368.19,368.19,-0.25,261.12,96070.18,-1
2021-12-07,2021-12-07 13:30:00,368.19,368.19,367.27,367.27,-0.25,261.12,96070.18,-1
2021-12-07,2021-12-07 13:40:00,367.27,367.27,366.35,366.35,-0.25,261.12,96070.18,-1
2021-12-07,2021-12-07 13:50:00,366.35,366.35,365.42,365.42,-0.25,261.12,96070.18,-1
2021-12-07,2021-12-07 14:00:00,365.42,365.42,364.5,364.5,-0.25,261.12,96070.18,-1
2021-12-07,2021-12-07 14:10:00,364.5,364.5,363.58,363.58,-0.25,261.12,96070.18,-1
2021-12-07,2021-12-07 14:20:00,363.58,363.58,362.66,362.66,-0.25,261.12,96070.18,-1
2021-12-07,2021-12-07 14:30:00,362.66,362.66,361.74,361.74,-0.25,261.12,96070.18,-1
2021-12-07,2021-12-07 14:40:00,361.74,361.74,360.82,360.82,-0.25,261.12,96070.18,-1
2021-12-07,2021-12-07 14:50:00,360.82,360.82,359.9,359.9,-0.25,261.12,96070.18,-1
2021-12-07,2021-12-07 15:00:00,359.9,385.0,355.1,359.9,0.0,261.12,96070.18,0
2021-12-08,2021-12-08 11:00:00,352.8,354.36,345.96,353.02,0.06,606.0,205587.68,1
2021-12-08,2021-12-08 11:10:00,353.02,353.23,353.02,353.23,0.06,606.0,205587.68,1
2021-12-08,2021-12-08 11:20:00,353.23,353.45,353.23,353.45,0.06,606.0,205587.68,1
2021-12-08,2021-12-08 11:30:00,353.45,353.67,353.45,353.67,0.06,606.0,205587.68,1
2021-12-08,2021-12-08 11:40:00,353.67,353.88,353.67,353.88,0.06,606.0,205587.68,1
2021-12-08,2021-12-08 11:50:00,353.88,354.1,353.88,354.1,0.06,606.0,205587.68,1
2021-12-08,2021-12-08 12:00:00,354.1,354.32,354.1,354.32,0.06,606.0,205587.68,1
2021-12-08,2021-12-08 12:10:00,354.32,354.53,354.32,354.53,0.06,606.0,205587.68,1
2021-12-08,2021-12-08 12:20:00,354.53,354.75,354.53,354.75,0.06,606.0,205587.68,1
2021-12-08,2021-12-08 12:30:00,354.75,354.97,354.75,354.97,0.06,606.0,205587.68,1
2021-12-08,2021-12-08 12:40:00,354.97,355.18,354.97,355.18,0.06,606.0,205587.68,1
2021-12-08,2021-12-08 12:50:00,355.18,355.4,355.18,355.4,0.06,606.0,205587.68,1
2021-12-08,2021-12-08 13:00:00,355.4,358.0,330.0,355.62,0.06,606.0,205587.68,1
2021-12-08,2021-12-08 13:10:00,355.62,355.83,355.62,355.83,0.06,606.0,205587.68,1
2021-12-08,2021-12-08 13:20:00,355.83,356.05,355.83,356.05,0.06,606.0,205587.68,1
2021-12-08,2021-12-08 13:30:00,356.05,356.27,356.05,356.27,0.06,606.0,205587.68,1
2021-12-08,2021-12-08 13:40:00,356.27,356.48,356.27,356.48,0.06,606.0,205587.68,1
2021-12-08,2021-12-08 13:50:00,356.48,356.7,356.48,356.7,0.06,606.0,205587.68,1
2021-12-08,2021-12-08 14:00:00,356.7,356.92,356.7,356.92,0.06,606.0,205587.68,1
2021-12-08,2021-12-08 14:10:00,356.92,357.13,356.92,357.13,0.06,606.0,205587.68,1
2021-12-08,2021-12-08 14:20:00,357.13,357.35,357.13,357.35,0.06,606.0,205587.68,1
2021-12-08,2021-12-08 14:30:00,357.35,357.57,357.35,357.57,0.06,606.0,205587.68,1
2021-12-08,2021-12-08 14:40:00,357.57,357.78,357.57,357.78,0.06,606.0,205587.68,1
2021-12-08,2021-12-08 14:50:00,357.78,358.0,357.78,358.0,0.06,606.0,205587.68,1
2021-12-08,2021-12-08 15:00:00,358.0,358.0,330.0,358.0,0.0,606.0,205587.68,0
2021-12-09,2021-12-09 11:00:00,351.0,353.1,342.36,350.93,-0.02,851.32,287787.02,-1
2021-12-09,2021-12-09 11:10:00,350.93,350.93,350.86,350.86,-0.02,851.32,287787.02,-1
2021-12-09,2021-12-09 11:20:00,350.86,350.86,350.79,350.79,-0.02,851.32,287787.02,-1
2021-12-09,2021-12-09 11:30:00,350.79,350.79,350.72,350.72,-0.02,851.32,287787.02,-1
2021-12-09,2021-12-09 11:40:00,350.72,350.72,350.65,350.65,-0.02,851.32,287787.02,-1
2021-12-09,2021-12-09 11:50:00,350.65,350.65,350.57,350.57,-0.02,851.32,287787.02,-1
2021-12-09,2021-12-09 12:00:00,350.57,350.57,350.5,350.5,-0.02,851.32,287787.02,-1
2021-12-09,2021-12-09 12:10:00,350.5,350.5,350.43,350.43,-0.02,851.32,287787.02,-1
2021-12-09,2021-12-09 12:20:00,350.43,350.43,350.36,350.36,-0.02,851.32,287787.02,-1
2021-12-09,2021-12-09 12:30:00,350.36,350.36,350.29,350.29,-0.02,851.32,287787.02,-1
2021-12-09,2021-12-09 12:40:00,350.29,350.29,350.22,350.22,-0.02,851.32,287787.02,-1
2021-12-09,2021-12-09 12:50:00,350.22,350.22,350.15,350.15,-0.02,851.32,287787.02,-1
2021-12-09,2021-12-09 13:00:00,350.15,358.0,322.2,350.08,-0.02,851.32,287787.02,-1
2021-12-09,2021-12-09 13:10:00,350.08,350.08,350.01,350.01,-0.02,851.32,287787.02,-1
2021-12-09,2021-12-09 13:20:00,350.01,350.01,349.94,349.94,-0.02,851.32,287787.02,-1
2021-12-09,2021-12-09 13:30:00,349.94,349.94,349.87,349.87,-0.02,851.32,287787.02,-1
2021-12-09,2021-12-09 13:40:00,349.87,349.87,349.8,349.8,-0.02,851.32,287787.02,-1
2021-12-09,2021-12-09 13:50:00,349.8,349.8,349.73,349.73,-0.02,851.32,287787.02,-1
2021-12-09,2021-12-09 14:00:00,349.73,349.73,349.65,349.65,-0.02,851.32,287787.02,-1
2021-12-09,2021-12-09 14:10:00,349.65,349.65,349.58,349.58,-0.02,851.32,287787.02,-1
2021-12-09,2021-12-09 14:20:00,349.58,349.58,349.51,349.51,-0.02,851.32,287787.02,-1
2021-12-09,2021-12-09 14:30:00,349.51,349.51,349.44,349.44,-0.02,851.32,287787.02,-1
2021-12-09,2021-12-09 14:40:00,349.44,349.44,349.37,349.37,-0.02,851.32,287787.02,-1
2021-12-09,2021-12-09 14:50:00,349.37,349.37,349.3,349.3,-0.02,851.32,287787.02,-1
2021-12-09,2021-12-09 15:00:00,349.3,358.0,322.2,349.3,0.0,851.32,287787.02,0
2021-12-12,2021-12-12 11:00:00,348.0,348.0,339.0,346.75,-0.36,495.84,160326.68,-1
2021-12-12,2021-12-12 11:10:00,346.75,346.75,345.5,345.5,-0.36,495.84,160326.68,-1
2021-12-12,2021-12-12 11:20:00,345.5,345.5,344.25,344.25,-0.36,495.84,160326.68,-1
2021-12-12,2021-12-12 11:30:00,344.25,344.25,343.0,343.0,-0.36,495.84,160326.68,-1
2021-12-12,2021-12-12 11:40:00,343.0,343.0,341.75,341.75,-0.36,495.84,160326.68,-1
2021-12-12,2021-12-12 11:50:00,341.75,341.75,340.5,340.5,-0.37,495.84,160326.68,-1
2021-12-12,2021-12-12 12:00:00,340.5,340.5,339.25,339.25,-0.37,495.84,160326.68,-1
2021-12-12,2021-12-12 12:10:00,339.25,339.25,338.0,338.0,-0.37,495.84,160326.68,-1
2021-12-12,2021-12-12 12:20:00,338.0,338.0,336.75,336.75,-0.37,495.84,160326.68,-1
2021-12-12,2021-12-12 12:30:00,336.75,336.75,335.5,335.5,-0.37,495.84,160326.68,-1
2021-12-12,2021-12-12 12:40:00,335.5,335.5,334.25,334.25,-0.37,495.84,160326.68,-1
2021-12-12,2021-12-12 12:50:00,334.25,334.25,333.0,333.0,-0.37,495.84,160326.68,-1
2021-12-12,2021-12-12 13:00:00,333.0,348.0,318.0,331.75,-0.38,495.84,160326.68,-1
2021-12-12,2021-12-12 13:10:00,331.75,331.75,330.5,330.5,-0.38,495.84,160326.68,-1
2021-12-12,2021-12-12 13:20:00,330.5,330.5,329.25,329.25,-0.38,495.84,160326.68,-1
2021-12-12,2021-12-12 13:30:00,329.25,329.25,328.0,328.0,-0.38,495.84,160326.68,-1
2021-12-12,2021-12-12 13:40:00,328.0,328.0,326.75,326.75,-0.38,495.84,160326.68,-1
2021-12-12,2021-12-12 13:50:00,326.75,326.75,325.5,325.5,-0.38,495.84,160326.68,-1
2021-12-12,2021-12-12 14:00:00,325.5,325.5,324.25,324.25,-0.38,495.84,160326.68,-1
2021-12-12,2021-12-12 14:10:00,324.25,324.25,323.0,323.0,-0.39,495.84,160326.68,-1
2021-12-12,2021-12-12 14:20:00,323.0,323.0,321.75,321.75,-0.39,495.84,160326.68,-1
2021-12-12,2021-12-12 14:30:00,321.75,321.75,320.5,320.5,-0.39,495.84,160326.68,-1
2021-12-12,2021-12-12 14:40:00,320.5,320.5,319.25,319.25,-0.39,495.84,160326.68,-1
2021-12-12,2021-12-12 14:50:00,319.25,319.25,318.0,318.0,-0.39,495.84,160326.68,-1
2021-12-12,2021-12-12 15:00:00,318.0,348.0,318.0,318.0,0.0,495.84,160326.68,0
2021-12-13,2021-12-13 11:00:00,315.0,315.0,306.36,314.29,-0.23,753.16,221973.76,-1
2021-12-13,2021-12-13 11:10:00,314.29,314.29,313.57,313.57,-0.23,753.16,221973.76,-1
2021-12-13,2021-12-13 11:20:00,313.57,313.57,312.86,312.86,-0.23,753.16,221973.76,-1
2021-12-13,2021-12-13 11:30:00,312.86,312.86,312.15,312.15,-0.23,753.16,221973.76,-1
2021-12-13,2021-12-13 11:40:00,312.15,312.15,311.44,311.44,-0.23,753.16,221973.76,-1
2021-12-13,2021-12-13 11:50:00,311.44,311.44,310.73,310.73,-0.23,753.16,221973.76,-1
2021-12-13,2021-12-13 12:00:00,310.73,310.73,310.01,310.01,-0.23,753.16,221973.76,-1
2021-12-13,2021-12-13 12:10:00,310.01,310.01,309.3,309.3,-0.23,753.16,221973.76,-1
2021-12-13,2021-12-13 12:20:00,309.3,309.3,308.59,308.59,-0.23,753.16,221973.76,-1
2021-12-13,2021-12-13 12:30:00,308.59,308.59,307.88,307.88,-0.23,753.16,221973.76,-1
2021-12-13,2021-12-13 12:40:00,307.88,307.88,307.16,307.16,-0.23,753.16,221973.76,-1
2021-12-13,2021-12-13 12:50:00,307.16,307.16,306.45,306.45,-0.23,753.16,221973.76,-1
2021-12-13,2021-12-13 13:00:00,306.45,315.0,286.2,305.74,-0.23,753.16,221973.76,-1
2021-12-13,2021-12-13 13:10:00,305.74,305.74,305.02,305.02,-0.24,753.16,221973.76,-1
2021-12-13,2021-12-13 13:20:00,305.02,305.02,304.31,304.31,-0.23,753.16,221973.76,-1
2021-12-13,2021-12-13 13:30:00,304.31,304.31,303.6,303.6,-0.23,753.16,221973.76,-1
2021-12-13,2021-12-13 13:40:00,303.6,303.6,302.89,302.89,-0.23,753.16,221973.76,-1
2021-12-13,2021-12-13 13:50:00,302.89,302.89,302.17,302.17,-0.24,753.16,221973.76,-1
2021-12-13,2021-12-13 14:00:00,302.17,302.17,301.46,301.46,-0.23,753.16,221973.76,-1
2021-12-13,2021-12-13 14:10:00,301.46,301.46,300.75,300.75,-0.24,753.16,221973.76,-1
2021-12-13,2021-12-13 14:20:00,300.75,300.75,300.04,300.04,-0.24,753.16,221973.76,-1
2021-12-13,2021-12-13 14:30:00,300.04,300.04,299.32,299.32,-0.24,753.16,221973.76,-1
2021-12-13,2021-12-13 14:40:00,299.32,299.32,298.61,298.61,-0.24,753.16,221973.76,-1
2021-12-13,2021-12-13 14:50:00,298.61,298.61,297.9,297.9,-0.24,753.16,221973.76,-1
2021-12-13,2021-12-13 15:00:00,297.9,315.0,286.2,297.9,0.0,753.16,221973.76,0
2021-12-14,2021-12-14 11:00:00,301.1,307.22,301.1,301.9,0.27,424.08,134465.01,1
2021-12-14,2021-12-14 11:10:00,301.9,302.69,301.9,302.69,0.26,424.08,134465.01,1
2021-12-14,2021-12-14 11:20:00,302.69,303.49,302.69,303.49,0.26,424.08,134465.01,1
2021-12-14,2021-12-14 11:30:00,303.49,304.28,303.49,304.28,0.26,424.08,134465.01,1
2021-12-14,2021-12-14 11:40:00,304.28,305.08,304.28,305.08,0.26,424.08,134465.01,1
2021-12-14,2021-12-14 11:50:00,305.08,305.88,305.08,305.88,0.26,424.08,134465.01,1
2021-12-14,2021-12-14 12:00:00,305.88,306.67,305.88,306.67,0.26,424.08,134465.01,1
2021-12-14,2021-12-14 12:10:00,306.67,307.47,306.67,307.47,0.26,424.08,134465.01,1
2021-12-14,2021-12-14 12:20:00,307.47,308.26,307.47,308.26,0.26,424.08,134465.01,1
2021-12-14,2021-12-14 12:30:00,308.26,309.06,308.26,309.06,0.26,424.08,134465.01,1
2021-12-14,2021-12-14 12:40:00,309.06,309.85,309.06,309.85,0.26,424.08,134465.01,1
2021-12-14,2021-12-14 12:50:00,309.85,310.65,309.85,310.65,0.26,424.08,134465.01,1
2021-12-14,2021-12-14 13:00:00,310.65,321.5,301.1,311.45,0.26,424.08,134465.01,1
2021-12-14,2021-12-14 13:10:00,311.45,312.24,311.45,312.24,0.25,424.08,134465.01,1
2021-12-14,2021-12-14 13:20:00,312.24,313.04,312.24,313.04,0.26,424.08,134465.01,1
2021-12-14,2021-12-14 13:30:00,313.04,313.83,313.04,313.83,0.25,424.08,134465.01,1
2021-12-14,2021-12-14 13:40:00,313.83,314.63,313.83,314.63,0.25,424.08,134465.01,1
2021-12-14,2021-12-14 13:50:00,314.63,315.43,314.63,315.43,0.25,424.08,134465.01,1
2021-12-14,2021-12-14 14:00:00,315.43,316.22,315.43,316.22,0.25,424.08,134465.01,1
2021-12-14,2021-12-14 14:10:00,316.22,317.02,316.22,317.02,0.25,424.08,134465.01,1
2021-12-14,2021-12-14 14:20:00,317.02,317.81,317.02,317.81,0.25,424.08,134465.01,1
2021-12-14,2021-12-14 14:30:00,317.81,318.61,317.81,318.61,0.25,424.08,134465.01,1
2021-12-14,2021-12-14 14:40:00,318.61,319.4,318.61,319.4,0.25,424.08,134465.01,1
2021-12-14,2021-12-14 14:50:00,319.4,320.2,319.4,320.2,0.25,424.08,134465.01,1
2021-12-14,2021-12-14 15:00:00,320.2,321.5,301.1,320.2,0.0,424.08,134465.01,0
2021-12-15,2021-12-15 11:00:00,326.6,332.72,324.92,326.37,-0.07,810.32,268618.04,-1
2021-12-15,2021-12-15 11:10:00,326.37,326.37,326.13,326.13,-0.07,810.32,268618.04,-1
2021-12-15,2021-12-15 11:20:00,326.13,326.13,325.9,325.9,-0.07,810.32,268618.04,-1
2021-12-15,2021-12-15 11:30:00,325.9,325.9,325.67,325.67,-0.07,810.32,268618.04,-1
2021-12-15,2021-12-15 11:40:00,325.67,325.67,325.43,325.43,-0.07,810.32,268618.04,-1
2021-12-15,2021-12-15 11:50:00,325.43,325.43,325.2,325.2,-0.07,810.32,268618.04,-1
2021-12-15,2021-12-15 12:00:00,325.2,325.2,324.97,324.97,-0.07,810.32,268618.04,-1
2021-12-15,2021-12-15 12:10:00,324.97,324.97,324.73,324.73,-0.07,810.32,268618.04,-1
2021-12-15,2021-12-15 12:20:00,324.73,324.73,324.5,324.5,-0.07,810.32,268618.04,-1
2021-12-15,2021-12-15 12:30:00,324.5,324.5,324.27,324.27,-0.07,810.32,268618.04,-1
2021-12-15,2021-12-15 12:40:00,324.27,324.27,324.03,324.03,-0.07,810.32,268618.04,-1
2021-12-15,2021-12-15 12:50:00,324.03,324.03,323.8,323.8,-0.07,810.32,268618.04,-1
2021-12-15,2021-12-15 13:00:00,323.8,347.0,321.0,323.57,-0.07,810.32,268618.04,-1
2021-12-15,2021-12-15 13:10:00,323.57,323.57,323.33,323.33,-0.07,810.32,268618.04,-1
2021-12-15,2021-12-15 13:20:00,323.33,323.33,323.1,323.1,-0.07,810.32,268618.04,-1
2021-12-15,2021-12-15 13:30:00,323.1,323.1,322.87,322.87,-0.07,810.32,268618.04,-1
2021-12-15,2021-12-15 13:40:00,322.87,322.87,322.63,322.63,-0.07,810.32,268618.04,-1
2021-12-15,2021-12-15 13:50:00,322.63,322.63,322.4,322.4,-0.07,810.32,268618.04,-1
2021-12-15,2021-12-15 14:00:00,322.4,322.4,322.17,322.17,-0.07,810.32,268618.04,-1
2021-12-15,2021-12-15 14:10:00,322.17,322.17,321.93,321.93,-0.07,810.32,268618.04,-1
2021-12-15,2021-12-15 14:20:00,321.93,321.93,321.7,321.7,-0.07,810.32,268618.04,-1
2021-12-15,2021-12-15 14:30:00,321.7,321.7,321.47,321.47,-0.07,810.32,268618.04,-1
2021-12-15,2021-12-15 14:40:00,321.47,321.47,321.23,321.23,-0.07,810.32,268618.04,-1
2021-12-15,2021-12-15 14:50:00,321.23,321.23,321.0,321.0,-0.07,810.32,268618.04,-1
2021-12-15,2021-12-15 15:00:00,321.0,347.0,321.0,321.0,0.0,810.32,268618.04,0
2021-12-16,2021-12-16 11:00:00,314.6,316.43,311.39,314.16,-0.14,184.8,56826.17,-1
2021-12-16,2021-12-16 11:10:00,314.16,314.16,313.72,313.72,-0.14,184.8,56826.17,-1
2021-12-16,2021-12-16 11:20:00,313.72,313.72,313.28,313.28,-0.14,184.8,56826.17,-1
2021-12-16,2021-12-16 11:30:00,313.28,313.28,312.83,312.83,-0.14,184.8,56826.17,-1
2021-12-16,2021-12-16 11:40:00,312.83,312.83,312.39,312.39,-0.14,184.8,56826.17,-1
2021-12-16,2021-12-16 11:50:00,312.39,312.39,311.95,311.95,-0.14,184.8,56826.17,-1
2021-12-16,2021-12-16 12:00:00,311.95,311.95,311.51,311.51,-0.14,184.8,56826.17,-1
2021-12-16,2021-12-16 12:10:00,311.51,311.51,311.07,311.07,-0.14,184.8,56826.17,-1
2021-12-16,2021-12-16 12:20:00,311.07,311.07,310.62,310.62,-0.14,184.8,56826.17,-1
2021-12-16,2021-12-16 12:30:00,310.62,310.62,310.18,310.18,-0.14,184.8,56826.17,-1
2021-12-16,2021-12-16 12:40:00,310.18,310.18,309.74,309.74,-0.14,184.8,56826.17,-1
2021-12-16,2021-12-16 12:50:00,309.74,309.74,309.3,309.3,-0.14,184.8,56826.17,-1
2021-12-16,2021-12-16 13:00:00,309.3,320.7,303.9,308.86,-0.14,184.8,56826.17,-1
2021-12-16,2021-12-16 13:10:00,308.86,308.86,308.42,308.42,-0.14,184.8,56826.17,-1
2021-12-16,2021-12-16 13:20:00,308.42,308.42,307.98,307.98,-0.14,184.8,56826.17,-1
2021-12-16,2021-12-16 13:30:00,307.98,307.98,307.53,307.53,-0.15,184.8,56826.17,-1
2021-12-16,2021-12-16 13:40:00,307.53,307.53,307.09,307.09,-0.14,184.8,56826.17,-1
2021-12-16,2021-12-16 13:50:00,307.09,307.09,306.65,306.65,-0.14,184.8,56826.17,-1
2021-12-16,2021-12-16 14:00:00,306.65,306.65,306.21,306.21,-0.14,184.8,56826.17,-1
2021-12-16,2021-12-16 14:10:00,306.21,306.21,305.77,305.77,-0.14,184.8,56826.17,-1
2021-12-16,2021-12-16 14:20:00,305.77,305.77,305.32,305.32,-0.15,184.8,56826.17,-1
2021-12-16,2021-12-16 14:30:00,305.32,305.32,304.88,304.88,-0.14,184.8,56826.17,-1
2021-12-16,2021-12-16 14:40:00,304.88,304.88,304.44,304.44,-0.14,184.8,56826.17,-1
2021-12-16,2021-12-16 14:50:00,304.44,304.44,304.0,304.0,-0.14,184.8,56826.17,-1
2021-12-16,2021-12-16 15:00:00,304.0,320.7,303.9,304.0,0.0,184.8,56826.17,0
2021-12-20,2021-12-20 11:00:00,298.0,301.57,296.5,298.38,0.13,197.52,59204.64,1
2021-12-20,2021-12-20 11:10:00,298.38,298.75,298.38,298.75,0.12,197.52,59204.64,1
2021-12-20,2021-12-20 11:20:00,298.75,299.12,298.75,299.12,0.12,197.52,59204.64,1
2021-12-20,2021-12-20 11:30:00,299.12,299.5,299.12,299.5,0.13,197.52,59204.64,1
2021-12-20,2021-12-20 11:40:00,299.5,299.88,299.5,299.88,0.13,197.52,59204.64,1
2021-12-20,2021-12-20 11:50:00,299.88,300.25,299.88,300.25,0.12,197.52,59204.64,1
2021-12-20,2021-12-20 12:00:00,300.25,300.62,300.25,300.62,0.12,197.52,59204.64,1
2021-12-20,2021-12-20 12:10:00,300.62,301.0,300.62,301.0,0.13,197.52,59204.64,1
2021-12-20,2021-12-20 12:20:00,301.0,301.38,301.0,301.38,0.13,197.52,59204.64,1
2021-12-20,2021-12-20 12:30:00,301.38,301.75,301.38,301.75,0.12,197.52,59204.64,1
2021-12-20,2021-12-20 12:40:00,301.75,302.12,301.75,302.12,0.12,197.52,59204.64,1
2021-12-20,2021-12-20 12:50:00,302.12,302.5,302.12,302.5,0.13,197.52,59204.64,1
2021-12-20,2021-12-20 13:00:00,302.5,309.9,293.0,302.88,0.13,197.52,59204.64,1
2021-12-20,2021-12-20 13:10:00,302.88,303.25,302.88,303.25,0.12,197.52,59204.64,1
2021-12-20,2021-12-20 13:20:00,303.25,303.62,303.25,303.62,0.12,197.52,59204.64,1
2021-12-20,2021-12-20 13:30:00,303.62,304.0,303.62,304.0,0.13,197.52,59204.64,1
2021-12-20,2021-12-20 13:40:00,304.0,304.38,304.0,304.38,0.12,197.52,59204.64,1
2021-12-20,2021-12-20 13:50:00,304.38,304.75,304.38,304.75,0.12,197.52,59204.64,1
2021-12-20,2021-12-20 14:00:00,304.75,305.12,304.75,305.12,0.12,197.52,59204.64,1
2021-12-20,2021-12-20 14:10:00,305.12,305.5,305.12,305.5,0.12,197.52,59204.64,1
2021-12-20,2021-12-20 14:20:00,305.5,305.88,305.5,305.88,0.12,197.52,59204.64,1
2021-12-20,2021-12-20 14:30:00,305.88,306.25,305.88,306.25,0.12,197.52,59204.64,1
2021-12-20,2021-12-20 14:40:00,306.25,306.62,306.25,306.62,0.12,197.52,59204.64,1
2021-12-20,2021-12-20 14:50:00,306.62,307.0,306.62,307.0,0.12,197.52,59204.64,1
2021-12-20,2021-12-20 15:00:00,307.0,309.9,293.0,307.0,0.0,197.52,59204.64,0
2021-12-21,2021-12-21 11:00:00,307.0,311.47,306.1,307.62,0.2,58.4,18370.2,1
2021-12-21,2021-12-21 11:10:00,307.62,308.24,307.62,308.24,0.2,58.4,18370.2,1
2021-12-21,2021-12-21 11:20:00,308.24,308.86,308.24,308.86,0.2,58.4,18370.2,1
2021-12-21,2021-12-21 11:30:00,308.86,309.48,308.86,309.48,0.2,58.4,18370.2,1
2021-12-21,2021-12-21 11:40:00,309.48,310.1,309.48,310.1,0.2,58.4,18370.2,1
2021-12-21,2021-12-21 11:50:00,310.1,310.73,310.1,310.73,0.2,58.4,18370.2,1
2021-12-21,2021-12-21 12:00:00,310.73,311.35,310.73,311.35,0.2,58.4,18370.2,1
2021-12-21,2021-12-21 12:10:00,311.35,311.97,311.35,311.97,0.2,58.4,18370.2,1
2021-12-21,2021-12-21 12:20:00,311.97,312.59,311.97,312.59,0.2,58.4,18370.2,1
2021-12-21,2021-12-21 12:30:00,312.59,313.21,312.59,313.21,0.2,58.4,18370.2,1
2021-12-21,2021-12-21 12:40:00,313.21,313.83,313.21,313.83,0.2,58.4,18370.2,1
2021-12-21,2021-12-21 12:50:00,313.83,314.45,313.83,314.45,0.2,58.4,18370.2,1
2021-12-21,2021-12-21 13:00:00,314.45,321.9,304.0,315.07,0.2,58.4,18370.2,1
2021-12-21,2021-12-21 13:10:00,315.07,315.69,315.07,315.69,0.2,58.4,18370.2,1
2021-12-21,2021-12-21 13:20:00,315.69,316.31,315.69,316.31,0.2,58.4,18370.2,1
2021-12-21,2021-12-21 13:30:00,316.31,316.93,316.31,316.93,0.2,58.4,18370.2,1
2021-12-21,2021-12-21 13:40:00,316.93,317.55,316.93,317.55,0.2,58.4,18370.2,1
2021-12-21,2021-12-21 13:50:00,317.55,318.17,317.55,318.17,0.2,58.4,18370.2,1
2021-12-21,2021-12-21 14:00:00,318.17,318.8,318.17,318.8,0.2,58.4,18370.2,1
2021-12-21,2021-12-21 14:10:00,318.8,319.42,318.8,319.42,0.19,58.4,18370.2,1
2021-12-21,2021-12-21 14:20:00,319.42,320.04,319.42,320.04,0.19,58.4,18370.2,1
2021-12-21,2021-12-21 14:30:00,320.04,320.66,320.04,320.66,0.19,58.4,18370.2,1
2021-12-21,2021-12-21 14:40:00,320.66,321.28,320.66,321.28,0.19,58.4,18370.2,1
2021-12-21,2021-12-21 14:50:00,321.28,321.9,321.28,321.9,0.19,58.4,18370.2,1
2021-12-21,2021-12-21 15:00:00,321.9,321.9,304.0,321.9,0.0,58.4,18370.2,0
2021-12-22,2021-12-22 11:00:00,321.9,325.53,321.33,322.24,0.11,656.92,215581.88,1
2021-12-22,2021-12-22 11:10:00,322.24,322.57,322.24,322.57,0.1,656.92,215581.88,1
2021-12-22,2021-12-22 11:20:00,322.57,322.91,322.57,322.91,0.11,656.92,215581.88,1
2021-12-22,2021-12-22 11:30:00,322.91,323.25,322.91,323.25,0.11,656.92,215581.88,1
2021-12-22,2021-12-22 11:40:00,323.25,323.59,323.25,323.59,0.11,656.92,215581.88,1
2021-12-22,2021-12-22 11:50:00,323.59,323.92,323.59,323.92,0.1,656.92,215581.88,1
2021-12-22,2021-12-22 12:00:00,323.92,324.26,323.92,324.26,0.1,656.92,215581.88,1
2021-12-22,2021-12-22 12:10:00,324.26,324.6,324.26,324.6,0.1,656.92,215581.88,1
2021-12-22,2021-12-22 12:20:00,324.6,324.94,324.6,324.94,0.1,656.92,215581.88,1
2021-12-22,2021-12-22 12:30:00,324.94,325.27,324.94,325.27,0.1,656.92,215581.88,1
2021-12-22,2021-12-22 12:40:00,325.27,325.61,325.27,325.61,0.1,656.92,215581.88,1
2021-12-22,2021-12-22 12:50:00,325.61,325.95,325.61,325.95,0.1,656.92,215581.88,1
2021-12-22,2021-12-22 13:00:00,325.95,334.0,320.0,326.29,0.1,656.92,215581.88,1
2021-12-22,2021-12-22 13:10:00,326.29,326.62,326.29,326.62,0.1,656.92,215581.88,1
2021-12-22,2021-12-22 13:20:00,326.62,326.96,326.62,326.96,0.1,656.92,215581.88,1
2021-12-22,2021-12-22 13:30:00,326.96,327.3,326.96,327.3,0.1,656.92,215581.88,1
2021-12-22,2021-12-22 13:40:00,327.3,327.64,327.3,327.64,0.1,656.92,215581.88,1
2021-12-22,2021-12-22 13:50:00,327.64,327.98,327.64,327.98,0.1,656.92,215581.88,1
2021-12-22,2021-12-22 14:00:00,327.98,328.31,327.98,328.31,0.1,656.92,215581.88,1
2021-12-22,2021-12-22 14:10:00,328.31,328.65,328.31,328.65,0.1,656.92,215581.88,1
2021-12-22,2021-12-22 14:20:00,328.65,328.99,328.65,328.99,0.1,656.92,215581.88,1
2021-12-22,2021-12-22 14:30:00,328.99,329.32,328.99,329.32,0.1,656.92,215581.88,1
2021-12-22,2021-12-22 14:40:00,329.32,329.66,329.32,329.66,0.1,656.92,215581.88,1
2021-12-22,2021-12-22 14:50:00,329.66,330.0,329.66,330.0,0.1,656.92,215581.88,1
2021-12-22,2021-12-22 15:00:00,330.0,334.0,320.0,330.0,0.0,656.92,215581.88,0
2021-12-23,2021-12-23 11:00:00,329.9,337.13,328.16,330.03,0.04,904.72,305539.42,1
2021-12-23,2021-12-23 11:10:00,330.03,330.16,330.03,330.16,0.04,904.72,305539.42,1
2021-12-23,2021-12-23 11:20:00,330.16,330.29,330.16,330.29,0.04,904.72,305539.42,1
2021-12-23,2021-12-23 11:30:00,330.29,330.42,330.29,330.42,0.04,904.72,305539.42,1
2021-12-23,2021-12-23 11:40:00,330.42,330.55,330.42,330.55,0.04,904.72,305539.42,1
2021-12-23,2021-12-23 11:50:00,330.55,330.67,330.55,330.67,0.04,904.72,305539.42,1
2021-12-23,2021-12-23 12:00:00,330.67,330.8,330.67,330.8,0.04,904.72,305539.42,1
2021-12-23,2021-12-23 12:10:00,330.8,330.93,330.8,330.93,0.04,904.72,305539.42,1
2021-12-23,2021-12-23 12:20:00,330.93,331.06,330.93,331.06,0.04,904.72,305539.42,1
2021-12-23,2021-12-23 12:30:00,331.06,331.19,331.06,331.19,0.04,904.72,305539.42,1
2021-12-23,2021-12-23 12:40:00,331.19,331.32,331.19,331.32,0.04,904.72,305539.42,1
2021-12-23,2021-12-23 12:50:00,331.32,331.45,331.32,331.45,0.04,904.72,305539.42,1
2021-12-23,2021-12-23 13:00:00,331.45,354.0,324.1,331.58,0.04,904.72,305539.42,1
2021-12-23,2021-12-23 13:10:00,331.58,331.71,331.58,331.71,0.04,904.72,305539.42,1
2021-12-23,2021-12-23 13:20:00,331.71,331.84,331.71,331.84,0.04,904.72,305539.42,1
2021-12-23,2021-12-23 13:30:00,331.84,331.97,331.84,331.97,0.04,904.72,305539.42,1
2021-12-23,2021-12-23 13:40:00,331.97,332.1,331.97,332.1,0.04,904.72,305539.42,1
2021-12-23,2021-12-23 13:50:00,332.1,332.23,332.1,332.23,0.04,904.72,305539.42,1
2021-12-23,2021-12-23 14:00:00,332.23,332.35,332.23,332.35,0.04,904.72,305539.42,1
2021-12-23,2021-12-23 14:10:00,332.35,332.48,332.35,332.48,0.04,904.72,305539.42,1
2021-12-23,2021-12-23 14:20:00,332.48,332.61,332.48,332.61,0.04,904.72,305539.42,1
2021-12-23,2021-12-23 14:30:00,332.61,332.74,332.61,332.74,0.04,904.72,305539.42,1
2021-12-23,2021-12-23 14:40:00,332.74,332.87,332.74,332.87,0.04,904.72,305539.42,1
2021-12-23,2021-12-23 14:50:00,332.87,333.0,332.87,333.0,0.04,904.72,305539.42,1
2021-12-23,2021-12-23 15:00:00,333.0,354.0,324.1,333.0,0.0,904.72,305539.42,0
2021-12-26,2021-12-26 11:00:00,326.4,330.48,324.78,326.47,0.02,2336.12,760143.52,1
2021-12-26,2021-12-26 11:10:00,326.47,326.53,326.47,326.53,0.02,2336.12,760143.52,1
2021-12-26,2021-12-26 11:20:00,326.53,326.6,326.53,326.6,0.02,2336.12,760143.52,1
2021-12-26,2021-12-26 11:30:00,326.6,326.67,326.6,326.67,0.02,2336.12,760143.52,1
2021-12-26,2021-12-26 11:40:00,326.67,326.73,326.67,326.73,0.02,2336.12,760143.52,1
2021-12-26,2021-12-26 11:50:00,326.73,326.8,326.73,326.8,0.02,2336.12,760143.52,1
2021-12-26,2021-12-26 12:00:00,326.8,326.87,326.8,326.87,0.02,2336.12,760143.52,1
2021-12-26,2021-12-26 12:10:00,326.87,326.93,326.87,326.93,0.02,2336.12,760143.52,1
2021-12-26,2021-12-26 12:20:00,326.93,327.0,326.93,327.0,0.02,2336.12,760143.52,1
2021-12-26,2021-12-26 12:30:00,327.0,327.07,327.0,327.07,0.02,2336.12,760143.52,1
2021-12-26,2021-12-26 12:40:00,327.07,327.13,327.07,327.13,0.02,2336.12,760143.52,1
2021-12-26,2021-12-26 12:50:00,327.13,327.2,327.13,327.2,0.02,2336.12,760143.52,1
2021-12-26,2021-12-26 13:00:00,327.2,340.0,321.0,327.27,0.02,2336.12,760143.52,1
2021-12-26,2021-12-26 13:10:00,327.27,327.33,327.27,327.33,0.02,2336.12,760143.52,1
2021-12-26,2021-12-26 13:20:00,327.33,327.4,327.33,327.4,0.02,2336.12,760143.52,1
2021-12-26,2021-12-26 13:30:00,327.4,327.47,327.4,327.47,0.02,2336.12,760143.52,1
2021-12-26,2021-12-26 13:40:00,327.47,327.53,327.47,327.53,0.02,2336.12,760143.52,1
2021-12-26,2021-12-26 13:50:00,327.53,327.6,327.53,327.6,0.02,2336.12,760143.52,1
2021-12-26,2021-12-26 14:00:00,327.6,327.67,327.6,327.67,0.02,2336.12,760143.52,1
2021-12-26,2021-12-26 14:10:00,327.67,327.73,327.67,327.73,0.02,2336.12,760143.52,1
2021-12-26,2021-12-26 14:20:00,327.73,327.8,327.73,327.8,0.02,2336.12,760143.52,1
2021-12-26,2021-12-26 14:30:00,327.8,327.87,327.8,327.87,0.02,2336.12,760143.52,1
2021-12-26,2021-12-26 14:40:00,327.87,327.93,327.87,327.93,0.02,2336.12,760143.52,1
2021-12-26,2021-12-26 14:50:00,327.93,328.0,327.93,328.0,0.02,2336.12,760143.52,1
2021-12-26,2021-12-26 15:00:00,328.0,340.0,321.0,328.0,0.0,2336.12,760143.52,0
2021-12-27,2021-12-27 11:00:00,328.2,334.11,319.14,327.02,-0.36,12436.48,3995411.84,-1
2021-12-27,2021-12-27 11:10:00,327.02,327.02,325.85,325.85,-0.36,12436.48,3995411.84,-1
2021-12-27,2021-12-27 11:20:00,325.85,325.85,324.68,324.68,-0.36,12436.48,3995411.84,-1
2021-12-27,2021-12-27 11:30:00,324.68,324.68,323.5,323.5,-0.36,12436.48,3995411.84,-1
2021-12-27,2021-12-27 11:40:00,323.5,323.5,322.32,322.32,-0.36,12436.48,3995411.84,-1
2021-12-27,2021-12-27 11:50:00,322.32,322.32,321.15,321.15,-0.36,12436.48,3995411.84,-1
2021-12-27,2021-12-27 12:00:00,321.15,321.15,319.97,319.97,-0.37,12436.48,3995411.84,-1
2021-12-27,2021-12-27 12:10:00,319.97,319.97,318.8,318.8,-0.37,12436.48,3995411.84,-1
2021-12-27,2021-12-27 12:20:00,318.8,318.8,317.62,317.62,-0.37,12436.48,3995411.84,-1
2021-12-27,2021-12-27 12:30:00,317.62,317.62,316.45,316.45,-0.37,12436.48,3995411.84,-1
2021-12-27,2021-12-27 12:40:00,316.45,316.45,315.27,315.27,-0.37,12436.48,3995411.84,-1
2021-12-27,2021-12-27 12:50:00,315.27,315.27,314.1,314.1,-0.37,12436.48,3995411.84,-1
2021-12-27,2021-12-27 13:00:00,314.1,347.9,298.0,312.93,-0.37,12436.48,3995411.84,-1
2021-12-27,2021-12-27 13:10:00,312.93,312.93,311.75,311.75,-0.38,12436.48,3995411.84,-1
2021-12-27,2021-12-27 13:20:00,311.75,311.75,310.57,310.57,-0.38,12436.48,3995411.84,-1
2021-12-27,2021-12-27 13:30:00,310.57,310.57,309.4,309.4,-0.38,12436.48,3995411.84,-1
2021-12-27,2021-12-27 13:40:00,309.4,309.4,308.23,308.23,-0.38,12436.48,3995411.84,-1
2021-12-27,2021-12-27 13:50:00,308.23,308.23,307.05,307.05,-0.38,12436.48,3995411.84,-1
2021-12-27,2021-12-27 14:00:00,307.05,307.05,305.88,305.88,-0.38,12436.48,3995411.84,-1
2021-12-27,2021-12-27 14:10:00,305.88,305.88,304.7,304.7,-0.39,12436.48,3995411.84,-1
2021-12-27,2021-12-27 14:20:00,304.7,304.7,303.52,303.52,-0.39,12436.48,3995411.84,-1
2021-12-27,2021-12-27 14:30:00,303.52,303.52,302.35,302.35,-0.39,12436.48,3995411.84,-1
2021-12-27,2021-12-27 14:40:00,302.35,302.35,301.18,301.18,-0.39,12436.48,3995411.84,-1
2021-12-27,2021-12-27 14:50:00,301.18,301.18,300.0,300.0,-0.39,12436.48,3995411.84,-1
2021-12-27,2021-12-27 15:00:00,300.0,347.9,298.0,300.0,0.0,12436.48,3995411.84,0
2021-12-28,2021-12-28 11:00:00,302.0,306.86,301.07,302.33,0.11,7081.96,2155535.02,1
2021-12-28,2021-12-28 11:10:00,302.33,302.67,302.33,302.67,0.11,7081.96,2155535.02,1
2021-12-28,2021-12-28 11:20:00,302.67,303.0,302.67,303.0,0.11,7081.96,2155535.02,1
2021-12-28,2021-12-28 11:30:00,303.0,303.33,303.0,303.33,0.11,7081.96,2155535.02,1
2021-12-28,2021-12-28 11:40:00,303.33,303.67,303.33,303.67,0.11,7081.96,2155535.02,1
2021-12-28,2021-12-28 11:50:00,303.67,304.0,303.67,304.0,0.11,7081.96,2155535.02,1
2021-12-28,2021-12-28 12:00:00,304.0,304.33,304.0,304.33,0.11,7081.96,2155535.02,1
2021-12-28,2021-12-28 12:10:00,304.33,304.67,304.33,304.67,0.11,7081.96,2155535.02,1
2021-12-28,2021-12-28 12:20:00,304.67,305.0,304.67,305.0,0.11,7081.96,2155535.02,1
2021-12-28,2021-12-28 12:30:00,305.0,305.33,305.0,305.33,0.11,7081.96,2155535.02,1
2021-12-28,2021-12-28 12:40:00,305.33,305.67,305.33,305.67,0.11,7081.96,2155535.02,1
2021-12-28,2021-12-28 12:50:00,305.67,306.0,305.67,306.0,0.11,7081.96,2155535.02,1
2021-12-28,2021-12-28 13:00:00,306.0,318.2,298.9,306.33,0.11,7081.96,2155535.02,1
2021-12-28,2021-12-28 13:10:00,306.33,306.67,306.33,306.67,0.11,7081.96,2155535.02,1
2021-12-28,2021-12-28 13:20:00,306.67,307.0,306.67,307.0,0.11,7081.96,2155535.02,1
2021-12-28,2021-12-28 13:30:00,307.0,307.33,307.0,307.33,0.11,7081.96,2155535.02,1
2021-12-28,2021-12-28 13:40:00,307.33,307.67,307.33,307.67,0.11,7081.96,2155535.02,1
2021-12-28,2021-12-28 13:50:00,307.67,308.0,307.67,308.0,0.11,7081.96,2155535.02,1
2021-12-28,2021-12-28 14:00:00,308.0,308.33,308.0,308.33,0.11,7081.96,2155535.02,1
2021-12-28,2021-12-28 14:10:00,308.33,308.67,308.33,308.67,0.11,7081.96,2155535.02,1
2021-12-28,2021-12-28 14:20:00,308.67,309.0,308.67,309.0,0.11,7081.96,2155535.02,1
2021-12-28,2021-12-28 14:30:00,309.0,309.33,309.0,309.33,0.11,7081.96,2155535.02,1
2021-12-28,2021-12-28 14:40:00,309.33,309.67,309.33,309.67,0.11,7081.96,2155535.02,1
2021-12-28,2021-12-28 14:50:00,309.67,310.0,309.67,310.0,0.11,7081.96,2155535.02,1
2021-12-28,2021-12-28 15:00:00,310.0,318.2,298.9,310.0,0.0,7081.96,2155535.02,0
2021-12-29,2021-12-29 11:00:00,316.0,316.0,311.2,315.46,-0.17,2150.52,652507.82,-1
2021-12-29,2021-12-29 11:10:00,315.46,315.46,314.92,314.92,-0.17,2150.52,652507.82,-1
2021-12-29,2021-12-29 11:20:00,314.92,314.92,314.38,314.38,-0.17,2150.52,652507.82,-1
2021-12-29,2021-12-29 11:30:00,314.38,314.38,313.83,313.83,-0.17,2150.52,652507.82,-1
2021-12-29,2021-12-29 11:40:00,313.83,313.83,313.29,313.29,-0.17,2150.52,652507.82,-1
2021-12-29,2021-12-29 11:50:00,313.29,313.29,312.75,312.75,-0.17,2150.52,652507.82,-1
2021-12-29,2021-12-29 12:00:00,312.75,312.75,312.21,312.21,-0.17,2150.52,652507.82,-1
2021-12-29,2021-12-29 12:10:00,312.21,312.21,311.67,311.67,-0.17,2150.52,652507.82,-1
2021-12-29,2021-12-29 12:20:00,311.67,311.67,311.12,311.12,-0.18,2150.52,652507.82,-1
2021-12-29,2021-12-29 12:30:00,311.12,311.12,310.58,310.58,-0.17,2150.52,652507.82,-1
2021-12-29,2021-12-29 12:40:00,310.58,310.58,310.04,310.04,-0.17,2150.52,652507.82,-1
2021-12-29,2021-12-29 12:50:00,310.04,310.04,309.5,309.5,-0.17,2150.52,652507.82,-1
2021-12-29,2021-12-29 13:00:00,309.5,316.0,300.0,308.96,-0.17,2150.52,652507.82,-1
2021-12-29,2021-12-29 13:10:00,308.96,308.96,308.42,308.42,-0.17,2150.52,652507.82,-1
2021-12-29,2021-12-29 13:20:00,308.42,308.42,307.88,307.88,-0.18,2150.52,652507.82,-1
2021-12-29,2021-12-29 13:30:00,307.88,307.88,307.33,307.33,-0.18,2150.52,652507.82,-1
2021-12-29,2021-12-29 13:40:00,307.33,307.33,306.79,306.79,-0.18,2150.52,652507.82,-1
2021-12-29,2021-12-29 13:50:00,306.79,306.79,306.25,306.25,-0.18,2150.52,652507.82,-1
2021-12-29,2021-12-29 14:00:00,306.25,306.25,305.71,305.71,-0.18,2150.52,652507.82,-1
2021-12-29,2021-12-29 14:10:00,305.71,305.71,305.17,305.17,-0.18,2150.52,652507.82,-1
2021-12-29,2021-12-29 14:20:00,305.17,305.17,304.62,304.62,-0.18,2150.52,652507.82,-1
2021-12-29,2021-12-29 14:30:00,304.62,304.62,304.08,304.08,-0.18,2150.52,652507.82,-1
2021-12-29,2021-12-29 14:40:00,304.08,304.08,303.54,303.54,-0.18,2150.52,652507.82,-1
2021-12-29,2021-12-29 14:50:00,303.54,303.54,303.0,303.0,-0.18,2150.52,652507.82,-1
2021-12-29,2021-12-29 15:00:00,303.0,316.0,300.0,303.0,0.0,2150.52,652507.82,0
2022-01-02,2022-01-02 11:00:00,304.0,304.6,302.2,303.91,-0.03,1591.52,477931.2,-1
2022-01-02,2022-01-02 11:10:00,303.91,303.91,303.82,303.82,-0.03,1591.52,477931.2,-1
2022-01-02,2022-01-02 11:20:00,303.82,303.82,303.74,303.74,-0.03,1591.52,477931.2,-1
2022-01-02,2022-01-02 11:30:00,303.74,303.74,303.65,303.65,-0.03,1591.52,477931.2,-1
2022-01-02,2022-01-02 11:40:00,303.65,303.65,303.56,303.56,-0.03,1591.52,477931.2,-1
2022-01-02,2022-01-02 11:50:00,303.56,303.56,303.48,303.48,-0.03,1591.52,477931.2,-1
2022-01-02,2022-01-02 12:00:00,303.48,303.48,303.39,303.39,-0.03,1591.52,477931.2,-1
2022-01-02,2022-01-02 12:10:00,303.39,303.39,303.3,303.3,-0.03,1591.52,477931.2,-1
2022-01-02,2022-01-02 12:20:00,303.3,303.3,303.21,303.21,-0.03,1591.52,477931.2,-1
2022-01-02,2022-01-02 12:30:00,303.21,303.21,303.12,303.12,-0.03,1591.52,477931.2,-1
2022-01-02,2022-01-02 12:40:00,303.12,303.12,303.04,303.04,-0.03,1591.52,477931.2,-1
2022-01-02,2022-01-02 12:50:00,303.04,303.04,302.95,302.95,-0.03,1591.52,477931.2,-1
2022-01-02,2022-01-02 13:00:00,302.95,306.0,298.0,302.86,-0.03,1591.52,477931.2,-1
2022-01-02,2022-01-02 13:10:00,302.86,302.86,302.77,302.77,-0.03,1591.52,477931.2,-1
2022-01-02,2022-01-02 13:20:00,302.77,302.77,302.69,302.69,-0.03,1591.52,477931.2,-1
2022-01-02,2022-01-02 13:30:00,302.69,302.69,302.6,302.6,-0.03,1591.52,477931.2,-1
2022-01-02,2022-01-02 13:40:00,302.6,302.6,302.51,302.51,-0.03,1591.52,477931.2,-1
2022-01-02,2022-01-02 13:50:00,302.51,302.51,302.42,302.42,-0.03,1591.52,477931.2,-1
2022-01-02,2022-01-02 14:00:00,302.42,302.42,302.34,302.34,-0.03,1591.52,477931.2,-1
2022-01-02,2022-01-02 14:10:00,302.34,302.34,302.25,302.25,-0.03,1591.52,477931.2,-1
2022-01-02,2022-01-02 14:20:00,302.25,302.25,302.16,302.16,-0.03,1591.52,477931.2,-1
2022-01-02,2022-01-02 14:30:00,302.16,302.16,302.07,302.07,-0.03,1591.52,477931.2,-1
2022-01-02,2022-01-02 14:40:00,302.07,302.07,301.99,301.99,-0.03,1591.52,477931.2,-1
2022-01-02,2022-01-02 14:50:00,301.99,301.99,301.9,301.9,-0.03,1591.52,477931.2,-1
2022-01-02,2022-01-02 15:00:00,301.9,306.0,298.0,301.9,0.0,1591.52,477931.2,0
2022-01-03,2022-01-03 11:00:00,306.0,306.57,303.0,305.65,-0.11,1946.36,583909.96,-1
2022-01-03,2022-01-03 11:10:00,305.65,305.65,305.31,305.31,-0.11,1946.36,583909.96,-1
2022-01-03,2022-01-03 11:20:00,305.31,305.31,304.96,304.96,-0.11,1946.36,583909.96,-1
2022-01-03,2022-01-03 11:30:00,304.96,304.96,304.62,304.62,-0.11,1946.36,583909.96,-1
2022-01-03,2022-01-03 11:40:00,304.62,304.62,304.27,304.27,-0.11,1946.36,583909.96,-1
2022-01-03,2022-01-03 11:50:00,304.27,304.27,303.93,303.93,-0.11,1946.36,583909.96,-1
2022-01-03,2022-01-03 12:00:00,303.93,303.93,303.58,303.58,-0.12,1946.36,583909.96,-1
2022-01-03,2022-01-03 12:10:00,303.58,303.58,303.23,303.23,-0.12,1946.36,583909.96,-1
2022-01-03,2022-01-03 12:20:00,303.23,303.23,302.89,302.89,-0.11,1946.36,583909.96,-1
2022-01-03,2022-01-03 12:30:00,302.89,302.89,302.54,302.54,-0.12,1946.36,583909.96,-1
2022-01-03,2022-01-03 12:40:00,302.54,302.54,302.2,302.2,-0.11,1946.36,583909.96,-1
2022-01-03,2022-01-03 12:50:00,302.2,302.2,301.85,301.85,-0.12,1946.36,583909.96,-1
2022-01-03,2022-01-03 13:00:00,301.85,307.9,296.0,301.5,-0.12,1946.36,583909.96,-1
2022-01-03,2022-01-03 13:10:00,301.5,301.5,301.16,301.16,-0.11,1946.36,583909.96,-1
2022-01-03,2022-01-03 13:20:00,301.16,301.16,300.81,300.81,-0.12,1946.36,583909.96,-1
2022-01-03,2022-01-03 13:30:00,300.81,300.81,300.47,300.47,-0.11,1946.36,583909.96,-1
2022-01-03,2022-01-03 13:40:00,300.47,300.47,300.12,300.12,-0.12,1946.36,583909.96,-1
2022-01-03,2022-01-03 13:50:00,300.12,300.12,299.77,299.77,-0.12,1946.36,583909.96,-1
2022-01-03,2022-01-03 14:00:00,299.77,299.77,299.43,299.43,-0.11,1946.36,583909.96,-1
2022-01-03,2022-01-03 14:10:00,299.43,299.43,299.08,299.08,-0.12,1946.36,583909.96,-1
2022-01-03,2022-01-03 14:20:00,299.08,299.08,298.74,298.74,-0.11,1946.36,583909.96,-1
2022-01-03,2022-01-03 14:30:00,298.74,298.74,298.39,298.39,-0.12,1946.36,583909.96,-1
2022-01-03,2022-01-03 14:40:00,298.39,298.39,298.05,298.05,-0.11,1946.36,583909.96,-1
2022-01-03,2022-01-03 14:50:00,298.05,298.05,297.7,297.7,-0.12,1946.36,583909.96,-1
2022-01-03,2022-01-03 15:00:00,297.7,307.9,296.0,297.7,0.0,1946.36,583909.96,0
2022-01-04,2022-01-04 11:00:00,296.0,297.8,295.1,296.08,0.03,2894.12,857851.65,1
2022-01-04,2022-01-04 11:10:00,296.08,296.17,296.08,296.17,0.03,2894.12,857851.65,1
2022-01-04,2022-01-04 11:20:00,296.17,296.25,296.17,296.25,0.03,2894.12,857851.65,1
2022-01-04,2022-01-04 11:30:00,296.25,296.33,296.25,296.33,0.03,2894.12,857851.65,1
2022-01-04,2022-01-04 11:40:00,296.33,296.42,296.33,296.42,0.03,2894.12,857851.65,1
2022-01-04,2022-01-04 11:50:00,296.42,296.5,296.42,296.5,0.03,2894.12,857851.65,1
2022-01-04,2022-01-04 12:00:00,296.5,296.58,296.5,296.58,0.03,2894.12,857851.65,1
2022-01-04,2022-01-04 12:10:00,296.58,296.67,296.58,296.67,0.03,2894.12,857851.65,1
2022-01-04,2022-01-04 12:20:00,296.67,296.75,296.67,296.75,0.03,2894.12,857851.65,1
2022-01-04,2022-01-04 12:30:00,296.75,296.83,296.75,296.83,0.03,2894.12,857851.65,1
2022-01-04,2022-01-04 12:40:00,296.83,296.92,296.83,296.92,0.03,2894.12,857851.65,1
2022-01-04,2022-01-04 12:50:00,296.92,297.0,296.92,297.0,0.03,2894.12,857851.65,1
2022-01-04,2022-01-04 13:00:00,297.0,302.0,293.0,297.08,0.03,2894.12,857851.65,1
2022-01-04,2022-01-04 13:10:00,297.08,297.17,297.08,297.17,0.03,2894.12,857851.65,1
2022-01-04,2022-01-04 13:20:00,297.17,297.25,297.17,297.25,0.03,2894.12,857851.65,1
2022-01-04,2022-01-04 13:30:00,297.25,297.33,297.25,297.33,0.03,2894.12,857851.65,1
2022-01-04,2022-01-04 13:40:00,297.33,297.42,297.33,297.42,0.03,2894.12,857851.65,1
2022-01-04,2022-01-04 13:50:00,297.42,297.5,297.42,297.5,0.03,2894.12,857851.65,1
2022-01-04,2022-01-04 14:00:00,297.5,297.58,297.5,297.58,0.03,2894.12,857851.65,1
2022-01-04,2022-01-04 14:10:00,297.58,297.67,297.58,297.67,0.03,2894.12,857851.65,1
2022-01-04,2022-01-04 14:20:00,297.67,297.75,297.67,297.75,0.03,2894.12,857851.65,1
2022-01-04,2022-01-04 14:30:00,297.75,297.83,297.75,297.83,0.03,2894.12,857851.65,1
2022-01-04,2022-01-04 14:40:00,297.83,297.92,297.83,297.92,0.03,2894.12,857851.65,1
2022-01-04,2022-01-04 14:50:00,297.92,298.0,297.92,298.0,0.03,2894.12,857851.65,1
2022-01-04,2022-01-04 15:00:00,298.0,302.0,293.0,298.0,0.0,2894.12,857851.65,0
2022-01-05,2022-01-05 11:00:00,300.0,303.9,298.5,300.0,0.0,5811.0,1764691.5,0
2022-01-05,2022-01-05 11:10:00,300.0,300.01,300.0,300.01,0.0,5811.0,1764691.5,1
2022-01-05,2022-01-05 11:20:00,300.01,300.01,300.01,300.01,0.0,5811.0,1764691.5,0
2022-01-05,2022-01-05 11:30:00,300.01,300.02,300.01,300.02,0.0,5811.0,1764691.5,1
2022-01-05,2022-01-05 11:40:00,300.02,300.02,300.02,300.02,0.0,5811.0,1764691.5,0
2022-01-05,2022-01-05 11:50:00,300.02,300.02,300.02,300.02,0.0,5811.0,1764691.5,0
2022-01-05,2022-01-05 12:00:00,300.02,300.03,300.02,300.03,0.0,5811.0,1764691.5,1
2022-01-05,2022-01-05 12:10:00,300.03,300.03,300.03,300.03,0.0,5811.0,1764691.5,0
2022-01-05,2022-01-05 12:20:00,300.03,300.04,300.03,300.04,0.0,5811.0,1764691.5,1
2022-01-05,2022-01-05 12:30:00,300.04,300.04,300.04,300.04,0.0,5811.0,1764691.5,0
2022-01-05,2022-01-05 12:40:00,300.04,300.05,300.04,300.05,0.0,5811.0,1764691.5,1
2022-01-05,2022-01-05 12:50:00,300.05,300.05,300.05,300.05,0.0,5811.0,1764691.5,0
2022-01-05,2022-01-05 13:00:00,300.05,313.0,295.0,300.05,0.0,5811.0,1764691.5,0
2022-01-05,2022-01-05 13:10:00,300.05,300.06,300.05,300.06,0.0,5811.0,1764691.5,1
2022-01-05,2022-01-05 13:20:00,300.06,300.06,300.06,300.06,0.0,5811.0,1764691.5,0
2022-01-05,2022-01-05 13:30:00,300.06,300.07,300.06,300.07,0.0,5811.0,1764691.5,1
2022-01-05,2022-01-05 13:40:00,300.07,300.07,300.07,300.07,0.0,5811.0,1764691.5,0
2022-01-05,2022-01-05 13:50:00,300.07,300.08,300.07,300.08,0.0,5811.0,1764691.5,1
2022-01-05,2022-01-05 14:00:00,300.08,300.08,300.08,300.08,0.0,5811.0,1764691.5,0
2022-01-05,2022-01-05 14:10:00,300.08,300.08,300.08,300.08,0.0,5811.0,1764691.5,0
2022-01-05,2022-01-05 14:20:00,300.08,300.09,300.08,300.09,0.0,5811.0,1764691.5,1
2022-01-05,2022-01-05 14:30:00,300.09,300.09,300.09,300.09,0.0,5811.0,1764691.5,0
2022-01-05,2022-01-05 14:40:00,300.09,300.1,300.09,300.1,0.0,5811.0,1764691.5,1
2022-01-05,2022-01-05 14:50:00,300.1,300.1,300.1,300.1,0.0,5811.0,1764691.5,0
2022-01-05,2022-01-05 15:00:00,300.1,313.0,295.0,300.1,0.0,5811.0,1764691.5,0
2022-01-06,2022-01-06 11:00:00,298.0,300.7,297.1,298.33,0.11,2954.2,890626.9,1
2022-01-06,2022-01-06 11:10:00,298.33,298.67,298.33,298.67,0.11,2954.2,890626.9,1
2022-01-06,2022-01-06 11:20:00,298.67,299.0,298.67,299.0,0.11,2954.2,890626.9,1
2022-01-06,2022-01-06 11:30:00,299.0,299.33,299.0,299.33,0.11,2954.2,890626.9,1
2022-01-06,2022-01-06 11:40:00,299.33,299.67,299.33,299.67,0.11,2954.2,890626.9,1
2022-01-06,2022-01-06 11:50:00,299.67,300.0,299.67,300.0,0.11,2954.2,890626.9,1
2022-01-06,2022-01-06 12:00:00,300.0,300.33,300.0,300.33,0.11,2954.2,890626.9,1
2022-01-06,2022-01-06 12:10:00,300.33,300.67,300.33,300.67,0.11,2954.2,890626.9,1
2022-01-06,2022-01-06 12:20:00,300.67,301.0,300.67,301.0,0.11,2954.2,890626.9,1
2022-01-06,2022-01-06 12:30:00,301.0,301.33,301.0,301.33,0.11,2954.2,890626.9,1
2022-01-06,2022-01-06 12:40:00,301.33,301.67,301.33,301.67,0.11,2954.2,890626.9,1
2022-01-06,2022-01-06 12:50:00,301.67,302.0,301.67,302.0,0.11,2954.2,890626.9,1
2022-01-06,2022-01-06 13:00:00,302.0,307.0,295.0,302.33,0.11,2954.2,890626.9,1
2022-01-06,2022-01-06 13:10:00,302.33,302.67,302.33,302.67,0.11,2954.2,890626.9,1
2022-01-06,2022-01-06 13:20:00,302.67,303.0,302.67,303.0,0.11,2954.2,890626.9,1
2022-01-06,2022-01-06 13:30:00,303.0,303.33,303.0,303.33,0.11,2954.2,890626.9,1
2022-01-06,2022-01-06 13:40:00,303.33,303.67,303.33,303.67,0.11,2954.2,890626.9,1
2022-01-06,2022-01-06 13:50:00,303.67,304.0,303.67,304.0,0.11,2954.2,890626.9,1
2022-01-06,2022-01-06 14:00:00,304.0,304.33,304.0,304.33,0.11,2954.2,890626.9,1
2022-01-06,2022-01-06 14:10:00,304.33,304.67,304.33,304.67,0.11,2954.2,890626.9,1
2022-01-06,2022-01-06 14:20:00,304.67,305.0,304.67,305.0,0.11,2954.2,890626.9,1
2022-01-06,2022-01-06 14:30:00,305.0,305.33,305.0,305.33,0.11,2954.2,890626.9,1
2022-01-06,2022-01-06 14:40:00,305.33,305.67,305.33,305.67,0.11,2954.2,890626.9,1
2022-01-06,2022-01-06 14:50:00,305.67,306.0,305.67,306.0,0.11,2954.2,890626.9,1
2022-01-06,2022-01-06 15:00:00,306.0,307.0,295.0,306.0,0.0,2954.2,890626.9,0
2022-01-09,2022-01-09 11:00:00,312.1,314.44,310.27,312.39,0.09,6646.48,2092949.18,1
2022-01-09,2022-01-09 11:10:00,312.39,312.68,312.39,312.68,0.09,6646.48,2092949.18,1
2022-01-09,2022-01-09 11:20:00,312.68,312.96,312.68,312.96,0.09,6646.48,2092949.18,1
2022-01-09,2022-01-09 11:30:00,312.96,313.25,312.96,313.25,0.09,6646.48,2092949.18,1
2022-01-09,2022-01-09 11:40:00,313.25,313.54,313.25,313.54,0.09,6646.48,2092949.18,1
2022-01-09,2022-01-09 11:50:00,313.54,313.83,313.54,313.83,0.09,6646.48,2092949.18,1
2022-01-09,2022-01-09 12:00:00,313.83,314.11,313.83,314.11,0.09,6646.48,2092949.18,1
2022-01-09,2022-01-09 12:10:00,314.11,314.4,314.11,314.4,0.09,6646.48,2092949.18,1
2022-01-09,2022-01-09 12:20:00,314.4,314.69,314.4,314.69,0.09,6646.48,2092949.18,1
2022-01-09,2022-01-09 12:30:00,314.69,314.98,314.69,314.98,0.09,6646.48,2092949.18,1
2022-01-09,2022-01-09 12:40:00,314.98,315.26,314.98,315.26,0.09,6646.48,2092949.18,1
2022-01-09,2022-01-09 12:50:00,315.26,315.55,315.26,315.55,0.09,6646.48,2092949.18,1
2022-01-09,2022-01-09 13:00:00,315.55,319.9,306.0,315.84,0.09,6646.48,2092949.18,1
2022-01-09,2022-01-09 13:10:00,315.84,316.12,315.84,316.12,0.09,6646.48,2092949.18,1
2022-01-09,2022-01-09 13:20:00,316.12,316.41,316.12,316.41,0.09,6646.48,2092949.18,1
2022-01-09,2022-01-09 13:30:00,316.41,316.7,316.41,316.7,0.09,6646.48,2092949.18,1
2022-01-09,2022-01-09 13:40:00,316.7,316.99,316.7,316.99,0.09,6646.48,2092949.18,1
2022-01-09,2022-01-09 13:50:00,316.99,317.27,316.99,317.27,0.09,6646.48,2092949.18,1
2022-01-09,2022-01-09 14:00:00,317.27,317.56,317.27,317.56,0.09,6646.48,2092949.18,1
2022-01-09,2022-01-09 14:10:00,317.56,317.85,317.56,317.85,0.09,6646.48,2092949.18,1
2022-01-09,2022-01-09 14:20:00,317.85,318.14,317.85,318.14,0.09,6646.48,2092949.18,1
2022-01-09,2022-01-09 14:30:00,318.14,318.43,318.14,318.43,0.09,6646.48,2092949.18,1
2022-01-09,2022-01-09 14:40:00,318.43,318.71,318.43,318.71,0.09,6646.48,2092949.18,1
2022-01-09,2022-01-09 14:50:00,318.71,319.0,318.71,319.0,0.09,6646.48,2092949.18,1
2022-01-09,2022-01-09 15:00:00,319.0,319.9,306.0,319.0,0.0,6646.48,2092949.18,0
2022-01-10,2022-01-10 11:00:00,325.3,331.81,324.01,325.91,0.19,7581.36,2542812.59,1
2022-01-10,2022-01-10 11:10:00,325.91,326.53,325.91,326.53,0.19,7581.36,2542812.59,1
2022-01-10,2022-01-10 11:20:00,326.53,327.14,326.53,327.14,0.19,7581.36,2542812.59,1
2022-01-10,2022-01-10 11:30:00,327.14,327.75,327.14,327.75,0.19,7581.36,2542812.59,1
2022-01-10,2022-01-10 11:40:00,327.75,328.36,327.75,328.36,0.19,7581.36,2542812.59,1
2022-01-10,2022-01-10 11:50:00,328.36,328.98,328.36,328.98,0.19,7581.36,2542812.59,1
2022-01-10,2022-01-10 12:00:00,328.98,329.59,328.98,329.59,0.19,7581.36,2542812.59,1
2022-01-10,2022-01-10 12:10:00,329.59,330.2,329.59,330.2,0.19,7581.36,2542812.59,1
2022-01-10,2022-01-10 12:20:00,330.2,330.81,330.2,330.81,0.18,7581.36,2542812.59,1
2022-01-10,2022-01-10 12:30:00,330.81,331.43,330.81,331.43,0.19,7581.36,2542812.59,1
2022-01-10,2022-01-10 12:40:00,331.43,332.04,331.43,332.04,0.18,7581.36,2542812.59,1
2022-01-10,2022-01-10 12:50:00,332.04,332.65,332.04,332.65,0.18,7581.36,2542812.59,1
2022-01-10,2022-01-10 13:00:00,332.65,347.0,321.0,333.26,0.18,7581.36,2542812.59,1
2022-01-10,2022-01-10 13:10:00,333.26,333.88,333.26,333.88,0.19,7581.36,2542812.59,1
2022-01-10,2022-01-10 13:20:00,333.88,334.49,333.88,334.49,0.18,7581.36,2542812.59,1
2022-01-10,2022-01-10 13:30:00,334.49,335.1,334.49,335.1,0.18,7581.36,2542812.59,1
2022-01-10,2022-01-10 13:40:00,335.1,335.71,335.1,335.71,0.18,7581.36,2542812.59,1
2022-01-10,2022-01-10 13:50:00,335.71,336.32,335.71,336.32,0.18,7581.36,2542812.59,1
2022-01-10,2022-01-10 14:00:00,336.32,336.94,336.32,336.94,0.18,7581.36,2542812.59,1
2022-01-10,2022-01-10 14:10:00,336.94,337.55,336.94,337.55,0.18,7581.36,2542812.59,1
2022-01-10,2022-01-10 14:20:00,337.55,338.16,337.55,338.16,0.18,7581.36,2542812.59,1
2022-01-10,2022-01-10 14:30:00,338.16,338.77,338.16,338.77,0.18,7581.36,2542812.59,1
2022-01-10,2022-01-10 14:40:00,338.77,339.39,338.77,339.39,0.18,7581.36,2542812.59,1
2022-01-10,2022-01-10 14:50:00,339.39,340.0,339.39,340.0,0.18,7581.36,2542812.59,1
2022-01-10,2022-01-10 15:00:00,340.0,347.0,321.0,340.0,0.0,7581.36,2542812.59,0
2022-01-11,2022-01-11 11:00:00,345.0,346.2,340.5,345.04,0.01,3333.4,1142529.72,1
2022-01-11,2022-01-11 11:10:00,345.04,345.08,345.04,345.08,0.01,3333.4,1142529.72,1
2022-01-11,2022-01-11 11:20:00,345.08,345.12,345.08,345.12,0.01,3333.4,1142529.72,1
2022-01-11,2022-01-11 11:30:00,345.12,345.17,345.12,345.17,0.01,3333.4,1142529.72,1
2022-01-11,2022-01-11 11:40:00,345.17,345.21,345.17,345.21,0.01,3333.4,1142529.72,1
2022-01-11,2022-01-11 11:50:00,345.21,345.25,345.21,345.25,0.01,3333.4,1142529.72,1
2022-01-11,2022-01-11 12:00:00,345.25,345.29,345.25,345.29,0.01,3333.4,1142529.72,1
2022-01-11,2022-01-11 12:10:00,345.29,345.33,345.29,345.33,0.01,3333.4,1142529.72,1
2022-01-11,2022-01-11 12:20:00,345.33,345.38,345.33,345.38,0.01,3333.4,1142529.72,1
2022-01-11,2022-01-11 12:30:00,345.38,345.42,345.38,345.42,0.01,3333.4,1142529.72,1
2022-01-11,2022-01-11 12:40:00,345.42,345.46,345.42,345.46,0.01,3333.4,1142529.72,1
2022-01-11,2022-01-11 12:50:00,345.46,345.5,345.46,345.5,0.01,3333.4,1142529.72,1
2022-01-11,2022-01-11 13:00:00,345.5,349.0,330.0,345.54,0.01,3333.4,1142529.72,1
2022-01-11,2022-01-11 13:10:00,345.54,345.58,345.54,345.58,0.01,3333.4,1142529.72,1
2022-01-11,2022-01-11 13:20:00,345.58,345.62,345.58,345.62,0.01,3333.4,1142529.72,1
2022-01-11,2022-01-11 13:30:00,345.62,345.67,345.62,345.67,0.01,3333.4,1142529.72,1
2022-01-11,2022-01-11 13:40:00,345.67,345.71,345.67,345.71,0.01,3333.4,1142529.72,1
2022-01-11,2022-01-11 13:50:00,345.71,345.75,345.71,345.75,0.01,3333.4,1142529.72,1
2022-01-11,2022-01-11 14:00:00,345.75,345.79,345.75,345.79,0.01,3333.4,1142529.72,1
2022-01-11,2022-01-11 14:10:00,345.79,345.83,345.79,345.83,0.01,3333.4,1142529.72,1
2022-01-11,2022-01-11 14:20:00,345.83,345.88,345.83,345.88,0.01,3333.4,1142529.72,1
2022-01-11,2022-01-11 14:30:00,345.88,345.92,345.88,345.92,0.01,3333.4,1142529.72,1
2022-01-11,2022-01-11 14:40:00,345.92,345.96,345.92,345.96,0.01,3333.4,1142529.72,1
2022-01-11,2022-01-11 14:50:00,345.96,346.0,345.96,346.0,0.01,3333.4,1142529.72,1
2022-01-11,2022-01-11 15:00:00,346.0,349.0,330.0,346.0,0.0,3333.4,1142529.72,0
2022-01-12,2022-01-12 11:00:00,340.0,342.64,335.83,339.46,-0.16,7973.4,2671028.45,-1
2022-01-12,2022-01-12 11:10:00,339.46,339.46,338.92,338.92,-0.16,7973.4,2671028.45,-1
2022-01-12,2022-01-12 11:20:00,338.92,338.92,338.38,338.38,-0.16,7973.4,2671028.45,-1
2022-01-12,2022-01-12 11:30:00,338.38,338.38,337.83,337.83,-0.16,7973.4,2671028.45,-1
2022-01-12,2022-01-12 11:40:00,337.83,337.83,337.29,337.29,-0.16,7973.4,2671028.45,-1
2022-01-12,2022-01-12 11:50:00,337.29,337.29,336.75,336.75,-0.16,7973.4,2671028.45,-1
2022-01-12,2022-01-12 12:00:00,336.75,336.75,336.21,336.21,-0.16,7973.4,2671028.45,-1
2022-01-12,2022-01-12 12:10:00,336.21,336.21,335.67,335.67,-0.16,7973.4,2671028.45,-1
2022-01-12,2022-01-12 12:20:00,335.67,335.67,335.12,335.12,-0.16,7973.4,2671028.45,-1
2022-01-12,2022-01-12 12:30:00,335.12,335.12,334.58,334.58,-0.16,7973.4,2671028.45,-1
2022-01-12,2022-01-12 12:40:00,334.58,334.58,334.04,334.04,-0.16,7973.4,2671028.45,-1
2022-01-12,2022-01-12 12:50:00,334.04,334.04,333.5,333.5,-0.16,7973.4,2671028.45,-1
2022-01-12,2022-01-12 13:00:00,333.5,348.8,326.1,332.96,-0.16,7973.4,2671028.45,-1
2022-01-12,2022-01-12 13:10:00,332.96,332.96,332.42,332.42,-0.16,7973.4,2671028.45,-1
2022-01-12,2022-01-12 13:20:00,332.42,332.42,331.88,331.88,-0.16,7973.4,2671028.45,-1
2022-01-12,2022-01-12 13:30:00,331.88,331.88,331.33,331.33,-0.17,7973.4,2671028.45,-1
2022-01-12,2022-01-12 13:40:00,331.33,331.33,330.79,330.79,-0.16,7973.4,2671028.45,-1
2022-01-12,2022-01-12 13:50:00,330.79,330.79,330.25,330.25,-0.16,7973.4,2671028.45,-1
2022-01-12,2022-01-12 14:00:00,330.25,330.25,329.71,329.71,-0.16,7973.4,2671028.45,-1
2022-01-12,2022-01-12 14:10:00,329.71,329.71,329.17,329.17,-0.16,7973.4,2671028.45,-1
2022-01-12,2022-01-12 14:20:00,329.17,329.17,328.62,328.62,-0.17,7973.4,2671028.45,-1
2022-01-12,2022-01-12 14:30:00,328.62,328.62,328.08,328.08,-0.16,7973.4,2671028.45,-1
2022-01-12,2022-01-12 14:40:00,328.08,328.08,327.54,327.54,-0.16,7973.4,2671028.45,-1
2022-01-12,2022-01-12 14:50:00,327.54,327.54,327.0,327.0,-0.16,7973.4,2671028.45,-1
2022-01-12,2022-01-12 15:00:00,327.0,348.8,326.1,327.0,0.0,7973.4,2671028.45,0
2022-01-13,2022-01-13 11:00:00,325.0,328.9,323.2,325.5,0.15,5724.92,1891847.16,1
2022-01-13,2022-01-13 11:10:00,325.5,326.0,325.5,326.0,0.15,5724.92,1891847.16,1
2022-01-13,2022-01-13 11:20:00,326.0,326.5,326.0,326.5,0.15,5724.92,1891847.16,1
2022-01-13,2022-01-13 11:30:00,326.5,327.0,326.5,327.0,0.15,5724.92,1891847.16,1
2022-01-13,2022-01-13 11:40:00,327.0,327.5,327.0,327.5,0.15,5724.92,1891847.16,1
2022-01-13,2022-01-13 11:50:00,327.5,328.0,327.5,328.0,0.15,5724.92,1891847.16,1
2022-01-13,2022-01-13 12:00:00,328.0,328.5,328.0,328.5,0.15,5724.92,1891847.16,1
2022-01-13,2022-01-13 12:10:00,328.5,329.0,328.5,329.0,0.15,5724.92,1891847.16,1
2022-01-13,2022-01-13 12:20:00,329.0,329.5,329.0,329.5,0.15,5724.92,1891847.16,1
2022-01-13,2022-01-13 12:30:00,329.5,330.0,329.5,330.0,0.15,5724.92,1891847.16,1
2022-01-13,2022-01-13 12:40:00,330.0,330.5,330.0,330.5,0.15,5724.92,1891847.16,1
2022-01-13,2022-01-13 12:50:00,330.5,331.0,330.5,331.0,0.15,5724.92,1891847.16,1
2022-01-13,2022-01-13 13:00:00,331.0,338.0,319.0,331.5,0.15,5724.92,1891847.16,1
2022-01-13,2022-01-13 13:10:00,331.5,332.0,331.5,332.0,0.15,5724.92,1891847.16,1
2022-01-13,2022-01-13 13:20:00,332.0,332.5,332.0,332.5,0.15,5724.92,1891847.16,1
2022-01-13,2022-01-13 13:30:00,332.5,333.0,332.5,333.0,0.15,5724.92,1891847.16,1
2022-01-13,2022-01-13 13:40:00,333.0,333.5,333.0,333.5,0.15,5724.92,1891847.16,1
2022-01-13,2022-01-13 13:50:00,333.5,334.0,333.5,334.0,0.15,5724.92,1891847.16,1
2022-01-13,2022-01-13 14:00:00,334.0,334.5,334.0,334.5,0.15,5724.92,1891847.16,1
2022-01-13,2022-01-13 14:10:00,334.5,335.0,334.5,335.0,0.15,5724.92,1891847.16,1
2022-01-13,2022-01-13 14:20:00,335.0,335.5,335.0,335.5,0.15,5724.92,1891847.16,1
2022-01-13,2022-01-13 14:30:00,335.5,336.0,335.5,336.0,0.15,5724.92,1891847.16,1
2022-01-13,2022-01-13 14:40:00,336.0,336.5,336.0,336.5,0.15,5724.92,1891847.16,1
2022-01-13,2022-01-13 14:50:00,336.5,337.0,336.5,337.0,0.15,5724.92,1891847.16,1
2022-01-13,2022-01-13 15:00:00,337.0,338.0,319.0,337.0,0.0,5724.92,1891847.16,0
2022-01-16,2022-01-16 11:00:00,343.7,347.69,343.7,343.84,0.04,7020.52,2457408.05,1
2022-01-16,2022-01-16 11:10:00,343.84,343.97,343.84,343.97,0.04,7020.52,2457408.05,1
2022-01-16,2022-01-16 11:20:00,343.97,344.11,343.97,344.11,0.04,7020.52,2457408.05,1
2022-01-16,2022-01-16 11:30:00,344.11,344.25,344.11,344.25,0.04,7020.52,2457408.05,1
2022-01-16,2022-01-16 11:40:00,344.25,344.39,344.25,344.39,0.04,7020.52,2457408.05,1
2022-01-16,2022-01-16 11:50:00,344.39,344.52,344.39,344.52,0.04,7020.52,2457408.05,1
2022-01-16,2022-01-16 12:00:00,344.52,344.66,344.52,344.66,0.04,7020.52,2457408.05,1
2022-01-16,2022-01-16 12:10:00,344.66,344.8,344.66,344.8,0.04,7020.52,2457408.05,1
2022-01-16,2022-01-16 12:20:00,344.8,344.94,344.8,344.94,0.04,7020.52,2457408.05,1
2022-01-16,2022-01-16 12:30:00,344.94,345.07,344.94,345.07,0.04,7020.52,2457408.05,1
2022-01-16,2022-01-16 12:40:00,345.07,345.21,345.07,345.21,0.04,7020.52,2457408.05,1
2022-01-16,2022-01-16 12:50:00,345.21,345.35,345.21,345.35,0.04,7020.52,2457408.05,1
2022-01-16,2022-01-16 13:00:00,345.35,357.0,343.7,345.49,0.04,7020.52,2457408.05,1
2022-01-16,2022-01-16 13:10:00,345.49,345.62,345.49,345.62,0.04,7020.52,2457408.05,1
2022-01-16,2022-01-16 13:20:00,345.62,345.76,345.62,345.76,0.04,7020.52,2457408.05,1
2022-01-16,2022-01-16 13:30:00,345.76,345.9,345.76,345.9,0.04,7020.52,2457408.05,1
2022-01-16,2022-01-16 13:40:00,345.9,346.04,345.9,346.04,0.04,7020.52,2457408.05,1
2022-01-16,2022-01-16 13:50:00,346.04,346.18,346.04,346.18,0.04,7020.52,2457408.05,1
2022-01-16,2022-01-16 14:00:00,346.18,346.31,346.18,346.31,0.04,7020.52,2457408.05,1
2022-01-16,2022-01-16 14:10:00,346.31,346.45,346.31,346.45,0.04,7020.52,2457408.05,1
2022-01-16,2022-01-16 14:20:00,346.45,346.59,346.45,346.59,0.04,7020.52,2457408.05,1
2022-01-16,2022-01-16 14:30:00,346.59,346.73,346.59,346.73,0.04,7020.52,2457408.05,1
2022-01-16,2022-01-16 14:40:00,346.73,346.86,346.73,346.86,0.04,7020.52,2457408.05,1
2022-01-16,2022-01-16 14:50:00,346.86,347.0,346.86,347.0,0.04,7020.52,2457408.05,1
2022-01-16,2022-01-16 15:00:00,347.0,357.0,343.7,347.0,0.0,7020.52,2457408.05,0
2022-01-17,2022-01-17 11:00:00,349.0,352.9,344.5,349.1,0.03,11291.88,3963181.05,1
2022-01-17,2022-01-17 11:10:00,349.1,349.21,349.1,349.21,0.03,11291.88,3963181.05,1
2022-01-17,2022-01-17 11:20:00,349.21,349.31,349.21,349.31,0.03,11291.88,3963181.05,1
2022-01-17,2022-01-17 11:30:00,349.31,349.42,349.31,349.42,0.03,11291.88,3963181.05,1
2022-01-17,2022-01-17 11:40:00,349.42,349.52,349.42,349.52,0.03,11291.88,3963181.05,1
2022-01-17,2022-01-17 11:50:00,349.52,349.62,349.52,349.62,0.03,11291.88,3963181.05,1
2022-01-17,2022-01-17 12:00:00,349.62,349.73,349.62,349.73,0.03,11291.88,3963181.05,1
2022-01-17,2022-01-17 12:10:00,349.73,349.83,349.73,349.83,0.03,11291.88,3963181.05,1
2022-01-17,2022-01-17 12:20:00,349.83,349.94,349.83,349.94,0.03,11291.88,3963181.05,1
2022-01-17,2022-01-17 12:30:00,349.94,350.04,349.94,350.04,0.03,11291.88,3963181.05,1
2022-01-17,2022-01-17 12:40:00,350.04,350.15,350.04,350.15,0.03,11291.88,3963181.05,1
2022-01-17,2022-01-17 12:50:00,350.15,350.25,350.15,350.25,0.03,11291.88,3963181.05,1
2022-01-17,2022-01-17 13:00:00,350.25,362.0,334.0,350.35,0.03,11291.88,3963181.05,1
2022-01-17,2022-01-17 13:10:00,350.35,350.46,350.35,350.46,0.03,11291.88,3963181.05,1
2022-01-17,2022-01-17 13:20:00,350.46,350.56,350.46,350.56,0.03,11291.88,3963181.05,1
2022-01-17,2022-01-17 13:30:00,350.56,350.67,350.56,350.67,0.03,11291.88,3963181.05,1
2022-01-17,2022-01-17 13:40:00,350.67,350.77,350.67,350.77,0.03,11291.88,3963181.05,1
2022-01-17,2022-01-17 13:50:00,350.77,350.88,350.77,350.88,0.03,11291.88,3963181.05,1
2022-01-17,2022-01-17 14:00:00,350.88,350.98,350.88,350.98,0.03,11291.88,3963181.05,1
2022-01-17,2022-01-17 14:10:00,350.98,351.08,350.98,351.08,0.03,11291.88,3963181.05,1
2022-01-17,2022-01-17 14:20:00,351.08,351.19,351.08,351.19,0.03,11291.88,3963181.05,1
2022-01-17,2022-01-17 14:30:00,351.19,351.29,351.19,351.29,0.03,11291.88,3963181.05,1
2022-01-17,2022-01-17 14:40:00,351.29,351.4,351.29,351.4,0.03,11291.88,3963181.05,1
2022-01-17,2022-01-17 14:50:00,351.4,351.5,351.4,351.5,0.03,11291.88,3963181.05,1
2022-01-17,2022-01-17 15:00:00,351.5,362.0,334.0,351.5,0.0,11291.88,3963181.05,0
2022-01-18,2022-01-18 11:00:00,357.9,357.93,351.03,357.11,-0.22,3379.0,1166864.21,-1
2022-01-18,2022-01-18 11:10:00,357.11,357.11,356.32,356.32,-0.22,3379.0,1166864.21,-1
2022-01-18,2022-01-18 11:20:00,356.32,356.32,355.54,355.54,-0.22,3379.0,1166864.21,-1
2022-01-18,2022-01-18 11:30:00,355.54,355.54,354.75,354.75,-0.22,3379.0,1166864.21,-1
2022-01-18,2022-01-18 11:40:00,354.75,354.75,353.96,353.96,-0.22,3379.0,1166864.21,-1
2022-01-18,2022-01-18 11:50:00,353.96,353.96,353.17,353.17,-0.22,3379.0,1166864.21,-1
2022-01-18,2022-01-18 12:00:00,353.17,353.17,352.39,352.39,-0.22,3379.0,1166864.21,-1
2022-01-18,2022-01-18 12:10:00,352.39,352.39,351.6,351.6,-0.22,3379.0,1166864.21,-1
2022-01-18,2022-01-18 12:20:00,351.6,351.6,350.81,350.81,-0.22,3379.0,1166864.21,-1
2022-01-18,2022-01-18 12:30:00,350.81,350.81,350.02,350.02,-0.23,3379.0,1166864.21,-1
2022-01-18,2022-01-18 12:40:00,350.02,350.02,349.24,349.24,-0.22,3379.0,1166864.21,-1
2022-01-18,2022-01-18 12:50:00,349.24,349.24,348.45,348.45,-0.23,3379.0,1166864.21,-1
2022-01-18,2022-01-18 13:00:00,348.45,358.0,335.0,347.66,-0.23,3379.0,1166864.21,-1
2022-01-18,2022-01-18 13:10:00,347.66,347.66,346.88,346.88,-0.22,3379.0,1166864.21,-1
2022-01-18,2022-01-18 13:20:00,346.88,346.88,346.09,346.09,-0.23,3379.0,1166864.21,-1
2022-01-18,2022-01-18 13:30:00,346.09,346.09,345.3,345.3,-0.23,3379.0,1166864.21,-1
2022-01-18,2022-01-18 13:40:00,345.3,345.3,344.51,344.51,-0.23,3379.0,1166864.21,-1
2022-01-18,2022-01-18 13:50:00,344.51,344.51,343.73,343.73,-0.23,3379.0,1166864.21,-1
2022-01-18,2022-01-18 14:00:00,343.73,343.73,342.94,342.94,-0.23,3379.0,1166864.21,-1
2022-01-18,2022-01-18 14:10:00,342.94,342.94,342.15,342.15,-0.23,3379.0,1166864.21,-1
2022-01-18,2022-01-18 14:20:00,342.15,342.15,341.36,341.36,-0.23,3379.0,1166864.21,-1
2022-01-18,2022-01-18 14:30:00,341.36,341.36,340.57,340.57,-0.23,3379.0,1166864.21,-1
2022-01-18,2022-01-18 14:40:00,340.57,340.57,339.79,339.79,-0.23,3379.0,1166864.21,-1
2022-01-18,2022-01-18 14:50:00,339.79,339.79,339.0,339.0,-0.23,3379.0,1166864.21,-1
2022-01-18,2022-01-18 15:00:00,339.0,358.0,335.0,339.0,0.0,3379.0,1166864.21,0
2022-01-19,2022-01-19 11:00:00,345.0,345.0,339.6,344.29,-0.21,2792.24,926803.98,-1
2022-01-19,2022-01-19 11:10:00,344.29,344.29,343.58,343.58,-0.21,2792.24,926803.98,-1
2022-01-19,2022-01-19 11:20:00,343.58,343.58,342.88,342.88,-0.2,2792.24,926803.98,-1
2022-01-19,2022-01-19 11:30:00,342.88,342.88,342.17,342.17,-0.21,2792.24,926803.98,-1
2022-01-19,2022-01-19 11:40:00,342.17,342.17,341.46,341.46,-0.21,2792.24,926803.98,-1
2022-01-19,2022-01-19 11:50:00,341.46,341.46,340.75,340.75,-0.21,2792.24,926803.98,-1
2022-01-19,2022-01-19 12:00:00,340.75,340.75,340.04,340.04,-0.21,2792.24,926803.98,-1
2022-01-19,2022-01-19 12:10:00,340.04,340.04,339.33,339.33,-0.21,2792.24,926803.98,-1
2022-01-19,2022-01-19 12:20:00,339.33,339.33,338.62,338.62,-0.21,2792.24,926803.98,-1
2022-01-19,2022-01-19 12:30:00,338.62,338.62,337.92,337.92,-0.21,2792.24,926803.98,-1
2022-01-19,2022-01-19 12:40:00,337.92,337.92,337.21,337.21,-0.21,2792.24,926803.98,-1
2022-01-19,2022-01-19 12:50:00,337.21,337.21,336.5,336.5,-0.21,2792.24,926803.98,-1
2022-01-19,2022-01-19 13:00:00,336.5,345.0,327.0,335.79,-0.21,2792.24,926803.98,-1
2022-01-19,2022-01-19 13:10:00,335.79,335.79,335.08,335.08,-0.21,2792.24,926803.98,-1
2022-01-19,2022-01-19 13:20:00,335.08,335.08,334.38,334.38,-0.21,2792.24,926803.98,-1
2022-01-19,2022-01-19 13:30:00,334.38,334.38,333.67,333.67,-0.21,2792.24,926803.98,-1
2022-01-19,2022-01-19 13:40:00,333.67,333.67,332.96,332.96,-0.21,2792.24,926803.98,-1
2022-01-19,2022-01-19 13:50:00,332.96,332.96,332.25,332.25,-0.21,2792.24,926803.98,-1
2022-01-19,2022-01-19 14:00:00,332.25,332.25,331.54,331.54,-0.21,2792.24,926803.98,-1
2022-01-19,2022-01-19 14:10:00,331.54,331.54,330.83,330.83,-0.21,2792.24,926803.98,-1
2022-01-19,2022-01-19 14:20:00,330.83,330.83,330.12,330.12,-0.21,2792.24,926803.98,-1
2022-01-19,2022-01-19 14:30:00,330.12,330.12,329.42,329.42,-0.21,2792.24,926803.98,-1
2022-01-19,2022-01-19 14:40:00,329.42,329.42,328.71,328.71,-0.22,2792.24,926803.98,-1
2022-01-19,2022-01-19 14:50:00,328.71,328.71,328.0,328.0,-0.22,2792.24,926803.98,-1
2022-01-19,2022-01-19 15:00:00,328.0,345.0,327.0,328.0,0.0,2792.24,926803.98,0
2022-01-20,2022-01-20 11:00:00,325.0,329.65,324.1,325.65,0.2,2347.2,788406.38,1
2022-01-20,2022-01-20 11:10:00,325.65,326.29,325.65,326.29,0.2,2347.2,788406.38,1
2022-01-20,2022-01-20 11:20:00,326.29,326.94,326.29,326.94,0.2,2347.2,788406.38,1
2022-01-20,2022-01-20 11:30:00,326.94,327.58,326.94,327.58,0.2,2347.2,788406.38,1
2022-01-20,2022-01-20 11:40:00,327.58,328.23,327.58,328.23,0.2,2347.2,788406.38,1
2022-01-20,2022-01-20 11:50:00,328.23,328.88,328.23,328.88,0.2,2347.2,788406.38,1
2022-01-20,2022-01-20 12:00:00,328.88,329.52,328.88,329.52,0.19,2347.2,788406.38,1
2022-01-20,2022-01-20 12:10:00,329.52,330.17,329.52,330.17,0.2,2347.2,788406.38,1
2022-01-20,2022-01-20 12:20:00,330.17,330.81,330.17,330.81,0.19,2347.2,788406.38,1
2022-01-20,2022-01-20 12:30:00,330.81,331.46,330.81,331.46,0.2,2347.2,788406.38,1
2022-01-20,2022-01-20 12:40:00,331.46,332.1,331.46,332.1,0.19,2347.2,788406.38,1
2022-01-20,2022-01-20 12:50:00,332.1,332.75,332.1,332.75,0.2,2347.2,788406.38,1
2022-01-20,2022-01-20 13:00:00,332.75,340.5,322.0,333.4,0.2,2347.2,788406.38,1
2022-01-20,2022-01-20 13:10:00,333.4,334.04,333.4,334.04,0.19,2347.2,788406.38,1
2022-01-20,2022-01-20 13:20:00,334.04,334.69,334.04,334.69,0.19,2347.2,788406.38,1
2022-01-20,2022-01-20 13:30:00,334.69,335.33,334.69,335.33,0.19,2347.2,788406.38,1
2022-01-20,2022-01-20 13:40:00,335.33,335.98,335.33,335.98,0.19,2347.2,788406.38,1
2022-01-20,2022-01-20 13:50:00,335.98,336.62,335.98,336.62,0.19,2347.2,788406.38,1
2022-01-20,2022-01-20 14:00:00,336.62,337.27,336.62,337.27,0.19,2347.2,788406.38,1
2022-01-20,2022-01-20 14:10:00,337.27,337.92,337.27,337.92,0.19,2347.2,788406.38,1
2022-01-20,2022-01-20 14:20:00,337.92,338.56,337.92,338.56,0.19,2347.2,788406.38,1
2022-01-20,2022-01-20 14:30:00,338.56,339.21,338.56,339.21,0.19,2347.2,788406.38,1
2022-01-20,2022-01-20 14:40:00,339.21,339.85,339.21,339.85,0.19,2347.2,788406.38,1
2022-01-20,2022-01-20 14:50:00,339.85,340.5,339.85,340.5,0.19,2347.2,788406.38,1
2022-01-20,2022-01-20 15:00:00,340.5,340.5,322.0,340.5,0.0,2347.2,788406.38,0
2022-01-23,2022-01-23 11:00:00,344.0,346.4,338.9,343.58,-0.12,4132.36,1391194.85,-1
2022-01-23,2022-01-23 11:10:00,343.58,343.58,343.17,343.17,-0.12,4132.36,1391194.85,-1
2022-01-23,2022-01-23 11:20:00,343.17,343.17,342.75,342.75,-0.12,4132.36,1391194.85,-1
2022-01-23,2022-01-23 11:30:00,342.75,342.75,342.33,342.33,-0.12,4132.36,1391194.85,-1
2022-01-23,2022-01-23 11:40:00,342.33,342.33,341.92,341.92,-0.12,4132.36,1391194.85,-1
2022-01-23,2022-01-23 11:50:00,341.92,341.92,341.5,341.5,-0.12,4132.36,1391194.85,-1
2022-01-23,2022-01-23 12:00:00,341.5,341.5,341.08,341.08,-0.12,4132.36,1391194.85,-1
2022-01-23,2022-01-23 12:10:00,341.08,341.08,340.67,340.67,-0.12,4132.36,1391194.85,-1
2022-01-23,2022-01-23 12:20:00,340.67,340.67,340.25,340.25,-0.12,4132.36,1391194.85,-1
2022-01-23,2022-01-23 12:30:00,340.25,340.25,339.83,339.83,-0.12,4132.36,1391194.85,-1
2022-01-23,2022-01-23 12:40:00,339.83,339.83,339.42,339.42,-0.12,4132.36,1391194.85,-1
2022-01-23,2022-01-23 12:50:00,339.42,339.42,339.0,339.0,-0.12,4132.36,1391194.85,-1
2022-01-23,2022-01-23 13:00:00,339.0,352.0,327.0,338.58,-0.12,4132.36,1391194.85,-1
2022-01-23,2022-01-23 13:10:00,338.58,338.58,338.17,338.17,-0.12,4132.36,1391194.85,-1
2022-01-23,2022-01-23 13:20:00,338.17,338.17,337.75,337.75,-0.12,4132.36,1391194.85,-1
2022-01-23,2022-01-23 13:30:00,337.75,337.75,337.33,337.33,-0.12,4132.36,1391194.85,-1
2022-01-23,2022-01-23 13:40:00,337.33,337.33,336.92,336.92,-0.12,4132.36,1391194.85,-1
2022-01-23,2022-01-23 13:50:00,336.92,336.92,336.5,336.5,-0.12,4132.36,1391194.85,-1
2022-01-23,2022-01-23 14:00:00,336.5,336.5,336.08,336.08,-0.12,4132.36,1391194.85,-1
2022-01-23,2022-01-23 14:10:00,336.08,336.08,335.67,335.67,-0.12,4132.36,1391194.85,-1
2022-01-23,2022-01-23 14:20:00,335.67,335.67,335.25,335.25,-0.13,4132.36,1391194.85,-1
2022-01-23,2022-01-23 14:30:00,335.25,335.25,334.83,334.83,-0.13,4132.36,1391194.85,-1
2022-01-23,2022-01-23 14:40:00,334.83,334.83,334.42,334.42,-0.12,4132.36,1391194.85,-1
2022-01-23,2022-01-23 14:50:00,334.42,334.42,334.0,334.0,-0.13,4132.36,1391194.85,-1
2022-01-23,2022-01-23 15:00:00,334.0,352.0,327.0,334.0,0.0,4132.36,1391194.85,0
2022-01-24,2022-01-24 11:00:00,334.0,334.0,328.33,333.33,-0.2,4420.2,1417382.22,-1
2022-01-24,2022-01-24 11:10:00,333.33,333.33,332.67,332.67,-0.2,4420.2,1417382.22,-1
2022-01-24,2022-01-24 11:20:00,332.67,332.67,332.0,332.0,-0.2,4420.2,1417382.22,-1
2022-01-24,2022-01-24 11:30:00,332.0,332.0,331.33,331.33,-0.2,4420.2,1417382.22,-1
2022-01-24,2022-01-24 11:40:00,331.33,331.33,330.67,330.67,-0.2,4420.2,1417382.22,-1
2022-01-24,2022-01-24 11:50:00,330.67,330.67,330.0,330.0,-0.2,4420.2,1417382.22,-1
2022-01-24,2022-01-24 12:00:00,330.0,330.0,329.33,329.33,-0.2,4420.2,1417382.22,-1
2022-01-24,2022-01-24 12:10:00,329.33,329.33,328.67,328.67,-0.2,4420.2,1417382.22,-1
2022-01-24,2022-01-24 12:20:00,328.67,328.67,328.0,328.0,-0.2,4420.2,1417382.22,-1
2022-01-24,2022-01-24 12:30:00,328.0,328.0,327.33,327.33,-0.2,4420.2,1417382.22,-1
2022-01-24,2022-01-24 12:40:00,327.33,327.33,326.67,326.67,-0.2,4420.2,1417382.22,-1
2022-01-24,2022-01-24 12:50:00,326.67,326.67,326.0,326.0,-0.21,4420.2,1417382.22,-1
2022-01-24,2022-01-24 13:00:00,326.0,334.0,315.1,325.33,-0.21,4420.2,1417382.22,-1
2022-01-24,2022-01-24 13:10:00,325.33,325.33,324.67,324.67,-0.2,4420.2,1417382.22,-1
2022-01-24,2022-01-24 13:20:00,324.67,324.67,324.0,324.0,-0.21,4420.2,1417382.22,-1
2022-01-24,2022-01-24 13:30:00,324.0,324.0,323.33,323.33,-0.21,4420.2,1417382.22,-1
2022-01-24,2022-01-24 13:40:00,323.33,323.33,322.67,322.67,-0.2,4420.2,1417382.22,-1
2022-01-24,2022-01-24 13:50:00,322.67,322.67,322.0,322.0,-0.21,4420.2,1417382.22,-1
2022-01-24,2022-01-24 14:00:00,322.0,322.0,321.33,321.33,-0.21,4420.2,1417382.22,-1
2022-01-24,2022-01-24 14:10:00,321.33,321.33,320.67,320.67,-0.21,4420.2,1417382.22,-1
2022-01-24,2022-01-24 14:20:00,320.67,320.67,320.0,320.0,-0.21,4420.2,1417382.22,-1
2022-01-24,2022-01-24 14:30:00,320.0,320.0,319.33,319.33,-0.21,4420.2,1417382.22,-1
2022-01-24,2022-01-24 14:40:00,319.33,319.33,318.67,318.67,-0.21,4420.2,1417382.22,-1
2022-01-24,2022-01-24 14:50:00,318.67,318.67,318.0,318.0,-0.21,4420.2,1417382.22,-1
2022-01-24,2022-01-24 15:00:00,318.0,334.0,315.1,318.0,0.0,4420.2,1417382.22,0
2022-01-25,2022-01-25 11:00:00,312.0,317.22,312.0,312.17,0.05,1698.44,543006.43,1
2022-01-25,2022-01-25 11:10:00,312.17,312.33,312.17,312.33,0.05,1698.44,543006.43,1
2022-01-25,2022-01-25 11:20:00,312.33,312.5,312.33,312.5,0.05,1698.44,543006.43,1
2022-01-25,2022-01-25 11:30:00,312.5,312.67,312.5,312.67,0.05,1698.44,543006.43,1
2022-01-25,2022-01-25 11:40:00,312.67,312.83,312.67,312.83,0.05,1698.44,543006.43,1
2022-01-25,2022-01-25 11:50:00,312.83,313.0,312.83,313.0,0.05,1698.44,543006.43,1
2022-01-25,2022-01-25 12:00:00,313.0,313.17,313.0,313.17,0.05,1698.44,543006.43,1
2022-01-25,2022-01-25 12:10:00,313.17,313.33,313.17,313.33,0.05,1698.44,543006.43,1
2022-01-25,2022-01-25 12:20:00,313.33,313.5,313.33,313.5,0.05,1698.44,543006.43,1
2022-01-25,2022-01-25 12:30:00,313.5,313.67,313.5,313.67,0.05,1698.44,543006.43,1
2022-01-25,2022-01-25 12:40:00,313.67,313.83,313.67,313.83,0.05,1698.44,543006.43,1
2022-01-25,2022-01-25 12:50:00,313.83,314.0,313.83,314.0,0.05,1698.44,543006.43,1
2022-01-25,2022-01-25 13:00:00,314.0,329.4,312.0,314.17,0.05,1698.44,543006.43,1
2022-01-25,2022-01-25 13:10:00,314.17,314.33,314.17,314.33,0.05,1698.44,543006.43,1
2022-01-25,2022-01-25 13:20:00,314.33,314.5,314.33,314.5,0.05,1698.44,543006.43,1
2022-01-25,2022-01-25 13:30:00,314.5,314.67,314.5,314.67,0.05,1698.44,543006.43,1
2022-01-25,2022-01-25 13:40:00,314.67,314.83,314.67,314.83,0.05,1698.44,543006.43,1
2022-01-25,2022-01-25 13:50:00,314.83,315.0,314.83,315.0,0.05,1698.44,543006.43,1
2022-01-25,2022-01-25 14:00:00,315.0,315.17,315.0,315.17,0.05,1698.44,543006.43,1
2022-01-25,2022-01-25 14:10:00,315.17,315.33,315.17,315.33,0.05,1698.44,543006.43,1
2022-01-25,2022-01-25 14:20:00,315.33,315.5,315.33,315.5,0.05,1698.44,543006.43,1
2022-01-25,2022-01-25 14:30:00,315.5,315.67,315.5,315.67,0.05,1698.44,543006.43,1
2022-01-25,2022-01-25 14:40:00,315.67,315.83,315.67,315.83,0.05,1698.44,543006.43,1
2022-01-25,2022-01-25 14:50:00,315.83,316.0,315.83,316.0,0.05,1698.44,543006.43,1
2022-01-25,2022-01-25 15:00:00,316.0,329.4,312.0,316.0,0.0,1698.44,543006.43,0
2022-01-26,2022-01-26 11:00:00,321.0,321.0,316.32,320.54,-0.14,2762.84,858088.62,-1
2022-01-26,2022-01-26 11:10:00,320.54,320.54,320.08,320.08,-0.14,2762.84,858088.62,-1
2022-01-26,2022-01-26 11:20:00,320.08,320.08,319.62,319.62,-0.14,2762.84,858088.62,-1
2022-01-26,2022-01-26 11:30:00,319.62,319.62,319.17,319.17,-0.14,2762.84,858088.62,-1
2022-01-26,2022-01-26 11:40:00,319.17,319.17,318.71,318.71,-0.14,2762.84,858088.62,-1
2022-01-26,2022-01-26 11:50:00,318.71,318.71,318.25,318.25,-0.14,2762.84,858088.62,-1
2022-01-26,2022-01-26 12:00:00,318.25,318.25,317.79,317.79,-0.14,2762.84,858088.62,-1
2022-01-26,2022-01-26 12:10:00,317.79,317.79,317.33,317.33,-0.14,2762.84,858088.62,-1
2022-01-26,2022-01-26 12:20:00,317.33,317.33,316.88,316.88,-0.14,2762.84,858088.62,-1
2022-01-26,2022-01-26 12:30:00,316.88,316.88,316.42,316.42,-0.15,2762.84,858088.62,-1
2022-01-26,2022-01-26 12:40:00,316.42,316.42,315.96,315.96,-0.15,2762.84,858088.62,-1
2022-01-26,2022-01-26 12:50:00,315.96,315.96,315.5,315.5,-0.15,2762.84,858088.62,-1
2022-01-26,2022-01-26 13:00:00,315.5,321.0,305.4,315.04,-0.15,2762.84,858088.62,-1
2022-01-26,2022-01-26 13:10:00,315.04,315.04,314.58,314.58,-0.15,2762.84,858088.62,-1
2022-01-26,2022-01-26 13:20:00,314.58,314.58,314.12,314.12,-0.15,2762.84,858088.62,-1
2022-01-26,2022-01-26 13:30:00,314.12,314.12,313.67,313.67,-0.14,2762.84,858088.62,-1
2022-01-26,2022-01-26 13:40:00,313.67,313.67,313.21,313.21,-0.15,2762.84,858088.62,-1
2022-01-26,2022-01-26 13:50:00,313.21,313.21,312.75,312.75,-0.15,2762.84,858088.62,-1
2022-01-26,2022-01-26 14:00:00,312.75,312.75,312.29,312.29,-0.15,2762.84,858088.62,-1
2022-01-26,2022-01-26 14:10:00,312.29,312.29,311.83,311.83,-0.15,2762.84,858088.62,-1
2022-01-26,2022-01-26 14:20:00,311.83,311.83,311.38,311.38,-0.14,2762.84,858088.62,-1
2022-01-26,2022-01-26 14:30:00,311.38,311.38,310.92,310.92,-0.15,2762.84,858088.62,-1
2022-01-26,2022-01-26 14:40:00,310.92,310.92,310.46,310.46,-0.15,2762.84,858088.62,-1
2022-01-26,2022-01-26 14:50:00,310.46,310.46,310.0,310.0,-0.15,2762.84,858088.62,-1
2022-01-26,2022-01-26 15:00:00,310.0,321.0,305.4,310.0,0.0,2762.84,858088.62,0
2022-01-27,2022-01-27 11:00:00,306.0,309.0,306.0,306.21,0.07,1981.88,617350.82,1
2022-01-27,2022-01-27 11:10:00,306.21,306.42,306.21,306.42,0.07,1981.88,617350.82,1
2022-01-27,2022-01-27 11:20:00,306.42,306.62,306.42,306.62,0.07,1981.88,617350.82,1
2022-01-27,2022-01-27 11:30:00,306.62,306.83,306.62,306.83,0.07,1981.88,617350.82,1
2022-01-27,2022-01-27 11:40:00,306.83,307.04,306.83,307.04,0.07,1981.88,617350.82,1
2022-01-27,2022-01-27 11:50:00,307.04,307.25,307.04,307.25,0.07,1981.88,617350.82,1
2022-01-27,2022-01-27 12:00:00,307.25,307.46,307.25,307.46,0.07,1981.88,617350.82,1
2022-01-27,2022-01-27 12:10:00,307.46,307.67,307.46,307.67,0.07,1981.88,617350.82,1
2022-01-27,2022-01-27 12:20:00,307.67,307.88,307.67,307.88,0.07,1981.88,617350.82,1
2022-01-27,2022-01-27 12:30:00,307.88,308.08,307.88,308.08,0.06,1981.88,617350.82,1
2022-01-27,2022-01-27 12:40:00,308.08,308.29,308.08,308.29,0.07,1981.88,617350.82,1
2022-01-27,2022-01-27 12:50:00,308.29,308.5,308.29,308.5,0.07,1981.88,617350.82,1
2022-01-27,2022-01-27 13:00:00,308.5,316.0,306.0,308.71,0.07,1981.88,617350.82,1
2022-01-27,2022-01-27 13:10:00,308.71,308.92,308.71,308.92,0.07,1981.88,617350.82,1
2022-01-27,2022-01-27 13:20:00,308.92,309.12,308.92,309.12,0.06,1981.88,617350.82,1
2022-01-27,2022-01-27 13:30:00,309.12,309.33,309.12,309.33,0.07,1981.88,617350.82,1
2022-01-27,2022-01-27 13:40:00,309.33,309.54,309.33,309.54,0.07,1981.88,617350.82,1
2022-01-27,2022-01-27 13:50:00,309.54,309.75,309.54,309.75,0.07,1981.88,617350.82,1
2022-01-27,2022-01-27 14:00:00,309.75,309.96,309.75,309.96,0.07,1981.88,617350.82,1
2022-01-27,2022-01-27 14:10:00,309.96,310.17,309.96,310.17,0.07,1981.88,617350.82,1
2022-01-27,2022-01-27 14:20:00,310.17,310.38,310.17,310.38,0.07,1981.88,617350.82,1
2022-01-27,2022-01-27 14:30:00,310.38,310.58,310.38,310.58,0.06,1981.88,617350.82,1
2022-01-27,2022-01-27 14:40:00,310.58,310.79,310.58,310.79,0.07,1981.88,617350.82,1
2022-01-27,2022-01-27 14:50:00,310.79,311.0,310.79,311.0,0.07,1981.88,617350.82,1
2022-01-27,2022-01-27 15:00:00,311.0,316.0,306.0,311.0,0.0,1981.88,617350.82,0
2022-01-30,2022-01-30 11:00:00,317.2,322.54,317.2,317.82,0.2,3031.64,991150.16,1
2022-01-30,2022-01-30 11:10:00,317.82,318.43,317.82,318.43,0.19,3031.64,991150.16,1
2022-01-30,2022-01-30 11:20:00,318.43,319.05,318.43,319.05,0.19,3031.64,991150.16,1
2022-01-30,2022-01-30 11:30:00,319.05,319.67,319.05,319.67,0.19,3031.64,991150.16,1
2022-01-30,2022-01-30 11:40:00,319.67,320.28,319.67,320.28,0.19,3031.64,991150.16,1
2022-01-30,2022-01-30 11:50:00,320.28,320.9,320.28,320.9,0.19,3031.64,991150.16,1
2022-01-30,2022-01-30 12:00:00,320.9,321.52,320.9,321.52,0.19,3031.64,991150.16,1
2022-01-30,2022-01-30 12:10:00,321.52,322.13,321.52,322.13,0.19,3031.64,991150.16,1
2022-01-30,2022-01-30 12:20:00,322.13,322.75,322.13,322.75,0.19,3031.64,991150.16,1
2022-01-30,2022-01-30 12:30:00,322.75,323.37,322.75,323.37,0.19,3031.64,991150.16,1
2022-01-30,2022-01-30 12:40:00,323.37,323.98,323.37,323.98,0.19,3031.64,991150.16,1
2022-01-30,2022-01-30 12:50:00,323.98,324.6,323.98,324.6,0.19,3031.64,991150.16,1
2022-01-30,2022-01-30 13:00:00,324.6,335.0,317.2,325.22,0.19,3031.64,991150.16,1
2022-01-30,2022-01-30 13:10:00,325.22,325.83,325.22,325.83,0.19,3031.64,991150.16,1
2022-01-30,2022-01-30 13:20:00,325.83,326.45,325.83,326.45,0.19,3031.64,991150.16,1
2022-01-30,2022-01-30 13:30:00,326.45,327.07,326.45,327.07,0.19,3031.64,991150.16,1
2022-01-30,2022-01-30 13:40:00,327.07,327.68,327.07,327.68,0.19,3031.64,991150.16,1
2022-01-30,2022-01-30 13:50:00,327.68,328.3,327.68,328.3,0.19,3031.64,991150.16,1
2022-01-30,2022-01-30 14:00:00,328.3,328.92,328.3,328.92,0.19,3031.64,991150.16,1
2022-01-30,2022-01-30 14:10:00,328.92,329.53,328.92,329.53,0.19,3031.64,991150.16,1
2022-01-30,2022-01-30 14:20:00,329.53,330.15,329.53,330.15,0.19,3031.64,991150.16,1
2022-01-30,2022-01-30 14:30:00,330.15,330.77,330.15,330.77,0.19,3031.64,991150.16,1
2022-01-30,2022-01-30 14:40:00,330.77,331.38,330.77,331.38,0.18,3031.64,991150.16,1
2022-01-30,2022-01-30 14:50:00,331.38,332.0,331.38,332.0,0.19,3031.64,991150.16,1
2022-01-30,2022-01-30 15:00:00,332.0,335.0,317.2,332.0,0.0,3031.64,991150.16,0
2022-01-31,2022-01-31 11:00:00,338.0,339.05,333.83,337.46,-0.16,1486.0,489222.6,-1
2022-01-31,2022-01-31 11:10:00,337.46,337.46,336.92,336.92,-0.16,1486.0,489222.6,-1
2022-01-31,2022-01-31 11:20:00,336.92,336.92,336.38,336.38,-0.16,1486.0,489222.6,-1
2022-01-31,2022-01-31 11:30:00,336.38,336.38,335.83,335.83,-0.16,1486.0,489222.6,-1
2022-01-31,2022-01-31 11:40:00,335.83,335.83,335.29,335.29,-0.16,1486.0,489222.6,-1
2022-01-31,2022-01-31 11:50:00,335.29,335.29,334.75,334.75,-0.16,1486.0,489222.6,-1
2022-01-31,2022-01-31 12:00:00,334.75,334.75,334.21,334.21,-0.16,1486.0,489222.6,-1
2022-01-31,2022-01-31 12:10:00,334.21,334.21,333.67,333.67,-0.16,1486.0,489222.6,-1
2022-01-31,2022-01-31 12:20:00,333.67,333.67,333.12,333.12,-0.16,1486.0,489222.6,-1
2022-01-31,2022-01-31 12:30:00,333.12,333.12,332.58,332.58,-0.16,1486.0,489222.6,-1
2022-01-31,2022-01-31 12:40:00,332.58,332.58,332.04,332.04,-0.16,1486.0,489222.6,-1
2022-01-31,2022-01-31 12:50:00,332.04,332.04,331.5,331.5,-0.16,1486.0,489222.6,-1
2022-01-31,2022-01-31 13:00:00,331.5,341.5,324.1,330.96,-0.16,1486.0,489222.6,-1
2022-01-31,2022-01-31 13:10:00,330.96,330.96,330.42,330.42,-0.16,1486.0,489222.6,-1
2022-01-31,2022-01-31 13:20:00,330.42,330.42,329.88,329.88,-0.16,1486.0,489222.6,-1
2022-01-31,2022-01-31 13:30:00,329.88,329.88,329.33,329.33,-0.17,1486.0,489222.6,-1
2022-01-31,2022-01-31 13:40:00,329.33,329.33,328.79,328.79,-0.16,1486.0,489222.6,-1
2022-01-31,2022-01-31 13:50:00,328.79,328.79,328.25,328.25,-0.16,1486.0,489222.6,-1
2022-01-31,2022-01-31 14:00:00,328.25,328.25,327.71,327.71,-0.16,1486.0,489222.6,-1
2022-01-31,2022-01-31 14:10:00,327.71,327.71,327.17,327.17,-0.16,1486.0,489222.6,-1
2022-01-31,2022-01-31 14:20:00,327.17,327.17,326.62,326.62,-0.17,1486.0,489222.6,-1
2022-01-31,2022-01-31 14:30:00,326.62,326.62,326.08,326.08,-0.17,1486.0,489222.6,-1
2022-01-31,2022-01-31 14:40:00,326.08,326.08,325.54,325.54,-0.17,1486.0,489222.6,-1
2022-01-31,2022-01-31 14:50:00,325.54,325.54,325.0,325.0,-0.17,1486.0,489222.6,-1
2022-01-31,2022-01-31 15:00:00,325.0,341.5,324.1,325.0,0.0,1486.0,489222.6,0
2022-02-01,2022-02-01 11:00:00,326.0,329.18,324.2,326.38,0.12,2472.84,822501.4,1
2022-02-01,2022-02-01 11:10:00,326.38,326.75,326.38,326.75,0.11,2472.84,822501.4,1
2022-02-01,2022-02-01 11:20:00,326.75,327.12,326.75,327.12,0.11,2472.84,822501.4,1
2022-02-01,2022-02-01 11:30:00,327.12,327.5,327.12,327.5,0.12,2472.84,822501.4,1
2022-02-01,2022-02-01 11:40:00,327.5,327.88,327.5,327.88,0.12,2472.84,822501.4,1
2022-02-01,2022-02-01 11:50:00,327.88,328.25,327.88,328.25,0.11,2472.84,822501.4,1
2022-02-01,2022-02-01 12:00:00,328.25,328.62,328.25,328.62,0.11,2472.84,822501.4,1
2022-02-01,2022-02-01 12:10:00,328.62,329.0,328.62,329.0,0.12,2472.84,822501.4,1
2022-02-01,2022-02-01 12:20:00,329.0,329.38,329.0,329.38,0.12,2472.84,822501.4,1
2022-02-01,2022-02-01 12:30:00,329.38,329.75,329.38,329.75,0.11,2472.84,822501.4,1
2022-02-01,2022-02-01 12:40:00,329.75,330.12,329.75,330.12,0.11,2472.84,822501.4,1
2022-02-01,2022-02-01 12:50:00,330.12,330.5,330.12,330.5,0.12,2472.84,822501.4,1
2022-02-01,2022-02-01 13:00:00,330.5,336.6,320.0,330.88,0.11,2472.84,822501.4,1
2022-02-01,2022-02-01 13:10:00,330.88,331.25,330.88,331.25,0.11,2472.84,822501.4,1
2022-02-01,2022-02-01 13:20:00,331.25,331.62,331.25,331.62,0.11,2472.84,822501.4,1
2022-02-01,2022-02-01 13:30:00,331.62,332.0,331.62,332.0,0.11,2472.84,822501.4,1
2022-02-01,2022-02-01 13:40:00,332.0,332.38,332.0,332.38,0.11,2472.84,822501.4,1
2022-02-01,2022-02-01 13:50:00,332.38,332.75,332.38,332.75,0.11,2472.84,822501.4,1
2022-02-01,2022-02-01 14:00:00,332.75,333.12,332.75,333.12,0.11,2472.84,822501.4,1
2022-02-01,2022-02-01 14:10:00,333.12,333.5,333.12,333.5,0.11,2472.84,822501.4,1
2022-02-01,2022-02-01 14:20:00,333.5,333.88,333.5,333.88,0.11,2472.84,822501.4,1
2022-02-01,2022-02-01 14:30:00,333.88,334.25,333.88,334.25,0.11,2472.84,822501.4,1
2022-02-01,2022-02-01 14:40:00,334.25,334.62,334.25,334.62,0.11,2472.84,822501.4,1
2022-02-01,2022-02-01 14:50:00,334.62,335.0,334.62,335.0,0.11,2472.84,822501.4,1
2022-02-01,2022-02-01 15:00:00,335.0,336.6,320.0,335.0,0.0,2472.84,822501.4,0
2022-02-03,2022-02-03 11:00:00,341.7,344.13,339.15,341.38,-0.09,5291.2,1817490.3,-1
2022-02-03,2022-02-03 11:10:00,341.38,341.38,341.06,341.06,-0.09,5291.2,1817490.3,-1
2022-02-03,2022-02-03 11:20:00,341.06,341.06,340.74,340.74,-0.09,5291.2,1817490.3,-1
2022-02-03,2022-02-03 11:30:00,340.74,340.74,340.42,340.42,-0.09,5291.2,1817490.3,-1
2022-02-03,2022-02-03 11:40:00,340.42,340.42,340.1,340.1,-0.09,5291.2,1817490.3,-1
2022-02-03,2022-02-03 11:50:00,340.1,340.1,339.77,339.77,-0.1,5291.2,1817490.3,-1
2022-02-03,2022-02-03 12:00:00,339.77,339.77,339.45,339.45,-0.09,5291.2,1817490.3,-1
2022-02-03,2022-02-03 12:10:00,339.45,339.45,339.13,339.13,-0.09,5291.2,1817490.3,-1
2022-02-03,2022-02-03 12:20:00,339.13,339.13,338.81,338.81,-0.09,5291.2,1817490.3,-1
2022-02-03,2022-02-03 12:30:00,338.81,338.81,338.49,338.49,-0.09,5291.2,1817490.3,-1
2022-02-03,2022-02-03 12:40:00,338.49,338.49,338.17,338.17,-0.09,5291.2,1817490.3,-1
2022-02-03,2022-02-03 12:50:00,338.17,338.17,337.85,337.85,-0.09,5291.2,1817490.3,-1
2022-02-03,2022-02-03 13:00:00,337.85,349.8,333.2,337.53,-0.09,5291.2,1817490.3,-1
2022-02-03,2022-02-03 13:10:00,337.53,337.53,337.21,337.21,-0.09,5291.2,1817490.3,-1
2022-02-03,2022-02-03 13:20:00,337.21,337.21,336.89,336.89,-0.09,5291.2,1817490.3,-1
2022-02-03,2022-02-03 13:30:00,336.89,336.89,336.57,336.57,-0.09,5291.2,1817490.3,-1
2022-02-03,2022-02-03 13:40:00,336.57,336.57,336.25,336.25,-0.1,5291.2,1817490.3,-1
2022-02-03,2022-02-03 13:50:00,336.25,336.25,335.93,335.93,-0.1,5291.2,1817490.3,-1
2022-02-03,2022-02-03 14:00:00,335.93,335.93,335.6,335.6,-0.1,5291.2,1817490.3,-1
2022-02-03,2022-02-03 14:10:00,335.6,335.6,335.28,335.28,-0.1,5291.2,1817490.3,-1
2022-02-03,2022-02-03 14:20:00,335.28,335.28,334.96,334.96,-0.1,5291.2,1817490.3,-1
2022-02-03,2022-02-03 14:30:00,334.96,334.96,334.64,334.64,-0.1,5291.2,1817490.3,-1
2022-02-03,2022-02-03 14:40:00,334.64,334.64,334.32,334.32,-0.1,5291.2,1817490.3,-1
2022-02-03,2022-02-03 14:50:00,334.32,334.32,334.0,334.0,-0.1,5291.2,1817490.3,-1
2022-02-03,2022-02-03 15:00:00,334.0,349.8,333.2,334.0,0.0,5291.2,1817490.3,0
2022-02-06,2022-02-06 11:00:00,333.9,333.93,330.63,333.53,-0.11,1564.68,510492.03,-1
2022-02-06,2022-02-06 11:10:00,333.53,333.53,333.16,333.16,-0.11,1564.68,510492.03,-1
2022-02-06,2022-02-06 11:20:00,333.16,333.16,332.79,332.79,-0.11,1564.68,510492.03,-1
2022-02-06,2022-02-06 11:30:00,332.79,332.79,332.42,332.42,-0.11,1564.68,510492.03,-1
2022-02-06,2022-02-06 11:40:00,332.42,332.42,332.05,332.05,-0.11,1564.68,510492.03,-1
2022-02-06,2022-02-06 11:50:00,332.05,332.05,331.67,331.67,-0.11,1564.68,510492.03,-1
2022-02-06,2022-02-06 12:00:00,331.67,331.67,331.3,331.3,-0.11,1564.68,510492.03,-1
2022-02-06,2022-02-06 12:10:00,331.3,331.3,330.93,330.93,-0.11,1564.68,510492.03,-1
2022-02-06,2022-02-06 12:20:00,330.93,330.93,330.56,330.56,-0.11,1564.68,510492.03,-1
2022-02-06,2022-02-06 12:30:00,330.56,330.56,330.19,330.19,-0.11,1564.68,510492.03,-1
2022-02-06,2022-02-06 12:40:00,330.19,330.19,329.82,329.82,-0.11,1564.68,510492.03,-1
2022-02-06,2022-02-06 12:50:00,329.82,329.82,329.45,329.45,-0.11,1564.68,510492.03,-1
2022-02-06,2022-02-06 13:00:00,329.45,334.0,323.0,329.08,-0.11,1564.68,510492.03,-1
2022-02-06,2022-02-06 13:10:00,329.08,329.08,328.71,328.71,-0.11,1564.68,510492.03,-1
2022-02-06,2022-02-06 13:20:00,328.71,328.71,328.34,328.34,-0.11,1564.68,510492.03,-1
2022-02-06,2022-02-06 13:30:00,328.34,328.34,327.97,327.97,-0.11,1564.68,510492.03,-1
2022-02-06,2022-02-06 13:40:00,327.97,327.97,327.6,327.6,-0.11,1564.68,510492.03,-1
2022-02-06,2022-02-06 13:50:00,327.6,327.6,327.23,327.23,-0.11,1564.68,510492.03,-1
2022-02-06,2022-02-06 14:00:00,327.23,327.23,326.85,326.85,-0.12,1564.68,510492.03,-1
2022-02-06,2022-02-06 14:10:00,326.85,326.85,326.48,326.48,-0.11,1564.68,510492.03,-1
2022-02-06,2022-02-06 14:20:00,326.48,326.48,326.11,326.11,-0.11,1564.68,510492.03,-1
2022-02-06,2022-02-06 14:30:00,326.11,326.11,325.74,325.74,-0.11,1564.68,510492.03,-1
2022-02-06,2022-02-06 14:40:00,325.74,325.74,325.37,325.37,-0.11,1564.68,510492.03,-1
2022-02-06,2022-02-06 14:50:00,325.37,325.37,325.0,325.0,-0.11,1564.68,510492.03,-1
2022-02-06,2022-02-06 15:00:00,325.0,334.0,323.0,325.0,0.0,1564.68,510492.03,0
2022-02-07,2022-02-07 11:00:00,320.0,323.75,319.73,320.33,0.1,1034.2,339093.23,1
2022-02-07,2022-02-07 11:10:00,320.33,320.67,320.33,320.67,0.11,1034.2,339093.23,1
2022-02-07,2022-02-07 11:20:00,320.67,321.0,320.67,321.0,0.1,1034.2,339093.23,1
2022-02-07,2022-02-07 11:30:00,321.0,321.33,321.0,321.33,0.1,1034.2,339093.23,1
2022-02-07,2022-02-07 11:40:00,321.33,321.67,321.33,321.67,0.11,1034.2,339093.23,1
2022-02-07,2022-02-07 11:50:00,321.67,322.0,321.67,322.0,0.1,1034.2,339093.23,1
2022-02-07,2022-02-07 12:00:00,322.0,322.33,322.0,322.33,0.1,1034.2,339093.23,1
2022-02-07,2022-02-07 12:10:00,322.33,322.67,322.33,322.67,0.11,1034.2,339093.23,1
2022-02-07,2022-02-07 12:20:00,322.67,323.0,322.67,323.0,0.1,1034.2,339093.23,1
2022-02-07,2022-02-07 12:30:00,323.0,323.33,323.0,323.33,0.1,1034.2,339093.23,1
2022-02-07,2022-02-07 12:40:00,323.33,323.67,323.33,323.67,0.11,1034.2,339093.23,1
2022-02-07,2022-02-07 12:50:00,323.67,324.0,323.67,324.0,0.1,1034.2,339093.23,1
2022-02-07,2022-02-07 13:00:00,324.0,332.5,319.1,324.33,0.1,1034.2,339093.23,1
2022-02-07,2022-02-07 13:10:00,324.33,324.67,324.33,324.67,0.1,1034.2,339093.23,1
2022-02-07,2022-02-07 13:20:00,324.67,325.0,324.67,325.0,0.1,1034.2,339093.23,1
2022-02-07,2022-02-07 13:30:00,325.0,325.33,325.0,325.33,0.1,1034.2,339093.23,1
2022-02-07,2022-02-07 13:40:00,325.33,325.67,325.33,325.67,0.1,1034.2,339093.23,1
2022-02-07,2022-02-07 13:50:00,325.67,326.0,325.67,326.0,0.1,1034.2,339093.23,1
2022-02-07,2022-02-07 14:00:00,326.0,326.33,326.0,326.33,0.1,1034.2,339093.23,1
2022-02-07,2022-02-07 14:10:00,326.33,326.67,326.33,326.67,0.1,1034.2,339093.23,1
2022-02-07,2022-02-07 14:20:00,326.67,327.0,326.67,327.0,0.1,1034.2,339093.23,1
2022-02-07,2022-02-07 14:30:00,327.0,327.33,327.0,327.33,0.1,1034.2,339093.23,1
2022-02-07,2022-02-07 14:40:00,327.33,327.67,327.33,327.67,0.1,1034.2,339093.23,1
2022-02-07,2022-02-07 14:50:00,327.67,328.0,327.67,328.0,0.1,1034.2,339093.23,1
2022-02-07,2022-02-07 15:00:00,328.0,332.5,319.1,328.0,0.0,1034.2,339093.23,0
2022-02-08,2022-02-08 11:00:00,334.5,337.95,330.75,334.02,-0.14,2357.12,782917.48,-1
2022-02-08,2022-02-08 11:10:00,334.02,334.02,333.54,333.54,-0.14,2357.12,782917.48,-1
2022-02-08,2022-02-08 11:20:00,333.54,333.54,333.06,333.06,-0.14,2357.12,782917.48,-1
2022-02-08,2022-02-08 11:30:00,333.06,333.06,332.58,332.58,-0.14,2357.12,782917.48,-1
2022-02-08,2022-02-08 11:40:00,332.58,332.58,332.1,332.1,-0.14,2357.12,782917.48,-1
2022-02-08,2022-02-08 11:50:00,332.1,332.1,331.62,331.62,-0.14,2357.12,782917.48,-1
2022-02-08,2022-02-08 12:00:00,331.62,331.62,331.15,331.15,-0.14,2357.12,782917.48,-1
2022-02-08,2022-02-08 12:10:00,331.15,331.15,330.67,330.67,-0.14,2357.12,782917.48,-1
2022-02-08,2022-02-08 12:20:00,330.67,330.67,330.19,330.19,-0.15,2357.12,782917.48,-1
2022-02-08,2022-02-08 12:30:00,330.19,330.19,329.71,329.71,-0.15,2357.12,782917.48,-1
2022-02-08,2022-02-08 12:40:00,329.71,329.71,329.23,329.23,-0.15,2357.12,782917.48,-1
2022-02-08,2022-02-08 12:50:00,329.23,329.23,328.75,328.75,-0.15,2357.12,782917.48,-1
2022-02-08,2022-02-08 13:00:00,328.75,346.0,322.0,328.27,-0.15,2357.12,782917.48,-1
2022-02-08,2022-02-08 13:10:00,328.27,328.27,327.79,327.79,-0.15,2357.12,782917.48,-1
2022-02-08,2022-02-08 13:20:00,327.79,327.79,327.31,327.31,-0.15,2357.12,782917.48,-1
2022-02-08,2022-02-08 13:30:00,327.31,327.31,326.83,326.83,-0.15,2357.12,782917.48,-1
2022-02-08,2022-02-08 13:40:00,326.83,326.83,326.35,326.35,-0.15,2357.12,782917.48,-1
2022-02-08,2022-02-08 13:50:00,326.35,326.35,325.88,325.88,-0.14,2357.12,782917.48,-1
2022-02-08,2022-02-08 14:00:00,325.88,325.88,325.4,325.4,-0.15,2357.12,782917.48,-1
2022-02-08,2022-02-08 14:10:00,325.4,325.4,324.92,324.92,-0.15,2357.12,782917.48,-1
2022-02-08,2022-02-08 14:20:00,324.92,324.92,324.44,324.44,-0.15,2357.12,782917.48,-1
2022-02-08,2022-02-08 14:30:00,324.44,324.44,323.96,323.96,-0.15,2357.12,782917.48,-1
2022-02-08,2022-02-08 14:40:00,323.96,323.96,323.48,323.48,-0.15,2357.12,782917.48,-1
2022-02-08,2022-02-08 14:50:00,323.48,323.48,323.0,323.0,-0.15,2357.12,782917.48,-1
2022-02-08,2022-02-08 15:00:00,323.0,346.0,322.0,323.0,0.0,2357.12,782917.48,0
2022-02-09,2022-02-09 11:00:00,317.0,319.25,317.0,317.12,0.04,1172.52,375626.28,1
2022-02-09,2022-02-09 11:10:00,317.12,317.25,317.12,317.25,0.04,1172.52,375626.28,1
2022-02-09,2022-02-09 11:20:00,317.25,317.38,317.25,317.38,0.04,1172.52,375626.28,1
2022-02-09,2022-02-09 11:30:00,317.38,317.5,317.38,317.5,0.04,1172.52,375626.28,1
2022-02-09,2022-02-09 11:40:00,317.5,317.62,317.5,317.62,0.04,1172.52,375626.28,1
2022-02-09,2022-02-09 11:50:00,317.62,317.75,317.62,317.75,0.04,1172.52,375626.28,1
2022-02-09,2022-02-09 12:00:00,317.75,317.88,317.75,317.88,0.04,1172.52,375626.28,1
2022-02-09,2022-02-09 12:10:00,317.88,318.0,317.88,318.0,0.04,1172.52,375626.28,1
2022-02-09,2022-02-09 12:20:00,318.0,318.12,318.0,318.12,0.04,1172.52,375626.28,1
2022-02-09,2022-02-09 12:30:00,318.12,318.25,318.12,318.25,0.04,1172.52,375626.28,1
2022-02-09,2022-02-09 12:40:00,318.25,318.38,318.25,318.38,0.04,1172.52,375626.28,1
2022-02-09,2022-02-09 12:50:00,318.38,318.5,318.38,318.5,0.04,1172.52,375626.28,1
2022-02-09,2022-02-09 13:00:00,318.5,324.5,317.0,318.62,0.04,1172.52,375626.28,1
2022-02-09,2022-02-09 13:10:00,318.62,318.75,318.62,318.75,0.04,1172.52,375626.28,1
2022-02-09,2022-02-09 13:20:00,318.75,318.88,318.75,318.88,0.04,1172.52,375626.28,1
2022-02-09,2022-02-09 13:30:00,318.88,319.0,318.88,319.0,0.04,1172.52,375626.28,1
2022-02-09,2022-02-09 13:40:00,319.0,319.12,319.0,319.12,0.04,1172.52,375626.28,1
2022-02-09,2022-02-09 13:50:00,319.12,319.25,319.12,319.25,0.04,1172.52,375626.28,1
2022-02-09,2022-02-09 14:00:00,319.25,319.38,319.25,319.38,0.04,1172.52,375626.28,1
2022-02-09,2022-02-09 14:10:00,319.38,319.5,319.38,319.5,0.04,1172.52,375626.28,1
2022-02-09,2022-02-09 14:20:00,319.5,319.62,319.5,319.62,0.04,1172.52,375626.28,1
2022-02-09,2022-02-09 14:30:00,319.62,319.75,319.62,319.75,0.04,1172.52,375626.28,1
2022-02-09,2022-02-09 14:40:00,319.75,319.88,319.75,319.88,0.04,1172.52,375626.28,1
2022-02-09,2022-02-09 14:50:00,319.88,320.0,319.88,320.0,0.04,1172.52,375626.28,1
2022-02-09,2022-02-09 15:00:00,320.0,324.5,317.0,320.0,0.0,1172.52,375626.28,0
2022-02-10,2022-02-10 11:00:00,324.9,324.93,322.83,324.65,-0.08,1126.84,361125.26,-1
2022-02-10,2022-02-10 11:10:00,324.65,324.65,324.41,324.41,-0.07,1126.84,361125.26,-1
2022-02-10,2022-02-10 11:20:00,324.41,324.41,324.16,324.16,-0.08,1126.84,361125.26,-1
2022-02-10,2022-02-10 11:30:00,324.16,324.16,323.92,323.92,-0.07,1126.84,361125.26,-1
2022-02-10,2022-02-10 11:40:00,323.92,323.92,323.67,323.67,-0.08,1126.84,361125.26,-1
2022-02-10,2022-02-10 11:50:00,323.67,323.67,323.42,323.42,-0.08,1126.84,361125.26,-1
2022-02-10,2022-02-10 12:00:00,323.42,323.42,323.18,323.18,-0.07,1126.84,361125.26,-1
2022-02-10,2022-02-10 12:10:00,323.18,323.18,322.93,322.93,-0.08,1126.84,361125.26,-1
2022-02-10,2022-02-10 12:20:00,322.93,322.93,322.69,322.69,-0.07,1126.84,361125.26,-1
2022-02-10,2022-02-10 12:30:00,322.69,322.69,322.44,322.44,-0.08,1126.84,361125.26,-1
2022-02-10,2022-02-10 12:40:00,322.44,322.44,322.2,322.2,-0.07,1126.84,361125.26,-1
2022-02-10,2022-02-10 12:50:00,322.2,322.2,321.95,321.95,-0.08,1126.84,361125.26,-1
2022-02-10,2022-02-10 13:00:00,321.95,325.0,318.0,321.7,-0.08,1126.84,361125.26,-1
2022-02-10,2022-02-10 13:10:00,321.7,321.7,321.46,321.46,-0.07,1126.84,361125.26,-1
2022-02-10,2022-02-10 13:20:00,321.46,321.46,321.21,321.21,-0.08,1126.84,361125.26,-1
2022-02-10,2022-02-10 13:30:00,321.21,321.21,320.97,320.97,-0.07,1126.84,361125.26,-1
2022-02-10,2022-02-10 13:40:00,320.97,320.97,320.72,320.72,-0.08,1126.84,361125.26,-1
2022-02-10,2022-02-10 13:50:00,320.72,320.72,320.48,320.48,-0.07,1126.84,361125.26,-1
2022-02-10,2022-02-10 14:00:00,320.48,320.48,320.23,320.23,-0.08,1126.84,361125.26,-1
2022-02-10,2022-02-10 14:10:00,320.23,320.23,319.98,319.98,-0.08,1126.84,361125.26,-1
2022-02-10,2022-02-10 14:20:00,319.98,319.98,319.74,319.74,-0.08,1126.84,361125.26,-1
2022-02-10,2022-02-10 14:30:00,319.74,319.74,319.49,319.49,-0.08,1126.84,361125.26,-1
2022-02-10,2022-02-10 14:40:00,319.49,319.49,319.25,319.25,-0.08,1126.84,361125.26,-1
2022-02-10,2022-02-10 14:50:00,319.25,319.25,319.0,319.0,-0.08,1126.84,361125.26,-1
2022-02-10,2022-02-10 15:00:00,319.0,325.0,318.0,319.0,0.0,1126.84,361125.26,0
2022-02-13,2022-02-13 11:00:00,312.7,313.99,309.19,312.5,-0.06,1606.76,497504.27,-1
2022-02-13,2022-02-13 11:10:00,312.5,312.5,312.31,312.31,-0.06,1606.76,497504.27,-1
2022-02-13,2022-02-13 11:20:00,312.31,312.31,312.11,312.11,-0.06,1606.76,497504.27,-1
2022-02-13,2022-02-13 11:30:00,312.11,312.11,311.92,311.92,-0.06,1606.76,497504.27,-1
2022-02-13,2022-02-13 11:40:00,311.92,311.92,311.72,311.72,-0.06,1606.76,497504.27,-1
2022-02-13,2022-02-13 11:50:00,311.72,311.72,311.52,311.52,-0.06,1606.76,497504.27,-1
2022-02-13,2022-02-13 12:00:00,311.52,311.52,311.33,311.33,-0.06,1606.76,497504.27,-1
2022-02-13,2022-02-13 12:10:00,311.33,311.33,311.13,311.13,-0.06,1606.76,497504.27,-1
2022-02-13,2022-02-13 12:20:00,311.13,311.13,310.94,310.94,-0.06,1606.76,497504.27,-1
2022-02-13,2022-02-13 12:30:00,310.94,310.94,310.74,310.74,-0.06,1606.76,497504.27,-1
2022-02-13,2022-02-13 12:40:00,310.74,310.74,310.55,310.55,-0.06,1606.76,497504.27,-1
2022-02-13,2022-02-13 12:50:00,310.55,310.55,310.35,310.35,-0.06,1606.76,497504.27,-1
2022-02-13,2022-02-13 13:00:00,310.35,317.0,301.0,310.15,-0.06,1606.76,497504.27,-1
2022-02-13,2022-02-13 13:10:00,310.15,310.15,309.96,309.96,-0.06,1606.76,497504.27,-1
2022-02-13,2022-02-13 13:20:00,309.96,309.96,309.76,309.76,-0.06,1606.76,497504.27,-1
2022-02-13,2022-02-13 13:30:00,309.76,309.76,309.57,309.57,-0.06,1606.76,497504.27,-1
2022-02-13,2022-02-13 13:40:00,309.57,309.57,309.37,309.37,-0.06,1606.76,497504.27,-1
2022-02-13,2022-02-13 13:50:00,309.37,309.37,309.18,309.18,-0.06,1606.76,497504.27,-1
2022-02-13,2022-02-13 14:00:00,309.18,309.18,308.98,308.98,-0.06,1606.76,497504.27,-1
2022-02-13,2022-02-13 14:10:00,308.98,308.98,308.78,308.78,-0.06,1606.76,497504.27,-1
2022-02-13,2022-02-13 14:20:00,308.78,308.78,308.59,308.59,-0.06,1606.76,497504.27,-1
2022-02-13,2022-02-13 14:30:00,308.59,308.59,308.39,308.39,-0.06,1606.76,497504.27,-1
2022-02-13,2022-02-13 14:40:00,308.39,308.39,308.2,308.2,-0.06,1606.76,497504.27,-1
2022-02-13,2022-02-13 14:50:00,308.2,308.2,308.0,308.0,-0.06,1606.76,497504.27,-1
2022-02-13,2022-02-13 15:00:00,308.0,317.0,301.0,308.0,0.0,1606.76,497504.27,0
2022-02-14,2022-02-14 11:00:00,313.0,314.2,311.8,312.92,-0.03,1111.64,346925.92,-1
2022-02-14,2022-02-14 11:10:00,312.92,312.92,312.83,312.83,-0.03,1111.64,346925.92,-1
2022-02-14,2022-02-14 11:20:00,312.83,312.83,312.75,312.75,-0.03,1111.64,346925.92,-1
2022-02-14,2022-02-14 11:30:00,312.75,312.75,312.67,312.67,-0.03,1111.64,346925.92,-1
2022-02-14,2022-02-14 11:40:00,312.67,312.67,312.58,312.58,-0.03,1111.64,346925.92,-1
2022-02-14,2022-02-14 11:50:00,312.58,312.58,312.5,312.5,-0.03,1111.64,346925.92,-1
2022-02-14,2022-02-14 12:00:00,312.5,312.5,312.42,312.42,-0.03,1111.64,346925.92,-1
2022-02-14,2022-02-14 12:10:00,312.42,312.42,312.33,312.33,-0.03,1111.64,346925.92,-1
2022-02-14,2022-02-14 12:20:00,312.33,312.33,312.25,312.25,-0.03,1111.64,346925.92,-1
2022-02-14,2022-02-14 12:30:00,312.25,312.25,312.17,312.17,-0.03,1111.64,346925.92,-1
2022-02-14,2022-02-14 12:40:00,312.17,312.17,312.08,312.08,-0.03,1111.64,346925.92,-1
2022-02-14,2022-02-14 12:50:00,312.08,312.08,312.0,312.0,-0.03,1111.64,346925.92,-1
2022-02-14,2022-02-14 13:00:00,312.0,317.0,309.0,311.92,-0.03,1111.64,346925.92,-1
2022-02-14,2022-02-14 13:10:00,311.92,311.92,311.83,311.83,-0.03,1111.64,346925.92,-1
2022-02-14,2022-02-14 13:20:00,311.83,311.83,311.75,311.75,-0.03,1111.64,346925.92,-1
2022-02-14,2022-02-14 13:30:00,311.75,311.75,311.67,311.67,-0.03,1111.64,346925.92,-1
2022-02-14,2022-02-14 13:40:00,311.67,311.67,311.58,311.58,-0.03,1111.64,346925.92,-1
2022-02-14,2022-02-14 13:50:00,311.58,311.58,311.5,311.5,-0.03,1111.64,346925.92,-1
2022-02-14,2022-02-14 14:00:00,311.5,311.5,311.42,311.42,-0.03,1111.64,346925.92,-1
2022-02-14,2022-02-14 14:10:00,311.42,311.42,311.33,311.33,-0.03,1111.64,346925.92,-1
2022-02-14,2022-02-14 14:20:00,311.33,311.33,311.25,311.25,-0.03,1111.64,346925.92,-1
2022-02-14,2022-02-14 14:30:00,311.25,311.25,311.17,311.17,-0.03,1111.64,346925.92,-1
2022-02-14,2022-02-14 14:40:00,311.17,311.17,311.08,311.08,-0.03,1111.64,346925.92,-1
2022-02-14,2022-02-14 14:50:00,311.08,311.08,311.0,311.0,-0.03,1111.64,346925.92,-1
2022-02-14,2022-02-14 15:00:00,311.0,317.0,309.0,311.0,0.0,1111.64,346925.92,0
2022-02-15,2022-02-15 11:00:00,316.9,320.23,314.83,317.28,0.12,1090.28,342444.64,1
2022-02-15,2022-02-15 11:10:00,317.28,317.66,317.28,317.66,0.12,1090.28,342444.64,1
2022-02-15,2022-02-15 11:20:00,317.66,318.04,317.66,318.04,0.12,1090.28,342444.64,1
2022-02-15,2022-02-15 11:30:00,318.04,318.42,318.04,318.42,0.12,1090.28,342444.64,1
2022-02-15,2022-02-15 11:40:00,318.42,318.8,318.42,318.8,0.12,1090.28,342444.64,1
2022-02-15,2022-02-15 11:50:00,318.8,319.17,318.8,319.17,0.12,1090.28,342444.64,1
2022-02-15,2022-02-15 12:00:00,319.17,319.55,319.17,319.55,0.12,1090.28,342444.64,1
2022-02-15,2022-02-15 12:10:00,319.55,319.93,319.55,319.93,0.12,1090.28,342444.64,1
2022-02-15,2022-02-15 12:20:00,319.93,320.31,319.93,320.31,0.12,1090.28,342444.64,1
2022-02-15,2022-02-15 12:30:00,320.31,320.69,320.31,320.69,0.12,1090.28,342444.64,1
2022-02-15,2022-02-15 12:40:00,320.69,321.07,320.69,321.07,0.12,1090.28,342444.64,1
2022-02-15,2022-02-15 12:50:00,321.07,321.45,321.07,321.45,0.12,1090.28,342444.64,1
2022-02-15,2022-02-15 13:00:00,321.45,328.0,310.0,321.83,0.12,1090.28,342444.64,1
2022-02-15,2022-02-15 13:10:00,321.83,322.21,321.83,322.21,0.12,1090.28,342444.64,1
2022-02-15,2022-02-15 13:20:00,322.21,322.59,322.21,322.59,0.12,1090.28,342444.64,1
2022-02-15,2022-02-15 13:30:00,322.59,322.97,322.59,322.97,0.12,1090.28,342444.64,1
2022-02-15,2022-02-15 13:40:00,322.97,323.35,322.97,323.35,0.12,1090.28,342444.64,1
2022-02-15,2022-02-15 13:50:00,323.35,323.73,323.35,323.73,0.12,1090.28,342444.64,1
2022-02-15,2022-02-15 14:00:00,323.73,324.1,323.73,324.1,0.11,1090.28,342444.64,1
2022-02-15,2022-02-15 14:10:00,324.1,324.48,324.1,324.48,0.12,1090.28,342444.64,1
2022-02-15,2022-02-15 14:20:00,324.48,324.86,324.48,324.86,0.12,1090.28,342444.64,1
2022-02-15,2022-02-15 14:30:00,324.86,325.24,324.86,325.24,0.12,1090.28,342444.64,1
2022-02-15,2022-02-15 14:40:00,325.24,325.62,325.24,325.62,0.12,1090.28,342444.64,1
2022-02-15,2022-02-15 14:50:00,325.62,326.0,325.62,326.0,0.12,1090.28,342444.64,1
2022-02-15,2022-02-15 15:00:00,326.0,328.0,310.0,326.0,0.0,1090.28,342444.64,0
2022-02-16,2022-02-16 11:00:00,332.0,332.0,326.0,331.3,-0.21,885.44,283971.26,-1
2022-02-16,2022-02-16 11:10:00,331.3,331.3,330.59,330.59,-0.21,885.44,283971.26,-1
2022-02-16,2022-02-16 11:20:00,330.59,330.59,329.89,329.89,-0.21,885.44,283971.26,-1
2022-02-16,2022-02-16 11:30:00,329.89,329.89,329.18,329.18,-0.22,885.44,283971.26,-1
2022-02-16,2022-02-16 11:40:00,329.18,329.18,328.48,328.48,-0.21,885.44,283971.26,-1
2022-02-16,2022-02-16 11:50:00,328.48,328.48,327.77,327.77,-0.22,885.44,283971.26,-1
2022-02-16,2022-02-16 12:00:00,327.77,327.77,327.07,327.07,-0.21,885.44,283971.26,-1
2022-02-16,2022-02-16 12:10:00,327.07,327.07,326.37,326.37,-0.21,885.44,283971.26,-1
2022-02-16,2022-02-16 12:20:00,326.37,326.37,325.66,325.66,-0.22,885.44,283971.26,-1
2022-02-16,2022-02-16 12:30:00,325.66,325.66,324.96,324.96,-0.21,885.44,283971.26,-1
2022-02-16,2022-02-16 12:40:00,324.96,324.96,324.25,324.25,-0.22,885.44,283971.26,-1
2022-02-16,2022-02-16 12:50:00,324.25,324.25,323.55,323.55,-0.22,885.44,283971.26,-1
2022-02-16,2022-02-16 13:00:00,323.55,332.0,312.0,322.85,-0.22,885.44,283971.26,-1
2022-02-16,2022-02-16 13:10:00,322.85,322.85,322.14,322.14,-0.22,885.44,283971.26,-1
2022-02-16,2022-02-16 13:20:00,322.14,322.14,321.44,321.44,-0.22,885.44,283971.26,-1
2022-02-16,2022-02-16 13:30:00,321.44,321.44,320.73,320.73,-0.22,885.44,283971.26,-1
2022-02-16,2022-02-16 13:40:00,320.73,320.73,320.03,320.03,-0.22,885.44,283971.26,-1
2022-02-16,2022-02-16 13:50:00,320.03,320.03,319.33,319.33,-0.22,885.44,283971.26,-1
2022-02-16,2022-02-16 14:00:00,319.33,319.33,318.62,318.62,-0.22,885.44,283971.26,-1
2022-02-16,2022-02-16 14:10:00,318.62,318.62,317.92,317.92,-0.22,885.44,283971.26,-1
2022-02-16,2022-02-16 14:20:00,317.92,317.92,317.21,317.21,-0.22,885.44,283971.26,-1
2022-02-16,2022-02-16 14:30:00,317.21,317.21,316.51,316.51,-0.22,885.44,283971.26,-1
2022-02-16,2022-02-16 14:40:00,316.51,316.51,315.8,315.8,-0.22,885.44,283971.26,-1
2022-02-16,2022-02-16 14:50:00,315.8,315.8,315.1,315.1,-0.22,885.44,283971.26,-1
2022-02-16,2022-02-16 15:00:00,315.1,332.0,312.0,315.1,0.0,885.44,283971.26,0
2022-02-17,2022-02-17 11:00:00,321.0,321.0,316.74,320.79,-0.07,1637.88,512656.29,-1
2022-02-17,2022-02-17 11:10:00,320.79,320.79,320.58,320.58,-0.07,1637.88,512656.29,-1
2022-02-17,2022-02-17 11:20:00,320.58,320.58,320.38,320.38,-0.06,1637.88,512656.29,-1
2022-02-17,2022-02-17 11:30:00,320.38,320.38,320.17,320.17,-0.07,1637.88,512656.29,-1
2022-02-17,2022-02-17 11:40:00,320.17,320.17,319.96,319.96,-0.07,1637.88,512656.29,-1
2022-02-17,2022-02-17 11:50:00,319.96,319.96,319.75,319.75,-0.07,1637.88,512656.29,-1
2022-02-17,2022-02-17 12:00:00,319.75,319.75,319.54,319.54,-0.07,1637.88,512656.29,-1
2022-02-17,2022-02-17 12:10:00,319.54,319.54,319.33,319.33,-0.07,1637.88,512656.29,-1
2022-02-17,2022-02-17 12:20:00,319.33,319.33,319.12,319.12,-0.07,1637.88,512656.29,-1
2022-02-17,2022-02-17 12:30:00,319.12,319.12,318.92,318.92,-0.06,1637.88,512656.29,-1
2022-02-17,2022-02-17 12:40:00,318.92,318.92,318.71,318.71,-0.07,1637.88,512656.29,-1
2022-02-17,2022-02-17 12:50:00,318.71,318.71,318.5,318.5,-0.07,1637.88,512656.29,-1
2022-02-17,2022-02-17 13:00:00,318.5,321.0,306.8,318.29,-0.07,1637.88,512656.29,-1
2022-02-17,2022-02-17 13:10:00,318.29,318.29,318.08,318.08,-0.07,1637.88,512656.29,-1
2022-02-17,2022-02-17 13:20:00,318.08,318.08,317.88,317.88,-0.06,1637.88,512656.29,-1
2022-02-17,2022-02-17 13:30:00,317.88,317.88,317.67,317.67,-0.07,1637.88,512656.29,-1
2022-02-17,2022-02-17 13:40:00,317.67,317.67,317.46,317.46,-0.07,1637.88,512656.29,-1
2022-02-17,2022-02-17 13:50:00,317.46,317.46,317.25,317.25,-0.07,1637.88,512656.29,-1
2022-02-17,2022-02-17 14:00:00,317.25,317.25,317.04,317.04,-0.07,1637.88,512656.29,-1
2022-02-17,2022-02-17 14:10:00,317.04,317.04,316.83,316.83,-0.07,1637.88,512656.29,-1
2022-02-17,2022-02-17 14:20:00,316.83,316.83,316.62,316.62,-0.07,1637.88,512656.29,-1
2022-02-17,2022-02-17 14:30:00,316.62,316.62,316.42,316.42,-0.06,1637.88,512656.29,-1
2022-02-17,2022-02-17 14:40:00,316.42,316.42,316.21,316.21,-0.07,1637.88,512656.29,-1
2022-02-17,2022-02-17 14:50:00,316.21,316.21,316.0,316.0,-0.07,1637.88,512656.29,-1
2022-02-17,2022-02-17 15:00:00,316.0,321.0,306.8,316.0,0.0,1637.88,512656.29,0
2022-02-20,2022-02-20 11:00:00,316.0,318.4,312.28,315.88,-0.04,1327.16,416841.22,-1
2022-02-20,2022-02-20 11:10:00,315.88,315.88,315.76,315.76,-0.04,1327.16,416841.22,-1
2022-02-20,2022-02-20 11:20:00,315.76,315.76,315.64,315.64,-0.04,1327.16,416841.22,-1
2022-02-20,2022-02-20 11:30:00,315.64,315.64,315.52,315.52,-0.04,1327.16,416841.22,-1
2022-02-20,2022-02-20 11:40:00,315.52,315.52,315.4,315.4,-0.04,1327.16,416841.22,-1
2022-02-20,2022-02-20 11:50:00,315.4,315.4,315.27,315.27,-0.04,1327.16,416841.22,-1
2022-02-20,2022-02-20 12:00:00,315.27,315.27,315.15,315.15,-0.04,1327.16,416841.22,-1
2022-02-20,2022-02-20 12:10:00,315.15,315.15,315.03,315.03,-0.04,1327.16,416841.22,-1
2022-02-20,2022-02-20 12:20:00,315.03,315.03,314.91,314.91,-0.04,1327.16,416841.22,-1
2022-02-20,2022-02-20 12:30:00,314.91,314.91,314.79,314.79,-0.04,1327.16,416841.22,-1
2022-02-20,2022-02-20 12:40:00,314.79,314.79,314.67,314.67,-0.04,1327.16,416841.22,-1
2022-02-20,2022-02-20 12:50:00,314.67,314.67,314.55,314.55,-0.04,1327.16,416841.22,-1
2022-02-20,2022-02-20 13:00:00,314.55,324.0,303.6,314.43,-0.04,1327.16,416841.22,-1
2022-02-20,2022-02-20 13:10:00,314.43,314.43,314.31,314.31,-0.04,1327.16,416841.22,-1
2022-02-20,2022-02-20 13:20:00,314.31,314.31,314.19,314.19,-0.04,1327.16,416841.22,-1
2022-02-20,2022-02-20 13:30:00,314.19,314.19,314.07,314.07,-0.04,1327.16,416841.22,-1
2022-02-20,2022-02-20 13:40:00,314.07,314.07,313.95,313.95,-0.04,1327.16,416841.22,-1
2022-02-20,2022-02-20 13:50:00,313.95,313.95,313.83,313.83,-0.04,1327.16,416841.22,-1
2022-02-20,2022-02-20 14:00:00,313.83,313.83,313.7,313.7,-0.04,1327.16,416841.22,-1
2022-02-20,2022-02-20 14:10:00,313.7,313.7,313.58,313.58,-0.04,1327.16,416841.22,-1
2022-02-20,2022-02-20 14:20:00,313.58,313.58,313.46,313.46,-0.04,1327.16,416841.22,-1
2022-02-20,2022-02-20 14:30:00,313.46,313.46,313.34,313.34,-0.04,1327.16,416841.22,-1
2022-02-20,2022-02-20 14:40:00,313.34,313.34,313.22,313.22,-0.04,1327.16,416841.22,-1
2022-02-20,2022-02-20 14:50:00,313.22,313.22,313.1,313.1,-0.04,1327.16,416841.22,-1
2022-02-20,2022-02-20 15:00:00,313.1,324.0,303.6,313.1,0.0,1327.16,416841.22,0
2022-02-21,2022-02-21 11:00:00,319.3,319.9,317.11,319.23,-0.02,712.0,224918.59,-1
2022-02-21,2022-02-21 11:10:00,319.23,319.23,319.15,319.15,-0.03,712.0,224918.59,-1
2022-02-21,2022-02-21 11:20:00,319.15,319.15,319.07,319.07,-0.03,712.0,224918.59,-1
2022-02-21,2022-02-21 11:30:00,319.07,319.07,319.0,319.0,-0.02,712.0,224918.59,-1
2022-02-21,2022-02-21 11:40:00,319.0,319.0,318.93,318.93,-0.02,712.0,224918.59,-1
2022-02-21,2022-02-21 11:50:00,318.93,318.93,318.85,318.85,-0.03,712.0,224918.59,-1
2022-02-21,2022-02-21 12:00:00,318.85,318.85,318.78,318.78,-0.02,712.0,224918.59,-1
2022-02-21,2022-02-21 12:10:00,318.78,318.78,318.7,318.7,-0.03,712.0,224918.59,-1
2022-02-21,2022-02-21 12:20:00,318.7,318.7,318.62,318.62,-0.03,712.0,224918.59,-1
2022-02-21,2022-02-21 12:30:00,318.62,318.62,318.55,318.55,-0.02,712.0,224918.59,-1
2022-02-21,2022-02-21 12:40:00,318.55,318.55,318.48,318.48,-0.02,712.0,224918.59,-1
2022-02-21,2022-02-21 12:50:00,318.48,318.48,318.4,318.4,-0.03,712.0,224918.59,-1
2022-02-21,2022-02-21 13:00:00,318.4,321.3,312.0,318.32,-0.03,712.0,224918.59,-1
2022-02-21,2022-02-21 13:10:00,318.32,318.32,318.25,318.25,-0.02,712.0,224918.59,-1
2022-02-21,2022-02-21 13:20:00,318.25,318.25,318.18,318.18,-0.02,712.0,224918.59,-1
2022-02-21,2022-02-21 13:30:00,318.18,318.18,318.1,318.1,-0.03,712.0,224918.59,-1
2022-02-21,2022-02-21 13:40:00,318.1,318.1,318.02,318.02,-0.03,712.0,224918.59,-1
2022-02-21,2022-02-21 13:50:00,318.02,318.02,317.95,317.95,-0.02,712.0,224918.59,-1
2022-02-21,2022-02-21 14:00:00,317.95,317.95,317.88,317.88,-0.02,712.0,224918.59,-1
2022-02-21,2022-02-21 14:10:00,317.88,317.88,317.8,317.8,-0.03,712.0,224918.59,-1
2022-02-21,2022-02-21 14:20:00,317.8,317.8,317.73,317.73,-0.02,712.0,224918.59,-1
2022-02-21,2022-02-21 14:30:00,317.73,317.73,317.65,317.65,-0.03,712.0,224918.59,-1
2022-02-21,2022-02-21 14:40:00,317.65,317.65,317.57,317.57,-0.03,712.0,224918.59,-1
2022-02-21,2022-02-21 14:50:00,317.57,317.57,317.5,317.5,-0.02,712.0,224918.59,-1
2022-02-21,2022-02-21 15:00:00,317.5,321.3,312.0,317.5,0.0,712.0,224918.59,0
2022-02-22,2022-02-22 11:00:00,321.5,323.45,320.15,321.52,0.01,1724.52,558492.25,1
2022-02-22,2022-02-22 11:10:00,321.52,321.54,321.52,321.54,0.01,1724.52,558492.25,1
2022-02-22,2022-02-22 11:20:00,321.54,321.56,321.54,321.56,0.01,1724.52,558492.25,1
2022-02-22,2022-02-22 11:30:00,321.56,321.58,321.56,321.58,0.01,1724.52,558492.25,1
2022-02-22,2022-02-22 11:40:00,321.58,321.6,321.58,321.6,0.01,1724.52,558492.25,1
2022-02-22,2022-02-22 11:50:00,321.6,321.62,321.6,321.62,0.01,1724.52,558492.25,1
2022-02-22,2022-02-22 12:00:00,321.62,321.65,321.62,321.65,0.01,1724.52,558492.25,1
2022-02-22,2022-02-22 12:10:00,321.65,321.67,321.65,321.67,0.01,1724.52,558492.25,1
2022-02-22,2022-02-22 12:20:00,321.67,321.69,321.67,321.69,0.01,1724.52,558492.25,1
2022-02-22,2022-02-22 12:30:00,321.69,321.71,321.69,321.71,0.01,1724.52,558492.25,1
2022-02-22,2022-02-22 12:40:00,321.71,321.73,321.71,321.73,0.01,1724.52,558492.25,1
2022-02-22,2022-02-22 12:50:00,321.73,321.75,321.73,321.75,0.01,1724.52,558492.25,1
2022-02-22,2022-02-22 13:00:00,321.75,328.0,317.0,321.77,0.01,1724.52,558492.25,1
2022-02-22,2022-02-22 13:10:00,321.77,321.79,321.77,321.79,0.01,1724.52,558492.25,1
2022-02-22,2022-02-22 13:20:00,321.79,321.81,321.79,321.81,0.01,1724.52,558492.25,1
2022-02-22,2022-02-22 13:30:00,321.81,321.83,321.81,321.83,0.01,1724.52,558492.25,1
2022-02-22,2022-02-22 13:40:00,321.83,321.85,321.83,321.85,0.01,1724.52,558492.25,1
2022-02-22,2022-02-22 13:50:00,321.85,321.88,321.85,321.88,0.01,1724.52,558492.25,1
2022-02-22,2022-02-22 14:00:00,321.88,321.9,321.88,321.9,0.01,1724.52,558492.25,1
2022-02-22,2022-02-22 14:10:00,321.9,321.92,321.9,321.92,0.01,1724.52,558492.25,1
2022-02-22,2022-02-22 14:20:00,321.92,321.94,321.92,321.94,0.01,1724.52,558492.25,1
2022-02-22,2022-02-22 14:30:00,321.94,321.96,321.94,321.96,0.01,1724.52,558492.25,1
2022-02-22,2022-02-22 14:40:00,321.96,321.98,321.96,321.98,0.01,1724.52,558492.25,1
2022-02-22,2022-02-22 14:50:00,321.98,322.0,321.98,322.0,0.01,1724.52,558492.25,1
2022-02-22,2022-02-22 15:00:00,322.0,328.0,317.0,322.0,0.0,1724.52,558492.25,0
2022-02-23,2022-02-23 11:00:00,322.7,330.98,322.7,323.3,0.19,6042.32,2036736.27,1
2022-02-23,2022-02-23 11:10:00,323.3,323.89,323.3,323.89,0.18,6042.32,2036736.27,1
2022-02-23,2022-02-23 11:20:00,323.89,324.49,323.89,324.49,0.19,6042.32,2036736.27,1
2022-02-23,2022-02-23 11:30:00,324.49,325.08,324.49,325.08,0.18,6042.32,2036736.27,1
2022-02-23,2022-02-23 11:40:00,325.08,325.68,325.08,325.68,0.18,6042.32,2036736.27,1
2022-02-23,2022-02-23 11:50:00,325.68,326.27,325.68,326.27,0.18,6042.32,2036736.27,1
2022-02-23,2022-02-23 12:00:00,326.27,326.87,326.27,326.87,0.18,6042.32,2036736.27,1
2022-02-23,2022-02-23 12:10:00,326.87,327.47,326.87,327.47,0.18,6042.32,2036736.27,1
2022-02-23,2022-02-23 12:20:00,327.47,328.06,327.47,328.06,0.18,6042.32,2036736.27,1
2022-02-23,2022-02-23 12:30:00,328.06,328.66,328.06,328.66,0.18,6042.32,2036736.27,1
2022-02-23,2022-02-23 12:40:00,328.66,329.25,328.66,329.25,0.18,6042.32,2036736.27,1
2022-02-23,2022-02-23 12:50:00,329.25,329.85,329.25,329.85,0.18,6042.32,2036736.27,1
2022-02-23,2022-02-23 13:00:00,329.85,350.3,322.7,330.45,0.18,6042.32,2036736.27,1
2022-02-23,2022-02-23 13:10:00,330.45,331.04,330.45,331.04,0.18,6042.32,2036736.27,1
2022-02-23,2022-02-23 13:20:00,331.04,331.64,331.04,331.64,0.18,6042.32,2036736.27,1
2022-02-23,2022-02-23 13:30:00,331.64,332.23,331.64,332.23,0.18,6042.32,2036736.27,1
2022-02-23,2022-02-23 13:40:00,332.23,332.83,332.23,332.83,0.18,6042.32,2036736.27,1
2022-02-23,2022-02-23 13:50:00,332.83,333.43,332.83,333.43,0.18,6042.32,2036736.27,1
2022-02-23,2022-02-23 14:00:00,333.43,334.02,333.43,334.02,0.18,6042.32,2036736.27,1
2022-02-23,2022-02-23 14:10:00,334.02,334.62,334.02,334.62,0.18,6042.32,2036736.27,1
2022-02-23,2022-02-23 14:20:00,334.62,335.21,334.62,335.21,0.18,6042.32,2036736.27,1
2022-02-23,2022-02-23 14:30:00,335.21,335.81,335.21,335.81,0.18,6042.32,2036736.27,1
2022-02-23,2022-02-23 14:40:00,335.81,336.4,335.81,336.4,0.18,6042.32,2036736.27,1
2022-02-23,2022-02-23 14:50:00,336.4,337.0,336.4,337.0,0.18,6042.32,2036736.27,1
2022-02-23,2022-02-23 15:00:00,337.0,350.3,322.7,337.0,0.0,6042.32,2036736.27,0
2022-02-24,2022-02-24 11:00:00,343.0,343.3,337.0,342.27,-0.21,3174.32,1057050.73,-1
2022-02-24,2022-02-24 11:10:00,342.27,342.27,341.54,341.54,-0.21,3174.32,1057050.73,-1
2022-02-24,2022-02-24 11:20:00,341.54,341.54,340.81,340.81,-0.21,3174.32,1057050.73,-1
2022-02-24,2022-02-24 11:30:00,340.81,340.81,340.08,340.08,-0.21,3174.32,1057050.73,-1
2022-02-24,2022-02-24 11:40:00,340.08,340.08,339.35,339.35,-0.21,3174.32,1057050.73,-1
2022-02-24,2022-02-24 11:50:00,339.35,339.35,338.62,338.62,-0.22,3174.32,1057050.73,-1
2022-02-24,2022-02-24 12:00:00,338.62,338.62,337.9,337.9,-0.21,3174.32,1057050.73,-1
2022-02-24,2022-02-24 12:10:00,337.9,337.9,337.17,337.17,-0.22,3174.32,1057050.73,-1
2022-02-24,2022-02-24 12:20:00,337.17,337.17,336.44,336.44,-0.22,3174.32,1057050.73,-1
2022-02-24,2022-02-24 12:30:00,336.44,336.44,335.71,335.71,-0.22,3174.32,1057050.73,-1
2022-02-24,2022-02-24 12:40:00,335.71,335.71,334.98,334.98,-0.22,3174.32,1057050.73,-1
2022-02-24,2022-02-24 12:50:00,334.98,334.98,334.25,334.25,-0.22,3174.32,1057050.73,-1
2022-02-24,2022-02-24 13:00:00,334.25,344.0,323.0,333.52,-0.22,3174.32,1057050.73,-1
2022-02-24,2022-02-24 13:10:00,333.52,333.52,332.79,332.79,-0.22,3174.32,1057050.73,-1
2022-02-24,2022-02-24 13:20:00,332.79,332.79,332.06,332.06,-0.22,3174.32,1057050.73,-1
2022-02-24,2022-02-24 13:30:00,332.06,332.06,331.33,331.33,-0.22,3174.32,1057050.73,-1
2022-02-24,2022-02-24 13:40:00,331.33,331.33,330.6,330.6,-0.22,3174.32,1057050.73,-1
2022-02-24,2022-02-24 13:50:00,330.6,330.6,329.88,329.88,-0.22,3174.32,1057050.73,-1
2022-02-24,2022-02-24 14:00:00,329.88,329.88,329.15,329.15,-0.22,3174.32,1057050.73,-1
2022-02-24,2022-02-24 14:10:00,329.15,329.15,328.42,328.42,-0.22,3174.32,1057050.73,-1
2022-02-24,2022-02-24 14:20:00,328.42,328.42,327.69,327.69,-0.22,3174.32,1057050.73,-1
2022-02-24,2022-02-24 14:30:00,327.69,327.69,326.96,326.96,-0.22,3174.32,1057050.73,-1
2022-02-24,2022-02-24 14:40:00,326.96,326.96,326.23,326.23,-0.22,3174.32,1057050.73,-1
2022-02-24,2022-02-24 14:50:00,326.23,326.23,325.5,325.5,-0.22,3174.32,1057050.73,-1
2022-02-24,2022-02-24 15:00:00,325.5,344.0,323.0,325.5,0.0,3174.32,1057050.73,0
2022-02-27,2022-02-27 11:00:00,325.5,329.25,324.75,325.65,0.05,2923.72,968676.75,1
2022-02-27,2022-02-27 11:10:00,325.65,325.79,325.65,325.79,0.04,2923.72,968676.75,1
2022-02-27,2022-02-27 11:20:00,325.79,325.94,325.79,325.94,0.05,2923.72,968676.75,1
2022-02-27,2022-02-27 11:30:00,325.94,326.08,325.94,326.08,0.04,2923.72,968676.75,1
2022-02-27,2022-02-27 11:40:00,326.08,326.23,326.08,326.23,0.05,2923.72,968676.75,1
2022-02-27,2022-02-27 11:50:00,326.23,326.38,326.23,326.38,0.05,2923.72,968676.75,1
2022-02-27,2022-02-27 12:00:00,326.38,326.52,326.38,326.52,0.04,2923.72,968676.75,1
2022-02-27,2022-02-27 12:10:00,326.52,326.67,326.52,326.67,0.05,2923.72,968676.75,1
2022-02-27,2022-02-27 12:20:00,326.67,326.81,326.67,326.81,0.04,2923.72,968676.75,1
2022-02-27,2022-02-27 12:30:00,326.81,326.96,326.81,326.96,0.05,2923.72,968676.75,1
2022-02-27,2022-02-27 12:40:00,326.96,327.1,326.96,327.1,0.04,2923.72,968676.75,1
2022-02-27,2022-02-27 12:50:00,327.1,327.25,327.1,327.25,0.05,2923.72,968676.75,1
2022-02-27,2022-02-27 13:00:00,327.25,338.0,323.0,327.4,0.05,2923.72,968676.75,1
2022-02-27,2022-02-27 13:10:00,327.4,327.54,327.4,327.54,0.04,2923.72,968676.75,1
2022-02-27,2022-02-27 13:20:00,327.54,327.69,327.54,327.69,0.05,2923.72,968676.75,1
2022-02-27,2022-02-27 13:30:00,327.69,327.83,327.69,327.83,0.04,2923.72,968676.75,1
2022-02-27,2022-02-27 13:40:00,327.83,327.98,327.83,327.98,0.05,2923.72,968676.75,1
2022-02-27,2022-02-27 13:50:00,327.98,328.12,327.98,328.12,0.04,2923.72,968676.75,1
2022-02-27,2022-02-27 14:00:00,328.12,328.27,328.12,328.27,0.05,2923.72,968676.75,1
2022-02-27,2022-02-27 14:10:00,328.27,328.42,328.27,328.42,0.05,2923.72,968676.75,1
2022-02-27,2022-02-27 14:20:00,328.42,328.56,328.42,328.56,0.04,2923.72,968676.75,1
2022-02-27,2022-02-27 14:30:00,328.56,328.71,328.56,328.71,0.05,2923.72,968676.75,1
2022-02-27,2022-02-27 14:40:00,328.71,328.85,328.71,328.85,0.04,2923.72,968676.75,1
2022-02-27,2022-02-27 14:50:00,328.85,329.0,328.85,329.0,0.05,2923.72,968676.75,1
2022-02-27,2022-02-27 15:00:00,329.0,338.0,323.0,329.0,0.0,2923.72,968676.75,0
2022-02-28,2022-02-28 11:00:00,335.5,337.45,329.35,334.67,-0.25,2065.84,670196.54,-1
2022-02-28,2022-02-28 11:10:00,334.67,334.67,333.84,333.84,-0.25,2065.84,670196.54,-1
2022-02-28,2022-02-28 11:20:00,333.84,333.84,333.01,333.01,-0.25,2065.84,670196.54,-1
2022-02-28,2022-02-28 11:30:00,333.01,333.01,332.18,332.18,-0.25,2065.84,670196.54,-1
2022-02-28,2022-02-28 11:40:00,332.18,332.18,331.35,331.35,-0.25,2065.84,670196.54,-1
2022-02-28,2022-02-28 11:50:00,331.35,331.35,330.52,330.52,-0.25,2065.84,670196.54,-1
2022-02-28,2022-02-28 12:00:00,330.52,330.52,329.7,329.7,-0.25,2065.84,670196.54,-1
2022-02-28,2022-02-28 12:10:00,329.7,329.7,328.87,328.87,-0.25,2065.84,670196.54,-1
2022-02-28,2022-02-28 12:20:00,328.87,328.87,328.04,328.04,-0.25,2065.84,670196.54,-1
2022-02-28,2022-02-28 12:30:00,328.04,328.04,327.21,327.21,-0.25,2065.84,670196.54,-1
2022-02-28,2022-02-28 12:40:00,327.21,327.21,326.38,326.38,-0.25,2065.84,670196.54,-1
2022-02-28,2022-02-28 12:50:00,326.38,326.38,325.55,325.55,-0.25,2065.84,670196.54,-1
2022-02-28,2022-02-28 13:00:00,325.55,342.0,315.0,324.72,-0.25,2065.84,670196.54,-1
2022-02-28,2022-02-28 13:10:00,324.72,324.72,323.89,323.89,-0.26,2065.84,670196.54,-1
2022-02-28,2022-02-28 13:20:00,323.89,323.89,323.06,323.06,-0.26,2065.84,670196.54,-1
2022-02-28,2022-02-28 13:30:00,323.06,323.06,322.23,322.23,-0.26,2065.84,670196.54,-1
2022-02-28,2022-02-28 13:40:00,322.23,322.23,321.4,321.4,-0.26,2065.84,670196.54,-1
2022-02-28,2022-02-28 13:50:00,321.4,321.4,320.58,320.58,-0.26,2065.84,670196.54,-1
2022-02-28,2022-02-28 14:00:00,320.58,320.58,319.75,319.75,-0.26,2065.84,670196.54,-1
2022-02-28,2022-02-28 14:10:00,319.75,319.75,318.92,318.92,-0.26,2065.84,670196.54,-1
2022-02-28,2022-02-28 14:20:00,318.92,318.92,318.09,318.09,-0.26,2065.84,670196.54,-1
2022-02-28,2022-02-28 14:30:00,318.09,318.09,317.26,317.26,-0.26,2065.84,670196.54,-1
2022-02-28,2022-02-28 14:40:00,317.26,317.26,316.43,316.43,-0.26,2065.84,670196.54,-1
2022-02-28,2022-02-28 14:50:00,316.43,316.43,315.6,315.6,-0.26,2065.84,670196.54,-1
2022-02-28,2022-02-28 15:00:00,315.6,342.0,315.0,315.6,0.0,2065.84,670196.54,0
2022-03-02,2022-03-02 11:00:00,315.0,315.0,312.0,314.62,-0.12,1382.6,426660.22,-1
2022-03-02,2022-03-02 11:10:00,314.62,314.62,314.25,314.25,-0.12,1382.6,426660.22,-1
2022-03-02,2022-03-02 11:20:00,314.25,314.25,313.88,313.88,-0.12,1382.6,426660.22,-1
2022-03-02,2022-03-02 11:30:00,313.88,313.88,313.5,313.5,-0.12,1382.6,426660.22,-1
2022-03-02,2022-03-02 11:40:00,313.5,313.5,313.12,313.12,-0.12,1382.6,426660.22,-1
2022-03-02,2022-03-02 11:50:00,313.12,313.12,312.75,312.75,-0.12,1382.6,426660.22,-1
2022-03-02,2022-03-02 12:00:00,312.75,312.75,312.38,312.38,-0.12,1382.6,426660.22,-1
2022-03-02,2022-03-02 12:10:00,312.38,312.38,312.0,312.0,-0.12,1382.6,426660.22,-1
2022-03-02,2022-03-02 12:20:00,312.0,312.0,311.62,311.62,-0.12,1382.6,426660.22,-1
2022-03-02,2022-03-02 12:30:00,311.62,311.62,311.25,311.25,-0.12,1382.6,426660.22,-1
2022-03-02,2022-03-02 12:40:00,311.25,311.25,310.88,310.88,-0.12,1382.6,426660.22,-1
2022-03-02,2022-03-02 12:50:00,310.88,310.88,310.5,310.5,-0.12,1382.6,426660.22,-1
2022-03-02,2022-03-02 13:00:00,310.5,315.0,305.0,310.12,-0.12,1382.6,426660.22,-1
2022-03-02,2022-03-02 13:10:00,310.12,310.12,309.75,309.75,-0.12,1382.6,426660.22,-1
2022-03-02,2022-03-02 13:20:00,309.75,309.75,309.38,309.38,-0.12,1382.6,426660.22,-1
2022-03-02,2022-03-02 13:30:00,309.38,309.38,309.0,309.0,-0.12,1382.6,426660.22,-1
2022-03-02,2022-03-02 13:40:00,309.0,309.0,308.62,308.62,-0.12,1382.6,426660.22,-1
2022-03-02,2022-03-02 13:50:00,308.62,308.62,308.25,308.25,-0.12,1382.6,426660.22,-1
2022-03-02,2022-03-02 14:00:00,308.25,308.25,307.88,307.88,-0.12,1382.6,426660.22,-1
2022-03-02,2022-03-02 14:10:00,307.88,307.88,307.5,307.5,-0.12,1382.6,426660.22,-1
2022-03-02,2022-03-02 14:20:00,307.5,307.5,307.12,307.12,-0.12,1382.6,426660.22,-1
2022-03-02,2022-03-02 14:30:00,307.12,307.12,306.75,306.75,-0.12,1382.6,426660.22,-1
2022-03-02,2022-03-02 14:40:00,306.75,306.75,306.38,306.38,-0.12,1382.6,426660.22,-1
2022-03-02,2022-03-02 14:50:00,306.38,306.38,306.0,306.0,-0.12,1382.6,426660.22,-1
2022-03-02,2022-03-02 15:00:00,306.0,315.0,305.0,306.0,0.0,1382.6,426660.22,0
2022-03-06,2022-03-06 11:00:00,312.1,313.87,308.47,311.85,-0.08,759.04,233615.2,-1
2022-03-06,2022-03-06 11:10:00,311.85,311.85,311.59,311.59,-0.08,759.04,233615.2,-1
2022-03-06,2022-03-06 11:20:00,311.59,311.59,311.34,311.34,-0.08,759.04,233615.2,-1
2022-03-06,2022-03-06 11:30:00,311.34,311.34,311.08,311.08,-0.08,759.04,233615.2,-1
2022-03-06,2022-03-06 11:40:00,311.08,311.08,310.83,310.83,-0.08,759.04,233615.2,-1
2022-03-06,2022-03-06 11:50:00,310.83,310.83,310.58,310.58,-0.08,759.04,233615.2,-1
2022-03-06,2022-03-06 12:00:00,310.58,310.58,310.32,310.32,-0.08,759.04,233615.2,-1
2022-03-06,2022-03-06 12:10:00,310.32,310.32,310.07,310.07,-0.08,759.04,233615.2,-1
2022-03-06,2022-03-06 12:20:00,310.07,310.07,309.81,309.81,-0.08,759.04,233615.2,-1
2022-03-06,2022-03-06 12:30:00,309.81,309.81,309.56,309.56,-0.08,759.04,233615.2,-1
2022-03-06,2022-03-06 12:40:00,309.56,309.56,309.3,309.3,-0.08,759.04,233615.2,-1
2022-03-06,2022-03-06 12:50:00,309.3,309.3,309.05,309.05,-0.08,759.04,233615.2,-1
2022-03-06,2022-03-06 13:00:00,309.05,318.0,300.0,308.8,-0.08,759.04,233615.2,-1
2022-03-06,2022-03-06 13:10:00,308.8,308.8,308.54,308.54,-0.08,759.04,233615.2,-1
2022-03-06,2022-03-06 13:20:00,308.54,308.54,308.29,308.29,-0.08,759.04,233615.2,-1
2022-03-06,2022-03-06 13:30:00,308.29,308.29,308.03,308.03,-0.08,759.04,233615.2,-1
2022-03-06,2022-03-06 13:40:00,308.03,308.03,307.78,307.78,-0.08,759.04,233615.2,-1
2022-03-06,2022-03-06 13:50:00,307.78,307.78,307.52,307.52,-0.08,759.04,233615.2,-1
2022-03-06,2022-03-06 14:00:00,307.52,307.52,307.27,307.27,-0.08,759.04,233615.2,-1
2022-03-06,2022-03-06 14:10:00,307.27,307.27,307.02,307.02,-0.08,759.04,233615.2,-1
2022-03-06,2022-03-06 14:20:00,307.02,307.02,306.76,306.76,-0.08,759.04,233615.2,-1
2022-03-06,2022-03-06 14:30:00,306.76,306.76,306.51,306.51,-0.08,759.04,233615.2,-1
2022-03-06,2022-03-06 14:40:00,306.51,306.51,306.25,306.25,-0.08,759.04,233615.2,-1
2022-03-06,2022-03-06 14:50:00,306.25,306.25,306.0,306.0,-0.08,759.04,233615.2,-1
2022-03-06,2022-03-06 15:00:00,306.0,318.0,300.0,306.0,0.0,759.04,233615.2,0
2022-03-07,2022-03-07 11:00:00,312.0,312.3,308.1,311.46,-0.17,1128.08,340561.62,-1
2022-03-07,2022-03-07 11:10:00,311.46,311.46,310.92,310.92,-0.17,1128.08,340561.62,-1
2022-03-07,2022-03-07 11:20:00,310.92,310.92,310.38,310.38,-0.17,1128.08,340561.62,-1
2022-03-07,2022-03-07 11:30:00,310.38,310.38,309.83,309.83,-0.18,1128.08,340561.62,-1
2022-03-07,2022-03-07 11:40:00,309.83,309.83,309.29,309.29,-0.17,1128.08,340561.62,-1
2022-03-07,2022-03-07 11:50:00,309.29,309.29,308.75,308.75,-0.17,1128.08,340561.62,-1
2022-03-07,2022-03-07 12:00:00,308.75,308.75,308.21,308.21,-0.17,1128.08,340561.62,-1
2022-03-07,2022-03-07 12:10:00,308.21,308.21,307.67,307.67,-0.18,1128.08,340561.62,-1
2022-03-07,2022-03-07 12:20:00,307.67,307.67,307.12,307.12,-0.18,1128.08,340561.62,-1
2022-03-07,2022-03-07 12:30:00,307.12,307.12,306.58,306.58,-0.18,1128.08,340561.62,-1
2022-03-07,2022-03-07 12:40:00,306.58,306.58,306.04,306.04,-0.18,1128.08,340561.62,-1
2022-03-07,2022-03-07 12:50:00,306.04,306.04,305.5,305.5,-0.18,1128.08,340561.62,-1
2022-03-07,2022-03-07 13:00:00,305.5,313.0,299.0,304.96,-0.18,1128.08,340561.62,-1
2022-03-07,2022-03-07 13:10:00,304.96,304.96,304.42,304.42,-0.18,1128.08,340561.62,-1
2022-03-07,2022-03-07 13:20:00,304.42,304.42,303.88,303.88,-0.18,1128.08,340561.62,-1
2022-03-07,2022-03-07 13:30:00,303.88,303.88,303.33,303.33,-0.18,1128.08,340561.62,-1
2022-03-07,2022-03-07 13:40:00,303.33,303.33,302.79,302.79,-0.18,1128.08,340561.62,-1
2022-03-07,2022-03-07 13:50:00,302.79,302.79,302.25,302.25,-0.18,1128.08,340561.62,-1
2022-03-07,2022-03-07 14:00:00,302.25,302.25,301.71,301.71,-0.18,1128.08,340561.62,-1
2022-03-07,2022-03-07 14:10:00,301.71,301.71,301.17,301.17,-0.18,1128.08,340561.62,-1
2022-03-07,2022-03-07 14:20:00,301.17,301.17,300.62,300.62,-0.18,1128.08,340561.62,-1
2022-03-07,2022-03-07 14:30:00,300.62,300.62,300.08,300.08,-0.18,1128.08,340561.62,-1
2022-03-07,2022-03-07 14:40:00,300.08,300.08,299.54,299.54,-0.18,1128.08,340561.62,-1
2022-03-07,2022-03-07 14:50:00,299.54,299.54,299.0,299.0,-0.18,1128.08,340561.62,-1
2022-03-07,2022-03-07 15:00:00,299.0,313.0,299.0,299.0,0.0,1128.08,340561.62,0
2022-03-09,2022-03-09 11:00:00,300.0,303.6,295.62,299.46,-0.18,1359.96,400463.67,-1
2022-03-09,2022-03-09 11:10:00,299.46,299.46,298.92,298.92,-0.18,1359.96,400463.67,-1
2022-03-09,2022-03-09 11:20:00,298.92,298.92,298.38,298.38,-0.18,1359.96,400463.67,-1
2022-03-09,2022-03-09 11:30:00,298.38,298.38,297.83,297.83,-0.18,1359.96,400463.67,-1
2022-03-09,2022-03-09 11:40:00,297.83,297.83,297.29,297.29,-0.18,1359.96,400463.67,-1
2022-03-09,2022-03-09 11:50:00,297.29,297.29,296.75,296.75,-0.18,1359.96,400463.67,-1
2022-03-09,2022-03-09 12:00:00,296.75,296.75,296.21,296.21,-0.18,1359.96,400463.67,-1
2022-03-09,2022-03-09 12:10:00,296.21,296.21,295.67,295.67,-0.18,1359.96,400463.67,-1
2022-03-09,2022-03-09 12:20:00,295.67,295.67,295.12,295.12,-0.19,1359.96,400463.67,-1
2022-03-09,2022-03-09 12:30:00,295.12,295.12,294.58,294.58,-0.18,1359.96,400463.67,-1
2022-03-09,2022-03-09 12:40:00,294.58,294.58,294.04,294.04,-0.18,1359.96,400463.67,-1
2022-03-09,2022-03-09 12:50:00,294.04,294.04,293.5,293.5,-0.18,1359.96,400463.67,-1
2022-03-09,2022-03-09 13:00:00,293.5,312.0,285.4,292.96,-0.18,1359.96,400463.67,-1
2022-03-09,2022-03-09 13:10:00,292.96,292.96,292.42,292.42,-0.18,1359.96,400463.67,-1
2022-03-09,2022-03-09 13:20:00,292.42,292.42,291.88,291.88,-0.18,1359.96,400463.67,-1
2022-03-09,2022-03-09 13:30:00,291.88,291.88,291.33,291.33,-0.19,1359.96,400463.67,-1
2022-03-09,2022-03-09 13:40:00,291.33,291.33,290.79,290.79,-0.19,1359.96,400463.67,-1
2022-03-09,2022-03-09 13:50:00,290.79,290.79,290.25,290.25,-0.19,1359.96,400463.67,-1
2022-03-09,2022-03-09 14:00:00,290.25,290.25,289.71,289.71,-0.19,1359.96,400463.67,-1
2022-03-09,2022-03-09 14:10:00,289.71,289.71,289.17,289.17,-0.19,1359.96,400463.67,-1
2022-03-09,2022-03-09 14:20:00,289.17,289.17,288.62,288.62,-0.19,1359.96,400463.67,-1
2022-03-09,2022-03-09 14:30:00,288.62,288.62,288.08,288.08,-0.19,1359.96,400463.67,-1
2022-03-09,2022-03-09 14:40:00,288.08,288.08,287.54,287.54,-0.19,1359.96,400463.67,-1
2022-03-09,2022-03-09 14:50:00,287.54,287.54,287.0,287.0,-0.19,1359.96,400463.67,-1
2022-03-09,2022-03-09 15:00:00,287.0,312.0,285.4,287.0,0.0,1359.96,400463.67,0
2022-03-10,2022-03-10 11:00:00,292.0,296.5,289.9,292.58,0.2,1024.52,304061.4,1
2022-03-10,2022-03-10 11:10:00,292.58,293.17,292.58,293.17,0.2,1024.52,304061.4,1
2022-03-10,2022-03-10 11:20:00,293.17,293.75,293.17,293.75,0.2,1024.52,304061.4,1
2022-03-10,2022-03-10 11:30:00,293.75,294.33,293.75,294.33,0.2,1024.52,304061.4,1
2022-03-10,2022-03-10 11:40:00,294.33,294.92,294.33,294.92,0.2,1024.52,304061.4,1
2022-03-10,2022-03-10 11:50:00,294.92,295.5,294.92,295.5,0.2,1024.52,304061.4,1
2022-03-10,2022-03-10 12:00:00,295.5,296.08,295.5,296.08,0.2,1024.52,304061.4,1
2022-03-10,2022-03-10 12:10:00,296.08,296.67,296.08,296.67,0.2,1024.52,304061.4,1
2022-03-10,2022-03-10 12:20:00,296.67,297.25,296.67,297.25,0.2,1024.52,304061.4,1
2022-03-10,2022-03-10 12:30:00,297.25,297.83,297.25,297.83,0.2,1024.52,304061.4,1
2022-03-10,2022-03-10 12:40:00,297.83,298.42,297.83,298.42,0.2,1024.52,304061.4,1
2022-03-10,2022-03-10 12:50:00,298.42,299.0,298.42,299.0,0.19,1024.52,304061.4,1
2022-03-10,2022-03-10 13:00:00,299.0,307.0,285.0,299.58,0.19,1024.52,304061.4,1
2022-03-10,2022-03-10 13:10:00,299.58,300.17,299.58,300.17,0.2,1024.52,304061.4,1
2022-03-10,2022-03-10 13:20:00,300.17,300.75,300.17,300.75,0.19,1024.52,304061.4,1
2022-03-10,2022-03-10 13:30:00,300.75,301.33,300.75,301.33,0.19,1024.52,304061.4,1
2022-03-10,2022-03-10 13:40:00,301.33,301.92,301.33,301.92,0.2,1024.52,304061.4,1
2022-03-10,2022-03-10 13:50:00,301.92,302.5,301.92,302.5,0.19,1024.52,304061.4,1
2022-03-10,2022-03-10 14:00:00,302.5,303.08,302.5,303.08,0.19,1024.52,304061.4,1
2022-03-10,2022-03-10 14:10:00,303.08,303.67,303.08,303.67,0.19,1024.52,304061.4,1
2022-03-10,2022-03-10 14:20:00,303.67,304.25,303.67,304.25,0.19,1024.52,304061.4,1
2022-03-10,2022-03-10 14:30:00,304.25,304.83,304.25,304.83,0.19,1024.52,304061.4,1
2022-03-10,2022-03-10 14:40:00,304.83,305.42,304.83,305.42,0.19,1024.52,304061.4,1
2022-03-10,2022-03-10 14:50:00,305.42,306.0,305.42,306.0,0.19,1024.52,304061.4,1
2022-03-10,2022-03-10 15:00:00,306.0,307.0,285.0,306.0,0.0,1024.52,304061.4,0
2022-03-13,2022-03-13 11:00:00,312.1,314.47,310.87,312.43,0.11,1261.4,398410.54,1
2022-03-13,2022-03-13 11:10:00,312.43,312.76,312.43,312.76,0.11,1261.4,398410.54,1
2022-03-13,2022-03-13 11:20:00,312.76,313.09,312.76,313.09,0.11,1261.4,398410.54,1
2022-03-13,2022-03-13 11:30:00,313.09,313.42,313.09,313.42,0.11,1261.4,398410.54,1
2022-03-13,2022-03-13 11:40:00,313.42,313.75,313.42,313.75,0.11,1261.4,398410.54,1
2022-03-13,2022-03-13 11:50:00,313.75,314.08,313.75,314.08,0.11,1261.4,398410.54,1
2022-03-13,2022-03-13 12:00:00,314.08,314.4,314.08,314.4,0.1,1261.4,398410.54,1
2022-03-13,2022-03-13 12:10:00,314.4,314.73,314.4,314.73,0.1,1261.4,398410.54,1
2022-03-13,2022-03-13 12:20:00,314.73,315.06,314.73,315.06,0.1,1261.4,398410.54,1
2022-03-13,2022-03-13 12:30:00,315.06,315.39,315.06,315.39,0.1,1261.4,398410.54,1
2022-03-13,2022-03-13 12:40:00,315.39,315.72,315.39,315.72,0.1,1261.4,398410.54,1
2022-03-13,2022-03-13 12:50:00,315.72,316.05,315.72,316.05,0.1,1261.4,398410.54,1
2022-03-13,2022-03-13 13:00:00,316.05,320.0,308.0,316.38,0.1,1261.4,398410.54,1
2022-03-13,2022-03-13 13:10:00,316.38,316.71,316.38,316.71,0.1,1261.4,398410.54,1
2022-03-13,2022-03-13 13:20:00,316.71,317.04,316.71,317.04,0.1,1261.4,398410.54,1
2022-03-13,2022-03-13 13:30:00,317.04,317.37,317.04,317.37,0.1,1261.4,398410.54,1
2022-03-13,2022-03-13 13:40:00,317.37,317.7,317.37,317.7,0.1,1261.4,398410.54,1
2022-03-13,2022-03-13 13:50:00,317.7,318.02,317.7,318.02,0.1,1261.4,398410.54,1
2022-03-13,2022-03-13 14:00:00,318.02,318.35,318.02,318.35,0.1,1261.4,398410.54,1
2022-03-13,2022-03-13 14:10:00,318.35,318.68,318.35,318.68,0.1,1261.4,398410.54,1
2022-03-13,2022-03-13 14:20:00,318.68,319.01,318.68,319.01,0.1,1261.4,398410.54,1
2022-03-13,2022-03-13 14:30:00,319.01,319.34,319.01,319.34,0.1,1261.4,398410.54,1
2022-03-13,2022-03-13 14:40:00,319.34,319.67,319.34,319.67,0.1,1261.4,398410.54,1
2022-03-13,2022-03-13 14:50:00,319.67,320.0,319.67,320.0,0.1,1261.4,398410.54,1
2022-03-13,2022-03-13 15:00:00,320.0,320.0,308.0,320.0,0.0,1261.4,398410.54,0
2022-03-14,2022-03-14 11:00:00,320.0,320.0,317.0,319.79,-0.07,371.72,117400.27,-1
2022-03-14,2022-03-14 11:10:00,319.79,319.79,319.58,319.58,-0.07,371.72,117400.27,-1
2022-03-14,2022-03-14 11:20:00,319.58,319.58,319.38,319.38,-0.06,371.72,117400.27,-1
2022-03-14,2022-03-14 11:30:00,319.38,319.38,319.17,319.17,-0.07,371.72,117400.27,-1
2022-03-14,2022-03-14 11:40:00,319.17,319.17,318.96,318.96,-0.07,371.72,117400.27,-1
2022-03-14,2022-03-14 11:50:00,318.96,318.96,318.75,318.75,-0.07,371.72,117400.27,-1
2022-03-14,2022-03-14 12:00:00,318.75,318.75,318.54,318.54,-0.07,371.72,117400.27,-1
2022-03-14,2022-03-14 12:10:00,318.54,318.54,318.33,318.33,-0.07,371.72,117400.27,-1
2022-03-14,2022-03-14 12:20:00,318.33,318.33,318.12,318.12,-0.07,371.72,117400.27,-1
2022-03-14,2022-03-14 12:30:00,318.12,318.12,317.92,317.92,-0.06,371.72,117400.27,-1
2022-03-14,2022-03-14 12:40:00,317.92,317.92,317.71,317.71,-0.07,371.72,117400.27,-1
2022-03-14,2022-03-14 12:50:00,317.71,317.71,317.5,317.5,-0.07,371.72,117400.27,-1
2022-03-14,2022-03-14 13:00:00,317.5,320.0,310.0,317.29,-0.07,371.72,117400.27,-1
2022-03-14,2022-03-14 13:10:00,317.29,317.29,317.08,317.08,-0.07,371.72,117400.27,-1
2022-03-14,2022-03-14 13:20:00,317.08,317.08,316.88,316.88,-0.06,371.72,117400.27,-1
2022-03-14,2022-03-14 13:30:00,316.88,316.88,316.67,316.67,-0.07,371.72,117400.27,-1
2022-03-14,2022-03-14 13:40:00,316.67,316.67,316.46,316.46,-0.07,371.72,117400.27,-1
2022-03-14,2022-03-14 13:50:00,316.46,316.46,316.25,316.25,-0.07,371.72,117400.27,-1
2022-03-14,2022-03-14 14:00:00,316.25,316.25,316.04,316.04,-0.07,371.72,117400.27,-1
2022-03-14,2022-03-14 14:10:00,316.04,316.04,315.83,315.83,-0.07,371.72,117400.27,-1
2022-03-14,2022-03-14 14:20:00,315.83,315.83,315.62,315.62,-0.07,371.72,117400.27,-1
2022-03-14,2022-03-14 14:30:00,315.62,315.62,315.42,315.42,-0.06,371.72,117400.27,-1
2022-03-14,2022-03-14 14:40:00,315.42,315.42,315.21,315.21,-0.07,371.72,117400.27,-1
2022-03-14,2022-03-14 14:50:00,315.21,315.21,315.0,315.0,-0.07,371.72,117400.27,-1
2022-03-14,2022-03-14 15:00:00,315.0,320.0,310.0,315.0,0.0,371.72,117400.27,0
2022-03-15,2022-03-15 11:00:00,310.0,311.35,308.83,310.0,0.0,991.64,307630.5,0
2022-03-15,2022-03-15 11:10:00,310.0,310.0,310.0,310.0,0.0,991.64,307630.5,0
2022-03-15,2022-03-15 11:20:00,310.0,310.0,310.0,310.0,0.0,991.64,307630.5,0
2022-03-15,2022-03-15 11:30:00,310.0,310.0,310.0,310.0,0.0,991.64,307630.5,0
2022-03-15,2022-03-15 11:40:00,310.0,310.0,310.0,310.0,0.0,991.64,307630.5,0
2022-03-15,2022-03-15 11:50:00,310.0,310.0,310.0,310.0,0.0,991.64,307630.5,0
2022-03-15,2022-03-15 12:00:00,310.0,310.0,310.0,310.0,0.0,991.64,307630.5,0
2022-03-15,2022-03-15 12:10:00,310.0,310.0,310.0,310.0,0.0,991.64,307630.5,0
2022-03-15,2022-03-15 12:20:00,310.0,310.0,310.0,310.0,0.0,991.64,307630.5,0
2022-03-15,2022-03-15 12:30:00,310.0,310.0,310.0,310.0,0.0,991.64,307630.5,0
2022-03-15,2022-03-15 12:40:00,310.0,310.0,310.0,310.0,0.0,991.64,307630.5,0
2022-03-15,2022-03-15 12:50:00,310.0,310.0,310.0,310.0,0.0,991.64,307630.5,0
2022-03-15,2022-03-15 13:00:00,310.0,314.5,306.1,310.0,0.0,991.64,307630.5,0
2022-03-15,2022-03-15 13:10:00,310.0,310.0,310.0,310.0,0.0,991.64,307630.5,0
2022-03-15,2022-03-15 13:20:00,310.0,310.0,310.0,310.0,0.0,991.64,307630.5,0
2022-03-15,2022-03-15 13:30:00,310.0,310.0,310.0,310.0,0.0,991.64,307630.5,0
2022-03-15,2022-03-15 13:40:00,310.0,310.0,310.0,310.0,0.0,991.64,307630.5,0
2022-03-15,2022-03-15 13:50:00,310.0,310.0,310.0,310.0,0.0,991.64,307630.5,0
2022-03-15,2022-03-15 14:00:00,310.0,310.0,310.0,310.0,0.0,991.64,307630.5,0
2022-03-15,2022-03-15 14:10:00,310.0,310.0,310.0,310.0,0.0,991.64,307630.5,0
2022-03-15,2022-03-15 14:20:00,310.0,310.0,310.0,310.0,0.0,991.64,307630.5,0
2022-03-15,2022-03-15 14:30:00,310.0,310.0,310.0,310.0,0.0,991.64,307630.5,0
2022-03-15,2022-03-15 14:40:00,310.0,310.0,310.0,310.0,0.0,991.64,307630.5,0
2022-03-15,2022-03-15 14:50:00,310.0,310.0,310.0,310.0,0.0,991.64,307630.5,0
2022-03-15,2022-03-15 15:00:00,310.0,314.5,306.1,310.0,0.0,991.64,307630.5,0
2022-03-16,2022-03-16 11:00:00,309.0,309.3,307.2,308.83,-0.06,766.92,234261.56,-1
2022-03-16,2022-03-16 11:10:00,308.83,308.83,308.67,308.67,-0.05,766.92,234261.56,-1
2022-03-16,2022-03-16 11:20:00,308.67,308.67,308.5,308.5,-0.06,766.92,234261.56,-1
2022-03-16,2022-03-16 11:30:00,308.5,308.5,308.33,308.33,-0.06,766.92,234261.56,-1
2022-03-16,2022-03-16 11:40:00,308.33,308.33,308.17,308.17,-0.05,766.92,234261.56,-1
2022-03-16,2022-03-16 11:50:00,308.17,308.17,308.0,308.0,-0.06,766.92,234261.56,-1
2022-03-16,2022-03-16 12:00:00,308.0,308.0,307.83,307.83,-0.06,766.92,234261.56,-1
2022-03-16,2022-03-16 12:10:00,307.83,307.83,307.67,307.67,-0.05,766.92,234261.56,-1
2022-03-16,2022-03-16 12:20:00,307.67,307.67,307.5,307.5,-0.06,766.92,234261.56,-1
2022-03-16,2022-03-16 12:30:00,307.5,307.5,307.33,307.33,-0.06,766.92,234261.56,-1
2022-03-16,2022-03-16 12:40:00,307.33,307.33,307.17,307.17,-0.05,766.92,234261.56,-1
2022-03-16,2022-03-16 12:50:00,307.17,307.17,307.0,307.0,-0.06,766.92,234261.56,-1
2022-03-16,2022-03-16 13:00:00,307.0,310.0,303.0,306.83,-0.06,766.92,234261.56,-1
2022-03-16,2022-03-16 13:10:00,306.83,306.83,306.67,306.67,-0.05,766.92,234261.56,-1
2022-03-16,2022-03-16 13:20:00,306.67,306.67,306.5,306.5,-0.06,766.92,234261.56,-1
2022-03-16,2022-03-16 13:30:00,306.5,306.5,306.33,306.33,-0.06,766.92,234261.56,-1
2022-03-16,2022-03-16 13:40:00,306.33,306.33,306.17,306.17,-0.05,766.92,234261.56,-1
2022-03-16,2022-03-16 13:50:00,306.17,306.17,306.0,306.0,-0.06,766.92,234261.56,-1
2022-03-16,2022-03-16 14:00:00,306.0,306.0,305.83,305.83,-0.06,766.92,234261.56,-1
2022-03-16,2022-03-16 14:10:00,305.83,305.83,305.67,305.67,-0.05,766.92,234261.56,-1
2022-03-16,2022-03-16 14:20:00,305.67,305.67,305.5,305.5,-0.06,766.92,234261.56,-1
2022-03-16,2022-03-16 14:30:00,305.5,305.5,305.33,305.33,-0.06,766.92,234261.56,-1
2022-03-16,2022-03-16 14:40:00,305.33,305.33,305.17,305.17,-0.05,766.92,234261.56,-1
2022-03-16,2022-03-16 14:50:00,305.17,305.17,305.0,305.0,-0.06,766.92,234261.56,-1
2022-03-16,2022-03-16 15:00:00,305.0,310.0,303.0,305.0,0.0,766.92,234261.56,0
2022-03-20,2022-03-20 11:00:00,305.0,306.2,303.23,304.75,-0.08,556.24,168604.48,-1
2022-03-20,2022-03-20 11:10:00,304.75,304.75,304.51,304.51,-0.08,556.24,168604.48,-1
2022-03-20,2022-03-20 11:20:00,304.51,304.51,304.26,304.26,-0.08,556.24,168604.48,-1
2022-03-20,2022-03-20 11:30:00,304.26,304.26,304.02,304.02,-0.08,556.24,168604.48,-1
2022-03-20,2022-03-20 11:40:00,304.02,304.02,303.77,303.77,-0.08,556.24,168604.48,-1
2022-03-20,2022-03-20 11:50:00,303.77,303.77,303.52,303.52,-0.08,556.24,168604.48,-1
2022-03-20,2022-03-20 12:00:00,303.52,303.52,303.28,303.28,-0.08,556.24,168604.48,-1
2022-03-20,2022-03-20 12:10:00,303.28,303.28,303.03,303.03,-0.08,556.24,168604.48,-1
2022-03-20,2022-03-20 12:20:00,303.03,303.03,302.79,302.79,-0.08,556.24,168604.48,-1
2022-03-20,2022-03-20 12:30:00,302.79,302.79,302.54,302.54,-0.08,556.24,168604.48,-1
2022-03-20,2022-03-20 12:40:00,302.54,302.54,302.3,302.3,-0.08,556.24,168604.48,-1
2022-03-20,2022-03-20 12:50:00,302.3,302.3,302.05,302.05,-0.08,556.24,168604.48,-1
2022-03-20,2022-03-20 13:00:00,302.05,309.0,299.1,301.8,-0.08,556.24,168604.48,-1
2022-03-20,2022-03-20 13:10:00,301.8,301.8,301.56,301.56,-0.08,556.24,168604.48,-1
2022-03-20,2022-03-20 13:20:00,301.56,301.56,301.31,301.31,-0.08,556.24,168604.48,-1
2022-03-20,2022-03-20 13:30:00,301.31,301.31,301.07,301.07,-0.08,556.24,168604.48,-1
2022-03-20,2022-03-20 13:40:00,301.07,301.07,300.82,300.82,-0.08,556.24,168604.48,-1
2022-03-20,2022-03-20 13:50:00,300.82,300.82,300.58,300.58,-0.08,556.24,168604.48,-1
2022-03-20,2022-03-20 14:00:00,300.58,300.58,300.33,300.33,-0.08,556.24,168604.48,-1
2022-03-20,2022-03-20 14:10:00,300.33,300.33,300.08,300.08,-0.08,556.24,168604.48,-1
2022-03-20,2022-03-20 14:20:00,300.08,300.08,299.84,299.84,-0.08,556.24,168604.48,-1
2022-03-20,2022-03-20 14:30:00,299.84,299.84,299.59,299.59,-0.08,556.24,168604.48,-1
2022-03-20,2022-03-20 14:40:00,299.59,299.59,299.35,299.35,-0.08,556.24,168604.48,-1
2022-03-20,2022-03-20 14:50:00,299.35,299.35,299.1,299.1,-0.08,556.24,168604.48,-1
2022-03-20,2022-03-20 15:00:00,299.1,309.0,299.1,299.1,0.0,556.24,168604.48,0
2022-03-21,2022-03-21 11:00:00,305.0,307.13,303.5,305.25,0.08,518.08,159153.82,1
2022-03-21,2022-03-21 11:10:00,305.25,305.49,305.25,305.49,0.08,518.08,159153.82,1
2022-03-21,2022-03-21 11:20:00,305.49,305.74,305.49,305.74,0.08,518.08,159153.82,1
2022-03-21,2022-03-21 11:30:00,305.74,305.98,305.74,305.98,0.08,518.08,159153.82,1
2022-03-21,2022-03-21 11:40:00,305.98,306.23,305.98,306.23,0.08,518.08,159153.82,1
2022-03-21,2022-03-21 11:50:00,306.23,306.48,306.23,306.48,0.08,518.08,159153.82,1
2022-03-21,2022-03-21 12:00:00,306.48,306.72,306.48,306.72,0.08,518.08,159153.82,1
2022-03-21,2022-03-21 12:10:00,306.72,306.97,306.72,306.97,0.08,518.08,159153.82,1
2022-03-21,2022-03-21 12:20:00,306.97,307.21,306.97,307.21,0.08,518.08,159153.82,1
2022-03-21,2022-03-21 12:30:00,307.21,307.46,307.21,307.46,0.08,518.08,159153.82,1
2022-03-21,2022-03-21 12:40:00,307.46,307.7,307.46,307.7,0.08,518.08,159153.82,1
2022-03-21,2022-03-21 12:50:00,307.7,307.95,307.7,307.95,0.08,518.08,159153.82,1
2022-03-21,2022-03-21 13:00:00,307.95,312.1,300.0,308.2,0.08,518.08,159153.82,1
2022-03-21,2022-03-21 13:10:00,308.2,308.44,308.2,308.44,0.08,518.08,159153.82,1
2022-03-21,2022-03-21 13:20:00,308.44,308.69,308.44,308.69,0.08,518.08,159153.82,1
2022-03-21,2022-03-21 13:30:00,308.69,308.93,308.69,308.93,0.08,518.08,159153.82,1
2022-03-21,2022-03-21 13:40:00,308.93,309.18,308.93,309.18,0.08,518.08,159153.82,1
2022-03-21,2022-03-21 13:50:00,309.18,309.42,309.18,309.42,0.08,518.08,159153.82,1
2022-03-21,2022-03-21 14:00:00,309.42,309.67,309.42,309.67,0.08,518.08,159153.82,1
2022-03-21,2022-03-21 14:10:00,309.67,309.92,309.67,309.92,0.08,518.08,159153.82,1
2022-03-21,2022-03-21 14:20:00,309.92,310.16,309.92,310.16,0.08,518.08,159153.82,1
2022-03-21,2022-03-21 14:30:00,310.16,310.41,310.16,310.41,0.08,518.08,159153.82,1
2022-03-21,2022-03-21 14:40:00,310.41,310.65,310.41,310.65,0.08,518.08,159153.82,1
2022-03-21,2022-03-21 14:50:00,310.65,310.9,310.65,310.9,0.08,518.08,159153.82,1
2022-03-21,2022-03-21 15:00:00,310.9,312.1,300.0,310.9,0.0,518.08,159153.82,0
2022-03-22,2022-03-22 11:00:00,310.0,311.2,310.0,310.0,0.0,760.76,236491.71,0
2022-03-22,2022-03-22 11:10:00,310.0,310.0,310.0,310.0,0.0,760.76,236491.71,0
2022-03-22,2022-03-22 11:20:00,310.0,310.0,310.0,310.0,0.0,760.76,236491.71,0
2022-03-22,2022-03-22 11:30:00,310.0,310.0,310.0,310.0,0.0,760.76,236491.71,0
2022-03-22,2022-03-22 11:40:00,310.0,310.0,310.0,310.0,0.0,760.76,236491.71,0
2022-03-22,2022-03-22 11:50:00,310.0,310.0,310.0,310.0,0.0,760.76,236491.71,0
2022-03-22,2022-03-22 12:00:00,310.0,310.0,310.0,310.0,0.0,760.76,236491.71,0
2022-03-22,2022-03-22 12:10:00,310.0,310.0,310.0,310.0,0.0,760.76,236491.71,0
2022-03-22,2022-03-22 12:20:00,310.0,310.0,310.0,310.0,0.0,760.76,236491.71,0
2022-03-22,2022-03-22 12:30:00,310.0,310.0,310.0,310.0,0.0,760.76,236491.71,0
2022-03-22,2022-03-22 12:40:00,310.0,310.0,310.0,310.0,0.0,760.76,236491.71,0
2022-03-22,2022-03-22 12:50:00,310.0,310.0,310.0,310.0,0.0,760.76,236491.71,0
2022-03-22,2022-03-22 13:00:00,310.0,314.0,310.0,310.0,0.0,760.76,236491.71,0
2022-03-22,2022-03-22 13:10:00,310.0,310.0,310.0,310.0,0.0,760.76,236491.71,0
2022-03-22,2022-03-22 13:20:00,310.0,310.0,310.0,310.0,0.0,760.76,236491.71,0
2022-03-22,2022-03-22 13:30:00,310.0,310.0,310.0,310.0,0.0,760.76,236491.71,0
2022-03-22,2022-03-22 13:40:00,310.0,310.0,310.0,310.0,0.0,760.76,236491.71,0
2022-03-22,2022-03-22 13:50:00,310.0,310.0,310.0,310.0,0.0,760.76,236491.71,0
2022-03-22,2022-03-22 14:00:00,310.0,310.0,310.0,310.0,0.0,760.76,236491.71,0
2022-03-22,2022-03-22 14:10:00,310.0,310.0,310.0,310.0,0.0,760.76,236491.71,0
2022-03-22,2022-03-22 14:20:00,310.0,310.0,310.0,310.0,0.0,760.76,236491.71,0
2022-03-22,2022-03-22 14:30:00,310.0,310.0,310.0,310.0,0.0,760.76,236491.71,0
2022-03-22,2022-03-22 14:40:00,310.0,310.0,310.0,310.0,0.0,760.76,236491.71,0
2022-03-22,2022-03-22 14:50:00,310.0,310.0,310.0,310.0,0.0,760.76,236491.71,0
2022-03-22,2022-03-22 15:00:00,310.0,314.0,310.0,310.0,0.0,760.76,236491.71,0
2022-03-23,2022-03-23 11:00:00,308.0,308.0,305.3,307.67,-0.11,3767.32,1133470.31,-1
2022-03-23,2022-03-23 11:10:00,307.67,307.67,307.33,307.33,-0.11,3767.32,1133470.31,-1
2022-03-23,2022-03-23 11:20:00,307.33,307.33,307.0,307.0,-0.11,3767.32,1133470.31,-1
2022-03-23,2022-03-23 11:30:00,307.0,307.0,306.67,306.67,-0.11,3767.32,1133470.31,-1
2022-03-23,2022-03-23 11:40:00,306.67,306.67,306.33,306.33,-0.11,3767.32,1133470.31,-1
2022-03-23,2022-03-23 11:50:00,306.33,306.33,306.0,306.0,-0.11,3767.32,1133470.31,-1
2022-03-23,2022-03-23 12:00:00,306.0,306.0,305.67,305.67,-0.11,3767.32,1133470.31,-1
2022-03-23,2022-03-23 12:10:00,305.67,305.67,305.33,305.33,-0.11,3767.32,1133470.31,-1
2022-03-23,2022-03-23 12:20:00,305.33,305.33,305.0,305.0,-0.11,3767.32,1133470.31,-1
2022-03-23,2022-03-23 12:30:00,305.0,305.0,304.67,304.67,-0.11,3767.32,1133470.31,-1
2022-03-23,2022-03-23 12:40:00,304.67,304.67,304.33,304.33,-0.11,3767.32,1133470.31,-1
2022-03-23,2022-03-23 12:50:00,304.33,304.33,304.0,304.0,-0.11,3767.32,1133470.31,-1
2022-03-23,2022-03-23 13:00:00,304.0,308.0,299.0,303.67,-0.11,3767.32,1133470.31,-1
2022-03-23,2022-03-23 13:10:00,303.67,303.67,303.33,303.33,-0.11,3767.32,1133470.31,-1
2022-03-23,2022-03-23 13:20:00,303.33,303.33,303.0,303.0,-0.11,3767.32,1133470.31,-1
2022-03-23,2022-03-23 13:30:00,303.0,303.0,302.67,302.67,-0.11,3767.32,1133470.31,-1
2022-03-23,2022-03-23 13:40:00,302.67,302.67,302.33,302.33,-0.11,3767.32,1133470.31,-1
2022-03-23,2022-03-23 13:50:00,302.33,302.33,302.0,302.0,-0.11,3767.32,1133470.31,-1
2022-03-23,2022-03-23 14:00:00,302.0,302.0,301.67,301.67,-0.11,3767.32,1133470.31,-1
2022-03-23,2022-03-23 14:10:00,301.67,301.67,301.33,301.33,-0.11,3767.32,1133470.31,-1
2022-03-23,2022-03-23 14:20:00,301.33,301.33,301.0,301.0,-0.11,3767.32,1133470.31,-1
2022-03-23,2022-03-23 14:30:00,301.0,301.0,300.67,300.67,-0.11,3767.32,1133470.31,-1
2022-03-23,2022-03-23 14:40:00,300.67,300.67,300.33,300.33,-0.11,3767.32,1133470.31,-1
2022-03-23,2022-03-23 14:50:00,300.33,300.33,300.0,300.0,-0.11,3767.32,1133470.31,-1
2022-03-23,2022-03-23 15:00:00,300.0,308.0,299.0,300.0,0.0,3767.32,1133470.31,0
2022-03-24,2022-03-24 11:00:00,300.0,301.14,298.8,299.84,-0.05,1110.48,331489.18,-1
2022-03-24,2022-03-24 11:10:00,299.84,299.84,299.68,299.68,-0.05,1110.48,331489.18,-1
2022-03-24,2022-03-24 11:20:00,299.68,299.68,299.51,299.51,-0.06,1110.48,331489.18,-1
2022-03-24,2022-03-24 11:30:00,299.51,299.51,299.35,299.35,-0.05,1110.48,331489.18,-1
2022-03-24,2022-03-24 11:40:00,299.35,299.35,299.19,299.19,-0.05,1110.48,331489.18,-1
2022-03-24,2022-03-24 11:50:00,299.19,299.19,299.02,299.02,-0.06,1110.48,331489.18,-1
2022-03-24,2022-03-24 12:00:00,299.02,299.02,298.86,298.86,-0.05,1110.48,331489.18,-1
2022-03-24,2022-03-24 12:10:00,298.86,298.86,298.7,298.7,-0.05,1110.48,331489.18,-1
2022-03-24,2022-03-24 12:20:00,298.7,298.7,298.54,298.54,-0.05,1110.48,331489.18,-1
2022-03-24,2022-03-24 12:30:00,298.54,298.54,298.38,298.38,-0.05,1110.48,331489.18,-1
2022-03-24,2022-03-24 12:40:00,298.38,298.38,298.21,298.21,-0.06,1110.48,331489.18,-1
2022-03-24,2022-03-24 12:50:00,298.21,298.21,298.05,298.05,-0.05,1110.48,331489.18,-1
2022-03-24,2022-03-24 13:00:00,298.05,303.8,296.0,297.89,-0.05,1110.48,331489.18,-1
2022-03-24,2022-03-24 13:10:00,297.89,297.89,297.73,297.73,-0.05,1110.48,331489.18,-1
2022-03-24,2022-03-24 13:20:00,297.73,297.73,297.56,297.56,-0.06,1110.48,331489.18,-1
2022-03-24,2022-03-24 13:30:00,297.56,297.56,297.4,297.4,-0.05,1110.48,331489.18,-1
2022-03-24,2022-03-24 13:40:00,297.4,297.4,297.24,297.24,-0.05,1110.48,331489.18,-1
2022-03-24,2022-03-24 13:50:00,297.24,297.24,297.08,297.08,-0.05,1110.48,331489.18,-1
2022-03-24,2022-03-24 14:00:00,297.08,297.08,296.91,296.91,-0.06,1110.48,331489.18,-1
2022-03-24,2022-03-24 14:10:00,296.91,296.91,296.75,296.75,-0.05,1110.48,331489.18,-1
2022-03-24,2022-03-24 14:20:00,296.75,296.75,296.59,296.59,-0.05,1110.48,331489.18,-1
2022-03-24,2022-03-24 14:30:00,296.59,296.59,296.43,296.43,-0.05,1110.48,331489.18,-1
2022-03-24,2022-03-24 14:40:00,296.43,296.43,296.26,296.26,-0.06,1110.48,331489.18,-1
2022-03-24,2022-03-24 14:50:00,296.26,296.26,296.1,296.1,-0.05,1110.48,331489.18,-1
2022-03-24,2022-03-24 15:00:00,296.1,303.8,296.0,296.1,0.0,1110.48,331489.18,0
2022-03-27,2022-03-27 11:00:00,296.1,297.27,293.67,295.76,-0.11,955.4,279093.37,-1
2022-03-27,2022-03-27 11:10:00,295.76,295.76,295.43,295.43,-0.11,955.4,279093.37,-1
2022-03-27,2022-03-27 11:20:00,295.43,295.43,295.09,295.09,-0.12,955.4,279093.37,-1
2022-03-27,2022-03-27 11:30:00,295.09,295.09,294.75,294.75,-0.12,955.4,279093.37,-1
2022-03-27,2022-03-27 11:40:00,294.75,294.75,294.41,294.41,-0.12,955.4,279093.37,-1
2022-03-27,2022-03-27 11:50:00,294.41,294.41,294.08,294.08,-0.11,955.4,279093.37,-1
2022-03-27,2022-03-27 12:00:00,294.08,294.08,293.74,293.74,-0.12,955.4,279093.37,-1
2022-03-27,2022-03-27 12:10:00,293.74,293.74,293.4,293.4,-0.12,955.4,279093.37,-1
2022-03-27,2022-03-27 12:20:00,293.4,293.4,293.06,293.06,-0.12,955.4,279093.37,-1
2022-03-27,2022-03-27 12:30:00,293.06,293.06,292.73,292.73,-0.11,955.4,279093.37,-1
2022-03-27,2022-03-27 12:40:00,292.73,292.73,292.39,292.39,-0.12,955.4,279093.37,-1
2022-03-27,2022-03-27 12:50:00,292.39,292.39,292.05,292.05,-0.12,955.4,279093.37,-1
2022-03-27,2022-03-27 13:00:00,292.05,300.0,288.0,291.71,-0.12,955.4,279093.37,-1
2022-03-27,2022-03-27 13:10:00,291.71,291.71,291.38,291.38,-0.11,955.4,279093.37,-1
2022-03-27,2022-03-27 13:20:00,291.38,291.38,291.04,291.04,-0.12,955.4,279093.37,-1
2022-03-27,2022-03-27 13:30:00,291.04,291.04,290.7,290.7,-0.12,955.4,279093.37,-1
2022-03-27,2022-03-27 13:40:00,290.7,290.7,290.36,290.36,-0.12,955.4,279093.37,-1
2022-03-27,2022-03-27 13:50:00,290.36,290.36,290.02,290.02,-0.12,955.4,279093.37,-1
2022-03-27,2022-03-27 14:00:00,290.02,290.02,289.69,289.69,-0.11,955.4,279093.37,-1
2022-03-27,2022-03-27 14:10:00,289.69,289.69,289.35,289.35,-0.12,955.4,279093.37,-1
2022-03-27,2022-03-27 14:20:00,289.35,289.35,289.01,289.01,-0.12,955.4,279093.37,-1
2022-03-27,2022-03-27 14:30:00,289.01,289.01,288.68,288.68,-0.11,955.4,279093.37,-1
2022-03-27,2022-03-27 14:40:00,288.68,288.68,288.34,288.34,-0.12,955.4,279093.37,-1
2022-03-27,2022-03-27 14:50:00,288.34,288.34,288.0,288.0,-0.12,955.4,279093.37,-1
2022-03-27,2022-03-27 15:00:00,288.0,300.0,288.0,288.0,0.0,955.4,279093.37,0
2022-03-28,2022-03-28 11:00:00,285.3,289.35,284.52,285.19,-0.04,1386.12,397088.82,-1
2022-03-28,2022-03-28 11:10:00,285.19,285.19,285.08,285.08,-0.04,1386.12,397088.82,-1
2022-03-28,2022-03-28 11:20:00,285.08,285.08,284.98,284.98,-0.04,1386.12,397088.82,-1
2022-03-28,2022-03-28 11:30:00,284.98,284.98,284.87,284.87,-0.04,1386.12,397088.82,-1
2022-03-28,2022-03-28 11:40:00,284.87,284.87,284.76,284.76,-0.04,1386.12,397088.82,-1
2022-03-28,2022-03-28 11:50:00,284.76,284.76,284.65,284.65,-0.04,1386.12,397088.82,-1
2022-03-28,2022-03-28 12:00:00,284.65,284.65,284.54,284.54,-0.04,1386.12,397088.82,-1
2022-03-28,2022-03-28 12:10:00,284.54,284.54,284.43,284.43,-0.04,1386.12,397088.82,-1
2022-03-28,2022-03-28 12:20:00,284.43,284.43,284.32,284.32,-0.04,1386.12,397088.82,-1
2022-03-28,2022-03-28 12:30:00,284.32,284.32,284.22,284.22,-0.04,1386.12,397088.82,-1
2022-03-28,2022-03-28 12:40:00,284.22,284.22,284.11,284.11,-0.04,1386.12,397088.82,-1
2022-03-28,2022-03-28 12:50:00,284.11,284.11,284.0,284.0,-0.04,1386.12,397088.82,-1
2022-03-28,2022-03-28 13:00:00,284.0,298.8,282.7,283.89,-0.04,1386.12,397088.82,-1
2022-03-28,2022-03-28 13:10:00,283.89,283.89,283.78,283.78,-0.04,1386.12,397088.82,-1
2022-03-28,2022-03-28 13:20:00,283.78,283.78,283.68,283.68,-0.04,1386.12,397088.82,-1
2022-03-28,2022-03-28 13:30:00,283.68,283.68,283.57,283.57,-0.04,1386.12,397088.82,-1
2022-03-28,2022-03-28 13:40:00,283.57,283.57,283.46,283.46,-0.04,1386.12,397088.82,-1
2022-03-28,2022-03-28 13:50:00,283.46,283.46,283.35,283.35,-0.04,1386.12,397088.82,-1
2022-03-28,2022-03-28 14:00:00,283.35,283.35,283.24,283.24,-0.04,1386.12,397088.82,-1
2022-03-28,2022-03-28 14:10:00,283.24,283.24,283.13,283.13,-0.04,1386.12,397088.82,-1
2022-03-28,2022-03-28 14:20:00,283.13,283.13,283.02,283.02,-0.04,1386.12,397088.82,-1
2022-03-28,2022-03-28 14:30:00,283.02,283.02,282.92,282.92,-0.04,1386.12,397088.82,-1
2022-03-28,2022-03-28 14:40:00,282.92,282.92,282.81,282.81,-0.04,1386.12,397088.82,-1
2022-03-28,2022-03-28 14:50:00,282.81,282.81,282.7,282.7,-0.04,1386.12,397088.82,-1
2022-03-28,2022-03-28 15:00:00,282.7,298.8,282.7,282.7,0.0,1386.12,397088.82,0
2022-03-29,2022-03-29 11:00:00,288.3,288.81,285.33,287.98,-0.11,510.48,144665.36,-1
2022-03-29,2022-03-29 11:10:00,287.98,287.98,287.66,287.66,-0.11,510.48,144665.36,-1
2022-03-29,2022-03-29 11:20:00,287.66,287.66,287.34,287.34,-0.11,510.48,144665.36,-1
2022-03-29,2022-03-29 11:30:00,287.34,287.34,287.02,287.02,-0.11,510.48,144665.36,-1
2022-03-29,2022-03-29 11:40:00,287.02,287.02,286.7,286.7,-0.11,510.48,144665.36,-1
2022-03-29,2022-03-29 11:50:00,286.7,286.7,286.38,286.38,-0.11,510.48,144665.36,-1
2022-03-29,2022-03-29 12:00:00,286.38,286.38,286.05,286.05,-0.12,510.48,144665.36,-1
2022-03-29,2022-03-29 12:10:00,286.05,286.05,285.73,285.73,-0.11,510.48,144665.36,-1
2022-03-29,2022-03-29 12:20:00,285.73,285.73,285.41,285.41,-0.11,510.48,144665.36,-1
2022-03-29,2022-03-29 12:30:00,285.41,285.41,285.09,285.09,-0.11,510.48,144665.36,-1
2022-03-29,2022-03-29 12:40:00,285.09,285.09,284.77,284.77,-0.11,510.48,144665.36,-1
2022-03-29,2022-03-29 12:50:00,284.77,284.77,284.45,284.45,-0.11,510.48,144665.36,-1
2022-03-29,2022-03-29 13:00:00,284.45,290.0,278.4,284.13,-0.11,510.48,144665.36,-1
2022-03-29,2022-03-29 13:10:00,284.13,284.13,283.81,283.81,-0.11,510.48,144665.36,-1
2022-03-29,2022-03-29 13:20:00,283.81,283.81,283.49,283.49,-0.11,510.48,144665.36,-1
2022-03-29,2022-03-29 13:30:00,283.49,283.49,283.17,283.17,-0.11,510.48,144665.36,-1
2022-03-29,2022-03-29 13:40:00,283.17,283.17,282.85,282.85,-0.11,510.48,144665.36,-1
2022-03-29,2022-03-29 13:50:00,282.85,282.85,282.53,282.53,-0.11,510.48,144665.36,-1
2022-03-29,2022-03-29 14:00:00,282.53,282.53,282.2,282.2,-0.12,510.48,144665.36,-1
2022-03-29,2022-03-29 14:10:00,282.2,282.2,281.88,281.88,-0.11,510.48,144665.36,-1
2022-03-29,2022-03-29 14:20:00,281.88,281.88,281.56,281.56,-0.11,510.48,144665.36,-1
2022-03-29,2022-03-29 14:30:00,281.56,281.56,281.24,281.24,-0.11,510.48,144665.36,-1
2022-03-29,2022-03-29 14:40:00,281.24,281.24,280.92,280.92,-0.11,510.48,144665.36,-1
2022-03-29,2022-03-29 14:50:00,280.92,280.92,280.6,280.6,-0.11,510.48,144665.36,-1
2022-03-29,2022-03-29 15:00:00,280.6,290.0,278.4,280.6,0.0,510.48,144665.36,0
2022-03-30,2022-03-30 11:00:00,286.2,287.34,285.33,286.32,0.04,945.68,271898.03,1
2022-03-30,2022-03-30 11:10:00,286.32,286.43,286.32,286.43,0.04,945.68,271898.03,1
2022-03-30,2022-03-30 11:20:00,286.43,286.55,286.43,286.55,0.04,945.68,271898.03,1
2022-03-30,2022-03-30 11:30:00,286.55,286.67,286.55,286.67,0.04,945.68,271898.03,1
2022-03-30,2022-03-30 11:40:00,286.67,286.78,286.67,286.78,0.04,945.68,271898.03,1
2022-03-30,2022-03-30 11:50:00,286.78,286.9,286.78,286.9,0.04,945.68,271898.03,1
2022-03-30,2022-03-30 12:00:00,286.9,287.02,286.9,287.02,0.04,945.68,271898.03,1
2022-03-30,2022-03-30 12:10:00,287.02,287.13,287.02,287.13,0.04,945.68,271898.03,1
2022-03-30,2022-03-30 12:20:00,287.13,287.25,287.13,287.25,0.04,945.68,271898.03,1
2022-03-30,2022-03-30 12:30:00,287.25,287.37,287.25,287.37,0.04,945.68,271898.03,1
2022-03-30,2022-03-30 12:40:00,287.37,287.48,287.37,287.48,0.04,945.68,271898.03,1
2022-03-30,2022-03-30 12:50:00,287.48,287.6,287.48,287.6,0.04,945.68,271898.03,1
2022-03-30,2022-03-30 13:00:00,287.6,290.0,283.3,287.72,0.04,945.68,271898.03,1
2022-03-30,2022-03-30 13:10:00,287.72,287.83,287.72,287.83,0.04,945.68,271898.03,1
2022-03-30,2022-03-30 13:20:00,287.83,287.95,287.83,287.95,0.04,945.68,271898.03,1
2022-03-30,2022-03-30 13:30:00,287.95,288.07,287.95,288.07,0.04,945.68,271898.03,1
2022-03-30,2022-03-30 13:40:00,288.07,288.18,288.07,288.18,0.04,945.68,271898.03,1
2022-03-30,2022-03-30 13:50:00,288.18,288.3,288.18,288.3,0.04,945.68,271898.03,1
2022-03-30,2022-03-30 14:00:00,288.3,288.42,288.3,288.42,0.04,945.68,271898.03,1
2022-03-30,2022-03-30 14:10:00,288.42,288.53,288.42,288.53,0.04,945.68,271898.03,1
2022-03-30,2022-03-30 14:20:00,288.53,288.65,288.53,288.65,0.04,945.68,271898.03,1
2022-03-30,2022-03-30 14:30:00,288.65,288.77,288.65,288.77,0.04,945.68,271898.03,1
2022-03-30,2022-03-30 14:40:00,288.77,288.88,288.77,288.88,0.04,945.68,271898.03,1
2022-03-30,2022-03-30 14:50:00,288.88,289.0,288.88,289.0,0.04,945.68,271898.03,1
2022-03-30,2022-03-30 15:00:00,289.0,290.0,283.3,289.0,0.0,945.68,271898.03,0
2022-03-31,2022-03-31 11:00:00,291.0,291.0,287.1,290.54,-0.16,945.64,267892.15,-1
2022-03-31,2022-03-31 11:10:00,290.54,290.54,290.08,290.08,-0.16,945.64,267892.15,-1
2022-03-31,2022-03-31 11:20:00,290.08,290.08,289.62,289.62,-0.16,945.64,267892.15,-1
2022-03-31,2022-03-31 11:30:00,289.62,289.62,289.17,289.17,-0.16,945.64,267892.15,-1
2022-03-31,2022-03-31 11:40:00,289.17,289.17,288.71,288.71,-0.16,945.64,267892.15,-1
2022-03-31,2022-03-31 11:50:00,288.71,288.71,288.25,288.25,-0.16,945.64,267892.15,-1
2022-03-31,2022-03-31 12:00:00,288.25,288.25,287.79,287.79,-0.16,945.64,267892.15,-1
2022-03-31,2022-03-31 12:10:00,287.79,287.79,287.33,287.33,-0.16,945.64,267892.15,-1
2022-03-31,2022-03-31 12:20:00,287.33,287.33,286.88,286.88,-0.16,945.64,267892.15,-1
2022-03-31,2022-03-31 12:30:00,286.88,286.88,286.42,286.42,-0.16,945.64,267892.15,-1
2022-03-31,2022-03-31 12:40:00,286.42,286.42,285.96,285.96,-0.16,945.64,267892.15,-1
2022-03-31,2022-03-31 12:50:00,285.96,285.96,285.5,285.5,-0.16,945.64,267892.15,-1
2022-03-31,2022-03-31 13:00:00,285.5,291.0,278.0,285.04,-0.16,945.64,267892.15,-1
2022-03-31,2022-03-31 13:10:00,285.04,285.04,284.58,284.58,-0.16,945.64,267892.15,-1
2022-03-31,2022-03-31 13:20:00,284.58,284.58,284.12,284.12,-0.16,945.64,267892.15,-1
2022-03-31,2022-03-31 13:30:00,284.12,284.12,283.67,283.67,-0.16,945.64,267892.15,-1
2022-03-31,2022-03-31 13:40:00,283.67,283.67,283.21,283.21,-0.16,945.64,267892.15,-1
2022-03-31,2022-03-31 13:50:00,283.21,283.21,282.75,282.75,-0.16,945.64,267892.15,-1
2022-03-31,2022-03-31 14:00:00,282.75,282.75,282.29,282.29,-0.16,945.64,267892.15,-1
2022-03-31,2022-03-31 14:10:00,282.29,282.29,281.83,281.83,-0.16,945.64,267892.15,-1
2022-03-31,2022-03-31 14:20:00,281.83,281.83,281.38,281.38,-0.16,945.64,267892.15,-1
2022-03-31,2022-03-31 14:30:00,281.38,281.38,280.92,280.92,-0.16,945.64,267892.15,-1
2022-03-31,2022-03-31 14:40:00,280.92,280.92,280.46,280.46,-0.16,945.64,267892.15,-1
2022-03-31,2022-03-31 14:50:00,280.46,280.46,280.0,280.0,-0.16,945.64,267892.15,-1
2022-03-31,2022-03-31 15:00:00,280.0,291.0,278.0,280.0,0.0,945.64,267892.15,0
2022-04-03,2022-04-03 11:00:00,282.0,282.3,279.72,281.88,-0.04,573.52,158837.5,-1
2022-04-03,2022-04-03 11:10:00,281.88,281.88,281.76,281.76,-0.04,573.52,158837.5,-1
2022-04-03,2022-04-03 11:20:00,281.76,281.76,281.64,281.64,-0.04,573.52,158837.5,-1
2022-04-03,2022-04-03 11:30:00,281.64,281.64,281.52,281.52,-0.04,573.52,158837.5,-1
2022-04-03,2022-04-03 11:40:00,281.52,281.52,281.4,281.4,-0.04,573.52,158837.5,-1
2022-04-03,2022-04-03 11:50:00,281.4,281.4,281.27,281.27,-0.05,573.52,158837.5,-1
2022-04-03,2022-04-03 12:00:00,281.27,281.27,281.15,281.15,-0.04,573.52,158837.5,-1
2022-04-03,2022-04-03 12:10:00,281.15,281.15,281.03,281.03,-0.04,573.52,158837.5,-1
2022-04-03,2022-04-03 12:20:00,281.03,281.03,280.91,280.91,-0.04,573.52,158837.5,-1
2022-04-03,2022-04-03 12:30:00,280.91,280.91,280.79,280.79,-0.04,573.52,158837.5,-1
2022-04-03,2022-04-03 12:40:00,280.79,280.79,280.67,280.67,-0.04,573.52,158837.5,-1
2022-04-03,2022-04-03 12:50:00,280.67,280.67,280.55,280.55,-0.04,573.52,158837.5,-1
2022-04-03,2022-04-03 13:00:00,280.55,283.0,274.4,280.43,-0.04,573.52,158837.5,-1
2022-04-03,2022-04-03 13:10:00,280.43,280.43,280.31,280.31,-0.04,573.52,158837.5,-1
2022-04-03,2022-04-03 13:20:00,280.31,280.31,280.19,280.19,-0.04,573.52,158837.5,-1
2022-04-03,2022-04-03 13:30:00,280.19,280.19,280.07,280.07,-0.04,573.52,158837.5,-1
2022-04-03,2022-04-03 13:40:00,280.07,280.07,279.95,279.95,-0.04,573.52,158837.5,-1
2022-04-03,2022-04-03 13:50:00,279.95,279.95,279.83,279.83,-0.04,573.52,158837.5,-1
2022-04-03,2022-04-03 14:00:00,279.83,279.83,279.7,279.7,-0.05,573.52,158837.5,-1
2022-04-03,2022-04-03 14:10:00,279.7,279.7,279.58,279.58,-0.04,573.52,158837.5,-1
2022-04-03,2022-04-03 14:20:00,279.58,279.58,279.46,279.46,-0.04,573.52,158837.5,-1
2022-04-03,2022-04-03 14:30:00,279.46,279.46,279.34,279.34,-0.04,573.52,158837.5,-1
2022-04-03,2022-04-03 14:40:00,279.34,279.34,279.22,279.22,-0.04,573.52,158837.5,-1
2022-04-03,2022-04-03 14:50:00,279.22,279.22,279.1,279.1,-0.04,573.52,158837.5,-1
2022-04-03,2022-04-03 15:00:00,279.1,283.0,274.4,279.1,0.0,573.52,158837.5,0
2022-04-04,2022-04-04 11:00:00,283.6,283.99,280.87,283.37,-0.08,650.36,180215.25,-1
2022-04-04,2022-04-04 11:10:00,283.37,283.37,283.13,283.13,-0.08,650.36,180215.25,-1
2022-04-04,2022-04-04 11:20:00,283.13,283.13,282.9,282.9,-0.08,650.36,180215.25,-1
2022-04-04,2022-04-04 11:30:00,282.9,282.9,282.67,282.67,-0.08,650.36,180215.25,-1
2022-04-04,2022-04-04 11:40:00,282.67,282.67,282.43,282.43,-0.08,650.36,180215.25,-1
2022-04-04,2022-04-04 11:50:00,282.43,282.43,282.2,282.2,-0.08,650.36,180215.25,-1
2022-04-04,2022-04-04 12:00:00,282.2,282.2,281.97,281.97,-0.08,650.36,180215.25,-1
2022-04-04,2022-04-04 12:10:00,281.97,281.97,281.73,281.73,-0.09,650.36,180215.25,-1
2022-04-04,2022-04-04 12:20:00,281.73,281.73,281.5,281.5,-0.08,650.36,180215.25,-1
2022-04-04,2022-04-04 12:30:00,281.5,281.5,281.27,281.27,-0.08,650.36,180215.25,-1
2022-04-04,2022-04-04 12:40:00,281.27,281.27,281.03,281.03,-0.09,650.36,180215.25,-1
2022-04-04,2022-04-04 12:50:00,281.03,281.03,280.8,280.8,-0.08,650.36,180215.25,-1
2022-04-04,2022-04-04 13:00:00,280.8,284.9,274.5,280.57,-0.08,650.36,180215.25,-1
2022-04-04,2022-04-04 13:10:00,280.57,280.57,280.33,280.33,-0.09,650.36,180215.25,-1
2022-04-04,2022-04-04 13:20:00,280.33,280.33,280.1,280.1,-0.08,650.36,180215.25,-1
2022-04-04,2022-04-04 13:30:00,280.1,280.1,279.87,279.87,-0.08,650.36,180215.25,-1
2022-04-04,2022-04-04 13:40:00,279.87,279.87,279.63,279.63,-0.09,650.36,180215.25,-1
2022-04-04,2022-04-04 13:50:00,279.63,279.63,279.4,279.4,-0.08,650.36,180215.25,-1
2022-04-04,2022-04-04 14:00:00,279.4,279.4,279.17,279.17,-0.08,650.36,180215.25,-1
2022-04-04,2022-04-04 14:10:00,279.17,279.17,278.93,278.93,-0.09,650.36,180215.25,-1
2022-04-04,2022-04-04 14:20:00,278.93,278.93,278.7,278.7,-0.08,650.36,180215.25,-1
2022-04-04,2022-04-04 14:30:00,278.7,278.7,278.47,278.47,-0.08,650.36,180215.25,-1
2022-04-04,2022-04-04 14:40:00,278.47,278.47,278.23,278.23,-0.09,650.36,180215.25,-1
2022-04-04,2022-04-04 14:50:00,278.23,278.23,278.0,278.0,-0.08,650.36,180215.25,-1
2022-04-04,2022-04-04 15:00:00,278.0,284.9,274.5,278.0,0.0,650.36,180215.25,0
2022-04-05,2022-04-05 11:00:00,275.0,276.5,272.0,274.67,-0.12,813.32,218879.6,-1
2022-04-05,2022-04-05 11:10:00,274.67,274.67,274.33,274.33,-0.12,813.32,218879.6,-1
2022-04-05,2022-04-05 11:20:00,274.33,274.33,274.0,274.0,-0.12,813.32,218879.6,-1
2022-04-05,2022-04-05 11:30:00,274.0,274.0,273.67,273.67,-0.12,813.32,218879.6,-1
2022-04-05,2022-04-05 11:40:00,273.67,273.67,273.33,273.33,-0.12,813.32,218879.6,-1
2022-04-05,2022-04-05 11:50:00,273.33,273.33,273.0,273.0,-0.12,813.32,218879.6,-1
2022-04-05,2022-04-05 12:00:00,273.0,273.0,272.67,272.67,-0.12,813.32,218879.6,-1
2022-04-05,2022-04-05 12:10:00,272.67,272.67,272.33,272.33,-0.12,813.32,218879.6,-1
2022-04-05,2022-04-05 12:20:00,272.33,272.33,272.0,272.0,-0.12,813.32,218879.6,-1
2022-04-05,2022-04-05 12:30:00,272.0,272.0,271.67,271.67,-0.12,813.32,218879.6,-1
2022-04-05,2022-04-05 12:40:00,271.67,271.67,271.33,271.33,-0.13,813.32,218879.6,-1
2022-04-05,2022-04-05 12:50:00,271.33,271.33,271.0,271.0,-0.12,813.32,218879.6,-1
2022-04-05,2022-04-05 13:00:00,271.0,280.0,265.0,270.67,-0.12,813.32,218879.6,-1
2022-04-05,2022-04-05 13:10:00,270.67,270.67,270.33,270.33,-0.13,813.32,218879.6,-1
2022-04-05,2022-04-05 13:20:00,270.33,270.33,270.0,270.0,-0.12,813.32,218879.6,-1
2022-04-05,2022-04-05 13:30:00,270.0,270.0,269.67,269.67,-0.12,813.32,218879.6,-1
2022-04-05,2022-04-05 13:40:00,269.67,269.67,269.33,269.33,-0.13,813.32,218879.6,-1
2022-04-05,2022-04-05 13:50:00,269.33,269.33,269.0,269.0,-0.12,813.32,218879.6,-1
2022-04-05,2022-04-05 14:00:00,269.0,269.0,268.67,268.67,-0.12,813.32,218879.6,-1
2022-04-05,2022-04-05 14:10:00,268.67,268.67,268.33,268.33,-0.13,813.32,218879.6,-1
2022-04-05,2022-04-05 14:20:00,268.33,268.33,268.0,268.0,-0.12,813.32,218879.6,-1
2022-04-05,2022-04-05 14:30:00,268.0,268.0,267.67,267.67,-0.12,813.32,218879.6,-1
2022-04-05,2022-04-05 14:40:00,267.67,267.67,267.33,267.33,-0.13,813.32,218879.6,-1
2022-04-05,2022-04-05 14:50:00,267.33,267.33,267.0,267.0,-0.12,813.32,218879.6,-1
2022-04-05,2022-04-05 15:00:00,267.0,280.0,265.0,267.0,0.0,813.32,218879.6,0
2022-04-06,2022-04-06 11:00:00,265.0,268.12,263.8,265.21,0.08,642.36,171784.57,1
2022-04-06,2022-04-06 11:10:00,265.21,265.42,265.21,265.42,0.08,642.36,171784.57,1
2022-04-06,2022-04-06 11:20:00,265.42,265.62,265.42,265.62,0.08,642.36,171784.57,1
2022-04-06,2022-04-06 11:30:00,265.62,265.83,265.62,265.83,0.08,642.36,171784.57,1
2022-04-06,2022-04-06 11:40:00,265.83,266.04,265.83,266.04,0.08,642.36,171784.57,1
2022-04-06,2022-04-06 11:50:00,266.04,266.25,266.04,266.25,0.08,642.36,171784.57,1
2022-04-06,2022-04-06 12:00:00,266.25,266.46,266.25,266.46,0.08,642.36,171784.57,1
2022-04-06,2022-04-06 12:10:00,266.46,266.67,266.46,266.67,0.08,642.36,171784.57,1
2022-04-06,2022-04-06 12:20:00,266.67,266.88,266.67,266.88,0.08,642.36,171784.57,1
2022-04-06,2022-04-06 12:30:00,266.88,267.08,266.88,267.08,0.07,642.36,171784.57,1
2022-04-06,2022-04-06 12:40:00,267.08,267.29,267.08,267.29,0.08,642.36,171784.57,1
2022-04-06,2022-04-06 12:50:00,267.29,267.5,267.29,267.5,0.08,642.36,171784.57,1
2022-04-06,2022-04-06 13:00:00,267.5,275.4,261.0,267.71,0.08,642.36,171784.57,1
2022-04-06,2022-04-06 13:10:00,267.71,267.92,267.71,267.92,0.08,642.36,171784.57,1
2022-04-06,2022-04-06 13:20:00,267.92,268.12,267.92,268.12,0.07,642.36,171784.57,1
2022-04-06,2022-04-06 13:30:00,268.12,268.33,268.12,268.33,0.08,642.36,171784.57,1
2022-04-06,2022-04-06 13:40:00,268.33,268.54,268.33,268.54,0.08,642.36,171784.57,1
2022-04-06,2022-04-06 13:50:00,268.54,268.75,268.54,268.75,0.08,642.36,171784.57,1
2022-04-06,2022-04-06 14:00:00,268.75,268.96,268.75,268.96,0.08,642.36,171784.57,1
2022-04-06,2022-04-06 14:10:00,268.96,269.17,268.96,269.17,0.08,642.36,171784.57,1
2022-04-06,2022-04-06 14:20:00,269.17,269.38,269.17,269.38,0.08,642.36,171784.57,1
2022-04-06,2022-04-06 14:30:00,269.38,269.58,269.38,269.58,0.07,642.36,171784.57,1
2022-04-06,2022-04-06 14:40:00,269.58,269.79,269.58,269.79,0.08,642.36,171784.57,1
2022-04-06,2022-04-06 14:50:00,269.79,270.0,269.79,270.0,0.08,642.36,171784.57,1
2022-04-06,2022-04-06 15:00:00,270.0,275.4,261.0,270.0,0.0,642.36,171784.57,0
2022-04-07,2022-04-07 11:00:00,275.0,275.0,271.7,274.83,-0.06,830.12,224744.88,-1
2022-04-07,2022-04-07 11:10:00,274.83,274.83,274.67,274.67,-0.06,830.12,224744.88,-1
2022-04-07,2022-04-07 11:20:00,274.67,274.67,274.5,274.5,-0.06,830.12,224744.88,-1
2022-04-07,2022-04-07 11:30:00,274.5,274.5,274.33,274.33,-0.06,830.12,224744.88,-1
2022-04-07,2022-04-07 11:40:00,274.33,274.33,274.17,274.17,-0.06,830.12,224744.88,-1
2022-04-07,2022-04-07 11:50:00,274.17,274.17,274.0,274.0,-0.06,830.12,224744.88,-1
2022-04-07,2022-04-07 12:00:00,274.0,274.0,273.83,273.83,-0.06,830.12,224744.88,-1
2022-04-07,2022-04-07 12:10:00,273.83,273.83,273.67,273.67,-0.06,830.12,224744.88,-1
2022-04-07,2022-04-07 12:20:00,273.67,273.67,273.5,273.5,-0.06,830.12,224744.88,-1
2022-04-07,2022-04-07 12:30:00,273.5,273.5,273.33,273.33,-0.06,830.12,224744.88,-1
2022-04-07,2022-04-07 12:40:00,273.33,273.33,273.17,273.17,-0.06,830.12,224744.88,-1
2022-04-07,2022-04-07 12:50:00,273.17,273.17,273.0,273.0,-0.06,830.12,224744.88,-1
2022-04-07,2022-04-07 13:00:00,273.0,275.0,264.0,272.83,-0.06,830.12,224744.88,-1
2022-04-07,2022-04-07 13:10:00,272.83,272.83,272.67,272.67,-0.06,830.12,224744.88,-1
2022-04-07,2022-04-07 13:20:00,272.67,272.67,272.5,272.5,-0.06,830.12,224744.88,-1
2022-04-07,2022-04-07 13:30:00,272.5,272.5,272.33,272.33,-0.06,830.12,224744.88,-1
2022-04-07,2022-04-07 13:40:00,272.33,272.33,272.17,272.17,-0.06,830.12,224744.88,-1
2022-04-07,2022-04-07 13:50:00,272.17,272.17,272.0,272.0,-0.06,830.12,224744.88,-1
2022-04-07,2022-04-07 14:00:00,272.0,272.0,271.83,271.83,-0.06,830.12,224744.88,-1
2022-04-07,2022-04-07 14:10:00,271.83,271.83,271.67,271.67,-0.06,830.12,224744.88,-1
2022-04-07,2022-04-07 14:20:00,271.67,271.67,271.5,271.5,-0.06,830.12,224744.88,-1
2022-04-07,2022-04-07 14:30:00,271.5,271.5,271.33,271.33,-0.06,830.12,224744.88,-1
2022-04-07,2022-04-07 14:40:00,271.33,271.33,271.17,271.17,-0.06,830.12,224744.88,-1
2022-04-07,2022-04-07 14:50:00,271.17,271.17,271.0,271.0,-0.06,830.12,224744.88,-1
2022-04-07,2022-04-07 15:00:00,271.0,275.0,264.0,271.0,0.0,830.12,224744.88,0
2022-04-11,2022-04-11 11:00:00,276.4,276.58,270.64,275.8,-0.22,1221.0,322189.04,-1
2022-04-11,2022-04-11 11:10:00,275.8,275.8,275.2,275.2,-0.22,1221.0,322189.04,-1
2022-04-11,2022-04-11 11:20:00,275.2,275.2,274.6,274.6,-0.22,1221.0,322189.04,-1
2022-04-11,2022-04-11 11:30:00,274.6,274.6,274.0,274.0,-0.22,1221.0,322189.04,-1
2022-04-11,2022-04-11 11:40:00,274.0,274.0,273.4,273.4,-0.22,1221.0,322189.04,-1
2022-04-11,2022-04-11 11:50:00,273.4,273.4,272.8,272.8,-0.22,1221.0,322189.04,-1
2022-04-11,2022-04-11 12:00:00,272.8,272.8,272.2,272.2,-0.22,1221.0,322189.04,-1
2022-04-11,2022-04-11 12:10:00,272.2,272.2,271.6,271.6,-0.22,1221.0,322189.04,-1
2022-04-11,2022-04-11 12:20:00,271.6,271.6,271.0,271.0,-0.22,1221.0,322189.04,-1
2022-04-11,2022-04-11 12:30:00,271.0,271.0,270.4,270.4,-0.22,1221.0,322189.04,-1
2022-04-11,2022-04-11 12:40:00,270.4,270.4,269.8,269.8,-0.22,1221.0,322189.04,-1
2022-04-11,2022-04-11 12:50:00,269.8,269.8,269.2,269.2,-0.22,1221.0,322189.04,-1
2022-04-11,2022-04-11 13:00:00,269.2,277.0,257.2,268.6,-0.22,1221.0,322189.04,-1
2022-04-11,2022-04-11 13:10:00,268.6,268.6,268.0,268.0,-0.22,1221.0,322189.04,-1
2022-04-11,2022-04-11 13:20:00,268.0,268.0,267.4,267.4,-0.22,1221.0,322189.04,-1
2022-04-11,2022-04-11 13:30:00,267.4,267.4,266.8,266.8,-0.22,1221.0,322189.04,-1
2022-04-11,2022-04-11 13:40:00,266.8,266.8,266.2,266.2,-0.22,1221.0,322189.04,-1
2022-04-11,2022-04-11 13:50:00,266.2,266.2,265.6,265.6,-0.23,1221.0,322189.04,-1
2022-04-11,2022-04-11 14:00:00,265.6,265.6,265.0,265.0,-0.23,1221.0,322189.04,-1
2022-04-11,2022-04-11 14:10:00,265.0,265.0,264.4,264.4,-0.23,1221.0,322189.04,-1
2022-04-11,2022-04-11 14:20:00,264.4,264.4,263.8,263.8,-0.23,1221.0,322189.04,-1
2022-04-11,2022-04-11 14:30:00,263.8,263.8,263.2,263.2,-0.23,1221.0,322189.04,-1
2022-04-11,2022-04-11 14:40:00,263.2,263.2,262.6,262.6,-0.23,1221.0,322189.04,-1
2022-04-11,2022-04-11 14:50:00,262.6,262.6,262.0,262.0,-0.23,1221.0,322189.04,-1
2022-04-11,2022-04-11 15:00:00,262.0,277.0,257.2,262.0,0.0,1221.0,322189.04,0
2022-04-12,2022-04-12 11:00:00,257.0,257.9,255.47,257.0,0.0,731.6,186214.44,0
2022-04-12,2022-04-12 11:10:00,257.0,257.0,257.0,257.0,0.0,731.6,186214.44,0
2022-04-12,2022-04-12 11:20:00,257.0,257.0,257.0,257.0,0.0,731.6,186214.44,0
2022-04-12,2022-04-12 11:30:00,257.0,257.0,257.0,257.0,0.0,731.6,186214.44,0
2022-04-12,2022-04-12 11:40:00,257.0,257.0,257.0,257.0,0.0,731.6,186214.44,0
2022-04-12,2022-04-12 11:50:00,257.0,257.0,257.0,257.0,0.0,731.6,186214.44,0
2022-04-12,2022-04-12 12:00:00,257.0,257.0,257.0,257.0,0.0,731.6,186214.44,0
2022-04-12,2022-04-12 12:10:00,257.0,257.0,257.0,257.0,0.0,731.6,186214.44,0
2022-04-12,2022-04-12 12:20:00,257.0,257.0,257.0,257.0,0.0,731.6,186214.44,0
2022-04-12,2022-04-12 12:30:00,257.0,257.0,257.0,257.0,0.0,731.6,186214.44,0
2022-04-12,2022-04-12 12:40:00,257.0,257.0,257.0,257.0,0.0,731.6,186214.44,0
2022-04-12,2022-04-12 12:50:00,257.0,257.0,257.0,257.0,0.0,731.6,186214.44,0
2022-04-12,2022-04-12 13:00:00,257.0,260.0,251.9,257.0,0.0,731.6,186214.44,0
2022-04-12,2022-04-12 13:10:00,257.0,257.0,257.0,257.0,0.0,731.6,186214.44,0
2022-04-12,2022-04-12 13:20:00,257.0,257.0,257.0,257.0,0.0,731.6,186214.44,0
2022-04-12,2022-04-12 13:30:00,257.0,257.0,257.0,257.0,0.0,731.6,186214.44,0
2022-04-12,2022-04-12 13:40:00,257.0,257.0,257.0,257.0,0.0,731.6,186214.44,0
2022-04-12,2022-04-12 13:50:00,257.0,257.0,257.0,257.0,0.0,731.6,186214.44,0
2022-04-12,2022-04-12 14:00:00,257.0,257.0,257.0,257.0,0.0,731.6,186214.44,0
2022-04-12,2022-04-12 14:10:00,257.0,257.0,257.0,257.0,0.0,731.6,186214.44,0
2022-04-12,2022-04-12 14:20:00,257.0,257.0,257.0,257.0,0.0,731.6,186214.44,0
2022-04-12,2022-04-12 14:30:00,257.0,257.0,257.0,257.0,0.0,731.6,186214.44,0
2022-04-12,2022-04-12 14:40:00,257.0,257.0,257.0,257.0,0.0,731.6,186214.44,0
2022-04-12,2022-04-12 14:50:00,257.0,257.0,257.0,257.0,0.0,731.6,186214.44,0
2022-04-12,2022-04-12 15:00:00,257.0,260.0,251.9,257.0,0.0,731.6,186214.44,0
2022-04-13,2022-04-13 11:00:00,255.0,257.1,253.5,255.18,0.07,567.04,146254.97,1
2022-04-13,2022-04-13 11:10:00,255.18,255.36,255.18,255.36,0.07,567.04,146254.97,1
2022-04-13,2022-04-13 11:20:00,255.36,255.54,255.36,255.54,0.07,567.04,146254.97,1
2022-04-13,2022-04-13 11:30:00,255.54,255.72,255.54,255.72,0.07,567.04,146254.97,1
2022-04-13,2022-04-13 11:40:00,255.72,255.9,255.72,255.9,0.07,567.04,146254.97,1
2022-04-13,2022-04-13 11:50:00,255.9,256.07,255.9,256.07,0.07,567.04,146254.97,1
2022-04-13,2022-04-13 12:00:00,256.07,256.25,256.07,256.25,0.07,567.04,146254.97,1
2022-04-13,2022-04-13 12:10:00,256.25,256.43,256.25,256.43,0.07,567.04,146254.97,1
2022-04-13,2022-04-13 12:20:00,256.43,256.61,256.43,256.61,0.07,567.04,146254.97,1
2022-04-13,2022-04-13 12:30:00,256.61,256.79,256.61,256.79,0.07,567.04,146254.97,1
2022-04-13,2022-04-13 12:40:00,256.79,256.97,256.79,256.97,0.07,567.04,146254.97,1
2022-04-13,2022-04-13 12:50:00,256.97,257.15,256.97,257.15,0.07,567.04,146254.97,1
2022-04-13,2022-04-13 13:00:00,257.15,262.0,250.0,257.33,0.07,567.04,146254.97,1
2022-04-13,2022-04-13 13:10:00,257.33,257.51,257.33,257.51,0.07,567.04,146254.97,1
2022-04-13,2022-04-13 13:20:00,257.51,257.69,257.51,257.69,0.07,567.04,146254.97,1
2022-04-13,2022-04-13 13:30:00,257.69,257.87,257.69,257.87,0.07,567.04,146254.97,1
2022-04-13,2022-04-13 13:40:00,257.87,258.05,257.87,258.05,0.07,567.04,146254.97,1
2022-04-13,2022-04-13 13:50:00,258.05,258.23,258.05,258.23,0.07,567.04,146254.97,1
2022-04-13,2022-04-13 14:00:00,258.23,258.4,258.23,258.4,0.07,567.04,146254.97,1
2022-04-13,2022-04-13 14:10:00,258.4,258.58,258.4,258.58,0.07,567.04,146254.97,1
2022-04-13,2022-04-13 14:20:00,258.58,258.76,258.58,258.76,0.07,567.04,146254.97,1
2022-04-13,2022-04-13 14:30:00,258.76,258.94,258.76,258.94,0.07,567.04,146254.97,1
2022-04-13,2022-04-13 14:40:00,258.94,259.12,258.94,259.12,0.07,567.04,146254.97,1
2022-04-13,2022-04-13 14:50:00,259.12,259.3,259.12,259.3,0.07,567.04,146254.97,1
2022-04-13,2022-04-13 15:00:00,259.3,262.0,250.0,259.3,0.0,567.04,146254.97,0
2022-04-17,2022-04-17 11:00:00,260.0,261.56,255.8,259.58,-0.16,520.48,131996.98,-1
2022-04-17,2022-04-17 11:10:00,259.58,259.58,259.17,259.17,-0.16,520.48,131996.98,-1
2022-04-17,2022-04-17 11:20:00,259.17,259.17,258.75,258.75,-0.16,520.48,131996.98,-1
2022-04-17,2022-04-17 11:30:00,258.75,258.75,258.33,258.33,-0.16,520.48,131996.98,-1
2022-04-17,2022-04-17 11:40:00,258.33,258.33,257.92,257.92,-0.16,520.48,131996.98,-1
2022-04-17,2022-04-17 11:50:00,257.92,257.92,257.5,257.5,-0.16,520.48,131996.98,-1
2022-04-17,2022-04-17 12:00:00,257.5,257.5,257.08,257.08,-0.16,520.48,131996.98,-1
2022-04-17,2022-04-17 12:10:00,257.08,257.08,256.67,256.67,-0.16,520.48,131996.98,-1
2022-04-17,2022-04-17 12:20:00,256.67,256.67,256.25,256.25,-0.16,520.48,131996.98,-1
2022-04-17,2022-04-17 12:30:00,256.25,256.25,255.83,255.83,-0.16,520.48,131996.98,-1
2022-04-17,2022-04-17 12:40:00,255.83,255.83,255.42,255.42,-0.16,520.48,131996.98,-1
2022-04-17,2022-04-17 12:50:00,255.42,255.42,255.0,255.0,-0.16,520.48,131996.98,-1
2022-04-17,2022-04-17 13:00:00,255.0,265.2,246.0,254.58,-0.16,520.48,131996.98,-1
2022-04-17,2022-04-17 13:10:00,254.58,254.58,254.17,254.17,-0.16,520.48,131996.98,-1
2022-04-17,2022-04-17 13:20:00,254.17,254.17,253.75,253.75,-0.17,520.48,131996.98,-1
2022-04-17,2022-04-17 13:30:00,253.75,253.75,253.33,253.33,-0.17,520.48,131996.98,-1
2022-04-17,2022-04-17 13:40:00,253.33,253.33,252.92,252.92,-0.16,520.48,131996.98,-1
2022-04-17,2022-04-17 13:50:00,252.92,252.92,252.5,252.5,-0.17,520.48,131996.98,-1
2022-04-17,2022-04-17 14:00:00,252.5,252.5,252.08,252.08,-0.17,520.48,131996.98,-1
2022-04-17,2022-04-17 14:10:00,252.08,252.08,251.67,251.67,-0.16,520.48,131996.98,-1
2022-04-17,2022-04-17 14:20:00,251.67,251.67,251.25,251.25,-0.17,520.48,131996.98,-1
2022-04-17,2022-04-17 14:30:00,251.25,251.25,250.83,250.83,-0.17,520.48,131996.98,-1
2022-04-17,2022-04-17 14:40:00,250.83,250.83,250.42,250.42,-0.16,520.48,131996.98,-1
2022-04-17,2022-04-17 14:50:00,250.42,250.42,250.0,250.0,-0.17,520.48,131996.98,-1
2022-04-17,2022-04-17 15:00:00,250.0,265.2,246.0,250.0,0.0,520.48,131996.98,0
2022-04-18,2022-04-18 11:00:00,248.0,248.0,245.0,247.67,-0.13,668.2,160932.82,-1
2022-04-18,2022-04-18 11:10:00,247.67,247.67,247.33,247.33,-0.14,668.2,160932.82,-1
2022-04-18,2022-04-18 11:20:00,247.33,247.33,247.0,247.0,-0.13,668.2,160932.82,-1
2022-04-18,2022-04-18 11:30:00,247.0,247.0,246.67,246.67,-0.13,668.2,160932.82,-1
2022-04-18,2022-04-18 11:40:00,246.67,246.67,246.33,246.33,-0.14,668.2,160932.82,-1
2022-04-18,2022-04-18 11:50:00,246.33,246.33,246.0,246.0,-0.13,668.2,160932.82,-1
2022-04-18,2022-04-18 12:00:00,246.0,246.0,245.67,245.67,-0.13,668.2,160932.82,-1
2022-04-18,2022-04-18 12:10:00,245.67,245.67,245.33,245.33,-0.14,668.2,160932.82,-1
2022-04-18,2022-04-18 12:20:00,245.33,245.33,245.0,245.0,-0.13,668.2,160932.82,-1
2022-04-18,2022-04-18 12:30:00,245.0,245.0,244.67,244.67,-0.13,668.2,160932.82,-1
2022-04-18,2022-04-18 12:40:00,244.67,244.67,244.33,244.33,-0.14,668.2,160932.82,-1
2022-04-18,2022-04-18 12:50:00,244.33,244.33,244.0,244.0,-0.14,668.2,160932.82,-1
2022-04-18,2022-04-18 13:00:00,244.0,248.0,238.0,243.67,-0.14,668.2,160932.82,-1
2022-04-18,2022-04-18 13:10:00,243.67,243.67,243.33,243.33,-0.14,668.2,160932.82,-1
2022-04-18,2022-04-18 13:20:00,243.33,243.33,243.0,243.0,-0.14,668.2,160932.82,-1
2022-04-18,2022-04-18 13:30:00,243.0,243.0,242.67,242.67,-0.14,668.2,160932.82,-1
2022-04-18,2022-04-18 13:40:00,242.67,242.67,242.33,242.33,-0.14,668.2,160932.82,-1
2022-04-18,2022-04-18 13:50:00,242.33,242.33,242.0,242.0,-0.14,668.2,160932.82,-1
2022-04-18,2022-04-18 14:00:00,242.0,242.0,241.67,241.67,-0.14,668.2,160932.82,-1
2022-04-18,2022-04-18 14:10:00,241.67,241.67,241.33,241.33,-0.14,668.2,160932.82,-1
2022-04-18,2022-04-18 14:20:00,241.33,241.33,241.0,241.0,-0.14,668.2,160932.82,-1
2022-04-18,2022-04-18 14:30:00,241.0,241.0,240.67,240.67,-0.14,668.2,160932.82,-1
2022-04-18,2022-04-18 14:40:00,240.67,240.67,240.33,240.33,-0.14,668.2,160932.82,-1
2022-04-18,2022-04-18 14:50:00,240.33,240.33,240.0,240.0,-0.14,668.2,160932.82,-1
2022-04-18,2022-04-18 15:00:00,240.0,248.0,238.0,240.0,0.0,668.2,160932.82,0
2022-04-19,2022-04-19 11:00:00,240.0,241.71,236.49,240.0,0.0,604.6,142121.22,0
2022-04-19,2022-04-19 11:10:00,240.0,240.0,240.0,240.0,0.0,604.6,142121.22,0
2022-04-19,2022-04-19 11:20:00,240.0,240.0,240.0,240.0,0.0,604.6,142121.22,0
2022-04-19,2022-04-19 11:30:00,240.0,240.0,240.0,240.0,0.0,604.6,142121.22,0
2022-04-19,2022-04-19 11:40:00,240.0,240.0,240.0,240.0,0.0,604.6,142121.22,0
2022-04-19,2022-04-19 11:50:00,240.0,240.0,240.0,240.0,0.0,604.6,142121.22,0
2022-04-19,2022-04-19 12:00:00,240.0,240.0,240.0,240.0,0.0,604.6,142121.22,0
2022-04-19,2022-04-19 12:10:00,240.0,240.0,240.0,240.0,0.0,604.6,142121.22,0
2022-04-19,2022-04-19 12:20:00,240.0,240.0,240.0,240.0,0.0,604.6,142121.22,0
2022-04-19,2022-04-19 12:30:00,240.0,240.0,240.0,240.0,0.0,604.6,142121.22,0
2022-04-19,2022-04-19 12:40:00,240.0,240.0,240.0,240.0,0.0,604.6,142121.22,0
2022-04-19,2022-04-19 12:50:00,240.0,240.0,240.0,240.0,0.0,604.6,142121.22,0
2022-04-19,2022-04-19 13:00:00,240.0,245.7,228.3,240.0,0.0,604.6,142121.22,0
2022-04-19,2022-04-19 13:10:00,240.0,240.0,240.0,240.0,0.0,604.6,142121.22,0
2022-04-19,2022-04-19 13:20:00,240.0,240.0,240.0,240.0,0.0,604.6,142121.22,0
2022-04-19,2022-04-19 13:30:00,240.0,240.0,240.0,240.0,0.0,604.6,142121.22,0
2022-04-19,2022-04-19 13:40:00,240.0,240.0,240.0,240.0,0.0,604.6,142121.22,0
2022-04-19,2022-04-19 13:50:00,240.0,240.0,240.0,240.0,0.0,604.6,142121.22,0
2022-04-19,2022-04-19 14:00:00,240.0,240.0,240.0,240.0,0.0,604.6,142121.22,0
2022-04-19,2022-04-19 14:10:00,240.0,240.0,240.0,240.0,0.0,604.6,142121.22,0
2022-04-19,2022-04-19 14:20:00,240.0,240.0,240.0,240.0,0.0,604.6,142121.22,0
2022-04-19,2022-04-19 14:30:00,240.0,240.0,240.0,240.0,0.0,604.6,142121.22,0
2022-04-19,2022-04-19 14:40:00,240.0,240.0,240.0,240.0,0.0,604.6,142121.22,0
2022-04-19,2022-04-19 14:50:00,240.0,240.0,240.0,240.0,0.0,604.6,142121.22,0
2022-04-19,2022-04-19 15:00:00,240.0,245.7,228.3,240.0,0.0,604.6,142121.22,0
2022-04-20,2022-04-20 11:00:00,236.1,237.27,233.67,235.8,-0.13,373.72,86681.65,-1
2022-04-20,2022-04-20 11:10:00,235.8,235.8,235.51,235.51,-0.12,373.72,86681.65,-1
2022-04-20,2022-04-20 11:20:00,235.51,235.51,235.21,235.21,-0.13,373.72,86681.65,-1
2022-04-20,2022-04-20 11:30:00,235.21,235.21,234.92,234.92,-0.12,373.72,86681.65,-1
2022-04-20,2022-04-20 11:40:00,234.92,234.92,234.62,234.62,-0.13,373.72,86681.65,-1
2022-04-20,2022-04-20 11:50:00,234.62,234.62,234.32,234.32,-0.13,373.72,86681.65,-1
2022-04-20,2022-04-20 12:00:00,234.32,234.32,234.03,234.03,-0.12,373.72,86681.65,-1
2022-04-20,2022-04-20 12:10:00,234.03,234.03,233.73,233.73,-0.13,373.72,86681.65,-1
2022-04-20,2022-04-20 12:20:00,233.73,233.73,233.44,233.44,-0.12,373.72,86681.65,-1
2022-04-20,2022-04-20 12:30:00,233.44,233.44,233.14,233.14,-0.13,373.72,86681.65,-1
2022-04-20,2022-04-20 12:40:00,233.14,233.14,232.85,232.85,-0.12,373.72,86681.65,-1
2022-04-20,2022-04-20 12:50:00,232.85,232.85,232.55,232.55,-0.13,373.72,86681.65,-1
2022-04-20,2022-04-20 13:00:00,232.55,240.0,228.0,232.25,-0.13,373.72,86681.65,-1
2022-04-20,2022-04-20 13:10:00,232.25,232.25,231.96,231.96,-0.12,373.72,86681.65,-1
2022-04-20,2022-04-20 13:20:00,231.96,231.96,231.66,231.66,-0.13,373.72,86681.65,-1
2022-04-20,2022-04-20 13:30:00,231.66,231.66,231.37,231.37,-0.13,373.72,86681.65,-1
2022-04-20,2022-04-20 13:40:00,231.37,231.37,231.07,231.07,-0.13,373.72,86681.65,-1
2022-04-20,2022-04-20 13:50:00,231.07,231.07,230.78,230.78,-0.13,373.72,86681.65,-1
2022-04-20,2022-04-20 14:00:00,230.78,230.78,230.48,230.48,-0.13,373.72,86681.65,-1
2022-04-20,2022-04-20 14:10:00,230.48,230.48,230.18,230.18,-0.13,373.72,86681.65,-1
2022-04-20,2022-04-20 14:20:00,230.18,230.18,229.89,229.89,-0.13,373.72,86681.65,-1
2022-04-20,2022-04-20 14:30:00,229.89,229.89,229.59,229.59,-0.13,373.72,86681.65,-1
2022-04-20,2022-04-20 14:40:00,229.59,229.59,229.3,229.3,-0.13,373.72,86681.65,-1
2022-04-20,2022-04-20 14:50:00,229.3,229.3,229.0,229.0,-0.13,373.72,86681.65,-1
2022-04-20,2022-04-20 15:00:00,229.0,240.0,228.0,229.0,0.0,373.72,86681.65,0
2022-04-21,2022-04-21 11:00:00,224.5,226.15,221.65,224.69,0.08,841.48,184156.57,1
2022-04-21,2022-04-21 11:10:00,224.69,224.88,224.69,224.88,0.08,841.48,184156.57,1
2022-04-21,2022-04-21 11:20:00,224.88,225.06,224.88,225.06,0.08,841.48,184156.57,1
2022-04-21,2022-04-21 11:30:00,225.06,225.25,225.06,225.25,0.08,841.48,184156.57,1
2022-04-21,2022-04-21 11:40:00,225.25,225.44,225.25,225.44,0.08,841.48,184156.57,1
2022-04-21,2022-04-21 11:50:00,225.44,225.62,225.44,225.62,0.08,841.48,184156.57,1
2022-04-21,2022-04-21 12:00:00,225.62,225.81,225.62,225.81,0.08,841.48,184156.57,1
2022-04-21,2022-04-21 12:10:00,225.81,226.0,225.81,226.0,0.08,841.48,184156.57,1
2022-04-21,2022-04-21 12:20:00,226.0,226.19,226.0,226.19,0.08,841.48,184156.57,1
2022-04-21,2022-04-21 12:30:00,226.19,226.38,226.19,226.38,0.08,841.48,184156.57,1
2022-04-21,2022-04-21 12:40:00,226.38,226.56,226.38,226.56,0.08,841.48,184156.57,1
2022-04-21,2022-04-21 12:50:00,226.56,226.75,226.56,226.75,0.08,841.48,184156.57,1
2022-04-21,2022-04-21 13:00:00,226.75,230.0,215.0,226.94,0.08,841.48,184156.57,1
2022-04-21,2022-04-21 13:10:00,226.94,227.12,226.94,227.12,0.08,841.48,184156.57,1
2022-04-21,2022-04-21 13:20:00,227.12,227.31,227.12,227.31,0.08,841.48,184156.57,1
2022-04-21,2022-04-21 13:30:00,227.31,227.5,227.31,227.5,0.08,841.48,184156.57,1
2022-04-21,2022-04-21 13:40:00,227.5,227.69,227.5,227.69,0.08,841.48,184156.57,1
2022-04-21,2022-04-21 13:50:00,227.69,227.88,227.69,227.88,0.08,841.48,184156.57,1
2022-04-21,2022-04-21 14:00:00,227.88,228.06,227.88,228.06,0.08,841.48,184156.57,1
2022-04-21,2022-04-21 14:10:00,228.06,228.25,228.06,228.25,0.08,841.48,184156.57,1
2022-04-21,2022-04-21 14:20:00,228.25,228.44,228.25,228.44,0.08,841.48,184156.57,1
2022-04-21,2022-04-21 14:30:00,228.44,228.62,228.44,228.62,0.08,841.48,184156.57,1
2022-04-21,2022-04-21 14:40:00,228.62,228.81,228.62,228.81,0.08,841.48,184156.57,1
2022-04-21,2022-04-21 14:50:00,228.81,229.0,228.81,229.0,0.08,841.48,184156.57,1
2022-04-21,2022-04-21 15:00:00,229.0,230.0,215.0,229.0,0.0,841.48,184156.57,0
2022-04-24,2022-04-24 11:00:00,233.5,239.02,232.15,234.19,0.3,952.12,230629.95,1
2022-04-24,2022-04-24 11:10:00,234.19,234.88,234.19,234.88,0.29,952.12,230629.95,1
2022-04-24,2022-04-24 11:20:00,234.88,235.56,234.88,235.56,0.29,952.12,230629.95,1
2022-04-24,2022-04-24 11:30:00,235.56,236.25,235.56,236.25,0.29,952.12,230629.95,1
2022-04-24,2022-04-24 11:40:00,236.25,236.94,236.25,236.94,0.29,952.12,230629.95,1
2022-04-24,2022-04-24 11:50:00,236.94,237.62,236.94,237.62,0.29,952.12,230629.95,1
2022-04-24,2022-04-24 12:00:00,237.62,238.31,237.62,238.31,0.29,952.12,230629.95,1
2022-04-24,2022-04-24 12:10:00,238.31,239.0,238.31,239.0,0.29,952.12,230629.95,1
2022-04-24,2022-04-24 12:20:00,239.0,239.69,239.0,239.69,0.29,952.12,230629.95,1
2022-04-24,2022-04-24 12:30:00,239.69,240.38,239.69,240.38,0.29,952.12,230629.95,1
2022-04-24,2022-04-24 12:40:00,240.38,241.06,240.38,241.06,0.28,952.12,230629.95,1
2022-04-24,2022-04-24 12:50:00,241.06,241.75,241.06,241.75,0.29,952.12,230629.95,1
2022-04-24,2022-04-24 13:00:00,241.75,251.9,229.0,242.44,0.29,952.12,230629.95,1
2022-04-24,2022-04-24 13:10:00,242.44,243.12,242.44,243.12,0.28,952.12,230629.95,1
2022-04-24,2022-04-24 13:20:00,243.12,243.81,243.12,243.81,0.28,952.12,230629.95,1
2022-04-24,2022-04-24 13:30:00,243.81,244.5,243.81,244.5,0.28,952.12,230629.95,1
2022-04-24,2022-04-24 13:40:00,244.5,245.19,244.5,245.19,0.28,952.12,230629.95,1
2022-04-24,2022-04-24 13:50:00,245.19,245.88,245.19,245.88,0.28,952.12,230629.95,1
2022-04-24,2022-04-24 14:00:00,245.88,246.56,245.88,246.56,0.28,952.12,230629.95,1
2022-04-24,2022-04-24 14:10:00,246.56,247.25,246.56,247.25,0.28,952.12,230629.95,1
2022-04-24,2022-04-24 14:20:00,247.25,247.94,247.25,247.94,0.28,952.12,230629.95,1
2022-04-24,2022-04-24 14:30:00,247.94,248.62,247.94,248.62,0.27,952.12,230629.95,1
2022-04-24,2022-04-24 14:40:00,248.62,249.31,248.62,249.31,0.28,952.12,230629.95,1
2022-04-24,2022-04-24 14:50:00,249.31,250.0,249.31,250.0,0.28,952.12,230629.95,1
2022-04-24,2022-04-24 15:00:00,250.0,251.9,229.0,250.0,0.0,952.12,230629.95,0
2022-04-25,2022-04-25 11:00:00,253.0,255.07,249.1,252.5,-0.2,1406.16,347001.78,-1
2022-04-25,2022-04-25 11:10:00,252.5,252.5,252.0,252.0,-0.2,1406.16,347001.78,-1
2022-04-25,2022-04-25 11:20:00,252.0,252.0,251.5,251.5,-0.2,1406.16,347001.78,-1
2022-04-25,2022-04-25 11:30:00,251.5,251.5,251.0,251.0,-0.2,1406.16,347001.78,-1
2022-04-25,2022-04-25 11:40:00,251.0,251.0,250.5,250.5,-0.2,1406.16,347001.78,-1
2022-04-25,2022-04-25 11:50:00,250.5,250.5,250.0,250.0,-0.2,1406.16,347001.78,-1
2022-04-25,2022-04-25 12:00:00,250.0,250.0,249.5,249.5,-0.2,1406.16,347001.78,-1
2022-04-25,2022-04-25 12:10:00,249.5,249.5,249.0,249.0,-0.2,1406.16,347001.78,-1
2022-04-25,2022-04-25 12:20:00,249.0,249.0,248.5,248.5,-0.2,1406.16,347001.78,-1
2022-04-25,2022-04-25 12:30:00,248.5,248.5,248.0,248.0,-0.2,1406.16,347001.78,-1
2022-04-25,2022-04-25 12:40:00,248.0,248.0,247.5,247.5,-0.2,1406.16,347001.78,-1
2022-04-25,2022-04-25 12:50:00,247.5,247.5,247.0,247.0,-0.2,1406.16,347001.78,-1
2022-04-25,2022-04-25 13:00:00,247.0,259.9,240.0,246.5,-0.2,1406.16,347001.78,-1
2022-04-25,2022-04-25 13:10:00,246.5,246.5,246.0,246.0,-0.2,1406.16,347001.78,-1
2022-04-25,2022-04-25 13:20:00,246.0,246.0,245.5,245.5,-0.2,1406.16,347001.78,-1
2022-04-25,2022-04-25 13:30:00,245.5,245.5,245.0,245.0,-0.2,1406.16,347001.78,-1
2022-04-25,2022-04-25 13:40:00,245.0,245.0,244.5,244.5,-0.2,1406.16,347001.78,-1
2022-04-25,2022-04-25 13:50:00,244.5,244.5,244.0,244.0,-0.2,1406.16,347001.78,-1
2022-04-25,2022-04-25 14:00:00,244.0,244.0,243.5,243.5,-0.2,1406.16,347001.78,-1
2022-04-25,2022-04-25 14:10:00,243.5,243.5,243.0,243.0,-0.21,1406.16,347001.78,-1
2022-04-25,2022-04-25 14:20:00,243.0,243.0,242.5,242.5,-0.21,1406.16,347001.78,-1
2022-04-25,2022-04-25 14:30:00,242.5,242.5,242.0,242.0,-0.21,1406.16,347001.78,-1
2022-04-25,2022-04-25 14:40:00,242.0,242.0,241.5,241.5,-0.21,1406.16,347001.78,-1
2022-04-25,2022-04-25 14:50:00,241.5,241.5,241.0,241.0,-0.21,1406.16,347001.78,-1
2022-04-25,2022-04-25 15:00:00,241.0,259.9,240.0,241.0,0.0,1406.16,347001.78,0
2022-04-26,2022-04-26 11:00:00,241.0,243.34,239.86,240.95,-0.02,569.04,137242.64,-1
2022-04-26,2022-04-26 11:10:00,240.95,240.95,240.91,240.91,-0.02,569.04,137242.64,-1
2022-04-26,2022-04-26 11:20:00,240.91,240.91,240.86,240.86,-0.02,569.04,137242.64,-1
2022-04-26,2022-04-26 11:30:00,240.86,240.86,240.82,240.82,-0.02,569.04,137242.64,-1
2022-04-26,2022-04-26 11:40:00,240.82,240.82,240.77,240.77,-0.02,569.04,137242.64,-1
2022-04-26,2022-04-26 11:50:00,240.77,240.77,240.72,240.72,-0.02,569.04,137242.64,-1
2022-04-26,2022-04-26 12:00:00,240.72,240.72,240.68,240.68,-0.02,569.04,137242.64,-1
2022-04-26,2022-04-26 12:10:00,240.68,240.68,240.63,240.63,-0.02,569.04,137242.64,-1
2022-04-26,2022-04-26 12:20:00,240.63,240.63,240.59,240.59,-0.02,569.04,137242.64,-1
2022-04-26,2022-04-26 12:30:00,240.59,240.59,240.54,240.54,-0.02,569.04,137242.64,-1
2022-04-26,2022-04-26 12:40:00,240.54,240.54,240.5,240.5,-0.02,569.04,137242.64,-1
2022-04-26,2022-04-26 12:50:00,240.5,240.5,240.45,240.45,-0.02,569.04,137242.64,-1
2022-04-26,2022-04-26 13:00:00,240.45,248.8,237.2,240.4,-0.02,569.04,137242.64,-1
2022-04-26,2022-04-26 13:10:00,240.4,240.4,240.36,240.36,-0.02,569.04,137242.64,-1
2022-04-26,2022-04-26 13:20:00,240.36,240.36,240.31,240.31,-0.02,569.04,137242.64,-1
2022-04-26,2022-04-26 13:30:00,240.31,240.31,240.27,240.27,-0.02,569.04,137242.64,-1
2022-04-26,2022-04-26 13:40:00,240.27,240.27,240.22,240.22,-0.02,569.04,137242.64,-1
2022-04-26,2022-04-26 13:50:00,240.22,240.22,240.18,240.18,-0.02,569.04,137242.64,-1
2022-04-26,2022-04-26 14:00:00,240.18,240.18,240.13,240.13,-0.02,569.04,137242.64,-1
2022-04-26,2022-04-26 14:10:00,240.13,240.13,240.08,240.08,-0.02,569.04,137242.64,-1
2022-04-26,2022-04-26 14:20:00,240.08,240.08,240.04,240.04,-0.02,569.04,137242.64,-1
2022-04-26,2022-04-26 14:30:00,240.04,240.04,239.99,239.99,-0.02,569.04,137242.64,-1
2022-04-26,2022-04-26 14:40:00,239.99,239.99,239.95,239.95,-0.02,569.04,137242.64,-1
2022-04-26,2022-04-26 14:50:00,239.95,239.95,239.9,239.9,-0.02,569.04,137242.64,-1
2022-04-26,2022-04-26 15:00:00,239.9,248.8,237.2,239.9,0.0,569.04,137242.64,0
2022-04-27,2022-04-27 11:00:00,236.1,238.47,235.47,236.43,0.14,438.8,104389.32,1
2022-04-27,2022-04-27 11:10:00,236.43,236.76,236.43,236.76,0.14,438.8,104389.32,1
2022-04-27,2022-04-27 11:20:00,236.76,237.09,236.76,237.09,0.14,438.8,104389.32,1
2022-04-27,2022-04-27 11:30:00,237.09,237.42,237.09,237.42,0.14,438.8,104389.32,1
2022-04-27,2022-04-27 11:40:00,237.42,237.75,237.42,237.75,0.14,438.8,104389.32,1
2022-04-27,2022-04-27 11:50:00,237.75,238.07,237.75,238.07,0.13,438.8,104389.32,1
2022-04-27,2022-04-27 12:00:00,238.07,238.4,238.07,238.4,0.14,438.8,104389.32,1
2022-04-27,2022-04-27 12:10:00,238.4,238.73,238.4,238.73,0.14,438.8,104389.32,1
2022-04-27,2022-04-27 12:20:00,238.73,239.06,238.73,239.06,0.14,438.8,104389.32,1
2022-04-27,2022-04-27 12:30:00,239.06,239.39,239.06,239.39,0.14,438.8,104389.32,1
2022-04-27,2022-04-27 12:40:00,239.39,239.72,239.39,239.72,0.14,438.8,104389.32,1
2022-04-27,2022-04-27 12:50:00,239.72,240.05,239.72,240.05,0.14,438.8,104389.32,1
2022-04-27,2022-04-27 13:00:00,240.05,244.0,234.0,240.38,0.14,438.8,104389.32,1
2022-04-27,2022-04-27 13:10:00,240.38,240.71,240.38,240.71,0.14,438.8,104389.32,1
2022-04-27,2022-04-27 13:20:00,240.71,241.04,240.71,241.04,0.14,438.8,104389.32,1
2022-04-27,2022-04-27 13:30:00,241.04,241.37,241.04,241.37,0.14,438.8,104389.32,1
2022-04-27,2022-04-27 13:40:00,241.37,241.7,241.37,241.7,0.14,438.8,104389.32,1
2022-04-27,2022-04-27 13:50:00,241.7,242.03,241.7,242.03,0.14,438.8,104389.32,1
2022-04-27,2022-04-27 14:00:00,242.03,242.35,242.03,242.35,0.13,438.8,104389.32,1
2022-04-27,2022-04-27 14:10:00,242.35,242.68,242.35,242.68,0.14,438.8,104389.32,1
2022-04-27,2022-04-27 14:20:00,242.68,243.01,242.68,243.01,0.14,438.8,104389.32,1
2022-04-27,2022-04-27 14:30:00,243.01,243.34,243.01,243.34,0.14,438.8,104389.32,1
2022-04-27,2022-04-27 14:40:00,243.34,243.67,243.34,243.67,0.14,438.8,104389.32,1
2022-04-27,2022-04-27 14:50:00,243.67,244.0,243.67,244.0,0.14,438.8,104389.32,1
2022-04-27,2022-04-27 15:00:00,244.0,244.0,234.0,244.0,0.0,438.8,104389.32,0
2022-04-28,2022-04-28 11:00:00,245.0,245.0,242.21,244.67,-0.13,674.76,162220.0,-1
2022-04-28,2022-04-28 11:10:00,244.67,244.67,244.33,244.33,-0.14,674.76,162220.0,-1
2022-04-28,2022-04-28 11:20:00,244.33,244.33,244.0,244.0,-0.14,674.76,162220.0,-1
2022-04-28,2022-04-28 11:30:00,244.0,244.0,243.67,243.67,-0.14,674.76,162220.0,-1
2022-04-28,2022-04-28 11:40:00,243.67,243.67,243.33,243.33,-0.14,674.76,162220.0,-1
2022-04-28,2022-04-28 11:50:00,243.33,243.33,243.0,243.0,-0.14,674.76,162220.0,-1
2022-04-28,2022-04-28 12:00:00,243.0,243.0,242.67,242.67,-0.14,674.76,162220.0,-1
2022-04-28,2022-04-28 12:10:00,242.67,242.67,242.33,242.33,-0.14,674.76,162220.0,-1
2022-04-28,2022-04-28 12:20:00,242.33,242.33,242.0,242.0,-0.14,674.76,162220.0,-1
2022-04-28,2022-04-28 12:30:00,242.0,242.0,241.67,241.67,-0.14,674.76,162220.0,-1
2022-04-28,2022-04-28 12:40:00,241.67,241.67,241.33,241.33,-0.14,674.76,162220.0,-1
2022-04-28,2022-04-28 12:50:00,241.33,241.33,241.0,241.0,-0.14,674.76,162220.0,-1
2022-04-28,2022-04-28 13:00:00,241.0,245.0,235.7,240.67,-0.14,674.76,162220.0,-1
2022-04-28,2022-04-28 13:10:00,240.67,240.67,240.33,240.33,-0.14,674.76,162220.0,-1
2022-04-28,2022-04-28 13:20:00,240.33,240.33,240.0,240.0,-0.14,674.76,162220.0,-1
2022-04-28,2022-04-28 13:30:00,240.0,240.0,239.67,239.67,-0.14,674.76,162220.0,-1
2022-04-28,2022-04-28 13:40:00,239.67,239.67,239.33,239.33,-0.14,674.76,162220.0,-1
2022-04-28,2022-04-28 13:50:00,239.33,239.33,239.0,239.0,-0.14,674.76,162220.0,-1
2022-04-28,2022-04-28 14:00:00,239.0,239.0,238.67,238.67,-0.14,674.76,162220.0,-1
2022-04-28,2022-04-28 14:10:00,238.67,238.67,238.33,238.33,-0.14,674.76,162220.0,-1
2022-04-28,2022-04-28 14:20:00,238.33,238.33,238.0,238.0,-0.14,674.76,162220.0,-1
2022-04-28,2022-04-28 14:30:00,238.0,238.0,237.67,237.67,-0.14,674.76,162220.0,-1
2022-04-28,2022-04-28 14:40:00,237.67,237.67,237.33,237.33,-0.14,674.76,162220.0,-1
2022-04-28,2022-04-28 14:50:00,237.33,237.33,237.0,237.0,-0.14,674.76,162220.0,-1
2022-04-28,2022-04-28 15:00:00,237.0,245.0,235.7,237.0,0.0,674.76,162220.0,0
2022-05-02,2022-05-02 11:00:00,234.0,234.3,230.7,233.75,-0.11,574.6,130960.5,-1
2022-05-02,2022-05-02 11:10:00,233.75,233.75,233.5,233.5,-0.11,574.6,130960.5,-1
2022-05-02,2022-05-02 11:20:00,233.5,233.5,233.25,233.25,-0.11,574.6,130960.5,-1
2022-05-02,2022-05-02 11:30:00,233.25,233.25,233.0,233.0,-0.11,574.6,130960.5,-1
2022-05-02,2022-05-02 11:40:00,233.0,233.0,232.75,232.75,-0.11,574.6,130960.5,-1
2022-05-02,2022-05-02 11:50:00,232.75,232.75,232.5,232.5,-0.11,574.6,130960.5,-1
2022-05-02,2022-05-02 12:00:00,232.5,232.5,232.25,232.25,-0.11,574.6,130960.5,-1
2022-05-02,2022-05-02 12:10:00,232.25,232.25,232.0,232.0,-0.11,574.6,130960.5,-1
2022-05-02,2022-05-02 12:20:00,232.0,232.0,231.75,231.75,-0.11,574.6,130960.5,-1
2022-05-02,2022-05-02 12:30:00,231.75,231.75,231.5,231.5,-0.11,574.6,130960.5,-1
2022-05-02,2022-05-02 12:40:00,231.5,231.5,231.25,231.25,-0.11,574.6,130960.5,-1
2022-05-02,2022-05-02 12:50:00,231.25,231.25,231.0,231.0,-0.11,574.6,130960.5,-1
2022-05-02,2022-05-02 13:00:00,231.0,235.0,223.0,230.75,-0.11,574.6,130960.5,-1
2022-05-02,2022-05-02 13:10:00,230.75,230.75,230.5,230.5,-0.11,574.6,130960.5,-1
2022-05-02,2022-05-02 13:20:00,230.5,230.5,230.25,230.25,-0.11,574.6,130960.5,-1
2022-05-02,2022-05-02 13:30:00,230.25,230.25,230.0,230.0,-0.11,574.6,130960.5,-1
2022-05-02,2022-05-02 13:40:00,230.0,230.0,229.75,229.75,-0.11,574.6,130960.5,-1
2022-05-02,2022-05-02 13:50:00,229.75,229.75,229.5,229.5,-0.11,574.6,130960.5,-1
2022-05-02,2022-05-02 14:00:00,229.5,229.5,229.25,229.25,-0.11,574.6,130960.5,-1
2022-05-02,2022-05-02 14:10:00,229.25,229.25,229.0,229.0,-0.11,574.6,130960.5,-1
2022-05-02,2022-05-02 14:20:00,229.0,229.0,228.75,228.75,-0.11,574.6,130960.5,-1
2022-05-02,2022-05-02 14:30:00,228.75,228.75,228.5,228.5,-0.11,574.6,130960.5,-1
2022-05-02,2022-05-02 14:40:00,228.5,228.5,228.25,228.25,-0.11,574.6,130960.5,-1
2022-05-02,2022-05-02 14:50:00,228.25,228.25,228.0,228.0,-0.11,574.6,130960.5,-1
2022-05-02,2022-05-02 15:00:00,228.0,235.0,223.0,228.0,0.0,574.6,130960.5,0
2022-05-04,2022-05-04 11:00:00,228.0,228.0,224.7,227.73,-0.12,468.72,104006.54,-1
2022-05-04,2022-05-04 11:10:00,227.73,227.73,227.46,227.46,-0.12,468.72,104006.54,-1
2022-05-04,2022-05-04 11:20:00,227.46,227.46,227.19,227.19,-0.12,468.72,104006.54,-1
2022-05-04,2022-05-04 11:30:00,227.19,227.19,226.92,226.92,-0.12,468.72,104006.54,-1
2022-05-04,2022-05-04 11:40:00,226.92,226.92,226.65,226.65,-0.12,468.72,104006.54,-1
2022-05-04,2022-05-04 11:50:00,226.65,226.65,226.38,226.38,-0.12,468.72,104006.54,-1
2022-05-04,2022-05-04 12:00:00,226.38,226.38,226.1,226.1,-0.12,468.72,104006.54,-1
2022-05-04,2022-05-04 12:10:00,226.1,226.1,225.83,225.83,-0.12,468.72,104006.54,-1
2022-05-04,2022-05-04 12:20:00,225.83,225.83,225.56,225.56,-0.12,468.72,104006.54,-1
2022-05-04,2022-05-04 12:30:00,225.56,225.56,225.29,225.29,-0.12,468.72,104006.54,-1
2022-05-04,2022-05-04 12:40:00,225.29,225.29,225.02,225.02,-0.12,468.72,104006.54,-1
2022-05-04,2022-05-04 12:50:00,225.02,225.02,224.75,224.75,-0.12,468.72,104006.54,-1
2022-05-04,2022-05-04 13:00:00,224.75,228.0,217.0,224.48,-0.12,468.72,104006.54,-1
2022-05-04,2022-05-04 13:10:00,224.48,224.48,224.21,224.21,-0.12,468.72,104006.54,-1
2022-05-04,2022-05-04 13:20:00,224.21,224.21,223.94,223.94,-0.12,468.72,104006.54,-1
2022-05-04,2022-05-04 13:30:00,223.94,223.94,223.67,223.67,-0.12,468.72,104006.54,-1
2022-05-04,2022-05-04 13:40:00,223.67,223.67,223.4,223.4,-0.12,468.72,104006.54,-1
2022-05-04,2022-05-04 13:50:00,223.4,223.4,223.12,223.12,-0.13,468.72,104006.54,-1
2022-05-04,2022-05-04 14:00:00,223.12,223.12,222.85,222.85,-0.12,468.72,104006.54,-1
2022-05-04,2022-05-04 14:10:00,222.85,222.85,222.58,222.58,-0.12,468.72,104006.54,-1
2022-05-04,2022-05-04 14:20:00,222.58,222.58,222.31,222.31,-0.12,468.72,104006.54,-1
2022-05-04,2022-05-04 14:30:00,222.31,222.31,222.04,222.04,-0.12,468.72,104006.54,-1
2022-05-04,2022-05-04 14:40:00,222.04,222.04,221.77,221.77,-0.12,468.72,104006.54,-1
2022-05-04,2022-05-04 14:50:00,221.77,221.77,221.5,221.5,-0.12,468.72,104006.54,-1
2022-05-04,2022-05-04 15:00:00,221.5,228.0,217.0,221.5,0.0,468.72,104006.54,0
2022-05-05,2022-05-05 11:00:00,217.2,218.67,214.77,216.94,-0.12,685.96,147660.49,-1
2022-05-05,2022-05-05 11:10:00,216.94,216.94,216.68,216.68,-0.12,685.96,147660.49,-1
2022-05-05,2022-05-05 11:20:00,216.68,216.68,216.42,216.42,-0.12,685.96,147660.49,-1
2022-05-05,2022-05-05 11:30:00,216.42,216.42,216.17,216.17,-0.12,685.96,147660.49,-1
2022-05-05,2022-05-05 11:40:00,216.17,216.17,215.91,215.91,-0.12,685.96,147660.49,-1
2022-05-05,2022-05-05 11:50:00,215.91,215.91,215.65,215.65,-0.12,685.96,147660.49,-1
2022-05-05,2022-05-05 12:00:00,215.65,215.65,215.39,215.39,-0.12,685.96,147660.49,-1
2022-05-05,2022-05-05 12:10:00,215.39,215.39,215.13,215.13,-0.12,685.96,147660.49,-1
2022-05-05,2022-05-05 12:20:00,215.13,215.13,214.88,214.88,-0.12,685.96,147660.49,-1
2022-05-05,2022-05-05 12:30:00,214.88,214.88,214.62,214.62,-0.12,685.96,147660.49,-1
2022-05-05,2022-05-05 12:40:00,214.62,214.62,214.36,214.36,-0.12,685.96,147660.49,-1
2022-05-05,2022-05-05 12:50:00,214.36,214.36,214.1,214.1,-0.12,685.96,147660.49,-1
2022-05-05,2022-05-05 13:00:00,214.1,222.1,209.1,213.84,-0.12,685.96,147660.49,-1
2022-05-05,2022-05-05 13:10:00,213.84,213.84,213.58,213.58,-0.12,685.96,147660.49,-1
2022-05-05,2022-05-05 13:20:00,213.58,213.58,213.32,213.32,-0.12,685.96,147660.49,-1
2022-05-05,2022-05-05 13:30:00,213.32,213.32,213.07,213.07,-0.12,685.96,147660.49,-1
2022-05-05,2022-05-05 13:40:00,213.07,213.07,212.81,212.81,-0.12,685.96,147660.49,-1
2022-05-05,2022-05-05 13:50:00,212.81,212.81,212.55,212.55,-0.12,685.96,147660.49,-1
2022-05-05,2022-05-05 14:00:00,212.55,212.55,212.29,212.29,-0.12,685.96,147660.49,-1
2022-05-05,2022-05-05 14:10:00,212.29,212.29,212.03,212.03,-0.12,685.96,147660.49,-1
2022-05-05,2022-05-05 14:20:00,212.03,212.03,211.78,211.78,-0.12,685.96,147660.49,-1
2022-05-05,2022-05-05 14:30:00,211.78,211.78,211.52,211.52,-0.12,685.96,147660.49,-1
2022-05-05,2022-05-05 14:40:00,211.52,211.52,211.26,211.26,-0.12,685.96,147660.49,-1
2022-05-05,2022-05-05 14:50:00,211.26,211.26,211.0,211.0,-0.12,685.96,147660.49,-1
2022-05-05,2022-05-05 15:00:00,211.0,222.1,209.1,211.0,0.0,685.96,147660.49,0
2022-05-08,2022-05-08 11:00:00,209.9,215.63,206.93,210.49,0.28,887.88,184147.26,1
2022-05-08,2022-05-08 11:10:00,210.49,211.08,210.49,211.08,0.28,887.88,184147.26,1
2022-05-08,2022-05-08 11:20:00,211.08,211.66,211.08,211.66,0.27,887.88,184147.26,1
2022-05-08,2022-05-08 11:30:00,211.66,212.25,211.66,212.25,0.28,887.88,184147.26,1
2022-05-08,2022-05-08 11:40:00,212.25,212.84,212.25,212.84,0.28,887.88,184147.26,1
2022-05-08,2022-05-08 11:50:00,212.84,213.43,212.84,213.43,0.28,887.88,184147.26,1
2022-05-08,2022-05-08 12:00:00,213.43,214.01,213.43,214.01,0.27,887.88,184147.26,1
2022-05-08,2022-05-08 12:10:00,214.01,214.6,214.01,214.6,0.28,887.88,184147.26,1
2022-05-08,2022-05-08 12:20:00,214.6,215.19,214.6,215.19,0.27,887.88,184147.26,1
2022-05-08,2022-05-08 12:30:00,215.19,215.78,215.19,215.78,0.27,887.88,184147.26,1
2022-05-08,2022-05-08 12:40:00,215.78,216.36,215.78,216.36,0.27,887.88,184147.26,1
2022-05-08,2022-05-08 12:50:00,216.36,216.95,216.36,216.95,0.27,887.88,184147.26,1
2022-05-08,2022-05-08 13:00:00,216.95,229.0,200.0,217.54,0.27,887.88,184147.26,1
2022-05-08,2022-05-08 13:10:00,217.54,218.12,217.54,218.12,0.27,887.88,184147.26,1
2022-05-08,2022-05-08 13:20:00,218.12,218.71,218.12,218.71,0.27,887.88,184147.26,1
2022-05-08,2022-05-08 13:30:00,218.71,219.3,218.71,219.3,0.27,887.88,184147.26,1
2022-05-08,2022-05-08 13:40:00,219.3,219.89,219.3,219.89,0.27,887.88,184147.26,1
2022-05-08,2022-05-08 13:50:00,219.89,220.47,219.89,220.47,0.26,887.88,184147.26,1
2022-05-08,2022-05-08 14:00:00,220.47,221.06,220.47,221.06,0.27,887.88,184147.26,1
2022-05-08,2022-05-08 14:10:00,221.06,221.65,221.06,221.65,0.27,887.88,184147.26,1
2022-05-08,2022-05-08 14:20:00,221.65,222.24,221.65,222.24,0.27,887.88,184147.26,1
2022-05-08,2022-05-08 14:30:00,222.24,222.82,222.24,222.82,0.26,887.88,184147.26,1
2022-05-08,2022-05-08 14:40:00,222.82,223.41,222.82,223.41,0.26,887.88,184147.26,1
2022-05-08,2022-05-08 14:50:00,223.41,224.0,223.41,224.0,0.26,887.88,184147.26,1
2022-05-08,2022-05-08 15:00:00,224.0,229.0,200.0,224.0,0.0,887.88,184147.26,0
2022-05-09,2022-05-09 11:00:00,224.0,225.2,222.5,223.98,-0.01,769.52,172320.09,-1
2022-05-09,2022-05-09 11:10:00,223.98,223.98,223.96,223.96,-0.01,769.52,172320.09,-1
2022-05-09,2022-05-09 11:20:00,223.96,223.96,223.94,223.94,-0.01,769.52,172320.09,-1
2022-05-09,2022-05-09 11:30:00,223.94,223.94,223.92,223.92,-0.01,769.52,172320.09,-1
2022-05-09,2022-05-09 11:40:00,223.92,223.92,223.9,223.9,-0.01,769.52,172320.09,-1
2022-05-09,2022-05-09 11:50:00,223.9,223.9,223.88,223.88,-0.01,769.52,172320.09,-1
2022-05-09,2022-05-09 12:00:00,223.88,223.88,223.85,223.85,-0.01,769.52,172320.09,-1
2022-05-09,2022-05-09 12:10:00,223.85,223.85,223.83,223.83,-0.01,769.52,172320.09,-1
2022-05-09,2022-05-09 12:20:00,223.83,223.83,223.81,223.81,-0.01,769.52,172320.09,-1
2022-05-09,2022-05-09 12:30:00,223.81,223.81,223.79,223.79,-0.01,769.52,172320.09,-1
2022-05-09,2022-05-09 12:40:00,223.79,223.79,223.77,223.77,-0.01,769.52,172320.09,-1
2022-05-09,2022-05-09 12:50:00,223.77,223.77,223.75,223.75,-0.01,769.52,172320.09,-1
2022-05-09,2022-05-09 13:00:00,223.75,228.0,219.0,223.73,-0.01,769.52,172320.09,-1
2022-05-09,2022-05-09 13:10:00,223.73,223.73,223.71,223.71,-0.01,769.52,172320.09,-1
2022-05-09,2022-05-09 13:20:00,223.71,223.71,223.69,223.69,-0.01,769.52,172320.09,-1
2022-05-09,2022-05-09 13:30:00,223.69,223.69,223.67,223.67,-0.01,769.52,172320.09,-1
2022-05-09,2022-05-09 13:40:00,223.67,223.67,223.65,223.65,-0.01,769.52,172320.09,-1
2022-05-09,2022-05-09 13:50:00,223.65,223.65,223.62,223.62,-0.01,769.52,172320.09,-1
2022-05-09,2022-05-09 14:00:00,223.62,223.62,223.6,223.6,-0.01,769.52,172320.09,-1
2022-05-09,2022-05-09 14:10:00,223.6,223.6,223.58,223.58,-0.01,769.52,172320.09,-1
2022-05-09,2022-05-09 14:20:00,223.58,223.58,223.56,223.56,-0.01,769.52,172320.09,-1
2022-05-09,2022-05-09 14:30:00,223.56,223.56,223.54,223.54,-0.01,769.52,172320.09,-1
2022-05-09,2022-05-09 14:40:00,223.54,223.54,223.52,223.52,-0.01,769.52,172320.09,-1
2022-05-09,2022-05-09 14:50:00,223.52,223.52,223.5,223.5,-0.01,769.52,172320.09,-1
2022-05-09,2022-05-09 15:00:00,223.5,228.0,219.0,223.5,0.0,769.52,172320.09,0
2022-05-10,2022-05-10 11:00:00,227.0,231.2,224.9,227.46,0.2,1088.16,253279.93,1
2022-05-10,2022-05-10 11:10:00,227.46,227.92,227.46,227.92,0.2,1088.16,253279.93,1
2022-05-10,2022-05-10 11:20:00,227.92,228.38,227.92,228.38,0.2,1088.16,253279.93,1
2022-05-10,2022-05-10 11:30:00,228.38,228.83,228.38,228.83,0.2,1088.16,253279.93,1
2022-05-10,2022-05-10 11:40:00,228.83,229.29,228.83,229.29,0.2,1088.16,253279.93,1
2022-05-10,2022-05-10 11:50:00,229.29,229.75,229.29,229.75,0.2,1088.16,253279.93,1
2022-05-10,2022-05-10 12:00:00,229.75,230.21,229.75,230.21,0.2,1088.16,253279.93,1
2022-05-10,2022-05-10 12:10:00,230.21,230.67,230.21,230.67,0.2,1088.16,253279.93,1
2022-05-10,2022-05-10 12:20:00,230.67,231.12,230.67,231.12,0.2,1088.16,253279.93,1
2022-05-10,2022-05-10 12:30:00,231.12,231.58,231.12,231.58,0.2,1088.16,253279.93,1
2022-05-10,2022-05-10 12:40:00,231.58,232.04,231.58,232.04,0.2,1088.16,253279.93,1
2022-05-10,2022-05-10 12:50:00,232.04,232.5,232.04,232.5,0.2,1088.16,253279.93,1
2022-05-10,2022-05-10 13:00:00,232.5,241.0,220.0,232.96,0.2,1088.16,253279.93,1
2022-05-10,2022-05-10 13:10:00,232.96,233.42,232.96,233.42,0.2,1088.16,253279.93,1
2022-05-10,2022-05-10 13:20:00,233.42,233.88,233.42,233.88,0.2,1088.16,253279.93,1
2022-05-10,2022-05-10 13:30:00,233.88,234.33,233.88,234.33,0.19,1088.16,253279.93,1
2022-05-10,2022-05-10 13:40:00,234.33,234.79,234.33,234.79,0.2,1088.16,253279.93,1
2022-05-10,2022-05-10 13:50:00,234.79,235.25,234.79,235.25,0.2,1088.16,253279.93,1
2022-05-10,2022-05-10 14:00:00,235.25,235.71,235.25,235.71,0.2,1088.16,253279.93,1
2022-05-10,2022-05-10 14:10:00,235.71,236.17,235.71,236.17,0.2,1088.16,253279.93,1
2022-05-10,2022-05-10 14:20:00,236.17,236.62,236.17,236.62,0.19,1088.16,253279.93,1
2022-05-10,2022-05-10 14:30:00,236.62,237.08,236.62,237.08,0.19,1088.16,253279.93,1
2022-05-10,2022-05-10 14:40:00,237.08,237.54,237.08,237.54,0.19,1088.16,253279.93,1
2022-05-10,2022-05-10 14:50:00,237.54,238.0,237.54,238.0,0.19,1088.16,253279.93,1
2022-05-10,2022-05-10 15:00:00,238.0,241.0,220.0,238.0,0.0,1088.16,253279.93,0
2022-05-11,2022-05-11 11:00:00,240.0,245.7,236.82,240.58,0.24,1290.2,318935.4,1
2022-05-11,2022-05-11 11:10:00,240.58,241.17,240.58,241.17,0.25,1290.2,318935.4,1
2022-05-11,2022-05-11 11:20:00,241.17,241.75,241.17,241.75,0.24,1290.2,318935.4,1
2022-05-11,2022-05-11 11:30:00,241.75,242.33,241.75,242.33,0.24,1290.2,318935.4,1
2022-05-11,2022-05-11 11:40:00,242.33,242.92,242.33,242.92,0.24,1290.2,318935.4,1
2022-05-11,2022-05-11 11:50:00,242.92,243.5,242.92,243.5,0.24,1290.2,318935.4,1
2022-05-11,2022-05-11 12:00:00,243.5,244.08,243.5,244.08,0.24,1290.2,318935.4,1
2022-05-11,2022-05-11 12:10:00,244.08,244.67,244.08,244.67,0.24,1290.2,318935.4,1
2022-05-11,2022-05-11 12:20:00,244.67,245.25,244.67,245.25,0.24,1290.2,318935.4,1
2022-05-11,2022-05-11 12:30:00,245.25,245.83,245.25,245.83,0.24,1290.2,318935.4,1
2022-05-11,2022-05-11 12:40:00,245.83,246.42,245.83,246.42,0.24,1290.2,318935.4,1
2022-05-11,2022-05-11 12:50:00,246.42,247.0,246.42,247.0,0.24,1290.2,318935.4,1
2022-05-11,2022-05-11 13:00:00,247.0,259.0,229.4,247.58,0.23,1290.2,318935.4,1
2022-05-11,2022-05-11 13:10:00,247.58,248.17,247.58,248.17,0.24,1290.2,318935.4,1
2022-05-11,2022-05-11 13:20:00,248.17,248.75,248.17,248.75,0.23,1290.2,318935.4,1
2022-05-11,2022-05-11 13:30:00,248.75,249.33,248.75,249.33,0.23,1290.2,318935.4,1
2022-05-11,2022-05-11 13:40:00,249.33,249.92,249.33,249.92,0.24,1290.2,318935.4,1
2022-05-11,2022-05-11 13:50:00,249.92,250.5,249.92,250.5,0.23,1290.2,318935.4,1
2022-05-11,2022-05-11 14:00:00,250.5,251.08,250.5,251.08,0.23,1290.2,318935.4,1
2022-05-11,2022-05-11 14:10:00,251.08,251.67,251.08,251.67,0.23,1290.2,318935.4,1
2022-05-11,2022-05-11 14:20:00,251.67,252.25,251.67,252.25,0.23,1290.2,318935.4,1
2022-05-11,2022-05-11 14:30:00,252.25,252.83,252.25,252.83,0.23,1290.2,318935.4,1
2022-05-11,2022-05-11 14:40:00,252.83,253.42,252.83,253.42,0.23,1290.2,318935.4,1
2022-05-11,2022-05-11 14:50:00,253.42,254.0,253.42,254.0,0.23,1290.2,318935.4,1
2022-05-11,2022-05-11 15:00:00,254.0,259.0,229.4,254.0,0.0,1290.2,318935.4,0
2022-05-12,2022-05-12 11:00:00,258.0,259.5,253.8,257.46,-0.21,1057.72,267934.16,-1
2022-05-12,2022-05-12 11:10:00,257.46,257.46,256.92,256.92,-0.21,1057.72,267934.16,-1
2022-05-12,2022-05-12 11:20:00,256.92,256.92,256.38,256.38,-0.21,1057.72,267934.16,-1
2022-05-12,2022-05-12 11:30:00,256.38,256.38,255.83,255.83,-0.21,1057.72,267934.16,-1
2022-05-12,2022-05-12 11:40:00,255.83,255.83,255.29,255.29,-0.21,1057.72,267934.16,-1
2022-05-12,2022-05-12 11:50:00,255.29,255.29,254.75,254.75,-0.21,1057.72,267934.16,-1
2022-05-12,2022-05-12 12:00:00,254.75,254.75,254.21,254.21,-0.21,1057.72,267934.16,-1
2022-05-12,2022-05-12 12:10:00,254.21,254.21,253.67,253.67,-0.21,1057.72,267934.16,-1
2022-05-12,2022-05-12 12:20:00,253.67,253.67,253.12,253.12,-0.22,1057.72,267934.16,-1
2022-05-12,2022-05-12 12:30:00,253.12,253.12,252.58,252.58,-0.21,1057.72,267934.16,-1
2022-05-12,2022-05-12 12:40:00,252.58,252.58,252.04,252.04,-0.21,1057.72,267934.16,-1
2022-05-12,2022-05-12 12:50:00,252.04,252.04,251.5,251.5,-0.21,1057.72,267934.16,-1
2022-05-12,2022-05-12 13:00:00,251.5,263.0,244.0,250.96,-0.21,1057.72,267934.16,-1
2022-05-12,2022-05-12 13:10:00,250.96,250.96,250.42,250.42,-0.22,1057.72,267934.16,-1
2022-05-12,2022-05-12 13:20:00,250.42,250.42,249.88,249.88,-0.22,1057.72,267934.16,-1
2022-05-12,2022-05-12 13:30:00,249.88,249.88,249.33,249.33,-0.22,1057.72,267934.16,-1
2022-05-12,2022-05-12 13:40:00,249.33,249.33,248.79,248.79,-0.22,1057.72,267934.16,-1
2022-05-12,2022-05-12 13:50:00,248.79,248.79,248.25,248.25,-0.22,1057.72,267934.16,-1
2022-05-12,2022-05-12 14:00:00,248.25,248.25,247.71,247.71,-0.22,1057.72,267934.16,-1
2022-05-12,2022-05-12 14:10:00,247.71,247.71,247.17,247.17,-0.22,1057.72,267934.16,-1
2022-05-12,2022-05-12 14:20:00,247.17,247.17,246.62,246.62,-0.22,1057.72,267934.16,-1
2022-05-12,2022-05-12 14:30:00,246.62,246.62,246.08,246.08,-0.22,1057.72,267934.16,-1
2022-05-12,2022-05-12 14:40:00,246.08,246.08,245.54,245.54,-0.22,1057.72,267934.16,-1
2022-05-12,2022-05-12 14:50:00,245.54,245.54,245.0,245.0,-0.22,1057.72,267934.16,-1
2022-05-12,2022-05-12 15:00:00,245.0,263.0,244.0,245.0,0.0,1057.72,267934.16,0
2022-05-17,2022-05-17 11:00:00,241.0,241.9,236.8,240.62,-0.16,792.92,183937.23,-1
2022-05-17,2022-05-17 11:10:00,240.62,240.62,240.23,240.23,-0.16,792.92,183937.23,-1
2022-05-17,2022-05-17 11:20:00,240.23,240.23,239.85,239.85,-0.16,792.92,183937.23,-1
2022-05-17,2022-05-17 11:30:00,239.85,239.85,239.47,239.47,-0.16,792.92,183937.23,-1
2022-05-17,2022-05-17 11:40:00,239.47,239.47,239.08,239.08,-0.16,792.92,183937.23,-1
2022-05-17,2022-05-17 11:50:00,239.08,239.08,238.7,238.7,-0.16,792.92,183937.23,-1
2022-05-17,2022-05-17 12:00:00,238.7,238.7,238.32,238.32,-0.16,792.92,183937.23,-1
2022-05-17,2022-05-17 12:10:00,238.32,238.32,237.93,237.93,-0.16,792.92,183937.23,-1
2022-05-17,2022-05-17 12:20:00,237.93,237.93,237.55,237.55,-0.16,792.92,183937.23,-1
2022-05-17,2022-05-17 12:30:00,237.55,237.55,237.17,237.17,-0.16,792.92,183937.23,-1
2022-05-17,2022-05-17 12:40:00,237.17,237.17,236.78,236.78,-0.16,792.92,183937.23,-1
2022-05-17,2022-05-17 12:50:00,236.78,236.78,236.4,236.4,-0.16,792.92,183937.23,-1
2022-05-17,2022-05-17 13:00:00,236.4,244.0,227.0,236.02,-0.16,792.92,183937.23,-1
2022-05-17,2022-05-17 13:10:00,236.02,236.02,235.63,235.63,-0.17,792.92,183937.23,-1
2022-05-17,2022-05-17 13:20:00,235.63,235.63,235.25,235.25,-0.16,792.92,183937.23,-1
2022-05-17,2022-05-17 13:30:00,235.25,235.25,234.87,234.87,-0.16,792.92,183937.23,-1
2022-05-17,2022-05-17 13:40:00,234.87,234.87,234.48,234.48,-0.17,792.92,183937.23,-1
2022-05-17,2022-05-17 13:50:00,234.48,234.48,234.1,234.1,-0.16,792.92,183937.23,-1
2022-05-17,2022-05-17 14:00:00,234.1,234.1,233.72,233.72,-0.16,792.92,183937.23,-1
2022-05-17,2022-05-17 14:10:00,233.72,233.72,233.33,233.33,-0.17,792.92,183937.23,-1
2022-05-17,2022-05-17 14:20:00,233.33,233.33,232.95,232.95,-0.16,792.92,183937.23,-1
2022-05-17,2022-05-17 14:30:00,232.95,232.95,232.57,232.57,-0.16,792.92,183937.23,-1
2022-05-17,2022-05-17 14:40:00,232.57,232.57,232.18,232.18,-0.17,792.92,183937.23,-1
2022-05-17,2022-05-17 14:50:00,232.18,232.18,231.8,231.8,-0.16,792.92,183937.23,-1
2022-05-17,2022-05-17 15:00:00,231.8,244.0,227.0,231.8,0.0,792.92,183937.23,0
2022-05-18,2022-05-18 11:00:00,235.0,239.2,230.8,235.29,0.12,613.32,143178.17,1
2022-05-18,2022-05-18 11:10:00,235.29,235.58,235.29,235.58,0.12,613.32,143178.17,1
2022-05-18,2022-05-18 11:20:00,235.58,235.88,235.58,235.88,0.13,613.32,143178.17,1
2022-05-18,2022-05-18 11:30:00,235.88,236.17,235.88,236.17,0.12,613.32,143178.17,1
2022-05-18,2022-05-18 11:40:00,236.17,236.46,236.17,236.46,0.12,613.32,143178.17,1
2022-05-18,2022-05-18 11:50:00,236.46,236.75,236.46,236.75,0.12,613.32,143178.17,1
2022-05-18,2022-05-18 12:00:00,236.75,237.04,236.75,237.04,0.12,613.32,143178.17,1
2022-05-18,2022-05-18 12:10:00,237.04,237.33,237.04,237.33,0.12,613.32,143178.17,1
2022-05-18,2022-05-18 12:20:00,237.33,237.62,237.33,237.62,0.12,613.32,143178.17,1
2022-05-18,2022-05-18 12:30:00,237.62,237.92,237.62,237.92,0.13,613.32,143178.17,1
2022-05-18,2022-05-18 12:40:00,237.92,238.21,237.92,238.21,0.12,613.32,143178.17,1
2022-05-18,2022-05-18 12:50:00,238.21,238.5,238.21,238.5,0.12,613.32,143178.17,1
2022-05-18,2022-05-18 13:00:00,238.5,249.0,221.0,238.79,0.12,613.32,143178.17,1
2022-05-18,2022-05-18 13:10:00,238.79,239.08,238.79,239.08,0.12,613.32,143178.17,1
2022-05-18,2022-05-18 13:20:00,239.08,239.38,239.08,239.38,0.13,613.32,143178.17,1
2022-05-18,2022-05-18 13:30:00,239.38,239.67,239.38,239.67,0.12,613.32,143178.17,1
2022-05-18,2022-05-18 13:40:00,239.67,239.96,239.67,239.96,0.12,613.32,143178.17,1
2022-05-18,2022-05-18 13:50:00,239.96,240.25,239.96,240.25,0.12,613.32,143178.17,1
2022-05-18,2022-05-18 14:00:00,240.25,240.54,240.25,240.54,0.12,613.32,143178.17,1
2022-05-18,2022-05-18 14:10:00,240.54,240.83,240.54,240.83,0.12,613.32,143178.17,1
2022-05-18,2022-05-18 14:20:00,240.83,241.12,240.83,241.12,0.12,613.32,143178.17,1
2022-05-18,2022-05-18 14:30:00,241.12,241.42,241.12,241.42,0.12,613.32,143178.17,1
2022-05-18,2022-05-18 14:40:00,241.42,241.71,241.42,241.71,0.12,613.32,143178.17,1
2022-05-18,2022-05-18 14:50:00,241.71,242.0,241.71,242.0,0.12,613.32,143178.17,1
2022-05-18,2022-05-18 15:00:00,242.0,249.0,221.0,242.0,0.0,613.32,143178.17,0
2022-05-19,2022-05-19 11:00:00,242.0,243.5,239.3,241.82,-0.07,290.88,69528.48,-1
2022-05-19,2022-05-19 11:10:00,241.82,241.82,241.63,241.63,-0.08,290.88,69528.48,-1
2022-05-19,2022-05-19 11:20:00,241.63,241.63,241.45,241.45,-0.07,290.88,69528.48,-1
2022-05-19,2022-05-19 11:30:00,241.45,241.45,241.27,241.27,-0.07,290.88,69528.48,-1
2022-05-19,2022-05-19 11:40:00,241.27,241.27,241.08,241.08,-0.08,290.88,69528.48,-1
2022-05-19,2022-05-19 11:50:00,241.08,241.08,240.9,240.9,-0.07,290.88,69528.48,-1
2022-05-19,2022-05-19 12:00:00,240.9,240.9,240.72,240.72,-0.07,290.88,69528.48,-1
2022-05-19,2022-05-19 12:10:00,240.72,240.72,240.53,240.53,-0.08,290.88,69528.48,-1
2022-05-19,2022-05-19 12:20:00,240.53,240.53,240.35,240.35,-0.07,290.88,69528.48,-1
2022-05-19,2022-05-19 12:30:00,240.35,240.35,240.17,240.17,-0.07,290.88,69528.48,-1
2022-05-19,2022-05-19 12:40:00,240.17,240.17,239.98,239.98,-0.08,290.88,69528.48,-1
2022-05-19,2022-05-19 12:50:00,239.98,239.98,239.8,239.8,-0.08,290.88,69528.48,-1
2022-05-19,2022-05-19 13:00:00,239.8,247.0,233.0,239.62,-0.08,290.88,69528.48,-1
2022-05-19,2022-05-19 13:10:00,239.62,239.62,239.43,239.43,-0.08,290.88,69528.48,-1
2022-05-19,2022-05-19 13:20:00,239.43,239.43,239.25,239.25,-0.08,290.88,69528.48,-1
2022-05-19,2022-05-19 13:30:00,239.25,239.25,239.07,239.07,-0.08,290.88,69528.48,-1
2022-05-19,2022-05-19 13:40:00,239.07,239.07,238.88,238.88,-0.08,290.88,69528.48,-1
2022-05-19,2022-05-19 13:50:00,238.88,238.88,238.7,238.7,-0.08,290.88,69528.48,-1
2022-05-19,2022-05-19 14:00:00,238.7,238.7,238.52,238.52,-0.08,290.88,69528.48,-1
2022-05-19,2022-05-19 14:10:00,238.52,238.52,238.33,238.33,-0.08,290.88,69528.48,-1
2022-05-19,2022-05-19 14:20:00,238.33,238.33,238.15,238.15,-0.08,290.88,69528.48,-1
2022-05-19,2022-05-19 14:30:00,238.15,238.15,237.97,237.97,-0.08,290.88,69528.48,-1
2022-05-19,2022-05-19 14:40:00,237.97,237.97,237.78,237.78,-0.08,290.88,69528.48,-1
2022-05-19,2022-05-19 14:50:00,237.78,237.78,237.6,237.6,-0.08,290.88,69528.48,-1
2022-05-19,2022-05-19 15:00:00,237.6,247.0,233.0,237.6,0.0,290.88,69528.48,0
2022-05-20,2022-05-20 11:00:00,233.1,234.57,231.99,232.97,-0.06,418.52,96792.12,-1
2022-05-20,2022-05-20 11:10:00,232.97,232.97,232.84,232.84,-0.06,418.52,96792.12,-1
2022-05-20,2022-05-20 11:20:00,232.84,232.84,232.71,232.71,-0.06,418.52,96792.12,-1
2022-05-20,2022-05-20 11:30:00,232.71,232.71,232.58,232.58,-0.06,418.52,96792.12,-1
2022-05-20,2022-05-20 11:40:00,232.58,232.58,232.45,232.45,-0.06,418.52,96792.12,-1
2022-05-20,2022-05-20 11:50:00,232.45,232.45,232.32,232.32,-0.06,418.52,96792.12,-1
2022-05-20,2022-05-20 12:00:00,232.32,232.32,232.2,232.2,-0.05,418.52,96792.12,-1
2022-05-20,2022-05-20 12:10:00,232.2,232.2,232.07,232.07,-0.06,418.52,96792.12,-1
2022-05-20,2022-05-20 12:20:00,232.07,232.07,231.94,231.94,-0.06,418.52,96792.12,-1
2022-05-20,2022-05-20 12:30:00,231.94,231.94,231.81,231.81,-0.06,418.52,96792.12,-1
2022-05-20,2022-05-20 12:40:00,231.81,231.81,231.68,231.68,-0.06,418.52,96792.12,-1
2022-05-20,2022-05-20 12:50:00,231.68,231.68,231.55,231.55,-0.06,418.52,96792.12,-1
2022-05-20,2022-05-20 13:00:00,231.55,238.0,229.4,231.42,-0.06,418.52,96792.12,-1
2022-05-20,2022-05-20 13:10:00,231.42,231.42,231.29,231.29,-0.06,418.52,96792.12,-1
2022-05-20,2022-05-20 13:20:00,231.29,231.29,231.16,231.16,-0.06,418.52,96792.12,-1
2022-05-20,2022-05-20 13:30:00,231.16,231.16,231.03,231.03,-0.06,418.52,96792.12,-1
2022-05-20,2022-05-20 13:40:00,231.03,231.03,230.9,230.9,-0.06,418.52,96792.12,-1
2022-05-20,2022-05-20 13:50:00,230.9,230.9,230.78,230.78,-0.05,418.52,96792.12,-1
2022-05-20,2022-05-20 14:00:00,230.78,230.78,230.65,230.65,-0.06,418.52,96792.12,-1
2022-05-20,2022-05-20 14:10:00,230.65,230.65,230.52,230.52,-0.06,418.52,96792.12,-1
2022-05-20,2022-05-20 14:20:00,230.52,230.52,230.39,230.39,-0.06,418.52,96792.12,-1
2022-05-20,2022-05-20 14:30:00,230.39,230.39,230.26,230.26,-0.06,418.52,96792.12,-1
2022-05-20,2022-05-20 14:40:00,230.26,230.26,230.13,230.13,-0.06,418.52,96792.12,-1
2022-05-20,2022-05-20 14:50:00,230.13,230.13,230.0,230.0,-0.06,418.52,96792.12,-1
2022-05-20,2022-05-20 15:00:00,230.0,238.0,229.4,230.0,0.0,418.52,96792.12,0
2022-05-23,2022-05-23 11:00:00,226.0,227.2,224.8,225.92,-0.04,492.48,110753.75,-1
2022-05-23,2022-05-23 11:10:00,225.92,225.92,225.83,225.83,-0.04,492.48,110753.75,-1
2022-05-23,2022-05-23 11:20:00,225.83,225.83,225.75,225.75,-0.04,492.48,110753.75,-1
2022-05-23,2022-05-23 11:30:00,225.75,225.75,225.67,225.67,-0.04,492.48,110753.75,-1
2022-05-23,2022-05-23 11:40:00,225.67,225.67,225.58,225.58,-0.04,492.48,110753.75,-1
2022-05-23,2022-05-23 11:50:00,225.58,225.58,225.5,225.5,-0.04,492.48,110753.75,-1
2022-05-23,2022-05-23 12:00:00,225.5,225.5,225.42,225.42,-0.04,492.48,110753.75,-1
2022-05-23,2022-05-23 12:10:00,225.42,225.42,225.33,225.33,-0.04,492.48,110753.75,-1
2022-05-23,2022-05-23 12:20:00,225.33,225.33,225.25,225.25,-0.04,492.48,110753.75,-1
2022-05-23,2022-05-23 12:30:00,225.25,225.25,225.17,225.17,-0.04,492.48,110753.75,-1
2022-05-23,2022-05-23 12:40:00,225.17,225.17,225.08,225.08,-0.04,492.48,110753.75,-1
2022-05-23,2022-05-23 12:50:00,225.08,225.08,225.0,225.0,-0.04,492.48,110753.75,-1
2022-05-23,2022-05-23 13:00:00,225.0,230.0,222.0,224.92,-0.04,492.48,110753.75,-1
2022-05-23,2022-05-23 13:10:00,224.92,224.92,224.83,224.83,-0.04,492.48,110753.75,-1
2022-05-23,2022-05-23 13:20:00,224.83,224.83,224.75,224.75,-0.04,492.48,110753.75,-1
2022-05-23,2022-05-23 13:30:00,224.75,224.75,224.67,224.67,-0.04,492.48,110753.75,-1
2022-05-23,2022-05-23 13:40:00,224.67,224.67,224.58,224.58,-0.04,492.48,110753.75,-1
2022-05-23,2022-05-23 13:50:00,224.58,224.58,224.5,224.5,-0.04,492.48,110753.75,-1
2022-05-23,2022-05-23 14:00:00,224.5,224.5,224.42,224.42,-0.04,492.48,110753.75,-1
2022-05-23,2022-05-23 14:10:00,224.42,224.42,224.33,224.33,-0.04,492.48,110753.75,-1
2022-05-23,2022-05-23 14:20:00,224.33,224.33,224.25,224.25,-0.04,492.48,110753.75,-1
2022-05-23,2022-05-23 14:30:00,224.25,224.25,224.17,224.17,-0.04,492.48,110753.75,-1
2022-05-23,2022-05-23 14:40:00,224.17,224.17,224.08,224.08,-0.04,492.48,110753.75,-1
2022-05-23,2022-05-23 14:50:00,224.08,224.08,224.0,224.0,-0.04,492.48,110753.75,-1
2022-05-23,2022-05-23 15:00:00,224.0,230.0,222.0,224.0,0.0,492.48,110753.75,0
2022-05-24,2022-05-24 11:00:00,221.2,225.91,220.75,221.57,0.17,333.8,76249.18,1
2022-05-24,2022-05-24 11:10:00,221.57,221.93,221.57,221.93,0.16,333.8,76249.18,1
2022-05-24,2022-05-24 11:20:00,221.93,222.3,221.93,222.3,0.17,333.8,76249.18,1
2022-05-24,2022-05-24 11:30:00,222.3,222.67,222.3,222.67,0.17,333.8,76249.18,1
2022-05-24,2022-05-24 11:40:00,222.67,223.03,222.67,223.03,0.16,333.8,76249.18,1
2022-05-24,2022-05-24 11:50:00,223.03,223.4,223.03,223.4,0.17,333.8,76249.18,1
2022-05-24,2022-05-24 12:00:00,223.4,223.77,223.4,223.77,0.17,333.8,76249.18,1
2022-05-24,2022-05-24 12:10:00,223.77,224.13,223.77,224.13,0.16,333.8,76249.18,1
2022-05-24,2022-05-24 12:20:00,224.13,224.5,224.13,224.5,0.17,333.8,76249.18,1
2022-05-24,2022-05-24 12:30:00,224.5,224.87,224.5,224.87,0.16,333.8,76249.18,1
2022-05-24,2022-05-24 12:40:00,224.87,225.23,224.87,225.23,0.16,333.8,76249.18,1
2022-05-24,2022-05-24 12:50:00,225.23,225.6,225.23,225.6,0.16,333.8,76249.18,1
2022-05-24,2022-05-24 13:00:00,225.6,236.9,219.7,225.97,0.16,333.8,76249.18,1
2022-05-24,2022-05-24 13:10:00,225.97,226.33,225.97,226.33,0.16,333.8,76249.18,1
2022-05-24,2022-05-24 13:20:00,226.33,226.7,226.33,226.7,0.16,333.8,76249.18,1
2022-05-24,2022-05-24 13:30:00,226.7,227.07,226.7,227.07,0.16,333.8,76249.18,1
2022-05-24,2022-05-24 13:40:00,227.07,227.43,227.07,227.43,0.16,333.8,76249.18,1
2022-05-24,2022-05-24 13:50:00,227.43,227.8,227.43,227.8,0.16,333.8,76249.18,1
2022-05-24,2022-05-24 14:00:00,227.8,228.17,227.8,228.17,0.16,333.8,76249.18,1
2022-05-24,2022-05-24 14:10:00,228.17,228.53,228.17,228.53,0.16,333.8,76249.18,1
2022-05-24,2022-05-24 14:20:00,228.53,228.9,228.53,228.9,0.16,333.8,76249.18,1
2022-05-24,2022-05-24 14:30:00,228.9,229.27,228.9,229.27,0.16,333.8,76249.18,1
2022-05-24,2022-05-24 14:40:00,229.27,229.63,229.27,229.63,0.16,333.8,76249.18,1
2022-05-24,2022-05-24 14:50:00,229.63,230.0,229.63,230.0,0.16,333.8,76249.18,1
2022-05-24,2022-05-24 15:00:00,230.0,236.9,219.7,230.0,0.0,333.8,76249.18,0
2022-05-25,2022-05-25 11:00:00,234.0,234.3,232.8,233.87,-0.06,353.44,82258.38,-1
2022-05-25,2022-05-25 11:10:00,233.87,233.87,233.74,233.74,-0.06,353.44,82258.38,-1
2022-05-25,2022-05-25 11:20:00,233.74,233.74,233.61,233.61,-0.06,353.44,82258.38,-1
2022-05-25,2022-05-25 11:30:00,233.61,233.61,233.48,233.48,-0.06,353.44,82258.38,-1
2022-05-25,2022-05-25 11:40:00,233.48,233.48,233.35,233.35,-0.06,353.44,82258.38,-1
2022-05-25,2022-05-25 11:50:00,233.35,233.35,233.22,233.22,-0.06,353.44,82258.38,-1
2022-05-25,2022-05-25 12:00:00,233.22,233.22,233.1,233.1,-0.05,353.44,82258.38,-1
2022-05-25,2022-05-25 12:10:00,233.1,233.1,232.97,232.97,-0.06,353.44,82258.38,-1
2022-05-25,2022-05-25 12:20:00,232.97,232.97,232.84,232.84,-0.06,353.44,82258.38,-1
2022-05-25,2022-05-25 12:30:00,232.84,232.84,232.71,232.71,-0.06,353.44,82258.38,-1
2022-05-25,2022-05-25 12:40:00,232.71,232.71,232.58,232.58,-0.06,353.44,82258.38,-1
2022-05-25,2022-05-25 12:50:00,232.58,232.58,232.45,232.45,-0.06,353.44,82258.38,-1
2022-05-25,2022-05-25 13:00:00,232.45,235.0,230.0,232.32,-0.06,353.44,82258.38,-1
2022-05-25,2022-05-25 13:10:00,232.32,232.32,232.19,232.19,-0.06,353.44,82258.38,-1
2022-05-25,2022-05-25 13:20:00,232.19,232.19,232.06,232.06,-0.06,353.44,82258.38,-1
2022-05-25,2022-05-25 13:30:00,232.06,232.06,231.93,231.93,-0.06,353.44,82258.38,-1
2022-05-25,2022-05-25 13:40:00,231.93,231.93,231.8,231.8,-0.06,353.44,82258.38,-1
2022-05-25,2022-05-25 13:50:00,231.8,231.8,231.68,231.68,-0.05,353.44,82258.38,-1
2022-05-25,2022-05-25 14:00:00,231.68,231.68,231.55,231.55,-0.06,353.44,82258.38,-1
2022-05-25,2022-05-25 14:10:00,231.55,231.55,231.42,231.42,-0.06,353.44,82258.38,-1
2022-05-25,2022-05-25 14:20:00,231.42,231.42,231.29,231.29,-0.06,353.44,82258.38,-1
2022-05-25,2022-05-25 14:30:00,231.29,231.29,231.16,231.16,-0.06,353.44,82258.38,-1
2022-05-25,2022-05-25 14:40:00,231.16,231.16,231.03,231.03,-0.06,353.44,82258.38,-1
2022-05-25,2022-05-25 14:50:00,231.03,231.03,230.9,230.9,-0.06,353.44,82258.38,-1
2022-05-25,2022-05-25 15:00:00,230.9,235.0,230.0,230.9,0.0,353.44,82258.38,0
2022-05-26,2022-05-26 11:00:00,234.9,235.08,232.98,234.74,-0.07,325.88,75620.84,-1
2022-05-26,2022-05-26 11:10:00,234.74,234.74,234.58,234.58,-0.07,325.88,75620.84,-1
2022-05-26,2022-05-26 11:20:00,234.58,234.58,234.41,234.41,-0.07,325.88,75620.84,-1
2022-05-26,2022-05-26 11:30:00,234.41,234.41,234.25,234.25,-0.07,325.88,75620.84,-1
2022-05-26,2022-05-26 11:40:00,234.25,234.25,234.09,234.09,-0.07,325.88,75620.84,-1
2022-05-26,2022-05-26 11:50:00,234.09,234.09,233.93,233.93,-0.07,325.88,75620.84,-1
2022-05-26,2022-05-26 12:00:00,233.93,233.93,233.76,233.76,-0.07,325.88,75620.84,-1
2022-05-26,2022-05-26 12:10:00,233.76,233.76,233.6,233.6,-0.07,325.88,75620.84,-1
2022-05-26,2022-05-26 12:20:00,233.6,233.6,233.44,233.44,-0.07,325.88,75620.84,-1
2022-05-26,2022-05-26 12:30:00,233.44,233.44,233.28,233.28,-0.07,325.88,75620.84,-1
2022-05-26,2022-05-26 12:40:00,233.28,233.28,233.11,233.11,-0.07,325.88,75620.84,-1
2022-05-26,2022-05-26 12:50:00,233.11,233.11,232.95,232.95,-0.07,325.88,75620.84,-1
2022-05-26,2022-05-26 13:00:00,232.95,235.5,228.5,232.79,-0.07,325.88,75620.84,-1
2022-05-26,2022-05-26 13:10:00,232.79,232.79,232.62,232.62,-0.07,325.88,75620.84,-1
2022-05-26,2022-05-26 13:20:00,232.62,232.62,232.46,232.46,-0.07,325.88,75620.84,-1
2022-05-26,2022-05-26 13:30:00,232.46,232.46,232.3,232.3,-0.07,325.88,75620.84,-1
2022-05-26,2022-05-26 13:40:00,232.3,232.3,232.14,232.14,-0.07,325.88,75620.84,-1
2022-05-26,2022-05-26 13:50:00,232.14,232.14,231.97,231.97,-0.07,325.88,75620.84,-1
2022-05-26,2022-05-26 14:00:00,231.97,231.97,231.81,231.81,-0.07,325.88,75620.84,-1
2022-05-26,2022-05-26 14:10:00,231.81,231.81,231.65,231.65,-0.07,325.88,75620.84,-1
2022-05-26,2022-05-26 14:20:00,231.65,231.65,231.49,231.49,-0.07,325.88,75620.84,-1
2022-05-26,2022-05-26 14:30:00,231.49,231.49,231.32,231.32,-0.07,325.88,75620.84,-1
2022-05-26,2022-05-26 14:40:00,231.32,231.32,231.16,231.16,-0.07,325.88,75620.84,-1
2022-05-26,2022-05-26 14:50:00,231.16,231.16,231.0,231.0,-0.07,325.88,75620.84,-1
2022-05-26,2022-05-26 15:00:00,231.0,235.5,228.5,231.0,0.0,325.88,75620.84,0
2022-05-27,2022-05-27 11:00:00,230.0,230.0,228.5,229.85,-0.07,330.8,74828.66,-1
2022-05-27,2022-05-27 11:10:00,229.85,229.85,229.71,229.71,-0.06,330.8,74828.66,-1
2022-05-27,2022-05-27 11:20:00,229.71,229.71,229.56,229.56,-0.07,330.8,74828.66,-1
2022-05-27,2022-05-27 11:30:00,229.56,229.56,229.42,229.42,-0.06,330.8,74828.66,-1
2022-05-27,2022-05-27 11:40:00,229.42,229.42,229.27,229.27,-0.07,330.8,74828.66,-1
2022-05-27,2022-05-27 11:50:00,229.27,229.27,229.12,229.12,-0.07,330.8,74828.66,-1
2022-05-27,2022-05-27 12:00:00,229.12,229.12,228.98,228.98,-0.06,330.8,74828.66,-1
2022-05-27,2022-05-27 12:10:00,228.98,228.98,228.83,228.83,-0.07,330.8,74828.66,-1
2022-05-27,2022-05-27 12:20:00,228.83,228.83,228.69,228.69,-0.06,330.8,74828.66,-1
2022-05-27,2022-05-27 12:30:00,228.69,228.69,228.54,228.54,-0.07,330.8,74828.66,-1
2022-05-27,2022-05-27 12:40:00,228.54,228.54,228.4,228.4,-0.06,330.8,74828.66,-1
2022-05-27,2022-05-27 12:50:00,228.4,228.4,228.25,228.25,-0.07,330.8,74828.66,-1
2022-05-27,2022-05-27 13:00:00,228.25,230.0,225.0,228.1,-0.07,330.8,74828.66,-1
2022-05-27,2022-05-27 13:10:00,228.1,228.1,227.96,227.96,-0.06,330.8,74828.66,-1
2022-05-27,2022-05-27 13:20:00,227.96,227.96,227.81,227.81,-0.07,330.8,74828.66,-1
2022-05-27,2022-05-27 13:30:00,227.81,227.81,227.67,227.67,-0.06,330.8,74828.66,-1
2022-05-27,2022-05-27 13:40:00,227.67,227.67,227.52,227.52,-0.07,330.8,74828.66,-1
2022-05-27,2022-05-27 13:50:00,227.52,227.52,227.38,227.38,-0.06,330.8,74828.66,-1
2022-05-27,2022-05-27 14:00:00,227.38,227.38,227.23,227.23,-0.07,330.8,74828.66,-1
2022-05-27,2022-05-27 14:10:00,227.23,227.23,227.08,227.08,-0.07,330.8,74828.66,-1
2022-05-27,2022-05-27 14:20:00,227.08,227.08,226.94,226.94,-0.06,330.8,74828.66,-1
2022-05-27,2022-05-27 14:30:00,226.94,226.94,226.79,226.79,-0.07,330.8,74828.66,-1
2022-05-27,2022-05-27 14:40:00,226.79,226.79,226.65,226.65,-0.06,330.8,74828.66,-1
2022-05-27,2022-05-27 14:50:00,226.65,226.65,226.5,226.5,-0.07,330.8,74828.66,-1
2022-05-27,2022-05-27 15:00:00,226.5,230.0,225.0,226.5,0.0,330.8,74828.66,0
2022-05-30,2022-05-30 11:00:00,231.0,231.0,227.7,230.58,-0.18,332.0,73690.32,-1
2022-05-30,2022-05-30 11:10:00,230.58,230.58,230.17,230.17,-0.18,332.0,73690.32,-1
2022-05-30,2022-05-30 11:20:00,230.17,230.17,229.75,229.75,-0.18,332.0,73690.32,-1
2022-05-30,2022-05-30 11:30:00,229.75,229.75,229.33,229.33,-0.18,332.0,73690.32,-1
2022-05-30,2022-05-30 11:40:00,229.33,229.33,228.92,228.92,-0.18,332.0,73690.32,-1
2022-05-30,2022-05-30 11:50:00,228.92,228.92,228.5,228.5,-0.18,332.0,73690.32,-1
2022-05-30,2022-05-30 12:00:00,228.5,228.5,228.08,228.08,-0.18,332.0,73690.32,-1
2022-05-30,2022-05-30 12:10:00,228.08,228.08,227.67,227.67,-0.18,332.0,73690.32,-1
2022-05-30,2022-05-30 12:20:00,227.67,227.67,227.25,227.25,-0.18,332.0,73690.32,-1
2022-05-30,2022-05-30 12:30:00,227.25,227.25,226.83,226.83,-0.18,332.0,73690.32,-1
2022-05-30,2022-05-30 12:40:00,226.83,226.83,226.42,226.42,-0.18,332.0,73690.32,-1
2022-05-30,2022-05-30 12:50:00,226.42,226.42,226.0,226.0,-0.19,332.0,73690.32,-1
2022-05-30,2022-05-30 13:00:00,226.0,231.0,220.0,225.58,-0.19,332.0,73690.32,-1
2022-05-30,2022-05-30 13:10:00,225.58,225.58,225.17,225.17,-0.18,332.0,73690.32,-1
2022-05-30,2022-05-30 13:20:00,225.17,225.17,224.75,224.75,-0.19,332.0,73690.32,-1
2022-05-30,2022-05-30 13:30:00,224.75,224.75,224.33,224.33,-0.19,332.0,73690.32,-1
2022-05-30,2022-05-30 13:40:00,224.33,224.33,223.92,223.92,-0.18,332.0,73690.32,-1
2022-05-30,2022-05-30 13:50:00,223.92,223.92,223.5,223.5,-0.19,332.0,73690.32,-1
2022-05-30,2022-05-30 14:00:00,223.5,223.5,223.08,223.08,-0.19,332.0,73690.32,-1
2022-05-30,2022-05-30 14:10:00,223.08,223.08,222.67,222.67,-0.18,332.0,73690.32,-1
2022-05-30,2022-05-30 14:20:00,222.67,222.67,222.25,222.25,-0.19,332.0,73690.32,-1
2022-05-30,2022-05-30 14:30:00,222.25,222.25,221.83,221.83,-0.19,332.0,73690.32,-1
2022-05-30,2022-05-30 14:40:00,221.83,221.83,221.42,221.42,-0.18,332.0,73690.32,-1
2022-05-30,2022-05-30 14:50:00,221.42,221.42,221.0,221.0,-0.19,332.0,73690.32,-1
2022-05-30,2022-05-30 15:00:00,221.0,231.0,220.0,221.0,0.0,332.0,73690.32,0
2022-05-31,2022-05-31 11:00:00,217.2,219.54,216.84,217.36,0.07,271.44,59857.36,1
2022-05-31,2022-05-31 11:10:00,217.36,217.52,217.36,217.52,0.07,271.44,59857.36,1
2022-05-31,2022-05-31 11:20:00,217.52,217.67,217.52,217.67,0.07,271.44,59857.36,1
2022-05-31,2022-05-31 11:30:00,217.67,217.83,217.67,217.83,0.07,271.44,59857.36,1
2022-05-31,2022-05-31 11:40:00,217.83,217.99,217.83,217.99,0.07,271.44,59857.36,1
2022-05-31,2022-05-31 11:50:00,217.99,218.15,217.99,218.15,0.07,271.44,59857.36,1
2022-05-31,2022-05-31 12:00:00,218.15,218.31,218.15,218.31,0.07,271.44,59857.36,1
2022-05-31,2022-05-31 12:10:00,218.31,218.47,218.31,218.47,0.07,271.44,59857.36,1
2022-05-31,2022-05-31 12:20:00,218.47,218.62,218.47,218.62,0.07,271.44,59857.36,1
2022-05-31,2022-05-31 12:30:00,218.62,218.78,218.62,218.78,0.07,271.44,59857.36,1
2022-05-31,2022-05-31 12:40:00,218.78,218.94,218.78,218.94,0.07,271.44,59857.36,1
2022-05-31,2022-05-31 12:50:00,218.94,219.1,218.94,219.1,0.07,271.44,59857.36,1
2022-05-31,2022-05-31 13:00:00,219.1,225.0,216.0,219.26,0.07,271.44,59857.36,1
2022-05-31,2022-05-31 13:10:00,219.26,219.42,219.26,219.42,0.07,271.44,59857.36,1
2022-05-31,2022-05-31 13:20:00,219.42,219.57,219.42,219.57,0.07,271.44,59857.36,1
2022-05-31,2022-05-31 13:30:00,219.57,219.73,219.57,219.73,0.07,271.44,59857.36,1
2022-05-31,2022-05-31 13:40:00,219.73,219.89,219.73,219.89,0.07,271.44,59857.36,1
2022-05-31,2022-05-31 13:50:00,219.89,220.05,219.89,220.05,0.07,271.44,59857.36,1
2022-05-31,2022-05-31 14:00:00,220.05,220.21,220.05,220.21,0.07,271.44,59857.36,1
2022-05-31,2022-05-31 14:10:00,220.21,220.37,220.21,220.37,0.07,271.44,59857.36,1
2022-05-31,2022-05-31 14:20:00,220.37,220.53,220.37,220.53,0.07,271.44,59857.36,1
2022-05-31,2022-05-31 14:30:00,220.53,220.68,220.53,220.68,0.07,271.44,59857.36,1
2022-05-31,2022-05-31 14:40:00,220.68,220.84,220.68,220.84,0.07,271.44,59857.36,1
2022-05-31,2022-05-31 14:50:00,220.84,221.0,220.84,221.0,0.07,271.44,59857.36,1
2022-05-31,2022-05-31 15:00:00,221.0,225.0,216.0,221.0,0.0,271.44,59857.36,0
2022-06-01,2022-06-01 11:00:00,217.0,219.7,217.0,217.22,0.1,360.88,79867.1,1
2022-06-01,2022-06-01 11:10:00,217.22,217.45,217.22,217.45,0.11,360.88,79867.1,1
2022-06-01,2022-06-01 11:20:00,217.45,217.68,217.45,217.68,0.11,360.88,79867.1,1
2022-06-01,2022-06-01 11:30:00,217.68,217.9,217.68,217.9,0.1,360.88,79867.1,1
2022-06-01,2022-06-01 11:40:00,217.9,218.12,217.9,218.12,0.1,360.88,79867.1,1
2022-06-01,2022-06-01 11:50:00,218.12,218.35,218.12,218.35,0.11,360.88,79867.1,1
2022-06-01,2022-06-01 12:00:00,218.35,218.57,218.35,218.57,0.1,360.88,79867.1,1
2022-06-01,2022-06-01 12:10:00,218.57,218.8,218.57,218.8,0.11,360.88,79867.1,1
2022-06-01,2022-06-01 12:20:00,218.8,219.03,218.8,219.03,0.11,360.88,79867.1,1
2022-06-01,2022-06-01 12:30:00,219.03,219.25,219.03,219.25,0.1,360.88,79867.1,1
2022-06-01,2022-06-01 12:40:00,219.25,219.47,219.25,219.47,0.1,360.88,79867.1,1
2022-06-01,2022-06-01 12:50:00,219.47,219.7,219.47,219.7,0.1,360.88,79867.1,1
2022-06-01,2022-06-01 13:00:00,219.7,226.0,217.0,219.93,0.1,360.88,79867.1,1
2022-06-01,2022-06-01 13:10:00,219.93,220.15,219.93,220.15,0.1,360.88,79867.1,1
2022-06-01,2022-06-01 13:20:00,220.15,220.38,220.15,220.38,0.1,360.88,79867.1,1
2022-06-01,2022-06-01 13:30:00,220.38,220.6,220.38,220.6,0.1,360.88,79867.1,1
2022-06-01,2022-06-01 13:40:00,220.6,220.83,220.6,220.83,0.1,360.88,79867.1,1
2022-06-01,2022-06-01 13:50:00,220.83,221.05,220.83,221.05,0.1,360.88,79867.1,1
2022-06-01,2022-06-01 14:00:00,221.05,221.28,221.05,221.28,0.1,360.88,79867.1,1
2022-06-01,2022-06-01 14:10:00,221.28,221.5,221.28,221.5,0.1,360.88,79867.1,1
2022-06-01,2022-06-01 14:20:00,221.5,221.72,221.5,221.72,0.1,360.88,79867.1,1
2022-06-01,2022-06-01 14:30:00,221.72,221.95,221.72,221.95,0.1,360.88,79867.1,1
2022-06-01,2022-06-01 14:40:00,221.95,222.18,221.95,222.18,0.1,360.88,79867.1,1
2022-06-01,2022-06-01 14:50:00,222.18,222.4,222.18,222.4,0.1,360.88,79867.1,1
2022-06-01,2022-06-01 15:00:00,222.4,226.0,217.0,222.4,0.0,360.88,79867.1,0
2022-06-02,2022-06-02 11:00:00,222.0,223.44,222.0,222.12,0.05,219.28,49081.47,1
2022-06-02,2022-06-02 11:10:00,222.12,222.23,222.12,222.23,0.05,219.28,49081.47,1
2022-06-02,2022-06-02 11:20:00,222.23,222.35,222.23,222.35,0.05,219.28,49081.47,1
2022-06-02,2022-06-02 11:30:00,222.35,222.47,222.35,222.47,0.05,219.28,49081.47,1
2022-06-02,2022-06-02 11:40:00,222.47,222.58,222.47,222.58,0.05,219.28,49081.47,1
2022-06-02,2022-06-02 11:50:00,222.58,222.7,222.58,222.7,0.05,219.28,49081.47,1
2022-06-02,2022-06-02 12:00:00,222.7,222.82,222.7,222.82,0.05,219.28,49081.47,1
2022-06-02,2022-06-02 12:10:00,222.82,222.93,222.82,222.93,0.05,219.28,49081.47,1
2022-06-02,2022-06-02 12:20:00,222.93,223.05,222.93,223.05,0.05,219.28,49081.47,1
2022-06-02,2022-06-02 12:30:00,223.05,223.17,223.05,223.17,0.05,219.28,49081.47,1
2022-06-02,2022-06-02 12:40:00,223.17,223.28,223.17,223.28,0.05,219.28,49081.47,1
2022-06-02,2022-06-02 12:50:00,223.28,223.4,223.28,223.4,0.05,219.28,49081.47,1
2022-06-02,2022-06-02 13:00:00,223.4,226.8,222.0,223.52,0.05,219.28,49081.47,1
2022-06-02,2022-06-02 13:10:00,223.52,223.63,223.52,223.63,0.05,219.28,49081.47,1
2022-06-02,2022-06-02 13:20:00,223.63,223.75,223.63,223.75,0.05,219.28,49081.47,1
2022-06-02,2022-06-02 13:30:00,223.75,223.87,223.75,223.87,0.05,219.28,49081.47,1
2022-06-02,2022-06-02 13:40:00,223.87,223.98,223.87,223.98,0.05,219.28,49081.47,1
2022-06-02,2022-06-02 13:50:00,223.98,224.1,223.98,224.1,0.05,219.28,49081.47,1
2022-06-02,2022-06-02 14:00:00,224.1,224.22,224.1,224.22,0.05,219.28,49081.47,1
2022-06-02,2022-06-02 14:10:00,224.22,224.33,224.22,224.33,0.05,219.28,49081.47,1
2022-06-02,2022-06-02 14:20:00,224.33,224.45,224.33,224.45,0.05,219.28,49081.47,1
2022-06-02,2022-06-02 14:30:00,224.45,224.57,224.45,224.57,0.05,219.28,49081.47,1
2022-06-02,2022-06-02 14:40:00,224.57,224.68,224.57,224.68,0.05,219.28,49081.47,1
2022-06-02,2022-06-02 14:50:00,224.68,224.8,224.68,224.8,0.05,219.28,49081.47,1
2022-06-02,2022-06-02 15:00:00,224.8,226.8,222.0,224.8,0.0,219.28,49081.47,0
2022-06-03,2022-06-03 11:00:00,224.0,224.0,222.5,223.88,-0.05,343.0,75376.49,-1
2022-06-03,2022-06-03 11:10:00,223.88,223.88,223.75,223.75,-0.06,343.0,75376.49,-1
2022-06-03,2022-06-03 11:20:00,223.75,223.75,223.62,223.62,-0.06,343.0,75376.49,-1
2022-06-03,2022-06-03 11:30:00,223.62,223.62,223.5,223.5,-0.05,343.0,75376.49,-1
2022-06-03,2022-06-03 11:40:00,223.5,223.5,223.38,223.38,-0.05,343.0,75376.49,-1
2022-06-03,2022-06-03 11:50:00,223.38,223.38,223.25,223.25,-0.06,343.0,75376.49,-1
2022-06-03,2022-06-03 12:00:00,223.25,223.25,223.12,223.12,-0.06,343.0,75376.49,-1
2022-06-03,2022-06-03 12:10:00,223.12,223.12,223.0,223.0,-0.05,343.0,75376.49,-1
2022-06-03,2022-06-03 12:20:00,223.0,223.0,222.88,222.88,-0.05,343.0,75376.49,-1
2022-06-03,2022-06-03 12:30:00,222.88,222.88,222.75,222.75,-0.06,343.0,75376.49,-1
2022-06-03,2022-06-03 12:40:00,222.75,222.75,222.62,222.62,-0.06,343.0,75376.49,-1
2022-06-03,2022-06-03 12:50:00,222.62,222.62,222.5,222.5,-0.05,343.0,75376.49,-1
2022-06-03,2022-06-03 13:00:00,222.5,224.0,219.0,222.38,-0.05,343.0,75376.49,-1
2022-06-03,2022-06-03 13:10:00,222.38,222.38,222.25,222.25,-0.06,343.0,75376.49,-1
2022-06-03,2022-06-03 13:20:00,222.25,222.25,222.12,222.12,-0.06,343.0,75376.49,-1
2022-06-03,2022-06-03 13:30:00,222.12,222.12,222.0,222.0,-0.05,343.0,75376.49,-1
2022-06-03,2022-06-03 13:40:00,222.0,222.0,221.88,221.88,-0.05,343.0,75376.49,-1
2022-06-03,2022-06-03 13:50:00,221.88,221.88,221.75,221.75,-0.06,343.0,75376.49,-1
2022-06-03,2022-06-03 14:00:00,221.75,221.75,221.62,221.62,-0.06,343.0,75376.49,-1
2022-06-03,2022-06-03 14:10:00,221.62,221.62,221.5,221.5,-0.05,343.0,75376.49,-1
2022-06-03,2022-06-03 14:20:00,221.5,221.5,221.38,221.38,-0.05,343.0,75376.49,-1
2022-06-03,2022-06-03 14:30:00,221.38,221.38,221.25,221.25,-0.06,343.0,75376.49,-1
2022-06-03,2022-06-03 14:40:00,221.25,221.25,221.12,221.12,-0.06,343.0,75376.49,-1
2022-06-03,2022-06-03 14:50:00,221.12,221.12,221.0,221.0,-0.05,343.0,75376.49,-1
2022-06-03,2022-06-03 15:00:00,221.0,224.0,219.0,221.0,0.0,343.0,75376.49,0
2022-06-06,2022-06-06 11:00:00,225.3,225.63,223.71,225.08,-0.1,233.08,51886.84,-1
2022-06-06,2022-06-06 11:10:00,225.08,225.08,224.87,224.87,-0.09,233.08,51886.84,-1
2022-06-06,2022-06-06 11:20:00,224.87,224.87,224.65,224.65,-0.1,233.08,51886.84,-1
2022-06-06,2022-06-06 11:30:00,224.65,224.65,224.43,224.43,-0.1,233.08,51886.84,-1
2022-06-06,2022-06-06 11:40:00,224.43,224.43,224.22,224.22,-0.09,233.08,51886.84,-1
2022-06-06,2022-06-06 11:50:00,224.22,224.22,224.0,224.0,-0.1,233.08,51886.84,-1
2022-06-06,2022-06-06 12:00:00,224.0,224.0,223.78,223.78,-0.1,233.08,51886.84,-1
2022-06-06,2022-06-06 12:10:00,223.78,223.78,223.57,223.57,-0.09,233.08,51886.84,-1
2022-06-06,2022-06-06 12:20:00,223.57,223.57,223.35,223.35,-0.1,233.08,51886.84,-1
2022-06-06,2022-06-06 12:30:00,223.35,223.35,223.13,223.13,-0.1,233.08,51886.84,-1
2022-06-06,2022-06-06 12:40:00,223.13,223.13,222.92,222.92,-0.09,233.08,51886.84,-1
2022-06-06,2022-06-06 12:50:00,222.92,222.92,222.7,222.7,-0.1,233.08,51886.84,-1
2022-06-06,2022-06-06 13:00:00,222.7,226.4,220.0,222.48,-0.1,233.08,51886.84,-1
2022-06-06,2022-06-06 13:10:00,222.48,222.48,222.27,222.27,-0.09,233.08,51886.84,-1
2022-06-06,2022-06-06 13:20:00,222.27,222.27,222.05,222.05,-0.1,233.08,51886.84,-1
2022-06-06,2022-06-06 13:30:00,222.05,222.05,221.83,221.83,-0.1,233.08,51886.84,-1
2022-06-06,2022-06-06 13:40:00,221.83,221.83,221.62,221.62,-0.09,233.08,51886.84,-1
2022-06-06,2022-06-06 13:50:00,221.62,221.62,221.4,221.4,-0.1,233.08,51886.84,-1
2022-06-06,2022-06-06 14:00:00,221.4,221.4,221.18,221.18,-0.1,233.08,51886.84,-1
2022-06-06,2022-06-06 14:10:00,221.18,221.18,220.97,220.97,-0.09,233.08,51886.84,-1
2022-06-06,2022-06-06 14:20:00,220.97,220.97,220.75,220.75,-0.1,233.08,51886.84,-1
2022-06-06,2022-06-06 14:30:00,220.75,220.75,220.53,220.53,-0.1,233.08,51886.84,-1
2022-06-06,2022-06-06 14:40:00,220.53,220.53,220.32,220.32,-0.1,233.08,51886.84,-1
2022-06-06,2022-06-06 14:50:00,220.32,220.32,220.1,220.1,-0.1,233.08,51886.84,-1
2022-06-06,2022-06-06 15:00:00,220.1,226.4,220.0,220.1,0.0,233.08,51886.84,0
2022-06-07,2022-06-07 11:00:00,219.2,219.44,217.94,219.02,-0.08,321.6,69678.1,-1
2022-06-07,2022-06-07 11:10:00,219.02,219.02,218.85,218.85,-0.08,321.6,69678.1,-1
2022-06-07,2022-06-07 11:20:00,218.85,218.85,218.67,218.67,-0.08,321.6,69678.1,-1
2022-06-07,2022-06-07 11:30:00,218.67,218.67,218.5,218.5,-0.08,321.6,69678.1,-1
2022-06-07,2022-06-07 11:40:00,218.5,218.5,218.32,218.32,-0.08,321.6,69678.1,-1
2022-06-07,2022-06-07 11:50:00,218.32,218.32,218.15,218.15,-0.08,321.6,69678.1,-1
2022-06-07,2022-06-07 12:00:00,218.15,218.15,217.97,217.97,-0.08,321.6,69678.1,-1
2022-06-07,2022-06-07 12:10:00,217.97,217.97,217.8,217.8,-0.08,321.6,69678.1,-1
2022-06-07,2022-06-07 12:20:00,217.8,217.8,217.62,217.62,-0.08,321.6,69678.1,-1
2022-06-07,2022-06-07 12:30:00,217.62,217.62,217.45,217.45,-0.08,321.6,69678.1,-1
2022-06-07,2022-06-07 12:40:00,217.45,217.45,217.28,217.28,-0.08,321.6,69678.1,-1
2022-06-07,2022-06-07 12:50:00,217.28,217.28,217.1,217.1,-0.08,321.6,69678.1,-1
2022-06-07,2022-06-07 13:00:00,217.1,220.0,215.0,216.92,-0.08,321.6,69678.1,-1
2022-06-07,2022-06-07 13:10:00,216.92,216.92,216.75,216.75,-0.08,321.6,69678.1,-1
2022-06-07,2022-06-07 13:20:00,216.75,216.75,216.57,216.57,-0.08,321.6,69678.1,-1
2022-06-07,2022-06-07 13:30:00,216.57,216.57,216.4,216.4,-0.08,321.6,69678.1,-1
2022-06-07,2022-06-07 13:40:00,216.4,216.4,216.22,216.22,-0.08,321.6,69678.1,-1
2022-06-07,2022-06-07 13:50:00,216.22,216.22,216.05,216.05,-0.08,321.6,69678.1,-1
2022-06-07,2022-06-07 14:00:00,216.05,216.05,215.88,215.88,-0.08,321.6,69678.1,-1
2022-06-07,2022-06-07 14:10:00,215.88,215.88,215.7,215.7,-0.08,321.6,69678.1,-1
2022-06-07,2022-06-07 14:20:00,215.7,215.7,215.53,215.53,-0.08,321.6,69678.1,-1
2022-06-07,2022-06-07 14:30:00,215.53,215.53,215.35,215.35,-0.08,321.6,69678.1,-1
2022-06-07,2022-06-07 14:40:00,215.35,215.35,215.18,215.18,-0.08,321.6,69678.1,-1
2022-06-07,2022-06-07 14:50:00,215.18,215.18,215.0,215.0,-0.08,321.6,69678.1,-1
2022-06-07,2022-06-07 15:00:00,215.0,220.0,215.0,215.0,0.0,321.6,69678.1,0
2022-06-08,2022-06-08 11:00:00,213.0,217.5,212.4,213.5,0.23,621.48,137525.22,1
2022-06-08,2022-06-08 11:10:00,213.5,214.0,213.5,214.0,0.23,621.48,137525.22,1
2022-06-08,2022-06-08 11:20:00,214.0,214.5,214.0,214.5,0.23,621.48,137525.22,1
2022-06-08,2022-06-08 11:30:00,214.5,215.0,214.5,215.0,0.23,621.48,137525.22,1
2022-06-08,2022-06-08 11:40:00,215.0,215.5,215.0,215.5,0.23,621.48,137525.22,1
2022-06-08,2022-06-08 11:50:00,215.5,216.0,215.5,216.0,0.23,621.48,137525.22,1
2022-06-08,2022-06-08 12:00:00,216.0,216.5,216.0,216.5,0.23,621.48,137525.22,1
2022-06-08,2022-06-08 12:10:00,216.5,217.0,216.5,217.0,0.23,621.48,137525.22,1
2022-06-08,2022-06-08 12:20:00,217.0,217.5,217.0,217.5,0.23,621.48,137525.22,1
2022-06-08,2022-06-08 12:30:00,217.5,218.0,217.5,218.0,0.23,621.48,137525.22,1
2022-06-08,2022-06-08 12:40:00,218.0,218.5,218.0,218.5,0.23,621.48,137525.22,1
2022-06-08,2022-06-08 12:50:00,218.5,219.0,218.5,219.0,0.23,621.48,137525.22,1
2022-06-08,2022-06-08 13:00:00,219.0,228.0,211.0,219.5,0.23,621.48,137525.22,1
2022-06-08,2022-06-08 13:10:00,219.5,220.0,219.5,220.0,0.23,621.48,137525.22,1
2022-06-08,2022-06-08 13:20:00,220.0,220.5,220.0,220.5,0.23,621.48,137525.22,1
2022-06-08,2022-06-08 13:30:00,220.5,221.0,220.5,221.0,0.23,621.48,137525.22,1
2022-06-08,2022-06-08 13:40:00,221.0,221.5,221.0,221.5,0.23,621.48,137525.22,1
2022-06-08,2022-06-08 13:50:00,221.5,222.0,221.5,222.0,0.23,621.48,137525.22,1
2022-06-08,2022-06-08 14:00:00,222.0,222.5,222.0,222.5,0.23,621.48,137525.22,1
2022-06-08,2022-06-08 14:10:00,222.5,223.0,222.5,223.0,0.22,621.48,137525.22,1
2022-06-08,2022-06-08 14:20:00,223.0,223.5,223.0,223.5,0.22,621.48,137525.22,1
2022-06-08,2022-06-08 14:30:00,223.5,224.0,223.5,224.0,0.22,621.48,137525.22,1
2022-06-08,2022-06-08 14:40:00,224.0,224.5,224.0,224.5,0.22,621.48,137525.22,1
2022-06-08,2022-06-08 14:50:00,224.5,225.0,224.5,225.0,0.22,621.48,137525.22,1
2022-06-08,2022-06-08 15:00:00,225.0,228.0,211.0,225.0,0.0,621.48,137525.22,0
2022-06-09,2022-06-09 11:00:00,229.5,230.55,225.84,229.16,-0.15,219.76,49647.18,-1
2022-06-09,2022-06-09 11:10:00,229.16,229.16,228.82,228.82,-0.15,219.76,49647.18,-1
2022-06-09,2022-06-09 11:20:00,228.82,228.82,228.49,228.49,-0.14,219.76,49647.18,-1
2022-06-09,2022-06-09 11:30:00,228.49,228.49,228.15,228.15,-0.15,219.76,49647.18,-1
2022-06-09,2022-06-09 11:40:00,228.15,228.15,227.81,227.81,-0.15,219.76,49647.18,-1
2022-06-09,2022-06-09 11:50:00,227.81,227.81,227.47,227.47,-0.15,219.76,49647.18,-1
2022-06-09,2022-06-09 12:00:00,227.47,227.47,227.14,227.14,-0.15,219.76,49647.18,-1
2022-06-09,2022-06-09 12:10:00,227.14,227.14,226.8,226.8,-0.15,219.76,49647.18,-1
2022-06-09,2022-06-09 12:20:00,226.8,226.8,226.46,226.46,-0.15,219.76,49647.18,-1
2022-06-09,2022-06-09 12:30:00,226.46,226.46,226.12,226.12,-0.15,219.76,49647.18,-1
2022-06-09,2022-06-09 12:40:00,226.12,226.12,225.79,225.79,-0.15,219.76,49647.18,-1
2022-06-09,2022-06-09 12:50:00,225.79,225.79,225.45,225.45,-0.15,219.76,49647.18,-1
2022-06-09,2022-06-09 13:00:00,225.45,233.0,217.3,225.11,-0.15,219.76,49647.18,-1
2022-06-09,2022-06-09 13:10:00,225.11,225.11,224.78,224.78,-0.15,219.76,49647.18,-1
2022-06-09,2022-06-09 13:20:00,224.78,224.78,224.44,224.44,-0.15,219.76,49647.18,-1
2022-06-09,2022-06-09 13:30:00,224.44,224.44,224.1,224.1,-0.15,219.76,49647.18,-1
2022-06-09,2022-06-09 13:40:00,224.1,224.1,223.76,223.76,-0.15,219.76,49647.18,-1
2022-06-09,2022-06-09 13:50:00,223.76,223.76,223.43,223.43,-0.15,219.76,49647.18,-1
2022-06-09,2022-06-09 14:00:00,223.43,223.43,223.09,223.09,-0.15,219.76,49647.18,-1
2022-06-09,2022-06-09 14:10:00,223.09,223.09,222.75,222.75,-0.15,219.76,49647.18,-1
2022-06-09,2022-06-09 14:20:00,222.75,222.75,222.41,222.41,-0.15,219.76,49647.18,-1
2022-06-09,2022-06-09 14:30:00,222.41,222.41,222.08,222.08,-0.15,219.76,49647.18,-1
2022-06-09,2022-06-09 14:40:00,222.08,222.08,221.74,221.74,-0.15,219.76,49647.18,-1
2022-06-09,2022-06-09 14:50:00,221.74,221.74,221.4,221.4,-0.15,219.76,49647.18,-1
2022-06-09,2022-06-09 15:00:00,221.4,233.0,217.3,221.4,0.0,219.76,49647.18,0
2022-06-10,2022-06-10 11:00:00,217.0,218.29,217.0,217.0,0.0,84.0,18350.11,0
2022-06-10,2022-06-10 11:10:00,217.0,217.0,217.0,217.0,0.0,84.0,18350.11,0
2022-06-10,2022-06-10 11:20:00,217.0,217.0,217.0,217.0,0.0,84.0,18350.11,0
2022-06-10,2022-06-10 11:30:00,217.0,217.0,217.0,217.0,0.0,84.0,18350.11,0
2022-06-10,2022-06-10 11:40:00,217.0,217.0,217.0,217.0,0.0,84.0,18350.11,0
2022-06-10,2022-06-10 11:50:00,217.0,217.0,217.0,217.0,0.0,84.0,18350.11,0
2022-06-10,2022-06-10 12:00:00,217.0,217.0,217.0,217.0,0.0,84.0,18350.11,0
2022-06-10,2022-06-10 12:10:00,217.0,217.0,217.0,217.0,0.0,84.0,18350.11,0
2022-06-10,2022-06-10 12:20:00,217.0,217.0,217.0,217.0,0.0,84.0,18350.11,0
2022-06-10,2022-06-10 12:30:00,217.0,217.0,217.0,217.0,0.0,84.0,18350.11,0
2022-06-10,2022-06-10 12:40:00,217.0,217.0,217.0,217.0,0.0,84.0,18350.11,0
2022-06-10,2022-06-10 12:50:00,217.0,217.0,217.0,217.0,0.0,84.0,18350.11,0
2022-06-10,2022-06-10 13:00:00,217.0,221.3,217.0,217.0,0.0,84.0,18350.11,0
2022-06-10,2022-06-10 13:10:00,217.0,217.0,217.0,217.0,0.0,84.0,18350.11,0
2022-06-10,2022-06-10 13:20:00,217.0,217.0,217.0,217.0,0.0,84.0,18350.11,0
2022-06-10,2022-06-10 13:30:00,217.0,217.0,217.0,217.0,0.0,84.0,18350.11,0
2022-06-10,2022-06-10 13:40:00,217.0,217.0,217.0,217.0,0.0,84.0,18350.11,0
2022-06-10,2022-06-10 13:50:00,217.0,217.0,217.0,217.0,0.0,84.0,18350.11,0
2022-06-10,2022-06-10 14:00:00,217.0,217.0,217.0,217.0,0.0,84.0,18350.11,0
2022-06-10,2022-06-10 14:10:00,217.0,217.0,217.0,217.0,0.0,84.0,18350.11,0
2022-06-10,2022-06-10 14:20:00,217.0,217.0,217.0,217.0,0.0,84.0,18350.11,0
2022-06-10,2022-06-10 14:30:00,217.0,217.0,217.0,217.0,0.0,84.0,18350.11,0
2022-06-10,2022-06-10 14:40:00,217.0,217.0,217.0,217.0,0.0,84.0,18350.11,0
2022-06-10,2022-06-10 14:50:00,217.0,217.0,217.0,217.0,0.0,84.0,18350.11,0
2022-06-10,2022-06-10 15:00:00,217.0,221.3,217.0,217.0,0.0,84.0,18350.11,0
2022-06-13,2022-06-13 11:00:00,215.0,218.21,214.4,215.0,0.0,161.88,34815.82,0
2022-06-13,2022-06-13 11:10:00,215.0,215.0,215.0,215.0,0.0,161.88,34815.82,0
2022-06-13,2022-06-13 11:20:00,215.0,215.0,215.0,215.0,0.0,161.88,34815.82,0
2022-06-13,2022-06-13 11:30:00,215.0,215.0,215.0,215.0,0.0,161.88,34815.82,0
2022-06-13,2022-06-13 11:40:00,215.0,215.0,215.0,215.0,0.0,161.88,34815.82,0
2022-06-13,2022-06-13 11:50:00,215.0,215.0,215.0,215.0,0.0,161.88,34815.82,0
2022-06-13,2022-06-13 12:00:00,215.0,215.0,215.0,215.0,0.0,161.88,34815.82,0
2022-06-13,2022-06-13 12:10:00,215.0,215.0,215.0,215.0,0.0,161.88,34815.82,0
2022-06-13,2022-06-13 12:20:00,215.0,215.0,215.0,215.0,0.0,161.88,34815.82,0
2022-06-13,2022-06-13 12:30:00,215.0,215.0,215.0,215.0,0.0,161.88,34815.82,0
2022-06-13,2022-06-13 12:40:00,215.0,215.0,215.0,215.0,0.0,161.88,34815.82,0
2022-06-13,2022-06-13 12:50:00,215.0,215.0,215.0,215.0,0.0,161.88,34815.82,0
2022-06-13,2022-06-13 13:00:00,215.0,225.7,213.0,215.0,0.0,161.88,34815.82,0
2022-06-13,2022-06-13 13:10:00,215.0,215.0,215.0,215.0,0.0,161.88,34815.82,0
2022-06-13,2022-06-13 13:20:00,215.0,215.0,215.0,215.0,0.0,161.88,34815.82,0
2022-06-13,2022-06-13 13:30:00,215.0,215.0,215.0,215.0,0.0,161.88,34815.82,0
2022-06-13,2022-06-13 13:40:00,215.0,215.0,215.0,215.0,0.0,161.88,34815.82,0
2022-06-13,2022-06-13 13:50:00,215.0,215.0,215.0,215.0,0.0,161.88,34815.82,0
2022-06-13,2022-06-13 14:00:00,215.0,215.0,215.0,215.0,0.0,161.88,34815.82,0
2022-06-13,2022-06-13 14:10:00,215.0,215.0,215.0,215.0,0.0,161.88,34815.82,0
2022-06-13,2022-06-13 14:20:00,215.0,215.0,215.0,215.0,0.0,161.88,34815.82,0
2022-06-13,2022-06-13 14:30:00,215.0,215.0,215.0,215.0,0.0,161.88,34815.82,0
2022-06-13,2022-06-13 14:40:00,215.0,215.0,215.0,215.0,0.0,161.88,34815.82,0
2022-06-13,2022-06-13 14:50:00,215.0,215.0,215.0,215.0,0.0,161.88,34815.82,0
2022-06-13,2022-06-13 15:00:00,215.0,225.7,213.0,215.0,0.0,161.88,34815.82,0
2022-06-14,2022-06-14 11:00:00,214.0,214.3,212.2,213.83,-0.08,255.12,53817.55,-1
2022-06-14,2022-06-14 11:10:00,213.83,213.83,213.67,213.67,-0.07,255.12,53817.55,-1
2022-06-14,2022-06-14 11:20:00,213.67,213.67,213.5,213.5,-0.08,255.12,53817.55,-1
2022-06-14,2022-06-14 11:30:00,213.5,213.5,213.33,213.33,-0.08,255.12,53817.55,-1
2022-06-14,2022-06-14 11:40:00,213.33,213.33,213.17,213.17,-0.08,255.12,53817.55,-1
2022-06-14,2022-06-14 11:50:00,213.17,213.17,213.0,213.0,-0.08,255.12,53817.55,-1
2022-06-14,2022-06-14 12:00:00,213.0,213.0,212.83,212.83,-0.08,255.12,53817.55,-1
2022-06-14,2022-06-14 12:10:00,212.83,212.83,212.67,212.67,-0.08,255.12,53817.55,-1
2022-06-14,2022-06-14 12:20:00,212.67,212.67,212.5,212.5,-0.08,255.12,53817.55,-1
2022-06-14,2022-06-14 12:30:00,212.5,212.5,212.33,212.33,-0.08,255.12,53817.55,-1
2022-06-14,2022-06-14 12:40:00,212.33,212.33,212.17,212.17,-0.08,255.12,53817.55,-1
2022-06-14,2022-06-14 12:50:00,212.17,212.17,212.0,212.0,-0.08,255.12,53817.55,-1
2022-06-14,2022-06-14 13:00:00,212.0,215.0,208.0,211.83,-0.08,255.12,53817.55,-1
2022-06-14,2022-06-14 13:10:00,211.83,211.83,211.67,211.67,-0.08,255.12,53817.55,-1
2022-06-14,2022-06-14 13:20:00,211.67,211.67,211.5,211.5,-0.08,255.12,53817.55,-1
2022-06-14,2022-06-14 13:30:00,211.5,211.5,211.33,211.33,-0.08,255.12,53817.55,-1
2022-06-14,2022-06-14 13:40:00,211.33,211.33,211.17,211.17,-0.08,255.12,53817.55,-1
2022-06-14,2022-06-14 13:50:00,211.17,211.17,211.0,211.0,-0.08,255.12,53817.55,-1
2022-06-14,2022-06-14 14:00:00,211.0,211.0,210.83,210.83,-0.08,255.12,53817.55,-1
2022-06-14,2022-06-14 14:10:00,210.83,210.83,210.67,210.67,-0.08,255.12,53817.55,-1
2022-06-14,2022-06-14 14:20:00,210.67,210.67,210.5,210.5,-0.08,255.12,53817.55,-1
2022-06-14,2022-06-14 14:30:00,210.5,210.5,210.33,210.33,-0.08,255.12,53817.55,-1
2022-06-14,2022-06-14 14:40:00,210.33,210.33,210.17,210.17,-0.08,255.12,53817.55,-1
2022-06-14,2022-06-14 14:50:00,210.17,210.17,210.0,210.0,-0.08,255.12,53817.55,-1
2022-06-14,2022-06-14 15:00:00,210.0,215.0,208.0,210.0,0.0,255.12,53817.55,0
2022-06-15,2022-06-15 11:00:00,206.0,206.0,203.9,205.75,-0.12,381.16,76719.43,-1
2022-06-15,2022-06-15 11:10:00,205.75,205.75,205.5,205.5,-0.12,381.16,76719.43,-1
2022-06-15,2022-06-15 11:20:00,205.5,205.5,205.25,205.25,-0.12,381.16,76719.43,-1
2022-06-15,2022-06-15 11:30:00,205.25,205.25,205.0,205.0,-0.12,381.16,76719.43,-1
2022-06-15,2022-06-15 11:40:00,205.0,205.0,204.75,204.75,-0.12,381.16,76719.43,-1
2022-06-15,2022-06-15 11:50:00,204.75,204.75,204.5,204.5,-0.12,381.16,76719.43,-1
2022-06-15,2022-06-15 12:00:00,204.5,204.5,204.25,204.25,-0.12,381.16,76719.43,-1
2022-06-15,2022-06-15 12:10:00,204.25,204.25,204.0,204.0,-0.12,381.16,76719.43,-1
2022-06-15,2022-06-15 12:20:00,204.0,204.0,203.75,203.75,-0.12,381.16,76719.43,-1
2022-06-15,2022-06-15 12:30:00,203.75,203.75,203.5,203.5,-0.12,381.16,76719.43,-1
2022-06-15,2022-06-15 12:40:00,203.5,203.5,203.25,203.25,-0.12,381.16,76719.43,-1
2022-06-15,2022-06-15 12:50:00,203.25,203.25,203.0,203.0,-0.12,381.16,76719.43,-1
2022-06-15,2022-06-15 13:00:00,203.0,206.0,199.0,202.75,-0.12,381.16,76719.43,-1
2022-06-15,2022-06-15 13:10:00,202.75,202.75,202.5,202.5,-0.12,381.16,76719.43,-1
2022-06-15,2022-06-15 13:20:00,202.5,202.5,202.25,202.25,-0.12,381.16,76719.43,-1
2022-06-15,2022-06-15 13:30:00,202.25,202.25,202.0,202.0,-0.12,381.16,76719.43,-1
2022-06-15,2022-06-15 13:40:00,202.0,202.0,201.75,201.75,-0.12,381.16,76719.43,-1
2022-06-15,2022-06-15 13:50:00,201.75,201.75,201.5,201.5,-0.12,381.16,76719.43,-1
2022-06-15,2022-06-15 14:00:00,201.5,201.5,201.25,201.25,-0.12,381.16,76719.43,-1
2022-06-15,2022-06-15 14:10:00,201.25,201.25,201.0,201.0,-0.12,381.16,76719.43,-1
2022-06-15,2022-06-15 14:20:00,201.0,201.0,200.75,200.75,-0.12,381.16,76719.43,-1
2022-06-15,2022-06-15 14:30:00,200.75,200.75,200.5,200.5,-0.12,381.16,76719.43,-1
2022-06-15,2022-06-15 14:40:00,200.5,200.5,200.25,200.25,-0.12,381.16,76719.43,-1
2022-06-15,2022-06-15 14:50:00,200.25,200.25,200.0,200.0,-0.12,381.16,76719.43,-1
2022-06-15,2022-06-15 15:00:00,200.0,206.0,199.0,200.0,0.0,381.16,76719.43,0
2022-06-16,2022-06-16 11:00:00,198.0,202.8,198.0,198.17,0.09,263.68,54226.93,1
2022-06-16,2022-06-16 11:10:00,198.17,198.33,198.17,198.33,0.08,263.68,54226.93,1
2022-06-16,2022-06-16 11:20:00,198.33,198.5,198.33,198.5,0.09,263.68,54226.93,1
2022-06-16,2022-06-16 11:30:00,198.5,198.67,198.5,198.67,0.09,263.68,54226.93,1
2022-06-16,2022-06-16 11:40:00,198.67,198.83,198.67,198.83,0.08,263.68,54226.93,1
2022-06-16,2022-06-16 11:50:00,198.83,199.0,198.83,199.0,0.09,263.68,54226.93,1
2022-06-16,2022-06-16 12:00:00,199.0,199.17,199.0,199.17,0.09,263.68,54226.93,1
2022-06-16,2022-06-16 12:10:00,199.17,199.33,199.17,199.33,0.08,263.68,54226.93,1
2022-06-16,2022-06-16 12:20:00,199.33,199.5,199.33,199.5,0.09,263.68,54226.93,1
2022-06-16,2022-06-16 12:30:00,199.5,199.67,199.5,199.67,0.09,263.68,54226.93,1
2022-06-16,2022-06-16 12:40:00,199.67,199.83,199.67,199.83,0.08,263.68,54226.93,1
2022-06-16,2022-06-16 12:50:00,199.83,200.0,199.83,200.0,0.09,263.68,54226.93,1
2022-06-16,2022-06-16 13:00:00,200.0,214.0,198.0,200.17,0.08,263.68,54226.93,1
2022-06-16,2022-06-16 13:10:00,200.17,200.33,200.17,200.33,0.08,263.68,54226.93,1
2022-06-16,2022-06-16 13:20:00,200.33,200.5,200.33,200.5,0.08,263.68,54226.93,1
2022-06-16,2022-06-16 13:30:00,200.5,200.67,200.5,200.67,0.08,263.68,54226.93,1
2022-06-16,2022-06-16 13:40:00,200.67,200.83,200.67,200.83,0.08,263.68,54226.93,1
2022-06-16,2022-06-16 13:50:00,200.83,201.0,200.83,201.0,0.08,263.68,54226.93,1
2022-06-16,2022-06-16 14:00:00,201.0,201.17,201.0,201.17,0.08,263.68,54226.93,1
2022-06-16,2022-06-16 14:10:00,201.17,201.33,201.17,201.33,0.08,263.68,54226.93,1
2022-06-16,2022-06-16 14:20:00,201.33,201.5,201.33,201.5,0.08,263.68,54226.93,1
2022-06-16,2022-06-16 14:30:00,201.5,201.67,201.5,201.67,0.08,263.68,54226.93,1
2022-06-16,2022-06-16 14:40:00,201.67,201.83,201.67,201.83,0.08,263.68,54226.93,1
2022-06-16,2022-06-16 14:50:00,201.83,202.0,201.83,202.0,0.08,263.68,54226.93,1
2022-06-16,2022-06-16 15:00:00,202.0,214.0,198.0,202.0,0.0,263.68,54226.93,0
2022-06-17,2022-06-17 11:00:00,204.0,204.6,203.4,204.04,0.02,105.72,21444.98,1
2022-06-17,2022-06-17 11:10:00,204.04,204.08,204.04,204.08,0.02,105.72,21444.98,1
2022-06-17,2022-06-17 11:20:00,204.08,204.12,204.08,204.12,0.02,105.72,21444.98,1
2022-06-17,2022-06-17 11:30:00,204.12,204.17,204.12,204.17,0.02,105.72,21444.98,1
2022-06-17,2022-06-17 11:40:00,204.17,204.21,204.17,204.21,0.02,105.72,21444.98,1
2022-06-17,2022-06-17 11:50:00,204.21,204.25,204.21,204.25,0.02,105.72,21444.98,1
2022-06-17,2022-06-17 12:00:00,204.25,204.29,204.25,204.29,0.02,105.72,21444.98,1
2022-06-17,2022-06-17 12:10:00,204.29,204.33,204.29,204.33,0.02,105.72,21444.98,1
2022-06-17,2022-06-17 12:20:00,204.33,204.38,204.33,204.38,0.02,105.72,21444.98,1
2022-06-17,2022-06-17 12:30:00,204.38,204.42,204.38,204.42,0.02,105.72,21444.98,1
2022-06-17,2022-06-17 12:40:00,204.42,204.46,204.42,204.46,0.02,105.72,21444.98,1
2022-06-17,2022-06-17 12:50:00,204.46,204.5,204.46,204.5,0.02,105.72,21444.98,1
2022-06-17,2022-06-17 13:00:00,204.5,206.0,202.0,204.54,0.02,105.72,21444.98,1
2022-06-17,2022-06-17 13:10:00,204.54,204.58,204.54,204.58,0.02,105.72,21444.98,1
2022-06-17,2022-06-17 13:20:00,204.58,204.62,204.58,204.62,0.02,105.72,21444.98,1
2022-06-17,2022-06-17 13:30:00,204.62,204.67,204.62,204.67,0.02,105.72,21444.98,1
2022-06-17,2022-06-17 13:40:00,204.67,204.71,204.67,204.71,0.02,105.72,21444.98,1
2022-06-17,2022-06-17 13:50:00,204.71,204.75,204.71,204.75,0.02,105.72,21444.98,1
2022-06-17,2022-06-17 14:00:00,204.75,204.79,204.75,204.79,0.02,105.72,21444.98,1
2022-06-17,2022-06-17 14:10:00,204.79,204.83,204.79,204.83,0.02,105.72,21444.98,1
2022-06-17,2022-06-17 14:20:00,204.83,204.88,204.83,204.88,0.02,105.72,21444.98,1
2022-06-17,2022-06-17 14:30:00,204.88,204.92,204.88,204.92,0.02,105.72,21444.98,1
2022-06-17,2022-06-17 14:40:00,204.92,204.96,204.92,204.96,0.02,105.72,21444.98,1
2022-06-17,2022-06-17 14:50:00,204.96,205.0,204.96,205.0,0.02,105.72,21444.98,1
2022-06-17,2022-06-17 15:00:00,205.0,206.0,202.0,205.0,0.0,105.72,21444.98,0
2022-06-19,2022-06-19 11:00:00,203.0,203.0,200.69,202.71,-0.14,262.36,51814.28,-1
2022-06-19,2022-06-19 11:10:00,202.71,202.71,202.42,202.42,-0.14,262.36,51814.28,-1
2022-06-19,2022-06-19 11:20:00,202.42,202.42,202.12,202.12,-0.15,262.36,51814.28,-1
2022-06-19,2022-06-19 11:30:00,202.12,202.12,201.83,201.83,-0.14,262.36,51814.28,-1
2022-06-19,2022-06-19 11:40:00,201.83,201.83,201.54,201.54,-0.14,262.36,51814.28,-1
2022-06-19,2022-06-19 11:50:00,201.54,201.54,201.25,201.25,-0.14,262.36,51814.28,-1
2022-06-19,2022-06-19 12:00:00,201.25,201.25,200.96,200.96,-0.14,262.36,51814.28,-1
2022-06-19,2022-06-19 12:10:00,200.96,200.96,200.67,200.67,-0.14,262.36,51814.28,-1
2022-06-19,2022-06-19 12:20:00,200.67,200.67,200.38,200.38,-0.14,262.36,51814.28,-1
2022-06-19,2022-06-19 12:30:00,200.38,200.38,200.08,200.08,-0.15,262.36,51814.28,-1
2022-06-19,2022-06-19 12:40:00,200.08,200.08,199.79,199.79,-0.14,262.36,51814.28,-1
2022-06-19,2022-06-19 12:50:00,199.79,199.79,199.5,199.5,-0.15,262.36,51814.28,-1
2022-06-19,2022-06-19 13:00:00,199.5,203.0,195.3,199.21,-0.15,262.36,51814.28,-1
2022-06-19,2022-06-19 13:10:00,199.21,199.21,198.92,198.92,-0.15,262.36,51814.28,-1
2022-06-19,2022-06-19 13:20:00,198.92,198.92,198.62,198.62,-0.15,262.36,51814.28,-1
2022-06-19,2022-06-19 13:30:00,198.62,198.62,198.33,198.33,-0.15,262.36,51814.28,-1
2022-06-19,2022-06-19 13:40:00,198.33,198.33,198.04,198.04,-0.15,262.36,51814.28,-1
2022-06-19,2022-06-19 13:50:00,198.04,198.04,197.75,197.75,-0.15,262.36,51814.28,-1
2022-06-19,2022-06-19 14:00:00,197.75,197.75,197.46,197.46,-0.15,262.36,51814.28,-1
2022-06-19,2022-06-19 14:10:00,197.46,197.46,197.17,197.17,-0.15,262.36,51814.28,-1
2022-06-19,2022-06-19 14:20:00,197.17,197.17,196.88,196.88,-0.15,262.36,51814.28,-1
2022-06-19,2022-06-19 14:30:00,196.88,196.88,196.58,196.58,-0.15,262.36,51814.28,-1
2022-06-19,2022-06-19 14:40:00,196.58,196.58,196.29,196.29,-0.15,262.36,51814.28,-1
2022-06-19,2022-06-19 14:50:00,196.29,196.29,196.0,196.0,-0.15,262.36,51814.28,-1
2022-06-19,2022-06-19 15:00:00,196.0,203.0,195.3,196.0,0.0,262.36,51814.28,0
2022-06-20,2022-06-20 11:00:00,194.0,194.0,190.4,193.62,-0.2,651.2,119918.2,-1
2022-06-20,2022-06-20 11:10:00,193.62,193.62,193.25,193.25,-0.19,651.2,119918.2,-1
2022-06-20,2022-06-20 11:20:00,193.25,193.25,192.88,192.88,-0.19,651.2,119918.2,-1
2022-06-20,2022-06-20 11:30:00,192.88,192.88,192.5,192.5,-0.2,651.2,119918.2,-1
2022-06-20,2022-06-20 11:40:00,192.5,192.5,192.12,192.12,-0.2,651.2,119918.2,-1
2022-06-20,2022-06-20 11:50:00,192.12,192.12,191.75,191.75,-0.19,651.2,119918.2,-1
2022-06-20,2022-06-20 12:00:00,191.75,191.75,191.38,191.38,-0.19,651.2,119918.2,-1
2022-06-20,2022-06-20 12:10:00,191.38,191.38,191.0,191.0,-0.2,651.2,119918.2,-1
2022-06-20,2022-06-20 12:20:00,191.0,191.0,190.62,190.62,-0.2,651.2,119918.2,-1
2022-06-20,2022-06-20 12:30:00,190.62,190.62,190.25,190.25,-0.19,651.2,119918.2,-1
2022-06-20,2022-06-20 12:40:00,190.25,190.25,189.88,189.88,-0.19,651.2,119918.2,-1
2022-06-20,2022-06-20 12:50:00,189.88,189.88,189.5,189.5,-0.2,651.2,119918.2,-1
2022-06-20,2022-06-20 13:00:00,189.5,194.0,182.0,189.12,-0.2,651.2,119918.2,-1
2022-06-20,2022-06-20 13:10:00,189.12,189.12,188.75,188.75,-0.2,651.2,119918.2,-1
2022-06-20,2022-06-20 13:20:00,188.75,188.75,188.38,188.38,-0.2,651.2,119918.2,-1
2022-06-20,2022-06-20 13:30:00,188.38,188.38,188.0,188.0,-0.2,651.2,119918.2,-1
2022-06-20,2022-06-20 13:40:00,188.0,188.0,187.62,187.62,-0.2,651.2,119918.2,-1
2022-06-20,2022-06-20 13:50:00,187.62,187.62,187.25,187.25,-0.2,651.2,119918.2,-1
2022-06-20,2022-06-20 14:00:00,187.25,187.25,186.88,186.88,-0.2,651.2,119918.2,-1
2022-06-20,2022-06-20 14:10:00,186.88,186.88,186.5,186.5,-0.2,651.2,119918.2,-1
2022-06-20,2022-06-20 14:20:00,186.5,186.5,186.12,186.12,-0.2,651.2,119918.2,-1
2022-06-20,2022-06-20 14:30:00,186.12,186.12,185.75,185.75,-0.2,651.2,119918.2,-1
2022-06-20,2022-06-20 14:40:00,185.75,185.75,185.38,185.38,-0.2,651.2,119918.2,-1
2022-06-20,2022-06-20 14:50:00,185.38,185.38,185.0,185.0,-0.2,651.2,119918.2,-1
2022-06-20,2022-06-20 15:00:00,185.0,194.0,182.0,185.0,0.0,651.2,119918.2,0
2022-06-21,2022-06-21 11:00:00,181.4,185.69,181.4,181.76,0.2,537.12,102458.98,1
2022-06-21,2022-06-21 11:10:00,181.76,182.12,181.76,182.12,0.2,537.12,102458.98,1
2022-06-21,2022-06-21 11:20:00,182.12,182.47,182.12,182.47,0.19,537.12,102458.98,1
2022-06-21,2022-06-21 11:30:00,182.47,182.83,182.47,182.83,0.2,537.12,102458.98,1
2022-06-21,2022-06-21 11:40:00,182.83,183.19,182.83,183.19,0.2,537.12,102458.98,1
2022-06-21,2022-06-21 11:50:00,183.19,183.55,183.19,183.55,0.2,537.12,102458.98,1
2022-06-21,2022-06-21 12:00:00,183.55,183.91,183.55,183.91,0.2,537.12,102458.98,1
2022-06-21,2022-06-21 12:10:00,183.91,184.27,183.91,184.27,0.2,537.12,102458.98,1
2022-06-21,2022-06-21 12:20:00,184.27,184.62,184.27,184.62,0.19,537.12,102458.98,1
2022-06-21,2022-06-21 12:30:00,184.62,184.98,184.62,184.98,0.19,537.12,102458.98,1
2022-06-21,2022-06-21 12:40:00,184.98,185.34,184.98,185.34,0.19,537.12,102458.98,1
2022-06-21,2022-06-21 12:50:00,185.34,185.7,185.34,185.7,0.19,537.12,102458.98,1
2022-06-21,2022-06-21 13:00:00,185.7,195.7,181.4,186.06,0.19,537.12,102458.98,1
2022-06-21,2022-06-21 13:10:00,186.06,186.42,186.06,186.42,0.19,537.12,102458.98,1
2022-06-21,2022-06-21 13:20:00,186.42,186.78,186.42,186.78,0.19,537.12,102458.98,1
2022-06-21,2022-06-21 13:30:00,186.78,187.13,186.78,187.13,0.19,537.12,102458.98,1
2022-06-21,2022-06-21 13:40:00,187.13,187.49,187.13,187.49,0.19,537.12,102458.98,1
2022-06-21,2022-06-21 13:50:00,187.49,187.85,187.49,187.85,0.19,537.12,102458.98,1
2022-06-21,2022-06-21 14:00:00,187.85,188.21,187.85,188.21,0.19,537.12,102458.98,1
2022-06-21,2022-06-21 14:10:00,188.21,188.57,188.21,188.57,0.19,537.12,102458.98,1
2022-06-21,2022-06-21 14:20:00,188.57,188.93,188.57,188.93,0.19,537.12,102458.98,1
2022-06-21,2022-06-21 14:30:00,188.93,189.28,188.93,189.28,0.19,537.12,102458.98,1
2022-06-21,2022-06-21 14:40:00,189.28,189.64,189.28,189.64,0.19,537.12,102458.98,1
2022-06-21,2022-06-21 14:50:00,189.64,190.0,189.64,190.0,0.19,537.12,102458.98,1
2022-06-21,2022-06-21 15:00:00,190.0,195.7,181.4,190.0,0.0,537.12,102458.98,0
2022-06-22,2022-06-22 11:00:00,193.0,193.0,190.0,192.71,-0.15,104.4,19450.44,-1
2022-06-22,2022-06-22 11:10:00,192.71,192.71,192.42,192.42,-0.15,104.4,19450.44,-1
2022-06-22,2022-06-22 11:20:00,192.42,192.42,192.12,192.12,-0.16,104.4,19450.44,-1
2022-06-22,2022-06-22 11:30:00,192.12,192.12,191.83,191.83,-0.15,104.4,19450.44,-1
2022-06-22,2022-06-22 11:40:00,191.83,191.83,191.54,191.54,-0.15,104.4,19450.44,-1
2022-06-22,2022-06-22 11:50:00,191.54,191.54,191.25,191.25,-0.15,104.4,19450.44,-1
2022-06-22,2022-06-22 12:00:00,191.25,191.25,190.96,190.96,-0.15,104.4,19450.44,-1
2022-06-22,2022-06-22 12:10:00,190.96,190.96,190.67,190.67,-0.15,104.4,19450.44,-1
2022-06-22,2022-06-22 12:20:00,190.67,190.67,190.38,190.38,-0.15,104.4,19450.44,-1
2022-06-22,2022-06-22 12:30:00,190.38,190.38,190.08,190.08,-0.16,104.4,19450.44,-1
2022-06-22,2022-06-22 12:40:00,190.08,190.08,189.79,189.79,-0.15,104.4,19450.44,-1
2022-06-22,2022-06-22 12:50:00,189.79,189.79,189.5,189.5,-0.15,104.4,19450.44,-1
2022-06-22,2022-06-22 13:00:00,189.5,193.0,183.0,189.21,-0.15,104.4,19450.44,-1
2022-06-22,2022-06-22 13:10:00,189.21,189.21,188.92,188.92,-0.15,104.4,19450.44,-1
2022-06-22,2022-06-22 13:20:00,188.92,188.92,188.62,188.62,-0.16,104.4,19450.44,-1
2022-06-22,2022-06-22 13:30:00,188.62,188.62,188.33,188.33,-0.15,104.4,19450.44,-1
2022-06-22,2022-06-22 13:40:00,188.33,188.33,188.04,188.04,-0.15,104.4,19450.44,-1
2022-06-22,2022-06-22 13:50:00,188.04,188.04,187.75,187.75,-0.15,104.4,19450.44,-1
2022-06-22,2022-06-22 14:00:00,187.75,187.75,187.46,187.46,-0.15,104.4,19450.44,-1
2022-06-22,2022-06-22 14:10:00,187.46,187.46,187.17,187.17,-0.15,104.4,19450.44,-1
2022-06-22,2022-06-22 14:20:00,187.17,187.17,186.88,186.88,-0.15,104.4,19450.44,-1
2022-06-22,2022-06-22 14:30:00,186.88,186.88,186.58,186.58,-0.16,104.4,19450.44,-1
2022-06-22,2022-06-22 14:40:00,186.58,186.58,186.29,186.29,-0.16,104.4,19450.44,-1
2022-06-22,2022-06-22 14:50:00,186.29,186.29,186.0,186.0,-0.16,104.4,19450.44,-1
2022-06-22,2022-06-22 15:00:00,186.0,193.0,183.0,186.0,0.0,104.4,19450.44,0
2022-06-23,2022-06-23 11:00:00,188.0,188.3,182.03,187.29,-0.38,558.88,96503.74,-1
2022-06-23,2022-06-23 11:10:00,187.29,187.29,186.58,186.58,-0.38,558.88,96503.74,-1
2022-06-23,2022-06-23 11:20:00,186.58,186.58,185.88,185.88,-0.38,558.88,96503.74,-1
2022-06-23,2022-06-23 11:30:00,185.88,185.88,185.17,185.17,-0.38,558.88,96503.74,-1
2022-06-23,2022-06-23 11:40:00,185.17,185.17,184.46,184.46,-0.38,558.88,96503.74,-1
2022-06-23,2022-06-23 11:50:00,184.46,184.46,183.75,183.75,-0.38,558.88,96503.74,-1
2022-06-23,2022-06-23 12:00:00,183.75,183.75,183.04,183.04,-0.39,558.88,96503.74,-1
2022-06-23,2022-06-23 12:10:00,183.04,183.04,182.33,182.33,-0.39,558.88,96503.74,-1
2022-06-23,2022-06-23 12:20:00,182.33,182.33,181.62,181.62,-0.39,558.88,96503.74,-1
2022-06-23,2022-06-23 12:30:00,181.62,181.62,180.92,180.92,-0.39,558.88,96503.74,-1
2022-06-23,2022-06-23 12:40:00,180.92,180.92,180.21,180.21,-0.39,558.88,96503.74,-1
2022-06-23,2022-06-23 12:50:00,180.21,180.21,179.5,179.5,-0.39,558.88,96503.74,-1
2022-06-23,2022-06-23 13:00:00,179.5,189.0,168.1,178.79,-0.4,558.88,96503.74,-1
2022-06-23,2022-06-23 13:10:00,178.79,178.79,178.08,178.08,-0.4,558.88,96503.74,-1
2022-06-23,2022-06-23 13:20:00,178.08,178.08,177.38,177.38,-0.39,558.88,96503.74,-1
2022-06-23,2022-06-23 13:30:00,177.38,177.38,176.67,176.67,-0.4,558.88,96503.74,-1
2022-06-23,2022-06-23 13:40:00,176.67,176.67,175.96,175.96,-0.4,558.88,96503.74,-1
2022-06-23,2022-06-23 13:50:00,175.96,175.96,175.25,175.25,-0.4,558.88,96503.74,-1
2022-06-23,2022-06-23 14:00:00,175.25,175.25,174.54,174.54,-0.41,558.88,96503.74,-1
2022-06-23,2022-06-23 14:10:00,174.54,174.54,173.83,173.83,-0.41,558.88,96503.74,-1
2022-06-23,2022-06-23 14:20:00,173.83,173.83,173.12,173.12,-0.41,558.88,96503.74,-1
2022-06-23,2022-06-23 14:30:00,173.12,173.12,172.42,172.42,-0.4,558.88,96503.74,-1
2022-06-23,2022-06-23 14:40:00,172.42,172.42,171.71,171.71,-0.41,558.88,96503.74,-1
2022-06-23,2022-06-23 14:50:00,171.71,171.71,171.0,171.0,-0.41,558.88,96503.74,-1
2022-06-23,2022-06-23 15:00:00,171.0,189.0,168.1,171.0,0.0,558.88,96503.74,0
2022-06-24,2022-06-24 11:00:00,170.0,173.0,168.44,170.12,0.07,356.44,61520.62,1
2022-06-24,2022-06-24 11:10:00,170.12,170.24,170.12,170.24,0.07,356.44,61520.62,1
2022-06-24,2022-06-24 11:20:00,170.24,170.36,170.24,170.36,0.07,356.44,61520.62,1
2022-06-24,2022-06-24 11:30:00,170.36,170.48,170.36,170.48,0.07,356.44,61520.62,1
2022-06-24,2022-06-24 11:40:00,170.48,170.6,170.48,170.6,0.07,356.44,61520.62,1
2022-06-24,2022-06-24 11:50:00,170.6,170.72,170.6,170.72,0.07,356.44,61520.62,1
2022-06-24,2022-06-24 12:00:00,170.72,170.85,170.72,170.85,0.08,356.44,61520.62,1
2022-06-24,2022-06-24 12:10:00,170.85,170.97,170.85,170.97,0.07,356.44,61520.62,1
2022-06-24,2022-06-24 12:20:00,170.97,171.09,170.97,171.09,0.07,356.44,61520.62,1
2022-06-24,2022-06-24 12:30:00,171.09,171.21,171.09,171.21,0.07,356.44,61520.62,1
2022-06-24,2022-06-24 12:40:00,171.21,171.33,171.21,171.33,0.07,356.44,61520.62,1
2022-06-24,2022-06-24 12:50:00,171.33,171.45,171.33,171.45,0.07,356.44,61520.62,1
2022-06-24,2022-06-24 13:00:00,171.45,180.0,164.8,171.57,0.07,356.44,61520.62,1
2022-06-24,2022-06-24 13:10:00,171.57,171.69,171.57,171.69,0.07,356.44,61520.62,1
2022-06-24,2022-06-24 13:20:00,171.69,171.81,171.69,171.81,0.07,356.44,61520.62,1
2022-06-24,2022-06-24 13:30:00,171.81,171.93,171.81,171.93,0.07,356.44,61520.62,1
2022-06-24,2022-06-24 13:40:00,171.93,172.05,171.93,172.05,0.07,356.44,61520.62,1
2022-06-24,2022-06-24 13:50:00,172.05,172.18,172.05,172.18,0.08,356.44,61520.62,1
2022-06-24,2022-06-24 14:00:00,172.18,172.3,172.18,172.3,0.07,356.44,61520.62,1
2022-06-24,2022-06-24 14:10:00,172.3,172.42,172.3,172.42,0.07,356.44,61520.62,1
2022-06-24,2022-06-24 14:20:00,172.42,172.54,172.42,172.54,0.07,356.44,61520.62,1
2022-06-24,2022-06-24 14:30:00,172.54,172.66,172.54,172.66,0.07,356.44,61520.62,1
2022-06-24,2022-06-24 14:40:00,172.66,172.78,172.66,172.78,0.07,356.44,61520.62,1
2022-06-24,2022-06-24 14:50:00,172.78,172.9,172.78,172.9,0.07,356.44,61520.62,1
2022-06-24,2022-06-24 15:00:00,172.9,180.0,164.8,172.9,0.0,356.44,61520.62,0
2022-06-26,2022-06-26 11:00:00,176.0,180.23,176.0,176.59,0.34,1004.6,187983.4,1
2022-06-26,2022-06-26 11:10:00,176.59,177.18,176.59,177.18,0.33,1004.6,187983.4,1
2022-06-26,2022-06-26 11:20:00,177.18,177.76,177.18,177.76,0.33,1004.6,187983.4,1
2022-06-26,2022-06-26 11:30:00,177.76,178.35,177.76,178.35,0.33,1004.6,187983.4,1
2022-06-26,2022-06-26 11:40:00,178.35,178.94,178.35,178.94,0.33,1004.6,187983.4,1
2022-06-26,2022-06-26 11:50:00,178.94,179.53,178.94,179.53,0.33,1004.6,187983.4,1
2022-06-26,2022-06-26 12:00:00,179.53,180.11,179.53,180.11,0.32,1004.6,187983.4,1
2022-06-26,2022-06-26 12:10:00,180.11,180.7,180.11,180.7,0.33,1004.6,187983.4,1
2022-06-26,2022-06-26 12:20:00,180.7,181.29,180.7,181.29,0.33,1004.6,187983.4,1
2022-06-26,2022-06-26 12:30:00,181.29,181.88,181.29,181.88,0.33,1004.6,187983.4,1
2022-06-26,2022-06-26 12:40:00,181.88,182.46,181.88,182.46,0.32,1004.6,187983.4,1
2022-06-26,2022-06-26 12:50:00,182.46,183.05,182.46,183.05,0.32,1004.6,187983.4,1
2022-06-26,2022-06-26 13:00:00,183.05,190.1,176.0,183.64,0.32,1004.6,187983.4,1
2022-06-26,2022-06-26 13:10:00,183.64,184.22,183.64,184.22,0.32,1004.6,187983.4,1
2022-06-26,2022-06-26 13:20:00,184.22,184.81,184.22,184.81,0.32,1004.6,187983.4,1
2022-06-26,2022-06-26 13:30:00,184.81,185.4,184.81,185.4,0.32,1004.6,187983.4,1
2022-06-26,2022-06-26 13:40:00,185.4,185.99,185.4,185.99,0.32,1004.6,187983.4,1
2022-06-26,2022-06-26 13:50:00,185.99,186.57,185.99,186.57,0.31,1004.6,187983.4,1
2022-06-26,2022-06-26 14:00:00,186.57,187.16,186.57,187.16,0.32,1004.6,187983.4,1
2022-06-26,2022-06-26 14:10:00,187.16,187.75,187.16,187.75,0.32,1004.6,187983.4,1
2022-06-26,2022-06-26 14:20:00,187.75,188.34,187.75,188.34,0.31,1004.6,187983.4,1
2022-06-26,2022-06-26 14:30:00,188.34,188.92,188.34,188.92,0.31,1004.6,187983.4,1
2022-06-26,2022-06-26 14:40:00,188.92,189.51,188.92,189.51,0.31,1004.6,187983.4,1
2022-06-26,2022-06-26 14:50:00,189.51,190.1,189.51,190.1,0.31,1004.6,187983.4,1
2022-06-26,2022-06-26 15:00:00,190.1,190.1,176.0,190.1,0.0,1004.6,187983.4,0
2022-06-27,2022-06-27 11:00:00,193.9,196.33,192.73,193.74,-0.08,1304.44,253994.1,-1
2022-06-27,2022-06-27 11:10:00,193.74,193.74,193.58,193.58,-0.08,1304.44,253994.1,-1
2022-06-27,2022-06-27 11:20:00,193.58,193.58,193.41,193.41,-0.09,1304.44,253994.1,-1
2022-06-27,2022-06-27 11:30:00,193.41,193.41,193.25,193.25,-0.08,1304.44,253994.1,-1
2022-06-27,2022-06-27 11:40:00,193.25,193.25,193.09,193.09,-0.08,1304.44,253994.1,-1
2022-06-27,2022-06-27 11:50:00,193.09,193.09,192.93,192.93,-0.08,1304.44,253994.1,-1
2022-06-27,2022-06-27 12:00:00,192.93,192.93,192.76,192.76,-0.09,1304.44,253994.1,-1
2022-06-27,2022-06-27 12:10:00,192.76,192.76,192.6,192.6,-0.08,1304.44,253994.1,-1
2022-06-27,2022-06-27 12:20:00,192.6,192.6,192.44,192.44,-0.08,1304.44,253994.1,-1
2022-06-27,2022-06-27 12:30:00,192.44,192.44,192.28,192.28,-0.08,1304.44,253994.1,-1
2022-06-27,2022-06-27 12:40:00,192.28,192.28,192.11,192.11,-0.09,1304.44,253994.1,-1
2022-06-27,2022-06-27 12:50:00,192.11,192.11,191.95,191.95,-0.08,1304.44,253994.1,-1
2022-06-27,2022-06-27 13:00:00,191.95,202.0,190.0,191.79,-0.08,1304.44,253994.1,-1
2022-06-27,2022-06-27 13:10:00,191.79,191.79,191.62,191.62,-0.09,1304.44,253994.1,-1
2022-06-27,2022-06-27 13:20:00,191.62,191.62,191.46,191.46,-0.08,1304.44,253994.1,-1
2022-06-27,2022-06-27 13:30:00,191.46,191.46,191.3,191.3,-0.08,1304.44,253994.1,-1
2022-06-27,2022-06-27 13:40:00,191.3,191.3,191.14,191.14,-0.08,1304.44,253994.1,-1
2022-06-27,2022-06-27 13:50:00,191.14,191.14,190.97,190.97,-0.09,1304.44,253994.1,-1
2022-06-27,2022-06-27 14:00:00,190.97,190.97,190.81,190.81,-0.08,1304.44,253994.1,-1
2022-06-27,2022-06-27 14:10:00,190.81,190.81,190.65,190.65,-0.08,1304.44,253994.1,-1
2022-06-27,2022-06-27 14:20:00,190.65,190.65,190.49,190.49,-0.08,1304.44,253994.1,-1
2022-06-27,2022-06-27 14:30:00,190.49,190.49,190.32,190.32,-0.09,1304.44,253994.1,-1
2022-06-27,2022-06-27 14:40:00,190.32,190.32,190.16,190.16,-0.08,1304.44,253994.1,-1
2022-06-27,2022-06-27 14:50:00,190.16,190.16,190.0,190.0,-0.08,1304.44,253994.1,-1
2022-06-27,2022-06-27 15:00:00,190.0,202.0,190.0,190.0,0.0,1304.44,253994.1,0
2022-06-28,2022-06-28 11:00:00,190.0,190.0,188.5,189.88,-0.06,257.8,48494.8,-1
2022-06-28,2022-06-28 11:10:00,189.88,189.88,189.75,189.75,-0.07,257.8,48494.8,-1
2022-06-28,2022-06-28 11:20:00,189.75,189.75,189.62,189.62,-0.07,257.8,48494.8,-1
2022-06-28,2022-06-28 11:30:00,189.62,189.62,189.5,189.5,-0.06,257.8,48494.8,-1
2022-06-28,2022-06-28 11:40:00,189.5,189.5,189.38,189.38,-0.06,257.8,48494.8,-1
2022-06-28,2022-06-28 11:50:00,189.38,189.38,189.25,189.25,-0.07,257.8,48494.8,-1
2022-06-28,2022-06-28 12:00:00,189.25,189.25,189.12,189.12,-0.07,257.8,48494.8,-1
2022-06-28,2022-06-28 12:10:00,189.12,189.12,189.0,189.0,-0.06,257.8,48494.8,-1
2022-06-28,2022-06-28 12:20:00,189.0,189.0,188.88,188.88,-0.06,257.8,48494.8,-1
2022-06-28,2022-06-28 12:30:00,188.88,188.88,188.75,188.75,-0.07,257.8,48494.8,-1
2022-06-28,2022-06-28 12:40:00,188.75,188.75,188.62,188.62,-0.07,257.8,48494.8,-1
2022-06-28,2022-06-28 12:50:00,188.62,188.62,188.5,188.5,-0.06,257.8,48494.8,-1
2022-06-28,2022-06-28 13:00:00,188.5,190.0,185.0,188.38,-0.06,257.8,48494.8,-1
2022-06-28,2022-06-28 13:10:00,188.38,188.38,188.25,188.25,-0.07,257.8,48494.8,-1
2022-06-28,2022-06-28 13:20:00,188.25,188.25,188.12,188.12,-0.07,257.8,48494.8,-1
2022-06-28,2022-06-28 13:30:00,188.12,188.12,188.0,188.0,-0.06,257.8,48494.8,-1
2022-06-28,2022-06-28 13:40:00,188.0,188.0,187.88,187.88,-0.06,257.8,48494.8,-1
2022-06-28,2022-06-28 13:50:00,187.88,187.88,187.75,187.75,-0.07,257.8,48494.8,-1
2022-06-28,2022-06-28 14:00:00,187.75,187.75,187.62,187.62,-0.07,257.8,48494.8,-1
2022-06-28,2022-06-28 14:10:00,187.62,187.62,187.5,187.5,-0.06,257.8,48494.8,-1
2022-06-28,2022-06-28 14:20:00,187.5,187.5,187.38,187.38,-0.06,257.8,48494.8,-1
2022-06-28,2022-06-28 14:30:00,187.38,187.38,187.25,187.25,-0.07,257.8,48494.8,-1
2022-06-28,2022-06-28 14:40:00,187.25,187.25,187.12,187.12,-0.07,257.8,48494.8,-1
2022-06-28,2022-06-28 14:50:00,187.12,187.12,187.0,187.0,-0.06,257.8,48494.8,-1
2022-06-28,2022-06-28 15:00:00,187.0,190.0,185.0,187.0,0.0,257.8,48494.8,0
2022-06-29,2022-06-29 11:00:00,190.0,192.25,188.8,190.17,0.09,555.32,107184.91,1
2022-06-29,2022-06-29 11:10:00,190.17,190.33,190.17,190.33,0.08,555.32,107184.91,1
2022-06-29,2022-06-29 11:20:00,190.33,190.5,190.33,190.5,0.09,555.32,107184.91,1
2022-06-29,2022-06-29 11:30:00,190.5,190.67,190.5,190.67,0.09,555.32,107184.91,1
2022-06-29,2022-06-29 11:40:00,190.67,190.83,190.67,190.83,0.08,555.32,107184.91,1
2022-06-29,2022-06-29 11:50:00,190.83,191.0,190.83,191.0,0.09,555.32,107184.91,1
2022-06-29,2022-06-29 12:00:00,191.0,191.17,191.0,191.17,0.09,555.32,107184.91,1
2022-06-29,2022-06-29 12:10:00,191.17,191.33,191.17,191.33,0.08,555.32,107184.91,1
2022-06-29,2022-06-29 12:20:00,191.33,191.5,191.33,191.5,0.09,555.32,107184.91,1
2022-06-29,2022-06-29 12:30:00,191.5,191.67,191.5,191.67,0.09,555.32,107184.91,1
2022-06-29,2022-06-29 12:40:00,191.67,191.83,191.67,191.83,0.08,555.32,107184.91,1
2022-06-29,2022-06-29 12:50:00,191.83,192.0,191.83,192.0,0.09,555.32,107184.91,1
2022-06-29,2022-06-29 13:00:00,192.0,197.5,186.0,192.17,0.09,555.32,107184.91,1
2022-06-29,2022-06-29 13:10:00,192.17,192.33,192.17,192.33,0.08,555.32,107184.91,1
2022-06-29,2022-06-29 13:20:00,192.33,192.5,192.33,192.5,0.09,555.32,107184.91,1
2022-06-29,2022-06-29 13:30:00,192.5,192.67,192.5,192.67,0.09,555.32,107184.91,1
2022-06-29,2022-06-29 13:40:00,192.67,192.83,192.67,192.83,0.08,555.32,107184.91,1
2022-06-29,2022-06-29 13:50:00,192.83,193.0,192.83,193.0,0.09,555.32,107184.91,1
2022-06-29,2022-06-29 14:00:00,193.0,193.17,193.0,193.17,0.09,555.32,107184.91,1
2022-06-29,2022-06-29 14:10:00,193.17,193.33,193.17,193.33,0.08,555.32,107184.91,1
2022-06-29,2022-06-29 14:20:00,193.33,193.5,193.33,193.5,0.09,555.32,107184.91,1
2022-06-29,2022-06-29 14:30:00,193.5,193.67,193.5,193.67,0.09,555.32,107184.91,1
2022-06-29,2022-06-29 14:40:00,193.67,193.83,193.67,193.83,0.08,555.32,107184.91,1
2022-06-29,2022-06-29 14:50:00,193.83,194.0,193.83,194.0,0.09,555.32,107184.91,1
2022-06-29,2022-06-29 15:00:00,194.0,197.5,186.0,194.0,0.0,555.32,107184.91,0
2022-06-30,2022-06-30 11:00:00,195.0,198.9,195.0,195.38,0.19,1117.44,226628.16,1
2022-06-30,2022-06-30 11:10:00,195.38,195.75,195.38,195.75,0.19,1117.44,226628.16,1
2022-06-30,2022-06-30 11:20:00,195.75,196.12,195.75,196.12,0.19,1117.44,226628.16,1
2022-06-30,2022-06-30 11:30:00,196.12,196.5,196.12,196.5,0.19,1117.44,226628.16,1
2022-06-30,2022-06-30 11:40:00,196.5,196.88,196.5,196.88,0.19,1117.44,226628.16,1
2022-06-30,2022-06-30 11:50:00,196.88,197.25,196.88,197.25,0.19,1117.44,226628.16,1
2022-06-30,2022-06-30 12:00:00,197.25,197.62,197.25,197.62,0.19,1117.44,226628.16,1
2022-06-30,2022-06-30 12:10:00,197.62,198.0,197.62,198.0,0.19,1117.44,226628.16,1
2022-06-30,2022-06-30 12:20:00,198.0,198.38,198.0,198.38,0.19,1117.44,226628.16,1
2022-06-30,2022-06-30 12:30:00,198.38,198.75,198.38,198.75,0.19,1117.44,226628.16,1
2022-06-30,2022-06-30 12:40:00,198.75,199.12,198.75,199.12,0.19,1117.44,226628.16,1
2022-06-30,2022-06-30 12:50:00,199.12,199.5,199.12,199.5,0.19,1117.44,226628.16,1
2022-06-30,2022-06-30 13:00:00,199.5,208.0,195.0,199.88,0.19,1117.44,226628.16,1
2022-06-30,2022-06-30 13:10:00,199.88,200.25,199.88,200.25,0.19,1117.44,226628.16,1
2022-06-30,2022-06-30 13:20:00,200.25,200.62,200.25,200.62,0.18,1117.44,226628.16,1
2022-06-30,2022-06-30 13:30:00,200.62,201.0,200.62,201.0,0.19,1117.44,226628.16,1
2022-06-30,2022-06-30 13:40:00,201.0,201.38,201.0,201.38,0.19,1117.44,226628.16,1
2022-06-30,2022-06-30 13:50:00,201.38,201.75,201.38,201.75,0.18,1117.44,226628.16,1
2022-06-30,2022-06-30 14:00:00,201.75,202.12,201.75,202.12,0.18,1117.44,226628.16,1
2022-06-30,2022-06-30 14:10:00,202.12,202.5,202.12,202.5,0.19,1117.44,226628.16,1
2022-06-30,2022-06-30 14:20:00,202.5,202.88,202.5,202.88,0.19,1117.44,226628.16,1
2022-06-30,2022-06-30 14:30:00,202.88,203.25,202.88,203.25,0.18,1117.44,226628.16,1
2022-06-30,2022-06-30 14:40:00,203.25,203.62,203.25,203.62,0.18,1117.44,226628.16,1
2022-06-30,2022-06-30 14:50:00,203.62,204.0,203.62,204.0,0.19,1117.44,226628.16,1
2022-06-30,2022-06-30 15:00:00,204.0,208.0,195.0,204.0,0.0,1117.44,226628.16,0
2022-07-01,2022-07-01 11:00:00,200.0,204.2,198.8,200.21,0.11,598.0,124522.9,1
2022-07-01,2022-07-01 11:10:00,200.21,200.42,200.21,200.42,0.1,598.0,124522.9,1
2022-07-01,2022-07-01 11:20:00,200.42,200.62,200.42,200.62,0.1,598.0,124522.9,1
2022-07-01,2022-07-01 11:30:00,200.62,200.83,200.62,200.83,0.1,598.0,124522.9,1
2022-07-01,2022-07-01 11:40:00,200.83,201.04,200.83,201.04,0.1,598.0,124522.9,1
2022-07-01,2022-07-01 11:50:00,201.04,201.25,201.04,201.25,0.1,598.0,124522.9,1
2022-07-01,2022-07-01 12:00:00,201.25,201.46,201.25,201.46,0.1,598.0,124522.9,1
2022-07-01,2022-07-01 12:10:00,201.46,201.67,201.46,201.67,0.1,598.0,124522.9,1
2022-07-01,2022-07-01 12:20:00,201.67,201.88,201.67,201.88,0.1,598.0,124522.9,1
2022-07-01,2022-07-01 12:30:00,201.88,202.08,201.88,202.08,0.1,598.0,124522.9,1
2022-07-01,2022-07-01 12:40:00,202.08,202.29,202.08,202.29,0.1,598.0,124522.9,1
2022-07-01,2022-07-01 12:50:00,202.29,202.5,202.29,202.5,0.1,598.0,124522.9,1
2022-07-01,2022-07-01 13:00:00,202.5,214.0,196.0,202.71,0.1,598.0,124522.9,1
2022-07-01,2022-07-01 13:10:00,202.71,202.92,202.71,202.92,0.1,598.0,124522.9,1
2022-07-01,2022-07-01 13:20:00,202.92,203.12,202.92,203.12,0.1,598.0,124522.9,1
2022-07-01,2022-07-01 13:30:00,203.12,203.33,203.12,203.33,0.1,598.0,124522.9,1
2022-07-01,2022-07-01 13:40:00,203.33,203.54,203.33,203.54,0.1,598.0,124522.9,1
2022-07-01,2022-07-01 13:50:00,203.54,203.75,203.54,203.75,0.1,598.0,124522.9,1
2022-07-01,2022-07-01 14:00:00,203.75,203.96,203.75,203.96,0.1,598.0,124522.9,1
2022-07-01,2022-07-01 14:10:00,203.96,204.17,203.96,204.17,0.1,598.0,124522.9,1
2022-07-01,2022-07-01 14:20:00,204.17,204.38,204.17,204.38,0.1,598.0,124522.9,1
2022-07-01,2022-07-01 14:30:00,204.38,204.58,204.38,204.58,0.1,598.0,124522.9,1
2022-07-01,2022-07-01 14:40:00,204.58,204.79,204.58,204.79,0.1,598.0,124522.9,1
2022-07-01,2022-07-01 14:50:00,204.79,205.0,204.79,205.0,0.1,598.0,124522.9,1
2022-07-01,2022-07-01 15:00:00,205.0,214.0,196.0,205.0,0.0,598.0,124522.9,0
2022-07-03,2022-07-03 11:00:00,208.0,211.0,206.23,208.29,0.14,625.48,131630.84,1
2022-07-03,2022-07-03 11:10:00,208.29,208.58,208.29,208.58,0.14,625.48,131630.84,1
2022-07-03,2022-07-03 11:20:00,208.58,208.88,208.58,208.88,0.14,625.48,131630.84,1
2022-07-03,2022-07-03 11:30:00,208.88,209.17,208.88,209.17,0.14,625.48,131630.84,1
2022-07-03,2022-07-03 11:40:00,209.17,209.46,209.17,209.46,0.14,625.48,131630.84,1
2022-07-03,2022-07-03 11:50:00,209.46,209.75,209.46,209.75,0.14,625.48,131630.84,1
2022-07-03,2022-07-03 12:00:00,209.75,210.04,209.75,210.04,0.14,625.48,131630.84,1
2022-07-03,2022-07-03 12:10:00,210.04,210.33,210.04,210.33,0.14,625.48,131630.84,1
2022-07-03,2022-07-03 12:20:00,210.33,210.62,210.33,210.62,0.14,625.48,131630.84,1
2022-07-03,2022-07-03 12:30:00,210.62,210.92,210.62,210.92,0.14,625.48,131630.84,1
2022-07-03,2022-07-03 12:40:00,210.92,211.21,210.92,211.21,0.14,625.48,131630.84,1
2022-07-03,2022-07-03 12:50:00,211.21,211.5,211.21,211.5,0.14,625.48,131630.84,1
2022-07-03,2022-07-03 13:00:00,211.5,218.0,202.1,211.79,0.14,625.48,131630.84,1
2022-07-03,2022-07-03 13:10:00,211.79,212.08,211.79,212.08,0.14,625.48,131630.84,1
2022-07-03,2022-07-03 13:20:00,212.08,212.38,212.08,212.38,0.14,625.48,131630.84,1
2022-07-03,2022-07-03 13:30:00,212.38,212.67,212.38,212.67,0.14,625.48,131630.84,1
2022-07-03,2022-07-03 13:40:00,212.67,212.96,212.67,212.96,0.14,625.48,131630.84,1
2022-07-03,2022-07-03 13:50:00,212.96,213.25,212.96,213.25,0.14,625.48,131630.84,1
2022-07-03,2022-07-03 14:00:00,213.25,213.54,213.25,213.54,0.14,625.48,131630.84,1
2022-07-03,2022-07-03 14:10:00,213.54,213.83,213.54,213.83,0.14,625.48,131630.84,1
2022-07-03,2022-07-03 14:20:00,213.83,214.12,213.83,214.12,0.14,625.48,131630.84,1
2022-07-03,2022-07-03 14:30:00,214.12,214.42,214.12,214.42,0.14,625.48,131630.84,1
2022-07-03,2022-07-03 14:40:00,214.42,214.71,214.42,214.71,0.14,625.48,131630.84,1
2022-07-03,2022-07-03 14:50:00,214.71,215.0,214.71,215.0,0.14,625.48,131630.84,1
2022-07-03,2022-07-03 15:00:00,215.0,218.0,202.1,215.0,0.0,625.48,131630.84,0
2022-07-04,2022-07-04 11:00:00,218.0,221.3,215.0,217.88,-0.06,1557.28,346290.44,-1
2022-07-04,2022-07-04 11:10:00,217.88,217.88,217.75,217.75,-0.06,1557.28,346290.44,-1
2022-07-04,2022-07-04 11:20:00,217.75,217.75,217.62,217.62,-0.06,1557.28,346290.44,-1
2022-07-04,2022-07-04 11:30:00,217.62,217.62,217.5,217.5,-0.06,1557.28,346290.44,-1
2022-07-04,2022-07-04 11:40:00,217.5,217.5,217.38,217.38,-0.06,1557.28,346290.44,-1
2022-07-04,2022-07-04 11:50:00,217.38,217.38,217.25,217.25,-0.06,1557.28,346290.44,-1
2022-07-04,2022-07-04 12:00:00,217.25,217.25,217.12,217.12,-0.06,1557.28,346290.44,-1
2022-07-04,2022-07-04 12:10:00,217.12,217.12,217.0,217.0,-0.06,1557.28,346290.44,-1
2022-07-04,2022-07-04 12:20:00,217.0,217.0,216.88,216.88,-0.06,1557.28,346290.44,-1
2022-07-04,2022-07-04 12:30:00,216.88,216.88,216.75,216.75,-0.06,1557.28,346290.44,-1
2022-07-04,2022-07-04 12:40:00,216.75,216.75,216.62,216.62,-0.06,1557.28,346290.44,-1
2022-07-04,2022-07-04 12:50:00,216.62,216.62,216.5,216.5,-0.06,1557.28,346290.44,-1
2022-07-04,2022-07-04 13:00:00,216.5,229.0,208.0,216.38,-0.06,1557.28,346290.44,-1
2022-07-04,2022-07-04 13:10:00,216.38,216.38,216.25,216.25,-0.06,1557.28,346290.44,-1
2022-07-04,2022-07-04 13:20:00,216.25,216.25,216.12,216.12,-0.06,1557.28,346290.44,-1
2022-07-04,2022-07-04 13:30:00,216.12,216.12,216.0,216.0,-0.06,1557.28,346290.44,-1
2022-07-04,2022-07-04 13:40:00,216.0,216.0,215.88,215.88,-0.06,1557.28,346290.44,-1
2022-07-04,2022-07-04 13:50:00,215.88,215.88,215.75,215.75,-0.06,1557.28,346290.44,-1
2022-07-04,2022-07-04 14:00:00,215.75,215.75,215.62,215.62,-0.06,1557.28,346290.44,-1
2022-07-04,2022-07-04 14:10:00,215.62,215.62,215.5,215.5,-0.06,1557.28,346290.44,-1
2022-07-04,2022-07-04 14:20:00,215.5,215.5,215.38,215.38,-0.06,1557.28,346290.44,-1
2022-07-04,2022-07-04 14:30:00,215.38,215.38,215.25,215.25,-0.06,1557.28,346290.44,-1
2022-07-04,2022-07-04 14:40:00,215.25,215.25,215.12,215.12,-0.06,1557.28,346290.44,-1
2022-07-04,2022-07-04 14:50:00,215.12,215.12,215.0,215.0,-0.06,1557.28,346290.44,-1
2022-07-04,2022-07-04 15:00:00,215.0,229.0,208.0,215.0,0.0,1557.28,346290.44,0
2022-07-05,2022-07-05 11:00:00,215.0,216.47,211.4,214.5,-0.23,804.8,169339.68,-1
2022-07-05,2022-07-05 11:10:00,214.5,214.5,214.0,214.0,-0.23,804.8,169339.68,-1
2022-07-05,2022-07-05 11:20:00,214.0,214.0,213.5,213.5,-0.23,804.8,169339.68,-1
2022-07-05,2022-07-05 11:30:00,213.5,213.5,213.0,213.0,-0.23,804.8,169339.68,-1
2022-07-05,2022-07-05 11:40:00,213.0,213.0,212.5,212.5,-0.23,804.8,169339.68,-1
2022-07-05,2022-07-05 11:50:00,212.5,212.5,212.0,212.0,-0.24,804.8,169339.68,-1
2022-07-05,2022-07-05 12:00:00,212.0,212.0,211.5,211.5,-0.24,804.8,169339.68,-1
2022-07-05,2022-07-05 12:10:00,211.5,211.5,211.0,211.0,-0.24,804.8,169339.68,-1
2022-07-05,2022-07-05 12:20:00,211.0,211.0,210.5,210.5,-0.24,804.8,169339.68,-1
2022-07-05,2022-07-05 12:30:00,210.5,210.5,210.0,210.0,-0.24,804.8,169339.68,-1
2022-07-05,2022-07-05 12:40:00,210.0,210.0,209.5,209.5,-0.24,804.8,169339.68,-1
2022-07-05,2022-07-05 12:50:00,209.5,209.5,209.0,209.0,-0.24,804.8,169339.68,-1
2022-07-05,2022-07-05 13:00:00,209.0,219.9,203.0,208.5,-0.24,804.8,169339.68,-1
2022-07-05,2022-07-05 13:10:00,208.5,208.5,208.0,208.0,-0.24,804.8,169339.68,-1
2022-07-05,2022-07-05 13:20:00,208.0,208.0,207.5,207.5,-0.24,804.8,169339.68,-1
2022-07-05,2022-07-05 13:30:00,207.5,207.5,207.0,207.0,-0.24,804.8,169339.68,-1
2022-07-05,2022-07-05 13:40:00,207.0,207.0,206.5,206.5,-0.24,804.8,169339.68,-1
2022-07-05,2022-07-05 13:50:00,206.5,206.5,206.0,206.0,-0.24,804.8,169339.68,-1
2022-07-05,2022-07-05 14:00:00,206.0,206.0,205.5,205.5,-0.24,804.8,169339.68,-1
2022-07-05,2022-07-05 14:10:00,205.5,205.5,205.0,205.0,-0.24,804.8,169339.68,-1
2022-07-05,2022-07-05 14:20:00,205.0,205.0,204.5,204.5,-0.24,804.8,169339.68,-1
2022-07-05,2022-07-05 14:30:00,204.5,204.5,204.0,204.0,-0.24,804.8,169339.68,-1
2022-07-05,2022-07-05 14:40:00,204.0,204.0,203.5,203.5,-0.25,804.8,169339.68,-1
2022-07-05,2022-07-05 14:50:00,203.5,203.5,203.0,203.0,-0.25,804.8,169339.68,-1
2022-07-05,2022-07-05 15:00:00,203.0,219.9,203.0,203.0,0.0,804.8,169339.68,0
2022-07-06,2022-07-06 11:00:00,203.0,205.4,201.8,203.29,0.14,789.92,161027.4,1
2022-07-06,2022-07-06 11:10:00,203.29,203.58,203.29,203.58,0.14,789.92,161027.4,1
2022-07-06,2022-07-06 11:20:00,203.58,203.88,203.58,203.88,0.15,789.92,161027.4,1
2022-07-06,2022-07-06 11:30:00,203.88,204.17,203.88,204.17,0.14,789.92,161027.4,1
2022-07-06,2022-07-06 11:40:00,204.17,204.46,204.17,204.46,0.14,789.92,161027.4,1
2022-07-06,2022-07-06 11:50:00,204.46,204.75,204.46,204.75,0.14,789.92,161027.4,1
2022-07-06,2022-07-06 12:00:00,204.75,205.04,204.75,205.04,0.14,789.92,161027.4,1
2022-07-06,2022-07-06 12:10:00,205.04,205.33,205.04,205.33,0.14,789.92,161027.4,1
2022-07-06,2022-07-06 12:20:00,205.33,205.62,205.33,205.62,0.14,789.92,161027.4,1
2022-07-06,2022-07-06 12:30:00,205.62,205.92,205.62,205.92,0.15,789.92,161027.4,1
2022-07-06,2022-07-06 12:40:00,205.92,206.21,205.92,206.21,0.14,789.92,161027.4,1
2022-07-06,2022-07-06 12:50:00,206.21,206.5,206.21,206.5,0.14,789.92,161027.4,1
2022-07-06,2022-07-06 13:00:00,206.5,211.0,199.0,206.79,0.14,789.92,161027.4,1
2022-07-06,2022-07-06 13:10:00,206.79,207.08,206.79,207.08,0.14,789.92,161027.4,1
2022-07-06,2022-07-06 13:20:00,207.08,207.38,207.08,207.38,0.14,789.92,161027.4,1
2022-07-06,2022-07-06 13:30:00,207.38,207.67,207.38,207.67,0.14,789.92,161027.4,1
2022-07-06,2022-07-06 13:40:00,207.67,207.96,207.67,207.96,0.14,789.92,161027.4,1
2022-07-06,2022-07-06 13:50:00,207.96,208.25,207.96,208.25,0.14,789.92,161027.4,1
2022-07-06,2022-07-06 14:00:00,208.25,208.54,208.25,208.54,0.14,789.92,161027.4,1
2022-07-06,2022-07-06 14:10:00,208.54,208.83,208.54,208.83,0.14,789.92,161027.4,1
2022-07-06,2022-07-06 14:20:00,208.83,209.12,208.83,209.12,0.14,789.92,161027.4,1
2022-07-06,2022-07-06 14:30:00,209.12,209.42,209.12,209.42,0.14,789.92,161027.4,1
2022-07-06,2022-07-06 14:40:00,209.42,209.71,209.42,209.71,0.14,789.92,161027.4,1
2022-07-06,2022-07-06 14:50:00,209.71,210.0,209.71,210.0,0.14,789.92,161027.4,1
2022-07-06,2022-07-06 15:00:00,210.0,211.0,199.0,210.0,0.0,789.92,161027.4,0
2022-07-07,2022-07-07 11:00:00,214.2,214.74,212.64,213.98,-0.1,317.6,67037.52,-1
2022-07-07,2022-07-07 11:10:00,213.98,213.98,213.77,213.77,-0.1,317.6,67037.52,-1
2022-07-07,2022-07-07 11:20:00,213.77,213.77,213.55,213.55,-0.1,317.6,67037.52,-1
2022-07-07,2022-07-07 11:30:00,213.55,213.55,213.33,213.33,-0.1,317.6,67037.52,-1
2022-07-07,2022-07-07 11:40:00,213.33,213.33,213.12,213.12,-0.1,317.6,67037.52,-1
2022-07-07,2022-07-07 11:50:00,213.12,213.12,212.9,212.9,-0.1,317.6,67037.52,-1
2022-07-07,2022-07-07 12:00:00,212.9,212.9,212.68,212.68,-0.1,317.6,67037.52,-1
2022-07-07,2022-07-07 12:10:00,212.68,212.68,212.47,212.47,-0.1,317.6,67037.52,-1
2022-07-07,2022-07-07 12:20:00,212.47,212.47,212.25,212.25,-0.1,317.6,67037.52,-1
2022-07-07,2022-07-07 12:30:00,212.25,212.25,212.03,212.03,-0.1,317.6,67037.52,-1
2022-07-07,2022-07-07 12:40:00,212.03,212.03,211.82,211.82,-0.1,317.6,67037.52,-1
2022-07-07,2022-07-07 12:50:00,211.82,211.82,211.6,211.6,-0.1,317.6,67037.52,-1
2022-07-07,2022-07-07 13:00:00,211.6,216.0,209.0,211.38,-0.1,317.6,67037.52,-1
2022-07-07,2022-07-07 13:10:00,211.38,211.38,211.17,211.17,-0.1,317.6,67037.52,-1
2022-07-07,2022-07-07 13:20:00,211.17,211.17,210.95,210.95,-0.1,317.6,67037.52,-1
2022-07-07,2022-07-07 13:30:00,210.95,210.95,210.73,210.73,-0.1,317.6,67037.52,-1
2022-07-07,2022-07-07 13:40:00,210.73,210.73,210.52,210.52,-0.1,317.6,67037.52,-1
2022-07-07,2022-07-07 13:50:00,210.52,210.52,210.3,210.3,-0.1,317.6,67037.52,-1
2022-07-07,2022-07-07 14:00:00,210.3,210.3,210.08,210.08,-0.1,317.6,67037.52,-1
2022-07-07,2022-07-07 14:10:00,210.08,210.08,209.87,209.87,-0.1,317.6,67037.52,-1
2022-07-07,2022-07-07 14:20:00,209.87,209.87,209.65,209.65,-0.1,317.6,67037.52,-1
2022-07-07,2022-07-07 14:30:00,209.65,209.65,209.43,209.43,-0.1,317.6,67037.52,-1
2022-07-07,2022-07-07 14:40:00,209.43,209.43,209.22,209.22,-0.1,317.6,67037.52,-1
2022-07-07,2022-07-07 14:50:00,209.22,209.22,209.0,209.0,-0.11,317.6,67037.52,-1
2022-07-07,2022-07-07 15:00:00,209.0,216.0,209.0,209.0,0.0,317.6,67037.52,0
2022-07-08,2022-07-08 11:00:00,205.0,205.0,203.86,204.92,-0.04,351.32,71286.25,-1
2022-07-08,2022-07-08 11:10:00,204.92,204.92,204.83,204.83,-0.04,351.32,71286.25,-1
2022-07-08,2022-07-08 11:20:00,204.83,204.83,204.75,204.75,-0.04,351.32,71286.25,-1
2022-07-08,2022-07-08 11:30:00,204.75,204.75,204.67,204.67,-0.04,351.32,71286.25,-1
2022-07-08,2022-07-08 11:40:00,204.67,204.67,204.58,204.58,-0.04,351.32,71286.25,-1
2022-07-08,2022-07-08 11:50:00,204.58,204.58,204.5,204.5,-0.04,351.32,71286.25,-1
2022-07-08,2022-07-08 12:00:00,204.5,204.5,204.42,204.42,-0.04,351.32,71286.25,-1
2022-07-08,2022-07-08 12:10:00,204.42,204.42,204.33,204.33,-0.04,351.32,71286.25,-1
2022-07-08,2022-07-08 12:20:00,204.33,204.33,204.25,204.25,-0.04,351.32,71286.25,-1
2022-07-08,2022-07-08 12:30:00,204.25,204.25,204.17,204.17,-0.04,351.32,71286.25,-1
2022-07-08,2022-07-08 12:40:00,204.17,204.17,204.08,204.08,-0.04,351.32,71286.25,-1
2022-07-08,2022-07-08 12:50:00,204.08,204.08,204.0,204.0,-0.04,351.32,71286.25,-1
2022-07-08,2022-07-08 13:00:00,204.0,205.0,201.2,203.92,-0.04,351.32,71286.25,-1
2022-07-08,2022-07-08 13:10:00,203.92,203.92,203.83,203.83,-0.04,351.32,71286.25,-1
2022-07-08,2022-07-08 13:20:00,203.83,203.83,203.75,203.75,-0.04,351.32,71286.25,-1
2022-07-08,2022-07-08 13:30:00,203.75,203.75,203.67,203.67,-0.04,351.32,71286.25,-1
2022-07-08,2022-07-08 13:40:00,203.67,203.67,203.58,203.58,-0.04,351.32,71286.25,-1
2022-07-08,2022-07-08 13:50:00,203.58,203.58,203.5,203.5,-0.04,351.32,71286.25,-1
2022-07-08,2022-07-08 14:00:00,203.5,203.5,203.42,203.42,-0.04,351.32,71286.25,-1
2022-07-08,2022-07-08 14:10:00,203.42,203.42,203.33,203.33,-0.04,351.32,71286.25,-1
2022-07-08,2022-07-08 14:20:00,203.33,203.33,203.25,203.25,-0.04,351.32,71286.25,-1
2022-07-08,2022-07-08 14:30:00,203.25,203.25,203.17,203.17,-0.04,351.32,71286.25,-1
2022-07-08,2022-07-08 14:40:00,203.17,203.17,203.08,203.08,-0.04,351.32,71286.25,-1
2022-07-08,2022-07-08 14:50:00,203.08,203.08,203.0,203.0,-0.04,351.32,71286.25,-1
2022-07-08,2022-07-08 15:00:00,203.0,205.0,201.2,203.0,0.0,351.32,71286.25,0
2022-07-11,2022-07-11 11:00:00,199.0,199.0,196.0,198.7,-0.15,546.08,105661.49,-1
2022-07-11,2022-07-11 11:10:00,198.7,198.7,198.41,198.41,-0.15,546.08,105661.49,-1
2022-07-11,2022-07-11 11:20:00,198.41,198.41,198.11,198.11,-0.15,546.08,105661.49,-1
2022-07-11,2022-07-11 11:30:00,198.11,198.11,197.82,197.82,-0.15,546.08,105661.49,-1
2022-07-11,2022-07-11 11:40:00,197.82,197.82,197.52,197.52,-0.15,546.08,105661.49,-1
2022-07-11,2022-07-11 11:50:00,197.52,197.52,197.22,197.22,-0.15,546.08,105661.49,-1
2022-07-11,2022-07-11 12:00:00,197.22,197.22,196.93,196.93,-0.15,546.08,105661.49,-1
2022-07-11,2022-07-11 12:10:00,196.93,196.93,196.63,196.63,-0.15,546.08,105661.49,-1
2022-07-11,2022-07-11 12:20:00,196.63,196.63,196.34,196.34,-0.15,546.08,105661.49,-1
2022-07-11,2022-07-11 12:30:00,196.34,196.34,196.04,196.04,-0.15,546.08,105661.49,-1
2022-07-11,2022-07-11 12:40:00,196.04,196.04,195.75,195.75,-0.15,546.08,105661.49,-1
2022-07-11,2022-07-11 12:50:00,195.75,195.75,195.45,195.45,-0.15,546.08,105661.49,-1
2022-07-11,2022-07-11 13:00:00,195.45,199.0,189.0,195.15,-0.15,546.08,105661.49,-1
2022-07-11,2022-07-11 13:10:00,195.15,195.15,194.86,194.86,-0.15,546.08,105661.49,-1
2022-07-11,2022-07-11 13:20:00,194.86,194.86,194.56,194.56,-0.15,546.08,105661.49,-1
2022-07-11,2022-07-11 13:30:00,194.56,194.56,194.27,194.27,-0.15,546.08,105661.49,-1
2022-07-11,2022-07-11 13:40:00,194.27,194.27,193.97,193.97,-0.15,546.08,105661.49,-1
2022-07-11,2022-07-11 13:50:00,193.97,193.97,193.68,193.68,-0.15,546.08,105661.49,-1
2022-07-11,2022-07-11 14:00:00,193.68,193.68,193.38,193.38,-0.15,546.08,105661.49,-1
2022-07-11,2022-07-11 14:10:00,193.38,193.38,193.08,193.08,-0.16,546.08,105661.49,-1
2022-07-11,2022-07-11 14:20:00,193.08,193.08,192.79,192.79,-0.15,546.08,105661.49,-1
2022-07-11,2022-07-11 14:30:00,192.79,192.79,192.49,192.49,-0.16,546.08,105661.49,-1
2022-07-11,2022-07-11 14:40:00,192.49,192.49,192.2,192.2,-0.15,546.08,105661.49,-1
2022-07-11,2022-07-11 14:50:00,192.2,192.2,191.9,191.9,-0.16,546.08,105661.49,-1
2022-07-11,2022-07-11 15:00:00,191.9,199.0,189.0,191.9,0.0,546.08,105661.49,0
2022-07-12,2022-07-12 11:00:00,191.0,194.24,190.7,191.12,0.06,724.84,140899.37,1
2022-07-12,2022-07-12 11:10:00,191.12,191.25,191.12,191.25,0.07,724.84,140899.37,1
2022-07-12,2022-07-12 11:20:00,191.25,191.38,191.25,191.38,0.07,724.84,140899.37,1
2022-07-12,2022-07-12 11:30:00,191.38,191.5,191.38,191.5,0.06,724.84,140899.37,1
2022-07-12,2022-07-12 11:40:00,191.5,191.62,191.5,191.62,0.06,724.84,140899.37,1
2022-07-12,2022-07-12 11:50:00,191.62,191.75,191.62,191.75,0.07,724.84,140899.37,1
2022-07-12,2022-07-12 12:00:00,191.75,191.88,191.75,191.88,0.07,724.84,140899.37,1
2022-07-12,2022-07-12 12:10:00,191.88,192.0,191.88,192.0,0.06,724.84,140899.37,1
2022-07-12,2022-07-12 12:20:00,192.0,192.12,192.0,192.12,0.06,724.84,140899.37,1
2022-07-12,2022-07-12 12:30:00,192.12,192.25,192.12,192.25,0.07,724.84,140899.37,1
2022-07-12,2022-07-12 12:40:00,192.25,192.38,192.25,192.38,0.07,724.84,140899.37,1
2022-07-12,2022-07-12 12:50:00,192.38,192.5,192.38,192.5,0.06,724.84,140899.37,1
2022-07-12,2022-07-12 13:00:00,192.5,201.8,190.0,192.62,0.06,724.84,140899.37,1
2022-07-12,2022-07-12 13:10:00,192.62,192.75,192.62,192.75,0.07,724.84,140899.37,1
2022-07-12,2022-07-12 13:20:00,192.75,192.88,192.75,192.88,0.07,724.84,140899.37,1
2022-07-12,2022-07-12 13:30:00,192.88,193.0,192.88,193.0,0.06,724.84,140899.37,1
2022-07-12,2022-07-12 13:40:00,193.0,193.12,193.0,193.12,0.06,724.84,140899.37,1
2022-07-12,2022-07-12 13:50:00,193.12,193.25,193.12,193.25,0.07,724.84,140899.37,1
2022-07-12,2022-07-12 14:00:00,193.25,193.38,193.25,193.38,0.07,724.84,140899.37,1
2022-07-12,2022-07-12 14:10:00,193.38,193.5,193.38,193.5,0.06,724.84,140899.37,1
2022-07-12,2022-07-12 14:20:00,193.5,193.62,193.5,193.62,0.06,724.84,140899.37,1
2022-07-12,2022-07-12 14:30:00,193.62,193.75,193.62,193.75,0.07,724.84,140899.37,1
2022-07-12,2022-07-12 14:40:00,193.75,193.88,193.75,193.88,0.07,724.84,140899.37,1
2022-07-12,2022-07-12 14:50:00,193.88,194.0,193.88,194.0,0.06,724.84,140899.37,1
2022-07-12,2022-07-12 15:00:00,194.0,201.8,190.0,194.0,0.0,724.84,140899.37,0
2022-07-13,2022-07-13 11:00:00,197.8,202.36,197.8,198.23,0.22,467.0,95113.19,1
2022-07-13,2022-07-13 11:10:00,198.23,198.65,198.23,198.65,0.21,467.0,95113.19,1
2022-07-13,2022-07-13 11:20:00,198.65,199.08,198.65,199.08,0.22,467.0,95113.19,1
2022-07-13,2022-07-13 11:30:00,199.08,199.5,199.08,199.5,0.21,467.0,95113.19,1
2022-07-13,2022-07-13 11:40:00,199.5,199.93,199.5,199.93,0.22,467.0,95113.19,1
2022-07-13,2022-07-13 11:50:00,199.93,200.35,199.93,200.35,0.21,467.0,95113.19,1
2022-07-13,2022-07-13 12:00:00,200.35,200.78,200.35,200.78,0.21,467.0,95113.19,1
2022-07-13,2022-07-13 12:10:00,200.78,201.2,200.78,201.2,0.21,467.0,95113.19,1
2022-07-13,2022-07-13 12:20:00,201.2,201.62,201.2,201.62,0.21,467.0,95113.19,1
2022-07-13,2022-07-13 12:30:00,201.62,202.05,201.62,202.05,0.21,467.0,95113.19,1
2022-07-13,2022-07-13 12:40:00,202.05,202.47,202.05,202.47,0.21,467.0,95113.19,1
2022-07-13,2022-07-13 12:50:00,202.47,202.9,202.47,202.9,0.21,467.0,95113.19,1
2022-07-13,2022-07-13 13:00:00,202.9,213.0,197.8,203.33,0.21,467.0,95113.19,1
2022-07-13,2022-07-13 13:10:00,203.33,203.75,203.33,203.75,0.21,467.0,95113.19,1
2022-07-13,2022-07-13 13:20:00,203.75,204.18,203.75,204.18,0.21,467.0,95113.19,1
2022-07-13,2022-07-13 13:30:00,204.18,204.6,204.18,204.6,0.21,467.0,95113.19,1
2022-07-13,2022-07-13 13:40:00,204.6,205.03,204.6,205.03,0.21,467.0,95113.19,1
2022-07-13,2022-07-13 13:50:00,205.03,205.45,205.03,205.45,0.2,467.0,95113.19,1
2022-07-13,2022-07-13 14:00:00,205.45,205.88,205.45,205.88,0.21,467.0,95113.19,1
2022-07-13,2022-07-13 14:10:00,205.88,206.3,205.88,206.3,0.2,467.0,95113.19,1
2022-07-13,2022-07-13 14:20:00,206.3,206.72,206.3,206.72,0.2,467.0,95113.19,1
2022-07-13,2022-07-13 14:30:00,206.72,207.15,206.72,207.15,0.21,467.0,95113.19,1
2022-07-13,2022-07-13 14:40:00,207.15,207.57,207.15,207.57,0.2,467.0,95113.19,1
2022-07-13,2022-07-13 14:50:00,207.57,208.0,207.57,208.0,0.21,467.0,95113.19,1
2022-07-13,2022-07-13 15:00:00,208.0,213.0,197.8,208.0,0.0,467.0,95113.19,0
2022-07-14,2022-07-14 11:00:00,212.0,212.0,208.1,211.83,-0.08,327.68,68009.97,-1
2022-07-14,2022-07-14 11:10:00,211.83,211.83,211.67,211.67,-0.08,327.68,68009.97,-1
2022-07-14,2022-07-14 11:20:00,211.67,211.67,211.5,211.5,-0.08,327.68,68009.97,-1
2022-07-14,2022-07-14 11:30:00,211.5,211.5,211.33,211.33,-0.08,327.68,68009.97,-1
2022-07-14,2022-07-14 11:40:00,211.33,211.33,211.17,211.17,-0.08,327.68,68009.97,-1
2022-07-14,2022-07-14 11:50:00,211.17,211.17,211.0,211.0,-0.08,327.68,68009.97,-1
2022-07-14,2022-07-14 12:00:00,211.0,211.0,210.83,210.83,-0.08,327.68,68009.97,-1
2022-07-14,2022-07-14 12:10:00,210.83,210.83,210.67,210.67,-0.08,327.68,68009.97,-1
2022-07-14,2022-07-14 12:20:00,210.67,210.67,210.5,210.5,-0.08,327.68,68009.97,-1
2022-07-14,2022-07-14 12:30:00,210.5,210.5,210.33,210.33,-0.08,327.68,68009.97,-1
2022-07-14,2022-07-14 12:40:00,210.33,210.33,210.17,210.17,-0.08,327.68,68009.97,-1
2022-07-14,2022-07-14 12:50:00,210.17,210.17,210.0,210.0,-0.08,327.68,68009.97,-1
2022-07-14,2022-07-14 13:00:00,210.0,212.0,199.0,209.83,-0.08,327.68,68009.97,-1
2022-07-14,2022-07-14 13:10:00,209.83,209.83,209.67,209.67,-0.08,327.68,68009.97,-1
2022-07-14,2022-07-14 13:20:00,209.67,209.67,209.5,209.5,-0.08,327.68,68009.97,-1
2022-07-14,2022-07-14 13:30:00,209.5,209.5,209.33,209.33,-0.08,327.68,68009.97,-1
2022-07-14,2022-07-14 13:40:00,209.33,209.33,209.17,209.17,-0.08,327.68,68009.97,-1
2022-07-14,2022-07-14 13:50:00,209.17,209.17,209.0,209.0,-0.08,327.68,68009.97,-1
2022-07-14,2022-07-14 14:00:00,209.0,209.0,208.83,208.83,-0.08,327.68,68009.97,-1
2022-07-14,2022-07-14 14:10:00,208.83,208.83,208.67,208.67,-0.08,327.68,68009.97,-1
2022-07-14,2022-07-14 14:20:00,208.67,208.67,208.5,208.5,-0.08,327.68,68009.97,-1
2022-07-14,2022-07-14 14:30:00,208.5,208.5,208.33,208.33,-0.08,327.68,68009.97,-1
2022-07-14,2022-07-14 14:40:00,208.33,208.33,208.17,208.17,-0.08,327.68,68009.97,-1
2022-07-14,2022-07-14 14:50:00,208.17,208.17,208.0,208.0,-0.08,327.68,68009.97,-1
2022-07-14,2022-07-14 15:00:00,208.0,212.0,199.0,208.0,0.0,327.68,68009.97,0
2022-07-15,2022-07-15 11:00:00,205.0,205.87,203.53,204.92,-0.04,235.28,48005.14,-1
2022-07-15,2022-07-15 11:10:00,204.92,204.92,204.83,204.83,-0.04,235.28,48005.14,-1
2022-07-15,2022-07-15 11:20:00,204.83,204.83,204.75,204.75,-0.04,235.28,48005.14,-1
2022-07-15,2022-07-15 11:30:00,204.75,204.75,204.67,204.67,-0.04,235.28,48005.14,-1
2022-07-15,2022-07-15 11:40:00,204.67,204.67,204.58,204.58,-0.04,235.28,48005.14,-1
2022-07-15,2022-07-15 11:50:00,204.58,204.58,204.5,204.5,-0.04,235.28,48005.14,-1
2022-07-15,2022-07-15 12:00:00,204.5,204.5,204.42,204.42,-0.04,235.28,48005.14,-1
2022-07-15,2022-07-15 12:10:00,204.42,204.42,204.33,204.33,-0.04,235.28,48005.14,-1
2022-07-15,2022-07-15 12:20:00,204.33,204.33,204.25,204.25,-0.04,235.28,48005.14,-1
2022-07-15,2022-07-15 12:30:00,204.25,204.25,204.17,204.17,-0.04,235.28,48005.14,-1
2022-07-15,2022-07-15 12:40:00,204.17,204.17,204.08,204.08,-0.04,235.28,48005.14,-1
2022-07-15,2022-07-15 12:50:00,204.08,204.08,204.0,204.0,-0.04,235.28,48005.14,-1
2022-07-15,2022-07-15 13:00:00,204.0,207.9,200.1,203.92,-0.04,235.28,48005.14,-1
2022-07-15,2022-07-15 13:10:00,203.92,203.92,203.83,203.83,-0.04,235.28,48005.14,-1
2022-07-15,2022-07-15 13:20:00,203.83,203.83,203.75,203.75,-0.04,235.28,48005.14,-1
2022-07-15,2022-07-15 13:30:00,203.75,203.75,203.67,203.67,-0.04,235.28,48005.14,-1
2022-07-15,2022-07-15 13:40:00,203.67,203.67,203.58,203.58,-0.04,235.28,48005.14,-1
2022-07-15,2022-07-15 13:50:00,203.58,203.58,203.5,203.5,-0.04,235.28,48005.14,-1
2022-07-15,2022-07-15 14:00:00,203.5,203.5,203.42,203.42,-0.04,235.28,48005.14,-1
2022-07-15,2022-07-15 14:10:00,203.42,203.42,203.33,203.33,-0.04,235.28,48005.14,-1
2022-07-15,2022-07-15 14:20:00,203.33,203.33,203.25,203.25,-0.04,235.28,48005.14,-1
2022-07-15,2022-07-15 14:30:00,203.25,203.25,203.17,203.17,-0.04,235.28,48005.14,-1
2022-07-15,2022-07-15 14:40:00,203.17,203.17,203.08,203.08,-0.04,235.28,48005.14,-1
2022-07-15,2022-07-15 14:50:00,203.08,203.08,203.0,203.0,-0.04,235.28,48005.14,-1
2022-07-15,2022-07-15 15:00:00,203.0,207.9,200.1,203.0,0.0,235.28,48005.14,0
2022-07-17,2022-07-17 11:00:00,203.0,203.6,202.1,202.88,-0.06,157.88,31897.06,-1
2022-07-17,2022-07-17 11:10:00,202.88,202.88,202.76,202.76,-0.06,157.88,31897.06,-1
2022-07-17,2022-07-17 11:20:00,202.76,202.76,202.64,202.64,-0.06,157.88,31897.06,-1
2022-07-17,2022-07-17 11:30:00,202.64,202.64,202.52,202.52,-0.06,157.88,31897.06,-1
2022-07-17,2022-07-17 11:40:00,202.52,202.52,202.4,202.4,-0.06,157.88,31897.06,-1
2022-07-17,2022-07-17 11:50:00,202.4,202.4,202.28,202.28,-0.06,157.88,31897.06,-1
2022-07-17,2022-07-17 12:00:00,202.28,202.28,202.15,202.15,-0.06,157.88,31897.06,-1
2022-07-17,2022-07-17 12:10:00,202.15,202.15,202.03,202.03,-0.06,157.88,31897.06,-1
2022-07-17,2022-07-17 12:20:00,202.03,202.03,201.91,201.91,-0.06,157.88,31897.06,-1
2022-07-17,2022-07-17 12:30:00,201.91,201.91,201.79,201.79,-0.06,157.88,31897.06,-1
2022-07-17,2022-07-17 12:40:00,201.79,201.79,201.67,201.67,-0.06,157.88,31897.06,-1
2022-07-17,2022-07-17 12:50:00,201.67,201.67,201.55,201.55,-0.06,157.88,31897.06,-1
2022-07-17,2022-07-17 13:00:00,201.55,205.0,200.0,201.43,-0.06,157.88,31897.06,-1
2022-07-17,2022-07-17 13:10:00,201.43,201.43,201.31,201.31,-0.06,157.88,31897.06,-1
2022-07-17,2022-07-17 13:20:00,201.31,201.31,201.19,201.19,-0.06,157.88,31897.06,-1
2022-07-17,2022-07-17 13:30:00,201.19,201.19,201.07,201.07,-0.06,157.88,31897.06,-1
2022-07-17,2022-07-17 13:40:00,201.07,201.07,200.95,200.95,-0.06,157.88,31897.06,-1
2022-07-17,2022-07-17 13:50:00,200.95,200.95,200.82,200.82,-0.06,157.88,31897.06,-1
2022-07-17,2022-07-17 14:00:00,200.82,200.82,200.7,200.7,-0.06,157.88,31897.06,-1
2022-07-17,2022-07-17 14:10:00,200.7,200.7,200.58,200.58,-0.06,157.88,31897.06,-1
2022-07-17,2022-07-17 14:20:00,200.58,200.58,200.46,200.46,-0.06,157.88,31897.06,-1
2022-07-17,2022-07-17 14:30:00,200.46,200.46,200.34,200.34,-0.06,157.88,31897.06,-1
2022-07-17,2022-07-17 14:40:00,200.34,200.34,200.22,200.22,-0.06,157.88,31897.06,-1
2022-07-17,2022-07-17 14:50:00,200.22,200.22,200.1,200.1,-0.06,157.88,31897.06,-1
2022-07-17,2022-07-17 15:00:00,200.1,205.0,200.0,200.1,0.0,157.88,31897.06,0
2022-07-18,2022-07-18 11:00:00,200.1,201.57,200.1,200.26,0.08,335.4,67992.26,1
2022-07-18,2022-07-18 11:10:00,200.26,200.42,200.26,200.42,0.08,335.4,67992.26,1
2022-07-18,2022-07-18 11:20:00,200.42,200.59,200.42,200.59,0.08,335.4,67992.26,1
2022-07-18,2022-07-18 11:30:00,200.59,200.75,200.59,200.75,0.08,335.4,67992.26,1
2022-07-18,2022-07-18 11:40:00,200.75,200.91,200.75,200.91,0.08,335.4,67992.26,1
2022-07-18,2022-07-18 11:50:00,200.91,201.07,200.91,201.07,0.08,335.4,67992.26,1
2022-07-18,2022-07-18 12:00:00,201.07,201.24,201.07,201.24,0.08,335.4,67992.26,1
2022-07-18,2022-07-18 12:10:00,201.24,201.4,201.24,201.4,0.08,335.4,67992.26,1
2022-07-18,2022-07-18 12:20:00,201.4,201.56,201.4,201.56,0.08,335.4,67992.26,1
2022-07-18,2022-07-18 12:30:00,201.56,201.72,201.56,201.72,0.08,335.4,67992.26,1
2022-07-18,2022-07-18 12:40:00,201.72,201.89,201.72,201.89,0.08,335.4,67992.26,1
2022-07-18,2022-07-18 12:50:00,201.89,202.05,201.89,202.05,0.08,335.4,67992.26,1
2022-07-18,2022-07-18 13:00:00,202.05,205.0,200.1,202.21,0.08,335.4,67992.26,1
2022-07-18,2022-07-18 13:10:00,202.21,202.38,202.21,202.38,0.08,335.4,67992.26,1
2022-07-18,2022-07-18 13:20:00,202.38,202.54,202.38,202.54,0.08,335.4,67992.26,1
2022-07-18,2022-07-18 13:30:00,202.54,202.7,202.54,202.7,0.08,335.4,67992.26,1
2022-07-18,2022-07-18 13:40:00,202.7,202.86,202.7,202.86,0.08,335.4,67992.26,1
2022-07-18,2022-07-18 13:50:00,202.86,203.03,202.86,203.03,0.08,335.4,67992.26,1
2022-07-18,2022-07-18 14:00:00,203.03,203.19,203.03,203.19,0.08,335.4,67992.26,1
2022-07-18,2022-07-18 14:10:00,203.19,203.35,203.19,203.35,0.08,335.4,67992.26,1
2022-07-18,2022-07-18 14:20:00,203.35,203.51,203.35,203.51,0.08,335.4,67992.26,1
2022-07-18,2022-07-18 14:30:00,203.51,203.68,203.51,203.68,0.08,335.4,67992.26,1
2022-07-18,2022-07-18 14:40:00,203.68,203.84,203.68,203.84,0.08,335.4,67992.26,1
2022-07-18,2022-07-18 14:50:00,203.84,204.0,203.84,204.0,0.08,335.4,67992.26,1
2022-07-18,2022-07-18 15:00:00,204.0,205.0,200.1,204.0,0.0,335.4,67992.26,0
2022-07-19,2022-07-19 11:00:00,200.0,203.0,200.0,200.1,0.05,441.56,91942.25,1
2022-07-19,2022-07-19 11:10:00,200.1,200.2,200.1,200.2,0.05,441.56,91942.25,1
2022-07-19,2022-07-19 11:20:00,200.2,200.3,200.2,200.3,0.05,441.56,91942.25,1
2022-07-19,2022-07-19 11:30:00,200.3,200.4,200.3,200.4,0.05,441.56,91942.25,1
2022-07-19,2022-07-19 11:40:00,200.4,200.5,200.4,200.5,0.05,441.56,91942.25,1
2022-07-19,2022-07-19 11:50:00,200.5,200.6,200.5,200.6,0.05,441.56,91942.25,1
2022-07-19,2022-07-19 12:00:00,200.6,200.7,200.6,200.7,0.05,441.56,91942.25,1
2022-07-19,2022-07-19 12:10:00,200.7,200.8,200.7,200.8,0.05,441.56,91942.25,1
2022-07-19,2022-07-19 12:20:00,200.8,200.9,200.8,200.9,0.05,441.56,91942.25,1
2022-07-19,2022-07-19 12:30:00,200.9,201.0,200.9,201.0,0.05,441.56,91942.25,1
2022-07-19,2022-07-19 12:40:00,201.0,201.1,201.0,201.1,0.05,441.56,91942.25,1
2022-07-19,2022-07-19 12:50:00,201.1,201.2,201.1,201.2,0.05,441.56,91942.25,1
2022-07-19,2022-07-19 13:00:00,201.2,210.0,200.0,201.3,0.05,441.56,91942.25,1
2022-07-19,2022-07-19 13:10:00,201.3,201.4,201.3,201.4,0.05,441.56,91942.25,1
2022-07-19,2022-07-19 13:20:00,201.4,201.5,201.4,201.5,0.05,441.56,91942.25,1
2022-07-19,2022-07-19 13:30:00,201.5,201.6,201.5,201.6,0.05,441.56,91942.25,1
2022-07-19,2022-07-19 13:40:00,201.6,201.7,201.6,201.7,0.05,441.56,91942.25,1
2022-07-19,2022-07-19 13:50:00,201.7,201.8,201.7,201.8,0.05,441.56,91942.25,1
2022-07-19,2022-07-19 14:00:00,201.8,201.9,201.8,201.9,0.05,441.56,91942.25,1
2022-07-19,2022-07-19 14:10:00,201.9,202.0,201.9,202.0,0.05,441.56,91942.25,1
2022-07-19,2022-07-19 14:20:00,202.0,202.1,202.0,202.1,0.05,441.56,91942.25,1
2022-07-19,2022-07-19 14:30:00,202.1,202.2,202.1,202.2,0.05,441.56,91942.25,1
2022-07-19,2022-07-19 14:40:00,202.2,202.3,202.2,202.3,0.05,441.56,91942.25,1
2022-07-19,2022-07-19 14:50:00,202.3,202.4,202.3,202.4,0.05,441.56,91942.25,1
2022-07-19,2022-07-19 15:00:00,202.4,210.0,200.0,202.4,0.0,441.56,91942.25,0
2022-07-20,2022-07-20 11:00:00,203.1,205.17,203.1,203.22,0.06,448.08,92679.38,1
2022-07-20,2022-07-20 11:10:00,203.22,203.34,203.22,203.34,0.06,448.08,92679.38,1
2022-07-20,2022-07-20 11:20:00,203.34,203.46,203.34,203.46,0.06,448.08,92679.38,1
2022-07-20,2022-07-20 11:30:00,203.46,203.58,203.46,203.58,0.06,448.08,92679.38,1
2022-07-20,2022-07-20 11:40:00,203.58,203.7,203.58,203.7,0.06,448.08,92679.38,1
2022-07-20,2022-07-20 11:50:00,203.7,203.82,203.7,203.82,0.06,448.08,92679.38,1
2022-07-20,2022-07-20 12:00:00,203.82,203.95,203.82,203.95,0.06,448.08,92679.38,1
2022-07-20,2022-07-20 12:10:00,203.95,204.07,203.95,204.07,0.06,448.08,92679.38,1
2022-07-20,2022-07-20 12:20:00,204.07,204.19,204.07,204.19,0.06,448.08,92679.38,1
2022-07-20,2022-07-20 12:30:00,204.19,204.31,204.19,204.31,0.06,448.08,92679.38,1
2022-07-20,2022-07-20 12:40:00,204.31,204.43,204.31,204.43,0.06,448.08,92679.38,1
2022-07-20,2022-07-20 12:50:00,204.43,204.55,204.43,204.55,0.06,448.08,92679.38,1
2022-07-20,2022-07-20 13:00:00,204.55,210.0,203.1,204.67,0.06,448.08,92679.38,1
2022-07-20,2022-07-20 13:10:00,204.67,204.79,204.67,204.79,0.06,448.08,92679.38,1
2022-07-20,2022-07-20 13:20:00,204.79,204.91,204.79,204.91,0.06,448.08,92679.38,1
2022-07-20,2022-07-20 13:30:00,204.91,205.03,204.91,205.03,0.06,448.08,92679.38,1
2022-07-20,2022-07-20 13:40:00,205.03,205.15,205.03,205.15,0.06,448.08,92679.38,1
2022-07-20,2022-07-20 13:50:00,205.15,205.28,205.15,205.28,0.06,448.08,92679.38,1
2022-07-20,2022-07-20 14:00:00,205.28,205.4,205.28,205.4,0.06,448.08,92679.38,1
2022-07-20,2022-07-20 14:10:00,205.4,205.52,205.4,205.52,0.06,448.08,92679.38,1
2022-07-20,2022-07-20 14:20:00,205.52,205.64,205.52,205.64,0.06,448.08,92679.38,1
2022-07-20,2022-07-20 14:30:00,205.64,205.76,205.64,205.76,0.06,448.08,92679.38,1
2022-07-20,2022-07-20 14:40:00,205.76,205.88,205.76,205.88,0.06,448.08,92679.38,1
2022-07-20,2022-07-20 14:50:00,205.88,206.0,205.88,206.0,0.06,448.08,92679.38,1
2022-07-20,2022-07-20 15:00:00,206.0,210.0,203.1,206.0,0.0,448.08,92679.38,0
2022-07-21,2022-07-21 11:00:00,205.0,205.0,203.8,204.89,-0.05,452.48,91538.23,-1
2022-07-21,2022-07-21 11:10:00,204.89,204.89,204.78,204.78,-0.05,452.48,91538.23,-1
2022-07-21,2022-07-21 11:20:00,204.78,204.78,204.68,204.68,-0.05,452.48,91538.23,-1
2022-07-21,2022-07-21 11:30:00,204.68,204.68,204.57,204.57,-0.05,452.48,91538.23,-1
2022-07-21,2022-07-21 11:40:00,204.57,204.57,204.46,204.46,-0.05,452.48,91538.23,-1
2022-07-21,2022-07-21 11:50:00,204.46,204.46,204.35,204.35,-0.05,452.48,91538.23,-1
2022-07-21,2022-07-21 12:00:00,204.35,204.35,204.24,204.24,-0.05,452.48,91538.23,-1
2022-07-21,2022-07-21 12:10:00,204.24,204.24,204.13,204.13,-0.05,452.48,91538.23,-1
2022-07-21,2022-07-21 12:20:00,204.13,204.13,204.03,204.03,-0.05,452.48,91538.23,-1
2022-07-21,2022-07-21 12:30:00,204.03,204.03,203.92,203.92,-0.05,452.48,91538.23,-1
2022-07-21,2022-07-21 12:40:00,203.92,203.92,203.81,203.81,-0.05,452.48,91538.23,-1
2022-07-21,2022-07-21 12:50:00,203.81,203.81,203.7,203.7,-0.05,452.48,91538.23,-1
2022-07-21,2022-07-21 13:00:00,203.7,205.0,201.0,203.59,-0.05,452.48,91538.23,-1
2022-07-21,2022-07-21 13:10:00,203.59,203.59,203.48,203.48,-0.05,452.48,91538.23,-1
2022-07-21,2022-07-21 13:20:00,203.48,203.48,203.38,203.38,-0.05,452.48,91538.23,-1
2022-07-21,2022-07-21 13:30:00,203.38,203.38,203.27,203.27,-0.05,452.48,91538.23,-1
2022-07-21,2022-07-21 13:40:00,203.27,203.27,203.16,203.16,-0.05,452.48,91538.23,-1
2022-07-21,2022-07-21 13:50:00,203.16,203.16,203.05,203.05,-0.05,452.48,91538.23,-1
2022-07-21,2022-07-21 14:00:00,203.05,203.05,202.94,202.94,-0.05,452.48,91538.23,-1
2022-07-21,2022-07-21 14:10:00,202.94,202.94,202.83,202.83,-0.05,452.48,91538.23,-1
2022-07-21,2022-07-21 14:20:00,202.83,202.83,202.72,202.72,-0.05,452.48,91538.23,-1
2022-07-21,2022-07-21 14:30:00,202.72,202.72,202.62,202.62,-0.05,452.48,91538.23,-1
2022-07-21,2022-07-21 14:40:00,202.62,202.62,202.51,202.51,-0.05,452.48,91538.23,-1
2022-07-21,2022-07-21 14:50:00,202.51,202.51,202.4,202.4,-0.05,452.48,91538.23,-1
2022-07-21,2022-07-21 15:00:00,202.4,205.0,201.0,202.4,0.0,452.48,91538.23,0
2022-07-22,2022-07-22 11:00:00,201.0,201.0,200.1,200.88,-0.06,336.6,66789.06,-1
2022-07-22,2022-07-22 11:10:00,200.88,200.88,200.75,200.75,-0.06,336.6,66789.06,-1
2022-07-22,2022-07-22 11:20:00,200.75,200.75,200.62,200.62,-0.06,336.6,66789.06,-1
2022-07-22,2022-07-22 11:30:00,200.62,200.62,200.5,200.5,-0.06,336.6,66789.06,-1
2022-07-22,2022-07-22 11:40:00,200.5,200.5,200.38,200.38,-0.06,336.6,66789.06,-1
2022-07-22,2022-07-22 11:50:00,200.38,200.38,200.25,200.25,-0.06,336.6,66789.06,-1
2022-07-22,2022-07-22 12:00:00,200.25,200.25,200.12,200.12,-0.06,336.6,66789.06,-1
2022-07-22,2022-07-22 12:10:00,200.12,200.12,200.0,200.0,-0.06,336.6,66789.06,-1
2022-07-22,2022-07-22 12:20:00,200.0,200.0,199.88,199.88,-0.06,336.6,66789.06,-1
2022-07-22,2022-07-22 12:30:00,199.88,199.88,199.75,199.75,-0.07,336.6,66789.06,-1
2022-07-22,2022-07-22 12:40:00,199.75,199.75,199.62,199.62,-0.07,336.6,66789.06,-1
2022-07-22,2022-07-22 12:50:00,199.62,199.62,199.5,199.5,-0.06,336.6,66789.06,-1
2022-07-22,2022-07-22 13:00:00,199.5,201.0,198.0,199.38,-0.06,336.6,66789.06,-1
2022-07-22,2022-07-22 13:10:00,199.38,199.38,199.25,199.25,-0.07,336.6,66789.06,-1
2022-07-22,2022-07-22 13:20:00,199.25,199.25,199.12,199.12,-0.07,336.6,66789.06,-1
2022-07-22,2022-07-22 13:30:00,199.12,199.12,199.0,199.0,-0.06,336.6,66789.06,-1
2022-07-22,2022-07-22 13:40:00,199.0,199.0,198.88,198.88,-0.06,336.6,66789.06,-1
2022-07-22,2022-07-22 13:50:00,198.88,198.88,198.75,198.75,-0.07,336.6,66789.06,-1
2022-07-22,2022-07-22 14:00:00,198.75,198.75,198.62,198.62,-0.07,336.6,66789.06,-1
2022-07-22,2022-07-22 14:10:00,198.62,198.62,198.5,198.5,-0.06,336.6,66789.06,-1
2022-07-22,2022-07-22 14:20:00,198.5,198.5,198.38,198.38,-0.06,336.6,66789.06,-1
2022-07-22,2022-07-22 14:30:00,198.38,198.38,198.25,198.25,-0.07,336.6,66789.06,-1
2022-07-22,2022-07-22 14:40:00,198.25,198.25,198.12,198.12,-0.07,336.6,66789.06,-1
2022-07-22,2022-07-22 14:50:00,198.12,198.12,198.0,198.0,-0.06,336.6,66789.06,-1
2022-07-22,2022-07-22 15:00:00,198.0,201.0,198.0,198.0,0.0,336.6,66789.06,0
2022-07-24,2022-07-24 11:00:00,201.9,203.73,201.33,202.15,0.12,603.32,122533.44,1
2022-07-24,2022-07-24 11:10:00,202.15,202.41,202.15,202.41,0.13,603.32,122533.44,1
2022-07-24,2022-07-24 11:20:00,202.41,202.66,202.41,202.66,0.12,603.32,122533.44,1
2022-07-24,2022-07-24 11:30:00,202.66,202.92,202.66,202.92,0.13,603.32,122533.44,1
2022-07-24,2022-07-24 11:40:00,202.92,203.17,202.92,203.17,0.12,603.32,122533.44,1
2022-07-24,2022-07-24 11:50:00,203.17,203.43,203.17,203.43,0.13,603.32,122533.44,1
2022-07-24,2022-07-24 12:00:00,203.43,203.68,203.43,203.68,0.12,603.32,122533.44,1
2022-07-24,2022-07-24 12:10:00,203.68,203.93,203.68,203.93,0.12,603.32,122533.44,1
2022-07-24,2022-07-24 12:20:00,203.93,204.19,203.93,204.19,0.13,603.32,122533.44,1
2022-07-24,2022-07-24 12:30:00,204.19,204.44,204.19,204.44,0.12,603.32,122533.44,1
2022-07-24,2022-07-24 12:40:00,204.44,204.7,204.44,204.7,0.13,603.32,122533.44,1
2022-07-24,2022-07-24 12:50:00,204.7,204.95,204.7,204.95,0.12,603.32,122533.44,1
2022-07-24,2022-07-24 13:00:00,204.95,208.0,200.0,205.2,0.12,603.32,122533.44,1
2022-07-24,2022-07-24 13:10:00,205.2,205.46,205.2,205.46,0.13,603.32,122533.44,1
2022-07-24,2022-07-24 13:20:00,205.46,205.71,205.46,205.71,0.12,603.32,122533.44,1
2022-07-24,2022-07-24 13:30:00,205.71,205.97,205.71,205.97,0.13,603.32,122533.44,1
2022-07-24,2022-07-24 13:40:00,205.97,206.22,205.97,206.22,0.12,603.32,122533.44,1
2022-07-24,2022-07-24 13:50:00,206.22,206.47,206.22,206.47,0.12,603.32,122533.44,1
2022-07-24,2022-07-24 14:00:00,206.47,206.73,206.47,206.73,0.13,603.32,122533.44,1
2022-07-24,2022-07-24 14:10:00,206.73,206.98,206.73,206.98,0.12,603.32,122533.44,1
2022-07-24,2022-07-24 14:20:00,206.98,207.24,206.98,207.24,0.13,603.32,122533.44,1
2022-07-24,2022-07-24 14:30:00,207.24,207.49,207.24,207.49,0.12,603.32,122533.44,1
2022-07-24,2022-07-24 14:40:00,207.49,207.75,207.49,207.75,0.13,603.32,122533.44,1
2022-07-24,2022-07-24 14:50:00,207.75,208.0,207.75,208.0,0.12,603.32,122533.44,1
2022-07-24,2022-07-24 15:00:00,208.0,208.0,200.0,208.0,0.0,603.32,122533.44,0
2022-07-25,2022-07-25 11:00:00,212.0,215.12,211.4,212.42,0.2,1539.96,334707.88,1
2022-07-25,2022-07-25 11:10:00,212.42,212.83,212.42,212.83,0.19,1539.96,334707.88,1
2022-07-25,2022-07-25 11:20:00,212.83,213.25,212.83,213.25,0.2,1539.96,334707.88,1
2022-07-25,2022-07-25 11:30:00,213.25,213.67,213.25,213.67,0.2,1539.96,334707.88,1
2022-07-25,2022-07-25 11:40:00,213.67,214.08,213.67,214.08,0.19,1539.96,334707.88,1
2022-07-25,2022-07-25 11:50:00,214.08,214.5,214.08,214.5,0.2,1539.96,334707.88,1
2022-07-25,2022-07-25 12:00:00,214.5,214.92,214.5,214.92,0.2,1539.96,334707.88,1
2022-07-25,2022-07-25 12:10:00,214.92,215.33,214.92,215.33,0.19,1539.96,334707.88,1
2022-07-25,2022-07-25 12:20:00,215.33,215.75,215.33,215.75,0.2,1539.96,334707.88,1
2022-07-25,2022-07-25 12:30:00,215.75,216.17,215.75,216.17,0.19,1539.96,334707.88,1
2022-07-25,2022-07-25 12:40:00,216.17,216.58,216.17,216.58,0.19,1539.96,334707.88,1
2022-07-25,2022-07-25 12:50:00,216.58,217.0,216.58,217.0,0.19,1539.96,334707.88,1
2022-07-25,2022-07-25 13:00:00,217.0,222.4,210.0,217.42,0.19,1539.96,334707.88,1
2022-07-25,2022-07-25 13:10:00,217.42,217.83,217.42,217.83,0.19,1539.96,334707.88,1
2022-07-25,2022-07-25 13:20:00,217.83,218.25,217.83,218.25,0.19,1539.96,334707.88,1
2022-07-25,2022-07-25 13:30:00,218.25,218.67,218.25,218.67,0.19,1539.96,334707.88,1
2022-07-25,2022-07-25 13:40:00,218.67,219.08,218.67,219.08,0.19,1539.96,334707.88,1
2022-07-25,2022-07-25 13:50:00,219.08,219.5,219.08,219.5,0.19,1539.96,334707.88,1
2022-07-25,2022-07-25 14:00:00,219.5,219.92,219.5,219.92,0.19,1539.96,334707.88,1
2022-07-25,2022-07-25 14:10:00,219.92,220.33,219.92,220.33,0.19,1539.96,334707.88,1
2022-07-25,2022-07-25 14:20:00,220.33,220.75,220.33,220.75,0.19,1539.96,334707.88,1
2022-07-25,2022-07-25 14:30:00,220.75,221.17,220.75,221.17,0.19,1539.96,334707.88,1
2022-07-25,2022-07-25 14:40:00,221.17,221.58,221.17,221.58,0.19,1539.96,334707.88,1
2022-07-25,2022-07-25 14:50:00,221.58,222.0,221.58,222.0,0.19,1539.96,334707.88,1
2022-07-25,2022-07-25 15:00:00,222.0,222.4,210.0,222.0,0.0,1539.96,334707.88,0
2022-07-26,2022-07-26 11:00:00,222.0,223.5,218.91,221.74,-0.12,1153.28,252204.12,-1
2022-07-26,2022-07-26 11:10:00,221.74,221.74,221.48,221.48,-0.12,1153.28,252204.12,-1
2022-07-26,2022-07-26 11:20:00,221.48,221.48,221.22,221.22,-0.12,1153.28,252204.12,-1
2022-07-26,2022-07-26 11:30:00,221.22,221.22,220.97,220.97,-0.11,1153.28,252204.12,-1
2022-07-26,2022-07-26 11:40:00,220.97,220.97,220.71,220.71,-0.12,1153.28,252204.12,-1
2022-07-26,2022-07-26 11:50:00,220.71,220.71,220.45,220.45,-0.12,1153.28,252204.12,-1
2022-07-26,2022-07-26 12:00:00,220.45,220.45,220.19,220.19,-0.12,1153.28,252204.12,-1
2022-07-26,2022-07-26 12:10:00,220.19,220.19,219.93,219.93,-0.12,1153.28,252204.12,-1
2022-07-26,2022-07-26 12:20:00,219.93,219.93,219.68,219.68,-0.11,1153.28,252204.12,-1
2022-07-26,2022-07-26 12:30:00,219.68,219.68,219.42,219.42,-0.12,1153.28,252204.12,-1
2022-07-26,2022-07-26 12:40:00,219.42,219.42,219.16,219.16,-0.12,1153.28,252204.12,-1
2022-07-26,2022-07-26 12:50:00,219.16,219.16,218.9,218.9,-0.12,1153.28,252204.12,-1
2022-07-26,2022-07-26 13:00:00,218.9,227.0,211.7,218.64,-0.12,1153.28,252204.12,-1
2022-07-26,2022-07-26 13:10:00,218.64,218.64,218.38,218.38,-0.12,1153.28,252204.12,-1
2022-07-26,2022-07-26 13:20:00,218.38,218.38,218.12,218.12,-0.12,1153.28,252204.12,-1
2022-07-26,2022-07-26 13:30:00,218.12,218.12,217.87,217.87,-0.11,1153.28,252204.12,-1
2022-07-26,2022-07-26 13:40:00,217.87,217.87,217.61,217.61,-0.12,1153.28,252204.12,-1
2022-07-26,2022-07-26 13:50:00,217.61,217.61,217.35,217.35,-0.12,1153.28,252204.12,-1
2022-07-26,2022-07-26 14:00:00,217.35,217.35,217.09,217.09,-0.12,1153.28,252204.12,-1
2022-07-26,2022-07-26 14:10:00,217.09,217.09,216.83,216.83,-0.12,1153.28,252204.12,-1
2022-07-26,2022-07-26 14:20:00,216.83,216.83,216.58,216.58,-0.12,1153.28,252204.12,-1
2022-07-26,2022-07-26 14:30:00,216.58,216.58,216.32,216.32,-0.12,1153.28,252204.12,-1
2022-07-26,2022-07-26 14:40:00,216.32,216.32,216.06,216.06,-0.12,1153.28,252204.12,-1
2022-07-26,2022-07-26 14:50:00,216.06,216.06,215.8,215.8,-0.12,1153.28,252204.12,-1
2022-07-26,2022-07-26 15:00:00,215.8,227.0,211.7,215.8,0.0,1153.28,252204.12,0
2022-07-27,2022-07-27 11:00:00,214.0,217.75,211.84,214.5,0.23,2199.32,479719.57,1
2022-07-27,2022-07-27 11:10:00,214.5,215.0,214.5,215.0,0.23,2199.32,479719.57,1
2022-07-27,2022-07-27 11:20:00,215.0,215.5,215.0,215.5,0.23,2199.32,479719.57,1
2022-07-27,2022-07-27 11:30:00,215.5,216.0,215.5,216.0,0.23,2199.32,479719.57,1
2022-07-27,2022-07-27 11:40:00,216.0,216.5,216.0,216.5,0.23,2199.32,479719.57,1
2022-07-27,2022-07-27 11:50:00,216.5,217.0,216.5,217.0,0.23,2199.32,479719.57,1
2022-07-27,2022-07-27 12:00:00,217.0,217.5,217.0,217.5,0.23,2199.32,479719.57,1
2022-07-27,2022-07-27 12:10:00,217.5,218.0,217.5,218.0,0.23,2199.32,479719.57,1
2022-07-27,2022-07-27 12:20:00,218.0,218.5,218.0,218.5,0.23,2199.32,479719.57,1
2022-07-27,2022-07-27 12:30:00,218.5,219.0,218.5,219.0,0.23,2199.32,479719.57,1
2022-07-27,2022-07-27 12:40:00,219.0,219.5,219.0,219.5,0.23,2199.32,479719.57,1
2022-07-27,2022-07-27 12:50:00,219.5,220.0,219.5,220.0,0.23,2199.32,479719.57,1
2022-07-27,2022-07-27 13:00:00,220.0,226.5,206.8,220.5,0.23,2199.32,479719.57,1
2022-07-27,2022-07-27 13:10:00,220.5,221.0,220.5,221.0,0.23,2199.32,479719.57,1
2022-07-27,2022-07-27 13:20:00,221.0,221.5,221.0,221.5,0.23,2199.32,479719.57,1
2022-07-27,2022-07-27 13:30:00,221.5,222.0,221.5,222.0,0.23,2199.32,479719.57,1
2022-07-27,2022-07-27 13:40:00,222.0,222.5,222.0,222.5,0.23,2199.32,479719.57,1
2022-07-27,2022-07-27 13:50:00,222.5,223.0,222.5,223.0,0.22,2199.32,479719.57,1
2022-07-27,2022-07-27 14:00:00,223.0,223.5,223.0,223.5,0.22,2199.32,479719.57,1
2022-07-27,2022-07-27 14:10:00,223.5,224.0,223.5,224.0,0.22,2199.32,479719.57,1
2022-07-27,2022-07-27 14:20:00,224.0,224.5,224.0,224.5,0.22,2199.32,479719.57,1
2022-07-27,2022-07-27 14:30:00,224.5,225.0,224.5,225.0,0.22,2199.32,479719.57,1
2022-07-27,2022-07-27 14:40:00,225.0,225.5,225.0,225.5,0.22,2199.32,479719.57,1
2022-07-27,2022-07-27 14:50:00,225.5,226.0,225.5,226.0,0.22,2199.32,479719.57,1
2022-07-27,2022-07-27 15:00:00,226.0,226.5,206.8,226.0,0.0,2199.32,479719.57,0
2022-07-28,2022-07-28 11:00:00,230.0,233.0,228.35,230.17,0.07,2647.12,617640.78,1
2022-07-28,2022-07-28 11:10:00,230.17,230.33,230.17,230.33,0.07,2647.12,617640.78,1
2022-07-28,2022-07-28 11:20:00,230.33,230.5,230.33,230.5,0.07,2647.12,617640.78,1
2022-07-28,2022-07-28 11:30:00,230.5,230.67,230.5,230.67,0.07,2647.12,617640.78,1
2022-07-28,2022-07-28 11:40:00,230.67,230.83,230.67,230.83,0.07,2647.12,617640.78,1
2022-07-28,2022-07-28 11:50:00,230.83,231.0,230.83,231.0,0.07,2647.12,617640.78,1
2022-07-28,2022-07-28 12:00:00,231.0,231.17,231.0,231.17,0.07,2647.12,617640.78,1
2022-07-28,2022-07-28 12:10:00,231.17,231.33,231.17,231.33,0.07,2647.12,617640.78,1
2022-07-28,2022-07-28 12:20:00,231.33,231.5,231.33,231.5,0.07,2647.12,617640.78,1
2022-07-28,2022-07-28 12:30:00,231.5,231.67,231.5,231.67,0.07,2647.12,617640.78,1
2022-07-28,2022-07-28 12:40:00,231.67,231.83,231.67,231.83,0.07,2647.12,617640.78,1
2022-07-28,2022-07-28 12:50:00,231.83,232.0,231.83,232.0,0.07,2647.12,617640.78,1
2022-07-28,2022-07-28 13:00:00,232.0,240.0,224.5,232.17,0.07,2647.12,617640.78,1
2022-07-28,2022-07-28 13:10:00,232.17,232.33,232.17,232.33,0.07,2647.12,617640.78,1
2022-07-28,2022-07-28 13:20:00,232.33,232.5,232.33,232.5,0.07,2647.12,617640.78,1
2022-07-28,2022-07-28 13:30:00,232.5,232.67,232.5,232.67,0.07,2647.12,617640.78,1
2022-07-28,2022-07-28 13:40:00,232.67,232.83,232.67,232.83,0.07,2647.12,617640.78,1
2022-07-28,2022-07-28 13:50:00,232.83,233.0,232.83,233.0,0.07,2647.12,617640.78,1
2022-07-28,2022-07-28 14:00:00,233.0,233.17,233.0,233.17,0.07,2647.12,617640.78,1
2022-07-28,2022-07-28 14:10:00,233.17,233.33,233.17,233.33,0.07,2647.12,617640.78,1
2022-07-28,2022-07-28 14:20:00,233.33,233.5,233.33,233.5,0.07,2647.12,617640.78,1
2022-07-28,2022-07-28 14:30:00,233.5,233.67,233.5,233.67,0.07,2647.12,617640.78,1
2022-07-28,2022-07-28 14:40:00,233.67,233.83,233.67,233.83,0.07,2647.12,617640.78,1
2022-07-28,2022-07-28 14:50:00,233.83,234.0,233.83,234.0,0.07,2647.12,617640.78,1
2022-07-28,2022-07-28 15:00:00,234.0,240.0,224.5,234.0,0.0,2647.12,617640.78,0
2022-07-29,2022-07-29 11:00:00,230.0,232.07,229.4,229.92,-0.03,317.84,73389.48,-1
2022-07-29,2022-07-29 11:10:00,229.92,229.92,229.83,229.83,-0.04,317.84,73389.48,-1
2022-07-29,2022-07-29 11:20:00,229.83,229.83,229.75,229.75,-0.03,317.84,73389.48,-1
2022-07-29,2022-07-29 11:30:00,229.75,229.75,229.67,229.67,-0.03,317.84,73389.48,-1
2022-07-29,2022-07-29 11:40:00,229.67,229.67,229.58,229.58,-0.04,317.84,73389.48,-1
2022-07-29,2022-07-29 11:50:00,229.58,229.58,229.5,229.5,-0.03,317.84,73389.48,-1
2022-07-29,2022-07-29 12:00:00,229.5,229.5,229.42,229.42,-0.03,317.84,73389.48,-1
2022-07-29,2022-07-29 12:10:00,229.42,229.42,229.33,229.33,-0.04,317.84,73389.48,-1
2022-07-29,2022-07-29 12:20:00,229.33,229.33,229.25,229.25,-0.03,317.84,73389.48,-1
2022-07-29,2022-07-29 12:30:00,229.25,229.25,229.17,229.17,-0.03,317.84,73389.48,-1
2022-07-29,2022-07-29 12:40:00,229.17,229.17,229.08,229.08,-0.04,317.84,73389.48,-1
2022-07-29,2022-07-29 12:50:00,229.08,229.08,229.0,229.0,-0.03,317.84,73389.48,-1
2022-07-29,2022-07-29 13:00:00,229.0,236.9,228.0,228.92,-0.03,317.84,73389.48,-1
2022-07-29,2022-07-29 13:10:00,228.92,228.92,228.83,228.83,-0.04,317.84,73389.48,-1
2022-07-29,2022-07-29 13:20:00,228.83,228.83,228.75,228.75,-0.03,317.84,73389.48,-1
2022-07-29,2022-07-29 13:30:00,228.75,228.75,228.67,228.67,-0.03,317.84,73389.48,-1
2022-07-29,2022-07-29 13:40:00,228.67,228.67,228.58,228.58,-0.04,317.84,73389.48,-1
2022-07-29,2022-07-29 13:50:00,228.58,228.58,228.5,228.5,-0.03,317.84,73389.48,-1
2022-07-29,2022-07-29 14:00:00,228.5,228.5,228.42,228.42,-0.04,317.84,73389.48,-1
2022-07-29,2022-07-29 14:10:00,228.42,228.42,228.33,228.33,-0.04,317.84,73389.48,-1
2022-07-29,2022-07-29 14:20:00,228.33,228.33,228.25,228.25,-0.04,317.84,73389.48,-1
2022-07-29,2022-07-29 14:30:00,228.25,228.25,228.17,228.17,-0.04,317.84,73389.48,-1
2022-07-29,2022-07-29 14:40:00,228.17,228.17,228.08,228.08,-0.04,317.84,73389.48,-1
2022-07-29,2022-07-29 14:50:00,228.08,228.08,228.0,228.0,-0.04,317.84,73389.48,-1
2022-07-29,2022-07-29 15:00:00,228.0,236.9,228.0,228.0,0.0,317.84,73389.48,0
2022-07-31,2022-07-31 11:00:00,232.0,233.65,231.4,232.04,0.02,1850.44,432793.97,1
2022-07-31,2022-07-31 11:10:00,232.04,232.08,232.04,232.08,0.02,1850.44,432793.97,1
2022-07-31,2022-07-31 11:20:00,232.08,232.12,232.08,232.12,0.02,1850.44,432793.97,1
2022-07-31,2022-07-31 11:30:00,232.12,232.17,232.12,232.17,0.02,1850.44,432793.97,1
2022-07-31,2022-07-31 11:40:00,232.17,232.21,232.17,232.21,0.02,1850.44,432793.97,1
2022-07-31,2022-07-31 11:50:00,232.21,232.25,232.21,232.25,0.02,1850.44,432793.97,1
2022-07-31,2022-07-31 12:00:00,232.25,232.29,232.25,232.29,0.02,1850.44,432793.97,1
2022-07-31,2022-07-31 12:10:00,232.29,232.33,232.29,232.33,0.02,1850.44,432793.97,1
2022-07-31,2022-07-31 12:20:00,232.33,232.38,232.33,232.38,0.02,1850.44,432793.97,1
2022-07-31,2022-07-31 12:30:00,232.38,232.42,232.38,232.42,0.02,1850.44,432793.97,1
2022-07-31,2022-07-31 12:40:00,232.42,232.46,232.42,232.46,0.02,1850.44,432793.97,1
2022-07-31,2022-07-31 12:50:00,232.46,232.5,232.46,232.5,0.02,1850.44,432793.97,1
2022-07-31,2022-07-31 13:00:00,232.5,237.5,230.0,232.54,0.02,1850.44,432793.97,1
2022-07-31,2022-07-31 13:10:00,232.54,232.58,232.54,232.58,0.02,1850.44,432793.97,1
2022-07-31,2022-07-31 13:20:00,232.58,232.62,232.58,232.62,0.02,1850.44,432793.97,1
2022-07-31,2022-07-31 13:30:00,232.62,232.67,232.62,232.67,0.02,1850.44,432793.97,1
2022-07-31,2022-07-31 13:40:00,232.67,232.71,232.67,232.71,0.02,1850.44,432793.97,1
2022-07-31,2022-07-31 13:50:00,232.71,232.75,232.71,232.75,0.02,1850.44,432793.97,1
2022-07-31,2022-07-31 14:00:00,232.75,232.79,232.75,232.79,0.02,1850.44,432793.97,1
2022-07-31,2022-07-31 14:10:00,232.79,232.83,232.79,232.83,0.02,1850.44,432793.97,1
2022-07-31,2022-07-31 14:20:00,232.83,232.88,232.83,232.88,0.02,1850.44,432793.97,1
2022-07-31,2022-07-31 14:30:00,232.88,232.92,232.88,232.92,0.02,1850.44,432793.97,1
2022-07-31,2022-07-31 14:40:00,232.92,232.96,232.92,232.96,0.02,1850.44,432793.97,1
2022-07-31,2022-07-31 14:50:00,232.96,233.0,232.96,233.0,0.02,1850.44,432793.97,1
2022-07-31,2022-07-31 15:00:00,233.0,237.5,230.0,233.0,0.0,1850.44,432793.97,0
2022-08-01,2022-08-01 11:00:00,236.0,236.69,233.0,235.58,-0.18,1857.24,430647.72,-1
2022-08-01,2022-08-01 11:10:00,235.58,235.58,235.17,235.17,-0.17,1857.24,430647.72,-1
2022-08-01,2022-08-01 11:20:00,235.17,235.17,234.75,234.75,-0.18,1857.24,430647.72,-1
2022-08-01,2022-08-01 11:30:00,234.75,234.75,234.33,234.33,-0.18,1857.24,430647.72,-1
2022-08-01,2022-08-01 11:40:00,234.33,234.33,233.92,233.92,-0.17,1857.24,430647.72,-1
2022-08-01,2022-08-01 11:50:00,233.92,233.92,233.5,233.5,-0.18,1857.24,430647.72,-1
2022-08-01,2022-08-01 12:00:00,233.5,233.5,233.08,233.08,-0.18,1857.24,430647.72,-1
2022-08-01,2022-08-01 12:10:00,233.08,233.08,232.67,232.67,-0.18,1857.24,430647.72,-1
2022-08-01,2022-08-01 12:20:00,232.67,232.67,232.25,232.25,-0.18,1857.24,430647.72,-1
2022-08-01,2022-08-01 12:30:00,232.25,232.25,231.83,231.83,-0.18,1857.24,430647.72,-1
2022-08-01,2022-08-01 12:40:00,231.83,231.83,231.42,231.42,-0.18,1857.24,430647.72,-1
2022-08-01,2022-08-01 12:50:00,231.42,231.42,231.0,231.0,-0.18,1857.24,430647.72,-1
2022-08-01,2022-08-01 13:00:00,231.0,238.3,226.0,230.58,-0.18,1857.24,430647.72,-1
2022-08-01,2022-08-01 13:10:00,230.58,230.58,230.17,230.17,-0.18,1857.24,430647.72,-1
2022-08-01,2022-08-01 13:20:00,230.17,230.17,229.75,229.75,-0.18,1857.24,430647.72,-1
2022-08-01,2022-08-01 13:30:00,229.75,229.75,229.33,229.33,-0.18,1857.24,430647.72,-1
2022-08-01,2022-08-01 13:40:00,229.33,229.33,228.92,228.92,-0.18,1857.24,430647.72,-1
2022-08-01,2022-08-01 13:50:00,228.92,228.92,228.5,228.5,-0.18,1857.24,430647.72,-1
2022-08-01,2022-08-01 14:00:00,228.5,228.5,228.08,228.08,-0.18,1857.24,430647.72,-1
2022-08-01,2022-08-01 14:10:00,228.08,228.08,227.67,227.67,-0.18,1857.24,430647.72,-1
2022-08-01,2022-08-01 14:20:00,227.67,227.67,227.25,227.25,-0.18,1857.24,430647.72,-1
2022-08-01,2022-08-01 14:30:00,227.25,227.25,226.83,226.83,-0.18,1857.24,430647.72,-1
2022-08-01,2022-08-01 14:40:00,226.83,226.83,226.42,226.42,-0.18,1857.24,430647.72,-1
2022-08-01,2022-08-01 14:50:00,226.42,226.42,226.0,226.0,-0.19,1857.24,430647.72,-1
2022-08-01,2022-08-01 15:00:00,226.0,238.3,226.0,226.0,0.0,1857.24,430647.72,0
2022-08-02,2022-08-02 11:00:00,229.0,232.51,228.7,229.33,0.14,2101.6,489404.52,1
2022-08-02,2022-08-02 11:10:00,229.33,229.67,229.33,229.67,0.15,2101.6,489404.52,1
2022-08-02,2022-08-02 11:20:00,229.67,230.0,229.67,230.0,0.14,2101.6,489404.52,1
2022-08-02,2022-08-02 11:30:00,230.0,230.33,230.0,230.33,0.14,2101.6,489404.52,1
2022-08-02,2022-08-02 11:40:00,230.33,230.67,230.33,230.67,0.15,2101.6,489404.52,1
2022-08-02,2022-08-02 11:50:00,230.67,231.0,230.67,231.0,0.14,2101.6,489404.52,1
2022-08-02,2022-08-02 12:00:00,231.0,231.33,231.0,231.33,0.14,2101.6,489404.52,1
2022-08-02,2022-08-02 12:10:00,231.33,231.67,231.33,231.67,0.15,2101.6,489404.52,1
2022-08-02,2022-08-02 12:20:00,231.67,232.0,231.67,232.0,0.14,2101.6,489404.52,1
2022-08-02,2022-08-02 12:30:00,232.0,232.33,232.0,232.33,0.14,2101.6,489404.52,1
2022-08-02,2022-08-02 12:40:00,232.33,232.67,232.33,232.67,0.15,2101.6,489404.52,1
2022-08-02,2022-08-02 12:50:00,232.67,233.0,232.67,233.0,0.14,2101.6,489404.52,1
2022-08-02,2022-08-02 13:00:00,233.0,240.7,228.0,233.33,0.14,2101.6,489404.52,1
2022-08-02,2022-08-02 13:10:00,233.33,233.67,233.33,233.67,0.15,2101.6,489404.52,1
2022-08-02,2022-08-02 13:20:00,233.67,234.0,233.67,234.0,0.14,2101.6,489404.52,1
2022-08-02,2022-08-02 13:30:00,234.0,234.33,234.0,234.33,0.14,2101.6,489404.52,1
2022-08-02,2022-08-02 13:40:00,234.33,234.67,234.33,234.67,0.15,2101.6,489404.52,1
2022-08-02,2022-08-02 13:50:00,234.67,235.0,234.67,235.0,0.14,2101.6,489404.52,1
2022-08-02,2022-08-02 14:00:00,235.0,235.33,235.0,235.33,0.14,2101.6,489404.52,1
2022-08-02,2022-08-02 14:10:00,235.33,235.67,235.33,235.67,0.14,2101.6,489404.52,1
2022-08-02,2022-08-02 14:20:00,235.67,236.0,235.67,236.0,0.14,2101.6,489404.52,1
2022-08-02,2022-08-02 14:30:00,236.0,236.33,236.0,236.33,0.14,2101.6,489404.52,1
2022-08-02,2022-08-02 14:40:00,236.33,236.67,236.33,236.67,0.14,2101.6,489404.52,1
2022-08-02,2022-08-02 14:50:00,236.67,237.0,236.67,237.0,0.14,2101.6,489404.52,1
2022-08-02,2022-08-02 15:00:00,237.0,240.7,228.0,237.0,0.0,2101.6,489404.52,0
2022-08-03,2022-08-03 11:00:00,241.7,243.29,240.89,241.73,0.01,1450.72,352522.91,1
2022-08-03,2022-08-03 11:10:00,241.73,241.77,241.73,241.77,0.02,1450.72,352522.91,1
2022-08-03,2022-08-03 11:20:00,241.77,241.8,241.77,241.8,0.01,1450.72,352522.91,1
2022-08-03,2022-08-03 11:30:00,241.8,241.83,241.8,241.83,0.01,1450.72,352522.91,1
2022-08-03,2022-08-03 11:40:00,241.83,241.87,241.83,241.87,0.02,1450.72,352522.91,1
2022-08-03,2022-08-03 11:50:00,241.87,241.9,241.87,241.9,0.01,1450.72,352522.91,1
2022-08-03,2022-08-03 12:00:00,241.9,241.93,241.9,241.93,0.01,1450.72,352522.91,1
2022-08-03,2022-08-03 12:10:00,241.93,241.97,241.93,241.97,0.02,1450.72,352522.91,1
2022-08-03,2022-08-03 12:20:00,241.97,242.0,241.97,242.0,0.01,1450.72,352522.91,1
2022-08-03,2022-08-03 12:30:00,242.0,242.03,242.0,242.03,0.01,1450.72,352522.91,1
2022-08-03,2022-08-03 12:40:00,242.03,242.07,242.03,242.07,0.02,1450.72,352522.91,1
2022-08-03,2022-08-03 12:50:00,242.07,242.1,242.07,242.1,0.01,1450.72,352522.91,1
2022-08-03,2022-08-03 13:00:00,242.1,247.0,239.0,242.13,0.01,1450.72,352522.91,1
2022-08-03,2022-08-03 13:10:00,242.13,242.17,242.13,242.17,0.02,1450.72,352522.91,1
2022-08-03,2022-08-03 13:20:00,242.17,242.2,242.17,242.2,0.01,1450.72,352522.91,1
2022-08-03,2022-08-03 13:30:00,242.2,242.23,242.2,242.23,0.01,1450.72,352522.91,1
2022-08-03,2022-08-03 13:40:00,242.23,242.27,242.23,242.27,0.02,1450.72,352522.91,1
2022-08-03,2022-08-03 13:50:00,242.27,242.3,242.27,242.3,0.01,1450.72,352522.91,1
2022-08-03,2022-08-03 14:00:00,242.3,242.33,242.3,242.33,0.01,1450.72,352522.91,1
2022-08-03,2022-08-03 14:10:00,242.33,242.37,242.33,242.37,0.02,1450.72,352522.91,1
2022-08-03,2022-08-03 14:20:00,242.37,242.4,242.37,242.4,0.01,1450.72,352522.91,1
2022-08-03,2022-08-03 14:30:00,242.4,242.43,242.4,242.43,0.01,1450.72,352522.91,1
2022-08-03,2022-08-03 14:40:00,242.43,242.47,242.43,242.47,0.02,1450.72,352522.91,1
2022-08-03,2022-08-03 14:50:00,242.47,242.5,242.47,242.5,0.01,1450.72,352522.91,1
2022-08-03,2022-08-03 15:00:00,242.5,247.0,239.0,242.5,0.0,1450.72,352522.91,0
2022-08-04,2022-08-04 11:00:00,242.0,244.7,240.59,242.15,0.06,5007.48,1240880.06,1
2022-08-04,2022-08-04 11:10:00,242.15,242.29,242.15,242.29,0.06,5007.48,1240880.06,1
2022-08-04,2022-08-04 11:20:00,242.29,242.44,242.29,242.44,0.06,5007.48,1240880.06,1
2022-08-04,2022-08-04 11:30:00,242.44,242.58,242.44,242.58,0.06,5007.48,1240880.06,1
2022-08-04,2022-08-04 11:40:00,242.58,242.73,242.58,242.73,0.06,5007.48,1240880.06,1
2022-08-04,2022-08-04 11:50:00,242.73,242.88,242.73,242.88,0.06,5007.48,1240880.06,1
2022-08-04,2022-08-04 12:00:00,242.88,243.02,242.88,243.02,0.06,5007.48,1240880.06,1
2022-08-04,2022-08-04 12:10:00,243.02,243.17,243.02,243.17,0.06,5007.48,1240880.06,1
2022-08-04,2022-08-04 12:20:00,243.17,243.31,243.17,243.31,0.06,5007.48,1240880.06,1
2022-08-04,2022-08-04 12:30:00,243.31,243.46,243.31,243.46,0.06,5007.48,1240880.06,1
2022-08-04,2022-08-04 12:40:00,243.46,243.6,243.46,243.6,0.06,5007.48,1240880.06,1
2022-08-04,2022-08-04 12:50:00,243.6,243.75,243.6,243.75,0.06,5007.48,1240880.06,1
2022-08-04,2022-08-04 13:00:00,243.75,251.0,237.3,243.9,0.06,5007.48,1240880.06,1
2022-08-04,2022-08-04 13:10:00,243.9,244.04,243.9,244.04,0.06,5007.48,1240880.06,1
2022-08-04,2022-08-04 13:20:00,244.04,244.19,244.04,244.19,0.06,5007.48,1240880.06,1
2022-08-04,2022-08-04 13:30:00,244.19,244.33,244.19,244.33,0.06,5007.48,1240880.06,1
2022-08-04,2022-08-04 13:40:00,244.33,244.48,244.33,244.48,0.06,5007.48,1240880.06,1
2022-08-04,2022-08-04 13:50:00,244.48,244.62,244.48,244.62,0.06,5007.48,1240880.06,1
2022-08-04,2022-08-04 14:00:00,244.62,244.77,244.62,244.77,0.06,5007.48,1240880.06,1
2022-08-04,2022-08-04 14:10:00,244.77,244.92,244.77,244.92,0.06,5007.48,1240880.06,1
2022-08-04,2022-08-04 14:20:00,244.92,245.06,244.92,245.06,0.06,5007.48,1240880.06,1
2022-08-04,2022-08-04 14:30:00,245.06,245.21,245.06,245.21,0.06,5007.48,1240880.06,1
2022-08-04,2022-08-04 14:40:00,245.21,245.35,245.21,245.35,0.06,5007.48,1240880.06,1
2022-08-04,2022-08-04 14:50:00,245.35,245.5,245.35,245.5,0.06,5007.48,1240880.06,1
2022-08-04,2022-08-04 15:00:00,245.5,251.0,237.3,245.5,0.0,5007.48,1240880.06,0
2022-08-05,2022-08-05 11:00:00,245.0,250.67,245.0,245.62,0.25,5771.52,1493737.0,1
2022-08-05,2022-08-05 11:10:00,245.62,246.25,245.62,246.25,0.26,5771.52,1493737.0,1
2022-08-05,2022-08-05 11:20:00,246.25,246.88,246.25,246.88,0.26,5771.52,1493737.0,1
2022-08-05,2022-08-05 11:30:00,246.88,247.5,246.88,247.5,0.25,5771.52,1493737.0,1
2022-08-05,2022-08-05 11:40:00,247.5,248.12,247.5,248.12,0.25,5771.52,1493737.0,1
2022-08-05,2022-08-05 11:50:00,248.12,248.75,248.12,248.75,0.25,5771.52,1493737.0,1
2022-08-05,2022-08-05 12:00:00,248.75,249.38,248.75,249.38,0.25,5771.52,1493737.0,1
2022-08-05,2022-08-05 12:10:00,249.38,250.0,249.38,250.0,0.25,5771.52,1493737.0,1
2022-08-05,2022-08-05 12:20:00,250.0,250.62,250.0,250.62,0.25,5771.52,1493737.0,1
2022-08-05,2022-08-05 12:30:00,250.62,251.25,250.62,251.25,0.25,5771.52,1493737.0,1
2022-08-05,2022-08-05 12:40:00,251.25,251.88,251.25,251.88,0.25,5771.52,1493737.0,1
2022-08-05,2022-08-05 12:50:00,251.88,252.5,251.88,252.5,0.25,5771.52,1493737.0,1
2022-08-05,2022-08-05 13:00:00,252.5,263.9,245.0,253.12,0.25,5771.52,1493737.0,1
2022-08-05,2022-08-05 13:10:00,253.12,253.75,253.12,253.75,0.25,5771.52,1493737.0,1
2022-08-05,2022-08-05 13:20:00,253.75,254.38,253.75,254.38,0.25,5771.52,1493737.0,1
2022-08-05,2022-08-05 13:30:00,254.38,255.0,254.38,255.0,0.24,5771.52,1493737.0,1
2022-08-05,2022-08-05 13:40:00,255.0,255.62,255.0,255.62,0.24,5771.52,1493737.0,1
2022-08-05,2022-08-05 13:50:00,255.62,256.25,255.62,256.25,0.25,5771.52,1493737.0,1
2022-08-05,2022-08-05 14:00:00,256.25,256.88,256.25,256.88,0.25,5771.52,1493737.0,1
2022-08-05,2022-08-05 14:10:00,256.88,257.5,256.88,257.5,0.24,5771.52,1493737.0,1
2022-08-05,2022-08-05 14:20:00,257.5,258.12,257.5,258.12,0.24,5771.52,1493737.0,1
2022-08-05,2022-08-05 14:30:00,258.12,258.75,258.12,258.75,0.24,5771.52,1493737.0,1
2022-08-05,2022-08-05 14:40:00,258.75,259.38,258.75,259.38,0.24,5771.52,1493737.0,1
2022-08-05,2022-08-05 14:50:00,259.38,260.0,259.38,260.0,0.24,5771.52,1493737.0,1
2022-08-05,2022-08-05 15:00:00,260.0,263.9,245.0,260.0,0.0,5771.52,1493737.0,0
2022-08-07,2022-08-07 11:00:00,261.0,263.1,258.0,260.75,-0.1,1328.16,346476.58,-1
2022-08-07,2022-08-07 11:10:00,260.75,260.75,260.49,260.49,-0.1,1328.16,346476.58,-1
2022-08-07,2022-08-07 11:20:00,260.49,260.49,260.24,260.24,-0.1,1328.16,346476.58,-1
2022-08-07,2022-08-07 11:30:00,260.24,260.24,259.98,259.98,-0.1,1328.16,346476.58,-1
2022-08-07,2022-08-07 11:40:00,259.98,259.98,259.73,259.73,-0.1,1328.16,346476.58,-1
2022-08-07,2022-08-07 11:50:00,259.73,259.73,259.48,259.48,-0.1,1328.16,346476.58,-1
2022-08-07,2022-08-07 12:00:00,259.48,259.48,259.22,259.22,-0.1,1328.16,346476.58,-1
2022-08-07,2022-08-07 12:10:00,259.22,259.22,258.97,258.97,-0.1,1328.16,346476.58,-1
2022-08-07,2022-08-07 12:20:00,258.97,258.97,258.71,258.71,-0.1,1328.16,346476.58,-1
2022-08-07,2022-08-07 12:30:00,258.71,258.71,258.46,258.46,-0.1,1328.16,346476.58,-1
2022-08-07,2022-08-07 12:40:00,258.46,258.46,258.2,258.2,-0.1,1328.16,346476.58,-1
2022-08-07,2022-08-07 12:50:00,258.2,258.2,257.95,257.95,-0.1,1328.16,346476.58,-1
2022-08-07,2022-08-07 13:00:00,257.95,268.0,251.0,257.7,-0.1,1328.16,346476.58,-1
2022-08-07,2022-08-07 13:10:00,257.7,257.7,257.44,257.44,-0.1,1328.16,346476.58,-1
2022-08-07,2022-08-07 13:20:00,257.44,257.44,257.19,257.19,-0.1,1328.16,346476.58,-1
2022-08-07,2022-08-07 13:30:00,257.19,257.19,256.93,256.93,-0.1,1328.16,346476.58,-1
2022-08-07,2022-08-07 13:40:00,256.93,256.93,256.68,256.68,-0.1,1328.16,346476.58,-1
2022-08-07,2022-08-07 13:50:00,256.68,256.68,256.43,256.43,-0.1,1328.16,346476.58,-1
2022-08-07,2022-08-07 14:00:00,256.43,256.43,256.17,256.17,-0.1,1328.16,346476.58,-1
2022-08-07,2022-08-07 14:10:00,256.17,256.17,255.92,255.92,-0.1,1328.16,346476.58,-1
2022-08-07,2022-08-07 14:20:00,255.92,255.92,255.66,255.66,-0.1,1328.16,346476.58,-1
2022-08-07,2022-08-07 14:30:00,255.66,255.66,255.41,255.41,-0.1,1328.16,346476.58,-1
2022-08-07,2022-08-07 14:40:00,255.41,255.41,255.15,255.15,-0.1,1328.16,346476.58,-1
2022-08-07,2022-08-07 14:50:00,255.15,255.15,254.9,254.9,-0.1,1328.16,346476.58,-1
2022-08-07,2022-08-07 15:00:00,254.9,268.0,251.0,254.9,0.0,1328.16,346476.58,0
2022-08-08,2022-08-08 11:00:00,255.0,256.2,252.9,254.75,-0.1,1072.12,269621.07,-1
2022-08-08,2022-08-08 11:10:00,254.75,254.75,254.5,254.5,-0.1,1072.12,269621.07,-1
2022-08-08,2022-08-08 11:20:00,254.5,254.5,254.25,254.25,-0.1,1072.12,269621.07,-1
2022-08-08,2022-08-08 11:30:00,254.25,254.25,254.0,254.0,-0.1,1072.12,269621.07,-1
2022-08-08,2022-08-08 11:40:00,254.0,254.0,253.75,253.75,-0.1,1072.12,269621.07,-1
2022-08-08,2022-08-08 11:50:00,253.75,253.75,253.5,253.5,-0.1,1072.12,269621.07,-1
2022-08-08,2022-08-08 12:00:00,253.5,253.5,253.25,253.25,-0.1,1072.12,269621.07,-1
2022-08-08,2022-08-08 12:10:00,253.25,253.25,253.0,253.0,-0.1,1072.12,269621.07,-1
2022-08-08,2022-08-08 12:20:00,253.0,253.0,252.75,252.75,-0.1,1072.12,269621.07,-1
2022-08-08,2022-08-08 12:30:00,252.75,252.75,252.5,252.5,-0.1,1072.12,269621.07,-1
2022-08-08,2022-08-08 12:40:00,252.5,252.5,252.25,252.25,-0.1,1072.12,269621.07,-1
2022-08-08,2022-08-08 12:50:00,252.25,252.25,252.0,252.0,-0.1,1072.12,269621.07,-1
2022-08-08,2022-08-08 13:00:00,252.0,259.0,248.0,251.75,-0.1,1072.12,269621.07,-1
2022-08-08,2022-08-08 13:10:00,251.75,251.75,251.5,251.5,-0.1,1072.12,269621.07,-1
2022-08-08,2022-08-08 13:20:00,251.5,251.5,251.25,251.25,-0.1,1072.12,269621.07,-1
2022-08-08,2022-08-08 13:30:00,251.25,251.25,251.0,251.0,-0.1,1072.12,269621.07,-1
2022-08-08,2022-08-08 13:40:00,251.0,251.0,250.75,250.75,-0.1,1072.12,269621.07,-1
2022-08-08,2022-08-08 13:50:00,250.75,250.75,250.5,250.5,-0.1,1072.12,269621.07,-1
2022-08-08,2022-08-08 14:00:00,250.5,250.5,250.25,250.25,-0.1,1072.12,269621.07,-1
2022-08-08,2022-08-08 14:10:00,250.25,250.25,250.0,250.0,-0.1,1072.12,269621.07,-1
2022-08-08,2022-08-08 14:20:00,250.0,250.0,249.75,249.75,-0.1,1072.12,269621.07,-1
2022-08-08,2022-08-08 14:30:00,249.75,249.75,249.5,249.5,-0.1,1072.12,269621.07,-1
2022-08-08,2022-08-08 14:40:00,249.5,249.5,249.25,249.25,-0.1,1072.12,269621.07,-1
2022-08-08,2022-08-08 14:50:00,249.25,249.25,249.0,249.0,-0.1,1072.12,269621.07,-1
2022-08-08,2022-08-08 15:00:00,249.0,259.0,248.0,249.0,0.0,1072.12,269621.07,0
2022-08-09,2022-08-09 11:00:00,244.1,244.67,240.47,243.72,-0.16,1410.16,336109.1,-1
2022-08-09,2022-08-09 11:10:00,243.72,243.72,243.34,243.34,-0.16,1410.16,336109.1,-1
2022-08-09,2022-08-09 11:20:00,243.34,243.34,242.96,242.96,-0.16,1410.16,336109.1,-1
2022-08-09,2022-08-09 11:30:00,242.96,242.96,242.58,242.58,-0.16,1410.16,336109.1,-1
2022-08-09,2022-08-09 11:40:00,242.58,242.58,242.2,242.2,-0.16,1410.16,336109.1,-1
2022-08-09,2022-08-09 11:50:00,242.2,242.2,241.82,241.82,-0.16,1410.16,336109.1,-1
2022-08-09,2022-08-09 12:00:00,241.82,241.82,241.45,241.45,-0.15,1410.16,336109.1,-1
2022-08-09,2022-08-09 12:10:00,241.45,241.45,241.07,241.07,-0.16,1410.16,336109.1,-1
2022-08-09,2022-08-09 12:20:00,241.07,241.07,240.69,240.69,-0.16,1410.16,336109.1,-1
2022-08-09,2022-08-09 12:30:00,240.69,240.69,240.31,240.31,-0.16,1410.16,336109.1,-1
2022-08-09,2022-08-09 12:40:00,240.31,240.31,239.93,239.93,-0.16,1410.16,336109.1,-1
2022-08-09,2022-08-09 12:50:00,239.93,239.93,239.55,239.55,-0.16,1410.16,336109.1,-1
2022-08-09,2022-08-09 13:00:00,239.55,246.0,232.0,239.17,-0.16,1410.16,336109.1,-1
2022-08-09,2022-08-09 13:10:00,239.17,239.17,238.79,238.79,-0.16,1410.16,336109.1,-1
2022-08-09,2022-08-09 13:20:00,238.79,238.79,238.41,238.41,-0.16,1410.16,336109.1,-1
2022-08-09,2022-08-09 13:30:00,238.41,238.41,238.03,238.03,-0.16,1410.16,336109.1,-1
2022-08-09,2022-08-09 13:40:00,238.03,238.03,237.65,237.65,-0.16,1410.16,336109.1,-1
2022-08-09,2022-08-09 13:50:00,237.65,237.65,237.28,237.28,-0.16,1410.16,336109.1,-1
2022-08-09,2022-08-09 14:00:00,237.28,237.28,236.9,236.9,-0.16,1410.16,336109.1,-1
2022-08-09,2022-08-09 14:10:00,236.9,236.9,236.52,236.52,-0.16,1410.16,336109.1,-1
2022-08-09,2022-08-09 14:20:00,236.52,236.52,236.14,236.14,-0.16,1410.16,336109.1,-1
2022-08-09,2022-08-09 14:30:00,236.14,236.14,235.76,235.76,-0.16,1410.16,336109.1,-1
2022-08-09,2022-08-09 14:40:00,235.76,235.76,235.38,235.38,-0.16,1410.16,336109.1,-1
2022-08-09,2022-08-09 14:50:00,235.38,235.38,235.0,235.0,-0.16,1410.16,336109.1,-1
2022-08-09,2022-08-09 15:00:00,235.0,246.0,232.0,235.0,0.0,1410.16,336109.1,0
2022-08-10,2022-08-10 11:00:00,230.3,234.71,230.3,230.65,0.15,941.44,222349.23,1
2022-08-10,2022-08-10 11:10:00,230.65,231.01,230.65,231.01,0.16,941.44,222349.23,1
2022-08-10,2022-08-10 11:20:00,231.01,231.36,231.01,231.36,0.15,941.44,222349.23,1
2022-08-10,2022-08-10 11:30:00,231.36,231.72,231.36,231.72,0.16,941.44,222349.23,1
2022-08-10,2022-08-10 11:40:00,231.72,232.07,231.72,232.07,0.15,941.44,222349.23,1
2022-08-10,2022-08-10 11:50:00,232.07,232.43,232.07,232.43,0.16,941.44,222349.23,1
2022-08-10,2022-08-10 12:00:00,232.43,232.78,232.43,232.78,0.15,941.44,222349.23,1
2022-08-10,2022-08-10 12:10:00,232.78,233.13,232.78,233.13,0.15,941.44,222349.23,1
2022-08-10,2022-08-10 12:20:00,233.13,233.49,233.13,233.49,0.15,941.44,222349.23,1
2022-08-10,2022-08-10 12:30:00,233.49,233.84,233.49,233.84,0.15,941.44,222349.23,1
2022-08-10,2022-08-10 12:40:00,233.84,234.2,233.84,234.2,0.15,941.44,222349.23,1
2022-08-10,2022-08-10 12:50:00,234.2,234.55,234.2,234.55,0.15,941.44,222349.23,1
2022-08-10,2022-08-10 13:00:00,234.55,245.0,230.3,234.9,0.15,941.44,222349.23,1
2022-08-10,2022-08-10 13:10:00,234.9,235.26,234.9,235.26,0.15,941.44,222349.23,1
2022-08-10,2022-08-10 13:20:00,235.26,235.61,235.26,235.61,0.15,941.44,222349.23,1
2022-08-10,2022-08-10 13:30:00,235.61,235.97,235.61,235.97,0.15,941.44,222349.23,1
2022-08-10,2022-08-10 13:40:00,235.97,236.32,235.97,236.32,0.15,941.44,222349.23,1
2022-08-10,2022-08-10 13:50:00,236.32,236.68,236.32,236.68,0.15,941.44,222349.23,1
2022-08-10,2022-08-10 14:00:00,236.68,237.03,236.68,237.03,0.15,941.44,222349.23,1
2022-08-10,2022-08-10 14:10:00,237.03,237.38,237.03,237.38,0.15,941.44,222349.23,1
2022-08-10,2022-08-10 14:20:00,237.38,237.74,237.38,237.74,0.15,941.44,222349.23,1
2022-08-10,2022-08-10 14:30:00,237.74,238.09,237.74,238.09,0.15,941.44,222349.23,1
2022-08-10,2022-08-10 14:40:00,238.09,238.45,238.09,238.45,0.15,941.44,222349.23,1
2022-08-10,2022-08-10 14:50:00,238.45,238.8,238.45,238.8,0.15,941.44,222349.23,1
2022-08-10,2022-08-10 15:00:00,238.8,245.0,230.3,238.8,0.0,941.44,222349.23,0
2022-08-11,2022-08-11 11:00:00,234.1,237.31,233.47,234.01,-0.04,318.52,75475.98,-1
2022-08-11,2022-08-11 11:10:00,234.01,234.01,233.92,233.92,-0.04,318.52,75475.98,-1
2022-08-11,2022-08-11 11:20:00,233.92,233.92,233.84,233.84,-0.03,318.52,75475.98,-1
2022-08-11,2022-08-11 11:30:00,233.84,233.84,233.75,233.75,-0.04,318.52,75475.98,-1
2022-08-11,2022-08-11 11:40:00,233.75,233.75,233.66,233.66,-0.04,318.52,75475.98,-1
2022-08-11,2022-08-11 11:50:00,233.66,233.66,233.57,233.57,-0.04,318.52,75475.98,-1
2022-08-11,2022-08-11 12:00:00,233.57,233.57,233.49,233.49,-0.03,318.52,75475.98,-1
2022-08-11,2022-08-11 12:10:00,233.49,233.49,233.4,233.4,-0.04,318.52,75475.98,-1
2022-08-11,2022-08-11 12:20:00,233.4,233.4,233.31,233.31,-0.04,318.52,75475.98,-1
2022-08-11,2022-08-11 12:30:00,233.31,233.31,233.22,233.22,-0.04,318.52,75475.98,-1
2022-08-11,2022-08-11 12:40:00,233.22,233.22,233.14,233.14,-0.03,318.52,75475.98,-1
2022-08-11,2022-08-11 12:50:00,233.14,233.14,233.05,233.05,-0.04,318.52,75475.98,-1
2022-08-11,2022-08-11 13:00:00,233.05,244.8,232.0,232.96,-0.04,318.52,75475.98,-1
2022-08-11,2022-08-11 13:10:00,232.96,232.96,232.88,232.88,-0.03,318.52,75475.98,-1
2022-08-11,2022-08-11 13:20:00,232.88,232.88,232.79,232.79,-0.04,318.52,75475.98,-1
2022-08-11,2022-08-11 13:30:00,232.79,232.79,232.7,232.7,-0.04,318.52,75475.98,-1
2022-08-11,2022-08-11 13:40:00,232.7,232.7,232.61,232.61,-0.04,318.52,75475.98,-1
2022-08-11,2022-08-11 13:50:00,232.61,232.61,232.53,232.53,-0.03,318.52,75475.98,-1
2022-08-11,2022-08-11 14:00:00,232.53,232.53,232.44,232.44,-0.04,318.52,75475.98,-1
2022-08-11,2022-08-11 14:10:00,232.44,232.44,232.35,232.35,-0.04,318.52,75475.98,-1
2022-08-11,2022-08-11 14:20:00,232.35,232.35,232.26,232.26,-0.04,318.52,75475.98,-1
2022-08-11,2022-08-11 14:30:00,232.26,232.26,232.18,232.18,-0.03,318.52,75475.98,-1
2022-08-11,2022-08-11 14:40:00,232.18,232.18,232.09,232.09,-0.04,318.52,75475.98,-1
2022-08-11,2022-08-11 14:50:00,232.09,232.09,232.0,232.0,-0.04,318.52,75475.98,-1
2022-08-11,2022-08-11 15:00:00,232.0,244.8,232.0,232.0,0.0,318.52,75475.98,0
2022-08-14,2022-08-14 11:00:00,233.0,233.6,229.4,232.54,-0.2,452.64,102325.3,-1
2022-08-14,2022-08-14 11:10:00,232.54,232.54,232.08,232.08,-0.2,452.64,102325.3,-1
2022-08-14,2022-08-14 11:20:00,232.08,232.08,231.62,231.62,-0.2,452.64,102325.3,-1
2022-08-14,2022-08-14 11:30:00,231.62,231.62,231.17,231.17,-0.19,452.64,102325.3,-1
2022-08-14,2022-08-14 11:40:00,231.17,231.17,230.71,230.71,-0.2,452.64,102325.3,-1
2022-08-14,2022-08-14 11:50:00,230.71,230.71,230.25,230.25,-0.2,452.64,102325.3,-1
2022-08-14,2022-08-14 12:00:00,230.25,230.25,229.79,229.79,-0.2,452.64,102325.3,-1
2022-08-14,2022-08-14 12:10:00,229.79,229.79,229.33,229.33,-0.2,452.64,102325.3,-1
2022-08-14,2022-08-14 12:20:00,229.33,229.33,228.88,228.88,-0.2,452.64,102325.3,-1
2022-08-14,2022-08-14 12:30:00,228.88,228.88,228.42,228.42,-0.2,452.64,102325.3,-1
2022-08-14,2022-08-14 12:40:00,228.42,228.42,227.96,227.96,-0.2,452.64,102325.3,-1
2022-08-14,2022-08-14 12:50:00,227.96,227.96,227.5,227.5,-0.2,452.64,102325.3,-1
2022-08-14,2022-08-14 13:00:00,227.5,235.0,221.0,227.04,-0.2,452.64,102325.3,-1
2022-08-14,2022-08-14 13:10:00,227.04,227.04,226.58,226.58,-0.2,452.64,102325.3,-1
2022-08-14,2022-08-14 13:20:00,226.58,226.58,226.12,226.12,-0.2,452.64,102325.3,-1
2022-08-14,2022-08-14 13:30:00,226.12,226.12,225.67,225.67,-0.2,452.64,102325.3,-1
2022-08-14,2022-08-14 13:40:00,225.67,225.67,225.21,225.21,-0.2,452.64,102325.3,-1
2022-08-14,2022-08-14 13:50:00,225.21,225.21,224.75,224.75,-0.2,452.64,102325.3,-1
2022-08-14,2022-08-14 14:00:00,224.75,224.75,224.29,224.29,-0.2,452.64,102325.3,-1
2022-08-14,2022-08-14 14:10:00,224.29,224.29,223.83,223.83,-0.21,452.64,102325.3,-1
2022-08-14,2022-08-14 14:20:00,223.83,223.83,223.38,223.38,-0.2,452.64,102325.3,-1
2022-08-14,2022-08-14 14:30:00,223.38,223.38,222.92,222.92,-0.21,452.64,102325.3,-1
2022-08-14,2022-08-14 14:40:00,222.92,222.92,222.46,222.46,-0.21,452.64,102325.3,-1
2022-08-14,2022-08-14 14:50:00,222.46,222.46,222.0,222.0,-0.21,452.64,102325.3,-1
2022-08-14,2022-08-14 15:00:00,222.0,235.0,221.0,222.0,0.0,452.64,102325.3,0
2022-08-15,2022-08-15 11:00:00,225.0,228.9,223.5,225.54,0.24,1014.24,232745.66,1
2022-08-15,2022-08-15 11:10:00,225.54,226.08,225.54,226.08,0.24,1014.24,232745.66,1
2022-08-15,2022-08-15 11:20:00,226.08,226.62,226.08,226.62,0.24,1014.24,232745.66,1
2022-08-15,2022-08-15 11:30:00,226.62,227.17,226.62,227.17,0.24,1014.24,232745.66,1
2022-08-15,2022-08-15 11:40:00,227.17,227.71,227.17,227.71,0.24,1014.24,232745.66,1
2022-08-15,2022-08-15 11:50:00,227.71,228.25,227.71,228.25,0.24,1014.24,232745.66,1
2022-08-15,2022-08-15 12:00:00,228.25,228.79,228.25,228.79,0.24,1014.24,232745.66,1
2022-08-15,2022-08-15 12:10:00,228.79,229.33,228.79,229.33,0.24,1014.24,232745.66,1
2022-08-15,2022-08-15 12:20:00,229.33,229.88,229.33,229.88,0.24,1014.24,232745.66,1
2022-08-15,2022-08-15 12:30:00,229.88,230.42,229.88,230.42,0.23,1014.24,232745.66,1
2022-08-15,2022-08-15 12:40:00,230.42,230.96,230.42,230.96,0.23,1014.24,232745.66,1
2022-08-15,2022-08-15 12:50:00,230.96,231.5,230.96,231.5,0.23,1014.24,232745.66,1
2022-08-15,2022-08-15 13:00:00,231.5,238.0,220.0,232.04,0.23,1014.24,232745.66,1
2022-08-15,2022-08-15 13:10:00,232.04,232.58,232.04,232.58,0.23,1014.24,232745.66,1
2022-08-15,2022-08-15 13:20:00,232.58,233.12,232.58,233.12,0.23,1014.24,232745.66,1
2022-08-15,2022-08-15 13:30:00,233.12,233.67,233.12,233.67,0.24,1014.24,232745.66,1
2022-08-15,2022-08-15 13:40:00,233.67,234.21,233.67,234.21,0.23,1014.24,232745.66,1
2022-08-15,2022-08-15 13:50:00,234.21,234.75,234.21,234.75,0.23,1014.24,232745.66,1
2022-08-15,2022-08-15 14:00:00,234.75,235.29,234.75,235.29,0.23,1014.24,232745.66,1
2022-08-15,2022-08-15 14:10:00,235.29,235.83,235.29,235.83,0.23,1014.24,232745.66,1
2022-08-15,2022-08-15 14:20:00,235.83,236.38,235.83,236.38,0.23,1014.24,232745.66,1
2022-08-15,2022-08-15 14:30:00,236.38,236.92,236.38,236.92,0.23,1014.24,232745.66,1
2022-08-15,2022-08-15 14:40:00,236.92,237.46,236.92,237.46,0.23,1014.24,232745.66,1
2022-08-15,2022-08-15 14:50:00,237.46,238.0,237.46,238.0,0.23,1014.24,232745.66,1
2022-08-15,2022-08-15 15:00:00,238.0,238.0,220.0,238.0,0.0,1014.24,232745.66,0
2022-08-16,2022-08-16 11:00:00,242.7,242.79,236.49,241.96,-0.3,1307.8,302116.85,-1
2022-08-16,2022-08-16 11:10:00,241.96,241.96,241.22,241.22,-0.31,1307.8,302116.85,-1
2022-08-16,2022-08-16 11:20:00,241.22,241.22,240.49,240.49,-0.3,1307.8,302116.85,-1
2022-08-16,2022-08-16 11:30:00,240.49,240.49,239.75,239.75,-0.31,1307.8,302116.85,-1
2022-08-16,2022-08-16 11:40:00,239.75,239.75,239.01,239.01,-0.31,1307.8,302116.85,-1
2022-08-16,2022-08-16 11:50:00,239.01,239.01,238.27,238.27,-0.31,1307.8,302116.85,-1
2022-08-16,2022-08-16 12:00:00,238.27,238.27,237.54,237.54,-0.31,1307.8,302116.85,-1
2022-08-16,2022-08-16 12:10:00,237.54,237.54,236.8,236.8,-0.31,1307.8,302116.85,-1
2022-08-16,2022-08-16 12:20:00,236.8,236.8,236.06,236.06,-0.31,1307.8,302116.85,-1
2022-08-16,2022-08-16 12:30:00,236.06,236.06,235.32,235.32,-0.31,1307.8,302116.85,-1
2022-08-16,2022-08-16 12:40:00,235.32,235.32,234.59,234.59,-0.31,1307.8,302116.85,-1
2022-08-16,2022-08-16 12:50:00,234.59,234.59,233.85,233.85,-0.32,1307.8,302116.85,-1
2022-08-16,2022-08-16 13:00:00,233.85,243.0,222.0,233.11,-0.32,1307.8,302116.85,-1
2022-08-16,2022-08-16 13:10:00,233.11,233.11,232.38,232.38,-0.31,1307.8,302116.85,-1
2022-08-16,2022-08-16 13:20:00,232.38,232.38,231.64,231.64,-0.32,1307.8,302116.85,-1
2022-08-16,2022-08-16 13:30:00,231.64,231.64,230.9,230.9,-0.32,1307.8,302116.85,-1
2022-08-16,2022-08-16 13:40:00,230.9,230.9,230.16,230.16,-0.32,1307.8,302116.85,-1
2022-08-16,2022-08-16 13:50:00,230.16,230.16,229.43,229.43,-0.32,1307.8,302116.85,-1
2022-08-16,2022-08-16 14:00:00,229.43,229.43,228.69,228.69,-0.32,1307.8,302116.85,-1
2022-08-16,2022-08-16 14:10:00,228.69,228.69,227.95,227.95,-0.32,1307.8,302116.85,-1
2022-08-16,2022-08-16 14:20:00,227.95,227.95,227.21,227.21,-0.32,1307.8,302116.85,-1
2022-08-16,2022-08-16 14:30:00,227.21,227.21,226.47,226.47,-0.33,1307.8,302116.85,-1
2022-08-16,2022-08-16 14:40:00,226.47,226.47,225.74,225.74,-0.32,1307.8,302116.85,-1
2022-08-16,2022-08-16 14:50:00,225.74,225.74,225.0,225.0,-0.33,1307.8,302116.85,-1
2022-08-16,2022-08-16 15:00:00,225.0,243.0,222.0,225.0,0.0,1307.8,302116.85,0
2022-08-17,2022-08-17 11:00:00,225.0,227.7,224.58,225.01,0.0,359.0,81780.06,1
2022-08-17,2022-08-17 11:10:00,225.01,225.02,225.01,225.02,0.0,359.0,81780.06,1
2022-08-17,2022-08-17 11:20:00,225.02,225.03,225.02,225.03,0.0,359.0,81780.06,1
2022-08-17,2022-08-17 11:30:00,225.03,225.03,225.03,225.03,0.0,359.0,81780.06,0
2022-08-17,2022-08-17 11:40:00,225.03,225.04,225.03,225.04,0.0,359.0,81780.06,1
2022-08-17,2022-08-17 11:50:00,225.04,225.05,225.04,225.05,0.0,359.0,81780.06,1
2022-08-17,2022-08-17 12:00:00,225.05,225.06,225.05,225.06,0.0,359.0,81780.06,1
2022-08-17,2022-08-17 12:10:00,225.06,225.07,225.06,225.07,0.0,359.0,81780.06,1
2022-08-17,2022-08-17 12:20:00,225.07,225.07,225.07,225.07,0.0,359.0,81780.06,0
2022-08-17,2022-08-17 12:30:00,225.07,225.08,225.07,225.08,0.0,359.0,81780.06,1
2022-08-17,2022-08-17 12:40:00,225.08,225.09,225.08,225.09,0.0,359.0,81780.06,1
2022-08-17,2022-08-17 12:50:00,225.09,225.1,225.09,225.1,0.0,359.0,81780.06,1
2022-08-17,2022-08-17 13:00:00,225.1,234.0,223.6,225.11,0.0,359.0,81780.06,1
2022-08-17,2022-08-17 13:10:00,225.11,225.12,225.11,225.12,0.0,359.0,81780.06,1
2022-08-17,2022-08-17 13:20:00,225.12,225.12,225.12,225.12,0.0,359.0,81780.06,0
2022-08-17,2022-08-17 13:30:00,225.12,225.13,225.12,225.13,0.0,359.0,81780.06,1
2022-08-17,2022-08-17 13:40:00,225.13,225.14,225.13,225.14,0.0,359.0,81780.06,1
2022-08-17,2022-08-17 13:50:00,225.14,225.15,225.14,225.15,0.0,359.0,81780.06,1
2022-08-17,2022-08-17 14:00:00,225.15,225.16,225.15,225.16,0.0,359.0,81780.06,1
2022-08-17,2022-08-17 14:10:00,225.16,225.17,225.16,225.17,0.0,359.0,81780.06,1
2022-08-17,2022-08-17 14:20:00,225.17,225.17,225.17,225.17,0.0,359.0,81780.06,0
2022-08-17,2022-08-17 14:30:00,225.17,225.18,225.17,225.18,0.0,359.0,81780.06,1
2022-08-17,2022-08-17 14:40:00,225.18,225.19,225.18,225.19,0.0,359.0,81780.06,1
2022-08-17,2022-08-17 14:50:00,225.19,225.2,225.19,225.2,0.0,359.0,81780.06,1
2022-08-17,2022-08-17 15:00:00,225.2,234.0,223.6,225.2,0.0,359.0,81780.06,0
2022-08-18,2022-08-18 11:00:00,229.7,231.59,228.59,229.88,0.08,744.76,174063.66,1
2022-08-18,2022-08-18 11:10:00,229.88,230.06,229.88,230.06,0.08,744.76,174063.66,1
2022-08-18,2022-08-18 11:20:00,230.06,230.24,230.06,230.24,0.08,744.76,174063.66,1
2022-08-18,2022-08-18 11:30:00,230.24,230.42,230.24,230.42,0.08,744.76,174063.66,1
2022-08-18,2022-08-18 11:40:00,230.42,230.6,230.42,230.6,0.08,744.76,174063.66,1
2022-08-18,2022-08-18 11:50:00,230.6,230.77,230.6,230.77,0.07,744.76,174063.66,1
2022-08-18,2022-08-18 12:00:00,230.77,230.95,230.77,230.95,0.08,744.76,174063.66,1
2022-08-18,2022-08-18 12:10:00,230.95,231.13,230.95,231.13,0.08,744.76,174063.66,1
2022-08-18,2022-08-18 12:20:00,231.13,231.31,231.13,231.31,0.08,744.76,174063.66,1
2022-08-18,2022-08-18 12:30:00,231.31,231.49,231.31,231.49,0.08,744.76,174063.66,1
2022-08-18,2022-08-18 12:40:00,231.49,231.67,231.49,231.67,0.08,744.76,174063.66,1
2022-08-18,2022-08-18 12:50:00,231.67,231.85,231.67,231.85,0.08,744.76,174063.66,1
2022-08-18,2022-08-18 13:00:00,231.85,236.0,226.0,232.03,0.08,744.76,174063.66,1
2022-08-18,2022-08-18 13:10:00,232.03,232.21,232.03,232.21,0.08,744.76,174063.66,1
2022-08-18,2022-08-18 13:20:00,232.21,232.39,232.21,232.39,0.08,744.76,174063.66,1
2022-08-18,2022-08-18 13:30:00,232.39,232.57,232.39,232.57,0.08,744.76,174063.66,1
2022-08-18,2022-08-18 13:40:00,232.57,232.75,232.57,232.75,0.08,744.76,174063.66,1
2022-08-18,2022-08-18 13:50:00,232.75,232.93,232.75,232.93,0.08,744.76,174063.66,1
2022-08-18,2022-08-18 14:00:00,232.93,233.1,232.93,233.1,0.07,744.76,174063.66,1
2022-08-18,2022-08-18 14:10:00,233.1,233.28,233.1,233.28,0.08,744.76,174063.66,1
2022-08-18,2022-08-18 14:20:00,233.28,233.46,233.28,233.46,0.08,744.76,174063.66,1
2022-08-18,2022-08-18 14:30:00,233.46,233.64,233.46,233.64,0.08,744.76,174063.66,1
2022-08-18,2022-08-18 14:40:00,233.64,233.82,233.64,233.82,0.08,744.76,174063.66,1
2022-08-18,2022-08-18 14:50:00,233.82,234.0,233.82,234.0,0.08,744.76,174063.66,1
2022-08-18,2022-08-18 15:00:00,234.0,236.0,226.0,234.0,0.0,744.76,174063.66,0
2022-08-21,2022-08-21 11:00:00,238.6,238.6,234.97,238.2,-0.17,684.96,158129.86,-1
2022-08-21,2022-08-21 11:10:00,238.2,238.2,237.8,237.8,-0.17,684.96,158129.86,-1
2022-08-21,2022-08-21 11:20:00,237.8,237.8,237.4,237.4,-0.17,684.96,158129.86,-1
2022-08-21,2022-08-21 11:30:00,237.4,237.4,237.0,237.0,-0.17,684.96,158129.86,-1
2022-08-21,2022-08-21 11:40:00,237.0,237.0,236.6,236.6,-0.17,684.96,158129.86,-1
2022-08-21,2022-08-21 11:50:00,236.6,236.6,236.2,236.2,-0.17,684.96,158129.86,-1
2022-08-21,2022-08-21 12:00:00,236.2,236.2,235.8,235.8,-0.17,684.96,158129.86,-1
2022-08-21,2022-08-21 12:10:00,235.8,235.8,235.4,235.4,-0.17,684.96,158129.86,-1
2022-08-21,2022-08-21 12:20:00,235.4,235.4,235.0,235.0,-0.17,684.96,158129.86,-1
2022-08-21,2022-08-21 12:30:00,235.0,235.0,234.6,234.6,-0.17,684.96,158129.86,-1
2022-08-21,2022-08-21 12:40:00,234.6,234.6,234.2,234.2,-0.17,684.96,158129.86,-1
2022-08-21,2022-08-21 12:50:00,234.2,234.2,233.8,233.8,-0.17,684.96,158129.86,-1
2022-08-21,2022-08-21 13:00:00,233.8,238.6,226.5,233.4,-0.17,684.96,158129.86,-1
2022-08-21,2022-08-21 13:10:00,233.4,233.4,233.0,233.0,-0.17,684.96,158129.86,-1
2022-08-21,2022-08-21 13:20:00,233.0,233.0,232.6,232.6,-0.17,684.96,158129.86,-1
2022-08-21,2022-08-21 13:30:00,232.6,232.6,232.2,232.2,-0.17,684.96,158129.86,-1
2022-08-21,2022-08-21 13:40:00,232.2,232.2,231.8,231.8,-0.17,684.96,158129.86,-1
2022-08-21,2022-08-21 13:50:00,231.8,231.8,231.4,231.4,-0.17,684.96,158129.86,-1
2022-08-21,2022-08-21 14:00:00,231.4,231.4,231.0,231.0,-0.17,684.96,158129.86,-1
2022-08-21,2022-08-21 14:10:00,231.0,231.0,230.6,230.6,-0.17,684.96,158129.86,-1
2022-08-21,2022-08-21 14:20:00,230.6,230.6,230.2,230.2,-0.17,684.96,158129.86,-1
2022-08-21,2022-08-21 14:30:00,230.2,230.2,229.8,229.8,-0.17,684.96,158129.86,-1
2022-08-21,2022-08-21 14:40:00,229.8,229.8,229.4,229.4,-0.17,684.96,158129.86,-1
2022-08-21,2022-08-21 14:50:00,229.4,229.4,229.0,229.0,-0.17,684.96,158129.86,-1
2022-08-21,2022-08-21 15:00:00,229.0,238.6,226.5,229.0,0.0,684.96,158129.86,0
2022-08-22,2022-08-22 11:00:00,225.0,227.1,224.55,225.04,0.02,554.92,125399.4,1
2022-08-22,2022-08-22 11:10:00,225.04,225.08,225.04,225.08,0.02,554.92,125399.4,1
2022-08-22,2022-08-22 11:20:00,225.08,225.12,225.08,225.12,0.02,554.92,125399.4,1
2022-08-22,2022-08-22 11:30:00,225.12,225.17,225.12,225.17,0.02,554.92,125399.4,1
2022-08-22,2022-08-22 11:40:00,225.17,225.21,225.17,225.21,0.02,554.92,125399.4,1
2022-08-22,2022-08-22 11:50:00,225.21,225.25,225.21,225.25,0.02,554.92,125399.4,1
2022-08-22,2022-08-22 12:00:00,225.25,225.29,225.25,225.29,0.02,554.92,125399.4,1
2022-08-22,2022-08-22 12:10:00,225.29,225.33,225.29,225.33,0.02,554.92,125399.4,1
2022-08-22,2022-08-22 12:20:00,225.33,225.38,225.33,225.38,0.02,554.92,125399.4,1
2022-08-22,2022-08-22 12:30:00,225.38,225.42,225.38,225.42,0.02,554.92,125399.4,1
2022-08-22,2022-08-22 12:40:00,225.42,225.46,225.42,225.46,0.02,554.92,125399.4,1
2022-08-22,2022-08-22 12:50:00,225.46,225.5,225.46,225.5,0.02,554.92,125399.4,1
2022-08-22,2022-08-22 13:00:00,225.5,232.0,223.5,225.54,0.02,554.92,125399.4,1
2022-08-22,2022-08-22 13:10:00,225.54,225.58,225.54,225.58,0.02,554.92,125399.4,1
2022-08-22,2022-08-22 13:20:00,225.58,225.62,225.58,225.62,0.02,554.92,125399.4,1
2022-08-22,2022-08-22 13:30:00,225.62,225.67,225.62,225.67,0.02,554.92,125399.4,1
2022-08-22,2022-08-22 13:40:00,225.67,225.71,225.67,225.71,0.02,554.92,125399.4,1
2022-08-22,2022-08-22 13:50:00,225.71,225.75,225.71,225.75,0.02,554.92,125399.4,1
2022-08-22,2022-08-22 14:00:00,225.75,225.79,225.75,225.79,0.02,554.92,125399.4,1
2022-08-22,2022-08-22 14:10:00,225.79,225.83,225.79,225.83,0.02,554.92,125399.4,1
2022-08-22,2022-08-22 14:20:00,225.83,225.88,225.83,225.88,0.02,554.92,125399.4,1
2022-08-22,2022-08-22 14:30:00,225.88,225.92,225.88,225.92,0.02,554.92,125399.4,1
2022-08-22,2022-08-22 14:40:00,225.92,225.96,225.92,225.96,0.02,554.92,125399.4,1
2022-08-22,2022-08-22 14:50:00,225.96,226.0,225.96,226.0,0.02,554.92,125399.4,1
2022-08-22,2022-08-22 15:00:00,226.0,232.0,223.5,226.0,0.0,554.92,125399.4,0
2022-08-23,2022-08-23 11:00:00,226.1,227.42,225.47,226.18,0.04,605.4,136843.84,1
2022-08-23,2022-08-23 11:10:00,226.18,226.26,226.18,226.26,0.04,605.4,136843.84,1
2022-08-23,2022-08-23 11:20:00,226.26,226.34,226.26,226.34,0.04,605.4,136843.84,1
2022-08-23,2022-08-23 11:30:00,226.34,226.42,226.34,226.42,0.04,605.4,136843.84,1
2022-08-23,2022-08-23 11:40:00,226.42,226.5,226.42,226.5,0.04,605.4,136843.84,1
2022-08-23,2022-08-23 11:50:00,226.5,226.57,226.5,226.57,0.03,605.4,136843.84,1
2022-08-23,2022-08-23 12:00:00,226.57,226.65,226.57,226.65,0.04,605.4,136843.84,1
2022-08-23,2022-08-23 12:10:00,226.65,226.73,226.65,226.73,0.04,605.4,136843.84,1
2022-08-23,2022-08-23 12:20:00,226.73,226.81,226.73,226.81,0.04,605.4,136843.84,1
2022-08-23,2022-08-23 12:30:00,226.81,226.89,226.81,226.89,0.04,605.4,136843.84,1
2022-08-23,2022-08-23 12:40:00,226.89,226.97,226.89,226.97,0.04,605.4,136843.84,1
2022-08-23,2022-08-23 12:50:00,226.97,227.05,226.97,227.05,0.04,605.4,136843.84,1
2022-08-23,2022-08-23 13:00:00,227.05,230.5,224.0,227.13,0.04,605.4,136843.84,1
2022-08-23,2022-08-23 13:10:00,227.13,227.21,227.13,227.21,0.04,605.4,136843.84,1
2022-08-23,2022-08-23 13:20:00,227.21,227.29,227.21,227.29,0.04,605.4,136843.84,1
2022-08-23,2022-08-23 13:30:00,227.29,227.37,227.29,227.37,0.04,605.4,136843.84,1
2022-08-23,2022-08-23 13:40:00,227.37,227.45,227.37,227.45,0.04,605.4,136843.84,1
2022-08-23,2022-08-23 13:50:00,227.45,227.53,227.45,227.53,0.04,605.4,136843.84,1
2022-08-23,2022-08-23 14:00:00,227.53,227.6,227.53,227.6,0.03,605.4,136843.84,1
2022-08-23,2022-08-23 14:10:00,227.6,227.68,227.6,227.68,0.04,605.4,136843.84,1
2022-08-23,2022-08-23 14:20:00,227.68,227.76,227.68,227.76,0.04,605.4,136843.84,1
2022-08-23,2022-08-23 14:30:00,227.76,227.84,227.76,227.84,0.04,605.4,136843.84,1
2022-08-23,2022-08-23 14:40:00,227.84,227.92,227.84,227.92,0.04,605.4,136843.84,1
2022-08-23,2022-08-23 14:50:00,227.92,228.0,227.92,228.0,0.04,605.4,136843.84,1
2022-08-23,2022-08-23 15:00:00,228.0,230.5,224.0,228.0,0.0,605.4,136843.84,0
2022-08-24,2022-08-24 11:00:00,230.0,230.6,228.62,229.84,-0.07,282.2,63973.1,-1
2022-08-24,2022-08-24 11:10:00,229.84,229.84,229.68,229.68,-0.07,282.2,63973.1,-1
2022-08-24,2022-08-24 11:20:00,229.68,229.68,229.51,229.51,-0.07,282.2,63973.1,-1
2022-08-24,2022-08-24 11:30:00,229.51,229.51,229.35,229.35,-0.07,282.2,63973.1,-1
2022-08-24,2022-08-24 11:40:00,229.35,229.35,229.19,229.19,-0.07,282.2,63973.1,-1
2022-08-24,2022-08-24 11:50:00,229.19,229.19,229.03,229.03,-0.07,282.2,63973.1,-1
2022-08-24,2022-08-24 12:00:00,229.03,229.03,228.86,228.86,-0.07,282.2,63973.1,-1
2022-08-24,2022-08-24 12:10:00,228.86,228.86,228.7,228.7,-0.07,282.2,63973.1,-1
2022-08-24,2022-08-24 12:20:00,228.7,228.7,228.54,228.54,-0.07,282.2,63973.1,-1
2022-08-24,2022-08-24 12:30:00,228.54,228.54,228.38,228.38,-0.07,282.2,63973.1,-1
2022-08-24,2022-08-24 12:40:00,228.38,228.38,228.21,228.21,-0.07,282.2,63973.1,-1
2022-08-24,2022-08-24 12:50:00,228.21,228.21,228.05,228.05,-0.07,282.2,63973.1,-1
2022-08-24,2022-08-24 13:00:00,228.05,232.0,225.4,227.89,-0.07,282.2,63973.1,-1
2022-08-24,2022-08-24 13:10:00,227.89,227.89,227.72,227.72,-0.07,282.2,63973.1,-1
2022-08-24,2022-08-24 13:20:00,227.72,227.72,227.56,227.56,-0.07,282.2,63973.1,-1
2022-08-24,2022-08-24 13:30:00,227.56,227.56,227.4,227.4,-0.07,282.2,63973.1,-1
2022-08-24,2022-08-24 13:40:00,227.4,227.4,227.24,227.24,-0.07,282.2,63973.1,-1
2022-08-24,2022-08-24 13:50:00,227.24,227.24,227.07,227.07,-0.07,282.2,63973.1,-1
2022-08-24,2022-08-24 14:00:00,227.07,227.07,226.91,226.91,-0.07,282.2,63973.1,-1
2022-08-24,2022-08-24 14:10:00,226.91,226.91,226.75,226.75,-0.07,282.2,63973.1,-1
2022-08-24,2022-08-24 14:20:00,226.75,226.75,226.59,226.59,-0.07,282.2,63973.1,-1
2022-08-24,2022-08-24 14:30:00,226.59,226.59,226.42,226.42,-0.08,282.2,63973.1,-1
2022-08-24,2022-08-24 14:40:00,226.42,226.42,226.26,226.26,-0.07,282.2,63973.1,-1
2022-08-24,2022-08-24 14:50:00,226.26,226.26,226.1,226.1,-0.07,282.2,63973.1,-1
2022-08-24,2022-08-24 15:00:00,226.1,232.0,225.4,226.1,0.0,282.2,63973.1,0
2022-08-25,2022-08-25 11:00:00,230.6,230.72,227.42,230.16,-0.19,637.36,143118.89,-1
2022-08-25,2022-08-25 11:10:00,230.16,230.16,229.72,229.72,-0.19,637.36,143118.89,-1
2022-08-25,2022-08-25 11:20:00,229.72,229.72,229.28,229.28,-0.19,637.36,143118.89,-1
2022-08-25,2022-08-25 11:30:00,229.28,229.28,228.83,228.83,-0.2,637.36,143118.89,-1
2022-08-25,2022-08-25 11:40:00,228.83,228.83,228.39,228.39,-0.19,637.36,143118.89,-1
2022-08-25,2022-08-25 11:50:00,228.39,228.39,227.95,227.95,-0.19,637.36,143118.89,-1
2022-08-25,2022-08-25 12:00:00,227.95,227.95,227.51,227.51,-0.19,637.36,143118.89,-1
2022-08-25,2022-08-25 12:10:00,227.51,227.51,227.07,227.07,-0.19,637.36,143118.89,-1
2022-08-25,2022-08-25 12:20:00,227.07,227.07,226.62,226.62,-0.2,637.36,143118.89,-1
2022-08-25,2022-08-25 12:30:00,226.62,226.62,226.18,226.18,-0.19,637.36,143118.89,-1
2022-08-25,2022-08-25 12:40:00,226.18,226.18,225.74,225.74,-0.19,637.36,143118.89,-1
2022-08-25,2022-08-25 12:50:00,225.74,225.74,225.3,225.3,-0.19,637.36,143118.89,-1
2022-08-25,2022-08-25 13:00:00,225.3,231.0,220.0,224.86,-0.2,637.36,143118.89,-1
2022-08-25,2022-08-25 13:10:00,224.86,224.86,224.42,224.42,-0.2,637.36,143118.89,-1
2022-08-25,2022-08-25 13:20:00,224.42,224.42,223.97,223.97,-0.2,637.36,143118.89,-1
2022-08-25,2022-08-25 13:30:00,223.97,223.97,223.53,223.53,-0.2,637.36,143118.89,-1
2022-08-25,2022-08-25 13:40:00,223.53,223.53,223.09,223.09,-0.2,637.36,143118.89,-1
2022-08-25,2022-08-25 13:50:00,223.09,223.09,222.65,222.65,-0.2,637.36,143118.89,-1
2022-08-25,2022-08-25 14:00:00,222.65,222.65,222.21,222.21,-0.2,637.36,143118.89,-1
2022-08-25,2022-08-25 14:10:00,222.21,222.21,221.77,221.77,-0.2,637.36,143118.89,-1
2022-08-25,2022-08-25 14:20:00,221.77,221.77,221.32,221.32,-0.2,637.36,143118.89,-1
2022-08-25,2022-08-25 14:30:00,221.32,221.32,220.88,220.88,-0.2,637.36,143118.89,-1
2022-08-25,2022-08-25 14:40:00,220.88,220.88,220.44,220.44,-0.2,637.36,143118.89,-1
2022-08-25,2022-08-25 14:50:00,220.44,220.44,220.0,220.0,-0.2,637.36,143118.89,-1
2022-08-25,2022-08-25 15:00:00,220.0,231.0,220.0,220.0,0.0,637.36,143118.89,0
2022-08-26,2022-08-26 11:00:00,217.0,218.29,215.8,216.96,-0.02,676.44,145894.36,-1
2022-08-26,2022-08-26 11:10:00,216.96,216.96,216.92,216.92,-0.02,676.44,145894.36,-1
2022-08-26,2022-08-26 11:20:00,216.92,216.92,216.88,216.88,-0.02,676.44,145894.36,-1
2022-08-26,2022-08-26 11:30:00,216.88,216.88,216.83,216.83,-0.02,676.44,145894.36,-1
2022-08-26,2022-08-26 11:40:00,216.83,216.83,216.79,216.79,-0.02,676.44,145894.36,-1
2022-08-26,2022-08-26 11:50:00,216.79,216.79,216.75,216.75,-0.02,676.44,145894.36,-1
2022-08-26,2022-08-26 12:00:00,216.75,216.75,216.71,216.71,-0.02,676.44,145894.36,-1
2022-08-26,2022-08-26 12:10:00,216.71,216.71,216.67,216.67,-0.02,676.44,145894.36,-1
2022-08-26,2022-08-26 12:20:00,216.67,216.67,216.62,216.62,-0.02,676.44,145894.36,-1
2022-08-26,2022-08-26 12:30:00,216.62,216.62,216.58,216.58,-0.02,676.44,145894.36,-1
2022-08-26,2022-08-26 12:40:00,216.58,216.58,216.54,216.54,-0.02,676.44,145894.36,-1
2022-08-26,2022-08-26 12:50:00,216.54,216.54,216.5,216.5,-0.02,676.44,145894.36,-1
2022-08-26,2022-08-26 13:00:00,216.5,221.3,213.0,216.46,-0.02,676.44,145894.36,-1
2022-08-26,2022-08-26 13:10:00,216.46,216.46,216.42,216.42,-0.02,676.44,145894.36,-1
2022-08-26,2022-08-26 13:20:00,216.42,216.42,216.38,216.38,-0.02,676.44,145894.36,-1
2022-08-26,2022-08-26 13:30:00,216.38,216.38,216.33,216.33,-0.02,676.44,145894.36,-1
2022-08-26,2022-08-26 13:40:00,216.33,216.33,216.29,216.29,-0.02,676.44,145894.36,-1
2022-08-26,2022-08-26 13:50:00,216.29,216.29,216.25,216.25,-0.02,676.44,145894.36,-1
2022-08-26,2022-08-26 14:00:00,216.25,216.25,216.21,216.21,-0.02,676.44,145894.36,-1
2022-08-26,2022-08-26 14:10:00,216.21,216.21,216.17,216.17,-0.02,676.44,145894.36,-1
2022-08-26,2022-08-26 14:20:00,216.17,216.17,216.12,216.12,-0.02,676.44,145894.36,-1
2022-08-26,2022-08-26 14:30:00,216.12,216.12,216.08,216.08,-0.02,676.44,145894.36,-1
2022-08-26,2022-08-26 14:40:00,216.08,216.08,216.04,216.04,-0.02,676.44,145894.36,-1
2022-08-26,2022-08-26 14:50:00,216.04,216.04,216.0,216.0,-0.02,676.44,145894.36,-1
2022-08-26,2022-08-26 15:00:00,216.0,221.3,213.0,216.0,0.0,676.44,145894.36,0
2022-08-28,2022-08-28 11:00:00,218.0,218.0,214.94,217.65,-0.16,516.16,109112.18,-1
2022-08-28,2022-08-28 11:10:00,217.65,217.65,217.3,217.3,-0.16,516.16,109112.18,-1
2022-08-28,2022-08-28 11:20:00,217.3,217.3,216.95,216.95,-0.16,516.16,109112.18,-1
2022-08-28,2022-08-28 11:30:00,216.95,216.95,216.6,216.6,-0.16,516.16,109112.18,-1
2022-08-28,2022-08-28 11:40:00,216.6,216.6,216.25,216.25,-0.16,516.16,109112.18,-1
2022-08-28,2022-08-28 11:50:00,216.25,216.25,215.9,215.9,-0.16,516.16,109112.18,-1
2022-08-28,2022-08-28 12:00:00,215.9,215.9,215.55,215.55,-0.16,516.16,109112.18,-1
2022-08-28,2022-08-28 12:10:00,215.55,215.55,215.2,215.2,-0.16,516.16,109112.18,-1
2022-08-28,2022-08-28 12:20:00,215.2,215.2,214.85,214.85,-0.16,516.16,109112.18,-1
2022-08-28,2022-08-28 12:30:00,214.85,214.85,214.5,214.5,-0.16,516.16,109112.18,-1
2022-08-28,2022-08-28 12:40:00,214.5,214.5,214.15,214.15,-0.16,516.16,109112.18,-1
2022-08-28,2022-08-28 12:50:00,214.15,214.15,213.8,213.8,-0.16,516.16,109112.18,-1
2022-08-28,2022-08-28 13:00:00,213.8,218.0,207.8,213.45,-0.16,516.16,109112.18,-1
2022-08-28,2022-08-28 13:10:00,213.45,213.45,213.1,213.1,-0.16,516.16,109112.18,-1
2022-08-28,2022-08-28 13:20:00,213.1,213.1,212.75,212.75,-0.16,516.16,109112.18,-1
2022-08-28,2022-08-28 13:30:00,212.75,212.75,212.4,212.4,-0.16,516.16,109112.18,-1
2022-08-28,2022-08-28 13:40:00,212.4,212.4,212.05,212.05,-0.16,516.16,109112.18,-1
2022-08-28,2022-08-28 13:50:00,212.05,212.05,211.7,211.7,-0.17,516.16,109112.18,-1
2022-08-28,2022-08-28 14:00:00,211.7,211.7,211.35,211.35,-0.17,516.16,109112.18,-1
2022-08-28,2022-08-28 14:10:00,211.35,211.35,211.0,211.0,-0.17,516.16,109112.18,-1
2022-08-28,2022-08-28 14:20:00,211.0,211.0,210.65,210.65,-0.17,516.16,109112.18,-1
2022-08-28,2022-08-28 14:30:00,210.65,210.65,210.3,210.3,-0.17,516.16,109112.18,-1
2022-08-28,2022-08-28 14:40:00,210.3,210.3,209.95,209.95,-0.17,516.16,109112.18,-1
2022-08-28,2022-08-28 14:50:00,209.95,209.95,209.6,209.6,-0.17,516.16,109112.18,-1
2022-08-28,2022-08-28 15:00:00,209.6,218.0,207.8,209.6,0.0,516.16,109112.18,0
2022-08-29,2022-08-29 11:00:00,205.5,207.75,205.5,205.69,0.09,434.16,90962.0,1
2022-08-29,2022-08-29 11:10:00,205.69,205.88,205.69,205.88,0.09,434.16,90962.0,1
2022-08-29,2022-08-29 11:20:00,205.88,206.06,205.88,206.06,0.09,434.16,90962.0,1
2022-08-29,2022-08-29 11:30:00,206.06,206.25,206.06,206.25,0.09,434.16,90962.0,1
2022-08-29,2022-08-29 11:40:00,206.25,206.44,206.25,206.44,0.09,434.16,90962.0,1
2022-08-29,2022-08-29 11:50:00,206.44,206.62,206.44,206.62,0.09,434.16,90962.0,1
2022-08-29,2022-08-29 12:00:00,206.62,206.81,206.62,206.81,0.09,434.16,90962.0,1
2022-08-29,2022-08-29 12:10:00,206.81,207.0,206.81,207.0,0.09,434.16,90962.0,1
2022-08-29,2022-08-29 12:20:00,207.0,207.19,207.0,207.19,0.09,434.16,90962.0,1
2022-08-29,2022-08-29 12:30:00,207.19,207.38,207.19,207.38,0.09,434.16,90962.0,1
2022-08-29,2022-08-29 12:40:00,207.38,207.56,207.38,207.56,0.09,434.16,90962.0,1
2022-08-29,2022-08-29 12:50:00,207.56,207.75,207.56,207.75,0.09,434.16,90962.0,1
2022-08-29,2022-08-29 13:00:00,207.75,213.0,205.5,207.94,0.09,434.16,90962.0,1
2022-08-29,2022-08-29 13:10:00,207.94,208.12,207.94,208.12,0.09,434.16,90962.0,1
2022-08-29,2022-08-29 13:20:00,208.12,208.31,208.12,208.31,0.09,434.16,90962.0,1
2022-08-29,2022-08-29 13:30:00,208.31,208.5,208.31,208.5,0.09,434.16,90962.0,1
2022-08-29,2022-08-29 13:40:00,208.5,208.69,208.5,208.69,0.09,434.16,90962.0,1
2022-08-29,2022-08-29 13:50:00,208.69,208.88,208.69,208.88,0.09,434.16,90962.0,1
2022-08-29,2022-08-29 14:00:00,208.88,209.06,208.88,209.06,0.09,434.16,90962.0,1
2022-08-29,2022-08-29 14:10:00,209.06,209.25,209.06,209.25,0.09,434.16,90962.0,1
2022-08-29,2022-08-29 14:20:00,209.25,209.44,209.25,209.44,0.09,434.16,90962.0,1
2022-08-29,2022-08-29 14:30:00,209.44,209.62,209.44,209.62,0.09,434.16,90962.0,1
2022-08-29,2022-08-29 14:40:00,209.62,209.81,209.62,209.81,0.09,434.16,90962.0,1
2022-08-29,2022-08-29 14:50:00,209.81,210.0,209.81,210.0,0.09,434.16,90962.0,1
2022-08-29,2022-08-29 15:00:00,210.0,213.0,205.5,210.0,0.0,434.16,90962.0,0
2022-08-30,2022-08-30 11:00:00,212.8,214.06,210.76,212.6,-0.09,195.6,41154.1,-1
2022-08-30,2022-08-30 11:10:00,212.6,212.6,212.4,212.4,-0.09,195.6,41154.1,-1
2022-08-30,2022-08-30 11:20:00,212.4,212.4,212.2,212.2,-0.09,195.6,41154.1,-1
2022-08-30,2022-08-30 11:30:00,212.2,212.2,212.0,212.0,-0.09,195.6,41154.1,-1
2022-08-30,2022-08-30 11:40:00,212.0,212.0,211.8,211.8,-0.09,195.6,41154.1,-1
2022-08-30,2022-08-30 11:50:00,211.8,211.8,211.6,211.6,-0.09,195.6,41154.1,-1
2022-08-30,2022-08-30 12:00:00,211.6,211.6,211.4,211.4,-0.09,195.6,41154.1,-1
2022-08-30,2022-08-30 12:10:00,211.4,211.4,211.2,211.2,-0.09,195.6,41154.1,-1
2022-08-30,2022-08-30 12:20:00,211.2,211.2,211.0,211.0,-0.09,195.6,41154.1,-1
2022-08-30,2022-08-30 12:30:00,211.0,211.0,210.8,210.8,-0.09,195.6,41154.1,-1
2022-08-30,2022-08-30 12:40:00,210.8,210.8,210.6,210.6,-0.09,195.6,41154.1,-1
2022-08-30,2022-08-30 12:50:00,210.6,210.6,210.4,210.4,-0.09,195.6,41154.1,-1
2022-08-30,2022-08-30 13:00:00,210.4,217.0,206.0,210.2,-0.1,195.6,41154.1,-1
2022-08-30,2022-08-30 13:10:00,210.2,210.2,210.0,210.0,-0.1,195.6,41154.1,-1
2022-08-30,2022-08-30 13:20:00,210.0,210.0,209.8,209.8,-0.1,195.6,41154.1,-1
2022-08-30,2022-08-30 13:30:00,209.8,209.8,209.6,209.6,-0.1,195.6,41154.1,-1
2022-08-30,2022-08-30 13:40:00,209.6,209.6,209.4,209.4,-0.1,195.6,41154.1,-1
2022-08-30,2022-08-30 13:50:00,209.4,209.4,209.2,209.2,-0.1,195.6,41154.1,-1
2022-08-30,2022-08-30 14:00:00,209.2,209.2,209.0,209.0,-0.1,195.6,41154.1,-1
2022-08-30,2022-08-30 14:10:00,209.0,209.0,208.8,208.8,-0.1,195.6,41154.1,-1
2022-08-30,2022-08-30 14:20:00,208.8,208.8,208.6,208.6,-0.1,195.6,41154.1,-1
2022-08-30,2022-08-30 14:30:00,208.6,208.6,208.4,208.4,-0.1,195.6,41154.1,-1
2022-08-30,2022-08-30 14:40:00,208.4,208.4,208.2,208.2,-0.1,195.6,41154.1,-1
2022-08-30,2022-08-30 14:50:00,208.2,208.2,208.0,208.0,-0.1,195.6,41154.1,-1
2022-08-30,2022-08-30 15:00:00,208.0,217.0,206.0,208.0,0.0,195.6,41154.1,0
2022-08-31,2022-08-31 11:00:00,205.8,206.46,204.72,205.68,-0.06,190.56,39047.56,-1
2022-08-31,2022-08-31 11:10:00,205.68,205.68,205.57,205.57,-0.05,190.56,39047.56,-1
2022-08-31,2022-08-31 11:20:00,205.57,205.57,205.45,205.45,-0.06,190.56,39047.56,-1
2022-08-31,2022-08-31 11:30:00,205.45,205.45,205.33,205.33,-0.06,190.56,39047.56,-1
2022-08-31,2022-08-31 11:40:00,205.33,205.33,205.22,205.22,-0.05,190.56,39047.56,-1
2022-08-31,2022-08-31 11:50:00,205.22,205.22,205.1,205.1,-0.06,190.56,39047.56,-1
2022-08-31,2022-08-31 12:00:00,205.1,205.1,204.98,204.98,-0.06,190.56,39047.56,-1
2022-08-31,2022-08-31 12:10:00,204.98,204.98,204.87,204.87,-0.05,190.56,39047.56,-1
2022-08-31,2022-08-31 12:20:00,204.87,204.87,204.75,204.75,-0.06,190.56,39047.56,-1
2022-08-31,2022-08-31 12:30:00,204.75,204.75,204.63,204.63,-0.06,190.56,39047.56,-1
2022-08-31,2022-08-31 12:40:00,204.63,204.63,204.52,204.52,-0.05,190.56,39047.56,-1
2022-08-31,2022-08-31 12:50:00,204.52,204.52,204.4,204.4,-0.06,190.56,39047.56,-1
2022-08-31,2022-08-31 13:00:00,204.4,208.0,202.2,204.28,-0.06,190.56,39047.56,-1
2022-08-31,2022-08-31 13:10:00,204.28,204.28,204.17,204.17,-0.05,190.56,39047.56,-1
2022-08-31,2022-08-31 13:20:00,204.17,204.17,204.05,204.05,-0.06,190.56,39047.56,-1
2022-08-31,2022-08-31 13:30:00,204.05,204.05,203.93,203.93,-0.06,190.56,39047.56,-1
2022-08-31,2022-08-31 13:40:00,203.93,203.93,203.82,203.82,-0.05,190.56,39047.56,-1
2022-08-31,2022-08-31 13:50:00,203.82,203.82,203.7,203.7,-0.06,190.56,39047.56,-1
2022-08-31,2022-08-31 14:00:00,203.7,203.7,203.58,203.58,-0.06,190.56,39047.56,-1
2022-08-31,2022-08-31 14:10:00,203.58,203.58,203.47,203.47,-0.05,190.56,39047.56,-1
2022-08-31,2022-08-31 14:20:00,203.47,203.47,203.35,203.35,-0.06,190.56,39047.56,-1
2022-08-31,2022-08-31 14:30:00,203.35,203.35,203.23,203.23,-0.06,190.56,39047.56,-1
2022-08-31,2022-08-31 14:40:00,203.23,203.23,203.12,203.12,-0.05,190.56,39047.56,-1
2022-08-31,2022-08-31 14:50:00,203.12,203.12,203.0,203.0,-0.06,190.56,39047.56,-1
2022-08-31,2022-08-31 15:00:00,203.0,208.0,202.2,203.0,0.0,190.56,39047.56,0
2022-09-01,2022-09-01 11:00:00,207.0,207.63,205.2,207.0,0.0,383.24,78192.89,0
2022-09-01,2022-09-01 11:10:00,207.0,207.0,207.0,207.0,0.0,383.24,78192.89,0
2022-09-01,2022-09-01 11:20:00,207.0,207.0,207.0,207.0,0.0,383.24,78192.89,0
2022-09-01,2022-09-01 11:30:00,207.0,207.0,207.0,207.0,0.0,383.24,78192.89,0
2022-09-01,2022-09-01 11:40:00,207.0,207.0,207.0,207.0,0.0,383.24,78192.89,0
2022-09-01,2022-09-01 11:50:00,207.0,207.0,207.0,207.0,0.0,383.24,78192.89,0
2022-09-01,2022-09-01 12:00:00,207.0,207.0,207.0,207.0,0.0,383.24,78192.89,0
2022-09-01,2022-09-01 12:10:00,207.0,207.0,207.0,207.0,0.0,383.24,78192.89,0
2022-09-01,2022-09-01 12:20:00,207.0,207.0,207.0,207.0,0.0,383.24,78192.89,0
2022-09-01,2022-09-01 12:30:00,207.0,207.0,207.0,207.0,0.0,383.24,78192.89,0
2022-09-01,2022-09-01 12:40:00,207.0,207.0,207.0,207.0,0.0,383.24,78192.89,0
2022-09-01,2022-09-01 12:50:00,207.0,207.0,207.0,207.0,0.0,383.24,78192.89,0
2022-09-01,2022-09-01 13:00:00,207.0,209.1,201.0,207.0,0.0,383.24,78192.89,0
2022-09-01,2022-09-01 13:10:00,207.0,207.0,207.0,207.0,0.0,383.24,78192.89,0
2022-09-01,2022-09-01 13:20:00,207.0,207.0,207.0,207.0,0.0,383.24,78192.89,0
2022-09-01,2022-09-01 13:30:00,207.0,207.0,207.0,207.0,0.0,383.24,78192.89,0
2022-09-01,2022-09-01 13:40:00,207.0,207.0,207.0,207.0,0.0,383.24,78192.89,0
2022-09-01,2022-09-01 13:50:00,207.0,207.0,207.0,207.0,0.0,383.24,78192.89,0
2022-09-01,2022-09-01 14:00:00,207.0,207.0,207.0,207.0,0.0,383.24,78192.89,0
2022-09-01,2022-09-01 14:10:00,207.0,207.0,207.0,207.0,0.0,383.24,78192.89,0
2022-09-01,2022-09-01 14:20:00,207.0,207.0,207.0,207.0,0.0,383.24,78192.89,0
2022-09-01,2022-09-01 14:30:00,207.0,207.0,207.0,207.0,0.0,383.24,78192.89,0
2022-09-01,2022-09-01 14:40:00,207.0,207.0,207.0,207.0,0.0,383.24,78192.89,0
2022-09-01,2022-09-01 14:50:00,207.0,207.0,207.0,207.0,0.0,383.24,78192.89,0
2022-09-01,2022-09-01 15:00:00,207.0,209.1,201.0,207.0,0.0,383.24,78192.89,0
2022-09-02,2022-09-02 11:00:00,211.0,211.0,209.2,210.83,-0.08,80.2,16565.68,-1
2022-09-02,2022-09-02 11:10:00,210.83,210.83,210.67,210.67,-0.08,80.2,16565.68,-1
2022-09-02,2022-09-02 11:20:00,210.67,210.67,210.5,210.5,-0.08,80.2,16565.68,-1
2022-09-02,2022-09-02 11:30:00,210.5,210.5,210.33,210.33,-0.08,80.2,16565.68,-1
2022-09-02,2022-09-02 11:40:00,210.33,210.33,210.17,210.17,-0.08,80.2,16565.68,-1
2022-09-02,2022-09-02 11:50:00,210.17,210.17,210.0,210.0,-0.08,80.2,16565.68,-1
2022-09-02,2022-09-02 12:00:00,210.0,210.0,209.83,209.83,-0.08,80.2,16565.68,-1
2022-09-02,2022-09-02 12:10:00,209.83,209.83,209.67,209.67,-0.08,80.2,16565.68,-1
2022-09-02,2022-09-02 12:20:00,209.67,209.67,209.5,209.5,-0.08,80.2,16565.68,-1
2022-09-02,2022-09-02 12:30:00,209.5,209.5,209.33,209.33,-0.08,80.2,16565.68,-1
2022-09-02,2022-09-02 12:40:00,209.33,209.33,209.17,209.17,-0.08,80.2,16565.68,-1
2022-09-02,2022-09-02 12:50:00,209.17,209.17,209.0,209.0,-0.08,80.2,16565.68,-1
2022-09-02,2022-09-02 13:00:00,209.0,211.0,205.0,208.83,-0.08,80.2,16565.68,-1
2022-09-02,2022-09-02 13:10:00,208.83,208.83,208.67,208.67,-0.08,80.2,16565.68,-1
2022-09-02,2022-09-02 13:20:00,208.67,208.67,208.5,208.5,-0.08,80.2,16565.68,-1
2022-09-02,2022-09-02 13:30:00,208.5,208.5,208.33,208.33,-0.08,80.2,16565.68,-1
2022-09-02,2022-09-02 13:40:00,208.33,208.33,208.17,208.17,-0.08,80.2,16565.68,-1
2022-09-02,2022-09-02 13:50:00,208.17,208.17,208.0,208.0,-0.08,80.2,16565.68,-1
2022-09-02,2022-09-02 14:00:00,208.0,208.0,207.83,207.83,-0.08,80.2,16565.68,-1
2022-09-02,2022-09-02 14:10:00,207.83,207.83,207.67,207.67,-0.08,80.2,16565.68,-1
2022-09-02,2022-09-02 14:20:00,207.67,207.67,207.5,207.5,-0.08,80.2,16565.68,-1
2022-09-02,2022-09-02 14:30:00,207.5,207.5,207.33,207.33,-0.08,80.2,16565.68,-1
2022-09-02,2022-09-02 14:40:00,207.33,207.33,207.17,207.17,-0.08,80.2,16565.68,-1
2022-09-02,2022-09-02 14:50:00,207.17,207.17,207.0,207.0,-0.08,80.2,16565.68,-1
2022-09-02,2022-09-02 15:00:00,207.0,211.0,205.0,207.0,0.0,80.2,16565.68,0
2022-09-04,2022-09-04 11:00:00,203.1,209.31,203.1,203.96,0.42,220.0,46266.28,1
2022-09-04,2022-09-04 11:10:00,203.96,204.82,203.96,204.82,0.42,220.0,46266.28,1
2022-09-04,2022-09-04 11:20:00,204.82,205.69,204.82,205.69,0.42,220.0,46266.28,1
2022-09-04,2022-09-04 11:30:00,205.69,206.55,205.69,206.55,0.42,220.0,46266.28,1
2022-09-04,2022-09-04 11:40:00,206.55,207.41,206.55,207.41,0.42,220.0,46266.28,1
2022-09-04,2022-09-04 11:50:00,207.41,208.28,207.41,208.28,0.42,220.0,46266.28,1
2022-09-04,2022-09-04 12:00:00,208.28,209.14,208.28,209.14,0.41,220.0,46266.28,1
2022-09-04,2022-09-04 12:10:00,209.14,210.0,209.14,210.0,0.41,220.0,46266.28,1
2022-09-04,2022-09-04 12:20:00,210.0,210.86,210.0,210.86,0.41,220.0,46266.28,1
2022-09-04,2022-09-04 12:30:00,210.86,211.72,210.86,211.72,0.41,220.0,46266.28,1
2022-09-04,2022-09-04 12:40:00,211.72,212.59,211.72,212.59,0.41,220.0,46266.28,1
2022-09-04,2022-09-04 12:50:00,212.59,213.45,212.59,213.45,0.4,220.0,46266.28,1
2022-09-04,2022-09-04 13:00:00,213.45,223.8,203.1,214.31,0.4,220.0,46266.28,1
2022-09-04,2022-09-04 13:10:00,214.31,215.18,214.31,215.18,0.41,220.0,46266.28,1
2022-09-04,2022-09-04 13:20:00,215.18,216.04,215.18,216.04,0.4,220.0,46266.28,1
2022-09-04,2022-09-04 13:30:00,216.04,216.9,216.04,216.9,0.4,220.0,46266.28,1
2022-09-04,2022-09-04 13:40:00,216.9,217.76,216.9,217.76,0.4,220.0,46266.28,1
2022-09-04,2022-09-04 13:50:00,217.76,218.62,217.76,218.62,0.39,220.0,46266.28,1
2022-09-04,2022-09-04 14:00:00,218.62,219.49,218.62,219.49,0.4,220.0,46266.28,1
2022-09-04,2022-09-04 14:10:00,219.49,220.35,219.49,220.35,0.39,220.0,46266.28,1
2022-09-04,2022-09-04 14:20:00,220.35,221.21,220.35,221.21,0.39,220.0,46266.28,1
2022-09-04,2022-09-04 14:30:00,221.21,222.08,221.21,222.08,0.39,220.0,46266.28,1
2022-09-04,2022-09-04 14:40:00,222.08,222.94,222.08,222.94,0.39,220.0,46266.28,1
2022-09-04,2022-09-04 14:50:00,222.94,223.8,222.94,223.8,0.39,220.0,46266.28,1
2022-09-04,2022-09-04 15:00:00,223.8,223.8,203.1,223.8,0.0,220.0,46266.28,0
2022-09-05,2022-09-05 11:00:00,222.0,222.0,219.03,221.79,-0.09,377.64,81070.39,-1
2022-09-05,2022-09-05 11:10:00,221.79,221.79,221.58,221.58,-0.09,377.64,81070.39,-1
2022-09-05,2022-09-05 11:20:00,221.58,221.58,221.38,221.38,-0.09,377.64,81070.39,-1
2022-09-05,2022-09-05 11:30:00,221.38,221.38,221.17,221.17,-0.09,377.64,81070.39,-1
2022-09-05,2022-09-05 11:40:00,221.17,221.17,220.96,220.96,-0.09,377.64,81070.39,-1
2022-09-05,2022-09-05 11:50:00,220.96,220.96,220.75,220.75,-0.1,377.64,81070.39,-1
2022-09-05,2022-09-05 12:00:00,220.75,220.75,220.54,220.54,-0.1,377.64,81070.39,-1
2022-09-05,2022-09-05 12:10:00,220.54,220.54,220.33,220.33,-0.1,377.64,81070.39,-1
2022-09-05,2022-09-05 12:20:00,220.33,220.33,220.12,220.12,-0.1,377.64,81070.39,-1
2022-09-05,2022-09-05 12:30:00,220.12,220.12,219.92,219.92,-0.09,377.64,81070.39,-1
2022-09-05,2022-09-05 12:40:00,219.92,219.92,219.71,219.71,-0.1,377.64,81070.39,-1
2022-09-05,2022-09-05 12:50:00,219.71,219.71,219.5,219.5,-0.1,377.64,81070.39,-1
2022-09-05,2022-09-05 13:00:00,219.5,222.0,212.1,219.29,-0.1,377.64,81070.39,-1
2022-09-05,2022-09-05 13:10:00,219.29,219.29,219.08,219.08,-0.1,377.64,81070.39,-1
2022-09-05,2022-09-05 13:20:00,219.08,219.08,218.88,218.88,-0.09,377.64,81070.39,-1
2022-09-05,2022-09-05 13:30:00,218.88,218.88,218.67,218.67,-0.1,377.64,81070.39,-1
2022-09-05,2022-09-05 13:40:00,218.67,218.67,218.46,218.46,-0.1,377.64,81070.39,-1
2022-09-05,2022-09-05 13:50:00,218.46,218.46,218.25,218.25,-0.1,377.64,81070.39,-1
2022-09-05,2022-09-05 14:00:00,218.25,218.25,218.04,218.04,-0.1,377.64,81070.39,-1
2022-09-05,2022-09-05 14:10:00,218.04,218.04,217.83,217.83,-0.1,377.64,81070.39,-1
2022-09-05,2022-09-05 14:20:00,217.83,217.83,217.62,217.62,-0.1,377.64,81070.39,-1
2022-09-05,2022-09-05 14:30:00,217.62,217.62,217.42,217.42,-0.09,377.64,81070.39,-1
2022-09-05,2022-09-05 14:40:00,217.42,217.42,217.21,217.21,-0.1,377.64,81070.39,-1
2022-09-05,2022-09-05 14:50:00,217.21,217.21,217.0,217.0,-0.1,377.64,81070.39,-1
2022-09-05,2022-09-05 15:00:00,217.0,222.0,212.1,217.0,0.0,377.64,81070.39,0
2022-09-06,2022-09-06 11:00:00,220.9,220.9,215.83,220.24,-0.3,340.16,70331.79,-1
2022-09-06,2022-09-06 11:10:00,220.24,220.24,219.58,219.58,-0.3,340.16,70331.79,-1
2022-09-06,2022-09-06 11:20:00,219.58,219.58,218.91,218.91,-0.31,340.16,70331.79,-1
2022-09-06,2022-09-06 11:30:00,218.91,218.91,218.25,218.25,-0.3,340.16,70331.79,-1
2022-09-06,2022-09-06 11:40:00,218.25,218.25,217.59,217.59,-0.3,340.16,70331.79,-1
2022-09-06,2022-09-06 11:50:00,217.59,217.59,216.93,216.93,-0.3,340.16,70331.79,-1
2022-09-06,2022-09-06 12:00:00,216.93,216.93,216.26,216.26,-0.31,340.16,70331.79,-1
2022-09-06,2022-09-06 12:10:00,216.26,216.26,215.6,215.6,-0.31,340.16,70331.79,-1
2022-09-06,2022-09-06 12:20:00,215.6,215.6,214.94,214.94,-0.31,340.16,70331.79,-1
2022-09-06,2022-09-06 12:30:00,214.94,214.94,214.28,214.28,-0.31,340.16,70331.79,-1
2022-09-06,2022-09-06 12:40:00,214.28,214.28,213.61,213.61,-0.31,340.16,70331.79,-1
2022-09-06,2022-09-06 12:50:00,213.61,213.61,212.95,212.95,-0.31,340.16,70331.79,-1
2022-09-06,2022-09-06 13:00:00,212.95,220.9,204.0,212.29,-0.31,340.16,70331.79,-1
2022-09-06,2022-09-06 13:10:00,212.29,212.29,211.62,211.62,-0.32,340.16,70331.79,-1
2022-09-06,2022-09-06 13:20:00,211.62,211.62,210.96,210.96,-0.31,340.16,70331.79,-1
2022-09-06,2022-09-06 13:30:00,210.96,210.96,210.3,210.3,-0.31,340.16,70331.79,-1
2022-09-06,2022-09-06 13:40:00,210.3,210.3,209.64,209.64,-0.31,340.16,70331.79,-1
2022-09-06,2022-09-06 13:50:00,209.64,209.64,208.97,208.97,-0.32,340.16,70331.79,-1
2022-09-06,2022-09-06 14:00:00,208.97,208.97,208.31,208.31,-0.32,340.16,70331.79,-1
2022-09-06,2022-09-06 14:10:00,208.31,208.31,207.65,207.65,-0.32,340.16,70331.79,-1
2022-09-06,2022-09-06 14:20:00,207.65,207.65,206.99,206.99,-0.32,340.16,70331.79,-1
2022-09-06,2022-09-06 14:30:00,206.99,206.99,206.32,206.32,-0.32,340.16,70331.79,-1
2022-09-06,2022-09-06 14:40:00,206.32,206.32,205.66,205.66,-0.32,340.16,70331.79,-1
2022-09-06,2022-09-06 14:50:00,205.66,205.66,205.0,205.0,-0.32,340.16,70331.79,-1
2022-09-06,2022-09-06 15:00:00,205.0,220.9,204.0,205.0,0.0,340.16,70331.79,0
2022-09-07,2022-09-07 11:00:00,209.0,209.0,206.93,208.92,-0.04,218.12,44545.7,-1
2022-09-07,2022-09-07 11:10:00,208.92,208.92,208.83,208.83,-0.04,218.12,44545.7,-1
2022-09-07,2022-09-07 11:20:00,208.83,208.83,208.75,208.75,-0.04,218.12,44545.7,-1
2022-09-07,2022-09-07 11:30:00,208.75,208.75,208.67,208.67,-0.04,218.12,44545.7,-1
2022-09-07,2022-09-07 11:40:00,208.67,208.67,208.58,208.58,-0.04,218.12,44545.7,-1
2022-09-07,2022-09-07 11:50:00,208.58,208.58,208.5,208.5,-0.04,218.12,44545.7,-1
2022-09-07,2022-09-07 12:00:00,208.5,208.5,208.42,208.42,-0.04,218.12,44545.7,-1
2022-09-07,2022-09-07 12:10:00,208.42,208.42,208.33,208.33,-0.04,218.12,44545.7,-1
2022-09-07,2022-09-07 12:20:00,208.33,208.33,208.25,208.25,-0.04,218.12,44545.7,-1
2022-09-07,2022-09-07 12:30:00,208.25,208.25,208.17,208.17,-0.04,218.12,44545.7,-1
2022-09-07,2022-09-07 12:40:00,208.17,208.17,208.08,208.08,-0.04,218.12,44545.7,-1
2022-09-07,2022-09-07 12:50:00,208.08,208.08,208.0,208.0,-0.04,218.12,44545.7,-1
2022-09-07,2022-09-07 13:00:00,208.0,209.0,202.1,207.92,-0.04,218.12,44545.7,-1
2022-09-07,2022-09-07 13:10:00,207.92,207.92,207.83,207.83,-0.04,218.12,44545.7,-1
2022-09-07,2022-09-07 13:20:00,207.83,207.83,207.75,207.75,-0.04,218.12,44545.7,-1
2022-09-07,2022-09-07 13:30:00,207.75,207.75,207.67,207.67,-0.04,218.12,44545.7,-1
2022-09-07,2022-09-07 13:40:00,207.67,207.67,207.58,207.58,-0.04,218.12,44545.7,-1
2022-09-07,2022-09-07 13:50:00,207.58,207.58,207.5,207.5,-0.04,218.12,44545.7,-1
2022-09-07,2022-09-07 14:00:00,207.5,207.5,207.42,207.42,-0.04,218.12,44545.7,-1
2022-09-07,2022-09-07 14:10:00,207.42,207.42,207.33,207.33,-0.04,218.12,44545.7,-1
2022-09-07,2022-09-07 14:20:00,207.33,207.33,207.25,207.25,-0.04,218.12,44545.7,-1
2022-09-07,2022-09-07 14:30:00,207.25,207.25,207.17,207.17,-0.04,218.12,44545.7,-1
2022-09-07,2022-09-07 14:40:00,207.17,207.17,207.08,207.08,-0.04,218.12,44545.7,-1
2022-09-07,2022-09-07 14:50:00,207.08,207.08,207.0,207.0,-0.04,218.12,44545.7,-1
2022-09-07,2022-09-07 15:00:00,207.0,209.0,202.1,207.0,0.0,218.12,44545.7,0
2022-09-08,2022-09-08 11:00:00,206.0,207.8,205.1,206.17,0.08,389.72,82007.78,1
2022-09-08,2022-09-08 11:10:00,206.17,206.33,206.17,206.33,0.08,389.72,82007.78,1
2022-09-08,2022-09-08 11:20:00,206.33,206.5,206.33,206.5,0.08,389.72,82007.78,1
2022-09-08,2022-09-08 11:30:00,206.5,206.67,206.5,206.67,0.08,389.72,82007.78,1
2022-09-08,2022-09-08 11:40:00,206.67,206.83,206.67,206.83,0.08,389.72,82007.78,1
2022-09-08,2022-09-08 11:50:00,206.83,207.0,206.83,207.0,0.08,389.72,82007.78,1
2022-09-08,2022-09-08 12:00:00,207.0,207.17,207.0,207.17,0.08,389.72,82007.78,1
2022-09-08,2022-09-08 12:10:00,207.17,207.33,207.17,207.33,0.08,389.72,82007.78,1
2022-09-08,2022-09-08 12:20:00,207.33,207.5,207.33,207.5,0.08,389.72,82007.78,1
2022-09-08,2022-09-08 12:30:00,207.5,207.67,207.5,207.67,0.08,389.72,82007.78,1
2022-09-08,2022-09-08 12:40:00,207.67,207.83,207.67,207.83,0.08,389.72,82007.78,1
2022-09-08,2022-09-08 12:50:00,207.83,208.0,207.83,208.0,0.08,389.72,82007.78,1
2022-09-08,2022-09-08 13:00:00,208.0,212.0,203.0,208.17,0.08,389.72,82007.78,1
2022-09-08,2022-09-08 13:10:00,208.17,208.33,208.17,208.33,0.08,389.72,82007.78,1
2022-09-08,2022-09-08 13:20:00,208.33,208.5,208.33,208.5,0.08,389.72,82007.78,1
2022-09-08,2022-09-08 13:30:00,208.5,208.67,208.5,208.67,0.08,389.72,82007.78,1
2022-09-08,2022-09-08 13:40:00,208.67,208.83,208.67,208.83,0.08,389.72,82007.78,1
2022-09-08,2022-09-08 13:50:00,208.83,209.0,208.83,209.0,0.08,389.72,82007.78,1
2022-09-08,2022-09-08 14:00:00,209.0,209.17,209.0,209.17,0.08,389.72,82007.78,1
2022-09-08,2022-09-08 14:10:00,209.17,209.33,209.17,209.33,0.08,389.72,82007.78,1
2022-09-08,2022-09-08 14:20:00,209.33,209.5,209.33,209.5,0.08,389.72,82007.78,1
2022-09-08,2022-09-08 14:30:00,209.5,209.67,209.5,209.67,0.08,389.72,82007.78,1
2022-09-08,2022-09-08 14:40:00,209.67,209.83,209.67,209.83,0.08,389.72,82007.78,1
2022-09-08,2022-09-08 14:50:00,209.83,210.0,209.83,210.0,0.08,389.72,82007.78,1
2022-09-08,2022-09-08 15:00:00,210.0,212.0,203.0,210.0,0.0,389.72,82007.78,0
2022-09-11,2022-09-11 11:00:00,207.0,208.2,206.43,206.92,-0.04,187.32,38772.07,-1
2022-09-11,2022-09-11 11:10:00,206.92,206.92,206.84,206.84,-0.04,187.32,38772.07,-1
2022-09-11,2022-09-11 11:20:00,206.84,206.84,206.76,206.76,-0.04,187.32,38772.07,-1
2022-09-11,2022-09-11 11:30:00,206.76,206.76,206.68,206.68,-0.04,187.32,38772.07,-1
2022-09-11,2022-09-11 11:40:00,206.68,206.68,206.6,206.6,-0.04,187.32,38772.07,-1
2022-09-11,2022-09-11 11:50:00,206.6,206.6,206.53,206.53,-0.03,187.32,38772.07,-1
2022-09-11,2022-09-11 12:00:00,206.53,206.53,206.45,206.45,-0.04,187.32,38772.07,-1
2022-09-11,2022-09-11 12:10:00,206.45,206.45,206.37,206.37,-0.04,187.32,38772.07,-1
2022-09-11,2022-09-11 12:20:00,206.37,206.37,206.29,206.29,-0.04,187.32,38772.07,-1
2022-09-11,2022-09-11 12:30:00,206.29,206.29,206.21,206.21,-0.04,187.32,38772.07,-1
2022-09-11,2022-09-11 12:40:00,206.21,206.21,206.13,206.13,-0.04,187.32,38772.07,-1
2022-09-11,2022-09-11 12:50:00,206.13,206.13,206.05,206.05,-0.04,187.32,38772.07,-1
2022-09-11,2022-09-11 13:00:00,206.05,211.0,205.1,205.97,-0.04,187.32,38772.07,-1
2022-09-11,2022-09-11 13:10:00,205.97,205.97,205.89,205.89,-0.04,187.32,38772.07,-1
2022-09-11,2022-09-11 13:20:00,205.89,205.89,205.81,205.81,-0.04,187.32,38772.07,-1
2022-09-11,2022-09-11 13:30:00,205.81,205.81,205.73,205.73,-0.04,187.32,38772.07,-1
2022-09-11,2022-09-11 13:40:00,205.73,205.73,205.65,205.65,-0.04,187.32,38772.07,-1
2022-09-11,2022-09-11 13:50:00,205.65,205.65,205.57,205.57,-0.04,187.32,38772.07,-1
2022-09-11,2022-09-11 14:00:00,205.57,205.57,205.5,205.5,-0.03,187.32,38772.07,-1
2022-09-11,2022-09-11 14:10:00,205.5,205.5,205.42,205.42,-0.04,187.32,38772.07,-1
2022-09-11,2022-09-11 14:20:00,205.42,205.42,205.34,205.34,-0.04,187.32,38772.07,-1
2022-09-11,2022-09-11 14:30:00,205.34,205.34,205.26,205.26,-0.04,187.32,38772.07,-1
2022-09-11,2022-09-11 14:40:00,205.26,205.26,205.18,205.18,-0.04,187.32,38772.07,-1
2022-09-11,2022-09-11 14:50:00,205.18,205.18,205.1,205.1,-0.04,187.32,38772.07,-1
2022-09-11,2022-09-11 15:00:00,205.1,211.0,205.1,205.1,0.0,187.32,38772.07,0
2022-09-12,2022-09-12 11:00:00,206.0,206.3,204.8,206.04,0.02,271.2,55498.96,1
2022-09-12,2022-09-12 11:10:00,206.04,206.08,206.04,206.08,0.02,271.2,55498.96,1
2022-09-12,2022-09-12 11:20:00,206.08,206.12,206.08,206.12,0.02,271.2,55498.96,1
2022-09-12,2022-09-12 11:30:00,206.12,206.17,206.12,206.17,0.02,271.2,55498.96,1
2022-09-12,2022-09-12 11:40:00,206.17,206.21,206.17,206.21,0.02,271.2,55498.96,1
2022-09-12,2022-09-12 11:50:00,206.21,206.25,206.21,206.25,0.02,271.2,55498.96,1
2022-09-12,2022-09-12 12:00:00,206.25,206.29,206.25,206.29,0.02,271.2,55498.96,1
2022-09-12,2022-09-12 12:10:00,206.29,206.33,206.29,206.33,0.02,271.2,55498.96,1
2022-09-12,2022-09-12 12:20:00,206.33,206.38,206.33,206.38,0.02,271.2,55498.96,1
2022-09-12,2022-09-12 12:30:00,206.38,206.42,206.38,206.42,0.02,271.2,55498.96,1
2022-09-12,2022-09-12 12:40:00,206.42,206.46,206.42,206.46,0.02,271.2,55498.96,1
2022-09-12,2022-09-12 12:50:00,206.46,206.5,206.46,206.5,0.02,271.2,55498.96,1
2022-09-12,2022-09-12 13:00:00,206.5,207.0,202.0,206.54,0.02,271.2,55498.96,1
2022-09-12,2022-09-12 13:10:00,206.54,206.58,206.54,206.58,0.02,271.2,55498.96,1
2022-09-12,2022-09-12 13:20:00,206.58,206.62,206.58,206.62,0.02,271.2,55498.96,1
2022-09-12,2022-09-12 13:30:00,206.62,206.67,206.62,206.67,0.02,271.2,55498.96,1
2022-09-12,2022-09-12 13:40:00,206.67,206.71,206.67,206.71,0.02,271.2,55498.96,1
2022-09-12,2022-09-12 13:50:00,206.71,206.75,206.71,206.75,0.02,271.2,55498.96,1
2022-09-12,2022-09-12 14:00:00,206.75,206.79,206.75,206.79,0.02,271.2,55498.96,1
2022-09-12,2022-09-12 14:10:00,206.79,206.83,206.79,206.83,0.02,271.2,55498.96,1
2022-09-12,2022-09-12 14:20:00,206.83,206.88,206.83,206.88,0.02,271.2,55498.96,1
2022-09-12,2022-09-12 14:30:00,206.88,206.92,206.88,206.92,0.02,271.2,55498.96,1
2022-09-12,2022-09-12 14:40:00,206.92,206.96,206.92,206.96,0.02,271.2,55498.96,1
2022-09-12,2022-09-12 14:50:00,206.96,207.0,206.96,207.0,0.02,271.2,55498.96,1
2022-09-12,2022-09-12 15:00:00,207.0,207.0,202.0,207.0,0.0,271.2,55498.96,0
2022-09-13,2022-09-13 11:00:00,211.0,211.9,209.8,210.88,-0.06,203.36,42775.84,-1
2022-09-13,2022-09-13 11:10:00,210.88,210.88,210.75,210.75,-0.06,203.36,42775.84,-1
2022-09-13,2022-09-13 11:20:00,210.75,210.75,210.62,210.62,-0.06,203.36,42775.84,-1
2022-09-13,2022-09-13 11:30:00,210.62,210.62,210.5,210.5,-0.06,203.36,42775.84,-1
2022-09-13,2022-09-13 11:40:00,210.5,210.5,210.38,210.38,-0.06,203.36,42775.84,-1
2022-09-13,2022-09-13 11:50:00,210.38,210.38,210.25,210.25,-0.06,203.36,42775.84,-1
2022-09-13,2022-09-13 12:00:00,210.25,210.25,210.12,210.12,-0.06,203.36,42775.84,-1
2022-09-13,2022-09-13 12:10:00,210.12,210.12,210.0,210.0,-0.06,203.36,42775.84,-1
2022-09-13,2022-09-13 12:20:00,210.0,210.0,209.88,209.88,-0.06,203.36,42775.84,-1
2022-09-13,2022-09-13 12:30:00,209.88,209.88,209.75,209.75,-0.06,203.36,42775.84,-1
2022-09-13,2022-09-13 12:40:00,209.75,209.75,209.62,209.62,-0.06,203.36,42775.84,-1
2022-09-13,2022-09-13 12:50:00,209.62,209.62,209.5,209.5,-0.06,203.36,42775.84,-1
2022-09-13,2022-09-13 13:00:00,209.5,214.0,207.0,209.38,-0.06,203.36,42775.84,-1
2022-09-13,2022-09-13 13:10:00,209.38,209.38,209.25,209.25,-0.06,203.36,42775.84,-1
2022-09-13,2022-09-13 13:20:00,209.25,209.25,209.12,209.12,-0.06,203.36,42775.84,-1
2022-09-13,2022-09-13 13:30:00,209.12,209.12,209.0,209.0,-0.06,203.36,42775.84,-1
2022-09-13,2022-09-13 13:40:00,209.0,209.0,208.88,208.88,-0.06,203.36,42775.84,-1
2022-09-13,2022-09-13 13:50:00,208.88,208.88,208.75,208.75,-0.06,203.36,42775.84,-1
2022-09-13,2022-09-13 14:00:00,208.75,208.75,208.62,208.62,-0.06,203.36,42775.84,-1
2022-09-13,2022-09-13 14:10:00,208.62,208.62,208.5,208.5,-0.06,203.36,42775.84,-1
2022-09-13,2022-09-13 14:20:00,208.5,208.5,208.38,208.38,-0.06,203.36,42775.84,-1
2022-09-13,2022-09-13 14:30:00,208.38,208.38,208.25,208.25,-0.06,203.36,42775.84,-1
2022-09-13,2022-09-13 14:40:00,208.25,208.25,208.12,208.12,-0.06,203.36,42775.84,-1
2022-09-13,2022-09-13 14:50:00,208.12,208.12,208.0,208.0,-0.06,203.36,42775.84,-1
2022-09-13,2022-09-13 15:00:00,208.0,214.0,207.0,208.0,0.0,203.36,42775.84,0
2022-09-14,2022-09-14 11:00:00,210.0,212.34,210.0,210.29,0.14,527.52,112340.39,1
2022-09-14,2022-09-14 11:10:00,210.29,210.58,210.29,210.58,0.14,527.52,112340.39,1
2022-09-14,2022-09-14 11:20:00,210.58,210.88,210.58,210.88,0.14,527.52,112340.39,1
2022-09-14,2022-09-14 11:30:00,210.88,211.17,210.88,211.17,0.14,527.52,112340.39,1
2022-09-14,2022-09-14 11:40:00,211.17,211.46,211.17,211.46,0.14,527.52,112340.39,1
2022-09-14,2022-09-14 11:50:00,211.46,211.75,211.46,211.75,0.14,527.52,112340.39,1
2022-09-14,2022-09-14 12:00:00,211.75,212.04,211.75,212.04,0.14,527.52,112340.39,1
2022-09-14,2022-09-14 12:10:00,212.04,212.33,212.04,212.33,0.14,527.52,112340.39,1
2022-09-14,2022-09-14 12:20:00,212.33,212.62,212.33,212.62,0.14,527.52,112340.39,1
2022-09-14,2022-09-14 12:30:00,212.62,212.92,212.62,212.92,0.14,527.52,112340.39,1
2022-09-14,2022-09-14 12:40:00,212.92,213.21,212.92,213.21,0.14,527.52,112340.39,1
2022-09-14,2022-09-14 12:50:00,213.21,213.5,213.21,213.5,0.14,527.52,112340.39,1
2022-09-14,2022-09-14 13:00:00,213.5,217.8,210.0,213.79,0.14,527.52,112340.39,1
2022-09-14,2022-09-14 13:10:00,213.79,214.08,213.79,214.08,0.14,527.52,112340.39,1
2022-09-14,2022-09-14 13:20:00,214.08,214.38,214.08,214.38,0.14,527.52,112340.39,1
2022-09-14,2022-09-14 13:30:00,214.38,214.67,214.38,214.67,0.14,527.52,112340.39,1
2022-09-14,2022-09-14 13:40:00,214.67,214.96,214.67,214.96,0.14,527.52,112340.39,1
2022-09-14,2022-09-14 13:50:00,214.96,215.25,214.96,215.25,0.13,527.52,112340.39,1
2022-09-14,2022-09-14 14:00:00,215.25,215.54,215.25,215.54,0.13,527.52,112340.39,1
2022-09-14,2022-09-14 14:10:00,215.54,215.83,215.54,215.83,0.13,527.52,112340.39,1
2022-09-14,2022-09-14 14:20:00,215.83,216.12,215.83,216.12,0.13,527.52,112340.39,1
2022-09-14,2022-09-14 14:30:00,216.12,216.42,216.12,216.42,0.14,527.52,112340.39,1
2022-09-14,2022-09-14 14:40:00,216.42,216.71,216.42,216.71,0.13,527.52,112340.39,1
2022-09-14,2022-09-14 14:50:00,216.71,217.0,216.71,217.0,0.13,527.52,112340.39,1
2022-09-14,2022-09-14 15:00:00,217.0,217.8,210.0,217.0,0.0,527.52,112340.39,0
2022-09-15,2022-09-15 11:00:00,219.9,219.9,214.23,219.28,-0.28,1746.0,358218.36,-1
2022-09-15,2022-09-15 11:10:00,219.28,219.28,218.66,218.66,-0.28,1746.0,358218.36,-1
2022-09-15,2022-09-15 11:20:00,218.66,218.66,218.04,218.04,-0.28,1746.0,358218.36,-1
2022-09-15,2022-09-15 11:30:00,218.04,218.04,217.42,217.42,-0.28,1746.0,358218.36,-1
2022-09-15,2022-09-15 11:40:00,217.42,217.42,216.8,216.8,-0.29,1746.0,358218.36,-1
2022-09-15,2022-09-15 11:50:00,216.8,216.8,216.18,216.18,-0.29,1746.0,358218.36,-1
2022-09-15,2022-09-15 12:00:00,216.18,216.18,215.55,215.55,-0.29,1746.0,358218.36,-1
2022-09-15,2022-09-15 12:10:00,215.55,215.55,214.93,214.93,-0.29,1746.0,358218.36,-1
2022-09-15,2022-09-15 12:20:00,214.93,214.93,214.31,214.31,-0.29,1746.0,358218.36,-1
2022-09-15,2022-09-15 12:30:00,214.31,214.31,213.69,213.69,-0.29,1746.0,358218.36,-1
2022-09-15,2022-09-15 12:40:00,213.69,213.69,213.07,213.07,-0.29,1746.0,358218.36,-1
2022-09-15,2022-09-15 12:50:00,213.07,213.07,212.45,212.45,-0.29,1746.0,358218.36,-1
2022-09-15,2022-09-15 13:00:00,212.45,219.9,201.0,211.83,-0.29,1746.0,358218.36,-1
2022-09-15,2022-09-15 13:10:00,211.83,211.83,211.21,211.21,-0.29,1746.0,358218.36,-1
2022-09-15,2022-09-15 13:20:00,211.21,211.21,210.59,210.59,-0.29,1746.0,358218.36,-1
2022-09-15,2022-09-15 13:30:00,210.59,210.59,209.97,209.97,-0.29,1746.0,358218.36,-1
2022-09-15,2022-09-15 13:40:00,209.97,209.97,209.35,209.35,-0.3,1746.0,358218.36,-1
2022-09-15,2022-09-15 13:50:00,209.35,209.35,208.72,208.72,-0.3,1746.0,358218.36,-1
2022-09-15,2022-09-15 14:00:00,208.72,208.72,208.1,208.1,-0.3,1746.0,358218.36,-1
2022-09-15,2022-09-15 14:10:00,208.1,208.1,207.48,207.48,-0.3,1746.0,358218.36,-1
2022-09-15,2022-09-15 14:20:00,207.48,207.48,206.86,206.86,-0.3,1746.0,358218.36,-1
2022-09-15,2022-09-15 14:30:00,206.86,206.86,206.24,206.24,-0.3,1746.0,358218.36,-1
2022-09-15,2022-09-15 14:40:00,206.24,206.24,205.62,205.62,-0.3,1746.0,358218.36,-1
2022-09-15,2022-09-15 14:50:00,205.62,205.62,205.0,205.0,-0.3,1746.0,358218.36,-1
2022-09-15,2022-09-15 15:00:00,205.0,219.9,201.0,205.0,0.0,1746.0,358218.36,0
2022-09-16,2022-09-16 11:00:00,203.0,204.47,200.6,202.92,-0.04,391.0,78759.19,-1
2022-09-16,2022-09-16 11:10:00,202.92,202.92,202.84,202.84,-0.04,391.0,78759.19,-1
2022-09-16,2022-09-16 11:20:00,202.84,202.84,202.76,202.76,-0.04,391.0,78759.19,-1
2022-09-16,2022-09-16 11:30:00,202.76,202.76,202.68,202.68,-0.04,391.0,78759.19,-1
2022-09-16,2022-09-16 11:40:00,202.68,202.68,202.6,202.6,-0.04,391.0,78759.19,-1
2022-09-16,2022-09-16 11:50:00,202.6,202.6,202.53,202.53,-0.03,391.0,78759.19,-1
2022-09-16,2022-09-16 12:00:00,202.53,202.53,202.45,202.45,-0.04,391.0,78759.19,-1
2022-09-16,2022-09-16 12:10:00,202.45,202.45,202.37,202.37,-0.04,391.0,78759.19,-1
2022-09-16,2022-09-16 12:20:00,202.37,202.37,202.29,202.29,-0.04,391.0,78759.19,-1
2022-09-16,2022-09-16 12:30:00,202.29,202.29,202.21,202.21,-0.04,391.0,78759.19,-1
2022-09-16,2022-09-16 12:40:00,202.21,202.21,202.13,202.13,-0.04,391.0,78759.19,-1
2022-09-16,2022-09-16 12:50:00,202.13,202.13,202.05,202.05,-0.04,391.0,78759.19,-1
2022-09-16,2022-09-16 13:00:00,202.05,207.9,195.0,201.97,-0.04,391.0,78759.19,-1
2022-09-16,2022-09-16 13:10:00,201.97,201.97,201.89,201.89,-0.04,391.0,78759.19,-1
2022-09-16,2022-09-16 13:20:00,201.89,201.89,201.81,201.81,-0.04,391.0,78759.19,-1
2022-09-16,2022-09-16 13:30:00,201.81,201.81,201.73,201.73,-0.04,391.0,78759.19,-1
2022-09-16,2022-09-16 13:40:00,201.73,201.73,201.65,201.65,-0.04,391.0,78759.19,-1
2022-09-16,2022-09-16 13:50:00,201.65,201.65,201.57,201.57,-0.04,391.0,78759.19,-1
2022-09-16,2022-09-16 14:00:00,201.57,201.57,201.5,201.5,-0.03,391.0,78759.19,-1
2022-09-16,2022-09-16 14:10:00,201.5,201.5,201.42,201.42,-0.04,391.0,78759.19,-1
2022-09-16,2022-09-16 14:20:00,201.42,201.42,201.34,201.34,-0.04,391.0,78759.19,-1
2022-09-16,2022-09-16 14:30:00,201.34,201.34,201.26,201.26,-0.04,391.0,78759.19,-1
2022-09-16,2022-09-16 14:40:00,201.26,201.26,201.18,201.18,-0.04,391.0,78759.19,-1
2022-09-16,2022-09-16 14:50:00,201.18,201.18,201.1,201.1,-0.04,391.0,78759.19,-1
2022-09-16,2022-09-16 15:00:00,201.1,207.9,195.0,201.1,0.0,391.0,78759.19,0
2022-09-18,2022-09-18 11:00:00,199.0,199.9,196.3,198.62,-0.19,579.16,112267.97,-1
2022-09-18,2022-09-18 11:10:00,198.62,198.62,198.25,198.25,-0.19,579.16,112267.97,-1
2022-09-18,2022-09-18 11:20:00,198.25,198.25,197.88,197.88,-0.19,579.16,112267.97,-1
2022-09-18,2022-09-18 11:30:00,197.88,197.88,197.5,197.5,-0.19,579.16,112267.97,-1
2022-09-18,2022-09-18 11:40:00,197.5,197.5,197.12,197.12,-0.19,579.16,112267.97,-1
2022-09-18,2022-09-18 11:50:00,197.12,197.12,196.75,196.75,-0.19,579.16,112267.97,-1
2022-09-18,2022-09-18 12:00:00,196.75,196.75,196.38,196.38,-0.19,579.16,112267.97,-1
2022-09-18,2022-09-18 12:10:00,196.38,196.38,196.0,196.0,-0.19,579.16,112267.97,-1
2022-09-18,2022-09-18 12:20:00,196.0,196.0,195.62,195.62,-0.19,579.16,112267.97,-1
2022-09-18,2022-09-18 12:30:00,195.62,195.62,195.25,195.25,-0.19,579.16,112267.97,-1
2022-09-18,2022-09-18 12:40:00,195.25,195.25,194.88,194.88,-0.19,579.16,112267.97,-1
2022-09-18,2022-09-18 12:50:00,194.88,194.88,194.5,194.5,-0.19,579.16,112267.97,-1
2022-09-18,2022-09-18 13:00:00,194.5,202.0,190.0,194.12,-0.2,579.16,112267.97,-1
2022-09-18,2022-09-18 13:10:00,194.12,194.12,193.75,193.75,-0.19,579.16,112267.97,-1
2022-09-18,2022-09-18 13:20:00,193.75,193.75,193.38,193.38,-0.19,579.16,112267.97,-1
2022-09-18,2022-09-18 13:30:00,193.38,193.38,193.0,193.0,-0.2,579.16,112267.97,-1
2022-09-18,2022-09-18 13:40:00,193.0,193.0,192.62,192.62,-0.2,579.16,112267.97,-1
2022-09-18,2022-09-18 13:50:00,192.62,192.62,192.25,192.25,-0.19,579.16,112267.97,-1
2022-09-18,2022-09-18 14:00:00,192.25,192.25,191.88,191.88,-0.19,579.16,112267.97,-1
2022-09-18,2022-09-18 14:10:00,191.88,191.88,191.5,191.5,-0.2,579.16,112267.97,-1
2022-09-18,2022-09-18 14:20:00,191.5,191.5,191.12,191.12,-0.2,579.16,112267.97,-1
2022-09-18,2022-09-18 14:30:00,191.12,191.12,190.75,190.75,-0.19,579.16,112267.97,-1
2022-09-18,2022-09-18 14:40:00,190.75,190.75,190.38,190.38,-0.19,579.16,112267.97,-1
2022-09-18,2022-09-18 14:50:00,190.38,190.38,190.0,190.0,-0.2,579.16,112267.97,-1
2022-09-18,2022-09-18 15:00:00,190.0,202.0,190.0,190.0,0.0,579.16,112267.97,0
2022-09-20,2022-09-20 11:00:00,187.0,187.0,184.3,186.88,-0.06,804.44,145839.46,-1
2022-09-20,2022-09-20 11:10:00,186.88,186.88,186.75,186.75,-0.07,804.44,145839.46,-1
2022-09-20,2022-09-20 11:20:00,186.75,186.75,186.62,186.62,-0.07,804.44,145839.46,-1
2022-09-20,2022-09-20 11:30:00,186.62,186.62,186.5,186.5,-0.06,804.44,145839.46,-1
2022-09-20,2022-09-20 11:40:00,186.5,186.5,186.38,186.38,-0.06,804.44,145839.46,-1
2022-09-20,2022-09-20 11:50:00,186.38,186.38,186.25,186.25,-0.07,804.44,145839.46,-1
2022-09-20,2022-09-20 12:00:00,186.25,186.25,186.12,186.12,-0.07,804.44,145839.46,-1
2022-09-20,2022-09-20 12:10:00,186.12,186.12,186.0,186.0,-0.06,804.44,145839.46,-1
2022-09-20,2022-09-20 12:20:00,186.0,186.0,185.88,185.88,-0.06,804.44,145839.46,-1
2022-09-20,2022-09-20 12:30:00,185.88,185.88,185.75,185.75,-0.07,804.44,145839.46,-1
2022-09-20,2022-09-20 12:40:00,185.75,185.75,185.62,185.62,-0.07,804.44,145839.46,-1
2022-09-20,2022-09-20 12:50:00,185.62,185.62,185.5,185.5,-0.06,804.44,145839.46,-1
2022-09-20,2022-09-20 13:00:00,185.5,187.0,178.0,185.38,-0.06,804.44,145839.46,-1
2022-09-20,2022-09-20 13:10:00,185.38,185.38,185.25,185.25,-0.07,804.44,145839.46,-1
2022-09-20,2022-09-20 13:20:00,185.25,185.25,185.12,185.12,-0.07,804.44,145839.46,-1
2022-09-20,2022-09-20 13:30:00,185.12,185.12,185.0,185.0,-0.06,804.44,145839.46,-1
2022-09-20,2022-09-20 13:40:00,185.0,185.0,184.88,184.88,-0.06,804.44,145839.46,-1
2022-09-20,2022-09-20 13:50:00,184.88,184.88,184.75,184.75,-0.07,804.44,145839.46,-1
2022-09-20,2022-09-20 14:00:00,184.75,184.75,184.62,184.62,-0.07,804.44,145839.46,-1
2022-09-20,2022-09-20 14:10:00,184.62,184.62,184.5,184.5,-0.06,804.44,145839.46,-1
2022-09-20,2022-09-20 14:20:00,184.5,184.5,184.38,184.38,-0.07,804.44,145839.46,-1
2022-09-20,2022-09-20 14:30:00,184.38,184.38,184.25,184.25,-0.07,804.44,145839.46,-1
2022-09-20,2022-09-20 14:40:00,184.25,184.25,184.12,184.12,-0.07,804.44,145839.46,-1
2022-09-20,2022-09-20 14:50:00,184.12,184.12,184.0,184.0,-0.07,804.44,145839.46,-1
2022-09-20,2022-09-20 15:00:00,184.0,187.0,178.0,184.0,0.0,804.44,145839.46,0
2022-09-21,2022-09-21 11:00:00,187.6,188.68,186.52,187.49,-0.06,423.88,79067.63,-1
2022-09-21,2022-09-21 11:10:00,187.49,187.49,187.38,187.38,-0.06,423.88,79067.63,-1
2022-09-21,2022-09-21 11:20:00,187.38,187.38,187.28,187.28,-0.05,423.88,79067.63,-1
2022-09-21,2022-09-21 11:30:00,187.28,187.28,187.17,187.17,-0.06,423.88,79067.63,-1
2022-09-21,2022-09-21 11:40:00,187.17,187.17,187.06,187.06,-0.06,423.88,79067.63,-1
2022-09-21,2022-09-21 11:50:00,187.06,187.06,186.95,186.95,-0.06,423.88,79067.63,-1
2022-09-21,2022-09-21 12:00:00,186.95,186.95,186.84,186.84,-0.06,423.88,79067.63,-1
2022-09-21,2022-09-21 12:10:00,186.84,186.84,186.73,186.73,-0.06,423.88,79067.63,-1
2022-09-21,2022-09-21 12:20:00,186.73,186.73,186.62,186.62,-0.06,423.88,79067.63,-1
2022-09-21,2022-09-21 12:30:00,186.62,186.62,186.52,186.52,-0.05,423.88,79067.63,-1
2022-09-21,2022-09-21 12:40:00,186.52,186.52,186.41,186.41,-0.06,423.88,79067.63,-1
2022-09-21,2022-09-21 12:50:00,186.41,186.41,186.3,186.3,-0.06,423.88,79067.63,-1
2022-09-21,2022-09-21 13:00:00,186.3,191.2,184.0,186.19,-0.06,423.88,79067.63,-1
2022-09-21,2022-09-21 13:10:00,186.19,186.19,186.08,186.08,-0.06,423.88,79067.63,-1
2022-09-21,2022-09-21 13:20:00,186.08,186.08,185.97,185.97,-0.06,423.88,79067.63,-1
2022-09-21,2022-09-21 13:30:00,185.97,185.97,185.87,185.87,-0.05,423.88,79067.63,-1
2022-09-21,2022-09-21 13:40:00,185.87,185.87,185.76,185.76,-0.06,423.88,79067.63,-1
2022-09-21,2022-09-21 13:50:00,185.76,185.76,185.65,185.65,-0.06,423.88,79067.63,-1
2022-09-21,2022-09-21 14:00:00,185.65,185.65,185.54,185.54,-0.06,423.88,79067.63,-1
2022-09-21,2022-09-21 14:10:00,185.54,185.54,185.43,185.43,-0.06,423.88,79067.63,-1
2022-09-21,2022-09-21 14:20:00,185.43,185.43,185.32,185.32,-0.06,423.88,79067.63,-1
2022-09-21,2022-09-21 14:30:00,185.32,185.32,185.22,185.22,-0.05,423.88,79067.63,-1
2022-09-21,2022-09-21 14:40:00,185.22,185.22,185.11,185.11,-0.06,423.88,79067.63,-1
2022-09-21,2022-09-21 14:50:00,185.11,185.11,185.0,185.0,-0.06,423.88,79067.63,-1
2022-09-21,2022-09-21 15:00:00,185.0,191.2,184.0,185.0,0.0,423.88,79067.63,0
2022-09-22,2022-09-22 11:00:00,183.0,184.08,182.1,182.88,-0.07,327.0,59440.5,-1
2022-09-22,2022-09-22 11:10:00,182.88,182.88,182.75,182.75,-0.07,327.0,59440.5,-1
2022-09-22,2022-09-22 11:20:00,182.75,182.75,182.62,182.62,-0.07,327.0,59440.5,-1
2022-09-22,2022-09-22 11:30:00,182.62,182.62,182.5,182.5,-0.07,327.0,59440.5,-1
2022-09-22,2022-09-22 11:40:00,182.5,182.5,182.38,182.38,-0.07,327.0,59440.5,-1
2022-09-22,2022-09-22 11:50:00,182.38,182.38,182.25,182.25,-0.07,327.0,59440.5,-1
2022-09-22,2022-09-22 12:00:00,182.25,182.25,182.12,182.12,-0.07,327.0,59440.5,-1
2022-09-22,2022-09-22 12:10:00,182.12,182.12,182.0,182.0,-0.07,327.0,59440.5,-1
2022-09-22,2022-09-22 12:20:00,182.0,182.0,181.88,181.88,-0.07,327.0,59440.5,-1
2022-09-22,2022-09-22 12:30:00,181.88,181.88,181.75,181.75,-0.07,327.0,59440.5,-1
2022-09-22,2022-09-22 12:40:00,181.75,181.75,181.62,181.62,-0.07,327.0,59440.5,-1
2022-09-22,2022-09-22 12:50:00,181.62,181.62,181.5,181.5,-0.07,327.0,59440.5,-1
2022-09-22,2022-09-22 13:00:00,181.5,186.6,180.0,181.38,-0.07,327.0,59440.5,-1
2022-09-22,2022-09-22 13:10:00,181.38,181.38,181.25,181.25,-0.07,327.0,59440.5,-1
2022-09-22,2022-09-22 13:20:00,181.25,181.25,181.12,181.12,-0.07,327.0,59440.5,-1
2022-09-22,2022-09-22 13:30:00,181.12,181.12,181.0,181.0,-0.07,327.0,59440.5,-1
2022-09-22,2022-09-22 13:40:00,181.0,181.0,180.88,180.88,-0.07,327.0,59440.5,-1
2022-09-22,2022-09-22 13:50:00,180.88,180.88,180.75,180.75,-0.07,327.0,59440.5,-1
2022-09-22,2022-09-22 14:00:00,180.75,180.75,180.62,180.62,-0.07,327.0,59440.5,-1
2022-09-22,2022-09-22 14:10:00,180.62,180.62,180.5,180.5,-0.07,327.0,59440.5,-1
2022-09-22,2022-09-22 14:20:00,180.5,180.5,180.38,180.38,-0.07,327.0,59440.5,-1
2022-09-22,2022-09-22 14:30:00,180.38,180.38,180.25,180.25,-0.07,327.0,59440.5,-1
2022-09-22,2022-09-22 14:40:00,180.25,180.25,180.12,180.12,-0.07,327.0,59440.5,-1
2022-09-22,2022-09-22 14:50:00,180.12,180.12,180.0,180.0,-0.07,327.0,59440.5,-1
2022-09-22,2022-09-22 15:00:00,180.0,186.6,180.0,180.0,0.0,327.0,59440.5,0
2022-09-25,2022-09-25 11:00:00,180.0,181.98,178.95,180.15,0.08,765.28,137967.88,1
2022-09-25,2022-09-25 11:10:00,180.15,180.3,180.15,180.3,0.08,765.28,137967.88,1
2022-09-25,2022-09-25 11:20:00,180.3,180.45,180.3,180.45,0.08,765.28,137967.88,1
2022-09-25,2022-09-25 11:30:00,180.45,180.6,180.45,180.6,0.08,765.28,137967.88,1
2022-09-25,2022-09-25 11:40:00,180.6,180.75,180.6,180.75,0.08,765.28,137967.88,1
2022-09-25,2022-09-25 11:50:00,180.75,180.9,180.75,180.9,0.08,765.28,137967.88,1
2022-09-25,2022-09-25 12:00:00,180.9,181.05,180.9,181.05,0.08,765.28,137967.88,1
2022-09-25,2022-09-25 12:10:00,181.05,181.2,181.05,181.2,0.08,765.28,137967.88,1
2022-09-25,2022-09-25 12:20:00,181.2,181.35,181.2,181.35,0.08,765.28,137967.88,1
2022-09-25,2022-09-25 12:30:00,181.35,181.5,181.35,181.5,0.08,765.28,137967.88,1
2022-09-25,2022-09-25 12:40:00,181.5,181.65,181.5,181.65,0.08,765.28,137967.88,1
2022-09-25,2022-09-25 12:50:00,181.65,181.8,181.65,181.8,0.08,765.28,137967.88,1
2022-09-25,2022-09-25 13:00:00,181.8,186.6,176.5,181.95,0.08,765.28,137967.88,1
2022-09-25,2022-09-25 13:10:00,181.95,182.1,181.95,182.1,0.08,765.28,137967.88,1
2022-09-25,2022-09-25 13:20:00,182.1,182.25,182.1,182.25,0.08,765.28,137967.88,1
2022-09-25,2022-09-25 13:30:00,182.25,182.4,182.25,182.4,0.08,765.28,137967.88,1
2022-09-25,2022-09-25 13:40:00,182.4,182.55,182.4,182.55,0.08,765.28,137967.88,1
2022-09-25,2022-09-25 13:50:00,182.55,182.7,182.55,182.7,0.08,765.28,137967.88,1
2022-09-25,2022-09-25 14:00:00,182.7,182.85,182.7,182.85,0.08,765.28,137967.88,1
2022-09-25,2022-09-25 14:10:00,182.85,183.0,182.85,183.0,0.08,765.28,137967.88,1
2022-09-25,2022-09-25 14:20:00,183.0,183.15,183.0,183.15,0.08,765.28,137967.88,1
2022-09-25,2022-09-25 14:30:00,183.15,183.3,183.15,183.3,0.08,765.28,137967.88,1
2022-09-25,2022-09-25 14:40:00,183.3,183.45,183.3,183.45,0.08,765.28,137967.88,1
2022-09-25,2022-09-25 14:50:00,183.45,183.6,183.45,183.6,0.08,765.28,137967.88,1
2022-09-25,2022-09-25 15:00:00,183.6,186.6,176.5,183.6,0.0,765.28,137967.88,0
2022-09-27,2022-09-27 11:00:00,187.2,187.44,184.98,186.95,-0.13,315.44,57674.64,-1
2022-09-27,2022-09-27 11:10:00,186.95,186.95,186.71,186.71,-0.13,315.44,57674.64,-1
2022-09-27,2022-09-27 11:20:00,186.71,186.71,186.46,186.46,-0.13,315.44,57674.64,-1
2022-09-27,2022-09-27 11:30:00,186.46,186.46,186.22,186.22,-0.13,315.44,57674.64,-1
2022-09-27,2022-09-27 11:40:00,186.22,186.22,185.97,185.97,-0.13,315.44,57674.64,-1
2022-09-27,2022-09-27 11:50:00,185.97,185.97,185.72,185.72,-0.13,315.44,57674.64,-1
2022-09-27,2022-09-27 12:00:00,185.72,185.72,185.48,185.48,-0.13,315.44,57674.64,-1
2022-09-27,2022-09-27 12:10:00,185.48,185.48,185.23,185.23,-0.13,315.44,57674.64,-1
2022-09-27,2022-09-27 12:20:00,185.23,185.23,184.99,184.99,-0.13,315.44,57674.64,-1
2022-09-27,2022-09-27 12:30:00,184.99,184.99,184.74,184.74,-0.14,315.44,57674.64,-1
2022-09-27,2022-09-27 12:40:00,184.74,184.74,184.5,184.5,-0.13,315.44,57674.64,-1
2022-09-27,2022-09-27 12:50:00,184.5,184.5,184.25,184.25,-0.14,315.44,57674.64,-1
2022-09-27,2022-09-27 13:00:00,184.25,188.0,179.8,184.0,-0.14,315.44,57674.64,-1
2022-09-27,2022-09-27 13:10:00,184.0,184.0,183.76,183.76,-0.13,315.44,57674.64,-1
2022-09-27,2022-09-27 13:20:00,183.76,183.76,183.51,183.51,-0.14,315.44,57674.64,-1
2022-09-27,2022-09-27 13:30:00,183.51,183.51,183.27,183.27,-0.13,315.44,57674.64,-1
2022-09-27,2022-09-27 13:40:00,183.27,183.27,183.02,183.02,-0.14,315.44,57674.64,-1
2022-09-27,2022-09-27 13:50:00,183.02,183.02,182.78,182.78,-0.13,315.44,57674.64,-1
2022-09-27,2022-09-27 14:00:00,182.78,182.78,182.53,182.53,-0.14,315.44,57674.64,-1
2022-09-27,2022-09-27 14:10:00,182.53,182.53,182.28,182.28,-0.14,315.44,57674.64,-1
2022-09-27,2022-09-27 14:20:00,182.28,182.28,182.04,182.04,-0.13,315.44,57674.64,-1
2022-09-27,2022-09-27 14:30:00,182.04,182.04,181.79,181.79,-0.14,315.44,57674.64,-1
2022-09-27,2022-09-27 14:40:00,181.79,181.79,181.55,181.55,-0.13,315.44,57674.64,-1
2022-09-27,2022-09-27 14:50:00,181.55,181.55,181.3,181.3,-0.14,315.44,57674.64,-1
2022-09-27,2022-09-27 15:00:00,181.3,188.0,179.8,181.3,0.0,315.44,57674.64,0
2022-09-28,2022-09-28 11:00:00,181.0,182.05,181.0,181.12,0.07,80.84,14715.22,1
2022-09-28,2022-09-28 11:10:00,181.12,181.25,181.12,181.25,0.07,80.84,14715.22,1
2022-09-28,2022-09-28 11:20:00,181.25,181.38,181.25,181.38,0.07,80.84,14715.22,1
2022-09-28,2022-09-28 11:30:00,181.38,181.5,181.38,181.5,0.07,80.84,14715.22,1
2022-09-28,2022-09-28 11:40:00,181.5,181.62,181.5,181.62,0.07,80.84,14715.22,1
2022-09-28,2022-09-28 11:50:00,181.62,181.75,181.62,181.75,0.07,80.84,14715.22,1
2022-09-28,2022-09-28 12:00:00,181.75,181.88,181.75,181.88,0.07,80.84,14715.22,1
2022-09-28,2022-09-28 12:10:00,181.88,182.0,181.88,182.0,0.07,80.84,14715.22,1
2022-09-28,2022-09-28 12:20:00,182.0,182.12,182.0,182.12,0.07,80.84,14715.22,1
2022-09-28,2022-09-28 12:30:00,182.12,182.25,182.12,182.25,0.07,80.84,14715.22,1
2022-09-28,2022-09-28 12:40:00,182.25,182.38,182.25,182.38,0.07,80.84,14715.22,1
2022-09-28,2022-09-28 12:50:00,182.38,182.5,182.38,182.5,0.07,80.84,14715.22,1
2022-09-28,2022-09-28 13:00:00,182.5,184.5,181.0,182.62,0.07,80.84,14715.22,1
2022-09-28,2022-09-28 13:10:00,182.62,182.75,182.62,182.75,0.07,80.84,14715.22,1
2022-09-28,2022-09-28 13:20:00,182.75,182.88,182.75,182.88,0.07,80.84,14715.22,1
2022-09-28,2022-09-28 13:30:00,182.88,183.0,182.88,183.0,0.07,80.84,14715.22,1
2022-09-28,2022-09-28 13:40:00,183.0,183.12,183.0,183.12,0.07,80.84,14715.22,1
2022-09-28,2022-09-28 13:50:00,183.12,183.25,183.12,183.25,0.07,80.84,14715.22,1
2022-09-28,2022-09-28 14:00:00,183.25,183.38,183.25,183.38,0.07,80.84,14715.22,1
2022-09-28,2022-09-28 14:10:00,183.38,183.5,183.38,183.5,0.07,80.84,14715.22,1
2022-09-28,2022-09-28 14:20:00,183.5,183.62,183.5,183.62,0.07,80.84,14715.22,1
2022-09-28,2022-09-28 14:30:00,183.62,183.75,183.62,183.75,0.07,80.84,14715.22,1
2022-09-28,2022-09-28 14:40:00,183.75,183.88,183.75,183.88,0.07,80.84,14715.22,1
2022-09-28,2022-09-28 14:50:00,183.88,184.0,183.88,184.0,0.07,80.84,14715.22,1
2022-09-28,2022-09-28 15:00:00,184.0,184.5,181.0,184.0,0.0,80.84,14715.22,0
2022-09-29,2022-09-29 11:00:00,185.0,185.0,183.5,184.91,-0.05,292.6,53142.84,-1
2022-09-29,2022-09-29 11:10:00,184.91,184.91,184.82,184.82,-0.05,292.6,53142.84,-1
2022-09-29,2022-09-29 11:20:00,184.82,184.82,184.74,184.74,-0.04,292.6,53142.84,-1
2022-09-29,2022-09-29 11:30:00,184.74,184.74,184.65,184.65,-0.05,292.6,53142.84,-1
2022-09-29,2022-09-29 11:40:00,184.65,184.65,184.56,184.56,-0.05,292.6,53142.84,-1
2022-09-29,2022-09-29 11:50:00,184.56,184.56,184.47,184.47,-0.05,292.6,53142.84,-1
2022-09-29,2022-09-29 12:00:00,184.47,184.47,184.39,184.39,-0.04,292.6,53142.84,-1
2022-09-29,2022-09-29 12:10:00,184.39,184.39,184.3,184.3,-0.05,292.6,53142.84,-1
2022-09-29,2022-09-29 12:20:00,184.3,184.3,184.21,184.21,-0.05,292.6,53142.84,-1
2022-09-29,2022-09-29 12:30:00,184.21,184.21,184.12,184.12,-0.05,292.6,53142.84,-1
2022-09-29,2022-09-29 12:40:00,184.12,184.12,184.04,184.04,-0.04,292.6,53142.84,-1
2022-09-29,2022-09-29 12:50:00,184.04,184.04,183.95,183.95,-0.05,292.6,53142.84,-1
2022-09-29,2022-09-29 13:00:00,183.95,185.0,180.0,183.86,-0.05,292.6,53142.84,-1
2022-09-29,2022-09-29 13:10:00,183.86,183.86,183.78,183.78,-0.04,292.6,53142.84,-1
2022-09-29,2022-09-29 13:20:00,183.78,183.78,183.69,183.69,-0.05,292.6,53142.84,-1
2022-09-29,2022-09-29 13:30:00,183.69,183.69,183.6,183.6,-0.05,292.6,53142.84,-1
2022-09-29,2022-09-29 13:40:00,183.6,183.6,183.51,183.51,-0.05,292.6,53142.84,-1
2022-09-29,2022-09-29 13:50:00,183.51,183.51,183.43,183.43,-0.04,292.6,53142.84,-1
2022-09-29,2022-09-29 14:00:00,183.43,183.43,183.34,183.34,-0.05,292.6,53142.84,-1
2022-09-29,2022-09-29 14:10:00,183.34,183.34,183.25,183.25,-0.05,292.6,53142.84,-1
2022-09-29,2022-09-29 14:20:00,183.25,183.25,183.16,183.16,-0.05,292.6,53142.84,-1
2022-09-29,2022-09-29 14:30:00,183.16,183.16,183.08,183.08,-0.04,292.6,53142.84,-1
2022-09-29,2022-09-29 14:40:00,183.08,183.08,182.99,182.99,-0.05,292.6,53142.84,-1
2022-09-29,2022-09-29 14:50:00,182.99,182.99,182.9,182.9,-0.05,292.6,53142.84,-1
2022-09-29,2022-09-29 15:00:00,182.9,185.0,180.0,182.9,0.0,292.6,53142.84,0
2022-10-09,2022-10-09 11:00:00,186.5,187.25,185.45,186.46,-0.02,217.4,40442.72,-1
2022-10-09,2022-10-09 11:10:00,186.46,186.46,186.43,186.43,-0.02,217.4,40442.72,-1
2022-10-09,2022-10-09 11:20:00,186.43,186.43,186.39,186.39,-0.02,217.4,40442.72,-1
2022-10-09,2022-10-09 11:30:00,186.39,186.39,186.35,186.35,-0.02,217.4,40442.72,-1
2022-10-09,2022-10-09 11:40:00,186.35,186.35,186.31,186.31,-0.02,217.4,40442.72,-1
2022-10-09,2022-10-09 11:50:00,186.31,186.31,186.28,186.28,-0.02,217.4,40442.72,-1
2022-10-09,2022-10-09 12:00:00,186.28,186.28,186.24,186.24,-0.02,217.4,40442.72,-1
2022-10-09,2022-10-09 12:10:00,186.24,186.24,186.2,186.2,-0.02,217.4,40442.72,-1
2022-10-09,2022-10-09 12:20:00,186.2,186.2,186.16,186.16,-0.02,217.4,40442.72,-1
2022-10-09,2022-10-09 12:30:00,186.16,186.16,186.12,186.12,-0.02,217.4,40442.72,-1
2022-10-09,2022-10-09 12:40:00,186.12,186.12,186.09,186.09,-0.02,217.4,40442.72,-1
2022-10-09,2022-10-09 12:50:00,186.09,186.09,186.05,186.05,-0.02,217.4,40442.72,-1
2022-10-09,2022-10-09 13:00:00,186.05,189.0,183.0,186.01,-0.02,217.4,40442.72,-1
2022-10-09,2022-10-09 13:10:00,186.01,186.01,185.97,185.97,-0.02,217.4,40442.72,-1
2022-10-09,2022-10-09 13:20:00,185.97,185.97,185.94,185.94,-0.02,217.4,40442.72,-1
2022-10-09,2022-10-09 13:30:00,185.94,185.94,185.9,185.9,-0.02,217.4,40442.72,-1
2022-10-09,2022-10-09 13:40:00,185.9,185.9,185.86,185.86,-0.02,217.4,40442.72,-1
2022-10-09,2022-10-09 13:50:00,185.86,185.86,185.82,185.82,-0.02,217.4,40442.72,-1
2022-10-09,2022-10-09 14:00:00,185.82,185.82,185.79,185.79,-0.02,217.4,40442.72,-1
2022-10-09,2022-10-09 14:10:00,185.79,185.79,185.75,185.75,-0.02,217.4,40442.72,-1
2022-10-09,2022-10-09 14:20:00,185.75,185.75,185.71,185.71,-0.02,217.4,40442.72,-1
2022-10-09,2022-10-09 14:30:00,185.71,185.71,185.67,185.67,-0.02,217.4,40442.72,-1
2022-10-09,2022-10-09 14:40:00,185.67,185.67,185.64,185.64,-0.02,217.4,40442.72,-1
2022-10-09,2022-10-09 14:50:00,185.64,185.64,185.6,185.6,-0.02,217.4,40442.72,-1
2022-10-09,2022-10-09 15:00:00,185.6,189.0,183.0,185.6,0.0,217.4,40442.72,0
2022-10-10,2022-10-10 11:00:00,185.0,186.2,183.62,184.88,-0.06,290.2,53024.74,-1
2022-10-10,2022-10-10 11:10:00,184.88,184.88,184.75,184.75,-0.07,290.2,53024.74,-1
2022-10-10,2022-10-10 11:20:00,184.75,184.75,184.62,184.62,-0.07,290.2,53024.74,-1
2022-10-10,2022-10-10 11:30:00,184.62,184.62,184.5,184.5,-0.06,290.2,53024.74,-1
2022-10-10,2022-10-10 11:40:00,184.5,184.5,184.38,184.38,-0.07,290.2,53024.74,-1
2022-10-10,2022-10-10 11:50:00,184.38,184.38,184.25,184.25,-0.07,290.2,53024.74,-1
2022-10-10,2022-10-10 12:00:00,184.25,184.25,184.12,184.12,-0.07,290.2,53024.74,-1
2022-10-10,2022-10-10 12:10:00,184.12,184.12,184.0,184.0,-0.07,290.2,53024.74,-1
2022-10-10,2022-10-10 12:20:00,184.0,184.0,183.88,183.88,-0.07,290.2,53024.74,-1
2022-10-10,2022-10-10 12:30:00,183.88,183.88,183.75,183.75,-0.07,290.2,53024.74,-1
2022-10-10,2022-10-10 12:40:00,183.75,183.75,183.62,183.62,-0.07,290.2,53024.74,-1
2022-10-10,2022-10-10 12:50:00,183.62,183.62,183.5,183.5,-0.07,290.2,53024.74,-1
2022-10-10,2022-10-10 13:00:00,183.5,189.0,180.4,183.38,-0.07,290.2,53024.74,-1
2022-10-10,2022-10-10 13:10:00,183.38,183.38,183.25,183.25,-0.07,290.2,53024.74,-1
2022-10-10,2022-10-10 13:20:00,183.25,183.25,183.12,183.12,-0.07,290.2,53024.74,-1
2022-10-10,2022-10-10 13:30:00,183.12,183.12,183.0,183.0,-0.07,290.2,53024.74,-1
2022-10-10,2022-10-10 13:40:00,183.0,183.0,182.88,182.88,-0.07,290.2,53024.74,-1
2022-10-10,2022-10-10 13:50:00,182.88,182.88,182.75,182.75,-0.07,290.2,53024.74,-1
2022-10-10,2022-10-10 14:00:00,182.75,182.75,182.62,182.62,-0.07,290.2,53024.74,-1
2022-10-10,2022-10-10 14:10:00,182.62,182.62,182.5,182.5,-0.07,290.2,53024.74,-1
2022-10-10,2022-10-10 14:20:00,182.5,182.5,182.38,182.38,-0.07,290.2,53024.74,-1
2022-10-10,2022-10-10 14:30:00,182.38,182.38,182.25,182.25,-0.07,290.2,53024.74,-1
2022-10-10,2022-10-10 14:40:00,182.25,182.25,182.12,182.12,-0.07,290.2,53024.74,-1
2022-10-10,2022-10-10 14:50:00,182.12,182.12,182.0,182.0,-0.07,290.2,53024.74,-1
2022-10-10,2022-10-10 15:00:00,182.0,189.0,180.4,182.0,0.0,290.2,53024.74,0
2022-10-11,2022-10-11 11:00:00,185.0,185.0,183.05,184.74,-0.14,132.88,24183.84,-1
2022-10-11,2022-10-11 11:10:00,184.74,184.74,184.48,184.48,-0.14,132.88,24183.84,-1
2022-10-11,2022-10-11 11:20:00,184.48,184.48,184.22,184.22,-0.14,132.88,24183.84,-1
2022-10-11,2022-10-11 11:30:00,184.22,184.22,183.97,183.97,-0.14,132.88,24183.84,-1
2022-10-11,2022-10-11 11:40:00,183.97,183.97,183.71,183.71,-0.14,132.88,24183.84,-1
2022-10-11,2022-10-11 11:50:00,183.71,183.71,183.45,183.45,-0.14,132.88,24183.84,-1
2022-10-11,2022-10-11 12:00:00,183.45,183.45,183.19,183.19,-0.14,132.88,24183.84,-1
2022-10-11,2022-10-11 12:10:00,183.19,183.19,182.93,182.93,-0.14,132.88,24183.84,-1
2022-10-11,2022-10-11 12:20:00,182.93,182.93,182.68,182.68,-0.14,132.88,24183.84,-1
2022-10-11,2022-10-11 12:30:00,182.68,182.68,182.42,182.42,-0.14,132.88,24183.84,-1
2022-10-11,2022-10-11 12:40:00,182.42,182.42,182.16,182.16,-0.14,132.88,24183.84,-1
2022-10-11,2022-10-11 12:50:00,182.16,182.16,181.9,181.9,-0.14,132.88,24183.84,-1
2022-10-11,2022-10-11 13:00:00,181.9,185.0,178.5,181.64,-0.14,132.88,24183.84,-1
2022-10-11,2022-10-11 13:10:00,181.64,181.64,181.38,181.38,-0.14,132.88,24183.84,-1
2022-10-11,2022-10-11 13:20:00,181.38,181.38,181.12,181.12,-0.14,132.88,24183.84,-1
2022-10-11,2022-10-11 13:30:00,181.12,181.12,180.87,180.87,-0.14,132.88,24183.84,-1
2022-10-11,2022-10-11 13:40:00,180.87,180.87,180.61,180.61,-0.14,132.88,24183.84,-1
2022-10-11,2022-10-11 13:50:00,180.61,180.61,180.35,180.35,-0.14,132.88,24183.84,-1
2022-10-11,2022-10-11 14:00:00,180.35,180.35,180.09,180.09,-0.14,132.88,24183.84,-1
2022-10-11,2022-10-11 14:10:00,180.09,180.09,179.83,179.83,-0.14,132.88,24183.84,-1
2022-10-11,2022-10-11 14:20:00,179.83,179.83,179.58,179.58,-0.14,132.88,24183.84,-1
2022-10-11,2022-10-11 14:30:00,179.58,179.58,179.32,179.32,-0.14,132.88,24183.84,-1
2022-10-11,2022-10-11 14:40:00,179.32,179.32,179.06,179.06,-0.14,132.88,24183.84,-1
2022-10-11,2022-10-11 14:50:00,179.06,179.06,178.8,178.8,-0.15,132.88,24183.84,-1
2022-10-11,2022-10-11 15:00:00,178.8,185.0,178.5,178.8,0.0,132.88,24183.84,0
2022-10-12,2022-10-12 11:00:00,180.0,182.1,180.0,180.29,0.16,316.28,58524.07,1
2022-10-12,2022-10-12 11:10:00,180.29,180.58,180.29,180.58,0.16,316.28,58524.07,1
2022-10-12,2022-10-12 11:20:00,180.58,180.88,180.58,180.88,0.17,316.28,58524.07,1
2022-10-12,2022-10-12 11:30:00,180.88,181.17,180.88,181.17,0.16,316.28,58524.07,1
2022-10-12,2022-10-12 11:40:00,181.17,181.46,181.17,181.46,0.16,316.28,58524.07,1
2022-10-12,2022-10-12 11:50:00,181.46,181.75,181.46,181.75,0.16,316.28,58524.07,1
2022-10-12,2022-10-12 12:00:00,181.75,182.04,181.75,182.04,0.16,316.28,58524.07,1
2022-10-12,2022-10-12 12:10:00,182.04,182.33,182.04,182.33,0.16,316.28,58524.07,1
2022-10-12,2022-10-12 12:20:00,182.33,182.62,182.33,182.62,0.16,316.28,58524.07,1
2022-10-12,2022-10-12 12:30:00,182.62,182.92,182.62,182.92,0.16,316.28,58524.07,1
2022-10-12,2022-10-12 12:40:00,182.92,183.21,182.92,183.21,0.16,316.28,58524.07,1
2022-10-12,2022-10-12 12:50:00,183.21,183.5,183.21,183.5,0.16,316.28,58524.07,1
2022-10-12,2022-10-12 13:00:00,183.5,187.0,180.0,183.79,0.16,316.28,58524.07,1
2022-10-12,2022-10-12 13:10:00,183.79,184.08,183.79,184.08,0.16,316.28,58524.07,1
2022-10-12,2022-10-12 13:20:00,184.08,184.38,184.08,184.38,0.16,316.28,58524.07,1
2022-10-12,2022-10-12 13:30:00,184.38,184.67,184.38,184.67,0.16,316.28,58524.07,1
2022-10-12,2022-10-12 13:40:00,184.67,184.96,184.67,184.96,0.16,316.28,58524.07,1
2022-10-12,2022-10-12 13:50:00,184.96,185.25,184.96,185.25,0.16,316.28,58524.07,1
2022-10-12,2022-10-12 14:00:00,185.25,185.54,185.25,185.54,0.16,316.28,58524.07,1
2022-10-12,2022-10-12 14:10:00,185.54,185.83,185.54,185.83,0.16,316.28,58524.07,1
2022-10-12,2022-10-12 14:20:00,185.83,186.12,185.83,186.12,0.16,316.28,58524.07,1
2022-10-12,2022-10-12 14:30:00,186.12,186.42,186.12,186.42,0.16,316.28,58524.07,1
2022-10-12,2022-10-12 14:40:00,186.42,186.71,186.42,186.71,0.16,316.28,58524.07,1
2022-10-12,2022-10-12 14:50:00,186.71,187.0,186.71,187.0,0.16,316.28,58524.07,1
2022-10-12,2022-10-12 15:00:00,187.0,187.0,180.0,187.0,0.0,316.28,58524.07,0
2022-10-13,2022-10-13 11:00:00,185.0,186.5,184.16,184.92,-0.04,190.4,35480.24,-1
2022-10-13,2022-10-13 11:10:00,184.92,184.92,184.83,184.83,-0.05,190.4,35480.24,-1
2022-10-13,2022-10-13 11:20:00,184.83,184.83,184.75,184.75,-0.04,190.4,35480.24,-1
2022-10-13,2022-10-13 11:30:00,184.75,184.75,184.67,184.67,-0.04,190.4,35480.24,-1
2022-10-13,2022-10-13 11:40:00,184.67,184.67,184.58,184.58,-0.05,190.4,35480.24,-1
2022-10-13,2022-10-13 11:50:00,184.58,184.58,184.5,184.5,-0.04,190.4,35480.24,-1
2022-10-13,2022-10-13 12:00:00,184.5,184.5,184.42,184.42,-0.04,190.4,35480.24,-1
2022-10-13,2022-10-13 12:10:00,184.42,184.42,184.33,184.33,-0.05,190.4,35480.24,-1
2022-10-13,2022-10-13 12:20:00,184.33,184.33,184.25,184.25,-0.04,190.4,35480.24,-1
2022-10-13,2022-10-13 12:30:00,184.25,184.25,184.17,184.17,-0.04,190.4,35480.24,-1
2022-10-13,2022-10-13 12:40:00,184.17,184.17,184.08,184.08,-0.05,190.4,35480.24,-1
2022-10-13,2022-10-13 12:50:00,184.08,184.08,184.0,184.0,-0.04,190.4,35480.24,-1
2022-10-13,2022-10-13 13:00:00,184.0,190.0,182.2,183.92,-0.04,190.4,35480.24,-1
2022-10-13,2022-10-13 13:10:00,183.92,183.92,183.83,183.83,-0.05,190.4,35480.24,-1
2022-10-13,2022-10-13 13:20:00,183.83,183.83,183.75,183.75,-0.04,190.4,35480.24,-1
2022-10-13,2022-10-13 13:30:00,183.75,183.75,183.67,183.67,-0.04,190.4,35480.24,-1
2022-10-13,2022-10-13 13:40:00,183.67,183.67,183.58,183.58,-0.05,190.4,35480.24,-1
2022-10-13,2022-10-13 13:50:00,183.58,183.58,183.5,183.5,-0.04,190.4,35480.24,-1
2022-10-13,2022-10-13 14:00:00,183.5,183.5,183.42,183.42,-0.04,190.4,35480.24,-1
2022-10-13,2022-10-13 14:10:00,183.42,183.42,183.33,183.33,-0.05,190.4,35480.24,-1
2022-10-13,2022-10-13 14:20:00,183.33,183.33,183.25,183.25,-0.04,190.4,35480.24,-1
2022-10-13,2022-10-13 14:30:00,183.25,183.25,183.17,183.17,-0.04,190.4,35480.24,-1
2022-10-13,2022-10-13 14:40:00,183.17,183.17,183.08,183.08,-0.05,190.4,35480.24,-1
2022-10-13,2022-10-13 14:50:00,183.08,183.08,183.0,183.0,-0.04,190.4,35480.24,-1
2022-10-13,2022-10-13 15:00:00,183.0,190.0,182.2,183.0,0.0,190.4,35480.24,0
2022-10-16,2022-10-16 11:00:00,181.6,182.62,180.76,181.68,0.04,350.88,63604.34,1
2022-10-16,2022-10-16 11:10:00,181.68,181.77,181.68,181.77,0.05,350.88,63604.34,1
2022-10-16,2022-10-16 11:20:00,181.77,181.85,181.77,181.85,0.04,350.88,63604.34,1
2022-10-16,2022-10-16 11:30:00,181.85,181.93,181.85,181.93,0.04,350.88,63604.34,1
2022-10-16,2022-10-16 11:40:00,181.93,182.02,181.93,182.02,0.05,350.88,63604.34,1
2022-10-16,2022-10-16 11:50:00,182.02,182.1,182.02,182.1,0.04,350.88,63604.34,1
2022-10-16,2022-10-16 12:00:00,182.1,182.18,182.1,182.18,0.04,350.88,63604.34,1
2022-10-16,2022-10-16 12:10:00,182.18,182.27,182.18,182.27,0.05,350.88,63604.34,1
2022-10-16,2022-10-16 12:20:00,182.27,182.35,182.27,182.35,0.04,350.88,63604.34,1
2022-10-16,2022-10-16 12:30:00,182.35,182.43,182.35,182.43,0.04,350.88,63604.34,1
2022-10-16,2022-10-16 12:40:00,182.43,182.52,182.43,182.52,0.05,350.88,63604.34,1
2022-10-16,2022-10-16 12:50:00,182.52,182.6,182.52,182.6,0.04,350.88,63604.34,1
2022-10-16,2022-10-16 13:00:00,182.6,185.0,178.8,182.68,0.04,350.88,63604.34,1
2022-10-16,2022-10-16 13:10:00,182.68,182.77,182.68,182.77,0.05,350.88,63604.34,1
2022-10-16,2022-10-16 13:20:00,182.77,182.85,182.77,182.85,0.04,350.88,63604.34,1
2022-10-16,2022-10-16 13:30:00,182.85,182.93,182.85,182.93,0.04,350.88,63604.34,1
2022-10-16,2022-10-16 13:40:00,182.93,183.02,182.93,183.02,0.05,350.88,63604.34,1
2022-10-16,2022-10-16 13:50:00,183.02,183.1,183.02,183.1,0.04,350.88,63604.34,1
2022-10-16,2022-10-16 14:00:00,183.1,183.18,183.1,183.18,0.04,350.88,63604.34,1
2022-10-16,2022-10-16 14:10:00,183.18,183.27,183.18,183.27,0.05,350.88,63604.34,1
2022-10-16,2022-10-16 14:20:00,183.27,183.35,183.27,183.35,0.04,350.88,63604.34,1
2022-10-16,2022-10-16 14:30:00,183.35,183.43,183.35,183.43,0.04,350.88,63604.34,1
2022-10-16,2022-10-16 14:40:00,183.43,183.52,183.43,183.52,0.05,350.88,63604.34,1
2022-10-16,2022-10-16 14:50:00,183.52,183.6,183.52,183.6,0.04,350.88,63604.34,1
2022-10-16,2022-10-16 15:00:00,183.6,185.0,178.8,183.6,0.0,350.88,63604.34,0
2022-10-17,2022-10-17 11:00:00,183.0,184.26,182.07,182.87,-0.07,109.6,20091.59,-1
2022-10-17,2022-10-17 11:10:00,182.87,182.87,182.74,182.74,-0.07,109.6,20091.59,-1
2022-10-17,2022-10-17 11:20:00,182.74,182.74,182.61,182.61,-0.07,109.6,20091.59,-1
2022-10-17,2022-10-17 11:30:00,182.61,182.61,182.48,182.48,-0.07,109.6,20091.59,-1
2022-10-17,2022-10-17 11:40:00,182.48,182.48,182.35,182.35,-0.07,109.6,20091.59,-1
2022-10-17,2022-10-17 11:50:00,182.35,182.35,182.22,182.22,-0.07,109.6,20091.59,-1
2022-10-17,2022-10-17 12:00:00,182.22,182.22,182.1,182.1,-0.07,109.6,20091.59,-1
2022-10-17,2022-10-17 12:10:00,182.1,182.1,181.97,181.97,-0.07,109.6,20091.59,-1
2022-10-17,2022-10-17 12:20:00,181.97,181.97,181.84,181.84,-0.07,109.6,20091.59,-1
2022-10-17,2022-10-17 12:30:00,181.84,181.84,181.71,181.71,-0.07,109.6,20091.59,-1
2022-10-17,2022-10-17 12:40:00,181.71,181.71,181.58,181.58,-0.07,109.6,20091.59,-1
2022-10-17,2022-10-17 12:50:00,181.58,181.58,181.45,181.45,-0.07,109.6,20091.59,-1
2022-10-17,2022-10-17 13:00:00,181.45,187.2,179.9,181.32,-0.07,109.6,20091.59,-1
2022-10-17,2022-10-17 13:10:00,181.32,181.32,181.19,181.19,-0.07,109.6,20091.59,-1
2022-10-17,2022-10-17 13:20:00,181.19,181.19,181.06,181.06,-0.07,109.6,20091.59,-1
2022-10-17,2022-10-17 13:30:00,181.06,181.06,180.93,180.93,-0.07,109.6,20091.59,-1
2022-10-17,2022-10-17 13:40:00,180.93,180.93,180.8,180.8,-0.07,109.6,20091.59,-1
2022-10-17,2022-10-17 13:50:00,180.8,180.8,180.68,180.68,-0.07,109.6,20091.59,-1
2022-10-17,2022-10-17 14:00:00,180.68,180.68,180.55,180.55,-0.07,109.6,20091.59,-1
2022-10-17,2022-10-17 14:10:00,180.55,180.55,180.42,180.42,-0.07,109.6,20091.59,-1
2022-10-17,2022-10-17 14:20:00,180.42,180.42,180.29,180.29,-0.07,109.6,20091.59,-1
2022-10-17,2022-10-17 14:30:00,180.29,180.29,180.16,180.16,-0.07,109.6,20091.59,-1
2022-10-17,2022-10-17 14:40:00,180.16,180.16,180.03,180.03,-0.07,109.6,20091.59,-1
2022-10-17,2022-10-17 14:50:00,180.03,180.03,179.9,179.9,-0.07,109.6,20091.59,-1
2022-10-17,2022-10-17 15:00:00,179.9,187.2,179.9,179.9,0.0,109.6,20091.59,0
2022-10-19,2022-10-19 11:00:00,177.1,177.82,176.47,177.01,-0.05,224.8,39386.83,-1
2022-10-19,2022-10-19 11:10:00,177.01,177.01,176.92,176.92,-0.05,224.8,39386.83,-1
2022-10-19,2022-10-19 11:20:00,176.92,176.92,176.84,176.84,-0.05,224.8,39386.83,-1
2022-10-19,2022-10-19 11:30:00,176.84,176.84,176.75,176.75,-0.05,224.8,39386.83,-1
2022-10-19,2022-10-19 11:40:00,176.75,176.75,176.66,176.66,-0.05,224.8,39386.83,-1
2022-10-19,2022-10-19 11:50:00,176.66,176.66,176.57,176.57,-0.05,224.8,39386.83,-1
2022-10-19,2022-10-19 12:00:00,176.57,176.57,176.49,176.49,-0.05,224.8,39386.83,-1
2022-10-19,2022-10-19 12:10:00,176.49,176.49,176.4,176.4,-0.05,224.8,39386.83,-1
2022-10-19,2022-10-19 12:20:00,176.4,176.4,176.31,176.31,-0.05,224.8,39386.83,-1
2022-10-19,2022-10-19 12:30:00,176.31,176.31,176.22,176.22,-0.05,224.8,39386.83,-1
2022-10-19,2022-10-19 12:40:00,176.22,176.22,176.14,176.14,-0.05,224.8,39386.83,-1
2022-10-19,2022-10-19 12:50:00,176.14,176.14,176.05,176.05,-0.05,224.8,39386.83,-1
2022-10-19,2022-10-19 13:00:00,176.05,179.5,175.0,175.96,-0.05,224.8,39386.83,-1
2022-10-19,2022-10-19 13:10:00,175.96,175.96,175.88,175.88,-0.05,224.8,39386.83,-1
2022-10-19,2022-10-19 13:20:00,175.88,175.88,175.79,175.79,-0.05,224.8,39386.83,-1
2022-10-19,2022-10-19 13:30:00,175.79,175.79,175.7,175.7,-0.05,224.8,39386.83,-1
2022-10-19,2022-10-19 13:40:00,175.7,175.7,175.61,175.61,-0.05,224.8,39386.83,-1
2022-10-19,2022-10-19 13:50:00,175.61,175.61,175.53,175.53,-0.05,224.8,39386.83,-1
2022-10-19,2022-10-19 14:00:00,175.53,175.53,175.44,175.44,-0.05,224.8,39386.83,-1
2022-10-19,2022-10-19 14:10:00,175.44,175.44,175.35,175.35,-0.05,224.8,39386.83,-1
2022-10-19,2022-10-19 14:20:00,175.35,175.35,175.26,175.26,-0.05,224.8,39386.83,-1
2022-10-19,2022-10-19 14:30:00,175.26,175.26,175.18,175.18,-0.05,224.8,39386.83,-1
2022-10-19,2022-10-19 14:40:00,175.18,175.18,175.09,175.09,-0.05,224.8,39386.83,-1
2022-10-19,2022-10-19 14:50:00,175.09,175.09,175.0,175.0,-0.05,224.8,39386.83,-1
2022-10-19,2022-10-19 15:00:00,175.0,179.5,175.0,175.0,0.0,224.8,39386.83,0
2022-10-20,2022-10-20 11:00:00,172.0,172.3,171.4,171.96,-0.02,73.12,12491.67,-1
2022-10-20,2022-10-20 11:10:00,171.96,171.96,171.92,171.92,-0.02,73.12,12491.67,-1
2022-10-20,2022-10-20 11:20:00,171.92,171.92,171.88,171.88,-0.02,73.12,12491.67,-1
2022-10-20,2022-10-20 11:30:00,171.88,171.88,171.83,171.83,-0.03,73.12,12491.67,-1
2022-10-20,2022-10-20 11:40:00,171.83,171.83,171.79,171.79,-0.02,73.12,12491.67,-1
2022-10-20,2022-10-20 11:50:00,171.79,171.79,171.75,171.75,-0.02,73.12,12491.67,-1
2022-10-20,2022-10-20 12:00:00,171.75,171.75,171.71,171.71,-0.02,73.12,12491.67,-1
2022-10-20,2022-10-20 12:10:00,171.71,171.71,171.67,171.67,-0.02,73.12,12491.67,-1
2022-10-20,2022-10-20 12:20:00,171.67,171.67,171.62,171.62,-0.03,73.12,12491.67,-1
2022-10-20,2022-10-20 12:30:00,171.62,171.62,171.58,171.58,-0.02,73.12,12491.67,-1
2022-10-20,2022-10-20 12:40:00,171.58,171.58,171.54,171.54,-0.02,73.12,12491.67,-1
2022-10-20,2022-10-20 12:50:00,171.54,171.54,171.5,171.5,-0.02,73.12,12491.67,-1
2022-10-20,2022-10-20 13:00:00,171.5,173.0,170.0,171.46,-0.02,73.12,12491.67,-1
2022-10-20,2022-10-20 13:10:00,171.46,171.46,171.42,171.42,-0.02,73.12,12491.67,-1
2022-10-20,2022-10-20 13:20:00,171.42,171.42,171.38,171.38,-0.02,73.12,12491.67,-1
2022-10-20,2022-10-20 13:30:00,171.38,171.38,171.33,171.33,-0.03,73.12,12491.67,-1
2022-10-20,2022-10-20 13:40:00,171.33,171.33,171.29,171.29,-0.02,73.12,12491.67,-1
2022-10-20,2022-10-20 13:50:00,171.29,171.29,171.25,171.25,-0.02,73.12,12491.67,-1
2022-10-20,2022-10-20 14:00:00,171.25,171.25,171.21,171.21,-0.02,73.12,12491.67,-1
2022-10-20,2022-10-20 14:10:00,171.21,171.21,171.17,171.17,-0.02,73.12,12491.67,-1
2022-10-20,2022-10-20 14:20:00,171.17,171.17,171.12,171.12,-0.03,73.12,12491.67,-1
2022-10-20,2022-10-20 14:30:00,171.12,171.12,171.08,171.08,-0.02,73.12,12491.67,-1
2022-10-20,2022-10-20 14:40:00,171.08,171.08,171.04,171.04,-0.02,73.12,12491.67,-1
2022-10-20,2022-10-20 14:50:00,171.04,171.04,171.0,171.0,-0.02,73.12,12491.67,-1
2022-10-20,2022-10-20 15:00:00,171.0,173.0,170.0,171.0,0.0,73.12,12491.67,0
2022-10-23,2022-10-23 11:00:00,171.0,172.62,170.7,171.0,0.0,98.0,16814.24,0
2022-10-23,2022-10-23 11:10:00,171.0,171.01,171.0,171.01,0.01,98.0,16814.24,1
2022-10-23,2022-10-23 11:20:00,171.01,171.01,171.01,171.01,0.0,98.0,16814.24,0
2022-10-23,2022-10-23 11:30:00,171.01,171.02,171.01,171.02,0.01,98.0,16814.24,1
2022-10-23,2022-10-23 11:40:00,171.02,171.02,171.02,171.02,0.0,98.0,16814.24,0
2022-10-23,2022-10-23 11:50:00,171.02,171.03,171.02,171.03,0.01,98.0,16814.24,1
2022-10-23,2022-10-23 12:00:00,171.03,171.03,171.03,171.03,0.0,98.0,16814.24,0
2022-10-23,2022-10-23 12:10:00,171.03,171.03,171.03,171.03,0.0,98.0,16814.24,0
2022-10-23,2022-10-23 12:20:00,171.03,171.04,171.03,171.04,0.01,98.0,16814.24,1
2022-10-23,2022-10-23 12:30:00,171.04,171.04,171.04,171.04,0.0,98.0,16814.24,0
2022-10-23,2022-10-23 12:40:00,171.04,171.05,171.04,171.05,0.01,98.0,16814.24,1
2022-10-23,2022-10-23 12:50:00,171.05,171.05,171.05,171.05,0.0,98.0,16814.24,0
2022-10-23,2022-10-23 13:00:00,171.05,176.4,170.0,171.05,0.0,98.0,16814.24,0
2022-10-23,2022-10-23 13:10:00,171.05,171.06,171.05,171.06,0.01,98.0,16814.24,1
2022-10-23,2022-10-23 13:20:00,171.06,171.06,171.06,171.06,0.0,98.0,16814.24,0
2022-10-23,2022-10-23 13:30:00,171.06,171.07,171.06,171.07,0.01,98.0,16814.24,1
2022-10-23,2022-10-23 13:40:00,171.07,171.07,171.07,171.07,0.0,98.0,16814.24,0
2022-10-23,2022-10-23 13:50:00,171.07,171.07,171.07,171.07,0.0,98.0,16814.24,0
2022-10-23,2022-10-23 14:00:00,171.07,171.08,171.07,171.08,0.01,98.0,16814.24,1
2022-10-23,2022-10-23 14:10:00,171.08,171.08,171.08,171.08,0.0,98.0,16814.24,0
2022-10-23,2022-10-23 14:20:00,171.08,171.09,171.08,171.09,0.01,98.0,16814.24,1
2022-10-23,2022-10-23 14:30:00,171.09,171.09,171.09,171.09,0.0,98.0,16814.24,0
2022-10-23,2022-10-23 14:40:00,171.09,171.1,171.09,171.1,0.01,98.0,16814.24,1
2022-10-23,2022-10-23 14:50:00,171.1,171.1,171.1,171.1,0.0,98.0,16814.24,0
2022-10-23,2022-10-23 15:00:00,171.1,176.4,170.0,171.1,0.0,98.0,16814.24,0
2022-10-31,2022-10-31 11:00:00,168.0,170.7,168.0,168.17,0.1,121.0,21097.6,1
2022-10-31,2022-10-31 11:10:00,168.17,168.33,168.17,168.33,0.1,121.0,21097.6,1
2022-10-31,2022-10-31 11:20:00,168.33,168.5,168.33,168.5,0.1,121.0,21097.6,1
2022-10-31,2022-10-31 11:30:00,168.5,168.67,168.5,168.67,0.1,121.0,21097.6,1
2022-10-31,2022-10-31 11:40:00,168.67,168.83,168.67,168.83,0.09,121.0,21097.6,1
2022-10-31,2022-10-31 11:50:00,168.83,169.0,168.83,169.0,0.1,121.0,21097.6,1
2022-10-31,2022-10-31 12:00:00,169.0,169.17,169.0,169.17,0.1,121.0,21097.6,1
2022-10-31,2022-10-31 12:10:00,169.17,169.33,169.17,169.33,0.09,121.0,21097.6,1
2022-10-31,2022-10-31 12:20:00,169.33,169.5,169.33,169.5,0.1,121.0,21097.6,1
2022-10-31,2022-10-31 12:30:00,169.5,169.67,169.5,169.67,0.1,121.0,21097.6,1
2022-10-31,2022-10-31 12:40:00,169.67,169.83,169.67,169.83,0.09,121.0,21097.6,1
2022-10-31,2022-10-31 12:50:00,169.83,170.0,169.83,170.0,0.1,121.0,21097.6,1
2022-10-31,2022-10-31 13:00:00,170.0,177.0,168.0,170.17,0.1,121.0,21097.6,1
2022-10-31,2022-10-31 13:10:00,170.17,170.33,170.17,170.33,0.09,121.0,21097.6,1
2022-10-31,2022-10-31 13:20:00,170.33,170.5,170.33,170.5,0.1,121.0,21097.6,1
2022-10-31,2022-10-31 13:30:00,170.5,170.67,170.5,170.67,0.1,121.0,21097.6,1
2022-10-31,2022-10-31 13:40:00,170.67,170.83,170.67,170.83,0.09,121.0,21097.6,1
2022-10-31,2022-10-31 13:50:00,170.83,171.0,170.83,171.0,0.1,121.0,21097.6,1
2022-10-31,2022-10-31 14:00:00,171.0,171.17,171.0,171.17,0.1,121.0,21097.6,1
2022-10-31,2022-10-31 14:10:00,171.17,171.33,171.17,171.33,0.09,121.0,21097.6,1
2022-10-31,2022-10-31 14:20:00,171.33,171.5,171.33,171.5,0.1,121.0,21097.6,1
2022-10-31,2022-10-31 14:30:00,171.5,171.67,171.5,171.67,0.1,121.0,21097.6,1
2022-10-31,2022-10-31 14:40:00,171.67,171.83,171.67,171.83,0.09,121.0,21097.6,1
2022-10-31,2022-10-31 14:50:00,171.83,172.0,171.83,172.0,0.1,121.0,21097.6,1
2022-10-31,2022-10-31 15:00:00,172.0,177.0,168.0,172.0,0.0,121.0,21097.6,0
2022-11-01,2022-11-01 11:00:00,172.0,176.17,172.0,172.58,0.34,618.04,113295.41,1
2022-11-01,2022-11-01 11:10:00,172.58,173.16,172.58,173.16,0.34,618.04,113295.41,1
2022-11-01,2022-11-01 11:20:00,173.16,173.74,173.16,173.74,0.33,618.04,113295.41,1
2022-11-01,2022-11-01 11:30:00,173.74,174.32,173.74,174.32,0.33,618.04,113295.41,1
2022-11-01,2022-11-01 11:40:00,174.32,174.9,174.32,174.9,0.33,618.04,113295.41,1
2022-11-01,2022-11-01 11:50:00,174.9,175.47,174.9,175.47,0.33,618.04,113295.41,1
2022-11-01,2022-11-01 12:00:00,175.47,176.05,175.47,176.05,0.33,618.04,113295.41,1
2022-11-01,2022-11-01 12:10:00,176.05,176.63,176.05,176.63,0.33,618.04,113295.41,1
2022-11-01,2022-11-01 12:20:00,176.63,177.21,176.63,177.21,0.33,618.04,113295.41,1
2022-11-01,2022-11-01 12:30:00,177.21,177.79,177.21,177.79,0.33,618.04,113295.41,1
2022-11-01,2022-11-01 12:40:00,177.79,178.37,177.79,178.37,0.33,618.04,113295.41,1
2022-11-01,2022-11-01 12:50:00,178.37,178.95,178.37,178.95,0.33,618.04,113295.41,1
2022-11-01,2022-11-01 13:00:00,178.95,185.9,172.0,179.53,0.32,618.04,113295.41,1
2022-11-01,2022-11-01 13:10:00,179.53,180.11,179.53,180.11,0.32,618.04,113295.41,1
2022-11-01,2022-11-01 13:20:00,180.11,180.69,180.11,180.69,0.32,618.04,113295.41,1
2022-11-01,2022-11-01 13:30:00,180.69,181.27,180.69,181.27,0.32,618.04,113295.41,1
2022-11-01,2022-11-01 13:40:00,181.27,181.85,181.27,181.85,0.32,618.04,113295.41,1
2022-11-01,2022-11-01 13:50:00,181.85,182.43,181.85,182.43,0.32,618.04,113295.41,1
2022-11-01,2022-11-01 14:00:00,182.43,183.0,182.43,183.0,0.31,618.04,113295.41,1
2022-11-01,2022-11-01 14:10:00,183.0,183.58,183.0,183.58,0.32,618.04,113295.41,1
2022-11-01,2022-11-01 14:20:00,183.58,184.16,183.58,184.16,0.32,618.04,113295.41,1
2022-11-01,2022-11-01 14:30:00,184.16,184.74,184.16,184.74,0.31,618.04,113295.41,1
2022-11-01,2022-11-01 14:40:00,184.74,185.32,184.74,185.32,0.31,618.04,113295.41,1
2022-11-01,2022-11-01 14:50:00,185.32,185.9,185.32,185.9,0.31,618.04,113295.41,1
2022-11-01,2022-11-01 15:00:00,185.9,185.9,172.0,185.9,0.0,618.04,113295.41,0
2022-11-02,2022-11-02 11:00:00,186.0,189.3,185.19,186.46,0.25,919.12,177257.74,1
2022-11-02,2022-11-02 11:10:00,186.46,186.92,186.46,186.92,0.25,919.12,177257.74,1
2022-11-02,2022-11-02 11:20:00,186.92,187.38,186.92,187.38,0.25,919.12,177257.74,1
2022-11-02,2022-11-02 11:30:00,187.38,187.83,187.38,187.83,0.24,919.12,177257.74,1
2022-11-02,2022-11-02 11:40:00,187.83,188.29,187.83,188.29,0.24,919.12,177257.74,1
2022-11-02,2022-11-02 11:50:00,188.29,188.75,188.29,188.75,0.24,919.12,177257.74,1
2022-11-02,2022-11-02 12:00:00,188.75,189.21,188.75,189.21,0.24,919.12,177257.74,1
2022-11-02,2022-11-02 12:10:00,189.21,189.67,189.21,189.67,0.24,919.12,177257.74,1
2022-11-02,2022-11-02 12:20:00,189.67,190.12,189.67,190.12,0.24,919.12,177257.74,1
2022-11-02,2022-11-02 12:30:00,190.12,190.58,190.12,190.58,0.24,919.12,177257.74,1
2022-11-02,2022-11-02 12:40:00,190.58,191.04,190.58,191.04,0.24,919.12,177257.74,1
2022-11-02,2022-11-02 12:50:00,191.04,191.5,191.04,191.5,0.24,919.12,177257.74,1
2022-11-02,2022-11-02 13:00:00,191.5,197.0,183.3,191.96,0.24,919.12,177257.74,1
2022-11-02,2022-11-02 13:10:00,191.96,192.42,191.96,192.42,0.24,919.12,177257.74,1
2022-11-02,2022-11-02 13:20:00,192.42,192.88,192.42,192.88,0.24,919.12,177257.74,1
2022-11-02,2022-11-02 13:30:00,192.88,193.33,192.88,193.33,0.23,919.12,177257.74,1
2022-11-02,2022-11-02 13:40:00,193.33,193.79,193.33,193.79,0.24,919.12,177257.74,1
2022-11-02,2022-11-02 13:50:00,193.79,194.25,193.79,194.25,0.24,919.12,177257.74,1
2022-11-02,2022-11-02 14:00:00,194.25,194.71,194.25,194.71,0.24,919.12,177257.74,1
2022-11-02,2022-11-02 14:10:00,194.71,195.17,194.71,195.17,0.24,919.12,177257.74,1
2022-11-02,2022-11-02 14:20:00,195.17,195.62,195.17,195.62,0.23,919.12,177257.74,1
2022-11-02,2022-11-02 14:30:00,195.62,196.08,195.62,196.08,0.24,919.12,177257.74,1
2022-11-02,2022-11-02 14:40:00,196.08,196.54,196.08,196.54,0.23,919.12,177257.74,1
2022-11-02,2022-11-02 14:50:00,196.54,197.0,196.54,197.0,0.23,919.12,177257.74,1
2022-11-02,2022-11-02 15:00:00,197.0,197.0,183.3,197.0,0.0,919.12,177257.74,0
2022-11-03,2022-11-03 11:00:00,195.0,195.6,193.5,194.95,-0.03,420.4,80784.04,-1
2022-11-03,2022-11-03 11:10:00,194.95,194.95,194.9,194.9,-0.03,420.4,80784.04,-1
2022-11-03,2022-11-03 11:20:00,194.9,194.9,194.85,194.85,-0.03,420.4,80784.04,-1
2022-11-03,2022-11-03 11:30:00,194.85,194.85,194.8,194.8,-0.03,420.4,80784.04,-1
2022-11-03,2022-11-03 11:40:00,194.8,194.8,194.75,194.75,-0.03,420.4,80784.04,-1
2022-11-03,2022-11-03 11:50:00,194.75,194.75,194.7,194.7,-0.03,420.4,80784.04,-1
2022-11-03,2022-11-03 12:00:00,194.7,194.7,194.65,194.65,-0.03,420.4,80784.04,-1
2022-11-03,2022-11-03 12:10:00,194.65,194.65,194.6,194.6,-0.03,420.4,80784.04,-1
2022-11-03,2022-11-03 12:20:00,194.6,194.6,194.55,194.55,-0.03,420.4,80784.04,-1
2022-11-03,2022-11-03 12:30:00,194.55,194.55,194.5,194.5,-0.03,420.4,80784.04,-1
2022-11-03,2022-11-03 12:40:00,194.5,194.5,194.45,194.45,-0.03,420.4,80784.04,-1
2022-11-03,2022-11-03 12:50:00,194.45,194.45,194.4,194.4,-0.03,420.4,80784.04,-1
2022-11-03,2022-11-03 13:00:00,194.4,197.0,190.0,194.35,-0.03,420.4,80784.04,-1
2022-11-03,2022-11-03 13:10:00,194.35,194.35,194.3,194.3,-0.03,420.4,80784.04,-1
2022-11-03,2022-11-03 13:20:00,194.3,194.3,194.25,194.25,-0.03,420.4,80784.04,-1
2022-11-03,2022-11-03 13:30:00,194.25,194.25,194.2,194.2,-0.03,420.4,80784.04,-1
2022-11-03,2022-11-03 13:40:00,194.2,194.2,194.15,194.15,-0.03,420.4,80784.04,-1
2022-11-03,2022-11-03 13:50:00,194.15,194.15,194.1,194.1,-0.03,420.4,80784.04,-1
2022-11-03,2022-11-03 14:00:00,194.1,194.1,194.05,194.05,-0.03,420.4,80784.04,-1
2022-11-03,2022-11-03 14:10:00,194.05,194.05,194.0,194.0,-0.03,420.4,80784.04,-1
2022-11-03,2022-11-03 14:20:00,194.0,194.0,193.95,193.95,-0.03,420.4,80784.04,-1
2022-11-03,2022-11-03 14:30:00,193.95,193.95,193.9,193.9,-0.03,420.4,80784.04,-1
2022-11-03,2022-11-03 14:40:00,193.9,193.9,193.85,193.85,-0.03,420.4,80784.04,-1
2022-11-03,2022-11-03 14:50:00,193.85,193.85,193.8,193.8,-0.03,420.4,80784.04,-1
2022-11-03,2022-11-03 15:00:00,193.8,197.0,190.0,193.8,0.0,420.4,80784.04,0
2022-11-06,2022-11-06 11:00:00,190.0,193.6,190.0,190.5,0.26,470.76,93151.51,1
2022-11-06,2022-11-06 11:10:00,190.5,191.0,190.5,191.0,0.26,470.76,93151.51,1
2022-11-06,2022-11-06 11:20:00,191.0,191.5,191.0,191.5,0.26,470.76,93151.51,1
2022-11-06,2022-11-06 11:30:00,191.5,192.0,191.5,192.0,0.26,470.76,93151.51,1
2022-11-06,2022-11-06 11:40:00,192.0,192.5,192.0,192.5,0.26,470.76,93151.51,1
2022-11-06,2022-11-06 11:50:00,192.5,193.0,192.5,193.0,0.26,470.76,93151.51,1
2022-11-06,2022-11-06 12:00:00,193.0,193.5,193.0,193.5,0.26,470.76,93151.51,1
2022-11-06,2022-11-06 12:10:00,193.5,194.0,193.5,194.0,0.26,470.76,93151.51,1
2022-11-06,2022-11-06 12:20:00,194.0,194.5,194.0,194.5,0.26,470.76,93151.51,1
2022-11-06,2022-11-06 12:30:00,194.5,195.0,194.5,195.0,0.26,470.76,93151.51,1
2022-11-06,2022-11-06 12:40:00,195.0,195.5,195.0,195.5,0.26,470.76,93151.51,1
2022-11-06,2022-11-06 12:50:00,195.5,196.0,195.5,196.0,0.26,470.76,93151.51,1
2022-11-06,2022-11-06 13:00:00,196.0,202.0,190.0,196.5,0.26,470.76,93151.51,1
2022-11-06,2022-11-06 13:10:00,196.5,197.0,196.5,197.0,0.25,470.76,93151.51,1
2022-11-06,2022-11-06 13:20:00,197.0,197.5,197.0,197.5,0.25,470.76,93151.51,1
2022-11-06,2022-11-06 13:30:00,197.5,198.0,197.5,198.0,0.25,470.76,93151.51,1
2022-11-06,2022-11-06 13:40:00,198.0,198.5,198.0,198.5,0.25,470.76,93151.51,1
2022-11-06,2022-11-06 13:50:00,198.5,199.0,198.5,199.0,0.25,470.76,93151.51,1
2022-11-06,2022-11-06 14:00:00,199.0,199.5,199.0,199.5,0.25,470.76,93151.51,1
2022-11-06,2022-11-06 14:10:00,199.5,200.0,199.5,200.0,0.25,470.76,93151.51,1
2022-11-06,2022-11-06 14:20:00,200.0,200.5,200.0,200.5,0.25,470.76,93151.51,1
2022-11-06,2022-11-06 14:30:00,200.5,201.0,200.5,201.0,0.25,470.76,93151.51,1
2022-11-06,2022-11-06 14:40:00,201.0,201.5,201.0,201.5,0.25,470.76,93151.51,1
2022-11-06,2022-11-06 14:50:00,201.5,202.0,201.5,202.0,0.25,470.76,93151.51,1
2022-11-06,2022-11-06 15:00:00,202.0,202.0,190.0,202.0,0.0,470.76,93151.51,0
2022-11-07,2022-11-07 11:00:00,202.0,203.17,200.5,201.83,-0.08,834.0,167439.04,-1
2022-11-07,2022-11-07 11:10:00,201.83,201.83,201.67,201.67,-0.08,834.0,167439.04,-1
2022-11-07,2022-11-07 11:20:00,201.67,201.67,201.5,201.5,-0.08,834.0,167439.04,-1
2022-11-07,2022-11-07 11:30:00,201.5,201.5,201.33,201.33,-0.08,834.0,167439.04,-1
2022-11-07,2022-11-07 11:40:00,201.33,201.33,201.17,201.17,-0.08,834.0,167439.04,-1
2022-11-07,2022-11-07 11:50:00,201.17,201.17,201.0,201.0,-0.08,834.0,167439.04,-1
2022-11-07,2022-11-07 12:00:00,201.0,201.0,200.83,200.83,-0.08,834.0,167439.04,-1
2022-11-07,2022-11-07 12:10:00,200.83,200.83,200.67,200.67,-0.08,834.0,167439.04,-1
2022-11-07,2022-11-07 12:20:00,200.67,200.67,200.5,200.5,-0.08,834.0,167439.04,-1
2022-11-07,2022-11-07 12:30:00,200.5,200.5,200.33,200.33,-0.08,834.0,167439.04,-1
2022-11-07,2022-11-07 12:40:00,200.33,200.33,200.17,200.17,-0.08,834.0,167439.04,-1
2022-11-07,2022-11-07 12:50:00,200.17,200.17,200.0,200.0,-0.08,834.0,167439.04,-1
2022-11-07,2022-11-07 13:00:00,200.0,205.9,197.0,199.83,-0.08,834.0,167439.04,-1
2022-11-07,2022-11-07 13:10:00,199.83,199.83,199.67,199.67,-0.08,834.0,167439.04,-1
2022-11-07,2022-11-07 13:20:00,199.67,199.67,199.5,199.5,-0.09,834.0,167439.04,-1
2022-11-07,2022-11-07 13:30:00,199.5,199.5,199.33,199.33,-0.09,834.0,167439.04,-1
2022-11-07,2022-11-07 13:40:00,199.33,199.33,199.17,199.17,-0.08,834.0,167439.04,-1
2022-11-07,2022-11-07 13:50:00,199.17,199.17,199.0,199.0,-0.09,834.0,167439.04,-1
2022-11-07,2022-11-07 14:00:00,199.0,199.0,198.83,198.83,-0.09,834.0,167439.04,-1
2022-11-07,2022-11-07 14:10:00,198.83,198.83,198.67,198.67,-0.08,834.0,167439.04,-1
2022-11-07,2022-11-07 14:20:00,198.67,198.67,198.5,198.5,-0.09,834.0,167439.04,-1
2022-11-07,2022-11-07 14:30:00,198.5,198.5,198.33,198.33,-0.09,834.0,167439.04,-1
2022-11-07,2022-11-07 14:40:00,198.33,198.33,198.17,198.17,-0.08,834.0,167439.04,-1
2022-11-07,2022-11-07 14:50:00,198.17,198.17,198.0,198.0,-0.09,834.0,167439.04,-1
2022-11-07,2022-11-07 15:00:00,198.0,205.9,197.0,198.0,0.0,834.0,167439.04,0
2022-11-08,2022-11-08 11:00:00,195.1,197.14,194.17,195.14,0.02,1290.64,250671.7,1
2022-11-08,2022-11-08 11:10:00,195.14,195.17,195.14,195.17,0.02,1290.64,250671.7,1
2022-11-08,2022-11-08 11:20:00,195.17,195.21,195.17,195.21,0.02,1290.64,250671.7,1
2022-11-08,2022-11-08 11:30:00,195.21,195.25,195.21,195.25,0.02,1290.64,250671.7,1
2022-11-08,2022-11-08 11:40:00,195.25,195.29,195.25,195.29,0.02,1290.64,250671.7,1
2022-11-08,2022-11-08 11:50:00,195.29,195.32,195.29,195.32,0.02,1290.64,250671.7,1
2022-11-08,2022-11-08 12:00:00,195.32,195.36,195.32,195.36,0.02,1290.64,250671.7,1
2022-11-08,2022-11-08 12:10:00,195.36,195.4,195.36,195.4,0.02,1290.64,250671.7,1
2022-11-08,2022-11-08 12:20:00,195.4,195.44,195.4,195.44,0.02,1290.64,250671.7,1
2022-11-08,2022-11-08 12:30:00,195.44,195.47,195.44,195.47,0.02,1290.64,250671.7,1
2022-11-08,2022-11-08 12:40:00,195.47,195.51,195.47,195.51,0.02,1290.64,250671.7,1
2022-11-08,2022-11-08 12:50:00,195.51,195.55,195.51,195.55,0.02,1290.64,250671.7,1
2022-11-08,2022-11-08 13:00:00,195.55,201.9,192.0,195.59,0.02,1290.64,250671.7,1
2022-11-08,2022-11-08 13:10:00,195.59,195.62,195.59,195.62,0.02,1290.64,250671.7,1
2022-11-08,2022-11-08 13:20:00,195.62,195.66,195.62,195.66,0.02,1290.64,250671.7,1
2022-11-08,2022-11-08 13:30:00,195.66,195.7,195.66,195.7,0.02,1290.64,250671.7,1
2022-11-08,2022-11-08 13:40:00,195.7,195.74,195.7,195.74,0.02,1290.64,250671.7,1
2022-11-08,2022-11-08 13:50:00,195.74,195.78,195.74,195.78,0.02,1290.64,250671.7,1
2022-11-08,2022-11-08 14:00:00,195.78,195.81,195.78,195.81,0.02,1290.64,250671.7,1
2022-11-08,2022-11-08 14:10:00,195.81,195.85,195.81,195.85,0.02,1290.64,250671.7,1
2022-11-08,2022-11-08 14:20:00,195.85,195.89,195.85,195.89,0.02,1290.64,250671.7,1
2022-11-08,2022-11-08 14:30:00,195.89,195.93,195.89,195.93,0.02,1290.64,250671.7,1
2022-11-08,2022-11-08 14:40:00,195.93,195.96,195.93,195.96,0.02,1290.64,250671.7,1
2022-11-08,2022-11-08 14:50:00,195.96,196.0,195.96,196.0,0.02,1290.64,250671.7,1
2022-11-08,2022-11-08 15:00:00,196.0,201.9,192.0,196.0,0.0,1290.64,250671.7,0
2022-11-09,2022-11-09 11:00:00,199.9,200.23,195.52,199.3,-0.3,415.8,77759.65,-1
2022-11-09,2022-11-09 11:10:00,199.3,199.3,198.7,198.7,-0.3,415.8,77759.65,-1
2022-11-09,2022-11-09 11:20:00,198.7,198.7,198.1,198.1,-0.3,415.8,77759.65,-1
2022-11-09,2022-11-09 11:30:00,198.1,198.1,197.5,197.5,-0.3,415.8,77759.65,-1
2022-11-09,2022-11-09 11:40:00,197.5,197.5,196.9,196.9,-0.3,415.8,77759.65,-1
2022-11-09,2022-11-09 11:50:00,196.9,196.9,196.3,196.3,-0.3,415.8,77759.65,-1
2022-11-09,2022-11-09 12:00:00,196.3,196.3,195.7,195.7,-0.31,415.8,77759.65,-1
2022-11-09,2022-11-09 12:10:00,195.7,195.7,195.1,195.1,-0.31,415.8,77759.65,-1
2022-11-09,2022-11-09 12:20:00,195.1,195.1,194.5,194.5,-0.31,415.8,77759.65,-1
2022-11-09,2022-11-09 12:30:00,194.5,194.5,193.9,193.9,-0.31,415.8,77759.65,-1
2022-11-09,2022-11-09 12:40:00,193.9,193.9,193.3,193.3,-0.31,415.8,77759.65,-1
2022-11-09,2022-11-09 12:50:00,193.3,193.3,192.7,192.7,-0.31,415.8,77759.65,-1
2022-11-09,2022-11-09 13:00:00,192.7,201.0,185.3,192.1,-0.31,415.8,77759.65,-1
2022-11-09,2022-11-09 13:10:00,192.1,192.1,191.5,191.5,-0.31,415.8,77759.65,-1
2022-11-09,2022-11-09 13:20:00,191.5,191.5,190.9,190.9,-0.31,415.8,77759.65,-1
2022-11-09,2022-11-09 13:30:00,190.9,190.9,190.3,190.3,-0.31,415.8,77759.65,-1
2022-11-09,2022-11-09 13:40:00,190.3,190.3,189.7,189.7,-0.32,415.8,77759.65,-1
2022-11-09,2022-11-09 13:50:00,189.7,189.7,189.1,189.1,-0.32,415.8,77759.65,-1
2022-11-09,2022-11-09 14:00:00,189.1,189.1,188.5,188.5,-0.32,415.8,77759.65,-1
2022-11-09,2022-11-09 14:10:00,188.5,188.5,187.9,187.9,-0.32,415.8,77759.65,-1
2022-11-09,2022-11-09 14:20:00,187.9,187.9,187.3,187.3,-0.32,415.8,77759.65,-1
2022-11-09,2022-11-09 14:30:00,187.3,187.3,186.7,186.7,-0.32,415.8,77759.65,-1
2022-11-09,2022-11-09 14:40:00,186.7,186.7,186.1,186.1,-0.32,415.8,77759.65,-1
2022-11-09,2022-11-09 14:50:00,186.1,186.1,185.5,185.5,-0.32,415.8,77759.65,-1
2022-11-09,2022-11-09 15:00:00,185.5,201.0,185.3,185.5,0.0,415.8,77759.65,0
2022-11-10,2022-11-10 11:00:00,185.4,186.48,183.18,185.14,-0.14,484.12,88313.31,-1
2022-11-10,2022-11-10 11:10:00,185.14,185.14,184.88,184.88,-0.14,484.12,88313.31,-1
2022-11-10,2022-11-10 11:20:00,184.88,184.88,184.61,184.61,-0.15,484.12,88313.31,-1
2022-11-10,2022-11-10 11:30:00,184.61,184.61,184.35,184.35,-0.14,484.12,88313.31,-1
2022-11-10,2022-11-10 11:40:00,184.35,184.35,184.09,184.09,-0.14,484.12,88313.31,-1
2022-11-10,2022-11-10 11:50:00,184.09,184.09,183.82,183.82,-0.15,484.12,88313.31,-1
2022-11-10,2022-11-10 12:00:00,183.82,183.82,183.56,183.56,-0.14,484.12,88313.31,-1
2022-11-10,2022-11-10 12:10:00,183.56,183.56,183.3,183.3,-0.14,484.12,88313.31,-1
2022-11-10,2022-11-10 12:20:00,183.3,183.3,183.04,183.04,-0.14,484.12,88313.31,-1
2022-11-10,2022-11-10 12:30:00,183.04,183.04,182.78,182.78,-0.14,484.12,88313.31,-1
2022-11-10,2022-11-10 12:40:00,182.78,182.78,182.51,182.51,-0.15,484.12,88313.31,-1
2022-11-10,2022-11-10 12:50:00,182.51,182.51,182.25,182.25,-0.14,484.12,88313.31,-1
2022-11-10,2022-11-10 13:00:00,182.25,189.0,178.0,181.99,-0.14,484.12,88313.31,-1
2022-11-10,2022-11-10 13:10:00,181.99,181.99,181.72,181.72,-0.15,484.12,88313.31,-1
2022-11-10,2022-11-10 13:20:00,181.72,181.72,181.46,181.46,-0.14,484.12,88313.31,-1
2022-11-10,2022-11-10 13:30:00,181.46,181.46,181.2,181.2,-0.14,484.12,88313.31,-1
2022-11-10,2022-11-10 13:40:00,181.2,181.2,180.94,180.94,-0.14,484.12,88313.31,-1
2022-11-10,2022-11-10 13:50:00,180.94,180.94,180.68,180.68,-0.14,484.12,88313.31,-1
2022-11-10,2022-11-10 14:00:00,180.68,180.68,180.41,180.41,-0.15,484.12,88313.31,-1
2022-11-10,2022-11-10 14:10:00,180.41,180.41,180.15,180.15,-0.14,484.12,88313.31,-1
2022-11-10,2022-11-10 14:20:00,180.15,180.15,179.89,179.89,-0.14,484.12,88313.31,-1
2022-11-10,2022-11-10 14:30:00,179.89,179.89,179.62,179.62,-0.15,484.12,88313.31,-1
2022-11-10,2022-11-10 14:40:00,179.62,179.62,179.36,179.36,-0.14,484.12,88313.31,-1
2022-11-10,2022-11-10 14:50:00,179.36,179.36,179.1,179.1,-0.14,484.12,88313.31,-1
2022-11-10,2022-11-10 15:00:00,179.1,189.0,178.0,179.1,0.0,484.12,88313.31,0
2022-11-13,2022-11-13 11:00:00,179.0,179.9,178.1,178.9,-0.06,121.6,21714.0,-1
2022-11-13,2022-11-13 11:10:00,178.9,178.9,178.79,178.79,-0.06,121.6,21714.0,-1
2022-11-13,2022-11-13 11:20:00,178.79,178.79,178.69,178.69,-0.06,121.6,21714.0,-1
2022-11-13,2022-11-13 11:30:00,178.69,178.69,178.58,178.58,-0.06,121.6,21714.0,-1
2022-11-13,2022-11-13 11:40:00,178.58,178.58,178.48,178.48,-0.06,121.6,21714.0,-1
2022-11-13,2022-11-13 11:50:00,178.48,178.48,178.38,178.38,-0.06,121.6,21714.0,-1
2022-11-13,2022-11-13 12:00:00,178.38,178.38,178.27,178.27,-0.06,121.6,21714.0,-1
2022-11-13,2022-11-13 12:10:00,178.27,178.27,178.17,178.17,-0.06,121.6,21714.0,-1
2022-11-13,2022-11-13 12:20:00,178.17,178.17,178.06,178.06,-0.06,121.6,21714.0,-1
2022-11-13,2022-11-13 12:30:00,178.06,178.06,177.96,177.96,-0.06,121.6,21714.0,-1
2022-11-13,2022-11-13 12:40:00,177.96,177.96,177.85,177.85,-0.06,121.6,21714.0,-1
2022-11-13,2022-11-13 12:50:00,177.85,177.85,177.75,177.75,-0.06,121.6,21714.0,-1
2022-11-13,2022-11-13 13:00:00,177.75,182.0,176.0,177.65,-0.06,121.6,21714.0,-1
2022-11-13,2022-11-13 13:10:00,177.65,177.65,177.54,177.54,-0.06,121.6,21714.0,-1
2022-11-13,2022-11-13 13:20:00,177.54,177.54,177.44,177.44,-0.06,121.6,21714.0,-1
2022-11-13,2022-11-13 13:30:00,177.44,177.44,177.33,177.33,-0.06,121.6,21714.0,-1
2022-11-13,2022-11-13 13:40:00,177.33,177.33,177.23,177.23,-0.06,121.6,21714.0,-1
2022-11-13,2022-11-13 13:50:00,177.23,177.23,177.12,177.12,-0.06,121.6,21714.0,-1
2022-11-13,2022-11-13 14:00:00,177.12,177.12,177.02,177.02,-0.06,121.6,21714.0,-1
2022-11-13,2022-11-13 14:10:00,177.02,177.02,176.92,176.92,-0.06,121.6,21714.0,-1
2022-11-13,2022-11-13 14:20:00,176.92,176.92,176.81,176.81,-0.06,121.6,21714.0,-1
2022-11-13,2022-11-13 14:30:00,176.81,176.81,176.71,176.71,-0.06,121.6,21714.0,-1
2022-11-13,2022-11-13 14:40:00,176.71,176.71,176.6,176.6,-0.06,121.6,21714.0,-1
2022-11-13,2022-11-13 14:50:00,176.6,176.6,176.5,176.5,-0.06,121.6,21714.0,-1
2022-11-13,2022-11-13 15:00:00,176.5,182.0,176.0,176.5,0.0,121.6,21714.0,0
2022-11-14,2022-11-14 11:00:00,176.5,178.51,175.45,176.73,0.13,261.56,46705.22,1
2022-11-14,2022-11-14 11:10:00,176.73,176.96,176.73,176.96,0.13,261.56,46705.22,1
2022-11-14,2022-11-14 11:20:00,176.96,177.19,176.96,177.19,0.13,261.56,46705.22,1
2022-11-14,2022-11-14 11:30:00,177.19,177.42,177.19,177.42,0.13,261.56,46705.22,1
2022-11-14,2022-11-14 11:40:00,177.42,177.65,177.42,177.65,0.13,261.56,46705.22,1
2022-11-14,2022-11-14 11:50:00,177.65,177.88,177.65,177.88,0.13,261.56,46705.22,1
2022-11-14,2022-11-14 12:00:00,177.88,178.1,177.88,178.1,0.12,261.56,46705.22,1
2022-11-14,2022-11-14 12:10:00,178.1,178.33,178.1,178.33,0.13,261.56,46705.22,1
2022-11-14,2022-11-14 12:20:00,178.33,178.56,178.33,178.56,0.13,261.56,46705.22,1
2022-11-14,2022-11-14 12:30:00,178.56,178.79,178.56,178.79,0.13,261.56,46705.22,1
2022-11-14,2022-11-14 12:40:00,178.79,179.02,178.79,179.02,0.13,261.56,46705.22,1
2022-11-14,2022-11-14 12:50:00,179.02,179.25,179.02,179.25,0.13,261.56,46705.22,1
2022-11-14,2022-11-14 13:00:00,179.25,183.2,173.0,179.48,0.13,261.56,46705.22,1
2022-11-14,2022-11-14 13:10:00,179.48,179.71,179.48,179.71,0.13,261.56,46705.22,1
2022-11-14,2022-11-14 13:20:00,179.71,179.94,179.71,179.94,0.13,261.56,46705.22,1
2022-11-14,2022-11-14 13:30:00,179.94,180.17,179.94,180.17,0.13,261.56,46705.22,1
2022-11-14,2022-11-14 13:40:00,180.17,180.4,180.17,180.4,0.13,261.56,46705.22,1
2022-11-14,2022-11-14 13:50:00,180.4,180.62,180.4,180.62,0.12,261.56,46705.22,1
2022-11-14,2022-11-14 14:00:00,180.62,180.85,180.62,180.85,0.13,261.56,46705.22,1
2022-11-14,2022-11-14 14:10:00,180.85,181.08,180.85,181.08,0.13,261.56,46705.22,1
2022-11-14,2022-11-14 14:20:00,181.08,181.31,181.08,181.31,0.13,261.56,46705.22,1
2022-11-14,2022-11-14 14:30:00,181.31,181.54,181.31,181.54,0.13,261.56,46705.22,1
2022-11-14,2022-11-14 14:40:00,181.54,181.77,181.54,181.77,0.13,261.56,46705.22,1
2022-11-14,2022-11-14 14:50:00,181.77,182.0,181.77,182.0,0.13,261.56,46705.22,1
2022-11-14,2022-11-14 15:00:00,182.0,183.2,173.0,182.0,0.0,261.56,46705.22,0
2022-11-15,2022-11-15 11:00:00,185.0,185.87,182.9,184.71,-0.16,327.4,59630.1,-1
2022-11-15,2022-11-15 11:10:00,184.71,184.71,184.42,184.42,-0.16,327.4,59630.1,-1
2022-11-15,2022-11-15 11:20:00,184.42,184.42,184.12,184.12,-0.16,327.4,59630.1,-1
2022-11-15,2022-11-15 11:30:00,184.12,184.12,183.83,183.83,-0.16,327.4,59630.1,-1
2022-11-15,2022-11-15 11:40:00,183.83,183.83,183.54,183.54,-0.16,327.4,59630.1,-1
2022-11-15,2022-11-15 11:50:00,183.54,183.54,183.25,183.25,-0.16,327.4,59630.1,-1
2022-11-15,2022-11-15 12:00:00,183.25,183.25,182.96,182.96,-0.16,327.4,59630.1,-1
2022-11-15,2022-11-15 12:10:00,182.96,182.96,182.67,182.67,-0.16,327.4,59630.1,-1
2022-11-15,2022-11-15 12:20:00,182.67,182.67,182.38,182.38,-0.16,327.4,59630.1,-1
2022-11-15,2022-11-15 12:30:00,182.38,182.38,182.08,182.08,-0.16,327.4,59630.1,-1
2022-11-15,2022-11-15 12:40:00,182.08,182.08,181.79,181.79,-0.16,327.4,59630.1,-1
2022-11-15,2022-11-15 12:50:00,181.79,181.79,181.5,181.5,-0.16,327.4,59630.1,-1
2022-11-15,2022-11-15 13:00:00,181.5,187.9,178.0,181.21,-0.16,327.4,59630.1,-1
2022-11-15,2022-11-15 13:10:00,181.21,181.21,180.92,180.92,-0.16,327.4,59630.1,-1
2022-11-15,2022-11-15 13:20:00,180.92,180.92,180.62,180.62,-0.17,327.4,59630.1,-1
2022-11-15,2022-11-15 13:30:00,180.62,180.62,180.33,180.33,-0.16,327.4,59630.1,-1
2022-11-15,2022-11-15 13:40:00,180.33,180.33,180.04,180.04,-0.16,327.4,59630.1,-1
2022-11-15,2022-11-15 13:50:00,180.04,180.04,179.75,179.75,-0.16,327.4,59630.1,-1
2022-11-15,2022-11-15 14:00:00,179.75,179.75,179.46,179.46,-0.16,327.4,59630.1,-1
2022-11-15,2022-11-15 14:10:00,179.46,179.46,179.17,179.17,-0.16,327.4,59630.1,-1
2022-11-15,2022-11-15 14:20:00,179.17,179.17,178.88,178.88,-0.16,327.4,59630.1,-1
2022-11-15,2022-11-15 14:30:00,178.88,178.88,178.58,178.58,-0.17,327.4,59630.1,-1
2022-11-15,2022-11-15 14:40:00,178.58,178.58,178.29,178.29,-0.16,327.4,59630.1,-1
2022-11-15,2022-11-15 14:50:00,178.29,178.29,178.0,178.0,-0.16,327.4,59630.1,-1
2022-11-15,2022-11-15 15:00:00,178.0,187.9,178.0,178.0,0.0,327.4,59630.1,0
2022-11-16,2022-11-16 11:00:00,180.0,180.9,179.82,180.0,0.0,246.4,44503.32,0
2022-11-16,2022-11-16 11:10:00,180.0,180.0,180.0,180.0,0.0,246.4,44503.32,0
2022-11-16,2022-11-16 11:20:00,180.0,180.0,180.0,180.0,0.0,246.4,44503.32,0
2022-11-16,2022-11-16 11:30:00,180.0,180.0,180.0,180.0,0.0,246.4,44503.32,0
2022-11-16,2022-11-16 11:40:00,180.0,180.0,180.0,180.0,0.0,246.4,44503.32,0
2022-11-16,2022-11-16 11:50:00,180.0,180.0,180.0,180.0,0.0,246.4,44503.32,0
2022-11-16,2022-11-16 12:00:00,180.0,180.0,180.0,180.0,0.0,246.4,44503.32,0
2022-11-16,2022-11-16 12:10:00,180.0,180.0,180.0,180.0,0.0,246.4,44503.32,0
2022-11-16,2022-11-16 12:20:00,180.0,180.0,180.0,180.0,0.0,246.4,44503.32,0
2022-11-16,2022-11-16 12:30:00,180.0,180.0,180.0,180.0,0.0,246.4,44503.32,0
2022-11-16,2022-11-16 12:40:00,180.0,180.0,180.0,180.0,0.0,246.4,44503.32,0
2022-11-16,2022-11-16 12:50:00,180.0,180.0,180.0,180.0,0.0,246.4,44503.32,0
2022-11-16,2022-11-16 13:00:00,180.0,183.0,179.4,180.0,0.0,246.4,44503.32,0
2022-11-16,2022-11-16 13:10:00,180.0,180.0,180.0,180.0,0.0,246.4,44503.32,0
2022-11-16,2022-11-16 13:20:00,180.0,180.0,180.0,180.0,0.0,246.4,44503.32,0
2022-11-16,2022-11-16 13:30:00,180.0,180.0,180.0,180.0,0.0,246.4,44503.32,0
2022-11-16,2022-11-16 13:40:00,180.0,180.0,180.0,180.0,0.0,246.4,44503.32,0
2022-11-16,2022-11-16 13:50:00,180.0,180.0,180.0,180.0,0.0,246.4,44503.32,0
2022-11-16,2022-11-16 14:00:00,180.0,180.0,180.0,180.0,0.0,246.4,44503.32,0
2022-11-16,2022-11-16 14:10:00,180.0,180.0,180.0,180.0,0.0,246.4,44503.32,0
2022-11-16,2022-11-16 14:20:00,180.0,180.0,180.0,180.0,0.0,246.4,44503.32,0
2022-11-16,2022-11-16 14:30:00,180.0,180.0,180.0,180.0,0.0,246.4,44503.32,0
2022-11-16,2022-11-16 14:40:00,180.0,180.0,180.0,180.0,0.0,246.4,44503.32,0
2022-11-16,2022-11-16 14:50:00,180.0,180.0,180.0,180.0,0.0,246.4,44503.32,0
2022-11-16,2022-11-16 15:00:00,180.0,183.0,179.4,180.0,0.0,246.4,44503.32,0
2022-11-17,2022-11-17 11:00:00,183.6,186.39,183.12,183.85,0.14,517.8,97834.91,1
2022-11-17,2022-11-17 11:10:00,183.85,184.11,183.85,184.11,0.14,517.8,97834.91,1
2022-11-17,2022-11-17 11:20:00,184.11,184.36,184.11,184.36,0.14,517.8,97834.91,1
2022-11-17,2022-11-17 11:30:00,184.36,184.62,184.36,184.62,0.14,517.8,97834.91,1
2022-11-17,2022-11-17 11:40:00,184.62,184.87,184.62,184.87,0.14,517.8,97834.91,1
2022-11-17,2022-11-17 11:50:00,184.87,185.12,184.87,185.12,0.14,517.8,97834.91,1
2022-11-17,2022-11-17 12:00:00,185.12,185.38,185.12,185.38,0.14,517.8,97834.91,1
2022-11-17,2022-11-17 12:10:00,185.38,185.63,185.38,185.63,0.13,517.8,97834.91,1
2022-11-17,2022-11-17 12:20:00,185.63,185.89,185.63,185.89,0.14,517.8,97834.91,1
2022-11-17,2022-11-17 12:30:00,185.89,186.14,185.89,186.14,0.13,517.8,97834.91,1
2022-11-17,2022-11-17 12:40:00,186.14,186.4,186.14,186.4,0.14,517.8,97834.91,1
2022-11-17,2022-11-17 12:50:00,186.4,186.65,186.4,186.65,0.13,517.8,97834.91,1
2022-11-17,2022-11-17 13:00:00,186.65,192.9,182.0,186.9,0.13,517.8,97834.91,1
2022-11-17,2022-11-17 13:10:00,186.9,187.16,186.9,187.16,0.14,517.8,97834.91,1
2022-11-17,2022-11-17 13:20:00,187.16,187.41,187.16,187.41,0.13,517.8,97834.91,1
2022-11-17,2022-11-17 13:30:00,187.41,187.67,187.41,187.67,0.14,517.8,97834.91,1
2022-11-17,2022-11-17 13:40:00,187.67,187.92,187.67,187.92,0.13,517.8,97834.91,1
2022-11-17,2022-11-17 13:50:00,187.92,188.17,187.92,188.17,0.13,517.8,97834.91,1
2022-11-17,2022-11-17 14:00:00,188.17,188.43,188.17,188.43,0.14,517.8,97834.91,1
2022-11-17,2022-11-17 14:10:00,188.43,188.68,188.43,188.68,0.13,517.8,97834.91,1
2022-11-17,2022-11-17 14:20:00,188.68,188.94,188.68,188.94,0.14,517.8,97834.91,1
2022-11-17,2022-11-17 14:30:00,188.94,189.19,188.94,189.19,0.13,517.8,97834.91,1
2022-11-17,2022-11-17 14:40:00,189.19,189.45,189.19,189.45,0.14,517.8,97834.91,1
2022-11-17,2022-11-17 14:50:00,189.45,189.7,189.45,189.7,0.13,517.8,97834.91,1
2022-11-17,2022-11-17 15:00:00,189.7,192.9,182.0,189.7,0.0,517.8,97834.91,0
2022-11-22,2022-11-22 11:00:00,193.0,193.75,189.49,192.66,-0.18,524.4,98187.92,-1
2022-11-22,2022-11-22 11:10:00,192.66,192.66,192.32,192.32,-0.18,524.4,98187.92,-1
2022-11-22,2022-11-22 11:20:00,192.32,192.32,191.99,191.99,-0.17,524.4,98187.92,-1
2022-11-22,2022-11-22 11:30:00,191.99,191.99,191.65,191.65,-0.18,524.4,98187.92,-1
2022-11-22,2022-11-22 11:40:00,191.65,191.65,191.31,191.31,-0.18,524.4,98187.92,-1
2022-11-22,2022-11-22 11:50:00,191.31,191.31,190.97,190.97,-0.18,524.4,98187.92,-1
2022-11-22,2022-11-22 12:00:00,190.97,190.97,190.64,190.64,-0.17,524.4,98187.92,-1
2022-11-22,2022-11-22 12:10:00,190.64,190.64,190.3,190.3,-0.18,524.4,98187.92,-1
2022-11-22,2022-11-22 12:20:00,190.3,190.3,189.96,189.96,-0.18,524.4,98187.92,-1
2022-11-22,2022-11-22 12:30:00,189.96,189.96,189.62,189.62,-0.18,524.4,98187.92,-1
2022-11-22,2022-11-22 12:40:00,189.62,189.62,189.29,189.29,-0.17,524.4,98187.92,-1
2022-11-22,2022-11-22 12:50:00,189.29,189.29,188.95,188.95,-0.18,524.4,98187.92,-1
2022-11-22,2022-11-22 13:00:00,188.95,195.5,181.3,188.61,-0.18,524.4,98187.92,-1
2022-11-22,2022-11-22 13:10:00,188.61,188.61,188.28,188.28,-0.17,524.4,98187.92,-1
2022-11-22,2022-11-22 13:20:00,188.28,188.28,187.94,187.94,-0.18,524.4,98187.92,-1
2022-11-22,2022-11-22 13:30:00,187.94,187.94,187.6,187.6,-0.18,524.4,98187.92,-1
2022-11-22,2022-11-22 13:40:00,187.6,187.6,187.26,187.26,-0.18,524.4,98187.92,-1
2022-11-22,2022-11-22 13:50:00,187.26,187.26,186.93,186.93,-0.18,524.4,98187.92,-1
2022-11-22,2022-11-22 14:00:00,186.93,186.93,186.59,186.59,-0.18,524.4,98187.92,-1
2022-11-22,2022-11-22 14:10:00,186.59,186.59,186.25,186.25,-0.18,524.4,98187.92,-1
2022-11-22,2022-11-22 14:20:00,186.25,186.25,185.91,185.91,-0.18,524.4,98187.92,-1
2022-11-22,2022-11-22 14:30:00,185.91,185.91,185.58,185.58,-0.18,524.4,98187.92,-1
2022-11-22,2022-11-22 14:40:00,185.58,185.58,185.24,185.24,-0.18,524.4,98187.92,-1
2022-11-22,2022-11-22 14:50:00,185.24,185.24,184.9,184.9,-0.18,524.4,98187.92,-1
2022-11-22,2022-11-22 15:00:00,184.9,195.5,181.3,184.9,0.0,524.4,98187.92,0
2022-11-23,2022-11-23 11:00:00,185.0,187.22,184.1,185.29,0.16,334.8,62581.34,1
2022-11-23,2022-11-23 11:10:00,185.29,185.58,185.29,185.58,0.16,334.8,62581.34,1
2022-11-23,2022-11-23 11:20:00,185.58,185.88,185.58,185.88,0.16,334.8,62581.34,1
2022-11-23,2022-11-23 11:30:00,185.88,186.17,185.88,186.17,0.16,334.8,62581.34,1
2022-11-23,2022-11-23 11:40:00,186.17,186.46,186.17,186.46,0.16,334.8,62581.34,1
2022-11-23,2022-11-23 11:50:00,186.46,186.75,186.46,186.75,0.16,334.8,62581.34,1
2022-11-23,2022-11-23 12:00:00,186.75,187.04,186.75,187.04,0.16,334.8,62581.34,1
2022-11-23,2022-11-23 12:10:00,187.04,187.33,187.04,187.33,0.16,334.8,62581.34,1
2022-11-23,2022-11-23 12:20:00,187.33,187.62,187.33,187.62,0.15,334.8,62581.34,1
2022-11-23,2022-11-23 12:30:00,187.62,187.92,187.62,187.92,0.16,334.8,62581.34,1
2022-11-23,2022-11-23 12:40:00,187.92,188.21,187.92,188.21,0.15,334.8,62581.34,1
2022-11-23,2022-11-23 12:50:00,188.21,188.5,188.21,188.5,0.15,334.8,62581.34,1
2022-11-23,2022-11-23 13:00:00,188.5,192.4,182.0,188.79,0.15,334.8,62581.34,1
2022-11-23,2022-11-23 13:10:00,188.79,189.08,188.79,189.08,0.15,334.8,62581.34,1
2022-11-23,2022-11-23 13:20:00,189.08,189.38,189.08,189.38,0.16,334.8,62581.34,1
2022-11-23,2022-11-23 13:30:00,189.38,189.67,189.38,189.67,0.15,334.8,62581.34,1
2022-11-23,2022-11-23 13:40:00,189.67,189.96,189.67,189.96,0.15,334.8,62581.34,1
2022-11-23,2022-11-23 13:50:00,189.96,190.25,189.96,190.25,0.15,334.8,62581.34,1
2022-11-23,2022-11-23 14:00:00,190.25,190.54,190.25,190.54,0.15,334.8,62581.34,1
2022-11-23,2022-11-23 14:10:00,190.54,190.83,190.54,190.83,0.15,334.8,62581.34,1
2022-11-23,2022-11-23 14:20:00,190.83,191.12,190.83,191.12,0.15,334.8,62581.34,1
2022-11-23,2022-11-23 14:30:00,191.12,191.42,191.12,191.42,0.16,334.8,62581.34,1
2022-11-23,2022-11-23 14:40:00,191.42,191.71,191.42,191.71,0.15,334.8,62581.34,1
2022-11-23,2022-11-23 14:50:00,191.71,192.0,191.71,192.0,0.15,334.8,62581.34,1
2022-11-23,2022-11-23 15:00:00,192.0,192.4,182.0,192.0,0.0,334.8,62581.34,0
2022-11-24,2022-11-24 11:00:00,193.0,193.84,191.26,192.96,-0.02,583.04,112515.65,-1
2022-11-24,2022-11-24 11:10:00,192.96,192.96,192.92,192.92,-0.02,583.04,112515.65,-1
2022-11-24,2022-11-24 11:20:00,192.92,192.92,192.88,192.88,-0.02,583.04,112515.65,-1
2022-11-24,2022-11-24 11:30:00,192.88,192.88,192.83,192.83,-0.03,583.04,112515.65,-1
2022-11-24,2022-11-24 11:40:00,192.83,192.83,192.79,192.79,-0.02,583.04,112515.65,-1
2022-11-24,2022-11-24 11:50:00,192.79,192.79,192.75,192.75,-0.02,583.04,112515.65,-1
2022-11-24,2022-11-24 12:00:00,192.75,192.75,192.71,192.71,-0.02,583.04,112515.65,-1
2022-11-24,2022-11-24 12:10:00,192.71,192.71,192.67,192.67,-0.02,583.04,112515.65,-1
2022-11-24,2022-11-24 12:20:00,192.67,192.67,192.62,192.62,-0.03,583.04,112515.65,-1
2022-11-24,2022-11-24 12:30:00,192.62,192.62,192.58,192.58,-0.02,583.04,112515.65,-1
2022-11-24,2022-11-24 12:40:00,192.58,192.58,192.54,192.54,-0.02,583.04,112515.65,-1
2022-11-24,2022-11-24 12:50:00,192.54,192.54,192.5,192.5,-0.02,583.04,112515.65,-1
2022-11-24,2022-11-24 13:00:00,192.5,195.8,187.2,192.46,-0.02,583.04,112515.65,-1
2022-11-24,2022-11-24 13:10:00,192.46,192.46,192.42,192.42,-0.02,583.04,112515.65,-1
2022-11-24,2022-11-24 13:20:00,192.42,192.42,192.38,192.38,-0.02,583.04,112515.65,-1
2022-11-24,2022-11-24 13:30:00,192.38,192.38,192.33,192.33,-0.03,583.04,112515.65,-1
2022-11-24,2022-11-24 13:40:00,192.33,192.33,192.29,192.29,-0.02,583.04,112515.65,-1
2022-11-24,2022-11-24 13:50:00,192.29,192.29,192.25,192.25,-0.02,583.04,112515.65,-1
2022-11-24,2022-11-24 14:00:00,192.25,192.25,192.21,192.21,-0.02,583.04,112515.65,-1
2022-11-24,2022-11-24 14:10:00,192.21,192.21,192.17,192.17,-0.02,583.04,112515.65,-1
2022-11-24,2022-11-24 14:20:00,192.17,192.17,192.12,192.12,-0.03,583.04,112515.65,-1
2022-11-24,2022-11-24 14:30:00,192.12,192.12,192.08,192.08,-0.02,583.04,112515.65,-1
2022-11-24,2022-11-24 14:40:00,192.08,192.08,192.04,192.04,-0.02,583.04,112515.65,-1
2022-11-24,2022-11-24 14:50:00,192.04,192.04,192.0,192.0,-0.02,583.04,112515.65,-1
2022-11-24,2022-11-24 15:00:00,192.0,195.8,187.2,192.0,0.0,583.04,112515.65,0
2022-11-27,2022-11-27 11:00:00,195.0,195.3,193.5,194.96,-0.02,345.32,66895.12,-1
2022-11-27,2022-11-27 11:10:00,194.96,194.96,194.92,194.92,-0.02,345.32,66895.12,-1
2022-11-27,2022-11-27 11:20:00,194.92,194.92,194.88,194.88,-0.02,345.32,66895.12,-1
2022-11-27,2022-11-27 11:30:00,194.88,194.88,194.83,194.83,-0.03,345.32,66895.12,-1
2022-11-27,2022-11-27 11:40:00,194.83,194.83,194.79,194.79,-0.02,345.32,66895.12,-1
2022-11-27,2022-11-27 11:50:00,194.79,194.79,194.75,194.75,-0.02,345.32,66895.12,-1
2022-11-27,2022-11-27 12:00:00,194.75,194.75,194.71,194.71,-0.02,345.32,66895.12,-1
2022-11-27,2022-11-27 12:10:00,194.71,194.71,194.67,194.67,-0.02,345.32,66895.12,-1
2022-11-27,2022-11-27 12:20:00,194.67,194.67,194.62,194.62,-0.03,345.32,66895.12,-1
2022-11-27,2022-11-27 12:30:00,194.62,194.62,194.58,194.58,-0.02,345.32,66895.12,-1
2022-11-27,2022-11-27 12:40:00,194.58,194.58,194.54,194.54,-0.02,345.32,66895.12,-1
2022-11-27,2022-11-27 12:50:00,194.54,194.54,194.5,194.5,-0.02,345.32,66895.12,-1
2022-11-27,2022-11-27 13:00:00,194.5,196.0,190.0,194.46,-0.02,345.32,66895.12,-1
2022-11-27,2022-11-27 13:10:00,194.46,194.46,194.42,194.42,-0.02,345.32,66895.12,-1
2022-11-27,2022-11-27 13:20:00,194.42,194.42,194.38,194.38,-0.02,345.32,66895.12,-1
2022-11-27,2022-11-27 13:30:00,194.38,194.38,194.33,194.33,-0.03,345.32,66895.12,-1
2022-11-27,2022-11-27 13:40:00,194.33,194.33,194.29,194.29,-0.02,345.32,66895.12,-1
2022-11-27,2022-11-27 13:50:00,194.29,194.29,194.25,194.25,-0.02,345.32,66895.12,-1
2022-11-27,2022-11-27 14:00:00,194.25,194.25,194.21,194.21,-0.02,345.32,66895.12,-1
2022-11-27,2022-11-27 14:10:00,194.21,194.21,194.17,194.17,-0.02,345.32,66895.12,-1
2022-11-27,2022-11-27 14:20:00,194.17,194.17,194.12,194.12,-0.03,345.32,66895.12,-1
2022-11-27,2022-11-27 14:30:00,194.12,194.12,194.08,194.08,-0.02,345.32,66895.12,-1
2022-11-27,2022-11-27 14:40:00,194.08,194.08,194.04,194.04,-0.02,345.32,66895.12,-1
2022-11-27,2022-11-27 14:50:00,194.04,194.04,194.0,194.0,-0.02,345.32,66895.12,-1
2022-11-27,2022-11-27 15:00:00,194.0,196.0,190.0,194.0,0.0,345.32,66895.12,0
2022-11-28,2022-11-28 11:00:00,197.0,198.2,194.09,196.71,-0.15,747.68,146892.43,-1
2022-11-28,2022-11-28 11:10:00,196.71,196.71,196.42,196.42,-0.15,747.68,146892.43,-1
2022-11-28,2022-11-28 11:20:00,196.42,196.42,196.12,196.12,-0.15,747.68,146892.43,-1
2022-11-28,2022-11-28 11:30:00,196.12,196.12,195.83,195.83,-0.15,747.68,146892.43,-1
2022-11-28,2022-11-28 11:40:00,195.83,195.83,195.54,195.54,-0.15,747.68,146892.43,-1
2022-11-28,2022-11-28 11:50:00,195.54,195.54,195.25,195.25,-0.15,747.68,146892.43,-1
2022-11-28,2022-11-28 12:00:00,195.25,195.25,194.96,194.96,-0.15,747.68,146892.43,-1
2022-11-28,2022-11-28 12:10:00,194.96,194.96,194.67,194.67,-0.15,747.68,146892.43,-1
2022-11-28,2022-11-28 12:20:00,194.67,194.67,194.38,194.38,-0.15,747.68,146892.43,-1
2022-11-28,2022-11-28 12:30:00,194.38,194.38,194.08,194.08,-0.15,747.68,146892.43,-1
2022-11-28,2022-11-28 12:40:00,194.08,194.08,193.79,193.79,-0.15,747.68,146892.43,-1
2022-11-28,2022-11-28 12:50:00,193.79,193.79,193.5,193.5,-0.15,747.68,146892.43,-1
2022-11-28,2022-11-28 13:00:00,193.5,201.0,187.3,193.21,-0.15,747.68,146892.43,-1
2022-11-28,2022-11-28 13:10:00,193.21,193.21,192.92,192.92,-0.15,747.68,146892.43,-1
2022-11-28,2022-11-28 13:20:00,192.92,192.92,192.62,192.62,-0.16,747.68,146892.43,-1
2022-11-28,2022-11-28 13:30:00,192.62,192.62,192.33,192.33,-0.15,747.68,146892.43,-1
2022-11-28,2022-11-28 13:40:00,192.33,192.33,192.04,192.04,-0.15,747.68,146892.43,-1
2022-11-28,2022-11-28 13:50:00,192.04,192.04,191.75,191.75,-0.15,747.68,146892.43,-1
2022-11-28,2022-11-28 14:00:00,191.75,191.75,191.46,191.46,-0.15,747.68,146892.43,-1
2022-11-28,2022-11-28 14:10:00,191.46,191.46,191.17,191.17,-0.15,747.68,146892.43,-1
2022-11-28,2022-11-28 14:20:00,191.17,191.17,190.88,190.88,-0.15,747.68,146892.43,-1
2022-11-28,2022-11-28 14:30:00,190.88,190.88,190.58,190.58,-0.16,747.68,146892.43,-1
2022-11-28,2022-11-28 14:40:00,190.58,190.58,190.29,190.29,-0.15,747.68,146892.43,-1
2022-11-28,2022-11-28 14:50:00,190.29,190.29,190.0,190.0,-0.15,747.68,146892.43,-1
2022-11-28,2022-11-28 15:00:00,190.0,201.0,187.3,190.0,0.0,747.68,146892.43,0
2022-11-29,2022-11-29 11:00:00,190.0,192.1,190.0,190.29,0.15,328.36,63804.11,1
2022-11-29,2022-11-29 11:10:00,190.29,190.58,190.29,190.58,0.15,328.36,63804.11,1
2022-11-29,2022-11-29 11:20:00,190.58,190.88,190.58,190.88,0.16,328.36,63804.11,1
2022-11-29,2022-11-29 11:30:00,190.88,191.17,190.88,191.17,0.15,328.36,63804.11,1
2022-11-29,2022-11-29 11:40:00,191.17,191.46,191.17,191.46,0.15,328.36,63804.11,1
2022-11-29,2022-11-29 11:50:00,191.46,191.75,191.46,191.75,0.15,328.36,63804.11,1
2022-11-29,2022-11-29 12:00:00,191.75,192.04,191.75,192.04,0.15,328.36,63804.11,1
2022-11-29,2022-11-29 12:10:00,192.04,192.33,192.04,192.33,0.15,328.36,63804.11,1
2022-11-29,2022-11-29 12:20:00,192.33,192.62,192.33,192.62,0.15,328.36,63804.11,1
2022-11-29,2022-11-29 12:30:00,192.62,192.92,192.62,192.92,0.16,328.36,63804.11,1
2022-11-29,2022-11-29 12:40:00,192.92,193.21,192.92,193.21,0.15,328.36,63804.11,1
2022-11-29,2022-11-29 12:50:00,193.21,193.5,193.21,193.5,0.15,328.36,63804.11,1
2022-11-29,2022-11-29 13:00:00,193.5,197.0,190.0,193.79,0.15,328.36,63804.11,1
2022-11-29,2022-11-29 13:10:00,193.79,194.08,193.79,194.08,0.15,328.36,63804.11,1
2022-11-29,2022-11-29 13:20:00,194.08,194.38,194.08,194.38,0.15,328.36,63804.11,1
2022-11-29,2022-11-29 13:30:00,194.38,194.67,194.38,194.67,0.15,328.36,63804.11,1
2022-11-29,2022-11-29 13:40:00,194.67,194.96,194.67,194.96,0.15,328.36,63804.11,1
2022-11-29,2022-11-29 13:50:00,194.96,195.25,194.96,195.25,0.15,328.36,63804.11,1
2022-11-29,2022-11-29 14:00:00,195.25,195.54,195.25,195.54,0.15,328.36,63804.11,1
2022-11-29,2022-11-29 14:10:00,195.54,195.83,195.54,195.83,0.15,328.36,63804.11,1
2022-11-29,2022-11-29 14:20:00,195.83,196.12,195.83,196.12,0.15,328.36,63804.11,1
2022-11-29,2022-11-29 14:30:00,196.12,196.42,196.12,196.42,0.15,328.36,63804.11,1
2022-11-29,2022-11-29 14:40:00,196.42,196.71,196.42,196.71,0.15,328.36,63804.11,1
2022-11-29,2022-11-29 14:50:00,196.71,197.0,196.71,197.0,0.15,328.36,63804.11,1
2022-11-29,2022-11-29 15:00:00,197.0,197.0,190.0,197.0,0.0,328.36,63804.11,0
2022-11-30,2022-11-30 11:00:00,193.2,193.74,192.54,193.25,0.03,31.28,6036.67,1
2022-11-30,2022-11-30 11:10:00,193.25,193.31,193.25,193.31,0.03,31.28,6036.67,1
2022-11-30,2022-11-30 11:20:00,193.31,193.36,193.31,193.36,0.03,31.28,6036.67,1
2022-11-30,2022-11-30 11:30:00,193.36,193.42,193.36,193.42,0.03,31.28,6036.67,1
2022-11-30,2022-11-30 11:40:00,193.42,193.47,193.42,193.47,0.03,31.28,6036.67,1
2022-11-30,2022-11-30 11:50:00,193.47,193.52,193.47,193.52,0.03,31.28,6036.67,1
2022-11-30,2022-11-30 12:00:00,193.52,193.58,193.52,193.58,0.03,31.28,6036.67,1
2022-11-30,2022-11-30 12:10:00,193.58,193.63,193.58,193.63,0.03,31.28,6036.67,1
2022-11-30,2022-11-30 12:20:00,193.63,193.69,193.63,193.69,0.03,31.28,6036.67,1
2022-11-30,2022-11-30 12:30:00,193.69,193.74,193.69,193.74,0.03,31.28,6036.67,1
2022-11-30,2022-11-30 12:40:00,193.74,193.8,193.74,193.8,0.03,31.28,6036.67,1
2022-11-30,2022-11-30 12:50:00,193.8,193.85,193.8,193.85,0.03,31.28,6036.67,1
2022-11-30,2022-11-30 13:00:00,193.85,195.0,191.0,193.9,0.03,31.28,6036.67,1
2022-11-30,2022-11-30 13:10:00,193.9,193.96,193.9,193.96,0.03,31.28,6036.67,1
2022-11-30,2022-11-30 13:20:00,193.96,194.01,193.96,194.01,0.03,31.28,6036.67,1
2022-11-30,2022-11-30 13:30:00,194.01,194.07,194.01,194.07,0.03,31.28,6036.67,1
2022-11-30,2022-11-30 13:40:00,194.07,194.12,194.07,194.12,0.03,31.28,6036.67,1
2022-11-30,2022-11-30 13:50:00,194.12,194.18,194.12,194.18,0.03,31.28,6036.67,1
2022-11-30,2022-11-30 14:00:00,194.18,194.23,194.18,194.23,0.03,31.28,6036.67,1
2022-11-30,2022-11-30 14:10:00,194.23,194.28,194.23,194.28,0.03,31.28,6036.67,1
2022-11-30,2022-11-30 14:20:00,194.28,194.34,194.28,194.34,0.03,31.28,6036.67,1
2022-11-30,2022-11-30 14:30:00,194.34,194.39,194.34,194.39,0.03,31.28,6036.67,1
2022-11-30,2022-11-30 14:40:00,194.39,194.45,194.39,194.45,0.03,31.28,6036.67,1
2022-11-30,2022-11-30 14:50:00,194.45,194.5,194.45,194.5,0.03,31.28,6036.67,1
2022-11-30,2022-11-30 15:00:00,194.5,195.0,191.0,194.5,0.0,31.28,6036.67,0
2022-12-01,2022-12-01 11:00:00,194.0,194.3,193.4,193.97,-0.02,132.2,25611.26,-1
2022-12-01,2022-12-01 11:10:00,193.97,193.97,193.93,193.93,-0.02,132.2,25611.26,-1
2022-12-01,2022-12-01 11:20:00,193.93,193.93,193.9,193.9,-0.02,132.2,25611.26,-1
2022-12-01,2022-12-01 11:30:00,193.9,193.9,193.87,193.87,-0.02,132.2,25611.26,-1
2022-12-01,2022-12-01 11:40:00,193.87,193.87,193.83,193.83,-0.02,132.2,25611.26,-1
2022-12-01,2022-12-01 11:50:00,193.83,193.83,193.8,193.8,-0.02,132.2,25611.26,-1
2022-12-01,2022-12-01 12:00:00,193.8,193.8,193.77,193.77,-0.02,132.2,25611.26,-1
2022-12-01,2022-12-01 12:10:00,193.77,193.77,193.73,193.73,-0.02,132.2,25611.26,-1
2022-12-01,2022-12-01 12:20:00,193.73,193.73,193.7,193.7,-0.02,132.2,25611.26,-1
2022-12-01,2022-12-01 12:30:00,193.7,193.7,193.67,193.67,-0.02,132.2,25611.26,-1
2022-12-01,2022-12-01 12:40:00,193.67,193.67,193.63,193.63,-0.02,132.2,25611.26,-1
2022-12-01,2022-12-01 12:50:00,193.63,193.63,193.6,193.6,-0.02,132.2,25611.26,-1
2022-12-01,2022-12-01 13:00:00,193.6,195.0,192.0,193.57,-0.02,132.2,25611.26,-1
2022-12-01,2022-12-01 13:10:00,193.57,193.57,193.53,193.53,-0.02,132.2,25611.26,-1
2022-12-01,2022-12-01 13:20:00,193.53,193.53,193.5,193.5,-0.02,132.2,25611.26,-1
2022-12-01,2022-12-01 13:30:00,193.5,193.5,193.47,193.47,-0.02,132.2,25611.26,-1
2022-12-01,2022-12-01 13:40:00,193.47,193.47,193.43,193.43,-0.02,132.2,25611.26,-1
2022-12-01,2022-12-01 13:50:00,193.43,193.43,193.4,193.4,-0.02,132.2,25611.26,-1
2022-12-01,2022-12-01 14:00:00,193.4,193.4,193.37,193.37,-0.02,132.2,25611.26,-1
2022-12-01,2022-12-01 14:10:00,193.37,193.37,193.33,193.33,-0.02,132.2,25611.26,-1
2022-12-01,2022-12-01 14:20:00,193.33,193.33,193.3,193.3,-0.02,132.2,25611.26,-1
2022-12-01,2022-12-01 14:30:00,193.3,193.3,193.27,193.27,-0.02,132.2,25611.26,-1
2022-12-01,2022-12-01 14:40:00,193.27,193.27,193.23,193.23,-0.02,132.2,25611.26,-1
2022-12-01,2022-12-01 14:50:00,193.23,193.23,193.2,193.2,-0.02,132.2,25611.26,-1
2022-12-01,2022-12-01 15:00:00,193.2,195.0,192.0,193.2,0.0,132.2,25611.26,0
2022-12-04,2022-12-04 11:00:00,194.0,194.6,192.8,193.83,-0.09,183.16,35168.52,-1
2022-12-04,2022-12-04 11:10:00,193.83,193.83,193.67,193.67,-0.08,183.16,35168.52,-1
2022-12-04,2022-12-04 11:20:00,193.67,193.67,193.5,193.5,-0.09,183.16,35168.52,-1
2022-12-04,2022-12-04 11:30:00,193.5,193.5,193.33,193.33,-0.09,183.16,35168.52,-1
2022-12-04,2022-12-04 11:40:00,193.33,193.33,193.17,193.17,-0.08,183.16,35168.52,-1
2022-12-04,2022-12-04 11:50:00,193.17,193.17,193.0,193.0,-0.09,183.16,35168.52,-1
2022-12-04,2022-12-04 12:00:00,193.0,193.0,192.83,192.83,-0.09,183.16,35168.52,-1
2022-12-04,2022-12-04 12:10:00,192.83,192.83,192.67,192.67,-0.08,183.16,35168.52,-1
2022-12-04,2022-12-04 12:20:00,192.67,192.67,192.5,192.5,-0.09,183.16,35168.52,-1
2022-12-04,2022-12-04 12:30:00,192.5,192.5,192.33,192.33,-0.09,183.16,35168.52,-1
2022-12-04,2022-12-04 12:40:00,192.33,192.33,192.17,192.17,-0.08,183.16,35168.52,-1
2022-12-04,2022-12-04 12:50:00,192.17,192.17,192.0,192.0,-0.09,183.16,35168.52,-1
2022-12-04,2022-12-04 13:00:00,192.0,196.0,190.0,191.83,-0.09,183.16,35168.52,-1
2022-12-04,2022-12-04 13:10:00,191.83,191.83,191.67,191.67,-0.08,183.16,35168.52,-1
2022-12-04,2022-12-04 13:20:00,191.67,191.67,191.5,191.5,-0.09,183.16,35168.52,-1
2022-12-04,2022-12-04 13:30:00,191.5,191.5,191.33,191.33,-0.09,183.16,35168.52,-1
2022-12-04,2022-12-04 13:40:00,191.33,191.33,191.17,191.17,-0.08,183.16,35168.52,-1
2022-12-04,2022-12-04 13:50:00,191.17,191.17,191.0,191.0,-0.09,183.16,35168.52,-1
2022-12-04,2022-12-04 14:00:00,191.0,191.0,190.83,190.83,-0.09,183.16,35168.52,-1
2022-12-04,2022-12-04 14:10:00,190.83,190.83,190.67,190.67,-0.08,183.16,35168.52,-1
2022-12-04,2022-12-04 14:20:00,190.67,190.67,190.5,190.5,-0.09,183.16,35168.52,-1
2022-12-04,2022-12-04 14:30:00,190.5,190.5,190.33,190.33,-0.09,183.16,35168.52,-1
2022-12-04,2022-12-04 14:40:00,190.33,190.33,190.17,190.17,-0.08,183.16,35168.52,-1
2022-12-04,2022-12-04 14:50:00,190.17,190.17,190.0,190.0,-0.09,183.16,35168.52,-1
2022-12-04,2022-12-04 15:00:00,190.0,196.0,190.0,190.0,0.0,183.16,35168.52,0
2022-12-05,2022-12-05 11:00:00,190.0,190.0,188.2,189.79,-0.11,262.96,48860.08,-1
2022-12-05,2022-12-05 11:10:00,189.79,189.79,189.58,189.58,-0.11,262.96,48860.08,-1
2022-12-05,2022-12-05 11:20:00,189.58,189.58,189.38,189.38,-0.11,262.96,48860.08,-1
2022-12-05,2022-12-05 11:30:00,189.38,189.38,189.17,189.17,-0.11,262.96,48860.08,-1
2022-12-05,2022-12-05 11:40:00,189.17,189.17,188.96,188.96,-0.11,262.96,48860.08,-1
2022-12-05,2022-12-05 11:50:00,188.96,188.96,188.75,188.75,-0.11,262.96,48860.08,-1
2022-12-05,2022-12-05 12:00:00,188.75,188.75,188.54,188.54,-0.11,262.96,48860.08,-1
2022-12-05,2022-12-05 12:10:00,188.54,188.54,188.33,188.33,-0.11,262.96,48860.08,-1
2022-12-05,2022-12-05 12:20:00,188.33,188.33,188.12,188.12,-0.11,262.96,48860.08,-1
2022-12-05,2022-12-05 12:30:00,188.12,188.12,187.92,187.92,-0.11,262.96,48860.08,-1
2022-12-05,2022-12-05 12:40:00,187.92,187.92,187.71,187.71,-0.11,262.96,48860.08,-1
2022-12-05,2022-12-05 12:50:00,187.71,187.71,187.5,187.5,-0.11,262.96,48860.08,-1
2022-12-05,2022-12-05 13:00:00,187.5,190.0,184.0,187.29,-0.11,262.96,48860.08,-1
2022-12-05,2022-12-05 13:10:00,187.29,187.29,187.08,187.08,-0.11,262.96,48860.08,-1
2022-12-05,2022-12-05 13:20:00,187.08,187.08,186.88,186.88,-0.11,262.96,48860.08,-1
2022-12-05,2022-12-05 13:30:00,186.88,186.88,186.67,186.67,-0.11,262.96,48860.08,-1
2022-12-05,2022-12-05 13:40:00,186.67,186.67,186.46,186.46,-0.11,262.96,48860.08,-1
2022-12-05,2022-12-05 13:50:00,186.46,186.46,186.25,186.25,-0.11,262.96,48860.08,-1
2022-12-05,2022-12-05 14:00:00,186.25,186.25,186.04,186.04,-0.11,262.96,48860.08,-1
2022-12-05,2022-12-05 14:10:00,186.04,186.04,185.83,185.83,-0.11,262.96,48860.08,-1
2022-12-05,2022-12-05 14:20:00,185.83,185.83,185.62,185.62,-0.11,262.96,48860.08,-1
2022-12-05,2022-12-05 14:30:00,185.62,185.62,185.42,185.42,-0.11,262.96,48860.08,-1
2022-12-05,2022-12-05 14:40:00,185.42,185.42,185.21,185.21,-0.11,262.96,48860.08,-1
2022-12-05,2022-12-05 14:50:00,185.21,185.21,185.0,185.0,-0.11,262.96,48860.08,-1
2022-12-05,2022-12-05 15:00:00,185.0,190.0,184.0,185.0,0.0,262.96,48860.08,0
2022-12-06,2022-12-06 11:00:00,182.0,183.56,182.0,182.21,0.12,265.16,49090.52,1
2022-12-06,2022-12-06 11:10:00,182.21,182.42,182.21,182.42,0.12,265.16,49090.52,1
2022-12-06,2022-12-06 11:20:00,182.42,182.62,182.42,182.62,0.11,265.16,49090.52,1
2022-12-06,2022-12-06 11:30:00,182.62,182.83,182.62,182.83,0.11,265.16,49090.52,1
2022-12-06,2022-12-06 11:40:00,182.83,183.04,182.83,183.04,0.11,265.16,49090.52,1
2022-12-06,2022-12-06 11:50:00,183.04,183.25,183.04,183.25,0.11,265.16,49090.52,1
2022-12-06,2022-12-06 12:00:00,183.25,183.46,183.25,183.46,0.11,265.16,49090.52,1
2022-12-06,2022-12-06 12:10:00,183.46,183.67,183.46,183.67,0.11,265.16,49090.52,1
2022-12-06,2022-12-06 12:20:00,183.67,183.88,183.67,183.88,0.11,265.16,49090.52,1
2022-12-06,2022-12-06 12:30:00,183.88,184.08,183.88,184.08,0.11,265.16,49090.52,1
2022-12-06,2022-12-06 12:40:00,184.08,184.29,184.08,184.29,0.11,265.16,49090.52,1
2022-12-06,2022-12-06 12:50:00,184.29,184.5,184.29,184.5,0.11,265.16,49090.52,1
2022-12-06,2022-12-06 13:00:00,184.5,187.2,182.0,184.71,0.11,265.16,49090.52,1
2022-12-06,2022-12-06 13:10:00,184.71,184.92,184.71,184.92,0.11,265.16,49090.52,1
2022-12-06,2022-12-06 13:20:00,184.92,185.12,184.92,185.12,0.11,265.16,49090.52,1
2022-12-06,2022-12-06 13:30:00,185.12,185.33,185.12,185.33,0.11,265.16,49090.52,1
2022-12-06,2022-12-06 13:40:00,185.33,185.54,185.33,185.54,0.11,265.16,49090.52,1
2022-12-06,2022-12-06 13:50:00,185.54,185.75,185.54,185.75,0.11,265.16,49090.52,1
2022-12-06,2022-12-06 14:00:00,185.75,185.96,185.75,185.96,0.11,265.16,49090.52,1
2022-12-06,2022-12-06 14:10:00,185.96,186.17,185.96,186.17,0.11,265.16,49090.52,1
2022-12-06,2022-12-06 14:20:00,186.17,186.38,186.17,186.38,0.11,265.16,49090.52,1
2022-12-06,2022-12-06 14:30:00,186.38,186.58,186.38,186.58,0.11,265.16,49090.52,1
2022-12-06,2022-12-06 14:40:00,186.58,186.79,186.58,186.79,0.11,265.16,49090.52,1
2022-12-06,2022-12-06 14:50:00,186.79,187.0,186.79,187.0,0.11,265.16,49090.52,1
2022-12-06,2022-12-06 15:00:00,187.0,187.2,182.0,187.0,0.0,265.16,49090.52,0
2022-12-07,2022-12-07 11:00:00,190.0,191.17,187.0,189.73,-0.14,858.76,155792.85,-1
2022-12-07,2022-12-07 11:10:00,189.73,189.73,189.46,189.46,-0.14,858.76,155792.85,-1
2022-12-07,2022-12-07 11:20:00,189.46,189.46,189.19,189.19,-0.14,858.76,155792.85,-1
2022-12-07,2022-12-07 11:30:00,189.19,189.19,188.92,188.92,-0.14,858.76,155792.85,-1
2022-12-07,2022-12-07 11:40:00,188.92,188.92,188.65,188.65,-0.14,858.76,155792.85,-1
2022-12-07,2022-12-07 11:50:00,188.65,188.65,188.38,188.38,-0.14,858.76,155792.85,-1
2022-12-07,2022-12-07 12:00:00,188.38,188.38,188.1,188.1,-0.15,858.76,155792.85,-1
2022-12-07,2022-12-07 12:10:00,188.1,188.1,187.83,187.83,-0.14,858.76,155792.85,-1
2022-12-07,2022-12-07 12:20:00,187.83,187.83,187.56,187.56,-0.14,858.76,155792.85,-1
2022-12-07,2022-12-07 12:30:00,187.56,187.56,187.29,187.29,-0.14,858.76,155792.85,-1
2022-12-07,2022-12-07 12:40:00,187.29,187.29,187.02,187.02,-0.14,858.76,155792.85,-1
2022-12-07,2022-12-07 12:50:00,187.02,187.02,186.75,186.75,-0.14,858.76,155792.85,-1
2022-12-07,2022-12-07 13:00:00,186.75,193.9,180.0,186.48,-0.14,858.76,155792.85,-1
2022-12-07,2022-12-07 13:10:00,186.48,186.48,186.21,186.21,-0.14,858.76,155792.85,-1
2022-12-07,2022-12-07 13:20:00,186.21,186.21,185.94,185.94,-0.14,858.76,155792.85,-1
2022-12-07,2022-12-07 13:30:00,185.94,185.94,185.67,185.67,-0.15,858.76,155792.85,-1
2022-12-07,2022-12-07 13:40:00,185.67,185.67,185.4,185.4,-0.15,858.76,155792.85,-1
2022-12-07,2022-12-07 13:50:00,185.4,185.4,185.12,185.12,-0.15,858.76,155792.85,-1
2022-12-07,2022-12-07 14:00:00,185.12,185.12,184.85,184.85,-0.15,858.76,155792.85,-1
2022-12-07,2022-12-07 14:10:00,184.85,184.85,184.58,184.58,-0.15,858.76,155792.85,-1
2022-12-07,2022-12-07 14:20:00,184.58,184.58,184.31,184.31,-0.15,858.76,155792.85,-1
2022-12-07,2022-12-07 14:30:00,184.31,184.31,184.04,184.04,-0.15,858.76,155792.85,-1
2022-12-07,2022-12-07 14:40:00,184.04,184.04,183.77,183.77,-0.15,858.76,155792.85,-1
2022-12-07,2022-12-07 14:50:00,183.77,183.77,183.5,183.5,-0.15,858.76,155792.85,-1
2022-12-07,2022-12-07 15:00:00,183.5,193.9,180.0,183.5,0.0,858.76,155792.85,0
2022-12-11,2022-12-11 11:00:00,183.0,184.08,182.1,182.88,-0.07,340.84,62173.22,-1
2022-12-11,2022-12-11 11:10:00,182.88,182.88,182.75,182.75,-0.07,340.84,62173.22,-1
2022-12-11,2022-12-11 11:20:00,182.75,182.75,182.62,182.62,-0.07,340.84,62173.22,-1
2022-12-11,2022-12-11 11:30:00,182.62,182.62,182.5,182.5,-0.07,340.84,62173.22,-1
2022-12-11,2022-12-11 11:40:00,182.5,182.5,182.38,182.38,-0.07,340.84,62173.22,-1
2022-12-11,2022-12-11 11:50:00,182.38,182.38,182.25,182.25,-0.07,340.84,62173.22,-1
2022-12-11,2022-12-11 12:00:00,182.25,182.25,182.12,182.12,-0.07,340.84,62173.22,-1
2022-12-11,2022-12-11 12:10:00,182.12,182.12,182.0,182.0,-0.07,340.84,62173.22,-1
2022-12-11,2022-12-11 12:20:00,182.0,182.0,181.88,181.88,-0.07,340.84,62173.22,-1
2022-12-11,2022-12-11 12:30:00,181.88,181.88,181.75,181.75,-0.07,340.84,62173.22,-1
2022-12-11,2022-12-11 12:40:00,181.75,181.75,181.62,181.62,-0.07,340.84,62173.22,-1
2022-12-11,2022-12-11 12:50:00,181.62,181.62,181.5,181.5,-0.07,340.84,62173.22,-1
2022-12-11,2022-12-11 13:00:00,181.5,186.6,180.0,181.38,-0.07,340.84,62173.22,-1
2022-12-11,2022-12-11 13:10:00,181.38,181.38,181.25,181.25,-0.07,340.84,62173.22,-1
2022-12-11,2022-12-11 13:20:00,181.25,181.25,181.12,181.12,-0.07,340.84,62173.22,-1
2022-12-11,2022-12-11 13:30:00,181.12,181.12,181.0,181.0,-0.07,340.84,62173.22,-1
2022-12-11,2022-12-11 13:40:00,181.0,181.0,180.88,180.88,-0.07,340.84,62173.22,-1
2022-12-11,2022-12-11 13:50:00,180.88,180.88,180.75,180.75,-0.07,340.84,62173.22,-1
2022-12-11,2022-12-11 14:00:00,180.75,180.75,180.62,180.62,-0.07,340.84,62173.22,-1
2022-12-11,2022-12-11 14:10:00,180.62,180.62,180.5,180.5,-0.07,340.84,62173.22,-1
2022-12-11,2022-12-11 14:20:00,180.5,180.5,180.38,180.38,-0.07,340.84,62173.22,-1
2022-12-11,2022-12-11 14:30:00,180.38,180.38,180.25,180.25,-0.07,340.84,62173.22,-1
2022-12-11,2022-12-11 14:40:00,180.25,180.25,180.12,180.12,-0.07,340.84,62173.22,-1
2022-12-11,2022-12-11 14:50:00,180.12,180.12,180.0,180.0,-0.07,340.84,62173.22,-1
2022-12-11,2022-12-11 15:00:00,180.0,186.6,180.0,180.0,0.0,340.84,62173.22,0
2022-12-12,2022-12-12 11:00:00,183.0,184.5,181.59,183.21,0.11,399.48,72832.03,1
2022-12-12,2022-12-12 11:10:00,183.21,183.42,183.21,183.42,0.11,399.48,72832.03,1
2022-12-12,2022-12-12 11:20:00,183.42,183.62,183.42,183.62,0.11,399.48,72832.03,1
2022-12-12,2022-12-12 11:30:00,183.62,183.83,183.62,183.83,0.11,399.48,72832.03,1
2022-12-12,2022-12-12 11:40:00,183.83,184.04,183.83,184.04,0.11,399.48,72832.03,1
2022-12-12,2022-12-12 11:50:00,184.04,184.25,184.04,184.25,0.11,399.48,72832.03,1
2022-12-12,2022-12-12 12:00:00,184.25,184.46,184.25,184.46,0.11,399.48,72832.03,1
2022-12-12,2022-12-12 12:10:00,184.46,184.67,184.46,184.67,0.11,399.48,72832.03,1
2022-12-12,2022-12-12 12:20:00,184.67,184.88,184.67,184.88,0.11,399.48,72832.03,1
2022-12-12,2022-12-12 12:30:00,184.88,185.08,184.88,185.08,0.11,399.48,72832.03,1
2022-12-12,2022-12-12 12:40:00,185.08,185.29,185.08,185.29,0.11,399.48,72832.03,1
2022-12-12,2022-12-12 12:50:00,185.29,185.5,185.29,185.5,0.11,399.48,72832.03,1
2022-12-12,2022-12-12 13:00:00,185.5,188.0,178.3,185.71,0.11,399.48,72832.03,1
2022-12-12,2022-12-12 13:10:00,185.71,185.92,185.71,185.92,0.11,399.48,72832.03,1
2022-12-12,2022-12-12 13:20:00,185.92,186.12,185.92,186.12,0.11,399.48,72832.03,1
2022-12-12,2022-12-12 13:30:00,186.12,186.33,186.12,186.33,0.11,399.48,72832.03,1
2022-12-12,2022-12-12 13:40:00,186.33,186.54,186.33,186.54,0.11,399.48,72832.03,1
2022-12-12,2022-12-12 13:50:00,186.54,186.75,186.54,186.75,0.11,399.48,72832.03,1
2022-12-12,2022-12-12 14:00:00,186.75,186.96,186.75,186.96,0.11,399.48,72832.03,1
2022-12-12,2022-12-12 14:10:00,186.96,187.17,186.96,187.17,0.11,399.48,72832.03,1
2022-12-12,2022-12-12 14:20:00,187.17,187.38,187.17,187.38,0.11,399.48,72832.03,1
2022-12-12,2022-12-12 14:30:00,187.38,187.58,187.38,187.58,0.11,399.48,72832.03,1
2022-12-12,2022-12-12 14:40:00,187.58,187.79,187.58,187.79,0.11,399.48,72832.03,1
2022-12-12,2022-12-12 14:50:00,187.79,188.0,187.79,188.0,0.11,399.48,72832.03,1
2022-12-12,2022-12-12 15:00:00,188.0,188.0,178.3,188.0,0.0,399.48,72832.03,0
2022-12-13,2022-12-13 11:00:00,185.0,186.8,185.0,185.15,0.08,123.04,22919.62,1
2022-12-13,2022-12-13 11:10:00,185.15,185.31,185.15,185.31,0.09,123.04,22919.62,1
2022-12-13,2022-12-13 11:20:00,185.31,185.46,185.31,185.46,0.08,123.04,22919.62,1
2022-12-13,2022-12-13 11:30:00,185.46,185.62,185.46,185.62,0.09,123.04,22919.62,1
2022-12-13,2022-12-13 11:40:00,185.62,185.77,185.62,185.77,0.08,123.04,22919.62,1
2022-12-13,2022-12-13 11:50:00,185.77,185.93,185.77,185.93,0.09,123.04,22919.62,1
2022-12-13,2022-12-13 12:00:00,185.93,186.08,185.93,186.08,0.08,123.04,22919.62,1
2022-12-13,2022-12-13 12:10:00,186.08,186.23,186.08,186.23,0.08,123.04,22919.62,1
2022-12-13,2022-12-13 12:20:00,186.23,186.39,186.23,186.39,0.09,123.04,22919.62,1
2022-12-13,2022-12-13 12:30:00,186.39,186.54,186.39,186.54,0.08,123.04,22919.62,1
2022-12-13,2022-12-13 12:40:00,186.54,186.7,186.54,186.7,0.09,123.04,22919.62,1
2022-12-13,2022-12-13 12:50:00,186.7,186.85,186.7,186.85,0.08,123.04,22919.62,1
2022-12-13,2022-12-13 13:00:00,186.85,191.0,185.0,187.0,0.08,123.04,22919.62,1
2022-12-13,2022-12-13 13:10:00,187.0,187.16,187.0,187.16,0.09,123.04,22919.62,1
2022-12-13,2022-12-13 13:20:00,187.16,187.31,187.16,187.31,0.08,123.04,22919.62,1
2022-12-13,2022-12-13 13:30:00,187.31,187.47,187.31,187.47,0.09,123.04,22919.62,1
2022-12-13,2022-12-13 13:40:00,187.47,187.62,187.47,187.62,0.08,123.04,22919.62,1
2022-12-13,2022-12-13 13:50:00,187.62,187.77,187.62,187.77,0.08,123.04,22919.62,1
2022-12-13,2022-12-13 14:00:00,187.77,187.93,187.77,187.93,0.09,123.04,22919.62,1
2022-12-13,2022-12-13 14:10:00,187.93,188.08,187.93,188.08,0.08,123.04,22919.62,1
2022-12-13,2022-12-13 14:20:00,188.08,188.24,188.08,188.24,0.09,123.04,22919.62,1
2022-12-13,2022-12-13 14:30:00,188.24,188.39,188.24,188.39,0.08,123.04,22919.62,1
2022-12-13,2022-12-13 14:40:00,188.39,188.55,188.39,188.55,0.08,123.04,22919.62,1
2022-12-13,2022-12-13 14:50:00,188.55,188.7,188.55,188.7,0.08,123.04,22919.62,1
2022-12-13,2022-12-13 15:00:00,188.7,191.0,185.0,188.7,0.0,123.04,22919.62,0
2022-12-14,2022-12-14 11:00:00,192.0,192.0,189.9,191.88,-0.06,407.64,76950.87,-1
2022-12-14,2022-12-14 11:10:00,191.88,191.88,191.75,191.75,-0.07,407.64,76950.87,-1
2022-12-14,2022-12-14 11:20:00,191.75,191.75,191.62,191.62,-0.07,407.64,76950.87,-1
2022-12-14,2022-12-14 11:30:00,191.62,191.62,191.5,191.5,-0.06,407.64,76950.87,-1
2022-12-14,2022-12-14 11:40:00,191.5,191.5,191.38,191.38,-0.06,407.64,76950.87,-1
2022-12-14,2022-12-14 11:50:00,191.38,191.38,191.25,191.25,-0.07,407.64,76950.87,-1
2022-12-14,2022-12-14 12:00:00,191.25,191.25,191.12,191.12,-0.07,407.64,76950.87,-1
2022-12-14,2022-12-14 12:10:00,191.12,191.12,191.0,191.0,-0.06,407.64,76950.87,-1
2022-12-14,2022-12-14 12:20:00,191.0,191.0,190.88,190.88,-0.06,407.64,76950.87,-1
2022-12-14,2022-12-14 12:30:00,190.88,190.88,190.75,190.75,-0.07,407.64,76950.87,-1
2022-12-14,2022-12-14 12:40:00,190.75,190.75,190.62,190.62,-0.07,407.64,76950.87,-1
2022-12-14,2022-12-14 12:50:00,190.62,190.62,190.5,190.5,-0.06,407.64,76950.87,-1
2022-12-14,2022-12-14 13:00:00,190.5,192.0,185.0,190.38,-0.06,407.64,76950.87,-1
2022-12-14,2022-12-14 13:10:00,190.38,190.38,190.25,190.25,-0.07,407.64,76950.87,-1
2022-12-14,2022-12-14 13:20:00,190.25,190.25,190.12,190.12,-0.07,407.64,76950.87,-1
2022-12-14,2022-12-14 13:30:00,190.12,190.12,190.0,190.0,-0.06,407.64,76950.87,-1
2022-12-14,2022-12-14 13:40:00,190.0,190.0,189.88,189.88,-0.06,407.64,76950.87,-1
2022-12-14,2022-12-14 13:50:00,189.88,189.88,189.75,189.75,-0.07,407.64,76950.87,-1
2022-12-14,2022-12-14 14:00:00,189.75,189.75,189.62,189.62,-0.07,407.64,76950.87,-1
2022-12-14,2022-12-14 14:10:00,189.62,189.62,189.5,189.5,-0.06,407.64,76950.87,-1
2022-12-14,2022-12-14 14:20:00,189.5,189.5,189.38,189.38,-0.06,407.64,76950.87,-1
2022-12-14,2022-12-14 14:30:00,189.38,189.38,189.25,189.25,-0.07,407.64,76950.87,-1
2022-12-14,2022-12-14 14:40:00,189.25,189.25,189.12,189.12,-0.07,407.64,76950.87,-1
2022-12-14,2022-12-14 14:50:00,189.12,189.12,189.0,189.0,-0.06,407.64,76950.87,-1
2022-12-14,2022-12-14 15:00:00,189.0,192.0,185.0,189.0,0.0,407.64,76950.87,0
2022-12-15,2022-12-15 11:00:00,187.0,187.0,185.8,186.92,-0.04,238.48,43871.45,-1
2022-12-15,2022-12-15 11:10:00,186.92,186.92,186.83,186.83,-0.05,238.48,43871.45,-1
2022-12-15,2022-12-15 11:20:00,186.83,186.83,186.75,186.75,-0.04,238.48,43871.45,-1
2022-12-15,2022-12-15 11:30:00,186.75,186.75,186.67,186.67,-0.04,238.48,43871.45,-1
2022-12-15,2022-12-15 11:40:00,186.67,186.67,186.58,186.58,-0.05,238.48,43871.45,-1
2022-12-15,2022-12-15 11:50:00,186.58,186.58,186.5,186.5,-0.04,238.48,43871.45,-1
2022-12-15,2022-12-15 12:00:00,186.5,186.5,186.42,186.42,-0.04,238.48,43871.45,-1
2022-12-15,2022-12-15 12:10:00,186.42,186.42,186.33,186.33,-0.05,238.48,43871.45,-1
2022-12-15,2022-12-15 12:20:00,186.33,186.33,186.25,186.25,-0.04,238.48,43871.45,-1
2022-12-15,2022-12-15 12:30:00,186.25,186.25,186.17,186.17,-0.04,238.48,43871.45,-1
2022-12-15,2022-12-15 12:40:00,186.17,186.17,186.08,186.08,-0.05,238.48,43871.45,-1
2022-12-15,2022-12-15 12:50:00,186.08,186.08,186.0,186.0,-0.04,238.48,43871.45,-1
2022-12-15,2022-12-15 13:00:00,186.0,187.0,183.0,185.92,-0.04,238.48,43871.45,-1
2022-12-15,2022-12-15 13:10:00,185.92,185.92,185.83,185.83,-0.05,238.48,43871.45,-1
2022-12-15,2022-12-15 13:20:00,185.83,185.83,185.75,185.75,-0.04,238.48,43871.45,-1
2022-12-15,2022-12-15 13:30:00,185.75,185.75,185.67,185.67,-0.04,238.48,43871.45,-1
2022-12-15,2022-12-15 13:40:00,185.67,185.67,185.58,185.58,-0.05,238.48,43871.45,-1
2022-12-15,2022-12-15 13:50:00,185.58,185.58,185.5,185.5,-0.04,238.48,43871.45,-1
2022-12-15,2022-12-15 14:00:00,185.5,185.5,185.42,185.42,-0.04,238.48,43871.45,-1
2022-12-15,2022-12-15 14:10:00,185.42,185.42,185.33,185.33,-0.05,238.48,43871.45,-1
2022-12-15,2022-12-15 14:20:00,185.33,185.33,185.25,185.25,-0.04,238.48,43871.45,-1
2022-12-15,2022-12-15 14:30:00,185.25,185.25,185.17,185.17,-0.04,238.48,43871.45,-1
2022-12-15,2022-12-15 14:40:00,185.17,185.17,185.08,185.08,-0.05,238.48,43871.45,-1
2022-12-15,2022-12-15 14:50:00,185.08,185.08,185.0,185.0,-0.04,238.48,43871.45,-1
2022-12-15,2022-12-15 15:00:00,185.0,187.0,183.0,185.0,0.0,238.48,43871.45,0
2022-12-18,2022-12-18 11:00:00,182.0,182.9,181.1,182.12,0.07,234.96,42803.8,1
2022-12-18,2022-12-18 11:10:00,182.12,182.24,182.12,182.24,0.07,234.96,42803.8,1
2022-12-18,2022-12-18 11:20:00,182.24,182.36,182.24,182.36,0.07,234.96,42803.8,1
2022-12-18,2022-12-18 11:30:00,182.36,182.48,182.36,182.48,0.07,234.96,42803.8,1
2022-12-18,2022-12-18 11:40:00,182.48,182.6,182.48,182.6,0.07,234.96,42803.8,1
2022-12-18,2022-12-18 11:50:00,182.6,182.72,182.6,182.72,0.07,234.96,42803.8,1
2022-12-18,2022-12-18 12:00:00,182.72,182.85,182.72,182.85,0.07,234.96,42803.8,1
2022-12-18,2022-12-18 12:10:00,182.85,182.97,182.85,182.97,0.07,234.96,42803.8,1
2022-12-18,2022-12-18 12:20:00,182.97,183.09,182.97,183.09,0.07,234.96,42803.8,1
2022-12-18,2022-12-18 12:30:00,183.09,183.21,183.09,183.21,0.07,234.96,42803.8,1
2022-12-18,2022-12-18 12:40:00,183.21,183.33,183.21,183.33,0.07,234.96,42803.8,1
2022-12-18,2022-12-18 12:50:00,183.33,183.45,183.33,183.45,0.07,234.96,42803.8,1
2022-12-18,2022-12-18 13:00:00,183.45,185.0,179.0,183.57,0.07,234.96,42803.8,1
2022-12-18,2022-12-18 13:10:00,183.57,183.69,183.57,183.69,0.07,234.96,42803.8,1
2022-12-18,2022-12-18 13:20:00,183.69,183.81,183.69,183.81,0.07,234.96,42803.8,1
2022-12-18,2022-12-18 13:30:00,183.81,183.93,183.81,183.93,0.07,234.96,42803.8,1
2022-12-18,2022-12-18 13:40:00,183.93,184.05,183.93,184.05,0.07,234.96,42803.8,1
2022-12-18,2022-12-18 13:50:00,184.05,184.18,184.05,184.18,0.07,234.96,42803.8,1
2022-12-18,2022-12-18 14:00:00,184.18,184.3,184.18,184.3,0.07,234.96,42803.8,1
2022-12-18,2022-12-18 14:10:00,184.3,184.42,184.3,184.42,0.07,234.96,42803.8,1
2022-12-18,2022-12-18 14:20:00,184.42,184.54,184.42,184.54,0.07,234.96,42803.8,1
2022-12-18,2022-12-18 14:30:00,184.54,184.66,184.54,184.66,0.07,234.96,42803.8,1
2022-12-18,2022-12-18 14:40:00,184.66,184.78,184.66,184.78,0.06,234.96,42803.8,1
2022-12-18,2022-12-18 14:50:00,184.78,184.9,184.78,184.9,0.06,234.96,42803.8,1
2022-12-18,2022-12-18 15:00:00,184.9,185.0,179.0,184.9,0.0,234.96,42803.8,0
2022-12-19,2022-12-19 11:00:00,184.0,184.3,183.4,184.04,0.02,89.44,16413.96,1
2022-12-19,2022-12-19 11:10:00,184.04,184.08,184.04,184.08,0.02,89.44,16413.96,1
2022-12-19,2022-12-19 11:20:00,184.08,184.12,184.08,184.12,0.02,89.44,16413.96,1
2022-12-19,2022-12-19 11:30:00,184.12,184.17,184.12,184.17,0.03,89.44,16413.96,1
2022-12-19,2022-12-19 11:40:00,184.17,184.21,184.17,184.21,0.02,89.44,16413.96,1
2022-12-19,2022-12-19 11:50:00,184.21,184.25,184.21,184.25,0.02,89.44,16413.96,1
2022-12-19,2022-12-19 12:00:00,184.25,184.29,184.25,184.29,0.02,89.44,16413.96,1
2022-12-19,2022-12-19 12:10:00,184.29,184.33,184.29,184.33,0.02,89.44,16413.96,1
2022-12-19,2022-12-19 12:20:00,184.33,184.38,184.33,184.38,0.03,89.44,16413.96,1
2022-12-19,2022-12-19 12:30:00,184.38,184.42,184.38,184.42,0.02,89.44,16413.96,1
2022-12-19,2022-12-19 12:40:00,184.42,184.46,184.42,184.46,0.02,89.44,16413.96,1
2022-12-19,2022-12-19 12:50:00,184.46,184.5,184.46,184.5,0.02,89.44,16413.96,1
2022-12-19,2022-12-19 13:00:00,184.5,185.0,182.0,184.54,0.02,89.44,16413.96,1
2022-12-19,2022-12-19 13:10:00,184.54,184.58,184.54,184.58,0.02,89.44,16413.96,1
2022-12-19,2022-12-19 13:20:00,184.58,184.62,184.58,184.62,0.02,89.44,16413.96,1
2022-12-19,2022-12-19 13:30:00,184.62,184.67,184.62,184.67,0.03,89.44,16413.96,1
2022-12-19,2022-12-19 13:40:00,184.67,184.71,184.67,184.71,0.02,89.44,16413.96,1
2022-12-19,2022-12-19 13:50:00,184.71,184.75,184.71,184.75,0.02,89.44,16413.96,1
2022-12-19,2022-12-19 14:00:00,184.75,184.79,184.75,184.79,0.02,89.44,16413.96,1
2022-12-19,2022-12-19 14:10:00,184.79,184.83,184.79,184.83,0.02,89.44,16413.96,1
2022-12-19,2022-12-19 14:20:00,184.83,184.88,184.83,184.88,0.03,89.44,16413.96,1
2022-12-19,2022-12-19 14:30:00,184.88,184.92,184.88,184.92,0.02,89.44,16413.96,1
2022-12-19,2022-12-19 14:40:00,184.92,184.96,184.92,184.96,0.02,89.44,16413.96,1
2022-12-19,2022-12-19 14:50:00,184.96,185.0,184.96,185.0,0.02,89.44,16413.96,1
2022-12-19,2022-12-19 15:00:00,185.0,185.0,182.0,185.0,0.0,89.44,16413.96,0
2022-12-20,2022-12-20 11:00:00,185.0,185.6,184.1,184.96,-0.02,81.4,15001.84,-1
2022-12-20,2022-12-20 11:10:00,184.96,184.96,184.92,184.92,-0.02,81.4,15001.84,-1
2022-12-20,2022-12-20 11:20:00,184.92,184.92,184.88,184.88,-0.02,81.4,15001.84,-1
2022-12-20,2022-12-20 11:30:00,184.88,184.88,184.83,184.83,-0.03,81.4,15001.84,-1
2022-12-20,2022-12-20 11:40:00,184.83,184.83,184.79,184.79,-0.02,81.4,15001.84,-1
2022-12-20,2022-12-20 11:50:00,184.79,184.79,184.75,184.75,-0.02,81.4,15001.84,-1
2022-12-20,2022-12-20 12:00:00,184.75,184.75,184.71,184.71,-0.02,81.4,15001.84,-1
2022-12-20,2022-12-20 12:10:00,184.71,184.71,184.67,184.67,-0.02,81.4,15001.84,-1
2022-12-20,2022-12-20 12:20:00,184.67,184.67,184.62,184.62,-0.03,81.4,15001.84,-1
2022-12-20,2022-12-20 12:30:00,184.62,184.62,184.58,184.58,-0.02,81.4,15001.84,-1
2022-12-20,2022-12-20 12:40:00,184.58,184.58,184.54,184.54,-0.02,81.4,15001.84,-1
2022-12-20,2022-12-20 12:50:00,184.54,184.54,184.5,184.5,-0.02,81.4,15001.84,-1
2022-12-20,2022-12-20 13:00:00,184.5,187.0,182.0,184.46,-0.02,81.4,15001.84,-1
2022-12-20,2022-12-20 13:10:00,184.46,184.46,184.42,184.42,-0.02,81.4,15001.84,-1
2022-12-20,2022-12-20 13:20:00,184.42,184.42,184.38,184.38,-0.02,81.4,15001.84,-1
2022-12-20,2022-12-20 13:30:00,184.38,184.38,184.33,184.33,-0.03,81.4,15001.84,-1
2022-12-20,2022-12-20 13:40:00,184.33,184.33,184.29,184.29,-0.02,81.4,15001.84,-1
2022-12-20,2022-12-20 13:50:00,184.29,184.29,184.25,184.25,-0.02,81.4,15001.84,-1
2022-12-20,2022-12-20 14:00:00,184.25,184.25,184.21,184.21,-0.02,81.4,15001.84,-1
2022-12-20,2022-12-20 14:10:00,184.21,184.21,184.17,184.17,-0.02,81.4,15001.84,-1
2022-12-20,2022-12-20 14:20:00,184.17,184.17,184.12,184.12,-0.03,81.4,15001.84,-1
2022-12-20,2022-12-20 14:30:00,184.12,184.12,184.08,184.08,-0.02,81.4,15001.84,-1
2022-12-20,2022-12-20 14:40:00,184.08,184.08,184.04,184.04,-0.02,81.4,15001.84,-1
2022-12-20,2022-12-20 14:50:00,184.04,184.04,184.0,184.0,-0.02,81.4,15001.84,-1
2022-12-20,2022-12-20 15:00:00,184.0,187.0,182.0,184.0,0.0,81.4,15001.84,0
2022-12-21,2022-12-21 11:00:00,181.2,182.34,181.2,181.36,0.09,211.44,38598.25,1
2022-12-21,2022-12-21 11:10:00,181.36,181.52,181.36,181.52,0.09,211.44,38598.25,1
2022-12-21,2022-12-21 11:20:00,181.52,181.67,181.52,181.67,0.08,211.44,38598.25,1
2022-12-21,2022-12-21 11:30:00,181.67,181.83,181.67,181.83,0.09,211.44,38598.25,1
2022-12-21,2022-12-21 11:40:00,181.83,181.99,181.83,181.99,0.09,211.44,38598.25,1
2022-12-21,2022-12-21 11:50:00,181.99,182.15,181.99,182.15,0.09,211.44,38598.25,1
2022-12-21,2022-12-21 12:00:00,182.15,182.31,182.15,182.31,0.09,211.44,38598.25,1
2022-12-21,2022-12-21 12:10:00,182.31,182.47,182.31,182.47,0.09,211.44,38598.25,1
2022-12-21,2022-12-21 12:20:00,182.47,182.62,182.47,182.62,0.08,211.44,38598.25,1
2022-12-21,2022-12-21 12:30:00,182.62,182.78,182.62,182.78,0.09,211.44,38598.25,1
2022-12-21,2022-12-21 12:40:00,182.78,182.94,182.78,182.94,0.09,211.44,38598.25,1
2022-12-21,2022-12-21 12:50:00,182.94,183.1,182.94,183.1,0.09,211.44,38598.25,1
2022-12-21,2022-12-21 13:00:00,183.1,185.0,181.2,183.26,0.09,211.44,38598.25,1
2022-12-21,2022-12-21 13:10:00,183.26,183.42,183.26,183.42,0.09,211.44,38598.25,1
2022-12-21,2022-12-21 13:20:00,183.42,183.57,183.42,183.57,0.08,211.44,38598.25,1
2022-12-21,2022-12-21 13:30:00,183.57,183.73,183.57,183.73,0.09,211.44,38598.25,1
2022-12-21,2022-12-21 13:40:00,183.73,183.89,183.73,183.89,0.09,211.44,38598.25,1
2022-12-21,2022-12-21 13:50:00,183.89,184.05,183.89,184.05,0.09,211.44,38598.25,1
2022-12-21,2022-12-21 14:00:00,184.05,184.21,184.05,184.21,0.09,211.44,38598.25,1
2022-12-21,2022-12-21 14:10:00,184.21,184.37,184.21,184.37,0.09,211.44,38598.25,1
2022-12-21,2022-12-21 14:20:00,184.37,184.53,184.37,184.53,0.09,211.44,38598.25,1
2022-12-21,2022-12-21 14:30:00,184.53,184.68,184.53,184.68,0.08,211.44,38598.25,1
2022-12-21,2022-12-21 14:40:00,184.68,184.84,184.68,184.84,0.09,211.44,38598.25,1
2022-12-21,2022-12-21 14:50:00,184.84,185.0,184.84,185.0,0.09,211.44,38598.25,1
2022-12-21,2022-12-21 15:00:00,185.0,185.0,181.2,185.0,0.0,211.44,38598.25,0
2022-12-22,2022-12-22 11:00:00,182.3,183.41,181.25,182.25,-0.03,258.12,46696.59,-1
2022-12-22,2022-12-22 11:10:00,182.25,182.25,182.19,182.19,-0.03,258.12,46696.59,-1
2022-12-22,2022-12-22 11:20:00,182.19,182.19,182.14,182.14,-0.03,258.12,46696.59,-1
2022-12-22,2022-12-22 11:30:00,182.14,182.14,182.08,182.08,-0.03,258.12,46696.59,-1
2022-12-22,2022-12-22 11:40:00,182.08,182.08,182.03,182.03,-0.03,258.12,46696.59,-1
2022-12-22,2022-12-22 11:50:00,182.03,182.03,181.98,181.98,-0.03,258.12,46696.59,-1
2022-12-22,2022-12-22 12:00:00,181.98,181.98,181.92,181.92,-0.03,258.12,46696.59,-1
2022-12-22,2022-12-22 12:10:00,181.92,181.92,181.87,181.87,-0.03,258.12,46696.59,-1
2022-12-22,2022-12-22 12:20:00,181.87,181.87,181.81,181.81,-0.03,258.12,46696.59,-1
2022-12-22,2022-12-22 12:30:00,181.81,181.81,181.76,181.76,-0.03,258.12,46696.59,-1
2022-12-22,2022-12-22 12:40:00,181.76,181.76,181.7,181.7,-0.03,258.12,46696.59,-1
2022-12-22,2022-12-22 12:50:00,181.7,181.7,181.65,181.65,-0.03,258.12,46696.59,-1
2022-12-22,2022-12-22 13:00:00,181.65,186.0,178.8,181.6,-0.03,258.12,46696.59,-1
2022-12-22,2022-12-22 13:10:00,181.6,181.6,181.54,181.54,-0.03,258.12,46696.59,-1
2022-12-22,2022-12-22 13:20:00,181.54,181.54,181.49,181.49,-0.03,258.12,46696.59,-1
2022-12-22,2022-12-22 13:30:00,181.49,181.49,181.43,181.43,-0.03,258.12,46696.59,-1
2022-12-22,2022-12-22 13:40:00,181.43,181.43,181.38,181.38,-0.03,258.12,46696.59,-1
2022-12-22,2022-12-22 13:50:00,181.38,181.38,181.32,181.32,-0.03,258.12,46696.59,-1
2022-12-22,2022-12-22 14:00:00,181.32,181.32,181.27,181.27,-0.03,258.12,46696.59,-1
2022-12-22,2022-12-22 14:10:00,181.27,181.27,181.22,181.22,-0.03,258.12,46696.59,-1
2022-12-22,2022-12-22 14:20:00,181.22,181.22,181.16,181.16,-0.03,258.12,46696.59,-1
2022-12-22,2022-12-22 14:30:00,181.16,181.16,181.11,181.11,-0.03,258.12,46696.59,-1
2022-12-22,2022-12-22 14:40:00,181.11,181.11,181.05,181.05,-0.03,258.12,46696.59,-1
2022-12-22,2022-12-22 14:50:00,181.05,181.05,181.0,181.0,-0.03,258.12,46696.59,-1
2022-12-22,2022-12-22 15:00:00,181.0,186.0,178.8,181.0,0.0,258.12,46696.59,0
2022-12-26,2022-12-26 11:00:00,184.6,187.72,183.85,185.03,0.23,473.16,90015.32,1
2022-12-26,2022-12-26 11:10:00,185.03,185.47,185.03,185.47,0.24,473.16,90015.32,1
2022-12-26,2022-12-26 11:20:00,185.47,185.9,185.47,185.9,0.23,473.16,90015.32,1
2022-12-26,2022-12-26 11:30:00,185.9,186.33,185.9,186.33,0.23,473.16,90015.32,1
2022-12-26,2022-12-26 11:40:00,186.33,186.77,186.33,186.77,0.24,473.16,90015.32,1
2022-12-26,2022-12-26 11:50:00,186.77,187.2,186.77,187.2,0.23,473.16,90015.32,1
2022-12-26,2022-12-26 12:00:00,187.2,187.63,187.2,187.63,0.23,473.16,90015.32,1
2022-12-26,2022-12-26 12:10:00,187.63,188.07,187.63,188.07,0.23,473.16,90015.32,1
2022-12-26,2022-12-26 12:20:00,188.07,188.5,188.07,188.5,0.23,473.16,90015.32,1
2022-12-26,2022-12-26 12:30:00,188.5,188.93,188.5,188.93,0.23,473.16,90015.32,1
2022-12-26,2022-12-26 12:40:00,188.93,189.37,188.93,189.37,0.23,473.16,90015.32,1
2022-12-26,2022-12-26 12:50:00,189.37,189.8,189.37,189.8,0.23,473.16,90015.32,1
2022-12-26,2022-12-26 13:00:00,189.8,195.0,182.1,190.23,0.23,473.16,90015.32,1
2022-12-26,2022-12-26 13:10:00,190.23,190.67,190.23,190.67,0.23,473.16,90015.32,1
2022-12-26,2022-12-26 13:20:00,190.67,191.1,190.67,191.1,0.23,473.16,90015.32,1
2022-12-26,2022-12-26 13:30:00,191.1,191.53,191.1,191.53,0.23,473.16,90015.32,1
2022-12-26,2022-12-26 13:40:00,191.53,191.97,191.53,191.97,0.23,473.16,90015.32,1
2022-12-26,2022-12-26 13:50:00,191.97,192.4,191.97,192.4,0.22,473.16,90015.32,1
2022-12-26,2022-12-26 14:00:00,192.4,192.83,192.4,192.83,0.22,473.16,90015.32,1
2022-12-26,2022-12-26 14:10:00,192.83,193.27,192.83,193.27,0.23,473.16,90015.32,1
2022-12-26,2022-12-26 14:20:00,193.27,193.7,193.27,193.7,0.22,473.16,90015.32,1
2022-12-26,2022-12-26 14:30:00,193.7,194.13,193.7,194.13,0.22,473.16,90015.32,1
2022-12-26,2022-12-26 14:40:00,194.13,194.57,194.13,194.57,0.23,473.16,90015.32,1
2022-12-26,2022-12-26 14:50:00,194.57,195.0,194.57,195.0,0.22,473.16,90015.32,1
2022-12-26,2022-12-26 15:00:00,195.0,195.0,182.1,195.0,0.0,473.16,90015.32,0
2022-12-27,2022-12-27 11:00:00,198.9,200.07,196.83,198.78,-0.06,1972.44,390656.08,-1
2022-12-27,2022-12-27 11:10:00,198.78,198.78,198.66,198.66,-0.06,1972.44,390656.08,-1
2022-12-27,2022-12-27 11:20:00,198.66,198.66,198.54,198.54,-0.06,1972.44,390656.08,-1
2022-12-27,2022-12-27 11:30:00,198.54,198.54,198.42,198.42,-0.06,1972.44,390656.08,-1
2022-12-27,2022-12-27 11:40:00,198.42,198.42,198.3,198.3,-0.06,1972.44,390656.08,-1
2022-12-27,2022-12-27 11:50:00,198.3,198.3,198.18,198.18,-0.06,1972.44,390656.08,-1
2022-12-27,2022-12-27 12:00:00,198.18,198.18,198.05,198.05,-0.07,1972.44,390656.08,-1
2022-12-27,2022-12-27 12:10:00,198.05,198.05,197.93,197.93,-0.06,1972.44,390656.08,-1
2022-12-27,2022-12-27 12:20:00,197.93,197.93,197.81,197.81,-0.06,1972.44,390656.08,-1
2022-12-27,2022-12-27 12:30:00,197.81,197.81,197.69,197.69,-0.06,1972.44,390656.08,-1
2022-12-27,2022-12-27 12:40:00,197.69,197.69,197.57,197.57,-0.06,1972.44,390656.08,-1
2022-12-27,2022-12-27 12:50:00,197.57,197.57,197.45,197.45,-0.06,1972.44,390656.08,-1
2022-12-27,2022-12-27 13:00:00,197.45,202.8,192.0,197.33,-0.06,1972.44,390656.08,-1
2022-12-27,2022-12-27 13:10:00,197.33,197.33,197.21,197.21,-0.06,1972.44,390656.08,-1
2022-12-27,2022-12-27 13:20:00,197.21,197.21,197.09,197.09,-0.06,1972.44,390656.08,-1
2022-12-27,2022-12-27 13:30:00,197.09,197.09,196.97,196.97,-0.06,1972.44,390656.08,-1
2022-12-27,2022-12-27 13:40:00,196.97,196.97,196.85,196.85,-0.06,1972.44,390656.08,-1
2022-12-27,2022-12-27 13:50:00,196.85,196.85,196.72,196.72,-0.07,1972.44,390656.08,-1
2022-12-27,2022-12-27 14:00:00,196.72,196.72,196.6,196.6,-0.06,1972.44,390656.08,-1
2022-12-27,2022-12-27 14:10:00,196.6,196.6,196.48,196.48,-0.06,1972.44,390656.08,-1
2022-12-27,2022-12-27 14:20:00,196.48,196.48,196.36,196.36,-0.06,1972.44,390656.08,-1
2022-12-27,2022-12-27 14:30:00,196.36,196.36,196.24,196.24,-0.06,1972.44,390656.08,-1
2022-12-27,2022-12-27 14:40:00,196.24,196.24,196.12,196.12,-0.06,1972.44,390656.08,-1
2022-12-27,2022-12-27 14:50:00,196.12,196.12,196.0,196.0,-0.06,1972.44,390656.08,-1
2022-12-27,2022-12-27 15:00:00,196.0,202.8,192.0,196.0,0.0,1972.44,390656.08,0
2022-12-28,2022-12-28 11:00:00,195.2,197.21,194.54,195.11,-0.05,820.16,160606.43,-1
2022-12-28,2022-12-28 11:10:00,195.11,195.11,195.02,195.02,-0.05,820.16,160606.43,-1
2022-12-28,2022-12-28 11:20:00,195.02,195.02,194.92,194.92,-0.05,820.16,160606.43,-1
2022-12-28,2022-12-28 11:30:00,194.92,194.92,194.83,194.83,-0.05,820.16,160606.43,-1
2022-12-28,2022-12-28 11:40:00,194.83,194.83,194.74,194.74,-0.05,820.16,160606.43,-1
2022-12-28,2022-12-28 11:50:00,194.74,194.74,194.65,194.65,-0.05,820.16,160606.43,-1
2022-12-28,2022-12-28 12:00:00,194.65,194.65,194.56,194.56,-0.05,820.16,160606.43,-1
2022-12-28,2022-12-28 12:10:00,194.56,194.56,194.47,194.47,-0.05,820.16,160606.43,-1
2022-12-28,2022-12-28 12:20:00,194.47,194.47,194.38,194.38,-0.05,820.16,160606.43,-1
2022-12-28,2022-12-28 12:30:00,194.38,194.38,194.28,194.28,-0.05,820.16,160606.43,-1
2022-12-28,2022-12-28 12:40:00,194.28,194.28,194.19,194.19,-0.05,820.16,160606.43,-1
2022-12-28,2022-12-28 12:50:00,194.19,194.19,194.1,194.1,-0.05,820.16,160606.43,-1
2022-12-28,2022-12-28 13:00:00,194.1,201.9,193.0,194.01,-0.05,820.16,160606.43,-1
2022-12-28,2022-12-28 13:10:00,194.01,194.01,193.92,193.92,-0.05,820.16,160606.43,-1
2022-12-28,2022-12-28 13:20:00,193.92,193.92,193.82,193.82,-0.05,820.16,160606.43,-1
2022-12-28,2022-12-28 13:30:00,193.82,193.82,193.73,193.73,-0.05,820.16,160606.43,-1
2022-12-28,2022-12-28 13:40:00,193.73,193.73,193.64,193.64,-0.05,820.16,160606.43,-1
2022-12-28,2022-12-28 13:50:00,193.64,193.64,193.55,193.55,-0.05,820.16,160606.43,-1
2022-12-28,2022-12-28 14:00:00,193.55,193.55,193.46,193.46,-0.05,820.16,160606.43,-1
2022-12-28,2022-12-28 14:10:00,193.46,193.46,193.37,193.37,-0.05,820.16,160606.43,-1
2022-12-28,2022-12-28 14:20:00,193.37,193.37,193.28,193.28,-0.05,820.16,160606.43,-1
2022-12-28,2022-12-28 14:30:00,193.28,193.28,193.18,193.18,-0.05,820.16,160606.43,-1
2022-12-28,2022-12-28 14:40:00,193.18,193.18,193.09,193.09,-0.05,820.16,160606.43,-1
2022-12-28,2022-12-28 14:50:00,193.09,193.09,193.0,193.0,-0.05,820.16,160606.43,-1
2022-12-28,2022-12-28 15:00:00,193.0,201.9,193.0,193.0,0.0,820.16,160606.43,0
2022-12-29,2022-12-29 11:00:00,195.0,198.3,194.4,195.42,0.22,1099.24,220819.52,1
2022-12-29,2022-12-29 11:10:00,195.42,195.83,195.42,195.83,0.21,1099.24,220819.52,1
2022-12-29,2022-12-29 11:20:00,195.83,196.25,195.83,196.25,0.21,1099.24,220819.52,1
2022-12-29,2022-12-29 11:30:00,196.25,196.67,196.25,196.67,0.21,1099.24,220819.52,1
2022-12-29,2022-12-29 11:40:00,196.67,197.08,196.67,197.08,0.21,1099.24,220819.52,1
2022-12-29,2022-12-29 11:50:00,197.08,197.5,197.08,197.5,0.21,1099.24,220819.52,1
2022-12-29,2022-12-29 12:00:00,197.5,197.92,197.5,197.92,0.21,1099.24,220819.52,1
2022-12-29,2022-12-29 12:10:00,197.92,198.33,197.92,198.33,0.21,1099.24,220819.52,1
2022-12-29,2022-12-29 12:20:00,198.33,198.75,198.33,198.75,0.21,1099.24,220819.52,1
2022-12-29,2022-12-29 12:30:00,198.75,199.17,198.75,199.17,0.21,1099.24,220819.52,1
2022-12-29,2022-12-29 12:40:00,199.17,199.58,199.17,199.58,0.21,1099.24,220819.52,1
2022-12-29,2022-12-29 12:50:00,199.58,200.0,199.58,200.0,0.21,1099.24,220819.52,1
2022-12-29,2022-12-29 13:00:00,200.0,206.0,193.0,200.42,0.21,1099.24,220819.52,1
2022-12-29,2022-12-29 13:10:00,200.42,200.83,200.42,200.83,0.2,1099.24,220819.52,1
2022-12-29,2022-12-29 13:20:00,200.83,201.25,200.83,201.25,0.21,1099.24,220819.52,1
2022-12-29,2022-12-29 13:30:00,201.25,201.67,201.25,201.67,0.21,1099.24,220819.52,1
2022-12-29,2022-12-29 13:40:00,201.67,202.08,201.67,202.08,0.2,1099.24,220819.52,1
2022-12-29,2022-12-29 13:50:00,202.08,202.5,202.08,202.5,0.21,1099.24,220819.52,1
2022-12-29,2022-12-29 14:00:00,202.5,202.92,202.5,202.92,0.21,1099.24,220819.52,1
2022-12-29,2022-12-29 14:10:00,202.92,203.33,202.92,203.33,0.2,1099.24,220819.52,1
2022-12-29,2022-12-29 14:20:00,203.33,203.75,203.33,203.75,0.21,1099.24,220819.52,1
2022-12-29,2022-12-29 14:30:00,203.75,204.17,203.75,204.17,0.21,1099.24,220819.52,1
2022-12-29,2022-12-29 14:40:00,204.17,204.58,204.17,204.58,0.2,1099.24,220819.52,1
2022-12-29,2022-12-29 14:50:00,204.58,205.0,204.58,205.0,0.21,1099.24,220819.52,1
2022-12-29,2022-12-29 15:00:00,205.0,206.0,193.0,205.0,0.0,1099.24,220819.52,0
2023-01-01,2023-01-01 11:00:00,209.0,209.27,206.0,208.79,-0.1,1159.52,237058.97,-1
2023-01-01,2023-01-01 11:10:00,208.79,208.79,208.58,208.58,-0.1,1159.52,237058.97,-1
2023-01-01,2023-01-01 11:20:00,208.58,208.58,208.38,208.38,-0.1,1159.52,237058.97,-1
2023-01-01,2023-01-01 11:30:00,208.38,208.38,208.17,208.17,-0.1,1159.52,237058.97,-1
2023-01-01,2023-01-01 11:40:00,208.17,208.17,207.96,207.96,-0.1,1159.52,237058.97,-1
2023-01-01,2023-01-01 11:50:00,207.96,207.96,207.75,207.75,-0.1,1159.52,237058.97,-1
2023-01-01,2023-01-01 12:00:00,207.75,207.75,207.54,207.54,-0.1,1159.52,237058.97,-1
2023-01-01,2023-01-01 12:10:00,207.54,207.54,207.33,207.33,-0.1,1159.52,237058.97,-1
2023-01-01,2023-01-01 12:20:00,207.33,207.33,207.12,207.12,-0.1,1159.52,237058.97,-1
2023-01-01,2023-01-01 12:30:00,207.12,207.12,206.92,206.92,-0.1,1159.52,237058.97,-1
2023-01-01,2023-01-01 12:40:00,206.92,206.92,206.71,206.71,-0.1,1159.52,237058.97,-1
2023-01-01,2023-01-01 12:50:00,206.71,206.71,206.5,206.5,-0.1,1159.52,237058.97,-1
2023-01-01,2023-01-01 13:00:00,206.5,209.9,199.0,206.29,-0.1,1159.52,237058.97,-1
2023-01-01,2023-01-01 13:10:00,206.29,206.29,206.08,206.08,-0.1,1159.52,237058.97,-1
2023-01-01,2023-01-01 13:20:00,206.08,206.08,205.88,205.88,-0.1,1159.52,237058.97,-1
2023-01-01,2023-01-01 13:30:00,205.88,205.88,205.67,205.67,-0.1,1159.52,237058.97,-1
2023-01-01,2023-01-01 13:40:00,205.67,205.67,205.46,205.46,-0.1,1159.52,237058.97,-1
2023-01-01,2023-01-01 13:50:00,205.46,205.46,205.25,205.25,-0.1,1159.52,237058.97,-1
2023-01-01,2023-01-01 14:00:00,205.25,205.25,205.04,205.04,-0.1,1159.52,237058.97,-1
2023-01-01,2023-01-01 14:10:00,205.04,205.04,204.83,204.83,-0.1,1159.52,237058.97,-1
2023-01-01,2023-01-01 14:20:00,204.83,204.83,204.62,204.62,-0.1,1159.52,237058.97,-1
2023-01-01,2023-01-01 14:30:00,204.62,204.62,204.42,204.42,-0.1,1159.52,237058.97,-1
2023-01-01,2023-01-01 14:40:00,204.42,204.42,204.21,204.21,-0.1,1159.52,237058.97,-1
2023-01-01,2023-01-01 14:50:00,204.21,204.21,204.0,204.0,-0.1,1159.52,237058.97,-1
2023-01-01,2023-01-01 15:00:00,204.0,209.9,199.0,204.0,0.0,1159.52,237058.97,0
2023-01-02,2023-01-02 11:00:00,200.0,203.3,200.0,200.21,0.11,1994.8,408346.48,1
2023-01-02,2023-01-02 11:10:00,200.21,200.42,200.21,200.42,0.1,1994.8,408346.48,1
2023-01-02,2023-01-02 11:20:00,200.42,200.62,200.42,200.62,0.1,1994.8,408346.48,1
2023-01-02,2023-01-02 11:30:00,200.62,200.83,200.62,200.83,0.1,1994.8,408346.48,1
2023-01-02,2023-01-02 11:40:00,200.83,201.04,200.83,201.04,0.1,1994.8,408346.48,1
2023-01-02,2023-01-02 11:50:00,201.04,201.25,201.04,201.25,0.1,1994.8,408346.48,1
2023-01-02,2023-01-02 12:00:00,201.25,201.46,201.25,201.46,0.1,1994.8,408346.48,1
2023-01-02,2023-01-02 12:10:00,201.46,201.67,201.46,201.67,0.1,1994.8,408346.48,1
2023-01-02,2023-01-02 12:20:00,201.67,201.88,201.67,201.88,0.1,1994.8,408346.48,1
2023-01-02,2023-01-02 12:30:00,201.88,202.08,201.88,202.08,0.1,1994.8,408346.48,1
2023-01-02,2023-01-02 12:40:00,202.08,202.29,202.08,202.29,0.1,1994.8,408346.48,1
2023-01-02,2023-01-02 12:50:00,202.29,202.5,202.29,202.5,0.1,1994.8,408346.48,1
2023-01-02,2023-01-02 13:00:00,202.5,211.0,200.0,202.71,0.1,1994.8,408346.48,1
2023-01-02,2023-01-02 13:10:00,202.71,202.92,202.71,202.92,0.1,1994.8,408346.48,1
2023-01-02,2023-01-02 13:20:00,202.92,203.12,202.92,203.12,0.1,1994.8,408346.48,1
2023-01-02,2023-01-02 13:30:00,203.12,203.33,203.12,203.33,0.1,1994.8,408346.48,1
2023-01-02,2023-01-02 13:40:00,203.33,203.54,203.33,203.54,0.1,1994.8,408346.48,1
2023-01-02,2023-01-02 13:50:00,203.54,203.75,203.54,203.75,0.1,1994.8,408346.48,1
2023-01-02,2023-01-02 14:00:00,203.75,203.96,203.75,203.96,0.1,1994.8,408346.48,1
2023-01-02,2023-01-02 14:10:00,203.96,204.17,203.96,204.17,0.1,1994.8,408346.48,1
2023-01-02,2023-01-02 14:20:00,204.17,204.38,204.17,204.38,0.1,1994.8,408346.48,1
2023-01-02,2023-01-02 14:30:00,204.38,204.58,204.38,204.58,0.1,1994.8,408346.48,1
2023-01-02,2023-01-02 14:40:00,204.58,204.79,204.58,204.79,0.1,1994.8,408346.48,1
2023-01-02,2023-01-02 14:50:00,204.79,205.0,204.79,205.0,0.1,1994.8,408346.48,1
2023-01-02,2023-01-02 15:00:00,205.0,211.0,200.0,205.0,0.0,1994.8,408346.48,0
2023-01-03,2023-01-03 11:00:00,205.0,208.9,204.1,204.92,-0.04,1128.52,231457.66,-1
2023-01-03,2023-01-03 11:10:00,204.92,204.92,204.83,204.83,-0.04,1128.52,231457.66,-1
2023-01-03,2023-01-03 11:20:00,204.83,204.83,204.75,204.75,-0.04,1128.52,231457.66,-1
2023-01-03,2023-01-03 11:30:00,204.75,204.75,204.67,204.67,-0.04,1128.52,231457.66,-1
2023-01-03,2023-01-03 11:40:00,204.67,204.67,204.58,204.58,-0.04,1128.52,231457.66,-1
2023-01-03,2023-01-03 11:50:00,204.58,204.58,204.5,204.5,-0.04,1128.52,231457.66,-1
2023-01-03,2023-01-03 12:00:00,204.5,204.5,204.42,204.42,-0.04,1128.52,231457.66,-1
2023-01-03,2023-01-03 12:10:00,204.42,204.42,204.33,204.33,-0.04,1128.52,231457.66,-1
2023-01-03,2023-01-03 12:20:00,204.33,204.33,204.25,204.25,-0.04,1128.52,231457.66,-1
2023-01-03,2023-01-03 12:30:00,204.25,204.25,204.17,204.17,-0.04,1128.52,231457.66,-1
2023-01-03,2023-01-03 12:40:00,204.17,204.17,204.08,204.08,-0.04,1128.52,231457.66,-1
2023-01-03,2023-01-03 12:50:00,204.08,204.08,204.0,204.0,-0.04,1128.52,231457.66,-1
2023-01-03,2023-01-03 13:00:00,204.0,218.0,202.0,203.92,-0.04,1128.52,231457.66,-1
2023-01-03,2023-01-03 13:10:00,203.92,203.92,203.83,203.83,-0.04,1128.52,231457.66,-1
2023-01-03,2023-01-03 13:20:00,203.83,203.83,203.75,203.75,-0.04,1128.52,231457.66,-1
2023-01-03,2023-01-03 13:30:00,203.75,203.75,203.67,203.67,-0.04,1128.52,231457.66,-1
2023-01-03,2023-01-03 13:40:00,203.67,203.67,203.58,203.58,-0.04,1128.52,231457.66,-1
2023-01-03,2023-01-03 13:50:00,203.58,203.58,203.5,203.5,-0.04,1128.52,231457.66,-1
2023-01-03,2023-01-03 14:00:00,203.5,203.5,203.42,203.42,-0.04,1128.52,231457.66,-1
2023-01-03,2023-01-03 14:10:00,203.42,203.42,203.33,203.33,-0.04,1128.52,231457.66,-1
2023-01-03,2023-01-03 14:20:00,203.33,203.33,203.25,203.25,-0.04,1128.52,231457.66,-1
2023-01-03,2023-01-03 14:30:00,203.25,203.25,203.17,203.17,-0.04,1128.52,231457.66,-1
2023-01-03,2023-01-03 14:40:00,203.17,203.17,203.08,203.08,-0.04,1128.52,231457.66,-1
2023-01-03,2023-01-03 14:50:00,203.08,203.08,203.0,203.0,-0.04,1128.52,231457.66,-1
2023-01-03,2023-01-03 15:00:00,203.0,218.0,202.0,203.0,0.0,1128.52,231457.66,0
2023-01-04,2023-01-04 11:00:00,207.0,208.86,205.83,207.21,0.1,1288.04,269580.74,1
2023-01-04,2023-01-04 11:10:00,207.21,207.42,207.21,207.42,0.1,1288.04,269580.74,1
2023-01-04,2023-01-04 11:20:00,207.42,207.62,207.42,207.62,0.1,1288.04,269580.74,1
2023-01-04,2023-01-04 11:30:00,207.62,207.83,207.62,207.83,0.1,1288.04,269580.74,1
2023-01-04,2023-01-04 11:40:00,207.83,208.04,207.83,208.04,0.1,1288.04,269580.74,1
2023-01-04,2023-01-04 11:50:00,208.04,208.25,208.04,208.25,0.1,1288.04,269580.74,1
2023-01-04,2023-01-04 12:00:00,208.25,208.46,208.25,208.46,0.1,1288.04,269580.74,1
2023-01-04,2023-01-04 12:10:00,208.46,208.67,208.46,208.67,0.1,1288.04,269580.74,1
2023-01-04,2023-01-04 12:20:00,208.67,208.88,208.67,208.88,0.1,1288.04,269580.74,1
2023-01-04,2023-01-04 12:30:00,208.88,209.08,208.88,209.08,0.1,1288.04,269580.74,1
2023-01-04,2023-01-04 12:40:00,209.08,209.29,209.08,209.29,0.1,1288.04,269580.74,1
2023-01-04,2023-01-04 12:50:00,209.29,209.5,209.29,209.5,0.1,1288.04,269580.74,1
2023-01-04,2023-01-04 13:00:00,209.5,213.2,203.1,209.71,0.1,1288.04,269580.74,1
2023-01-04,2023-01-04 13:10:00,209.71,209.92,209.71,209.92,0.1,1288.04,269580.74,1
2023-01-04,2023-01-04 13:20:00,209.92,210.12,209.92,210.12,0.1,1288.04,269580.74,1
2023-01-04,2023-01-04 13:30:00,210.12,210.33,210.12,210.33,0.1,1288.04,269580.74,1
2023-01-04,2023-01-04 13:40:00,210.33,210.54,210.33,210.54,0.1,1288.04,269580.74,1
2023-01-04,2023-01-04 13:50:00,210.54,210.75,210.54,210.75,0.1,1288.04,269580.74,1
2023-01-04,2023-01-04 14:00:00,210.75,210.96,210.75,210.96,0.1,1288.04,269580.74,1
2023-01-04,2023-01-04 14:10:00,210.96,211.17,210.96,211.17,0.1,1288.04,269580.74,1
2023-01-04,2023-01-04 14:20:00,211.17,211.38,211.17,211.38,0.1,1288.04,269580.74,1
2023-01-04,2023-01-04 14:30:00,211.38,211.58,211.38,211.58,0.09,1288.04,269580.74,1
2023-01-04,2023-01-04 14:40:00,211.58,211.79,211.58,211.79,0.1,1288.04,269580.74,1
2023-01-04,2023-01-04 14:50:00,211.79,212.0,211.79,212.0,0.1,1288.04,269580.74,1
2023-01-04,2023-01-04 15:00:00,212.0,213.2,203.1,212.0,0.0,1288.04,269580.74,0
2023-01-05,2023-01-05 11:00:00,215.5,216.76,213.55,215.49,-0.0,1457.2,312736.09,-1
2023-01-05,2023-01-05 11:10:00,215.49,215.49,215.47,215.47,-0.01,1457.2,312736.09,-1
2023-01-05,2023-01-05 11:20:00,215.47,215.47,215.46,215.46,-0.0,1457.2,312736.09,-1
2023-01-05,2023-01-05 11:30:00,215.46,215.46,215.45,215.45,-0.0,1457.2,312736.09,-1
2023-01-05,2023-01-05 11:40:00,215.45,215.45,215.44,215.44,-0.0,1457.2,312736.09,-1
2023-01-05,2023-01-05 11:50:00,215.44,215.44,215.43,215.43,-0.0,1457.2,312736.09,-1
2023-01-05,2023-01-05 12:00:00,215.43,215.43,215.41,215.41,-0.01,1457.2,312736.09,-1
2023-01-05,2023-01-05 12:10:00,215.41,215.41,215.4,215.4,-0.0,1457.2,312736.09,-1
2023-01-05,2023-01-05 12:20:00,215.4,215.4,215.39,215.39,-0.0,1457.2,312736.09,-1
2023-01-05,2023-01-05 12:30:00,215.39,215.39,215.38,215.38,-0.0,1457.2,312736.09,-1
2023-01-05,2023-01-05 12:40:00,215.38,215.38,215.36,215.36,-0.01,1457.2,312736.09,-1
2023-01-05,2023-01-05 12:50:00,215.36,215.36,215.35,215.35,-0.0,1457.2,312736.09,-1
2023-01-05,2023-01-05 13:00:00,215.35,219.7,209.0,215.34,-0.0,1457.2,312736.09,-1
2023-01-05,2023-01-05 13:10:00,215.34,215.34,215.32,215.32,-0.01,1457.2,312736.09,-1
2023-01-05,2023-01-05 13:20:00,215.32,215.32,215.31,215.31,-0.0,1457.2,312736.09,-1
2023-01-05,2023-01-05 13:30:00,215.31,215.31,215.3,215.3,-0.0,1457.2,312736.09,-1
2023-01-05,2023-01-05 13:40:00,215.3,215.3,215.29,215.29,-0.0,1457.2,312736.09,-1
2023-01-05,2023-01-05 13:50:00,215.29,215.29,215.27,215.27,-0.01,1457.2,312736.09,-1
2023-01-05,2023-01-05 14:00:00,215.27,215.27,215.26,215.26,-0.0,1457.2,312736.09,-1
2023-01-05,2023-01-05 14:10:00,215.26,215.26,215.25,215.25,-0.0,1457.2,312736.09,-1
2023-01-05,2023-01-05 14:20:00,215.25,215.25,215.24,215.24,-0.0,1457.2,312736.09,-1
2023-01-05,2023-01-05 14:30:00,215.24,215.24,215.22,215.22,-0.01,1457.2,312736.09,-1
2023-01-05,2023-01-05 14:40:00,215.22,215.22,215.21,215.21,-0.0,1457.2,312736.09,-1
2023-01-05,2023-01-05 14:50:00,215.21,215.21,215.2,215.2,-0.0,1457.2,312736.09,-1
2023-01-05,2023-01-05 15:00:00,215.2,219.7,209.0,215.2,0.0,1457.2,312736.09,0
2023-01-08,2023-01-08 11:00:00,219.0,223.2,216.6,219.0,0.0,2014.16,447296.65,0
2023-01-08,2023-01-08 11:10:00,219.0,219.0,219.0,219.0,0.0,2014.16,447296.65,0
2023-01-08,2023-01-08 11:20:00,219.0,219.0,219.0,219.0,0.0,2014.16,447296.65,0
2023-01-08,2023-01-08 11:30:00,219.0,219.0,219.0,219.0,0.0,2014.16,447296.65,0
2023-01-08,2023-01-08 11:40:00,219.0,219.0,219.0,219.0,0.0,2014.16,447296.65,0
2023-01-08,2023-01-08 11:50:00,219.0,219.0,219.0,219.0,0.0,2014.16,447296.65,0
2023-01-08,2023-01-08 12:00:00,219.0,219.0,219.0,219.0,0.0,2014.16,447296.65,0
2023-01-08,2023-01-08 12:10:00,219.0,219.0,219.0,219.0,0.0,2014.16,447296.65,0
2023-01-08,2023-01-08 12:20:00,219.0,219.0,219.0,219.0,0.0,2014.16,447296.65,0
2023-01-08,2023-01-08 12:30:00,219.0,219.0,219.0,219.0,0.0,2014.16,447296.65,0
2023-01-08,2023-01-08 12:40:00,219.0,219.0,219.0,219.0,0.0,2014.16,447296.65,0
2023-01-08,2023-01-08 12:50:00,219.0,219.0,219.0,219.0,0.0,2014.16,447296.65,0
2023-01-08,2023-01-08 13:00:00,219.0,233.0,211.0,219.0,0.0,2014.16,447296.65,0
2023-01-08,2023-01-08 13:10:00,219.0,219.0,219.0,219.0,0.0,2014.16,447296.65,0
2023-01-08,2023-01-08 13:20:00,219.0,219.0,219.0,219.0,0.0,2014.16,447296.65,0
2023-01-08,2023-01-08 13:30:00,219.0,219.0,219.0,219.0,0.0,2014.16,447296.65,0
2023-01-08,2023-01-08 13:40:00,219.0,219.0,219.0,219.0,0.0,2014.16,447296.65,0
2023-01-08,2023-01-08 13:50:00,219.0,219.0,219.0,219.0,0.0,2014.16,447296.65,0
2023-01-08,2023-01-08 14:00:00,219.0,219.0,219.0,219.0,0.0,2014.16,447296.65,0
2023-01-08,2023-01-08 14:10:00,219.0,219.0,219.0,219.0,0.0,2014.16,447296.65,0
2023-01-08,2023-01-08 14:20:00,219.0,219.0,219.0,219.0,0.0,2014.16,447296.65,0
2023-01-08,2023-01-08 14:30:00,219.0,219.0,219.0,219.0,0.0,2014.16,447296.65,0
2023-01-08,2023-01-08 14:40:00,219.0,219.0,219.0,219.0,0.0,2014.16,447296.65,0
2023-01-08,2023-01-08 14:50:00,219.0,219.0,219.0,219.0,0.0,2014.16,447296.65,0
2023-01-08,2023-01-08 15:00:00,219.0,233.0,211.0,219.0,0.0,2014.16,447296.65,0
2023-01-09,2023-01-09 11:00:00,223.0,228.37,222.7,223.75,0.34,3306.48,777049.93,1
2023-01-09,2023-01-09 11:10:00,223.75,224.49,223.75,224.49,0.33,3306.48,777049.93,1
2023-01-09,2023-01-09 11:20:00,224.49,225.24,224.49,225.24,0.33,3306.48,777049.93,1
2023-01-09,2023-01-09 11:30:00,225.24,225.98,225.24,225.98,0.33,3306.48,777049.93,1
2023-01-09,2023-01-09 11:40:00,225.98,226.73,225.98,226.73,0.33,3306.48,777049.93,1
2023-01-09,2023-01-09 11:50:00,226.73,227.47,226.73,227.47,0.33,3306.48,777049.93,1
2023-01-09,2023-01-09 12:00:00,227.47,228.22,227.47,228.22,0.33,3306.48,777049.93,1
2023-01-09,2023-01-09 12:10:00,228.22,228.97,228.22,228.97,0.33,3306.48,777049.93,1
2023-01-09,2023-01-09 12:20:00,228.97,229.71,228.97,229.71,0.32,3306.48,777049.93,1
2023-01-09,2023-01-09 12:30:00,229.71,230.46,229.71,230.46,0.33,3306.48,777049.93,1
2023-01-09,2023-01-09 12:40:00,230.46,231.2,230.46,231.2,0.32,3306.48,777049.93,1
2023-01-09,2023-01-09 12:50:00,231.2,231.95,231.2,231.95,0.32,3306.48,777049.93,1
2023-01-09,2023-01-09 13:00:00,231.95,240.9,222.0,232.7,0.32,3306.48,777049.93,1
2023-01-09,2023-01-09 13:10:00,232.7,233.44,232.7,233.44,0.32,3306.48,777049.93,1
2023-01-09,2023-01-09 13:20:00,233.44,234.19,233.44,234.19,0.32,3306.48,777049.93,1
2023-01-09,2023-01-09 13:30:00,234.19,234.93,234.19,234.93,0.32,3306.48,777049.93,1
2023-01-09,2023-01-09 13:40:00,234.93,235.68,234.93,235.68,0.32,3306.48,777049.93,1
2023-01-09,2023-01-09 13:50:00,235.68,236.43,235.68,236.43,0.32,3306.48,777049.93,1
2023-01-09,2023-01-09 14:00:00,236.43,237.17,236.43,237.17,0.31,3306.48,777049.93,1
2023-01-09,2023-01-09 14:10:00,237.17,237.92,237.17,237.92,0.32,3306.48,777049.93,1
2023-01-09,2023-01-09 14:20:00,237.92,238.66,237.92,238.66,0.31,3306.48,777049.93,1
2023-01-09,2023-01-09 14:30:00,238.66,239.41,238.66,239.41,0.31,3306.48,777049.93,1
2023-01-09,2023-01-09 14:40:00,239.41,240.15,239.41,240.15,0.31,3306.48,777049.93,1
2023-01-09,2023-01-09 14:50:00,240.15,240.9,240.15,240.9,0.31,3306.48,777049.93,1
2023-01-09,2023-01-09 15:00:00,240.9,240.9,222.0,240.9,0.0,3306.48,777049.93,0
2023-01-10,2023-01-10 11:00:00,245.6,251.12,243.62,245.49,-0.04,4896.56,1247777.2,-1
2023-01-10,2023-01-10 11:10:00,245.49,245.49,245.38,245.38,-0.04,4896.56,1247777.2,-1
2023-01-10,2023-01-10 11:20:00,245.38,245.38,245.28,245.28,-0.04,4896.56,1247777.2,-1
2023-01-10,2023-01-10 11:30:00,245.28,245.28,245.17,245.17,-0.04,4896.56,1247777.2,-1
2023-01-10,2023-01-10 11:40:00,245.17,245.17,245.06,245.06,-0.04,4896.56,1247777.2,-1
2023-01-10,2023-01-10 11:50:00,245.06,245.06,244.95,244.95,-0.04,4896.56,1247777.2,-1
2023-01-10,2023-01-10 12:00:00,244.95,244.95,244.84,244.84,-0.04,4896.56,1247777.2,-1
2023-01-10,2023-01-10 12:10:00,244.84,244.84,244.73,244.73,-0.04,4896.56,1247777.2,-1
2023-01-10,2023-01-10 12:20:00,244.73,244.73,244.62,244.62,-0.04,4896.56,1247777.2,-1
2023-01-10,2023-01-10 12:30:00,244.62,244.62,244.52,244.52,-0.04,4896.56,1247777.2,-1
2023-01-10,2023-01-10 12:40:00,244.52,244.52,244.41,244.41,-0.04,4896.56,1247777.2,-1
2023-01-10,2023-01-10 12:50:00,244.41,244.41,244.3,244.3,-0.05,4896.56,1247777.2,-1
2023-01-10,2023-01-10 13:00:00,244.3,264.0,239.0,244.19,-0.05,4896.56,1247777.2,-1
2023-01-10,2023-01-10 13:10:00,244.19,244.19,244.08,244.08,-0.05,4896.56,1247777.2,-1
2023-01-10,2023-01-10 13:20:00,244.08,244.08,243.97,243.97,-0.05,4896.56,1247777.2,-1
2023-01-10,2023-01-10 13:30:00,243.97,243.97,243.87,243.87,-0.04,4896.56,1247777.2,-1
2023-01-10,2023-01-10 13:40:00,243.87,243.87,243.76,243.76,-0.05,4896.56,1247777.2,-1
2023-01-10,2023-01-10 13:50:00,243.76,243.76,243.65,243.65,-0.05,4896.56,1247777.2,-1
2023-01-10,2023-01-10 14:00:00,243.65,243.65,243.54,243.54,-0.05,4896.56,1247777.2,-1
2023-01-10,2023-01-10 14:10:00,243.54,243.54,243.43,243.43,-0.05,4896.56,1247777.2,-1
2023-01-10,2023-01-10 14:20:00,243.43,243.43,243.32,243.32,-0.05,4896.56,1247777.2,-1
2023-01-10,2023-01-10 14:30:00,243.32,243.32,243.22,243.22,-0.04,4896.56,1247777.2,-1
2023-01-10,2023-01-10 14:40:00,243.22,243.22,243.11,243.11,-0.05,4896.56,1247777.2,-1
2023-01-10,2023-01-10 14:50:00,243.11,243.11,243.0,243.0,-0.05,4896.56,1247777.2,-1
2023-01-10,2023-01-10 15:00:00,243.0,264.0,239.0,243.0,0.0,4896.56,1247777.2,0
2023-01-12,2023-01-12 11:00:00,247.8,251.46,244.89,247.52,-0.11,4134.76,1022076.43,-1
2023-01-12,2023-01-12 11:10:00,247.52,247.52,247.23,247.23,-0.12,4134.76,1022076.43,-1
2023-01-12,2023-01-12 11:20:00,247.23,247.23,246.95,246.95,-0.11,4134.76,1022076.43,-1
2023-01-12,2023-01-12 11:30:00,246.95,246.95,246.67,246.67,-0.11,4134.76,1022076.43,-1
2023-01-12,2023-01-12 11:40:00,246.67,246.67,246.38,246.38,-0.12,4134.76,1022076.43,-1
2023-01-12,2023-01-12 11:50:00,246.38,246.38,246.1,246.1,-0.11,4134.76,1022076.43,-1
2023-01-12,2023-01-12 12:00:00,246.1,246.1,245.82,245.82,-0.11,4134.76,1022076.43,-1
2023-01-12,2023-01-12 12:10:00,245.82,245.82,245.53,245.53,-0.12,4134.76,1022076.43,-1
2023-01-12,2023-01-12 12:20:00,245.53,245.53,245.25,245.25,-0.11,4134.76,1022076.43,-1
2023-01-12,2023-01-12 12:30:00,245.25,245.25,244.97,244.97,-0.11,4134.76,1022076.43,-1
2023-01-12,2023-01-12 12:40:00,244.97,244.97,244.68,244.68,-0.12,4134.76,1022076.43,-1
2023-01-12,2023-01-12 12:50:00,244.68,244.68,244.4,244.4,-0.11,4134.76,1022076.43,-1
2023-01-12,2023-01-12 13:00:00,244.4,260.0,238.1,244.12,-0.11,4134.76,1022076.43,-1
2023-01-12,2023-01-12 13:10:00,244.12,244.12,243.83,243.83,-0.12,4134.76,1022076.43,-1
2023-01-12,2023-01-12 13:20:00,243.83,243.83,243.55,243.55,-0.11,4134.76,1022076.43,-1
2023-01-12,2023-01-12 13:30:00,243.55,243.55,243.27,243.27,-0.11,4134.76,1022076.43,-1
2023-01-12,2023-01-12 13:40:00,243.27,243.27,242.98,242.98,-0.12,4134.76,1022076.43,-1
2023-01-12,2023-01-12 13:50:00,242.98,242.98,242.7,242.7,-0.12,4134.76,1022076.43,-1
2023-01-12,2023-01-12 14:00:00,242.7,242.7,242.42,242.42,-0.12,4134.76,1022076.43,-1
2023-01-12,2023-01-12 14:10:00,242.42,242.42,242.13,242.13,-0.12,4134.76,1022076.43,-1
2023-01-12,2023-01-12 14:20:00,242.13,242.13,241.85,241.85,-0.12,4134.76,1022076.43,-1
2023-01-12,2023-01-12 14:30:00,241.85,241.85,241.57,241.57,-0.12,4134.76,1022076.43,-1
2023-01-12,2023-01-12 14:40:00,241.57,241.57,241.28,241.28,-0.12,4134.76,1022076.43,-1
2023-01-12,2023-01-12 14:50:00,241.28,241.28,241.0,241.0,-0.12,4134.76,1022076.43,-1
2023-01-12,2023-01-12 15:00:00,241.0,260.0,238.1,241.0,0.0,4134.76,1022076.43,0
2023-01-17,2023-01-17 11:00:00,244.0,250.33,242.89,244.67,0.27,2503.32,639366.61,1
2023-01-17,2023-01-17 11:10:00,244.67,245.33,244.67,245.33,0.27,2503.32,639366.61,1
2023-01-17,2023-01-17 11:20:00,245.33,246.0,245.33,246.0,0.27,2503.32,639366.61,1
2023-01-17,2023-01-17 11:30:00,246.0,246.67,246.0,246.67,0.27,2503.32,639366.61,1
2023-01-17,2023-01-17 11:40:00,246.67,247.33,246.67,247.33,0.27,2503.32,639366.61,1
2023-01-17,2023-01-17 11:50:00,247.33,248.0,247.33,248.0,0.27,2503.32,639366.61,1
2023-01-17,2023-01-17 12:00:00,248.0,248.67,248.0,248.67,0.27,2503.32,639366.61,1
2023-01-17,2023-01-17 12:10:00,248.67,249.33,248.67,249.33,0.27,2503.32,639366.61,1
2023-01-17,2023-01-17 12:20:00,249.33,250.0,249.33,250.0,0.27,2503.32,639366.61,1
2023-01-17,2023-01-17 12:30:00,250.0,250.67,250.0,250.67,0.27,2503.32,639366.61,1
2023-01-17,2023-01-17 12:40:00,250.67,251.33,250.67,251.33,0.26,2503.32,639366.61,1
2023-01-17,2023-01-17 12:50:00,251.33,252.0,251.33,252.0,0.27,2503.32,639366.61,1
2023-01-17,2023-01-17 13:00:00,252.0,265.1,240.3,252.67,0.27,2503.32,639366.61,1
2023-01-17,2023-01-17 13:10:00,252.67,253.33,252.67,253.33,0.26,2503.32,639366.61,1
2023-01-17,2023-01-17 13:20:00,253.33,254.0,253.33,254.0,0.26,2503.32,639366.61,1
2023-01-17,2023-01-17 13:30:00,254.0,254.67,254.0,254.67,0.26,2503.32,639366.61,1
2023-01-17,2023-01-17 13:40:00,254.67,255.33,254.67,255.33,0.26,2503.32,639366.61,1
2023-01-17,2023-01-17 13:50:00,255.33,256.0,255.33,256.0,0.26,2503.32,639366.61,1
2023-01-17,2023-01-17 14:00:00,256.0,256.67,256.0,256.67,0.26,2503.32,639366.61,1
2023-01-17,2023-01-17 14:10:00,256.67,257.33,256.67,257.33,0.26,2503.32,639366.61,1
2023-01-17,2023-01-17 14:20:00,257.33,258.0,257.33,258.0,0.26,2503.32,639366.61,1
2023-01-17,2023-01-17 14:30:00,258.0,258.67,258.0,258.67,0.26,2503.32,639366.61,1
2023-01-17,2023-01-17 14:40:00,258.67,259.33,258.67,259.33,0.26,2503.32,639366.61,1
2023-01-17,2023-01-17 14:50:00,259.33,260.0,259.33,260.0,0.26,2503.32,639366.61,1
2023-01-17,2023-01-17 15:00:00,260.0,265.1,240.3,260.0,0.0,2503.32,639366.61,0
2023-01-18,2023-01-18 11:00:00,255.1,260.92,255.1,255.3,0.08,3368.84,904427.04,1
2023-01-18,2023-01-18 11:10:00,255.3,255.51,255.3,255.51,0.08,3368.84,904427.04,1
2023-01-18,2023-01-18 11:20:00,255.51,255.71,255.51,255.71,0.08,3368.84,904427.04,1
2023-01-18,2023-01-18 11:30:00,255.71,255.92,255.71,255.92,0.08,3368.84,904427.04,1
2023-01-18,2023-01-18 11:40:00,255.92,256.12,255.92,256.12,0.08,3368.84,904427.04,1
2023-01-18,2023-01-18 11:50:00,256.12,256.32,256.12,256.32,0.08,3368.84,904427.04,1
2023-01-18,2023-01-18 12:00:00,256.32,256.53,256.32,256.53,0.08,3368.84,904427.04,1
2023-01-18,2023-01-18 12:10:00,256.53,256.73,256.53,256.73,0.08,3368.84,904427.04,1
2023-01-18,2023-01-18 12:20:00,256.73,256.94,256.73,256.94,0.08,3368.84,904427.04,1
2023-01-18,2023-01-18 12:30:00,256.94,257.14,256.94,257.14,0.08,3368.84,904427.04,1
2023-01-18,2023-01-18 12:40:00,257.14,257.35,257.14,257.35,0.08,3368.84,904427.04,1
2023-01-18,2023-01-18 12:50:00,257.35,257.55,257.35,257.55,0.08,3368.84,904427.04,1
2023-01-18,2023-01-18 13:00:00,257.55,274.5,255.1,257.75,0.08,3368.84,904427.04,1
2023-01-18,2023-01-18 13:10:00,257.75,257.96,257.75,257.96,0.08,3368.84,904427.04,1
2023-01-18,2023-01-18 13:20:00,257.96,258.16,257.96,258.16,0.08,3368.84,904427.04,1
2023-01-18,2023-01-18 13:30:00,258.16,258.37,258.16,258.37,0.08,3368.84,904427.04,1
2023-01-18,2023-01-18 13:40:00,258.37,258.57,258.37,258.57,0.08,3368.84,904427.04,1
2023-01-18,2023-01-18 13:50:00,258.57,258.77,258.57,258.77,0.08,3368.84,904427.04,1
2023-01-18,2023-01-18 14:00:00,258.77,258.98,258.77,258.98,0.08,3368.84,904427.04,1
2023-01-18,2023-01-18 14:10:00,258.98,259.18,258.98,259.18,0.08,3368.84,904427.04,1
2023-01-18,2023-01-18 14:20:00,259.18,259.39,259.18,259.39,0.08,3368.84,904427.04,1
2023-01-18,2023-01-18 14:30:00,259.39,259.59,259.39,259.59,0.08,3368.84,904427.04,1
2023-01-18,2023-01-18 14:40:00,259.59,259.8,259.59,259.8,0.08,3368.84,904427.04,1
2023-01-18,2023-01-18 14:50:00,259.8,260.0,259.8,260.0,0.08,3368.84,904427.04,1
2023-01-18,2023-01-18 15:00:00,260.0,274.5,255.1,260.0,0.0,3368.84,904427.04,0
2023-01-19,2023-01-19 11:00:00,265.2,265.2,260.64,264.86,-0.13,1091.96,281223.47,-1
2023-01-19,2023-01-19 11:10:00,264.86,264.86,264.52,264.52,-0.13,1091.96,281223.47,-1
2023-01-19,2023-01-19 11:20:00,264.52,264.52,264.18,264.18,-0.13,1091.96,281223.47,-1
2023-01-19,2023-01-19 11:30:00,264.18,264.18,263.83,263.83,-0.13,1091.96,281223.47,-1
2023-01-19,2023-01-19 11:40:00,263.83,263.83,263.49,263.49,-0.13,1091.96,281223.47,-1
2023-01-19,2023-01-19 11:50:00,263.49,263.49,263.15,263.15,-0.13,1091.96,281223.47,-1
2023-01-19,2023-01-19 12:00:00,263.15,263.15,262.81,262.81,-0.13,1091.96,281223.47,-1
2023-01-19,2023-01-19 12:10:00,262.81,262.81,262.47,262.47,-0.13,1091.96,281223.47,-1
2023-01-19,2023-01-19 12:20:00,262.47,262.47,262.12,262.12,-0.13,1091.96,281223.47,-1
2023-01-19,2023-01-19 12:30:00,262.12,262.12,261.78,261.78,-0.13,1091.96,281223.47,-1
2023-01-19,2023-01-19 12:40:00,261.78,261.78,261.44,261.44,-0.13,1091.96,281223.47,-1
2023-01-19,2023-01-19 12:50:00,261.44,261.44,261.1,261.1,-0.13,1091.96,281223.47,-1
2023-01-19,2023-01-19 13:00:00,261.1,265.2,250.0,260.76,-0.13,1091.96,281223.47,-1
2023-01-19,2023-01-19 13:10:00,260.76,260.76,260.42,260.42,-0.13,1091.96,281223.47,-1
2023-01-19,2023-01-19 13:20:00,260.42,260.42,260.07,260.07,-0.13,1091.96,281223.47,-1
2023-01-19,2023-01-19 13:30:00,260.07,260.07,259.73,259.73,-0.13,1091.96,281223.47,-1
2023-01-19,2023-01-19 13:40:00,259.73,259.73,259.39,259.39,-0.13,1091.96,281223.47,-1
2023-01-19,2023-01-19 13:50:00,259.39,259.39,259.05,259.05,-0.13,1091.96,281223.47,-1
2023-01-19,2023-01-19 14:00:00,259.05,259.05,258.71,258.71,-0.13,1091.96,281223.47,-1
2023-01-19,2023-01-19 14:10:00,258.71,258.71,258.37,258.37,-0.13,1091.96,281223.47,-1
2023-01-19,2023-01-19 14:20:00,258.37,258.37,258.02,258.02,-0.14,1091.96,281223.47,-1
2023-01-19,2023-01-19 14:30:00,258.02,258.02,257.68,257.68,-0.13,1091.96,281223.47,-1
2023-01-19,2023-01-19 14:40:00,257.68,257.68,257.34,257.34,-0.13,1091.96,281223.47,-1
2023-01-19,2023-01-19 14:50:00,257.34,257.34,257.0,257.0,-0.13,1091.96,281223.47,-1
2023-01-19,2023-01-19 15:00:00,257.0,265.2,250.0,257.0,0.0,1091.96,281223.47,0
2023-01-23,2023-01-23 11:00:00,257.0,258.8,253.7,256.54,-0.18,1642.72,412063.91,-1
2023-01-23,2023-01-23 11:10:00,256.54,256.54,256.08,256.08,-0.18,1642.72,412063.91,-1
2023-01-23,2023-01-23 11:20:00,256.08,256.08,255.62,255.62,-0.18,1642.72,412063.91,-1
2023-01-23,2023-01-23 11:30:00,255.62,255.62,255.17,255.17,-0.18,1642.72,412063.91,-1
2023-01-23,2023-01-23 11:40:00,255.17,255.17,254.71,254.71,-0.18,1642.72,412063.91,-1
2023-01-23,2023-01-23 11:50:00,254.71,254.71,254.25,254.25,-0.18,1642.72,412063.91,-1
2023-01-23,2023-01-23 12:00:00,254.25,254.25,253.79,253.79,-0.18,1642.72,412063.91,-1
2023-01-23,2023-01-23 12:10:00,253.79,253.79,253.33,253.33,-0.18,1642.72,412063.91,-1
2023-01-23,2023-01-23 12:20:00,253.33,253.33,252.88,252.88,-0.18,1642.72,412063.91,-1
2023-01-23,2023-01-23 12:30:00,252.88,252.88,252.42,252.42,-0.18,1642.72,412063.91,-1
2023-01-23,2023-01-23 12:40:00,252.42,252.42,251.96,251.96,-0.18,1642.72,412063.91,-1
2023-01-23,2023-01-23 12:50:00,251.96,251.96,251.5,251.5,-0.18,1642.72,412063.91,-1
2023-01-23,2023-01-23 13:00:00,251.5,263.0,246.0,251.04,-0.18,1642.72,412063.91,-1
2023-01-23,2023-01-23 13:10:00,251.04,251.04,250.58,250.58,-0.18,1642.72,412063.91,-1
2023-01-23,2023-01-23 13:20:00,250.58,250.58,250.12,250.12,-0.18,1642.72,412063.91,-1
2023-01-23,2023-01-23 13:30:00,250.12,250.12,249.67,249.67,-0.18,1642.72,412063.91,-1
2023-01-23,2023-01-23 13:40:00,249.67,249.67,249.21,249.21,-0.18,1642.72,412063.91,-1
2023-01-23,2023-01-23 13:50:00,249.21,249.21,248.75,248.75,-0.18,1642.72,412063.91,-1
2023-01-23,2023-01-23 14:00:00,248.75,248.75,248.29,248.29,-0.18,1642.72,412063.91,-1
2023-01-23,2023-01-23 14:10:00,248.29,248.29,247.83,247.83,-0.19,1642.72,412063.91,-1
2023-01-23,2023-01-23 14:20:00,247.83,247.83,247.38,247.38,-0.18,1642.72,412063.91,-1
2023-01-23,2023-01-23 14:30:00,247.38,247.38,246.92,246.92,-0.19,1642.72,412063.91,-1
2023-01-23,2023-01-23 14:40:00,246.92,246.92,246.46,246.46,-0.19,1642.72,412063.91,-1
2023-01-23,2023-01-23 14:50:00,246.46,246.46,246.0,246.0,-0.19,1642.72,412063.91,-1
2023-01-23,2023-01-23 15:00:00,246.0,263.0,246.0,246.0,0.0,1642.72,412063.91,0
2023-01-24,2023-01-24 11:00:00,242.0,245.0,239.9,242.33,0.14,936.56,225567.04,1
2023-01-24,2023-01-24 11:10:00,242.33,242.66,242.33,242.66,0.14,936.56,225567.04,1
2023-01-24,2023-01-24 11:20:00,242.66,242.99,242.66,242.99,0.14,936.56,225567.04,1
2023-01-24,2023-01-24 11:30:00,242.99,243.32,242.99,243.32,0.14,936.56,225567.04,1
2023-01-24,2023-01-24 11:40:00,243.32,243.65,243.32,243.65,0.14,936.56,225567.04,1
2023-01-24,2023-01-24 11:50:00,243.65,243.97,243.65,243.97,0.13,936.56,225567.04,1
2023-01-24,2023-01-24 12:00:00,243.97,244.3,243.97,244.3,0.14,936.56,225567.04,1
2023-01-24,2023-01-24 12:10:00,244.3,244.63,244.3,244.63,0.14,936.56,225567.04,1
2023-01-24,2023-01-24 12:20:00,244.63,244.96,244.63,244.96,0.13,936.56,225567.04,1
2023-01-24,2023-01-24 12:30:00,244.96,245.29,244.96,245.29,0.13,936.56,225567.04,1
2023-01-24,2023-01-24 12:40:00,245.29,245.62,245.29,245.62,0.13,936.56,225567.04,1
2023-01-24,2023-01-24 12:50:00,245.62,245.95,245.62,245.95,0.13,936.56,225567.04,1
2023-01-24,2023-01-24 13:00:00,245.95,252.0,235.0,246.28,0.13,936.56,225567.04,1
2023-01-24,2023-01-24 13:10:00,246.28,246.61,246.28,246.61,0.13,936.56,225567.04,1
2023-01-24,2023-01-24 13:20:00,246.61,246.94,246.61,246.94,0.13,936.56,225567.04,1
2023-01-24,2023-01-24 13:30:00,246.94,247.27,246.94,247.27,0.13,936.56,225567.04,1
2023-01-24,2023-01-24 13:40:00,247.27,247.6,247.27,247.6,0.13,936.56,225567.04,1
2023-01-24,2023-01-24 13:50:00,247.6,247.93,247.6,247.93,0.13,936.56,225567.04,1
2023-01-24,2023-01-24 14:00:00,247.93,248.25,247.93,248.25,0.13,936.56,225567.04,1
2023-01-24,2023-01-24 14:10:00,248.25,248.58,248.25,248.58,0.13,936.56,225567.04,1
2023-01-24,2023-01-24 14:20:00,248.58,248.91,248.58,248.91,0.13,936.56,225567.04,1
2023-01-24,2023-01-24 14:30:00,248.91,249.24,248.91,249.24,0.13,936.56,225567.04,1
2023-01-24,2023-01-24 14:40:00,249.24,249.57,249.24,249.57,0.13,936.56,225567.04,1
2023-01-24,2023-01-24 14:50:00,249.57,249.9,249.57,249.9,0.13,936.56,225567.04,1
2023-01-24,2023-01-24 15:00:00,249.9,252.0,235.0,249.9,0.0,936.56,225567.04,0
2023-01-25,2023-01-25 11:00:00,245.0,250.94,245.0,245.29,0.12,589.44,149769.83,1
2023-01-25,2023-01-25 11:10:00,245.29,245.58,245.29,245.58,0.12,589.44,149769.83,1
2023-01-25,2023-01-25 11:20:00,245.58,245.88,245.58,245.88,0.12,589.44,149769.83,1
2023-01-25,2023-01-25 11:30:00,245.88,246.17,245.88,246.17,0.12,589.44,149769.83,1
2023-01-25,2023-01-25 11:40:00,246.17,246.46,246.17,246.46,0.12,589.44,149769.83,1
2023-01-25,2023-01-25 11:50:00,246.46,246.75,246.46,246.75,0.12,589.44,149769.83,1
2023-01-25,2023-01-25 12:00:00,246.75,247.04,246.75,247.04,0.12,589.44,149769.83,1
2023-01-25,2023-01-25 12:10:00,247.04,247.33,247.04,247.33,0.12,589.44,149769.83,1
2023-01-25,2023-01-25 12:20:00,247.33,247.62,247.33,247.62,0.12,589.44,149769.83,1
2023-01-25,2023-01-25 12:30:00,247.62,247.92,247.62,247.92,0.12,589.44,149769.83,1
2023-01-25,2023-01-25 12:40:00,247.92,248.21,247.92,248.21,0.12,589.44,149769.83,1
2023-01-25,2023-01-25 12:50:00,248.21,248.5,248.21,248.5,0.12,589.44,149769.83,1
2023-01-25,2023-01-25 13:00:00,248.5,264.8,245.0,248.79,0.12,589.44,149769.83,1
2023-01-25,2023-01-25 13:10:00,248.79,249.08,248.79,249.08,0.12,589.44,149769.83,1
2023-01-25,2023-01-25 13:20:00,249.08,249.38,249.08,249.38,0.12,589.44,149769.83,1
2023-01-25,2023-01-25 13:30:00,249.38,249.67,249.38,249.67,0.12,589.44,149769.83,1
2023-01-25,2023-01-25 13:40:00,249.67,249.96,249.67,249.96,0.12,589.44,149769.83,1
2023-01-25,2023-01-25 13:50:00,249.96,250.25,249.96,250.25,0.12,589.44,149769.83,1
2023-01-25,2023-01-25 14:00:00,250.25,250.54,250.25,250.54,0.12,589.44,149769.83,1
2023-01-25,2023-01-25 14:10:00,250.54,250.83,250.54,250.83,0.12,589.44,149769.83,1
2023-01-25,2023-01-25 14:20:00,250.83,251.12,250.83,251.12,0.12,589.44,149769.83,1
2023-01-25,2023-01-25 14:30:00,251.12,251.42,251.12,251.42,0.12,589.44,149769.83,1
2023-01-25,2023-01-25 14:40:00,251.42,251.71,251.42,251.71,0.12,589.44,149769.83,1
2023-01-25,2023-01-25 14:50:00,251.71,252.0,251.71,252.0,0.12,589.44,149769.83,1
2023-01-25,2023-01-25 15:00:00,252.0,264.8,245.0,252.0,0.0,589.44,149769.83,0
2023-01-26,2023-01-26 11:00:00,256.5,256.95,254.28,256.35,-0.06,1325.08,335589.98,-1
2023-01-26,2023-01-26 11:10:00,256.35,256.35,256.21,256.21,-0.05,1325.08,335589.98,-1
2023-01-26,2023-01-26 11:20:00,256.21,256.21,256.06,256.06,-0.06,1325.08,335589.98,-1
2023-01-26,2023-01-26 11:30:00,256.06,256.06,255.92,255.92,-0.05,1325.08,335589.98,-1
2023-01-26,2023-01-26 11:40:00,255.92,255.92,255.77,255.77,-0.06,1325.08,335589.98,-1
2023-01-26,2023-01-26 11:50:00,255.77,255.77,255.62,255.62,-0.06,1325.08,335589.98,-1
2023-01-26,2023-01-26 12:00:00,255.62,255.62,255.48,255.48,-0.05,1325.08,335589.98,-1
2023-01-26,2023-01-26 12:10:00,255.48,255.48,255.33,255.33,-0.06,1325.08,335589.98,-1
2023-01-26,2023-01-26 12:20:00,255.33,255.33,255.19,255.19,-0.05,1325.08,335589.98,-1
2023-01-26,2023-01-26 12:30:00,255.19,255.19,255.04,255.04,-0.06,1325.08,335589.98,-1
2023-01-26,2023-01-26 12:40:00,255.04,255.04,254.9,254.9,-0.05,1325.08,335589.98,-1
2023-01-26,2023-01-26 12:50:00,254.9,254.9,254.75,254.75,-0.06,1325.08,335589.98,-1
2023-01-26,2023-01-26 13:00:00,254.75,258.0,249.1,254.6,-0.06,1325.08,335589.98,-1
2023-01-26,2023-01-26 13:10:00,254.6,254.6,254.46,254.46,-0.05,1325.08,335589.98,-1
2023-01-26,2023-01-26 13:20:00,254.46,254.46,254.31,254.31,-0.06,1325.08,335589.98,-1
2023-01-26,2023-01-26 13:30:00,254.31,254.31,254.17,254.17,-0.06,1325.08,335589.98,-1
2023-01-26,2023-01-26 13:40:00,254.17,254.17,254.02,254.02,-0.06,1325.08,335589.98,-1
2023-01-26,2023-01-26 13:50:00,254.02,254.02,253.88,253.88,-0.06,1325.08,335589.98,-1
2023-01-26,2023-01-26 14:00:00,253.88,253.88,253.73,253.73,-0.06,1325.08,335589.98,-1
2023-01-26,2023-01-26 14:10:00,253.73,253.73,253.58,253.58,-0.06,1325.08,335589.98,-1
2023-01-26,2023-01-26 14:20:00,253.58,253.58,253.44,253.44,-0.06,1325.08,335589.98,-1
2023-01-26,2023-01-26 14:30:00,253.44,253.44,253.29,253.29,-0.06,1325.08,335589.98,-1
2023-01-26,2023-01-26 14:40:00,253.29,253.29,253.15,253.15,-0.06,1325.08,335589.98,-1
2023-01-26,2023-01-26 14:50:00,253.15,253.15,253.0,253.0,-0.06,1325.08,335589.98,-1
2023-01-26,2023-01-26 15:00:00,253.0,258.0,249.1,253.0,0.0,1325.08,335589.98,0
2023-01-29,2023-01-29 11:00:00,250.0,256.6,249.4,250.58,0.23,4903.24,1300661.24,1
2023-01-29,2023-01-29 11:10:00,250.58,251.16,250.58,251.16,0.23,4903.24,1300661.24,1
2023-01-29,2023-01-29 11:20:00,251.16,251.74,251.16,251.74,0.23,4903.24,1300661.24,1
2023-01-29,2023-01-29 11:30:00,251.74,252.32,251.74,252.32,0.23,4903.24,1300661.24,1
2023-01-29,2023-01-29 11:40:00,252.32,252.9,252.32,252.9,0.23,4903.24,1300661.24,1
2023-01-29,2023-01-29 11:50:00,252.9,253.47,252.9,253.47,0.23,4903.24,1300661.24,1
2023-01-29,2023-01-29 12:00:00,253.47,254.05,253.47,254.05,0.23,4903.24,1300661.24,1
2023-01-29,2023-01-29 12:10:00,254.05,254.63,254.05,254.63,0.23,4903.24,1300661.24,1
2023-01-29,2023-01-29 12:20:00,254.63,255.21,254.63,255.21,0.23,4903.24,1300661.24,1
2023-01-29,2023-01-29 12:30:00,255.21,255.79,255.21,255.79,0.23,4903.24,1300661.24,1
2023-01-29,2023-01-29 12:40:00,255.79,256.37,255.79,256.37,0.23,4903.24,1300661.24,1
2023-01-29,2023-01-29 12:50:00,256.37,256.95,256.37,256.95,0.23,4903.24,1300661.24,1
2023-01-29,2023-01-29 13:00:00,256.95,272.0,248.0,257.53,0.23,4903.24,1300661.24,1
2023-01-29,2023-01-29 13:10:00,257.53,258.11,257.53,258.11,0.23,4903.24,1300661.24,1
2023-01-29,2023-01-29 13:20:00,258.11,258.69,258.11,258.69,0.22,4903.24,1300661.24,1
2023-01-29,2023-01-29 13:30:00,258.69,259.27,258.69,259.27,0.22,4903.24,1300661.24,1
2023-01-29,2023-01-29 13:40:00,259.27,259.85,259.27,259.85,0.22,4903.24,1300661.24,1
2023-01-29,2023-01-29 13:50:00,259.85,260.42,259.85,260.42,0.22,4903.24,1300661.24,1
2023-01-29,2023-01-29 14:00:00,260.42,261.0,260.42,261.0,0.22,4903.24,1300661.24,1
2023-01-29,2023-01-29 14:10:00,261.0,261.58,261.0,261.58,0.22,4903.24,1300661.24,1
2023-01-29,2023-01-29 14:20:00,261.58,262.16,261.58,262.16,0.22,4903.24,1300661.24,1
2023-01-29,2023-01-29 14:30:00,262.16,262.74,262.16,262.74,0.22,4903.24,1300661.24,1
2023-01-29,2023-01-29 14:40:00,262.74,263.32,262.74,263.32,0.22,4903.24,1300661.24,1
2023-01-29,2023-01-29 14:50:00,263.32,263.9,263.32,263.9,0.22,4903.24,1300661.24,1
2023-01-29,2023-01-29 15:00:00,263.9,272.0,248.0,263.9,0.0,4903.24,1300661.24,0
2023-01-30,2023-01-30 11:00:00,265.0,266.2,262.3,264.96,-0.02,2133.24,560678.64,-1
2023-01-30,2023-01-30 11:10:00,264.96,264.96,264.92,264.92,-0.02,2133.24,560678.64,-1
2023-01-30,2023-01-30 11:20:00,264.92,264.92,264.88,264.88,-0.02,2133.24,560678.64,-1
2023-01-30,2023-01-30 11:30:00,264.88,264.88,264.83,264.83,-0.02,2133.24,560678.64,-1
2023-01-30,2023-01-30 11:40:00,264.83,264.83,264.79,264.79,-0.02,2133.24,560678.64,-1
2023-01-30,2023-01-30 11:50:00,264.79,264.79,264.75,264.75,-0.02,2133.24,560678.64,-1
2023-01-30,2023-01-30 12:00:00,264.75,264.75,264.71,264.71,-0.02,2133.24,560678.64,-1
2023-01-30,2023-01-30 12:10:00,264.71,264.71,264.67,264.67,-0.02,2133.24,560678.64,-1
2023-01-30,2023-01-30 12:20:00,264.67,264.67,264.62,264.62,-0.02,2133.24,560678.64,-1
2023-01-30,2023-01-30 12:30:00,264.62,264.62,264.58,264.58,-0.02,2133.24,560678.64,-1
2023-01-30,2023-01-30 12:40:00,264.58,264.58,264.54,264.54,-0.02,2133.24,560678.64,-1
2023-01-30,2023-01-30 12:50:00,264.54,264.54,264.5,264.5,-0.02,2133.24,560678.64,-1
2023-01-30,2023-01-30 13:00:00,264.5,269.0,256.0,264.46,-0.02,2133.24,560678.64,-1
2023-01-30,2023-01-30 13:10:00,264.46,264.46,264.42,264.42,-0.02,2133.24,560678.64,-1
2023-01-30,2023-01-30 13:20:00,264.42,264.42,264.38,264.38,-0.02,2133.24,560678.64,-1
2023-01-30,2023-01-30 13:30:00,264.38,264.38,264.33,264.33,-0.02,2133.24,560678.64,-1
2023-01-30,2023-01-30 13:40:00,264.33,264.33,264.29,264.29,-0.02,2133.24,560678.64,-1
2023-01-30,2023-01-30 13:50:00,264.29,264.29,264.25,264.25,-0.02,2133.24,560678.64,-1
2023-01-30,2023-01-30 14:00:00,264.25,264.25,264.21,264.21,-0.02,2133.24,560678.64,-1
2023-01-30,2023-01-30 14:10:00,264.21,264.21,264.17,264.17,-0.02,2133.24,560678.64,-1
2023-01-30,2023-01-30 14:20:00,264.17,264.17,264.12,264.12,-0.02,2133.24,560678.64,-1
2023-01-30,2023-01-30 14:30:00,264.12,264.12,264.08,264.08,-0.02,2133.24,560678.64,-1
2023-01-30,2023-01-30 14:40:00,264.08,264.08,264.04,264.04,-0.02,2133.24,560678.64,-1
2023-01-30,2023-01-30 14:50:00,264.04,264.04,264.0,264.0,-0.02,2133.24,560678.64,-1
2023-01-30,2023-01-30 15:00:00,264.0,269.0,256.0,264.0,0.0,2133.24,560678.64,0
2023-01-31,2023-01-31 11:00:00,264.0,265.8,261.0,264.0,0.0,2857.44,753686.97,0
2023-01-31,2023-01-31 11:10:00,264.0,264.0,264.0,264.0,0.0,2857.44,753686.97,0
2023-01-31,2023-01-31 11:20:00,264.0,264.0,264.0,264.0,0.0,2857.44,753686.97,0
2023-01-31,2023-01-31 11:30:00,264.0,264.0,264.0,264.0,0.0,2857.44,753686.97,0
2023-01-31,2023-01-31 11:40:00,264.0,264.0,264.0,264.0,0.0,2857.44,753686.97,0
2023-01-31,2023-01-31 11:50:00,264.0,264.0,264.0,264.0,0.0,2857.44,753686.97,0
2023-01-31,2023-01-31 12:00:00,264.0,264.0,264.0,264.0,0.0,2857.44,753686.97,0
2023-01-31,2023-01-31 12:10:00,264.0,264.0,264.0,264.0,0.0,2857.44,753686.97,0
2023-01-31,2023-01-31 12:20:00,264.0,264.0,264.0,264.0,0.0,2857.44,753686.97,0
2023-01-31,2023-01-31 12:30:00,264.0,264.0,264.0,264.0,0.0,2857.44,753686.97,0
2023-01-31,2023-01-31 12:40:00,264.0,264.0,264.0,264.0,0.0,2857.44,753686.97,0
2023-01-31,2023-01-31 12:50:00,264.0,264.0,264.0,264.0,0.0,2857.44,753686.97,0
2023-01-31,2023-01-31 13:00:00,264.0,270.0,254.0,264.0,0.0,2857.44,753686.97,0
2023-01-31,2023-01-31 13:10:00,264.0,264.0,264.0,264.0,0.0,2857.44,753686.97,0
2023-01-31,2023-01-31 13:20:00,264.0,264.0,264.0,264.0,0.0,2857.44,753686.97,0
2023-01-31,2023-01-31 13:30:00,264.0,264.0,264.0,264.0,0.0,2857.44,753686.97,0
2023-01-31,2023-01-31 13:40:00,264.0,264.0,264.0,264.0,0.0,2857.44,753686.97,0
2023-01-31,2023-01-31 13:50:00,264.0,264.0,264.0,264.0,0.0,2857.44,753686.97,0
2023-01-31,2023-01-31 14:00:00,264.0,264.0,264.0,264.0,0.0,2857.44,753686.97,0
2023-01-31,2023-01-31 14:10:00,264.0,264.0,264.0,264.0,0.0,2857.44,753686.97,0
2023-01-31,2023-01-31 14:20:00,264.0,264.0,264.0,264.0,0.0,2857.44,753686.97,0
2023-01-31,2023-01-31 14:30:00,264.0,264.0,264.0,264.0,0.0,2857.44,753686.97,0
2023-01-31,2023-01-31 14:40:00,264.0,264.0,264.0,264.0,0.0,2857.44,753686.97,0
2023-01-31,2023-01-31 14:50:00,264.0,264.0,264.0,264.0,0.0,2857.44,753686.97,0
2023-01-31,2023-01-31 15:00:00,264.0,270.0,254.0,264.0,0.0,2857.44,753686.97,0
2023-02-01,2023-02-01 11:00:00,269.2,269.2,266.05,269.07,-0.05,2294.72,606888.12,-1
2023-02-01,2023-02-01 11:10:00,269.07,269.07,268.93,268.93,-0.05,2294.72,606888.12,-1
2023-02-01,2023-02-01 11:20:00,268.93,268.93,268.8,268.8,-0.05,2294.72,606888.12,-1
2023-02-01,2023-02-01 11:30:00,268.8,268.8,268.67,268.67,-0.05,2294.72,606888.12,-1
2023-02-01,2023-02-01 11:40:00,268.67,268.67,268.53,268.53,-0.05,2294.72,606888.12,-1
2023-02-01,2023-02-01 11:50:00,268.53,268.53,268.4,268.4,-0.05,2294.72,606888.12,-1
2023-02-01,2023-02-01 12:00:00,268.4,268.4,268.27,268.27,-0.05,2294.72,606888.12,-1
2023-02-01,2023-02-01 12:10:00,268.27,268.27,268.13,268.13,-0.05,2294.72,606888.12,-1
2023-02-01,2023-02-01 12:20:00,268.13,268.13,268.0,268.0,-0.05,2294.72,606888.12,-1
2023-02-01,2023-02-01 12:30:00,268.0,268.0,267.87,267.87,-0.05,2294.72,606888.12,-1
2023-02-01,2023-02-01 12:40:00,267.87,267.87,267.73,267.73,-0.05,2294.72,606888.12,-1
2023-02-01,2023-02-01 12:50:00,267.73,267.73,267.6,267.6,-0.05,2294.72,606888.12,-1
2023-02-01,2023-02-01 13:00:00,267.6,269.2,258.7,267.47,-0.05,2294.72,606888.12,-1
2023-02-01,2023-02-01 13:10:00,267.47,267.47,267.33,267.33,-0.05,2294.72,606888.12,-1
2023-02-01,2023-02-01 13:20:00,267.33,267.33,267.2,267.2,-0.05,2294.72,606888.12,-1
2023-02-01,2023-02-01 13:30:00,267.2,267.2,267.07,267.07,-0.05,2294.72,606888.12,-1
2023-02-01,2023-02-01 13:40:00,267.07,267.07,266.93,266.93,-0.05,2294.72,606888.12,-1
2023-02-01,2023-02-01 13:50:00,266.93,266.93,266.8,266.8,-0.05,2294.72,606888.12,-1
2023-02-01,2023-02-01 14:00:00,266.8,266.8,266.67,266.67,-0.05,2294.72,606888.12,-1
2023-02-01,2023-02-01 14:10:00,266.67,266.67,266.53,266.53,-0.05,2294.72,606888.12,-1
2023-02-01,2023-02-01 14:20:00,266.53,266.53,266.4,266.4,-0.05,2294.72,606888.12,-1
2023-02-01,2023-02-01 14:30:00,266.4,266.4,266.27,266.27,-0.05,2294.72,606888.12,-1
2023-02-01,2023-02-01 14:40:00,266.27,266.27,266.13,266.13,-0.05,2294.72,606888.12,-1
2023-02-01,2023-02-01 14:50:00,266.13,266.13,266.0,266.0,-0.05,2294.72,606888.12,-1
2023-02-01,2023-02-01 15:00:00,266.0,269.2,258.7,266.0,0.0,2294.72,606888.12,0
2023-02-02,2023-02-02 11:00:00,271.3,271.3,266.44,270.83,-0.17,971.28,252839.89,-1
2023-02-02,2023-02-02 11:10:00,270.83,270.83,270.36,270.36,-0.17,971.28,252839.89,-1
2023-02-02,2023-02-02 11:20:00,270.36,270.36,269.89,269.89,-0.17,971.28,252839.89,-1
2023-02-02,2023-02-02 11:30:00,269.89,269.89,269.42,269.42,-0.17,971.28,252839.89,-1
2023-02-02,2023-02-02 11:40:00,269.42,269.42,268.95,268.95,-0.17,971.28,252839.89,-1
2023-02-02,2023-02-02 11:50:00,268.95,268.95,268.48,268.48,-0.17,971.28,252839.89,-1
2023-02-02,2023-02-02 12:00:00,268.48,268.48,268.0,268.0,-0.18,971.28,252839.89,-1
2023-02-02,2023-02-02 12:10:00,268.0,268.0,267.53,267.53,-0.18,971.28,252839.89,-1
2023-02-02,2023-02-02 12:20:00,267.53,267.53,267.06,267.06,-0.18,971.28,252839.89,-1
2023-02-02,2023-02-02 12:30:00,267.06,267.06,266.59,266.59,-0.18,971.28,252839.89,-1
2023-02-02,2023-02-02 12:40:00,266.59,266.59,266.12,266.12,-0.18,971.28,252839.89,-1
2023-02-02,2023-02-02 12:50:00,266.12,266.12,265.65,265.65,-0.18,971.28,252839.89,-1
2023-02-02,2023-02-02 13:00:00,265.65,271.3,255.1,265.18,-0.18,971.28,252839.89,-1
2023-02-02,2023-02-02 13:10:00,265.18,265.18,264.71,264.71,-0.18,971.28,252839.89,-1
2023-02-02,2023-02-02 13:20:00,264.71,264.71,264.24,264.24,-0.18,971.28,252839.89,-1
2023-02-02,2023-02-02 13:30:00,264.24,264.24,263.77,263.77,-0.18,971.28,252839.89,-1
2023-02-02,2023-02-02 13:40:00,263.77,263.77,263.3,263.3,-0.18,971.28,252839.89,-1
2023-02-02,2023-02-02 13:50:00,263.3,263.3,262.82,262.82,-0.18,971.28,252839.89,-1
2023-02-02,2023-02-02 14:00:00,262.82,262.82,262.35,262.35,-0.18,971.28,252839.89,-1
2023-02-02,2023-02-02 14:10:00,262.35,262.35,261.88,261.88,-0.18,971.28,252839.89,-1
2023-02-02,2023-02-02 14:20:00,261.88,261.88,261.41,261.41,-0.18,971.28,252839.89,-1
2023-02-02,2023-02-02 14:30:00,261.41,261.41,260.94,260.94,-0.18,971.28,252839.89,-1
2023-02-02,2023-02-02 14:40:00,260.94,260.94,260.47,260.47,-0.18,971.28,252839.89,-1
2023-02-02,2023-02-02 14:50:00,260.47,260.47,260.0,260.0,-0.18,971.28,252839.89,-1
2023-02-02,2023-02-02 15:00:00,260.0,271.3,255.1,260.0,0.0,971.28,252839.89,0
2023-02-05,2023-02-05 11:00:00,265.2,266.04,262.95,265.15,-0.02,1311.0,344671.64,-1
2023-02-05,2023-02-05 11:10:00,265.15,265.15,265.09,265.09,-0.02,1311.0,344671.64,-1
2023-02-05,2023-02-05 11:20:00,265.09,265.09,265.04,265.04,-0.02,1311.0,344671.64,-1
2023-02-05,2023-02-05 11:30:00,265.04,265.04,264.98,264.98,-0.02,1311.0,344671.64,-1
2023-02-05,2023-02-05 11:40:00,264.98,264.98,264.93,264.93,-0.02,1311.0,344671.64,-1
2023-02-05,2023-02-05 11:50:00,264.93,264.93,264.88,264.88,-0.02,1311.0,344671.64,-1
2023-02-05,2023-02-05 12:00:00,264.88,264.88,264.82,264.82,-0.02,1311.0,344671.64,-1
2023-02-05,2023-02-05 12:10:00,264.82,264.82,264.77,264.77,-0.02,1311.0,344671.64,-1
2023-02-05,2023-02-05 12:20:00,264.77,264.77,264.71,264.71,-0.02,1311.0,344671.64,-1
2023-02-05,2023-02-05 12:30:00,264.71,264.71,264.66,264.66,-0.02,1311.0,344671.64,-1
2023-02-05,2023-02-05 12:40:00,264.66,264.66,264.6,264.6,-0.02,1311.0,344671.64,-1
2023-02-05,2023-02-05 12:50:00,264.6,264.6,264.55,264.55,-0.02,1311.0,344671.64,-1
2023-02-05,2023-02-05 13:00:00,264.55,268.0,257.7,264.5,-0.02,1311.0,344671.64,-1
2023-02-05,2023-02-05 13:10:00,264.5,264.5,264.44,264.44,-0.02,1311.0,344671.64,-1
2023-02-05,2023-02-05 13:20:00,264.44,264.44,264.39,264.39,-0.02,1311.0,344671.64,-1
2023-02-05,2023-02-05 13:30:00,264.39,264.39,264.33,264.33,-0.02,1311.0,344671.64,-1
2023-02-05,2023-02-05 13:40:00,264.33,264.33,264.28,264.28,-0.02,1311.0,344671.64,-1
2023-02-05,2023-02-05 13:50:00,264.28,264.28,264.22,264.22,-0.02,1311.0,344671.64,-1
2023-02-05,2023-02-05 14:00:00,264.22,264.22,264.17,264.17,-0.02,1311.0,344671.64,-1
2023-02-05,2023-02-05 14:10:00,264.17,264.17,264.12,264.12,-0.02,1311.0,344671.64,-1
2023-02-05,2023-02-05 14:20:00,264.12,264.12,264.06,264.06,-0.02,1311.0,344671.64,-1
2023-02-05,2023-02-05 14:30:00,264.06,264.06,264.01,264.01,-0.02,1311.0,344671.64,-1
2023-02-05,2023-02-05 14:40:00,264.01,264.01,263.95,263.95,-0.02,1311.0,344671.64,-1
2023-02-05,2023-02-05 14:50:00,263.95,263.95,263.9,263.9,-0.02,1311.0,344671.64,-1
2023-02-05,2023-02-05 15:00:00,263.9,268.0,257.7,263.9,0.0,1311.0,344671.64,0
2023-02-06,2023-02-06 11:00:00,258.7,262.09,257.29,259.17,0.18,1845.04,487046.48,1
2023-02-06,2023-02-06 11:10:00,259.17,259.64,259.17,259.64,0.18,1845.04,487046.48,1
2023-02-06,2023-02-06 11:20:00,259.64,260.11,259.64,260.11,0.18,1845.04,487046.48,1
2023-02-06,2023-02-06 11:30:00,260.11,260.58,260.11,260.58,0.18,1845.04,487046.48,1
2023-02-06,2023-02-06 11:40:00,260.58,261.05,260.58,261.05,0.18,1845.04,487046.48,1
2023-02-06,2023-02-06 11:50:00,261.05,261.52,261.05,261.52,0.18,1845.04,487046.48,1
2023-02-06,2023-02-06 12:00:00,261.52,262.0,261.52,262.0,0.18,1845.04,487046.48,1
2023-02-06,2023-02-06 12:10:00,262.0,262.47,262.0,262.47,0.18,1845.04,487046.48,1
2023-02-06,2023-02-06 12:20:00,262.47,262.94,262.47,262.94,0.18,1845.04,487046.48,1
2023-02-06,2023-02-06 12:30:00,262.94,263.41,262.94,263.41,0.18,1845.04,487046.48,1
2023-02-06,2023-02-06 12:40:00,263.41,263.88,263.41,263.88,0.18,1845.04,487046.48,1
2023-02-06,2023-02-06 12:50:00,263.88,264.35,263.88,264.35,0.18,1845.04,487046.48,1
2023-02-06,2023-02-06 13:00:00,264.35,270.0,254.0,264.82,0.18,1845.04,487046.48,1
2023-02-06,2023-02-06 13:10:00,264.82,265.29,264.82,265.29,0.18,1845.04,487046.48,1
2023-02-06,2023-02-06 13:20:00,265.29,265.76,265.29,265.76,0.18,1845.04,487046.48,1
2023-02-06,2023-02-06 13:30:00,265.76,266.23,265.76,266.23,0.18,1845.04,487046.48,1
2023-02-06,2023-02-06 13:40:00,266.23,266.7,266.23,266.7,0.18,1845.04,487046.48,1
2023-02-06,2023-02-06 13:50:00,266.7,267.18,266.7,267.18,0.18,1845.04,487046.48,1
2023-02-06,2023-02-06 14:00:00,267.18,267.65,267.18,267.65,0.18,1845.04,487046.48,1
2023-02-06,2023-02-06 14:10:00,267.65,268.12,267.65,268.12,0.18,1845.04,487046.48,1
2023-02-06,2023-02-06 14:20:00,268.12,268.59,268.12,268.59,0.18,1845.04,487046.48,1
2023-02-06,2023-02-06 14:30:00,268.59,269.06,268.59,269.06,0.17,1845.04,487046.48,1
2023-02-06,2023-02-06 14:40:00,269.06,269.53,269.06,269.53,0.17,1845.04,487046.48,1
2023-02-06,2023-02-06 14:50:00,269.53,270.0,269.53,270.0,0.17,1845.04,487046.48,1
2023-02-06,2023-02-06 15:00:00,270.0,270.0,254.0,270.0,0.0,1845.04,487046.48,0
2023-02-07,2023-02-07 11:00:00,265.0,274.0,265.0,266.19,0.45,5981.0,1675128.42,1
2023-02-07,2023-02-07 11:10:00,266.19,267.38,266.19,267.38,0.45,5981.0,1675128.42,1
2023-02-07,2023-02-07 11:20:00,267.38,268.56,267.38,268.56,0.44,5981.0,1675128.42,1
2023-02-07,2023-02-07 11:30:00,268.56,269.75,268.56,269.75,0.44,5981.0,1675128.42,1
2023-02-07,2023-02-07 11:40:00,269.75,270.94,269.75,270.94,0.44,5981.0,1675128.42,1
2023-02-07,2023-02-07 11:50:00,270.94,272.12,270.94,272.12,0.44,5981.0,1675128.42,1
2023-02-07,2023-02-07 12:00:00,272.12,273.31,272.12,273.31,0.44,5981.0,1675128.42,1
2023-02-07,2023-02-07 12:10:00,273.31,274.5,273.31,274.5,0.44,5981.0,1675128.42,1
2023-02-07,2023-02-07 12:20:00,274.5,275.69,274.5,275.69,0.43,5981.0,1675128.42,1
2023-02-07,2023-02-07 12:30:00,275.69,276.88,275.69,276.88,0.43,5981.0,1675128.42,1
2023-02-07,2023-02-07 12:40:00,276.88,278.06,276.88,278.06,0.43,5981.0,1675128.42,1
2023-02-07,2023-02-07 12:50:00,278.06,279.25,278.06,279.25,0.43,5981.0,1675128.42,1
2023-02-07,2023-02-07 13:00:00,279.25,295.0,265.0,280.44,0.43,5981.0,1675128.42,1
2023-02-07,2023-02-07 13:10:00,280.44,281.62,280.44,281.62,0.42,5981.0,1675128.42,1
2023-02-07,2023-02-07 13:20:00,281.62,282.81,281.62,282.81,0.42,5981.0,1675128.42,1
2023-02-07,2023-02-07 13:30:00,282.81,284.0,282.81,284.0,0.42,5981.0,1675128.42,1
2023-02-07,2023-02-07 13:40:00,284.0,285.19,284.0,285.19,0.42,5981.0,1675128.42,1
2023-02-07,2023-02-07 13:50:00,285.19,286.38,285.19,286.38,0.42,5981.0,1675128.42,1
2023-02-07,2023-02-07 14:00:00,286.38,287.56,286.38,287.56,0.41,5981.0,1675128.42,1
2023-02-07,2023-02-07 14:10:00,287.56,288.75,287.56,288.75,0.41,5981.0,1675128.42,1
2023-02-07,2023-02-07 14:20:00,288.75,289.94,288.75,289.94,0.41,5981.0,1675128.42,1
2023-02-07,2023-02-07 14:30:00,289.94,291.12,289.94,291.12,0.41,5981.0,1675128.42,1
2023-02-07,2023-02-07 14:40:00,291.12,292.31,291.12,292.31,0.41,5981.0,1675128.42,1
2023-02-07,2023-02-07 14:50:00,292.31,293.5,292.31,293.5,0.41,5981.0,1675128.42,1
2023-02-07,2023-02-07 15:00:00,293.5,295.0,265.0,293.5,0.0,5981.0,1675128.42,0
2023-02-08,2023-02-08 11:00:00,294.0,298.8,294.0,294.25,0.09,5418.24,1637008.84,1
2023-02-08,2023-02-08 11:10:00,294.25,294.5,294.25,294.5,0.08,5418.24,1637008.84,1
2023-02-08,2023-02-08 11:20:00,294.5,294.75,294.5,294.75,0.08,5418.24,1637008.84,1
2023-02-08,2023-02-08 11:30:00,294.75,295.0,294.75,295.0,0.08,5418.24,1637008.84,1
2023-02-08,2023-02-08 11:40:00,295.0,295.25,295.0,295.25,0.08,5418.24,1637008.84,1
2023-02-08,2023-02-08 11:50:00,295.25,295.5,295.25,295.5,0.08,5418.24,1637008.84,1
2023-02-08,2023-02-08 12:00:00,295.5,295.75,295.5,295.75,0.08,5418.24,1637008.84,1
2023-02-08,2023-02-08 12:10:00,295.75,296.0,295.75,296.0,0.08,5418.24,1637008.84,1
2023-02-08,2023-02-08 12:20:00,296.0,296.25,296.0,296.25,0.08,5418.24,1637008.84,1
2023-02-08,2023-02-08 12:30:00,296.25,296.5,296.25,296.5,0.08,5418.24,1637008.84,1
2023-02-08,2023-02-08 12:40:00,296.5,296.75,296.5,296.75,0.08,5418.24,1637008.84,1
2023-02-08,2023-02-08 12:50:00,296.75,297.0,296.75,297.0,0.08,5418.24,1637008.84,1
2023-02-08,2023-02-08 13:00:00,297.0,310.0,294.0,297.25,0.08,5418.24,1637008.84,1
2023-02-08,2023-02-08 13:10:00,297.25,297.5,297.25,297.5,0.08,5418.24,1637008.84,1
2023-02-08,2023-02-08 13:20:00,297.5,297.75,297.5,297.75,0.08,5418.24,1637008.84,1
2023-02-08,2023-02-08 13:30:00,297.75,298.0,297.75,298.0,0.08,5418.24,1637008.84,1
2023-02-08,2023-02-08 13:40:00,298.0,298.25,298.0,298.25,0.08,5418.24,1637008.84,1
2023-02-08,2023-02-08 13:50:00,298.25,298.5,298.25,298.5,0.08,5418.24,1637008.84,1
2023-02-08,2023-02-08 14:00:00,298.5,298.75,298.5,298.75,0.08,5418.24,1637008.84,1
2023-02-08,2023-02-08 14:10:00,298.75,299.0,298.75,299.0,0.08,5418.24,1637008.84,1
2023-02-08,2023-02-08 14:20:00,299.0,299.25,299.0,299.25,0.08,5418.24,1637008.84,1
2023-02-08,2023-02-08 14:30:00,299.25,299.5,299.25,299.5,0.08,5418.24,1637008.84,1
2023-02-08,2023-02-08 14:40:00,299.5,299.75,299.5,299.75,0.08,5418.24,1637008.84,1
2023-02-08,2023-02-08 14:50:00,299.75,300.0,299.75,300.0,0.08,5418.24,1637008.84,1
2023-02-08,2023-02-08 15:00:00,300.0,310.0,294.0,300.0,0.0,5418.24,1637008.84,0
2023-02-09,2023-02-09 11:00:00,300.0,305.4,298.83,300.7,0.23,4225.12,1292081.18,1
2023-02-09,2023-02-09 11:10:00,300.7,301.41,300.7,301.41,0.24,4225.12,1292081.18,1
2023-02-09,2023-02-09 11:20:00,301.41,302.11,301.41,302.11,0.23,4225.12,1292081.18,1
2023-02-09,2023-02-09 11:30:00,302.11,302.82,302.11,302.82,0.24,4225.12,1292081.18,1
2023-02-09,2023-02-09 11:40:00,302.82,303.52,302.82,303.52,0.23,4225.12,1292081.18,1
2023-02-09,2023-02-09 11:50:00,303.52,304.23,303.52,304.23,0.23,4225.12,1292081.18,1
2023-02-09,2023-02-09 12:00:00,304.23,304.93,304.23,304.93,0.23,4225.12,1292081.18,1
2023-02-09,2023-02-09 12:10:00,304.93,305.63,304.93,305.63,0.23,4225.12,1292081.18,1
2023-02-09,2023-02-09 12:20:00,305.63,306.34,305.63,306.34,0.23,4225.12,1292081.18,1
2023-02-09,2023-02-09 12:30:00,306.34,307.04,306.34,307.04,0.23,4225.12,1292081.18,1
2023-02-09,2023-02-09 12:40:00,307.04,307.75,307.04,307.75,0.23,4225.12,1292081.18,1
2023-02-09,2023-02-09 12:50:00,307.75,308.45,307.75,308.45,0.23,4225.12,1292081.18,1
2023-02-09,2023-02-09 13:00:00,308.45,318.0,296.1,309.15,0.23,4225.12,1292081.18,1
2023-02-09,2023-02-09 13:10:00,309.15,309.86,309.15,309.86,0.23,4225.12,1292081.18,1
2023-02-09,2023-02-09 13:20:00,309.86,310.56,309.86,310.56,0.23,4225.12,1292081.18,1
2023-02-09,2023-02-09 13:30:00,310.56,311.27,310.56,311.27,0.23,4225.12,1292081.18,1
2023-02-09,2023-02-09 13:40:00,311.27,311.97,311.27,311.97,0.22,4225.12,1292081.18,1
2023-02-09,2023-02-09 13:50:00,311.97,312.67,311.97,312.67,0.22,4225.12,1292081.18,1
2023-02-09,2023-02-09 14:00:00,312.67,313.38,312.67,313.38,0.23,4225.12,1292081.18,1
2023-02-09,2023-02-09 14:10:00,313.38,314.08,313.38,314.08,0.22,4225.12,1292081.18,1
2023-02-09,2023-02-09 14:20:00,314.08,314.79,314.08,314.79,0.23,4225.12,1292081.18,1
2023-02-09,2023-02-09 14:30:00,314.79,315.49,314.79,315.49,0.22,4225.12,1292081.18,1
2023-02-09,2023-02-09 14:40:00,315.49,316.2,315.49,316.2,0.23,4225.12,1292081.18,1
2023-02-09,2023-02-09 14:50:00,316.2,316.9,316.2,316.9,0.22,4225.12,1292081.18,1
2023-02-09,2023-02-09 15:00:00,316.9,318.0,296.1,316.9,0.0,4225.12,1292081.18,0
2023-02-12,2023-02-12 11:00:00,310.6,310.6,305.92,310.08,-0.17,7563.16,2277138.93,-1
2023-02-12,2023-02-12 11:10:00,310.08,310.08,309.55,309.55,-0.17,7563.16,2277138.93,-1
2023-02-12,2023-02-12 11:20:00,309.55,309.55,309.03,309.03,-0.17,7563.16,2277138.93,-1
2023-02-12,2023-02-12 11:30:00,309.03,309.03,308.5,308.5,-0.17,7563.16,2277138.93,-1
2023-02-12,2023-02-12 11:40:00,308.5,308.5,307.98,307.98,-0.17,7563.16,2277138.93,-1
2023-02-12,2023-02-12 11:50:00,307.98,307.98,307.45,307.45,-0.17,7563.16,2277138.93,-1
2023-02-12,2023-02-12 12:00:00,307.45,307.45,306.93,306.93,-0.17,7563.16,2277138.93,-1
2023-02-12,2023-02-12 12:10:00,306.93,306.93,306.4,306.4,-0.17,7563.16,2277138.93,-1
2023-02-12,2023-02-12 12:20:00,306.4,306.4,305.88,305.88,-0.17,7563.16,2277138.93,-1
2023-02-12,2023-02-12 12:30:00,305.88,305.88,305.35,305.35,-0.17,7563.16,2277138.93,-1
2023-02-12,2023-02-12 12:40:00,305.35,305.35,304.82,304.82,-0.17,7563.16,2277138.93,-1
2023-02-12,2023-02-12 12:50:00,304.82,304.82,304.3,304.3,-0.17,7563.16,2277138.93,-1
2023-02-12,2023-02-12 13:00:00,304.3,310.6,295.0,303.78,-0.17,7563.16,2277138.93,-1
2023-02-12,2023-02-12 13:10:00,303.78,303.78,303.25,303.25,-0.17,7563.16,2277138.93,-1
2023-02-12,2023-02-12 13:20:00,303.25,303.25,302.73,302.73,-0.17,7563.16,2277138.93,-1
2023-02-12,2023-02-12 13:30:00,302.73,302.73,302.2,302.2,-0.18,7563.16,2277138.93,-1
2023-02-12,2023-02-12 13:40:00,302.2,302.2,301.68,301.68,-0.17,7563.16,2277138.93,-1
2023-02-12,2023-02-12 13:50:00,301.68,301.68,301.15,301.15,-0.18,7563.16,2277138.93,-1
2023-02-12,2023-02-12 14:00:00,301.15,301.15,300.62,300.62,-0.18,7563.16,2277138.93,-1
2023-02-12,2023-02-12 14:10:00,300.62,300.62,300.1,300.1,-0.17,7563.16,2277138.93,-1
2023-02-12,2023-02-12 14:20:00,300.1,300.1,299.57,299.57,-0.18,7563.16,2277138.93,-1
2023-02-12,2023-02-12 14:30:00,299.57,299.57,299.05,299.05,-0.17,7563.16,2277138.93,-1
2023-02-12,2023-02-12 14:40:00,299.05,299.05,298.52,298.52,-0.18,7563.16,2277138.93,-1
2023-02-12,2023-02-12 14:50:00,298.52,298.52,298.0,298.0,-0.17,7563.16,2277138.93,-1
2023-02-12,2023-02-12 15:00:00,298.0,310.6,295.0,298.0,0.0,7563.16,2277138.93,0
2023-02-14,2023-02-14 11:00:00,303.9,303.9,299.19,303.65,-0.08,2844.8,835089.86,-1
2023-02-14,2023-02-14 11:10:00,303.65,303.65,303.41,303.41,-0.08,2844.8,835089.86,-1
2023-02-14,2023-02-14 11:20:00,303.41,303.41,303.16,303.16,-0.08,2844.8,835089.86,-1
2023-02-14,2023-02-14 11:30:00,303.16,303.16,302.92,302.92,-0.08,2844.8,835089.86,-1
2023-02-14,2023-02-14 11:40:00,302.92,302.92,302.67,302.67,-0.08,2844.8,835089.86,-1
2023-02-14,2023-02-14 11:50:00,302.67,302.67,302.42,302.42,-0.08,2844.8,835089.86,-1
2023-02-14,2023-02-14 12:00:00,302.42,302.42,302.18,302.18,-0.08,2844.8,835089.86,-1
2023-02-14,2023-02-14 12:10:00,302.18,302.18,301.93,301.93,-0.08,2844.8,835089.86,-1
2023-02-14,2023-02-14 12:20:00,301.93,301.93,301.69,301.69,-0.08,2844.8,835089.86,-1
2023-02-14,2023-02-14 12:30:00,301.69,301.69,301.44,301.44,-0.08,2844.8,835089.86,-1
2023-02-14,2023-02-14 12:40:00,301.44,301.44,301.2,301.2,-0.08,2844.8,835089.86,-1
2023-02-14,2023-02-14 12:50:00,301.2,301.2,300.95,300.95,-0.08,2844.8,835089.86,-1
2023-02-14,2023-02-14 13:00:00,300.95,303.9,288.2,300.7,-0.08,2844.8,835089.86,-1
2023-02-14,2023-02-14 13:10:00,300.7,300.7,300.46,300.46,-0.08,2844.8,835089.86,-1
2023-02-14,2023-02-14 13:20:00,300.46,300.46,300.21,300.21,-0.08,2844.8,835089.86,-1
2023-02-14,2023-02-14 13:30:00,300.21,300.21,299.97,299.97,-0.08,2844.8,835089.86,-1
2023-02-14,2023-02-14 13:40:00,299.97,299.97,299.72,299.72,-0.08,2844.8,835089.86,-1
2023-02-14,2023-02-14 13:50:00,299.72,299.72,299.48,299.48,-0.08,2844.8,835089.86,-1
2023-02-14,2023-02-14 14:00:00,299.48,299.48,299.23,299.23,-0.08,2844.8,835089.86,-1
2023-02-14,2023-02-14 14:10:00,299.23,299.23,298.98,298.98,-0.08,2844.8,835089.86,-1
2023-02-14,2023-02-14 14:20:00,298.98,298.98,298.74,298.74,-0.08,2844.8,835089.86,-1
2023-02-14,2023-02-14 14:30:00,298.74,298.74,298.49,298.49,-0.08,2844.8,835089.86,-1
2023-02-14,2023-02-14 14:40:00,298.49,298.49,298.25,298.25,-0.08,2844.8,835089.86,-1
2023-02-14,2023-02-14 14:50:00,298.25,298.25,298.0,298.0,-0.08,2844.8,835089.86,-1
2023-02-14,2023-02-14 15:00:00,298.0,303.9,288.2,298.0,0.0,2844.8,835089.86,0
2023-02-15,2023-02-15 11:00:00,292.1,293.84,290.36,292.09,-0.0,1592.08,463576.92,-1
2023-02-15,2023-02-15 11:10:00,292.09,292.09,292.08,292.08,-0.0,1592.08,463576.92,-1
2023-02-15,2023-02-15 11:20:00,292.08,292.08,292.08,292.08,0.0,1592.08,463576.92,0
2023-02-15,2023-02-15 11:30:00,292.08,292.08,292.07,292.07,-0.0,1592.08,463576.92,-1
2023-02-15,2023-02-15 11:40:00,292.07,292.07,292.06,292.06,-0.0,1592.08,463576.92,-1
2023-02-15,2023-02-15 11:50:00,292.06,292.06,292.05,292.05,-0.0,1592.08,463576.92,-1
2023-02-15,2023-02-15 12:00:00,292.05,292.05,292.04,292.04,-0.0,1592.08,463576.92,-1
2023-02-15,2023-02-15 12:10:00,292.04,292.04,292.03,292.03,-0.0,1592.08,463576.92,-1
2023-02-15,2023-02-15 12:20:00,292.03,292.03,292.02,292.02,-0.0,1592.08,463576.92,-1
2023-02-15,2023-02-15 12:30:00,292.02,292.02,292.02,292.02,0.0,1592.08,463576.92,0
2023-02-15,2023-02-15 12:40:00,292.02,292.02,292.01,292.01,-0.0,1592.08,463576.92,-1
2023-02-15,2023-02-15 12:50:00,292.01,292.01,292.0,292.0,-0.0,1592.08,463576.92,-1
2023-02-15,2023-02-15 13:00:00,292.0,297.9,286.3,291.99,-0.0,1592.08,463576.92,-1
2023-02-15,2023-02-15 13:10:00,291.99,291.99,291.98,291.98,-0.0,1592.08,463576.92,-1
2023-02-15,2023-02-15 13:20:00,291.98,291.98,291.98,291.98,0.0,1592.08,463576.92,0
2023-02-15,2023-02-15 13:30:00,291.98,291.98,291.97,291.97,-0.0,1592.08,463576.92,-1
2023-02-15,2023-02-15 13:40:00,291.97,291.97,291.96,291.96,-0.0,1592.08,463576.92,-1
2023-02-15,2023-02-15 13:50:00,291.96,291.96,291.95,291.95,-0.0,1592.08,463576.92,-1
2023-02-15,2023-02-15 14:00:00,291.95,291.95,291.94,291.94,-0.0,1592.08,463576.92,-1
2023-02-15,2023-02-15 14:10:00,291.94,291.94,291.93,291.93,-0.0,1592.08,463576.92,-1
2023-02-15,2023-02-15 14:20:00,291.93,291.93,291.92,291.92,-0.0,1592.08,463576.92,-1
2023-02-15,2023-02-15 14:30:00,291.92,291.92,291.92,291.92,0.0,1592.08,463576.92,0
2023-02-15,2023-02-15 14:40:00,291.92,291.92,291.91,291.91,-0.0,1592.08,463576.92,-1
2023-02-15,2023-02-15 14:50:00,291.91,291.91,291.9,291.9,-0.0,1592.08,463576.92,-1
2023-02-15,2023-02-15 15:00:00,291.9,297.9,286.3,291.9,0.0,1592.08,463576.92,0
2023-02-16,2023-02-16 11:00:00,287.0,289.37,284.39,286.83,-0.06,2617.0,744620.35,-1
2023-02-16,2023-02-16 11:10:00,286.83,286.83,286.67,286.67,-0.06,2617.0,744620.35,-1
2023-02-16,2023-02-16 11:20:00,286.67,286.67,286.5,286.5,-0.06,2617.0,744620.35,-1
2023-02-16,2023-02-16 11:30:00,286.5,286.5,286.33,286.33,-0.06,2617.0,744620.35,-1
2023-02-16,2023-02-16 11:40:00,286.33,286.33,286.17,286.17,-0.06,2617.0,744620.35,-1
2023-02-16,2023-02-16 11:50:00,286.17,286.17,286.0,286.0,-0.06,2617.0,744620.35,-1
2023-02-16,2023-02-16 12:00:00,286.0,286.0,285.83,285.83,-0.06,2617.0,744620.35,-1
2023-02-16,2023-02-16 12:10:00,285.83,285.83,285.67,285.67,-0.06,2617.0,744620.35,-1
2023-02-16,2023-02-16 12:20:00,285.67,285.67,285.5,285.5,-0.06,2617.0,744620.35,-1
2023-02-16,2023-02-16 12:30:00,285.5,285.5,285.33,285.33,-0.06,2617.0,744620.35,-1
2023-02-16,2023-02-16 12:40:00,285.33,285.33,285.17,285.17,-0.06,2617.0,744620.35,-1
2023-02-16,2023-02-16 12:50:00,285.17,285.17,285.0,285.0,-0.06,2617.0,744620.35,-1
2023-02-16,2023-02-16 13:00:00,285.0,294.9,278.3,284.83,-0.06,2617.0,744620.35,-1
2023-02-16,2023-02-16 13:10:00,284.83,284.83,284.67,284.67,-0.06,2617.0,744620.35,-1
2023-02-16,2023-02-16 13:20:00,284.67,284.67,284.5,284.5,-0.06,2617.0,744620.35,-1
2023-02-16,2023-02-16 13:30:00,284.5,284.5,284.33,284.33,-0.06,2617.0,744620.35,-1
2023-02-16,2023-02-16 13:40:00,284.33,284.33,284.17,284.17,-0.06,2617.0,744620.35,-1
2023-02-16,2023-02-16 13:50:00,284.17,284.17,284.0,284.0,-0.06,2617.0,744620.35,-1
2023-02-16,2023-02-16 14:00:00,284.0,284.0,283.83,283.83,-0.06,2617.0,744620.35,-1
2023-02-16,2023-02-16 14:10:00,283.83,283.83,283.67,283.67,-0.06,2617.0,744620.35,-1
2023-02-16,2023-02-16 14:20:00,283.67,283.67,283.5,283.5,-0.06,2617.0,744620.35,-1
2023-02-16,2023-02-16 14:30:00,283.5,283.5,283.33,283.33,-0.06,2617.0,744620.35,-1
2023-02-16,2023-02-16 14:40:00,283.33,283.33,283.17,283.17,-0.06,2617.0,744620.35,-1
2023-02-16,2023-02-16 14:50:00,283.17,283.17,283.0,283.0,-0.06,2617.0,744620.35,-1
2023-02-16,2023-02-16 15:00:00,283.0,294.9,278.3,283.0,0.0,2617.0,744620.35,0
2023-02-20,2023-02-20 11:00:00,278.0,281.63,277.55,278.08,0.03,1183.84,331542.82,1
2023-02-20,2023-02-20 11:10:00,278.08,278.17,278.08,278.17,0.03,1183.84,331542.82,1
2023-02-20,2023-02-20 11:20:00,278.17,278.25,278.17,278.25,0.03,1183.84,331542.82,1
2023-02-20,2023-02-20 11:30:00,278.25,278.33,278.25,278.33,0.03,1183.84,331542.82,1
2023-02-20,2023-02-20 11:40:00,278.33,278.42,278.33,278.42,0.03,1183.84,331542.82,1
2023-02-20,2023-02-20 11:50:00,278.42,278.5,278.42,278.5,0.03,1183.84,331542.82,1
2023-02-20,2023-02-20 12:00:00,278.5,278.58,278.5,278.58,0.03,1183.84,331542.82,1
2023-02-20,2023-02-20 12:10:00,278.58,278.67,278.58,278.67,0.03,1183.84,331542.82,1
2023-02-20,2023-02-20 12:20:00,278.67,278.75,278.67,278.75,0.03,1183.84,331542.82,1
2023-02-20,2023-02-20 12:30:00,278.75,278.83,278.75,278.83,0.03,1183.84,331542.82,1
2023-02-20,2023-02-20 12:40:00,278.83,278.92,278.83,278.92,0.03,1183.84,331542.82,1
2023-02-20,2023-02-20 12:50:00,278.92,279.0,278.92,279.0,0.03,1183.84,331542.82,1
2023-02-20,2023-02-20 13:00:00,279.0,290.1,276.5,279.08,0.03,1183.84,331542.82,1
2023-02-20,2023-02-20 13:10:00,279.08,279.17,279.08,279.17,0.03,1183.84,331542.82,1
2023-02-20,2023-02-20 13:20:00,279.17,279.25,279.17,279.25,0.03,1183.84,331542.82,1
2023-02-20,2023-02-20 13:30:00,279.25,279.33,279.25,279.33,0.03,1183.84,331542.82,1
2023-02-20,2023-02-20 13:40:00,279.33,279.42,279.33,279.42,0.03,1183.84,331542.82,1
2023-02-20,2023-02-20 13:50:00,279.42,279.5,279.42,279.5,0.03,1183.84,331542.82,1
2023-02-20,2023-02-20 14:00:00,279.5,279.58,279.5,279.58,0.03,1183.84,331542.82,1
2023-02-20,2023-02-20 14:10:00,279.58,279.67,279.58,279.67,0.03,1183.84,331542.82,1
2023-02-20,2023-02-20 14:20:00,279.67,279.75,279.67,279.75,0.03,1183.84,331542.82,1
2023-02-20,2023-02-20 14:30:00,279.75,279.83,279.75,279.83,0.03,1183.84,331542.82,1
2023-02-20,2023-02-20 14:40:00,279.83,279.92,279.83,279.92,0.03,1183.84,331542.82,1
2023-02-20,2023-02-20 14:50:00,279.92,280.0,279.92,280.0,0.03,1183.84,331542.82,1
2023-02-20,2023-02-20 15:00:00,280.0,290.1,276.5,280.0,0.0,1183.84,331542.82,0
2023-02-22,2023-02-22 11:00:00,280.0,285.25,280.0,280.58,0.21,1756.76,509268.71,1
2023-02-22,2023-02-22 11:10:00,280.58,281.17,280.58,281.17,0.21,1756.76,509268.71,1
2023-02-22,2023-02-22 11:20:00,281.17,281.75,281.17,281.75,0.21,1756.76,509268.71,1
2023-02-22,2023-02-22 11:30:00,281.75,282.33,281.75,282.33,0.21,1756.76,509268.71,1
2023-02-22,2023-02-22 11:40:00,282.33,282.92,282.33,282.92,0.21,1756.76,509268.71,1
2023-02-22,2023-02-22 11:50:00,282.92,283.5,282.92,283.5,0.21,1756.76,509268.71,1
2023-02-22,2023-02-22 12:00:00,283.5,284.08,283.5,284.08,0.2,1756.76,509268.71,1
2023-02-22,2023-02-22 12:10:00,284.08,284.67,284.08,284.67,0.21,1756.76,509268.71,1
2023-02-22,2023-02-22 12:20:00,284.67,285.25,284.67,285.25,0.2,1756.76,509268.71,1
2023-02-22,2023-02-22 12:30:00,285.25,285.83,285.25,285.83,0.2,1756.76,509268.71,1
2023-02-22,2023-02-22 12:40:00,285.83,286.42,285.83,286.42,0.21,1756.76,509268.71,1
2023-02-22,2023-02-22 12:50:00,286.42,287.0,286.42,287.0,0.2,1756.76,509268.71,1
2023-02-22,2023-02-22 13:00:00,287.0,297.5,280.0,287.58,0.2,1756.76,509268.71,1
2023-02-22,2023-02-22 13:10:00,287.58,288.17,287.58,288.17,0.21,1756.76,509268.71,1
2023-02-22,2023-02-22 13:20:00,288.17,288.75,288.17,288.75,0.2,1756.76,509268.71,1
2023-02-22,2023-02-22 13:30:00,288.75,289.33,288.75,289.33,0.2,1756.76,509268.71,1
2023-02-22,2023-02-22 13:40:00,289.33,289.92,289.33,289.92,0.2,1756.76,509268.71,1
2023-02-22,2023-02-22 13:50:00,289.92,290.5,289.92,290.5,0.2,1756.76,509268.71,1
2023-02-22,2023-02-22 14:00:00,290.5,291.08,290.5,291.08,0.2,1756.76,509268.71,1
2023-02-22,2023-02-22 14:10:00,291.08,291.67,291.08,291.67,0.2,1756.76,509268.71,1
2023-02-22,2023-02-22 14:20:00,291.67,292.25,291.67,292.25,0.2,1756.76,509268.71,1
2023-02-22,2023-02-22 14:30:00,292.25,292.83,292.25,292.83,0.2,1756.76,509268.71,1
2023-02-22,2023-02-22 14:40:00,292.83,293.42,292.83,293.42,0.2,1756.76,509268.71,1
2023-02-22,2023-02-22 14:50:00,293.42,294.0,293.42,294.0,0.2,1756.76,509268.71,1
2023-02-22,2023-02-22 15:00:00,294.0,297.5,280.0,294.0,0.0,1756.76,509268.71,0
2023-02-23,2023-02-23 11:00:00,288.2,288.2,284.84,287.98,-0.08,2232.28,630358.92,-1
2023-02-23,2023-02-23 11:10:00,287.98,287.98,287.77,287.77,-0.07,2232.28,630358.92,-1
2023-02-23,2023-02-23 11:20:00,287.77,287.77,287.55,287.55,-0.08,2232.28,630358.92,-1
2023-02-23,2023-02-23 11:30:00,287.55,287.55,287.33,287.33,-0.08,2232.28,630358.92,-1
2023-02-23,2023-02-23 11:40:00,287.33,287.33,287.12,287.12,-0.07,2232.28,630358.92,-1
2023-02-23,2023-02-23 11:50:00,287.12,287.12,286.9,286.9,-0.08,2232.28,630358.92,-1
2023-02-23,2023-02-23 12:00:00,286.9,286.9,286.68,286.68,-0.08,2232.28,630358.92,-1
2023-02-23,2023-02-23 12:10:00,286.68,286.68,286.47,286.47,-0.07,2232.28,630358.92,-1
2023-02-23,2023-02-23 12:20:00,286.47,286.47,286.25,286.25,-0.08,2232.28,630358.92,-1
2023-02-23,2023-02-23 12:30:00,286.25,286.25,286.03,286.03,-0.08,2232.28,630358.92,-1
2023-02-23,2023-02-23 12:40:00,286.03,286.03,285.82,285.82,-0.07,2232.28,630358.92,-1
2023-02-23,2023-02-23 12:50:00,285.82,285.82,285.6,285.6,-0.08,2232.28,630358.92,-1
2023-02-23,2023-02-23 13:00:00,285.6,288.2,277.0,285.38,-0.08,2232.28,630358.92,-1
2023-02-23,2023-02-23 13:10:00,285.38,285.38,285.17,285.17,-0.07,2232.28,630358.92,-1
2023-02-23,2023-02-23 13:20:00,285.17,285.17,284.95,284.95,-0.08,2232.28,630358.92,-1
2023-02-23,2023-02-23 13:30:00,284.95,284.95,284.73,284.73,-0.08,2232.28,630358.92,-1
2023-02-23,2023-02-23 13:40:00,284.73,284.73,284.52,284.52,-0.07,2232.28,630358.92,-1
2023-02-23,2023-02-23 13:50:00,284.52,284.52,284.3,284.3,-0.08,2232.28,630358.92,-1
2023-02-23,2023-02-23 14:00:00,284.3,284.3,284.08,284.08,-0.08,2232.28,630358.92,-1
2023-02-23,2023-02-23 14:10:00,284.08,284.08,283.87,283.87,-0.07,2232.28,630358.92,-1
2023-02-23,2023-02-23 14:20:00,283.87,283.87,283.65,283.65,-0.08,2232.28,630358.92,-1
2023-02-23,2023-02-23 14:30:00,283.65,283.65,283.43,283.43,-0.08,2232.28,630358.92,-1
2023-02-23,2023-02-23 14:40:00,283.43,283.43,283.22,283.22,-0.07,2232.28,630358.92,-1
2023-02-23,2023-02-23 14:50:00,283.22,283.22,283.0,283.0,-0.08,2232.28,630358.92,-1
2023-02-23,2023-02-23 15:00:00,283.0,288.2,277.0,283.0,0.0,2232.28,630358.92,0
2023-02-26,2023-02-26 11:00:00,277.4,278.33,274.46,277.51,0.04,3716.16,1025148.8,1
2023-02-26,2023-02-26 11:10:00,277.51,277.62,277.51,277.62,0.04,3716.16,1025148.8,1
2023-02-26,2023-02-26 11:20:00,277.62,277.72,277.62,277.72,0.04,3716.16,1025148.8,1
2023-02-26,2023-02-26 11:30:00,277.72,277.83,277.72,277.83,0.04,3716.16,1025148.8,1
2023-02-26,2023-02-26 11:40:00,277.83,277.94,277.83,277.94,0.04,3716.16,1025148.8,1
2023-02-26,2023-02-26 11:50:00,277.94,278.05,277.94,278.05,0.04,3716.16,1025148.8,1
2023-02-26,2023-02-26 12:00:00,278.05,278.16,278.05,278.16,0.04,3716.16,1025148.8,1
2023-02-26,2023-02-26 12:10:00,278.16,278.27,278.16,278.27,0.04,3716.16,1025148.8,1
2023-02-26,2023-02-26 12:20:00,278.27,278.38,278.27,278.38,0.04,3716.16,1025148.8,1
2023-02-26,2023-02-26 12:30:00,278.38,278.48,278.38,278.48,0.04,3716.16,1025148.8,1
2023-02-26,2023-02-26 12:40:00,278.48,278.59,278.48,278.59,0.04,3716.16,1025148.8,1
2023-02-26,2023-02-26 12:50:00,278.59,278.7,278.59,278.7,0.04,3716.16,1025148.8,1
2023-02-26,2023-02-26 13:00:00,278.7,280.5,267.6,278.81,0.04,3716.16,1025148.8,1
2023-02-26,2023-02-26 13:10:00,278.81,278.92,278.81,278.92,0.04,3716.16,1025148.8,1
2023-02-26,2023-02-26 13:20:00,278.92,279.02,278.92,279.02,0.04,3716.16,1025148.8,1
2023-02-26,2023-02-26 13:30:00,279.02,279.13,279.02,279.13,0.04,3716.16,1025148.8,1
2023-02-26,2023-02-26 13:40:00,279.13,279.24,279.13,279.24,0.04,3716.16,1025148.8,1
2023-02-26,2023-02-26 13:50:00,279.24,279.35,279.24,279.35,0.04,3716.16,1025148.8,1
2023-02-26,2023-02-26 14:00:00,279.35,279.46,279.35,279.46,0.04,3716.16,1025148.8,1
2023-02-26,2023-02-26 14:10:00,279.46,279.57,279.46,279.57,0.04,3716.16,1025148.8,1
2023-02-26,2023-02-26 14:20:00,279.57,279.68,279.57,279.68,0.04,3716.16,1025148.8,1
2023-02-26,2023-02-26 14:30:00,279.68,279.78,279.68,279.78,0.04,3716.16,1025148.8,1
2023-02-26,2023-02-26 14:40:00,279.78,279.89,279.78,279.89,0.04,3716.16,1025148.8,1
2023-02-26,2023-02-26 14:50:00,279.89,280.0,279.89,280.0,0.04,3716.16,1025148.8,1
2023-02-26,2023-02-26 15:00:00,280.0,280.5,267.6,280.0,0.0,3716.16,1025148.8,0
2023-02-27,2023-02-27 11:00:00,283.0,284.05,277.3,282.67,-0.12,2988.56,821862.83,-1
2023-02-27,2023-02-27 11:10:00,282.67,282.67,282.33,282.33,-0.12,2988.56,821862.83,-1
2023-02-27,2023-02-27 11:20:00,282.33,282.33,282.0,282.0,-0.12,2988.56,821862.83,-1
2023-02-27,2023-02-27 11:30:00,282.0,282.0,281.67,281.67,-0.12,2988.56,821862.83,-1
2023-02-27,2023-02-27 11:40:00,281.67,281.67,281.33,281.33,-0.12,2988.56,821862.83,-1
2023-02-27,2023-02-27 11:50:00,281.33,281.33,281.0,281.0,-0.12,2988.56,821862.83,-1
2023-02-27,2023-02-27 12:00:00,281.0,281.0,280.67,280.67,-0.12,2988.56,821862.83,-1
2023-02-27,2023-02-27 12:10:00,280.67,280.67,280.33,280.33,-0.12,2988.56,821862.83,-1
2023-02-27,2023-02-27 12:20:00,280.33,280.33,280.0,280.0,-0.12,2988.56,821862.83,-1
2023-02-27,2023-02-27 12:30:00,280.0,280.0,279.67,279.67,-0.12,2988.56,821862.83,-1
2023-02-27,2023-02-27 12:40:00,279.67,279.67,279.33,279.33,-0.12,2988.56,821862.83,-1
2023-02-27,2023-02-27 12:50:00,279.33,279.33,279.0,279.0,-0.12,2988.56,821862.83,-1
2023-02-27,2023-02-27 13:00:00,279.0,286.5,264.0,278.67,-0.12,2988.56,821862.83,-1
2023-02-27,2023-02-27 13:10:00,278.67,278.67,278.33,278.33,-0.12,2988.56,821862.83,-1
2023-02-27,2023-02-27 13:20:00,278.33,278.33,278.0,278.0,-0.12,2988.56,821862.83,-1
2023-02-27,2023-02-27 13:30:00,278.0,278.0,277.67,277.67,-0.12,2988.56,821862.83,-1
2023-02-27,2023-02-27 13:40:00,277.67,277.67,277.33,277.33,-0.12,2988.56,821862.83,-1
2023-02-27,2023-02-27 13:50:00,277.33,277.33,277.0,277.0,-0.12,2988.56,821862.83,-1
2023-02-27,2023-02-27 14:00:00,277.0,277.0,276.67,276.67,-0.12,2988.56,821862.83,-1
2023-02-27,2023-02-27 14:10:00,276.67,276.67,276.33,276.33,-0.12,2988.56,821862.83,-1
2023-02-27,2023-02-27 14:20:00,276.33,276.33,276.0,276.0,-0.12,2988.56,821862.83,-1
2023-02-27,2023-02-27 14:30:00,276.0,276.0,275.67,275.67,-0.12,2988.56,821862.83,-1
2023-02-27,2023-02-27 14:40:00,275.67,275.67,275.33,275.33,-0.12,2988.56,821862.83,-1
2023-02-27,2023-02-27 14:50:00,275.33,275.33,275.0,275.0,-0.12,2988.56,821862.83,-1
2023-02-27,2023-02-27 15:00:00,275.0,286.5,264.0,275.0,0.0,2988.56,821862.83,0
2023-02-28,2023-02-28 11:00:00,278.9,281.33,276.86,278.74,-0.06,879.4,245132.73,-1
2023-02-28,2023-02-28 11:10:00,278.74,278.74,278.57,278.57,-0.06,879.4,245132.73,-1
2023-02-28,2023-02-28 11:20:00,278.57,278.57,278.41,278.41,-0.06,879.4,245132.73,-1
2023-02-28,2023-02-28 11:30:00,278.41,278.41,278.25,278.25,-0.06,879.4,245132.73,-1
2023-02-28,2023-02-28 11:40:00,278.25,278.25,278.09,278.09,-0.06,879.4,245132.73,-1
2023-02-28,2023-02-28 11:50:00,278.09,278.09,277.92,277.92,-0.06,879.4,245132.73,-1
2023-02-28,2023-02-28 12:00:00,277.92,277.92,277.76,277.76,-0.06,879.4,245132.73,-1
2023-02-28,2023-02-28 12:10:00,277.76,277.76,277.6,277.6,-0.06,879.4,245132.73,-1
2023-02-28,2023-02-28 12:20:00,277.6,277.6,277.44,277.44,-0.06,879.4,245132.73,-1
2023-02-28,2023-02-28 12:30:00,277.44,277.44,277.27,277.27,-0.06,879.4,245132.73,-1
2023-02-28,2023-02-28 12:40:00,277.27,277.27,277.11,277.11,-0.06,879.4,245132.73,-1
2023-02-28,2023-02-28 12:50:00,277.11,277.11,276.95,276.95,-0.06,879.4,245132.73,-1
2023-02-28,2023-02-28 13:00:00,276.95,287.0,272.1,276.79,-0.06,879.4,245132.73,-1
2023-02-28,2023-02-28 13:10:00,276.79,276.79,276.62,276.62,-0.06,879.4,245132.73,-1
2023-02-28,2023-02-28 13:20:00,276.62,276.62,276.46,276.46,-0.06,879.4,245132.73,-1
2023-02-28,2023-02-28 13:30:00,276.46,276.46,276.3,276.3,-0.06,879.4,245132.73,-1
2023-02-28,2023-02-28 13:40:00,276.3,276.3,276.14,276.14,-0.06,879.4,245132.73,-1
2023-02-28,2023-02-28 13:50:00,276.14,276.14,275.98,275.98,-0.06,879.4,245132.73,-1
2023-02-28,2023-02-28 14:00:00,275.98,275.98,275.81,275.81,-0.06,879.4,245132.73,-1
2023-02-28,2023-02-28 14:10:00,275.81,275.81,275.65,275.65,-0.06,879.4,245132.73,-1
2023-02-28,2023-02-28 14:20:00,275.65,275.65,275.49,275.49,-0.06,879.4,245132.73,-1
2023-02-28,2023-02-28 14:30:00,275.49,275.49,275.32,275.32,-0.06,879.4,245132.73,-1
2023-02-28,2023-02-28 14:40:00,275.32,275.32,275.16,275.16,-0.06,879.4,245132.73,-1
2023-02-28,2023-02-28 14:50:00,275.16,275.16,275.0,275.0,-0.06,879.4,245132.73,-1
2023-02-28,2023-02-28 15:00:00,275.0,287.0,272.1,275.0,0.0,879.4,245132.73,0
2023-03-01,2023-03-01 11:00:00,280.4,280.58,276.74,280.09,-0.11,464.48,125908.42,-1
2023-03-01,2023-03-01 11:10:00,280.09,280.09,279.78,279.78,-0.11,464.48,125908.42,-1
2023-03-01,2023-03-01 11:20:00,279.78,279.78,279.47,279.47,-0.11,464.48,125908.42,-1
2023-03-01,2023-03-01 11:30:00,279.47,279.47,279.17,279.17,-0.11,464.48,125908.42,-1
2023-03-01,2023-03-01 11:40:00,279.17,279.17,278.86,278.86,-0.11,464.48,125908.42,-1
2023-03-01,2023-03-01 11:50:00,278.86,278.86,278.55,278.55,-0.11,464.48,125908.42,-1
2023-03-01,2023-03-01 12:00:00,278.55,278.55,278.24,278.24,-0.11,464.48,125908.42,-1
2023-03-01,2023-03-01 12:10:00,278.24,278.24,277.93,277.93,-0.11,464.48,125908.42,-1
2023-03-01,2023-03-01 12:20:00,277.93,277.93,277.62,277.62,-0.11,464.48,125908.42,-1
2023-03-01,2023-03-01 12:30:00,277.62,277.62,277.32,277.32,-0.11,464.48,125908.42,-1
2023-03-01,2023-03-01 12:40:00,277.32,277.32,277.01,277.01,-0.11,464.48,125908.42,-1
2023-03-01,2023-03-01 12:50:00,277.01,277.01,276.7,276.7,-0.11,464.48,125908.42,-1
2023-03-01,2023-03-01 13:00:00,276.7,281.0,268.2,276.39,-0.11,464.48,125908.42,-1
2023-03-01,2023-03-01 13:10:00,276.39,276.39,276.08,276.08,-0.11,464.48,125908.42,-1
2023-03-01,2023-03-01 13:20:00,276.08,276.08,275.77,275.77,-0.11,464.48,125908.42,-1
2023-03-01,2023-03-01 13:30:00,275.77,275.77,275.47,275.47,-0.11,464.48,125908.42,-1
2023-03-01,2023-03-01 13:40:00,275.47,275.47,275.16,275.16,-0.11,464.48,125908.42,-1
2023-03-01,2023-03-01 13:50:00,275.16,275.16,274.85,274.85,-0.11,464.48,125908.42,-1
2023-03-01,2023-03-01 14:00:00,274.85,274.85,274.54,274.54,-0.11,464.48,125908.42,-1
2023-03-01,2023-03-01 14:10:00,274.54,274.54,274.23,274.23,-0.11,464.48,125908.42,-1
2023-03-01,2023-03-01 14:20:00,274.23,274.23,273.93,273.93,-0.11,464.48,125908.42,-1
2023-03-01,2023-03-01 14:30:00,273.93,273.93,273.62,273.62,-0.11,464.48,125908.42,-1
2023-03-01,2023-03-01 14:40:00,273.62,273.62,273.31,273.31,-0.11,464.48,125908.42,-1
2023-03-01,2023-03-01 14:50:00,273.31,273.31,273.0,273.0,-0.11,464.48,125908.42,-1
2023-03-01,2023-03-01 15:00:00,273.0,281.0,268.2,273.0,0.0,464.48,125908.42,0
2023-03-02,2023-03-02 11:00:00,267.6,268.02,265.32,267.38,-0.08,890.0,235143.59,-1
2023-03-02,2023-03-02 11:10:00,267.38,267.38,267.17,267.17,-0.08,890.0,235143.59,-1
2023-03-02,2023-03-02 11:20:00,267.17,267.17,266.95,266.95,-0.08,890.0,235143.59,-1
2023-03-02,2023-03-02 11:30:00,266.95,266.95,266.73,266.73,-0.08,890.0,235143.59,-1
2023-03-02,2023-03-02 11:40:00,266.73,266.73,266.52,266.52,-0.08,890.0,235143.59,-1
2023-03-02,2023-03-02 11:50:00,266.52,266.52,266.3,266.3,-0.08,890.0,235143.59,-1
2023-03-02,2023-03-02 12:00:00,266.3,266.3,266.08,266.08,-0.08,890.0,235143.59,-1
2023-03-02,2023-03-02 12:10:00,266.08,266.08,265.87,265.87,-0.08,890.0,235143.59,-1
2023-03-02,2023-03-02 12:20:00,265.87,265.87,265.65,265.65,-0.08,890.0,235143.59,-1
2023-03-02,2023-03-02 12:30:00,265.65,265.65,265.43,265.43,-0.08,890.0,235143.59,-1
2023-03-02,2023-03-02 12:40:00,265.43,265.43,265.22,265.22,-0.08,890.0,235143.59,-1
2023-03-02,2023-03-02 12:50:00,265.22,265.22,265.0,265.0,-0.08,890.0,235143.59,-1
2023-03-02,2023-03-02 13:00:00,265.0,269.0,260.0,264.78,-0.08,890.0,235143.59,-1
2023-03-02,2023-03-02 13:10:00,264.78,264.78,264.57,264.57,-0.08,890.0,235143.59,-1
2023-03-02,2023-03-02 13:20:00,264.57,264.57,264.35,264.35,-0.08,890.0,235143.59,-1
2023-03-02,2023-03-02 13:30:00,264.35,264.35,264.13,264.13,-0.08,890.0,235143.59,-1
2023-03-02,2023-03-02 13:40:00,264.13,264.13,263.92,263.92,-0.08,890.0,235143.59,-1
2023-03-02,2023-03-02 13:50:00,263.92,263.92,263.7,263.7,-0.08,890.0,235143.59,-1
2023-03-02,2023-03-02 14:00:00,263.7,263.7,263.48,263.48,-0.08,890.0,235143.59,-1
2023-03-02,2023-03-02 14:10:00,263.48,263.48,263.27,263.27,-0.08,890.0,235143.59,-1
2023-03-02,2023-03-02 14:20:00,263.27,263.27,263.05,263.05,-0.08,890.0,235143.59,-1
2023-03-02,2023-03-02 14:30:00,263.05,263.05,262.83,262.83,-0.08,890.0,235143.59,-1
2023-03-02,2023-03-02 14:40:00,262.83,262.83,262.62,262.62,-0.08,890.0,235143.59,-1
2023-03-02,2023-03-02 14:50:00,262.62,262.62,262.4,262.4,-0.08,890.0,235143.59,-1
2023-03-02,2023-03-02 15:00:00,262.4,269.0,260.0,262.4,0.0,890.0,235143.59,0
2023-03-05,2023-03-05 11:00:00,259.1,259.37,256.37,258.73,-0.14,983.76,249821.42,-1
2023-03-05,2023-03-05 11:10:00,258.73,258.73,258.36,258.36,-0.14,983.76,249821.42,-1
2023-03-05,2023-03-05 11:20:00,258.36,258.36,257.99,257.99,-0.14,983.76,249821.42,-1
2023-03-05,2023-03-05 11:30:00,257.99,257.99,257.62,257.62,-0.14,983.76,249821.42,-1
2023-03-05,2023-03-05 11:40:00,257.62,257.62,257.25,257.25,-0.14,983.76,249821.42,-1
2023-03-05,2023-03-05 11:50:00,257.25,257.25,256.88,256.88,-0.14,983.76,249821.42,-1
2023-03-05,2023-03-05 12:00:00,256.88,256.88,256.5,256.5,-0.15,983.76,249821.42,-1
2023-03-05,2023-03-05 12:10:00,256.5,256.5,256.13,256.13,-0.14,983.76,249821.42,-1
2023-03-05,2023-03-05 12:20:00,256.13,256.13,255.76,255.76,-0.14,983.76,249821.42,-1
2023-03-05,2023-03-05 12:30:00,255.76,255.76,255.39,255.39,-0.14,983.76,249821.42,-1
2023-03-05,2023-03-05 12:40:00,255.39,255.39,255.02,255.02,-0.14,983.76,249821.42,-1
2023-03-05,2023-03-05 12:50:00,255.02,255.02,254.65,254.65,-0.15,983.76,249821.42,-1
2023-03-05,2023-03-05 13:00:00,254.65,260.0,250.0,254.28,-0.15,983.76,249821.42,-1
2023-03-05,2023-03-05 13:10:00,254.28,254.28,253.91,253.91,-0.15,983.76,249821.42,-1
2023-03-05,2023-03-05 13:20:00,253.91,253.91,253.54,253.54,-0.15,983.76,249821.42,-1
2023-03-05,2023-03-05 13:30:00,253.54,253.54,253.17,253.17,-0.15,983.76,249821.42,-1
2023-03-05,2023-03-05 13:40:00,253.17,253.17,252.8,252.8,-0.15,983.76,249821.42,-1
2023-03-05,2023-03-05 13:50:00,252.8,252.8,252.43,252.43,-0.15,983.76,249821.42,-1
2023-03-05,2023-03-05 14:00:00,252.43,252.43,252.05,252.05,-0.15,983.76,249821.42,-1
2023-03-05,2023-03-05 14:10:00,252.05,252.05,251.68,251.68,-0.15,983.76,249821.42,-1
2023-03-05,2023-03-05 14:20:00,251.68,251.68,251.31,251.31,-0.15,983.76,249821.42,-1
2023-03-05,2023-03-05 14:30:00,251.31,251.31,250.94,250.94,-0.15,983.76,249821.42,-1
2023-03-05,2023-03-05 14:40:00,250.94,250.94,250.57,250.57,-0.15,983.76,249821.42,-1
2023-03-05,2023-03-05 14:50:00,250.57,250.57,250.2,250.2,-0.15,983.76,249821.42,-1
2023-03-05,2023-03-05 15:00:00,250.2,260.0,250.0,250.2,0.0,983.76,249821.42,0
2023-03-07,2023-03-07 11:00:00,248.0,252.86,248.0,248.49,0.2,1193.24,307245.96,1
2023-03-07,2023-03-07 11:10:00,248.49,248.97,248.49,248.97,0.19,1193.24,307245.96,1
2023-03-07,2023-03-07 11:20:00,248.97,249.46,248.97,249.46,0.2,1193.24,307245.96,1
2023-03-07,2023-03-07 11:30:00,249.46,249.95,249.46,249.95,0.2,1193.24,307245.96,1
2023-03-07,2023-03-07 11:40:00,249.95,250.44,249.95,250.44,0.2,1193.24,307245.96,1
2023-03-07,2023-03-07 11:50:00,250.44,250.93,250.44,250.93,0.2,1193.24,307245.96,1
2023-03-07,2023-03-07 12:00:00,250.93,251.41,250.93,251.41,0.19,1193.24,307245.96,1
2023-03-07,2023-03-07 12:10:00,251.41,251.9,251.41,251.9,0.19,1193.24,307245.96,1
2023-03-07,2023-03-07 12:20:00,251.9,252.39,251.9,252.39,0.19,1193.24,307245.96,1
2023-03-07,2023-03-07 12:30:00,252.39,252.88,252.39,252.88,0.19,1193.24,307245.96,1
2023-03-07,2023-03-07 12:40:00,252.88,253.36,252.88,253.36,0.19,1193.24,307245.96,1
2023-03-07,2023-03-07 12:50:00,253.36,253.85,253.36,253.85,0.19,1193.24,307245.96,1
2023-03-07,2023-03-07 13:00:00,253.85,264.2,248.0,254.34,0.19,1193.24,307245.96,1
2023-03-07,2023-03-07 13:10:00,254.34,254.82,254.34,254.82,0.19,1193.24,307245.96,1
2023-03-07,2023-03-07 13:20:00,254.82,255.31,254.82,255.31,0.19,1193.24,307245.96,1
2023-03-07,2023-03-07 13:30:00,255.31,255.8,255.31,255.8,0.19,1193.24,307245.96,1
2023-03-07,2023-03-07 13:40:00,255.8,256.29,255.8,256.29,0.19,1193.24,307245.96,1
2023-03-07,2023-03-07 13:50:00,256.29,256.77,256.29,256.77,0.19,1193.24,307245.96,1
2023-03-07,2023-03-07 14:00:00,256.77,257.26,256.77,257.26,0.19,1193.24,307245.96,1
2023-03-07,2023-03-07 14:10:00,257.26,257.75,257.26,257.75,0.19,1193.24,307245.96,1
2023-03-07,2023-03-07 14:20:00,257.75,258.24,257.75,258.24,0.19,1193.24,307245.96,1
2023-03-07,2023-03-07 14:30:00,258.24,258.72,258.24,258.72,0.19,1193.24,307245.96,1
2023-03-07,2023-03-07 14:40:00,258.72,259.21,258.72,259.21,0.19,1193.24,307245.96,1
2023-03-07,2023-03-07 14:50:00,259.21,259.7,259.21,259.7,0.19,1193.24,307245.96,1
2023-03-07,2023-03-07 15:00:00,259.7,264.2,248.0,259.7,0.0,1193.24,307245.96,0
2023-03-09,2023-03-09 11:00:00,264.8,269.36,264.8,265.39,0.22,1979.48,540580.71,1
2023-03-09,2023-03-09 11:10:00,265.39,265.98,265.39,265.98,0.22,1979.48,540580.71,1
2023-03-09,2023-03-09 11:20:00,265.98,266.57,265.98,266.57,0.22,1979.48,540580.71,1
2023-03-09,2023-03-09 11:30:00,266.57,267.17,266.57,267.17,0.23,1979.48,540580.71,1
2023-03-09,2023-03-09 11:40:00,267.17,267.76,267.17,267.76,0.22,1979.48,540580.71,1
2023-03-09,2023-03-09 11:50:00,267.76,268.35,267.76,268.35,0.22,1979.48,540580.71,1
2023-03-09,2023-03-09 12:00:00,268.35,268.94,268.35,268.94,0.22,1979.48,540580.71,1
2023-03-09,2023-03-09 12:10:00,268.94,269.53,268.94,269.53,0.22,1979.48,540580.71,1
2023-03-09,2023-03-09 12:20:00,269.53,270.12,269.53,270.12,0.22,1979.48,540580.71,1
2023-03-09,2023-03-09 12:30:00,270.12,270.72,270.12,270.72,0.22,1979.48,540580.71,1
2023-03-09,2023-03-09 12:40:00,270.72,271.31,270.72,271.31,0.22,1979.48,540580.71,1
2023-03-09,2023-03-09 12:50:00,271.31,271.9,271.31,271.9,0.22,1979.48,540580.71,1
2023-03-09,2023-03-09 13:00:00,271.9,280.0,264.8,272.49,0.22,1979.48,540580.71,1
2023-03-09,2023-03-09 13:10:00,272.49,273.08,272.49,273.08,0.22,1979.48,540580.71,1
2023-03-09,2023-03-09 13:20:00,273.08,273.68,273.08,273.68,0.22,1979.48,540580.71,1
2023-03-09,2023-03-09 13:30:00,273.68,274.27,273.68,274.27,0.22,1979.48,540580.71,1
2023-03-09,2023-03-09 13:40:00,274.27,274.86,274.27,274.86,0.22,1979.48,540580.71,1
2023-03-09,2023-03-09 13:50:00,274.86,275.45,274.86,275.45,0.21,1979.48,540580.71,1
2023-03-09,2023-03-09 14:00:00,275.45,276.04,275.45,276.04,0.21,1979.48,540580.71,1
2023-03-09,2023-03-09 14:10:00,276.04,276.63,276.04,276.63,0.21,1979.48,540580.71,1
2023-03-09,2023-03-09 14:20:00,276.63,277.23,276.63,277.23,0.22,1979.48,540580.71,1
2023-03-09,2023-03-09 14:30:00,277.23,277.82,277.23,277.82,0.21,1979.48,540580.71,1
2023-03-09,2023-03-09 14:40:00,277.82,278.41,277.82,278.41,0.21,1979.48,540580.71,1
2023-03-09,2023-03-09 14:50:00,278.41,279.0,278.41,279.0,0.21,1979.48,540580.71,1
2023-03-09,2023-03-09 15:00:00,279.0,280.0,264.8,279.0,0.0,1979.48,540580.71,0
2023-03-12,2023-03-12 11:00:00,283.9,283.93,278.77,283.53,-0.13,2059.48,566585.64,-1
2023-03-12,2023-03-12 11:10:00,283.53,283.53,283.16,283.16,-0.13,2059.48,566585.64,-1
2023-03-12,2023-03-12 11:20:00,283.16,283.16,282.79,282.79,-0.13,2059.48,566585.64,-1
2023-03-12,2023-03-12 11:30:00,282.79,282.79,282.42,282.42,-0.13,2059.48,566585.64,-1
2023-03-12,2023-03-12 11:40:00,282.42,282.42,282.05,282.05,-0.13,2059.48,566585.64,-1
2023-03-12,2023-03-12 11:50:00,282.05,282.05,281.67,281.67,-0.13,2059.48,566585.64,-1
2023-03-12,2023-03-12 12:00:00,281.67,281.67,281.3,281.3,-0.13,2059.48,566585.64,-1
2023-03-12,2023-03-12 12:10:00,281.3,281.3,280.93,280.93,-0.13,2059.48,566585.64,-1
2023-03-12,2023-03-12 12:20:00,280.93,280.93,280.56,280.56,-0.13,2059.48,566585.64,-1
2023-03-12,2023-03-12 12:30:00,280.56,280.56,280.19,280.19,-0.13,2059.48,566585.64,-1
2023-03-12,2023-03-12 12:40:00,280.19,280.19,279.82,279.82,-0.13,2059.48,566585.64,-1
2023-03-12,2023-03-12 12:50:00,279.82,279.82,279.45,279.45,-0.13,2059.48,566585.64,-1
2023-03-12,2023-03-12 13:00:00,279.45,284.0,266.8,279.08,-0.13,2059.48,566585.64,-1
2023-03-12,2023-03-12 13:10:00,279.08,279.08,278.71,278.71,-0.13,2059.48,566585.64,-1
2023-03-12,2023-03-12 13:20:00,278.71,278.71,278.34,278.34,-0.13,2059.48,566585.64,-1
2023-03-12,2023-03-12 13:30:00,278.34,278.34,277.97,277.97,-0.13,2059.48,566585.64,-1
2023-03-12,2023-03-12 13:40:00,277.97,277.97,277.6,277.6,-0.13,2059.48,566585.64,-1
2023-03-12,2023-03-12 13:50:00,277.6,277.6,277.23,277.23,-0.13,2059.48,566585.64,-1
2023-03-12,2023-03-12 14:00:00,277.23,277.23,276.85,276.85,-0.14,2059.48,566585.64,-1
2023-03-12,2023-03-12 14:10:00,276.85,276.85,276.48,276.48,-0.13,2059.48,566585.64,-1
2023-03-12,2023-03-12 14:20:00,276.48,276.48,276.11,276.11,-0.13,2059.48,566585.64,-1
2023-03-12,2023-03-12 14:30:00,276.11,276.11,275.74,275.74,-0.13,2059.48,566585.64,-1
2023-03-12,2023-03-12 14:40:00,275.74,275.74,275.37,275.37,-0.13,2059.48,566585.64,-1
2023-03-12,2023-03-12 14:50:00,275.37,275.37,275.0,275.0,-0.13,2059.48,566585.64,-1
2023-03-12,2023-03-12 15:00:00,275.0,284.0,266.8,275.0,0.0,2059.48,566585.64,0
2023-03-13,2023-03-13 11:00:00,275.0,275.0,272.03,274.93,-0.03,535.92,144069.78,-1
2023-03-13,2023-03-13 11:10:00,274.93,274.93,274.86,274.86,-0.03,535.92,144069.78,-1
2023-03-13,2023-03-13 11:20:00,274.86,274.86,274.79,274.79,-0.03,535.92,144069.78,-1
2023-03-13,2023-03-13 11:30:00,274.79,274.79,274.72,274.72,-0.03,535.92,144069.78,-1
2023-03-13,2023-03-13 11:40:00,274.72,274.72,274.65,274.65,-0.03,535.92,144069.78,-1
2023-03-13,2023-03-13 11:50:00,274.65,274.65,274.57,274.57,-0.03,535.92,144069.78,-1
2023-03-13,2023-03-13 12:00:00,274.57,274.57,274.5,274.5,-0.03,535.92,144069.78,-1
2023-03-13,2023-03-13 12:10:00,274.5,274.5,274.43,274.43,-0.03,535.92,144069.78,-1
2023-03-13,2023-03-13 12:20:00,274.43,274.43,274.36,274.36,-0.03,535.92,144069.78,-1
2023-03-13,2023-03-13 12:30:00,274.36,274.36,274.29,274.29,-0.03,535.92,144069.78,-1
2023-03-13,2023-03-13 12:40:00,274.29,274.29,274.22,274.22,-0.03,535.92,144069.78,-1
2023-03-13,2023-03-13 12:50:00,274.22,274.22,274.15,274.15,-0.03,535.92,144069.78,-1
2023-03-13,2023-03-13 13:00:00,274.15,275.0,265.1,274.08,-0.03,535.92,144069.78,-1
2023-03-13,2023-03-13 13:10:00,274.08,274.08,274.01,274.01,-0.03,535.92,144069.78,-1
2023-03-13,2023-03-13 13:20:00,274.01,274.01,273.94,273.94,-0.03,535.92,144069.78,-1
2023-03-13,2023-03-13 13:30:00,273.94,273.94,273.87,273.87,-0.03,535.92,144069.78,-1
2023-03-13,2023-03-13 13:40:00,273.87,273.87,273.8,273.8,-0.03,535.92,144069.78,-1
2023-03-13,2023-03-13 13:50:00,273.8,273.8,273.73,273.73,-0.03,535.92,144069.78,-1
2023-03-13,2023-03-13 14:00:00,273.73,273.73,273.65,273.65,-0.03,535.92,144069.78,-1
2023-03-13,2023-03-13 14:10:00,273.65,273.65,273.58,273.58,-0.03,535.92,144069.78,-1
2023-03-13,2023-03-13 14:20:00,273.58,273.58,273.51,273.51,-0.03,535.92,144069.78,-1
2023-03-13,2023-03-13 14:30:00,273.51,273.51,273.44,273.44,-0.03,535.92,144069.78,-1
2023-03-13,2023-03-13 14:40:00,273.44,273.44,273.37,273.37,-0.03,535.92,144069.78,-1
2023-03-13,2023-03-13 14:50:00,273.37,273.37,273.3,273.3,-0.03,535.92,144069.78,-1
2023-03-13,2023-03-13 15:00:00,273.3,275.0,265.1,273.3,0.0,535.92,144069.78,0
2023-03-14,2023-03-14 11:00:00,275.0,275.87,272.96,275.07,0.03,1530.96,419689.59,1
2023-03-14,2023-03-14 11:10:00,275.07,275.14,275.07,275.14,0.03,1530.96,419689.59,1
2023-03-14,2023-03-14 11:20:00,275.14,275.21,275.14,275.21,0.03,1530.96,419689.59,1
2023-03-14,2023-03-14 11:30:00,275.21,275.28,275.21,275.28,0.03,1530.96,419689.59,1
2023-03-14,2023-03-14 11:40:00,275.28,275.35,275.28,275.35,0.03,1530.96,419689.59,1
2023-03-14,2023-03-14 11:50:00,275.35,275.43,275.35,275.43,0.03,1530.96,419689.59,1
2023-03-14,2023-03-14 12:00:00,275.43,275.5,275.43,275.5,0.03,1530.96,419689.59,1
2023-03-14,2023-03-14 12:10:00,275.5,275.57,275.5,275.57,0.03,1530.96,419689.59,1
2023-03-14,2023-03-14 12:20:00,275.57,275.64,275.57,275.64,0.03,1530.96,419689.59,1
2023-03-14,2023-03-14 12:30:00,275.64,275.71,275.64,275.71,0.03,1530.96,419689.59,1
2023-03-14,2023-03-14 12:40:00,275.71,275.78,275.71,275.78,0.03,1530.96,419689.59,1
2023-03-14,2023-03-14 12:50:00,275.78,275.85,275.78,275.85,0.03,1530.96,419689.59,1
2023-03-14,2023-03-14 13:00:00,275.85,277.9,268.2,275.92,0.03,1530.96,419689.59,1
2023-03-14,2023-03-14 13:10:00,275.92,275.99,275.92,275.99,0.03,1530.96,419689.59,1
2023-03-14,2023-03-14 13:20:00,275.99,276.06,275.99,276.06,0.03,1530.96,419689.59,1
2023-03-14,2023-03-14 13:30:00,276.06,276.13,276.06,276.13,0.03,1530.96,419689.59,1
2023-03-14,2023-03-14 13:40:00,276.13,276.2,276.13,276.2,0.03,1530.96,419689.59,1
2023-03-14,2023-03-14 13:50:00,276.2,276.27,276.2,276.27,0.03,1530.96,419689.59,1
2023-03-14,2023-03-14 14:00:00,276.27,276.35,276.27,276.35,0.03,1530.96,419689.59,1
2023-03-14,2023-03-14 14:10:00,276.35,276.42,276.35,276.42,0.03,1530.96,419689.59,1
2023-03-14,2023-03-14 14:20:00,276.42,276.49,276.42,276.49,0.03,1530.96,419689.59,1
2023-03-14,2023-03-14 14:30:00,276.49,276.56,276.49,276.56,0.03,1530.96,419689.59,1
2023-03-14,2023-03-14 14:40:00,276.56,276.63,276.56,276.63,0.03,1530.96,419689.59,1
2023-03-14,2023-03-14 14:50:00,276.63,276.7,276.63,276.7,0.03,1530.96,419689.59,1
2023-03-14,2023-03-14 15:00:00,276.7,277.9,268.2,276.7,0.0,1530.96,419689.59,0
2023-03-15,2023-03-15 11:00:00,278.0,278.0,275.0,277.79,-0.08,688.24,187000.35,-1
2023-03-15,2023-03-15 11:10:00,277.79,277.79,277.57,277.57,-0.08,688.24,187000.35,-1
2023-03-15,2023-03-15 11:20:00,277.57,277.57,277.36,277.36,-0.08,688.24,187000.35,-1
2023-03-15,2023-03-15 11:30:00,277.36,277.36,277.15,277.15,-0.08,688.24,187000.35,-1
2023-03-15,2023-03-15 11:40:00,277.15,277.15,276.94,276.94,-0.08,688.24,187000.35,-1
2023-03-15,2023-03-15 11:50:00,276.94,276.94,276.73,276.73,-0.08,688.24,187000.35,-1
2023-03-15,2023-03-15 12:00:00,276.73,276.73,276.51,276.51,-0.08,688.24,187000.35,-1
2023-03-15,2023-03-15 12:10:00,276.51,276.51,276.3,276.3,-0.08,688.24,187000.35,-1
2023-03-15,2023-03-15 12:20:00,276.3,276.3,276.09,276.09,-0.08,688.24,187000.35,-1
2023-03-15,2023-03-15 12:30:00,276.09,276.09,275.88,275.88,-0.08,688.24,187000.35,-1
2023-03-15,2023-03-15 12:40:00,275.88,275.88,275.66,275.66,-0.08,688.24,187000.35,-1
2023-03-15,2023-03-15 12:50:00,275.66,275.66,275.45,275.45,-0.08,688.24,187000.35,-1
2023-03-15,2023-03-15 13:00:00,275.45,278.0,268.0,275.24,-0.08,688.24,187000.35,-1
2023-03-15,2023-03-15 13:10:00,275.24,275.24,275.02,275.02,-0.08,688.24,187000.35,-1
2023-03-15,2023-03-15 13:20:00,275.02,275.02,274.81,274.81,-0.08,688.24,187000.35,-1
2023-03-15,2023-03-15 13:30:00,274.81,274.81,274.6,274.6,-0.08,688.24,187000.35,-1
2023-03-15,2023-03-15 13:40:00,274.6,274.6,274.39,274.39,-0.08,688.24,187000.35,-1
2023-03-15,2023-03-15 13:50:00,274.39,274.39,274.17,274.17,-0.08,688.24,187000.35,-1
2023-03-15,2023-03-15 14:00:00,274.17,274.17,273.96,273.96,-0.08,688.24,187000.35,-1
2023-03-15,2023-03-15 14:10:00,273.96,273.96,273.75,273.75,-0.08,688.24,187000.35,-1
2023-03-15,2023-03-15 14:20:00,273.75,273.75,273.54,273.54,-0.08,688.24,187000.35,-1
2023-03-15,2023-03-15 14:30:00,273.54,273.54,273.32,273.32,-0.08,688.24,187000.35,-1
2023-03-15,2023-03-15 14:40:00,273.32,273.32,273.11,273.11,-0.08,688.24,187000.35,-1
2023-03-15,2023-03-15 14:50:00,273.11,273.11,272.9,272.9,-0.08,688.24,187000.35,-1
2023-03-15,2023-03-15 15:00:00,272.9,278.0,268.0,272.9,0.0,688.24,187000.35,0
2023-03-16,2023-03-16 11:00:00,267.6,271.59,266.25,268.15,0.21,1185.68,319615.5,1
2023-03-16,2023-03-16 11:10:00,268.15,268.71,268.15,268.71,0.21,1185.68,319615.5,1
2023-03-16,2023-03-16 11:20:00,268.71,269.26,268.71,269.26,0.2,1185.68,319615.5,1
2023-03-16,2023-03-16 11:30:00,269.26,269.82,269.26,269.82,0.21,1185.68,319615.5,1
2023-03-16,2023-03-16 11:40:00,269.82,270.37,269.82,270.37,0.2,1185.68,319615.5,1
2023-03-16,2023-03-16 11:50:00,270.37,270.93,270.37,270.93,0.21,1185.68,319615.5,1
2023-03-16,2023-03-16 12:00:00,270.93,271.48,270.93,271.48,0.2,1185.68,319615.5,1
2023-03-16,2023-03-16 12:10:00,271.48,272.03,271.48,272.03,0.2,1185.68,319615.5,1
2023-03-16,2023-03-16 12:20:00,272.03,272.59,272.03,272.59,0.21,1185.68,319615.5,1
2023-03-16,2023-03-16 12:30:00,272.59,273.14,272.59,273.14,0.2,1185.68,319615.5,1
2023-03-16,2023-03-16 12:40:00,273.14,273.7,273.14,273.7,0.21,1185.68,319615.5,1
2023-03-16,2023-03-16 12:50:00,273.7,274.25,273.7,274.25,0.2,1185.68,319615.5,1
2023-03-16,2023-03-16 13:00:00,274.25,280.9,263.1,274.8,0.2,1185.68,319615.5,1
2023-03-16,2023-03-16 13:10:00,274.8,275.36,274.8,275.36,0.2,1185.68,319615.5,1
2023-03-16,2023-03-16 13:20:00,275.36,275.91,275.36,275.91,0.2,1185.68,319615.5,1
2023-03-16,2023-03-16 13:30:00,275.91,276.47,275.91,276.47,0.2,1185.68,319615.5,1
2023-03-16,2023-03-16 13:40:00,276.47,277.02,276.47,277.02,0.2,1185.68,319615.5,1
2023-03-16,2023-03-16 13:50:00,277.02,277.57,277.02,277.57,0.2,1185.68,319615.5,1
2023-03-16,2023-03-16 14:00:00,277.57,278.13,277.57,278.13,0.2,1185.68,319615.5,1
2023-03-16,2023-03-16 14:10:00,278.13,278.68,278.13,278.68,0.2,1185.68,319615.5,1
2023-03-16,2023-03-16 14:20:00,278.68,279.24,278.68,279.24,0.2,1185.68,319615.5,1
2023-03-16,2023-03-16 14:30:00,279.24,279.79,279.24,279.79,0.2,1185.68,319615.5,1
2023-03-16,2023-03-16 14:40:00,279.79,280.35,279.79,280.35,0.2,1185.68,319615.5,1
2023-03-16,2023-03-16 14:50:00,280.35,280.9,280.35,280.9,0.2,1185.68,319615.5,1
2023-03-16,2023-03-16 15:00:00,280.9,280.9,263.1,280.9,0.0,1185.68,319615.5,0
2023-03-19,2023-03-19 11:00:00,275.3,278.21,273.71,275.45,0.05,1239.68,343023.44,1
2023-03-19,2023-03-19 11:10:00,275.45,275.6,275.45,275.6,0.05,1239.68,343023.44,1
2023-03-19,2023-03-19 11:20:00,275.6,275.75,275.6,275.75,0.05,1239.68,343023.44,1
2023-03-19,2023-03-19 11:30:00,275.75,275.9,275.75,275.9,0.05,1239.68,343023.44,1
2023-03-19,2023-03-19 11:40:00,275.9,276.05,275.9,276.05,0.05,1239.68,343023.44,1
2023-03-19,2023-03-19 11:50:00,276.05,276.2,276.05,276.2,0.05,1239.68,343023.44,1
2023-03-19,2023-03-19 12:00:00,276.2,276.35,276.2,276.35,0.05,1239.68,343023.44,1
2023-03-19,2023-03-19 12:10:00,276.35,276.5,276.35,276.5,0.05,1239.68,343023.44,1
2023-03-19,2023-03-19 12:20:00,276.5,276.65,276.5,276.65,0.05,1239.68,343023.44,1
2023-03-19,2023-03-19 12:30:00,276.65,276.8,276.65,276.8,0.05,1239.68,343023.44,1
2023-03-19,2023-03-19 12:40:00,276.8,276.95,276.8,276.95,0.05,1239.68,343023.44,1
2023-03-19,2023-03-19 12:50:00,276.95,277.1,276.95,277.1,0.05,1239.68,343023.44,1
2023-03-19,2023-03-19 13:00:00,277.1,285.0,270.0,277.25,0.05,1239.68,343023.44,1
2023-03-19,2023-03-19 13:10:00,277.25,277.4,277.25,277.4,0.05,1239.68,343023.44,1
2023-03-19,2023-03-19 13:20:00,277.4,277.55,277.4,277.55,0.05,1239.68,343023.44,1
2023-03-19,2023-03-19 13:30:00,277.55,277.7,277.55,277.7,0.05,1239.68,343023.44,1
2023-03-19,2023-03-19 13:40:00,277.7,277.85,277.7,277.85,0.05,1239.68,343023.44,1
2023-03-19,2023-03-19 13:50:00,277.85,278.0,277.85,278.0,0.05,1239.68,343023.44,1
2023-03-19,2023-03-19 14:00:00,278.0,278.15,278.0,278.15,0.05,1239.68,343023.44,1
2023-03-19,2023-03-19 14:10:00,278.15,278.3,278.15,278.3,0.05,1239.68,343023.44,1
2023-03-19,2023-03-19 14:20:00,278.3,278.45,278.3,278.45,0.05,1239.68,343023.44,1
2023-03-19,2023-03-19 14:30:00,278.45,278.6,278.45,278.6,0.05,1239.68,343023.44,1
2023-03-19,2023-03-19 14:40:00,278.6,278.75,278.6,278.75,0.05,1239.68,343023.44,1
2023-03-19,2023-03-19 14:50:00,278.75,278.9,278.75,278.9,0.05,1239.68,343023.44,1
2023-03-19,2023-03-19 15:00:00,278.9,285.0,270.0,278.9,0.0,1239.68,343023.44,0
2023-03-20,2023-03-20 11:00:00,273.4,275.08,273.4,273.55,0.05,1044.96,288923.5,1
2023-03-20,2023-03-20 11:10:00,273.55,273.7,273.55,273.7,0.05,1044.96,288923.5,1
2023-03-20,2023-03-20 11:20:00,273.7,273.85,273.7,273.85,0.05,1044.96,288923.5,1
2023-03-20,2023-03-20 11:30:00,273.85,274.0,273.85,274.0,0.05,1044.96,288923.5,1
2023-03-20,2023-03-20 11:40:00,274.0,274.15,274.0,274.15,0.05,1044.96,288923.5,1
2023-03-20,2023-03-20 11:50:00,274.15,274.3,274.15,274.3,0.05,1044.96,288923.5,1
2023-03-20,2023-03-20 12:00:00,274.3,274.45,274.3,274.45,0.05,1044.96,288923.5,1
2023-03-20,2023-03-20 12:10:00,274.45,274.6,274.45,274.6,0.05,1044.96,288923.5,1
2023-03-20,2023-03-20 12:20:00,274.6,274.75,274.6,274.75,0.05,1044.96,288923.5,1
2023-03-20,2023-03-20 12:30:00,274.75,274.9,274.75,274.9,0.05,1044.96,288923.5,1
2023-03-20,2023-03-20 12:40:00,274.9,275.05,274.9,275.05,0.05,1044.96,288923.5,1
2023-03-20,2023-03-20 12:50:00,275.05,275.2,275.05,275.2,0.05,1044.96,288923.5,1
2023-03-20,2023-03-20 13:00:00,275.2,279.0,273.4,275.35,0.05,1044.96,288923.5,1
2023-03-20,2023-03-20 13:10:00,275.35,275.5,275.35,275.5,0.05,1044.96,288923.5,1
2023-03-20,2023-03-20 13:20:00,275.5,275.65,275.5,275.65,0.05,1044.96,288923.5,1
2023-03-20,2023-03-20 13:30:00,275.65,275.8,275.65,275.8,0.05,1044.96,288923.5,1
2023-03-20,2023-03-20 13:40:00,275.8,275.95,275.8,275.95,0.05,1044.96,288923.5,1
2023-03-20,2023-03-20 13:50:00,275.95,276.1,275.95,276.1,0.05,1044.96,288923.5,1
2023-03-20,2023-03-20 14:00:00,276.1,276.25,276.1,276.25,0.05,1044.96,288923.5,1
2023-03-20,2023-03-20 14:10:00,276.25,276.4,276.25,276.4,0.05,1044.96,288923.5,1
2023-03-20,2023-03-20 14:20:00,276.4,276.55,276.4,276.55,0.05,1044.96,288923.5,1
2023-03-20,2023-03-20 14:30:00,276.55,276.7,276.55,276.7,0.05,1044.96,288923.5,1
2023-03-20,2023-03-20 14:40:00,276.7,276.85,276.7,276.85,0.05,1044.96,288923.5,1
2023-03-20,2023-03-20 14:50:00,276.85,277.0,276.85,277.0,0.05,1044.96,288923.5,1
2023-03-20,2023-03-20 15:00:00,277.0,279.0,273.4,277.0,0.0,1044.96,288923.5,0
2023-03-22,2023-03-22 11:00:00,281.0,281.0,277.73,280.67,-0.12,549.0,150705.48,-1
2023-03-22,2023-03-22 11:10:00,280.67,280.67,280.33,280.33,-0.12,549.0,150705.48,-1
2023-03-22,2023-03-22 11:20:00,280.33,280.33,280.0,280.0,-0.12,549.0,150705.48,-1
2023-03-22,2023-03-22 11:30:00,280.0,280.0,279.67,279.67,-0.12,549.0,150705.48,-1
2023-03-22,2023-03-22 11:40:00,279.67,279.67,279.33,279.33,-0.12,549.0,150705.48,-1
2023-03-22,2023-03-22 11:50:00,279.33,279.33,279.0,279.0,-0.12,549.0,150705.48,-1
2023-03-22,2023-03-22 12:00:00,279.0,279.0,278.67,278.67,-0.12,549.0,150705.48,-1
2023-03-22,2023-03-22 12:10:00,278.67,278.67,278.33,278.33,-0.12,549.0,150705.48,-1
2023-03-22,2023-03-22 12:20:00,278.33,278.33,278.0,278.0,-0.12,549.0,150705.48,-1
2023-03-22,2023-03-22 12:30:00,278.0,278.0,277.67,277.67,-0.12,549.0,150705.48,-1
2023-03-22,2023-03-22 12:40:00,277.67,277.67,277.33,277.33,-0.12,549.0,150705.48,-1
2023-03-22,2023-03-22 12:50:00,277.33,277.33,277.0,277.0,-0.12,549.0,150705.48,-1
2023-03-22,2023-03-22 13:00:00,277.0,281.0,270.1,276.67,-0.12,549.0,150705.48,-1
2023-03-22,2023-03-22 13:10:00,276.67,276.67,276.33,276.33,-0.12,549.0,150705.48,-1
2023-03-22,2023-03-22 13:20:00,276.33,276.33,276.0,276.0,-0.12,549.0,150705.48,-1
2023-03-22,2023-03-22 13:30:00,276.0,276.0,275.67,275.67,-0.12,549.0,150705.48,-1
2023-03-22,2023-03-22 13:40:00,275.67,275.67,275.33,275.33,-0.12,549.0,150705.48,-1
2023-03-22,2023-03-22 13:50:00,275.33,275.33,275.0,275.0,-0.12,549.0,150705.48,-1
2023-03-22,2023-03-22 14:00:00,275.0,275.0,274.67,274.67,-0.12,549.0,150705.48,-1
2023-03-22,2023-03-22 14:10:00,274.67,274.67,274.33,274.33,-0.12,549.0,150705.48,-1
2023-03-22,2023-03-22 14:20:00,274.33,274.33,274.0,274.0,-0.12,549.0,150705.48,-1
2023-03-22,2023-03-22 14:30:00,274.0,274.0,273.67,273.67,-0.12,549.0,150705.48,-1
2023-03-22,2023-03-22 14:40:00,273.67,273.67,273.33,273.33,-0.12,549.0,150705.48,-1
2023-03-22,2023-03-22 14:50:00,273.33,273.33,273.0,273.0,-0.12,549.0,150705.48,-1
2023-03-22,2023-03-22 15:00:00,273.0,281.0,270.1,273.0,0.0,549.0,150705.48,0
2023-03-23,2023-03-23 11:00:00,267.6,268.62,266.97,267.7,0.04,583.64,156758.94,1
2023-03-23,2023-03-23 11:10:00,267.7,267.79,267.7,267.79,0.03,583.64,156758.94,1
2023-03-23,2023-03-23 11:20:00,267.79,267.89,267.79,267.89,0.04,583.64,156758.94,1
2023-03-23,2023-03-23 11:30:00,267.89,267.98,267.89,267.98,0.03,583.64,156758.94,1
2023-03-23,2023-03-23 11:40:00,267.98,268.08,267.98,268.08,0.04,583.64,156758.94,1
2023-03-23,2023-03-23 11:50:00,268.08,268.18,268.08,268.18,0.04,583.64,156758.94,1
2023-03-23,2023-03-23 12:00:00,268.18,268.27,268.18,268.27,0.03,583.64,156758.94,1
2023-03-23,2023-03-23 12:10:00,268.27,268.37,268.27,268.37,0.04,583.64,156758.94,1
2023-03-23,2023-03-23 12:20:00,268.37,268.46,268.37,268.46,0.03,583.64,156758.94,1
2023-03-23,2023-03-23 12:30:00,268.46,268.56,268.46,268.56,0.04,583.64,156758.94,1
2023-03-23,2023-03-23 12:40:00,268.56,268.65,268.56,268.65,0.03,583.64,156758.94,1
2023-03-23,2023-03-23 12:50:00,268.65,268.75,268.65,268.75,0.04,583.64,156758.94,1
2023-03-23,2023-03-23 13:00:00,268.75,271.0,265.5,268.85,0.04,583.64,156758.94,1
2023-03-23,2023-03-23 13:10:00,268.85,268.94,268.85,268.94,0.03,583.64,156758.94,1
2023-03-23,2023-03-23 13:20:00,268.94,269.04,268.94,269.04,0.04,583.64,156758.94,1
2023-03-23,2023-03-23 13:30:00,269.04,269.13,269.04,269.13,0.03,583.64,156758.94,1
2023-03-23,2023-03-23 13:40:00,269.13,269.23,269.13,269.23,0.04,583.64,156758.94,1
2023-03-23,2023-03-23 13:50:00,269.23,269.32,269.23,269.32,0.03,583.64,156758.94,1
2023-03-23,2023-03-23 14:00:00,269.32,269.42,269.32,269.42,0.04,583.64,156758.94,1
2023-03-23,2023-03-23 14:10:00,269.42,269.52,269.42,269.52,0.04,583.64,156758.94,1
2023-03-23,2023-03-23 14:20:00,269.52,269.61,269.52,269.61,0.03,583.64,156758.94,1
2023-03-23,2023-03-23 14:30:00,269.61,269.71,269.61,269.71,0.04,583.64,156758.94,1
2023-03-23,2023-03-23 14:40:00,269.71,269.8,269.71,269.8,0.03,583.64,156758.94,1
2023-03-23,2023-03-23 14:50:00,269.8,269.9,269.8,269.9,0.04,583.64,156758.94,1
2023-03-23,2023-03-23 15:00:00,269.9,271.0,265.5,269.9,0.0,583.64,156758.94,0
2023-03-26,2023-03-26 11:00:00,271.0,272.17,267.73,270.92,-0.03,398.08,105130.82,-1
2023-03-26,2023-03-26 11:10:00,270.92,270.92,270.83,270.83,-0.03,398.08,105130.82,-1
2023-03-26,2023-03-26 11:20:00,270.83,270.83,270.75,270.75,-0.03,398.08,105130.82,-1
2023-03-26,2023-03-26 11:30:00,270.75,270.75,270.67,270.67,-0.03,398.08,105130.82,-1
2023-03-26,2023-03-26 11:40:00,270.67,270.67,270.58,270.58,-0.03,398.08,105130.82,-1
2023-03-26,2023-03-26 11:50:00,270.58,270.58,270.5,270.5,-0.03,398.08,105130.82,-1
2023-03-26,2023-03-26 12:00:00,270.5,270.5,270.42,270.42,-0.03,398.08,105130.82,-1
2023-03-26,2023-03-26 12:10:00,270.42,270.42,270.33,270.33,-0.03,398.08,105130.82,-1
2023-03-26,2023-03-26 12:20:00,270.33,270.33,270.25,270.25,-0.03,398.08,105130.82,-1
2023-03-26,2023-03-26 12:30:00,270.25,270.25,270.17,270.17,-0.03,398.08,105130.82,-1
2023-03-26,2023-03-26 12:40:00,270.17,270.17,270.08,270.08,-0.03,398.08,105130.82,-1
2023-03-26,2023-03-26 12:50:00,270.08,270.08,270.0,270.0,-0.03,398.08,105130.82,-1
2023-03-26,2023-03-26 13:00:00,270.0,274.9,260.1,269.92,-0.03,398.08,105130.82,-1
2023-03-26,2023-03-26 13:10:00,269.92,269.92,269.83,269.83,-0.03,398.08,105130.82,-1
2023-03-26,2023-03-26 13:20:00,269.83,269.83,269.75,269.75,-0.03,398.08,105130.82,-1
2023-03-26,2023-03-26 13:30:00,269.75,269.75,269.67,269.67,-0.03,398.08,105130.82,-1
2023-03-26,2023-03-26 13:40:00,269.67,269.67,269.58,269.58,-0.03,398.08,105130.82,-1
2023-03-26,2023-03-26 13:50:00,269.58,269.58,269.5,269.5,-0.03,398.08,105130.82,-1
2023-03-26,2023-03-26 14:00:00,269.5,269.5,269.42,269.42,-0.03,398.08,105130.82,-1
2023-03-26,2023-03-26 14:10:00,269.42,269.42,269.33,269.33,-0.03,398.08,105130.82,-1
2023-03-26,2023-03-26 14:20:00,269.33,269.33,269.25,269.25,-0.03,398.08,105130.82,-1
2023-03-26,2023-03-26 14:30:00,269.25,269.25,269.17,269.17,-0.03,398.08,105130.82,-1
2023-03-26,2023-03-26 14:40:00,269.17,269.17,269.08,269.08,-0.03,398.08,105130.82,-1
2023-03-26,2023-03-26 14:50:00,269.08,269.08,269.0,269.0,-0.03,398.08,105130.82,-1
2023-03-26,2023-03-26 15:00:00,269.0,274.9,260.1,269.0,0.0,398.08,105130.82,0
2023-03-27,2023-03-27 11:00:00,263.7,266.79,262.65,264.12,0.16,561.2,149992.71,1
2023-03-27,2023-03-27 11:10:00,264.12,264.54,264.12,264.54,0.16,561.2,149992.71,1
2023-03-27,2023-03-27 11:20:00,264.54,264.96,264.54,264.96,0.16,561.2,149992.71,1
2023-03-27,2023-03-27 11:30:00,264.96,265.38,264.96,265.38,0.16,561.2,149992.71,1
2023-03-27,2023-03-27 11:40:00,265.38,265.8,265.38,265.8,0.16,561.2,149992.71,1
2023-03-27,2023-03-27 11:50:00,265.8,266.23,265.8,266.23,0.16,561.2,149992.71,1
2023-03-27,2023-03-27 12:00:00,266.23,266.65,266.23,266.65,0.16,561.2,149992.71,1
2023-03-27,2023-03-27 12:10:00,266.65,267.07,266.65,267.07,0.16,561.2,149992.71,1
2023-03-27,2023-03-27 12:20:00,267.07,267.49,267.07,267.49,0.16,561.2,149992.71,1
2023-03-27,2023-03-27 12:30:00,267.49,267.91,267.49,267.91,0.16,561.2,149992.71,1
2023-03-27,2023-03-27 12:40:00,267.91,268.33,267.91,268.33,0.16,561.2,149992.71,1
2023-03-27,2023-03-27 12:50:00,268.33,268.75,268.33,268.75,0.16,561.2,149992.71,1
2023-03-27,2023-03-27 13:00:00,268.75,274.0,260.2,269.17,0.16,561.2,149992.71,1
2023-03-27,2023-03-27 13:10:00,269.17,269.59,269.17,269.59,0.16,561.2,149992.71,1
2023-03-27,2023-03-27 13:20:00,269.59,270.01,269.59,270.01,0.16,561.2,149992.71,1
2023-03-27,2023-03-27 13:30:00,270.01,270.43,270.01,270.43,0.16,561.2,149992.71,1
2023-03-27,2023-03-27 13:40:00,270.43,270.85,270.43,270.85,0.16,561.2,149992.71,1
2023-03-27,2023-03-27 13:50:00,270.85,271.27,270.85,271.27,0.16,561.2,149992.71,1
2023-03-27,2023-03-27 14:00:00,271.27,271.7,271.27,271.7,0.16,561.2,149992.71,1
2023-03-27,2023-03-27 14:10:00,271.7,272.12,271.7,272.12,0.15,561.2,149992.71,1
2023-03-27,2023-03-27 14:20:00,272.12,272.54,272.12,272.54,0.15,561.2,149992.71,1
2023-03-27,2023-03-27 14:30:00,272.54,272.96,272.54,272.96,0.15,561.2,149992.71,1
2023-03-27,2023-03-27 14:40:00,272.96,273.38,272.96,273.38,0.15,561.2,149992.71,1
2023-03-27,2023-03-27 14:50:00,273.38,273.8,273.38,273.8,0.15,561.2,149992.71,1
2023-03-27,2023-03-27 15:00:00,273.8,274.0,260.2,273.8,0.0,561.2,149992.71,0
2023-03-28,2023-03-28 11:00:00,279.2,279.38,276.44,278.98,-0.08,1073.24,294655.75,-1
2023-03-28,2023-03-28 11:10:00,278.98,278.98,278.77,278.77,-0.08,1073.24,294655.75,-1
2023-03-28,2023-03-28 11:20:00,278.77,278.77,278.55,278.55,-0.08,1073.24,294655.75,-1
2023-03-28,2023-03-28 11:30:00,278.55,278.55,278.33,278.33,-0.08,1073.24,294655.75,-1
2023-03-28,2023-03-28 11:40:00,278.33,278.33,278.12,278.12,-0.08,1073.24,294655.75,-1
2023-03-28,2023-03-28 11:50:00,278.12,278.12,277.9,277.9,-0.08,1073.24,294655.75,-1
2023-03-28,2023-03-28 12:00:00,277.9,277.9,277.68,277.68,-0.08,1073.24,294655.75,-1
2023-03-28,2023-03-28 12:10:00,277.68,277.68,277.47,277.47,-0.08,1073.24,294655.75,-1
2023-03-28,2023-03-28 12:20:00,277.47,277.47,277.25,277.25,-0.08,1073.24,294655.75,-1
2023-03-28,2023-03-28 12:30:00,277.25,277.25,277.03,277.03,-0.08,1073.24,294655.75,-1
2023-03-28,2023-03-28 12:40:00,277.03,277.03,276.82,276.82,-0.08,1073.24,294655.75,-1
2023-03-28,2023-03-28 12:50:00,276.82,276.82,276.6,276.6,-0.08,1073.24,294655.75,-1
2023-03-28,2023-03-28 13:00:00,276.6,279.8,270.0,276.38,-0.08,1073.24,294655.75,-1
2023-03-28,2023-03-28 13:10:00,276.38,276.38,276.17,276.17,-0.08,1073.24,294655.75,-1
2023-03-28,2023-03-28 13:20:00,276.17,276.17,275.95,275.95,-0.08,1073.24,294655.75,-1
2023-03-28,2023-03-28 13:30:00,275.95,275.95,275.73,275.73,-0.08,1073.24,294655.75,-1
2023-03-28,2023-03-28 13:40:00,275.73,275.73,275.52,275.52,-0.08,1073.24,294655.75,-1
2023-03-28,2023-03-28 13:50:00,275.52,275.52,275.3,275.3,-0.08,1073.24,294655.75,-1
2023-03-28,2023-03-28 14:00:00,275.3,275.3,275.08,275.08,-0.08,1073.24,294655.75,-1
2023-03-28,2023-03-28 14:10:00,275.08,275.08,274.87,274.87,-0.08,1073.24,294655.75,-1
2023-03-28,2023-03-28 14:20:00,274.87,274.87,274.65,274.65,-0.08,1073.24,294655.75,-1
2023-03-28,2023-03-28 14:30:00,274.65,274.65,274.43,274.43,-0.08,1073.24,294655.75,-1
2023-03-28,2023-03-28 14:40:00,274.43,274.43,274.22,274.22,-0.08,1073.24,294655.75,-1
2023-03-28,2023-03-28 14:50:00,274.22,274.22,274.0,274.0,-0.08,1073.24,294655.75,-1
2023-03-28,2023-03-28 15:00:00,274.0,279.8,270.0,274.0,0.0,1073.24,294655.75,0
2023-03-29,2023-03-29 11:00:00,278.9,278.9,275.03,278.61,-0.1,486.68,131312.22,-1
2023-03-29,2023-03-29 11:10:00,278.61,278.61,278.32,278.32,-0.1,486.68,131312.22,-1
2023-03-29,2023-03-29 11:20:00,278.32,278.32,278.04,278.04,-0.1,486.68,131312.22,-1
2023-03-29,2023-03-29 11:30:00,278.04,278.04,277.75,277.75,-0.1,486.68,131312.22,-1
2023-03-29,2023-03-29 11:40:00,277.75,277.75,277.46,277.46,-0.1,486.68,131312.22,-1
2023-03-29,2023-03-29 11:50:00,277.46,277.46,277.17,277.17,-0.1,486.68,131312.22,-1
2023-03-29,2023-03-29 12:00:00,277.17,277.17,276.89,276.89,-0.1,486.68,131312.22,-1
2023-03-29,2023-03-29 12:10:00,276.89,276.89,276.6,276.6,-0.1,486.68,131312.22,-1
2023-03-29,2023-03-29 12:20:00,276.6,276.6,276.31,276.31,-0.1,486.68,131312.22,-1
2023-03-29,2023-03-29 12:30:00,276.31,276.31,276.02,276.02,-0.1,486.68,131312.22,-1
2023-03-29,2023-03-29 12:40:00,276.02,276.02,275.74,275.74,-0.1,486.68,131312.22,-1
2023-03-29,2023-03-29 12:50:00,275.74,275.74,275.45,275.45,-0.11,486.68,131312.22,-1
2023-03-29,2023-03-29 13:00:00,275.45,278.9,266.0,275.16,-0.11,486.68,131312.22,-1
2023-03-29,2023-03-29 13:10:00,275.16,275.16,274.88,274.88,-0.1,486.68,131312.22,-1
2023-03-29,2023-03-29 13:20:00,274.88,274.88,274.59,274.59,-0.11,486.68,131312.22,-1
2023-03-29,2023-03-29 13:30:00,274.59,274.59,274.3,274.3,-0.11,486.68,131312.22,-1
2023-03-29,2023-03-29 13:40:00,274.3,274.3,274.01,274.01,-0.11,486.68,131312.22,-1
2023-03-29,2023-03-29 13:50:00,274.01,274.01,273.73,273.73,-0.1,486.68,131312.22,-1
2023-03-29,2023-03-29 14:00:00,273.73,273.73,273.44,273.44,-0.11,486.68,131312.22,-1
2023-03-29,2023-03-29 14:10:00,273.44,273.44,273.15,273.15,-0.11,486.68,131312.22,-1
2023-03-29,2023-03-29 14:20:00,273.15,273.15,272.86,272.86,-0.11,486.68,131312.22,-1
2023-03-29,2023-03-29 14:30:00,272.86,272.86,272.57,272.57,-0.11,486.68,131312.22,-1
2023-03-29,2023-03-29 14:40:00,272.57,272.57,272.29,272.29,-0.1,486.68,131312.22,-1
2023-03-29,2023-03-29 14:50:00,272.29,272.29,272.0,272.0,-0.11,486.68,131312.22,-1
2023-03-29,2023-03-29 15:00:00,272.0,278.9,266.0,272.0,0.0,486.68,131312.22,0
2023-03-30,2023-03-30 11:00:00,267.1,269.47,266.47,267.01,-0.03,637.84,171835.02,-1
2023-03-30,2023-03-30 11:10:00,267.01,267.01,266.93,266.93,-0.03,637.84,171835.02,-1
2023-03-30,2023-03-30 11:20:00,266.93,266.93,266.84,266.84,-0.03,637.84,171835.02,-1
2023-03-30,2023-03-30 11:30:00,266.84,266.84,266.75,266.75,-0.03,637.84,171835.02,-1
2023-03-30,2023-03-30 11:40:00,266.75,266.75,266.66,266.66,-0.03,637.84,171835.02,-1
2023-03-30,2023-03-30 11:50:00,266.66,266.66,266.58,266.58,-0.03,637.84,171835.02,-1
2023-03-30,2023-03-30 12:00:00,266.58,266.58,266.49,266.49,-0.03,637.84,171835.02,-1
2023-03-30,2023-03-30 12:10:00,266.49,266.49,266.4,266.4,-0.03,637.84,171835.02,-1
2023-03-30,2023-03-30 12:20:00,266.4,266.4,266.31,266.31,-0.03,637.84,171835.02,-1
2023-03-30,2023-03-30 12:30:00,266.31,266.31,266.23,266.23,-0.03,637.84,171835.02,-1
2023-03-30,2023-03-30 12:40:00,266.23,266.23,266.14,266.14,-0.03,637.84,171835.02,-1
2023-03-30,2023-03-30 12:50:00,266.14,266.14,266.05,266.05,-0.03,637.84,171835.02,-1
2023-03-30,2023-03-30 13:00:00,266.05,275.0,265.0,265.96,-0.03,637.84,171835.02,-1
2023-03-30,2023-03-30 13:10:00,265.96,265.96,265.88,265.88,-0.03,637.84,171835.02,-1
2023-03-30,2023-03-30 13:20:00,265.88,265.88,265.79,265.79,-0.03,637.84,171835.02,-1
2023-03-30,2023-03-30 13:30:00,265.79,265.79,265.7,265.7,-0.03,637.84,171835.02,-1
2023-03-30,2023-03-30 13:40:00,265.7,265.7,265.61,265.61,-0.03,637.84,171835.02,-1
2023-03-30,2023-03-30 13:50:00,265.61,265.61,265.52,265.52,-0.03,637.84,171835.02,-1
2023-03-30,2023-03-30 14:00:00,265.52,265.52,265.44,265.44,-0.03,637.84,171835.02,-1
2023-03-30,2023-03-30 14:10:00,265.44,265.44,265.35,265.35,-0.03,637.84,171835.02,-1
2023-03-30,2023-03-30 14:20:00,265.35,265.35,265.26,265.26,-0.03,637.84,171835.02,-1
2023-03-30,2023-03-30 14:30:00,265.26,265.26,265.18,265.18,-0.03,637.84,171835.02,-1
2023-03-30,2023-03-30 14:40:00,265.18,265.18,265.09,265.09,-0.03,637.84,171835.02,-1
2023-03-30,2023-03-30 14:50:00,265.09,265.09,265.0,265.0,-0.03,637.84,171835.02,-1
2023-03-30,2023-03-30 15:00:00,265.0,275.0,265.0,265.0,0.0,637.84,171835.02,0
2023-04-02,2023-04-02 11:00:00,270.3,271.71,266.34,269.87,-0.16,683.2,178821.54,-1
2023-04-02,2023-04-02 11:10:00,269.87,269.87,269.44,269.44,-0.16,683.2,178821.54,-1
2023-04-02,2023-04-02 11:20:00,269.44,269.44,269.01,269.01,-0.16,683.2,178821.54,-1
2023-04-02,2023-04-02 11:30:00,269.01,269.01,268.58,268.58,-0.16,683.2,178821.54,-1
2023-04-02,2023-04-02 11:40:00,268.58,268.58,268.15,268.15,-0.16,683.2,178821.54,-1
2023-04-02,2023-04-02 11:50:00,268.15,268.15,267.73,267.73,-0.16,683.2,178821.54,-1
2023-04-02,2023-04-02 12:00:00,267.73,267.73,267.3,267.3,-0.16,683.2,178821.54,-1
2023-04-02,2023-04-02 12:10:00,267.3,267.3,266.87,266.87,-0.16,683.2,178821.54,-1
2023-04-02,2023-04-02 12:20:00,266.87,266.87,266.44,266.44,-0.16,683.2,178821.54,-1
2023-04-02,2023-04-02 12:30:00,266.44,266.44,266.01,266.01,-0.16,683.2,178821.54,-1
2023-04-02,2023-04-02 12:40:00,266.01,266.01,265.58,265.58,-0.16,683.2,178821.54,-1
2023-04-02,2023-04-02 12:50:00,265.58,265.58,265.15,265.15,-0.16,683.2,178821.54,-1
2023-04-02,2023-04-02 13:00:00,265.15,275.0,257.1,264.72,-0.16,683.2,178821.54,-1
2023-04-02,2023-04-02 13:10:00,264.72,264.72,264.29,264.29,-0.16,683.2,178821.54,-1
2023-04-02,2023-04-02 13:20:00,264.29,264.29,263.86,263.86,-0.16,683.2,178821.54,-1
2023-04-02,2023-04-02 13:30:00,263.86,263.86,263.43,263.43,-0.16,683.2,178821.54,-1
2023-04-02,2023-04-02 13:40:00,263.43,263.43,263.0,263.0,-0.16,683.2,178821.54,-1
2023-04-02,2023-04-02 13:50:00,263.0,263.0,262.57,262.57,-0.16,683.2,178821.54,-1
2023-04-02,2023-04-02 14:00:00,262.57,262.57,262.15,262.15,-0.16,683.2,178821.54,-1
2023-04-02,2023-04-02 14:10:00,262.15,262.15,261.72,261.72,-0.16,683.2,178821.54,-1
2023-04-02,2023-04-02 14:20:00,261.72,261.72,261.29,261.29,-0.16,683.2,178821.54,-1
2023-04-02,2023-04-02 14:30:00,261.29,261.29,260.86,260.86,-0.16,683.2,178821.54,-1
2023-04-02,2023-04-02 14:40:00,260.86,260.86,260.43,260.43,-0.16,683.2,178821.54,-1
2023-04-02,2023-04-02 14:50:00,260.43,260.43,260.0,260.0,-0.17,683.2,178821.54,-1
2023-04-02,2023-04-02 15:00:00,260.0,275.0,257.1,260.0,0.0,683.2,178821.54,0
2023-04-03,2023-04-03 11:00:00,255.0,256.77,255.0,255.21,0.08,319.0,82484.88,1
2023-04-03,2023-04-03 11:10:00,255.21,255.42,255.21,255.42,0.08,319.0,82484.88,1
2023-04-03,2023-04-03 11:20:00,255.42,255.62,255.42,255.62,0.08,319.0,82484.88,1
2023-04-03,2023-04-03 11:30:00,255.62,255.83,255.62,255.83,0.08,319.0,82484.88,1
2023-04-03,2023-04-03 11:40:00,255.83,256.04,255.83,256.04,0.08,319.0,82484.88,1
2023-04-03,2023-04-03 11:50:00,256.04,256.25,256.04,256.25,0.08,319.0,82484.88,1
2023-04-03,2023-04-03 12:00:00,256.25,256.46,256.25,256.46,0.08,319.0,82484.88,1
2023-04-03,2023-04-03 12:10:00,256.46,256.67,256.46,256.67,0.08,319.0,82484.88,1
2023-04-03,2023-04-03 12:20:00,256.67,256.88,256.67,256.88,0.08,319.0,82484.88,1
2023-04-03,2023-04-03 12:30:00,256.88,257.08,256.88,257.08,0.08,319.0,82484.88,1
2023-04-03,2023-04-03 12:40:00,257.08,257.29,257.08,257.29,0.08,319.0,82484.88,1
2023-04-03,2023-04-03 12:50:00,257.29,257.5,257.29,257.5,0.08,319.0,82484.88,1
2023-04-03,2023-04-03 13:00:00,257.5,260.9,255.0,257.71,0.08,319.0,82484.88,1
2023-04-03,2023-04-03 13:10:00,257.71,257.92,257.71,257.92,0.08,319.0,82484.88,1
2023-04-03,2023-04-03 13:20:00,257.92,258.12,257.92,258.12,0.08,319.0,82484.88,1
2023-04-03,2023-04-03 13:30:00,258.12,258.33,258.12,258.33,0.08,319.0,82484.88,1
2023-04-03,2023-04-03 13:40:00,258.33,258.54,258.33,258.54,0.08,319.0,82484.88,1
2023-04-03,2023-04-03 13:50:00,258.54,258.75,258.54,258.75,0.08,319.0,82484.88,1
2023-04-03,2023-04-03 14:00:00,258.75,258.96,258.75,258.96,0.08,319.0,82484.88,1
2023-04-03,2023-04-03 14:10:00,258.96,259.17,258.96,259.17,0.08,319.0,82484.88,1
2023-04-03,2023-04-03 14:20:00,259.17,259.38,259.17,259.38,0.08,319.0,82484.88,1
2023-04-03,2023-04-03 14:30:00,259.38,259.58,259.38,259.58,0.08,319.0,82484.88,1
2023-04-03,2023-04-03 14:40:00,259.58,259.79,259.58,259.79,0.08,319.0,82484.88,1
2023-04-03,2023-04-03 14:50:00,259.79,260.0,259.79,260.0,0.08,319.0,82484.88,1
2023-04-03,2023-04-03 15:00:00,260.0,260.9,255.0,260.0,0.0,319.0,82484.88,0
2023-04-04,2023-04-04 11:00:00,265.0,265.0,261.94,264.62,-0.14,388.76,100274.48,-1
2023-04-04,2023-04-04 11:10:00,264.62,264.62,264.25,264.25,-0.14,388.76,100274.48,-1
2023-04-04,2023-04-04 11:20:00,264.25,264.25,263.88,263.88,-0.14,388.76,100274.48,-1
2023-04-04,2023-04-04 11:30:00,263.88,263.88,263.5,263.5,-0.14,388.76,100274.48,-1
2023-04-04,2023-04-04 11:40:00,263.5,263.5,263.12,263.12,-0.14,388.76,100274.48,-1
2023-04-04,2023-04-04 11:50:00,263.12,263.12,262.75,262.75,-0.14,388.76,100274.48,-1
2023-04-04,2023-04-04 12:00:00,262.75,262.75,262.38,262.38,-0.14,388.76,100274.48,-1
2023-04-04,2023-04-04 12:10:00,262.38,262.38,262.0,262.0,-0.14,388.76,100274.48,-1
2023-04-04,2023-04-04 12:20:00,262.0,262.0,261.62,261.62,-0.15,388.76,100274.48,-1
2023-04-04,2023-04-04 12:30:00,261.62,261.62,261.25,261.25,-0.14,388.76,100274.48,-1
2023-04-04,2023-04-04 12:40:00,261.25,261.25,260.88,260.88,-0.14,388.76,100274.48,-1
2023-04-04,2023-04-04 12:50:00,260.88,260.88,260.5,260.5,-0.15,388.76,100274.48,-1
2023-04-04,2023-04-04 13:00:00,260.5,265.0,254.8,260.12,-0.15,388.76,100274.48,-1
2023-04-04,2023-04-04 13:10:00,260.12,260.12,259.75,259.75,-0.14,388.76,100274.48,-1
2023-04-04,2023-04-04 13:20:00,259.75,259.75,259.38,259.38,-0.14,388.76,100274.48,-1
2023-04-04,2023-04-04 13:30:00,259.38,259.38,259.0,259.0,-0.15,388.76,100274.48,-1
2023-04-04,2023-04-04 13:40:00,259.0,259.0,258.62,258.62,-0.15,388.76,100274.48,-1
2023-04-04,2023-04-04 13:50:00,258.62,258.62,258.25,258.25,-0.14,388.76,100274.48,-1
2023-04-04,2023-04-04 14:00:00,258.25,258.25,257.88,257.88,-0.14,388.76,100274.48,-1
2023-04-04,2023-04-04 14:10:00,257.88,257.88,257.5,257.5,-0.15,388.76,100274.48,-1
2023-04-04,2023-04-04 14:20:00,257.5,257.5,257.12,257.12,-0.15,388.76,100274.48,-1
2023-04-04,2023-04-04 14:30:00,257.12,257.12,256.75,256.75,-0.14,388.76,100274.48,-1
2023-04-04,2023-04-04 14:40:00,256.75,256.75,256.38,256.38,-0.14,388.76,100274.48,-1
2023-04-04,2023-04-04 14:50:00,256.38,256.38,256.0,256.0,-0.15,388.76,100274.48,-1
2023-04-04,2023-04-04 15:00:00,256.0,265.0,254.8,256.0,0.0,388.76,100274.48,0
2023-04-05,2023-04-05 11:00:00,251.0,254.3,251.0,251.37,0.15,537.52,138998.1,1
2023-04-05,2023-04-05 11:10:00,251.37,251.73,251.37,251.73,0.14,537.52,138998.1,1
2023-04-05,2023-04-05 11:20:00,251.73,252.1,251.73,252.1,0.15,537.52,138998.1,1
2023-04-05,2023-04-05 11:30:00,252.1,252.47,252.1,252.47,0.15,537.52,138998.1,1
2023-04-05,2023-04-05 11:40:00,252.47,252.83,252.47,252.83,0.14,537.52,138998.1,1
2023-04-05,2023-04-05 11:50:00,252.83,253.2,252.83,253.2,0.15,537.52,138998.1,1
2023-04-05,2023-04-05 12:00:00,253.2,253.57,253.2,253.57,0.15,537.52,138998.1,1
2023-04-05,2023-04-05 12:10:00,253.57,253.93,253.57,253.93,0.14,537.52,138998.1,1
2023-04-05,2023-04-05 12:20:00,253.93,254.3,253.93,254.3,0.15,537.52,138998.1,1
2023-04-05,2023-04-05 12:30:00,254.3,254.67,254.3,254.67,0.15,537.52,138998.1,1
2023-04-05,2023-04-05 12:40:00,254.67,255.03,254.67,255.03,0.14,537.52,138998.1,1
2023-04-05,2023-04-05 12:50:00,255.03,255.4,255.03,255.4,0.15,537.52,138998.1,1
2023-04-05,2023-04-05 13:00:00,255.4,262.0,251.0,255.77,0.14,537.52,138998.1,1
2023-04-05,2023-04-05 13:10:00,255.77,256.13,255.77,256.13,0.14,537.52,138998.1,1
2023-04-05,2023-04-05 13:20:00,256.13,256.5,256.13,256.5,0.14,537.52,138998.1,1
2023-04-05,2023-04-05 13:30:00,256.5,256.87,256.5,256.87,0.14,537.52,138998.1,1
2023-04-05,2023-04-05 13:40:00,256.87,257.23,256.87,257.23,0.14,537.52,138998.1,1
2023-04-05,2023-04-05 13:50:00,257.23,257.6,257.23,257.6,0.14,537.52,138998.1,1
2023-04-05,2023-04-05 14:00:00,257.6,257.97,257.6,257.97,0.14,537.52,138998.1,1
2023-04-05,2023-04-05 14:10:00,257.97,258.33,257.97,258.33,0.14,537.52,138998.1,1
2023-04-05,2023-04-05 14:20:00,258.33,258.7,258.33,258.7,0.14,537.52,138998.1,1
2023-04-05,2023-04-05 14:30:00,258.7,259.07,258.7,259.07,0.14,537.52,138998.1,1
2023-04-05,2023-04-05 14:40:00,259.07,259.43,259.07,259.43,0.14,537.52,138998.1,1
2023-04-05,2023-04-05 14:50:00,259.43,259.8,259.43,259.8,0.14,537.52,138998.1,1
2023-04-05,2023-04-05 15:00:00,259.8,262.0,251.0,259.8,0.0,537.52,138998.1,0
2023-04-06,2023-04-06 11:00:00,260.0,260.27,257.66,259.96,-0.02,521.52,133748.15,-1
2023-04-06,2023-04-06 11:10:00,259.96,259.96,259.92,259.92,-0.02,521.52,133748.15,-1
2023-04-06,2023-04-06 11:20:00,259.92,259.92,259.88,259.88,-0.02,521.52,133748.15,-1
2023-04-06,2023-04-06 11:30:00,259.88,259.88,259.83,259.83,-0.02,521.52,133748.15,-1
2023-04-06,2023-04-06 11:40:00,259.83,259.83,259.79,259.79,-0.02,521.52,133748.15,-1
2023-04-06,2023-04-06 11:50:00,259.79,259.79,259.75,259.75,-0.02,521.52,133748.15,-1
2023-04-06,2023-04-06 12:00:00,259.75,259.75,259.71,259.71,-0.02,521.52,133748.15,-1
2023-04-06,2023-04-06 12:10:00,259.71,259.71,259.67,259.67,-0.02,521.52,133748.15,-1
2023-04-06,2023-04-06 12:20:00,259.67,259.67,259.62,259.62,-0.02,521.52,133748.15,-1
2023-04-06,2023-04-06 12:30:00,259.62,259.62,259.58,259.58,-0.02,521.52,133748.15,-1
2023-04-06,2023-04-06 12:40:00,259.58,259.58,259.54,259.54,-0.02,521.52,133748.15,-1
2023-04-06,2023-04-06 12:50:00,259.54,259.54,259.5,259.5,-0.02,521.52,133748.15,-1
2023-04-06,2023-04-06 13:00:00,259.5,260.9,252.2,259.46,-0.02,521.52,133748.15,-1
2023-04-06,2023-04-06 13:10:00,259.46,259.46,259.42,259.42,-0.02,521.52,133748.15,-1
2023-04-06,2023-04-06 13:20:00,259.42,259.42,259.38,259.38,-0.02,521.52,133748.15,-1
2023-04-06,2023-04-06 13:30:00,259.38,259.38,259.33,259.33,-0.02,521.52,133748.15,-1
2023-04-06,2023-04-06 13:40:00,259.33,259.33,259.29,259.29,-0.02,521.52,133748.15,-1
2023-04-06,2023-04-06 13:50:00,259.29,259.29,259.25,259.25,-0.02,521.52,133748.15,-1
2023-04-06,2023-04-06 14:00:00,259.25,259.25,259.21,259.21,-0.02,521.52,133748.15,-1
2023-04-06,2023-04-06 14:10:00,259.21,259.21,259.17,259.17,-0.02,521.52,133748.15,-1
2023-04-06,2023-04-06 14:20:00,259.17,259.17,259.12,259.12,-0.02,521.52,133748.15,-1
2023-04-06,2023-04-06 14:30:00,259.12,259.12,259.08,259.08,-0.02,521.52,133748.15,-1
2023-04-06,2023-04-06 14:40:00,259.08,259.08,259.04,259.04,-0.02,521.52,133748.15,-1
2023-04-06,2023-04-06 14:50:00,259.04,259.04,259.0,259.0,-0.02,521.52,133748.15,-1
2023-04-06,2023-04-06 15:00:00,259.0,260.9,252.2,259.0,0.0,521.52,133748.15,0
2023-04-09,2023-04-09 11:00:00,254.1,255.57,253.17,254.14,0.02,396.96,101391.7,1
2023-04-09,2023-04-09 11:10:00,254.14,254.17,254.14,254.17,0.01,396.96,101391.7,1
2023-04-09,2023-04-09 11:20:00,254.17,254.21,254.17,254.21,0.02,396.96,101391.7,1
2023-04-09,2023-04-09 11:30:00,254.21,254.25,254.21,254.25,0.02,396.96,101391.7,1
2023-04-09,2023-04-09 11:40:00,254.25,254.29,254.25,254.29,0.02,396.96,101391.7,1
2023-04-09,2023-04-09 11:50:00,254.29,254.32,254.29,254.32,0.01,396.96,101391.7,1
2023-04-09,2023-04-09 12:00:00,254.32,254.36,254.32,254.36,0.02,396.96,101391.7,1
2023-04-09,2023-04-09 12:10:00,254.36,254.4,254.36,254.4,0.02,396.96,101391.7,1
2023-04-09,2023-04-09 12:20:00,254.4,254.44,254.4,254.44,0.02,396.96,101391.7,1
2023-04-09,2023-04-09 12:30:00,254.44,254.47,254.44,254.47,0.01,396.96,101391.7,1
2023-04-09,2023-04-09 12:40:00,254.47,254.51,254.47,254.51,0.02,396.96,101391.7,1
2023-04-09,2023-04-09 12:50:00,254.51,254.55,254.51,254.55,0.02,396.96,101391.7,1
2023-04-09,2023-04-09 13:00:00,254.55,259.0,251.0,254.59,0.02,396.96,101391.7,1
2023-04-09,2023-04-09 13:10:00,254.59,254.62,254.59,254.62,0.01,396.96,101391.7,1
2023-04-09,2023-04-09 13:20:00,254.62,254.66,254.62,254.66,0.02,396.96,101391.7,1
2023-04-09,2023-04-09 13:30:00,254.66,254.7,254.66,254.7,0.02,396.96,101391.7,1
2023-04-09,2023-04-09 13:40:00,254.7,254.74,254.7,254.74,0.02,396.96,101391.7,1
2023-04-09,2023-04-09 13:50:00,254.74,254.78,254.74,254.78,0.02,396.96,101391.7,1
2023-04-09,2023-04-09 14:00:00,254.78,254.81,254.78,254.81,0.01,396.96,101391.7,1
2023-04-09,2023-04-09 14:10:00,254.81,254.85,254.81,254.85,0.02,396.96,101391.7,1
2023-04-09,2023-04-09 14:20:00,254.85,254.89,254.85,254.89,0.02,396.96,101391.7,1
2023-04-09,2023-04-09 14:30:00,254.89,254.93,254.89,254.93,0.02,396.96,101391.7,1
2023-04-09,2023-04-09 14:40:00,254.93,254.96,254.93,254.96,0.01,396.96,101391.7,1
2023-04-09,2023-04-09 14:50:00,254.96,255.0,254.96,255.0,0.02,396.96,101391.7,1
2023-04-09,2023-04-09 15:00:00,255.0,259.0,251.0,255.0,0.0,396.96,101391.7,0
2023-04-10,2023-04-10 11:00:00,250.1,252.17,250.07,250.3,0.08,541.16,137604.89,1
2023-04-10,2023-04-10 11:10:00,250.3,250.5,250.3,250.5,0.08,541.16,137604.89,1
2023-04-10,2023-04-10 11:20:00,250.5,250.7,250.5,250.7,0.08,541.16,137604.89,1
2023-04-10,2023-04-10 11:30:00,250.7,250.9,250.7,250.9,0.08,541.16,137604.89,1
2023-04-10,2023-04-10 11:40:00,250.9,251.1,250.9,251.1,0.08,541.16,137604.89,1
2023-04-10,2023-04-10 11:50:00,251.1,251.3,251.1,251.3,0.08,541.16,137604.89,1
2023-04-10,2023-04-10 12:00:00,251.3,251.5,251.3,251.5,0.08,541.16,137604.89,1
2023-04-10,2023-04-10 12:10:00,251.5,251.7,251.5,251.7,0.08,541.16,137604.89,1
2023-04-10,2023-04-10 12:20:00,251.7,251.9,251.7,251.9,0.08,541.16,137604.89,1
2023-04-10,2023-04-10 12:30:00,251.9,252.1,251.9,252.1,0.08,541.16,137604.89,1
2023-04-10,2023-04-10 12:40:00,252.1,252.3,252.1,252.3,0.08,541.16,137604.89,1
2023-04-10,2023-04-10 12:50:00,252.3,252.5,252.3,252.5,0.08,541.16,137604.89,1
2023-04-10,2023-04-10 13:00:00,252.5,257.0,250.0,252.7,0.08,541.16,137604.89,1
2023-04-10,2023-04-10 13:10:00,252.7,252.9,252.7,252.9,0.08,541.16,137604.89,1
2023-04-10,2023-04-10 13:20:00,252.9,253.1,252.9,253.1,0.08,541.16,137604.89,1
2023-04-10,2023-04-10 13:30:00,253.1,253.3,253.1,253.3,0.08,541.16,137604.89,1
2023-04-10,2023-04-10 13:40:00,253.3,253.5,253.3,253.5,0.08,541.16,137604.89,1
2023-04-10,2023-04-10 13:50:00,253.5,253.7,253.5,253.7,0.08,541.16,137604.89,1
2023-04-10,2023-04-10 14:00:00,253.7,253.9,253.7,253.9,0.08,541.16,137604.89,1
2023-04-10,2023-04-10 14:10:00,253.9,254.1,253.9,254.1,0.08,541.16,137604.89,1
2023-04-10,2023-04-10 14:20:00,254.1,254.3,254.1,254.3,0.08,541.16,137604.89,1
2023-04-10,2023-04-10 14:30:00,254.3,254.5,254.3,254.5,0.08,541.16,137604.89,1
2023-04-10,2023-04-10 14:40:00,254.5,254.7,254.5,254.7,0.08,541.16,137604.89,1
2023-04-10,2023-04-10 14:50:00,254.7,254.9,254.7,254.9,0.08,541.16,137604.89,1
2023-04-10,2023-04-10 15:00:00,254.9,257.0,250.0,254.9,0.0,541.16,137604.89,0
2023-04-11,2023-04-11 11:00:00,259.9,262.33,257.83,260.24,0.13,698.88,181479.12,1
2023-04-11,2023-04-11 11:10:00,260.24,260.57,260.24,260.57,0.13,698.88,181479.12,1
2023-04-11,2023-04-11 11:20:00,260.57,260.91,260.57,260.91,0.13,698.88,181479.12,1
2023-04-11,2023-04-11 11:30:00,260.91,261.25,260.91,261.25,0.13,698.88,181479.12,1
2023-04-11,2023-04-11 11:40:00,261.25,261.59,261.25,261.59,0.13,698.88,181479.12,1
2023-04-11,2023-04-11 11:50:00,261.59,261.92,261.59,261.92,0.13,698.88,181479.12,1
2023-04-11,2023-04-11 12:00:00,261.92,262.26,261.92,262.26,0.13,698.88,181479.12,1
2023-04-11,2023-04-11 12:10:00,262.26,262.6,262.26,262.6,0.13,698.88,181479.12,1
2023-04-11,2023-04-11 12:20:00,262.6,262.94,262.6,262.94,0.13,698.88,181479.12,1
2023-04-11,2023-04-11 12:30:00,262.94,263.27,262.94,263.27,0.13,698.88,181479.12,1
2023-04-11,2023-04-11 12:40:00,263.27,263.61,263.27,263.61,0.13,698.88,181479.12,1
2023-04-11,2023-04-11 12:50:00,263.61,263.95,263.61,263.95,0.13,698.88,181479.12,1
2023-04-11,2023-04-11 13:00:00,263.95,268.0,253.0,264.29,0.13,698.88,181479.12,1
2023-04-11,2023-04-11 13:10:00,264.29,264.62,264.29,264.62,0.12,698.88,181479.12,1
2023-04-11,2023-04-11 13:20:00,264.62,264.96,264.62,264.96,0.13,698.88,181479.12,1
2023-04-11,2023-04-11 13:30:00,264.96,265.3,264.96,265.3,0.13,698.88,181479.12,1
2023-04-11,2023-04-11 13:40:00,265.3,265.64,265.3,265.64,0.13,698.88,181479.12,1
2023-04-11,2023-04-11 13:50:00,265.64,265.98,265.64,265.98,0.13,698.88,181479.12,1
2023-04-11,2023-04-11 14:00:00,265.98,266.31,265.98,266.31,0.12,698.88,181479.12,1
2023-04-11,2023-04-11 14:10:00,266.31,266.65,266.31,266.65,0.13,698.88,181479.12,1
2023-04-11,2023-04-11 14:20:00,266.65,266.99,266.65,266.99,0.13,698.88,181479.12,1
2023-04-11,2023-04-11 14:30:00,266.99,267.32,266.99,267.32,0.12,698.88,181479.12,1
2023-04-11,2023-04-11 14:40:00,267.32,267.66,267.32,267.66,0.13,698.88,181479.12,1
2023-04-11,2023-04-11 14:50:00,267.66,268.0,267.66,268.0,0.13,698.88,181479.12,1
2023-04-11,2023-04-11 15:00:00,268.0,268.0,253.0,268.0,0.0,698.88,181479.12,0
2023-04-12,2023-04-12 11:00:00,273.0,277.35,270.9,273.46,0.17,1889.92,525983.16,1
2023-04-12,2023-04-12 11:10:00,273.46,273.92,273.46,273.92,0.17,1889.92,525983.16,1
2023-04-12,2023-04-12 11:20:00,273.92,274.38,273.92,274.38,0.17,1889.92,525983.16,1
2023-04-12,2023-04-12 11:30:00,274.38,274.83,274.38,274.83,0.16,1889.92,525983.16,1
2023-04-12,2023-04-12 11:40:00,274.83,275.29,274.83,275.29,0.17,1889.92,525983.16,1
2023-04-12,2023-04-12 11:50:00,275.29,275.75,275.29,275.75,0.17,1889.92,525983.16,1
2023-04-12,2023-04-12 12:00:00,275.75,276.21,275.75,276.21,0.17,1889.92,525983.16,1
2023-04-12,2023-04-12 12:10:00,276.21,276.67,276.21,276.67,0.17,1889.92,525983.16,1
2023-04-12,2023-04-12 12:20:00,276.67,277.12,276.67,277.12,0.16,1889.92,525983.16,1
2023-04-12,2023-04-12 12:30:00,277.12,277.58,277.12,277.58,0.17,1889.92,525983.16,1
2023-04-12,2023-04-12 12:40:00,277.58,278.04,277.58,278.04,0.17,1889.92,525983.16,1
2023-04-12,2023-04-12 12:50:00,278.04,278.5,278.04,278.5,0.17,1889.92,525983.16,1
2023-04-12,2023-04-12 13:00:00,278.5,287.5,266.0,278.96,0.17,1889.92,525983.16,1
2023-04-12,2023-04-12 13:10:00,278.96,279.42,278.96,279.42,0.16,1889.92,525983.16,1
2023-04-12,2023-04-12 13:20:00,279.42,279.88,279.42,279.88,0.16,1889.92,525983.16,1
2023-04-12,2023-04-12 13:30:00,279.88,280.33,279.88,280.33,0.16,1889.92,525983.16,1
2023-04-12,2023-04-12 13:40:00,280.33,280.79,280.33,280.79,0.16,1889.92,525983.16,1
2023-04-12,2023-04-12 13:50:00,280.79,281.25,280.79,281.25,0.16,1889.92,525983.16,1
2023-04-12,2023-04-12 14:00:00,281.25,281.71,281.25,281.71,0.16,1889.92,525983.16,1
2023-04-12,2023-04-12 14:10:00,281.71,282.17,281.71,282.17,0.16,1889.92,525983.16,1
2023-04-12,2023-04-12 14:20:00,282.17,282.62,282.17,282.62,0.16,1889.92,525983.16,1
2023-04-12,2023-04-12 14:30:00,282.62,283.08,282.62,283.08,0.16,1889.92,525983.16,1
2023-04-12,2023-04-12 14:40:00,283.08,283.54,283.08,283.54,0.16,1889.92,525983.16,1
2023-04-12,2023-04-12 14:50:00,283.54,284.0,283.54,284.0,0.16,1889.92,525983.16,1
2023-04-12,2023-04-12 15:00:00,284.0,287.5,266.0,284.0,0.0,1889.92,525983.16,0
2023-04-13,2023-04-13 11:00:00,289.0,289.0,284.35,288.42,-0.2,1357.68,380756.08,-1
2023-04-13,2023-04-13 11:10:00,288.42,288.42,287.83,287.83,-0.2,1357.68,380756.08,-1
2023-04-13,2023-04-13 11:20:00,287.83,287.83,287.25,287.25,-0.2,1357.68,380756.08,-1
2023-04-13,2023-04-13 11:30:00,287.25,287.25,286.67,286.67,-0.2,1357.68,380756.08,-1
2023-04-13,2023-04-13 11:40:00,286.67,286.67,286.08,286.08,-0.21,1357.68,380756.08,-1
2023-04-13,2023-04-13 11:50:00,286.08,286.08,285.5,285.5,-0.2,1357.68,380756.08,-1
2023-04-13,2023-04-13 12:00:00,285.5,285.5,284.92,284.92,-0.2,1357.68,380756.08,-1
2023-04-13,2023-04-13 12:10:00,284.92,284.92,284.33,284.33,-0.21,1357.68,380756.08,-1
2023-04-13,2023-04-13 12:20:00,284.33,284.33,283.75,283.75,-0.2,1357.68,380756.08,-1
2023-04-13,2023-04-13 12:30:00,283.75,283.75,283.17,283.17,-0.2,1357.68,380756.08,-1
2023-04-13,2023-04-13 12:40:00,283.17,283.17,282.58,282.58,-0.21,1357.68,380756.08,-1
2023-04-13,2023-04-13 12:50:00,282.58,282.58,282.0,282.0,-0.21,1357.68,380756.08,-1
2023-04-13,2023-04-13 13:00:00,282.0,289.0,273.5,281.42,-0.21,1357.68,380756.08,-1
2023-04-13,2023-04-13 13:10:00,281.42,281.42,280.83,280.83,-0.21,1357.68,380756.08,-1
2023-04-13,2023-04-13 13:20:00,280.83,280.83,280.25,280.25,-0.21,1357.68,380756.08,-1
2023-04-13,2023-04-13 13:30:00,280.25,280.25,279.67,279.67,-0.21,1357.68,380756.08,-1
2023-04-13,2023-04-13 13:40:00,279.67,279.67,279.08,279.08,-0.21,1357.68,380756.08,-1
2023-04-13,2023-04-13 13:50:00,279.08,279.08,278.5,278.5,-0.21,1357.68,380756.08,-1
2023-04-13,2023-04-13 14:00:00,278.5,278.5,277.92,277.92,-0.21,1357.68,380756.08,-1
2023-04-13,2023-04-13 14:10:00,277.92,277.92,277.33,277.33,-0.21,1357.68,380756.08,-1
2023-04-13,2023-04-13 14:20:00,277.33,277.33,276.75,276.75,-0.21,1357.68,380756.08,-1
2023-04-13,2023-04-13 14:30:00,276.75,276.75,276.17,276.17,-0.21,1357.68,380756.08,-1
2023-04-13,2023-04-13 14:40:00,276.17,276.17,275.58,275.58,-0.21,1357.68,380756.08,-1
2023-04-13,2023-04-13 14:50:00,275.58,275.58,275.0,275.0,-0.21,1357.68,380756.08,-1
2023-04-13,2023-04-13 15:00:00,275.0,289.0,273.5,275.0,0.0,1357.68,380756.08,0
2023-04-16,2023-04-16 11:00:00,270.0,274.8,270.0,270.13,0.05,915.56,253694.89,1
2023-04-16,2023-04-16 11:10:00,270.13,270.27,270.13,270.27,0.05,915.56,253694.89,1
2023-04-16,2023-04-16 11:20:00,270.27,270.4,270.27,270.4,0.05,915.56,253694.89,1
2023-04-16,2023-04-16 11:30:00,270.4,270.53,270.4,270.53,0.05,915.56,253694.89,1
2023-04-16,2023-04-16 11:40:00,270.53,270.67,270.53,270.67,0.05,915.56,253694.89,1
2023-04-16,2023-04-16 11:50:00,270.67,270.8,270.67,270.8,0.05,915.56,253694.89,1
2023-04-16,2023-04-16 12:00:00,270.8,270.93,270.8,270.93,0.05,915.56,253694.89,1
2023-04-16,2023-04-16 12:10:00,270.93,271.07,270.93,271.07,0.05,915.56,253694.89,1
2023-04-16,2023-04-16 12:20:00,271.07,271.2,271.07,271.2,0.05,915.56,253694.89,1
2023-04-16,2023-04-16 12:30:00,271.2,271.33,271.2,271.33,0.05,915.56,253694.89,1
2023-04-16,2023-04-16 12:40:00,271.33,271.47,271.33,271.47,0.05,915.56,253694.89,1
2023-04-16,2023-04-16 12:50:00,271.47,271.6,271.47,271.6,0.05,915.56,253694.89,1
2023-04-16,2023-04-16 13:00:00,271.6,286.0,270.0,271.73,0.05,915.56,253694.89,1
2023-04-16,2023-04-16 13:10:00,271.73,271.87,271.73,271.87,0.05,915.56,253694.89,1
2023-04-16,2023-04-16 13:20:00,271.87,272.0,271.87,272.0,0.05,915.56,253694.89,1
2023-04-16,2023-04-16 13:30:00,272.0,272.13,272.0,272.13,0.05,915.56,253694.89,1
2023-04-16,2023-04-16 13:40:00,272.13,272.27,272.13,272.27,0.05,915.56,253694.89,1
2023-04-16,2023-04-16 13:50:00,272.27,272.4,272.27,272.4,0.05,915.56,253694.89,1
2023-04-16,2023-04-16 14:00:00,272.4,272.53,272.4,272.53,0.05,915.56,253694.89,1
2023-04-16,2023-04-16 14:10:00,272.53,272.67,272.53,272.67,0.05,915.56,253694.89,1
2023-04-16,2023-04-16 14:20:00,272.67,272.8,272.67,272.8,0.05,915.56,253694.89,1
2023-04-16,2023-04-16 14:30:00,272.8,272.93,272.8,272.93,0.05,915.56,253694.89,1
2023-04-16,2023-04-16 14:40:00,272.93,273.07,272.93,273.07,0.05,915.56,253694.89,1
2023-04-16,2023-04-16 14:50:00,273.07,273.2,273.07,273.2,0.05,915.56,253694.89,1
2023-04-16,2023-04-16 15:00:00,273.2,286.0,270.0,273.2,0.0,915.56,253694.89,0
2023-04-17,2023-04-17 11:00:00,270.0,271.47,269.34,270.12,0.04,803.28,217698.32,1
2023-04-17,2023-04-17 11:10:00,270.12,270.23,270.12,270.23,0.04,803.28,217698.32,1
2023-04-17,2023-04-17 11:20:00,270.23,270.35,270.23,270.35,0.04,803.28,217698.32,1
2023-04-17,2023-04-17 11:30:00,270.35,270.47,270.35,270.47,0.04,803.28,217698.32,1
2023-04-17,2023-04-17 11:40:00,270.47,270.58,270.47,270.58,0.04,803.28,217698.32,1
2023-04-17,2023-04-17 11:50:00,270.58,270.7,270.58,270.7,0.04,803.28,217698.32,1
2023-04-17,2023-04-17 12:00:00,270.7,270.82,270.7,270.82,0.04,803.28,217698.32,1
2023-04-17,2023-04-17 12:10:00,270.82,270.93,270.82,270.93,0.04,803.28,217698.32,1
2023-04-17,2023-04-17 12:20:00,270.93,271.05,270.93,271.05,0.04,803.28,217698.32,1
2023-04-17,2023-04-17 12:30:00,271.05,271.17,271.05,271.17,0.04,803.28,217698.32,1
2023-04-17,2023-04-17 12:40:00,271.17,271.28,271.17,271.28,0.04,803.28,217698.32,1
2023-04-17,2023-04-17 12:50:00,271.28,271.4,271.28,271.4,0.04,803.28,217698.32,1
2023-04-17,2023-04-17 13:00:00,271.4,274.9,267.8,271.52,0.04,803.28,217698.32,1
2023-04-17,2023-04-17 13:10:00,271.52,271.63,271.52,271.63,0.04,803.28,217698.32,1
2023-04-17,2023-04-17 13:20:00,271.63,271.75,271.63,271.75,0.04,803.28,217698.32,1
2023-04-17,2023-04-17 13:30:00,271.75,271.87,271.75,271.87,0.04,803.28,217698.32,1
2023-04-17,2023-04-17 13:40:00,271.87,271.98,271.87,271.98,0.04,803.28,217698.32,1
2023-04-17,2023-04-17 13:50:00,271.98,272.1,271.98,272.1,0.04,803.28,217698.32,1
2023-04-17,2023-04-17 14:00:00,272.1,272.22,272.1,272.22,0.04,803.28,217698.32,1
2023-04-17,2023-04-17 14:10:00,272.22,272.33,272.22,272.33,0.04,803.28,217698.32,1
2023-04-17,2023-04-17 14:20:00,272.33,272.45,272.33,272.45,0.04,803.28,217698.32,1
2023-04-17,2023-04-17 14:30:00,272.45,272.57,272.45,272.57,0.04,803.28,217698.32,1
2023-04-17,2023-04-17 14:40:00,272.57,272.68,272.57,272.68,0.04,803.28,217698.32,1
2023-04-17,2023-04-17 14:50:00,272.68,272.8,272.68,272.8,0.04,803.28,217698.32,1
2023-04-17,2023-04-17 15:00:00,272.8,274.9,267.8,272.8,0.0,803.28,217698.32,0
2023-04-18,2023-04-18 11:00:00,269.0,275.09,268.25,269.85,0.32,568.64,154120.9,1
2023-04-18,2023-04-18 11:10:00,269.85,270.69,269.85,270.69,0.31,568.64,154120.9,1
2023-04-18,2023-04-18 11:20:00,270.69,271.54,270.69,271.54,0.31,568.64,154120.9,1
2023-04-18,2023-04-18 11:30:00,271.54,272.38,271.54,272.38,0.31,568.64,154120.9,1
2023-04-18,2023-04-18 11:40:00,272.38,273.23,272.38,273.23,0.31,568.64,154120.9,1
2023-04-18,2023-04-18 11:50:00,273.23,274.07,273.23,274.07,0.31,568.64,154120.9,1
2023-04-18,2023-04-18 12:00:00,274.07,274.92,274.07,274.92,0.31,568.64,154120.9,1
2023-04-18,2023-04-18 12:10:00,274.92,275.77,274.92,275.77,0.31,568.64,154120.9,1
2023-04-18,2023-04-18 12:20:00,275.77,276.61,275.77,276.61,0.3,568.64,154120.9,1
2023-04-18,2023-04-18 12:30:00,276.61,277.46,276.61,277.46,0.31,568.64,154120.9,1
2023-04-18,2023-04-18 12:40:00,277.46,278.3,277.46,278.3,0.3,568.64,154120.9,1
2023-04-18,2023-04-18 12:50:00,278.3,279.15,278.3,279.15,0.31,568.64,154120.9,1
2023-04-18,2023-04-18 13:00:00,279.15,289.3,266.5,280.0,0.3,568.64,154120.9,1
2023-04-18,2023-04-18 13:10:00,280.0,280.84,280.0,280.84,0.3,568.64,154120.9,1
2023-04-18,2023-04-18 13:20:00,280.84,281.69,280.84,281.69,0.3,568.64,154120.9,1
2023-04-18,2023-04-18 13:30:00,281.69,282.53,281.69,282.53,0.3,568.64,154120.9,1
2023-04-18,2023-04-18 13:40:00,282.53,283.38,282.53,283.38,0.3,568.64,154120.9,1
2023-04-18,2023-04-18 13:50:00,283.38,284.23,283.38,284.23,0.3,568.64,154120.9,1
2023-04-18,2023-04-18 14:00:00,284.23,285.07,284.23,285.07,0.3,568.64,154120.9,1
2023-04-18,2023-04-18 14:10:00,285.07,285.92,285.07,285.92,0.3,568.64,154120.9,1
2023-04-18,2023-04-18 14:20:00,285.92,286.76,285.92,286.76,0.29,568.64,154120.9,1
2023-04-18,2023-04-18 14:30:00,286.76,287.61,286.76,287.61,0.3,568.64,154120.9,1
2023-04-18,2023-04-18 14:40:00,287.61,288.45,287.61,288.45,0.29,568.64,154120.9,1
2023-04-18,2023-04-18 14:50:00,288.45,289.3,288.45,289.3,0.29,568.64,154120.9,1
2023-04-18,2023-04-18 15:00:00,289.3,289.3,266.5,289.3,0.0,568.64,154120.9,0
2023-04-19,2023-04-19 11:00:00,295.0,295.0,288.25,294.46,-0.18,1981.72,555398.93,-1
2023-04-19,2023-04-19 11:10:00,294.46,294.46,293.92,293.92,-0.18,1981.72,555398.93,-1
2023-04-19,2023-04-19 11:20:00,293.92,293.92,293.38,293.38,-0.18,1981.72,555398.93,-1
2023-04-19,2023-04-19 11:30:00,293.38,293.38,292.83,292.83,-0.19,1981.72,555398.93,-1
2023-04-19,2023-04-19 11:40:00,292.83,292.83,292.29,292.29,-0.18,1981.72,555398.93,-1
2023-04-19,2023-04-19 11:50:00,292.29,292.29,291.75,291.75,-0.18,1981.72,555398.93,-1
2023-04-19,2023-04-19 12:00:00,291.75,291.75,291.21,291.21,-0.19,1981.72,555398.93,-1
2023-04-19,2023-04-19 12:10:00,291.21,291.21,290.67,290.67,-0.19,1981.72,555398.93,-1
2023-04-19,2023-04-19 12:20:00,290.67,290.67,290.12,290.12,-0.19,1981.72,555398.93,-1
2023-04-19,2023-04-19 12:30:00,290.12,290.12,289.58,289.58,-0.19,1981.72,555398.93,-1
2023-04-19,2023-04-19 12:40:00,289.58,289.58,289.04,289.04,-0.19,1981.72,555398.93,-1
2023-04-19,2023-04-19 12:50:00,289.04,289.04,288.5,288.5,-0.19,1981.72,555398.93,-1
2023-04-19,2023-04-19 13:00:00,288.5,295.0,272.5,287.96,-0.19,1981.72,555398.93,-1
2023-04-19,2023-04-19 13:10:00,287.96,287.96,287.42,287.42,-0.19,1981.72,555398.93,-1
2023-04-19,2023-04-19 13:20:00,287.42,287.42,286.88,286.88,-0.19,1981.72,555398.93,-1
2023-04-19,2023-04-19 13:30:00,286.88,286.88,286.33,286.33,-0.19,1981.72,555398.93,-1
2023-04-19,2023-04-19 13:40:00,286.33,286.33,285.79,285.79,-0.19,1981.72,555398.93,-1
2023-04-19,2023-04-19 13:50:00,285.79,285.79,285.25,285.25,-0.19,1981.72,555398.93,-1
2023-04-19,2023-04-19 14:00:00,285.25,285.25,284.71,284.71,-0.19,1981.72,555398.93,-1
2023-04-19,2023-04-19 14:10:00,284.71,284.71,284.17,284.17,-0.19,1981.72,555398.93,-1
2023-04-19,2023-04-19 14:20:00,284.17,284.17,283.62,283.62,-0.19,1981.72,555398.93,-1
2023-04-19,2023-04-19 14:30:00,283.62,283.62,283.08,283.08,-0.19,1981.72,555398.93,-1
2023-04-19,2023-04-19 14:40:00,283.08,283.08,282.54,282.54,-0.19,1981.72,555398.93,-1
2023-04-19,2023-04-19 14:50:00,282.54,282.54,282.0,282.0,-0.19,1981.72,555398.93,-1
2023-04-19,2023-04-19 15:00:00,282.0,295.0,272.5,282.0,0.0,1981.72,555398.93,0
2023-04-20,2023-04-20 11:00:00,279.0,280.5,278.1,279.15,0.05,1567.96,439871.75,1
2023-04-20,2023-04-20 11:10:00,279.15,279.29,279.15,279.29,0.05,1567.96,439871.75,1
2023-04-20,2023-04-20 11:20:00,279.29,279.44,279.29,279.44,0.05,1567.96,439871.75,1
2023-04-20,2023-04-20 11:30:00,279.44,279.58,279.44,279.58,0.05,1567.96,439871.75,1
2023-04-20,2023-04-20 11:40:00,279.58,279.73,279.58,279.73,0.05,1567.96,439871.75,1
2023-04-20,2023-04-20 11:50:00,279.73,279.88,279.73,279.88,0.05,1567.96,439871.75,1
2023-04-20,2023-04-20 12:00:00,279.88,280.02,279.88,280.02,0.05,1567.96,439871.75,1
2023-04-20,2023-04-20 12:10:00,280.02,280.17,280.02,280.17,0.05,1567.96,439871.75,1
2023-04-20,2023-04-20 12:20:00,280.17,280.31,280.17,280.31,0.05,1567.96,439871.75,1
2023-04-20,2023-04-20 12:30:00,280.31,280.46,280.31,280.46,0.05,1567.96,439871.75,1
2023-04-20,2023-04-20 12:40:00,280.46,280.6,280.46,280.6,0.05,1567.96,439871.75,1
2023-04-20,2023-04-20 12:50:00,280.6,280.75,280.6,280.75,0.05,1567.96,439871.75,1
2023-04-20,2023-04-20 13:00:00,280.75,284.0,276.0,280.9,0.05,1567.96,439871.75,1
2023-04-20,2023-04-20 13:10:00,280.9,281.04,280.9,281.04,0.05,1567.96,439871.75,1
2023-04-20,2023-04-20 13:20:00,281.04,281.19,281.04,281.19,0.05,1567.96,439871.75,1
2023-04-20,2023-04-20 13:30:00,281.19,281.33,281.19,281.33,0.05,1567.96,439871.75,1
2023-04-20,2023-04-20 13:40:00,281.33,281.48,281.33,281.48,0.05,1567.96,439871.75,1
2023-04-20,2023-04-20 13:50:00,281.48,281.62,281.48,281.62,0.05,1567.96,439871.75,1
2023-04-20,2023-04-20 14:00:00,281.62,281.77,281.62,281.77,0.05,1567.96,439871.75,1
2023-04-20,2023-04-20 14:10:00,281.77,281.92,281.77,281.92,0.05,1567.96,439871.75,1
2023-04-20,2023-04-20 14:20:00,281.92,282.06,281.92,282.06,0.05,1567.96,439871.75,1
2023-04-20,2023-04-20 14:30:00,282.06,282.21,282.06,282.21,0.05,1567.96,439871.75,1
2023-04-20,2023-04-20 14:40:00,282.21,282.35,282.21,282.35,0.05,1567.96,439871.75,1
2023-04-20,2023-04-20 14:50:00,282.35,282.5,282.35,282.5,0.05,1567.96,439871.75,1
2023-04-20,2023-04-20 15:00:00,282.5,284.0,276.0,282.5,0.0,1567.96,439871.75,0
2023-04-23,2023-04-23 11:00:00,278.0,278.0,276.14,277.96,-0.01,953.72,261719.0,-1
2023-04-23,2023-04-23 11:10:00,277.96,277.96,277.92,277.92,-0.01,953.72,261719.0,-1
2023-04-23,2023-04-23 11:20:00,277.92,277.92,277.88,277.88,-0.01,953.72,261719.0,-1
2023-04-23,2023-04-23 11:30:00,277.88,277.88,277.83,277.83,-0.02,953.72,261719.0,-1
2023-04-23,2023-04-23 11:40:00,277.83,277.83,277.79,277.79,-0.01,953.72,261719.0,-1
2023-04-23,2023-04-23 11:50:00,277.79,277.79,277.75,277.75,-0.01,953.72,261719.0,-1
2023-04-23,2023-04-23 12:00:00,277.75,277.75,277.71,277.71,-0.01,953.72,261719.0,-1
2023-04-23,2023-04-23 12:10:00,277.71,277.71,277.67,277.67,-0.01,953.72,261719.0,-1
2023-04-23,2023-04-23 12:20:00,277.67,277.67,277.62,277.62,-0.02,953.72,261719.0,-1
2023-04-23,2023-04-23 12:30:00,277.62,277.62,277.58,277.58,-0.01,953.72,261719.0,-1
2023-04-23,2023-04-23 12:40:00,277.58,277.58,277.54,277.54,-0.01,953.72,261719.0,-1
2023-04-23,2023-04-23 12:50:00,277.54,277.54,277.5,277.5,-0.01,953.72,261719.0,-1
2023-04-23,2023-04-23 13:00:00,277.5,278.0,271.8,277.46,-0.01,953.72,261719.0,-1
2023-04-23,2023-04-23 13:10:00,277.46,277.46,277.42,277.42,-0.01,953.72,261719.0,-1
2023-04-23,2023-04-23 13:20:00,277.42,277.42,277.38,277.38,-0.01,953.72,261719.0,-1
2023-04-23,2023-04-23 13:30:00,277.38,277.38,277.33,277.33,-0.02,953.72,261719.0,-1
2023-04-23,2023-04-23 13:40:00,277.33,277.33,277.29,277.29,-0.01,953.72,261719.0,-1
2023-04-23,2023-04-23 13:50:00,277.29,277.29,277.25,277.25,-0.01,953.72,261719.0,-1
2023-04-23,2023-04-23 14:00:00,277.25,277.25,277.21,277.21,-0.01,953.72,261719.0,-1
2023-04-23,2023-04-23 14:10:00,277.21,277.21,277.17,277.17,-0.01,953.72,261719.0,-1
2023-04-23,2023-04-23 14:20:00,277.17,277.17,277.12,277.12,-0.02,953.72,261719.0,-1
2023-04-23,2023-04-23 14:30:00,277.12,277.12,277.08,277.08,-0.01,953.72,261719.0,-1
2023-04-23,2023-04-23 14:40:00,277.08,277.08,277.04,277.04,-0.01,953.72,261719.0,-1
2023-04-23,2023-04-23 14:50:00,277.04,277.04,277.0,277.0,-0.01,953.72,261719.0,-1
2023-04-23,2023-04-23 15:00:00,277.0,278.0,271.8,277.0,0.0,953.72,261719.0,0
2023-04-24,2023-04-24 11:00:00,271.5,273.15,270.78,271.65,0.06,637.28,173868.89,1
2023-04-24,2023-04-24 11:10:00,271.65,271.79,271.65,271.79,0.05,637.28,173868.89,1
2023-04-24,2023-04-24 11:20:00,271.79,271.94,271.79,271.94,0.06,637.28,173868.89,1
2023-04-24,2023-04-24 11:30:00,271.94,272.08,271.94,272.08,0.05,637.28,173868.89,1
2023-04-24,2023-04-24 11:40:00,272.08,272.23,272.08,272.23,0.06,637.28,173868.89,1
2023-04-24,2023-04-24 11:50:00,272.23,272.38,272.23,272.38,0.06,637.28,173868.89,1
2023-04-24,2023-04-24 12:00:00,272.38,272.52,272.38,272.52,0.05,637.28,173868.89,1
2023-04-24,2023-04-24 12:10:00,272.52,272.67,272.52,272.67,0.06,637.28,173868.89,1
2023-04-24,2023-04-24 12:20:00,272.67,272.81,272.67,272.81,0.05,637.28,173868.89,1
2023-04-24,2023-04-24 12:30:00,272.81,272.96,272.81,272.96,0.05,637.28,173868.89,1
2023-04-24,2023-04-24 12:40:00,272.96,273.1,272.96,273.1,0.05,637.28,173868.89,1
2023-04-24,2023-04-24 12:50:00,273.1,273.25,273.1,273.25,0.05,637.28,173868.89,1
2023-04-24,2023-04-24 13:00:00,273.25,277.0,269.1,273.4,0.05,637.28,173868.89,1
2023-04-24,2023-04-24 13:10:00,273.4,273.54,273.4,273.54,0.05,637.28,173868.89,1
2023-04-24,2023-04-24 13:20:00,273.54,273.69,273.54,273.69,0.05,637.28,173868.89,1
2023-04-24,2023-04-24 13:30:00,273.69,273.83,273.69,273.83,0.05,637.28,173868.89,1
2023-04-24,2023-04-24 13:40:00,273.83,273.98,273.83,273.98,0.05,637.28,173868.89,1
2023-04-24,2023-04-24 13:50:00,273.98,274.12,273.98,274.12,0.05,637.28,173868.89,1
2023-04-24,2023-04-24 14:00:00,274.12,274.27,274.12,274.27,0.05,637.28,173868.89,1
2023-04-24,2023-04-24 14:10:00,274.27,274.42,274.27,274.42,0.05,637.28,173868.89,1
2023-04-24,2023-04-24 14:20:00,274.42,274.56,274.42,274.56,0.05,637.28,173868.89,1
2023-04-24,2023-04-24 14:30:00,274.56,274.71,274.56,274.71,0.05,637.28,173868.89,1
2023-04-24,2023-04-24 14:40:00,274.71,274.85,274.71,274.85,0.05,637.28,173868.89,1
2023-04-24,2023-04-24 14:50:00,274.85,275.0,274.85,275.0,0.05,637.28,173868.89,1
2023-04-24,2023-04-24 15:00:00,275.0,277.0,269.1,275.0,0.0,637.28,173868.89,0
2023-04-25,2023-04-25 11:00:00,269.5,272.65,267.91,269.85,0.13,452.4,124757.9,1
2023-04-25,2023-04-25 11:10:00,269.85,270.21,269.85,270.21,0.13,452.4,124757.9,1
2023-04-25,2023-04-25 11:20:00,270.21,270.56,270.21,270.56,0.13,452.4,124757.9,1
2023-04-25,2023-04-25 11:30:00,270.56,270.92,270.56,270.92,0.13,452.4,124757.9,1
2023-04-25,2023-04-25 11:40:00,270.92,271.27,270.92,271.27,0.13,452.4,124757.9,1
2023-04-25,2023-04-25 11:50:00,271.27,271.62,271.27,271.62,0.13,452.4,124757.9,1
2023-04-25,2023-04-25 12:00:00,271.62,271.98,271.62,271.98,0.13,452.4,124757.9,1
2023-04-25,2023-04-25 12:10:00,271.98,272.33,271.98,272.33,0.13,452.4,124757.9,1
2023-04-25,2023-04-25 12:20:00,272.33,272.69,272.33,272.69,0.13,452.4,124757.9,1
2023-04-25,2023-04-25 12:30:00,272.69,273.04,272.69,273.04,0.13,452.4,124757.9,1
2023-04-25,2023-04-25 12:40:00,273.04,273.4,273.04,273.4,0.13,452.4,124757.9,1
2023-04-25,2023-04-25 12:50:00,273.4,273.75,273.4,273.75,0.13,452.4,124757.9,1
2023-04-25,2023-04-25 13:00:00,273.75,280.0,264.2,274.1,0.13,452.4,124757.9,1
2023-04-25,2023-04-25 13:10:00,274.1,274.46,274.1,274.46,0.13,452.4,124757.9,1
2023-04-25,2023-04-25 13:20:00,274.46,274.81,274.46,274.81,0.13,452.4,124757.9,1
2023-04-25,2023-04-25 13:30:00,274.81,275.17,274.81,275.17,0.13,452.4,124757.9,1
2023-04-25,2023-04-25 13:40:00,275.17,275.52,275.17,275.52,0.13,452.4,124757.9,1
2023-04-25,2023-04-25 13:50:00,275.52,275.88,275.52,275.88,0.13,452.4,124757.9,1
2023-04-25,2023-04-25 14:00:00,275.88,276.23,275.88,276.23,0.13,452.4,124757.9,1
2023-04-25,2023-04-25 14:10:00,276.23,276.58,276.23,276.58,0.13,452.4,124757.9,1
2023-04-25,2023-04-25 14:20:00,276.58,276.94,276.58,276.94,0.13,452.4,124757.9,1
2023-04-25,2023-04-25 14:30:00,276.94,277.29,276.94,277.29,0.13,452.4,124757.9,1
2023-04-25,2023-04-25 14:40:00,277.29,277.65,277.29,277.65,0.13,452.4,124757.9,1
2023-04-25,2023-04-25 14:50:00,277.65,278.0,277.65,278.0,0.13,452.4,124757.9,1
2023-04-25,2023-04-25 15:00:00,278.0,280.0,264.2,278.0,0.0,452.4,124757.9,0
2023-04-26,2023-04-26 11:00:00,272.5,275.8,271.84,272.77,0.1,1313.2,360179.1,1
2023-04-26,2023-04-26 11:10:00,272.77,273.04,272.77,273.04,0.1,1313.2,360179.1,1
2023-04-26,2023-04-26 11:20:00,273.04,273.31,273.04,273.31,0.1,1313.2,360179.1,1
2023-04-26,2023-04-26 11:30:00,273.31,273.58,273.31,273.58,0.1,1313.2,360179.1,1
2023-04-26,2023-04-26 11:40:00,273.58,273.85,273.58,273.85,0.1,1313.2,360179.1,1
2023-04-26,2023-04-26 11:50:00,273.85,274.12,273.85,274.12,0.1,1313.2,360179.1,1
2023-04-26,2023-04-26 12:00:00,274.12,274.4,274.12,274.4,0.1,1313.2,360179.1,1
2023-04-26,2023-04-26 12:10:00,274.4,274.67,274.4,274.67,0.1,1313.2,360179.1,1
2023-04-26,2023-04-26 12:20:00,274.67,274.94,274.67,274.94,0.1,1313.2,360179.1,1
2023-04-26,2023-04-26 12:30:00,274.94,275.21,274.94,275.21,0.1,1313.2,360179.1,1
2023-04-26,2023-04-26 12:40:00,275.21,275.48,275.21,275.48,0.1,1313.2,360179.1,1
2023-04-26,2023-04-26 12:50:00,275.48,275.75,275.48,275.75,0.1,1313.2,360179.1,1
2023-04-26,2023-04-26 13:00:00,275.75,283.5,270.3,276.02,0.1,1313.2,360179.1,1
2023-04-26,2023-04-26 13:10:00,276.02,276.29,276.02,276.29,0.1,1313.2,360179.1,1
2023-04-26,2023-04-26 13:20:00,276.29,276.56,276.29,276.56,0.1,1313.2,360179.1,1
2023-04-26,2023-04-26 13:30:00,276.56,276.83,276.56,276.83,0.1,1313.2,360179.1,1
2023-04-26,2023-04-26 13:40:00,276.83,277.1,276.83,277.1,0.1,1313.2,360179.1,1
2023-04-26,2023-04-26 13:50:00,277.1,277.38,277.1,277.38,0.1,1313.2,360179.1,1
2023-04-26,2023-04-26 14:00:00,277.38,277.65,277.38,277.65,0.1,1313.2,360179.1,1
2023-04-26,2023-04-26 14:10:00,277.65,277.92,277.65,277.92,0.1,1313.2,360179.1,1
2023-04-26,2023-04-26 14:20:00,277.92,278.19,277.92,278.19,0.1,1313.2,360179.1,1
2023-04-26,2023-04-26 14:30:00,278.19,278.46,278.19,278.46,0.1,1313.2,360179.1,1
2023-04-26,2023-04-26 14:40:00,278.46,278.73,278.46,278.73,0.1,1313.2,360179.1,1
2023-04-26,2023-04-26 14:50:00,278.73,279.0,278.73,279.0,0.1,1313.2,360179.1,1
2023-04-26,2023-04-26 15:00:00,279.0,283.5,270.3,279.0,0.0,1313.2,360179.1,0
2023-04-27,2023-04-27 11:00:00,273.5,274.55,271.88,273.5,0.0,837.68,228637.48,0
2023-04-27,2023-04-27 11:10:00,273.5,273.5,273.5,273.5,0.0,837.68,228637.48,0
2023-04-27,2023-04-27 11:20:00,273.5,273.5,273.5,273.5,0.0,837.68,228637.48,0
2023-04-27,2023-04-27 11:30:00,273.5,273.5,273.5,273.5,0.0,837.68,228637.48,0
2023-04-27,2023-04-27 11:40:00,273.5,273.5,273.5,273.5,0.0,837.68,228637.48,0
2023-04-27,2023-04-27 11:50:00,273.5,273.5,273.5,273.5,0.0,837.68,228637.48,0
2023-04-27,2023-04-27 12:00:00,273.5,273.5,273.5,273.5,0.0,837.68,228637.48,0
2023-04-27,2023-04-27 12:10:00,273.5,273.5,273.5,273.5,0.0,837.68,228637.48,0
2023-04-27,2023-04-27 12:20:00,273.5,273.5,273.5,273.5,0.0,837.68,228637.48,0
2023-04-27,2023-04-27 12:30:00,273.5,273.5,273.5,273.5,0.0,837.68,228637.48,0
2023-04-27,2023-04-27 12:40:00,273.5,273.5,273.5,273.5,0.0,837.68,228637.48,0
2023-04-27,2023-04-27 12:50:00,273.5,273.5,273.5,273.5,0.0,837.68,228637.48,0
2023-04-27,2023-04-27 13:00:00,273.5,277.0,268.1,273.5,0.0,837.68,228637.48,0
2023-04-27,2023-04-27 13:10:00,273.5,273.5,273.5,273.5,0.0,837.68,228637.48,0
2023-04-27,2023-04-27 13:20:00,273.5,273.5,273.5,273.5,0.0,837.68,228637.48,0
2023-04-27,2023-04-27 13:30:00,273.5,273.5,273.5,273.5,0.0,837.68,228637.48,0
2023-04-27,2023-04-27 13:40:00,273.5,273.5,273.5,273.5,0.0,837.68,228637.48,0
2023-04-27,2023-04-27 13:50:00,273.5,273.5,273.5,273.5,0.0,837.68,228637.48,0
2023-04-27,2023-04-27 14:00:00,273.5,273.5,273.5,273.5,0.0,837.68,228637.48,0
2023-04-27,2023-04-27 14:10:00,273.5,273.5,273.5,273.5,0.0,837.68,228637.48,0
2023-04-27,2023-04-27 14:20:00,273.5,273.5,273.5,273.5,0.0,837.68,228637.48,0
2023-04-27,2023-04-27 14:30:00,273.5,273.5,273.5,273.5,0.0,837.68,228637.48,0
2023-04-27,2023-04-27 14:40:00,273.5,273.5,273.5,273.5,0.0,837.68,228637.48,0
2023-04-27,2023-04-27 14:50:00,273.5,273.5,273.5,273.5,0.0,837.68,228637.48,0
2023-04-27,2023-04-27 15:00:00,273.5,277.0,268.1,273.5,0.0,837.68,228637.48,0
2023-04-30,2023-04-30 11:00:00,268.1,269.57,266.87,268.14,0.01,467.92,124892.75,1
2023-04-30,2023-04-30 11:10:00,268.14,268.18,268.14,268.18,0.01,467.92,124892.75,1
2023-04-30,2023-04-30 11:20:00,268.18,268.21,268.18,268.21,0.01,467.92,124892.75,1
2023-04-30,2023-04-30 11:30:00,268.21,268.25,268.21,268.25,0.01,467.92,124892.75,1
2023-04-30,2023-04-30 11:40:00,268.25,268.29,268.25,268.29,0.01,467.92,124892.75,1
2023-04-30,2023-04-30 11:50:00,268.29,268.33,268.29,268.33,0.01,467.92,124892.75,1
2023-04-30,2023-04-30 12:00:00,268.33,268.36,268.33,268.36,0.01,467.92,124892.75,1
2023-04-30,2023-04-30 12:10:00,268.36,268.4,268.36,268.4,0.01,467.92,124892.75,1
2023-04-30,2023-04-30 12:20:00,268.4,268.44,268.4,268.44,0.01,467.92,124892.75,1
2023-04-30,2023-04-30 12:30:00,268.44,268.48,268.44,268.48,0.01,467.92,124892.75,1
2023-04-30,2023-04-30 12:40:00,268.48,268.51,268.48,268.51,0.01,467.92,124892.75,1
2023-04-30,2023-04-30 12:50:00,268.51,268.55,268.51,268.55,0.01,467.92,124892.75,1
2023-04-30,2023-04-30 13:00:00,268.55,273.0,264.0,268.59,0.01,467.92,124892.75,1
2023-04-30,2023-04-30 13:10:00,268.59,268.62,268.59,268.62,0.01,467.92,124892.75,1
2023-04-30,2023-04-30 13:20:00,268.62,268.66,268.62,268.66,0.01,467.92,124892.75,1
2023-04-30,2023-04-30 13:30:00,268.66,268.7,268.66,268.7,0.01,467.92,124892.75,1
2023-04-30,2023-04-30 13:40:00,268.7,268.74,268.7,268.74,0.01,467.92,124892.75,1
2023-04-30,2023-04-30 13:50:00,268.74,268.77,268.74,268.77,0.01,467.92,124892.75,1
2023-04-30,2023-04-30 14:00:00,268.77,268.81,268.77,268.81,0.01,467.92,124892.75,1
2023-04-30,2023-04-30 14:10:00,268.81,268.85,268.81,268.85,0.01,467.92,124892.75,1
2023-04-30,2023-04-30 14:20:00,268.85,268.89,268.85,268.89,0.01,467.92,124892.75,1
2023-04-30,2023-04-30 14:30:00,268.89,268.93,268.89,268.93,0.01,467.92,124892.75,1
2023-04-30,2023-04-30 14:40:00,268.93,268.96,268.93,268.96,0.01,467.92,124892.75,1
2023-04-30,2023-04-30 14:50:00,268.96,269.0,268.96,269.0,0.01,467.92,124892.75,1
2023-04-30,2023-04-30 15:00:00,269.0,273.0,264.0,269.0,0.0,467.92,124892.75,0
2023-05-02,2023-05-02 11:00:00,269.0,269.69,266.3,268.78,-0.08,347.04,91895.23,-1
2023-05-02,2023-05-02 11:10:00,268.78,268.78,268.57,268.57,-0.08,347.04,91895.23,-1
2023-05-02,2023-05-02 11:20:00,268.57,268.57,268.35,268.35,-0.08,347.04,91895.23,-1
2023-05-02,2023-05-02 11:30:00,268.35,268.35,268.13,268.13,-0.08,347.04,91895.23,-1
2023-05-02,2023-05-02 11:40:00,268.13,268.13,267.92,267.92,-0.08,347.04,91895.23,-1
2023-05-02,2023-05-02 11:50:00,267.92,267.92,267.7,267.7,-0.08,347.04,91895.23,-1
2023-05-02,2023-05-02 12:00:00,267.7,267.7,267.48,267.48,-0.08,347.04,91895.23,-1
2023-05-02,2023-05-02 12:10:00,267.48,267.48,267.27,267.27,-0.08,347.04,91895.23,-1
2023-05-02,2023-05-02 12:20:00,267.27,267.27,267.05,267.05,-0.08,347.04,91895.23,-1
2023-05-02,2023-05-02 12:30:00,267.05,267.05,266.83,266.83,-0.08,347.04,91895.23,-1
2023-05-02,2023-05-02 12:40:00,266.83,266.83,266.62,266.62,-0.08,347.04,91895.23,-1
2023-05-02,2023-05-02 12:50:00,266.62,266.62,266.4,266.4,-0.08,347.04,91895.23,-1
2023-05-02,2023-05-02 13:00:00,266.4,271.3,260.0,266.18,-0.08,347.04,91895.23,-1
2023-05-02,2023-05-02 13:10:00,266.18,266.18,265.97,265.97,-0.08,347.04,91895.23,-1
2023-05-02,2023-05-02 13:20:00,265.97,265.97,265.75,265.75,-0.08,347.04,91895.23,-1
2023-05-02,2023-05-02 13:30:00,265.75,265.75,265.53,265.53,-0.08,347.04,91895.23,-1
2023-05-02,2023-05-02 13:40:00,265.53,265.53,265.32,265.32,-0.08,347.04,91895.23,-1
2023-05-02,2023-05-02 13:50:00,265.32,265.32,265.1,265.1,-0.08,347.04,91895.23,-1
2023-05-02,2023-05-02 14:00:00,265.1,265.1,264.88,264.88,-0.08,347.04,91895.23,-1
2023-05-02,2023-05-02 14:10:00,264.88,264.88,264.67,264.67,-0.08,347.04,91895.23,-1
2023-05-02,2023-05-02 14:20:00,264.67,264.67,264.45,264.45,-0.08,347.04,91895.23,-1
2023-05-02,2023-05-02 14:30:00,264.45,264.45,264.23,264.23,-0.08,347.04,91895.23,-1
2023-05-02,2023-05-02 14:40:00,264.23,264.23,264.02,264.02,-0.08,347.04,91895.23,-1
2023-05-02,2023-05-02 14:50:00,264.02,264.02,263.8,263.8,-0.08,347.04,91895.23,-1
2023-05-02,2023-05-02 15:00:00,263.8,271.3,260.0,263.8,0.0,347.04,91895.23,0
2023-05-03,2023-05-03 11:00:00,258.6,260.52,257.58,258.66,0.02,379.64,99113.06,1
2023-05-03,2023-05-03 11:10:00,258.66,258.72,258.66,258.72,0.02,379.64,99113.06,1
2023-05-03,2023-05-03 11:20:00,258.72,258.78,258.72,258.78,0.02,379.64,99113.06,1
2023-05-03,2023-05-03 11:30:00,258.78,258.83,258.78,258.83,0.02,379.64,99113.06,1
2023-05-03,2023-05-03 11:40:00,258.83,258.89,258.83,258.89,0.02,379.64,99113.06,1
2023-05-03,2023-05-03 11:50:00,258.89,258.95,258.89,258.95,0.02,379.64,99113.06,1
2023-05-03,2023-05-03 12:00:00,258.95,259.01,258.95,259.01,0.02,379.64,99113.06,1
2023-05-03,2023-05-03 12:10:00,259.01,259.07,259.01,259.07,0.02,379.64,99113.06,1
2023-05-03,2023-05-03 12:20:00,259.07,259.12,259.07,259.12,0.02,379.64,99113.06,1
2023-05-03,2023-05-03 12:30:00,259.12,259.18,259.12,259.18,0.02,379.64,99113.06,1
2023-05-03,2023-05-03 12:40:00,259.18,259.24,259.18,259.24,0.02,379.64,99113.06,1
2023-05-03,2023-05-03 12:50:00,259.24,259.3,259.24,259.3,0.02,379.64,99113.06,1
2023-05-03,2023-05-03 13:00:00,259.3,265.0,255.2,259.36,0.02,379.64,99113.06,1
2023-05-03,2023-05-03 13:10:00,259.36,259.42,259.36,259.42,0.02,379.64,99113.06,1
2023-05-03,2023-05-03 13:20:00,259.42,259.48,259.42,259.48,0.02,379.64,99113.06,1
2023-05-03,2023-05-03 13:30:00,259.48,259.53,259.48,259.53,0.02,379.64,99113.06,1
2023-05-03,2023-05-03 13:40:00,259.53,259.59,259.53,259.59,0.02,379.64,99113.06,1
2023-05-03,2023-05-03 13:50:00,259.59,259.65,259.59,259.65,0.02,379.64,99113.06,1
2023-05-03,2023-05-03 14:00:00,259.65,259.71,259.65,259.71,0.02,379.64,99113.06,1
2023-05-03,2023-05-03 14:10:00,259.71,259.77,259.71,259.77,0.02,379.64,99113.06,1
2023-05-03,2023-05-03 14:20:00,259.77,259.82,259.77,259.82,0.02,379.64,99113.06,1
2023-05-03,2023-05-03 14:30:00,259.82,259.88,259.82,259.88,0.02,379.64,99113.06,1
2023-05-03,2023-05-03 14:40:00,259.88,259.94,259.88,259.94,0.02,379.64,99113.06,1
2023-05-03,2023-05-03 14:50:00,259.94,260.0,259.94,260.0,0.02,379.64,99113.06,1
2023-05-03,2023-05-03 15:00:00,260.0,265.0,255.2,260.0,0.0,379.64,99113.06,0
2023-05-04,2023-05-04 11:00:00,255.1,258.07,255.1,255.47,0.15,592.56,154765.38,1
2023-05-04,2023-05-04 11:10:00,255.47,255.84,255.47,255.84,0.14,592.56,154765.38,1
2023-05-04,2023-05-04 11:20:00,255.84,256.21,255.84,256.21,0.14,592.56,154765.38,1
2023-05-04,2023-05-04 11:30:00,256.21,256.58,256.21,256.58,0.14,592.56,154765.38,1
2023-05-04,2023-05-04 11:40:00,256.58,256.95,256.58,256.95,0.14,592.56,154765.38,1
2023-05-04,2023-05-04 11:50:00,256.95,257.32,256.95,257.32,0.14,592.56,154765.38,1
2023-05-04,2023-05-04 12:00:00,257.32,257.7,257.32,257.7,0.15,592.56,154765.38,1
2023-05-04,2023-05-04 12:10:00,257.7,258.07,257.7,258.07,0.14,592.56,154765.38,1
2023-05-04,2023-05-04 12:20:00,258.07,258.44,258.07,258.44,0.14,592.56,154765.38,1
2023-05-04,2023-05-04 12:30:00,258.44,258.81,258.44,258.81,0.14,592.56,154765.38,1
2023-05-04,2023-05-04 12:40:00,258.81,259.18,258.81,259.18,0.14,592.56,154765.38,1
2023-05-04,2023-05-04 12:50:00,259.18,259.55,259.18,259.55,0.14,592.56,154765.38,1
2023-05-04,2023-05-04 13:00:00,259.55,265.0,255.1,259.92,0.14,592.56,154765.38,1
2023-05-04,2023-05-04 13:10:00,259.92,260.29,259.92,260.29,0.14,592.56,154765.38,1
2023-05-04,2023-05-04 13:20:00,260.29,260.66,260.29,260.66,0.14,592.56,154765.38,1
2023-05-04,2023-05-04 13:30:00,260.66,261.03,260.66,261.03,0.14,592.56,154765.38,1
2023-05-04,2023-05-04 13:40:00,261.03,261.4,261.03,261.4,0.14,592.56,154765.38,1
2023-05-04,2023-05-04 13:50:00,261.4,261.77,261.4,261.77,0.14,592.56,154765.38,1
2023-05-04,2023-05-04 14:00:00,261.77,262.15,261.77,262.15,0.15,592.56,154765.38,1
2023-05-04,2023-05-04 14:10:00,262.15,262.52,262.15,262.52,0.14,592.56,154765.38,1
2023-05-04,2023-05-04 14:20:00,262.52,262.89,262.52,262.89,0.14,592.56,154765.38,1
2023-05-04,2023-05-04 14:30:00,262.89,263.26,262.89,263.26,0.14,592.56,154765.38,1
2023-05-04,2023-05-04 14:40:00,263.26,263.63,263.26,263.63,0.14,592.56,154765.38,1
2023-05-04,2023-05-04 14:50:00,263.63,264.0,263.63,264.0,0.14,592.56,154765.38,1
2023-05-04,2023-05-04 15:00:00,264.0,265.0,255.1,264.0,0.0,592.56,154765.38,0
2023-05-07,2023-05-07 11:00:00,258.8,259.91,257.27,258.83,0.01,561.2,145092.18,1
2023-05-07,2023-05-07 11:10:00,258.83,258.87,258.83,258.87,0.02,561.2,145092.18,1
2023-05-07,2023-05-07 11:20:00,258.87,258.9,258.87,258.9,0.01,561.2,145092.18,1
2023-05-07,2023-05-07 11:30:00,258.9,258.93,258.9,258.93,0.01,561.2,145092.18,1
2023-05-07,2023-05-07 11:40:00,258.93,258.97,258.93,258.97,0.02,561.2,145092.18,1
2023-05-07,2023-05-07 11:50:00,258.97,259.0,258.97,259.0,0.01,561.2,145092.18,1
2023-05-07,2023-05-07 12:00:00,259.0,259.03,259.0,259.03,0.01,561.2,145092.18,1
2023-05-07,2023-05-07 12:10:00,259.03,259.07,259.03,259.07,0.02,561.2,145092.18,1
2023-05-07,2023-05-07 12:20:00,259.07,259.1,259.07,259.1,0.01,561.2,145092.18,1
2023-05-07,2023-05-07 12:30:00,259.1,259.13,259.1,259.13,0.01,561.2,145092.18,1
2023-05-07,2023-05-07 12:40:00,259.13,259.17,259.13,259.17,0.02,561.2,145092.18,1
2023-05-07,2023-05-07 12:50:00,259.17,259.2,259.17,259.2,0.01,561.2,145092.18,1
2023-05-07,2023-05-07 13:00:00,259.2,262.5,253.7,259.23,0.01,561.2,145092.18,1
2023-05-07,2023-05-07 13:10:00,259.23,259.27,259.23,259.27,0.02,561.2,145092.18,1
2023-05-07,2023-05-07 13:20:00,259.27,259.3,259.27,259.3,0.01,561.2,145092.18,1
2023-05-07,2023-05-07 13:30:00,259.3,259.33,259.3,259.33,0.01,561.2,145092.18,1
2023-05-07,2023-05-07 13:40:00,259.33,259.37,259.33,259.37,0.02,561.2,145092.18,1
2023-05-07,2023-05-07 13:50:00,259.37,259.4,259.37,259.4,0.01,561.2,145092.18,1
2023-05-07,2023-05-07 14:00:00,259.4,259.43,259.4,259.43,0.01,561.2,145092.18,1
2023-05-07,2023-05-07 14:10:00,259.43,259.47,259.43,259.47,0.02,561.2,145092.18,1
2023-05-07,2023-05-07 14:20:00,259.47,259.5,259.47,259.5,0.01,561.2,145092.18,1
2023-05-07,2023-05-07 14:30:00,259.5,259.53,259.5,259.53,0.01,561.2,145092.18,1
2023-05-07,2023-05-07 14:40:00,259.53,259.57,259.53,259.57,0.02,561.2,145092.18,1
2023-05-07,2023-05-07 14:50:00,259.57,259.6,259.57,259.6,0.01,561.2,145092.18,1
2023-05-07,2023-05-07 15:00:00,259.6,262.5,253.7,259.6,0.0,561.2,145092.18,0
2023-05-08,2023-05-08 11:00:00,255.0,259.53,253.5,254.95,-0.02,750.0,189528.22,-1
2023-05-08,2023-05-08 11:10:00,254.95,254.95,254.91,254.91,-0.02,750.0,189528.22,-1
2023-05-08,2023-05-08 11:20:00,254.91,254.91,254.86,254.86,-0.02,750.0,189528.22,-1
2023-05-08,2023-05-08 11:30:00,254.86,254.86,254.82,254.82,-0.02,750.0,189528.22,-1
2023-05-08,2023-05-08 11:40:00,254.82,254.82,254.77,254.77,-0.02,750.0,189528.22,-1
2023-05-08,2023-05-08 11:50:00,254.77,254.77,254.72,254.72,-0.02,750.0,189528.22,-1
2023-05-08,2023-05-08 12:00:00,254.72,254.72,254.68,254.68,-0.02,750.0,189528.22,-1
2023-05-08,2023-05-08 12:10:00,254.68,254.68,254.63,254.63,-0.02,750.0,189528.22,-1
2023-05-08,2023-05-08 12:20:00,254.63,254.63,254.59,254.59,-0.02,750.0,189528.22,-1
2023-05-08,2023-05-08 12:30:00,254.59,254.59,254.54,254.54,-0.02,750.0,189528.22,-1
2023-05-08,2023-05-08 12:40:00,254.54,254.54,254.5,254.5,-0.02,750.0,189528.22,-1
2023-05-08,2023-05-08 12:50:00,254.5,254.5,254.45,254.45,-0.02,750.0,189528.22,-1
2023-05-08,2023-05-08 13:00:00,254.45,270.1,250.0,254.4,-0.02,750.0,189528.22,-1
2023-05-08,2023-05-08 13:10:00,254.4,254.4,254.36,254.36,-0.02,750.0,189528.22,-1
2023-05-08,2023-05-08 13:20:00,254.36,254.36,254.31,254.31,-0.02,750.0,189528.22,-1
2023-05-08,2023-05-08 13:30:00,254.31,254.31,254.27,254.27,-0.02,750.0,189528.22,-1
2023-05-08,2023-05-08 13:40:00,254.27,254.27,254.22,254.22,-0.02,750.0,189528.22,-1
2023-05-08,2023-05-08 13:50:00,254.22,254.22,254.18,254.18,-0.02,750.0,189528.22,-1
2023-05-08,2023-05-08 14:00:00,254.18,254.18,254.13,254.13,-0.02,750.0,189528.22,-1
2023-05-08,2023-05-08 14:10:00,254.13,254.13,254.08,254.08,-0.02,750.0,189528.22,-1
2023-05-08,2023-05-08 14:20:00,254.08,254.08,254.04,254.04,-0.02,750.0,189528.22,-1
2023-05-08,2023-05-08 14:30:00,254.04,254.04,253.99,253.99,-0.02,750.0,189528.22,-1
2023-05-08,2023-05-08 14:40:00,253.99,253.99,253.95,253.95,-0.02,750.0,189528.22,-1
2023-05-08,2023-05-08 14:50:00,253.95,253.95,253.9,253.9,-0.02,750.0,189528.22,-1
2023-05-08,2023-05-08 15:00:00,253.9,270.1,250.0,253.9,0.0,750.0,189528.22,0
2023-05-09,2023-05-09 11:00:00,250.2,255.3,250.2,250.52,0.13,407.52,104689.05,1
2023-05-09,2023-05-09 11:10:00,250.52,250.85,250.52,250.85,0.13,407.52,104689.05,1
2023-05-09,2023-05-09 11:20:00,250.85,251.17,250.85,251.17,0.13,407.52,104689.05,1
2023-05-09,2023-05-09 11:30:00,251.17,251.5,251.17,251.5,0.13,407.52,104689.05,1
2023-05-09,2023-05-09 11:40:00,251.5,251.82,251.5,251.82,0.13,407.52,104689.05,1
2023-05-09,2023-05-09 11:50:00,251.82,252.15,251.82,252.15,0.13,407.52,104689.05,1
2023-05-09,2023-05-09 12:00:00,252.15,252.47,252.15,252.47,0.13,407.52,104689.05,1
2023-05-09,2023-05-09 12:10:00,252.47,252.8,252.47,252.8,0.13,407.52,104689.05,1
2023-05-09,2023-05-09 12:20:00,252.8,253.12,252.8,253.12,0.13,407.52,104689.05,1
2023-05-09,2023-05-09 12:30:00,253.12,253.45,253.12,253.45,0.13,407.52,104689.05,1
2023-05-09,2023-05-09 12:40:00,253.45,253.78,253.45,253.78,0.13,407.52,104689.05,1
2023-05-09,2023-05-09 12:50:00,253.78,254.1,253.78,254.1,0.13,407.52,104689.05,1
2023-05-09,2023-05-09 13:00:00,254.1,267.2,250.2,254.42,0.13,407.52,104689.05,1
2023-05-09,2023-05-09 13:10:00,254.42,254.75,254.42,254.75,0.13,407.52,104689.05,1
2023-05-09,2023-05-09 13:20:00,254.75,255.07,254.75,255.07,0.13,407.52,104689.05,1
2023-05-09,2023-05-09 13:30:00,255.07,255.4,255.07,255.4,0.13,407.52,104689.05,1
2023-05-09,2023-05-09 13:40:00,255.4,255.72,255.4,255.72,0.13,407.52,104689.05,1
2023-05-09,2023-05-09 13:50:00,255.72,256.05,255.72,256.05,0.13,407.52,104689.05,1
2023-05-09,2023-05-09 14:00:00,256.05,256.38,256.05,256.38,0.13,407.52,104689.05,1
2023-05-09,2023-05-09 14:10:00,256.38,256.7,256.38,256.7,0.12,407.52,104689.05,1
2023-05-09,2023-05-09 14:20:00,256.7,257.02,256.7,257.02,0.12,407.52,104689.05,1
2023-05-09,2023-05-09 14:30:00,257.02,257.35,257.02,257.35,0.13,407.52,104689.05,1
2023-05-09,2023-05-09 14:40:00,257.35,257.68,257.35,257.68,0.13,407.52,104689.05,1
2023-05-09,2023-05-09 14:50:00,257.68,258.0,257.68,258.0,0.12,407.52,104689.05,1
2023-05-09,2023-05-09 15:00:00,258.0,267.2,250.2,258.0,0.0,407.52,104689.05,0
2023-05-10,2023-05-10 11:00:00,252.9,255.93,252.9,253.11,0.08,463.72,119449.53,1
2023-05-10,2023-05-10 11:10:00,253.11,253.33,253.11,253.33,0.09,463.72,119449.53,1
2023-05-10,2023-05-10 11:20:00,253.33,253.54,253.33,253.54,0.08,463.72,119449.53,1
2023-05-10,2023-05-10 11:30:00,253.54,253.75,253.54,253.75,0.08,463.72,119449.53,1
2023-05-10,2023-05-10 11:40:00,253.75,253.96,253.75,253.96,0.08,463.72,119449.53,1
2023-05-10,2023-05-10 11:50:00,253.96,254.18,253.96,254.18,0.09,463.72,119449.53,1
2023-05-10,2023-05-10 12:00:00,254.18,254.39,254.18,254.39,0.08,463.72,119449.53,1
2023-05-10,2023-05-10 12:10:00,254.39,254.6,254.39,254.6,0.08,463.72,119449.53,1
2023-05-10,2023-05-10 12:20:00,254.6,254.81,254.6,254.81,0.08,463.72,119449.53,1
2023-05-10,2023-05-10 12:30:00,254.81,255.03,254.81,255.03,0.09,463.72,119449.53,1
2023-05-10,2023-05-10 12:40:00,255.03,255.24,255.03,255.24,0.08,463.72,119449.53,1
2023-05-10,2023-05-10 12:50:00,255.24,255.45,255.24,255.45,0.08,463.72,119449.53,1
2023-05-10,2023-05-10 13:00:00,255.45,263.0,252.9,255.66,0.08,463.72,119449.53,1
2023-05-10,2023-05-10 13:10:00,255.66,255.88,255.66,255.88,0.09,463.72,119449.53,1
2023-05-10,2023-05-10 13:20:00,255.88,256.09,255.88,256.09,0.08,463.72,119449.53,1
2023-05-10,2023-05-10 13:30:00,256.09,256.3,256.09,256.3,0.08,463.72,119449.53,1
2023-05-10,2023-05-10 13:40:00,256.3,256.51,256.3,256.51,0.08,463.72,119449.53,1
2023-05-10,2023-05-10 13:50:00,256.51,256.73,256.51,256.73,0.09,463.72,119449.53,1
2023-05-10,2023-05-10 14:00:00,256.73,256.94,256.73,256.94,0.08,463.72,119449.53,1
2023-05-10,2023-05-10 14:10:00,256.94,257.15,256.94,257.15,0.08,463.72,119449.53,1
2023-05-10,2023-05-10 14:20:00,257.15,257.36,257.15,257.36,0.08,463.72,119449.53,1
2023-05-10,2023-05-10 14:30:00,257.36,257.57,257.36,257.57,0.08,463.72,119449.53,1
2023-05-10,2023-05-10 14:40:00,257.57,257.79,257.57,257.79,0.09,463.72,119449.53,1
2023-05-10,2023-05-10 14:50:00,257.79,258.0,257.79,258.0,0.08,463.72,119449.53,1
2023-05-10,2023-05-10 15:00:00,258.0,263.0,252.9,258.0,0.0,463.72,119449.53,0
2023-05-11,2023-05-11 11:00:00,252.9,254.4,252.06,253.01,0.04,453.08,114442.86,1
2023-05-11,2023-05-11 11:10:00,253.01,253.12,253.01,253.12,0.04,453.08,114442.86,1
2023-05-11,2023-05-11 11:20:00,253.12,253.22,253.12,253.22,0.04,453.08,114442.86,1
2023-05-11,2023-05-11 11:30:00,253.22,253.33,253.22,253.33,0.04,453.08,114442.86,1
2023-05-11,2023-05-11 11:40:00,253.33,253.44,253.33,253.44,0.04,453.08,114442.86,1
2023-05-11,2023-05-11 11:50:00,253.44,253.55,253.44,253.55,0.04,453.08,114442.86,1
2023-05-11,2023-05-11 12:00:00,253.55,253.66,253.55,253.66,0.04,453.08,114442.86,1
2023-05-11,2023-05-11 12:10:00,253.66,253.77,253.66,253.77,0.04,453.08,114442.86,1
2023-05-11,2023-05-11 12:20:00,253.77,253.88,253.77,253.88,0.04,453.08,114442.86,1
2023-05-11,2023-05-11 12:30:00,253.88,253.98,253.88,253.98,0.04,453.08,114442.86,1
2023-05-11,2023-05-11 12:40:00,253.98,254.09,253.98,254.09,0.04,453.08,114442.86,1
2023-05-11,2023-05-11 12:50:00,254.09,254.2,254.09,254.2,0.04,453.08,114442.86,1
2023-05-11,2023-05-11 13:00:00,254.2,257.9,250.1,254.31,0.04,453.08,114442.86,1
2023-05-11,2023-05-11 13:10:00,254.31,254.42,254.31,254.42,0.04,453.08,114442.86,1
2023-05-11,2023-05-11 13:20:00,254.42,254.53,254.42,254.53,0.04,453.08,114442.86,1
2023-05-11,2023-05-11 13:30:00,254.53,254.63,254.53,254.63,0.04,453.08,114442.86,1
2023-05-11,2023-05-11 13:40:00,254.63,254.74,254.63,254.74,0.04,453.08,114442.86,1
2023-05-11,2023-05-11 13:50:00,254.74,254.85,254.74,254.85,0.04,453.08,114442.86,1
2023-05-11,2023-05-11 14:00:00,254.85,254.96,254.85,254.96,0.04,453.08,114442.86,1
2023-05-11,2023-05-11 14:10:00,254.96,255.07,254.96,255.07,0.04,453.08,114442.86,1
2023-05-11,2023-05-11 14:20:00,255.07,255.18,255.07,255.18,0.04,453.08,114442.86,1
2023-05-11,2023-05-11 14:30:00,255.18,255.28,255.18,255.28,0.04,453.08,114442.86,1
2023-05-11,2023-05-11 14:40:00,255.28,255.39,255.28,255.39,0.04,453.08,114442.86,1
2023-05-11,2023-05-11 14:50:00,255.39,255.5,255.39,255.5,0.04,453.08,114442.86,1
2023-05-11,2023-05-11 15:00:00,255.5,257.9,250.1,255.5,0.0,453.08,114442.86,0
2023-05-14,2023-05-14 11:00:00,260.6,261.17,256.82,260.34,-0.1,381.64,95708.61,-1
2023-05-14,2023-05-14 11:10:00,260.34,260.34,260.08,260.08,-0.1,381.64,95708.61,-1
2023-05-14,2023-05-14 11:20:00,260.08,260.08,259.81,259.81,-0.1,381.64,95708.61,-1
2023-05-14,2023-05-14 11:30:00,259.81,259.81,259.55,259.55,-0.1,381.64,95708.61,-1
2023-05-14,2023-05-14 11:40:00,259.55,259.55,259.29,259.29,-0.1,381.64,95708.61,-1
2023-05-14,2023-05-14 11:50:00,259.29,259.29,259.03,259.03,-0.1,381.64,95708.61,-1
2023-05-14,2023-05-14 12:00:00,259.03,259.03,258.76,258.76,-0.1,381.64,95708.61,-1
2023-05-14,2023-05-14 12:10:00,258.76,258.76,258.5,258.5,-0.1,381.64,95708.61,-1
2023-05-14,2023-05-14 12:20:00,258.5,258.5,258.24,258.24,-0.1,381.64,95708.61,-1
2023-05-14,2023-05-14 12:30:00,258.24,258.24,257.98,257.98,-0.1,381.64,95708.61,-1
2023-05-14,2023-05-14 12:40:00,257.98,257.98,257.71,257.71,-0.1,381.64,95708.61,-1
2023-05-14,2023-05-14 12:50:00,257.71,257.71,257.45,257.45,-0.1,381.64,95708.61,-1
2023-05-14,2023-05-14 13:00:00,257.45,262.5,248.0,257.19,-0.1,381.64,95708.61,-1
2023-05-14,2023-05-14 13:10:00,257.19,257.19,256.93,256.93,-0.1,381.64,95708.61,-1
2023-05-14,2023-05-14 13:20:00,256.93,256.93,256.66,256.66,-0.11,381.64,95708.61,-1
2023-05-14,2023-05-14 13:30:00,256.66,256.66,256.4,256.4,-0.1,381.64,95708.61,-1
2023-05-14,2023-05-14 13:40:00,256.4,256.4,256.14,256.14,-0.1,381.64,95708.61,-1
2023-05-14,2023-05-14 13:50:00,256.14,256.14,255.88,255.88,-0.1,381.64,95708.61,-1
2023-05-14,2023-05-14 14:00:00,255.88,255.88,255.61,255.61,-0.11,381.64,95708.61,-1
2023-05-14,2023-05-14 14:10:00,255.61,255.61,255.35,255.35,-0.1,381.64,95708.61,-1
2023-05-14,2023-05-14 14:20:00,255.35,255.35,255.09,255.09,-0.1,381.64,95708.61,-1
2023-05-14,2023-05-14 14:30:00,255.09,255.09,254.83,254.83,-0.1,381.64,95708.61,-1
2023-05-14,2023-05-14 14:40:00,254.83,254.83,254.56,254.56,-0.11,381.64,95708.61,-1
2023-05-14,2023-05-14 14:50:00,254.56,254.56,254.3,254.3,-0.1,381.64,95708.61,-1
2023-05-14,2023-05-14 15:00:00,254.3,262.5,248.0,254.3,0.0,381.64,95708.61,0
2023-05-15,2023-05-15 11:00:00,259.0,259.0,254.83,258.79,-0.08,197.16,49646.14,-1
2023-05-15,2023-05-15 11:10:00,258.79,258.79,258.57,258.57,-0.09,197.16,49646.14,-1
2023-05-15,2023-05-15 11:20:00,258.57,258.57,258.36,258.36,-0.08,197.16,49646.14,-1
2023-05-15,2023-05-15 11:30:00,258.36,258.36,258.15,258.15,-0.08,197.16,49646.14,-1
2023-05-15,2023-05-15 11:40:00,258.15,258.15,257.94,257.94,-0.08,197.16,49646.14,-1
2023-05-15,2023-05-15 11:50:00,257.94,257.94,257.73,257.73,-0.08,197.16,49646.14,-1
2023-05-15,2023-05-15 12:00:00,257.73,257.73,257.51,257.51,-0.09,197.16,49646.14,-1
2023-05-15,2023-05-15 12:10:00,257.51,257.51,257.3,257.3,-0.08,197.16,49646.14,-1
2023-05-15,2023-05-15 12:20:00,257.3,257.3,257.09,257.09,-0.08,197.16,49646.14,-1
2023-05-15,2023-05-15 12:30:00,257.09,257.09,256.88,256.88,-0.08,197.16,49646.14,-1
2023-05-15,2023-05-15 12:40:00,256.88,256.88,256.66,256.66,-0.09,197.16,49646.14,-1
2023-05-15,2023-05-15 12:50:00,256.66,256.66,256.45,256.45,-0.08,197.16,49646.14,-1
2023-05-15,2023-05-15 13:00:00,256.45,259.0,245.1,256.24,-0.08,197.16,49646.14,-1
2023-05-15,2023-05-15 13:10:00,256.24,256.24,256.02,256.02,-0.09,197.16,49646.14,-1
2023-05-15,2023-05-15 13:20:00,256.02,256.02,255.81,255.81,-0.08,197.16,49646.14,-1
2023-05-15,2023-05-15 13:30:00,255.81,255.81,255.6,255.6,-0.08,197.16,49646.14,-1
2023-05-15,2023-05-15 13:40:00,255.6,255.6,255.39,255.39,-0.08,197.16,49646.14,-1
2023-05-15,2023-05-15 13:50:00,255.39,255.39,255.18,255.18,-0.08,197.16,49646.14,-1
2023-05-15,2023-05-15 14:00:00,255.18,255.18,254.96,254.96,-0.09,197.16,49646.14,-1
2023-05-15,2023-05-15 14:10:00,254.96,254.96,254.75,254.75,-0.08,197.16,49646.14,-1
2023-05-15,2023-05-15 14:20:00,254.75,254.75,254.54,254.54,-0.08,197.16,49646.14,-1
2023-05-15,2023-05-15 14:30:00,254.54,254.54,254.33,254.33,-0.08,197.16,49646.14,-1
2023-05-15,2023-05-15 14:40:00,254.33,254.33,254.11,254.11,-0.09,197.16,49646.14,-1
2023-05-15,2023-05-15 14:50:00,254.11,254.11,253.9,253.9,-0.08,197.16,49646.14,-1
2023-05-15,2023-05-15 15:00:00,253.9,259.0,245.1,253.9,0.0,197.16,49646.14,0
2023-05-16,2023-05-16 11:00:00,250.0,252.1,249.7,250.2,0.08,152.8,38373.32,1
2023-05-16,2023-05-16 11:10:00,250.2,250.39,250.2,250.39,0.08,152.8,38373.32,1
2023-05-16,2023-05-16 11:20:00,250.39,250.59,250.39,250.59,0.08,152.8,38373.32,1
2023-05-16,2023-05-16 11:30:00,250.59,250.78,250.59,250.78,0.08,152.8,38373.32,1
2023-05-16,2023-05-16 11:40:00,250.78,250.98,250.78,250.98,0.08,152.8,38373.32,1
2023-05-16,2023-05-16 11:50:00,250.98,251.18,250.98,251.18,0.08,152.8,38373.32,1
2023-05-16,2023-05-16 12:00:00,251.18,251.37,251.18,251.37,0.08,152.8,38373.32,1
2023-05-16,2023-05-16 12:10:00,251.37,251.57,251.37,251.57,0.08,152.8,38373.32,1
2023-05-16,2023-05-16 12:20:00,251.57,251.76,251.57,251.76,0.08,152.8,38373.32,1
2023-05-16,2023-05-16 12:30:00,251.76,251.96,251.76,251.96,0.08,152.8,38373.32,1
2023-05-16,2023-05-16 12:40:00,251.96,252.15,251.96,252.15,0.08,152.8,38373.32,1
2023-05-16,2023-05-16 12:50:00,252.15,252.35,252.15,252.35,0.08,152.8,38373.32,1
2023-05-16,2023-05-16 13:00:00,252.35,257.0,249.0,252.55,0.08,152.8,38373.32,1
2023-05-16,2023-05-16 13:10:00,252.55,252.74,252.55,252.74,0.08,152.8,38373.32,1
2023-05-16,2023-05-16 13:20:00,252.74,252.94,252.74,252.94,0.08,152.8,38373.32,1
2023-05-16,2023-05-16 13:30:00,252.94,253.13,252.94,253.13,0.08,152.8,38373.32,1
2023-05-16,2023-05-16 13:40:00,253.13,253.33,253.13,253.33,0.08,152.8,38373.32,1
2023-05-16,2023-05-16 13:50:00,253.33,253.52,253.33,253.52,0.08,152.8,38373.32,1
2023-05-16,2023-05-16 14:00:00,253.52,253.72,253.52,253.72,0.08,152.8,38373.32,1
2023-05-16,2023-05-16 14:10:00,253.72,253.92,253.72,253.92,0.08,152.8,38373.32,1
2023-05-16,2023-05-16 14:20:00,253.92,254.11,253.92,254.11,0.07,152.8,38373.32,1
2023-05-16,2023-05-16 14:30:00,254.11,254.31,254.11,254.31,0.08,152.8,38373.32,1
2023-05-16,2023-05-16 14:40:00,254.31,254.5,254.31,254.5,0.07,152.8,38373.32,1
2023-05-16,2023-05-16 14:50:00,254.5,254.7,254.5,254.7,0.08,152.8,38373.32,1
2023-05-16,2023-05-16 15:00:00,254.7,257.0,249.0,254.7,0.0,152.8,38373.32,0
2023-05-17,2023-05-17 11:00:00,250.0,254.2,250.0,250.54,0.22,674.32,175224.12,1
2023-05-17,2023-05-17 11:10:00,250.54,251.08,250.54,251.08,0.22,674.32,175224.12,1
2023-05-17,2023-05-17 11:20:00,251.08,251.62,251.08,251.62,0.22,674.32,175224.12,1
2023-05-17,2023-05-17 11:30:00,251.62,252.17,251.62,252.17,0.22,674.32,175224.12,1
2023-05-17,2023-05-17 11:40:00,252.17,252.71,252.17,252.71,0.21,674.32,175224.12,1
2023-05-17,2023-05-17 11:50:00,252.71,253.25,252.71,253.25,0.21,674.32,175224.12,1
2023-05-17,2023-05-17 12:00:00,253.25,253.79,253.25,253.79,0.21,674.32,175224.12,1
2023-05-17,2023-05-17 12:10:00,253.79,254.33,253.79,254.33,0.21,674.32,175224.12,1
2023-05-17,2023-05-17 12:20:00,254.33,254.88,254.33,254.88,0.22,674.32,175224.12,1
2023-05-17,2023-05-17 12:30:00,254.88,255.42,254.88,255.42,0.21,674.32,175224.12,1
2023-05-17,2023-05-17 12:40:00,255.42,255.96,255.42,255.96,0.21,674.32,175224.12,1
2023-05-17,2023-05-17 12:50:00,255.96,256.5,255.96,256.5,0.21,674.32,175224.12,1
2023-05-17,2023-05-17 13:00:00,256.5,264.0,250.0,257.04,0.21,674.32,175224.12,1
2023-05-17,2023-05-17 13:10:00,257.04,257.58,257.04,257.58,0.21,674.32,175224.12,1
2023-05-17,2023-05-17 13:20:00,257.58,258.12,257.58,258.12,0.21,674.32,175224.12,1
2023-05-17,2023-05-17 13:30:00,258.12,258.67,258.12,258.67,0.21,674.32,175224.12,1
2023-05-17,2023-05-17 13:40:00,258.67,259.21,258.67,259.21,0.21,674.32,175224.12,1
2023-05-17,2023-05-17 13:50:00,259.21,259.75,259.21,259.75,0.21,674.32,175224.12,1
2023-05-17,2023-05-17 14:00:00,259.75,260.29,259.75,260.29,0.21,674.32,175224.12,1
2023-05-17,2023-05-17 14:10:00,260.29,260.83,260.29,260.83,0.21,674.32,175224.12,1
2023-05-17,2023-05-17 14:20:00,260.83,261.38,260.83,261.38,0.21,674.32,175224.12,1
2023-05-17,2023-05-17 14:30:00,261.38,261.92,261.38,261.92,0.21,674.32,175224.12,1
2023-05-17,2023-05-17 14:40:00,261.92,262.46,261.92,262.46,0.21,674.32,175224.12,1
2023-05-17,2023-05-17 14:50:00,262.46,263.0,262.46,263.0,0.21,674.32,175224.12,1
2023-05-17,2023-05-17 15:00:00,263.0,264.0,250.0,263.0,0.0,674.32,175224.12,0
2023-05-18,2023-05-18 11:00:00,268.2,270.24,264.27,268.4,0.07,1223.92,330156.41,1
2023-05-18,2023-05-18 11:10:00,268.4,268.59,268.4,268.59,0.07,1223.92,330156.41,1
2023-05-18,2023-05-18 11:20:00,268.59,268.79,268.59,268.79,0.07,1223.92,330156.41,1
2023-05-18,2023-05-18 11:30:00,268.79,268.98,268.79,268.98,0.07,1223.92,330156.41,1
2023-05-18,2023-05-18 11:40:00,268.98,269.18,268.98,269.18,0.07,1223.92,330156.41,1
2023-05-18,2023-05-18 11:50:00,269.18,269.38,269.18,269.38,0.07,1223.92,330156.41,1
2023-05-18,2023-05-18 12:00:00,269.38,269.57,269.38,269.57,0.07,1223.92,330156.41,1
2023-05-18,2023-05-18 12:10:00,269.57,269.77,269.57,269.77,0.07,1223.92,330156.41,1
2023-05-18,2023-05-18 12:20:00,269.77,269.96,269.77,269.96,0.07,1223.92,330156.41,1
2023-05-18,2023-05-18 12:30:00,269.96,270.16,269.96,270.16,0.07,1223.92,330156.41,1
2023-05-18,2023-05-18 12:40:00,270.16,270.35,270.16,270.35,0.07,1223.92,330156.41,1
2023-05-18,2023-05-18 12:50:00,270.35,270.55,270.35,270.55,0.07,1223.92,330156.41,1
2023-05-18,2023-05-18 13:00:00,270.55,275.0,255.1,270.75,0.07,1223.92,330156.41,1
2023-05-18,2023-05-18 13:10:00,270.75,270.94,270.75,270.94,0.07,1223.92,330156.41,1
2023-05-18,2023-05-18 13:20:00,270.94,271.14,270.94,271.14,0.07,1223.92,330156.41,1
2023-05-18,2023-05-18 13:30:00,271.14,271.33,271.14,271.33,0.07,1223.92,330156.41,1
2023-05-18,2023-05-18 13:40:00,271.33,271.53,271.33,271.53,0.07,1223.92,330156.41,1
2023-05-18,2023-05-18 13:50:00,271.53,271.72,271.53,271.72,0.07,1223.92,330156.41,1
2023-05-18,2023-05-18 14:00:00,271.72,271.92,271.72,271.92,0.07,1223.92,330156.41,1
2023-05-18,2023-05-18 14:10:00,271.92,272.12,271.92,272.12,0.07,1223.92,330156.41,1
2023-05-18,2023-05-18 14:20:00,272.12,272.31,272.12,272.31,0.07,1223.92,330156.41,1
2023-05-18,2023-05-18 14:30:00,272.31,272.51,272.31,272.51,0.07,1223.92,330156.41,1
2023-05-18,2023-05-18 14:40:00,272.51,272.7,272.51,272.7,0.07,1223.92,330156.41,1
2023-05-18,2023-05-18 14:50:00,272.7,272.9,272.7,272.9,0.07,1223.92,330156.41,1
2023-05-18,2023-05-18 15:00:00,272.9,275.0,255.1,272.9,0.0,1223.92,330156.41,0
2023-05-21,2023-05-21 11:00:00,267.5,270.05,265.91,267.4,-0.04,1207.48,325280.31,-1
2023-05-21,2023-05-21 11:10:00,267.4,267.4,267.3,267.3,-0.04,1207.48,325280.31,-1
2023-05-21,2023-05-21 11:20:00,267.3,267.3,267.2,267.2,-0.04,1207.48,325280.31,-1
2023-05-21,2023-05-21 11:30:00,267.2,267.2,267.1,267.1,-0.04,1207.48,325280.31,-1
2023-05-21,2023-05-21 11:40:00,267.1,267.1,267.0,267.0,-0.04,1207.48,325280.31,-1
2023-05-21,2023-05-21 11:50:00,267.0,267.0,266.9,266.9,-0.04,1207.48,325280.31,-1
2023-05-21,2023-05-21 12:00:00,266.9,266.9,266.8,266.8,-0.04,1207.48,325280.31,-1
2023-05-21,2023-05-21 12:10:00,266.8,266.8,266.7,266.7,-0.04,1207.48,325280.31,-1
2023-05-21,2023-05-21 12:20:00,266.7,266.7,266.6,266.6,-0.04,1207.48,325280.31,-1
2023-05-21,2023-05-21 12:30:00,266.6,266.6,266.5,266.5,-0.04,1207.48,325280.31,-1
2023-05-21,2023-05-21 12:40:00,266.5,266.5,266.4,266.4,-0.04,1207.48,325280.31,-1
2023-05-21,2023-05-21 12:50:00,266.4,266.4,266.3,266.3,-0.04,1207.48,325280.31,-1
2023-05-21,2023-05-21 13:00:00,266.3,276.0,262.2,266.2,-0.04,1207.48,325280.31,-1
2023-05-21,2023-05-21 13:10:00,266.2,266.2,266.1,266.1,-0.04,1207.48,325280.31,-1
2023-05-21,2023-05-21 13:20:00,266.1,266.1,266.0,266.0,-0.04,1207.48,325280.31,-1
2023-05-21,2023-05-21 13:30:00,266.0,266.0,265.9,265.9,-0.04,1207.48,325280.31,-1
2023-05-21,2023-05-21 13:40:00,265.9,265.9,265.8,265.8,-0.04,1207.48,325280.31,-1
2023-05-21,2023-05-21 13:50:00,265.8,265.8,265.7,265.7,-0.04,1207.48,325280.31,-1
2023-05-21,2023-05-21 14:00:00,265.7,265.7,265.6,265.6,-0.04,1207.48,325280.31,-1
2023-05-21,2023-05-21 14:10:00,265.6,265.6,265.5,265.5,-0.04,1207.48,325280.31,-1
2023-05-21,2023-05-21 14:20:00,265.5,265.5,265.4,265.4,-0.04,1207.48,325280.31,-1
2023-05-21,2023-05-21 14:30:00,265.4,265.4,265.3,265.3,-0.04,1207.48,325280.31,-1
2023-05-21,2023-05-21 14:40:00,265.3,265.3,265.2,265.2,-0.04,1207.48,325280.31,-1
2023-05-21,2023-05-21 14:50:00,265.2,265.2,265.1,265.1,-0.04,1207.48,325280.31,-1
2023-05-21,2023-05-21 15:00:00,265.1,276.0,262.2,265.1,0.0,1207.48,325280.31,0
2023-05-22,2023-05-22 11:00:00,260.0,263.6,260.0,260.29,0.11,615.68,163895.75,1
2023-05-22,2023-05-22 11:10:00,260.29,260.58,260.29,260.58,0.11,615.68,163895.75,1
2023-05-22,2023-05-22 11:20:00,260.58,260.88,260.58,260.88,0.12,615.68,163895.75,1
2023-05-22,2023-05-22 11:30:00,260.88,261.17,260.88,261.17,0.11,615.68,163895.75,1
2023-05-22,2023-05-22 11:40:00,261.17,261.46,261.17,261.46,0.11,615.68,163895.75,1
2023-05-22,2023-05-22 11:50:00,261.46,261.75,261.46,261.75,0.11,615.68,163895.75,1
2023-05-22,2023-05-22 12:00:00,261.75,262.04,261.75,262.04,0.11,615.68,163895.75,1
2023-05-22,2023-05-22 12:10:00,262.04,262.33,262.04,262.33,0.11,615.68,163895.75,1
2023-05-22,2023-05-22 12:20:00,262.33,262.62,262.33,262.62,0.11,615.68,163895.75,1
2023-05-22,2023-05-22 12:30:00,262.62,262.92,262.62,262.92,0.11,615.68,163895.75,1
2023-05-22,2023-05-22 12:40:00,262.92,263.21,262.92,263.21,0.11,615.68,163895.75,1
2023-05-22,2023-05-22 12:50:00,263.21,263.5,263.21,263.5,0.11,615.68,163895.75,1
2023-05-22,2023-05-22 13:00:00,263.5,272.0,260.0,263.79,0.11,615.68,163895.75,1
2023-05-22,2023-05-22 13:10:00,263.79,264.08,263.79,264.08,0.11,615.68,163895.75,1
2023-05-22,2023-05-22 13:20:00,264.08,264.38,264.08,264.38,0.11,615.68,163895.75,1
2023-05-22,2023-05-22 13:30:00,264.38,264.67,264.38,264.67,0.11,615.68,163895.75,1
2023-05-22,2023-05-22 13:40:00,264.67,264.96,264.67,264.96,0.11,615.68,163895.75,1
2023-05-22,2023-05-22 13:50:00,264.96,265.25,264.96,265.25,0.11,615.68,163895.75,1
2023-05-22,2023-05-22 14:00:00,265.25,265.54,265.25,265.54,0.11,615.68,163895.75,1
2023-05-22,2023-05-22 14:10:00,265.54,265.83,265.54,265.83,0.11,615.68,163895.75,1
2023-05-22,2023-05-22 14:20:00,265.83,266.12,265.83,266.12,0.11,615.68,163895.75,1
2023-05-22,2023-05-22 14:30:00,266.12,266.42,266.12,266.42,0.11,615.68,163895.75,1
2023-05-22,2023-05-22 14:40:00,266.42,266.71,266.42,266.71,0.11,615.68,163895.75,1
2023-05-22,2023-05-22 14:50:00,266.71,267.0,266.71,267.0,0.11,615.68,163895.75,1
2023-05-22,2023-05-22 15:00:00,267.0,272.0,260.0,267.0,0.0,615.68,163895.75,0
2023-05-23,2023-05-23 11:00:00,262.5,268.47,262.5,263.15,0.25,1934.36,536379.5,1
2023-05-23,2023-05-23 11:10:00,263.15,263.79,263.15,263.79,0.24,1934.36,536379.5,1
2023-05-23,2023-05-23 11:20:00,263.79,264.44,263.79,264.44,0.25,1934.36,536379.5,1
2023-05-23,2023-05-23 11:30:00,264.44,265.08,264.44,265.08,0.24,1934.36,536379.5,1
2023-05-23,2023-05-23 11:40:00,265.08,265.73,265.08,265.73,0.25,1934.36,536379.5,1
2023-05-23,2023-05-23 11:50:00,265.73,266.38,265.73,266.38,0.24,1934.36,536379.5,1
2023-05-23,2023-05-23 12:00:00,266.38,267.02,266.38,267.02,0.24,1934.36,536379.5,1
2023-05-23,2023-05-23 12:10:00,267.02,267.67,267.02,267.67,0.24,1934.36,536379.5,1
2023-05-23,2023-05-23 12:20:00,267.67,268.31,267.67,268.31,0.24,1934.36,536379.5,1
2023-05-23,2023-05-23 12:30:00,268.31,268.96,268.31,268.96,0.24,1934.36,536379.5,1
2023-05-23,2023-05-23 12:40:00,268.96,269.6,268.96,269.6,0.24,1934.36,536379.5,1
2023-05-23,2023-05-23 12:50:00,269.6,270.25,269.6,270.25,0.24,1934.36,536379.5,1
2023-05-23,2023-05-23 13:00:00,270.25,282.4,262.5,270.9,0.24,1934.36,536379.5,1
2023-05-23,2023-05-23 13:10:00,270.9,271.54,270.9,271.54,0.24,1934.36,536379.5,1
2023-05-23,2023-05-23 13:20:00,271.54,272.19,271.54,272.19,0.24,1934.36,536379.5,1
2023-05-23,2023-05-23 13:30:00,272.19,272.83,272.19,272.83,0.24,1934.36,536379.5,1
2023-05-23,2023-05-23 13:40:00,272.83,273.48,272.83,273.48,0.24,1934.36,536379.5,1
2023-05-23,2023-05-23 13:50:00,273.48,274.12,273.48,274.12,0.23,1934.36,536379.5,1
2023-05-23,2023-05-23 14:00:00,274.12,274.77,274.12,274.77,0.24,1934.36,536379.5,1
2023-05-23,2023-05-23 14:10:00,274.77,275.42,274.77,275.42,0.24,1934.36,536379.5,1
2023-05-23,2023-05-23 14:20:00,275.42,276.06,275.42,276.06,0.23,1934.36,536379.5,1
2023-05-23,2023-05-23 14:30:00,276.06,276.71,276.06,276.71,0.24,1934.36,536379.5,1
2023-05-23,2023-05-23 14:40:00,276.71,277.35,276.71,277.35,0.23,1934.36,536379.5,1
2023-05-23,2023-05-23 14:50:00,277.35,278.0,277.35,278.0,0.23,1934.36,536379.5,1
2023-05-23,2023-05-23 15:00:00,278.0,282.4,262.5,278.0,0.0,1934.36,536379.5,0
2023-05-24,2023-05-24 11:00:00,278.0,279.05,276.53,277.88,-0.04,1776.16,494524.17,-1
2023-05-24,2023-05-24 11:10:00,277.88,277.88,277.75,277.75,-0.05,1776.16,494524.17,-1
2023-05-24,2023-05-24 11:20:00,277.75,277.75,277.62,277.62,-0.05,1776.16,494524.17,-1
2023-05-24,2023-05-24 11:30:00,277.62,277.62,277.5,277.5,-0.04,1776.16,494524.17,-1
2023-05-24,2023-05-24 11:40:00,277.5,277.5,277.38,277.38,-0.04,1776.16,494524.17,-1
2023-05-24,2023-05-24 11:50:00,277.38,277.38,277.25,277.25,-0.05,1776.16,494524.17,-1
2023-05-24,2023-05-24 12:00:00,277.25,277.25,277.12,277.12,-0.05,1776.16,494524.17,-1
2023-05-24,2023-05-24 12:10:00,277.12,277.12,277.0,277.0,-0.04,1776.16,494524.17,-1
2023-05-24,2023-05-24 12:20:00,277.0,277.0,276.88,276.88,-0.04,1776.16,494524.17,-1
2023-05-24,2023-05-24 12:30:00,276.88,276.88,276.75,276.75,-0.05,1776.16,494524.17,-1
2023-05-24,2023-05-24 12:40:00,276.75,276.75,276.62,276.62,-0.05,1776.16,494524.17,-1
2023-05-24,2023-05-24 12:50:00,276.62,276.62,276.5,276.5,-0.04,1776.16,494524.17,-1
2023-05-24,2023-05-24 13:00:00,276.5,281.5,273.1,276.38,-0.04,1776.16,494524.17,-1
2023-05-24,2023-05-24 13:10:00,276.38,276.38,276.25,276.25,-0.05,1776.16,494524.17,-1
2023-05-24,2023-05-24 13:20:00,276.25,276.25,276.12,276.12,-0.05,1776.16,494524.17,-1
2023-05-24,2023-05-24 13:30:00,276.12,276.12,276.0,276.0,-0.04,1776.16,494524.17,-1
2023-05-24,2023-05-24 13:40:00,276.0,276.0,275.88,275.88,-0.04,1776.16,494524.17,-1
2023-05-24,2023-05-24 13:50:00,275.88,275.88,275.75,275.75,-0.05,1776.16,494524.17,-1
2023-05-24,2023-05-24 14:00:00,275.75,275.75,275.62,275.62,-0.05,1776.16,494524.17,-1
2023-05-24,2023-05-24 14:10:00,275.62,275.62,275.5,275.5,-0.04,1776.16,494524.17,-1
2023-05-24,2023-05-24 14:20:00,275.5,275.5,275.38,275.38,-0.04,1776.16,494524.17,-1
2023-05-24,2023-05-24 14:30:00,275.38,275.38,275.25,275.25,-0.05,1776.16,494524.17,-1
2023-05-24,2023-05-24 14:40:00,275.25,275.25,275.12,275.12,-0.05,1776.16,494524.17,-1
2023-05-24,2023-05-24 14:50:00,275.12,275.12,275.0,275.0,-0.04,1776.16,494524.17,-1
2023-05-24,2023-05-24 15:00:00,275.0,281.5,273.1,275.0,0.0,1776.16,494524.17,0
2023-05-28,2023-05-28 11:00:00,272.0,274.37,270.5,271.88,-0.04,916.56,249833.4,-1
2023-05-28,2023-05-28 11:10:00,271.88,271.88,271.75,271.75,-0.05,916.56,249833.4,-1
2023-05-28,2023-05-28 11:20:00,271.75,271.75,271.62,271.62,-0.05,916.56,249833.4,-1
2023-05-28,2023-05-28 11:30:00,271.62,271.62,271.5,271.5,-0.04,916.56,249833.4,-1
2023-05-28,2023-05-28 11:40:00,271.5,271.5,271.38,271.38,-0.04,916.56,249833.4,-1
2023-05-28,2023-05-28 11:50:00,271.38,271.38,271.25,271.25,-0.05,916.56,249833.4,-1
2023-05-28,2023-05-28 12:00:00,271.25,271.25,271.12,271.12,-0.05,916.56,249833.4,-1
2023-05-28,2023-05-28 12:10:00,271.12,271.12,271.0,271.0,-0.04,916.56,249833.4,-1
2023-05-28,2023-05-28 12:20:00,271.0,271.0,270.88,270.88,-0.04,916.56,249833.4,-1
2023-05-28,2023-05-28 12:30:00,270.88,270.88,270.75,270.75,-0.05,916.56,249833.4,-1
2023-05-28,2023-05-28 12:40:00,270.75,270.75,270.62,270.62,-0.05,916.56,249833.4,-1
2023-05-28,2023-05-28 12:50:00,270.62,270.62,270.5,270.5,-0.04,916.56,249833.4,-1
2023-05-28,2023-05-28 13:00:00,270.5,279.9,267.0,270.38,-0.04,916.56,249833.4,-1
2023-05-28,2023-05-28 13:10:00,270.38,270.38,270.25,270.25,-0.05,916.56,249833.4,-1
2023-05-28,2023-05-28 13:20:00,270.25,270.25,270.12,270.12,-0.05,916.56,249833.4,-1
2023-05-28,2023-05-28 13:30:00,270.12,270.12,270.0,270.0,-0.04,916.56,249833.4,-1
2023-05-28,2023-05-28 13:40:00,270.0,270.0,269.88,269.88,-0.04,916.56,249833.4,-1
2023-05-28,2023-05-28 13:50:00,269.88,269.88,269.75,269.75,-0.05,916.56,249833.4,-1
2023-05-28,2023-05-28 14:00:00,269.75,269.75,269.62,269.62,-0.05,916.56,249833.4,-1
2023-05-28,2023-05-28 14:10:00,269.62,269.62,269.5,269.5,-0.04,916.56,249833.4,-1
2023-05-28,2023-05-28 14:20:00,269.5,269.5,269.38,269.38,-0.04,916.56,249833.4,-1
2023-05-28,2023-05-28 14:30:00,269.38,269.38,269.25,269.25,-0.05,916.56,249833.4,-1
2023-05-28,2023-05-28 14:40:00,269.25,269.25,269.12,269.12,-0.05,916.56,249833.4,-1
2023-05-28,2023-05-28 14:50:00,269.12,269.12,269.0,269.0,-0.04,916.56,249833.4,-1
2023-05-28,2023-05-28 15:00:00,269.0,279.9,267.0,269.0,0.0,916.56,249833.4,0
2023-05-30,2023-05-30 11:00:00,265.0,269.38,262.93,265.61,0.23,1560.12,411058.71,1
2023-05-30,2023-05-30 11:10:00,265.61,266.22,265.61,266.22,0.23,1560.12,411058.71,1
2023-05-30,2023-05-30 11:20:00,266.22,266.82,266.22,266.82,0.23,1560.12,411058.71,1
2023-05-30,2023-05-30 11:30:00,266.82,267.43,266.82,267.43,0.23,1560.12,411058.71,1
2023-05-30,2023-05-30 11:40:00,267.43,268.04,267.43,268.04,0.23,1560.12,411058.71,1
2023-05-30,2023-05-30 11:50:00,268.04,268.65,268.04,268.65,0.23,1560.12,411058.71,1
2023-05-30,2023-05-30 12:00:00,268.65,269.26,268.65,269.26,0.23,1560.12,411058.71,1
2023-05-30,2023-05-30 12:10:00,269.26,269.87,269.26,269.87,0.23,1560.12,411058.71,1
2023-05-30,2023-05-30 12:20:00,269.87,270.48,269.87,270.48,0.23,1560.12,411058.71,1
2023-05-30,2023-05-30 12:30:00,270.48,271.08,270.48,271.08,0.22,1560.12,411058.71,1
2023-05-30,2023-05-30 12:40:00,271.08,271.69,271.08,271.69,0.23,1560.12,411058.71,1
2023-05-30,2023-05-30 12:50:00,271.69,272.3,271.69,272.3,0.22,1560.12,411058.71,1
2023-05-30,2023-05-30 13:00:00,272.3,279.6,258.1,272.91,0.22,1560.12,411058.71,1
2023-05-30,2023-05-30 13:10:00,272.91,273.52,272.91,273.52,0.22,1560.12,411058.71,1
2023-05-30,2023-05-30 13:20:00,273.52,274.12,273.52,274.12,0.22,1560.12,411058.71,1
2023-05-30,2023-05-30 13:30:00,274.12,274.73,274.12,274.73,0.22,1560.12,411058.71,1
2023-05-30,2023-05-30 13:40:00,274.73,275.34,274.73,275.34,0.22,1560.12,411058.71,1
2023-05-30,2023-05-30 13:50:00,275.34,275.95,275.34,275.95,0.22,1560.12,411058.71,1
2023-05-30,2023-05-30 14:00:00,275.95,276.56,275.95,276.56,0.22,1560.12,411058.71,1
2023-05-30,2023-05-30 14:10:00,276.56,277.17,276.56,277.17,0.22,1560.12,411058.71,1
2023-05-30,2023-05-30 14:20:00,277.17,277.78,277.17,277.78,0.22,1560.12,411058.71,1
2023-05-30,2023-05-30 14:30:00,277.78,278.38,277.78,278.38,0.22,1560.12,411058.71,1
2023-05-30,2023-05-30 14:40:00,278.38,278.99,278.38,278.99,0.22,1560.12,411058.71,1
2023-05-30,2023-05-30 14:50:00,278.99,279.6,278.99,279.6,0.22,1560.12,411058.71,1
2023-05-30,2023-05-30 15:00:00,279.6,279.6,258.1,279.6,0.0,1560.12,411058.71,0
2023-05-31,2023-05-31 11:00:00,274.1,274.13,268.07,273.85,-0.09,1075.6,285153.97,-1
2023-05-31,2023-05-31 11:10:00,273.85,273.85,273.59,273.59,-0.09,1075.6,285153.97,-1
2023-05-31,2023-05-31 11:20:00,273.59,273.59,273.34,273.34,-0.09,1075.6,285153.97,-1
2023-05-31,2023-05-31 11:30:00,273.34,273.34,273.08,273.08,-0.1,1075.6,285153.97,-1
2023-05-31,2023-05-31 11:40:00,273.08,273.08,272.83,272.83,-0.09,1075.6,285153.97,-1
2023-05-31,2023-05-31 11:50:00,272.83,272.83,272.58,272.58,-0.09,1075.6,285153.97,-1
2023-05-31,2023-05-31 12:00:00,272.58,272.58,272.32,272.32,-0.1,1075.6,285153.97,-1
2023-05-31,2023-05-31 12:10:00,272.32,272.32,272.07,272.07,-0.09,1075.6,285153.97,-1
2023-05-31,2023-05-31 12:20:00,272.07,272.07,271.81,271.81,-0.1,1075.6,285153.97,-1
2023-05-31,2023-05-31 12:30:00,271.81,271.81,271.56,271.56,-0.09,1075.6,285153.97,-1
2023-05-31,2023-05-31 12:40:00,271.56,271.56,271.3,271.3,-0.1,1075.6,285153.97,-1
2023-05-31,2023-05-31 12:50:00,271.3,271.3,271.05,271.05,-0.09,1075.6,285153.97,-1
2023-05-31,2023-05-31 13:00:00,271.05,274.2,254.0,270.8,-0.09,1075.6,285153.97,-1
2023-05-31,2023-05-31 13:10:00,270.8,270.8,270.54,270.54,-0.1,1075.6,285153.97,-1
2023-05-31,2023-05-31 13:20:00,270.54,270.54,270.29,270.29,-0.09,1075.6,285153.97,-1
2023-05-31,2023-05-31 13:30:00,270.29,270.29,270.03,270.03,-0.1,1075.6,285153.97,-1
2023-05-31,2023-05-31 13:40:00,270.03,270.03,269.78,269.78,-0.09,1075.6,285153.97,-1
2023-05-31,2023-05-31 13:50:00,269.78,269.78,269.52,269.52,-0.1,1075.6,285153.97,-1
2023-05-31,2023-05-31 14:00:00,269.52,269.52,269.27,269.27,-0.09,1075.6,285153.97,-1
2023-05-31,2023-05-31 14:10:00,269.27,269.27,269.02,269.02,-0.09,1075.6,285153.97,-1
2023-05-31,2023-05-31 14:20:00,269.02,269.02,268.76,268.76,-0.1,1075.6,285153.97,-1
2023-05-31,2023-05-31 14:30:00,268.76,268.76,268.51,268.51,-0.09,1075.6,285153.97,-1
2023-05-31,2023-05-31 14:40:00,268.51,268.51,268.25,268.25,-0.1,1075.6,285153.97,-1
2023-05-31,2023-05-31 14:50:00,268.25,268.25,268.0,268.0,-0.09,1075.6,285153.97,-1
2023-05-31,2023-05-31 15:00:00,268.0,274.2,254.0,268.0,0.0,1075.6,285153.97,0
2023-06-01,2023-06-01 11:00:00,262.7,269.87,261.89,263.7,0.38,1485.4,398603.67,1
2023-06-01,2023-06-01 11:10:00,263.7,264.69,263.7,264.69,0.38,1485.4,398603.67,1
2023-06-01,2023-06-01 11:20:00,264.69,265.69,264.69,265.69,0.38,1485.4,398603.67,1
2023-06-01,2023-06-01 11:30:00,265.69,266.68,265.69,266.68,0.37,1485.4,398603.67,1
2023-06-01,2023-06-01 11:40:00,266.68,267.68,266.68,267.68,0.37,1485.4,398603.67,1
2023-06-01,2023-06-01 11:50:00,267.68,268.68,267.68,268.68,0.37,1485.4,398603.67,1
2023-06-01,2023-06-01 12:00:00,268.68,269.67,268.68,269.67,0.37,1485.4,398603.67,1
2023-06-01,2023-06-01 12:10:00,269.67,270.67,269.67,270.67,0.37,1485.4,398603.67,1
2023-06-01,2023-06-01 12:20:00,270.67,271.66,270.67,271.66,0.37,1485.4,398603.67,1
2023-06-01,2023-06-01 12:30:00,271.66,272.66,271.66,272.66,0.37,1485.4,398603.67,1
2023-06-01,2023-06-01 12:40:00,272.66,273.65,272.66,273.65,0.36,1485.4,398603.67,1
2023-06-01,2023-06-01 12:50:00,273.65,274.65,273.65,274.65,0.37,1485.4,398603.67,1
2023-06-01,2023-06-01 13:00:00,274.65,286.6,260.0,275.65,0.36,1485.4,398603.67,1
2023-06-01,2023-06-01 13:10:00,275.65,276.64,275.65,276.64,0.36,1485.4,398603.67,1
2023-06-01,2023-06-01 13:20:00,276.64,277.64,276.64,277.64,0.36,1485.4,398603.67,1
2023-06-01,2023-06-01 13:30:00,277.64,278.63,277.64,278.63,0.36,1485.4,398603.67,1
2023-06-01,2023-06-01 13:40:00,278.63,279.63,278.63,279.63,0.36,1485.4,398603.67,1
2023-06-01,2023-06-01 13:50:00,279.63,280.62,279.63,280.62,0.35,1485.4,398603.67,1
2023-06-01,2023-06-01 14:00:00,280.62,281.62,280.62,281.62,0.36,1485.4,398603.67,1
2023-06-01,2023-06-01 14:10:00,281.62,282.62,281.62,282.62,0.36,1485.4,398603.67,1
2023-06-01,2023-06-01 14:20:00,282.62,283.61,282.62,283.61,0.35,1485.4,398603.67,1
2023-06-01,2023-06-01 14:30:00,283.61,284.61,283.61,284.61,0.35,1485.4,398603.67,1
2023-06-01,2023-06-01 14:40:00,284.61,285.6,284.61,285.6,0.35,1485.4,398603.67,1
2023-06-01,2023-06-01 14:50:00,285.6,286.6,285.6,286.6,0.35,1485.4,398603.67,1
2023-06-01,2023-06-01 15:00:00,286.6,286.6,260.0,286.6,0.0,1485.4,398603.67,0
2023-06-04,2023-06-04 11:00:00,280.9,284.44,277.57,281.39,0.17,4216.64,1203532.91,1
2023-06-04,2023-06-04 11:10:00,281.39,281.88,281.39,281.88,0.17,4216.64,1203532.91,1
2023-06-04,2023-06-04 11:20:00,281.88,282.38,281.88,282.38,0.18,4216.64,1203532.91,1
2023-06-04,2023-06-04 11:30:00,282.38,282.87,282.38,282.87,0.17,4216.64,1203532.91,1
2023-06-04,2023-06-04 11:40:00,282.87,283.36,282.87,283.36,0.17,4216.64,1203532.91,1
2023-06-04,2023-06-04 11:50:00,283.36,283.85,283.36,283.85,0.17,4216.64,1203532.91,1
2023-06-04,2023-06-04 12:00:00,283.85,284.34,283.85,284.34,0.17,4216.64,1203532.91,1
2023-06-04,2023-06-04 12:10:00,284.34,284.83,284.34,284.83,0.17,4216.64,1203532.91,1
2023-06-04,2023-06-04 12:20:00,284.83,285.32,284.83,285.32,0.17,4216.64,1203532.91,1
2023-06-04,2023-06-04 12:30:00,285.32,285.82,285.32,285.82,0.18,4216.64,1203532.91,1
2023-06-04,2023-06-04 12:40:00,285.82,286.31,285.82,286.31,0.17,4216.64,1203532.91,1
2023-06-04,2023-06-04 12:50:00,286.31,286.8,286.31,286.8,0.17,4216.64,1203532.91,1
2023-06-04,2023-06-04 13:00:00,286.8,292.7,269.8,287.29,0.17,4216.64,1203532.91,1
2023-06-04,2023-06-04 13:10:00,287.29,287.78,287.29,287.78,0.17,4216.64,1203532.91,1
2023-06-04,2023-06-04 13:20:00,287.78,288.27,287.78,288.27,0.17,4216.64,1203532.91,1
2023-06-04,2023-06-04 13:30:00,288.27,288.77,288.27,288.77,0.17,4216.64,1203532.91,1
2023-06-04,2023-06-04 13:40:00,288.77,289.26,288.77,289.26,0.17,4216.64,1203532.91,1
2023-06-04,2023-06-04 13:50:00,289.26,289.75,289.26,289.75,0.17,4216.64,1203532.91,1
2023-06-04,2023-06-04 14:00:00,289.75,290.24,289.75,290.24,0.17,4216.64,1203532.91,1
2023-06-04,2023-06-04 14:10:00,290.24,290.73,290.24,290.73,0.17,4216.64,1203532.91,1
2023-06-04,2023-06-04 14:20:00,290.73,291.22,290.73,291.22,0.17,4216.64,1203532.91,1
2023-06-04,2023-06-04 14:30:00,291.22,291.72,291.22,291.72,0.17,4216.64,1203532.91,1
2023-06-04,2023-06-04 14:40:00,291.72,292.21,291.72,292.21,0.17,4216.64,1203532.91,1
2023-06-04,2023-06-04 14:50:00,292.21,292.7,292.21,292.7,0.17,4216.64,1203532.91,1
2023-06-04,2023-06-04 15:00:00,292.7,292.7,269.8,292.7,0.0,4216.64,1203532.91,0
2023-06-05,2023-06-05 11:00:00,286.9,288.7,284.62,286.61,-0.1,2116.68,605115.18,-1
2023-06-05,2023-06-05 11:10:00,286.61,286.61,286.32,286.32,-0.1,2116.68,605115.18,-1
2023-06-05,2023-06-05 11:20:00,286.32,286.32,286.04,286.04,-0.1,2116.68,605115.18,-1
2023-06-05,2023-06-05 11:30:00,286.04,286.04,285.75,285.75,-0.1,2116.68,605115.18,-1
2023-06-05,2023-06-05 11:40:00,285.75,285.75,285.46,285.46,-0.1,2116.68,605115.18,-1
2023-06-05,2023-06-05 11:50:00,285.46,285.46,285.17,285.17,-0.1,2116.68,605115.18,-1
2023-06-05,2023-06-05 12:00:00,285.17,285.17,284.89,284.89,-0.1,2116.68,605115.18,-1
2023-06-05,2023-06-05 12:10:00,284.89,284.89,284.6,284.6,-0.1,2116.68,605115.18,-1
2023-06-05,2023-06-05 12:20:00,284.6,284.6,284.31,284.31,-0.1,2116.68,605115.18,-1
2023-06-05,2023-06-05 12:30:00,284.31,284.31,284.02,284.02,-0.1,2116.68,605115.18,-1
2023-06-05,2023-06-05 12:40:00,284.02,284.02,283.74,283.74,-0.1,2116.68,605115.18,-1
2023-06-05,2023-06-05 12:50:00,283.74,283.74,283.45,283.45,-0.1,2116.68,605115.18,-1
2023-06-05,2023-06-05 13:00:00,283.45,292.9,279.3,283.16,-0.1,2116.68,605115.18,-1
2023-06-05,2023-06-05 13:10:00,283.16,283.16,282.88,282.88,-0.1,2116.68,605115.18,-1
2023-06-05,2023-06-05 13:20:00,282.88,282.88,282.59,282.59,-0.1,2116.68,605115.18,-1
2023-06-05,2023-06-05 13:30:00,282.59,282.59,282.3,282.3,-0.1,2116.68,605115.18,-1
2023-06-05,2023-06-05 13:40:00,282.3,282.3,282.01,282.01,-0.1,2116.68,605115.18,-1
2023-06-05,2023-06-05 13:50:00,282.01,282.01,281.73,281.73,-0.1,2116.68,605115.18,-1
2023-06-05,2023-06-05 14:00:00,281.73,281.73,281.44,281.44,-0.1,2116.68,605115.18,-1
2023-06-05,2023-06-05 14:10:00,281.44,281.44,281.15,281.15,-0.1,2116.68,605115.18,-1
2023-06-05,2023-06-05 14:20:00,281.15,281.15,280.86,280.86,-0.1,2116.68,605115.18,-1
2023-06-05,2023-06-05 14:30:00,280.86,280.86,280.57,280.57,-0.1,2116.68,605115.18,-1
2023-06-05,2023-06-05 14:40:00,280.57,280.57,280.29,280.29,-0.1,2116.68,605115.18,-1
2023-06-05,2023-06-05 14:50:00,280.29,280.29,280.0,280.0,-0.1,2116.68,605115.18,-1
2023-06-05,2023-06-05 15:00:00,280.0,292.9,279.3,280.0,0.0,2116.68,605115.18,0
2023-06-06,2023-06-06 11:00:00,275.0,277.97,275.0,275.38,0.14,724.12,203548.08,1
2023-06-06,2023-06-06 11:10:00,275.38,275.75,275.38,275.75,0.13,724.12,203548.08,1
2023-06-06,2023-06-06 11:20:00,275.75,276.12,275.75,276.12,0.13,724.12,203548.08,1
2023-06-06,2023-06-06 11:30:00,276.12,276.5,276.12,276.5,0.14,724.12,203548.08,1
2023-06-06,2023-06-06 11:40:00,276.5,276.88,276.5,276.88,0.14,724.12,203548.08,1
2023-06-06,2023-06-06 11:50:00,276.88,277.25,276.88,277.25,0.13,724.12,203548.08,1
2023-06-06,2023-06-06 12:00:00,277.25,277.62,277.25,277.62,0.13,724.12,203548.08,1
2023-06-06,2023-06-06 12:10:00,277.62,278.0,277.62,278.0,0.14,724.12,203548.08,1
2023-06-06,2023-06-06 12:20:00,278.0,278.38,278.0,278.38,0.14,724.12,203548.08,1
2023-06-06,2023-06-06 12:30:00,278.38,278.75,278.38,278.75,0.13,724.12,203548.08,1
2023-06-06,2023-06-06 12:40:00,278.75,279.12,278.75,279.12,0.13,724.12,203548.08,1
2023-06-06,2023-06-06 12:50:00,279.12,279.5,279.12,279.5,0.14,724.12,203548.08,1
2023-06-06,2023-06-06 13:00:00,279.5,284.9,275.0,279.88,0.14,724.12,203548.08,1
2023-06-06,2023-06-06 13:10:00,279.88,280.25,279.88,280.25,0.13,724.12,203548.08,1
2023-06-06,2023-06-06 13:20:00,280.25,280.62,280.25,280.62,0.13,724.12,203548.08,1
2023-06-06,2023-06-06 13:30:00,280.62,281.0,280.62,281.0,0.14,724.12,203548.08,1
2023-06-06,2023-06-06 13:40:00,281.0,281.38,281.0,281.38,0.14,724.12,203548.08,1
2023-06-06,2023-06-06 13:50:00,281.38,281.75,281.38,281.75,0.13,724.12,203548.08,1
2023-06-06,2023-06-06 14:00:00,281.75,282.12,281.75,282.12,0.13,724.12,203548.08,1
2023-06-06,2023-06-06 14:10:00,282.12,282.5,282.12,282.5,0.13,724.12,203548.08,1
2023-06-06,2023-06-06 14:20:00,282.5,282.88,282.5,282.88,0.13,724.12,203548.08,1
2023-06-06,2023-06-06 14:30:00,282.88,283.25,282.88,283.25,0.13,724.12,203548.08,1
2023-06-06,2023-06-06 14:40:00,283.25,283.62,283.25,283.62,0.13,724.12,203548.08,1
2023-06-06,2023-06-06 14:50:00,283.62,284.0,283.62,284.0,0.13,724.12,203548.08,1
2023-06-06,2023-06-06 15:00:00,284.0,284.9,275.0,284.0,0.0,724.12,203548.08,0
2023-06-07,2023-06-07 11:00:00,278.4,281.73,278.4,278.4,0.0,1350.68,381177.35,0
2023-06-07,2023-06-07 11:10:00,278.4,278.41,278.4,278.41,0.0,1350.68,381177.35,1
2023-06-07,2023-06-07 11:20:00,278.41,278.41,278.41,278.41,0.0,1350.68,381177.35,0
2023-06-07,2023-06-07 11:30:00,278.41,278.42,278.41,278.42,0.0,1350.68,381177.35,1
2023-06-07,2023-06-07 11:40:00,278.42,278.42,278.42,278.42,0.0,1350.68,381177.35,0
2023-06-07,2023-06-07 11:50:00,278.42,278.42,278.42,278.42,0.0,1350.68,381177.35,0
2023-06-07,2023-06-07 12:00:00,278.42,278.43,278.42,278.43,0.0,1350.68,381177.35,1
2023-06-07,2023-06-07 12:10:00,278.43,278.43,278.43,278.43,0.0,1350.68,381177.35,0
2023-06-07,2023-06-07 12:20:00,278.43,278.44,278.43,278.44,0.0,1350.68,381177.35,1
2023-06-07,2023-06-07 12:30:00,278.44,278.44,278.44,278.44,0.0,1350.68,381177.35,0
2023-06-07,2023-06-07 12:40:00,278.44,278.45,278.44,278.45,0.0,1350.68,381177.35,1
2023-06-07,2023-06-07 12:50:00,278.45,278.45,278.45,278.45,0.0,1350.68,381177.35,0
2023-06-07,2023-06-07 13:00:00,278.45,289.5,278.4,278.45,0.0,1350.68,381177.35,0
2023-06-07,2023-06-07 13:10:00,278.45,278.46,278.45,278.46,0.0,1350.68,381177.35,1
2023-06-07,2023-06-07 13:20:00,278.46,278.46,278.46,278.46,0.0,1350.68,381177.35,0
2023-06-07,2023-06-07 13:30:00,278.46,278.47,278.46,278.47,0.0,1350.68,381177.35,1
2023-06-07,2023-06-07 13:40:00,278.47,278.47,278.47,278.47,0.0,1350.68,381177.35,0
2023-06-07,2023-06-07 13:50:00,278.47,278.48,278.47,278.48,0.0,1350.68,381177.35,1
2023-06-07,2023-06-07 14:00:00,278.48,278.48,278.48,278.48,0.0,1350.68,381177.35,0
2023-06-07,2023-06-07 14:10:00,278.48,278.48,278.48,278.48,0.0,1350.68,381177.35,0
2023-06-07,2023-06-07 14:20:00,278.48,278.49,278.48,278.49,0.0,1350.68,381177.35,1
2023-06-07,2023-06-07 14:30:00,278.49,278.49,278.49,278.49,0.0,1350.68,381177.35,0
2023-06-07,2023-06-07 14:40:00,278.49,278.5,278.49,278.5,0.0,1350.68,381177.35,1
2023-06-07,2023-06-07 14:50:00,278.5,278.5,278.5,278.5,0.0,1350.68,381177.35,0
2023-06-07,2023-06-07 15:00:00,278.5,289.5,278.4,278.5,0.0,1350.68,381177.35,0
2023-06-08,2023-06-08 11:00:00,273.0,274.62,272.1,272.88,-0.04,1006.72,275527.09,-1
2023-06-08,2023-06-08 11:10:00,272.88,272.88,272.75,272.75,-0.05,1006.72,275527.09,-1
2023-06-08,2023-06-08 11:20:00,272.75,272.75,272.62,272.62,-0.05,1006.72,275527.09,-1
2023-06-08,2023-06-08 11:30:00,272.62,272.62,272.5,272.5,-0.04,1006.72,275527.09,-1
2023-06-08,2023-06-08 11:40:00,272.5,272.5,272.38,272.38,-0.04,1006.72,275527.09,-1
2023-06-08,2023-06-08 11:50:00,272.38,272.38,272.25,272.25,-0.05,1006.72,275527.09,-1
2023-06-08,2023-06-08 12:00:00,272.25,272.25,272.12,272.12,-0.05,1006.72,275527.09,-1
2023-06-08,2023-06-08 12:10:00,272.12,272.12,272.0,272.0,-0.04,1006.72,275527.09,-1
2023-06-08,2023-06-08 12:20:00,272.0,272.0,271.88,271.88,-0.04,1006.72,275527.09,-1
2023-06-08,2023-06-08 12:30:00,271.88,271.88,271.75,271.75,-0.05,1006.72,275527.09,-1
2023-06-08,2023-06-08 12:40:00,271.75,271.75,271.62,271.62,-0.05,1006.72,275527.09,-1
2023-06-08,2023-06-08 12:50:00,271.62,271.62,271.5,271.5,-0.04,1006.72,275527.09,-1
2023-06-08,2023-06-08 13:00:00,271.5,278.4,270.0,271.38,-0.04,1006.72,275527.09,-1
2023-06-08,2023-06-08 13:10:00,271.38,271.38,271.25,271.25,-0.05,1006.72,275527.09,-1
2023-06-08,2023-06-08 13:20:00,271.25,271.25,271.12,271.12,-0.05,1006.72,275527.09,-1
2023-06-08,2023-06-08 13:30:00,271.12,271.12,271.0,271.0,-0.04,1006.72,275527.09,-1
2023-06-08,2023-06-08 13:40:00,271.0,271.0,270.88,270.88,-0.04,1006.72,275527.09,-1
2023-06-08,2023-06-08 13:50:00,270.88,270.88,270.75,270.75,-0.05,1006.72,275527.09,-1
2023-06-08,2023-06-08 14:00:00,270.75,270.75,270.62,270.62,-0.05,1006.72,275527.09,-1
2023-06-08,2023-06-08 14:10:00,270.62,270.62,270.5,270.5,-0.04,1006.72,275527.09,-1
2023-06-08,2023-06-08 14:20:00,270.5,270.5,270.38,270.38,-0.04,1006.72,275527.09,-1
2023-06-08,2023-06-08 14:30:00,270.38,270.38,270.25,270.25,-0.05,1006.72,275527.09,-1
2023-06-08,2023-06-08 14:40:00,270.25,270.25,270.12,270.12,-0.05,1006.72,275527.09,-1
2023-06-08,2023-06-08 14:50:00,270.12,270.12,270.0,270.0,-0.04,1006.72,275527.09,-1
2023-06-08,2023-06-08 15:00:00,270.0,278.4,270.0,270.0,0.0,1006.72,275527.09,0
2023-06-11,2023-06-11 11:00:00,275.4,276.93,274.41,275.58,0.07,1561.24,430473.62,1
2023-06-11,2023-06-11 11:10:00,275.58,275.77,275.58,275.77,0.07,1561.24,430473.62,1
2023-06-11,2023-06-11 11:20:00,275.77,275.95,275.77,275.95,0.07,1561.24,430473.62,1
2023-06-11,2023-06-11 11:30:00,275.95,276.13,275.95,276.13,0.07,1561.24,430473.62,1
2023-06-11,2023-06-11 11:40:00,276.13,276.32,276.13,276.32,0.07,1561.24,430473.62,1
2023-06-11,2023-06-11 11:50:00,276.32,276.5,276.32,276.5,0.07,1561.24,430473.62,1
2023-06-11,2023-06-11 12:00:00,276.5,276.68,276.5,276.68,0.07,1561.24,430473.62,1
2023-06-11,2023-06-11 12:10:00,276.68,276.87,276.68,276.87,0.07,1561.24,430473.62,1
2023-06-11,2023-06-11 12:20:00,276.87,277.05,276.87,277.05,0.07,1561.24,430473.62,1
2023-06-11,2023-06-11 12:30:00,277.05,277.23,277.05,277.23,0.06,1561.24,430473.62,1
2023-06-11,2023-06-11 12:40:00,277.23,277.42,277.23,277.42,0.07,1561.24,430473.62,1
2023-06-11,2023-06-11 12:50:00,277.42,277.6,277.42,277.6,0.06,1561.24,430473.62,1
2023-06-11,2023-06-11 13:00:00,277.6,280.5,272.1,277.78,0.06,1561.24,430473.62,1
2023-06-11,2023-06-11 13:10:00,277.78,277.97,277.78,277.97,0.07,1561.24,430473.62,1
2023-06-11,2023-06-11 13:20:00,277.97,278.15,277.97,278.15,0.06,1561.24,430473.62,1
2023-06-11,2023-06-11 13:30:00,278.15,278.33,278.15,278.33,0.06,1561.24,430473.62,1
2023-06-11,2023-06-11 13:40:00,278.33,278.52,278.33,278.52,0.07,1561.24,430473.62,1
2023-06-11,2023-06-11 13:50:00,278.52,278.7,278.52,278.7,0.06,1561.24,430473.62,1
2023-06-11,2023-06-11 14:00:00,278.7,278.88,278.7,278.88,0.06,1561.24,430473.62,1
2023-06-11,2023-06-11 14:10:00,278.88,279.07,278.88,279.07,0.07,1561.24,430473.62,1
2023-06-11,2023-06-11 14:20:00,279.07,279.25,279.07,279.25,0.06,1561.24,430473.62,1
2023-06-11,2023-06-11 14:30:00,279.25,279.43,279.25,279.43,0.06,1561.24,430473.62,1
2023-06-11,2023-06-11 14:40:00,279.43,279.62,279.43,279.62,0.07,1561.24,430473.62,1
2023-06-11,2023-06-11 14:50:00,279.62,279.8,279.62,279.8,0.06,1561.24,430473.62,1
2023-06-11,2023-06-11 15:00:00,279.8,280.5,272.1,279.8,0.0,1561.24,430473.62,0
2023-06-12,2023-06-12 11:00:00,280.0,280.0,277.96,279.92,-0.03,1028.64,283649.08,-1
2023-06-12,2023-06-12 11:10:00,279.92,279.92,279.83,279.83,-0.03,1028.64,283649.08,-1
2023-06-12,2023-06-12 11:20:00,279.83,279.83,279.75,279.75,-0.03,1028.64,283649.08,-1
2023-06-12,2023-06-12 11:30:00,279.75,279.75,279.67,279.67,-0.03,1028.64,283649.08,-1
2023-06-12,2023-06-12 11:40:00,279.67,279.67,279.58,279.58,-0.03,1028.64,283649.08,-1
2023-06-12,2023-06-12 11:50:00,279.58,279.58,279.5,279.5,-0.03,1028.64,283649.08,-1
2023-06-12,2023-06-12 12:00:00,279.5,279.5,279.42,279.42,-0.03,1028.64,283649.08,-1
2023-06-12,2023-06-12 12:10:00,279.42,279.42,279.33,279.33,-0.03,1028.64,283649.08,-1
2023-06-12,2023-06-12 12:20:00,279.33,279.33,279.25,279.25,-0.03,1028.64,283649.08,-1
2023-06-12,2023-06-12 12:30:00,279.25,279.25,279.17,279.17,-0.03,1028.64,283649.08,-1
2023-06-12,2023-06-12 12:40:00,279.17,279.17,279.08,279.08,-0.03,1028.64,283649.08,-1
2023-06-12,2023-06-12 12:50:00,279.08,279.08,279.0,279.0,-0.03,1028.64,283649.08,-1
2023-06-12,2023-06-12 13:00:00,279.0,280.0,273.2,278.92,-0.03,1028.64,283649.08,-1
2023-06-12,2023-06-12 13:10:00,278.92,278.92,278.83,278.83,-0.03,1028.64,283649.08,-1
2023-06-12,2023-06-12 13:20:00,278.83,278.83,278.75,278.75,-0.03,1028.64,283649.08,-1
2023-06-12,2023-06-12 13:30:00,278.75,278.75,278.67,278.67,-0.03,1028.64,283649.08,-1
2023-06-12,2023-06-12 13:40:00,278.67,278.67,278.58,278.58,-0.03,1028.64,283649.08,-1
2023-06-12,2023-06-12 13:50:00,278.58,278.58,278.5,278.5,-0.03,1028.64,283649.08,-1
2023-06-12,2023-06-12 14:00:00,278.5,278.5,278.42,278.42,-0.03,1028.64,283649.08,-1
2023-06-12,2023-06-12 14:10:00,278.42,278.42,278.33,278.33,-0.03,1028.64,283649.08,-1
2023-06-12,2023-06-12 14:20:00,278.33,278.33,278.25,278.25,-0.03,1028.64,283649.08,-1
2023-06-12,2023-06-12 14:30:00,278.25,278.25,278.17,278.17,-0.03,1028.64,283649.08,-1
2023-06-12,2023-06-12 14:40:00,278.17,278.17,278.08,278.08,-0.03,1028.64,283649.08,-1
2023-06-12,2023-06-12 14:50:00,278.08,278.08,278.0,278.0,-0.03,1028.64,283649.08,-1
2023-06-12,2023-06-12 15:00:00,278.0,280.0,273.2,278.0,0.0,1028.64,283649.08,0
2023-06-13,2023-06-13 11:00:00,283.5,283.5,279.45,283.35,-0.05,1549.88,430869.08,-1
2023-06-13,2023-06-13 11:10:00,283.35,283.35,283.21,283.21,-0.05,1549.88,430869.08,-1
2023-06-13,2023-06-13 11:20:00,283.21,283.21,283.06,283.06,-0.05,1549.88,430869.08,-1
2023-06-13,2023-06-13 11:30:00,283.06,283.06,282.92,282.92,-0.05,1549.88,430869.08,-1
2023-06-13,2023-06-13 11:40:00,282.92,282.92,282.77,282.77,-0.05,1549.88,430869.08,-1
2023-06-13,2023-06-13 11:50:00,282.77,282.77,282.62,282.62,-0.05,1549.88,430869.08,-1
2023-06-13,2023-06-13 12:00:00,282.62,282.62,282.48,282.48,-0.05,1549.88,430869.08,-1
2023-06-13,2023-06-13 12:10:00,282.48,282.48,282.33,282.33,-0.05,1549.88,430869.08,-1
2023-06-13,2023-06-13 12:20:00,282.33,282.33,282.19,282.19,-0.05,1549.88,430869.08,-1
2023-06-13,2023-06-13 12:30:00,282.19,282.19,282.04,282.04,-0.05,1549.88,430869.08,-1
2023-06-13,2023-06-13 12:40:00,282.04,282.04,281.9,281.9,-0.05,1549.88,430869.08,-1
2023-06-13,2023-06-13 12:50:00,281.9,281.9,281.75,281.75,-0.05,1549.88,430869.08,-1
2023-06-13,2023-06-13 13:00:00,281.75,283.5,270.0,281.6,-0.05,1549.88,430869.08,-1
2023-06-13,2023-06-13 13:10:00,281.6,281.6,281.46,281.46,-0.05,1549.88,430869.08,-1
2023-06-13,2023-06-13 13:20:00,281.46,281.46,281.31,281.31,-0.05,1549.88,430869.08,-1
2023-06-13,2023-06-13 13:30:00,281.31,281.31,281.17,281.17,-0.05,1549.88,430869.08,-1
2023-06-13,2023-06-13 13:40:00,281.17,281.17,281.02,281.02,-0.05,1549.88,430869.08,-1
2023-06-13,2023-06-13 13:50:00,281.02,281.02,280.88,280.88,-0.05,1549.88,430869.08,-1
2023-06-13,2023-06-13 14:00:00,280.88,280.88,280.73,280.73,-0.05,1549.88,430869.08,-1
2023-06-13,2023-06-13 14:10:00,280.73,280.73,280.58,280.58,-0.05,1549.88,430869.08,-1
2023-06-13,2023-06-13 14:20:00,280.58,280.58,280.44,280.44,-0.05,1549.88,430869.08,-1
2023-06-13,2023-06-13 14:30:00,280.44,280.44,280.29,280.29,-0.05,1549.88,430869.08,-1
2023-06-13,2023-06-13 14:40:00,280.29,280.29,280.15,280.15,-0.05,1549.88,430869.08,-1
2023-06-13,2023-06-13 14:50:00,280.15,280.15,280.0,280.0,-0.05,1549.88,430869.08,-1
2023-06-13,2023-06-13 15:00:00,280.0,283.5,270.0,280.0,0.0,1549.88,430869.08,0
2023-06-14,2023-06-14 11:00:00,274.4,276.77,273.08,274.59,0.07,2240.36,619723.46,1
2023-06-14,2023-06-14 11:10:00,274.59,274.78,274.59,274.78,0.07,2240.36,619723.46,1
2023-06-14,2023-06-14 11:20:00,274.78,274.97,274.78,274.97,0.07,2240.36,619723.46,1
2023-06-14,2023-06-14 11:30:00,274.97,275.17,274.97,275.17,0.07,2240.36,619723.46,1
2023-06-14,2023-06-14 11:40:00,275.17,275.36,275.17,275.36,0.07,2240.36,619723.46,1
2023-06-14,2023-06-14 11:50:00,275.36,275.55,275.36,275.55,0.07,2240.36,619723.46,1
2023-06-14,2023-06-14 12:00:00,275.55,275.74,275.55,275.74,0.07,2240.36,619723.46,1
2023-06-14,2023-06-14 12:10:00,275.74,275.93,275.74,275.93,0.07,2240.36,619723.46,1
2023-06-14,2023-06-14 12:20:00,275.93,276.12,275.93,276.12,0.07,2240.36,619723.46,1
2023-06-14,2023-06-14 12:30:00,276.12,276.32,276.12,276.32,0.07,2240.36,619723.46,1
2023-06-14,2023-06-14 12:40:00,276.32,276.51,276.32,276.51,0.07,2240.36,619723.46,1
2023-06-14,2023-06-14 12:50:00,276.51,276.7,276.51,276.7,0.07,2240.36,619723.46,1
2023-06-14,2023-06-14 13:00:00,276.7,282.3,270.0,276.89,0.07,2240.36,619723.46,1
2023-06-14,2023-06-14 13:10:00,276.89,277.08,276.89,277.08,0.07,2240.36,619723.46,1
2023-06-14,2023-06-14 13:20:00,277.08,277.27,277.08,277.27,0.07,2240.36,619723.46,1
2023-06-14,2023-06-14 13:30:00,277.27,277.47,277.27,277.47,0.07,2240.36,619723.46,1
2023-06-14,2023-06-14 13:40:00,277.47,277.66,277.47,277.66,0.07,2240.36,619723.46,1
2023-06-14,2023-06-14 13:50:00,277.66,277.85,277.66,277.85,0.07,2240.36,619723.46,1
2023-06-14,2023-06-14 14:00:00,277.85,278.04,277.85,278.04,0.07,2240.36,619723.46,1
2023-06-14,2023-06-14 14:10:00,278.04,278.23,278.04,278.23,0.07,2240.36,619723.46,1
2023-06-14,2023-06-14 14:20:00,278.23,278.43,278.23,278.43,0.07,2240.36,619723.46,1
2023-06-14,2023-06-14 14:30:00,278.43,278.62,278.43,278.62,0.07,2240.36,619723.46,1
2023-06-14,2023-06-14 14:40:00,278.62,278.81,278.62,278.81,0.07,2240.36,619723.46,1
2023-06-14,2023-06-14 14:50:00,278.81,279.0,278.81,279.0,0.07,2240.36,619723.46,1
2023-06-14,2023-06-14 15:00:00,279.0,282.3,270.0,279.0,0.0,2240.36,619723.46,0
2023-06-15,2023-06-15 11:00:00,273.5,276.65,270.95,273.85,0.13,3389.48,946864.97,1
2023-06-15,2023-06-15 11:10:00,273.85,274.21,273.85,274.21,0.13,3389.48,946864.97,1
2023-06-15,2023-06-15 11:20:00,274.21,274.56,274.21,274.56,0.13,3389.48,946864.97,1
2023-06-15,2023-06-15 11:30:00,274.56,274.92,274.56,274.92,0.13,3389.48,946864.97,1
2023-06-15,2023-06-15 11:40:00,274.92,275.27,274.92,275.27,0.13,3389.48,946864.97,1
2023-06-15,2023-06-15 11:50:00,275.27,275.62,275.27,275.62,0.13,3389.48,946864.97,1
2023-06-15,2023-06-15 12:00:00,275.62,275.98,275.62,275.98,0.13,3389.48,946864.97,1
2023-06-15,2023-06-15 12:10:00,275.98,276.33,275.98,276.33,0.13,3389.48,946864.97,1
2023-06-15,2023-06-15 12:20:00,276.33,276.69,276.33,276.69,0.13,3389.48,946864.97,1
2023-06-15,2023-06-15 12:30:00,276.69,277.04,276.69,277.04,0.13,3389.48,946864.97,1
2023-06-15,2023-06-15 12:40:00,277.04,277.4,277.04,277.4,0.13,3389.48,946864.97,1
2023-06-15,2023-06-15 12:50:00,277.4,277.75,277.4,277.75,0.13,3389.48,946864.97,1
2023-06-15,2023-06-15 13:00:00,277.75,284.0,265.0,278.1,0.13,3389.48,946864.97,1
2023-06-15,2023-06-15 13:10:00,278.1,278.46,278.1,278.46,0.13,3389.48,946864.97,1
2023-06-15,2023-06-15 13:20:00,278.46,278.81,278.46,278.81,0.13,3389.48,946864.97,1
2023-06-15,2023-06-15 13:30:00,278.81,279.17,278.81,279.17,0.13,3389.48,946864.97,1
2023-06-15,2023-06-15 13:40:00,279.17,279.52,279.17,279.52,0.13,3389.48,946864.97,1
2023-06-15,2023-06-15 13:50:00,279.52,279.88,279.52,279.88,0.13,3389.48,946864.97,1
2023-06-15,2023-06-15 14:00:00,279.88,280.23,279.88,280.23,0.13,3389.48,946864.97,1
2023-06-15,2023-06-15 14:10:00,280.23,280.58,280.23,280.58,0.12,3389.48,946864.97,1
2023-06-15,2023-06-15 14:20:00,280.58,280.94,280.58,280.94,0.13,3389.48,946864.97,1
2023-06-15,2023-06-15 14:30:00,280.94,281.29,280.94,281.29,0.12,3389.48,946864.97,1
2023-06-15,2023-06-15 14:40:00,281.29,281.65,281.29,281.65,0.13,3389.48,946864.97,1
2023-06-15,2023-06-15 14:50:00,281.65,282.0,281.65,282.0,0.12,3389.48,946864.97,1
2023-06-15,2023-06-15 15:00:00,282.0,284.0,265.0,282.0,0.0,3389.48,946864.97,0
2023-06-18,2023-06-18 11:00:00,283.8,287.46,282.87,284.25,0.16,4034.64,1158134.47,1
2023-06-18,2023-06-18 11:10:00,284.25,284.7,284.25,284.7,0.16,4034.64,1158134.47,1
2023-06-18,2023-06-18 11:20:00,284.7,285.15,284.7,285.15,0.16,4034.64,1158134.47,1
2023-06-18,2023-06-18 11:30:00,285.15,285.6,285.15,285.6,0.16,4034.64,1158134.47,1
2023-06-18,2023-06-18 11:40:00,285.6,286.05,285.6,286.05,0.16,4034.64,1158134.47,1
2023-06-18,2023-06-18 11:50:00,286.05,286.5,286.05,286.5,0.16,4034.64,1158134.47,1
2023-06-18,2023-06-18 12:00:00,286.5,286.95,286.5,286.95,0.16,4034.64,1158134.47,1
2023-06-18,2023-06-18 12:10:00,286.95,287.4,286.95,287.4,0.16,4034.64,1158134.47,1
2023-06-18,2023-06-18 12:20:00,287.4,287.85,287.4,287.85,0.16,4034.64,1158134.47,1
2023-06-18,2023-06-18 12:30:00,287.85,288.3,287.85,288.3,0.16,4034.64,1158134.47,1
2023-06-18,2023-06-18 12:40:00,288.3,288.75,288.3,288.75,0.16,4034.64,1158134.47,1
2023-06-18,2023-06-18 12:50:00,288.75,289.2,288.75,289.2,0.16,4034.64,1158134.47,1
2023-06-18,2023-06-18 13:00:00,289.2,296.0,280.7,289.65,0.16,4034.64,1158134.47,1
2023-06-18,2023-06-18 13:10:00,289.65,290.1,289.65,290.1,0.16,4034.64,1158134.47,1
2023-06-18,2023-06-18 13:20:00,290.1,290.55,290.1,290.55,0.16,4034.64,1158134.47,1
2023-06-18,2023-06-18 13:30:00,290.55,291.0,290.55,291.0,0.15,4034.64,1158134.47,1
2023-06-18,2023-06-18 13:40:00,291.0,291.45,291.0,291.45,0.15,4034.64,1158134.47,1
2023-06-18,2023-06-18 13:50:00,291.45,291.9,291.45,291.9,0.15,4034.64,1158134.47,1
2023-06-18,2023-06-18 14:00:00,291.9,292.35,291.9,292.35,0.15,4034.64,1158134.47,1
2023-06-18,2023-06-18 14:10:00,292.35,292.8,292.35,292.8,0.15,4034.64,1158134.47,1
2023-06-18,2023-06-18 14:20:00,292.8,293.25,292.8,293.25,0.15,4034.64,1158134.47,1
2023-06-18,2023-06-18 14:30:00,293.25,293.7,293.25,293.7,0.15,4034.64,1158134.47,1
2023-06-18,2023-06-18 14:40:00,293.7,294.15,293.7,294.15,0.15,4034.64,1158134.47,1
2023-06-18,2023-06-18 14:50:00,294.15,294.6,294.15,294.6,0.15,4034.64,1158134.47,1
2023-06-18,2023-06-18 15:00:00,294.6,296.0,280.7,294.6,0.0,4034.64,1158134.47,0
2023-06-19,2023-06-19 11:00:00,290.0,292.67,288.5,289.83,-0.06,1699.08,489828.59,-1
2023-06-19,2023-06-19 11:10:00,289.83,289.83,289.67,289.67,-0.06,1699.08,489828.59,-1
2023-06-19,2023-06-19 11:20:00,289.67,289.67,289.5,289.5,-0.06,1699.08,489828.59,-1
2023-06-19,2023-06-19 11:30:00,289.5,289.5,289.33,289.33,-0.06,1699.08,489828.59,-1
2023-06-19,2023-06-19 11:40:00,289.33,289.33,289.17,289.17,-0.06,1699.08,489828.59,-1
2023-06-19,2023-06-19 11:50:00,289.17,289.17,289.0,289.0,-0.06,1699.08,489828.59,-1
2023-06-19,2023-06-19 12:00:00,289.0,289.0,288.83,288.83,-0.06,1699.08,489828.59,-1
2023-06-19,2023-06-19 12:10:00,288.83,288.83,288.67,288.67,-0.06,1699.08,489828.59,-1
2023-06-19,2023-06-19 12:20:00,288.67,288.67,288.5,288.5,-0.06,1699.08,489828.59,-1
2023-06-19,2023-06-19 12:30:00,288.5,288.5,288.33,288.33,-0.06,1699.08,489828.59,-1
2023-06-19,2023-06-19 12:40:00,288.33,288.33,288.17,288.17,-0.06,1699.08,489828.59,-1
2023-06-19,2023-06-19 12:50:00,288.17,288.17,288.0,288.0,-0.06,1699.08,489828.59,-1
2023-06-19,2023-06-19 13:00:00,288.0,298.9,285.0,287.83,-0.06,1699.08,489828.59,-1
2023-06-19,2023-06-19 13:10:00,287.83,287.83,287.67,287.67,-0.06,1699.08,489828.59,-1
2023-06-19,2023-06-19 13:20:00,287.67,287.67,287.5,287.5,-0.06,1699.08,489828.59,-1
2023-06-19,2023-06-19 13:30:00,287.5,287.5,287.33,287.33,-0.06,1699.08,489828.59,-1
2023-06-19,2023-06-19 13:40:00,287.33,287.33,287.17,287.17,-0.06,1699.08,489828.59,-1
2023-06-19,2023-06-19 13:50:00,287.17,287.17,287.0,287.0,-0.06,1699.08,489828.59,-1
2023-06-19,2023-06-19 14:00:00,287.0,287.0,286.83,286.83,-0.06,1699.08,489828.59,-1
2023-06-19,2023-06-19 14:10:00,286.83,286.83,286.67,286.67,-0.06,1699.08,489828.59,-1
2023-06-19,2023-06-19 14:20:00,286.67,286.67,286.5,286.5,-0.06,1699.08,489828.59,-1
2023-06-19,2023-06-19 14:30:00,286.5,286.5,286.33,286.33,-0.06,1699.08,489828.59,-1
2023-06-19,2023-06-19 14:40:00,286.33,286.33,286.17,286.17,-0.06,1699.08,489828.59,-1
2023-06-19,2023-06-19 14:50:00,286.17,286.17,286.0,286.0,-0.06,1699.08,489828.59,-1
2023-06-19,2023-06-19 15:00:00,286.0,298.9,285.0,286.0,0.0,1699.08,489828.59,0
2023-06-20,2023-06-20 11:00:00,281.0,283.1,278.75,280.96,-0.01,1334.8,375066.0,-1
2023-06-20,2023-06-20 11:10:00,280.96,280.96,280.92,280.92,-0.01,1334.8,375066.0,-1
2023-06-20,2023-06-20 11:20:00,280.92,280.92,280.88,280.88,-0.01,1334.8,375066.0,-1
2023-06-20,2023-06-20 11:30:00,280.88,280.88,280.83,280.83,-0.02,1334.8,375066.0,-1
2023-06-20,2023-06-20 11:40:00,280.83,280.83,280.79,280.79,-0.01,1334.8,375066.0,-1
2023-06-20,2023-06-20 11:50:00,280.79,280.79,280.75,280.75,-0.01,1334.8,375066.0,-1
2023-06-20,2023-06-20 12:00:00,280.75,280.75,280.71,280.71,-0.01,1334.8,375066.0,-1
2023-06-20,2023-06-20 12:10:00,280.71,280.71,280.67,280.67,-0.01,1334.8,375066.0,-1
2023-06-20,2023-06-20 12:20:00,280.67,280.67,280.62,280.62,-0.02,1334.8,375066.0,-1
2023-06-20,2023-06-20 12:30:00,280.62,280.62,280.58,280.58,-0.01,1334.8,375066.0,-1
2023-06-20,2023-06-20 12:40:00,280.58,280.58,280.54,280.54,-0.01,1334.8,375066.0,-1
2023-06-20,2023-06-20 12:50:00,280.54,280.54,280.5,280.5,-0.01,1334.8,375066.0,-1
2023-06-20,2023-06-20 13:00:00,280.5,288.0,273.5,280.46,-0.01,1334.8,375066.0,-1
2023-06-20,2023-06-20 13:10:00,280.46,280.46,280.42,280.42,-0.01,1334.8,375066.0,-1
2023-06-20,2023-06-20 13:20:00,280.42,280.42,280.38,280.38,-0.01,1334.8,375066.0,-1
2023-06-20,2023-06-20 13:30:00,280.38,280.38,280.33,280.33,-0.02,1334.8,375066.0,-1
2023-06-20,2023-06-20 13:40:00,280.33,280.33,280.29,280.29,-0.01,1334.8,375066.0,-1
2023-06-20,2023-06-20 13:50:00,280.29,280.29,280.25,280.25,-0.01,1334.8,375066.0,-1
2023-06-20,2023-06-20 14:00:00,280.25,280.25,280.21,280.21,-0.01,1334.8,375066.0,-1
2023-06-20,2023-06-20 14:10:00,280.21,280.21,280.17,280.17,-0.01,1334.8,375066.0,-1
2023-06-20,2023-06-20 14:20:00,280.17,280.17,280.12,280.12,-0.02,1334.8,375066.0,-1
2023-06-20,2023-06-20 14:30:00,280.12,280.12,280.08,280.08,-0.01,1334.8,375066.0,-1
2023-06-20,2023-06-20 14:40:00,280.08,280.08,280.04,280.04,-0.01,1334.8,375066.0,-1
2023-06-20,2023-06-20 14:50:00,280.04,280.04,280.0,280.0,-0.01,1334.8,375066.0,-1
2023-06-20,2023-06-20 15:00:00,280.0,288.0,273.5,280.0,0.0,1334.8,375066.0,0
2023-06-21,2023-06-21 11:00:00,274.4,276.53,273.08,274.38,-0.01,1463.84,403997.12,-1
2023-06-21,2023-06-21 11:10:00,274.38,274.38,274.36,274.36,-0.01,1463.84,403997.12,-1
2023-06-21,2023-06-21 11:20:00,274.36,274.36,274.34,274.34,-0.01,1463.84,403997.12,-1
2023-06-21,2023-06-21 11:30:00,274.34,274.34,274.32,274.32,-0.01,1463.84,403997.12,-1
2023-06-21,2023-06-21 11:40:00,274.32,274.32,274.3,274.3,-0.01,1463.84,403997.12,-1
2023-06-21,2023-06-21 11:50:00,274.3,274.3,274.27,274.27,-0.01,1463.84,403997.12,-1
2023-06-21,2023-06-21 12:00:00,274.27,274.27,274.25,274.25,-0.01,1463.84,403997.12,-1
2023-06-21,2023-06-21 12:10:00,274.25,274.25,274.23,274.23,-0.01,1463.84,403997.12,-1
2023-06-21,2023-06-21 12:20:00,274.23,274.23,274.21,274.21,-0.01,1463.84,403997.12,-1
2023-06-21,2023-06-21 12:30:00,274.21,274.21,274.19,274.19,-0.01,1463.84,403997.12,-1
2023-06-21,2023-06-21 12:40:00,274.19,274.19,274.17,274.17,-0.01,1463.84,403997.12,-1
2023-06-21,2023-06-21 12:50:00,274.17,274.17,274.15,274.15,-0.01,1463.84,403997.12,-1
2023-06-21,2023-06-21 13:00:00,274.15,281.5,270.0,274.13,-0.01,1463.84,403997.12,-1
2023-06-21,2023-06-21 13:10:00,274.13,274.13,274.11,274.11,-0.01,1463.84,403997.12,-1
2023-06-21,2023-06-21 13:20:00,274.11,274.11,274.09,274.09,-0.01,1463.84,403997.12,-1
2023-06-21,2023-06-21 13:30:00,274.09,274.09,274.07,274.07,-0.01,1463.84,403997.12,-1
2023-06-21,2023-06-21 13:40:00,274.07,274.07,274.05,274.05,-0.01,1463.84,403997.12,-1
2023-06-21,2023-06-21 13:50:00,274.05,274.05,274.02,274.02,-0.01,1463.84,403997.12,-1
2023-06-21,2023-06-21 14:00:00,274.02,274.02,274.0,274.0,-0.01,1463.84,403997.12,-1
2023-06-21,2023-06-21 14:10:00,274.0,274.0,273.98,273.98,-0.01,1463.84,403997.12,-1
2023-06-21,2023-06-21 14:20:00,273.98,273.98,273.96,273.96,-0.01,1463.84,403997.12,-1
2023-06-21,2023-06-21 14:30:00,273.96,273.96,273.94,273.94,-0.01,1463.84,403997.12,-1
2023-06-21,2023-06-21 14:40:00,273.94,273.94,273.92,273.92,-0.01,1463.84,403997.12,-1
2023-06-21,2023-06-21 14:50:00,273.92,273.92,273.9,273.9,-0.01,1463.84,403997.12,-1
2023-06-21,2023-06-21 15:00:00,273.9,281.5,270.0,273.9,0.0,1463.84,403997.12,0
2023-06-22,2023-06-22 11:00:00,271.0,272.32,269.17,270.77,-0.08,1703.32,457368.82,-1
2023-06-22,2023-06-22 11:10:00,270.77,270.77,270.54,270.54,-0.08,1703.32,457368.82,-1
2023-06-22,2023-06-22 11:20:00,270.54,270.54,270.31,270.31,-0.09,1703.32,457368.82,-1
2023-06-22,2023-06-22 11:30:00,270.31,270.31,270.08,270.08,-0.09,1703.32,457368.82,-1
2023-06-22,2023-06-22 11:40:00,270.08,270.08,269.85,269.85,-0.09,1703.32,457368.82,-1
2023-06-22,2023-06-22 11:50:00,269.85,269.85,269.62,269.62,-0.09,1703.32,457368.82,-1
2023-06-22,2023-06-22 12:00:00,269.62,269.62,269.4,269.4,-0.08,1703.32,457368.82,-1
2023-06-22,2023-06-22 12:10:00,269.4,269.4,269.17,269.17,-0.09,1703.32,457368.82,-1
2023-06-22,2023-06-22 12:20:00,269.17,269.17,268.94,268.94,-0.09,1703.32,457368.82,-1
2023-06-22,2023-06-22 12:30:00,268.94,268.94,268.71,268.71,-0.09,1703.32,457368.82,-1
2023-06-22,2023-06-22 12:40:00,268.71,268.71,268.48,268.48,-0.09,1703.32,457368.82,-1
2023-06-22,2023-06-22 12:50:00,268.48,268.48,268.25,268.25,-0.09,1703.32,457368.82,-1
2023-06-22,2023-06-22 13:00:00,268.25,275.4,264.9,268.02,-0.09,1703.32,457368.82,-1
2023-06-22,2023-06-22 13:10:00,268.02,268.02,267.79,267.79,-0.09,1703.32,457368.82,-1
2023-06-22,2023-06-22 13:20:00,267.79,267.79,267.56,267.56,-0.09,1703.32,457368.82,-1
2023-06-22,2023-06-22 13:30:00,267.56,267.56,267.33,267.33,-0.09,1703.32,457368.82,-1
2023-06-22,2023-06-22 13:40:00,267.33,267.33,267.1,267.1,-0.09,1703.32,457368.82,-1
2023-06-22,2023-06-22 13:50:00,267.1,267.1,266.88,266.88,-0.08,1703.32,457368.82,-1
2023-06-22,2023-06-22 14:00:00,266.88,266.88,266.65,266.65,-0.09,1703.32,457368.82,-1
2023-06-22,2023-06-22 14:10:00,266.65,266.65,266.42,266.42,-0.09,1703.32,457368.82,-1
2023-06-22,2023-06-22 14:20:00,266.42,266.42,266.19,266.19,-0.09,1703.32,457368.82,-1
2023-06-22,2023-06-22 14:30:00,266.19,266.19,265.96,265.96,-0.09,1703.32,457368.82,-1
2023-06-22,2023-06-22 14:40:00,265.96,265.96,265.73,265.73,-0.09,1703.32,457368.82,-1
2023-06-22,2023-06-22 14:50:00,265.73,265.73,265.5,265.5,-0.09,1703.32,457368.82,-1
2023-06-22,2023-06-22 15:00:00,265.5,275.4,264.9,265.5,0.0,1703.32,457368.82,0
2023-06-25,2023-06-25 11:00:00,265.0,267.67,263.8,265.37,0.14,1579.04,420356.42,1
2023-06-25,2023-06-25 11:10:00,265.37,265.74,265.37,265.74,0.14,1579.04,420356.42,1
2023-06-25,2023-06-25 11:20:00,265.74,266.11,265.74,266.11,0.14,1579.04,420356.42,1
2023-06-25,2023-06-25 11:30:00,266.11,266.48,266.11,266.48,0.14,1579.04,420356.42,1
2023-06-25,2023-06-25 11:40:00,266.48,266.85,266.48,266.85,0.14,1579.04,420356.42,1
2023-06-25,2023-06-25 11:50:00,266.85,267.23,266.85,267.23,0.14,1579.04,420356.42,1
2023-06-25,2023-06-25 12:00:00,267.23,267.6,267.23,267.6,0.14,1579.04,420356.42,1
2023-06-25,2023-06-25 12:10:00,267.6,267.97,267.6,267.97,0.14,1579.04,420356.42,1
2023-06-25,2023-06-25 12:20:00,267.97,268.34,267.97,268.34,0.14,1579.04,420356.42,1
2023-06-25,2023-06-25 12:30:00,268.34,268.71,268.34,268.71,0.14,1579.04,420356.42,1
2023-06-25,2023-06-25 12:40:00,268.71,269.08,268.71,269.08,0.14,1579.04,420356.42,1
2023-06-25,2023-06-25 12:50:00,269.08,269.45,269.08,269.45,0.14,1579.04,420356.42,1
2023-06-25,2023-06-25 13:00:00,269.45,273.9,261.0,269.82,0.14,1579.04,420356.42,1
2023-06-25,2023-06-25 13:10:00,269.82,270.19,269.82,270.19,0.14,1579.04,420356.42,1
2023-06-25,2023-06-25 13:20:00,270.19,270.56,270.19,270.56,0.14,1579.04,420356.42,1
2023-06-25,2023-06-25 13:30:00,270.56,270.93,270.56,270.93,0.14,1579.04,420356.42,1
2023-06-25,2023-06-25 13:40:00,270.93,271.3,270.93,271.3,0.14,1579.04,420356.42,1
2023-06-25,2023-06-25 13:50:00,271.3,271.67,271.3,271.67,0.14,1579.04,420356.42,1
2023-06-25,2023-06-25 14:00:00,271.67,272.05,271.67,272.05,0.14,1579.04,420356.42,1
2023-06-25,2023-06-25 14:10:00,272.05,272.42,272.05,272.42,0.14,1579.04,420356.42,1
2023-06-25,2023-06-25 14:20:00,272.42,272.79,272.42,272.79,0.14,1579.04,420356.42,1
2023-06-25,2023-06-25 14:30:00,272.79,273.16,272.79,273.16,0.14,1579.04,420356.42,1
2023-06-25,2023-06-25 14:40:00,273.16,273.53,273.16,273.53,0.14,1579.04,420356.42,1
2023-06-25,2023-06-25 14:50:00,273.53,273.9,273.53,273.9,0.14,1579.04,420356.42,1
2023-06-25,2023-06-25 15:00:00,273.9,273.9,261.0,273.9,0.0,1579.04,420356.42,0
2023-06-26,2023-06-26 11:00:00,268.5,271.95,265.65,268.56,0.02,1028.52,277205.76,1
2023-06-26,2023-06-26 11:10:00,268.56,268.62,268.56,268.62,0.02,1028.52,277205.76,1
2023-06-26,2023-06-26 11:20:00,268.62,268.69,268.62,268.69,0.03,1028.52,277205.76,1
2023-06-26,2023-06-26 11:30:00,268.69,268.75,268.69,268.75,0.02,1028.52,277205.76,1
2023-06-26,2023-06-26 11:40:00,268.75,268.81,268.75,268.81,0.02,1028.52,277205.76,1
2023-06-26,2023-06-26 11:50:00,268.81,268.88,268.81,268.88,0.03,1028.52,277205.76,1
2023-06-26,2023-06-26 12:00:00,268.88,268.94,268.88,268.94,0.02,1028.52,277205.76,1
2023-06-26,2023-06-26 12:10:00,268.94,269.0,268.94,269.0,0.02,1028.52,277205.76,1
2023-06-26,2023-06-26 12:20:00,269.0,269.06,269.0,269.06,0.02,1028.52,277205.76,1
2023-06-26,2023-06-26 12:30:00,269.06,269.12,269.06,269.12,0.02,1028.52,277205.76,1
2023-06-26,2023-06-26 12:40:00,269.12,269.19,269.12,269.19,0.03,1028.52,277205.76,1
2023-06-26,2023-06-26 12:50:00,269.19,269.25,269.19,269.25,0.02,1028.52,277205.76,1
2023-06-26,2023-06-26 13:00:00,269.25,280.0,259.0,269.31,0.02,1028.52,277205.76,1
2023-06-26,2023-06-26 13:10:00,269.31,269.38,269.31,269.38,0.03,1028.52,277205.76,1
2023-06-26,2023-06-26 13:20:00,269.38,269.44,269.38,269.44,0.02,1028.52,277205.76,1
2023-06-26,2023-06-26 13:30:00,269.44,269.5,269.44,269.5,0.02,1028.52,277205.76,1
2023-06-26,2023-06-26 13:40:00,269.5,269.56,269.5,269.56,0.02,1028.52,277205.76,1
2023-06-26,2023-06-26 13:50:00,269.56,269.62,269.56,269.62,0.02,1028.52,277205.76,1
2023-06-26,2023-06-26 14:00:00,269.62,269.69,269.62,269.69,0.03,1028.52,277205.76,1
2023-06-26,2023-06-26 14:10:00,269.69,269.75,269.69,269.75,0.02,1028.52,277205.76,1
2023-06-26,2023-06-26 14:20:00,269.75,269.81,269.75,269.81,0.02,1028.52,277205.76,1
2023-06-26,2023-06-26 14:30:00,269.81,269.88,269.81,269.88,0.03,1028.52,277205.76,1
2023-06-26,2023-06-26 14:40:00,269.88,269.94,269.88,269.94,0.02,1028.52,277205.76,1
2023-06-26,2023-06-26 14:50:00,269.94,270.0,269.94,270.0,0.02,1028.52,277205.76,1
2023-06-26,2023-06-26 15:00:00,270.0,280.0,259.0,270.0,0.0,1028.52,277205.76,0
2023-06-27,2023-06-27 11:00:00,270.0,276.3,269.7,270.88,0.33,1489.48,405934.63,1
2023-06-27,2023-06-27 11:10:00,270.88,271.75,270.88,271.75,0.32,1489.48,405934.63,1
2023-06-27,2023-06-27 11:20:00,271.75,272.62,271.75,272.62,0.32,1489.48,405934.63,1
2023-06-27,2023-06-27 11:30:00,272.62,273.5,272.62,273.5,0.32,1489.48,405934.63,1
2023-06-27,2023-06-27 11:40:00,273.5,274.38,273.5,274.38,0.32,1489.48,405934.63,1
2023-06-27,2023-06-27 11:50:00,274.38,275.25,274.38,275.25,0.32,1489.48,405934.63,1
2023-06-27,2023-06-27 12:00:00,275.25,276.12,275.25,276.12,0.32,1489.48,405934.63,1
2023-06-27,2023-06-27 12:10:00,276.12,277.0,276.12,277.0,0.32,1489.48,405934.63,1
2023-06-27,2023-06-27 12:20:00,277.0,277.88,277.0,277.88,0.32,1489.48,405934.63,1
2023-06-27,2023-06-27 12:30:00,277.88,278.75,277.88,278.75,0.31,1489.48,405934.63,1
2023-06-27,2023-06-27 12:40:00,278.75,279.62,278.75,279.62,0.31,1489.48,405934.63,1
2023-06-27,2023-06-27 12:50:00,279.62,280.5,279.62,280.5,0.31,1489.48,405934.63,1
2023-06-27,2023-06-27 13:00:00,280.5,291.0,269.0,281.38,0.31,1489.48,405934.63,1
2023-06-27,2023-06-27 13:10:00,281.38,282.25,281.38,282.25,0.31,1489.48,405934.63,1
2023-06-27,2023-06-27 13:20:00,282.25,283.12,282.25,283.12,0.31,1489.48,405934.63,1
2023-06-27,2023-06-27 13:30:00,283.12,284.0,283.12,284.0,0.31,1489.48,405934.63,1
2023-06-27,2023-06-27 13:40:00,284.0,284.88,284.0,284.88,0.31,1489.48,405934.63,1
2023-06-27,2023-06-27 13:50:00,284.88,285.75,284.88,285.75,0.31,1489.48,405934.63,1
2023-06-27,2023-06-27 14:00:00,285.75,286.62,285.75,286.62,0.3,1489.48,405934.63,1
2023-06-27,2023-06-27 14:10:00,286.62,287.5,286.62,287.5,0.31,1489.48,405934.63,1
2023-06-27,2023-06-27 14:20:00,287.5,288.38,287.5,288.38,0.31,1489.48,405934.63,1
2023-06-27,2023-06-27 14:30:00,288.38,289.25,288.38,289.25,0.3,1489.48,405934.63,1
2023-06-27,2023-06-27 14:40:00,289.25,290.12,289.25,290.12,0.3,1489.48,405934.63,1
2023-06-27,2023-06-27 14:50:00,290.12,291.0,290.12,291.0,0.3,1489.48,405934.63,1
2023-06-27,2023-06-27 15:00:00,291.0,291.0,269.0,291.0,0.0,1489.48,405934.63,0
2023-06-28,2023-06-28 11:00:00,291.0,291.0,285.9,290.34,-0.23,2375.8,663089.89,-1
2023-06-28,2023-06-28 11:10:00,290.34,290.34,289.68,289.68,-0.23,2375.8,663089.89,-1
2023-06-28,2023-06-28 11:20:00,289.68,289.68,289.02,289.02,-0.23,2375.8,663089.89,-1
2023-06-28,2023-06-28 11:30:00,289.02,289.02,288.37,288.37,-0.22,2375.8,663089.89,-1
2023-06-28,2023-06-28 11:40:00,288.37,288.37,287.71,287.71,-0.23,2375.8,663089.89,-1
2023-06-28,2023-06-28 11:50:00,287.71,287.71,287.05,287.05,-0.23,2375.8,663089.89,-1
2023-06-28,2023-06-28 12:00:00,287.05,287.05,286.39,286.39,-0.23,2375.8,663089.89,-1
2023-06-28,2023-06-28 12:10:00,286.39,286.39,285.73,285.73,-0.23,2375.8,663089.89,-1
2023-06-28,2023-06-28 12:20:00,285.73,285.73,285.07,285.07,-0.23,2375.8,663089.89,-1
2023-06-28,2023-06-28 12:30:00,285.07,285.07,284.42,284.42,-0.23,2375.8,663089.89,-1
2023-06-28,2023-06-28 12:40:00,284.42,284.42,283.76,283.76,-0.23,2375.8,663089.89,-1
2023-06-28,2023-06-28 12:50:00,283.76,283.76,283.1,283.1,-0.23,2375.8,663089.89,-1
2023-06-28,2023-06-28 13:00:00,283.1,291.0,274.0,282.44,-0.23,2375.8,663089.89,-1
2023-06-28,2023-06-28 13:10:00,282.44,282.44,281.78,281.78,-0.23,2375.8,663089.89,-1
2023-06-28,2023-06-28 13:20:00,281.78,281.78,281.12,281.12,-0.23,2375.8,663089.89,-1
2023-06-28,2023-06-28 13:30:00,281.12,281.12,280.47,280.47,-0.23,2375.8,663089.89,-1
2023-06-28,2023-06-28 13:40:00,280.47,280.47,279.81,279.81,-0.24,2375.8,663089.89,-1
2023-06-28,2023-06-28 13:50:00,279.81,279.81,279.15,279.15,-0.24,2375.8,663089.89,-1
2023-06-28,2023-06-28 14:00:00,279.15,279.15,278.49,278.49,-0.24,2375.8,663089.89,-1
2023-06-28,2023-06-28 14:10:00,278.49,278.49,277.83,277.83,-0.24,2375.8,663089.89,-1
2023-06-28,2023-06-28 14:20:00,277.83,277.83,277.18,277.18,-0.23,2375.8,663089.89,-1
2023-06-28,2023-06-28 14:30:00,277.18,277.18,276.52,276.52,-0.24,2375.8,663089.89,-1
2023-06-28,2023-06-28 14:40:00,276.52,276.52,275.86,275.86,-0.24,2375.8,663089.89,-1
2023-06-28,2023-06-28 14:50:00,275.86,275.86,275.2,275.2,-0.24,2375.8,663089.89,-1
2023-06-28,2023-06-28 15:00:00,275.2,291.0,274.0,275.2,0.0,2375.8,663089.89,0
2023-07-02,2023-07-02 11:00:00,270.0,271.2,267.66,269.88,-0.04,863.92,231456.31,-1
2023-07-02,2023-07-02 11:10:00,269.88,269.88,269.75,269.75,-0.05,863.92,231456.31,-1
2023-07-02,2023-07-02 11:20:00,269.75,269.75,269.62,269.62,-0.05,863.92,231456.31,-1
2023-07-02,2023-07-02 11:30:00,269.62,269.62,269.5,269.5,-0.04,863.92,231456.31,-1
2023-07-02,2023-07-02 11:40:00,269.5,269.5,269.38,269.38,-0.04,863.92,231456.31,-1
2023-07-02,2023-07-02 11:50:00,269.38,269.38,269.25,269.25,-0.05,863.92,231456.31,-1
2023-07-02,2023-07-02 12:00:00,269.25,269.25,269.12,269.12,-0.05,863.92,231456.31,-1
2023-07-02,2023-07-02 12:10:00,269.12,269.12,269.0,269.0,-0.04,863.92,231456.31,-1
2023-07-02,2023-07-02 12:20:00,269.0,269.0,268.88,268.88,-0.04,863.92,231456.31,-1
2023-07-02,2023-07-02 12:30:00,268.88,268.88,268.75,268.75,-0.05,863.92,231456.31,-1
2023-07-02,2023-07-02 12:40:00,268.75,268.75,268.62,268.62,-0.05,863.92,231456.31,-1
2023-07-02,2023-07-02 12:50:00,268.62,268.62,268.5,268.5,-0.04,863.92,231456.31,-1
2023-07-02,2023-07-02 13:00:00,268.5,274.0,262.2,268.38,-0.04,863.92,231456.31,-1
2023-07-02,2023-07-02 13:10:00,268.38,268.38,268.25,268.25,-0.05,863.92,231456.31,-1
2023-07-02,2023-07-02 13:20:00,268.25,268.25,268.12,268.12,-0.05,863.92,231456.31,-1
2023-07-02,2023-07-02 13:30:00,268.12,268.12,268.0,268.0,-0.04,863.92,231456.31,-1
2023-07-02,2023-07-02 13:40:00,268.0,268.0,267.88,267.88,-0.04,863.92,231456.31,-1
2023-07-02,2023-07-02 13:50:00,267.88,267.88,267.75,267.75,-0.05,863.92,231456.31,-1
2023-07-02,2023-07-02 14:00:00,267.75,267.75,267.62,267.62,-0.05,863.92,231456.31,-1
2023-07-02,2023-07-02 14:10:00,267.62,267.62,267.5,267.5,-0.04,863.92,231456.31,-1
2023-07-02,2023-07-02 14:20:00,267.5,267.5,267.38,267.38,-0.04,863.92,231456.31,-1
2023-07-02,2023-07-02 14:30:00,267.38,267.38,267.25,267.25,-0.05,863.92,231456.31,-1
2023-07-02,2023-07-02 14:40:00,267.25,267.25,267.12,267.12,-0.05,863.92,231456.31,-1
2023-07-02,2023-07-02 14:50:00,267.12,267.12,267.0,267.0,-0.04,863.92,231456.31,-1
2023-07-02,2023-07-02 15:00:00,267.0,274.0,262.2,267.0,0.0,863.92,231456.31,0
2023-07-03,2023-07-03 11:00:00,261.7,265.09,260.29,261.8,0.04,1313.28,346202.07,1
2023-07-03,2023-07-03 11:10:00,261.8,261.89,261.8,261.89,0.03,1313.28,346202.07,1
2023-07-03,2023-07-03 11:20:00,261.89,261.99,261.89,261.99,0.04,1313.28,346202.07,1
2023-07-03,2023-07-03 11:30:00,261.99,262.08,261.99,262.08,0.03,1313.28,346202.07,1
2023-07-03,2023-07-03 11:40:00,262.08,262.18,262.08,262.18,0.04,1313.28,346202.07,1
2023-07-03,2023-07-03 11:50:00,262.18,262.27,262.18,262.27,0.03,1313.28,346202.07,1
2023-07-03,2023-07-03 12:00:00,262.27,262.37,262.27,262.37,0.04,1313.28,346202.07,1
2023-07-03,2023-07-03 12:10:00,262.37,262.47,262.37,262.47,0.04,1313.28,346202.07,1
2023-07-03,2023-07-03 12:20:00,262.47,262.56,262.47,262.56,0.03,1313.28,346202.07,1
2023-07-03,2023-07-03 12:30:00,262.56,262.66,262.56,262.66,0.04,1313.28,346202.07,1
2023-07-03,2023-07-03 12:40:00,262.66,262.75,262.66,262.75,0.03,1313.28,346202.07,1
2023-07-03,2023-07-03 12:50:00,262.75,262.85,262.75,262.85,0.04,1313.28,346202.07,1
2023-07-03,2023-07-03 13:00:00,262.85,273.0,257.0,262.95,0.04,1313.28,346202.07,1
2023-07-03,2023-07-03 13:10:00,262.95,263.04,262.95,263.04,0.03,1313.28,346202.07,1
2023-07-03,2023-07-03 13:20:00,263.04,263.14,263.04,263.14,0.04,1313.28,346202.07,1
2023-07-03,2023-07-03 13:30:00,263.14,263.23,263.14,263.23,0.03,1313.28,346202.07,1
2023-07-03,2023-07-03 13:40:00,263.23,263.33,263.23,263.33,0.04,1313.28,346202.07,1
2023-07-03,2023-07-03 13:50:00,263.33,263.43,263.33,263.43,0.04,1313.28,346202.07,1
2023-07-03,2023-07-03 14:00:00,263.43,263.52,263.43,263.52,0.03,1313.28,346202.07,1
2023-07-03,2023-07-03 14:10:00,263.52,263.62,263.52,263.62,0.04,1313.28,346202.07,1
2023-07-03,2023-07-03 14:20:00,263.62,263.71,263.62,263.71,0.03,1313.28,346202.07,1
2023-07-03,2023-07-03 14:30:00,263.71,263.81,263.71,263.81,0.04,1313.28,346202.07,1
2023-07-03,2023-07-03 14:40:00,263.81,263.9,263.81,263.9,0.03,1313.28,346202.07,1
2023-07-03,2023-07-03 14:50:00,263.9,264.0,263.9,264.0,0.04,1313.28,346202.07,1
2023-07-03,2023-07-03 15:00:00,264.0,273.0,257.0,264.0,0.0,1313.28,346202.07,0
2023-07-04,2023-07-04 11:00:00,260.0,262.55,259.67,260.21,0.08,403.08,105551.25,1
2023-07-04,2023-07-04 11:10:00,260.21,260.42,260.21,260.42,0.08,403.08,105551.25,1
2023-07-04,2023-07-04 11:20:00,260.42,260.62,260.42,260.62,0.08,403.08,105551.25,1
2023-07-04,2023-07-04 11:30:00,260.62,260.83,260.62,260.83,0.08,403.08,105551.25,1
2023-07-04,2023-07-04 11:40:00,260.83,261.04,260.83,261.04,0.08,403.08,105551.25,1
2023-07-04,2023-07-04 11:50:00,261.04,261.25,261.04,261.25,0.08,403.08,105551.25,1
2023-07-04,2023-07-04 12:00:00,261.25,261.46,261.25,261.46,0.08,403.08,105551.25,1
2023-07-04,2023-07-04 12:10:00,261.46,261.67,261.46,261.67,0.08,403.08,105551.25,1
2023-07-04,2023-07-04 12:20:00,261.67,261.88,261.67,261.88,0.08,403.08,105551.25,1
2023-07-04,2023-07-04 12:30:00,261.88,262.08,261.88,262.08,0.08,403.08,105551.25,1
2023-07-04,2023-07-04 12:40:00,262.08,262.29,262.08,262.29,0.08,403.08,105551.25,1
2023-07-04,2023-07-04 12:50:00,262.29,262.5,262.29,262.5,0.08,403.08,105551.25,1
2023-07-04,2023-07-04 13:00:00,262.5,268.5,258.9,262.71,0.08,403.08,105551.25,1
2023-07-04,2023-07-04 13:10:00,262.71,262.92,262.71,262.92,0.08,403.08,105551.25,1
2023-07-04,2023-07-04 13:20:00,262.92,263.12,262.92,263.12,0.08,403.08,105551.25,1
2023-07-04,2023-07-04 13:30:00,263.12,263.33,263.12,263.33,0.08,403.08,105551.25,1
2023-07-04,2023-07-04 13:40:00,263.33,263.54,263.33,263.54,0.08,403.08,105551.25,1
2023-07-04,2023-07-04 13:50:00,263.54,263.75,263.54,263.75,0.08,403.08,105551.25,1
2023-07-04,2023-07-04 14:00:00,263.75,263.96,263.75,263.96,0.08,403.08,105551.25,1
2023-07-04,2023-07-04 14:10:00,263.96,264.17,263.96,264.17,0.08,403.08,105551.25,1
2023-07-04,2023-07-04 14:20:00,264.17,264.38,264.17,264.38,0.08,403.08,105551.25,1
2023-07-04,2023-07-04 14:30:00,264.38,264.58,264.38,264.58,0.08,403.08,105551.25,1
2023-07-04,2023-07-04 14:40:00,264.58,264.79,264.58,264.79,0.08,403.08,105551.25,1
2023-07-04,2023-07-04 14:50:00,264.79,265.0,264.79,265.0,0.08,403.08,105551.25,1
2023-07-04,2023-07-04 15:00:00,265.0,268.5,258.9,265.0,0.0,403.08,105551.25,0
2023-07-05,2023-07-05 11:00:00,260.0,261.5,258.2,259.75,-0.1,891.32,229222.04,-1
2023-07-05,2023-07-05 11:10:00,259.75,259.75,259.5,259.5,-0.1,891.32,229222.04,-1
2023-07-05,2023-07-05 11:20:00,259.5,259.5,259.25,259.25,-0.1,891.32,229222.04,-1
2023-07-05,2023-07-05 11:30:00,259.25,259.25,259.0,259.0,-0.1,891.32,229222.04,-1
2023-07-05,2023-07-05 11:40:00,259.0,259.0,258.75,258.75,-0.1,891.32,229222.04,-1
2023-07-05,2023-07-05 11:50:00,258.75,258.75,258.5,258.5,-0.1,891.32,229222.04,-1
2023-07-05,2023-07-05 12:00:00,258.5,258.5,258.25,258.25,-0.1,891.32,229222.04,-1
2023-07-05,2023-07-05 12:10:00,258.25,258.25,258.0,258.0,-0.1,891.32,229222.04,-1
2023-07-05,2023-07-05 12:20:00,258.0,258.0,257.75,257.75,-0.1,891.32,229222.04,-1
2023-07-05,2023-07-05 12:30:00,257.75,257.75,257.5,257.5,-0.1,891.32,229222.04,-1
2023-07-05,2023-07-05 12:40:00,257.5,257.5,257.25,257.25,-0.1,891.32,229222.04,-1
2023-07-05,2023-07-05 12:50:00,257.25,257.25,257.0,257.0,-0.1,891.32,229222.04,-1
2023-07-05,2023-07-05 13:00:00,257.0,265.0,254.0,256.75,-0.1,891.32,229222.04,-1
2023-07-05,2023-07-05 13:10:00,256.75,256.75,256.5,256.5,-0.1,891.32,229222.04,-1
2023-07-05,2023-07-05 13:20:00,256.5,256.5,256.25,256.25,-0.1,891.32,229222.04,-1
2023-07-05,2023-07-05 13:30:00,256.25,256.25,256.0,256.0,-0.1,891.32,229222.04,-1
2023-07-05,2023-07-05 13:40:00,256.0,256.0,255.75,255.75,-0.1,891.32,229222.04,-1
2023-07-05,2023-07-05 13:50:00,255.75,255.75,255.5,255.5,-0.1,891.32,229222.04,-1
2023-07-05,2023-07-05 14:00:00,255.5,255.5,255.25,255.25,-0.1,891.32,229222.04,-1
2023-07-05,2023-07-05 14:10:00,255.25,255.25,255.0,255.0,-0.1,891.32,229222.04,-1
2023-07-05,2023-07-05 14:20:00,255.0,255.0,254.75,254.75,-0.1,891.32,229222.04,-1
2023-07-05,2023-07-05 14:30:00,254.75,254.75,254.5,254.5,-0.1,891.32,229222.04,-1
2023-07-05,2023-07-05 14:40:00,254.5,254.5,254.25,254.25,-0.1,891.32,229222.04,-1
2023-07-05,2023-07-05 14:50:00,254.25,254.25,254.0,254.0,-0.1,891.32,229222.04,-1
2023-07-05,2023-07-05 15:00:00,254.0,265.0,254.0,254.0,0.0,891.32,229222.04,0
2023-07-06,2023-07-06 11:00:00,249.0,257.61,248.7,250.2,0.48,1106.76,282877.13,1
2023-07-06,2023-07-06 11:10:00,250.2,251.39,250.2,251.39,0.48,1106.76,282877.13,1
2023-07-06,2023-07-06 11:20:00,251.39,252.59,251.39,252.59,0.48,1106.76,282877.13,1
2023-07-06,2023-07-06 11:30:00,252.59,253.78,252.59,253.78,0.47,1106.76,282877.13,1
2023-07-06,2023-07-06 11:40:00,253.78,254.98,253.78,254.98,0.47,1106.76,282877.13,1
2023-07-06,2023-07-06 11:50:00,254.98,256.18,254.98,256.18,0.47,1106.76,282877.13,1
2023-07-06,2023-07-06 12:00:00,256.18,257.37,256.18,257.37,0.46,1106.76,282877.13,1
2023-07-06,2023-07-06 12:10:00,257.37,258.57,257.37,258.57,0.47,1106.76,282877.13,1
2023-07-06,2023-07-06 12:20:00,258.57,259.76,258.57,259.76,0.46,1106.76,282877.13,1
2023-07-06,2023-07-06 12:30:00,259.76,260.96,259.76,260.96,0.46,1106.76,282877.13,1
2023-07-06,2023-07-06 12:40:00,260.96,262.15,260.96,262.15,0.46,1106.76,282877.13,1
2023-07-06,2023-07-06 12:50:00,262.15,263.35,262.15,263.35,0.46,1106.76,282877.13,1
2023-07-06,2023-07-06 13:00:00,263.35,277.7,248.0,264.55,0.46,1106.76,282877.13,1
2023-07-06,2023-07-06 13:10:00,264.55,265.74,264.55,265.74,0.45,1106.76,282877.13,1
2023-07-06,2023-07-06 13:20:00,265.74,266.94,265.74,266.94,0.45,1106.76,282877.13,1
2023-07-06,2023-07-06 13:30:00,266.94,268.13,266.94,268.13,0.45,1106.76,282877.13,1
2023-07-06,2023-07-06 13:40:00,268.13,269.33,268.13,269.33,0.45,1106.76,282877.13,1
2023-07-06,2023-07-06 13:50:00,269.33,270.52,269.33,270.52,0.44,1106.76,282877.13,1
2023-07-06,2023-07-06 14:00:00,270.52,271.72,270.52,271.72,0.44,1106.76,282877.13,1
2023-07-06,2023-07-06 14:10:00,271.72,272.92,271.72,272.92,0.44,1106.76,282877.13,1
2023-07-06,2023-07-06 14:20:00,272.92,274.11,272.92,274.11,0.44,1106.76,282877.13,1
2023-07-06,2023-07-06 14:30:00,274.11,275.31,274.11,275.31,0.44,1106.76,282877.13,1
2023-07-06,2023-07-06 14:40:00,275.31,276.5,275.31,276.5,0.43,1106.76,282877.13,1
2023-07-06,2023-07-06 14:50:00,276.5,277.7,276.5,277.7,0.43,1106.76,282877.13,1
2023-07-06,2023-07-06 15:00:00,277.7,277.7,248.0,277.7,0.0,1106.76,282877.13,0
2023-07-09,2023-07-09 11:00:00,272.2,272.44,268.99,272.02,-0.07,801.0,214525.55,-1
2023-07-09,2023-07-09 11:10:00,272.02,272.02,271.85,271.85,-0.06,801.0,214525.55,-1
2023-07-09,2023-07-09 11:20:00,271.85,271.85,271.68,271.68,-0.06,801.0,214525.55,-1
2023-07-09,2023-07-09 11:30:00,271.68,271.68,271.5,271.5,-0.07,801.0,214525.55,-1
2023-07-09,2023-07-09 11:40:00,271.5,271.5,271.32,271.32,-0.07,801.0,214525.55,-1
2023-07-09,2023-07-09 11:50:00,271.32,271.32,271.15,271.15,-0.06,801.0,214525.55,-1
2023-07-09,2023-07-09 12:00:00,271.15,271.15,270.97,270.97,-0.07,801.0,214525.55,-1
2023-07-09,2023-07-09 12:10:00,270.97,270.97,270.8,270.8,-0.06,801.0,214525.55,-1
2023-07-09,2023-07-09 12:20:00,270.8,270.8,270.62,270.62,-0.07,801.0,214525.55,-1
2023-07-09,2023-07-09 12:30:00,270.62,270.62,270.45,270.45,-0.06,801.0,214525.55,-1
2023-07-09,2023-07-09 12:40:00,270.45,270.45,270.27,270.27,-0.07,801.0,214525.55,-1
2023-07-09,2023-07-09 12:50:00,270.27,270.27,270.1,270.1,-0.06,801.0,214525.55,-1
2023-07-09,2023-07-09 13:00:00,270.1,273.0,261.5,269.93,-0.06,801.0,214525.55,-1
2023-07-09,2023-07-09 13:10:00,269.93,269.93,269.75,269.75,-0.07,801.0,214525.55,-1
2023-07-09,2023-07-09 13:20:00,269.75,269.75,269.57,269.57,-0.07,801.0,214525.55,-1
2023-07-09,2023-07-09 13:30:00,269.57,269.57,269.4,269.4,-0.06,801.0,214525.55,-1
2023-07-09,2023-07-09 13:40:00,269.4,269.4,269.23,269.23,-0.06,801.0,214525.55,-1
2023-07-09,2023-07-09 13:50:00,269.23,269.23,269.05,269.05,-0.07,801.0,214525.55,-1
2023-07-09,2023-07-09 14:00:00,269.05,269.05,268.88,268.88,-0.06,801.0,214525.55,-1
2023-07-09,2023-07-09 14:10:00,268.88,268.88,268.7,268.7,-0.07,801.0,214525.55,-1
2023-07-09,2023-07-09 14:20:00,268.7,268.7,268.52,268.52,-0.07,801.0,214525.55,-1
2023-07-09,2023-07-09 14:30:00,268.52,268.52,268.35,268.35,-0.06,801.0,214525.55,-1
2023-07-09,2023-07-09 14:40:00,268.35,268.35,268.18,268.18,-0.06,801.0,214525.55,-1
2023-07-09,2023-07-09 14:50:00,268.18,268.18,268.0,268.0,-0.07,801.0,214525.55,-1
2023-07-09,2023-07-09 15:00:00,268.0,273.0,261.5,268.0,0.0,801.0,214525.55,0
2023-07-10,2023-07-10 11:00:00,262.7,264.89,260.39,262.5,-0.08,858.04,224867.86,-1
2023-07-10,2023-07-10 11:10:00,262.5,262.5,262.31,262.31,-0.07,858.04,224867.86,-1
2023-07-10,2023-07-10 11:20:00,262.31,262.31,262.11,262.11,-0.08,858.04,224867.86,-1
2023-07-10,2023-07-10 11:30:00,262.11,262.11,261.92,261.92,-0.07,858.04,224867.86,-1
2023-07-10,2023-07-10 11:40:00,261.92,261.92,261.72,261.72,-0.08,858.04,224867.86,-1
2023-07-10,2023-07-10 11:50:00,261.72,261.72,261.52,261.52,-0.08,858.04,224867.86,-1
2023-07-10,2023-07-10 12:00:00,261.52,261.52,261.33,261.33,-0.07,858.04,224867.86,-1
2023-07-10,2023-07-10 12:10:00,261.33,261.33,261.13,261.13,-0.08,858.04,224867.86,-1
2023-07-10,2023-07-10 12:20:00,261.13,261.13,260.94,260.94,-0.07,858.04,224867.86,-1
2023-07-10,2023-07-10 12:30:00,260.94,260.94,260.74,260.74,-0.08,858.04,224867.86,-1
2023-07-10,2023-07-10 12:40:00,260.74,260.74,260.55,260.55,-0.07,858.04,224867.86,-1
2023-07-10,2023-07-10 12:50:00,260.55,260.55,260.35,260.35,-0.08,858.04,224867.86,-1
2023-07-10,2023-07-10 13:00:00,260.35,270.0,255.0,260.15,-0.08,858.04,224867.86,-1
2023-07-10,2023-07-10 13:10:00,260.15,260.15,259.96,259.96,-0.07,858.04,224867.86,-1
2023-07-10,2023-07-10 13:20:00,259.96,259.96,259.76,259.76,-0.08,858.04,224867.86,-1
2023-07-10,2023-07-10 13:30:00,259.76,259.76,259.57,259.57,-0.07,858.04,224867.86,-1
2023-07-10,2023-07-10 13:40:00,259.57,259.57,259.37,259.37,-0.08,858.04,224867.86,-1
2023-07-10,2023-07-10 13:50:00,259.37,259.37,259.18,259.18,-0.07,858.04,224867.86,-1
2023-07-10,2023-07-10 14:00:00,259.18,259.18,258.98,258.98,-0.08,858.04,224867.86,-1
2023-07-10,2023-07-10 14:10:00,258.98,258.98,258.78,258.78,-0.08,858.04,224867.86,-1
2023-07-10,2023-07-10 14:20:00,258.78,258.78,258.59,258.59,-0.07,858.04,224867.86,-1
2023-07-10,2023-07-10 14:30:00,258.59,258.59,258.39,258.39,-0.08,858.04,224867.86,-1
2023-07-10,2023-07-10 14:40:00,258.39,258.39,258.2,258.2,-0.07,858.04,224867.86,-1
2023-07-10,2023-07-10 14:50:00,258.2,258.2,258.0,258.0,-0.08,858.04,224867.86,-1
2023-07-10,2023-07-10 15:00:00,258.0,270.0,255.0,258.0,0.0,858.04,224867.86,0
2023-07-11,2023-07-11 11:00:00,263.1,264.66,260.19,262.89,-0.08,577.48,148880.26,-1
2023-07-11,2023-07-11 11:10:00,262.89,262.89,262.68,262.68,-0.08,577.48,148880.26,-1
2023-07-11,2023-07-11 11:20:00,262.68,262.68,262.46,262.46,-0.08,577.48,148880.26,-1
2023-07-11,2023-07-11 11:30:00,262.46,262.46,262.25,262.25,-0.08,577.48,148880.26,-1
2023-07-11,2023-07-11 11:40:00,262.25,262.25,262.04,262.04,-0.08,577.48,148880.26,-1
2023-07-11,2023-07-11 11:50:00,262.04,262.04,261.83,261.83,-0.08,577.48,148880.26,-1
2023-07-11,2023-07-11 12:00:00,261.83,261.83,261.61,261.61,-0.08,577.48,148880.26,-1
2023-07-11,2023-07-11 12:10:00,261.61,261.61,261.4,261.4,-0.08,577.48,148880.26,-1
2023-07-11,2023-07-11 12:20:00,261.4,261.4,261.19,261.19,-0.08,577.48,148880.26,-1
2023-07-11,2023-07-11 12:30:00,261.19,261.19,260.98,260.98,-0.08,577.48,148880.26,-1
2023-07-11,2023-07-11 12:40:00,260.98,260.98,260.76,260.76,-0.08,577.48,148880.26,-1
2023-07-11,2023-07-11 12:50:00,260.76,260.76,260.55,260.55,-0.08,577.48,148880.26,-1
2023-07-11,2023-07-11 13:00:00,260.55,268.3,253.4,260.34,-0.08,577.48,148880.26,-1
2023-07-11,2023-07-11 13:10:00,260.34,260.34,260.12,260.12,-0.08,577.48,148880.26,-1
2023-07-11,2023-07-11 13:20:00,260.12,260.12,259.91,259.91,-0.08,577.48,148880.26,-1
2023-07-11,2023-07-11 13:30:00,259.91,259.91,259.7,259.7,-0.08,577.48,148880.26,-1
2023-07-11,2023-07-11 13:40:00,259.7,259.7,259.49,259.49,-0.08,577.48,148880.26,-1
2023-07-11,2023-07-11 13:50:00,259.49,259.49,259.27,259.27,-0.08,577.48,148880.26,-1
2023-07-11,2023-07-11 14:00:00,259.27,259.27,259.06,259.06,-0.08,577.48,148880.26,-1
2023-07-11,2023-07-11 14:10:00,259.06,259.06,258.85,258.85,-0.08,577.48,148880.26,-1
2023-07-11,2023-07-11 14:20:00,258.85,258.85,258.64,258.64,-0.08,577.48,148880.26,-1
2023-07-11,2023-07-11 14:30:00,258.64,258.64,258.43,258.43,-0.08,577.48,148880.26,-1
2023-07-11,2023-07-11 14:40:00,258.43,258.43,258.21,258.21,-0.09,577.48,148880.26,-1
2023-07-11,2023-07-11 14:50:00,258.21,258.21,258.0,258.0,-0.08,577.48,148880.26,-1
2023-07-11,2023-07-11 15:00:00,258.0,268.3,253.4,258.0,0.0,577.48,148880.26,0
2023-07-12,2023-07-12 11:00:00,263.1,267.54,260.07,263.47,0.14,1902.84,519757.3,1
2023-07-12,2023-07-12 11:10:00,263.47,263.84,263.47,263.84,0.14,1902.84,519757.3,1
2023-07-12,2023-07-12 11:20:00,263.84,264.21,263.84,264.21,0.14,1902.84,519757.3,1
2023-07-12,2023-07-12 11:30:00,264.21,264.58,264.21,264.58,0.14,1902.84,519757.3,1
2023-07-12,2023-07-12 11:40:00,264.58,264.95,264.58,264.95,0.14,1902.84,519757.3,1
2023-07-12,2023-07-12 11:50:00,264.95,265.33,264.95,265.33,0.14,1902.84,519757.3,1
2023-07-12,2023-07-12 12:00:00,265.33,265.7,265.33,265.7,0.14,1902.84,519757.3,1
2023-07-12,2023-07-12 12:10:00,265.7,266.07,265.7,266.07,0.14,1902.84,519757.3,1
2023-07-12,2023-07-12 12:20:00,266.07,266.44,266.07,266.44,0.14,1902.84,519757.3,1
2023-07-12,2023-07-12 12:30:00,266.44,266.81,266.44,266.81,0.14,1902.84,519757.3,1
2023-07-12,2023-07-12 12:40:00,266.81,267.18,266.81,267.18,0.14,1902.84,519757.3,1
2023-07-12,2023-07-12 12:50:00,267.18,267.55,267.18,267.55,0.14,1902.84,519757.3,1
2023-07-12,2023-07-12 13:00:00,267.55,277.9,253.0,267.92,0.14,1902.84,519757.3,1
2023-07-12,2023-07-12 13:10:00,267.92,268.29,267.92,268.29,0.14,1902.84,519757.3,1
2023-07-12,2023-07-12 13:20:00,268.29,268.66,268.29,268.66,0.14,1902.84,519757.3,1
2023-07-12,2023-07-12 13:30:00,268.66,269.03,268.66,269.03,0.14,1902.84,519757.3,1
2023-07-12,2023-07-12 13:40:00,269.03,269.4,269.03,269.4,0.14,1902.84,519757.3,1
2023-07-12,2023-07-12 13:50:00,269.4,269.77,269.4,269.77,0.14,1902.84,519757.3,1
2023-07-12,2023-07-12 14:00:00,269.77,270.15,269.77,270.15,0.14,1902.84,519757.3,1
2023-07-12,2023-07-12 14:10:00,270.15,270.52,270.15,270.52,0.14,1902.84,519757.3,1
2023-07-12,2023-07-12 14:20:00,270.52,270.89,270.52,270.89,0.14,1902.84,519757.3,1
2023-07-12,2023-07-12 14:30:00,270.89,271.26,270.89,271.26,0.14,1902.84,519757.3,1
2023-07-12,2023-07-12 14:40:00,271.26,271.63,271.26,271.63,0.14,1902.84,519757.3,1
2023-07-12,2023-07-12 14:50:00,271.63,272.0,271.63,272.0,0.14,1902.84,519757.3,1
2023-07-12,2023-07-12 15:00:00,272.0,277.9,253.0,272.0,0.0,1902.84,519757.3,0
2023-07-13,2023-07-13 11:00:00,273.0,274.5,269.49,272.79,-0.08,720.92,193980.93,-1
2023-07-13,2023-07-13 11:10:00,272.79,272.79,272.58,272.58,-0.08,720.92,193980.93,-1
2023-07-13,2023-07-13 11:20:00,272.58,272.58,272.38,272.38,-0.07,720.92,193980.93,-1
2023-07-13,2023-07-13 11:30:00,272.38,272.38,272.17,272.17,-0.08,720.92,193980.93,-1
2023-07-13,2023-07-13 11:40:00,272.17,272.17,271.96,271.96,-0.08,720.92,193980.93,-1
2023-07-13,2023-07-13 11:50:00,271.96,271.96,271.75,271.75,-0.08,720.92,193980.93,-1
2023-07-13,2023-07-13 12:00:00,271.75,271.75,271.54,271.54,-0.08,720.92,193980.93,-1
2023-07-13,2023-07-13 12:10:00,271.54,271.54,271.33,271.33,-0.08,720.92,193980.93,-1
2023-07-13,2023-07-13 12:20:00,271.33,271.33,271.12,271.12,-0.08,720.92,193980.93,-1
2023-07-13,2023-07-13 12:30:00,271.12,271.12,270.92,270.92,-0.07,720.92,193980.93,-1
2023-07-13,2023-07-13 12:40:00,270.92,270.92,270.71,270.71,-0.08,720.92,193980.93,-1
2023-07-13,2023-07-13 12:50:00,270.71,270.71,270.5,270.5,-0.08,720.92,193980.93,-1
2023-07-13,2023-07-13 13:00:00,270.5,278.0,261.3,270.29,-0.08,720.92,193980.93,-1
2023-07-13,2023-07-13 13:10:00,270.29,270.29,270.08,270.08,-0.08,720.92,193980.93,-1
2023-07-13,2023-07-13 13:20:00,270.08,270.08,269.88,269.88,-0.07,720.92,193980.93,-1
2023-07-13,2023-07-13 13:30:00,269.88,269.88,269.67,269.67,-0.08,720.92,193980.93,-1
2023-07-13,2023-07-13 13:40:00,269.67,269.67,269.46,269.46,-0.08,720.92,193980.93,-1
2023-07-13,2023-07-13 13:50:00,269.46,269.46,269.25,269.25,-0.08,720.92,193980.93,-1
2023-07-13,2023-07-13 14:00:00,269.25,269.25,269.04,269.04,-0.08,720.92,193980.93,-1
2023-07-13,2023-07-13 14:10:00,269.04,269.04,268.83,268.83,-0.08,720.92,193980.93,-1
2023-07-13,2023-07-13 14:20:00,268.83,268.83,268.62,268.62,-0.08,720.92,193980.93,-1
2023-07-13,2023-07-13 14:30:00,268.62,268.62,268.42,268.42,-0.07,720.92,193980.93,-1
2023-07-13,2023-07-13 14:40:00,268.42,268.42,268.21,268.21,-0.08,720.92,193980.93,-1
2023-07-13,2023-07-13 14:50:00,268.21,268.21,268.0,268.0,-0.08,720.92,193980.93,-1
2023-07-13,2023-07-13 15:00:00,268.0,278.0,261.3,268.0,0.0,720.92,193980.93,0
2023-07-16,2023-07-16 11:00:00,263.0,266.09,263.0,263.25,0.1,405.56,107354.98,1
2023-07-16,2023-07-16 11:10:00,263.25,263.5,263.25,263.5,0.09,405.56,107354.98,1
2023-07-16,2023-07-16 11:20:00,263.5,263.75,263.5,263.75,0.09,405.56,107354.98,1
2023-07-16,2023-07-16 11:30:00,263.75,264.0,263.75,264.0,0.09,405.56,107354.98,1
2023-07-16,2023-07-16 11:40:00,264.0,264.25,264.0,264.25,0.09,405.56,107354.98,1
2023-07-16,2023-07-16 11:50:00,264.25,264.5,264.25,264.5,0.09,405.56,107354.98,1
2023-07-16,2023-07-16 12:00:00,264.5,264.75,264.5,264.75,0.09,405.56,107354.98,1
2023-07-16,2023-07-16 12:10:00,264.75,265.0,264.75,265.0,0.09,405.56,107354.98,1
2023-07-16,2023-07-16 12:20:00,265.0,265.25,265.0,265.25,0.09,405.56,107354.98,1
2023-07-16,2023-07-16 12:30:00,265.25,265.5,265.25,265.5,0.09,405.56,107354.98,1
2023-07-16,2023-07-16 12:40:00,265.5,265.75,265.5,265.75,0.09,405.56,107354.98,1
2023-07-16,2023-07-16 12:50:00,265.75,266.0,265.75,266.0,0.09,405.56,107354.98,1
2023-07-16,2023-07-16 13:00:00,266.0,273.3,263.0,266.25,0.09,405.56,107354.98,1
2023-07-16,2023-07-16 13:10:00,266.25,266.5,266.25,266.5,0.09,405.56,107354.98,1
2023-07-16,2023-07-16 13:20:00,266.5,266.75,266.5,266.75,0.09,405.56,107354.98,1
2023-07-16,2023-07-16 13:30:00,266.75,267.0,266.75,267.0,0.09,405.56,107354.98,1
2023-07-16,2023-07-16 13:40:00,267.0,267.25,267.0,267.25,0.09,405.56,107354.98,1
2023-07-16,2023-07-16 13:50:00,267.25,267.5,267.25,267.5,0.09,405.56,107354.98,1
2023-07-16,2023-07-16 14:00:00,267.5,267.75,267.5,267.75,0.09,405.56,107354.98,1
2023-07-16,2023-07-16 14:10:00,267.75,268.0,267.75,268.0,0.09,405.56,107354.98,1
2023-07-16,2023-07-16 14:20:00,268.0,268.25,268.0,268.25,0.09,405.56,107354.98,1
2023-07-16,2023-07-16 14:30:00,268.25,268.5,268.25,268.5,0.09,405.56,107354.98,1
2023-07-16,2023-07-16 14:40:00,268.5,268.75,268.5,268.75,0.09,405.56,107354.98,1
2023-07-16,2023-07-16 14:50:00,268.75,269.0,268.75,269.0,0.09,405.56,107354.98,1
2023-07-16,2023-07-16 15:00:00,269.0,273.3,263.0,269.0,0.0,405.56,107354.98,0
2023-07-17,2023-07-17 11:00:00,264.0,265.89,264.0,264.17,0.06,446.04,118983.17,1
2023-07-17,2023-07-17 11:10:00,264.17,264.33,264.17,264.33,0.06,446.04,118983.17,1
2023-07-17,2023-07-17 11:20:00,264.33,264.5,264.33,264.5,0.06,446.04,118983.17,1
2023-07-17,2023-07-17 11:30:00,264.5,264.67,264.5,264.67,0.06,446.04,118983.17,1
2023-07-17,2023-07-17 11:40:00,264.67,264.83,264.67,264.83,0.06,446.04,118983.17,1
2023-07-17,2023-07-17 11:50:00,264.83,265.0,264.83,265.0,0.06,446.04,118983.17,1
2023-07-17,2023-07-17 12:00:00,265.0,265.17,265.0,265.17,0.06,446.04,118983.17,1
2023-07-17,2023-07-17 12:10:00,265.17,265.33,265.17,265.33,0.06,446.04,118983.17,1
2023-07-17,2023-07-17 12:20:00,265.33,265.5,265.33,265.5,0.06,446.04,118983.17,1
2023-07-17,2023-07-17 12:30:00,265.5,265.67,265.5,265.67,0.06,446.04,118983.17,1
2023-07-17,2023-07-17 12:40:00,265.67,265.83,265.67,265.83,0.06,446.04,118983.17,1
2023-07-17,2023-07-17 12:50:00,265.83,266.0,265.83,266.0,0.06,446.04,118983.17,1
2023-07-17,2023-07-17 13:00:00,266.0,270.3,264.0,266.17,0.06,446.04,118983.17,1
2023-07-17,2023-07-17 13:10:00,266.17,266.33,266.17,266.33,0.06,446.04,118983.17,1
2023-07-17,2023-07-17 13:20:00,266.33,266.5,266.33,266.5,0.06,446.04,118983.17,1
2023-07-17,2023-07-17 13:30:00,266.5,266.67,266.5,266.67,0.06,446.04,118983.17,1
2023-07-17,2023-07-17 13:40:00,266.67,266.83,266.67,266.83,0.06,446.04,118983.17,1
2023-07-17,2023-07-17 13:50:00,266.83,267.0,266.83,267.0,0.06,446.04,118983.17,1
2023-07-17,2023-07-17 14:00:00,267.0,267.17,267.0,267.17,0.06,446.04,118983.17,1
2023-07-17,2023-07-17 14:10:00,267.17,267.33,267.17,267.33,0.06,446.04,118983.17,1
2023-07-17,2023-07-17 14:20:00,267.33,267.5,267.33,267.5,0.06,446.04,118983.17,1
2023-07-17,2023-07-17 14:30:00,267.5,267.67,267.5,267.67,0.06,446.04,118983.17,1
2023-07-17,2023-07-17 14:40:00,267.67,267.83,267.67,267.83,0.06,446.04,118983.17,1
2023-07-17,2023-07-17 14:50:00,267.83,268.0,267.83,268.0,0.06,446.04,118983.17,1
2023-07-17,2023-07-17 15:00:00,268.0,270.3,264.0,268.0,0.0,446.04,118983.17,0
2023-07-18,2023-07-18 11:00:00,263.0,265.1,262.64,262.95,-0.02,364.04,96281.64,-1
2023-07-18,2023-07-18 11:10:00,262.95,262.95,262.9,262.9,-0.02,364.04,96281.64,-1
2023-07-18,2023-07-18 11:20:00,262.9,262.9,262.85,262.85,-0.02,364.04,96281.64,-1
2023-07-18,2023-07-18 11:30:00,262.85,262.85,262.8,262.8,-0.02,364.04,96281.64,-1
2023-07-18,2023-07-18 11:40:00,262.8,262.8,262.75,262.75,-0.02,364.04,96281.64,-1
2023-07-18,2023-07-18 11:50:00,262.75,262.75,262.7,262.7,-0.02,364.04,96281.64,-1
2023-07-18,2023-07-18 12:00:00,262.7,262.7,262.65,262.65,-0.02,364.04,96281.64,-1
2023-07-18,2023-07-18 12:10:00,262.65,262.65,262.6,262.6,-0.02,364.04,96281.64,-1
2023-07-18,2023-07-18 12:20:00,262.6,262.6,262.55,262.55,-0.02,364.04,96281.64,-1
2023-07-18,2023-07-18 12:30:00,262.55,262.55,262.5,262.5,-0.02,364.04,96281.64,-1
2023-07-18,2023-07-18 12:40:00,262.5,262.5,262.45,262.45,-0.02,364.04,96281.64,-1
2023-07-18,2023-07-18 12:50:00,262.45,262.45,262.4,262.4,-0.02,364.04,96281.64,-1
2023-07-18,2023-07-18 13:00:00,262.4,270.0,261.8,262.35,-0.02,364.04,96281.64,-1
2023-07-18,2023-07-18 13:10:00,262.35,262.35,262.3,262.3,-0.02,364.04,96281.64,-1
2023-07-18,2023-07-18 13:20:00,262.3,262.3,262.25,262.25,-0.02,364.04,96281.64,-1
2023-07-18,2023-07-18 13:30:00,262.25,262.25,262.2,262.2,-0.02,364.04,96281.64,-1
2023-07-18,2023-07-18 13:40:00,262.2,262.2,262.15,262.15,-0.02,364.04,96281.64,-1
2023-07-18,2023-07-18 13:50:00,262.15,262.15,262.1,262.1,-0.02,364.04,96281.64,-1
2023-07-18,2023-07-18 14:00:00,262.1,262.1,262.05,262.05,-0.02,364.04,96281.64,-1
2023-07-18,2023-07-18 14:10:00,262.05,262.05,262.0,262.0,-0.02,364.04,96281.64,-1
2023-07-18,2023-07-18 14:20:00,262.0,262.0,261.95,261.95,-0.02,364.04,96281.64,-1
2023-07-18,2023-07-18 14:30:00,261.95,261.95,261.9,261.9,-0.02,364.04,96281.64,-1
2023-07-18,2023-07-18 14:40:00,261.9,261.9,261.85,261.85,-0.02,364.04,96281.64,-1
2023-07-18,2023-07-18 14:50:00,261.85,261.85,261.8,261.8,-0.02,364.04,96281.64,-1
2023-07-18,2023-07-18 15:00:00,261.8,270.0,261.8,261.8,0.0,364.04,96281.64,0
2023-07-19,2023-07-19 11:00:00,257.0,259.4,257.0,257.12,0.05,483.08,125558.7,1
2023-07-19,2023-07-19 11:10:00,257.12,257.25,257.12,257.25,0.05,483.08,125558.7,1
2023-07-19,2023-07-19 11:20:00,257.25,257.38,257.25,257.38,0.05,483.08,125558.7,1
2023-07-19,2023-07-19 11:30:00,257.38,257.5,257.38,257.5,0.05,483.08,125558.7,1
2023-07-19,2023-07-19 11:40:00,257.5,257.62,257.5,257.62,0.05,483.08,125558.7,1
2023-07-19,2023-07-19 11:50:00,257.62,257.75,257.62,257.75,0.05,483.08,125558.7,1
2023-07-19,2023-07-19 12:00:00,257.75,257.88,257.75,257.88,0.05,483.08,125558.7,1
2023-07-19,2023-07-19 12:10:00,257.88,258.0,257.88,258.0,0.05,483.08,125558.7,1
2023-07-19,2023-07-19 12:20:00,258.0,258.12,258.0,258.12,0.05,483.08,125558.7,1
2023-07-19,2023-07-19 12:30:00,258.12,258.25,258.12,258.25,0.05,483.08,125558.7,1
2023-07-19,2023-07-19 12:40:00,258.25,258.38,258.25,258.38,0.05,483.08,125558.7,1
2023-07-19,2023-07-19 12:50:00,258.38,258.5,258.38,258.5,0.05,483.08,125558.7,1
2023-07-19,2023-07-19 13:00:00,258.5,265.0,257.0,258.62,0.05,483.08,125558.7,1
2023-07-19,2023-07-19 13:10:00,258.62,258.75,258.62,258.75,0.05,483.08,125558.7,1
2023-07-19,2023-07-19 13:20:00,258.75,258.88,258.75,258.88,0.05,483.08,125558.7,1
2023-07-19,2023-07-19 13:30:00,258.88,259.0,258.88,259.0,0.05,483.08,125558.7,1
2023-07-19,2023-07-19 13:40:00,259.0,259.12,259.0,259.12,0.05,483.08,125558.7,1
2023-07-19,2023-07-19 13:50:00,259.12,259.25,259.12,259.25,0.05,483.08,125558.7,1
2023-07-19,2023-07-19 14:00:00,259.25,259.38,259.25,259.38,0.05,483.08,125558.7,1
2023-07-19,2023-07-19 14:10:00,259.38,259.5,259.38,259.5,0.05,483.08,125558.7,1
2023-07-19,2023-07-19 14:20:00,259.5,259.62,259.5,259.62,0.05,483.08,125558.7,1
2023-07-19,2023-07-19 14:30:00,259.62,259.75,259.62,259.75,0.05,483.08,125558.7,1
2023-07-19,2023-07-19 14:40:00,259.75,259.88,259.75,259.88,0.05,483.08,125558.7,1
2023-07-19,2023-07-19 14:50:00,259.88,260.0,259.88,260.0,0.05,483.08,125558.7,1
2023-07-19,2023-07-19 15:00:00,260.0,265.0,257.0,260.0,0.0,483.08,125558.7,0
2023-07-20,2023-07-20 11:00:00,255.8,258.89,255.8,256.14,0.13,296.6,77114.06,1
2023-07-20,2023-07-20 11:10:00,256.14,256.48,256.14,256.48,0.13,296.6,77114.06,1
2023-07-20,2023-07-20 11:20:00,256.48,256.82,256.48,256.82,0.13,296.6,77114.06,1
2023-07-20,2023-07-20 11:30:00,256.82,257.17,256.82,257.17,0.14,296.6,77114.06,1
2023-07-20,2023-07-20 11:40:00,257.17,257.51,257.17,257.51,0.13,296.6,77114.06,1
2023-07-20,2023-07-20 11:50:00,257.51,257.85,257.51,257.85,0.13,296.6,77114.06,1
2023-07-20,2023-07-20 12:00:00,257.85,258.19,257.85,258.19,0.13,296.6,77114.06,1
2023-07-20,2023-07-20 12:10:00,258.19,258.53,258.19,258.53,0.13,296.6,77114.06,1
2023-07-20,2023-07-20 12:20:00,258.53,258.88,258.53,258.88,0.14,296.6,77114.06,1
2023-07-20,2023-07-20 12:30:00,258.88,259.22,258.88,259.22,0.13,296.6,77114.06,1
2023-07-20,2023-07-20 12:40:00,259.22,259.56,259.22,259.56,0.13,296.6,77114.06,1
2023-07-20,2023-07-20 12:50:00,259.56,259.9,259.56,259.9,0.13,296.6,77114.06,1
2023-07-20,2023-07-20 13:00:00,259.9,266.1,255.8,260.24,0.13,296.6,77114.06,1
2023-07-20,2023-07-20 13:10:00,260.24,260.58,260.24,260.58,0.13,296.6,77114.06,1
2023-07-20,2023-07-20 13:20:00,260.58,260.93,260.58,260.93,0.13,296.6,77114.06,1
2023-07-20,2023-07-20 13:30:00,260.93,261.27,260.93,261.27,0.13,296.6,77114.06,1
2023-07-20,2023-07-20 13:40:00,261.27,261.61,261.27,261.61,0.13,296.6,77114.06,1
2023-07-20,2023-07-20 13:50:00,261.61,261.95,261.61,261.95,0.13,296.6,77114.06,1
2023-07-20,2023-07-20 14:00:00,261.95,262.29,261.95,262.29,0.13,296.6,77114.06,1
2023-07-20,2023-07-20 14:10:00,262.29,262.63,262.29,262.63,0.13,296.6,77114.06,1
2023-07-20,2023-07-20 14:20:00,262.63,262.98,262.63,262.98,0.13,296.6,77114.06,1
2023-07-20,2023-07-20 14:30:00,262.98,263.32,262.98,263.32,0.13,296.6,77114.06,1
2023-07-20,2023-07-20 14:40:00,263.32,263.66,263.32,263.66,0.13,296.6,77114.06,1
2023-07-20,2023-07-20 14:50:00,263.66,264.0,263.66,264.0,0.13,296.6,77114.06,1
2023-07-20,2023-07-20 15:00:00,264.0,266.1,255.8,264.0,0.0,296.6,77114.06,0
2023-07-23,2023-07-23 11:00:00,258.8,262.22,257.27,259.28,0.19,727.32,194915.19,1
2023-07-23,2023-07-23 11:10:00,259.28,259.75,259.28,259.75,0.18,727.32,194915.19,1
2023-07-23,2023-07-23 11:20:00,259.75,260.23,259.75,260.23,0.18,727.32,194915.19,1
2023-07-23,2023-07-23 11:30:00,260.23,260.7,260.23,260.7,0.18,727.32,194915.19,1
2023-07-23,2023-07-23 11:40:00,260.7,261.18,260.7,261.18,0.18,727.32,194915.19,1
2023-07-23,2023-07-23 11:50:00,261.18,261.65,261.18,261.65,0.18,727.32,194915.19,1
2023-07-23,2023-07-23 12:00:00,261.65,262.12,261.65,262.12,0.18,727.32,194915.19,1
2023-07-23,2023-07-23 12:10:00,262.12,262.6,262.12,262.6,0.18,727.32,194915.19,1
2023-07-23,2023-07-23 12:20:00,262.6,263.07,262.6,263.07,0.18,727.32,194915.19,1
2023-07-23,2023-07-23 12:30:00,263.07,263.55,263.07,263.55,0.18,727.32,194915.19,1
2023-07-23,2023-07-23 12:40:00,263.55,264.02,263.55,264.02,0.18,727.32,194915.19,1
2023-07-23,2023-07-23 12:50:00,264.02,264.5,264.02,264.5,0.18,727.32,194915.19,1
2023-07-23,2023-07-23 13:00:00,264.5,270.2,253.7,264.98,0.18,727.32,194915.19,1
2023-07-23,2023-07-23 13:10:00,264.98,265.45,264.98,265.45,0.18,727.32,194915.19,1
2023-07-23,2023-07-23 13:20:00,265.45,265.93,265.45,265.93,0.18,727.32,194915.19,1
2023-07-23,2023-07-23 13:30:00,265.93,266.4,265.93,266.4,0.18,727.32,194915.19,1
2023-07-23,2023-07-23 13:40:00,266.4,266.88,266.4,266.88,0.18,727.32,194915.19,1
2023-07-23,2023-07-23 13:50:00,266.88,267.35,266.88,267.35,0.18,727.32,194915.19,1
2023-07-23,2023-07-23 14:00:00,267.35,267.82,267.35,267.82,0.18,727.32,194915.19,1
2023-07-23,2023-07-23 14:10:00,267.82,268.3,267.82,268.3,0.18,727.32,194915.19,1
2023-07-23,2023-07-23 14:20:00,268.3,268.77,268.3,268.77,0.18,727.32,194915.19,1
2023-07-23,2023-07-23 14:30:00,268.77,269.25,268.77,269.25,0.18,727.32,194915.19,1
2023-07-23,2023-07-23 14:40:00,269.25,269.72,269.25,269.72,0.17,727.32,194915.19,1
2023-07-23,2023-07-23 14:50:00,269.72,270.2,269.72,270.2,0.18,727.32,194915.19,1
2023-07-23,2023-07-23 15:00:00,270.2,270.2,253.7,270.2,0.0,727.32,194915.19,0
2023-07-24,2023-07-24 11:00:00,275.0,275.0,270.5,274.54,-0.17,406.4,108203.28,-1
2023-07-24,2023-07-24 11:10:00,274.54,274.54,274.08,274.08,-0.17,406.4,108203.28,-1
2023-07-24,2023-07-24 11:20:00,274.08,274.08,273.62,273.62,-0.17,406.4,108203.28,-1
2023-07-24,2023-07-24 11:30:00,273.62,273.62,273.17,273.17,-0.16,406.4,108203.28,-1
2023-07-24,2023-07-24 11:40:00,273.17,273.17,272.71,272.71,-0.17,406.4,108203.28,-1
2023-07-24,2023-07-24 11:50:00,272.71,272.71,272.25,272.25,-0.17,406.4,108203.28,-1
2023-07-24,2023-07-24 12:00:00,272.25,272.25,271.79,271.79,-0.17,406.4,108203.28,-1
2023-07-24,2023-07-24 12:10:00,271.79,271.79,271.33,271.33,-0.17,406.4,108203.28,-1
2023-07-24,2023-07-24 12:20:00,271.33,271.33,270.88,270.88,-0.17,406.4,108203.28,-1
2023-07-24,2023-07-24 12:30:00,270.88,270.88,270.42,270.42,-0.17,406.4,108203.28,-1
2023-07-24,2023-07-24 12:40:00,270.42,270.42,269.96,269.96,-0.17,406.4,108203.28,-1
2023-07-24,2023-07-24 12:50:00,269.96,269.96,269.5,269.5,-0.17,406.4,108203.28,-1
2023-07-24,2023-07-24 13:00:00,269.5,275.0,260.0,269.04,-0.17,406.4,108203.28,-1
2023-07-24,2023-07-24 13:10:00,269.04,269.04,268.58,268.58,-0.17,406.4,108203.28,-1
2023-07-24,2023-07-24 13:20:00,268.58,268.58,268.12,268.12,-0.17,406.4,108203.28,-1
2023-07-24,2023-07-24 13:30:00,268.12,268.12,267.67,267.67,-0.17,406.4,108203.28,-1
2023-07-24,2023-07-24 13:40:00,267.67,267.67,267.21,267.21,-0.17,406.4,108203.28,-1
2023-07-24,2023-07-24 13:50:00,267.21,267.21,266.75,266.75,-0.17,406.4,108203.28,-1
2023-07-24,2023-07-24 14:00:00,266.75,266.75,266.29,266.29,-0.17,406.4,108203.28,-1
2023-07-24,2023-07-24 14:10:00,266.29,266.29,265.83,265.83,-0.17,406.4,108203.28,-1
2023-07-24,2023-07-24 14:20:00,265.83,265.83,265.38,265.38,-0.17,406.4,108203.28,-1
2023-07-24,2023-07-24 14:30:00,265.38,265.38,264.92,264.92,-0.17,406.4,108203.28,-1
2023-07-24,2023-07-24 14:40:00,264.92,264.92,264.46,264.46,-0.17,406.4,108203.28,-1
2023-07-24,2023-07-24 14:50:00,264.46,264.46,264.0,264.0,-0.17,406.4,108203.28,-1
2023-07-24,2023-07-24 15:00:00,264.0,275.0,260.0,264.0,0.0,406.4,108203.28,0
2023-07-25,2023-07-25 11:00:00,260.0,262.4,260.0,260.05,0.02,326.28,85968.87,1
2023-07-25,2023-07-25 11:10:00,260.05,260.11,260.05,260.11,0.02,326.28,85968.87,1
2023-07-25,2023-07-25 11:20:00,260.11,260.16,260.11,260.16,0.02,326.28,85968.87,1
2023-07-25,2023-07-25 11:30:00,260.16,260.22,260.16,260.22,0.02,326.28,85968.87,1
2023-07-25,2023-07-25 11:40:00,260.22,260.27,260.22,260.27,0.02,326.28,85968.87,1
2023-07-25,2023-07-25 11:50:00,260.27,260.32,260.27,260.32,0.02,326.28,85968.87,1
2023-07-25,2023-07-25 12:00:00,260.32,260.38,260.32,260.38,0.02,326.28,85968.87,1
2023-07-25,2023-07-25 12:10:00,260.38,260.43,260.38,260.43,0.02,326.28,85968.87,1
2023-07-25,2023-07-25 12:20:00,260.43,260.49,260.43,260.49,0.02,326.28,85968.87,1
2023-07-25,2023-07-25 12:30:00,260.49,260.54,260.49,260.54,0.02,326.28,85968.87,1
2023-07-25,2023-07-25 12:40:00,260.54,260.6,260.54,260.6,0.02,326.28,85968.87,1
2023-07-25,2023-07-25 12:50:00,260.6,260.65,260.6,260.65,0.02,326.28,85968.87,1
2023-07-25,2023-07-25 13:00:00,260.65,268.0,260.0,260.7,0.02,326.28,85968.87,1
2023-07-25,2023-07-25 13:10:00,260.7,260.76,260.7,260.76,0.02,326.28,85968.87,1
2023-07-25,2023-07-25 13:20:00,260.76,260.81,260.76,260.81,0.02,326.28,85968.87,1
2023-07-25,2023-07-25 13:30:00,260.81,260.87,260.81,260.87,0.02,326.28,85968.87,1
2023-07-25,2023-07-25 13:40:00,260.87,260.92,260.87,260.92,0.02,326.28,85968.87,1
2023-07-25,2023-07-25 13:50:00,260.92,260.98,260.92,260.98,0.02,326.28,85968.87,1
2023-07-25,2023-07-25 14:00:00,260.98,261.03,260.98,261.03,0.02,326.28,85968.87,1
2023-07-25,2023-07-25 14:10:00,261.03,261.08,261.03,261.08,0.02,326.28,85968.87,1
2023-07-25,2023-07-25 14:20:00,261.08,261.14,261.08,261.14,0.02,326.28,85968.87,1
2023-07-25,2023-07-25 14:30:00,261.14,261.19,261.14,261.19,0.02,326.28,85968.87,1
2023-07-25,2023-07-25 14:40:00,261.19,261.25,261.19,261.25,0.02,326.28,85968.87,1
2023-07-25,2023-07-25 14:50:00,261.25,261.3,261.25,261.3,0.02,326.28,85968.87,1
2023-07-25,2023-07-25 15:00:00,261.3,268.0,260.0,261.3,0.0,326.28,85968.87,0
2023-07-26,2023-07-26 11:00:00,258.0,262.65,258.0,258.08,0.03,484.84,126419.66,1
2023-07-26,2023-07-26 11:10:00,258.08,258.17,258.08,258.17,0.03,484.84,126419.66,1
2023-07-26,2023-07-26 11:20:00,258.17,258.25,258.17,258.25,0.03,484.84,126419.66,1
2023-07-26,2023-07-26 11:30:00,258.25,258.33,258.25,258.33,0.03,484.84,126419.66,1
2023-07-26,2023-07-26 11:40:00,258.33,258.42,258.33,258.42,0.03,484.84,126419.66,1
2023-07-26,2023-07-26 11:50:00,258.42,258.5,258.42,258.5,0.03,484.84,126419.66,1
2023-07-26,2023-07-26 12:00:00,258.5,258.58,258.5,258.58,0.03,484.84,126419.66,1
2023-07-26,2023-07-26 12:10:00,258.58,258.67,258.58,258.67,0.03,484.84,126419.66,1
2023-07-26,2023-07-26 12:20:00,258.67,258.75,258.67,258.75,0.03,484.84,126419.66,1
2023-07-26,2023-07-26 12:30:00,258.75,258.83,258.75,258.83,0.03,484.84,126419.66,1
2023-07-26,2023-07-26 12:40:00,258.83,258.92,258.83,258.92,0.03,484.84,126419.66,1
2023-07-26,2023-07-26 12:50:00,258.92,259.0,258.92,259.0,0.03,484.84,126419.66,1
2023-07-26,2023-07-26 13:00:00,259.0,273.5,258.0,259.08,0.03,484.84,126419.66,1
2023-07-26,2023-07-26 13:10:00,259.08,259.17,259.08,259.17,0.03,484.84,126419.66,1
2023-07-26,2023-07-26 13:20:00,259.17,259.25,259.17,259.25,0.03,484.84,126419.66,1
2023-07-26,2023-07-26 13:30:00,259.25,259.33,259.25,259.33,0.03,484.84,126419.66,1
2023-07-26,2023-07-26 13:40:00,259.33,259.42,259.33,259.42,0.03,484.84,126419.66,1
2023-07-26,2023-07-26 13:50:00,259.42,259.5,259.42,259.5,0.03,484.84,126419.66,1
2023-07-26,2023-07-26 14:00:00,259.5,259.58,259.5,259.58,0.03,484.84,126419.66,1
2023-07-26,2023-07-26 14:10:00,259.58,259.67,259.58,259.67,0.03,484.84,126419.66,1
2023-07-26,2023-07-26 14:20:00,259.67,259.75,259.67,259.75,0.03,484.84,126419.66,1
2023-07-26,2023-07-26 14:30:00,259.75,259.83,259.75,259.83,0.03,484.84,126419.66,1
2023-07-26,2023-07-26 14:40:00,259.83,259.92,259.83,259.92,0.03,484.84,126419.66,1
2023-07-26,2023-07-26 14:50:00,259.92,260.0,259.92,260.0,0.03,484.84,126419.66,1
2023-07-26,2023-07-26 15:00:00,260.0,273.5,258.0,260.0,0.0,484.84,126419.66,0
2023-07-27,2023-07-27 11:00:00,258.0,259.5,256.77,257.83,-0.07,612.12,157134.47,-1
2023-07-27,2023-07-27 11:10:00,257.83,257.83,257.67,257.67,-0.06,612.12,157134.47,-1
2023-07-27,2023-07-27 11:20:00,257.67,257.67,257.5,257.5,-0.07,612.12,157134.47,-1
2023-07-27,2023-07-27 11:30:00,257.5,257.5,257.33,257.33,-0.07,612.12,157134.47,-1
2023-07-27,2023-07-27 11:40:00,257.33,257.33,257.17,257.17,-0.06,612.12,157134.47,-1
2023-07-27,2023-07-27 11:50:00,257.17,257.17,257.0,257.0,-0.07,612.12,157134.47,-1
2023-07-27,2023-07-27 12:00:00,257.0,257.0,256.83,256.83,-0.07,612.12,157134.47,-1
2023-07-27,2023-07-27 12:10:00,256.83,256.83,256.67,256.67,-0.06,612.12,157134.47,-1
2023-07-27,2023-07-27 12:20:00,256.67,256.67,256.5,256.5,-0.07,612.12,157134.47,-1
2023-07-27,2023-07-27 12:30:00,256.5,256.5,256.33,256.33,-0.07,612.12,157134.47,-1
2023-07-27,2023-07-27 12:40:00,256.33,256.33,256.17,256.17,-0.06,612.12,157134.47,-1
2023-07-27,2023-07-27 12:50:00,256.17,256.17,256.0,256.0,-0.07,612.12,157134.47,-1
2023-07-27,2023-07-27 13:00:00,256.0,263.0,253.9,255.83,-0.07,612.12,157134.47,-1
2023-07-27,2023-07-27 13:10:00,255.83,255.83,255.67,255.67,-0.06,612.12,157134.47,-1
2023-07-27,2023-07-27 13:20:00,255.67,255.67,255.5,255.5,-0.07,612.12,157134.47,-1
2023-07-27,2023-07-27 13:30:00,255.5,255.5,255.33,255.33,-0.07,612.12,157134.47,-1
2023-07-27,2023-07-27 13:40:00,255.33,255.33,255.17,255.17,-0.06,612.12,157134.47,-1
2023-07-27,2023-07-27 13:50:00,255.17,255.17,255.0,255.0,-0.07,612.12,157134.47,-1
2023-07-27,2023-07-27 14:00:00,255.0,255.0,254.83,254.83,-0.07,612.12,157134.47,-1
2023-07-27,2023-07-27 14:10:00,254.83,254.83,254.67,254.67,-0.06,612.12,157134.47,-1
2023-07-27,2023-07-27 14:20:00,254.67,254.67,254.5,254.5,-0.07,612.12,157134.47,-1
2023-07-27,2023-07-27 14:30:00,254.5,254.5,254.33,254.33,-0.07,612.12,157134.47,-1
2023-07-27,2023-07-27 14:40:00,254.33,254.33,254.17,254.17,-0.06,612.12,157134.47,-1
2023-07-27,2023-07-27 14:50:00,254.17,254.17,254.0,254.0,-0.07,612.12,157134.47,-1
2023-07-27,2023-07-27 15:00:00,254.0,263.0,253.9,254.0,0.0,612.12,157134.47,0
2023-07-30,2023-07-30 11:00:00,259.0,259.0,256.63,258.79,-0.08,341.32,86455.32,-1
2023-07-30,2023-07-30 11:10:00,258.79,258.79,258.58,258.58,-0.08,341.32,86455.32,-1
2023-07-30,2023-07-30 11:20:00,258.58,258.58,258.38,258.38,-0.08,341.32,86455.32,-1
2023-07-30,2023-07-30 11:30:00,258.38,258.38,258.17,258.17,-0.08,341.32,86455.32,-1
2023-07-30,2023-07-30 11:40:00,258.17,258.17,257.96,257.96,-0.08,341.32,86455.32,-1
2023-07-30,2023-07-30 11:50:00,257.96,257.96,257.75,257.75,-0.08,341.32,86455.32,-1
2023-07-30,2023-07-30 12:00:00,257.75,257.75,257.54,257.54,-0.08,341.32,86455.32,-1
2023-07-30,2023-07-30 12:10:00,257.54,257.54,257.33,257.33,-0.08,341.32,86455.32,-1
2023-07-30,2023-07-30 12:20:00,257.33,257.33,257.12,257.12,-0.08,341.32,86455.32,-1
2023-07-30,2023-07-30 12:30:00,257.12,257.12,256.92,256.92,-0.08,341.32,86455.32,-1
2023-07-30,2023-07-30 12:40:00,256.92,256.92,256.71,256.71,-0.08,341.32,86455.32,-1
2023-07-30,2023-07-30 12:50:00,256.71,256.71,256.5,256.5,-0.08,341.32,86455.32,-1
2023-07-30,2023-07-30 13:00:00,256.5,259.0,251.1,256.29,-0.08,341.32,86455.32,-1
2023-07-30,2023-07-30 13:10:00,256.29,256.29,256.08,256.08,-0.08,341.32,86455.32,-1
2023-07-30,2023-07-30 13:20:00,256.08,256.08,255.88,255.88,-0.08,341.32,86455.32,-1
2023-07-30,2023-07-30 13:30:00,255.88,255.88,255.67,255.67,-0.08,341.32,86455.32,-1
2023-07-30,2023-07-30 13:40:00,255.67,255.67,255.46,255.46,-0.08,341.32,86455.32,-1
2023-07-30,2023-07-30 13:50:00,255.46,255.46,255.25,255.25,-0.08,341.32,86455.32,-1
2023-07-30,2023-07-30 14:00:00,255.25,255.25,255.04,255.04,-0.08,341.32,86455.32,-1
2023-07-30,2023-07-30 14:10:00,255.04,255.04,254.83,254.83,-0.08,341.32,86455.32,-1
2023-07-30,2023-07-30 14:20:00,254.83,254.83,254.62,254.62,-0.08,341.32,86455.32,-1
2023-07-30,2023-07-30 14:30:00,254.62,254.62,254.42,254.42,-0.08,341.32,86455.32,-1
2023-07-30,2023-07-30 14:40:00,254.42,254.42,254.21,254.21,-0.08,341.32,86455.32,-1
2023-07-30,2023-07-30 14:50:00,254.21,254.21,254.0,254.0,-0.08,341.32,86455.32,-1
2023-07-30,2023-07-30 15:00:00,254.0,259.0,251.1,254.0,0.0,341.32,86455.32,0
2023-07-31,2023-07-31 11:00:00,250.0,252.67,250.0,250.37,0.15,308.6,78625.1,1
2023-07-31,2023-07-31 11:10:00,250.37,250.74,250.37,250.74,0.15,308.6,78625.1,1
2023-07-31,2023-07-31 11:20:00,250.74,251.11,250.74,251.11,0.15,308.6,78625.1,1
2023-07-31,2023-07-31 11:30:00,251.11,251.48,251.11,251.48,0.15,308.6,78625.1,1
2023-07-31,2023-07-31 11:40:00,251.48,251.85,251.48,251.85,0.15,308.6,78625.1,1
2023-07-31,2023-07-31 11:50:00,251.85,252.22,251.85,252.22,0.15,308.6,78625.1,1
2023-07-31,2023-07-31 12:00:00,252.22,252.6,252.22,252.6,0.15,308.6,78625.1,1
2023-07-31,2023-07-31 12:10:00,252.6,252.97,252.6,252.97,0.15,308.6,78625.1,1
2023-07-31,2023-07-31 12:20:00,252.97,253.34,252.97,253.34,0.15,308.6,78625.1,1
2023-07-31,2023-07-31 12:30:00,253.34,253.71,253.34,253.71,0.15,308.6,78625.1,1
2023-07-31,2023-07-31 12:40:00,253.71,254.08,253.71,254.08,0.15,308.6,78625.1,1
2023-07-31,2023-07-31 12:50:00,254.08,254.45,254.08,254.45,0.15,308.6,78625.1,1
2023-07-31,2023-07-31 13:00:00,254.45,258.9,250.0,254.82,0.15,308.6,78625.1,1
2023-07-31,2023-07-31 13:10:00,254.82,255.19,254.82,255.19,0.15,308.6,78625.1,1
2023-07-31,2023-07-31 13:20:00,255.19,255.56,255.19,255.56,0.14,308.6,78625.1,1
2023-07-31,2023-07-31 13:30:00,255.56,255.93,255.56,255.93,0.14,308.6,78625.1,1
2023-07-31,2023-07-31 13:40:00,255.93,256.3,255.93,256.3,0.14,308.6,78625.1,1
2023-07-31,2023-07-31 13:50:00,256.3,256.67,256.3,256.67,0.14,308.6,78625.1,1
2023-07-31,2023-07-31 14:00:00,256.67,257.05,256.67,257.05,0.15,308.6,78625.1,1
2023-07-31,2023-07-31 14:10:00,257.05,257.42,257.05,257.42,0.14,308.6,78625.1,1
2023-07-31,2023-07-31 14:20:00,257.42,257.79,257.42,257.79,0.14,308.6,78625.1,1
2023-07-31,2023-07-31 14:30:00,257.79,258.16,257.79,258.16,0.14,308.6,78625.1,1
2023-07-31,2023-07-31 14:40:00,258.16,258.53,258.16,258.53,0.14,308.6,78625.1,1
2023-07-31,2023-07-31 14:50:00,258.53,258.9,258.53,258.9,0.14,308.6,78625.1,1
2023-07-31,2023-07-31 15:00:00,258.9,258.9,250.0,258.9,0.0,308.6,78625.1,0
2023-08-01,2023-08-01 11:00:00,254.0,255.89,252.2,253.75,-0.1,804.48,203727.39,-1
2023-08-01,2023-08-01 11:10:00,253.75,253.75,253.5,253.5,-0.1,804.48,203727.39,-1
2023-08-01,2023-08-01 11:20:00,253.5,253.5,253.25,253.25,-0.1,804.48,203727.39,-1
2023-08-01,2023-08-01 11:30:00,253.25,253.25,253.0,253.0,-0.1,804.48,203727.39,-1
2023-08-01,2023-08-01 11:40:00,253.0,253.0,252.75,252.75,-0.1,804.48,203727.39,-1
2023-08-01,2023-08-01 11:50:00,252.75,252.75,252.5,252.5,-0.1,804.48,203727.39,-1
2023-08-01,2023-08-01 12:00:00,252.5,252.5,252.25,252.25,-0.1,804.48,203727.39,-1
2023-08-01,2023-08-01 12:10:00,252.25,252.25,252.0,252.0,-0.1,804.48,203727.39,-1
2023-08-01,2023-08-01 12:20:00,252.0,252.0,251.75,251.75,-0.1,804.48,203727.39,-1
2023-08-01,2023-08-01 12:30:00,251.75,251.75,251.5,251.5,-0.1,804.48,203727.39,-1
2023-08-01,2023-08-01 12:40:00,251.5,251.5,251.25,251.25,-0.1,804.48,203727.39,-1
2023-08-01,2023-08-01 12:50:00,251.25,251.25,251.0,251.0,-0.1,804.48,203727.39,-1
2023-08-01,2023-08-01 13:00:00,251.0,260.3,248.0,250.75,-0.1,804.48,203727.39,-1
2023-08-01,2023-08-01 13:10:00,250.75,250.75,250.5,250.5,-0.1,804.48,203727.39,-1
2023-08-01,2023-08-01 13:20:00,250.5,250.5,250.25,250.25,-0.1,804.48,203727.39,-1
2023-08-01,2023-08-01 13:30:00,250.25,250.25,250.0,250.0,-0.1,804.48,203727.39,-1
2023-08-01,2023-08-01 13:40:00,250.0,250.0,249.75,249.75,-0.1,804.48,203727.39,-1
2023-08-01,2023-08-01 13:50:00,249.75,249.75,249.5,249.5,-0.1,804.48,203727.39,-1
2023-08-01,2023-08-01 14:00:00,249.5,249.5,249.25,249.25,-0.1,804.48,203727.39,-1
2023-08-01,2023-08-01 14:10:00,249.25,249.25,249.0,249.0,-0.1,804.48,203727.39,-1
2023-08-01,2023-08-01 14:20:00,249.0,249.0,248.75,248.75,-0.1,804.48,203727.39,-1
2023-08-01,2023-08-01 14:30:00,248.75,248.75,248.5,248.5,-0.1,804.48,203727.39,-1
2023-08-01,2023-08-01 14:40:00,248.5,248.5,248.25,248.25,-0.1,804.48,203727.39,-1
2023-08-01,2023-08-01 14:50:00,248.25,248.25,248.0,248.0,-0.1,804.48,203727.39,-1
2023-08-01,2023-08-01 15:00:00,248.0,260.3,248.0,248.0,0.0,804.48,203727.39,0
2023-08-02,2023-08-02 11:00:00,251.0,252.2,249.53,250.92,-0.03,491.76,122905.18,-1
2023-08-02,2023-08-02 11:10:00,250.92,250.92,250.83,250.83,-0.04,491.76,122905.18,-1
2023-08-02,2023-08-02 11:20:00,250.83,250.83,250.75,250.75,-0.03,491.76,122905.18,-1
2023-08-02,2023-08-02 11:30:00,250.75,250.75,250.67,250.67,-0.03,491.76,122905.18,-1
2023-08-02,2023-08-02 11:40:00,250.67,250.67,250.58,250.58,-0.04,491.76,122905.18,-1
2023-08-02,2023-08-02 11:50:00,250.58,250.58,250.5,250.5,-0.03,491.76,122905.18,-1
2023-08-02,2023-08-02 12:00:00,250.5,250.5,250.42,250.42,-0.03,491.76,122905.18,-1
2023-08-02,2023-08-02 12:10:00,250.42,250.42,250.33,250.33,-0.04,491.76,122905.18,-1
2023-08-02,2023-08-02 12:20:00,250.33,250.33,250.25,250.25,-0.03,491.76,122905.18,-1
2023-08-02,2023-08-02 12:30:00,250.25,250.25,250.17,250.17,-0.03,491.76,122905.18,-1
2023-08-02,2023-08-02 12:40:00,250.17,250.17,250.08,250.08,-0.04,491.76,122905.18,-1
2023-08-02,2023-08-02 12:50:00,250.08,250.08,250.0,250.0,-0.03,491.76,122905.18,-1
2023-08-02,2023-08-02 13:00:00,250.0,255.0,246.1,249.92,-0.03,491.76,122905.18,-1
2023-08-02,2023-08-02 13:10:00,249.92,249.92,249.83,249.83,-0.04,491.76,122905.18,-1
2023-08-02,2023-08-02 13:20:00,249.83,249.83,249.75,249.75,-0.03,491.76,122905.18,-1
2023-08-02,2023-08-02 13:30:00,249.75,249.75,249.67,249.67,-0.03,491.76,122905.18,-1
2023-08-02,2023-08-02 13:40:00,249.67,249.67,249.58,249.58,-0.04,491.76,122905.18,-1
2023-08-02,2023-08-02 13:50:00,249.58,249.58,249.5,249.5,-0.03,491.76,122905.18,-1
2023-08-02,2023-08-02 14:00:00,249.5,249.5,249.42,249.42,-0.03,491.76,122905.18,-1
2023-08-02,2023-08-02 14:10:00,249.42,249.42,249.33,249.33,-0.04,491.76,122905.18,-1
2023-08-02,2023-08-02 14:20:00,249.33,249.33,249.25,249.25,-0.03,491.76,122905.18,-1
2023-08-02,2023-08-02 14:30:00,249.25,249.25,249.17,249.17,-0.03,491.76,122905.18,-1
2023-08-02,2023-08-02 14:40:00,249.17,249.17,249.08,249.08,-0.04,491.76,122905.18,-1
2023-08-02,2023-08-02 14:50:00,249.08,249.08,249.0,249.0,-0.03,491.76,122905.18,-1
2023-08-02,2023-08-02 15:00:00,249.0,255.0,246.1,249.0,0.0,491.76,122905.18,0
2023-08-03,2023-08-03 11:00:00,248.0,249.8,247.4,248.04,0.02,329.32,82100.83,1
2023-08-03,2023-08-03 11:10:00,248.04,248.08,248.04,248.08,0.02,329.32,82100.83,1
2023-08-03,2023-08-03 11:20:00,248.08,248.12,248.08,248.12,0.02,329.32,82100.83,1
2023-08-03,2023-08-03 11:30:00,248.12,248.17,248.12,248.17,0.02,329.32,82100.83,1
2023-08-03,2023-08-03 11:40:00,248.17,248.21,248.17,248.21,0.02,329.32,82100.83,1
2023-08-03,2023-08-03 11:50:00,248.21,248.25,248.21,248.25,0.02,329.32,82100.83,1
2023-08-03,2023-08-03 12:00:00,248.25,248.29,248.25,248.29,0.02,329.32,82100.83,1
2023-08-03,2023-08-03 12:10:00,248.29,248.33,248.29,248.33,0.02,329.32,82100.83,1
2023-08-03,2023-08-03 12:20:00,248.33,248.38,248.33,248.38,0.02,329.32,82100.83,1
2023-08-03,2023-08-03 12:30:00,248.38,248.42,248.38,248.42,0.02,329.32,82100.83,1
2023-08-03,2023-08-03 12:40:00,248.42,248.46,248.42,248.46,0.02,329.32,82100.83,1
2023-08-03,2023-08-03 12:50:00,248.46,248.5,248.46,248.5,0.02,329.32,82100.83,1
2023-08-03,2023-08-03 13:00:00,248.5,254.0,246.0,248.54,0.02,329.32,82100.83,1
2023-08-03,2023-08-03 13:10:00,248.54,248.58,248.54,248.58,0.02,329.32,82100.83,1
2023-08-03,2023-08-03 13:20:00,248.58,248.62,248.58,248.62,0.02,329.32,82100.83,1
2023-08-03,2023-08-03 13:30:00,248.62,248.67,248.62,248.67,0.02,329.32,82100.83,1
2023-08-03,2023-08-03 13:40:00,248.67,248.71,248.67,248.71,0.02,329.32,82100.83,1
2023-08-03,2023-08-03 13:50:00,248.71,248.75,248.71,248.75,0.02,329.32,82100.83,1
2023-08-03,2023-08-03 14:00:00,248.75,248.79,248.75,248.79,0.02,329.32,82100.83,1
2023-08-03,2023-08-03 14:10:00,248.79,248.83,248.79,248.83,0.02,329.32,82100.83,1
2023-08-03,2023-08-03 14:20:00,248.83,248.88,248.83,248.88,0.02,329.32,82100.83,1
2023-08-03,2023-08-03 14:30:00,248.88,248.92,248.88,248.92,0.02,329.32,82100.83,1
2023-08-03,2023-08-03 14:40:00,248.92,248.96,248.92,248.96,0.02,329.32,82100.83,1
2023-08-03,2023-08-03 14:50:00,248.96,249.0,248.96,249.0,0.02,329.32,82100.83,1
2023-08-03,2023-08-03 15:00:00,249.0,254.0,246.0,249.0,0.0,329.32,82100.83,0
2023-08-06,2023-08-06 11:00:00,250.0,250.0,246.4,249.78,-0.09,471.08,113522.0,-1
2023-08-06,2023-08-06 11:10:00,249.78,249.78,249.57,249.57,-0.08,471.08,113522.0,-1
2023-08-06,2023-08-06 11:20:00,249.57,249.57,249.35,249.35,-0.09,471.08,113522.0,-1
2023-08-06,2023-08-06 11:30:00,249.35,249.35,249.13,249.13,-0.09,471.08,113522.0,-1
2023-08-06,2023-08-06 11:40:00,249.13,249.13,248.92,248.92,-0.08,471.08,113522.0,-1
2023-08-06,2023-08-06 11:50:00,248.92,248.92,248.7,248.7,-0.09,471.08,113522.0,-1
2023-08-06,2023-08-06 12:00:00,248.7,248.7,248.48,248.48,-0.09,471.08,113522.0,-1
2023-08-06,2023-08-06 12:10:00,248.48,248.48,248.27,248.27,-0.08,471.08,113522.0,-1
2023-08-06,2023-08-06 12:20:00,248.27,248.27,248.05,248.05,-0.09,471.08,113522.0,-1
2023-08-06,2023-08-06 12:30:00,248.05,248.05,247.83,247.83,-0.09,471.08,113522.0,-1
2023-08-06,2023-08-06 12:40:00,247.83,247.83,247.62,247.62,-0.08,471.08,113522.0,-1
2023-08-06,2023-08-06 12:50:00,247.62,247.62,247.4,247.4,-0.09,471.08,113522.0,-1
2023-08-06,2023-08-06 13:00:00,247.4,250.0,238.0,247.18,-0.09,471.08,113522.0,-1
2023-08-06,2023-08-06 13:10:00,247.18,247.18,246.97,246.97,-0.08,471.08,113522.0,-1
2023-08-06,2023-08-06 13:20:00,246.97,246.97,246.75,246.75,-0.09,471.08,113522.0,-1
2023-08-06,2023-08-06 13:30:00,246.75,246.75,246.53,246.53,-0.09,471.08,113522.0,-1
2023-08-06,2023-08-06 13:40:00,246.53,246.53,246.32,246.32,-0.09,471.08,113522.0,-1
2023-08-06,2023-08-06 13:50:00,246.32,246.32,246.1,246.1,-0.09,471.08,113522.0,-1
2023-08-06,2023-08-06 14:00:00,246.1,246.1,245.88,245.88,-0.09,471.08,113522.0,-1
2023-08-06,2023-08-06 14:10:00,245.88,245.88,245.67,245.67,-0.09,471.08,113522.0,-1
2023-08-06,2023-08-06 14:20:00,245.67,245.67,245.45,245.45,-0.09,471.08,113522.0,-1
2023-08-06,2023-08-06 14:30:00,245.45,245.45,245.23,245.23,-0.09,471.08,113522.0,-1
2023-08-06,2023-08-06 14:40:00,245.23,245.23,245.02,245.02,-0.09,471.08,113522.0,-1
2023-08-06,2023-08-06 14:50:00,245.02,245.02,244.8,244.8,-0.09,471.08,113522.0,-1
2023-08-06,2023-08-06 15:00:00,244.8,250.0,238.0,244.8,0.0,471.08,113522.0,0
2023-08-07,2023-08-07 11:00:00,240.0,241.47,237.99,239.83,-0.07,330.68,78531.34,-1
2023-08-07,2023-08-07 11:10:00,239.83,239.83,239.67,239.67,-0.07,330.68,78531.34,-1
2023-08-07,2023-08-07 11:20:00,239.67,239.67,239.5,239.5,-0.07,330.68,78531.34,-1
2023-08-07,2023-08-07 11:30:00,239.5,239.5,239.33,239.33,-0.07,330.68,78531.34,-1
2023-08-07,2023-08-07 11:40:00,239.33,239.33,239.17,239.17,-0.07,330.68,78531.34,-1
2023-08-07,2023-08-07 11:50:00,239.17,239.17,239.0,239.0,-0.07,330.68,78531.34,-1
2023-08-07,2023-08-07 12:00:00,239.0,239.0,238.83,238.83,-0.07,330.68,78531.34,-1
2023-08-07,2023-08-07 12:10:00,238.83,238.83,238.67,238.67,-0.07,330.68,78531.34,-1
2023-08-07,2023-08-07 12:20:00,238.67,238.67,238.5,238.5,-0.07,330.68,78531.34,-1
2023-08-07,2023-08-07 12:30:00,238.5,238.5,238.33,238.33,-0.07,330.68,78531.34,-1
2023-08-07,2023-08-07 12:40:00,238.33,238.33,238.17,238.17,-0.07,330.68,78531.34,-1
2023-08-07,2023-08-07 12:50:00,238.17,238.17,238.0,238.0,-0.07,330.68,78531.34,-1
2023-08-07,2023-08-07 13:00:00,238.0,244.9,233.3,237.83,-0.07,330.68,78531.34,-1
2023-08-07,2023-08-07 13:10:00,237.83,237.83,237.67,237.67,-0.07,330.68,78531.34,-1
2023-08-07,2023-08-07 13:20:00,237.67,237.67,237.5,237.5,-0.07,330.68,78531.34,-1
2023-08-07,2023-08-07 13:30:00,237.5,237.5,237.33,237.33,-0.07,330.68,78531.34,-1
2023-08-07,2023-08-07 13:40:00,237.33,237.33,237.17,237.17,-0.07,330.68,78531.34,-1
2023-08-07,2023-08-07 13:50:00,237.17,237.17,237.0,237.0,-0.07,330.68,78531.34,-1
2023-08-07,2023-08-07 14:00:00,237.0,237.0,236.83,236.83,-0.07,330.68,78531.34,-1
2023-08-07,2023-08-07 14:10:00,236.83,236.83,236.67,236.67,-0.07,330.68,78531.34,-1
2023-08-07,2023-08-07 14:20:00,236.67,236.67,236.5,236.5,-0.07,330.68,78531.34,-1
2023-08-07,2023-08-07 14:30:00,236.5,236.5,236.33,236.33,-0.07,330.68,78531.34,-1
2023-08-07,2023-08-07 14:40:00,236.33,236.33,236.17,236.17,-0.07,330.68,78531.34,-1
2023-08-07,2023-08-07 14:50:00,236.17,236.17,236.0,236.0,-0.07,330.68,78531.34,-1
2023-08-07,2023-08-07 15:00:00,236.0,244.9,233.3,236.0,0.0,330.68,78531.34,0
2023-08-08,2023-08-08 11:00:00,240.5,240.56,236.15,239.9,-0.25,581.56,135336.08,-1
2023-08-08,2023-08-08 11:10:00,239.9,239.9,239.29,239.29,-0.25,581.56,135336.08,-1
2023-08-08,2023-08-08 11:20:00,239.29,239.29,238.69,238.69,-0.25,581.56,135336.08,-1
2023-08-08,2023-08-08 11:30:00,238.69,238.69,238.08,238.08,-0.26,581.56,135336.08,-1
2023-08-08,2023-08-08 11:40:00,238.08,238.08,237.48,237.48,-0.25,581.56,135336.08,-1
2023-08-08,2023-08-08 11:50:00,237.48,237.48,236.88,236.88,-0.25,581.56,135336.08,-1
2023-08-08,2023-08-08 12:00:00,236.88,236.88,236.27,236.27,-0.26,581.56,135336.08,-1
2023-08-08,2023-08-08 12:10:00,236.27,236.27,235.67,235.67,-0.25,581.56,135336.08,-1
2023-08-08,2023-08-08 12:20:00,235.67,235.67,235.06,235.06,-0.26,581.56,135336.08,-1
2023-08-08,2023-08-08 12:30:00,235.06,235.06,234.46,234.46,-0.26,581.56,135336.08,-1
2023-08-08,2023-08-08 12:40:00,234.46,234.46,233.85,233.85,-0.26,581.56,135336.08,-1
2023-08-08,2023-08-08 12:50:00,233.85,233.85,233.25,233.25,-0.26,581.56,135336.08,-1
2023-08-08,2023-08-08 13:00:00,233.25,240.7,226.0,232.65,-0.26,581.56,135336.08,-1
2023-08-08,2023-08-08 13:10:00,232.65,232.65,232.04,232.04,-0.26,581.56,135336.08,-1
2023-08-08,2023-08-08 13:20:00,232.04,232.04,231.44,231.44,-0.26,581.56,135336.08,-1
2023-08-08,2023-08-08 13:30:00,231.44,231.44,230.83,230.83,-0.26,581.56,135336.08,-1
2023-08-08,2023-08-08 13:40:00,230.83,230.83,230.23,230.23,-0.26,581.56,135336.08,-1
2023-08-08,2023-08-08 13:50:00,230.23,230.23,229.62,229.62,-0.26,581.56,135336.08,-1
2023-08-08,2023-08-08 14:00:00,229.62,229.62,229.02,229.02,-0.26,581.56,135336.08,-1
2023-08-08,2023-08-08 14:10:00,229.02,229.02,228.42,228.42,-0.26,581.56,135336.08,-1
2023-08-08,2023-08-08 14:20:00,228.42,228.42,227.81,227.81,-0.27,581.56,135336.08,-1
2023-08-08,2023-08-08 14:30:00,227.81,227.81,227.21,227.21,-0.26,581.56,135336.08,-1
2023-08-08,2023-08-08 14:40:00,227.21,227.21,226.6,226.6,-0.27,581.56,135336.08,-1
2023-08-08,2023-08-08 14:50:00,226.6,226.6,226.0,226.0,-0.26,581.56,135336.08,-1
2023-08-08,2023-08-08 15:00:00,226.0,240.7,226.0,226.0,0.0,581.56,135336.08,0
2023-08-09,2023-08-09 11:00:00,221.5,226.45,221.5,222.06,0.25,204.44,46401.51,1
2023-08-09,2023-08-09 11:10:00,222.06,222.62,222.06,222.62,0.25,204.44,46401.51,1
2023-08-09,2023-08-09 11:20:00,222.62,223.19,222.62,223.19,0.26,204.44,46401.51,1
2023-08-09,2023-08-09 11:30:00,223.19,223.75,223.19,223.75,0.25,204.44,46401.51,1
2023-08-09,2023-08-09 11:40:00,223.75,224.31,223.75,224.31,0.25,204.44,46401.51,1
2023-08-09,2023-08-09 11:50:00,224.31,224.88,224.31,224.88,0.25,204.44,46401.51,1
2023-08-09,2023-08-09 12:00:00,224.88,225.44,224.88,225.44,0.25,204.44,46401.51,1
2023-08-09,2023-08-09 12:10:00,225.44,226.0,225.44,226.0,0.25,204.44,46401.51,1
2023-08-09,2023-08-09 12:20:00,226.0,226.56,226.0,226.56,0.25,204.44,46401.51,1
2023-08-09,2023-08-09 12:30:00,226.56,227.12,226.56,227.12,0.25,204.44,46401.51,1
2023-08-09,2023-08-09 12:40:00,227.12,227.69,227.12,227.69,0.25,204.44,46401.51,1
2023-08-09,2023-08-09 12:50:00,227.69,228.25,227.69,228.25,0.25,204.44,46401.51,1
2023-08-09,2023-08-09 13:00:00,228.25,238.0,221.5,228.81,0.25,204.44,46401.51,1
2023-08-09,2023-08-09 13:10:00,228.81,229.38,228.81,229.38,0.25,204.44,46401.51,1
2023-08-09,2023-08-09 13:20:00,229.38,229.94,229.38,229.94,0.24,204.44,46401.51,1
2023-08-09,2023-08-09 13:30:00,229.94,230.5,229.94,230.5,0.24,204.44,46401.51,1
2023-08-09,2023-08-09 13:40:00,230.5,231.06,230.5,231.06,0.24,204.44,46401.51,1
2023-08-09,2023-08-09 13:50:00,231.06,231.62,231.06,231.62,0.24,204.44,46401.51,1
2023-08-09,2023-08-09 14:00:00,231.62,232.19,231.62,232.19,0.25,204.44,46401.51,1
2023-08-09,2023-08-09 14:10:00,232.19,232.75,232.19,232.75,0.24,204.44,46401.51,1
2023-08-09,2023-08-09 14:20:00,232.75,233.31,232.75,233.31,0.24,204.44,46401.51,1
2023-08-09,2023-08-09 14:30:00,233.31,233.88,233.31,233.88,0.24,204.44,46401.51,1
2023-08-09,2023-08-09 14:40:00,233.88,234.44,233.88,234.44,0.24,204.44,46401.51,1
2023-08-09,2023-08-09 14:50:00,234.44,235.0,234.44,235.0,0.24,204.44,46401.51,1
2023-08-09,2023-08-09 15:00:00,235.0,238.0,221.5,235.0,0.0,204.44,46401.51,0
2023-08-10,2023-08-10 11:00:00,235.0,236.2,233.62,235.04,0.02,162.04,38240.25,1
2023-08-10,2023-08-10 11:10:00,235.04,235.08,235.04,235.08,0.02,162.04,38240.25,1
2023-08-10,2023-08-10 11:20:00,235.08,235.12,235.08,235.12,0.02,162.04,38240.25,1
2023-08-10,2023-08-10 11:30:00,235.12,235.17,235.12,235.17,0.02,162.04,38240.25,1
2023-08-10,2023-08-10 11:40:00,235.17,235.21,235.17,235.21,0.02,162.04,38240.25,1
2023-08-10,2023-08-10 11:50:00,235.21,235.25,235.21,235.25,0.02,162.04,38240.25,1
2023-08-10,2023-08-10 12:00:00,235.25,235.29,235.25,235.29,0.02,162.04,38240.25,1
2023-08-10,2023-08-10 12:10:00,235.29,235.33,235.29,235.33,0.02,162.04,38240.25,1
2023-08-10,2023-08-10 12:20:00,235.33,235.38,235.33,235.38,0.02,162.04,38240.25,1
2023-08-10,2023-08-10 12:30:00,235.38,235.42,235.38,235.42,0.02,162.04,38240.25,1
2023-08-10,2023-08-10 12:40:00,235.42,235.46,235.42,235.46,0.02,162.04,38240.25,1
2023-08-10,2023-08-10 12:50:00,235.46,235.5,235.46,235.5,0.02,162.04,38240.25,1
2023-08-10,2023-08-10 13:00:00,235.5,239.0,230.4,235.54,0.02,162.04,38240.25,1
2023-08-10,2023-08-10 13:10:00,235.54,235.58,235.54,235.58,0.02,162.04,38240.25,1
2023-08-10,2023-08-10 13:20:00,235.58,235.62,235.58,235.62,0.02,162.04,38240.25,1
2023-08-10,2023-08-10 13:30:00,235.62,235.67,235.62,235.67,0.02,162.04,38240.25,1
2023-08-10,2023-08-10 13:40:00,235.67,235.71,235.67,235.71,0.02,162.04,38240.25,1
2023-08-10,2023-08-10 13:50:00,235.71,235.75,235.71,235.75,0.02,162.04,38240.25,1
2023-08-10,2023-08-10 14:00:00,235.75,235.79,235.75,235.79,0.02,162.04,38240.25,1
2023-08-10,2023-08-10 14:10:00,235.79,235.83,235.79,235.83,0.02,162.04,38240.25,1
2023-08-10,2023-08-10 14:20:00,235.83,235.88,235.83,235.88,0.02,162.04,38240.25,1
2023-08-10,2023-08-10 14:30:00,235.88,235.92,235.88,235.92,0.02,162.04,38240.25,1
2023-08-10,2023-08-10 14:40:00,235.92,235.96,235.92,235.96,0.02,162.04,38240.25,1
2023-08-10,2023-08-10 14:50:00,235.96,236.0,235.96,236.0,0.02,162.04,38240.25,1
2023-08-10,2023-08-10 15:00:00,236.0,239.0,230.4,236.0,0.0,162.04,38240.25,0
2023-08-13,2023-08-13 11:00:00,231.4,232.48,230.68,231.34,-0.03,288.0,66476.75,-1
2023-08-13,2023-08-13 11:10:00,231.34,231.34,231.28,231.28,-0.03,288.0,66476.75,-1
2023-08-13,2023-08-13 11:20:00,231.28,231.28,231.22,231.22,-0.03,288.0,66476.75,-1
2023-08-13,2023-08-13 11:30:00,231.22,231.22,231.17,231.17,-0.02,288.0,66476.75,-1
2023-08-13,2023-08-13 11:40:00,231.17,231.17,231.11,231.11,-0.03,288.0,66476.75,-1
2023-08-13,2023-08-13 11:50:00,231.11,231.11,231.05,231.05,-0.03,288.0,66476.75,-1
2023-08-13,2023-08-13 12:00:00,231.05,231.05,230.99,230.99,-0.03,288.0,66476.75,-1
2023-08-13,2023-08-13 12:10:00,230.99,230.99,230.93,230.93,-0.03,288.0,66476.75,-1
2023-08-13,2023-08-13 12:20:00,230.93,230.93,230.88,230.88,-0.02,288.0,66476.75,-1
2023-08-13,2023-08-13 12:30:00,230.88,230.88,230.82,230.82,-0.03,288.0,66476.75,-1
2023-08-13,2023-08-13 12:40:00,230.82,230.82,230.76,230.76,-0.03,288.0,66476.75,-1
2023-08-13,2023-08-13 12:50:00,230.76,230.76,230.7,230.7,-0.03,288.0,66476.75,-1
2023-08-13,2023-08-13 13:00:00,230.7,235.0,229.0,230.64,-0.03,288.0,66476.75,-1
2023-08-13,2023-08-13 13:10:00,230.64,230.64,230.58,230.58,-0.03,288.0,66476.75,-1
2023-08-13,2023-08-13 13:20:00,230.58,230.58,230.53,230.53,-0.02,288.0,66476.75,-1
2023-08-13,2023-08-13 13:30:00,230.53,230.53,230.47,230.47,-0.03,288.0,66476.75,-1
2023-08-13,2023-08-13 13:40:00,230.47,230.47,230.41,230.41,-0.03,288.0,66476.75,-1
2023-08-13,2023-08-13 13:50:00,230.41,230.41,230.35,230.35,-0.03,288.0,66476.75,-1
2023-08-13,2023-08-13 14:00:00,230.35,230.35,230.29,230.29,-0.03,288.0,66476.75,-1
2023-08-13,2023-08-13 14:10:00,230.29,230.29,230.23,230.23,-0.03,288.0,66476.75,-1
2023-08-13,2023-08-13 14:20:00,230.23,230.23,230.18,230.18,-0.02,288.0,66476.75,-1
2023-08-13,2023-08-13 14:30:00,230.18,230.18,230.12,230.12,-0.03,288.0,66476.75,-1
2023-08-13,2023-08-13 14:40:00,230.12,230.12,230.06,230.06,-0.03,288.0,66476.75,-1
2023-08-13,2023-08-13 14:50:00,230.06,230.06,230.0,230.0,-0.03,288.0,66476.75,-1
2023-08-13,2023-08-13 15:00:00,230.0,235.0,229.0,230.0,0.0,288.0,66476.75,0
2023-08-14,2023-08-14 11:00:00,226.0,229.6,226.0,226.02,0.01,205.8,46810.18,1
2023-08-14,2023-08-14 11:10:00,226.02,226.04,226.02,226.04,0.01,205.8,46810.18,1
2023-08-14,2023-08-14 11:20:00,226.04,226.06,226.04,226.06,0.01,205.8,46810.18,1
2023-08-14,2023-08-14 11:30:00,226.06,226.08,226.06,226.08,0.01,205.8,46810.18,1
2023-08-14,2023-08-14 11:40:00,226.08,226.1,226.08,226.1,0.01,205.8,46810.18,1
2023-08-14,2023-08-14 11:50:00,226.1,226.12,226.1,226.12,0.01,205.8,46810.18,1
2023-08-14,2023-08-14 12:00:00,226.12,226.15,226.12,226.15,0.01,205.8,46810.18,1
2023-08-14,2023-08-14 12:10:00,226.15,226.17,226.15,226.17,0.01,205.8,46810.18,1
2023-08-14,2023-08-14 12:20:00,226.17,226.19,226.17,226.19,0.01,205.8,46810.18,1
2023-08-14,2023-08-14 12:30:00,226.19,226.21,226.19,226.21,0.01,205.8,46810.18,1
2023-08-14,2023-08-14 12:40:00,226.21,226.23,226.21,226.23,0.01,205.8,46810.18,1
2023-08-14,2023-08-14 12:50:00,226.23,226.25,226.23,226.25,0.01,205.8,46810.18,1
2023-08-14,2023-08-14 13:00:00,226.25,238.0,226.0,226.27,0.01,205.8,46810.18,1
2023-08-14,2023-08-14 13:10:00,226.27,226.29,226.27,226.29,0.01,205.8,46810.18,1
2023-08-14,2023-08-14 13:20:00,226.29,226.31,226.29,226.31,0.01,205.8,46810.18,1
2023-08-14,2023-08-14 13:30:00,226.31,226.33,226.31,226.33,0.01,205.8,46810.18,1
2023-08-14,2023-08-14 13:40:00,226.33,226.35,226.33,226.35,0.01,205.8,46810.18,1
2023-08-14,2023-08-14 13:50:00,226.35,226.38,226.35,226.38,0.01,205.8,46810.18,1
2023-08-14,2023-08-14 14:00:00,226.38,226.4,226.38,226.4,0.01,205.8,46810.18,1
2023-08-14,2023-08-14 14:10:00,226.4,226.42,226.4,226.42,0.01,205.8,46810.18,1
2023-08-14,2023-08-14 14:20:00,226.42,226.44,226.42,226.44,0.01,205.8,46810.18,1
2023-08-14,2023-08-14 14:30:00,226.44,226.46,226.44,226.46,0.01,205.8,46810.18,1
2023-08-14,2023-08-14 14:40:00,226.46,226.48,226.46,226.48,0.01,205.8,46810.18,1
2023-08-14,2023-08-14 14:50:00,226.48,226.5,226.48,226.5,0.01,205.8,46810.18,1
2023-08-14,2023-08-14 15:00:00,226.5,238.0,226.0,226.5,0.0,205.8,46810.18,0
2023-08-15,2023-08-15 11:00:00,222.0,224.4,222.0,222.0,0.0,304.12,68197.28,0
2023-08-15,2023-08-15 11:10:00,222.0,222.01,222.0,222.01,0.0,304.12,68197.28,1
2023-08-15,2023-08-15 11:20:00,222.01,222.01,222.01,222.01,0.0,304.12,68197.28,0
2023-08-15,2023-08-15 11:30:00,222.01,222.02,222.01,222.02,0.0,304.12,68197.28,1
2023-08-15,2023-08-15 11:40:00,222.02,222.02,222.02,222.02,0.0,304.12,68197.28,0
2023-08-15,2023-08-15 11:50:00,222.02,222.03,222.02,222.03,0.0,304.12,68197.28,1
2023-08-15,2023-08-15 12:00:00,222.03,222.03,222.03,222.03,0.0,304.12,68197.28,0
2023-08-15,2023-08-15 12:10:00,222.03,222.03,222.03,222.03,0.0,304.12,68197.28,0
2023-08-15,2023-08-15 12:20:00,222.03,222.04,222.03,222.04,0.0,304.12,68197.28,1
2023-08-15,2023-08-15 12:30:00,222.04,222.04,222.04,222.04,0.0,304.12,68197.28,0
2023-08-15,2023-08-15 12:40:00,222.04,222.05,222.04,222.05,0.0,304.12,68197.28,1
2023-08-15,2023-08-15 12:50:00,222.05,222.05,222.05,222.05,0.0,304.12,68197.28,0
2023-08-15,2023-08-15 13:00:00,222.05,230.0,222.0,222.05,0.0,304.12,68197.28,0
2023-08-15,2023-08-15 13:10:00,222.05,222.06,222.05,222.06,0.0,304.12,68197.28,1
2023-08-15,2023-08-15 13:20:00,222.06,222.06,222.06,222.06,0.0,304.12,68197.28,0
2023-08-15,2023-08-15 13:30:00,222.06,222.07,222.06,222.07,0.0,304.12,68197.28,1
2023-08-15,2023-08-15 13:40:00,222.07,222.07,222.07,222.07,0.0,304.12,68197.28,0
2023-08-15,2023-08-15 13:50:00,222.07,222.07,222.07,222.07,0.0,304.12,68197.28,0
2023-08-15,2023-08-15 14:00:00,222.07,222.08,222.07,222.08,0.0,304.12,68197.28,1
2023-08-15,2023-08-15 14:10:00,222.08,222.08,222.08,222.08,0.0,304.12,68197.28,0
2023-08-15,2023-08-15 14:20:00,222.08,222.09,222.08,222.09,0.0,304.12,68197.28,1
2023-08-15,2023-08-15 14:30:00,222.09,222.09,222.09,222.09,0.0,304.12,68197.28,0
2023-08-15,2023-08-15 14:40:00,222.09,222.1,222.09,222.1,0.0,304.12,68197.28,1
2023-08-15,2023-08-15 14:50:00,222.1,222.1,222.1,222.1,0.0,304.12,68197.28,0
2023-08-15,2023-08-15 15:00:00,222.1,230.0,222.0,222.1,0.0,304.12,68197.28,0
2023-08-16,2023-08-16 11:00:00,217.7,220.49,216.89,217.8,0.05,253.4,55669.02,1
2023-08-16,2023-08-16 11:10:00,217.8,217.89,217.8,217.89,0.04,253.4,55669.02,1
2023-08-16,2023-08-16 11:20:00,217.89,217.99,217.89,217.99,0.05,253.4,55669.02,1
2023-08-16,2023-08-16 11:30:00,217.99,218.08,217.99,218.08,0.04,253.4,55669.02,1
2023-08-16,2023-08-16 11:40:00,218.08,218.18,218.08,218.18,0.05,253.4,55669.02,1
2023-08-16,2023-08-16 11:50:00,218.18,218.27,218.18,218.27,0.04,253.4,55669.02,1
2023-08-16,2023-08-16 12:00:00,218.27,218.37,218.27,218.37,0.05,253.4,55669.02,1
2023-08-16,2023-08-16 12:10:00,218.37,218.47,218.37,218.47,0.05,253.4,55669.02,1
2023-08-16,2023-08-16 12:20:00,218.47,218.56,218.47,218.56,0.04,253.4,55669.02,1
2023-08-16,2023-08-16 12:30:00,218.56,218.66,218.56,218.66,0.05,253.4,55669.02,1
2023-08-16,2023-08-16 12:40:00,218.66,218.75,218.66,218.75,0.04,253.4,55669.02,1
2023-08-16,2023-08-16 12:50:00,218.75,218.85,218.75,218.85,0.05,253.4,55669.02,1
2023-08-16,2023-08-16 13:00:00,218.85,227.0,215.0,218.95,0.05,253.4,55669.02,1
2023-08-16,2023-08-16 13:10:00,218.95,219.04,218.95,219.04,0.04,253.4,55669.02,1
2023-08-16,2023-08-16 13:20:00,219.04,219.14,219.04,219.14,0.05,253.4,55669.02,1
2023-08-16,2023-08-16 13:30:00,219.14,219.23,219.14,219.23,0.04,253.4,55669.02,1
2023-08-16,2023-08-16 13:40:00,219.23,219.33,219.23,219.33,0.05,253.4,55669.02,1
2023-08-16,2023-08-16 13:50:00,219.33,219.43,219.33,219.43,0.05,253.4,55669.02,1
2023-08-16,2023-08-16 14:00:00,219.43,219.52,219.43,219.52,0.04,253.4,55669.02,1
2023-08-16,2023-08-16 14:10:00,219.52,219.62,219.52,219.62,0.05,253.4,55669.02,1
2023-08-16,2023-08-16 14:20:00,219.62,219.71,219.62,219.71,0.04,253.4,55669.02,1
2023-08-16,2023-08-16 14:30:00,219.71,219.81,219.71,219.81,0.05,253.4,55669.02,1
2023-08-16,2023-08-16 14:40:00,219.81,219.9,219.81,219.9,0.04,253.4,55669.02,1
2023-08-16,2023-08-16 14:50:00,219.9,220.0,219.9,220.0,0.05,253.4,55669.02,1
2023-08-16,2023-08-16 15:00:00,220.0,227.0,215.0,220.0,0.0,253.4,55669.02,0
2023-08-17,2023-08-17 11:00:00,216.0,219.84,216.0,216.16,0.07,379.8,82908.87,1
2023-08-17,2023-08-17 11:10:00,216.16,216.32,216.16,216.32,0.07,379.8,82908.87,1
2023-08-17,2023-08-17 11:20:00,216.32,216.49,216.32,216.49,0.08,379.8,82908.87,1
2023-08-17,2023-08-17 11:30:00,216.49,216.65,216.49,216.65,0.07,379.8,82908.87,1
2023-08-17,2023-08-17 11:40:00,216.65,216.81,216.65,216.81,0.07,379.8,82908.87,1
2023-08-17,2023-08-17 11:50:00,216.81,216.97,216.81,216.97,0.07,379.8,82908.87,1
2023-08-17,2023-08-17 12:00:00,216.97,217.14,216.97,217.14,0.08,379.8,82908.87,1
2023-08-17,2023-08-17 12:10:00,217.14,217.3,217.14,217.3,0.07,379.8,82908.87,1
2023-08-17,2023-08-17 12:20:00,217.3,217.46,217.3,217.46,0.07,379.8,82908.87,1
2023-08-17,2023-08-17 12:30:00,217.46,217.62,217.46,217.62,0.07,379.8,82908.87,1
2023-08-17,2023-08-17 12:40:00,217.62,217.79,217.62,217.79,0.08,379.8,82908.87,1
2023-08-17,2023-08-17 12:50:00,217.79,217.95,217.79,217.95,0.07,379.8,82908.87,1
2023-08-17,2023-08-17 13:00:00,217.95,228.8,216.0,218.11,0.07,379.8,82908.87,1
2023-08-17,2023-08-17 13:10:00,218.11,218.28,218.11,218.28,0.08,379.8,82908.87,1
2023-08-17,2023-08-17 13:20:00,218.28,218.44,218.28,218.44,0.07,379.8,82908.87,1
2023-08-17,2023-08-17 13:30:00,218.44,218.6,218.44,218.6,0.07,379.8,82908.87,1
2023-08-17,2023-08-17 13:40:00,218.6,218.76,218.6,218.76,0.07,379.8,82908.87,1
2023-08-17,2023-08-17 13:50:00,218.76,218.93,218.76,218.93,0.08,379.8,82908.87,1
2023-08-17,2023-08-17 14:00:00,218.93,219.09,218.93,219.09,0.07,379.8,82908.87,1
2023-08-17,2023-08-17 14:10:00,219.09,219.25,219.09,219.25,0.07,379.8,82908.87,1
2023-08-17,2023-08-17 14:20:00,219.25,219.41,219.25,219.41,0.07,379.8,82908.87,1
2023-08-17,2023-08-17 14:30:00,219.41,219.58,219.41,219.58,0.08,379.8,82908.87,1
2023-08-17,2023-08-17 14:40:00,219.58,219.74,219.58,219.74,0.07,379.8,82908.87,1
2023-08-17,2023-08-17 14:50:00,219.74,219.9,219.74,219.9,0.07,379.8,82908.87,1
2023-08-17,2023-08-17 15:00:00,219.9,228.8,216.0,219.9,0.0,379.8,82908.87,0
2023-08-20,2023-08-20 11:00:00,215.7,216.99,214.71,215.59,-0.05,366.24,78424.02,-1
2023-08-20,2023-08-20 11:10:00,215.59,215.59,215.47,215.47,-0.06,366.24,78424.02,-1
2023-08-20,2023-08-20 11:20:00,215.47,215.47,215.36,215.36,-0.05,366.24,78424.02,-1
2023-08-20,2023-08-20 11:30:00,215.36,215.36,215.25,215.25,-0.05,366.24,78424.02,-1
2023-08-20,2023-08-20 11:40:00,215.25,215.25,215.14,215.14,-0.05,366.24,78424.02,-1
2023-08-20,2023-08-20 11:50:00,215.14,215.14,215.02,215.02,-0.06,366.24,78424.02,-1
2023-08-20,2023-08-20 12:00:00,215.02,215.02,214.91,214.91,-0.05,366.24,78424.02,-1
2023-08-20,2023-08-20 12:10:00,214.91,214.91,214.8,214.8,-0.05,366.24,78424.02,-1
2023-08-20,2023-08-20 12:20:00,214.8,214.8,214.69,214.69,-0.05,366.24,78424.02,-1
2023-08-20,2023-08-20 12:30:00,214.69,214.69,214.57,214.57,-0.06,366.24,78424.02,-1
2023-08-20,2023-08-20 12:40:00,214.57,214.57,214.46,214.46,-0.05,366.24,78424.02,-1
2023-08-20,2023-08-20 12:50:00,214.46,214.46,214.35,214.35,-0.05,366.24,78424.02,-1
2023-08-20,2023-08-20 13:00:00,214.35,220.0,212.4,214.24,-0.05,366.24,78424.02,-1
2023-08-20,2023-08-20 13:10:00,214.24,214.24,214.12,214.12,-0.06,366.24,78424.02,-1
2023-08-20,2023-08-20 13:20:00,214.12,214.12,214.01,214.01,-0.05,366.24,78424.02,-1
2023-08-20,2023-08-20 13:30:00,214.01,214.01,213.9,213.9,-0.05,366.24,78424.02,-1
2023-08-20,2023-08-20 13:40:00,213.9,213.9,213.79,213.79,-0.05,366.24,78424.02,-1
2023-08-20,2023-08-20 13:50:00,213.79,213.79,213.68,213.68,-0.05,366.24,78424.02,-1
2023-08-20,2023-08-20 14:00:00,213.68,213.68,213.56,213.56,-0.06,366.24,78424.02,-1
2023-08-20,2023-08-20 14:10:00,213.56,213.56,213.45,213.45,-0.05,366.24,78424.02,-1
2023-08-20,2023-08-20 14:20:00,213.45,213.45,213.34,213.34,-0.05,366.24,78424.02,-1
2023-08-20,2023-08-20 14:30:00,213.34,213.34,213.22,213.22,-0.06,366.24,78424.02,-1
2023-08-20,2023-08-20 14:40:00,213.22,213.22,213.11,213.11,-0.05,366.24,78424.02,-1
2023-08-20,2023-08-20 14:50:00,213.11,213.11,213.0,213.0,-0.05,366.24,78424.02,-1
2023-08-20,2023-08-20 15:00:00,213.0,220.0,212.4,213.0,0.0,366.24,78424.02,0
2023-08-21,2023-08-21 11:00:00,210.0,212.13,210.0,210.04,0.02,276.6,58927.34,1
2023-08-21,2023-08-21 11:10:00,210.04,210.08,210.04,210.08,0.02,276.6,58927.34,1
2023-08-21,2023-08-21 11:20:00,210.08,210.12,210.08,210.12,0.02,276.6,58927.34,1
2023-08-21,2023-08-21 11:30:00,210.12,210.17,210.12,210.17,0.02,276.6,58927.34,1
2023-08-21,2023-08-21 11:40:00,210.17,210.21,210.17,210.21,0.02,276.6,58927.34,1
2023-08-21,2023-08-21 11:50:00,210.21,210.25,210.21,210.25,0.02,276.6,58927.34,1
2023-08-21,2023-08-21 12:00:00,210.25,210.29,210.25,210.29,0.02,276.6,58927.34,1
2023-08-21,2023-08-21 12:10:00,210.29,210.33,210.29,210.33,0.02,276.6,58927.34,1
2023-08-21,2023-08-21 12:20:00,210.33,210.38,210.33,210.38,0.02,276.6,58927.34,1
2023-08-21,2023-08-21 12:30:00,210.38,210.42,210.38,210.42,0.02,276.6,58927.34,1
2023-08-21,2023-08-21 12:40:00,210.42,210.46,210.42,210.46,0.02,276.6,58927.34,1
2023-08-21,2023-08-21 12:50:00,210.46,210.5,210.46,210.5,0.02,276.6,58927.34,1
2023-08-21,2023-08-21 13:00:00,210.5,217.1,210.0,210.54,0.02,276.6,58927.34,1
2023-08-21,2023-08-21 13:10:00,210.54,210.58,210.54,210.58,0.02,276.6,58927.34,1
2023-08-21,2023-08-21 13:20:00,210.58,210.62,210.58,210.62,0.02,276.6,58927.34,1
2023-08-21,2023-08-21 13:30:00,210.62,210.67,210.62,210.67,0.02,276.6,58927.34,1
2023-08-21,2023-08-21 13:40:00,210.67,210.71,210.67,210.71,0.02,276.6,58927.34,1
2023-08-21,2023-08-21 13:50:00,210.71,210.75,210.71,210.75,0.02,276.6,58927.34,1
2023-08-21,2023-08-21 14:00:00,210.75,210.79,210.75,210.79,0.02,276.6,58927.34,1
2023-08-21,2023-08-21 14:10:00,210.79,210.83,210.79,210.83,0.02,276.6,58927.34,1
2023-08-21,2023-08-21 14:20:00,210.83,210.88,210.83,210.88,0.02,276.6,58927.34,1
2023-08-21,2023-08-21 14:30:00,210.88,210.92,210.88,210.92,0.02,276.6,58927.34,1
2023-08-21,2023-08-21 14:40:00,210.92,210.96,210.92,210.96,0.02,276.6,58927.34,1
2023-08-21,2023-08-21 14:50:00,210.96,211.0,210.96,211.0,0.02,276.6,58927.34,1
2023-08-21,2023-08-21 15:00:00,211.0,217.1,210.0,211.0,0.0,276.6,58927.34,0
2023-08-22,2023-08-22 11:00:00,210.8,212.36,210.56,210.87,0.03,130.6,27828.41,1
2023-08-22,2023-08-22 11:10:00,210.87,210.94,210.87,210.94,0.03,130.6,27828.41,1
2023-08-22,2023-08-22 11:20:00,210.94,211.01,210.94,211.01,0.03,130.6,27828.41,1
2023-08-22,2023-08-22 11:30:00,211.01,211.08,211.01,211.08,0.03,130.6,27828.41,1
2023-08-22,2023-08-22 11:40:00,211.08,211.15,211.08,211.15,0.03,130.6,27828.41,1
2023-08-22,2023-08-22 11:50:00,211.15,211.23,211.15,211.23,0.04,130.6,27828.41,1
2023-08-22,2023-08-22 12:00:00,211.23,211.3,211.23,211.3,0.03,130.6,27828.41,1
2023-08-22,2023-08-22 12:10:00,211.3,211.37,211.3,211.37,0.03,130.6,27828.41,1
2023-08-22,2023-08-22 12:20:00,211.37,211.44,211.37,211.44,0.03,130.6,27828.41,1
2023-08-22,2023-08-22 12:30:00,211.44,211.51,211.44,211.51,0.03,130.6,27828.41,1
2023-08-22,2023-08-22 12:40:00,211.51,211.58,211.51,211.58,0.03,130.6,27828.41,1
2023-08-22,2023-08-22 12:50:00,211.58,211.65,211.58,211.65,0.03,130.6,27828.41,1
2023-08-22,2023-08-22 13:00:00,211.65,216.0,210.0,211.72,0.03,130.6,27828.41,1
2023-08-22,2023-08-22 13:10:00,211.72,211.79,211.72,211.79,0.03,130.6,27828.41,1
2023-08-22,2023-08-22 13:20:00,211.79,211.86,211.79,211.86,0.03,130.6,27828.41,1
2023-08-22,2023-08-22 13:30:00,211.86,211.93,211.86,211.93,0.03,130.6,27828.41,1
2023-08-22,2023-08-22 13:40:00,211.93,212.0,211.93,212.0,0.03,130.6,27828.41,1
2023-08-22,2023-08-22 13:50:00,212.0,212.07,212.0,212.07,0.03,130.6,27828.41,1
2023-08-22,2023-08-22 14:00:00,212.07,212.15,212.07,212.15,0.04,130.6,27828.41,1
2023-08-22,2023-08-22 14:10:00,212.15,212.22,212.15,212.22,0.03,130.6,27828.41,1
2023-08-22,2023-08-22 14:20:00,212.22,212.29,212.22,212.29,0.03,130.6,27828.41,1
2023-08-22,2023-08-22 14:30:00,212.29,212.36,212.29,212.36,0.03,130.6,27828.41,1
2023-08-22,2023-08-22 14:40:00,212.36,212.43,212.36,212.43,0.03,130.6,27828.41,1
2023-08-22,2023-08-22 14:50:00,212.43,212.5,212.43,212.5,0.03,130.6,27828.41,1
2023-08-22,2023-08-22 15:00:00,212.5,216.0,210.0,212.5,0.0,130.6,27828.41,0
2023-08-23,2023-08-23 11:00:00,216.7,218.29,216.7,216.92,0.1,308.4,67673.76,1
2023-08-23,2023-08-23 11:10:00,216.92,217.14,216.92,217.14,0.1,308.4,67673.76,1
2023-08-23,2023-08-23 11:20:00,217.14,217.36,217.14,217.36,0.1,308.4,67673.76,1
2023-08-23,2023-08-23 11:30:00,217.36,217.58,217.36,217.58,0.1,308.4,67673.76,1
2023-08-23,2023-08-23 11:40:00,217.58,217.8,217.58,217.8,0.1,308.4,67673.76,1
2023-08-23,2023-08-23 11:50:00,217.8,218.02,217.8,218.02,0.1,308.4,67673.76,1
2023-08-23,2023-08-23 12:00:00,218.02,218.25,218.02,218.25,0.11,308.4,67673.76,1
2023-08-23,2023-08-23 12:10:00,218.25,218.47,218.25,218.47,0.1,308.4,67673.76,1
2023-08-23,2023-08-23 12:20:00,218.47,218.69,218.47,218.69,0.1,308.4,67673.76,1
2023-08-23,2023-08-23 12:30:00,218.69,218.91,218.69,218.91,0.1,308.4,67673.76,1
2023-08-23,2023-08-23 12:40:00,218.91,219.13,218.91,219.13,0.1,308.4,67673.76,1
2023-08-23,2023-08-23 12:50:00,219.13,219.35,219.13,219.35,0.1,308.4,67673.76,1
2023-08-23,2023-08-23 13:00:00,219.35,222.0,216.7,219.57,0.1,308.4,67673.76,1
2023-08-23,2023-08-23 13:10:00,219.57,219.79,219.57,219.79,0.1,308.4,67673.76,1
2023-08-23,2023-08-23 13:20:00,219.79,220.01,219.79,220.01,0.1,308.4,67673.76,1
2023-08-23,2023-08-23 13:30:00,220.01,220.23,220.01,220.23,0.1,308.4,67673.76,1
2023-08-23,2023-08-23 13:40:00,220.23,220.45,220.23,220.45,0.1,308.4,67673.76,1
2023-08-23,2023-08-23 13:50:00,220.45,220.68,220.45,220.68,0.1,308.4,67673.76,1
2023-08-23,2023-08-23 14:00:00,220.68,220.9,220.68,220.9,0.1,308.4,67673.76,1
2023-08-23,2023-08-23 14:10:00,220.9,221.12,220.9,221.12,0.1,308.4,67673.76,1
2023-08-23,2023-08-23 14:20:00,221.12,221.34,221.12,221.34,0.1,308.4,67673.76,1
2023-08-23,2023-08-23 14:30:00,221.34,221.56,221.34,221.56,0.1,308.4,67673.76,1
2023-08-23,2023-08-23 14:40:00,221.56,221.78,221.56,221.78,0.1,308.4,67673.76,1
2023-08-23,2023-08-23 14:50:00,221.78,222.0,221.78,222.0,0.1,308.4,67673.76,1
2023-08-23,2023-08-23 15:00:00,222.0,222.0,216.7,222.0,0.0,308.4,67673.76,0
2023-08-24,2023-08-24 11:00:00,222.5,222.5,219.89,222.14,-0.16,296.84,64208.04,-1
2023-08-24,2023-08-24 11:10:00,222.14,222.14,221.78,221.78,-0.16,296.84,64208.04,-1
2023-08-24,2023-08-24 11:20:00,221.78,221.78,221.41,221.41,-0.17,296.84,64208.04,-1
2023-08-24,2023-08-24 11:30:00,221.41,221.41,221.05,221.05,-0.16,296.84,64208.04,-1
2023-08-24,2023-08-24 11:40:00,221.05,221.05,220.69,220.69,-0.16,296.84,64208.04,-1
2023-08-24,2023-08-24 11:50:00,220.69,220.69,220.32,220.32,-0.17,296.84,64208.04,-1
2023-08-24,2023-08-24 12:00:00,220.32,220.32,219.96,219.96,-0.16,296.84,64208.04,-1
2023-08-24,2023-08-24 12:10:00,219.96,219.96,219.6,219.6,-0.16,296.84,64208.04,-1
2023-08-24,2023-08-24 12:20:00,219.6,219.6,219.24,219.24,-0.16,296.84,64208.04,-1
2023-08-24,2023-08-24 12:30:00,219.24,219.24,218.88,218.88,-0.16,296.84,64208.04,-1
2023-08-24,2023-08-24 12:40:00,218.88,218.88,218.51,218.51,-0.17,296.84,64208.04,-1
2023-08-24,2023-08-24 12:50:00,218.51,218.51,218.15,218.15,-0.16,296.84,64208.04,-1
2023-08-24,2023-08-24 13:00:00,218.15,222.5,213.8,217.79,-0.17,296.84,64208.04,-1
2023-08-24,2023-08-24 13:10:00,217.79,217.79,217.43,217.43,-0.17,296.84,64208.04,-1
2023-08-24,2023-08-24 13:20:00,217.43,217.43,217.06,217.06,-0.17,296.84,64208.04,-1
2023-08-24,2023-08-24 13:30:00,217.06,217.06,216.7,216.7,-0.17,296.84,64208.04,-1
2023-08-24,2023-08-24 13:40:00,216.7,216.7,216.34,216.34,-0.17,296.84,64208.04,-1
2023-08-24,2023-08-24 13:50:00,216.34,216.34,215.98,215.98,-0.17,296.84,64208.04,-1
2023-08-24,2023-08-24 14:00:00,215.98,215.98,215.61,215.61,-0.17,296.84,64208.04,-1
2023-08-24,2023-08-24 14:10:00,215.61,215.61,215.25,215.25,-0.17,296.84,64208.04,-1
2023-08-24,2023-08-24 14:20:00,215.25,215.25,214.89,214.89,-0.17,296.84,64208.04,-1
2023-08-24,2023-08-24 14:30:00,214.89,214.89,214.53,214.53,-0.17,296.84,64208.04,-1
2023-08-24,2023-08-24 14:40:00,214.53,214.53,214.16,214.16,-0.17,296.84,64208.04,-1
2023-08-24,2023-08-24 14:50:00,214.16,214.16,213.8,213.8,-0.17,296.84,64208.04,-1
2023-08-24,2023-08-24 15:00:00,213.8,222.5,213.8,213.8,0.0,296.84,64208.04,0
2023-08-27,2023-08-27 11:00:00,210.0,211.17,210.0,210.08,0.04,475.4,99915.7,1
2023-08-27,2023-08-27 11:10:00,210.08,210.17,210.08,210.17,0.04,475.4,99915.7,1
2023-08-27,2023-08-27 11:20:00,210.17,210.25,210.17,210.25,0.04,475.4,99915.7,1
2023-08-27,2023-08-27 11:30:00,210.25,210.33,210.25,210.33,0.04,475.4,99915.7,1
2023-08-27,2023-08-27 11:40:00,210.33,210.42,210.33,210.42,0.04,475.4,99915.7,1
2023-08-27,2023-08-27 11:50:00,210.42,210.5,210.42,210.5,0.04,475.4,99915.7,1
2023-08-27,2023-08-27 12:00:00,210.5,210.58,210.5,210.58,0.04,475.4,99915.7,1
2023-08-27,2023-08-27 12:10:00,210.58,210.67,210.58,210.67,0.04,475.4,99915.7,1
2023-08-27,2023-08-27 12:20:00,210.67,210.75,210.67,210.75,0.04,475.4,99915.7,1
2023-08-27,2023-08-27 12:30:00,210.75,210.83,210.75,210.83,0.04,475.4,99915.7,1
2023-08-27,2023-08-27 12:40:00,210.83,210.92,210.83,210.92,0.04,475.4,99915.7,1
2023-08-27,2023-08-27 12:50:00,210.92,211.0,210.92,211.0,0.04,475.4,99915.7,1
2023-08-27,2023-08-27 13:00:00,211.0,213.9,210.0,211.08,0.04,475.4,99915.7,1
2023-08-27,2023-08-27 13:10:00,211.08,211.17,211.08,211.17,0.04,475.4,99915.7,1
2023-08-27,2023-08-27 13:20:00,211.17,211.25,211.17,211.25,0.04,475.4,99915.7,1
2023-08-27,2023-08-27 13:30:00,211.25,211.33,211.25,211.33,0.04,475.4,99915.7,1
2023-08-27,2023-08-27 13:40:00,211.33,211.42,211.33,211.42,0.04,475.4,99915.7,1
2023-08-27,2023-08-27 13:50:00,211.42,211.5,211.42,211.5,0.04,475.4,99915.7,1
2023-08-27,2023-08-27 14:00:00,211.5,211.58,211.5,211.58,0.04,475.4,99915.7,1
2023-08-27,2023-08-27 14:10:00,211.58,211.67,211.58,211.67,0.04,475.4,99915.7,1
2023-08-27,2023-08-27 14:20:00,211.67,211.75,211.67,211.75,0.04,475.4,99915.7,1
2023-08-27,2023-08-27 14:30:00,211.75,211.83,211.75,211.83,0.04,475.4,99915.7,1
2023-08-27,2023-08-27 14:40:00,211.83,211.92,211.83,211.92,0.04,475.4,99915.7,1
2023-08-27,2023-08-27 14:50:00,211.92,212.0,211.92,212.0,0.04,475.4,99915.7,1
2023-08-27,2023-08-27 15:00:00,212.0,213.9,210.0,212.0,0.0,475.4,99915.7,0
2023-08-28,2023-08-28 11:00:00,208.0,209.74,207.28,208.15,0.07,178.56,37713.04,1
2023-08-28,2023-08-28 11:10:00,208.15,208.29,208.15,208.29,0.07,178.56,37713.04,1
2023-08-28,2023-08-28 11:20:00,208.29,208.44,208.29,208.44,0.07,178.56,37713.04,1
2023-08-28,2023-08-28 11:30:00,208.44,208.58,208.44,208.58,0.07,178.56,37713.04,1
2023-08-28,2023-08-28 11:40:00,208.58,208.73,208.58,208.73,0.07,178.56,37713.04,1
2023-08-28,2023-08-28 11:50:00,208.73,208.88,208.73,208.88,0.07,178.56,37713.04,1
2023-08-28,2023-08-28 12:00:00,208.88,209.02,208.88,209.02,0.07,178.56,37713.04,1
2023-08-28,2023-08-28 12:10:00,209.02,209.17,209.02,209.17,0.07,178.56,37713.04,1
2023-08-28,2023-08-28 12:20:00,209.17,209.31,209.17,209.31,0.07,178.56,37713.04,1
2023-08-28,2023-08-28 12:30:00,209.31,209.46,209.31,209.46,0.07,178.56,37713.04,1
2023-08-28,2023-08-28 12:40:00,209.46,209.6,209.46,209.6,0.07,178.56,37713.04,1
2023-08-28,2023-08-28 12:50:00,209.6,209.75,209.6,209.75,0.07,178.56,37713.04,1
2023-08-28,2023-08-28 13:00:00,209.75,213.8,205.6,209.9,0.07,178.56,37713.04,1
2023-08-28,2023-08-28 13:10:00,209.9,210.04,209.9,210.04,0.07,178.56,37713.04,1
2023-08-28,2023-08-28 13:20:00,210.04,210.19,210.04,210.19,0.07,178.56,37713.04,1
2023-08-28,2023-08-28 13:30:00,210.19,210.33,210.19,210.33,0.07,178.56,37713.04,1
2023-08-28,2023-08-28 13:40:00,210.33,210.48,210.33,210.48,0.07,178.56,37713.04,1
2023-08-28,2023-08-28 13:50:00,210.48,210.62,210.48,210.62,0.07,178.56,37713.04,1
2023-08-28,2023-08-28 14:00:00,210.62,210.77,210.62,210.77,0.07,178.56,37713.04,1
2023-08-28,2023-08-28 14:10:00,210.77,210.92,210.77,210.92,0.07,178.56,37713.04,1
2023-08-28,2023-08-28 14:20:00,210.92,211.06,210.92,211.06,0.07,178.56,37713.04,1
2023-08-28,2023-08-28 14:30:00,211.06,211.21,211.06,211.21,0.07,178.56,37713.04,1
2023-08-28,2023-08-28 14:40:00,211.21,211.35,211.21,211.35,0.07,178.56,37713.04,1
2023-08-28,2023-08-28 14:50:00,211.35,211.5,211.35,211.5,0.07,178.56,37713.04,1
2023-08-28,2023-08-28 15:00:00,211.5,213.8,205.6,211.5,0.0,178.56,37713.04,0
2023-08-29,2023-08-29 11:00:00,212.0,212.0,210.83,211.88,-0.06,143.08,30107.65,-1
2023-08-29,2023-08-29 11:10:00,211.88,211.88,211.75,211.75,-0.06,143.08,30107.65,-1
2023-08-29,2023-08-29 11:20:00,211.75,211.75,211.62,211.62,-0.06,143.08,30107.65,-1
2023-08-29,2023-08-29 11:30:00,211.62,211.62,211.5,211.5,-0.06,143.08,30107.65,-1
2023-08-29,2023-08-29 11:40:00,211.5,211.5,211.38,211.38,-0.06,143.08,30107.65,-1
2023-08-29,2023-08-29 11:50:00,211.38,211.38,211.25,211.25,-0.06,143.08,30107.65,-1
2023-08-29,2023-08-29 12:00:00,211.25,211.25,211.12,211.12,-0.06,143.08,30107.65,-1
2023-08-29,2023-08-29 12:10:00,211.12,211.12,211.0,211.0,-0.06,143.08,30107.65,-1
2023-08-29,2023-08-29 12:20:00,211.0,211.0,210.88,210.88,-0.06,143.08,30107.65,-1
2023-08-29,2023-08-29 12:30:00,210.88,210.88,210.75,210.75,-0.06,143.08,30107.65,-1
2023-08-29,2023-08-29 12:40:00,210.75,210.75,210.62,210.62,-0.06,143.08,30107.65,-1
2023-08-29,2023-08-29 12:50:00,210.62,210.62,210.5,210.5,-0.06,143.08,30107.65,-1
2023-08-29,2023-08-29 13:00:00,210.5,212.0,208.1,210.38,-0.06,143.08,30107.65,-1
2023-08-29,2023-08-29 13:10:00,210.38,210.38,210.25,210.25,-0.06,143.08,30107.65,-1
2023-08-29,2023-08-29 13:20:00,210.25,210.25,210.12,210.12,-0.06,143.08,30107.65,-1
2023-08-29,2023-08-29 13:30:00,210.12,210.12,210.0,210.0,-0.06,143.08,30107.65,-1
2023-08-29,2023-08-29 13:40:00,210.0,210.0,209.88,209.88,-0.06,143.08,30107.65,-1
2023-08-29,2023-08-29 13:50:00,209.88,209.88,209.75,209.75,-0.06,143.08,30107.65,-1
2023-08-29,2023-08-29 14:00:00,209.75,209.75,209.62,209.62,-0.06,143.08,30107.65,-1
2023-08-29,2023-08-29 14:10:00,209.62,209.62,209.5,209.5,-0.06,143.08,30107.65,-1
2023-08-29,2023-08-29 14:20:00,209.5,209.5,209.38,209.38,-0.06,143.08,30107.65,-1
2023-08-29,2023-08-29 14:30:00,209.38,209.38,209.25,209.25,-0.06,143.08,30107.65,-1
2023-08-29,2023-08-29 14:40:00,209.25,209.25,209.12,209.12,-0.06,143.08,30107.65,-1
2023-08-29,2023-08-29 14:50:00,209.12,209.12,209.0,209.0,-0.06,143.08,30107.65,-1
2023-08-29,2023-08-29 15:00:00,209.0,212.0,208.1,209.0,0.0,143.08,30107.65,0
2023-08-30,2023-08-30 11:00:00,212.0,212.0,210.5,211.85,-0.07,268.04,56115.2,-1
2023-08-30,2023-08-30 11:10:00,211.85,211.85,211.71,211.71,-0.07,268.04,56115.2,-1
2023-08-30,2023-08-30 11:20:00,211.71,211.71,211.56,211.56,-0.07,268.04,56115.2,-1
2023-08-30,2023-08-30 11:30:00,211.56,211.56,211.42,211.42,-0.07,268.04,56115.2,-1
2023-08-30,2023-08-30 11:40:00,211.42,211.42,211.27,211.27,-0.07,268.04,56115.2,-1
2023-08-30,2023-08-30 11:50:00,211.27,211.27,211.12,211.12,-0.07,268.04,56115.2,-1
2023-08-30,2023-08-30 12:00:00,211.12,211.12,210.98,210.98,-0.07,268.04,56115.2,-1
2023-08-30,2023-08-30 12:10:00,210.98,210.98,210.83,210.83,-0.07,268.04,56115.2,-1
2023-08-30,2023-08-30 12:20:00,210.83,210.83,210.69,210.69,-0.07,268.04,56115.2,-1
2023-08-30,2023-08-30 12:30:00,210.69,210.69,210.54,210.54,-0.07,268.04,56115.2,-1
2023-08-30,2023-08-30 12:40:00,210.54,210.54,210.4,210.4,-0.07,268.04,56115.2,-1
2023-08-30,2023-08-30 12:50:00,210.4,210.4,210.25,210.25,-0.07,268.04,56115.2,-1
2023-08-30,2023-08-30 13:00:00,210.25,212.0,207.0,210.1,-0.07,268.04,56115.2,-1
2023-08-30,2023-08-30 13:10:00,210.1,210.1,209.96,209.96,-0.07,268.04,56115.2,-1
2023-08-30,2023-08-30 13:20:00,209.96,209.96,209.81,209.81,-0.07,268.04,56115.2,-1
2023-08-30,2023-08-30 13:30:00,209.81,209.81,209.67,209.67,-0.07,268.04,56115.2,-1
2023-08-30,2023-08-30 13:40:00,209.67,209.67,209.52,209.52,-0.07,268.04,56115.2,-1
2023-08-30,2023-08-30 13:50:00,209.52,209.52,209.38,209.38,-0.07,268.04,56115.2,-1
2023-08-30,2023-08-30 14:00:00,209.38,209.38,209.23,209.23,-0.07,268.04,56115.2,-1
2023-08-30,2023-08-30 14:10:00,209.23,209.23,209.08,209.08,-0.07,268.04,56115.2,-1
2023-08-30,2023-08-30 14:20:00,209.08,209.08,208.94,208.94,-0.07,268.04,56115.2,-1
2023-08-30,2023-08-30 14:30:00,208.94,208.94,208.79,208.79,-0.07,268.04,56115.2,-1
2023-08-30,2023-08-30 14:40:00,208.79,208.79,208.65,208.65,-0.07,268.04,56115.2,-1
2023-08-30,2023-08-30 14:50:00,208.65,208.65,208.5,208.5,-0.07,268.04,56115.2,-1
2023-08-30,2023-08-30 15:00:00,208.5,212.0,207.0,208.5,0.0,268.04,56115.2,0
2023-09-03,2023-09-03 11:00:00,208.6,209.62,205.42,208.2,-0.19,244.96,49898.87,-1
2023-09-03,2023-09-03 11:10:00,208.2,208.2,207.8,207.8,-0.19,244.96,49898.87,-1
2023-09-03,2023-09-03 11:20:00,207.8,207.8,207.4,207.4,-0.19,244.96,49898.87,-1
2023-09-03,2023-09-03 11:30:00,207.4,207.4,207.0,207.0,-0.19,244.96,49898.87,-1
2023-09-03,2023-09-03 11:40:00,207.0,207.0,206.6,206.6,-0.19,244.96,49898.87,-1
2023-09-03,2023-09-03 11:50:00,206.6,206.6,206.2,206.2,-0.19,244.96,49898.87,-1
2023-09-03,2023-09-03 12:00:00,206.2,206.2,205.8,205.8,-0.19,244.96,49898.87,-1
2023-09-03,2023-09-03 12:10:00,205.8,205.8,205.4,205.4,-0.19,244.96,49898.87,-1
2023-09-03,2023-09-03 12:20:00,205.4,205.4,205.0,205.0,-0.19,244.96,49898.87,-1
2023-09-03,2023-09-03 12:30:00,205.0,205.0,204.6,204.6,-0.2,244.96,49898.87,-1
2023-09-03,2023-09-03 12:40:00,204.6,204.6,204.2,204.2,-0.2,244.96,49898.87,-1
2023-09-03,2023-09-03 12:50:00,204.2,204.2,203.8,203.8,-0.2,244.96,49898.87,-1
2023-09-03,2023-09-03 13:00:00,203.8,212.0,198.0,203.4,-0.2,244.96,49898.87,-1
2023-09-03,2023-09-03 13:10:00,203.4,203.4,203.0,203.0,-0.2,244.96,49898.87,-1
2023-09-03,2023-09-03 13:20:00,203.0,203.0,202.6,202.6,-0.2,244.96,49898.87,-1
2023-09-03,2023-09-03 13:30:00,202.6,202.6,202.2,202.2,-0.2,244.96,49898.87,-1
2023-09-03,2023-09-03 13:40:00,202.2,202.2,201.8,201.8,-0.2,244.96,49898.87,-1
2023-09-03,2023-09-03 13:50:00,201.8,201.8,201.4,201.4,-0.2,244.96,49898.87,-1
2023-09-03,2023-09-03 14:00:00,201.4,201.4,201.0,201.0,-0.2,244.96,49898.87,-1
2023-09-03,2023-09-03 14:10:00,201.0,201.0,200.6,200.6,-0.2,244.96,49898.87,-1
2023-09-03,2023-09-03 14:20:00,200.6,200.6,200.2,200.2,-0.2,244.96,49898.87,-1
2023-09-03,2023-09-03 14:30:00,200.2,200.2,199.8,199.8,-0.2,244.96,49898.87,-1
2023-09-03,2023-09-03 14:40:00,199.8,199.8,199.4,199.4,-0.2,244.96,49898.87,-1
2023-09-03,2023-09-03 14:50:00,199.4,199.4,199.0,199.0,-0.2,244.96,49898.87,-1
2023-09-03,2023-09-03 15:00:00,199.0,212.0,198.0,199.0,0.0,244.96,49898.87,0
2023-09-04,2023-09-04 11:00:00,202.9,206.23,200.23,202.65,-0.12,201.08,39679.96,-1
2023-09-04,2023-09-04 11:10:00,202.65,202.65,202.41,202.41,-0.12,201.08,39679.96,-1
2023-09-04,2023-09-04 11:20:00,202.41,202.41,202.16,202.16,-0.12,201.08,39679.96,-1
2023-09-04,2023-09-04 11:30:00,202.16,202.16,201.92,201.92,-0.12,201.08,39679.96,-1
2023-09-04,2023-09-04 11:40:00,201.92,201.92,201.67,201.67,-0.12,201.08,39679.96,-1
2023-09-04,2023-09-04 11:50:00,201.67,201.67,201.43,201.43,-0.12,201.08,39679.96,-1
2023-09-04,2023-09-04 12:00:00,201.43,201.43,201.18,201.18,-0.12,201.08,39679.96,-1
2023-09-04,2023-09-04 12:10:00,201.18,201.18,200.93,200.93,-0.12,201.08,39679.96,-1
2023-09-04,2023-09-04 12:20:00,200.93,200.93,200.69,200.69,-0.12,201.08,39679.96,-1
2023-09-04,2023-09-04 12:30:00,200.69,200.69,200.44,200.44,-0.12,201.08,39679.96,-1
2023-09-04,2023-09-04 12:40:00,200.44,200.44,200.2,200.2,-0.12,201.08,39679.96,-1
2023-09-04,2023-09-04 12:50:00,200.2,200.2,199.95,199.95,-0.12,201.08,39679.96,-1
2023-09-04,2023-09-04 13:00:00,199.95,214.0,194.0,199.7,-0.13,201.08,39679.96,-1
2023-09-04,2023-09-04 13:10:00,199.7,199.7,199.46,199.46,-0.12,201.08,39679.96,-1
2023-09-04,2023-09-04 13:20:00,199.46,199.46,199.21,199.21,-0.13,201.08,39679.96,-1
2023-09-04,2023-09-04 13:30:00,199.21,199.21,198.97,198.97,-0.12,201.08,39679.96,-1
2023-09-04,2023-09-04 13:40:00,198.97,198.97,198.72,198.72,-0.13,201.08,39679.96,-1
2023-09-04,2023-09-04 13:50:00,198.72,198.72,198.47,198.47,-0.13,201.08,39679.96,-1
2023-09-04,2023-09-04 14:00:00,198.47,198.47,198.23,198.23,-0.12,201.08,39679.96,-1
2023-09-04,2023-09-04 14:10:00,198.23,198.23,197.98,197.98,-0.13,201.08,39679.96,-1
2023-09-04,2023-09-04 14:20:00,197.98,197.98,197.74,197.74,-0.12,201.08,39679.96,-1
2023-09-04,2023-09-04 14:30:00,197.74,197.74,197.49,197.49,-0.13,201.08,39679.96,-1
2023-09-04,2023-09-04 14:40:00,197.49,197.49,197.25,197.25,-0.12,201.08,39679.96,-1
2023-09-04,2023-09-04 14:50:00,197.25,197.25,197.0,197.0,-0.13,201.08,39679.96,-1
2023-09-04,2023-09-04 15:00:00,197.0,214.0,194.0,197.0,0.0,201.08,39679.96,0
2023-09-05,2023-09-05 11:00:00,196.0,197.2,196.0,196.05,0.03,65.92,13020.44,1
2023-09-05,2023-09-05 11:10:00,196.05,196.09,196.05,196.09,0.02,65.92,13020.44,1
2023-09-05,2023-09-05 11:20:00,196.09,196.14,196.09,196.14,0.03,65.92,13020.44,1
2023-09-05,2023-09-05 11:30:00,196.14,196.18,196.14,196.18,0.02,65.92,13020.44,1
2023-09-05,2023-09-05 11:40:00,196.18,196.23,196.18,196.23,0.03,65.92,13020.44,1
2023-09-05,2023-09-05 11:50:00,196.23,196.28,196.23,196.28,0.03,65.92,13020.44,1
2023-09-05,2023-09-05 12:00:00,196.28,196.32,196.28,196.32,0.02,65.92,13020.44,1
2023-09-05,2023-09-05 12:10:00,196.32,196.37,196.32,196.37,0.03,65.92,13020.44,1
2023-09-05,2023-09-05 12:20:00,196.37,196.41,196.37,196.41,0.02,65.92,13020.44,1
2023-09-05,2023-09-05 12:30:00,196.41,196.46,196.41,196.46,0.03,65.92,13020.44,1
2023-09-05,2023-09-05 12:40:00,196.46,196.5,196.46,196.5,0.02,65.92,13020.44,1
2023-09-05,2023-09-05 12:50:00,196.5,196.55,196.5,196.55,0.03,65.92,13020.44,1
2023-09-05,2023-09-05 13:00:00,196.55,200.0,196.0,196.6,0.03,65.92,13020.44,1
2023-09-05,2023-09-05 13:10:00,196.6,196.64,196.6,196.64,0.02,65.92,13020.44,1
2023-09-05,2023-09-05 13:20:00,196.64,196.69,196.64,196.69,0.03,65.92,13020.44,1
2023-09-05,2023-09-05 13:30:00,196.69,196.73,196.69,196.73,0.02,65.92,13020.44,1
2023-09-05,2023-09-05 13:40:00,196.73,196.78,196.73,196.78,0.03,65.92,13020.44,1
2023-09-05,2023-09-05 13:50:00,196.78,196.82,196.78,196.82,0.02,65.92,13020.44,1
2023-09-05,2023-09-05 14:00:00,196.82,196.87,196.82,196.87,0.03,65.92,13020.44,1
2023-09-05,2023-09-05 14:10:00,196.87,196.92,196.87,196.92,0.03,65.92,13020.44,1
2023-09-05,2023-09-05 14:20:00,196.92,196.96,196.92,196.96,0.02,65.92,13020.44,1
2023-09-05,2023-09-05 14:30:00,196.96,197.01,196.96,197.01,0.03,65.92,13020.44,1
2023-09-05,2023-09-05 14:40:00,197.01,197.05,197.01,197.05,0.02,65.92,13020.44,1
2023-09-05,2023-09-05 14:50:00,197.05,197.1,197.05,197.1,0.03,65.92,13020.44,1
2023-09-05,2023-09-05 15:00:00,197.1,200.0,196.0,197.1,0.0,65.92,13020.44,0
2023-09-07,2023-09-07 11:00:00,195.0,196.17,193.83,194.84,-0.08,155.68,30172.82,-1
2023-09-07,2023-09-07 11:10:00,194.84,194.84,194.68,194.68,-0.08,155.68,30172.82,-1
2023-09-07,2023-09-07 11:20:00,194.68,194.68,194.51,194.51,-0.09,155.68,30172.82,-1
2023-09-07,2023-09-07 11:30:00,194.51,194.51,194.35,194.35,-0.08,155.68,30172.82,-1
2023-09-07,2023-09-07 11:40:00,194.35,194.35,194.19,194.19,-0.08,155.68,30172.82,-1
2023-09-07,2023-09-07 11:50:00,194.19,194.19,194.03,194.03,-0.08,155.68,30172.82,-1
2023-09-07,2023-09-07 12:00:00,194.03,194.03,193.86,193.86,-0.09,155.68,30172.82,-1
2023-09-07,2023-09-07 12:10:00,193.86,193.86,193.7,193.7,-0.08,155.68,30172.82,-1
2023-09-07,2023-09-07 12:20:00,193.7,193.7,193.54,193.54,-0.08,155.68,30172.82,-1
2023-09-07,2023-09-07 12:30:00,193.54,193.54,193.38,193.38,-0.08,155.68,30172.82,-1
2023-09-07,2023-09-07 12:40:00,193.38,193.38,193.21,193.21,-0.09,155.68,30172.82,-1
2023-09-07,2023-09-07 12:50:00,193.21,193.21,193.05,193.05,-0.08,155.68,30172.82,-1
2023-09-07,2023-09-07 13:00:00,193.05,198.9,191.1,192.89,-0.08,155.68,30172.82,-1
2023-09-07,2023-09-07 13:10:00,192.89,192.89,192.72,192.72,-0.09,155.68,30172.82,-1
2023-09-07,2023-09-07 13:20:00,192.72,192.72,192.56,192.56,-0.08,155.68,30172.82,-1
2023-09-07,2023-09-07 13:30:00,192.56,192.56,192.4,192.4,-0.08,155.68,30172.82,-1
2023-09-07,2023-09-07 13:40:00,192.4,192.4,192.24,192.24,-0.08,155.68,30172.82,-1
2023-09-07,2023-09-07 13:50:00,192.24,192.24,192.07,192.07,-0.09,155.68,30172.82,-1
2023-09-07,2023-09-07 14:00:00,192.07,192.07,191.91,191.91,-0.08,155.68,30172.82,-1
2023-09-07,2023-09-07 14:10:00,191.91,191.91,191.75,191.75,-0.08,155.68,30172.82,-1
2023-09-07,2023-09-07 14:20:00,191.75,191.75,191.59,191.59,-0.08,155.68,30172.82,-1
2023-09-07,2023-09-07 14:30:00,191.59,191.59,191.42,191.42,-0.09,155.68,30172.82,-1
2023-09-07,2023-09-07 14:40:00,191.42,191.42,191.26,191.26,-0.08,155.68,30172.82,-1
2023-09-07,2023-09-07 14:50:00,191.26,191.26,191.1,191.1,-0.08,155.68,30172.82,-1
2023-09-07,2023-09-07 15:00:00,191.1,198.9,191.1,191.1,0.0,155.68,30172.82,0
2023-09-10,2023-09-10 11:00:00,194.9,196.4,193.31,194.9,0.0,84.68,16341.01,0
2023-09-10,2023-09-10 11:10:00,194.9,194.91,194.9,194.91,0.01,84.68,16341.01,1
2023-09-10,2023-09-10 11:20:00,194.91,194.91,194.91,194.91,0.0,84.68,16341.01,0
2023-09-10,2023-09-10 11:30:00,194.91,194.92,194.91,194.92,0.01,84.68,16341.01,1
2023-09-10,2023-09-10 11:40:00,194.92,194.92,194.92,194.92,0.0,84.68,16341.01,0
2023-09-10,2023-09-10 11:50:00,194.92,194.93,194.92,194.93,0.01,84.68,16341.01,1
2023-09-10,2023-09-10 12:00:00,194.93,194.93,194.93,194.93,0.0,84.68,16341.01,0
2023-09-10,2023-09-10 12:10:00,194.93,194.93,194.93,194.93,0.0,84.68,16341.01,0
2023-09-10,2023-09-10 12:20:00,194.93,194.94,194.93,194.94,0.01,84.68,16341.01,1
2023-09-10,2023-09-10 12:30:00,194.94,194.94,194.94,194.94,0.0,84.68,16341.01,0
2023-09-10,2023-09-10 12:40:00,194.94,194.95,194.94,194.95,0.01,84.68,16341.01,1
2023-09-10,2023-09-10 12:50:00,194.95,194.95,194.95,194.95,0.0,84.68,16341.01,0
2023-09-10,2023-09-10 13:00:00,194.95,199.9,189.6,194.95,0.0,84.68,16341.01,0
2023-09-10,2023-09-10 13:10:00,194.95,194.96,194.95,194.96,0.01,84.68,16341.01,1
2023-09-10,2023-09-10 13:20:00,194.96,194.96,194.96,194.96,0.0,84.68,16341.01,0
2023-09-10,2023-09-10 13:30:00,194.96,194.97,194.96,194.97,0.01,84.68,16341.01,1
2023-09-10,2023-09-10 13:40:00,194.97,194.97,194.97,194.97,0.0,84.68,16341.01,0
2023-09-10,2023-09-10 13:50:00,194.97,194.97,194.97,194.97,0.0,84.68,16341.01,0
2023-09-10,2023-09-10 14:00:00,194.97,194.98,194.97,194.98,0.01,84.68,16341.01,1
2023-09-10,2023-09-10 14:10:00,194.98,194.98,194.98,194.98,0.0,84.68,16341.01,0
2023-09-10,2023-09-10 14:20:00,194.98,194.99,194.98,194.99,0.01,84.68,16341.01,1
2023-09-10,2023-09-10 14:30:00,194.99,194.99,194.99,194.99,0.0,84.68,16341.01,0
2023-09-10,2023-09-10 14:40:00,194.99,195.0,194.99,195.0,0.01,84.68,16341.01,1
2023-09-10,2023-09-10 14:50:00,195.0,195.0,195.0,195.0,0.0,84.68,16341.01,0
2023-09-10,2023-09-10 15:00:00,195.0,199.9,189.6,195.0,0.0,84.68,16341.01,0
2023-09-11,2023-09-11 11:00:00,198.9,200.07,197.73,198.95,0.03,190.76,38089.11,1
2023-09-11,2023-09-11 11:10:00,198.95,198.99,198.95,198.99,0.02,190.76,38089.11,1
2023-09-11,2023-09-11 11:20:00,198.99,199.04,198.99,199.04,0.03,190.76,38089.11,1
2023-09-11,2023-09-11 11:30:00,199.04,199.08,199.04,199.08,0.02,190.76,38089.11,1
2023-09-11,2023-09-11 11:40:00,199.08,199.13,199.08,199.13,0.03,190.76,38089.11,1
2023-09-11,2023-09-11 11:50:00,199.13,199.18,199.13,199.18,0.03,190.76,38089.11,1
2023-09-11,2023-09-11 12:00:00,199.18,199.22,199.18,199.22,0.02,190.76,38089.11,1
2023-09-11,2023-09-11 12:10:00,199.22,199.27,199.22,199.27,0.03,190.76,38089.11,1
2023-09-11,2023-09-11 12:20:00,199.27,199.31,199.27,199.31,0.02,190.76,38089.11,1
2023-09-11,2023-09-11 12:30:00,199.31,199.36,199.31,199.36,0.03,190.76,38089.11,1
2023-09-11,2023-09-11 12:40:00,199.36,199.4,199.36,199.4,0.02,190.76,38089.11,1
2023-09-11,2023-09-11 12:50:00,199.4,199.45,199.4,199.45,0.03,190.76,38089.11,1
2023-09-11,2023-09-11 13:00:00,199.45,202.8,195.0,199.5,0.03,190.76,38089.11,1
2023-09-11,2023-09-11 13:10:00,199.5,199.54,199.5,199.54,0.02,190.76,38089.11,1
2023-09-11,2023-09-11 13:20:00,199.54,199.59,199.54,199.59,0.03,190.76,38089.11,1
2023-09-11,2023-09-11 13:30:00,199.59,199.63,199.59,199.63,0.02,190.76,38089.11,1
2023-09-11,2023-09-11 13:40:00,199.63,199.68,199.63,199.68,0.03,190.76,38089.11,1
2023-09-11,2023-09-11 13:50:00,199.68,199.72,199.68,199.72,0.02,190.76,38089.11,1
2023-09-11,2023-09-11 14:00:00,199.72,199.77,199.72,199.77,0.03,190.76,38089.11,1
2023-09-11,2023-09-11 14:10:00,199.77,199.82,199.77,199.82,0.03,190.76,38089.11,1
2023-09-11,2023-09-11 14:20:00,199.82,199.86,199.82,199.86,0.02,190.76,38089.11,1
2023-09-11,2023-09-11 14:30:00,199.86,199.91,199.86,199.91,0.03,190.76,38089.11,1
2023-09-11,2023-09-11 14:40:00,199.91,199.95,199.91,199.95,0.02,190.76,38089.11,1
2023-09-11,2023-09-11 14:50:00,199.95,200.0,199.95,200.0,0.03,190.76,38089.11,1
2023-09-11,2023-09-11 15:00:00,200.0,202.8,195.0,200.0,0.0,190.76,38089.11,0
2023-09-12,2023-09-12 11:00:00,204.0,205.2,201.3,203.75,-0.12,317.84,63594.39,-1
2023-09-12,2023-09-12 11:10:00,203.75,203.75,203.5,203.5,-0.12,317.84,63594.39,-1
2023-09-12,2023-09-12 11:20:00,203.5,203.5,203.25,203.25,-0.12,317.84,63594.39,-1
2023-09-12,2023-09-12 11:30:00,203.25,203.25,203.0,203.0,-0.12,317.84,63594.39,-1
2023-09-12,2023-09-12 11:40:00,203.0,203.0,202.75,202.75,-0.12,317.84,63594.39,-1
2023-09-12,2023-09-12 11:50:00,202.75,202.75,202.5,202.5,-0.12,317.84,63594.39,-1
2023-09-12,2023-09-12 12:00:00,202.5,202.5,202.25,202.25,-0.12,317.84,63594.39,-1
2023-09-12,2023-09-12 12:10:00,202.25,202.25,202.0,202.0,-0.12,317.84,63594.39,-1
2023-09-12,2023-09-12 12:20:00,202.0,202.0,201.75,201.75,-0.12,317.84,63594.39,-1
2023-09-12,2023-09-12 12:30:00,201.75,201.75,201.5,201.5,-0.12,317.84,63594.39,-1
2023-09-12,2023-09-12 12:40:00,201.5,201.5,201.25,201.25,-0.12,317.84,63594.39,-1
2023-09-12,2023-09-12 12:50:00,201.25,201.25,201.0,201.0,-0.12,317.84,63594.39,-1
2023-09-12,2023-09-12 13:00:00,201.0,208.0,195.0,200.75,-0.12,317.84,63594.39,-1
2023-09-12,2023-09-12 13:10:00,200.75,200.75,200.5,200.5,-0.12,317.84,63594.39,-1
2023-09-12,2023-09-12 13:20:00,200.5,200.5,200.25,200.25,-0.12,317.84,63594.39,-1
2023-09-12,2023-09-12 13:30:00,200.25,200.25,200.0,200.0,-0.12,317.84,63594.39,-1
2023-09-12,2023-09-12 13:40:00,200.0,200.0,199.75,199.75,-0.12,317.84,63594.39,-1
2023-09-12,2023-09-12 13:50:00,199.75,199.75,199.5,199.5,-0.13,317.84,63594.39,-1
2023-09-12,2023-09-12 14:00:00,199.5,199.5,199.25,199.25,-0.13,317.84,63594.39,-1
2023-09-12,2023-09-12 14:10:00,199.25,199.25,199.0,199.0,-0.13,317.84,63594.39,-1
2023-09-12,2023-09-12 14:20:00,199.0,199.0,198.75,198.75,-0.13,317.84,63594.39,-1
2023-09-12,2023-09-12 14:30:00,198.75,198.75,198.5,198.5,-0.13,317.84,63594.39,-1
2023-09-12,2023-09-12 14:40:00,198.5,198.5,198.25,198.25,-0.13,317.84,63594.39,-1
2023-09-12,2023-09-12 14:50:00,198.25,198.25,198.0,198.0,-0.13,317.84,63594.39,-1
2023-09-12,2023-09-12 15:00:00,198.0,208.0,195.0,198.0,0.0,317.84,63594.39,0
2023-09-13,2023-09-13 11:00:00,201.5,202.7,201.05,201.57,0.03,220.76,45016.15,1
2023-09-13,2023-09-13 11:10:00,201.57,201.63,201.57,201.63,0.03,220.76,45016.15,1
2023-09-13,2023-09-13 11:20:00,201.63,201.7,201.63,201.7,0.03,220.76,45016.15,1
2023-09-13,2023-09-13 11:30:00,201.7,201.77,201.7,201.77,0.03,220.76,45016.15,1
2023-09-13,2023-09-13 11:40:00,201.77,201.83,201.77,201.83,0.03,220.76,45016.15,1
2023-09-13,2023-09-13 11:50:00,201.83,201.9,201.83,201.9,0.03,220.76,45016.15,1
2023-09-13,2023-09-13 12:00:00,201.9,201.97,201.9,201.97,0.03,220.76,45016.15,1
2023-09-13,2023-09-13 12:10:00,201.97,202.03,201.97,202.03,0.03,220.76,45016.15,1
2023-09-13,2023-09-13 12:20:00,202.03,202.1,202.03,202.1,0.03,220.76,45016.15,1
2023-09-13,2023-09-13 12:30:00,202.1,202.17,202.1,202.17,0.03,220.76,45016.15,1
2023-09-13,2023-09-13 12:40:00,202.17,202.23,202.17,202.23,0.03,220.76,45016.15,1
2023-09-13,2023-09-13 12:50:00,202.23,202.3,202.23,202.3,0.03,220.76,45016.15,1
2023-09-13,2023-09-13 13:00:00,202.3,205.5,200.0,202.37,0.03,220.76,45016.15,1
2023-09-13,2023-09-13 13:10:00,202.37,202.43,202.37,202.43,0.03,220.76,45016.15,1
2023-09-13,2023-09-13 13:20:00,202.43,202.5,202.43,202.5,0.03,220.76,45016.15,1
2023-09-13,2023-09-13 13:30:00,202.5,202.57,202.5,202.57,0.03,220.76,45016.15,1
2023-09-13,2023-09-13 13:40:00,202.57,202.63,202.57,202.63,0.03,220.76,45016.15,1
2023-09-13,2023-09-13 13:50:00,202.63,202.7,202.63,202.7,0.03,220.76,45016.15,1
2023-09-13,2023-09-13 14:00:00,202.7,202.77,202.7,202.77,0.03,220.76,45016.15,1
2023-09-13,2023-09-13 14:10:00,202.77,202.83,202.77,202.83,0.03,220.76,45016.15,1
2023-09-13,2023-09-13 14:20:00,202.83,202.9,202.83,202.9,0.03,220.76,45016.15,1
2023-09-13,2023-09-13 14:30:00,202.9,202.97,202.9,202.97,0.03,220.76,45016.15,1
2023-09-13,2023-09-13 14:40:00,202.97,203.03,202.97,203.03,0.03,220.76,45016.15,1
2023-09-13,2023-09-13 14:50:00,203.03,203.1,203.03,203.1,0.03,220.76,45016.15,1
2023-09-13,2023-09-13 15:00:00,203.1,205.5,200.0,203.1,0.0,220.76,45016.15,0
2023-09-17,2023-09-17 11:00:00,200.0,200.57,198.5,199.79,-0.11,210.0,41354.38,-1
2023-09-17,2023-09-17 11:10:00,199.79,199.79,199.58,199.58,-0.11,210.0,41354.38,-1
2023-09-17,2023-09-17 11:20:00,199.58,199.58,199.38,199.38,-0.1,210.0,41354.38,-1
2023-09-17,2023-09-17 11:30:00,199.38,199.38,199.17,199.17,-0.11,210.0,41354.38,-1
2023-09-17,2023-09-17 11:40:00,199.17,199.17,198.96,198.96,-0.11,210.0,41354.38,-1
2023-09-17,2023-09-17 11:50:00,198.96,198.96,198.75,198.75,-0.11,210.0,41354.38,-1
2023-09-17,2023-09-17 12:00:00,198.75,198.75,198.54,198.54,-0.11,210.0,41354.38,-1
2023-09-17,2023-09-17 12:10:00,198.54,198.54,198.33,198.33,-0.11,210.0,41354.38,-1
2023-09-17,2023-09-17 12:20:00,198.33,198.33,198.12,198.12,-0.11,210.0,41354.38,-1
2023-09-17,2023-09-17 12:30:00,198.12,198.12,197.92,197.92,-0.1,210.0,41354.38,-1
2023-09-17,2023-09-17 12:40:00,197.92,197.92,197.71,197.71,-0.11,210.0,41354.38,-1
2023-09-17,2023-09-17 12:50:00,197.71,197.71,197.5,197.5,-0.11,210.0,41354.38,-1
2023-09-17,2023-09-17 13:00:00,197.5,201.9,195.0,197.29,-0.11,210.0,41354.38,-1
2023-09-17,2023-09-17 13:10:00,197.29,197.29,197.08,197.08,-0.11,210.0,41354.38,-1
2023-09-17,2023-09-17 13:20:00,197.08,197.08,196.88,196.88,-0.1,210.0,41354.38,-1
2023-09-17,2023-09-17 13:30:00,196.88,196.88,196.67,196.67,-0.11,210.0,41354.38,-1
2023-09-17,2023-09-17 13:40:00,196.67,196.67,196.46,196.46,-0.11,210.0,41354.38,-1
2023-09-17,2023-09-17 13:50:00,196.46,196.46,196.25,196.25,-0.11,210.0,41354.38,-1
2023-09-17,2023-09-17 14:00:00,196.25,196.25,196.04,196.04,-0.11,210.0,41354.38,-1
2023-09-17,2023-09-17 14:10:00,196.04,196.04,195.83,195.83,-0.11,210.0,41354.38,-1
2023-09-17,2023-09-17 14:20:00,195.83,195.83,195.62,195.62,-0.11,210.0,41354.38,-1
2023-09-17,2023-09-17 14:30:00,195.62,195.62,195.42,195.42,-0.1,210.0,41354.38,-1
2023-09-17,2023-09-17 14:40:00,195.42,195.42,195.21,195.21,-0.11,210.0,41354.38,-1
2023-09-17,2023-09-17 14:50:00,195.21,195.21,195.0,195.0,-0.11,210.0,41354.38,-1
2023-09-17,2023-09-17 15:00:00,195.0,201.9,195.0,195.0,0.0,210.0,41354.38,0
2023-09-18,2023-09-18 11:00:00,195.0,196.2,194.4,195.16,0.08,127.6,25104.38,1
2023-09-18,2023-09-18 11:10:00,195.16,195.32,195.16,195.32,0.08,127.6,25104.38,1
2023-09-18,2023-09-18 11:20:00,195.32,195.49,195.32,195.49,0.09,127.6,25104.38,1
2023-09-18,2023-09-18 11:30:00,195.49,195.65,195.49,195.65,0.08,127.6,25104.38,1
2023-09-18,2023-09-18 11:40:00,195.65,195.81,195.65,195.81,0.08,127.6,25104.38,1
2023-09-18,2023-09-18 11:50:00,195.81,195.97,195.81,195.97,0.08,127.6,25104.38,1
2023-09-18,2023-09-18 12:00:00,195.97,196.14,195.97,196.14,0.09,127.6,25104.38,1
2023-09-18,2023-09-18 12:10:00,196.14,196.3,196.14,196.3,0.08,127.6,25104.38,1
2023-09-18,2023-09-18 12:20:00,196.3,196.46,196.3,196.46,0.08,127.6,25104.38,1
2023-09-18,2023-09-18 12:30:00,196.46,196.62,196.46,196.62,0.08,127.6,25104.38,1
2023-09-18,2023-09-18 12:40:00,196.62,196.79,196.62,196.79,0.09,127.6,25104.38,1
2023-09-18,2023-09-18 12:50:00,196.79,196.95,196.79,196.95,0.08,127.6,25104.38,1
2023-09-18,2023-09-18 13:00:00,196.95,199.0,193.0,197.11,0.08,127.6,25104.38,1
2023-09-18,2023-09-18 13:10:00,197.11,197.28,197.11,197.28,0.09,127.6,25104.38,1
2023-09-18,2023-09-18 13:20:00,197.28,197.44,197.28,197.44,0.08,127.6,25104.38,1
2023-09-18,2023-09-18 13:30:00,197.44,197.6,197.44,197.6,0.08,127.6,25104.38,1
2023-09-18,2023-09-18 13:40:00,197.6,197.76,197.6,197.76,0.08,127.6,25104.38,1
2023-09-18,2023-09-18 13:50:00,197.76,197.93,197.76,197.93,0.09,127.6,25104.38,1
2023-09-18,2023-09-18 14:00:00,197.93,198.09,197.93,198.09,0.08,127.6,25104.38,1
2023-09-18,2023-09-18 14:10:00,198.09,198.25,198.09,198.25,0.08,127.6,25104.38,1
2023-09-18,2023-09-18 14:20:00,198.25,198.41,198.25,198.41,0.08,127.6,25104.38,1
2023-09-18,2023-09-18 14:30:00,198.41,198.58,198.41,198.58,0.09,127.6,25104.38,1
2023-09-18,2023-09-18 14:40:00,198.58,198.74,198.58,198.74,0.08,127.6,25104.38,1
2023-09-18,2023-09-18 14:50:00,198.74,198.9,198.74,198.9,0.08,127.6,25104.38,1
2023-09-18,2023-09-18 15:00:00,198.9,199.0,193.0,198.9,0.0,127.6,25104.38,0
2023-09-19,2023-09-19 11:00:00,198.0,201.0,197.4,198.38,0.19,432.56,87710.04,1
2023-09-19,2023-09-19 11:10:00,198.38,198.75,198.38,198.75,0.19,432.56,87710.04,1
2023-09-19,2023-09-19 11:20:00,198.75,199.12,198.75,199.12,0.19,432.56,87710.04,1
2023-09-19,2023-09-19 11:30:00,199.12,199.5,199.12,199.5,0.19,432.56,87710.04,1
2023-09-19,2023-09-19 11:40:00,199.5,199.88,199.5,199.88,0.19,432.56,87710.04,1
2023-09-19,2023-09-19 11:50:00,199.88,200.25,199.88,200.25,0.19,432.56,87710.04,1
2023-09-19,2023-09-19 12:00:00,200.25,200.62,200.25,200.62,0.18,432.56,87710.04,1
2023-09-19,2023-09-19 12:10:00,200.62,201.0,200.62,201.0,0.19,432.56,87710.04,1
2023-09-19,2023-09-19 12:20:00,201.0,201.38,201.0,201.38,0.19,432.56,87710.04,1
2023-09-19,2023-09-19 12:30:00,201.38,201.75,201.38,201.75,0.18,432.56,87710.04,1
2023-09-19,2023-09-19 12:40:00,201.75,202.12,201.75,202.12,0.18,432.56,87710.04,1
2023-09-19,2023-09-19 12:50:00,202.12,202.5,202.12,202.5,0.19,432.56,87710.04,1
2023-09-19,2023-09-19 13:00:00,202.5,208.0,196.0,202.88,0.19,432.56,87710.04,1
2023-09-19,2023-09-19 13:10:00,202.88,203.25,202.88,203.25,0.18,432.56,87710.04,1
2023-09-19,2023-09-19 13:20:00,203.25,203.62,203.25,203.62,0.18,432.56,87710.04,1
2023-09-19,2023-09-19 13:30:00,203.62,204.0,203.62,204.0,0.19,432.56,87710.04,1
2023-09-19,2023-09-19 13:40:00,204.0,204.38,204.0,204.38,0.19,432.56,87710.04,1
2023-09-19,2023-09-19 13:50:00,204.38,204.75,204.38,204.75,0.18,432.56,87710.04,1
2023-09-19,2023-09-19 14:00:00,204.75,205.12,204.75,205.12,0.18,432.56,87710.04,1
2023-09-19,2023-09-19 14:10:00,205.12,205.5,205.12,205.5,0.19,432.56,87710.04,1
2023-09-19,2023-09-19 14:20:00,205.5,205.88,205.5,205.88,0.18,432.56,87710.04,1
2023-09-19,2023-09-19 14:30:00,205.88,206.25,205.88,206.25,0.18,432.56,87710.04,1
2023-09-19,2023-09-19 14:40:00,206.25,206.62,206.25,206.62,0.18,432.56,87710.04,1
2023-09-19,2023-09-19 14:50:00,206.62,207.0,206.62,207.0,0.18,432.56,87710.04,1
2023-09-19,2023-09-19 15:00:00,207.0,208.0,196.0,207.0,0.0,432.56,87710.04,0
2023-09-21,2023-09-21 11:00:00,211.1,216.08,210.77,211.64,0.26,931.28,204525.06,1
2023-09-21,2023-09-21 11:10:00,211.64,212.17,211.64,212.17,0.25,931.28,204525.06,1
2023-09-21,2023-09-21 11:20:00,212.17,212.71,212.17,212.71,0.25,931.28,204525.06,1
2023-09-21,2023-09-21 11:30:00,212.71,213.25,212.71,213.25,0.25,931.28,204525.06,1
2023-09-21,2023-09-21 11:40:00,213.25,213.79,213.25,213.79,0.25,931.28,204525.06,1
2023-09-21,2023-09-21 11:50:00,213.79,214.32,213.79,214.32,0.25,931.28,204525.06,1
2023-09-21,2023-09-21 12:00:00,214.32,214.86,214.32,214.86,0.25,931.28,204525.06,1
2023-09-21,2023-09-21 12:10:00,214.86,215.4,214.86,215.4,0.25,931.28,204525.06,1
2023-09-21,2023-09-21 12:20:00,215.4,215.94,215.4,215.94,0.25,931.28,204525.06,1
2023-09-21,2023-09-21 12:30:00,215.94,216.47,215.94,216.47,0.25,931.28,204525.06,1
2023-09-21,2023-09-21 12:40:00,216.47,217.01,216.47,217.01,0.25,931.28,204525.06,1
2023-09-21,2023-09-21 12:50:00,217.01,217.55,217.01,217.55,0.25,931.28,204525.06,1
2023-09-21,2023-09-21 13:00:00,217.55,227.7,210.0,218.09,0.25,931.28,204525.06,1
2023-09-21,2023-09-21 13:10:00,218.09,218.62,218.09,218.62,0.24,931.28,204525.06,1
2023-09-21,2023-09-21 13:20:00,218.62,219.16,218.62,219.16,0.25,931.28,204525.06,1
2023-09-21,2023-09-21 13:30:00,219.16,219.7,219.16,219.7,0.25,931.28,204525.06,1
2023-09-21,2023-09-21 13:40:00,219.7,220.24,219.7,220.24,0.25,931.28,204525.06,1
2023-09-21,2023-09-21 13:50:00,220.24,220.78,220.24,220.78,0.25,931.28,204525.06,1
2023-09-21,2023-09-21 14:00:00,220.78,221.31,220.78,221.31,0.24,931.28,204525.06,1
2023-09-21,2023-09-21 14:10:00,221.31,221.85,221.31,221.85,0.24,931.28,204525.06,1
2023-09-21,2023-09-21 14:20:00,221.85,222.39,221.85,222.39,0.24,931.28,204525.06,1
2023-09-21,2023-09-21 14:30:00,222.39,222.93,222.39,222.93,0.24,931.28,204525.06,1
2023-09-21,2023-09-21 14:40:00,222.93,223.46,222.93,223.46,0.24,931.28,204525.06,1
2023-09-21,2023-09-21 14:50:00,223.46,224.0,223.46,224.0,0.24,931.28,204525.06,1
2023-09-21,2023-09-21 15:00:00,224.0,227.7,210.0,224.0,0.0,931.28,204525.06,0
2023-09-24,2023-09-24 11:00:00,219.6,223.47,217.71,219.59,-0.0,515.16,114408.88,-1
2023-09-24,2023-09-24 11:10:00,219.59,219.59,219.57,219.57,-0.01,515.16,114408.88,-1
2023-09-24,2023-09-24 11:20:00,219.57,219.57,219.56,219.56,-0.0,515.16,114408.88,-1
2023-09-24,2023-09-24 11:30:00,219.56,219.56,219.55,219.55,-0.0,515.16,114408.88,-1
2023-09-24,2023-09-24 11:40:00,219.55,219.55,219.54,219.54,-0.0,515.16,114408.88,-1
2023-09-24,2023-09-24 11:50:00,219.54,219.54,219.53,219.53,-0.0,515.16,114408.88,-1
2023-09-24,2023-09-24 12:00:00,219.53,219.53,219.51,219.51,-0.01,515.16,114408.88,-1
2023-09-24,2023-09-24 12:10:00,219.51,219.51,219.5,219.5,-0.0,515.16,114408.88,-1
2023-09-24,2023-09-24 12:20:00,219.5,219.5,219.49,219.49,-0.0,515.16,114408.88,-1
2023-09-24,2023-09-24 12:30:00,219.49,219.49,219.47,219.47,-0.01,515.16,114408.88,-1
2023-09-24,2023-09-24 12:40:00,219.47,219.47,219.46,219.46,-0.0,515.16,114408.88,-1
2023-09-24,2023-09-24 12:50:00,219.46,219.46,219.45,219.45,-0.0,515.16,114408.88,-1
2023-09-24,2023-09-24 13:00:00,219.45,232.5,213.3,219.44,-0.0,515.16,114408.88,-1
2023-09-24,2023-09-24 13:10:00,219.44,219.44,219.43,219.43,-0.0,515.16,114408.88,-1
2023-09-24,2023-09-24 13:20:00,219.43,219.43,219.41,219.41,-0.01,515.16,114408.88,-1
2023-09-24,2023-09-24 13:30:00,219.41,219.41,219.4,219.4,-0.0,515.16,114408.88,-1
2023-09-24,2023-09-24 13:40:00,219.4,219.4,219.39,219.39,-0.0,515.16,114408.88,-1
2023-09-24,2023-09-24 13:50:00,219.39,219.39,219.38,219.38,-0.0,515.16,114408.88,-1
2023-09-24,2023-09-24 14:00:00,219.38,219.38,219.36,219.36,-0.01,515.16,114408.88,-1
2023-09-24,2023-09-24 14:10:00,219.36,219.36,219.35,219.35,-0.0,515.16,114408.88,-1
2023-09-24,2023-09-24 14:20:00,219.35,219.35,219.34,219.34,-0.0,515.16,114408.88,-1
2023-09-24,2023-09-24 14:30:00,219.34,219.34,219.33,219.33,-0.0,515.16,114408.88,-1
2023-09-24,2023-09-24 14:40:00,219.33,219.33,219.31,219.31,-0.01,515.16,114408.88,-1
2023-09-24,2023-09-24 14:50:00,219.31,219.31,219.3,219.3,-0.0,515.16,114408.88,-1
2023-09-24,2023-09-24 15:00:00,219.3,232.5,213.3,219.3,0.0,515.16,114408.88,0
2023-09-25,2023-09-25 11:00:00,215.0,218.9,215.0,215.33,0.15,712.64,159218.95,1
2023-09-25,2023-09-25 11:10:00,215.33,215.66,215.33,215.66,0.15,712.64,159218.95,1
2023-09-25,2023-09-25 11:20:00,215.66,215.99,215.66,215.99,0.15,712.64,159218.95,1
2023-09-25,2023-09-25 11:30:00,215.99,216.32,215.99,216.32,0.15,712.64,159218.95,1
2023-09-25,2023-09-25 11:40:00,216.32,216.65,216.32,216.65,0.15,712.64,159218.95,1
2023-09-25,2023-09-25 11:50:00,216.65,216.97,216.65,216.97,0.15,712.64,159218.95,1
2023-09-25,2023-09-25 12:00:00,216.97,217.3,216.97,217.3,0.15,712.64,159218.95,1
2023-09-25,2023-09-25 12:10:00,217.3,217.63,217.3,217.63,0.15,712.64,159218.95,1
2023-09-25,2023-09-25 12:20:00,217.63,217.96,217.63,217.96,0.15,712.64,159218.95,1
2023-09-25,2023-09-25 12:30:00,217.96,218.29,217.96,218.29,0.15,712.64,159218.95,1
2023-09-25,2023-09-25 12:40:00,218.29,218.62,218.29,218.62,0.15,712.64,159218.95,1
2023-09-25,2023-09-25 12:50:00,218.62,218.95,218.62,218.95,0.15,712.64,159218.95,1
2023-09-25,2023-09-25 13:00:00,218.95,228.0,215.0,219.28,0.15,712.64,159218.95,1
2023-09-25,2023-09-25 13:10:00,219.28,219.61,219.28,219.61,0.15,712.64,159218.95,1
2023-09-25,2023-09-25 13:20:00,219.61,219.94,219.61,219.94,0.15,712.64,159218.95,1
2023-09-25,2023-09-25 13:30:00,219.94,220.27,219.94,220.27,0.15,712.64,159218.95,1
2023-09-25,2023-09-25 13:40:00,220.27,220.6,220.27,220.6,0.15,712.64,159218.95,1
2023-09-25,2023-09-25 13:50:00,220.6,220.93,220.6,220.93,0.15,712.64,159218.95,1
2023-09-25,2023-09-25 14:00:00,220.93,221.25,220.93,221.25,0.14,712.64,159218.95,1
2023-09-25,2023-09-25 14:10:00,221.25,221.58,221.25,221.58,0.15,712.64,159218.95,1
2023-09-25,2023-09-25 14:20:00,221.58,221.91,221.58,221.91,0.15,712.64,159218.95,1
2023-09-25,2023-09-25 14:30:00,221.91,222.24,221.91,222.24,0.15,712.64,159218.95,1
2023-09-25,2023-09-25 14:40:00,222.24,222.57,222.24,222.57,0.15,712.64,159218.95,1
2023-09-25,2023-09-25 14:50:00,222.57,222.9,222.57,222.9,0.15,712.64,159218.95,1
2023-09-25,2023-09-25 15:00:00,222.9,228.0,215.0,222.9,0.0,712.64,159218.95,0
2023-09-26,2023-09-26 11:00:00,227.3,228.41,226.01,227.25,-0.02,456.76,103797.61,-1
2023-09-26,2023-09-26 11:10:00,227.25,227.25,227.19,227.19,-0.03,456.76,103797.61,-1
2023-09-26,2023-09-26 11:20:00,227.19,227.19,227.14,227.14,-0.02,456.76,103797.61,-1
2023-09-26,2023-09-26 11:30:00,227.14,227.14,227.08,227.08,-0.03,456.76,103797.61,-1
2023-09-26,2023-09-26 11:40:00,227.08,227.08,227.03,227.03,-0.02,456.76,103797.61,-1
2023-09-26,2023-09-26 11:50:00,227.03,227.03,226.98,226.98,-0.02,456.76,103797.61,-1
2023-09-26,2023-09-26 12:00:00,226.98,226.98,226.92,226.92,-0.03,456.76,103797.61,-1
2023-09-26,2023-09-26 12:10:00,226.92,226.92,226.87,226.87,-0.02,456.76,103797.61,-1
2023-09-26,2023-09-26 12:20:00,226.87,226.87,226.81,226.81,-0.03,456.76,103797.61,-1
2023-09-26,2023-09-26 12:30:00,226.81,226.81,226.76,226.76,-0.02,456.76,103797.61,-1
2023-09-26,2023-09-26 12:40:00,226.76,226.76,226.7,226.7,-0.03,456.76,103797.61,-1
2023-09-26,2023-09-26 12:50:00,226.7,226.7,226.65,226.65,-0.02,456.76,103797.61,-1
2023-09-26,2023-09-26 13:00:00,226.65,231.0,223.0,226.6,-0.02,456.76,103797.61,-1
2023-09-26,2023-09-26 13:10:00,226.6,226.6,226.54,226.54,-0.03,456.76,103797.61,-1
2023-09-26,2023-09-26 13:20:00,226.54,226.54,226.49,226.49,-0.02,456.76,103797.61,-1
2023-09-26,2023-09-26 13:30:00,226.49,226.49,226.43,226.43,-0.03,456.76,103797.61,-1
2023-09-26,2023-09-26 13:40:00,226.43,226.43,226.38,226.38,-0.02,456.76,103797.61,-1
2023-09-26,2023-09-26 13:50:00,226.38,226.38,226.32,226.32,-0.03,456.76,103797.61,-1
2023-09-26,2023-09-26 14:00:00,226.32,226.32,226.27,226.27,-0.02,456.76,103797.61,-1
2023-09-26,2023-09-26 14:10:00,226.27,226.27,226.22,226.22,-0.02,456.76,103797.61,-1
2023-09-26,2023-09-26 14:20:00,226.22,226.22,226.16,226.16,-0.03,456.76,103797.61,-1
2023-09-26,2023-09-26 14:30:00,226.16,226.16,226.11,226.11,-0.02,456.76,103797.61,-1
2023-09-26,2023-09-26 14:40:00,226.11,226.11,226.05,226.05,-0.03,456.76,103797.61,-1
2023-09-26,2023-09-26 14:50:00,226.05,226.05,226.0,226.0,-0.02,456.76,103797.61,-1
2023-09-26,2023-09-26 15:00:00,226.0,231.0,223.0,226.0,0.0,456.76,103797.61,0
2023-09-27,2023-09-27 11:00:00,223.0,223.9,220.66,223.0,0.0,246.32,54438.98,0
2023-09-27,2023-09-27 11:10:00,223.0,223.0,223.0,223.0,0.0,246.32,54438.98,0
2023-09-27,2023-09-27 11:20:00,223.0,223.0,223.0,223.0,0.0,246.32,54438.98,0
2023-09-27,2023-09-27 11:30:00,223.0,223.0,223.0,223.0,0.0,246.32,54438.98,0
2023-09-27,2023-09-27 11:40:00,223.0,223.0,223.0,223.0,0.0,246.32,54438.98,0
2023-09-27,2023-09-27 11:50:00,223.0,223.0,223.0,223.0,0.0,246.32,54438.98,0
2023-09-27,2023-09-27 12:00:00,223.0,223.0,223.0,223.0,0.0,246.32,54438.98,0
2023-09-27,2023-09-27 12:10:00,223.0,223.0,223.0,223.0,0.0,246.32,54438.98,0
2023-09-27,2023-09-27 12:20:00,223.0,223.0,223.0,223.0,0.0,246.32,54438.98,0
2023-09-27,2023-09-27 12:30:00,223.0,223.0,223.0,223.0,0.0,246.32,54438.98,0
2023-09-27,2023-09-27 12:40:00,223.0,223.0,223.0,223.0,0.0,246.32,54438.98,0
2023-09-27,2023-09-27 12:50:00,223.0,223.0,223.0,223.0,0.0,246.32,54438.98,0
2023-09-27,2023-09-27 13:00:00,223.0,226.0,215.2,223.0,0.0,246.32,54438.98,0
2023-09-27,2023-09-27 13:10:00,223.0,223.0,223.0,223.0,0.0,246.32,54438.98,0
2023-09-27,2023-09-27 13:20:00,223.0,223.0,223.0,223.0,0.0,246.32,54438.98,0
2023-09-27,2023-09-27 13:30:00,223.0,223.0,223.0,223.0,0.0,246.32,54438.98,0
2023-09-27,2023-09-27 13:40:00,223.0,223.0,223.0,223.0,0.0,246.32,54438.98,0
2023-09-27,2023-09-27 13:50:00,223.0,223.0,223.0,223.0,0.0,246.32,54438.98,0
2023-09-27,2023-09-27 14:00:00,223.0,223.0,223.0,223.0,0.0,246.32,54438.98,0
2023-09-27,2023-09-27 14:10:00,223.0,223.0,223.0,223.0,0.0,246.32,54438.98,0
2023-09-27,2023-09-27 14:20:00,223.0,223.0,223.0,223.0,0.0,246.32,54438.98,0
2023-09-27,2023-09-27 14:30:00,223.0,223.0,223.0,223.0,0.0,246.32,54438.98,0
2023-09-27,2023-09-27 14:40:00,223.0,223.0,223.0,223.0,0.0,246.32,54438.98,0
2023-09-27,2023-09-27 14:50:00,223.0,223.0,223.0,223.0,0.0,246.32,54438.98,0
2023-09-27,2023-09-27 15:00:00,223.0,226.0,215.2,223.0,0.0,246.32,54438.98,0
2023-10-01,2023-10-01 11:00:00,218.6,218.6,216.05,218.37,-0.11,265.4,56836.04,-1
2023-10-01,2023-10-01 11:10:00,218.37,218.37,218.13,218.13,-0.11,265.4,56836.04,-1
2023-10-01,2023-10-01 11:20:00,218.13,218.13,217.9,217.9,-0.11,265.4,56836.04,-1
2023-10-01,2023-10-01 11:30:00,217.9,217.9,217.67,217.67,-0.11,265.4,56836.04,-1
2023-10-01,2023-10-01 11:40:00,217.67,217.67,217.43,217.43,-0.11,265.4,56836.04,-1
2023-10-01,2023-10-01 11:50:00,217.43,217.43,217.2,217.2,-0.11,265.4,56836.04,-1
2023-10-01,2023-10-01 12:00:00,217.2,217.2,216.97,216.97,-0.11,265.4,56836.04,-1
2023-10-01,2023-10-01 12:10:00,216.97,216.97,216.73,216.73,-0.11,265.4,56836.04,-1
2023-10-01,2023-10-01 12:20:00,216.73,216.73,216.5,216.5,-0.11,265.4,56836.04,-1
2023-10-01,2023-10-01 12:30:00,216.5,216.5,216.27,216.27,-0.11,265.4,56836.04,-1
2023-10-01,2023-10-01 12:40:00,216.27,216.27,216.03,216.03,-0.11,265.4,56836.04,-1
2023-10-01,2023-10-01 12:50:00,216.03,216.03,215.8,215.8,-0.11,265.4,56836.04,-1
2023-10-01,2023-10-01 13:00:00,215.8,218.6,210.1,215.57,-0.11,265.4,56836.04,-1
2023-10-01,2023-10-01 13:10:00,215.57,215.57,215.33,215.33,-0.11,265.4,56836.04,-1
2023-10-01,2023-10-01 13:20:00,215.33,215.33,215.1,215.1,-0.11,265.4,56836.04,-1
2023-10-01,2023-10-01 13:30:00,215.1,215.1,214.87,214.87,-0.11,265.4,56836.04,-1
2023-10-01,2023-10-01 13:40:00,214.87,214.87,214.63,214.63,-0.11,265.4,56836.04,-1
2023-10-01,2023-10-01 13:50:00,214.63,214.63,214.4,214.4,-0.11,265.4,56836.04,-1
2023-10-01,2023-10-01 14:00:00,214.4,214.4,214.17,214.17,-0.11,265.4,56836.04,-1
2023-10-01,2023-10-01 14:10:00,214.17,214.17,213.93,213.93,-0.11,265.4,56836.04,-1
2023-10-01,2023-10-01 14:20:00,213.93,213.93,213.7,213.7,-0.11,265.4,56836.04,-1
2023-10-01,2023-10-01 14:30:00,213.7,213.7,213.47,213.47,-0.11,265.4,56836.04,-1
2023-10-01,2023-10-01 14:40:00,213.47,213.47,213.23,213.23,-0.11,265.4,56836.04,-1
2023-10-01,2023-10-01 14:50:00,213.23,213.23,213.0,213.0,-0.11,265.4,56836.04,-1
2023-10-01,2023-10-01 15:00:00,213.0,218.6,210.1,213.0,0.0,265.4,56836.04,0
2023-10-02,2023-10-02 11:00:00,208.8,211.86,207.6,209.02,0.11,271.6,57489.02,1
2023-10-02,2023-10-02 11:10:00,209.02,209.23,209.02,209.23,0.1,271.6,57489.02,1
2023-10-02,2023-10-02 11:20:00,209.23,209.45,209.23,209.45,0.11,271.6,57489.02,1
2023-10-02,2023-10-02 11:30:00,209.45,209.67,209.45,209.67,0.11,271.6,57489.02,1
2023-10-02,2023-10-02 11:40:00,209.67,209.88,209.67,209.88,0.1,271.6,57489.02,1
2023-10-02,2023-10-02 11:50:00,209.88,210.1,209.88,210.1,0.1,271.6,57489.02,1
2023-10-02,2023-10-02 12:00:00,210.1,210.32,210.1,210.32,0.1,271.6,57489.02,1
2023-10-02,2023-10-02 12:10:00,210.32,210.53,210.32,210.53,0.1,271.6,57489.02,1
2023-10-02,2023-10-02 12:20:00,210.53,210.75,210.53,210.75,0.1,271.6,57489.02,1
2023-10-02,2023-10-02 12:30:00,210.75,210.97,210.75,210.97,0.1,271.6,57489.02,1
2023-10-02,2023-10-02 12:40:00,210.97,211.18,210.97,211.18,0.1,271.6,57489.02,1
2023-10-02,2023-10-02 12:50:00,211.18,211.4,211.18,211.4,0.1,271.6,57489.02,1
2023-10-02,2023-10-02 13:00:00,211.4,219.0,204.8,211.62,0.1,271.6,57489.02,1
2023-10-02,2023-10-02 13:10:00,211.62,211.83,211.62,211.83,0.1,271.6,57489.02,1
2023-10-02,2023-10-02 13:20:00,211.83,212.05,211.83,212.05,0.1,271.6,57489.02,1
2023-10-02,2023-10-02 13:30:00,212.05,212.27,212.05,212.27,0.1,271.6,57489.02,1
2023-10-02,2023-10-02 13:40:00,212.27,212.48,212.27,212.48,0.1,271.6,57489.02,1
2023-10-02,2023-10-02 13:50:00,212.48,212.7,212.48,212.7,0.1,271.6,57489.02,1
2023-10-02,2023-10-02 14:00:00,212.7,212.92,212.7,212.92,0.1,271.6,57489.02,1
2023-10-02,2023-10-02 14:10:00,212.92,213.13,212.92,213.13,0.1,271.6,57489.02,1
2023-10-02,2023-10-02 14:20:00,213.13,213.35,213.13,213.35,0.1,271.6,57489.02,1
2023-10-02,2023-10-02 14:30:00,213.35,213.57,213.35,213.57,0.1,271.6,57489.02,1
2023-10-02,2023-10-02 14:40:00,213.57,213.78,213.57,213.78,0.1,271.6,57489.02,1
2023-10-02,2023-10-02 14:50:00,213.78,214.0,213.78,214.0,0.1,271.6,57489.02,1
2023-10-02,2023-10-02 15:00:00,214.0,219.0,204.8,214.0,0.0,271.6,57489.02,0
2023-10-03,2023-10-03 11:00:00,209.8,210.19,208.6,209.73,-0.03,223.28,46588.3,-1
2023-10-03,2023-10-03 11:10:00,209.73,209.73,209.65,209.65,-0.04,223.28,46588.3,-1
2023-10-03,2023-10-03 11:20:00,209.65,209.65,209.58,209.58,-0.03,223.28,46588.3,-1
2023-10-03,2023-10-03 11:30:00,209.58,209.58,209.5,209.5,-0.04,223.28,46588.3,-1
2023-10-03,2023-10-03 11:40:00,209.5,209.5,209.43,209.43,-0.03,223.28,46588.3,-1
2023-10-03,2023-10-03 11:50:00,209.43,209.43,209.35,209.35,-0.04,223.28,46588.3,-1
2023-10-03,2023-10-03 12:00:00,209.35,209.35,209.28,209.28,-0.03,223.28,46588.3,-1
2023-10-03,2023-10-03 12:10:00,209.28,209.28,209.2,209.2,-0.04,223.28,46588.3,-1
2023-10-03,2023-10-03 12:20:00,209.2,209.2,209.12,209.12,-0.04,223.28,46588.3,-1
2023-10-03,2023-10-03 12:30:00,209.12,209.12,209.05,209.05,-0.03,223.28,46588.3,-1
2023-10-03,2023-10-03 12:40:00,209.05,209.05,208.97,208.97,-0.04,223.28,46588.3,-1
2023-10-03,2023-10-03 12:50:00,208.97,208.97,208.9,208.9,-0.03,223.28,46588.3,-1
2023-10-03,2023-10-03 13:00:00,208.9,211.1,205.8,208.83,-0.03,223.28,46588.3,-1
2023-10-03,2023-10-03 13:10:00,208.83,208.83,208.75,208.75,-0.04,223.28,46588.3,-1
2023-10-03,2023-10-03 13:20:00,208.75,208.75,208.68,208.68,-0.03,223.28,46588.3,-1
2023-10-03,2023-10-03 13:30:00,208.68,208.68,208.6,208.6,-0.04,223.28,46588.3,-1
2023-10-03,2023-10-03 13:40:00,208.6,208.6,208.53,208.53,-0.03,223.28,46588.3,-1
2023-10-03,2023-10-03 13:50:00,208.53,208.53,208.45,208.45,-0.04,223.28,46588.3,-1
2023-10-03,2023-10-03 14:00:00,208.45,208.45,208.38,208.38,-0.03,223.28,46588.3,-1
2023-10-03,2023-10-03 14:10:00,208.38,208.38,208.3,208.3,-0.04,223.28,46588.3,-1
2023-10-03,2023-10-03 14:20:00,208.3,208.3,208.22,208.22,-0.04,223.28,46588.3,-1
2023-10-03,2023-10-03 14:30:00,208.22,208.22,208.15,208.15,-0.03,223.28,46588.3,-1
2023-10-03,2023-10-03 14:40:00,208.15,208.15,208.07,208.07,-0.04,223.28,46588.3,-1
2023-10-03,2023-10-03 14:50:00,208.07,208.07,208.0,208.0,-0.03,223.28,46588.3,-1
2023-10-03,2023-10-03 15:00:00,208.0,211.1,205.8,208.0,0.0,223.28,46588.3,0
2023-10-04,2023-10-04 11:00:00,205.1,209.39,205.1,205.39,0.14,301.96,64924.38,1
2023-10-04,2023-10-04 11:10:00,205.39,205.68,205.39,205.68,0.14,301.96,64924.38,1
2023-10-04,2023-10-04 11:20:00,205.68,205.97,205.68,205.97,0.14,301.96,64924.38,1
2023-10-04,2023-10-04 11:30:00,205.97,206.27,205.97,206.27,0.15,301.96,64924.38,1
2023-10-04,2023-10-04 11:40:00,206.27,206.56,206.27,206.56,0.14,301.96,64924.38,1
2023-10-04,2023-10-04 11:50:00,206.56,206.85,206.56,206.85,0.14,301.96,64924.38,1
2023-10-04,2023-10-04 12:00:00,206.85,207.14,206.85,207.14,0.14,301.96,64924.38,1
2023-10-04,2023-10-04 12:10:00,207.14,207.43,207.14,207.43,0.14,301.96,64924.38,1
2023-10-04,2023-10-04 12:20:00,207.43,207.72,207.43,207.72,0.14,301.96,64924.38,1
2023-10-04,2023-10-04 12:30:00,207.72,208.02,207.72,208.02,0.14,301.96,64924.38,1
2023-10-04,2023-10-04 12:40:00,208.02,208.31,208.02,208.31,0.14,301.96,64924.38,1
2023-10-04,2023-10-04 12:50:00,208.31,208.6,208.31,208.6,0.14,301.96,64924.38,1
2023-10-04,2023-10-04 13:00:00,208.6,219.4,205.1,208.89,0.14,301.96,64924.38,1
2023-10-04,2023-10-04 13:10:00,208.89,209.18,208.89,209.18,0.14,301.96,64924.38,1
2023-10-04,2023-10-04 13:20:00,209.18,209.47,209.18,209.47,0.14,301.96,64924.38,1
2023-10-04,2023-10-04 13:30:00,209.47,209.77,209.47,209.77,0.14,301.96,64924.38,1
2023-10-04,2023-10-04 13:40:00,209.77,210.06,209.77,210.06,0.14,301.96,64924.38,1
2023-10-04,2023-10-04 13:50:00,210.06,210.35,210.06,210.35,0.14,301.96,64924.38,1
2023-10-04,2023-10-04 14:00:00,210.35,210.64,210.35,210.64,0.14,301.96,64924.38,1
2023-10-04,2023-10-04 14:10:00,210.64,210.93,210.64,210.93,0.14,301.96,64924.38,1
2023-10-04,2023-10-04 14:20:00,210.93,211.22,210.93,211.22,0.14,301.96,64924.38,1
2023-10-04,2023-10-04 14:30:00,211.22,211.52,211.22,211.52,0.14,301.96,64924.38,1
2023-10-04,2023-10-04 14:40:00,211.52,211.81,211.52,211.81,0.14,301.96,64924.38,1
2023-10-04,2023-10-04 14:50:00,211.81,212.1,211.81,212.1,0.14,301.96,64924.38,1
2023-10-04,2023-10-04 15:00:00,212.1,219.4,205.1,212.1,0.0,301.96,64924.38,0
2023-10-05,2023-10-05 11:00:00,208.1,210.17,208.1,208.3,0.1,163.4,34834.74,1
2023-10-05,2023-10-05 11:10:00,208.3,208.51,208.3,208.51,0.1,163.4,34834.74,1
2023-10-05,2023-10-05 11:20:00,208.51,208.71,208.51,208.71,0.1,163.4,34834.74,1
2023-10-05,2023-10-05 11:30:00,208.71,208.92,208.71,208.92,0.1,163.4,34834.74,1
2023-10-05,2023-10-05 11:40:00,208.92,209.12,208.92,209.12,0.1,163.4,34834.74,1
2023-10-05,2023-10-05 11:50:00,209.12,209.32,209.12,209.32,0.1,163.4,34834.74,1
2023-10-05,2023-10-05 12:00:00,209.32,209.53,209.32,209.53,0.1,163.4,34834.74,1
2023-10-05,2023-10-05 12:10:00,209.53,209.73,209.53,209.73,0.1,163.4,34834.74,1
2023-10-05,2023-10-05 12:20:00,209.73,209.94,209.73,209.94,0.1,163.4,34834.74,1
2023-10-05,2023-10-05 12:30:00,209.94,210.14,209.94,210.14,0.1,163.4,34834.74,1
2023-10-05,2023-10-05 12:40:00,210.14,210.35,210.14,210.35,0.1,163.4,34834.74,1
2023-10-05,2023-10-05 12:50:00,210.35,210.55,210.35,210.55,0.1,163.4,34834.74,1
2023-10-05,2023-10-05 13:00:00,210.55,215.0,208.1,210.75,0.09,163.4,34834.74,1
2023-10-05,2023-10-05 13:10:00,210.75,210.96,210.75,210.96,0.1,163.4,34834.74,1
2023-10-05,2023-10-05 13:20:00,210.96,211.16,210.96,211.16,0.09,163.4,34834.74,1
2023-10-05,2023-10-05 13:30:00,211.16,211.37,211.16,211.37,0.1,163.4,34834.74,1
2023-10-05,2023-10-05 13:40:00,211.37,211.57,211.37,211.57,0.09,163.4,34834.74,1
2023-10-05,2023-10-05 13:50:00,211.57,211.78,211.57,211.78,0.1,163.4,34834.74,1
2023-10-05,2023-10-05 14:00:00,211.78,211.98,211.78,211.98,0.09,163.4,34834.74,1
2023-10-05,2023-10-05 14:10:00,211.98,212.18,211.98,212.18,0.09,163.4,34834.74,1
2023-10-05,2023-10-05 14:20:00,212.18,212.39,212.18,212.39,0.1,163.4,34834.74,1
2023-10-05,2023-10-05 14:30:00,212.39,212.59,212.39,212.59,0.09,163.4,34834.74,1
2023-10-05,2023-10-05 14:40:00,212.59,212.8,212.59,212.8,0.1,163.4,34834.74,1
2023-10-05,2023-10-05 14:50:00,212.8,213.0,212.8,213.0,0.09,163.4,34834.74,1
2023-10-05,2023-10-05 15:00:00,213.0,215.0,208.1,213.0,0.0,163.4,34834.74,0
2023-10-08,2023-10-08 11:00:00,213.0,213.0,210.6,212.79,-0.1,245.4,50845.34,-1
2023-10-08,2023-10-08 11:10:00,212.79,212.79,212.58,212.58,-0.1,245.4,50845.34,-1
2023-10-08,2023-10-08 11:20:00,212.58,212.58,212.38,212.38,-0.09,245.4,50845.34,-1
2023-10-08,2023-10-08 11:30:00,212.38,212.38,212.17,212.17,-0.1,245.4,50845.34,-1
2023-10-08,2023-10-08 11:40:00,212.17,212.17,211.96,211.96,-0.1,245.4,50845.34,-1
2023-10-08,2023-10-08 11:50:00,211.96,211.96,211.75,211.75,-0.1,245.4,50845.34,-1
2023-10-08,2023-10-08 12:00:00,211.75,211.75,211.54,211.54,-0.1,245.4,50845.34,-1
2023-10-08,2023-10-08 12:10:00,211.54,211.54,211.33,211.33,-0.1,245.4,50845.34,-1
2023-10-08,2023-10-08 12:20:00,211.33,211.33,211.12,211.12,-0.1,245.4,50845.34,-1
2023-10-08,2023-10-08 12:30:00,211.12,211.12,210.92,210.92,-0.09,245.4,50845.34,-1
2023-10-08,2023-10-08 12:40:00,210.92,210.92,210.71,210.71,-0.1,245.4,50845.34,-1
2023-10-08,2023-10-08 12:50:00,210.71,210.71,210.5,210.5,-0.1,245.4,50845.34,-1
2023-10-08,2023-10-08 13:00:00,210.5,213.0,205.0,210.29,-0.1,245.4,50845.34,-1
2023-10-08,2023-10-08 13:10:00,210.29,210.29,210.08,210.08,-0.1,245.4,50845.34,-1
2023-10-08,2023-10-08 13:20:00,210.08,210.08,209.88,209.88,-0.1,245.4,50845.34,-1
2023-10-08,2023-10-08 13:30:00,209.88,209.88,209.67,209.67,-0.1,245.4,50845.34,-1
2023-10-08,2023-10-08 13:40:00,209.67,209.67,209.46,209.46,-0.1,245.4,50845.34,-1
2023-10-08,2023-10-08 13:50:00,209.46,209.46,209.25,209.25,-0.1,245.4,50845.34,-1
2023-10-08,2023-10-08 14:00:00,209.25,209.25,209.04,209.04,-0.1,245.4,50845.34,-1
2023-10-08,2023-10-08 14:10:00,209.04,209.04,208.83,208.83,-0.1,245.4,50845.34,-1
2023-10-08,2023-10-08 14:20:00,208.83,208.83,208.62,208.62,-0.1,245.4,50845.34,-1
2023-10-08,2023-10-08 14:30:00,208.62,208.62,208.42,208.42,-0.1,245.4,50845.34,-1
2023-10-08,2023-10-08 14:40:00,208.42,208.42,208.21,208.21,-0.1,245.4,50845.34,-1
2023-10-08,2023-10-08 14:50:00,208.21,208.21,208.0,208.0,-0.1,245.4,50845.34,-1
2023-10-08,2023-10-08 15:00:00,208.0,213.0,205.0,208.0,0.0,245.4,50845.34,0
2023-10-09,2023-10-09 11:00:00,204.0,205.2,204.0,204.08,0.04,82.16,16949.86,1
2023-10-09,2023-10-09 11:10:00,204.08,204.17,204.08,204.17,0.04,82.16,16949.86,1
2023-10-09,2023-10-09 11:20:00,204.17,204.25,204.17,204.25,0.04,82.16,16949.86,1
2023-10-09,2023-10-09 11:30:00,204.25,204.33,204.25,204.33,0.04,82.16,16949.86,1
2023-10-09,2023-10-09 11:40:00,204.33,204.42,204.33,204.42,0.04,82.16,16949.86,1
2023-10-09,2023-10-09 11:50:00,204.42,204.5,204.42,204.5,0.04,82.16,16949.86,1
2023-10-09,2023-10-09 12:00:00,204.5,204.58,204.5,204.58,0.04,82.16,16949.86,1
2023-10-09,2023-10-09 12:10:00,204.58,204.67,204.58,204.67,0.04,82.16,16949.86,1
2023-10-09,2023-10-09 12:20:00,204.67,204.75,204.67,204.75,0.04,82.16,16949.86,1
2023-10-09,2023-10-09 12:30:00,204.75,204.83,204.75,204.83,0.04,82.16,16949.86,1
2023-10-09,2023-10-09 12:40:00,204.83,204.92,204.83,204.92,0.04,82.16,16949.86,1
2023-10-09,2023-10-09 12:50:00,204.92,205.0,204.92,205.0,0.04,82.16,16949.86,1
2023-10-09,2023-10-09 13:00:00,205.0,208.0,204.0,205.08,0.04,82.16,16949.86,1
2023-10-09,2023-10-09 13:10:00,205.08,205.17,205.08,205.17,0.04,82.16,16949.86,1
2023-10-09,2023-10-09 13:20:00,205.17,205.25,205.17,205.25,0.04,82.16,16949.86,1
2023-10-09,2023-10-09 13:30:00,205.25,205.33,205.25,205.33,0.04,82.16,16949.86,1
2023-10-09,2023-10-09 13:40:00,205.33,205.42,205.33,205.42,0.04,82.16,16949.86,1
2023-10-09,2023-10-09 13:50:00,205.42,205.5,205.42,205.5,0.04,82.16,16949.86,1
2023-10-09,2023-10-09 14:00:00,205.5,205.58,205.5,205.58,0.04,82.16,16949.86,1
2023-10-09,2023-10-09 14:10:00,205.58,205.67,205.58,205.67,0.04,82.16,16949.86,1
2023-10-09,2023-10-09 14:20:00,205.67,205.75,205.67,205.75,0.04,82.16,16949.86,1
2023-10-09,2023-10-09 14:30:00,205.75,205.83,205.75,205.83,0.04,82.16,16949.86,1
2023-10-09,2023-10-09 14:40:00,205.83,205.92,205.83,205.92,0.04,82.16,16949.86,1
2023-10-09,2023-10-09 14:50:00,205.92,206.0,205.92,206.0,0.04,82.16,16949.86,1
2023-10-09,2023-10-09 15:00:00,206.0,208.0,204.0,206.0,0.0,82.16,16949.86,0
2023-10-10,2023-10-10 11:00:00,201.9,204.36,201.9,201.9,0.0,205.76,42059.96,0
2023-10-10,2023-10-10 11:10:00,201.9,201.9,201.9,201.9,0.0,205.76,42059.96,0
2023-10-10,2023-10-10 11:20:00,201.9,201.9,201.9,201.9,0.0,205.76,42059.96,0
2023-10-10,2023-10-10 11:30:00,201.9,201.9,201.9,201.9,0.0,205.76,42059.96,0
2023-10-10,2023-10-10 11:40:00,201.9,201.9,201.9,201.9,0.0,205.76,42059.96,0
2023-10-10,2023-10-10 11:50:00,201.9,201.9,201.9,201.9,0.0,205.76,42059.96,0
2023-10-10,2023-10-10 12:00:00,201.9,201.9,201.9,201.9,0.0,205.76,42059.96,0
2023-10-10,2023-10-10 12:10:00,201.9,201.9,201.9,201.9,0.0,205.76,42059.96,0
2023-10-10,2023-10-10 12:20:00,201.9,201.9,201.9,201.9,0.0,205.76,42059.96,0
2023-10-10,2023-10-10 12:30:00,201.9,201.9,201.9,201.9,0.0,205.76,42059.96,0
2023-10-10,2023-10-10 12:40:00,201.9,201.9,201.9,201.9,0.0,205.76,42059.96,0
2023-10-10,2023-10-10 12:50:00,201.9,201.9,201.9,201.9,0.0,205.76,42059.96,0
2023-10-10,2023-10-10 13:00:00,201.9,210.1,201.9,201.9,0.0,205.76,42059.96,0
2023-10-10,2023-10-10 13:10:00,201.9,201.9,201.9,201.9,0.0,205.76,42059.96,0
2023-10-10,2023-10-10 13:20:00,201.9,201.9,201.9,201.9,0.0,205.76,42059.96,0
2023-10-10,2023-10-10 13:30:00,201.9,201.9,201.9,201.9,0.0,205.76,42059.96,0
2023-10-10,2023-10-10 13:40:00,201.9,201.9,201.9,201.9,0.0,205.76,42059.96,0
2023-10-10,2023-10-10 13:50:00,201.9,201.9,201.9,201.9,0.0,205.76,42059.96,0
2023-10-10,2023-10-10 14:00:00,201.9,201.9,201.9,201.9,0.0,205.76,42059.96,0
2023-10-10,2023-10-10 14:10:00,201.9,201.9,201.9,201.9,0.0,205.76,42059.96,0
2023-10-10,2023-10-10 14:20:00,201.9,201.9,201.9,201.9,0.0,205.76,42059.96,0
2023-10-10,2023-10-10 14:30:00,201.9,201.9,201.9,201.9,0.0,205.76,42059.96,0
2023-10-10,2023-10-10 14:40:00,201.9,201.9,201.9,201.9,0.0,205.76,42059.96,0
2023-10-10,2023-10-10 14:50:00,201.9,201.9,201.9,201.9,0.0,205.76,42059.96,0
2023-10-10,2023-10-10 15:00:00,201.9,210.1,201.9,201.9,0.0,205.76,42059.96,0
2023-10-11,2023-10-11 11:00:00,203.8,205.06,202.66,203.77,-0.01,260.32,52922.5,-1
2023-10-11,2023-10-11 11:10:00,203.77,203.77,203.73,203.73,-0.02,260.32,52922.5,-1
2023-10-11,2023-10-11 11:20:00,203.73,203.73,203.7,203.7,-0.01,260.32,52922.5,-1
2023-10-11,2023-10-11 11:30:00,203.7,203.7,203.67,203.67,-0.01,260.32,52922.5,-1
2023-10-11,2023-10-11 11:40:00,203.67,203.67,203.63,203.63,-0.02,260.32,52922.5,-1
2023-10-11,2023-10-11 11:50:00,203.63,203.63,203.6,203.6,-0.01,260.32,52922.5,-1
2023-10-11,2023-10-11 12:00:00,203.6,203.6,203.57,203.57,-0.01,260.32,52922.5,-1
2023-10-11,2023-10-11 12:10:00,203.57,203.57,203.53,203.53,-0.02,260.32,52922.5,-1
2023-10-11,2023-10-11 12:20:00,203.53,203.53,203.5,203.5,-0.01,260.32,52922.5,-1
2023-10-11,2023-10-11 12:30:00,203.5,203.5,203.47,203.47,-0.01,260.32,52922.5,-1
2023-10-11,2023-10-11 12:40:00,203.47,203.47,203.43,203.43,-0.02,260.32,52922.5,-1
2023-10-11,2023-10-11 12:50:00,203.43,203.43,203.4,203.4,-0.01,260.32,52922.5,-1
2023-10-11,2023-10-11 13:00:00,203.4,208.0,200.0,203.37,-0.01,260.32,52922.5,-1
2023-10-11,2023-10-11 13:10:00,203.37,203.37,203.33,203.33,-0.02,260.32,52922.5,-1
2023-10-11,2023-10-11 13:20:00,203.33,203.33,203.3,203.3,-0.01,260.32,52922.5,-1
2023-10-11,2023-10-11 13:30:00,203.3,203.3,203.27,203.27,-0.01,260.32,52922.5,-1
2023-10-11,2023-10-11 13:40:00,203.27,203.27,203.23,203.23,-0.02,260.32,52922.5,-1
2023-10-11,2023-10-11 13:50:00,203.23,203.23,203.2,203.2,-0.01,260.32,52922.5,-1
2023-10-11,2023-10-11 14:00:00,203.2,203.2,203.17,203.17,-0.01,260.32,52922.5,-1
2023-10-11,2023-10-11 14:10:00,203.17,203.17,203.13,203.13,-0.02,260.32,52922.5,-1
2023-10-11,2023-10-11 14:20:00,203.13,203.13,203.1,203.1,-0.01,260.32,52922.5,-1
2023-10-11,2023-10-11 14:30:00,203.1,203.1,203.07,203.07,-0.01,260.32,52922.5,-1
2023-10-11,2023-10-11 14:40:00,203.07,203.07,203.03,203.03,-0.02,260.32,52922.5,-1
2023-10-11,2023-10-11 14:50:00,203.03,203.03,203.0,203.0,-0.01,260.32,52922.5,-1
2023-10-11,2023-10-11 15:00:00,203.0,208.0,200.0,203.0,0.0,260.32,52922.5,0
2023-10-12,2023-10-12 11:00:00,207.0,207.0,204.63,206.69,-0.15,154.2,30879.14,-1
2023-10-12,2023-10-12 11:10:00,206.69,206.69,206.38,206.38,-0.15,154.2,30879.14,-1
2023-10-12,2023-10-12 11:20:00,206.38,206.38,206.06,206.06,-0.16,154.2,30879.14,-1
2023-10-12,2023-10-12 11:30:00,206.06,206.06,205.75,205.75,-0.15,154.2,30879.14,-1
2023-10-12,2023-10-12 11:40:00,205.75,205.75,205.44,205.44,-0.15,154.2,30879.14,-1
2023-10-12,2023-10-12 11:50:00,205.44,205.44,205.12,205.12,-0.16,154.2,30879.14,-1
2023-10-12,2023-10-12 12:00:00,205.12,205.12,204.81,204.81,-0.15,154.2,30879.14,-1
2023-10-12,2023-10-12 12:10:00,204.81,204.81,204.5,204.5,-0.15,154.2,30879.14,-1
2023-10-12,2023-10-12 12:20:00,204.5,204.5,204.19,204.19,-0.15,154.2,30879.14,-1
2023-10-12,2023-10-12 12:30:00,204.19,204.19,203.88,203.88,-0.15,154.2,30879.14,-1
2023-10-12,2023-10-12 12:40:00,203.88,203.88,203.56,203.56,-0.16,154.2,30879.14,-1
2023-10-12,2023-10-12 12:50:00,203.56,203.56,203.25,203.25,-0.15,154.2,30879.14,-1
2023-10-12,2023-10-12 13:00:00,203.25,207.0,199.1,202.94,-0.15,154.2,30879.14,-1
2023-10-12,2023-10-12 13:10:00,202.94,202.94,202.62,202.62,-0.16,154.2,30879.14,-1
2023-10-12,2023-10-12 13:20:00,202.62,202.62,202.31,202.31,-0.15,154.2,30879.14,-1
2023-10-12,2023-10-12 13:30:00,202.31,202.31,202.0,202.0,-0.15,154.2,30879.14,-1
2023-10-12,2023-10-12 13:40:00,202.0,202.0,201.69,201.69,-0.15,154.2,30879.14,-1
2023-10-12,2023-10-12 13:50:00,201.69,201.69,201.38,201.38,-0.15,154.2,30879.14,-1
2023-10-12,2023-10-12 14:00:00,201.38,201.38,201.06,201.06,-0.16,154.2,30879.14,-1
2023-10-12,2023-10-12 14:10:00,201.06,201.06,200.75,200.75,-0.15,154.2,30879.14,-1
2023-10-12,2023-10-12 14:20:00,200.75,200.75,200.44,200.44,-0.15,154.2,30879.14,-1
2023-10-12,2023-10-12 14:30:00,200.44,200.44,200.12,200.12,-0.16,154.2,30879.14,-1
2023-10-12,2023-10-12 14:40:00,200.12,200.12,199.81,199.81,-0.15,154.2,30879.14,-1
2023-10-12,2023-10-12 14:50:00,199.81,199.81,199.5,199.5,-0.16,154.2,30879.14,-1
2023-10-12,2023-10-12 15:00:00,199.5,207.0,199.1,199.5,0.0,154.2,30879.14,0
2023-10-16,2023-10-16 11:00:00,199.6,200.77,198.43,199.49,-0.06,172.52,33994.26,-1
2023-10-16,2023-10-16 11:10:00,199.49,199.49,199.38,199.38,-0.06,172.52,33994.26,-1
2023-10-16,2023-10-16 11:20:00,199.38,199.38,199.28,199.28,-0.05,172.52,33994.26,-1
2023-10-16,2023-10-16 11:30:00,199.28,199.28,199.17,199.17,-0.06,172.52,33994.26,-1
2023-10-16,2023-10-16 11:40:00,199.17,199.17,199.06,199.06,-0.06,172.52,33994.26,-1
2023-10-16,2023-10-16 11:50:00,199.06,199.06,198.95,198.95,-0.06,172.52,33994.26,-1
2023-10-16,2023-10-16 12:00:00,198.95,198.95,198.84,198.84,-0.06,172.52,33994.26,-1
2023-10-16,2023-10-16 12:10:00,198.84,198.84,198.73,198.73,-0.06,172.52,33994.26,-1
2023-10-16,2023-10-16 12:20:00,198.73,198.73,198.62,198.62,-0.06,172.52,33994.26,-1
2023-10-16,2023-10-16 12:30:00,198.62,198.62,198.52,198.52,-0.05,172.52,33994.26,-1
2023-10-16,2023-10-16 12:40:00,198.52,198.52,198.41,198.41,-0.06,172.52,33994.26,-1
2023-10-16,2023-10-16 12:50:00,198.41,198.41,198.3,198.3,-0.06,172.52,33994.26,-1
2023-10-16,2023-10-16 13:00:00,198.3,203.5,195.7,198.19,-0.06,172.52,33994.26,-1
2023-10-16,2023-10-16 13:10:00,198.19,198.19,198.08,198.08,-0.06,172.52,33994.26,-1
2023-10-16,2023-10-16 13:20:00,198.08,198.08,197.97,197.97,-0.06,172.52,33994.26,-1
2023-10-16,2023-10-16 13:30:00,197.97,197.97,197.87,197.87,-0.05,172.52,33994.26,-1
2023-10-16,2023-10-16 13:40:00,197.87,197.87,197.76,197.76,-0.06,172.52,33994.26,-1
2023-10-16,2023-10-16 13:50:00,197.76,197.76,197.65,197.65,-0.06,172.52,33994.26,-1
2023-10-16,2023-10-16 14:00:00,197.65,197.65,197.54,197.54,-0.06,172.52,33994.26,-1
2023-10-16,2023-10-16 14:10:00,197.54,197.54,197.43,197.43,-0.06,172.52,33994.26,-1
2023-10-16,2023-10-16 14:20:00,197.43,197.43,197.32,197.32,-0.06,172.52,33994.26,-1
2023-10-16,2023-10-16 14:30:00,197.32,197.32,197.22,197.22,-0.05,172.52,33994.26,-1
2023-10-16,2023-10-16 14:40:00,197.22,197.22,197.11,197.11,-0.06,172.52,33994.26,-1
2023-10-16,2023-10-16 14:50:00,197.11,197.11,197.0,197.0,-0.06,172.52,33994.26,-1
2023-10-16,2023-10-16 15:00:00,197.0,203.5,195.7,197.0,0.0,172.52,33994.26,0
2023-10-17,2023-10-17 11:00:00,195.0,199.17,194.43,195.12,0.06,84.4,16690.94,1
2023-10-17,2023-10-17 11:10:00,195.12,195.25,195.12,195.25,0.07,84.4,16690.94,1
2023-10-17,2023-10-17 11:20:00,195.25,195.38,195.25,195.38,0.07,84.4,16690.94,1
2023-10-17,2023-10-17 11:30:00,195.38,195.5,195.38,195.5,0.06,84.4,16690.94,1
2023-10-17,2023-10-17 11:40:00,195.5,195.62,195.5,195.62,0.06,84.4,16690.94,1
2023-10-17,2023-10-17 11:50:00,195.62,195.75,195.62,195.75,0.07,84.4,16690.94,1
2023-10-17,2023-10-17 12:00:00,195.75,195.88,195.75,195.88,0.07,84.4,16690.94,1
2023-10-17,2023-10-17 12:10:00,195.88,196.0,195.88,196.0,0.06,84.4,16690.94,1
2023-10-17,2023-10-17 12:20:00,196.0,196.12,196.0,196.12,0.06,84.4,16690.94,1
2023-10-17,2023-10-17 12:30:00,196.12,196.25,196.12,196.25,0.07,84.4,16690.94,1
2023-10-17,2023-10-17 12:40:00,196.25,196.38,196.25,196.38,0.07,84.4,16690.94,1
2023-10-17,2023-10-17 12:50:00,196.38,196.5,196.38,196.5,0.06,84.4,16690.94,1
2023-10-17,2023-10-17 13:00:00,196.5,208.9,193.1,196.62,0.06,84.4,16690.94,1
2023-10-17,2023-10-17 13:10:00,196.62,196.75,196.62,196.75,0.07,84.4,16690.94,1
2023-10-17,2023-10-17 13:20:00,196.75,196.88,196.75,196.88,0.07,84.4,16690.94,1
2023-10-17,2023-10-17 13:30:00,196.88,197.0,196.88,197.0,0.06,84.4,16690.94,1
2023-10-17,2023-10-17 13:40:00,197.0,197.12,197.0,197.12,0.06,84.4,16690.94,1
2023-10-17,2023-10-17 13:50:00,197.12,197.25,197.12,197.25,0.07,84.4,16690.94,1
2023-10-17,2023-10-17 14:00:00,197.25,197.38,197.25,197.38,0.07,84.4,16690.94,1
2023-10-17,2023-10-17 14:10:00,197.38,197.5,197.38,197.5,0.06,84.4,16690.94,1
2023-10-17,2023-10-17 14:20:00,197.5,197.62,197.5,197.62,0.06,84.4,16690.94,1
2023-10-17,2023-10-17 14:30:00,197.62,197.75,197.62,197.75,0.07,84.4,16690.94,1
2023-10-17,2023-10-17 14:40:00,197.75,197.88,197.75,197.88,0.07,84.4,16690.94,1
2023-10-17,2023-10-17 14:50:00,197.88,198.0,197.88,198.0,0.06,84.4,16690.94,1
2023-10-17,2023-10-17 15:00:00,198.0,208.9,193.1,198.0,0.0,84.4,16690.94,0
2023-10-18,2023-10-18 11:00:00,200.8,202.06,200.8,200.9,0.05,86.8,17568.78,1
2023-10-18,2023-10-18 11:10:00,200.9,201.0,200.9,201.0,0.05,86.8,17568.78,1
2023-10-18,2023-10-18 11:20:00,201.0,201.1,201.0,201.1,0.05,86.8,17568.78,1
2023-10-18,2023-10-18 11:30:00,201.1,201.2,201.1,201.2,0.05,86.8,17568.78,1
2023-10-18,2023-10-18 11:40:00,201.2,201.3,201.2,201.3,0.05,86.8,17568.78,1
2023-10-18,2023-10-18 11:50:00,201.3,201.4,201.3,201.4,0.05,86.8,17568.78,1
2023-10-18,2023-10-18 12:00:00,201.4,201.5,201.4,201.5,0.05,86.8,17568.78,1
2023-10-18,2023-10-18 12:10:00,201.5,201.6,201.5,201.6,0.05,86.8,17568.78,1
2023-10-18,2023-10-18 12:20:00,201.6,201.7,201.6,201.7,0.05,86.8,17568.78,1
2023-10-18,2023-10-18 12:30:00,201.7,201.8,201.7,201.8,0.05,86.8,17568.78,1
2023-10-18,2023-10-18 12:40:00,201.8,201.9,201.8,201.9,0.05,86.8,17568.78,1
2023-10-18,2023-10-18 12:50:00,201.9,202.0,201.9,202.0,0.05,86.8,17568.78,1
2023-10-18,2023-10-18 13:00:00,202.0,205.0,200.8,202.1,0.05,86.8,17568.78,1
2023-10-18,2023-10-18 13:10:00,202.1,202.2,202.1,202.2,0.05,86.8,17568.78,1
2023-10-18,2023-10-18 13:20:00,202.2,202.3,202.2,202.3,0.05,86.8,17568.78,1
2023-10-18,2023-10-18 13:30:00,202.3,202.4,202.3,202.4,0.05,86.8,17568.78,1
2023-10-18,2023-10-18 13:40:00,202.4,202.5,202.4,202.5,0.05,86.8,17568.78,1
2023-10-18,2023-10-18 13:50:00,202.5,202.6,202.5,202.6,0.05,86.8,17568.78,1
2023-10-18,2023-10-18 14:00:00,202.6,202.7,202.6,202.7,0.05,86.8,17568.78,1
2023-10-18,2023-10-18 14:10:00,202.7,202.8,202.7,202.8,0.05,86.8,17568.78,1
2023-10-18,2023-10-18 14:20:00,202.8,202.9,202.8,202.9,0.05,86.8,17568.78,1
2023-10-18,2023-10-18 14:30:00,202.9,203.0,202.9,203.0,0.05,86.8,17568.78,1
2023-10-18,2023-10-18 14:40:00,203.0,203.1,203.0,203.1,0.05,86.8,17568.78,1
2023-10-18,2023-10-18 14:50:00,203.1,203.2,203.1,203.2,0.05,86.8,17568.78,1
2023-10-18,2023-10-18 15:00:00,203.2,205.0,200.8,203.2,0.0,86.8,17568.78,0
2023-10-19,2023-10-19 11:00:00,200.2,201.61,200.2,200.36,0.08,92.16,18700.93,1
2023-10-19,2023-10-19 11:10:00,200.36,200.52,200.36,200.52,0.08,92.16,18700.93,1
2023-10-19,2023-10-19 11:20:00,200.52,200.67,200.52,200.67,0.07,92.16,18700.93,1
2023-10-19,2023-10-19 11:30:00,200.67,200.83,200.67,200.83,0.08,92.16,18700.93,1
2023-10-19,2023-10-19 11:40:00,200.83,200.99,200.83,200.99,0.08,92.16,18700.93,1
2023-10-19,2023-10-19 11:50:00,200.99,201.15,200.99,201.15,0.08,92.16,18700.93,1
2023-10-19,2023-10-19 12:00:00,201.15,201.31,201.15,201.31,0.08,92.16,18700.93,1
2023-10-19,2023-10-19 12:10:00,201.31,201.47,201.31,201.47,0.08,92.16,18700.93,1
2023-10-19,2023-10-19 12:20:00,201.47,201.62,201.47,201.62,0.07,92.16,18700.93,1
2023-10-19,2023-10-19 12:30:00,201.62,201.78,201.62,201.78,0.08,92.16,18700.93,1
2023-10-19,2023-10-19 12:40:00,201.78,201.94,201.78,201.94,0.08,92.16,18700.93,1
2023-10-19,2023-10-19 12:50:00,201.94,202.1,201.94,202.1,0.08,92.16,18700.93,1
2023-10-19,2023-10-19 13:00:00,202.1,204.9,200.2,202.26,0.08,92.16,18700.93,1
2023-10-19,2023-10-19 13:10:00,202.26,202.42,202.26,202.42,0.08,92.16,18700.93,1
2023-10-19,2023-10-19 13:20:00,202.42,202.57,202.42,202.57,0.07,92.16,18700.93,1
2023-10-19,2023-10-19 13:30:00,202.57,202.73,202.57,202.73,0.08,92.16,18700.93,1
2023-10-19,2023-10-19 13:40:00,202.73,202.89,202.73,202.89,0.08,92.16,18700.93,1
2023-10-19,2023-10-19 13:50:00,202.89,203.05,202.89,203.05,0.08,92.16,18700.93,1
2023-10-19,2023-10-19 14:00:00,203.05,203.21,203.05,203.21,0.08,92.16,18700.93,1
2023-10-19,2023-10-19 14:10:00,203.21,203.37,203.21,203.37,0.08,92.16,18700.93,1
2023-10-19,2023-10-19 14:20:00,203.37,203.53,203.37,203.53,0.08,92.16,18700.93,1
2023-10-19,2023-10-19 14:30:00,203.53,203.68,203.53,203.68,0.07,92.16,18700.93,1
2023-10-19,2023-10-19 14:40:00,203.68,203.84,203.68,203.84,0.08,92.16,18700.93,1
2023-10-19,2023-10-19 14:50:00,203.84,204.0,203.84,204.0,0.08,92.16,18700.93,1
2023-10-19,2023-10-19 15:00:00,204.0,204.9,200.2,204.0,0.0,92.16,18700.93,0
2023-10-29,2023-10-29 11:00:00,205.0,205.0,202.3,204.62,-0.19,75.8,15230.14,-1
2023-10-29,2023-10-29 11:10:00,204.62,204.62,204.25,204.25,-0.18,75.8,15230.14,-1
2023-10-29,2023-10-29 11:20:00,204.25,204.25,203.88,203.88,-0.18,75.8,15230.14,-1
2023-10-29,2023-10-29 11:30:00,203.88,203.88,203.5,203.5,-0.19,75.8,15230.14,-1
2023-10-29,2023-10-29 11:40:00,203.5,203.5,203.12,203.12,-0.19,75.8,15230.14,-1
2023-10-29,2023-10-29 11:50:00,203.12,203.12,202.75,202.75,-0.18,75.8,15230.14,-1
2023-10-29,2023-10-29 12:00:00,202.75,202.75,202.38,202.38,-0.18,75.8,15230.14,-1
2023-10-29,2023-10-29 12:10:00,202.38,202.38,202.0,202.0,-0.19,75.8,15230.14,-1
2023-10-29,2023-10-29 12:20:00,202.0,202.0,201.62,201.62,-0.19,75.8,15230.14,-1
2023-10-29,2023-10-29 12:30:00,201.62,201.62,201.25,201.25,-0.18,75.8,15230.14,-1
2023-10-29,2023-10-29 12:40:00,201.25,201.25,200.88,200.88,-0.18,75.8,15230.14,-1
2023-10-29,2023-10-29 12:50:00,200.88,200.88,200.5,200.5,-0.19,75.8,15230.14,-1
2023-10-29,2023-10-29 13:00:00,200.5,205.0,196.0,200.12,-0.19,75.8,15230.14,-1
2023-10-29,2023-10-29 13:10:00,200.12,200.12,199.75,199.75,-0.18,75.8,15230.14,-1
2023-10-29,2023-10-29 13:20:00,199.75,199.75,199.38,199.38,-0.19,75.8,15230.14,-1
2023-10-29,2023-10-29 13:30:00,199.38,199.38,199.0,199.0,-0.19,75.8,15230.14,-1
2023-10-29,2023-10-29 13:40:00,199.0,199.0,198.62,198.62,-0.19,75.8,15230.14,-1
2023-10-29,2023-10-29 13:50:00,198.62,198.62,198.25,198.25,-0.19,75.8,15230.14,-1
2023-10-29,2023-10-29 14:00:00,198.25,198.25,197.88,197.88,-0.19,75.8,15230.14,-1
2023-10-29,2023-10-29 14:10:00,197.88,197.88,197.5,197.5,-0.19,75.8,15230.14,-1
2023-10-29,2023-10-29 14:20:00,197.5,197.5,197.12,197.12,-0.19,75.8,15230.14,-1
2023-10-29,2023-10-29 14:30:00,197.12,197.12,196.75,196.75,-0.19,75.8,15230.14,-1
2023-10-29,2023-10-29 14:40:00,196.75,196.75,196.38,196.38,-0.19,75.8,15230.14,-1
2023-10-29,2023-10-29 14:50:00,196.38,196.38,196.0,196.0,-0.19,75.8,15230.14,-1
2023-10-29,2023-10-29 15:00:00,196.0,205.0,196.0,196.0,0.0,75.8,15230.14,0
2023-10-30,2023-10-30 11:00:00,192.5,196.7,192.5,192.98,0.25,238.04,47998.32,1
2023-10-30,2023-10-30 11:10:00,192.98,193.47,192.98,193.47,0.25,238.04,47998.32,1
2023-10-30,2023-10-30 11:20:00,193.47,193.95,193.47,193.95,0.25,238.04,47998.32,1
2023-10-30,2023-10-30 11:30:00,193.95,194.43,193.95,194.43,0.25,238.04,47998.32,1
2023-10-30,2023-10-30 11:40:00,194.43,194.92,194.43,194.92,0.25,238.04,47998.32,1
2023-10-30,2023-10-30 11:50:00,194.92,195.4,194.92,195.4,0.25,238.04,47998.32,1
2023-10-30,2023-10-30 12:00:00,195.4,195.88,195.4,195.88,0.25,238.04,47998.32,1
2023-10-30,2023-10-30 12:10:00,195.88,196.37,195.88,196.37,0.25,238.04,47998.32,1
2023-10-30,2023-10-30 12:20:00,196.37,196.85,196.37,196.85,0.24,238.04,47998.32,1
2023-10-30,2023-10-30 12:30:00,196.85,197.33,196.85,197.33,0.24,238.04,47998.32,1
2023-10-30,2023-10-30 12:40:00,197.33,197.82,197.33,197.82,0.25,238.04,47998.32,1
2023-10-30,2023-10-30 12:50:00,197.82,198.3,197.82,198.3,0.24,238.04,47998.32,1
2023-10-30,2023-10-30 13:00:00,198.3,206.5,192.5,198.78,0.24,238.04,47998.32,1
2023-10-30,2023-10-30 13:10:00,198.78,199.27,198.78,199.27,0.25,238.04,47998.32,1
2023-10-30,2023-10-30 13:20:00,199.27,199.75,199.27,199.75,0.24,238.04,47998.32,1
2023-10-30,2023-10-30 13:30:00,199.75,200.23,199.75,200.23,0.24,238.04,47998.32,1
2023-10-30,2023-10-30 13:40:00,200.23,200.72,200.23,200.72,0.24,238.04,47998.32,1
2023-10-30,2023-10-30 13:50:00,200.72,201.2,200.72,201.2,0.24,238.04,47998.32,1
2023-10-30,2023-10-30 14:00:00,201.2,201.68,201.2,201.68,0.24,238.04,47998.32,1
2023-10-30,2023-10-30 14:10:00,201.68,202.17,201.68,202.17,0.24,238.04,47998.32,1
2023-10-30,2023-10-30 14:20:00,202.17,202.65,202.17,202.65,0.24,238.04,47998.32,1
2023-10-30,2023-10-30 14:30:00,202.65,203.13,202.65,203.13,0.24,238.04,47998.32,1
2023-10-30,2023-10-30 14:40:00,203.13,203.62,203.13,203.62,0.24,238.04,47998.32,1
2023-10-30,2023-10-30 14:50:00,203.62,204.1,203.62,204.1,0.24,238.04,47998.32,1
2023-10-30,2023-10-30 15:00:00,204.1,206.5,192.5,204.1,0.0,238.04,47998.32,0
2023-10-31,2023-10-31 11:00:00,200.1,201.27,198.87,199.95,-0.07,28.6,5674.36,-1
2023-10-31,2023-10-31 11:10:00,199.95,199.95,199.81,199.81,-0.07,28.6,5674.36,-1
2023-10-31,2023-10-31 11:20:00,199.81,199.81,199.66,199.66,-0.08,28.6,5674.36,-1
2023-10-31,2023-10-31 11:30:00,199.66,199.66,199.52,199.52,-0.07,28.6,5674.36,-1
2023-10-31,2023-10-31 11:40:00,199.52,199.52,199.37,199.37,-0.08,28.6,5674.36,-1
2023-10-31,2023-10-31 11:50:00,199.37,199.37,199.22,199.22,-0.08,28.6,5674.36,-1
2023-10-31,2023-10-31 12:00:00,199.22,199.22,199.08,199.08,-0.07,28.6,5674.36,-1
2023-10-31,2023-10-31 12:10:00,199.08,199.08,198.93,198.93,-0.08,28.6,5674.36,-1
2023-10-31,2023-10-31 12:20:00,198.93,198.93,198.79,198.79,-0.07,28.6,5674.36,-1
2023-10-31,2023-10-31 12:30:00,198.79,198.79,198.64,198.64,-0.08,28.6,5674.36,-1
2023-10-31,2023-10-31 12:40:00,198.64,198.64,198.5,198.5,-0.07,28.6,5674.36,-1
2023-10-31,2023-10-31 12:50:00,198.5,198.5,198.35,198.35,-0.08,28.6,5674.36,-1
2023-10-31,2023-10-31 13:00:00,198.35,204.0,196.0,198.2,-0.08,28.6,5674.36,-1
2023-10-31,2023-10-31 13:10:00,198.2,198.2,198.06,198.06,-0.07,28.6,5674.36,-1
2023-10-31,2023-10-31 13:20:00,198.06,198.06,197.91,197.91,-0.08,28.6,5674.36,-1
2023-10-31,2023-10-31 13:30:00,197.91,197.91,197.77,197.77,-0.07,28.6,5674.36,-1
2023-10-31,2023-10-31 13:40:00,197.77,197.77,197.62,197.62,-0.08,28.6,5674.36,-1
2023-10-31,2023-10-31 13:50:00,197.62,197.62,197.47,197.47,-0.08,28.6,5674.36,-1
2023-10-31,2023-10-31 14:00:00,197.47,197.47,197.33,197.33,-0.07,28.6,5674.36,-1
2023-10-31,2023-10-31 14:10:00,197.33,197.33,197.18,197.18,-0.08,28.6,5674.36,-1
2023-10-31,2023-10-31 14:20:00,197.18,197.18,197.04,197.04,-0.07,28.6,5674.36,-1
2023-10-31,2023-10-31 14:30:00,197.04,197.04,196.89,196.89,-0.08,28.6,5674.36,-1
2023-10-31,2023-10-31 14:40:00,196.89,196.89,196.75,196.75,-0.07,28.6,5674.36,-1
2023-10-31,2023-10-31 14:50:00,196.75,196.75,196.6,196.6,-0.08,28.6,5674.36,-1
2023-10-31,2023-10-31 15:00:00,196.6,204.0,196.0,196.6,0.0,28.6,5674.36,0
2023-11-01,2023-11-01 11:00:00,198.0,200.04,197.1,197.88,-0.06,157.56,30967.68,-1
2023-11-01,2023-11-01 11:10:00,197.88,197.88,197.75,197.75,-0.07,157.56,30967.68,-1
2023-11-01,2023-11-01 11:20:00,197.75,197.75,197.62,197.62,-0.07,157.56,30967.68,-1
2023-11-01,2023-11-01 11:30:00,197.62,197.62,197.5,197.5,-0.06,157.56,30967.68,-1
2023-11-01,2023-11-01 11:40:00,197.5,197.5,197.38,197.38,-0.06,157.56,30967.68,-1
2023-11-01,2023-11-01 11:50:00,197.38,197.38,197.25,197.25,-0.07,157.56,30967.68,-1
2023-11-01,2023-11-01 12:00:00,197.25,197.25,197.12,197.12,-0.07,157.56,30967.68,-1
2023-11-01,2023-11-01 12:10:00,197.12,197.12,197.0,197.0,-0.06,157.56,30967.68,-1
2023-11-01,2023-11-01 12:20:00,197.0,197.0,196.88,196.88,-0.06,157.56,30967.68,-1
2023-11-01,2023-11-01 12:30:00,196.88,196.88,196.75,196.75,-0.07,157.56,30967.68,-1
2023-11-01,2023-11-01 12:40:00,196.75,196.75,196.62,196.62,-0.07,157.56,30967.68,-1
2023-11-01,2023-11-01 12:50:00,196.62,196.62,196.5,196.5,-0.06,157.56,30967.68,-1
2023-11-01,2023-11-01 13:00:00,196.5,204.8,195.0,196.38,-0.06,157.56,30967.68,-1
2023-11-01,2023-11-01 13:10:00,196.38,196.38,196.25,196.25,-0.07,157.56,30967.68,-1
2023-11-01,2023-11-01 13:20:00,196.25,196.25,196.12,196.12,-0.07,157.56,30967.68,-1
2023-11-01,2023-11-01 13:30:00,196.12,196.12,196.0,196.0,-0.06,157.56,30967.68,-1
2023-11-01,2023-11-01 13:40:00,196.0,196.0,195.88,195.88,-0.06,157.56,30967.68,-1
2023-11-01,2023-11-01 13:50:00,195.88,195.88,195.75,195.75,-0.07,157.56,30967.68,-1
2023-11-01,2023-11-01 14:00:00,195.75,195.75,195.62,195.62,-0.07,157.56,30967.68,-1
2023-11-01,2023-11-01 14:10:00,195.62,195.62,195.5,195.5,-0.06,157.56,30967.68,-1
2023-11-01,2023-11-01 14:20:00,195.5,195.5,195.38,195.38,-0.06,157.56,30967.68,-1
2023-11-01,2023-11-01 14:30:00,195.38,195.38,195.25,195.25,-0.07,157.56,30967.68,-1
2023-11-01,2023-11-01 14:40:00,195.25,195.25,195.12,195.12,-0.07,157.56,30967.68,-1
2023-11-01,2023-11-01 14:50:00,195.12,195.12,195.0,195.0,-0.06,157.56,30967.68,-1
2023-11-01,2023-11-01 15:00:00,195.0,204.8,195.0,195.0,0.0,157.56,30967.68,0
2023-11-02,2023-11-02 11:00:00,193.9,195.4,193.63,193.99,0.05,97.0,18911.3,1
2023-11-02,2023-11-02 11:10:00,193.99,194.08,193.99,194.08,0.05,97.0,18911.3,1
2023-11-02,2023-11-02 11:20:00,194.08,194.16,194.08,194.16,0.04,97.0,18911.3,1
2023-11-02,2023-11-02 11:30:00,194.16,194.25,194.16,194.25,0.05,97.0,18911.3,1
2023-11-02,2023-11-02 11:40:00,194.25,194.34,194.25,194.34,0.05,97.0,18911.3,1
2023-11-02,2023-11-02 11:50:00,194.34,194.43,194.34,194.43,0.05,97.0,18911.3,1
2023-11-02,2023-11-02 12:00:00,194.43,194.51,194.43,194.51,0.04,97.0,18911.3,1
2023-11-02,2023-11-02 12:10:00,194.51,194.6,194.51,194.6,0.05,97.0,18911.3,1
2023-11-02,2023-11-02 12:20:00,194.6,194.69,194.6,194.69,0.05,97.0,18911.3,1
2023-11-02,2023-11-02 12:30:00,194.69,194.78,194.69,194.78,0.05,97.0,18911.3,1
2023-11-02,2023-11-02 12:40:00,194.78,194.86,194.78,194.86,0.04,97.0,18911.3,1
2023-11-02,2023-11-02 12:50:00,194.86,194.95,194.86,194.95,0.05,97.0,18911.3,1
2023-11-02,2023-11-02 13:00:00,194.95,198.9,193.0,195.04,0.05,97.0,18911.3,1
2023-11-02,2023-11-02 13:10:00,195.04,195.12,195.04,195.12,0.04,97.0,18911.3,1
2023-11-02,2023-11-02 13:20:00,195.12,195.21,195.12,195.21,0.05,97.0,18911.3,1
2023-11-02,2023-11-02 13:30:00,195.21,195.3,195.21,195.3,0.05,97.0,18911.3,1
2023-11-02,2023-11-02 13:40:00,195.3,195.39,195.3,195.39,0.05,97.0,18911.3,1
2023-11-02,2023-11-02 13:50:00,195.39,195.47,195.39,195.47,0.04,97.0,18911.3,1
2023-11-02,2023-11-02 14:00:00,195.47,195.56,195.47,195.56,0.05,97.0,18911.3,1
2023-11-02,2023-11-02 14:10:00,195.56,195.65,195.56,195.65,0.05,97.0,18911.3,1
2023-11-02,2023-11-02 14:20:00,195.65,195.74,195.65,195.74,0.05,97.0,18911.3,1
2023-11-02,2023-11-02 14:30:00,195.74,195.82,195.74,195.82,0.04,97.0,18911.3,1
2023-11-02,2023-11-02 14:40:00,195.82,195.91,195.82,195.91,0.05,97.0,18911.3,1
2023-11-02,2023-11-02 14:50:00,195.91,196.0,195.91,196.0,0.05,97.0,18911.3,1
2023-11-02,2023-11-02 15:00:00,196.0,198.9,193.0,196.0,0.0,97.0,18911.3,0
2023-11-05,2023-11-05 11:00:00,193.0,193.24,189.73,193.03,0.02,142.48,26648.15,1
2023-11-05,2023-11-05 11:10:00,193.03,193.07,193.03,193.07,0.02,142.48,26648.15,1
2023-11-05,2023-11-05 11:20:00,193.07,193.1,193.07,193.1,0.02,142.48,26648.15,1
2023-11-05,2023-11-05 11:30:00,193.1,193.13,193.1,193.13,0.02,142.48,26648.15,1
2023-11-05,2023-11-05 11:40:00,193.13,193.17,193.13,193.17,0.02,142.48,26648.15,1
2023-11-05,2023-11-05 11:50:00,193.17,193.2,193.17,193.2,0.02,142.48,26648.15,1
2023-11-05,2023-11-05 12:00:00,193.2,193.23,193.2,193.23,0.02,142.48,26648.15,1
2023-11-05,2023-11-05 12:10:00,193.23,193.27,193.23,193.27,0.02,142.48,26648.15,1
2023-11-05,2023-11-05 12:20:00,193.27,193.3,193.27,193.3,0.02,142.48,26648.15,1
2023-11-05,2023-11-05 12:30:00,193.3,193.33,193.3,193.33,0.02,142.48,26648.15,1
2023-11-05,2023-11-05 12:40:00,193.33,193.37,193.33,193.37,0.02,142.48,26648.15,1
2023-11-05,2023-11-05 12:50:00,193.37,193.4,193.37,193.4,0.02,142.48,26648.15,1
2023-11-05,2023-11-05 13:00:00,193.4,193.8,182.1,193.43,0.02,142.48,26648.15,1
2023-11-05,2023-11-05 13:10:00,193.43,193.47,193.43,193.47,0.02,142.48,26648.15,1
2023-11-05,2023-11-05 13:20:00,193.47,193.5,193.47,193.5,0.02,142.48,26648.15,1
2023-11-05,2023-11-05 13:30:00,193.5,193.53,193.5,193.53,0.02,142.48,26648.15,1
2023-11-05,2023-11-05 13:40:00,193.53,193.57,193.53,193.57,0.02,142.48,26648.15,1
2023-11-05,2023-11-05 13:50:00,193.57,193.6,193.57,193.6,0.02,142.48,26648.15,1
2023-11-05,2023-11-05 14:00:00,193.6,193.63,193.6,193.63,0.02,142.48,26648.15,1
2023-11-05,2023-11-05 14:10:00,193.63,193.67,193.63,193.67,0.02,142.48,26648.15,1
2023-11-05,2023-11-05 14:20:00,193.67,193.7,193.67,193.7,0.02,142.48,26648.15,1
2023-11-05,2023-11-05 14:30:00,193.7,193.73,193.7,193.73,0.02,142.48,26648.15,1
2023-11-05,2023-11-05 14:40:00,193.73,193.77,193.73,193.77,0.02,142.48,26648.15,1
2023-11-05,2023-11-05 14:50:00,193.77,193.8,193.77,193.8,0.02,142.48,26648.15,1
2023-11-05,2023-11-05 15:00:00,193.8,193.8,182.1,193.8,0.0,142.48,26648.15,0
2023-11-06,2023-11-06 11:00:00,193.0,193.9,192.4,193.12,0.06,140.72,27417.97,1
2023-11-06,2023-11-06 11:00:00,193.0,193.9,192.4,193.12,0.06,140.72,27417.97,1
2023-11-06,2023-11-06 11:10:00,193.12,193.25,193.12,193.25,0.07,140.72,27417.97,1
2023-11-06,2023-11-06 11:10:00,193.12,193.25,193.12,193.25,0.07,140.72,27417.97,1
2023-11-06,2023-11-06 11:20:00,193.25,193.38,193.25,193.38,0.07,140.72,27417.97,1
2023-11-06,2023-11-06 11:20:00,193.25,193.38,193.25,193.38,0.07,140.72,27417.97,1
2023-11-06,2023-11-06 11:30:00,193.38,193.5,193.38,193.5,0.06,140.72,27417.97,1
2023-11-06,2023-11-06 11:30:00,193.38,193.5,193.38,193.5,0.06,140.72,27417.97,1
2023-11-06,2023-11-06 11:40:00,193.5,193.62,193.5,193.62,0.06,140.72,27417.97,1
2023-11-06,2023-11-06 11:40:00,193.5,193.62,193.5,193.62,0.06,140.72,27417.97,1
2023-11-06,2023-11-06 11:50:00,193.62,193.75,193.62,193.75,0.07,140.72,27417.97,1
2023-11-06,2023-11-06 11:50:00,193.62,193.75,193.62,193.75,0.07,140.72,27417.97,1
2023-11-06,2023-11-06 12:00:00,193.75,193.88,193.75,193.88,0.07,140.72,27417.97,1
2023-11-06,2023-11-06 12:00:00,193.75,193.88,193.75,193.88,0.07,140.72,27417.97,1
2023-11-06,2023-11-06 12:10:00,193.88,194.0,193.88,194.0,0.06,140.72,27417.97,1
2023-11-06,2023-11-06 12:10:00,193.88,194.0,193.88,194.0,0.06,140.72,27417.97,1
2023-11-06,2023-11-06 12:20:00,194.0,194.12,194.0,194.12,0.06,140.72,27417.97,1
2023-11-06,2023-11-06 12:20:00,194.0,194.12,194.0,194.12,0.06,140.72,27417.97,1
2023-11-06,2023-11-06 12:30:00,194.12,194.25,194.12,194.25,0.07,140.72,27417.97,1
2023-11-06,2023-11-06 12:30:00,194.12,194.25,194.12,194.25,0.07,140.72,27417.97,1
2023-11-06,2023-11-06 12:40:00,194.25,194.38,194.25,194.38,0.07,140.72,27417.97,1
2023-11-06,2023-11-06 12:40:00,194.25,194.38,194.25,194.38,0.07,140.72,27417.97,1
2023-11-06,2023-11-06 12:50:00,194.38,194.5,194.38,194.5,0.06,140.72,27417.97,1
2023-11-06,2023-11-06 12:50:00,194.38,194.5,194.38,194.5,0.06,140.72,27417.97,1
2023-11-06,2023-11-06 13:00:00,194.5,196.0,191.0,194.62,0.06,140.72,27417.97,1
2023-11-06,2023-11-06 13:00:00,194.5,196.0,191.0,194.62,0.06,140.72,27417.97,1
2023-11-06,2023-11-06 13:10:00,194.62,194.75,194.62,194.75,0.07,140.72,27417.97,1
2023-11-06,2023-11-06 13:10:00,194.62,194.75,194.62,194.75,0.07,140.72,27417.97,1
2023-11-06,2023-11-06 13:20:00,194.75,194.88,194.75,194.88,0.07,140.72,27417.97,1
2023-11-06,2023-11-06 13:20:00,194.75,194.88,194.75,194.88,0.07,140.72,27417.97,1
2023-11-06,2023-11-06 13:30:00,194.88,195.0,194.88,195.0,0.06,140.72,27417.97,1
2023-11-06,2023-11-06 13:30:00,194.88,195.0,194.88,195.0,0.06,140.72,27417.97,1
2023-11-06,2023-11-06 13:40:00,195.0,195.12,195.0,195.12,0.06,140.72,27417.97,1
2023-11-06,2023-11-06 13:40:00,195.0,195.12,195.0,195.12,0.06,140.72,27417.97,1
2023-11-06,2023-11-06 13:50:00,195.12,195.25,195.12,195.25,0.07,140.72,27417.97,1
2023-11-06,2023-11-06 13:50:00,195.12,195.25,195.12,195.25,0.07,140.72,27417.97,1
2023-11-06,2023-11-06 14:00:00,195.25,195.38,195.25,195.38,0.07,140.72,27417.97,1
2023-11-06,2023-11-06 14:00:00,195.25,195.38,195.25,195.38,0.07,140.72,27417.97,1
2023-11-06,2023-11-06 14:10:00,195.38,195.5,195.38,195.5,0.06,140.72,27417.97,1
2023-11-06,2023-11-06 14:10:00,195.38,195.5,195.38,195.5,0.06,140.72,27417.97,1
2023-11-06,2023-11-06 14:20:00,195.5,195.62,195.5,195.62,0.06,140.72,27417.97,1
2023-11-06,2023-11-06 14:20:00,195.5,195.62,195.5,195.62,0.06,140.72,27417.97,1
2023-11-06,2023-11-06 14:30:00,195.62,195.75,195.62,195.75,0.07,140.72,27417.97,1
2023-11-06,2023-11-06 14:30:00,195.62,195.75,195.62,195.75,0.07,140.72,27417.97,1
2023-11-06,2023-11-06 14:40:00,195.75,195.88,195.75,195.88,0.07,140.72,27417.97,1
2023-11-06,2023-11-06 14:40:00,195.75,195.88,195.75,195.88,0.07,140.72,27417.97,1
2023-11-06,2023-11-06 14:50:00,195.88,196.0,195.88,196.0,0.06,140.72,27417.97,1
2023-11-06,2023-11-06 14:50:00,195.88,196.0,195.88,196.0,0.06,140.72,27417.97,1
2023-11-06,2023-11-06 15:00:00,196.0,196.0,191.0,196.0,0.0,140.72,27417.97,0
2023-11-06,2023-11-06 15:00:00,196.0,196.0,191.0,196.0,0.0,140.72,27417.97,0
2023-11-07,2023-11-07 11:00:00,192.2,195.68,192.2,192.2,0.0,125.68,24375.68,0
2023-11-07,2023-11-07 11:00:00,192.2,195.68,192.2,192.2,0.0,125.68,24375.68,0
2023-11-07,2023-11-07 11:10:00,192.2,192.21,192.2,192.21,0.01,125.68,24375.68,1
2023-11-07,2023-11-07 11:10:00,192.2,192.21,192.2,192.21,0.01,125.68,24375.68,1
2023-11-07,2023-11-07 11:20:00,192.21,192.21,192.21,192.21,0.0,125.68,24375.68,0
2023-11-07,2023-11-07 11:20:00,192.21,192.21,192.21,192.21,0.0,125.68,24375.68,0
2023-11-07,2023-11-07 11:30:00,192.21,192.22,192.21,192.22,0.01,125.68,24375.68,1
2023-11-07,2023-11-07 11:30:00,192.21,192.22,192.21,192.22,0.01,125.68,24375.68,1
2023-11-07,2023-11-07 11:40:00,192.22,192.22,192.22,192.22,0.0,125.68,24375.68,0
2023-11-07,2023-11-07 11:40:00,192.22,192.22,192.22,192.22,0.0,125.68,24375.68,0
2023-11-07,2023-11-07 11:50:00,192.22,192.22,192.22,192.22,0.0,125.68,24375.68,0
2023-11-07,2023-11-07 11:50:00,192.22,192.22,192.22,192.22,0.0,125.68,24375.68,0
2023-11-07,2023-11-07 12:00:00,192.22,192.23,192.22,192.23,0.01,125.68,24375.68,1
2023-11-07,2023-11-07 12:00:00,192.22,192.23,192.22,192.23,0.01,125.68,24375.68,1
2023-11-07,2023-11-07 12:10:00,192.23,192.23,192.23,192.23,0.0,125.68,24375.68,0
2023-11-07,2023-11-07 12:10:00,192.23,192.23,192.23,192.23,0.0,125.68,24375.68,0
2023-11-07,2023-11-07 12:20:00,192.23,192.24,192.23,192.24,0.01,125.68,24375.68,1
2023-11-07,2023-11-07 12:20:00,192.23,192.24,192.23,192.24,0.01,125.68,24375.68,1
2023-11-07,2023-11-07 12:30:00,192.24,192.24,192.24,192.24,0.0,125.68,24375.68,0
2023-11-07,2023-11-07 12:30:00,192.24,192.24,192.24,192.24,0.0,125.68,24375.68,0
2023-11-07,2023-11-07 12:40:00,192.24,192.25,192.24,192.25,0.01,125.68,24375.68,1
2023-11-07,2023-11-07 12:40:00,192.24,192.25,192.24,192.25,0.01,125.68,24375.68,1
2023-11-07,2023-11-07 12:50:00,192.25,192.25,192.25,192.25,0.0,125.68,24375.68,0
2023-11-07,2023-11-07 12:50:00,192.25,192.25,192.25,192.25,0.0,125.68,24375.68,0
2023-11-07,2023-11-07 13:00:00,192.25,203.8,192.2,192.25,0.0,125.68,24375.68,0
2023-11-07,2023-11-07 13:00:00,192.25,203.8,192.2,192.25,0.0,125.68,24375.68,0
2023-11-07,2023-11-07 13:10:00,192.25,192.26,192.25,192.26,0.01,125.68,24375.68,1
2023-11-07,2023-11-07 13:10:00,192.25,192.26,192.25,192.26,0.01,125.68,24375.68,1
2023-11-07,2023-11-07 13:20:00,192.26,192.26,192.26,192.26,0.0,125.68,24375.68,0
2023-11-07,2023-11-07 13:20:00,192.26,192.26,192.26,192.26,0.0,125.68,24375.68,0
2023-11-07,2023-11-07 13:30:00,192.26,192.27,192.26,192.27,0.01,125.68,24375.68,1
2023-11-07,2023-11-07 13:30:00,192.26,192.27,192.26,192.27,0.01,125.68,24375.68,1
2023-11-07,2023-11-07 13:40:00,192.27,192.27,192.27,192.27,0.0,125.68,24375.68,0
2023-11-07,2023-11-07 13:40:00,192.27,192.27,192.27,192.27,0.0,125.68,24375.68,0
2023-11-07,2023-11-07 13:50:00,192.27,192.28,192.27,192.28,0.01,125.68,24375.68,1
2023-11-07,2023-11-07 13:50:00,192.27,192.28,192.27,192.28,0.01,125.68,24375.68,1
2023-11-07,2023-11-07 14:00:00,192.28,192.28,192.28,192.28,0.0,125.68,24375.68,0
2023-11-07,2023-11-07 14:00:00,192.28,192.28,192.28,192.28,0.0,125.68,24375.68,0
2023-11-07,2023-11-07 14:10:00,192.28,192.28,192.28,192.28,0.0,125.68,24375.68,0
2023-11-07,2023-11-07 14:10:00,192.28,192.28,192.28,192.28,0.0,125.68,24375.68,0
2023-11-07,2023-11-07 14:20:00,192.28,192.29,192.28,192.29,0.01,125.68,24375.68,1
2023-11-07,2023-11-07 14:20:00,192.28,192.29,192.28,192.29,0.01,125.68,24375.68,1
2023-11-07,2023-11-07 14:30:00,192.29,192.29,192.29,192.29,0.0,125.68,24375.68,0
2023-11-07,2023-11-07 14:30:00,192.29,192.29,192.29,192.29,0.0,125.68,24375.68,0
2023-11-07,2023-11-07 14:40:00,192.29,192.3,192.29,192.3,0.01,125.68,24375.68,1
2023-11-07,2023-11-07 14:40:00,192.29,192.3,192.29,192.3,0.01,125.68,24375.68,1
2023-11-07,2023-11-07 14:50:00,192.3,192.3,192.3,192.3,0.0,125.68,24375.68,0
2023-11-07,2023-11-07 14:50:00,192.3,192.3,192.3,192.3,0.0,125.68,24375.68,0
2023-11-07,2023-11-07 15:00:00,192.3,203.8,192.2,192.3,0.0,125.68,24375.68,0
2023-11-07,2023-11-07 15:00:00,192.3,203.8,192.2,192.3,0.0,125.68,24375.68,0
2023-11-08,2023-11-08 11:00:00,193.0,193.93,191.86,192.97,-0.02,30.12,5799.02,-1
2023-11-08,2023-11-08 11:10:00,192.97,192.97,192.93,192.93,-0.02,30.12,5799.02,-1
2023-11-08,2023-11-08 11:20:00,192.93,192.93,192.9,192.9,-0.02,30.12,5799.02,-1
2023-11-08,2023-11-08 11:30:00,192.9,192.9,192.87,192.87,-0.02,30.12,5799.02,-1
2023-11-08,2023-11-08 11:40:00,192.87,192.87,192.83,192.83,-0.02,30.12,5799.02,-1
2023-11-08,2023-11-08 11:50:00,192.83,192.83,192.8,192.8,-0.02,30.12,5799.02,-1
2023-11-08,2023-11-08 12:00:00,192.8,192.8,192.77,192.77,-0.02,30.12,5799.02,-1
2023-11-08,2023-11-08 12:10:00,192.77,192.77,192.73,192.73,-0.02,30.12,5799.02,-1
2023-11-08,2023-11-08 12:20:00,192.73,192.73,192.7,192.7,-0.02,30.12,5799.02,-1
2023-11-08,2023-11-08 12:30:00,192.7,192.7,192.67,192.67,-0.02,30.12,5799.02,-1
2023-11-08,2023-11-08 12:40:00,192.67,192.67,192.63,192.63,-0.02,30.12,5799.02,-1
2023-11-08,2023-11-08 12:50:00,192.63,192.63,192.6,192.6,-0.02,30.12,5799.02,-1
2023-11-08,2023-11-08 13:00:00,192.6,196.1,189.2,192.57,-0.02,30.12,5799.02,-1
2023-11-08,2023-11-08 13:10:00,192.57,192.57,192.53,192.53,-0.02,30.12,5799.02,-1
2023-11-08,2023-11-08 13:20:00,192.53,192.53,192.5,192.5,-0.02,30.12,5799.02,-1
2023-11-08,2023-11-08 13:30:00,192.5,192.5,192.47,192.47,-0.02,30.12,5799.02,-1
2023-11-08,2023-11-08 13:40:00,192.47,192.47,192.43,192.43,-0.02,30.12,5799.02,-1
2023-11-08,2023-11-08 13:50:00,192.43,192.43,192.4,192.4,-0.02,30.12,5799.02,-1
2023-11-08,2023-11-08 14:00:00,192.4,192.4,192.37,192.37,-0.02,30.12,5799.02,-1
2023-11-08,2023-11-08 14:10:00,192.37,192.37,192.33,192.33,-0.02,30.12,5799.02,-1
2023-11-08,2023-11-08 14:20:00,192.33,192.33,192.3,192.3,-0.02,30.12,5799.02,-1
2023-11-08,2023-11-08 14:30:00,192.3,192.3,192.27,192.27,-0.02,30.12,5799.02,-1
2023-11-08,2023-11-08 14:40:00,192.27,192.27,192.23,192.23,-0.02,30.12,5799.02,-1
2023-11-08,2023-11-08 14:50:00,192.23,192.23,192.2,192.2,-0.02,30.12,5799.02,-1
2023-11-08,2023-11-08 15:00:00,192.2,196.1,189.2,192.2,0.0,30.12,5799.02,0
2023-11-09,2023-11-09 11:00:00,192.2,192.44,191.06,192.04,-0.08,233.2,44336.44,-1
2023-11-09,2023-11-09 11:10:00,192.04,192.04,191.88,191.88,-0.08,233.2,44336.44,-1
2023-11-09,2023-11-09 11:20:00,191.88,191.88,191.72,191.72,-0.08,233.2,44336.44,-1
2023-11-09,2023-11-09 11:30:00,191.72,191.72,191.57,191.57,-0.08,233.2,44336.44,-1
2023-11-09,2023-11-09 11:40:00,191.57,191.57,191.41,191.41,-0.08,233.2,44336.44,-1
2023-11-09,2023-11-09 11:50:00,191.41,191.41,191.25,191.25,-0.08,233.2,44336.44,-1
2023-11-09,2023-11-09 12:00:00,191.25,191.25,191.09,191.09,-0.08,233.2,44336.44,-1
2023-11-09,2023-11-09 12:10:00,191.09,191.09,190.93,190.93,-0.08,233.2,44336.44,-1
2023-11-09,2023-11-09 12:20:00,190.93,190.93,190.78,190.78,-0.08,233.2,44336.44,-1
2023-11-09,2023-11-09 12:30:00,190.78,190.78,190.62,190.62,-0.08,233.2,44336.44,-1
2023-11-09,2023-11-09 12:40:00,190.62,190.62,190.46,190.46,-0.08,233.2,44336.44,-1
2023-11-09,2023-11-09 12:50:00,190.46,190.46,190.3,190.3,-0.08,233.2,44336.44,-1
2023-11-09,2023-11-09 13:00:00,190.3,193.0,188.4,190.14,-0.08,233.2,44336.44,-1
2023-11-09,2023-11-09 13:10:00,190.14,190.14,189.98,189.98,-0.08,233.2,44336.44,-1
2023-11-09,2023-11-09 13:20:00,189.98,189.98,189.82,189.82,-0.08,233.2,44336.44,-1
2023-11-09,2023-11-09 13:30:00,189.82,189.82,189.67,189.67,-0.08,233.2,44336.44,-1
2023-11-09,2023-11-09 13:40:00,189.67,189.67,189.51,189.51,-0.08,233.2,44336.44,-1
2023-11-09,2023-11-09 13:50:00,189.51,189.51,189.35,189.35,-0.08,233.2,44336.44,-1
2023-11-09,2023-11-09 14:00:00,189.35,189.35,189.19,189.19,-0.08,233.2,44336.44,-1
2023-11-09,2023-11-09 14:10:00,189.19,189.19,189.03,189.03,-0.08,233.2,44336.44,-1
2023-11-09,2023-11-09 14:20:00,189.03,189.03,188.88,188.88,-0.08,233.2,44336.44,-1
2023-11-09,2023-11-09 14:30:00,188.88,188.88,188.72,188.72,-0.08,233.2,44336.44,-1
2023-11-09,2023-11-09 14:40:00,188.72,188.72,188.56,188.56,-0.08,233.2,44336.44,-1
2023-11-09,2023-11-09 14:50:00,188.56,188.56,188.4,188.4,-0.08,233.2,44336.44,-1
2023-11-09,2023-11-09 15:00:00,188.4,193.0,188.4,188.4,0.0,233.2,44336.44,0
2023-11-20,2023-11-20 11:00:00,189.0,190.41,189.0,189.04,0.02,160.36,30576.0,1
2023-11-20,2023-11-20 11:10:00,189.04,189.08,189.04,189.08,0.02,160.36,30576.0,1
2023-11-20,2023-11-20 11:20:00,189.08,189.12,189.08,189.12,0.02,160.36,30576.0,1
2023-11-20,2023-11-20 11:30:00,189.12,189.17,189.12,189.17,0.03,160.36,30576.0,1
2023-11-20,2023-11-20 11:40:00,189.17,189.21,189.17,189.21,0.02,160.36,30576.0,1
2023-11-20,2023-11-20 11:50:00,189.21,189.25,189.21,189.25,0.02,160.36,30576.0,1
2023-11-20,2023-11-20 12:00:00,189.25,189.29,189.25,189.29,0.02,160.36,30576.0,1
2023-11-20,2023-11-20 12:10:00,189.29,189.33,189.29,189.33,0.02,160.36,30576.0,1
2023-11-20,2023-11-20 12:20:00,189.33,189.38,189.33,189.38,0.03,160.36,30576.0,1
2023-11-20,2023-11-20 12:30:00,189.38,189.42,189.38,189.42,0.02,160.36,30576.0,1
2023-11-20,2023-11-20 12:40:00,189.42,189.46,189.42,189.46,0.02,160.36,30576.0,1
2023-11-20,2023-11-20 12:50:00,189.46,189.5,189.46,189.5,0.02,160.36,30576.0,1
2023-11-20,2023-11-20 13:00:00,189.5,193.7,189.0,189.54,0.02,160.36,30576.0,1
2023-11-20,2023-11-20 13:10:00,189.54,189.58,189.54,189.58,0.02,160.36,30576.0,1
2023-11-20,2023-11-20 13:20:00,189.58,189.62,189.58,189.62,0.02,160.36,30576.0,1
2023-11-20,2023-11-20 13:30:00,189.62,189.67,189.62,189.67,0.03,160.36,30576.0,1
2023-11-20,2023-11-20 13:40:00,189.67,189.71,189.67,189.71,0.02,160.36,30576.0,1
2023-11-20,2023-11-20 13:50:00,189.71,189.75,189.71,189.75,0.02,160.36,30576.0,1
2023-11-20,2023-11-20 14:00:00,189.75,189.79,189.75,189.79,0.02,160.36,30576.0,1
2023-11-20,2023-11-20 14:10:00,189.79,189.83,189.79,189.83,0.02,160.36,30576.0,1
2023-11-20,2023-11-20 14:20:00,189.83,189.88,189.83,189.88,0.03,160.36,30576.0,1
2023-11-20,2023-11-20 14:30:00,189.88,189.92,189.88,189.92,0.02,160.36,30576.0,1
2023-11-20,2023-11-20 14:40:00,189.92,189.96,189.92,189.96,0.02,160.36,30576.0,1
2023-11-20,2023-11-20 14:50:00,189.96,190.0,189.96,190.0,0.02,160.36,30576.0,1
2023-11-20,2023-11-20 15:00:00,190.0,193.7,189.0,190.0,0.0,160.36,30576.0,0
2023-11-21,2023-11-21 11:00:00,188.0,188.0,186.53,187.88,-0.06,85.16,15823.9,-1
2023-11-21,2023-11-21 11:10:00,187.88,187.88,187.77,187.77,-0.06,85.16,15823.9,-1
2023-11-21,2023-11-21 11:20:00,187.77,187.77,187.65,187.65,-0.06,85.16,15823.9,-1
2023-11-21,2023-11-21 11:30:00,187.65,187.65,187.53,187.53,-0.06,85.16,15823.9,-1
2023-11-21,2023-11-21 11:40:00,187.53,187.53,187.42,187.42,-0.06,85.16,15823.9,-1
2023-11-21,2023-11-21 11:50:00,187.42,187.42,187.3,187.3,-0.06,85.16,15823.9,-1
2023-11-21,2023-11-21 12:00:00,187.3,187.3,187.18,187.18,-0.06,85.16,15823.9,-1
2023-11-21,2023-11-21 12:10:00,187.18,187.18,187.07,187.07,-0.06,85.16,15823.9,-1
2023-11-21,2023-11-21 12:20:00,187.07,187.07,186.95,186.95,-0.06,85.16,15823.9,-1
2023-11-21,2023-11-21 12:30:00,186.95,186.95,186.83,186.83,-0.06,85.16,15823.9,-1
2023-11-21,2023-11-21 12:40:00,186.83,186.83,186.72,186.72,-0.06,85.16,15823.9,-1
2023-11-21,2023-11-21 12:50:00,186.72,186.72,186.6,186.6,-0.06,85.16,15823.9,-1
2023-11-21,2023-11-21 13:00:00,186.6,188.0,183.1,186.48,-0.06,85.16,15823.9,-1
2023-11-21,2023-11-21 13:10:00,186.48,186.48,186.37,186.37,-0.06,85.16,15823.9,-1
2023-11-21,2023-11-21 13:20:00,186.37,186.37,186.25,186.25,-0.06,85.16,15823.9,-1
2023-11-21,2023-11-21 13:30:00,186.25,186.25,186.13,186.13,-0.06,85.16,15823.9,-1
2023-11-21,2023-11-21 13:40:00,186.13,186.13,186.02,186.02,-0.06,85.16,15823.9,-1
2023-11-21,2023-11-21 13:50:00,186.02,186.02,185.9,185.9,-0.06,85.16,15823.9,-1
2023-11-21,2023-11-21 14:00:00,185.9,185.9,185.78,185.78,-0.06,85.16,15823.9,-1
2023-11-21,2023-11-21 14:10:00,185.78,185.78,185.67,185.67,-0.06,85.16,15823.9,-1
2023-11-21,2023-11-21 14:20:00,185.67,185.67,185.55,185.55,-0.06,85.16,15823.9,-1
2023-11-21,2023-11-21 14:30:00,185.55,185.55,185.43,185.43,-0.06,85.16,15823.9,-1
2023-11-21,2023-11-21 14:40:00,185.43,185.43,185.32,185.32,-0.06,85.16,15823.9,-1
2023-11-21,2023-11-21 14:50:00,185.32,185.32,185.2,185.2,-0.06,85.16,15823.9,-1
2023-11-21,2023-11-21 15:00:00,185.2,188.0,183.1,185.2,0.0,85.16,15823.9,0
2023-11-22,2023-11-22 11:00:00,188.0,190.1,188.0,188.08,0.04,102.4,19442.47,1
2023-11-22,2023-11-22 11:10:00,188.08,188.17,188.08,188.17,0.05,102.4,19442.47,1
2023-11-22,2023-11-22 11:20:00,188.17,188.25,188.17,188.25,0.04,102.4,19442.47,1
2023-11-22,2023-11-22 11:30:00,188.25,188.33,188.25,188.33,0.04,102.4,19442.47,1
2023-11-22,2023-11-22 11:40:00,188.33,188.42,188.33,188.42,0.05,102.4,19442.47,1
2023-11-22,2023-11-22 11:50:00,188.42,188.5,188.42,188.5,0.04,102.4,19442.47,1
2023-11-22,2023-11-22 12:00:00,188.5,188.58,188.5,188.58,0.04,102.4,19442.47,1
2023-11-22,2023-11-22 12:10:00,188.58,188.67,188.58,188.67,0.05,102.4,19442.47,1
2023-11-22,2023-11-22 12:20:00,188.67,188.75,188.67,188.75,0.04,102.4,19442.47,1
2023-11-22,2023-11-22 12:30:00,188.75,188.83,188.75,188.83,0.04,102.4,19442.47,1
2023-11-22,2023-11-22 12:40:00,188.83,188.92,188.83,188.92,0.05,102.4,19442.47,1
2023-11-22,2023-11-22 12:50:00,188.92,189.0,188.92,189.0,0.04,102.4,19442.47,1
2023-11-22,2023-11-22 13:00:00,189.0,195.0,188.0,189.08,0.04,102.4,19442.47,1
2023-11-22,2023-11-22 13:10:00,189.08,189.17,189.08,189.17,0.05,102.4,19442.47,1
2023-11-22,2023-11-22 13:20:00,189.17,189.25,189.17,189.25,0.04,102.4,19442.47,1
2023-11-22,2023-11-22 13:30:00,189.25,189.33,189.25,189.33,0.04,102.4,19442.47,1
2023-11-22,2023-11-22 13:40:00,189.33,189.42,189.33,189.42,0.05,102.4,19442.47,1
2023-11-22,2023-11-22 13:50:00,189.42,189.5,189.42,189.5,0.04,102.4,19442.47,1
2023-11-22,2023-11-22 14:00:00,189.5,189.58,189.5,189.58,0.04,102.4,19442.47,1
2023-11-22,2023-11-22 14:10:00,189.58,189.67,189.58,189.67,0.05,102.4,19442.47,1
2023-11-22,2023-11-22 14:20:00,189.67,189.75,189.67,189.75,0.04,102.4,19442.47,1
2023-11-22,2023-11-22 14:30:00,189.75,189.83,189.75,189.83,0.04,102.4,19442.47,1
2023-11-22,2023-11-22 14:40:00,189.83,189.92,189.83,189.92,0.05,102.4,19442.47,1
2023-11-22,2023-11-22 14:50:00,189.92,190.0,189.92,190.0,0.04,102.4,19442.47,1
2023-11-22,2023-11-22 15:00:00,190.0,195.0,188.0,190.0,0.0,102.4,19442.47,0
2023-11-23,2023-11-23 11:00:00,188.0,189.74,187.7,188.16,0.09,227.4,43187.96,1
2023-11-23,2023-11-23 11:10:00,188.16,188.32,188.16,188.32,0.09,227.4,43187.96,1
2023-11-23,2023-11-23 11:20:00,188.32,188.49,188.32,188.49,0.09,227.4,43187.96,1
2023-11-23,2023-11-23 11:30:00,188.49,188.65,188.49,188.65,0.08,227.4,43187.96,1
2023-11-23,2023-11-23 11:40:00,188.65,188.81,188.65,188.81,0.08,227.4,43187.96,1
2023-11-23,2023-11-23 11:50:00,188.81,188.97,188.81,188.97,0.08,227.4,43187.96,1
2023-11-23,2023-11-23 12:00:00,188.97,189.14,188.97,189.14,0.09,227.4,43187.96,1
2023-11-23,2023-11-23 12:10:00,189.14,189.3,189.14,189.3,0.08,227.4,43187.96,1
2023-11-23,2023-11-23 12:20:00,189.3,189.46,189.3,189.46,0.08,227.4,43187.96,1
2023-11-23,2023-11-23 12:30:00,189.46,189.62,189.46,189.62,0.08,227.4,43187.96,1
2023-11-23,2023-11-23 12:40:00,189.62,189.79,189.62,189.79,0.09,227.4,43187.96,1
2023-11-23,2023-11-23 12:50:00,189.79,189.95,189.79,189.95,0.08,227.4,43187.96,1
2023-11-23,2023-11-23 13:00:00,189.95,193.8,187.0,190.11,0.08,227.4,43187.96,1
2023-11-23,2023-11-23 13:10:00,190.11,190.28,190.11,190.28,0.09,227.4,43187.96,1
2023-11-23,2023-11-23 13:20:00,190.28,190.44,190.28,190.44,0.08,227.4,43187.96,1
2023-11-23,2023-11-23 13:30:00,190.44,190.6,190.44,190.6,0.08,227.4,43187.96,1
2023-11-23,2023-11-23 13:40:00,190.6,190.76,190.6,190.76,0.08,227.4,43187.96,1
2023-11-23,2023-11-23 13:50:00,190.76,190.93,190.76,190.93,0.09,227.4,43187.96,1
2023-11-23,2023-11-23 14:00:00,190.93,191.09,190.93,191.09,0.08,227.4,43187.96,1
2023-11-23,2023-11-23 14:10:00,191.09,191.25,191.09,191.25,0.08,227.4,43187.96,1
2023-11-23,2023-11-23 14:20:00,191.25,191.41,191.25,191.41,0.08,227.4,43187.96,1
2023-11-23,2023-11-23 14:30:00,191.41,191.58,191.41,191.58,0.09,227.4,43187.96,1
2023-11-23,2023-11-23 14:40:00,191.58,191.74,191.58,191.74,0.08,227.4,43187.96,1
2023-11-23,2023-11-23 14:50:00,191.74,191.9,191.74,191.9,0.08,227.4,43187.96,1
2023-11-23,2023-11-23 15:00:00,191.9,193.8,187.0,191.9,0.0,227.4,43187.96,0
2023-11-26,2023-11-26 11:00:00,188.1,191.37,188.1,188.47,0.2,191.84,37793.58,1
2023-11-26,2023-11-26 11:10:00,188.47,188.84,188.47,188.84,0.2,191.84,37793.58,1
2023-11-26,2023-11-26 11:20:00,188.84,189.21,188.84,189.21,0.2,191.84,37793.58,1
2023-11-26,2023-11-26 11:30:00,189.21,189.58,189.21,189.58,0.2,191.84,37793.58,1
2023-11-26,2023-11-26 11:40:00,189.58,189.95,189.58,189.95,0.2,191.84,37793.58,1
2023-11-26,2023-11-26 11:50:00,189.95,190.32,189.95,190.32,0.19,191.84,37793.58,1
2023-11-26,2023-11-26 12:00:00,190.32,190.7,190.32,190.7,0.2,191.84,37793.58,1
2023-11-26,2023-11-26 12:10:00,190.7,191.07,190.7,191.07,0.19,191.84,37793.58,1
2023-11-26,2023-11-26 12:20:00,191.07,191.44,191.07,191.44,0.19,191.84,37793.58,1
2023-11-26,2023-11-26 12:30:00,191.44,191.81,191.44,191.81,0.19,191.84,37793.58,1
2023-11-26,2023-11-26 12:40:00,191.81,192.18,191.81,192.18,0.19,191.84,37793.58,1
2023-11-26,2023-11-26 12:50:00,192.18,192.55,192.18,192.55,0.19,191.84,37793.58,1
2023-11-26,2023-11-26 13:00:00,192.55,199.0,188.1,192.92,0.19,191.84,37793.58,1
2023-11-26,2023-11-26 13:10:00,192.92,193.29,192.92,193.29,0.19,191.84,37793.58,1
2023-11-26,2023-11-26 13:20:00,193.29,193.66,193.29,193.66,0.19,191.84,37793.58,1
2023-11-26,2023-11-26 13:30:00,193.66,194.03,193.66,194.03,0.19,191.84,37793.58,1
2023-11-26,2023-11-26 13:40:00,194.03,194.4,194.03,194.4,0.19,191.84,37793.58,1
2023-11-26,2023-11-26 13:50:00,194.4,194.78,194.4,194.78,0.2,191.84,37793.58,1
2023-11-26,2023-11-26 14:00:00,194.78,195.15,194.78,195.15,0.19,191.84,37793.58,1
2023-11-26,2023-11-26 14:10:00,195.15,195.52,195.15,195.52,0.19,191.84,37793.58,1
2023-11-26,2023-11-26 14:20:00,195.52,195.89,195.52,195.89,0.19,191.84,37793.58,1
2023-11-26,2023-11-26 14:30:00,195.89,196.26,195.89,196.26,0.19,191.84,37793.58,1
2023-11-26,2023-11-26 14:40:00,196.26,196.63,196.26,196.63,0.19,191.84,37793.58,1
2023-11-26,2023-11-26 14:50:00,196.63,197.0,196.63,197.0,0.19,191.84,37793.58,1
2023-11-26,2023-11-26 15:00:00,197.0,199.0,188.1,197.0,0.0,191.84,37793.58,0
2023-11-27,2023-11-27 11:00:00,200.9,200.9,199.13,200.7,-0.1,242.68,48006.24,-1
2023-11-27,2023-11-27 11:10:00,200.7,200.7,200.49,200.49,-0.1,242.68,48006.24,-1
2023-11-27,2023-11-27 11:20:00,200.49,200.49,200.29,200.29,-0.1,242.68,48006.24,-1
2023-11-27,2023-11-27 11:30:00,200.29,200.29,200.08,200.08,-0.1,242.68,48006.24,-1
2023-11-27,2023-11-27 11:40:00,200.08,200.08,199.88,199.88,-0.1,242.68,48006.24,-1
2023-11-27,2023-11-27 11:50:00,199.88,199.88,199.68,199.68,-0.1,242.68,48006.24,-1
2023-11-27,2023-11-27 12:00:00,199.68,199.68,199.47,199.47,-0.11,242.68,48006.24,-1
2023-11-27,2023-11-27 12:10:00,199.47,199.47,199.27,199.27,-0.1,242.68,48006.24,-1
2023-11-27,2023-11-27 12:20:00,199.27,199.27,199.06,199.06,-0.11,242.68,48006.24,-1
2023-11-27,2023-11-27 12:30:00,199.06,199.06,198.86,198.86,-0.1,242.68,48006.24,-1
2023-11-27,2023-11-27 12:40:00,198.86,198.86,198.65,198.65,-0.11,242.68,48006.24,-1
2023-11-27,2023-11-27 12:50:00,198.65,198.65,198.45,198.45,-0.1,242.68,48006.24,-1
2023-11-27,2023-11-27 13:00:00,198.45,200.9,195.0,198.25,-0.1,242.68,48006.24,-1
2023-11-27,2023-11-27 13:10:00,198.25,198.25,198.04,198.04,-0.11,242.68,48006.24,-1
2023-11-27,2023-11-27 13:20:00,198.04,198.04,197.84,197.84,-0.1,242.68,48006.24,-1
2023-11-27,2023-11-27 13:30:00,197.84,197.84,197.63,197.63,-0.11,242.68,48006.24,-1
2023-11-27,2023-11-27 13:40:00,197.63,197.63,197.43,197.43,-0.1,242.68,48006.24,-1
2023-11-27,2023-11-27 13:50:00,197.43,197.43,197.22,197.22,-0.11,242.68,48006.24,-1
2023-11-27,2023-11-27 14:00:00,197.22,197.22,197.02,197.02,-0.1,242.68,48006.24,-1
2023-11-27,2023-11-27 14:10:00,197.02,197.02,196.82,196.82,-0.1,242.68,48006.24,-1
2023-11-27,2023-11-27 14:20:00,196.82,196.82,196.61,196.61,-0.11,242.68,48006.24,-1
2023-11-27,2023-11-27 14:30:00,196.61,196.61,196.41,196.41,-0.1,242.68,48006.24,-1
2023-11-27,2023-11-27 14:40:00,196.41,196.41,196.2,196.2,-0.11,242.68,48006.24,-1
2023-11-27,2023-11-27 14:50:00,196.2,196.2,196.0,196.0,-0.1,242.68,48006.24,-1
2023-11-27,2023-11-27 15:00:00,196.0,200.9,195.0,196.0,0.0,242.68,48006.24,0
2023-11-28,2023-11-28 11:00:00,193.1,194.27,192.17,193.18,0.04,82.92,15917.6,1
2023-11-28,2023-11-28 11:10:00,193.18,193.26,193.18,193.26,0.04,82.92,15917.6,1
2023-11-28,2023-11-28 11:20:00,193.26,193.34,193.26,193.34,0.04,82.92,15917.6,1
2023-11-28,2023-11-28 11:30:00,193.34,193.42,193.34,193.42,0.04,82.92,15917.6,1
2023-11-28,2023-11-28 11:40:00,193.42,193.5,193.42,193.5,0.04,82.92,15917.6,1
2023-11-28,2023-11-28 11:50:00,193.5,193.57,193.5,193.57,0.04,82.92,15917.6,1
2023-11-28,2023-11-28 12:00:00,193.57,193.65,193.57,193.65,0.04,82.92,15917.6,1
2023-11-28,2023-11-28 12:10:00,193.65,193.73,193.65,193.73,0.04,82.92,15917.6,1
2023-11-28,2023-11-28 12:20:00,193.73,193.81,193.73,193.81,0.04,82.92,15917.6,1
2023-11-28,2023-11-28 12:30:00,193.81,193.89,193.81,193.89,0.04,82.92,15917.6,1
2023-11-28,2023-11-28 12:40:00,193.89,193.97,193.89,193.97,0.04,82.92,15917.6,1
2023-11-28,2023-11-28 12:50:00,193.97,194.05,193.97,194.05,0.04,82.92,15917.6,1
2023-11-28,2023-11-28 13:00:00,194.05,197.0,190.0,194.13,0.04,82.92,15917.6,1
2023-11-28,2023-11-28 13:10:00,194.13,194.21,194.13,194.21,0.04,82.92,15917.6,1
2023-11-28,2023-11-28 13:20:00,194.21,194.29,194.21,194.29,0.04,82.92,15917.6,1
2023-11-28,2023-11-28 13:30:00,194.29,194.37,194.29,194.37,0.04,82.92,15917.6,1
2023-11-28,2023-11-28 13:40:00,194.37,194.45,194.37,194.45,0.04,82.92,15917.6,1
2023-11-28,2023-11-28 13:50:00,194.45,194.53,194.45,194.53,0.04,82.92,15917.6,1
2023-11-28,2023-11-28 14:00:00,194.53,194.6,194.53,194.6,0.04,82.92,15917.6,1
2023-11-28,2023-11-28 14:10:00,194.6,194.68,194.6,194.68,0.04,82.92,15917.6,1
2023-11-28,2023-11-28 14:20:00,194.68,194.76,194.68,194.76,0.04,82.92,15917.6,1
2023-11-28,2023-11-28 14:30:00,194.76,194.84,194.76,194.84,0.04,82.92,15917.6,1
2023-11-28,2023-11-28 14:40:00,194.84,194.92,194.84,194.92,0.04,82.92,15917.6,1
2023-11-28,2023-11-28 14:50:00,194.92,195.0,194.92,195.0,0.04,82.92,15917.6,1
2023-11-28,2023-11-28 15:00:00,195.0,197.0,190.0,195.0,0.0,82.92,15917.6,0
2023-11-29,2023-11-29 11:00:00,191.2,193.24,190.39,191.09,-0.06,137.08,26252.22,-1
2023-11-29,2023-11-29 11:10:00,191.09,191.09,190.97,190.97,-0.06,137.08,26252.22,-1
2023-11-29,2023-11-29 11:20:00,190.97,190.97,190.86,190.86,-0.06,137.08,26252.22,-1
2023-11-29,2023-11-29 11:30:00,190.86,190.86,190.75,190.75,-0.06,137.08,26252.22,-1
2023-11-29,2023-11-29 11:40:00,190.75,190.75,190.64,190.64,-0.06,137.08,26252.22,-1
2023-11-29,2023-11-29 11:50:00,190.64,190.64,190.52,190.52,-0.06,137.08,26252.22,-1
2023-11-29,2023-11-29 12:00:00,190.52,190.52,190.41,190.41,-0.06,137.08,26252.22,-1
2023-11-29,2023-11-29 12:10:00,190.41,190.41,190.3,190.3,-0.06,137.08,26252.22,-1
2023-11-29,2023-11-29 12:20:00,190.3,190.3,190.19,190.19,-0.06,137.08,26252.22,-1
2023-11-29,2023-11-29 12:30:00,190.19,190.19,190.07,190.07,-0.06,137.08,26252.22,-1
2023-11-29,2023-11-29 12:40:00,190.07,190.07,189.96,189.96,-0.06,137.08,26252.22,-1
2023-11-29,2023-11-29 12:50:00,189.96,189.96,189.85,189.85,-0.06,137.08,26252.22,-1
2023-11-29,2023-11-29 13:00:00,189.85,198.0,188.5,189.74,-0.06,137.08,26252.22,-1
2023-11-29,2023-11-29 13:10:00,189.74,189.74,189.62,189.62,-0.06,137.08,26252.22,-1
2023-11-29,2023-11-29 13:20:00,189.62,189.62,189.51,189.51,-0.06,137.08,26252.22,-1
2023-11-29,2023-11-29 13:30:00,189.51,189.51,189.4,189.4,-0.06,137.08,26252.22,-1
2023-11-29,2023-11-29 13:40:00,189.4,189.4,189.29,189.29,-0.06,137.08,26252.22,-1
2023-11-29,2023-11-29 13:50:00,189.29,189.29,189.18,189.18,-0.06,137.08,26252.22,-1
2023-11-29,2023-11-29 14:00:00,189.18,189.18,189.06,189.06,-0.06,137.08,26252.22,-1
2023-11-29,2023-11-29 14:10:00,189.06,189.06,188.95,188.95,-0.06,137.08,26252.22,-1
2023-11-29,2023-11-29 14:20:00,188.95,188.95,188.84,188.84,-0.06,137.08,26252.22,-1
2023-11-29,2023-11-29 14:30:00,188.84,188.84,188.72,188.72,-0.06,137.08,26252.22,-1
2023-11-29,2023-11-29 14:40:00,188.72,188.72,188.61,188.61,-0.06,137.08,26252.22,-1
2023-11-29,2023-11-29 14:50:00,188.61,188.61,188.5,188.5,-0.06,137.08,26252.22,-1
2023-11-29,2023-11-29 15:00:00,188.5,198.0,188.5,188.5,0.0,137.08,26252.22,0
2023-11-30,2023-11-30 11:00:00,185.0,187.16,184.94,184.99,-0.01,217.88,40709.98,-1
2023-11-30,2023-11-30 11:10:00,184.99,184.99,184.98,184.98,-0.01,217.88,40709.98,-1
2023-11-30,2023-11-30 11:20:00,184.98,184.98,184.97,184.97,-0.01,217.88,40709.98,-1
2023-11-30,2023-11-30 11:30:00,184.97,184.97,184.97,184.97,0.0,217.88,40709.98,0
2023-11-30,2023-11-30 11:40:00,184.97,184.97,184.96,184.96,-0.01,217.88,40709.98,-1
2023-11-30,2023-11-30 11:50:00,184.96,184.96,184.95,184.95,-0.01,217.88,40709.98,-1
2023-11-30,2023-11-30 12:00:00,184.95,184.95,184.94,184.94,-0.01,217.88,40709.98,-1
2023-11-30,2023-11-30 12:10:00,184.94,184.94,184.93,184.93,-0.01,217.88,40709.98,-1
2023-11-30,2023-11-30 12:20:00,184.93,184.93,184.93,184.93,0.0,217.88,40709.98,0
2023-11-30,2023-11-30 12:30:00,184.93,184.93,184.92,184.92,-0.01,217.88,40709.98,-1
2023-11-30,2023-11-30 12:40:00,184.92,184.92,184.91,184.91,-0.01,217.88,40709.98,-1
2023-11-30,2023-11-30 12:50:00,184.91,184.91,184.9,184.9,-0.01,217.88,40709.98,-1
2023-11-30,2023-11-30 13:00:00,184.9,192.2,184.8,184.89,-0.01,217.88,40709.98,-1
2023-11-30,2023-11-30 13:10:00,184.89,184.89,184.88,184.88,-0.01,217.88,40709.98,-1
2023-11-30,2023-11-30 13:20:00,184.88,184.88,184.88,184.88,0.0,217.88,40709.98,0
2023-11-30,2023-11-30 13:30:00,184.88,184.88,184.87,184.87,-0.01,217.88,40709.98,-1
2023-11-30,2023-11-30 13:40:00,184.87,184.87,184.86,184.86,-0.01,217.88,40709.98,-1
2023-11-30,2023-11-30 13:50:00,184.86,184.86,184.85,184.85,-0.01,217.88,40709.98,-1
2023-11-30,2023-11-30 14:00:00,184.85,184.85,184.84,184.84,-0.01,217.88,40709.98,-1
2023-11-30,2023-11-30 14:10:00,184.84,184.84,184.83,184.83,-0.01,217.88,40709.98,-1
2023-11-30,2023-11-30 14:20:00,184.83,184.83,184.83,184.83,0.0,217.88,40709.98,0
2023-11-30,2023-11-30 14:30:00,184.83,184.83,184.82,184.82,-0.01,217.88,40709.98,-1
2023-11-30,2023-11-30 14:40:00,184.82,184.82,184.81,184.81,-0.01,217.88,40709.98,-1
2023-11-30,2023-11-30 14:50:00,184.81,184.81,184.8,184.8,-0.01,217.88,40709.98,-1
2023-11-30,2023-11-30 15:00:00,184.8,192.2,184.8,184.8,0.0,217.88,40709.98,0
2023-12-03,2023-12-03 11:00:00,188.4,188.55,187.53,188.42,0.01,50.12,9363.25,1
2023-12-03,2023-12-03 11:10:00,188.42,188.44,188.42,188.44,0.01,50.12,9363.25,1
2023-12-03,2023-12-03 11:20:00,188.44,188.46,188.44,188.46,0.01,50.12,9363.25,1
2023-12-03,2023-12-03 11:30:00,188.46,188.48,188.46,188.48,0.01,50.12,9363.25,1
2023-12-03,2023-12-03 11:40:00,188.48,188.5,188.48,188.5,0.01,50.12,9363.25,1
2023-12-03,2023-12-03 11:50:00,188.5,188.53,188.5,188.53,0.02,50.12,9363.25,1
2023-12-03,2023-12-03 12:00:00,188.53,188.55,188.53,188.55,0.01,50.12,9363.25,1
2023-12-03,2023-12-03 12:10:00,188.55,188.57,188.55,188.57,0.01,50.12,9363.25,1
2023-12-03,2023-12-03 12:20:00,188.57,188.59,188.57,188.59,0.01,50.12,9363.25,1
2023-12-03,2023-12-03 12:30:00,188.59,188.61,188.59,188.61,0.01,50.12,9363.25,1
2023-12-03,2023-12-03 12:40:00,188.61,188.63,188.61,188.63,0.01,50.12,9363.25,1
2023-12-03,2023-12-03 12:50:00,188.63,188.65,188.63,188.65,0.01,50.12,9363.25,1
2023-12-03,2023-12-03 13:00:00,188.65,188.9,185.5,188.67,0.01,50.12,9363.25,1
2023-12-03,2023-12-03 13:10:00,188.67,188.69,188.67,188.69,0.01,50.12,9363.25,1
2023-12-03,2023-12-03 13:20:00,188.69,188.71,188.69,188.71,0.01,50.12,9363.25,1
2023-12-03,2023-12-03 13:30:00,188.71,188.73,188.71,188.73,0.01,50.12,9363.25,1
2023-12-03,2023-12-03 13:40:00,188.73,188.75,188.73,188.75,0.01,50.12,9363.25,1
2023-12-03,2023-12-03 13:50:00,188.75,188.78,188.75,188.78,0.02,50.12,9363.25,1
2023-12-03,2023-12-03 14:00:00,188.78,188.8,188.78,188.8,0.01,50.12,9363.25,1
2023-12-03,2023-12-03 14:10:00,188.8,188.82,188.8,188.82,0.01,50.12,9363.25,1
2023-12-03,2023-12-03 14:20:00,188.82,188.84,188.82,188.84,0.01,50.12,9363.25,1
2023-12-03,2023-12-03 14:30:00,188.84,188.86,188.84,188.86,0.01,50.12,9363.25,1
2023-12-03,2023-12-03 14:40:00,188.86,188.88,188.86,188.88,0.01,50.12,9363.25,1
2023-12-03,2023-12-03 14:50:00,188.88,188.9,188.88,188.9,0.01,50.12,9363.25,1
2023-12-03,2023-12-03 15:00:00,188.9,188.9,185.5,188.9,0.0,50.12,9363.25,0
2023-12-04,2023-12-04 11:00:00,188.0,189.38,187.85,188.08,0.04,95.84,18156.51,1
2023-12-04,2023-12-04 11:10:00,188.08,188.17,188.08,188.17,0.05,95.84,18156.51,1
2023-12-04,2023-12-04 11:20:00,188.17,188.25,188.17,188.25,0.04,95.84,18156.51,1
2023-12-04,2023-12-04 11:30:00,188.25,188.33,188.25,188.33,0.04,95.84,18156.51,1
2023-12-04,2023-12-04 11:40:00,188.33,188.42,188.33,188.42,0.05,95.84,18156.51,1
2023-12-04,2023-12-04 11:50:00,188.42,188.5,188.42,188.5,0.04,95.84,18156.51,1
2023-12-04,2023-12-04 12:00:00,188.5,188.58,188.5,188.58,0.04,95.84,18156.51,1
2023-12-04,2023-12-04 12:10:00,188.58,188.67,188.58,188.67,0.05,95.84,18156.51,1
2023-12-04,2023-12-04 12:20:00,188.67,188.75,188.67,188.75,0.04,95.84,18156.51,1
2023-12-04,2023-12-04 12:30:00,188.75,188.83,188.75,188.83,0.04,95.84,18156.51,1
2023-12-04,2023-12-04 12:40:00,188.83,188.92,188.83,188.92,0.05,95.84,18156.51,1
2023-12-04,2023-12-04 12:50:00,188.92,189.0,188.92,189.0,0.04,95.84,18156.51,1
2023-12-04,2023-12-04 13:00:00,189.0,192.6,187.5,189.08,0.04,95.84,18156.51,1
2023-12-04,2023-12-04 13:10:00,189.08,189.17,189.08,189.17,0.05,95.84,18156.51,1
2023-12-04,2023-12-04 13:20:00,189.17,189.25,189.17,189.25,0.04,95.84,18156.51,1
2023-12-04,2023-12-04 13:30:00,189.25,189.33,189.25,189.33,0.04,95.84,18156.51,1
2023-12-04,2023-12-04 13:40:00,189.33,189.42,189.33,189.42,0.05,95.84,18156.51,1
2023-12-04,2023-12-04 13:50:00,189.42,189.5,189.42,189.5,0.04,95.84,18156.51,1
2023-12-04,2023-12-04 14:00:00,189.5,189.58,189.5,189.58,0.04,95.84,18156.51,1
2023-12-04,2023-12-04 14:10:00,189.58,189.67,189.58,189.67,0.05,95.84,18156.51,1
2023-12-04,2023-12-04 14:20:00,189.67,189.75,189.67,189.75,0.04,95.84,18156.51,1
2023-12-04,2023-12-04 14:30:00,189.75,189.83,189.75,189.83,0.04,95.84,18156.51,1
2023-12-04,2023-12-04 14:40:00,189.83,189.92,189.83,189.92,0.05,95.84,18156.51,1
2023-12-04,2023-12-04 14:50:00,189.92,190.0,189.92,190.0,0.04,95.84,18156.51,1
2023-12-04,2023-12-04 15:00:00,190.0,192.6,187.5,190.0,0.0,95.84,18156.51,0
2023-12-05,2023-12-05 11:00:00,186.2,187.34,185.24,186.28,0.04,53.6,10051.32,1
2023-12-05,2023-12-05 11:10:00,186.28,186.36,186.28,186.36,0.04,53.6,10051.32,1
2023-12-05,2023-12-05 11:20:00,186.36,186.44,186.36,186.44,0.04,53.6,10051.32,1
2023-12-05,2023-12-05 11:30:00,186.44,186.52,186.44,186.52,0.04,53.6,10051.32,1
2023-12-05,2023-12-05 11:40:00,186.52,186.6,186.52,186.6,0.04,53.6,10051.32,1
2023-12-05,2023-12-05 11:50:00,186.6,186.67,186.6,186.67,0.04,53.6,10051.32,1
2023-12-05,2023-12-05 12:00:00,186.67,186.75,186.67,186.75,0.04,53.6,10051.32,1
2023-12-05,2023-12-05 12:10:00,186.75,186.83,186.75,186.83,0.04,53.6,10051.32,1
2023-12-05,2023-12-05 12:20:00,186.83,186.91,186.83,186.91,0.04,53.6,10051.32,1
2023-12-05,2023-12-05 12:30:00,186.91,186.99,186.91,186.99,0.04,53.6,10051.32,1
2023-12-05,2023-12-05 12:40:00,186.99,187.07,186.99,187.07,0.04,53.6,10051.32,1
2023-12-05,2023-12-05 12:50:00,187.07,187.15,187.07,187.15,0.04,53.6,10051.32,1
2023-12-05,2023-12-05 13:00:00,187.15,190.0,183.0,187.23,0.04,53.6,10051.32,1
2023-12-05,2023-12-05 13:10:00,187.23,187.31,187.23,187.31,0.04,53.6,10051.32,1
2023-12-05,2023-12-05 13:20:00,187.31,187.39,187.31,187.39,0.04,53.6,10051.32,1
2023-12-05,2023-12-05 13:30:00,187.39,187.47,187.39,187.47,0.04,53.6,10051.32,1
2023-12-05,2023-12-05 13:40:00,187.47,187.55,187.47,187.55,0.04,53.6,10051.32,1
2023-12-05,2023-12-05 13:50:00,187.55,187.62,187.55,187.62,0.04,53.6,10051.32,1
2023-12-05,2023-12-05 14:00:00,187.62,187.7,187.62,187.7,0.04,53.6,10051.32,1
2023-12-05,2023-12-05 14:10:00,187.7,187.78,187.7,187.78,0.04,53.6,10051.32,1
2023-12-05,2023-12-05 14:20:00,187.78,187.86,187.78,187.86,0.04,53.6,10051.32,1
2023-12-05,2023-12-05 14:30:00,187.86,187.94,187.86,187.94,0.04,53.6,10051.32,1
2023-12-05,2023-12-05 14:40:00,187.94,188.02,187.94,188.02,0.04,53.6,10051.32,1
2023-12-05,2023-12-05 14:50:00,188.02,188.1,188.02,188.1,0.04,53.6,10051.32,1
2023-12-05,2023-12-05 15:00:00,188.1,190.0,183.0,188.1,0.0,53.6,10051.32,0
2023-12-06,2023-12-06 11:00:00,188.0,189.11,187.1,187.9,-0.05,75.32,14076.87,-1
2023-12-06,2023-12-06 11:10:00,187.9,187.9,187.8,187.8,-0.05,75.32,14076.87,-1
2023-12-06,2023-12-06 11:20:00,187.8,187.8,187.7,187.7,-0.05,75.32,14076.87,-1
2023-12-06,2023-12-06 11:30:00,187.7,187.7,187.6,187.6,-0.05,75.32,14076.87,-1
2023-12-06,2023-12-06 11:40:00,187.6,187.6,187.5,187.5,-0.05,75.32,14076.87,-1
2023-12-06,2023-12-06 11:50:00,187.5,187.5,187.4,187.4,-0.05,75.32,14076.87,-1
2023-12-06,2023-12-06 12:00:00,187.4,187.4,187.3,187.3,-0.05,75.32,14076.87,-1
2023-12-06,2023-12-06 12:10:00,187.3,187.3,187.2,187.2,-0.05,75.32,14076.87,-1
2023-12-06,2023-12-06 12:20:00,187.2,187.2,187.1,187.1,-0.05,75.32,14076.87,-1
2023-12-06,2023-12-06 12:30:00,187.1,187.1,187.0,187.0,-0.05,75.32,14076.87,-1
2023-12-06,2023-12-06 12:40:00,187.0,187.0,186.9,186.9,-0.05,75.32,14076.87,-1
2023-12-06,2023-12-06 12:50:00,186.9,186.9,186.8,186.8,-0.05,75.32,14076.87,-1
2023-12-06,2023-12-06 13:00:00,186.8,191.7,185.0,186.7,-0.05,75.32,14076.87,-1
2023-12-06,2023-12-06 13:10:00,186.7,186.7,186.6,186.6,-0.05,75.32,14076.87,-1
2023-12-06,2023-12-06 13:20:00,186.6,186.6,186.5,186.5,-0.05,75.32,14076.87,-1
2023-12-06,2023-12-06 13:30:00,186.5,186.5,186.4,186.4,-0.05,75.32,14076.87,-1
2023-12-06,2023-12-06 13:40:00,186.4,186.4,186.3,186.3,-0.05,75.32,14076.87,-1
2023-12-06,2023-12-06 13:50:00,186.3,186.3,186.2,186.2,-0.05,75.32,14076.87,-1
2023-12-06,2023-12-06 14:00:00,186.2,186.2,186.1,186.1,-0.05,75.32,14076.87,-1
2023-12-06,2023-12-06 14:10:00,186.1,186.1,186.0,186.0,-0.05,75.32,14076.87,-1
2023-12-06,2023-12-06 14:20:00,186.0,186.0,185.9,185.9,-0.05,75.32,14076.87,-1
2023-12-06,2023-12-06 14:30:00,185.9,185.9,185.8,185.8,-0.05,75.32,14076.87,-1
2023-12-06,2023-12-06 14:40:00,185.8,185.8,185.7,185.7,-0.05,75.32,14076.87,-1
2023-12-06,2023-12-06 14:50:00,185.7,185.7,185.6,185.6,-0.05,75.32,14076.87,-1
2023-12-06,2023-12-06 15:00:00,185.6,191.7,185.0,185.6,0.0,75.32,14076.87,0
2023-12-07,2023-12-07 11:00:00,185.0,186.71,184.76,185.21,0.11,304.24,56802.5,1
2023-12-07,2023-12-07 11:10:00,185.21,185.42,185.21,185.42,0.11,304.24,56802.5,1
2023-12-07,2023-12-07 11:20:00,185.42,185.62,185.42,185.62,0.11,304.24,56802.5,1
2023-12-07,2023-12-07 11:30:00,185.62,185.83,185.62,185.83,0.11,304.24,56802.5,1
2023-12-07,2023-12-07 11:40:00,185.83,186.04,185.83,186.04,0.11,304.24,56802.5,1
2023-12-07,2023-12-07 11:50:00,186.04,186.25,186.04,186.25,0.11,304.24,56802.5,1
2023-12-07,2023-12-07 12:00:00,186.25,186.46,186.25,186.46,0.11,304.24,56802.5,1
2023-12-07,2023-12-07 12:10:00,186.46,186.67,186.46,186.67,0.11,304.24,56802.5,1
2023-12-07,2023-12-07 12:20:00,186.67,186.88,186.67,186.88,0.11,304.24,56802.5,1
2023-12-07,2023-12-07 12:30:00,186.88,187.08,186.88,187.08,0.11,304.24,56802.5,1
2023-12-07,2023-12-07 12:40:00,187.08,187.29,187.08,187.29,0.11,304.24,56802.5,1
2023-12-07,2023-12-07 12:50:00,187.29,187.5,187.29,187.5,0.11,304.24,56802.5,1
2023-12-07,2023-12-07 13:00:00,187.5,190.7,184.2,187.71,0.11,304.24,56802.5,1
2023-12-07,2023-12-07 13:10:00,187.71,187.92,187.71,187.92,0.11,304.24,56802.5,1
2023-12-07,2023-12-07 13:20:00,187.92,188.12,187.92,188.12,0.11,304.24,56802.5,1
2023-12-07,2023-12-07 13:30:00,188.12,188.33,188.12,188.33,0.11,304.24,56802.5,1
2023-12-07,2023-12-07 13:40:00,188.33,188.54,188.33,188.54,0.11,304.24,56802.5,1
2023-12-07,2023-12-07 13:50:00,188.54,188.75,188.54,188.75,0.11,304.24,56802.5,1
2023-12-07,2023-12-07 14:00:00,188.75,188.96,188.75,188.96,0.11,304.24,56802.5,1
2023-12-07,2023-12-07 14:10:00,188.96,189.17,188.96,189.17,0.11,304.24,56802.5,1
2023-12-07,2023-12-07 14:20:00,189.17,189.38,189.17,189.38,0.11,304.24,56802.5,1
2023-12-07,2023-12-07 14:30:00,189.38,189.58,189.38,189.58,0.11,304.24,56802.5,1
2023-12-07,2023-12-07 14:40:00,189.58,189.79,189.58,189.79,0.11,304.24,56802.5,1
2023-12-07,2023-12-07 14:50:00,189.79,190.0,189.79,190.0,0.11,304.24,56802.5,1
2023-12-07,2023-12-07 15:00:00,190.0,190.7,184.2,190.0,0.0,304.24,56802.5,0
2023-12-10,2023-12-10 11:00:00,193.8,198.36,193.8,194.43,0.33,3.6,724.2,1
2023-12-10,2023-12-10 11:10:00,194.43,195.07,194.43,195.07,0.33,3.6,724.2,1
2023-12-10,2023-12-10 11:20:00,195.07,195.7,195.07,195.7,0.32,3.6,724.2,1
2023-12-10,2023-12-10 11:30:00,195.7,196.33,195.7,196.33,0.32,3.6,724.2,1
2023-12-10,2023-12-10 11:40:00,196.33,196.97,196.33,196.97,0.33,3.6,724.2,1
2023-12-10,2023-12-10 11:50:00,196.97,197.6,196.97,197.6,0.32,3.6,724.2,1
2023-12-10,2023-12-10 12:00:00,197.6,198.23,197.6,198.23,0.32,3.6,724.2,1
2023-12-10,2023-12-10 12:10:00,198.23,198.87,198.23,198.87,0.32,3.6,724.2,1
2023-12-10,2023-12-10 12:20:00,198.87,199.5,198.87,199.5,0.32,3.6,724.2,1
2023-12-10,2023-12-10 12:30:00,199.5,200.13,199.5,200.13,0.32,3.6,724.2,1
2023-12-10,2023-12-10 12:40:00,200.13,200.77,200.13,200.77,0.32,3.6,724.2,1
2023-12-10,2023-12-10 12:50:00,200.77,201.4,200.77,201.4,0.31,3.6,724.2,1
2023-12-10,2023-12-10 13:00:00,201.4,209.0,193.8,202.03,0.31,3.6,724.2,1
2023-12-10,2023-12-10 13:10:00,202.03,202.67,202.03,202.67,0.32,3.6,724.2,1
2023-12-10,2023-12-10 13:20:00,202.67,203.3,202.67,203.3,0.31,3.6,724.2,1
2023-12-10,2023-12-10 13:30:00,203.3,203.93,203.3,203.93,0.31,3.6,724.2,1
2023-12-10,2023-12-10 13:40:00,203.93,204.57,203.93,204.57,0.31,3.6,724.2,1
2023-12-10,2023-12-10 13:50:00,204.57,205.2,204.57,205.2,0.31,3.6,724.2,1
2023-12-10,2023-12-10 14:00:00,205.2,205.83,205.2,205.83,0.31,3.6,724.2,1
2023-12-10,2023-12-10 14:10:00,205.83,206.47,205.83,206.47,0.31,3.6,724.2,1
2023-12-10,2023-12-10 14:20:00,206.47,207.1,206.47,207.1,0.31,3.6,724.2,1
2023-12-10,2023-12-10 14:30:00,207.1,207.73,207.1,207.73,0.3,3.6,724.2,1
2023-12-10,2023-12-10 14:40:00,207.73,208.37,207.73,208.37,0.31,3.6,724.2,1
2023-12-10,2023-12-10 14:50:00,208.37,209.0,208.37,209.0,0.3,3.6,724.2,1
2023-12-10,2023-12-10 15:00:00,209.0,209.0,193.8,209.0,0.0,3.6,724.2,0
2023-12-11,2023-12-11 11:00:00,213.1,214.72,212.17,212.97,-0.06,1146.64,244185.57,-1
2023-12-11,2023-12-11 11:10:00,212.97,212.97,212.85,212.85,-0.06,1146.64,244185.57,-1
2023-12-11,2023-12-11 11:20:00,212.85,212.85,212.72,212.72,-0.06,1146.64,244185.57,-1
2023-12-11,2023-12-11 11:30:00,212.72,212.72,212.6,212.6,-0.06,1146.64,244185.57,-1
2023-12-11,2023-12-11 11:40:00,212.6,212.6,212.47,212.47,-0.06,1146.64,244185.57,-1
2023-12-11,2023-12-11 11:50:00,212.47,212.47,212.35,212.35,-0.06,1146.64,244185.57,-1
2023-12-11,2023-12-11 12:00:00,212.35,212.35,212.22,212.22,-0.06,1146.64,244185.57,-1
2023-12-11,2023-12-11 12:10:00,212.22,212.22,212.1,212.1,-0.06,1146.64,244185.57,-1
2023-12-11,2023-12-11 12:20:00,212.1,212.1,211.97,211.97,-0.06,1146.64,244185.57,-1
2023-12-11,2023-12-11 12:30:00,211.97,211.97,211.85,211.85,-0.06,1146.64,244185.57,-1
2023-12-11,2023-12-11 12:40:00,211.85,211.85,211.72,211.72,-0.06,1146.64,244185.57,-1
2023-12-11,2023-12-11 12:50:00,211.72,211.72,211.6,211.6,-0.06,1146.64,244185.57,-1
2023-12-11,2023-12-11 13:00:00,211.6,218.5,210.0,211.47,-0.06,1146.64,244185.57,-1
2023-12-11,2023-12-11 13:10:00,211.47,211.47,211.35,211.35,-0.06,1146.64,244185.57,-1
2023-12-11,2023-12-11 13:20:00,211.35,211.35,211.22,211.22,-0.06,1146.64,244185.57,-1
2023-12-11,2023-12-11 13:30:00,211.22,211.22,211.1,211.1,-0.06,1146.64,244185.57,-1
2023-12-11,2023-12-11 13:40:00,211.1,211.1,210.97,210.97,-0.06,1146.64,244185.57,-1
2023-12-11,2023-12-11 13:50:00,210.97,210.97,210.85,210.85,-0.06,1146.64,244185.57,-1
2023-12-11,2023-12-11 14:00:00,210.85,210.85,210.72,210.72,-0.06,1146.64,244185.57,-1
2023-12-11,2023-12-11 14:10:00,210.72,210.72,210.6,210.6,-0.06,1146.64,244185.57,-1
2023-12-11,2023-12-11 14:20:00,210.6,210.6,210.47,210.47,-0.06,1146.64,244185.57,-1
2023-12-11,2023-12-11 14:30:00,210.47,210.47,210.35,210.35,-0.06,1146.64,244185.57,-1
2023-12-11,2023-12-11 14:40:00,210.35,210.35,210.22,210.22,-0.06,1146.64,244185.57,-1
2023-12-11,2023-12-11 14:50:00,210.22,210.22,210.1,210.1,-0.06,1146.64,244185.57,-1
2023-12-11,2023-12-11 15:00:00,210.1,218.5,210.0,210.1,0.0,1146.64,244185.57,0
2023-12-12,2023-12-12 11:00:00,205.9,210.1,204.67,206.45,0.27,654.2,139657.81,1
2023-12-12,2023-12-12 11:10:00,206.45,206.99,206.45,206.99,0.26,654.2,139657.81,1
2023-12-12,2023-12-12 11:20:00,206.99,207.54,206.99,207.54,0.27,654.2,139657.81,1
2023-12-12,2023-12-12 11:30:00,207.54,208.08,207.54,208.08,0.26,654.2,139657.81,1
2023-12-12,2023-12-12 11:40:00,208.08,208.63,208.08,208.63,0.26,654.2,139657.81,1
2023-12-12,2023-12-12 11:50:00,208.63,209.18,208.63,209.18,0.26,654.2,139657.81,1
2023-12-12,2023-12-12 12:00:00,209.18,209.72,209.18,209.72,0.26,654.2,139657.81,1
2023-12-12,2023-12-12 12:10:00,209.72,210.27,209.72,210.27,0.26,654.2,139657.81,1
2023-12-12,2023-12-12 12:20:00,210.27,210.81,210.27,210.81,0.26,654.2,139657.81,1
2023-12-12,2023-12-12 12:30:00,210.81,211.36,210.81,211.36,0.26,654.2,139657.81,1
2023-12-12,2023-12-12 12:40:00,211.36,211.9,211.36,211.9,0.26,654.2,139657.81,1
2023-12-12,2023-12-12 12:50:00,211.9,212.45,211.9,212.45,0.26,654.2,139657.81,1
2023-12-12,2023-12-12 13:00:00,212.45,219.9,201.8,213.0,0.26,654.2,139657.81,1
2023-12-12,2023-12-12 13:10:00,213.0,213.54,213.0,213.54,0.25,654.2,139657.81,1
2023-12-12,2023-12-12 13:20:00,213.54,214.09,213.54,214.09,0.26,654.2,139657.81,1
2023-12-12,2023-12-12 13:30:00,214.09,214.63,214.09,214.63,0.25,654.2,139657.81,1
2023-12-12,2023-12-12 13:40:00,214.63,215.18,214.63,215.18,0.26,654.2,139657.81,1
2023-12-12,2023-12-12 13:50:00,215.18,215.72,215.18,215.72,0.25,654.2,139657.81,1
2023-12-12,2023-12-12 14:00:00,215.72,216.27,215.72,216.27,0.25,654.2,139657.81,1
2023-12-12,2023-12-12 14:10:00,216.27,216.82,216.27,216.82,0.25,654.2,139657.81,1
2023-12-12,2023-12-12 14:20:00,216.82,217.36,216.82,217.36,0.25,654.2,139657.81,1
2023-12-12,2023-12-12 14:30:00,217.36,217.91,217.36,217.91,0.25,654.2,139657.81,1
2023-12-12,2023-12-12 14:40:00,217.91,218.45,217.91,218.45,0.25,654.2,139657.81,1
2023-12-12,2023-12-12 14:50:00,218.45,219.0,218.45,219.0,0.25,654.2,139657.81,1
2023-12-12,2023-12-12 15:00:00,219.0,219.9,201.8,219.0,0.0,654.2,139657.81,0
2023-12-13,2023-12-13 11:00:00,220.0,222.22,219.7,220.0,0.0,736.96,164772.69,0
2023-12-13,2023-12-13 11:10:00,220.0,220.0,220.0,220.0,0.0,736.96,164772.69,0
2023-12-13,2023-12-13 11:20:00,220.0,220.0,220.0,220.0,0.0,736.96,164772.69,0
2023-12-13,2023-12-13 11:30:00,220.0,220.0,220.0,220.0,0.0,736.96,164772.69,0
2023-12-13,2023-12-13 11:40:00,220.0,220.0,220.0,220.0,0.0,736.96,164772.69,0
2023-12-13,2023-12-13 11:50:00,220.0,220.0,220.0,220.0,0.0,736.96,164772.69,0
2023-12-13,2023-12-13 12:00:00,220.0,220.0,220.0,220.0,0.0,736.96,164772.69,0
2023-12-13,2023-12-13 12:10:00,220.0,220.0,220.0,220.0,0.0,736.96,164772.69,0
2023-12-13,2023-12-13 12:20:00,220.0,220.0,220.0,220.0,0.0,736.96,164772.69,0
2023-12-13,2023-12-13 12:30:00,220.0,220.0,220.0,220.0,0.0,736.96,164772.69,0
2023-12-13,2023-12-13 12:40:00,220.0,220.0,220.0,220.0,0.0,736.96,164772.69,0
2023-12-13,2023-12-13 12:50:00,220.0,220.0,220.0,220.0,0.0,736.96,164772.69,0
2023-12-13,2023-12-13 13:00:00,220.0,227.4,219.0,220.0,0.0,736.96,164772.69,0
2023-12-13,2023-12-13 13:10:00,220.0,220.0,220.0,220.0,0.0,736.96,164772.69,0
2023-12-13,2023-12-13 13:20:00,220.0,220.0,220.0,220.0,0.0,736.96,164772.69,0
2023-12-13,2023-12-13 13:30:00,220.0,220.0,220.0,220.0,0.0,736.96,164772.69,0
2023-12-13,2023-12-13 13:40:00,220.0,220.0,220.0,220.0,0.0,736.96,164772.69,0
2023-12-13,2023-12-13 13:50:00,220.0,220.0,220.0,220.0,0.0,736.96,164772.69,0
2023-12-13,2023-12-13 14:00:00,220.0,220.0,220.0,220.0,0.0,736.96,164772.69,0
2023-12-13,2023-12-13 14:10:00,220.0,220.0,220.0,220.0,0.0,736.96,164772.69,0
2023-12-13,2023-12-13 14:20:00,220.0,220.0,220.0,220.0,0.0,736.96,164772.69,0
2023-12-13,2023-12-13 14:30:00,220.0,220.0,220.0,220.0,0.0,736.96,164772.69,0
2023-12-13,2023-12-13 14:40:00,220.0,220.0,220.0,220.0,0.0,736.96,164772.69,0
2023-12-13,2023-12-13 14:50:00,220.0,220.0,220.0,220.0,0.0,736.96,164772.69,0
2023-12-13,2023-12-13 15:00:00,220.0,227.4,219.0,220.0,0.0,736.96,164772.69,0
2023-12-14,2023-12-14 11:00:00,220.0,225.19,218.83,220.21,0.1,365.8,80698.53,1
2023-12-14,2023-12-14 11:10:00,220.21,220.42,220.21,220.42,0.1,365.8,80698.53,1
2023-12-14,2023-12-14 11:20:00,220.42,220.62,220.42,220.62,0.09,365.8,80698.53,1
2023-12-14,2023-12-14 11:30:00,220.62,220.83,220.62,220.83,0.1,365.8,80698.53,1
2023-12-14,2023-12-14 11:40:00,220.83,221.04,220.83,221.04,0.1,365.8,80698.53,1
2023-12-14,2023-12-14 11:50:00,221.04,221.25,221.04,221.25,0.1,365.8,80698.53,1
2023-12-14,2023-12-14 12:00:00,221.25,221.46,221.25,221.46,0.09,365.8,80698.53,1
2023-12-14,2023-12-14 12:10:00,221.46,221.67,221.46,221.67,0.09,365.8,80698.53,1
2023-12-14,2023-12-14 12:20:00,221.67,221.88,221.67,221.88,0.09,365.8,80698.53,1
2023-12-14,2023-12-14 12:30:00,221.88,222.08,221.88,222.08,0.09,365.8,80698.53,1
2023-12-14,2023-12-14 12:40:00,222.08,222.29,222.08,222.29,0.09,365.8,80698.53,1
2023-12-14,2023-12-14 12:50:00,222.29,222.5,222.29,222.5,0.09,365.8,80698.53,1
2023-12-14,2023-12-14 13:00:00,222.5,237.3,216.1,222.71,0.09,365.8,80698.53,1
2023-12-14,2023-12-14 13:10:00,222.71,222.92,222.71,222.92,0.09,365.8,80698.53,1
2023-12-14,2023-12-14 13:20:00,222.92,223.12,222.92,223.12,0.09,365.8,80698.53,1
2023-12-14,2023-12-14 13:30:00,223.12,223.33,223.12,223.33,0.09,365.8,80698.53,1
2023-12-14,2023-12-14 13:40:00,223.33,223.54,223.33,223.54,0.09,365.8,80698.53,1
2023-12-14,2023-12-14 13:50:00,223.54,223.75,223.54,223.75,0.09,365.8,80698.53,1
2023-12-14,2023-12-14 14:00:00,223.75,223.96,223.75,223.96,0.09,365.8,80698.53,1
2023-12-14,2023-12-14 14:10:00,223.96,224.17,223.96,224.17,0.09,365.8,80698.53,1
2023-12-14,2023-12-14 14:20:00,224.17,224.38,224.17,224.38,0.09,365.8,80698.53,1
2023-12-14,2023-12-14 14:30:00,224.38,224.58,224.38,224.58,0.09,365.8,80698.53,1
2023-12-14,2023-12-14 14:40:00,224.58,224.79,224.58,224.79,0.09,365.8,80698.53,1
2023-12-14,2023-12-14 14:50:00,224.79,225.0,224.79,225.0,0.09,365.8,80698.53,1
2023-12-14,2023-12-14 15:00:00,225.0,237.3,216.1,225.0,0.0,365.8,80698.53,0
2023-12-17,2023-12-17 11:00:00,220.5,226.35,220.38,221.27,0.35,1813.96,419749.18,1
2023-12-17,2023-12-17 11:10:00,221.27,222.03,221.27,222.03,0.34,1813.96,419749.18,1
2023-12-17,2023-12-17 11:20:00,222.03,222.8,222.03,222.8,0.35,1813.96,419749.18,1
2023-12-17,2023-12-17 11:30:00,222.8,223.57,222.8,223.57,0.35,1813.96,419749.18,1
2023-12-17,2023-12-17 11:40:00,223.57,224.33,223.57,224.33,0.34,1813.96,419749.18,1
2023-12-17,2023-12-17 11:50:00,224.33,225.1,224.33,225.1,0.34,1813.96,419749.18,1
2023-12-17,2023-12-17 12:00:00,225.1,225.87,225.1,225.87,0.34,1813.96,419749.18,1
2023-12-17,2023-12-17 12:10:00,225.87,226.63,225.87,226.63,0.34,1813.96,419749.18,1
2023-12-17,2023-12-17 12:20:00,226.63,227.4,226.63,227.4,0.34,1813.96,419749.18,1
2023-12-17,2023-12-17 12:30:00,227.4,228.17,227.4,228.17,0.34,1813.96,419749.18,1
2023-12-17,2023-12-17 12:40:00,228.17,228.93,228.17,228.93,0.33,1813.96,419749.18,1
2023-12-17,2023-12-17 12:50:00,228.93,229.7,228.93,229.7,0.34,1813.96,419749.18,1
2023-12-17,2023-12-17 13:00:00,229.7,240.0,220.1,230.47,0.34,1813.96,419749.18,1
2023-12-17,2023-12-17 13:10:00,230.47,231.23,230.47,231.23,0.33,1813.96,419749.18,1
2023-12-17,2023-12-17 13:20:00,231.23,232.0,231.23,232.0,0.33,1813.96,419749.18,1
2023-12-17,2023-12-17 13:30:00,232.0,232.77,232.0,232.77,0.33,1813.96,419749.18,1
2023-12-17,2023-12-17 13:40:00,232.77,233.53,232.77,233.53,0.33,1813.96,419749.18,1
2023-12-17,2023-12-17 13:50:00,233.53,234.3,233.53,234.3,0.33,1813.96,419749.18,1
2023-12-17,2023-12-17 14:00:00,234.3,235.07,234.3,235.07,0.33,1813.96,419749.18,1
2023-12-17,2023-12-17 14:10:00,235.07,235.83,235.07,235.83,0.32,1813.96,419749.18,1
2023-12-17,2023-12-17 14:20:00,235.83,236.6,235.83,236.6,0.33,1813.96,419749.18,1
2023-12-17,2023-12-17 14:30:00,236.6,237.37,236.6,237.37,0.33,1813.96,419749.18,1
2023-12-17,2023-12-17 14:40:00,237.37,238.13,237.37,238.13,0.32,1813.96,419749.18,1
2023-12-17,2023-12-17 14:50:00,238.13,238.9,238.13,238.9,0.32,1813.96,419749.18,1
2023-12-17,2023-12-17 15:00:00,238.9,240.0,220.1,238.9,0.0,1813.96,419749.18,0
2023-12-18,2023-12-18 11:00:00,243.6,244.26,239.52,243.04,-0.23,1218.8,285836.79,-1
2023-12-18,2023-12-18 11:10:00,243.04,243.04,242.47,242.47,-0.23,1218.8,285836.79,-1
2023-12-18,2023-12-18 11:20:00,242.47,242.47,241.91,241.91,-0.23,1218.8,285836.79,-1
2023-12-18,2023-12-18 11:30:00,241.91,241.91,241.35,241.35,-0.23,1218.8,285836.79,-1
2023-12-18,2023-12-18 11:40:00,241.35,241.35,240.79,240.79,-0.23,1218.8,285836.79,-1
2023-12-18,2023-12-18 11:50:00,240.79,240.79,240.22,240.22,-0.24,1218.8,285836.79,-1
2023-12-18,2023-12-18 12:00:00,240.22,240.22,239.66,239.66,-0.23,1218.8,285836.79,-1
2023-12-18,2023-12-18 12:10:00,239.66,239.66,239.1,239.1,-0.23,1218.8,285836.79,-1
2023-12-18,2023-12-18 12:20:00,239.1,239.1,238.54,238.54,-0.23,1218.8,285836.79,-1
2023-12-18,2023-12-18 12:30:00,238.54,238.54,237.97,237.97,-0.24,1218.8,285836.79,-1
2023-12-18,2023-12-18 12:40:00,237.97,237.97,237.41,237.41,-0.24,1218.8,285836.79,-1
2023-12-18,2023-12-18 12:50:00,237.41,237.41,236.85,236.85,-0.24,1218.8,285836.79,-1
2023-12-18,2023-12-18 13:00:00,236.85,245.8,230.0,236.29,-0.24,1218.8,285836.79,-1
2023-12-18,2023-12-18 13:10:00,236.29,236.29,235.72,235.72,-0.24,1218.8,285836.79,-1
2023-12-18,2023-12-18 13:20:00,235.72,235.72,235.16,235.16,-0.24,1218.8,285836.79,-1
2023-12-18,2023-12-18 13:30:00,235.16,235.16,234.6,234.6,-0.24,1218.8,285836.79,-1
2023-12-18,2023-12-18 13:40:00,234.6,234.6,234.04,234.04,-0.24,1218.8,285836.79,-1
2023-12-18,2023-12-18 13:50:00,234.04,234.04,233.47,233.47,-0.24,1218.8,285836.79,-1
2023-12-18,2023-12-18 14:00:00,233.47,233.47,232.91,232.91,-0.24,1218.8,285836.79,-1
2023-12-18,2023-12-18 14:10:00,232.91,232.91,232.35,232.35,-0.24,1218.8,285836.79,-1
2023-12-18,2023-12-18 14:20:00,232.35,232.35,231.79,231.79,-0.24,1218.8,285836.79,-1
2023-12-18,2023-12-18 14:30:00,231.79,231.79,231.22,231.22,-0.25,1218.8,285836.79,-1
2023-12-18,2023-12-18 14:40:00,231.22,231.22,230.66,230.66,-0.24,1218.8,285836.79,-1
2023-12-18,2023-12-18 14:50:00,230.66,230.66,230.1,230.1,-0.24,1218.8,285836.79,-1
2023-12-18,2023-12-18 15:00:00,230.1,245.8,230.0,230.1,0.0,1218.8,285836.79,0
2023-12-19,2023-12-19 11:00:00,234.0,235.38,231.6,233.92,-0.03,375.76,86409.44,-1
2023-12-19,2023-12-19 11:10:00,233.92,233.92,233.83,233.83,-0.04,375.76,86409.44,-1
2023-12-19,2023-12-19 11:20:00,233.83,233.83,233.75,233.75,-0.03,375.76,86409.44,-1
2023-12-19,2023-12-19 11:30:00,233.75,233.75,233.67,233.67,-0.03,375.76,86409.44,-1
2023-12-19,2023-12-19 11:40:00,233.67,233.67,233.58,233.58,-0.04,375.76,86409.44,-1
2023-12-19,2023-12-19 11:50:00,233.58,233.58,233.5,233.5,-0.03,375.76,86409.44,-1
2023-12-19,2023-12-19 12:00:00,233.5,233.5,233.42,233.42,-0.03,375.76,86409.44,-1
2023-12-19,2023-12-19 12:10:00,233.42,233.42,233.33,233.33,-0.04,375.76,86409.44,-1
2023-12-19,2023-12-19 12:20:00,233.33,233.33,233.25,233.25,-0.03,375.76,86409.44,-1
2023-12-19,2023-12-19 12:30:00,233.25,233.25,233.17,233.17,-0.03,375.76,86409.44,-1
2023-12-19,2023-12-19 12:40:00,233.17,233.17,233.08,233.08,-0.04,375.76,86409.44,-1
2023-12-19,2023-12-19 12:50:00,233.08,233.08,233.0,233.0,-0.03,375.76,86409.44,-1
2023-12-19,2023-12-19 13:00:00,233.0,238.6,226.0,232.92,-0.03,375.76,86409.44,-1
2023-12-19,2023-12-19 13:10:00,232.92,232.92,232.83,232.83,-0.04,375.76,86409.44,-1
2023-12-19,2023-12-19 13:20:00,232.83,232.83,232.75,232.75,-0.03,375.76,86409.44,-1
2023-12-19,2023-12-19 13:30:00,232.75,232.75,232.67,232.67,-0.03,375.76,86409.44,-1
2023-12-19,2023-12-19 13:40:00,232.67,232.67,232.58,232.58,-0.04,375.76,86409.44,-1
2023-12-19,2023-12-19 13:50:00,232.58,232.58,232.5,232.5,-0.03,375.76,86409.44,-1
2023-12-19,2023-12-19 14:00:00,232.5,232.5,232.42,232.42,-0.03,375.76,86409.44,-1
2023-12-19,2023-12-19 14:10:00,232.42,232.42,232.33,232.33,-0.04,375.76,86409.44,-1
2023-12-19,2023-12-19 14:20:00,232.33,232.33,232.25,232.25,-0.03,375.76,86409.44,-1
2023-12-19,2023-12-19 14:30:00,232.25,232.25,232.17,232.17,-0.03,375.76,86409.44,-1
2023-12-19,2023-12-19 14:40:00,232.17,232.17,232.08,232.08,-0.04,375.76,86409.44,-1
2023-12-19,2023-12-19 14:50:00,232.08,232.08,232.0,232.0,-0.03,375.76,86409.44,-1
2023-12-19,2023-12-19 15:00:00,232.0,238.6,226.0,232.0,0.0,375.76,86409.44,0
2023-12-20,2023-12-20 11:00:00,235.0,236.41,232.6,234.98,-0.01,993.8,230784.2,-1
2023-12-20,2023-12-20 11:10:00,234.98,234.98,234.97,234.97,-0.0,993.8,230784.2,-1
2023-12-20,2023-12-20 11:20:00,234.97,234.97,234.95,234.95,-0.01,993.8,230784.2,-1
2023-12-20,2023-12-20 11:30:00,234.95,234.95,234.93,234.93,-0.01,993.8,230784.2,-1
2023-12-20,2023-12-20 11:40:00,234.93,234.93,234.92,234.92,-0.0,993.8,230784.2,-1
2023-12-20,2023-12-20 11:50:00,234.92,234.92,234.9,234.9,-0.01,993.8,230784.2,-1
2023-12-20,2023-12-20 12:00:00,234.9,234.9,234.88,234.88,-0.01,993.8,230784.2,-1
2023-12-20,2023-12-20 12:10:00,234.88,234.88,234.87,234.87,-0.0,993.8,230784.2,-1
2023-12-20,2023-12-20 12:20:00,234.87,234.87,234.85,234.85,-0.01,993.8,230784.2,-1
2023-12-20,2023-12-20 12:30:00,234.85,234.85,234.83,234.83,-0.01,993.8,230784.2,-1
2023-12-20,2023-12-20 12:40:00,234.83,234.83,234.82,234.82,-0.0,993.8,230784.2,-1
2023-12-20,2023-12-20 12:50:00,234.82,234.82,234.8,234.8,-0.01,993.8,230784.2,-1
2023-12-20,2023-12-20 13:00:00,234.8,239.7,227.0,234.78,-0.01,993.8,230784.2,-1
2023-12-20,2023-12-20 13:10:00,234.78,234.78,234.77,234.77,-0.0,993.8,230784.2,-1
2023-12-20,2023-12-20 13:20:00,234.77,234.77,234.75,234.75,-0.01,993.8,230784.2,-1
2023-12-20,2023-12-20 13:30:00,234.75,234.75,234.73,234.73,-0.01,993.8,230784.2,-1
2023-12-20,2023-12-20 13:40:00,234.73,234.73,234.72,234.72,-0.0,993.8,230784.2,-1
2023-12-20,2023-12-20 13:50:00,234.72,234.72,234.7,234.7,-0.01,993.8,230784.2,-1
2023-12-20,2023-12-20 14:00:00,234.7,234.7,234.68,234.68,-0.01,993.8,230784.2,-1
2023-12-20,2023-12-20 14:10:00,234.68,234.68,234.67,234.67,-0.0,993.8,230784.2,-1
2023-12-20,2023-12-20 14:20:00,234.67,234.67,234.65,234.65,-0.01,993.8,230784.2,-1
2023-12-20,2023-12-20 14:30:00,234.65,234.65,234.63,234.63,-0.01,993.8,230784.2,-1
2023-12-20,2023-12-20 14:40:00,234.63,234.63,234.62,234.62,-0.0,993.8,230784.2,-1
2023-12-20,2023-12-20 14:50:00,234.62,234.62,234.6,234.6,-0.01,993.8,230784.2,-1
2023-12-20,2023-12-20 15:00:00,234.6,239.7,227.0,234.6,0.0,993.8,230784.2,0
2023-12-21,2023-12-21 11:00:00,239.1,240.48,235.77,238.85,-0.1,1495.16,350167.65,-1
2023-12-21,2023-12-21 11:10:00,238.85,238.85,238.59,238.59,-0.11,1495.16,350167.65,-1
2023-12-21,2023-12-21 11:20:00,238.59,238.59,238.34,238.34,-0.1,1495.16,350167.65,-1
2023-12-21,2023-12-21 11:30:00,238.34,238.34,238.08,238.08,-0.11,1495.16,350167.65,-1
2023-12-21,2023-12-21 11:40:00,238.08,238.08,237.83,237.83,-0.11,1495.16,350167.65,-1
2023-12-21,2023-12-21 11:50:00,237.83,237.83,237.57,237.57,-0.11,1495.16,350167.65,-1
2023-12-21,2023-12-21 12:00:00,237.57,237.57,237.32,237.32,-0.11,1495.16,350167.65,-1
2023-12-21,2023-12-21 12:10:00,237.32,237.32,237.07,237.07,-0.11,1495.16,350167.65,-1
2023-12-21,2023-12-21 12:20:00,237.07,237.07,236.81,236.81,-0.11,1495.16,350167.65,-1
2023-12-21,2023-12-21 12:30:00,236.81,236.81,236.56,236.56,-0.11,1495.16,350167.65,-1
2023-12-21,2023-12-21 12:40:00,236.56,236.56,236.3,236.3,-0.11,1495.16,350167.65,-1
2023-12-21,2023-12-21 12:50:00,236.3,236.3,236.05,236.05,-0.11,1495.16,350167.65,-1
2023-12-21,2023-12-21 13:00:00,236.05,243.7,228.0,235.8,-0.11,1495.16,350167.65,-1
2023-12-21,2023-12-21 13:10:00,235.8,235.8,235.54,235.54,-0.11,1495.16,350167.65,-1
2023-12-21,2023-12-21 13:20:00,235.54,235.54,235.29,235.29,-0.11,1495.16,350167.65,-1
2023-12-21,2023-12-21 13:30:00,235.29,235.29,235.03,235.03,-0.11,1495.16,350167.65,-1
2023-12-21,2023-12-21 13:40:00,235.03,235.03,234.78,234.78,-0.11,1495.16,350167.65,-1
2023-12-21,2023-12-21 13:50:00,234.78,234.78,234.53,234.53,-0.11,1495.16,350167.65,-1
2023-12-21,2023-12-21 14:00:00,234.53,234.53,234.27,234.27,-0.11,1495.16,350167.65,-1
2023-12-21,2023-12-21 14:10:00,234.27,234.27,234.02,234.02,-0.11,1495.16,350167.65,-1
2023-12-21,2023-12-21 14:20:00,234.02,234.02,233.76,233.76,-0.11,1495.16,350167.65,-1
2023-12-21,2023-12-21 14:30:00,233.76,233.76,233.51,233.51,-0.11,1495.16,350167.65,-1
2023-12-21,2023-12-21 14:40:00,233.51,233.51,233.25,233.25,-0.11,1495.16,350167.65,-1
2023-12-21,2023-12-21 14:50:00,233.25,233.25,233.0,233.0,-0.11,1495.16,350167.65,-1
2023-12-21,2023-12-21 15:00:00,233.0,243.7,228.0,233.0,0.0,1495.16,350167.65,0
2023-12-24,2023-12-24 11:00:00,233.0,236.15,231.65,232.9,-0.04,863.88,203657.76,-1
2023-12-24,2023-12-24 11:10:00,232.9,232.9,232.79,232.79,-0.05,863.88,203657.76,-1
2023-12-24,2023-12-24 11:20:00,232.79,232.79,232.69,232.69,-0.04,863.88,203657.76,-1
2023-12-24,2023-12-24 11:30:00,232.69,232.69,232.58,232.58,-0.05,863.88,203657.76,-1
2023-12-24,2023-12-24 11:40:00,232.58,232.58,232.48,232.48,-0.04,863.88,203657.76,-1
2023-12-24,2023-12-24 11:50:00,232.48,232.48,232.38,232.38,-0.04,863.88,203657.76,-1
2023-12-24,2023-12-24 12:00:00,232.38,232.38,232.27,232.27,-0.05,863.88,203657.76,-1
2023-12-24,2023-12-24 12:10:00,232.27,232.27,232.17,232.17,-0.04,863.88,203657.76,-1
2023-12-24,2023-12-24 12:20:00,232.17,232.17,232.06,232.06,-0.05,863.88,203657.76,-1
2023-12-24,2023-12-24 12:30:00,232.06,232.06,231.96,231.96,-0.04,863.88,203657.76,-1
2023-12-24,2023-12-24 12:40:00,231.96,231.96,231.85,231.85,-0.05,863.88,203657.76,-1
2023-12-24,2023-12-24 12:50:00,231.85,231.85,231.75,231.75,-0.04,863.88,203657.76,-1
2023-12-24,2023-12-24 13:00:00,231.75,243.5,228.5,231.65,-0.04,863.88,203657.76,-1
2023-12-24,2023-12-24 13:10:00,231.65,231.65,231.54,231.54,-0.05,863.88,203657.76,-1
2023-12-24,2023-12-24 13:20:00,231.54,231.54,231.44,231.44,-0.04,863.88,203657.76,-1
2023-12-24,2023-12-24 13:30:00,231.44,231.44,231.33,231.33,-0.05,863.88,203657.76,-1
2023-12-24,2023-12-24 13:40:00,231.33,231.33,231.23,231.23,-0.04,863.88,203657.76,-1
2023-12-24,2023-12-24 13:50:00,231.23,231.23,231.12,231.12,-0.05,863.88,203657.76,-1
2023-12-24,2023-12-24 14:00:00,231.12,231.12,231.02,231.02,-0.04,863.88,203657.76,-1
2023-12-24,2023-12-24 14:10:00,231.02,231.02,230.92,230.92,-0.04,863.88,203657.76,-1
2023-12-24,2023-12-24 14:20:00,230.92,230.92,230.81,230.81,-0.05,863.88,203657.76,-1
2023-12-24,2023-12-24 14:30:00,230.81,230.81,230.71,230.71,-0.04,863.88,203657.76,-1
2023-12-24,2023-12-24 14:40:00,230.71,230.71,230.6,230.6,-0.05,863.88,203657.76,-1
2023-12-24,2023-12-24 14:50:00,230.6,230.6,230.5,230.5,-0.04,863.88,203657.76,-1
2023-12-24,2023-12-24 15:00:00,230.5,243.5,228.5,230.5,0.0,863.88,203657.76,0
2023-12-27,2023-12-27 11:00:00,226.0,228.25,222.1,225.76,-0.11,740.8,166550.2,-1
2023-12-27,2023-12-27 11:10:00,225.76,225.76,225.53,225.53,-0.1,740.8,166550.2,-1
2023-12-27,2023-12-27 11:20:00,225.53,225.53,225.29,225.29,-0.11,740.8,166550.2,-1
2023-12-27,2023-12-27 11:30:00,225.29,225.29,225.05,225.05,-0.11,740.8,166550.2,-1
2023-12-27,2023-12-27 11:40:00,225.05,225.05,224.81,224.81,-0.11,740.8,166550.2,-1
2023-12-27,2023-12-27 11:50:00,224.81,224.81,224.57,224.57,-0.11,740.8,166550.2,-1
2023-12-27,2023-12-27 12:00:00,224.57,224.57,224.34,224.34,-0.1,740.8,166550.2,-1
2023-12-27,2023-12-27 12:10:00,224.34,224.34,224.1,224.1,-0.11,740.8,166550.2,-1
2023-12-27,2023-12-27 12:20:00,224.1,224.1,223.86,223.86,-0.11,740.8,166550.2,-1
2023-12-27,2023-12-27 12:30:00,223.86,223.86,223.62,223.62,-0.11,740.8,166550.2,-1
2023-12-27,2023-12-27 12:40:00,223.62,223.62,223.39,223.39,-0.1,740.8,166550.2,-1
2023-12-27,2023-12-27 12:50:00,223.39,223.39,223.15,223.15,-0.11,740.8,166550.2,-1
2023-12-27,2023-12-27 13:00:00,223.15,233.5,213.0,222.91,-0.11,740.8,166550.2,-1
2023-12-27,2023-12-27 13:10:00,222.91,222.91,222.68,222.68,-0.1,740.8,166550.2,-1
2023-12-27,2023-12-27 13:20:00,222.68,222.68,222.44,222.44,-0.11,740.8,166550.2,-1
2023-12-27,2023-12-27 13:30:00,222.44,222.44,222.2,222.2,-0.11,740.8,166550.2,-1
2023-12-27,2023-12-27 13:40:00,222.2,222.2,221.96,221.96,-0.11,740.8,166550.2,-1
2023-12-27,2023-12-27 13:50:00,221.96,221.96,221.73,221.73,-0.1,740.8,166550.2,-1
2023-12-27,2023-12-27 14:00:00,221.73,221.73,221.49,221.49,-0.11,740.8,166550.2,-1
2023-12-27,2023-12-27 14:10:00,221.49,221.49,221.25,221.25,-0.11,740.8,166550.2,-1
2023-12-27,2023-12-27 14:20:00,221.25,221.25,221.01,221.01,-0.11,740.8,166550.2,-1
2023-12-27,2023-12-27 14:30:00,221.01,221.01,220.78,220.78,-0.1,740.8,166550.2,-1
2023-12-27,2023-12-27 14:40:00,220.78,220.78,220.54,220.54,-0.11,740.8,166550.2,-1
2023-12-27,2023-12-27 14:50:00,220.54,220.54,220.3,220.3,-0.11,740.8,166550.2,-1
2023-12-27,2023-12-27 15:00:00,220.3,233.5,213.0,220.3,0.0,740.8,166550.2,0
2023-12-28,2023-12-28 11:00:00,216.0,221.1,216.0,216.25,0.12,602.08,132436.12,1
2023-12-28,2023-12-28 11:10:00,216.25,216.5,216.25,216.5,0.12,602.08,132436.12,1
2023-12-28,2023-12-28 11:20:00,216.5,216.75,216.5,216.75,0.12,602.08,132436.12,1
2023-12-28,2023-12-28 11:30:00,216.75,217.0,216.75,217.0,0.12,602.08,132436.12,1
2023-12-28,2023-12-28 11:40:00,217.0,217.25,217.0,217.25,0.12,602.08,132436.12,1
2023-12-28,2023-12-28 11:50:00,217.25,217.5,217.25,217.5,0.12,602.08,132436.12,1
2023-12-28,2023-12-28 12:00:00,217.5,217.75,217.5,217.75,0.11,602.08,132436.12,1
2023-12-28,2023-12-28 12:10:00,217.75,218.0,217.75,218.0,0.11,602.08,132436.12,1
2023-12-28,2023-12-28 12:20:00,218.0,218.25,218.0,218.25,0.11,602.08,132436.12,1
2023-12-28,2023-12-28 12:30:00,218.25,218.5,218.25,218.5,0.11,602.08,132436.12,1
2023-12-28,2023-12-28 12:40:00,218.5,218.75,218.5,218.75,0.11,602.08,132436.12,1
2023-12-28,2023-12-28 12:50:00,218.75,219.0,218.75,219.0,0.11,602.08,132436.12,1
2023-12-28,2023-12-28 13:00:00,219.0,233.0,216.0,219.25,0.11,602.08,132436.12,1
2023-12-28,2023-12-28 13:10:00,219.25,219.5,219.25,219.5,0.11,602.08,132436.12,1
2023-12-28,2023-12-28 13:20:00,219.5,219.75,219.5,219.75,0.11,602.08,132436.12,1
2023-12-28,2023-12-28 13:30:00,219.75,220.0,219.75,220.0,0.11,602.08,132436.12,1
2023-12-28,2023-12-28 13:40:00,220.0,220.25,220.0,220.25,0.11,602.08,132436.12,1
2023-12-28,2023-12-28 13:50:00,220.25,220.5,220.25,220.5,0.11,602.08,132436.12,1
2023-12-28,2023-12-28 14:00:00,220.5,220.75,220.5,220.75,0.11,602.08,132436.12,1
2023-12-28,2023-12-28 14:10:00,220.75,221.0,220.75,221.0,0.11,602.08,132436.12,1
2023-12-28,2023-12-28 14:20:00,221.0,221.25,221.0,221.25,0.11,602.08,132436.12,1
2023-12-28,2023-12-28 14:30:00,221.25,221.5,221.25,221.5,0.11,602.08,132436.12,1
2023-12-28,2023-12-28 14:40:00,221.5,221.75,221.5,221.75,0.11,602.08,132436.12,1
2023-12-28,2023-12-28 14:50:00,221.75,222.0,221.75,222.0,0.11,602.08,132436.12,1
2023-12-28,2023-12-28 15:00:00,222.0,233.0,216.0,222.0,0.0,602.08,132436.12,0
2024-01-01,2024-01-01 11:00:00,226.4,227.75,223.91,226.05,-0.15,1090.52,242684.88,-1
2024-01-01,2024-01-01 11:10:00,226.05,226.05,225.71,225.71,-0.15,1090.52,242684.88,-1
2024-01-01,2024-01-01 11:20:00,225.71,225.71,225.36,225.36,-0.16,1090.52,242684.88,-1
2024-01-01,2024-01-01 11:30:00,225.36,225.36,225.02,225.02,-0.15,1090.52,242684.88,-1
2024-01-01,2024-01-01 11:40:00,225.02,225.02,224.67,224.67,-0.16,1090.52,242684.88,-1
2024-01-01,2024-01-01 11:50:00,224.67,224.67,224.32,224.32,-0.16,1090.52,242684.88,-1
2024-01-01,2024-01-01 12:00:00,224.32,224.32,223.98,223.98,-0.15,1090.52,242684.88,-1
2024-01-01,2024-01-01 12:10:00,223.98,223.98,223.63,223.63,-0.16,1090.52,242684.88,-1
2024-01-01,2024-01-01 12:20:00,223.63,223.63,223.29,223.29,-0.15,1090.52,242684.88,-1
2024-01-01,2024-01-01 12:30:00,223.29,223.29,222.94,222.94,-0.16,1090.52,242684.88,-1
2024-01-01,2024-01-01 12:40:00,222.94,222.94,222.6,222.6,-0.15,1090.52,242684.88,-1
2024-01-01,2024-01-01 12:50:00,222.6,222.6,222.25,222.25,-0.16,1090.52,242684.88,-1
2024-01-01,2024-01-01 13:00:00,222.25,230.9,218.1,221.9,-0.16,1090.52,242684.88,-1
2024-01-01,2024-01-01 13:10:00,221.9,221.9,221.56,221.56,-0.15,1090.52,242684.88,-1
2024-01-01,2024-01-01 13:20:00,221.56,221.56,221.21,221.21,-0.16,1090.52,242684.88,-1
2024-01-01,2024-01-01 13:30:00,221.21,221.21,220.87,220.87,-0.15,1090.52,242684.88,-1
2024-01-01,2024-01-01 13:40:00,220.87,220.87,220.52,220.52,-0.16,1090.52,242684.88,-1
2024-01-01,2024-01-01 13:50:00,220.52,220.52,220.18,220.18,-0.15,1090.52,242684.88,-1
2024-01-01,2024-01-01 14:00:00,220.18,220.18,219.83,219.83,-0.16,1090.52,242684.88,-1
2024-01-01,2024-01-01 14:10:00,219.83,219.83,219.48,219.48,-0.16,1090.52,242684.88,-1
2024-01-01,2024-01-01 14:20:00,219.48,219.48,219.14,219.14,-0.15,1090.52,242684.88,-1
2024-01-01,2024-01-01 14:30:00,219.14,219.14,218.79,218.79,-0.16,1090.52,242684.88,-1
2024-01-01,2024-01-01 14:40:00,218.79,218.79,218.45,218.45,-0.16,1090.52,242684.88,-1
2024-01-01,2024-01-01 14:50:00,218.45,218.45,218.1,218.1,-0.16,1090.52,242684.88,-1
2024-01-01,2024-01-01 15:00:00,218.1,230.9,218.1,218.1,0.0,1090.52,242684.88,0
2024-01-02,2024-01-02 11:00:00,215.5,217.45,213.82,215.27,-0.11,721.6,153425.36,-1
2024-01-02,2024-01-02 11:10:00,215.27,215.27,215.03,215.03,-0.11,721.6,153425.36,-1
2024-01-02,2024-01-02 11:20:00,215.03,215.03,214.8,214.8,-0.11,721.6,153425.36,-1
2024-01-02,2024-01-02 11:30:00,214.8,214.8,214.57,214.57,-0.11,721.6,153425.36,-1
2024-01-02,2024-01-02 11:40:00,214.57,214.57,214.33,214.33,-0.11,721.6,153425.36,-1
2024-01-02,2024-01-02 11:50:00,214.33,214.33,214.1,214.1,-0.11,721.6,153425.36,-1
2024-01-02,2024-01-02 12:00:00,214.1,214.1,213.87,213.87,-0.11,721.6,153425.36,-1
2024-01-02,2024-01-02 12:10:00,213.87,213.87,213.63,213.63,-0.11,721.6,153425.36,-1
2024-01-02,2024-01-02 12:20:00,213.63,213.63,213.4,213.4,-0.11,721.6,153425.36,-1
2024-01-02,2024-01-02 12:30:00,213.4,213.4,213.17,213.17,-0.11,721.6,153425.36,-1
2024-01-02,2024-01-02 12:40:00,213.17,213.17,212.93,212.93,-0.11,721.6,153425.36,-1
2024-01-02,2024-01-02 12:50:00,212.93,212.93,212.7,212.7,-0.11,721.6,153425.36,-1
2024-01-02,2024-01-02 13:00:00,212.7,222.0,209.9,212.47,-0.11,721.6,153425.36,-1
2024-01-02,2024-01-02 13:10:00,212.47,212.47,212.23,212.23,-0.11,721.6,153425.36,-1
2024-01-02,2024-01-02 13:20:00,212.23,212.23,212.0,212.0,-0.11,721.6,153425.36,-1
2024-01-02,2024-01-02 13:30:00,212.0,212.0,211.77,211.77,-0.11,721.6,153425.36,-1
2024-01-02,2024-01-02 13:40:00,211.77,211.77,211.53,211.53,-0.11,721.6,153425.36,-1
2024-01-02,2024-01-02 13:50:00,211.53,211.53,211.3,211.3,-0.11,721.6,153425.36,-1
2024-01-02,2024-01-02 14:00:00,211.3,211.3,211.07,211.07,-0.11,721.6,153425.36,-1
2024-01-02,2024-01-02 14:10:00,211.07,211.07,210.83,210.83,-0.11,721.6,153425.36,-1
2024-01-02,2024-01-02 14:20:00,210.83,210.83,210.6,210.6,-0.11,721.6,153425.36,-1
2024-01-02,2024-01-02 14:30:00,210.6,210.6,210.37,210.37,-0.11,721.6,153425.36,-1
2024-01-02,2024-01-02 14:40:00,210.37,210.37,210.13,210.13,-0.11,721.6,153425.36,-1
2024-01-02,2024-01-02 14:50:00,210.13,210.13,209.9,209.9,-0.11,721.6,153425.36,-1
2024-01-02,2024-01-02 15:00:00,209.9,222.0,209.9,209.9,0.0,721.6,153425.36,0
2024-01-03,2024-01-03 11:00:00,213.9,214.32,212.07,213.9,0.0,855.52,181116.08,0
2024-01-03,2024-01-03 11:10:00,213.9,213.91,213.9,213.91,0.0,855.52,181116.08,1
2024-01-03,2024-01-03 11:20:00,213.91,213.91,213.91,213.91,0.0,855.52,181116.08,0
2024-01-03,2024-01-03 11:30:00,213.91,213.92,213.91,213.92,0.0,855.52,181116.08,1
2024-01-03,2024-01-03 11:40:00,213.92,213.92,213.92,213.92,0.0,855.52,181116.08,0
2024-01-03,2024-01-03 11:50:00,213.92,213.93,213.92,213.93,0.0,855.52,181116.08,1
2024-01-03,2024-01-03 12:00:00,213.93,213.93,213.93,213.93,0.0,855.52,181116.08,0
2024-01-03,2024-01-03 12:10:00,213.93,213.93,213.93,213.93,0.0,855.52,181116.08,0
2024-01-03,2024-01-03 12:20:00,213.93,213.94,213.93,213.94,0.0,855.52,181116.08,1
2024-01-03,2024-01-03 12:30:00,213.94,213.94,213.94,213.94,0.0,855.52,181116.08,0
2024-01-03,2024-01-03 12:40:00,213.94,213.95,213.94,213.95,0.0,855.52,181116.08,1
2024-01-03,2024-01-03 12:50:00,213.95,213.95,213.95,213.95,0.0,855.52,181116.08,0
2024-01-03,2024-01-03 13:00:00,213.95,215.3,207.8,213.95,0.0,855.52,181116.08,0
2024-01-03,2024-01-03 13:10:00,213.95,213.96,213.95,213.96,0.0,855.52,181116.08,1
2024-01-03,2024-01-03 13:20:00,213.96,213.96,213.96,213.96,0.0,855.52,181116.08,0
2024-01-03,2024-01-03 13:30:00,213.96,213.97,213.96,213.97,0.0,855.52,181116.08,1
2024-01-03,2024-01-03 13:40:00,213.97,213.97,213.97,213.97,0.0,855.52,181116.08,0
2024-01-03,2024-01-03 13:50:00,213.97,213.97,213.97,213.97,0.0,855.52,181116.08,0
2024-01-03,2024-01-03 14:00:00,213.97,213.98,213.97,213.98,0.0,855.52,181116.08,1
2024-01-03,2024-01-03 14:10:00,213.98,213.98,213.98,213.98,0.0,855.52,181116.08,0
2024-01-03,2024-01-03 14:20:00,213.98,213.99,213.98,213.99,0.0,855.52,181116.08,1
2024-01-03,2024-01-03 14:30:00,213.99,213.99,213.99,213.99,0.0,855.52,181116.08,0
2024-01-03,2024-01-03 14:40:00,213.99,214.0,213.99,214.0,0.0,855.52,181116.08,1
2024-01-03,2024-01-03 14:50:00,214.0,214.0,214.0,214.0,0.0,855.52,181116.08,0
2024-01-03,2024-01-03 15:00:00,214.0,215.3,207.8,214.0,0.0,855.52,181116.08,0
2024-01-04,2024-01-04 11:00:00,209.8,213.55,209.8,209.98,0.09,965.64,208595.4,1
2024-01-04,2024-01-04 11:10:00,209.98,210.15,209.98,210.15,0.08,965.64,208595.4,1
2024-01-04,2024-01-04 11:20:00,210.15,210.33,210.15,210.33,0.09,965.64,208595.4,1
2024-01-04,2024-01-04 11:30:00,210.33,210.5,210.33,210.5,0.08,965.64,208595.4,1
2024-01-04,2024-01-04 11:40:00,210.5,210.68,210.5,210.68,0.09,965.64,208595.4,1
2024-01-04,2024-01-04 11:50:00,210.68,210.85,210.68,210.85,0.08,965.64,208595.4,1
2024-01-04,2024-01-04 12:00:00,210.85,211.03,210.85,211.03,0.09,965.64,208595.4,1
2024-01-04,2024-01-04 12:10:00,211.03,211.2,211.03,211.2,0.08,965.64,208595.4,1
2024-01-04,2024-01-04 12:20:00,211.2,211.38,211.2,211.38,0.09,965.64,208595.4,1
2024-01-04,2024-01-04 12:30:00,211.38,211.55,211.38,211.55,0.08,965.64,208595.4,1
2024-01-04,2024-01-04 12:40:00,211.55,211.72,211.55,211.72,0.08,965.64,208595.4,1
2024-01-04,2024-01-04 12:50:00,211.72,211.9,211.72,211.9,0.09,965.64,208595.4,1
2024-01-04,2024-01-04 13:00:00,211.9,222.3,209.8,212.08,0.08,965.64,208595.4,1
2024-01-04,2024-01-04 13:10:00,212.08,212.25,212.08,212.25,0.08,965.64,208595.4,1
2024-01-04,2024-01-04 13:20:00,212.25,212.43,212.25,212.43,0.08,965.64,208595.4,1
2024-01-04,2024-01-04 13:30:00,212.43,212.6,212.43,212.6,0.08,965.64,208595.4,1
2024-01-04,2024-01-04 13:40:00,212.6,212.78,212.6,212.78,0.08,965.64,208595.4,1
2024-01-04,2024-01-04 13:50:00,212.78,212.95,212.78,212.95,0.08,965.64,208595.4,1
2024-01-04,2024-01-04 14:00:00,212.95,213.12,212.95,213.12,0.08,965.64,208595.4,1
2024-01-04,2024-01-04 14:10:00,213.12,213.3,213.12,213.3,0.08,965.64,208595.4,1
2024-01-04,2024-01-04 14:20:00,213.3,213.47,213.3,213.47,0.08,965.64,208595.4,1
2024-01-04,2024-01-04 14:30:00,213.47,213.65,213.47,213.65,0.08,965.64,208595.4,1
2024-01-04,2024-01-04 14:40:00,213.65,213.82,213.65,213.82,0.08,965.64,208595.4,1
2024-01-04,2024-01-04 14:50:00,213.82,214.0,213.82,214.0,0.08,965.64,208595.4,1
2024-01-04,2024-01-04 15:00:00,214.0,222.3,209.8,214.0,0.0,965.64,208595.4,0
2024-01-07,2024-01-07 11:00:00,215.1,218.37,214.2,215.18,0.04,1265.16,275359.86,1
2024-01-07,2024-01-07 11:10:00,215.18,215.26,215.18,215.26,0.04,1265.16,275359.86,1
2024-01-07,2024-01-07 11:20:00,215.26,215.34,215.26,215.34,0.04,1265.16,275359.86,1
2024-01-07,2024-01-07 11:30:00,215.34,215.42,215.34,215.42,0.04,1265.16,275359.86,1
2024-01-07,2024-01-07 11:40:00,215.42,215.5,215.42,215.5,0.04,1265.16,275359.86,1
2024-01-07,2024-01-07 11:50:00,215.5,215.57,215.5,215.57,0.03,1265.16,275359.86,1
2024-01-07,2024-01-07 12:00:00,215.57,215.65,215.57,215.65,0.04,1265.16,275359.86,1
2024-01-07,2024-01-07 12:10:00,215.65,215.73,215.65,215.73,0.04,1265.16,275359.86,1
2024-01-07,2024-01-07 12:20:00,215.73,215.81,215.73,215.81,0.04,1265.16,275359.86,1
2024-01-07,2024-01-07 12:30:00,215.81,215.89,215.81,215.89,0.04,1265.16,275359.86,1
2024-01-07,2024-01-07 12:40:00,215.89,215.97,215.89,215.97,0.04,1265.16,275359.86,1
2024-01-07,2024-01-07 12:50:00,215.97,216.05,215.97,216.05,0.04,1265.16,275359.86,1
2024-01-07,2024-01-07 13:00:00,216.05,226.0,212.1,216.13,0.04,1265.16,275359.86,1
2024-01-07,2024-01-07 13:10:00,216.13,216.21,216.13,216.21,0.04,1265.16,275359.86,1
2024-01-07,2024-01-07 13:20:00,216.21,216.29,216.21,216.29,0.04,1265.16,275359.86,1
2024-01-07,2024-01-07 13:30:00,216.29,216.37,216.29,216.37,0.04,1265.16,275359.86,1
2024-01-07,2024-01-07 13:40:00,216.37,216.45,216.37,216.45,0.04,1265.16,275359.86,1
2024-01-07,2024-01-07 13:50:00,216.45,216.53,216.45,216.53,0.04,1265.16,275359.86,1
2024-01-07,2024-01-07 14:00:00,216.53,216.6,216.53,216.6,0.03,1265.16,275359.86,1
2024-01-07,2024-01-07 14:10:00,216.6,216.68,216.6,216.68,0.04,1265.16,275359.86,1
2024-01-07,2024-01-07 14:20:00,216.68,216.76,216.68,216.76,0.04,1265.16,275359.86,1
2024-01-07,2024-01-07 14:30:00,216.76,216.84,216.76,216.84,0.04,1265.16,275359.86,1
2024-01-07,2024-01-07 14:40:00,216.84,216.92,216.84,216.92,0.04,1265.16,275359.86,1
2024-01-07,2024-01-07 14:50:00,216.92,217.0,216.92,217.0,0.04,1265.16,275359.86,1
2024-01-07,2024-01-07 15:00:00,217.0,226.0,212.1,217.0,0.0,1265.16,275359.86,0
2024-01-08,2024-01-08 11:00:00,219.9,222.03,217.83,220.2,0.14,987.0,217525.4,1
2024-01-08,2024-01-08 11:10:00,220.2,220.49,220.2,220.49,0.13,987.0,217525.4,1
2024-01-08,2024-01-08 11:20:00,220.49,220.79,220.49,220.79,0.14,987.0,217525.4,1
2024-01-08,2024-01-08 11:30:00,220.79,221.08,220.79,221.08,0.13,987.0,217525.4,1
2024-01-08,2024-01-08 11:40:00,221.08,221.38,221.08,221.38,0.14,987.0,217525.4,1
2024-01-08,2024-01-08 11:50:00,221.38,221.68,221.38,221.68,0.14,987.0,217525.4,1
2024-01-08,2024-01-08 12:00:00,221.68,221.97,221.68,221.97,0.13,987.0,217525.4,1
2024-01-08,2024-01-08 12:10:00,221.97,222.27,221.97,222.27,0.14,987.0,217525.4,1
2024-01-08,2024-01-08 12:20:00,222.27,222.56,222.27,222.56,0.13,987.0,217525.4,1
2024-01-08,2024-01-08 12:30:00,222.56,222.86,222.56,222.86,0.13,987.0,217525.4,1
2024-01-08,2024-01-08 12:40:00,222.86,223.15,222.86,223.15,0.13,987.0,217525.4,1
2024-01-08,2024-01-08 12:50:00,223.15,223.45,223.15,223.45,0.13,987.0,217525.4,1
2024-01-08,2024-01-08 13:00:00,223.45,227.0,213.0,223.75,0.13,987.0,217525.4,1
2024-01-08,2024-01-08 13:10:00,223.75,224.04,223.75,224.04,0.13,987.0,217525.4,1
2024-01-08,2024-01-08 13:20:00,224.04,224.34,224.04,224.34,0.13,987.0,217525.4,1
2024-01-08,2024-01-08 13:30:00,224.34,224.63,224.34,224.63,0.13,987.0,217525.4,1
2024-01-08,2024-01-08 13:40:00,224.63,224.93,224.63,224.93,0.13,987.0,217525.4,1
2024-01-08,2024-01-08 13:50:00,224.93,225.22,224.93,225.22,0.13,987.0,217525.4,1
2024-01-08,2024-01-08 14:00:00,225.22,225.52,225.22,225.52,0.13,987.0,217525.4,1
2024-01-08,2024-01-08 14:10:00,225.52,225.82,225.52,225.82,0.13,987.0,217525.4,1
2024-01-08,2024-01-08 14:20:00,225.82,226.11,225.82,226.11,0.13,987.0,217525.4,1
2024-01-08,2024-01-08 14:30:00,226.11,226.41,226.11,226.41,0.13,987.0,217525.4,1
2024-01-08,2024-01-08 14:40:00,226.41,226.7,226.41,226.7,0.13,987.0,217525.4,1
2024-01-08,2024-01-08 14:50:00,226.7,227.0,226.7,227.0,0.13,987.0,217525.4,1
2024-01-08,2024-01-08 15:00:00,227.0,227.0,213.0,227.0,0.0,987.0,217525.4,0
2024-01-09,2024-01-09 11:00:00,223.0,226.9,222.7,223.17,0.08,1735.88,400617.3,1
2024-01-09,2024-01-09 11:10:00,223.17,223.33,223.17,223.33,0.07,1735.88,400617.3,1
2024-01-09,2024-01-09 11:20:00,223.33,223.5,223.33,223.5,0.08,1735.88,400617.3,1
2024-01-09,2024-01-09 11:30:00,223.5,223.67,223.5,223.67,0.08,1735.88,400617.3,1
2024-01-09,2024-01-09 11:40:00,223.67,223.83,223.67,223.83,0.07,1735.88,400617.3,1
2024-01-09,2024-01-09 11:50:00,223.83,224.0,223.83,224.0,0.08,1735.88,400617.3,1
2024-01-09,2024-01-09 12:00:00,224.0,224.17,224.0,224.17,0.08,1735.88,400617.3,1
2024-01-09,2024-01-09 12:10:00,224.17,224.33,224.17,224.33,0.07,1735.88,400617.3,1
2024-01-09,2024-01-09 12:20:00,224.33,224.5,224.33,224.5,0.08,1735.88,400617.3,1
2024-01-09,2024-01-09 12:30:00,224.5,224.67,224.5,224.67,0.08,1735.88,400617.3,1
2024-01-09,2024-01-09 12:40:00,224.67,224.83,224.67,224.83,0.07,1735.88,400617.3,1
2024-01-09,2024-01-09 12:50:00,224.83,225.0,224.83,225.0,0.08,1735.88,400617.3,1
2024-01-09,2024-01-09 13:00:00,225.0,236.0,222.0,225.17,0.08,1735.88,400617.3,1
2024-01-09,2024-01-09 13:10:00,225.17,225.33,225.17,225.33,0.07,1735.88,400617.3,1
2024-01-09,2024-01-09 13:20:00,225.33,225.5,225.33,225.5,0.08,1735.88,400617.3,1
2024-01-09,2024-01-09 13:30:00,225.5,225.67,225.5,225.67,0.08,1735.88,400617.3,1
2024-01-09,2024-01-09 13:40:00,225.67,225.83,225.67,225.83,0.07,1735.88,400617.3,1
2024-01-09,2024-01-09 13:50:00,225.83,226.0,225.83,226.0,0.08,1735.88,400617.3,1
2024-01-09,2024-01-09 14:00:00,226.0,226.17,226.0,226.17,0.08,1735.88,400617.3,1
2024-01-09,2024-01-09 14:10:00,226.17,226.33,226.17,226.33,0.07,1735.88,400617.3,1
2024-01-09,2024-01-09 14:20:00,226.33,226.5,226.33,226.5,0.08,1735.88,400617.3,1
2024-01-09,2024-01-09 14:30:00,226.5,226.67,226.5,226.67,0.08,1735.88,400617.3,1
2024-01-09,2024-01-09 14:40:00,226.67,226.83,226.67,226.83,0.07,1735.88,400617.3,1
2024-01-09,2024-01-09 14:50:00,226.83,227.0,226.83,227.0,0.07,1735.88,400617.3,1
2024-01-09,2024-01-09 15:00:00,227.0,236.0,222.0,227.0,0.0,1735.88,400617.3,0
2024-01-10,2024-01-10 11:00:00,225.0,228.0,224.4,225.17,0.08,965.08,218697.63,1
2024-01-10,2024-01-10 11:10:00,225.17,225.33,225.17,225.33,0.07,965.08,218697.63,1
2024-01-10,2024-01-10 11:20:00,225.33,225.5,225.33,225.5,0.08,965.08,218697.63,1
2024-01-10,2024-01-10 11:30:00,225.5,225.67,225.5,225.67,0.08,965.08,218697.63,1
2024-01-10,2024-01-10 11:40:00,225.67,225.83,225.67,225.83,0.07,965.08,218697.63,1
2024-01-10,2024-01-10 11:50:00,225.83,226.0,225.83,226.0,0.08,965.08,218697.63,1
2024-01-10,2024-01-10 12:00:00,226.0,226.17,226.0,226.17,0.08,965.08,218697.63,1
2024-01-10,2024-01-10 12:10:00,226.17,226.33,226.17,226.33,0.07,965.08,218697.63,1
2024-01-10,2024-01-10 12:20:00,226.33,226.5,226.33,226.5,0.08,965.08,218697.63,1
2024-01-10,2024-01-10 12:30:00,226.5,226.67,226.5,226.67,0.08,965.08,218697.63,1
2024-01-10,2024-01-10 12:40:00,226.67,226.83,226.67,226.83,0.07,965.08,218697.63,1
2024-01-10,2024-01-10 12:50:00,226.83,227.0,226.83,227.0,0.07,965.08,218697.63,1
2024-01-10,2024-01-10 13:00:00,227.0,235.0,223.0,227.17,0.07,965.08,218697.63,1
2024-01-10,2024-01-10 13:10:00,227.17,227.33,227.17,227.33,0.07,965.08,218697.63,1
2024-01-10,2024-01-10 13:20:00,227.33,227.5,227.33,227.5,0.07,965.08,218697.63,1
2024-01-10,2024-01-10 13:30:00,227.5,227.67,227.5,227.67,0.07,965.08,218697.63,1
2024-01-10,2024-01-10 13:40:00,227.67,227.83,227.67,227.83,0.07,965.08,218697.63,1
2024-01-10,2024-01-10 13:50:00,227.83,228.0,227.83,228.0,0.07,965.08,218697.63,1
2024-01-10,2024-01-10 14:00:00,228.0,228.17,228.0,228.17,0.07,965.08,218697.63,1
2024-01-10,2024-01-10 14:10:00,228.17,228.33,228.17,228.33,0.07,965.08,218697.63,1
2024-01-10,2024-01-10 14:20:00,228.33,228.5,228.33,228.5,0.07,965.08,218697.63,1
2024-01-10,2024-01-10 14:30:00,228.5,228.67,228.5,228.67,0.07,965.08,218697.63,1
2024-01-10,2024-01-10 14:40:00,228.67,228.83,228.67,228.83,0.07,965.08,218697.63,1
2024-01-10,2024-01-10 14:50:00,228.83,229.0,228.83,229.0,0.07,965.08,218697.63,1
2024-01-10,2024-01-10 15:00:00,229.0,235.0,223.0,229.0,0.0,965.08,218697.63,0
2024-01-11,2024-01-11 11:00:00,224.5,227.2,223.45,224.81,0.14,675.76,155083.41,1
2024-01-11,2024-01-11 11:10:00,224.81,225.12,224.81,225.12,0.14,675.76,155083.41,1
2024-01-11,2024-01-11 11:20:00,225.12,225.44,225.12,225.44,0.14,675.76,155083.41,1
2024-01-11,2024-01-11 11:30:00,225.44,225.75,225.44,225.75,0.14,675.76,155083.41,1
2024-01-11,2024-01-11 11:40:00,225.75,226.06,225.75,226.06,0.14,675.76,155083.41,1
2024-01-11,2024-01-11 11:50:00,226.06,226.38,226.06,226.38,0.14,675.76,155083.41,1
2024-01-11,2024-01-11 12:00:00,226.38,226.69,226.38,226.69,0.14,675.76,155083.41,1
2024-01-11,2024-01-11 12:10:00,226.69,227.0,226.69,227.0,0.14,675.76,155083.41,1
2024-01-11,2024-01-11 12:20:00,227.0,227.31,227.0,227.31,0.14,675.76,155083.41,1
2024-01-11,2024-01-11 12:30:00,227.31,227.62,227.31,227.62,0.14,675.76,155083.41,1
2024-01-11,2024-01-11 12:40:00,227.62,227.94,227.62,227.94,0.14,675.76,155083.41,1
2024-01-11,2024-01-11 12:50:00,227.94,228.25,227.94,228.25,0.14,675.76,155083.41,1
2024-01-11,2024-01-11 13:00:00,228.25,233.5,221.0,228.56,0.14,675.76,155083.41,1
2024-01-11,2024-01-11 13:10:00,228.56,228.88,228.56,228.88,0.14,675.76,155083.41,1
2024-01-11,2024-01-11 13:20:00,228.88,229.19,228.88,229.19,0.14,675.76,155083.41,1
2024-01-11,2024-01-11 13:30:00,229.19,229.5,229.19,229.5,0.14,675.76,155083.41,1
2024-01-11,2024-01-11 13:40:00,229.5,229.81,229.5,229.81,0.14,675.76,155083.41,1
2024-01-11,2024-01-11 13:50:00,229.81,230.12,229.81,230.12,0.13,675.76,155083.41,1
2024-01-11,2024-01-11 14:00:00,230.12,230.44,230.12,230.44,0.14,675.76,155083.41,1
2024-01-11,2024-01-11 14:10:00,230.44,230.75,230.44,230.75,0.13,675.76,155083.41,1
2024-01-11,2024-01-11 14:20:00,230.75,231.06,230.75,231.06,0.13,675.76,155083.41,1
2024-01-11,2024-01-11 14:30:00,231.06,231.38,231.06,231.38,0.14,675.76,155083.41,1
2024-01-11,2024-01-11 14:40:00,231.38,231.69,231.38,231.69,0.13,675.76,155083.41,1
2024-01-11,2024-01-11 14:50:00,231.69,232.0,231.69,232.0,0.13,675.76,155083.41,1
2024-01-11,2024-01-11 15:00:00,232.0,233.5,221.0,232.0,0.0,675.76,155083.41,0
2024-01-14,2024-01-14 11:00:00,236.0,237.8,234.2,236.15,0.06,2478.32,593830.22,1
2024-01-14,2024-01-14 11:10:00,236.15,236.3,236.15,236.3,0.06,2478.32,593830.22,1
2024-01-14,2024-01-14 11:20:00,236.3,236.45,236.3,236.45,0.06,2478.32,593830.22,1
2024-01-14,2024-01-14 11:30:00,236.45,236.6,236.45,236.6,0.06,2478.32,593830.22,1
2024-01-14,2024-01-14 11:40:00,236.6,236.75,236.6,236.75,0.06,2478.32,593830.22,1
2024-01-14,2024-01-14 11:50:00,236.75,236.9,236.75,236.9,0.06,2478.32,593830.22,1
2024-01-14,2024-01-14 12:00:00,236.9,237.05,236.9,237.05,0.06,2478.32,593830.22,1
2024-01-14,2024-01-14 12:10:00,237.05,237.2,237.05,237.2,0.06,2478.32,593830.22,1
2024-01-14,2024-01-14 12:20:00,237.2,237.35,237.2,237.35,0.06,2478.32,593830.22,1
2024-01-14,2024-01-14 12:30:00,237.35,237.5,237.35,237.5,0.06,2478.32,593830.22,1
2024-01-14,2024-01-14 12:40:00,237.5,237.65,237.5,237.65,0.06,2478.32,593830.22,1
2024-01-14,2024-01-14 12:50:00,237.65,237.8,237.65,237.8,0.06,2478.32,593830.22,1
2024-01-14,2024-01-14 13:00:00,237.8,242.0,230.0,237.95,0.06,2478.32,593830.22,1
2024-01-14,2024-01-14 13:10:00,237.95,238.1,237.95,238.1,0.06,2478.32,593830.22,1
2024-01-14,2024-01-14 13:20:00,238.1,238.25,238.1,238.25,0.06,2478.32,593830.22,1
2024-01-14,2024-01-14 13:30:00,238.25,238.4,238.25,238.4,0.06,2478.32,593830.22,1
2024-01-14,2024-01-14 13:40:00,238.4,238.55,238.4,238.55,0.06,2478.32,593830.22,1
2024-01-14,2024-01-14 13:50:00,238.55,238.7,238.55,238.7,0.06,2478.32,593830.22,1
2024-01-14,2024-01-14 14:00:00,238.7,238.85,238.7,238.85,0.06,2478.32,593830.22,1
2024-01-14,2024-01-14 14:10:00,238.85,239.0,238.85,239.0,0.06,2478.32,593830.22,1
2024-01-14,2024-01-14 14:20:00,239.0,239.15,239.0,239.15,0.06,2478.32,593830.22,1
2024-01-14,2024-01-14 14:30:00,239.15,239.3,239.15,239.3,0.06,2478.32,593830.22,1
2024-01-14,2024-01-14 14:40:00,239.3,239.45,239.3,239.45,0.06,2478.32,593830.22,1
2024-01-14,2024-01-14 14:50:00,239.45,239.6,239.45,239.6,0.06,2478.32,593830.22,1
2024-01-14,2024-01-14 15:00:00,239.6,242.0,230.0,239.6,0.0,2478.32,593830.22,0
2024-01-16,2024-01-16 11:00:00,237.0,243.6,237.0,237.75,0.32,2453.84,619829.8,1
2024-01-16,2024-01-16 11:10:00,237.75,238.5,237.75,238.5,0.32,2453.84,619829.8,1
2024-01-16,2024-01-16 11:20:00,238.5,239.25,238.5,239.25,0.31,2453.84,619829.8,1
2024-01-16,2024-01-16 11:30:00,239.25,240.0,239.25,240.0,0.31,2453.84,619829.8,1
2024-01-16,2024-01-16 11:40:00,240.0,240.75,240.0,240.75,0.31,2453.84,619829.8,1
2024-01-16,2024-01-16 11:50:00,240.75,241.5,240.75,241.5,0.31,2453.84,619829.8,1
2024-01-16,2024-01-16 12:00:00,241.5,242.25,241.5,242.25,0.31,2453.84,619829.8,1
2024-01-16,2024-01-16 12:10:00,242.25,243.0,242.25,243.0,0.31,2453.84,619829.8,1
2024-01-16,2024-01-16 12:20:00,243.0,243.75,243.0,243.75,0.31,2453.84,619829.8,1
2024-01-16,2024-01-16 12:30:00,243.75,244.5,243.75,244.5,0.31,2453.84,619829.8,1
2024-01-16,2024-01-16 12:40:00,244.5,245.25,244.5,245.25,0.31,2453.84,619829.8,1
2024-01-16,2024-01-16 12:50:00,245.25,246.0,245.25,246.0,0.31,2453.84,619829.8,1
2024-01-16,2024-01-16 13:00:00,246.0,259.0,237.0,246.75,0.3,2453.84,619829.8,1
2024-01-16,2024-01-16 13:10:00,246.75,247.5,246.75,247.5,0.3,2453.84,619829.8,1
2024-01-16,2024-01-16 13:20:00,247.5,248.25,247.5,248.25,0.3,2453.84,619829.8,1
2024-01-16,2024-01-16 13:30:00,248.25,249.0,248.25,249.0,0.3,2453.84,619829.8,1
2024-01-16,2024-01-16 13:40:00,249.0,249.75,249.0,249.75,0.3,2453.84,619829.8,1
2024-01-16,2024-01-16 13:50:00,249.75,250.5,249.75,250.5,0.3,2453.84,619829.8,1
2024-01-16,2024-01-16 14:00:00,250.5,251.25,250.5,251.25,0.3,2453.84,619829.8,1
2024-01-16,2024-01-16 14:10:00,251.25,252.0,251.25,252.0,0.3,2453.84,619829.8,1
2024-01-16,2024-01-16 14:20:00,252.0,252.75,252.0,252.75,0.3,2453.84,619829.8,1
2024-01-16,2024-01-16 14:30:00,252.75,253.5,252.75,253.5,0.3,2453.84,619829.8,1
2024-01-16,2024-01-16 14:40:00,253.5,254.25,253.5,254.25,0.3,2453.84,619829.8,1
2024-01-16,2024-01-16 14:50:00,254.25,255.0,254.25,255.0,0.29,2453.84,619829.8,1
2024-01-16,2024-01-16 15:00:00,255.0,259.0,237.0,255.0,0.0,2453.84,619829.8,0
2024-01-17,2024-01-17 11:00:00,258.0,258.3,251.76,257.18,-0.32,2214.48,547166.78,-1
2024-01-17,2024-01-17 11:10:00,257.18,257.18,256.35,256.35,-0.32,2214.48,547166.78,-1
2024-01-17,2024-01-17 11:20:00,256.35,256.35,255.53,255.53,-0.32,2214.48,547166.78,-1
2024-01-17,2024-01-17 11:30:00,255.53,255.53,254.7,254.7,-0.32,2214.48,547166.78,-1
2024-01-17,2024-01-17 11:40:00,254.7,254.7,253.88,253.88,-0.32,2214.48,547166.78,-1
2024-01-17,2024-01-17 11:50:00,253.88,253.88,253.05,253.05,-0.33,2214.48,547166.78,-1
2024-01-17,2024-01-17 12:00:00,253.05,253.05,252.22,252.22,-0.33,2214.48,547166.78,-1
2024-01-17,2024-01-17 12:10:00,252.22,252.22,251.4,251.4,-0.33,2214.48,547166.78,-1
2024-01-17,2024-01-17 12:20:00,251.4,251.4,250.57,250.57,-0.33,2214.48,547166.78,-1
2024-01-17,2024-01-17 12:30:00,250.57,250.57,249.75,249.75,-0.33,2214.48,547166.78,-1
2024-01-17,2024-01-17 12:40:00,249.75,249.75,248.92,248.92,-0.33,2214.48,547166.78,-1
2024-01-17,2024-01-17 12:50:00,248.92,248.92,248.1,248.1,-0.33,2214.48,547166.78,-1
2024-01-17,2024-01-17 13:00:00,248.1,259.0,237.2,247.28,-0.33,2214.48,547166.78,-1
2024-01-17,2024-01-17 13:10:00,247.28,247.28,246.45,246.45,-0.34,2214.48,547166.78,-1
2024-01-17,2024-01-17 13:20:00,246.45,246.45,245.62,245.62,-0.34,2214.48,547166.78,-1
2024-01-17,2024-01-17 13:30:00,245.62,245.62,244.8,244.8,-0.33,2214.48,547166.78,-1
2024-01-17,2024-01-17 13:40:00,244.8,244.8,243.97,243.97,-0.34,2214.48,547166.78,-1
2024-01-17,2024-01-17 13:50:00,243.97,243.97,243.15,243.15,-0.34,2214.48,547166.78,-1
2024-01-17,2024-01-17 14:00:00,243.15,243.15,242.32,242.32,-0.34,2214.48,547166.78,-1
2024-01-17,2024-01-17 14:10:00,242.32,242.32,241.5,241.5,-0.34,2214.48,547166.78,-1
2024-01-17,2024-01-17 14:20:00,241.5,241.5,240.67,240.67,-0.34,2214.48,547166.78,-1
2024-01-17,2024-01-17 14:30:00,240.67,240.67,239.85,239.85,-0.34,2214.48,547166.78,-1
2024-01-17,2024-01-17 14:40:00,239.85,239.85,239.02,239.02,-0.35,2214.48,547166.78,-1
2024-01-17,2024-01-17 14:50:00,239.02,239.02,238.2,238.2,-0.34,2214.48,547166.78,-1
2024-01-17,2024-01-17 15:00:00,238.2,259.0,237.2,238.2,0.0,2214.48,547166.78,0
2024-01-18,2024-01-18 11:00:00,242.0,247.1,236.42,242.0,0.0,1591.24,383794.82,0
2024-01-18,2024-01-18 11:10:00,242.0,242.01,242.0,242.01,0.0,1591.24,383794.82,1
2024-01-18,2024-01-18 11:20:00,242.01,242.01,242.01,242.01,0.0,1591.24,383794.82,0
2024-01-18,2024-01-18 11:30:00,242.01,242.02,242.01,242.02,0.0,1591.24,383794.82,1
2024-01-18,2024-01-18 11:40:00,242.02,242.02,242.02,242.02,0.0,1591.24,383794.82,0
2024-01-18,2024-01-18 11:50:00,242.02,242.03,242.02,242.03,0.0,1591.24,383794.82,1
2024-01-18,2024-01-18 12:00:00,242.03,242.03,242.03,242.03,0.0,1591.24,383794.82,0
2024-01-18,2024-01-18 12:10:00,242.03,242.03,242.03,242.03,0.0,1591.24,383794.82,0
2024-01-18,2024-01-18 12:20:00,242.03,242.04,242.03,242.04,0.0,1591.24,383794.82,1
2024-01-18,2024-01-18 12:30:00,242.04,242.04,242.04,242.04,0.0,1591.24,383794.82,0
2024-01-18,2024-01-18 12:40:00,242.04,242.05,242.04,242.05,0.0,1591.24,383794.82,1
2024-01-18,2024-01-18 12:50:00,242.05,242.05,242.05,242.05,0.0,1591.24,383794.82,0
2024-01-18,2024-01-18 13:00:00,242.05,259.0,223.4,242.05,0.0,1591.24,383794.82,0
2024-01-18,2024-01-18 13:10:00,242.05,242.06,242.05,242.06,0.0,1591.24,383794.82,1
2024-01-18,2024-01-18 13:20:00,242.06,242.06,242.06,242.06,0.0,1591.24,383794.82,0
2024-01-18,2024-01-18 13:30:00,242.06,242.07,242.06,242.07,0.0,1591.24,383794.82,1
2024-01-18,2024-01-18 13:40:00,242.07,242.07,242.07,242.07,0.0,1591.24,383794.82,0
2024-01-18,2024-01-18 13:50:00,242.07,242.07,242.07,242.07,0.0,1591.24,383794.82,0
2024-01-18,2024-01-18 14:00:00,242.07,242.08,242.07,242.08,0.0,1591.24,383794.82,1
2024-01-18,2024-01-18 14:10:00,242.08,242.08,242.08,242.08,0.0,1591.24,383794.82,0
2024-01-18,2024-01-18 14:20:00,242.08,242.09,242.08,242.09,0.0,1591.24,383794.82,1
2024-01-18,2024-01-18 14:30:00,242.09,242.09,242.09,242.09,0.0,1591.24,383794.82,0
2024-01-18,2024-01-18 14:40:00,242.09,242.1,242.09,242.1,0.0,1591.24,383794.82,1
2024-01-18,2024-01-18 14:50:00,242.1,242.1,242.1,242.1,0.0,1591.24,383794.82,0
2024-01-18,2024-01-18 15:00:00,242.1,259.0,223.4,242.1,0.0,1591.24,383794.82,0
2024-01-21,2024-01-21 11:00:00,242.1,249.03,242.1,242.76,0.27,4722.56,1222534.14,1
2024-01-21,2024-01-21 11:10:00,242.76,243.42,242.76,243.42,0.27,4722.56,1222534.14,1
2024-01-21,2024-01-21 11:20:00,243.42,244.09,243.42,244.09,0.28,4722.56,1222534.14,1
2024-01-21,2024-01-21 11:30:00,244.09,244.75,244.09,244.75,0.27,4722.56,1222534.14,1
2024-01-21,2024-01-21 11:40:00,244.75,245.41,244.75,245.41,0.27,4722.56,1222534.14,1
2024-01-21,2024-01-21 11:50:00,245.41,246.07,245.41,246.07,0.27,4722.56,1222534.14,1
2024-01-21,2024-01-21 12:00:00,246.07,246.74,246.07,246.74,0.27,4722.56,1222534.14,1
2024-01-21,2024-01-21 12:10:00,246.74,247.4,246.74,247.4,0.27,4722.56,1222534.14,1
2024-01-21,2024-01-21 12:20:00,247.4,248.06,247.4,248.06,0.27,4722.56,1222534.14,1
2024-01-21,2024-01-21 12:30:00,248.06,248.72,248.06,248.72,0.27,4722.56,1222534.14,1
2024-01-21,2024-01-21 12:40:00,248.72,249.39,248.72,249.39,0.27,4722.56,1222534.14,1
2024-01-21,2024-01-21 12:50:00,249.39,250.05,249.39,250.05,0.26,4722.56,1222534.14,1
2024-01-21,2024-01-21 13:00:00,250.05,265.2,242.1,250.71,0.26,4722.56,1222534.14,1
2024-01-21,2024-01-21 13:10:00,250.71,251.38,250.71,251.38,0.27,4722.56,1222534.14,1
2024-01-21,2024-01-21 13:20:00,251.38,252.04,251.38,252.04,0.26,4722.56,1222534.14,1
2024-01-21,2024-01-21 13:30:00,252.04,252.7,252.04,252.7,0.26,4722.56,1222534.14,1
2024-01-21,2024-01-21 13:40:00,252.7,253.36,252.7,253.36,0.26,4722.56,1222534.14,1
2024-01-21,2024-01-21 13:50:00,253.36,254.03,253.36,254.03,0.26,4722.56,1222534.14,1
2024-01-21,2024-01-21 14:00:00,254.03,254.69,254.03,254.69,0.26,4722.56,1222534.14,1
2024-01-21,2024-01-21 14:10:00,254.69,255.35,254.69,255.35,0.26,4722.56,1222534.14,1
2024-01-21,2024-01-21 14:20:00,255.35,256.01,255.35,256.01,0.26,4722.56,1222534.14,1
2024-01-21,2024-01-21 14:30:00,256.01,256.68,256.01,256.68,0.26,4722.56,1222534.14,1
2024-01-21,2024-01-21 14:40:00,256.68,257.34,256.68,257.34,0.26,4722.56,1222534.14,1
2024-01-21,2024-01-21 14:50:00,257.34,258.0,257.34,258.0,0.26,4722.56,1222534.14,1
2024-01-21,2024-01-21 15:00:00,258.0,265.2,242.1,258.0,0.0,4722.56,1222534.14,0
2024-01-22,2024-01-22 11:00:00,259.0,264.61,257.5,259.25,0.1,4851.04,1306540.16,1
2024-01-22,2024-01-22 11:10:00,259.25,259.51,259.25,259.51,0.1,4851.04,1306540.16,1
2024-01-22,2024-01-22 11:20:00,259.51,259.76,259.51,259.76,0.1,4851.04,1306540.16,1
2024-01-22,2024-01-22 11:30:00,259.76,260.02,259.76,260.02,0.1,4851.04,1306540.16,1
2024-01-22,2024-01-22 11:40:00,260.02,260.27,260.02,260.27,0.1,4851.04,1306540.16,1
2024-01-22,2024-01-22 11:50:00,260.27,260.52,260.27,260.52,0.1,4851.04,1306540.16,1
2024-01-22,2024-01-22 12:00:00,260.52,260.78,260.52,260.78,0.1,4851.04,1306540.16,1
2024-01-22,2024-01-22 12:10:00,260.78,261.03,260.78,261.03,0.1,4851.04,1306540.16,1
2024-01-22,2024-01-22 12:20:00,261.03,261.29,261.03,261.29,0.1,4851.04,1306540.16,1
2024-01-22,2024-01-22 12:30:00,261.29,261.54,261.29,261.54,0.1,4851.04,1306540.16,1
2024-01-22,2024-01-22 12:40:00,261.54,261.8,261.54,261.8,0.1,4851.04,1306540.16,1
2024-01-22,2024-01-22 12:50:00,261.8,262.05,261.8,262.05,0.1,4851.04,1306540.16,1
2024-01-22,2024-01-22 13:00:00,262.05,277.7,254.0,262.3,0.1,4851.04,1306540.16,1
2024-01-22,2024-01-22 13:10:00,262.3,262.56,262.3,262.56,0.1,4851.04,1306540.16,1
2024-01-22,2024-01-22 13:20:00,262.56,262.81,262.56,262.81,0.1,4851.04,1306540.16,1
2024-01-22,2024-01-22 13:30:00,262.81,263.07,262.81,263.07,0.1,4851.04,1306540.16,1
2024-01-22,2024-01-22 13:40:00,263.07,263.32,263.07,263.32,0.1,4851.04,1306540.16,1
2024-01-22,2024-01-22 13:50:00,263.32,263.58,263.32,263.58,0.1,4851.04,1306540.16,1
2024-01-22,2024-01-22 14:00:00,263.58,263.83,263.58,263.83,0.09,4851.04,1306540.16,1
2024-01-22,2024-01-22 14:10:00,263.83,264.08,263.83,264.08,0.09,4851.04,1306540.16,1
2024-01-22,2024-01-22 14:20:00,264.08,264.34,264.08,264.34,0.1,4851.04,1306540.16,1
2024-01-22,2024-01-22 14:30:00,264.34,264.59,264.34,264.59,0.09,4851.04,1306540.16,1
2024-01-22,2024-01-22 14:40:00,264.59,264.85,264.59,264.85,0.1,4851.04,1306540.16,1
2024-01-22,2024-01-22 14:50:00,264.85,265.1,264.85,265.1,0.09,4851.04,1306540.16,1
2024-01-22,2024-01-22 15:00:00,265.1,277.7,254.0,265.1,0.0,4851.04,1306540.16,0
2024-01-23,2024-01-23 11:00:00,269.0,269.3,266.63,268.83,-0.06,1507.92,400776.76,-1
2024-01-23,2024-01-23 11:10:00,268.83,268.83,268.67,268.67,-0.06,1507.92,400776.76,-1
2024-01-23,2024-01-23 11:20:00,268.67,268.67,268.5,268.5,-0.06,1507.92,400776.76,-1
2024-01-23,2024-01-23 11:30:00,268.5,268.5,268.33,268.33,-0.06,1507.92,400776.76,-1
2024-01-23,2024-01-23 11:40:00,268.33,268.33,268.17,268.17,-0.06,1507.92,400776.76,-1
2024-01-23,2024-01-23 11:50:00,268.17,268.17,268.0,268.0,-0.06,1507.92,400776.76,-1
2024-01-23,2024-01-23 12:00:00,268.0,268.0,267.83,267.83,-0.06,1507.92,400776.76,-1
2024-01-23,2024-01-23 12:10:00,267.83,267.83,267.67,267.67,-0.06,1507.92,400776.76,-1
2024-01-23,2024-01-23 12:20:00,267.67,267.67,267.5,267.5,-0.06,1507.92,400776.76,-1
2024-01-23,2024-01-23 12:30:00,267.5,267.5,267.33,267.33,-0.06,1507.92,400776.76,-1
2024-01-23,2024-01-23 12:40:00,267.33,267.33,267.17,267.17,-0.06,1507.92,400776.76,-1
2024-01-23,2024-01-23 12:50:00,267.17,267.17,267.0,267.0,-0.06,1507.92,400776.76,-1
2024-01-23,2024-01-23 13:00:00,267.0,270.0,261.1,266.83,-0.06,1507.92,400776.76,-1
2024-01-23,2024-01-23 13:10:00,266.83,266.83,266.67,266.67,-0.06,1507.92,400776.76,-1
2024-01-23,2024-01-23 13:20:00,266.67,266.67,266.5,266.5,-0.06,1507.92,400776.76,-1
2024-01-23,2024-01-23 13:30:00,266.5,266.5,266.33,266.33,-0.06,1507.92,400776.76,-1
2024-01-23,2024-01-23 13:40:00,266.33,266.33,266.17,266.17,-0.06,1507.92,400776.76,-1
2024-01-23,2024-01-23 13:50:00,266.17,266.17,266.0,266.0,-0.06,1507.92,400776.76,-1
2024-01-23,2024-01-23 14:00:00,266.0,266.0,265.83,265.83,-0.06,1507.92,400776.76,-1
2024-01-23,2024-01-23 14:10:00,265.83,265.83,265.67,265.67,-0.06,1507.92,400776.76,-1
2024-01-23,2024-01-23 14:20:00,265.67,265.67,265.5,265.5,-0.06,1507.92,400776.76,-1
2024-01-23,2024-01-23 14:30:00,265.5,265.5,265.33,265.33,-0.06,1507.92,400776.76,-1
2024-01-23,2024-01-23 14:40:00,265.33,265.33,265.17,265.17,-0.06,1507.92,400776.76,-1
2024-01-23,2024-01-23 14:50:00,265.17,265.17,265.0,265.0,-0.06,1507.92,400776.76,-1
2024-01-23,2024-01-23 15:00:00,265.0,270.0,261.1,265.0,0.0,1507.92,400776.76,0
2024-01-24,2024-01-24 11:00:00,269.9,271.49,267.23,269.61,-0.11,1942.72,518615.77,-1
2024-01-24,2024-01-24 11:10:00,269.61,269.61,269.32,269.32,-0.11,1942.72,518615.77,-1
2024-01-24,2024-01-24 11:20:00,269.32,269.32,269.04,269.04,-0.1,1942.72,518615.77,-1
2024-01-24,2024-01-24 11:30:00,269.04,269.04,268.75,268.75,-0.11,1942.72,518615.77,-1
2024-01-24,2024-01-24 11:40:00,268.75,268.75,268.46,268.46,-0.11,1942.72,518615.77,-1
2024-01-24,2024-01-24 11:50:00,268.46,268.46,268.17,268.17,-0.11,1942.72,518615.77,-1
2024-01-24,2024-01-24 12:00:00,268.17,268.17,267.89,267.89,-0.1,1942.72,518615.77,-1
2024-01-24,2024-01-24 12:10:00,267.89,267.89,267.6,267.6,-0.11,1942.72,518615.77,-1
2024-01-24,2024-01-24 12:20:00,267.6,267.6,267.31,267.31,-0.11,1942.72,518615.77,-1
2024-01-24,2024-01-24 12:30:00,267.31,267.31,267.02,267.02,-0.11,1942.72,518615.77,-1
2024-01-24,2024-01-24 12:40:00,267.02,267.02,266.74,266.74,-0.1,1942.72,518615.77,-1
2024-01-24,2024-01-24 12:50:00,266.74,266.74,266.45,266.45,-0.11,1942.72,518615.77,-1
2024-01-24,2024-01-24 13:00:00,266.45,275.2,261.0,266.16,-0.11,1942.72,518615.77,-1
2024-01-24,2024-01-24 13:10:00,266.16,266.16,265.88,265.88,-0.11,1942.72,518615.77,-1
2024-01-24,2024-01-24 13:20:00,265.88,265.88,265.59,265.59,-0.11,1942.72,518615.77,-1
2024-01-24,2024-01-24 13:30:00,265.59,265.59,265.3,265.3,-0.11,1942.72,518615.77,-1
2024-01-24,2024-01-24 13:40:00,265.3,265.3,265.01,265.01,-0.11,1942.72,518615.77,-1
2024-01-24,2024-01-24 13:50:00,265.01,265.01,264.73,264.73,-0.11,1942.72,518615.77,-1
2024-01-24,2024-01-24 14:00:00,264.73,264.73,264.44,264.44,-0.11,1942.72,518615.77,-1
2024-01-24,2024-01-24 14:10:00,264.44,264.44,264.15,264.15,-0.11,1942.72,518615.77,-1
2024-01-24,2024-01-24 14:20:00,264.15,264.15,263.86,263.86,-0.11,1942.72,518615.77,-1
2024-01-24,2024-01-24 14:30:00,263.86,263.86,263.57,263.57,-0.11,1942.72,518615.77,-1
2024-01-24,2024-01-24 14:40:00,263.57,263.57,263.29,263.29,-0.11,1942.72,518615.77,-1
2024-01-24,2024-01-24 14:50:00,263.29,263.29,263.0,263.0,-0.11,1942.72,518615.77,-1
2024-01-24,2024-01-24 15:00:00,263.0,275.2,261.0,263.0,0.0,1942.72,518615.77,0
2024-01-25,2024-01-25 11:00:00,258.0,260.61,256.47,258.0,0.0,1590.08,414137.67,0
2024-01-25,2024-01-25 11:10:00,258.0,258.0,258.0,258.0,0.0,1590.08,414137.67,0
2024-01-25,2024-01-25 11:20:00,258.0,258.0,258.0,258.0,0.0,1590.08,414137.67,0
2024-01-25,2024-01-25 11:30:00,258.0,258.0,258.0,258.0,0.0,1590.08,414137.67,0
2024-01-25,2024-01-25 11:40:00,258.0,258.0,258.0,258.0,0.0,1590.08,414137.67,0
2024-01-25,2024-01-25 11:50:00,258.0,258.0,258.0,258.0,0.0,1590.08,414137.67,0
2024-01-25,2024-01-25 12:00:00,258.0,258.0,258.0,258.0,0.0,1590.08,414137.67,0
2024-01-25,2024-01-25 12:10:00,258.0,258.0,258.0,258.0,0.0,1590.08,414137.67,0
2024-01-25,2024-01-25 12:20:00,258.0,258.0,258.0,258.0,0.0,1590.08,414137.67,0
2024-01-25,2024-01-25 12:30:00,258.0,258.0,258.0,258.0,0.0,1590.08,414137.67,0
2024-01-25,2024-01-25 12:40:00,258.0,258.0,258.0,258.0,0.0,1590.08,414137.67,0
2024-01-25,2024-01-25 12:50:00,258.0,258.0,258.0,258.0,0.0,1590.08,414137.67,0
2024-01-25,2024-01-25 13:00:00,258.0,266.7,252.9,258.0,0.0,1590.08,414137.67,0
2024-01-25,2024-01-25 13:10:00,258.0,258.0,258.0,258.0,0.0,1590.08,414137.67,0
2024-01-25,2024-01-25 13:20:00,258.0,258.0,258.0,258.0,0.0,1590.08,414137.67,0
2024-01-25,2024-01-25 13:30:00,258.0,258.0,258.0,258.0,0.0,1590.08,414137.67,0
2024-01-25,2024-01-25 13:40:00,258.0,258.0,258.0,258.0,0.0,1590.08,414137.67,0
2024-01-25,2024-01-25 13:50:00,258.0,258.0,258.0,258.0,0.0,1590.08,414137.67,0
2024-01-25,2024-01-25 14:00:00,258.0,258.0,258.0,258.0,0.0,1590.08,414137.67,0
2024-01-25,2024-01-25 14:10:00,258.0,258.0,258.0,258.0,0.0,1590.08,414137.67,0
2024-01-25,2024-01-25 14:20:00,258.0,258.0,258.0,258.0,0.0,1590.08,414137.67,0
2024-01-25,2024-01-25 14:30:00,258.0,258.0,258.0,258.0,0.0,1590.08,414137.67,0
2024-01-25,2024-01-25 14:40:00,258.0,258.0,258.0,258.0,0.0,1590.08,414137.67,0
2024-01-25,2024-01-25 14:50:00,258.0,258.0,258.0,258.0,0.0,1590.08,414137.67,0
2024-01-25,2024-01-25 15:00:00,258.0,266.7,252.9,258.0,0.0,1590.08,414137.67,0
2024-01-28,2024-01-28 11:00:00,263.0,263.9,260.27,262.88,-0.05,1150.84,297639.11,-1
2024-01-28,2024-01-28 11:10:00,262.88,262.88,262.75,262.75,-0.05,1150.84,297639.11,-1
2024-01-28,2024-01-28 11:20:00,262.75,262.75,262.62,262.62,-0.05,1150.84,297639.11,-1
2024-01-28,2024-01-28 11:30:00,262.62,262.62,262.5,262.5,-0.05,1150.84,297639.11,-1
2024-01-28,2024-01-28 11:40:00,262.5,262.5,262.38,262.38,-0.05,1150.84,297639.11,-1
2024-01-28,2024-01-28 11:50:00,262.38,262.38,262.25,262.25,-0.05,1150.84,297639.11,-1
2024-01-28,2024-01-28 12:00:00,262.25,262.25,262.12,262.12,-0.05,1150.84,297639.11,-1
2024-01-28,2024-01-28 12:10:00,262.12,262.12,262.0,262.0,-0.05,1150.84,297639.11,-1
2024-01-28,2024-01-28 12:20:00,262.0,262.0,261.88,261.88,-0.05,1150.84,297639.11,-1
2024-01-28,2024-01-28 12:30:00,261.88,261.88,261.75,261.75,-0.05,1150.84,297639.11,-1
2024-01-28,2024-01-28 12:40:00,261.75,261.75,261.62,261.62,-0.05,1150.84,297639.11,-1
2024-01-28,2024-01-28 12:50:00,261.62,261.62,261.5,261.5,-0.05,1150.84,297639.11,-1
2024-01-28,2024-01-28 13:00:00,261.5,266.0,253.9,261.38,-0.05,1150.84,297639.11,-1
2024-01-28,2024-01-28 13:10:00,261.38,261.38,261.25,261.25,-0.05,1150.84,297639.11,-1
2024-01-28,2024-01-28 13:20:00,261.25,261.25,261.12,261.12,-0.05,1150.84,297639.11,-1
2024-01-28,2024-01-28 13:30:00,261.12,261.12,261.0,261.0,-0.05,1150.84,297639.11,-1
2024-01-28,2024-01-28 13:40:00,261.0,261.0,260.88,260.88,-0.05,1150.84,297639.11,-1
2024-01-28,2024-01-28 13:50:00,260.88,260.88,260.75,260.75,-0.05,1150.84,297639.11,-1
2024-01-28,2024-01-28 14:00:00,260.75,260.75,260.62,260.62,-0.05,1150.84,297639.11,-1
2024-01-28,2024-01-28 14:10:00,260.62,260.62,260.5,260.5,-0.05,1150.84,297639.11,-1
2024-01-28,2024-01-28 14:20:00,260.5,260.5,260.38,260.38,-0.05,1150.84,297639.11,-1
2024-01-28,2024-01-28 14:30:00,260.38,260.38,260.25,260.25,-0.05,1150.84,297639.11,-1
2024-01-28,2024-01-28 14:40:00,260.25,260.25,260.12,260.12,-0.05,1150.84,297639.11,-1
2024-01-28,2024-01-28 14:50:00,260.12,260.12,260.0,260.0,-0.05,1150.84,297639.11,-1
2024-01-28,2024-01-28 15:00:00,260.0,266.0,253.9,260.0,0.0,1150.84,297639.11,0
2024-01-29,2024-01-29 11:00:00,254.8,260.86,254.8,255.21,0.16,1010.24,264885.89,1
2024-01-29,2024-01-29 11:10:00,255.21,255.62,255.21,255.62,0.16,1010.24,264885.89,1
2024-01-29,2024-01-29 11:20:00,255.62,256.04,255.62,256.04,0.16,1010.24,264885.89,1
2024-01-29,2024-01-29 11:30:00,256.04,256.45,256.04,256.45,0.16,1010.24,264885.89,1
2024-01-29,2024-01-29 11:40:00,256.45,256.86,256.45,256.86,0.16,1010.24,264885.89,1
2024-01-29,2024-01-29 11:50:00,256.86,257.27,256.86,257.27,0.16,1010.24,264885.89,1
2024-01-29,2024-01-29 12:00:00,257.27,257.69,257.27,257.69,0.16,1010.24,264885.89,1
2024-01-29,2024-01-29 12:10:00,257.69,258.1,257.69,258.1,0.16,1010.24,264885.89,1
2024-01-29,2024-01-29 12:20:00,258.1,258.51,258.1,258.51,0.16,1010.24,264885.89,1
2024-01-29,2024-01-29 12:30:00,258.51,258.93,258.51,258.93,0.16,1010.24,264885.89,1
2024-01-29,2024-01-29 12:40:00,258.93,259.34,258.93,259.34,0.16,1010.24,264885.89,1
2024-01-29,2024-01-29 12:50:00,259.34,259.75,259.34,259.75,0.16,1010.24,264885.89,1
2024-01-29,2024-01-29 13:00:00,259.75,275.0,254.8,260.16,0.16,1010.24,264885.89,1
2024-01-29,2024-01-29 13:10:00,260.16,260.57,260.16,260.57,0.16,1010.24,264885.89,1
2024-01-29,2024-01-29 13:20:00,260.57,260.99,260.57,260.99,0.16,1010.24,264885.89,1
2024-01-29,2024-01-29 13:30:00,260.99,261.4,260.99,261.4,0.16,1010.24,264885.89,1
2024-01-29,2024-01-29 13:40:00,261.4,261.81,261.4,261.81,0.16,1010.24,264885.89,1
2024-01-29,2024-01-29 13:50:00,261.81,262.23,261.81,262.23,0.16,1010.24,264885.89,1
2024-01-29,2024-01-29 14:00:00,262.23,262.64,262.23,262.64,0.16,1010.24,264885.89,1
2024-01-29,2024-01-29 14:10:00,262.64,263.05,262.64,263.05,0.16,1010.24,264885.89,1
2024-01-29,2024-01-29 14:20:00,263.05,263.46,263.05,263.46,0.16,1010.24,264885.89,1
2024-01-29,2024-01-29 14:30:00,263.46,263.88,263.46,263.88,0.16,1010.24,264885.89,1
2024-01-29,2024-01-29 14:40:00,263.88,264.29,263.88,264.29,0.16,1010.24,264885.89,1
2024-01-29,2024-01-29 14:50:00,264.29,264.7,264.29,264.7,0.16,1010.24,264885.89,1
2024-01-29,2024-01-29 15:00:00,264.7,275.0,254.8,264.7,0.0,1010.24,264885.89,0
2024-01-30,2024-01-30 11:00:00,259.5,263.85,258.15,259.69,0.07,1214.76,320987.0,1
2024-01-30,2024-01-30 11:10:00,259.69,259.88,259.69,259.88,0.07,1214.76,320987.0,1
2024-01-30,2024-01-30 11:20:00,259.88,260.06,259.88,260.06,0.07,1214.76,320987.0,1
2024-01-30,2024-01-30 11:30:00,260.06,260.25,260.06,260.25,0.07,1214.76,320987.0,1
2024-01-30,2024-01-30 11:40:00,260.25,260.44,260.25,260.44,0.07,1214.76,320987.0,1
2024-01-30,2024-01-30 11:50:00,260.44,260.62,260.44,260.62,0.07,1214.76,320987.0,1
2024-01-30,2024-01-30 12:00:00,260.62,260.81,260.62,260.81,0.07,1214.76,320987.0,1
2024-01-30,2024-01-30 12:10:00,260.81,261.0,260.81,261.0,0.07,1214.76,320987.0,1
2024-01-30,2024-01-30 12:20:00,261.0,261.19,261.0,261.19,0.07,1214.76,320987.0,1
2024-01-30,2024-01-30 12:30:00,261.19,261.38,261.19,261.38,0.07,1214.76,320987.0,1
2024-01-30,2024-01-30 12:40:00,261.38,261.56,261.38,261.56,0.07,1214.76,320987.0,1
2024-01-30,2024-01-30 12:50:00,261.56,261.75,261.56,261.75,0.07,1214.76,320987.0,1
2024-01-30,2024-01-30 13:00:00,261.75,274.0,255.0,261.94,0.07,1214.76,320987.0,1
2024-01-30,2024-01-30 13:10:00,261.94,262.12,261.94,262.12,0.07,1214.76,320987.0,1
2024-01-30,2024-01-30 13:20:00,262.12,262.31,262.12,262.31,0.07,1214.76,320987.0,1
2024-01-30,2024-01-30 13:30:00,262.31,262.5,262.31,262.5,0.07,1214.76,320987.0,1
2024-01-30,2024-01-30 13:40:00,262.5,262.69,262.5,262.69,0.07,1214.76,320987.0,1
2024-01-30,2024-01-30 13:50:00,262.69,262.88,262.69,262.88,0.07,1214.76,320987.0,1
2024-01-30,2024-01-30 14:00:00,262.88,263.06,262.88,263.06,0.07,1214.76,320987.0,1
2024-01-30,2024-01-30 14:10:00,263.06,263.25,263.06,263.25,0.07,1214.76,320987.0,1
2024-01-30,2024-01-30 14:20:00,263.25,263.44,263.25,263.44,0.07,1214.76,320987.0,1
2024-01-30,2024-01-30 14:30:00,263.44,263.62,263.44,263.62,0.07,1214.76,320987.0,1
2024-01-30,2024-01-30 14:40:00,263.62,263.81,263.62,263.81,0.07,1214.76,320987.0,1
2024-01-30,2024-01-30 14:50:00,263.81,264.0,263.81,264.0,0.07,1214.76,320987.0,1
2024-01-30,2024-01-30 15:00:00,264.0,274.0,255.0,264.0,0.0,1214.76,320987.0,0
2024-01-31,2024-01-31 11:00:00,264.0,265.5,261.3,263.65,-0.13,1537.56,403003.37,-1
2024-01-31,2024-01-31 11:10:00,263.65,263.65,263.29,263.29,-0.14,1537.56,403003.37,-1
2024-01-31,2024-01-31 11:20:00,263.29,263.29,262.94,262.94,-0.13,1537.56,403003.37,-1
2024-01-31,2024-01-31 11:30:00,262.94,262.94,262.58,262.58,-0.14,1537.56,403003.37,-1
2024-01-31,2024-01-31 11:40:00,262.58,262.58,262.23,262.23,-0.13,1537.56,403003.37,-1
2024-01-31,2024-01-31 11:50:00,262.23,262.23,261.88,261.88,-0.13,1537.56,403003.37,-1
2024-01-31,2024-01-31 12:00:00,261.88,261.88,261.52,261.52,-0.14,1537.56,403003.37,-1
2024-01-31,2024-01-31 12:10:00,261.52,261.52,261.17,261.17,-0.13,1537.56,403003.37,-1
2024-01-31,2024-01-31 12:20:00,261.17,261.17,260.81,260.81,-0.14,1537.56,403003.37,-1
2024-01-31,2024-01-31 12:30:00,260.81,260.81,260.46,260.46,-0.13,1537.56,403003.37,-1
2024-01-31,2024-01-31 12:40:00,260.46,260.46,260.1,260.1,-0.14,1537.56,403003.37,-1
2024-01-31,2024-01-31 12:50:00,260.1,260.1,259.75,259.75,-0.13,1537.56,403003.37,-1
2024-01-31,2024-01-31 13:00:00,259.75,269.0,255.0,259.4,-0.13,1537.56,403003.37,-1
2024-01-31,2024-01-31 13:10:00,259.4,259.4,259.04,259.04,-0.14,1537.56,403003.37,-1
2024-01-31,2024-01-31 13:20:00,259.04,259.04,258.69,258.69,-0.14,1537.56,403003.37,-1
2024-01-31,2024-01-31 13:30:00,258.69,258.69,258.33,258.33,-0.14,1537.56,403003.37,-1
2024-01-31,2024-01-31 13:40:00,258.33,258.33,257.98,257.98,-0.14,1537.56,403003.37,-1
2024-01-31,2024-01-31 13:50:00,257.98,257.98,257.62,257.62,-0.14,1537.56,403003.37,-1
2024-01-31,2024-01-31 14:00:00,257.62,257.62,257.27,257.27,-0.14,1537.56,403003.37,-1
2024-01-31,2024-01-31 14:10:00,257.27,257.27,256.92,256.92,-0.14,1537.56,403003.37,-1
2024-01-31,2024-01-31 14:20:00,256.92,256.92,256.56,256.56,-0.14,1537.56,403003.37,-1
2024-01-31,2024-01-31 14:30:00,256.56,256.56,256.21,256.21,-0.14,1537.56,403003.37,-1
2024-01-31,2024-01-31 14:40:00,256.21,256.21,255.85,255.85,-0.14,1537.56,403003.37,-1
2024-01-31,2024-01-31 14:50:00,255.85,255.85,255.5,255.5,-0.14,1537.56,403003.37,-1
2024-01-31,2024-01-31 15:00:00,255.5,269.0,255.0,255.5,0.0,1537.56,403003.37,0
2024-02-01,2024-02-01 11:00:00,251.0,252.2,249.5,250.83,-0.07,1080.92,269857.74,-1
2024-02-01,2024-02-01 11:10:00,250.83,250.83,250.67,250.67,-0.06,1080.92,269857.74,-1
2024-02-01,2024-02-01 11:20:00,250.67,250.67,250.5,250.5,-0.07,1080.92,269857.74,-1
2024-02-01,2024-02-01 11:30:00,250.5,250.5,250.33,250.33,-0.07,1080.92,269857.74,-1
2024-02-01,2024-02-01 11:40:00,250.33,250.33,250.17,250.17,-0.06,1080.92,269857.74,-1
2024-02-01,2024-02-01 11:50:00,250.17,250.17,250.0,250.0,-0.07,1080.92,269857.74,-1
2024-02-01,2024-02-01 12:00:00,250.0,250.0,249.83,249.83,-0.07,1080.92,269857.74,-1
2024-02-01,2024-02-01 12:10:00,249.83,249.83,249.67,249.67,-0.06,1080.92,269857.74,-1
2024-02-01,2024-02-01 12:20:00,249.67,249.67,249.5,249.5,-0.07,1080.92,269857.74,-1
2024-02-01,2024-02-01 12:30:00,249.5,249.5,249.33,249.33,-0.07,1080.92,269857.74,-1
2024-02-01,2024-02-01 12:40:00,249.33,249.33,249.17,249.17,-0.06,1080.92,269857.74,-1
2024-02-01,2024-02-01 12:50:00,249.17,249.17,249.0,249.0,-0.07,1080.92,269857.74,-1
2024-02-01,2024-02-01 13:00:00,249.0,255.0,246.0,248.83,-0.07,1080.92,269857.74,-1
2024-02-01,2024-02-01 13:10:00,248.83,248.83,248.67,248.67,-0.06,1080.92,269857.74,-1
2024-02-01,2024-02-01 13:20:00,248.67,248.67,248.5,248.5,-0.07,1080.92,269857.74,-1
2024-02-01,2024-02-01 13:30:00,248.5,248.5,248.33,248.33,-0.07,1080.92,269857.74,-1
2024-02-01,2024-02-01 13:40:00,248.33,248.33,248.17,248.17,-0.06,1080.92,269857.74,-1
2024-02-01,2024-02-01 13:50:00,248.17,248.17,248.0,248.0,-0.07,1080.92,269857.74,-1
2024-02-01,2024-02-01 14:00:00,248.0,248.0,247.83,247.83,-0.07,1080.92,269857.74,-1
2024-02-01,2024-02-01 14:10:00,247.83,247.83,247.67,247.67,-0.06,1080.92,269857.74,-1
2024-02-01,2024-02-01 14:20:00,247.67,247.67,247.5,247.5,-0.07,1080.92,269857.74,-1
2024-02-01,2024-02-01 14:30:00,247.5,247.5,247.33,247.33,-0.07,1080.92,269857.74,-1
2024-02-01,2024-02-01 14:40:00,247.33,247.33,247.17,247.17,-0.06,1080.92,269857.74,-1
2024-02-01,2024-02-01 14:50:00,247.17,247.17,247.0,247.0,-0.07,1080.92,269857.74,-1
2024-02-01,2024-02-01 15:00:00,247.0,255.0,246.0,247.0,0.0,1080.92,269857.74,0
2024-02-04,2024-02-04 11:00:00,243.0,246.03,242.88,243.25,0.1,629.28,157178.07,1
2024-02-04,2024-02-04 11:10:00,243.25,243.49,243.25,243.49,0.1,629.28,157178.07,1
2024-02-04,2024-02-04 11:20:00,243.49,243.74,243.49,243.74,0.1,629.28,157178.07,1
2024-02-04,2024-02-04 11:30:00,243.74,243.98,243.74,243.98,0.1,629.28,157178.07,1
2024-02-04,2024-02-04 11:40:00,243.98,244.23,243.98,244.23,0.1,629.28,157178.07,1
2024-02-04,2024-02-04 11:50:00,244.23,244.47,244.23,244.47,0.1,629.28,157178.07,1
2024-02-04,2024-02-04 12:00:00,244.47,244.72,244.47,244.72,0.1,629.28,157178.07,1
2024-02-04,2024-02-04 12:10:00,244.72,244.97,244.72,244.97,0.1,629.28,157178.07,1
2024-02-04,2024-02-04 12:20:00,244.97,245.21,244.97,245.21,0.1,629.28,157178.07,1
2024-02-04,2024-02-04 12:30:00,245.21,245.46,245.21,245.46,0.1,629.28,157178.07,1
2024-02-04,2024-02-04 12:40:00,245.46,245.7,245.46,245.7,0.1,629.28,157178.07,1
2024-02-04,2024-02-04 12:50:00,245.7,245.95,245.7,245.95,0.1,629.28,157178.07,1
2024-02-04,2024-02-04 13:00:00,245.95,253.1,242.6,246.2,0.1,629.28,157178.07,1
2024-02-04,2024-02-04 13:10:00,246.2,246.44,246.2,246.44,0.1,629.28,157178.07,1
2024-02-04,2024-02-04 13:20:00,246.44,246.69,246.44,246.69,0.1,629.28,157178.07,1
2024-02-04,2024-02-04 13:30:00,246.69,246.93,246.69,246.93,0.1,629.28,157178.07,1
2024-02-04,2024-02-04 13:40:00,246.93,247.18,246.93,247.18,0.1,629.28,157178.07,1
2024-02-04,2024-02-04 13:50:00,247.18,247.43,247.18,247.43,0.1,629.28,157178.07,1
2024-02-04,2024-02-04 14:00:00,247.43,247.67,247.43,247.67,0.1,629.28,157178.07,1
2024-02-04,2024-02-04 14:10:00,247.67,247.92,247.67,247.92,0.1,629.28,157178.07,1
2024-02-04,2024-02-04 14:20:00,247.92,248.16,247.92,248.16,0.1,629.28,157178.07,1
2024-02-04,2024-02-04 14:30:00,248.16,248.41,248.16,248.41,0.1,629.28,157178.07,1
2024-02-04,2024-02-04 14:40:00,248.41,248.65,248.41,248.65,0.1,629.28,157178.07,1
2024-02-04,2024-02-04 14:50:00,248.65,248.9,248.65,248.9,0.1,629.28,157178.07,1
2024-02-04,2024-02-04 15:00:00,248.9,253.1,242.6,248.9,0.0,629.28,157178.07,0
2024-02-05,2024-02-05 11:00:00,250.0,257.11,248.8,250.99,0.4,1154.4,297908.71,1
2024-02-05,2024-02-05 11:10:00,250.99,251.97,250.99,251.97,0.39,1154.4,297908.71,1
2024-02-05,2024-02-05 11:20:00,251.97,252.96,251.97,252.96,0.39,1154.4,297908.71,1
2024-02-05,2024-02-05 11:30:00,252.96,253.95,252.96,253.95,0.39,1154.4,297908.71,1
2024-02-05,2024-02-05 11:40:00,253.95,254.94,253.95,254.94,0.39,1154.4,297908.71,1
2024-02-05,2024-02-05 11:50:00,254.94,255.93,254.94,255.93,0.39,1154.4,297908.71,1
2024-02-05,2024-02-05 12:00:00,255.93,256.91,255.93,256.91,0.38,1154.4,297908.71,1
2024-02-05,2024-02-05 12:10:00,256.91,257.9,256.91,257.9,0.39,1154.4,297908.71,1
2024-02-05,2024-02-05 12:20:00,257.9,258.89,257.9,258.89,0.38,1154.4,297908.71,1
2024-02-05,2024-02-05 12:30:00,258.89,259.88,258.89,259.88,0.38,1154.4,297908.71,1
2024-02-05,2024-02-05 12:40:00,259.88,260.86,259.88,260.86,0.38,1154.4,297908.71,1
2024-02-05,2024-02-05 12:50:00,260.86,261.85,260.86,261.85,0.38,1154.4,297908.71,1
2024-02-05,2024-02-05 13:00:00,261.85,273.7,246.0,262.84,0.38,1154.4,297908.71,1
2024-02-05,2024-02-05 13:10:00,262.84,263.82,262.84,263.82,0.37,1154.4,297908.71,1
2024-02-05,2024-02-05 13:20:00,263.82,264.81,263.82,264.81,0.38,1154.4,297908.71,1
2024-02-05,2024-02-05 13:30:00,264.81,265.8,264.81,265.8,0.37,1154.4,297908.71,1
2024-02-05,2024-02-05 13:40:00,265.8,266.79,265.8,266.79,0.37,1154.4,297908.71,1
2024-02-05,2024-02-05 13:50:00,266.79,267.77,266.79,267.77,0.37,1154.4,297908.71,1
2024-02-05,2024-02-05 14:00:00,267.77,268.76,267.77,268.76,0.37,1154.4,297908.71,1
2024-02-05,2024-02-05 14:10:00,268.76,269.75,268.76,269.75,0.37,1154.4,297908.71,1
2024-02-05,2024-02-05 14:20:00,269.75,270.74,269.75,270.74,0.37,1154.4,297908.71,1
2024-02-05,2024-02-05 14:30:00,270.74,271.72,270.74,271.72,0.36,1154.4,297908.71,1
2024-02-05,2024-02-05 14:40:00,271.72,272.71,271.72,272.71,0.36,1154.4,297908.71,1
2024-02-05,2024-02-05 14:50:00,272.71,273.7,272.71,273.7,0.36,1154.4,297908.71,1
2024-02-05,2024-02-05 15:00:00,273.7,273.7,246.0,273.7,0.0,1154.4,297908.71,0
2024-02-06,2024-02-06 11:00:00,268.3,268.57,265.21,268.33,0.01,999.48,265842.48,1
2024-02-06,2024-02-06 11:10:00,268.33,268.36,268.33,268.36,0.01,999.48,265842.48,1
2024-02-06,2024-02-06 11:20:00,268.36,268.39,268.36,268.39,0.01,999.48,265842.48,1
2024-02-06,2024-02-06 11:30:00,268.39,268.42,268.39,268.42,0.01,999.48,265842.48,1
2024-02-06,2024-02-06 11:40:00,268.42,268.45,268.42,268.45,0.01,999.48,265842.48,1
2024-02-06,2024-02-06 11:50:00,268.45,268.48,268.45,268.48,0.01,999.48,265842.48,1
2024-02-06,2024-02-06 12:00:00,268.48,268.5,268.48,268.5,0.01,999.48,265842.48,1
2024-02-06,2024-02-06 12:10:00,268.5,268.53,268.5,268.53,0.01,999.48,265842.48,1
2024-02-06,2024-02-06 12:20:00,268.53,268.56,268.53,268.56,0.01,999.48,265842.48,1
2024-02-06,2024-02-06 12:30:00,268.56,268.59,268.56,268.59,0.01,999.48,265842.48,1
2024-02-06,2024-02-06 12:40:00,268.59,268.62,268.59,268.62,0.01,999.48,265842.48,1
2024-02-06,2024-02-06 12:50:00,268.62,268.65,268.62,268.65,0.01,999.48,265842.48,1
2024-02-06,2024-02-06 13:00:00,268.65,269.2,258.0,268.68,0.01,999.48,265842.48,1
2024-02-06,2024-02-06 13:10:00,268.68,268.71,268.68,268.71,0.01,999.48,265842.48,1
2024-02-06,2024-02-06 13:20:00,268.71,268.74,268.71,268.74,0.01,999.48,265842.48,1
2024-02-06,2024-02-06 13:30:00,268.74,268.77,268.74,268.77,0.01,999.48,265842.48,1
2024-02-06,2024-02-06 13:40:00,268.77,268.8,268.77,268.8,0.01,999.48,265842.48,1
2024-02-06,2024-02-06 13:50:00,268.8,268.82,268.8,268.82,0.01,999.48,265842.48,1
2024-02-06,2024-02-06 14:00:00,268.82,268.85,268.82,268.85,0.01,999.48,265842.48,1
2024-02-06,2024-02-06 14:10:00,268.85,268.88,268.85,268.88,0.01,999.48,265842.48,1
2024-02-06,2024-02-06 14:20:00,268.88,268.91,268.88,268.91,0.01,999.48,265842.48,1
2024-02-06,2024-02-06 14:30:00,268.91,268.94,268.91,268.94,0.01,999.48,265842.48,1
2024-02-06,2024-02-06 14:40:00,268.94,268.97,268.94,268.97,0.01,999.48,265842.48,1
2024-02-06,2024-02-06 14:50:00,268.97,269.0,268.97,269.0,0.01,999.48,265842.48,1
2024-02-06,2024-02-06 15:00:00,269.0,269.2,258.0,269.0,0.0,999.48,265842.48,0
2024-02-07,2024-02-07 11:00:00,264.0,266.7,264.0,264.25,0.09,1306.44,350690.17,1
2024-02-07,2024-02-07 11:10:00,264.25,264.49,264.25,264.49,0.09,1306.44,350690.17,1
2024-02-07,2024-02-07 11:20:00,264.49,264.74,264.49,264.74,0.09,1306.44,350690.17,1
2024-02-07,2024-02-07 11:30:00,264.74,264.98,264.74,264.98,0.09,1306.44,350690.17,1
2024-02-07,2024-02-07 11:40:00,264.98,265.23,264.98,265.23,0.09,1306.44,350690.17,1
2024-02-07,2024-02-07 11:50:00,265.23,265.48,265.23,265.48,0.09,1306.44,350690.17,1
2024-02-07,2024-02-07 12:00:00,265.48,265.72,265.48,265.72,0.09,1306.44,350690.17,1
2024-02-07,2024-02-07 12:10:00,265.72,265.97,265.72,265.97,0.09,1306.44,350690.17,1
2024-02-07,2024-02-07 12:20:00,265.97,266.21,265.97,266.21,0.09,1306.44,350690.17,1
2024-02-07,2024-02-07 12:30:00,266.21,266.46,266.21,266.46,0.09,1306.44,350690.17,1
2024-02-07,2024-02-07 12:40:00,266.46,266.7,266.46,266.7,0.09,1306.44,350690.17,1
2024-02-07,2024-02-07 12:50:00,266.7,266.95,266.7,266.95,0.09,1306.44,350690.17,1
2024-02-07,2024-02-07 13:00:00,266.95,273.0,264.0,267.2,0.09,1306.44,350690.17,1
2024-02-07,2024-02-07 13:10:00,267.2,267.44,267.2,267.44,0.09,1306.44,350690.17,1
2024-02-07,2024-02-07 13:20:00,267.44,267.69,267.44,267.69,0.09,1306.44,350690.17,1
2024-02-07,2024-02-07 13:30:00,267.69,267.93,267.69,267.93,0.09,1306.44,350690.17,1
2024-02-07,2024-02-07 13:40:00,267.93,268.18,267.93,268.18,0.09,1306.44,350690.17,1
2024-02-07,2024-02-07 13:50:00,268.18,268.42,268.18,268.42,0.09,1306.44,350690.17,1
2024-02-07,2024-02-07 14:00:00,268.42,268.67,268.42,268.67,0.09,1306.44,350690.17,1
2024-02-07,2024-02-07 14:10:00,268.67,268.92,268.67,268.92,0.09,1306.44,350690.17,1
2024-02-07,2024-02-07 14:20:00,268.92,269.16,268.92,269.16,0.09,1306.44,350690.17,1
2024-02-07,2024-02-07 14:30:00,269.16,269.41,269.16,269.41,0.09,1306.44,350690.17,1
2024-02-07,2024-02-07 14:40:00,269.41,269.65,269.41,269.65,0.09,1306.44,350690.17,1
2024-02-07,2024-02-07 14:50:00,269.65,269.9,269.65,269.9,0.09,1306.44,350690.17,1
2024-02-07,2024-02-07 15:00:00,269.9,273.0,264.0,269.9,0.0,1306.44,350690.17,0
2024-02-08,2024-02-08 11:00:00,274.9,275.68,272.71,274.86,-0.01,2122.0,582070.38,-1
2024-02-08,2024-02-08 11:10:00,274.86,274.86,274.82,274.82,-0.01,2122.0,582070.38,-1
2024-02-08,2024-02-08 11:20:00,274.82,274.82,274.79,274.79,-0.01,2122.0,582070.38,-1
2024-02-08,2024-02-08 11:30:00,274.79,274.79,274.75,274.75,-0.01,2122.0,582070.38,-1
2024-02-08,2024-02-08 11:40:00,274.75,274.75,274.71,274.71,-0.01,2122.0,582070.38,-1
2024-02-08,2024-02-08 11:50:00,274.71,274.71,274.67,274.67,-0.01,2122.0,582070.38,-1
2024-02-08,2024-02-08 12:00:00,274.67,274.67,274.64,274.64,-0.01,2122.0,582070.38,-1
2024-02-08,2024-02-08 12:10:00,274.64,274.64,274.6,274.6,-0.01,2122.0,582070.38,-1
2024-02-08,2024-02-08 12:20:00,274.6,274.6,274.56,274.56,-0.01,2122.0,582070.38,-1
2024-02-08,2024-02-08 12:30:00,274.56,274.56,274.52,274.52,-0.01,2122.0,582070.38,-1
2024-02-08,2024-02-08 12:40:00,274.52,274.52,274.49,274.49,-0.01,2122.0,582070.38,-1
2024-02-08,2024-02-08 12:50:00,274.49,274.49,274.45,274.45,-0.01,2122.0,582070.38,-1
2024-02-08,2024-02-08 13:00:00,274.45,277.5,267.6,274.41,-0.01,2122.0,582070.38,-1
2024-02-08,2024-02-08 13:10:00,274.41,274.41,274.38,274.38,-0.01,2122.0,582070.38,-1
2024-02-08,2024-02-08 13:20:00,274.38,274.38,274.34,274.34,-0.01,2122.0,582070.38,-1
2024-02-08,2024-02-08 13:30:00,274.34,274.34,274.3,274.3,-0.01,2122.0,582070.38,-1
2024-02-08,2024-02-08 13:40:00,274.3,274.3,274.26,274.26,-0.01,2122.0,582070.38,-1
2024-02-08,2024-02-08 13:50:00,274.26,274.26,274.23,274.23,-0.01,2122.0,582070.38,-1
2024-02-08,2024-02-08 14:00:00,274.23,274.23,274.19,274.19,-0.01,2122.0,582070.38,-1
2024-02-08,2024-02-08 14:10:00,274.19,274.19,274.15,274.15,-0.01,2122.0,582070.38,-1
2024-02-08,2024-02-08 14:20:00,274.15,274.15,274.11,274.11,-0.01,2122.0,582070.38,-1
2024-02-08,2024-02-08 14:30:00,274.11,274.11,274.07,274.07,-0.01,2122.0,582070.38,-1
2024-02-08,2024-02-08 14:40:00,274.07,274.07,274.04,274.04,-0.01,2122.0,582070.38,-1
2024-02-08,2024-02-08 14:50:00,274.04,274.04,274.0,274.0,-0.01,2122.0,582070.38,-1
2024-02-08,2024-02-08 15:00:00,274.0,277.5,267.6,274.0,0.0,2122.0,582070.38,0
2024-02-11,2024-02-11 11:00:00,269.0,273.2,269.0,269.23,0.09,1787.0,496404.58,1
2024-02-11,2024-02-11 11:10:00,269.23,269.46,269.23,269.46,0.09,1787.0,496404.58,1
2024-02-11,2024-02-11 11:20:00,269.46,269.69,269.46,269.69,0.09,1787.0,496404.58,1
2024-02-11,2024-02-11 11:30:00,269.69,269.92,269.69,269.92,0.09,1787.0,496404.58,1
2024-02-11,2024-02-11 11:40:00,269.92,270.15,269.92,270.15,0.09,1787.0,496404.58,1
2024-02-11,2024-02-11 11:50:00,270.15,270.38,270.15,270.38,0.09,1787.0,496404.58,1
2024-02-11,2024-02-11 12:00:00,270.38,270.6,270.38,270.6,0.08,1787.0,496404.58,1
2024-02-11,2024-02-11 12:10:00,270.6,270.83,270.6,270.83,0.08,1787.0,496404.58,1
2024-02-11,2024-02-11 12:20:00,270.83,271.06,270.83,271.06,0.08,1787.0,496404.58,1
2024-02-11,2024-02-11 12:30:00,271.06,271.29,271.06,271.29,0.08,1787.0,496404.58,1
2024-02-11,2024-02-11 12:40:00,271.29,271.52,271.29,271.52,0.08,1787.0,496404.58,1
2024-02-11,2024-02-11 12:50:00,271.52,271.75,271.52,271.75,0.08,1787.0,496404.58,1
2024-02-11,2024-02-11 13:00:00,271.75,283.0,269.0,271.98,0.08,1787.0,496404.58,1
2024-02-11,2024-02-11 13:10:00,271.98,272.21,271.98,272.21,0.08,1787.0,496404.58,1
2024-02-11,2024-02-11 13:20:00,272.21,272.44,272.21,272.44,0.08,1787.0,496404.58,1
2024-02-11,2024-02-11 13:30:00,272.44,272.67,272.44,272.67,0.08,1787.0,496404.58,1
2024-02-11,2024-02-11 13:40:00,272.67,272.9,272.67,272.9,0.08,1787.0,496404.58,1
2024-02-11,2024-02-11 13:50:00,272.9,273.12,272.9,273.12,0.08,1787.0,496404.58,1
2024-02-11,2024-02-11 14:00:00,273.12,273.35,273.12,273.35,0.08,1787.0,496404.58,1
2024-02-11,2024-02-11 14:10:00,273.35,273.58,273.35,273.58,0.08,1787.0,496404.58,1
2024-02-11,2024-02-11 14:20:00,273.58,273.81,273.58,273.81,0.08,1787.0,496404.58,1
2024-02-11,2024-02-11 14:30:00,273.81,274.04,273.81,274.04,0.08,1787.0,496404.58,1
2024-02-11,2024-02-11 14:40:00,274.04,274.27,274.04,274.27,0.08,1787.0,496404.58,1
2024-02-11,2024-02-11 14:50:00,274.27,274.5,274.27,274.5,0.08,1787.0,496404.58,1
2024-02-11,2024-02-11 15:00:00,274.5,283.0,269.0,274.5,0.0,1787.0,496404.58,0
2024-02-12,2024-02-12 11:00:00,279.4,286.15,276.58,280.26,0.31,5961.16,1693842.98,1
2024-02-12,2024-02-12 11:10:00,280.26,281.12,280.26,281.12,0.31,5961.16,1693842.98,1
2024-02-12,2024-02-12 11:20:00,281.12,281.97,281.12,281.97,0.3,5961.16,1693842.98,1
2024-02-12,2024-02-12 11:30:00,281.97,282.83,281.97,282.83,0.3,5961.16,1693842.98,1
2024-02-12,2024-02-12 11:40:00,282.83,283.69,282.83,283.69,0.3,5961.16,1693842.98,1
2024-02-12,2024-02-12 11:50:00,283.69,284.55,283.69,284.55,0.3,5961.16,1693842.98,1
2024-02-12,2024-02-12 12:00:00,284.55,285.41,284.55,285.41,0.3,5961.16,1693842.98,1
2024-02-12,2024-02-12 12:10:00,285.41,286.27,285.41,286.27,0.3,5961.16,1693842.98,1
2024-02-12,2024-02-12 12:20:00,286.27,287.12,286.27,287.12,0.3,5961.16,1693842.98,1
2024-02-12,2024-02-12 12:30:00,287.12,287.98,287.12,287.98,0.3,5961.16,1693842.98,1
2024-02-12,2024-02-12 12:40:00,287.98,288.84,287.98,288.84,0.3,5961.16,1693842.98,1
2024-02-12,2024-02-12 12:50:00,288.84,289.7,288.84,289.7,0.3,5961.16,1693842.98,1
2024-02-12,2024-02-12 13:00:00,289.7,301.9,270.0,290.56,0.3,5961.16,1693842.98,1
2024-02-12,2024-02-12 13:10:00,290.56,291.42,290.56,291.42,0.3,5961.16,1693842.98,1
2024-02-12,2024-02-12 13:20:00,291.42,292.27,291.42,292.27,0.29,5961.16,1693842.98,1
2024-02-12,2024-02-12 13:30:00,292.27,293.13,292.27,293.13,0.29,5961.16,1693842.98,1
2024-02-12,2024-02-12 13:40:00,293.13,293.99,293.13,293.99,0.29,5961.16,1693842.98,1
2024-02-12,2024-02-12 13:50:00,293.99,294.85,293.99,294.85,0.29,5961.16,1693842.98,1
2024-02-12,2024-02-12 14:00:00,294.85,295.71,294.85,295.71,0.29,5961.16,1693842.98,1
2024-02-12,2024-02-12 14:10:00,295.71,296.57,295.71,296.57,0.29,5961.16,1693842.98,1
2024-02-12,2024-02-12 14:20:00,296.57,297.43,296.57,297.43,0.29,5961.16,1693842.98,1
2024-02-12,2024-02-12 14:30:00,297.43,298.28,297.43,298.28,0.29,5961.16,1693842.98,1
2024-02-12,2024-02-12 14:40:00,298.28,299.14,298.28,299.14,0.29,5961.16,1693842.98,1
2024-02-12,2024-02-12 14:50:00,299.14,300.0,299.14,300.0,0.29,5961.16,1693842.98,1
2024-02-12,2024-02-12 15:00:00,300.0,301.9,270.0,300.0,0.0,5961.16,1693842.98,0
2024-02-13,2024-02-13 11:00:00,300.0,307.5,297.03,301.04,0.35,11108.16,3464148.88,1
2024-02-13,2024-02-13 11:10:00,301.04,302.07,301.04,302.07,0.34,11108.16,3464148.88,1
2024-02-13,2024-02-13 11:20:00,302.07,303.11,302.07,303.11,0.34,11108.16,3464148.88,1
2024-02-13,2024-02-13 11:30:00,303.11,304.15,303.11,304.15,0.34,11108.16,3464148.88,1
2024-02-13,2024-02-13 11:40:00,304.15,305.19,304.15,305.19,0.34,11108.16,3464148.88,1
2024-02-13,2024-02-13 11:50:00,305.19,306.23,305.19,306.23,0.34,11108.16,3464148.88,1
2024-02-13,2024-02-13 12:00:00,306.23,307.26,306.23,307.26,0.34,11108.16,3464148.88,1
2024-02-13,2024-02-13 12:10:00,307.26,308.3,307.26,308.3,0.34,11108.16,3464148.88,1
2024-02-13,2024-02-13 12:20:00,308.3,309.34,308.3,309.34,0.34,11108.16,3464148.88,1
2024-02-13,2024-02-13 12:30:00,309.34,310.38,309.34,310.38,0.34,11108.16,3464148.88,1
2024-02-13,2024-02-13 12:40:00,310.38,311.41,310.38,311.41,0.33,11108.16,3464148.88,1
2024-02-13,2024-02-13 12:50:00,311.41,312.45,311.41,312.45,0.33,11108.16,3464148.88,1
2024-02-13,2024-02-13 13:00:00,312.45,325.0,290.1,313.49,0.33,11108.16,3464148.88,1
2024-02-13,2024-02-13 13:10:00,313.49,314.52,313.49,314.52,0.33,11108.16,3464148.88,1
2024-02-13,2024-02-13 13:20:00,314.52,315.56,314.52,315.56,0.33,11108.16,3464148.88,1
2024-02-13,2024-02-13 13:30:00,315.56,316.6,315.56,316.6,0.33,11108.16,3464148.88,1
2024-02-13,2024-02-13 13:40:00,316.6,317.64,316.6,317.64,0.33,11108.16,3464148.88,1
2024-02-13,2024-02-13 13:50:00,317.64,318.67,317.64,318.67,0.32,11108.16,3464148.88,1
2024-02-13,2024-02-13 14:00:00,318.67,319.71,318.67,319.71,0.33,11108.16,3464148.88,1
2024-02-13,2024-02-13 14:10:00,319.71,320.75,319.71,320.75,0.33,11108.16,3464148.88,1
2024-02-13,2024-02-13 14:20:00,320.75,321.79,320.75,321.79,0.32,11108.16,3464148.88,1
2024-02-13,2024-02-13 14:30:00,321.79,322.82,321.79,322.82,0.32,11108.16,3464148.88,1
2024-02-13,2024-02-13 14:40:00,322.82,323.86,322.82,323.86,0.32,11108.16,3464148.88,1
2024-02-13,2024-02-13 14:50:00,323.86,324.9,323.86,324.9,0.32,11108.16,3464148.88,1
2024-02-13,2024-02-13 15:00:00,324.9,325.0,290.1,324.9,0.0,11108.16,3464148.88,0
2024-02-14,2024-02-14 11:00:00,324.0,333.99,322.8,325.39,0.43,12662.2,4378072.9,1
2024-02-14,2024-02-14 11:10:00,325.39,326.77,325.39,326.77,0.42,12662.2,4378072.9,1
2024-02-14,2024-02-14 11:20:00,326.77,328.16,326.77,328.16,0.43,12662.2,4378072.9,1
2024-02-14,2024-02-14 11:30:00,328.16,329.55,328.16,329.55,0.42,12662.2,4378072.9,1
2024-02-14,2024-02-14 11:40:00,329.55,330.94,329.55,330.94,0.42,12662.2,4378072.9,1
2024-02-14,2024-02-14 11:50:00,330.94,332.32,330.94,332.32,0.42,12662.2,4378072.9,1
2024-02-14,2024-02-14 12:00:00,332.32,333.71,332.32,333.71,0.42,12662.2,4378072.9,1
2024-02-14,2024-02-14 12:10:00,333.71,335.1,333.71,335.1,0.42,12662.2,4378072.9,1
2024-02-14,2024-02-14 12:20:00,335.1,336.49,335.1,336.49,0.41,12662.2,4378072.9,1
2024-02-14,2024-02-14 12:30:00,336.49,337.88,336.49,337.88,0.41,12662.2,4378072.9,1
2024-02-14,2024-02-14 12:40:00,337.88,339.26,337.88,339.26,0.41,12662.2,4378072.9,1
2024-02-14,2024-02-14 12:50:00,339.26,340.65,339.26,340.65,0.41,12662.2,4378072.9,1
2024-02-14,2024-02-14 13:00:00,340.65,357.3,320.0,342.04,0.41,12662.2,4378072.9,1
2024-02-14,2024-02-14 13:10:00,342.04,343.43,342.04,343.43,0.41,12662.2,4378072.9,1
2024-02-14,2024-02-14 13:20:00,343.43,344.81,343.43,344.81,0.4,12662.2,4378072.9,1
2024-02-14,2024-02-14 13:30:00,344.81,346.2,344.81,346.2,0.4,12662.2,4378072.9,1
2024-02-14,2024-02-14 13:40:00,346.2,347.59,346.2,347.59,0.4,12662.2,4378072.9,1
2024-02-14,2024-02-14 13:50:00,347.59,348.98,347.59,348.98,0.4,12662.2,4378072.9,1
2024-02-14,2024-02-14 14:00:00,348.98,350.36,348.98,350.36,0.4,12662.2,4378072.9,1
2024-02-14,2024-02-14 14:10:00,350.36,351.75,350.36,351.75,0.4,12662.2,4378072.9,1
2024-02-14,2024-02-14 14:20:00,351.75,353.14,351.75,353.14,0.4,12662.2,4378072.9,1
2024-02-14,2024-02-14 14:30:00,353.14,354.53,353.14,354.53,0.39,12662.2,4378072.9,1
2024-02-14,2024-02-14 14:40:00,354.53,355.91,354.53,355.91,0.39,12662.2,4378072.9,1
2024-02-14,2024-02-14 14:50:00,355.91,357.3,355.91,357.3,0.39,12662.2,4378072.9,1
2024-02-14,2024-02-14 15:00:00,357.3,357.3,320.0,357.3,0.0,12662.2,4378072.9,0
2024-02-15,2024-02-15 11:00:00,364.4,371.36,364.4,365.22,0.23,11295.96,4302331.34,1
2024-02-15,2024-02-15 11:10:00,365.22,366.03,365.22,366.03,0.22,11295.96,4302331.34,1
2024-02-15,2024-02-15 11:20:00,366.03,366.85,366.03,366.85,0.22,11295.96,4302331.34,1
2024-02-15,2024-02-15 11:30:00,366.85,367.67,366.85,367.67,0.22,11295.96,4302331.34,1
2024-02-15,2024-02-15 11:40:00,367.67,368.48,367.67,368.48,0.22,11295.96,4302331.34,1
2024-02-15,2024-02-15 11:50:00,368.48,369.3,368.48,369.3,0.22,11295.96,4302331.34,1
2024-02-15,2024-02-15 12:00:00,369.3,370.12,369.3,370.12,0.22,11295.96,4302331.34,1
2024-02-15,2024-02-15 12:10:00,370.12,370.93,370.12,370.93,0.22,11295.96,4302331.34,1
2024-02-15,2024-02-15 12:20:00,370.93,371.75,370.93,371.75,0.22,11295.96,4302331.34,1
2024-02-15,2024-02-15 12:30:00,371.75,372.57,371.75,372.57,0.22,11295.96,4302331.34,1
2024-02-15,2024-02-15 12:40:00,372.57,373.38,372.57,373.38,0.22,11295.96,4302331.34,1
2024-02-15,2024-02-15 12:50:00,373.38,374.2,373.38,374.2,0.22,11295.96,4302331.34,1
2024-02-15,2024-02-15 13:00:00,374.2,387.6,364.4,375.02,0.22,11295.96,4302331.34,1
2024-02-15,2024-02-15 13:10:00,375.02,375.83,375.02,375.83,0.22,11295.96,4302331.34,1
2024-02-15,2024-02-15 13:20:00,375.83,376.65,375.83,376.65,0.22,11295.96,4302331.34,1
2024-02-15,2024-02-15 13:30:00,376.65,377.47,376.65,377.47,0.22,11295.96,4302331.34,1
2024-02-15,2024-02-15 13:40:00,377.47,378.28,377.47,378.28,0.21,11295.96,4302331.34,1
2024-02-15,2024-02-15 13:50:00,378.28,379.1,378.28,379.1,0.22,11295.96,4302331.34,1
2024-02-15,2024-02-15 14:00:00,379.1,379.92,379.1,379.92,0.22,11295.96,4302331.34,1
2024-02-15,2024-02-15 14:10:00,379.92,380.73,379.92,380.73,0.21,11295.96,4302331.34,1
2024-02-15,2024-02-15 14:20:00,380.73,381.55,380.73,381.55,0.22,11295.96,4302331.34,1
2024-02-15,2024-02-15 14:30:00,381.55,382.37,381.55,382.37,0.21,11295.96,4302331.34,1
2024-02-15,2024-02-15 14:40:00,382.37,383.18,382.37,383.18,0.21,11295.96,4302331.34,1
2024-02-15,2024-02-15 14:50:00,383.18,384.0,383.18,384.0,0.21,11295.96,4302331.34,1
2024-02-15,2024-02-15 15:00:00,384.0,387.6,364.4,384.0,0.0,11295.96,4302331.34,0
2024-02-18,2024-02-18 11:00:00,391.6,394.27,382.42,390.45,-0.29,10996.28,4056007.7,-1
2024-02-18,2024-02-18 11:10:00,390.45,390.45,389.3,389.3,-0.29,10996.28,4056007.7,-1
2024-02-18,2024-02-18 11:20:00,389.3,389.3,388.15,388.15,-0.3,10996.28,4056007.7,-1
2024-02-18,2024-02-18 11:30:00,388.15,388.15,387.0,387.0,-0.3,10996.28,4056007.7,-1
2024-02-18,2024-02-18 11:40:00,387.0,387.0,385.85,385.85,-0.3,10996.28,4056007.7,-1
2024-02-18,2024-02-18 11:50:00,385.85,385.85,384.7,384.7,-0.3,10996.28,4056007.7,-1
2024-02-18,2024-02-18 12:00:00,384.7,384.7,383.55,383.55,-0.3,10996.28,4056007.7,-1
2024-02-18,2024-02-18 12:10:00,383.55,383.55,382.4,382.4,-0.3,10996.28,4056007.7,-1
2024-02-18,2024-02-18 12:20:00,382.4,382.4,381.25,381.25,-0.3,10996.28,4056007.7,-1
2024-02-18,2024-02-18 12:30:00,381.25,381.25,380.1,380.1,-0.3,10996.28,4056007.7,-1
2024-02-18,2024-02-18 12:40:00,380.1,380.1,378.95,378.95,-0.3,10996.28,4056007.7,-1
2024-02-18,2024-02-18 12:50:00,378.95,378.95,377.8,377.8,-0.3,10996.28,4056007.7,-1
2024-02-18,2024-02-18 13:00:00,377.8,400.5,361.0,376.65,-0.3,10996.28,4056007.7,-1
2024-02-18,2024-02-18 13:10:00,376.65,376.65,375.5,375.5,-0.31,10996.28,4056007.7,-1
2024-02-18,2024-02-18 13:20:00,375.5,375.5,374.35,374.35,-0.31,10996.28,4056007.7,-1
2024-02-18,2024-02-18 13:30:00,374.35,374.35,373.2,373.2,-0.31,10996.28,4056007.7,-1
2024-02-18,2024-02-18 13:40:00,373.2,373.2,372.05,372.05,-0.31,10996.28,4056007.7,-1
2024-02-18,2024-02-18 13:50:00,372.05,372.05,370.9,370.9,-0.31,10996.28,4056007.7,-1
2024-02-18,2024-02-18 14:00:00,370.9,370.9,369.75,369.75,-0.31,10996.28,4056007.7,-1
2024-02-18,2024-02-18 14:10:00,369.75,369.75,368.6,368.6,-0.31,10996.28,4056007.7,-1
2024-02-18,2024-02-18 14:20:00,368.6,368.6,367.45,367.45,-0.31,10996.28,4056007.7,-1
2024-02-18,2024-02-18 14:30:00,367.45,367.45,366.3,366.3,-0.31,10996.28,4056007.7,-1
2024-02-18,2024-02-18 14:40:00,366.3,366.3,365.15,365.15,-0.31,10996.28,4056007.7,-1
2024-02-18,2024-02-18 14:50:00,365.15,365.15,364.0,364.0,-0.31,10996.28,4056007.7,-1
2024-02-18,2024-02-18 15:00:00,364.0,400.5,361.0,364.0,0.0,10996.28,4056007.7,0
2024-02-20,2024-02-20 11:00:00,371.2,371.2,364.69,370.86,-0.09,9108.72,3283095.02,-1
2024-02-20,2024-02-20 11:10:00,370.86,370.86,370.52,370.52,-0.09,9108.72,3283095.02,-1
2024-02-20,2024-02-20 11:20:00,370.52,370.52,370.18,370.18,-0.09,9108.72,3283095.02,-1
2024-02-20,2024-02-20 11:30:00,370.18,370.18,369.83,369.83,-0.09,9108.72,3283095.02,-1
2024-02-20,2024-02-20 11:40:00,369.83,369.83,369.49,369.49,-0.09,9108.72,3283095.02,-1
2024-02-20,2024-02-20 11:50:00,369.49,369.49,369.15,369.15,-0.09,9108.72,3283095.02,-1
2024-02-20,2024-02-20 12:00:00,369.15,369.15,368.81,368.81,-0.09,9108.72,3283095.02,-1
2024-02-20,2024-02-20 12:10:00,368.81,368.81,368.47,368.47,-0.09,9108.72,3283095.02,-1
2024-02-20,2024-02-20 12:20:00,368.47,368.47,368.12,368.12,-0.09,9108.72,3283095.02,-1
2024-02-20,2024-02-20 12:30:00,368.12,368.12,367.78,367.78,-0.09,9108.72,3283095.02,-1
2024-02-20,2024-02-20 12:40:00,367.78,367.78,367.44,367.44,-0.09,9108.72,3283095.02,-1
2024-02-20,2024-02-20 12:50:00,367.44,367.44,367.1,367.1,-0.09,9108.72,3283095.02,-1
2024-02-20,2024-02-20 13:00:00,367.1,371.2,349.5,366.76,-0.09,9108.72,3283095.02,-1
2024-02-20,2024-02-20 13:10:00,366.76,366.76,366.42,366.42,-0.09,9108.72,3283095.02,-1
2024-02-20,2024-02-20 13:20:00,366.42,366.42,366.07,366.07,-0.1,9108.72,3283095.02,-1
2024-02-20,2024-02-20 13:30:00,366.07,366.07,365.73,365.73,-0.09,9108.72,3283095.02,-1
2024-02-20,2024-02-20 13:40:00,365.73,365.73,365.39,365.39,-0.09,9108.72,3283095.02,-1
2024-02-20,2024-02-20 13:50:00,365.39,365.39,365.05,365.05,-0.09,9108.72,3283095.02,-1
2024-02-20,2024-02-20 14:00:00,365.05,365.05,364.71,364.71,-0.09,9108.72,3283095.02,-1
2024-02-20,2024-02-20 14:10:00,364.71,364.71,364.37,364.37,-0.09,9108.72,3283095.02,-1
2024-02-20,2024-02-20 14:20:00,364.37,364.37,364.02,364.02,-0.1,9108.72,3283095.02,-1
2024-02-20,2024-02-20 14:30:00,364.02,364.02,363.68,363.68,-0.09,9108.72,3283095.02,-1
2024-02-20,2024-02-20 14:40:00,363.68,363.68,363.34,363.34,-0.09,9108.72,3283095.02,-1
2024-02-20,2024-02-20 14:50:00,363.34,363.34,363.0,363.0,-0.09,9108.72,3283095.02,-1
2024-02-20,2024-02-20 15:00:00,363.0,371.2,349.5,363.0,0.0,9108.72,3283095.02,0
2024-02-21,2024-02-21 11:00:00,355.8,364.53,355.8,356.6,0.22,5410.64,2008873.47,1
2024-02-21,2024-02-21 11:10:00,356.6,357.4,356.6,357.4,0.22,5410.64,2008873.47,1
2024-02-21,2024-02-21 11:20:00,357.4,358.2,357.4,358.2,0.22,5410.64,2008873.47,1
2024-02-21,2024-02-21 11:30:00,358.2,359.0,358.2,359.0,0.22,5410.64,2008873.47,1
2024-02-21,2024-02-21 11:40:00,359.0,359.8,359.0,359.8,0.22,5410.64,2008873.47,1
2024-02-21,2024-02-21 11:50:00,359.8,360.6,359.8,360.6,0.22,5410.64,2008873.47,1
2024-02-21,2024-02-21 12:00:00,360.6,361.4,360.6,361.4,0.22,5410.64,2008873.47,1
2024-02-21,2024-02-21 12:10:00,361.4,362.2,361.4,362.2,0.22,5410.64,2008873.47,1
2024-02-21,2024-02-21 12:20:00,362.2,363.0,362.2,363.0,0.22,5410.64,2008873.47,1
2024-02-21,2024-02-21 12:30:00,363.0,363.8,363.0,363.8,0.22,5410.64,2008873.47,1
2024-02-21,2024-02-21 12:40:00,363.8,364.6,363.8,364.6,0.22,5410.64,2008873.47,1
2024-02-21,2024-02-21 12:50:00,364.6,365.4,364.6,365.4,0.22,5410.64,2008873.47,1
2024-02-21,2024-02-21 13:00:00,365.4,384.9,355.8,366.2,0.22,5410.64,2008873.47,1
2024-02-21,2024-02-21 13:10:00,366.2,367.0,366.2,367.0,0.22,5410.64,2008873.47,1
2024-02-21,2024-02-21 13:20:00,367.0,367.8,367.0,367.8,0.22,5410.64,2008873.47,1
2024-02-21,2024-02-21 13:30:00,367.8,368.6,367.8,368.6,0.22,5410.64,2008873.47,1
2024-02-21,2024-02-21 13:40:00,368.6,369.4,368.6,369.4,0.22,5410.64,2008873.47,1
2024-02-21,2024-02-21 13:50:00,369.4,370.2,369.4,370.2,0.22,5410.64,2008873.47,1
2024-02-21,2024-02-21 14:00:00,370.2,371.0,370.2,371.0,0.22,5410.64,2008873.47,1
2024-02-21,2024-02-21 14:10:00,371.0,371.8,371.0,371.8,0.22,5410.64,2008873.47,1
2024-02-21,2024-02-21 14:20:00,371.8,372.6,371.8,372.6,0.22,5410.64,2008873.47,1
2024-02-21,2024-02-21 14:30:00,372.6,373.4,372.6,373.4,0.21,5410.64,2008873.47,1
2024-02-21,2024-02-21 14:40:00,373.4,374.2,373.4,374.2,0.21,5410.64,2008873.47,1
2024-02-21,2024-02-21 14:50:00,374.2,375.0,374.2,375.0,0.21,5410.64,2008873.47,1
2024-02-21,2024-02-21 15:00:00,375.0,384.9,355.8,375.0,0.0,5410.64,2008873.47,0
2024-02-22,2024-02-22 11:00:00,375.0,386.1,372.9,376.54,0.41,9227.76,3573926.47,1
2024-02-22,2024-02-22 11:10:00,376.54,378.08,376.54,378.08,0.41,9227.76,3573926.47,1
2024-02-22,2024-02-22 11:20:00,378.08,379.62,378.08,379.62,0.41,9227.76,3573926.47,1
2024-02-22,2024-02-22 11:30:00,379.62,381.17,379.62,381.17,0.41,9227.76,3573926.47,1
2024-02-22,2024-02-22 11:40:00,381.17,382.71,381.17,382.71,0.4,9227.76,3573926.47,1
2024-02-22,2024-02-22 11:50:00,382.71,384.25,382.71,384.25,0.4,9227.76,3573926.47,1
2024-02-22,2024-02-22 12:00:00,384.25,385.79,384.25,385.79,0.4,9227.76,3573926.47,1
2024-02-22,2024-02-22 12:10:00,385.79,387.33,385.79,387.33,0.4,9227.76,3573926.47,1
2024-02-22,2024-02-22 12:20:00,387.33,388.88,387.33,388.88,0.4,9227.76,3573926.47,1
2024-02-22,2024-02-22 12:30:00,388.88,390.42,388.88,390.42,0.4,9227.76,3573926.47,1
2024-02-22,2024-02-22 12:40:00,390.42,391.96,390.42,391.96,0.39,9227.76,3573926.47,1
2024-02-22,2024-02-22 12:50:00,391.96,393.5,391.96,393.5,0.39,9227.76,3573926.47,1
2024-02-22,2024-02-22 13:00:00,393.5,412.0,368.0,395.04,0.39,9227.76,3573926.47,1
2024-02-22,2024-02-22 13:10:00,395.04,396.58,395.04,396.58,0.39,9227.76,3573926.47,1
2024-02-22,2024-02-22 13:20:00,396.58,398.12,396.58,398.12,0.39,9227.76,3573926.47,1
2024-02-22,2024-02-22 13:30:00,398.12,399.67,398.12,399.67,0.39,9227.76,3573926.47,1
2024-02-22,2024-02-22 13:40:00,399.67,401.21,399.67,401.21,0.39,9227.76,3573926.47,1
2024-02-22,2024-02-22 13:50:00,401.21,402.75,401.21,402.75,0.38,9227.76,3573926.47,1
2024-02-22,2024-02-22 14:00:00,402.75,404.29,402.75,404.29,0.38,9227.76,3573926.47,1
2024-02-22,2024-02-22 14:10:00,404.29,405.83,404.29,405.83,0.38,9227.76,3573926.47,1
2024-02-22,2024-02-22 14:20:00,405.83,407.38,405.83,407.38,0.38,9227.76,3573926.47,1
2024-02-22,2024-02-22 14:30:00,407.38,408.92,407.38,408.92,0.38,9227.76,3573926.47,1
2024-02-22,2024-02-22 14:40:00,408.92,410.46,408.92,410.46,0.38,9227.76,3573926.47,1
2024-02-22,2024-02-22 14:50:00,410.46,412.0,410.46,412.0,0.38,9227.76,3573926.47,1
2024-02-22,2024-02-22 15:00:00,412.0,412.0,368.0,412.0,0.0,9227.76,3573926.47,0
2024-02-25,2024-02-25 11:00:00,404.0,406.4,396.8,403.0,-0.25,11327.92,4415422.32,-1
2024-02-25,2024-02-25 11:10:00,403.0,403.0,402.0,402.0,-0.25,11327.92,4415422.32,-1
2024-02-25,2024-02-25 11:20:00,402.0,402.0,401.0,401.0,-0.25,11327.92,4415422.32,-1
2024-02-25,2024-02-25 11:30:00,401.0,401.0,400.0,400.0,-0.25,11327.92,4415422.32,-1
2024-02-25,2024-02-25 11:40:00,400.0,400.0,399.0,399.0,-0.25,11327.92,4415422.32,-1
2024-02-25,2024-02-25 11:50:00,399.0,399.0,398.0,398.0,-0.25,11327.92,4415422.32,-1
2024-02-25,2024-02-25 12:00:00,398.0,398.0,397.0,397.0,-0.25,11327.92,4415422.32,-1
2024-02-25,2024-02-25 12:10:00,397.0,397.0,396.0,396.0,-0.25,11327.92,4415422.32,-1
2024-02-25,2024-02-25 12:20:00,396.0,396.0,395.0,395.0,-0.25,11327.92,4415422.32,-1
2024-02-25,2024-02-25 12:30:00,395.0,395.0,394.0,394.0,-0.25,11327.92,4415422.32,-1
2024-02-25,2024-02-25 12:40:00,394.0,394.0,393.0,393.0,-0.25,11327.92,4415422.32,-1
2024-02-25,2024-02-25 12:50:00,393.0,393.0,392.0,392.0,-0.25,11327.92,4415422.32,-1
2024-02-25,2024-02-25 13:00:00,392.0,412.0,380.0,391.0,-0.26,11327.92,4415422.32,-1
2024-02-25,2024-02-25 13:10:00,391.0,391.0,390.0,390.0,-0.26,11327.92,4415422.32,-1
2024-02-25,2024-02-25 13:20:00,390.0,390.0,389.0,389.0,-0.26,11327.92,4415422.32,-1
2024-02-25,2024-02-25 13:30:00,389.0,389.0,388.0,388.0,-0.26,11327.92,4415422.32,-1
2024-02-25,2024-02-25 13:40:00,388.0,388.0,387.0,387.0,-0.26,11327.92,4415422.32,-1
2024-02-25,2024-02-25 13:50:00,387.0,387.0,386.0,386.0,-0.26,11327.92,4415422.32,-1
2024-02-25,2024-02-25 14:00:00,386.0,386.0,385.0,385.0,-0.26,11327.92,4415422.32,-1
2024-02-25,2024-02-25 14:10:00,385.0,385.0,384.0,384.0,-0.26,11327.92,4415422.32,-1
2024-02-25,2024-02-25 14:20:00,384.0,384.0,383.0,383.0,-0.26,11327.92,4415422.32,-1
2024-02-25,2024-02-25 14:30:00,383.0,383.0,382.0,382.0,-0.26,11327.92,4415422.32,-1
2024-02-25,2024-02-25 14:40:00,382.0,382.0,381.0,381.0,-0.26,11327.92,4415422.32,-1
2024-02-25,2024-02-25 14:50:00,381.0,381.0,380.0,380.0,-0.26,11327.92,4415422.32,-1
2024-02-25,2024-02-25 15:00:00,380.0,412.0,380.0,380.0,0.0,11327.92,4415422.32,0
2024-02-26,2024-02-26 11:00:00,380.0,385.1,377.75,380.71,0.19,3314.16,1287123.8,1
2024-02-26,2024-02-26 11:10:00,380.71,381.42,380.71,381.42,0.19,3314.16,1287123.8,1
2024-02-26,2024-02-26 11:20:00,381.42,382.12,381.42,382.12,0.18,3314.16,1287123.8,1
2024-02-26,2024-02-26 11:30:00,382.12,382.83,382.12,382.83,0.19,3314.16,1287123.8,1
2024-02-26,2024-02-26 11:40:00,382.83,383.54,382.83,383.54,0.19,3314.16,1287123.8,1
2024-02-26,2024-02-26 11:50:00,383.54,384.25,383.54,384.25,0.19,3314.16,1287123.8,1
2024-02-26,2024-02-26 12:00:00,384.25,384.96,384.25,384.96,0.18,3314.16,1287123.8,1
2024-02-26,2024-02-26 12:10:00,384.96,385.67,384.96,385.67,0.18,3314.16,1287123.8,1
2024-02-26,2024-02-26 12:20:00,385.67,386.38,385.67,386.38,0.18,3314.16,1287123.8,1
2024-02-26,2024-02-26 12:30:00,386.38,387.08,386.38,387.08,0.18,3314.16,1287123.8,1
2024-02-26,2024-02-26 12:40:00,387.08,387.79,387.08,387.79,0.18,3314.16,1287123.8,1
2024-02-26,2024-02-26 12:50:00,387.79,388.5,387.79,388.5,0.18,3314.16,1287123.8,1
2024-02-26,2024-02-26 13:00:00,388.5,397.0,372.5,389.21,0.18,3314.16,1287123.8,1
2024-02-26,2024-02-26 13:10:00,389.21,389.92,389.21,389.92,0.18,3314.16,1287123.8,1
2024-02-26,2024-02-26 13:20:00,389.92,390.62,389.92,390.62,0.18,3314.16,1287123.8,1
2024-02-26,2024-02-26 13:30:00,390.62,391.33,390.62,391.33,0.18,3314.16,1287123.8,1
2024-02-26,2024-02-26 13:40:00,391.33,392.04,391.33,392.04,0.18,3314.16,1287123.8,1
2024-02-26,2024-02-26 13:50:00,392.04,392.75,392.04,392.75,0.18,3314.16,1287123.8,1
2024-02-26,2024-02-26 14:00:00,392.75,393.46,392.75,393.46,0.18,3314.16,1287123.8,1
2024-02-26,2024-02-26 14:10:00,393.46,394.17,393.46,394.17,0.18,3314.16,1287123.8,1
2024-02-26,2024-02-26 14:20:00,394.17,394.88,394.17,394.88,0.18,3314.16,1287123.8,1
2024-02-26,2024-02-26 14:30:00,394.88,395.58,394.88,395.58,0.18,3314.16,1287123.8,1
2024-02-26,2024-02-26 14:40:00,395.58,396.29,395.58,396.29,0.18,3314.16,1287123.8,1
2024-02-26,2024-02-26 14:50:00,396.29,397.0,396.29,397.0,0.18,3314.16,1287123.8,1
2024-02-26,2024-02-26 15:00:00,397.0,397.0,372.5,397.0,0.0,3314.16,1287123.8,0
2024-02-27,2024-02-27 11:00:00,404.9,404.9,398.42,404.27,-0.16,2836.8,1101023.93,-1
2024-02-27,2024-02-27 11:10:00,404.27,404.27,403.65,403.65,-0.15,2836.8,1101023.93,-1
2024-02-27,2024-02-27 11:20:00,403.65,403.65,403.02,403.02,-0.16,2836.8,1101023.93,-1
2024-02-27,2024-02-27 11:30:00,403.02,403.02,402.4,402.4,-0.15,2836.8,1101023.93,-1
2024-02-27,2024-02-27 11:40:00,402.4,402.4,401.77,401.77,-0.16,2836.8,1101023.93,-1
2024-02-27,2024-02-27 11:50:00,401.77,401.77,401.15,401.15,-0.15,2836.8,1101023.93,-1
2024-02-27,2024-02-27 12:00:00,401.15,401.15,400.52,400.52,-0.16,2836.8,1101023.93,-1
2024-02-27,2024-02-27 12:10:00,400.52,400.52,399.9,399.9,-0.15,2836.8,1101023.93,-1
2024-02-27,2024-02-27 12:20:00,399.9,399.9,399.27,399.27,-0.16,2836.8,1101023.93,-1
2024-02-27,2024-02-27 12:30:00,399.27,399.27,398.65,398.65,-0.16,2836.8,1101023.93,-1
2024-02-27,2024-02-27 12:40:00,398.65,398.65,398.02,398.02,-0.16,2836.8,1101023.93,-1
2024-02-27,2024-02-27 12:50:00,398.02,398.02,397.4,397.4,-0.16,2836.8,1101023.93,-1
2024-02-27,2024-02-27 13:00:00,397.4,404.9,383.3,396.77,-0.16,2836.8,1101023.93,-1
2024-02-27,2024-02-27 13:10:00,396.77,396.77,396.15,396.15,-0.16,2836.8,1101023.93,-1
2024-02-27,2024-02-27 13:20:00,396.15,396.15,395.52,395.52,-0.16,2836.8,1101023.93,-1
2024-02-27,2024-02-27 13:30:00,395.52,395.52,394.9,394.9,-0.16,2836.8,1101023.93,-1
2024-02-27,2024-02-27 13:40:00,394.9,394.9,394.27,394.27,-0.16,2836.8,1101023.93,-1
2024-02-27,2024-02-27 13:50:00,394.27,394.27,393.65,393.65,-0.16,2836.8,1101023.93,-1
2024-02-27,2024-02-27 14:00:00,393.65,393.65,393.02,393.02,-0.16,2836.8,1101023.93,-1
2024-02-27,2024-02-27 14:10:00,393.02,393.02,392.4,392.4,-0.16,2836.8,1101023.93,-1
2024-02-27,2024-02-27 14:20:00,392.4,392.4,391.77,391.77,-0.16,2836.8,1101023.93,-1
2024-02-27,2024-02-27 14:30:00,391.77,391.77,391.15,391.15,-0.16,2836.8,1101023.93,-1
2024-02-27,2024-02-27 14:40:00,391.15,391.15,390.52,390.52,-0.16,2836.8,1101023.93,-1
2024-02-27,2024-02-27 14:50:00,390.52,390.52,389.9,389.9,-0.16,2836.8,1101023.93,-1
2024-02-27,2024-02-27 15:00:00,389.9,404.9,383.3,389.9,0.0,2836.8,1101023.93,0
2024-02-28,2024-02-28 11:00:00,382.2,386.04,380.07,382.52,0.08,5709.6,2210346.68,1
2024-02-28,2024-02-28 11:10:00,382.52,382.84,382.52,382.84,0.08,5709.6,2210346.68,1
2024-02-28,2024-02-28 11:20:00,382.84,383.16,382.84,383.16,0.08,5709.6,2210346.68,1
2024-02-28,2024-02-28 11:30:00,383.16,383.48,383.16,383.48,0.08,5709.6,2210346.68,1
2024-02-28,2024-02-28 11:40:00,383.48,383.8,383.48,383.8,0.08,5709.6,2210346.68,1
2024-02-28,2024-02-28 11:50:00,383.8,384.12,383.8,384.12,0.08,5709.6,2210346.68,1
2024-02-28,2024-02-28 12:00:00,384.12,384.45,384.12,384.45,0.09,5709.6,2210346.68,1
2024-02-28,2024-02-28 12:10:00,384.45,384.77,384.45,384.77,0.08,5709.6,2210346.68,1
2024-02-28,2024-02-28 12:20:00,384.77,385.09,384.77,385.09,0.08,5709.6,2210346.68,1
2024-02-28,2024-02-28 12:30:00,385.09,385.41,385.09,385.41,0.08,5709.6,2210346.68,1
2024-02-28,2024-02-28 12:40:00,385.41,385.73,385.41,385.73,0.08,5709.6,2210346.68,1
2024-02-28,2024-02-28 12:50:00,385.73,386.05,385.73,386.05,0.08,5709.6,2210346.68,1
2024-02-28,2024-02-28 13:00:00,386.05,395.0,375.1,386.37,0.08,5709.6,2210346.68,1
2024-02-28,2024-02-28 13:10:00,386.37,386.69,386.37,386.69,0.08,5709.6,2210346.68,1
2024-02-28,2024-02-28 13:20:00,386.69,387.01,386.69,387.01,0.08,5709.6,2210346.68,1
2024-02-28,2024-02-28 13:30:00,387.01,387.33,387.01,387.33,0.08,5709.6,2210346.68,1
2024-02-28,2024-02-28 13:40:00,387.33,387.65,387.33,387.65,0.08,5709.6,2210346.68,1
2024-02-28,2024-02-28 13:50:00,387.65,387.97,387.65,387.97,0.08,5709.6,2210346.68,1
2024-02-28,2024-02-28 14:00:00,387.97,388.3,387.97,388.3,0.09,5709.6,2210346.68,1
2024-02-28,2024-02-28 14:10:00,388.3,388.62,388.3,388.62,0.08,5709.6,2210346.68,1
2024-02-28,2024-02-28 14:20:00,388.62,388.94,388.62,388.94,0.08,5709.6,2210346.68,1
2024-02-28,2024-02-28 14:30:00,388.94,389.26,388.94,389.26,0.08,5709.6,2210346.68,1
2024-02-28,2024-02-28 14:40:00,389.26,389.58,389.26,389.58,0.08,5709.6,2210346.68,1
2024-02-28,2024-02-28 14:50:00,389.58,389.9,389.58,389.9,0.08,5709.6,2210346.68,1
2024-02-28,2024-02-28 15:00:00,389.9,395.0,375.1,389.9,0.0,5709.6,2210346.68,0
2024-02-29,2024-02-29 11:00:00,397.6,397.6,383.59,395.65,-0.49,11295.32,4057338.21,-1
2024-02-29,2024-02-29 11:10:00,395.65,395.65,393.71,393.71,-0.49,11295.32,4057338.21,-1
2024-02-29,2024-02-29 11:20:00,393.71,393.71,391.76,391.76,-0.5,11295.32,4057338.21,-1
2024-02-29,2024-02-29 11:30:00,391.76,391.76,389.82,389.82,-0.5,11295.32,4057338.21,-1
2024-02-29,2024-02-29 11:40:00,389.82,389.82,387.87,387.87,-0.5,11295.32,4057338.21,-1
2024-02-29,2024-02-29 11:50:00,387.87,387.87,385.93,385.93,-0.5,11295.32,4057338.21,-1
2024-02-29,2024-02-29 12:00:00,385.93,385.93,383.98,383.98,-0.51,11295.32,4057338.21,-1
2024-02-29,2024-02-29 12:10:00,383.98,383.98,382.03,382.03,-0.51,11295.32,4057338.21,-1
2024-02-29,2024-02-29 12:20:00,382.03,382.03,380.09,380.09,-0.51,11295.32,4057338.21,-1
2024-02-29,2024-02-29 12:30:00,380.09,380.09,378.14,378.14,-0.51,11295.32,4057338.21,-1
2024-02-29,2024-02-29 12:40:00,378.14,378.14,376.2,376.2,-0.51,11295.32,4057338.21,-1
2024-02-29,2024-02-29 12:50:00,376.2,376.2,374.25,374.25,-0.52,11295.32,4057338.21,-1
2024-02-29,2024-02-29 13:00:00,374.25,397.6,350.9,372.3,-0.52,11295.32,4057338.21,-1
2024-02-29,2024-02-29 13:10:00,372.3,372.3,370.36,370.36,-0.52,11295.32,4057338.21,-1
2024-02-29,2024-02-29 13:20:00,370.36,370.36,368.41,368.41,-0.53,11295.32,4057338.21,-1
2024-02-29,2024-02-29 13:30:00,368.41,368.41,366.47,366.47,-0.53,11295.32,4057338.21,-1
2024-02-29,2024-02-29 13:40:00,366.47,366.47,364.52,364.52,-0.53,11295.32,4057338.21,-1
2024-02-29,2024-02-29 13:50:00,364.52,364.52,362.57,362.57,-0.53,11295.32,4057338.21,-1
2024-02-29,2024-02-29 14:00:00,362.57,362.57,360.63,360.63,-0.54,11295.32,4057338.21,-1
2024-02-29,2024-02-29 14:10:00,360.63,360.63,358.68,358.68,-0.54,11295.32,4057338.21,-1
2024-02-29,2024-02-29 14:20:00,358.68,358.68,356.74,356.74,-0.54,11295.32,4057338.21,-1
2024-02-29,2024-02-29 14:30:00,356.74,356.74,354.79,354.79,-0.55,11295.32,4057338.21,-1
2024-02-29,2024-02-29 14:40:00,354.79,354.79,352.85,352.85,-0.55,11295.32,4057338.21,-1
2024-02-29,2024-02-29 14:50:00,352.85,352.85,350.9,350.9,-0.55,11295.32,4057338.21,-1
2024-02-29,2024-02-29 15:00:00,350.9,397.6,350.9,350.9,0.0,11295.32,4057338.21,0
2024-03-03,2024-03-03 11:00:00,344.0,347.72,337.1,344.23,0.07,5883.44,1997203.2,1
2024-03-03,2024-03-03 11:10:00,344.23,344.46,344.23,344.46,0.07,5883.44,1997203.2,1
2024-03-03,2024-03-03 11:20:00,344.46,344.69,344.46,344.69,0.07,5883.44,1997203.2,1
2024-03-03,2024-03-03 11:30:00,344.69,344.92,344.69,344.92,0.07,5883.44,1997203.2,1
2024-03-03,2024-03-03 11:40:00,344.92,345.15,344.92,345.15,0.07,5883.44,1997203.2,1
2024-03-03,2024-03-03 11:50:00,345.15,345.38,345.15,345.38,0.07,5883.44,1997203.2,1
2024-03-03,2024-03-03 12:00:00,345.38,345.6,345.38,345.6,0.06,5883.44,1997203.2,1
2024-03-03,2024-03-03 12:10:00,345.6,345.83,345.6,345.83,0.07,5883.44,1997203.2,1
2024-03-03,2024-03-03 12:20:00,345.83,346.06,345.83,346.06,0.07,5883.44,1997203.2,1
2024-03-03,2024-03-03 12:30:00,346.06,346.29,346.06,346.29,0.07,5883.44,1997203.2,1
2024-03-03,2024-03-03 12:40:00,346.29,346.52,346.29,346.52,0.07,5883.44,1997203.2,1
2024-03-03,2024-03-03 12:50:00,346.52,346.75,346.52,346.75,0.07,5883.44,1997203.2,1
2024-03-03,2024-03-03 13:00:00,346.75,356.4,321.0,346.98,0.07,5883.44,1997203.2,1
2024-03-03,2024-03-03 13:10:00,346.98,347.21,346.98,347.21,0.07,5883.44,1997203.2,1
2024-03-03,2024-03-03 13:20:00,347.21,347.44,347.21,347.44,0.07,5883.44,1997203.2,1
2024-03-03,2024-03-03 13:30:00,347.44,347.67,347.44,347.67,0.07,5883.44,1997203.2,1
2024-03-03,2024-03-03 13:40:00,347.67,347.9,347.67,347.9,0.07,5883.44,1997203.2,1
2024-03-03,2024-03-03 13:50:00,347.9,348.12,347.9,348.12,0.06,5883.44,1997203.2,1
2024-03-03,2024-03-03 14:00:00,348.12,348.35,348.12,348.35,0.07,5883.44,1997203.2,1
2024-03-03,2024-03-03 14:10:00,348.35,348.58,348.35,348.58,0.07,5883.44,1997203.2,1
2024-03-03,2024-03-03 14:20:00,348.58,348.81,348.58,348.81,0.07,5883.44,1997203.2,1
2024-03-03,2024-03-03 14:30:00,348.81,349.04,348.81,349.04,0.07,5883.44,1997203.2,1
2024-03-03,2024-03-03 14:40:00,349.04,349.27,349.04,349.27,0.07,5883.44,1997203.2,1
2024-03-03,2024-03-03 14:50:00,349.27,349.5,349.27,349.5,0.07,5883.44,1997203.2,1
2024-03-03,2024-03-03 15:00:00,349.5,356.4,321.0,349.5,0.0,5883.44,1997203.2,0
2024-03-04,2024-03-04 11:00:00,356.4,364.8,356.1,357.57,0.33,635.88,235387.36,1
2024-03-04,2024-03-04 11:10:00,357.57,358.73,357.57,358.73,0.32,635.88,235387.36,1
2024-03-04,2024-03-04 11:20:00,358.73,359.9,358.73,359.9,0.33,635.88,235387.36,1
2024-03-04,2024-03-04 11:30:00,359.9,361.07,359.9,361.07,0.33,635.88,235387.36,1
2024-03-04,2024-03-04 11:40:00,361.07,362.23,361.07,362.23,0.32,635.88,235387.36,1
2024-03-04,2024-03-04 11:50:00,362.23,363.4,362.23,363.4,0.32,635.88,235387.36,1
2024-03-04,2024-03-04 12:00:00,363.4,364.57,363.4,364.57,0.32,635.88,235387.36,1
2024-03-04,2024-03-04 12:10:00,364.57,365.73,364.57,365.73,0.32,635.88,235387.36,1
2024-03-04,2024-03-04 12:20:00,365.73,366.9,365.73,366.9,0.32,635.88,235387.36,1
2024-03-04,2024-03-04 12:30:00,366.9,368.07,366.9,368.07,0.32,635.88,235387.36,1
2024-03-04,2024-03-04 12:40:00,368.07,369.23,368.07,369.23,0.32,635.88,235387.36,1
2024-03-04,2024-03-04 12:50:00,369.23,370.4,369.23,370.4,0.32,635.88,235387.36,1
2024-03-04,2024-03-04 13:00:00,370.4,384.4,355.4,371.57,0.32,635.88,235387.36,1
2024-03-04,2024-03-04 13:10:00,371.57,372.73,371.57,372.73,0.31,635.88,235387.36,1
2024-03-04,2024-03-04 13:20:00,372.73,373.9,372.73,373.9,0.31,635.88,235387.36,1
2024-03-04,2024-03-04 13:30:00,373.9,375.07,373.9,375.07,0.31,635.88,235387.36,1
2024-03-04,2024-03-04 13:40:00,375.07,376.23,375.07,376.23,0.31,635.88,235387.36,1
2024-03-04,2024-03-04 13:50:00,376.23,377.4,376.23,377.4,0.31,635.88,235387.36,1
2024-03-04,2024-03-04 14:00:00,377.4,378.57,377.4,378.57,0.31,635.88,235387.36,1
2024-03-04,2024-03-04 14:10:00,378.57,379.73,378.57,379.73,0.31,635.88,235387.36,1
2024-03-04,2024-03-04 14:20:00,379.73,380.9,379.73,380.9,0.31,635.88,235387.36,1
2024-03-04,2024-03-04 14:30:00,380.9,382.07,380.9,382.07,0.31,635.88,235387.36,1
2024-03-04,2024-03-04 14:40:00,382.07,383.23,382.07,383.23,0.3,635.88,235387.36,1
2024-03-04,2024-03-04 14:50:00,383.23,384.4,383.23,384.4,0.31,635.88,235387.36,1
2024-03-04,2024-03-04 15:00:00,384.4,384.4,355.4,384.4,0.0,635.88,235387.36,0
2024-03-05,2024-03-05 11:00:00,388.0,388.0,375.4,386.25,-0.45,14782.44,5277231.89,-1
2024-03-05,2024-03-05 11:10:00,386.25,386.25,384.5,384.5,-0.45,14782.44,5277231.89,-1
2024-03-05,2024-03-05 11:20:00,384.5,384.5,382.75,382.75,-0.46,14782.44,5277231.89,-1
2024-03-05,2024-03-05 11:30:00,382.75,382.75,381.0,381.0,-0.46,14782.44,5277231.89,-1
2024-03-05,2024-03-05 11:40:00,381.0,381.0,379.25,379.25,-0.46,14782.44,5277231.89,-1
2024-03-05,2024-03-05 11:50:00,379.25,379.25,377.5,377.5,-0.46,14782.44,5277231.89,-1
2024-03-05,2024-03-05 12:00:00,377.5,377.5,375.75,375.75,-0.46,14782.44,5277231.89,-1
2024-03-05,2024-03-05 12:10:00,375.75,375.75,374.0,374.0,-0.47,14782.44,5277231.89,-1
2024-03-05,2024-03-05 12:20:00,374.0,374.0,372.25,372.25,-0.47,14782.44,5277231.89,-1
2024-03-05,2024-03-05 12:30:00,372.25,372.25,370.5,370.5,-0.47,14782.44,5277231.89,-1
2024-03-05,2024-03-05 12:40:00,370.5,370.5,368.75,368.75,-0.47,14782.44,5277231.89,-1
2024-03-05,2024-03-05 12:50:00,368.75,368.75,367.0,367.0,-0.47,14782.44,5277231.89,-1
2024-03-05,2024-03-05 13:00:00,367.0,388.0,346.0,365.25,-0.48,14782.44,5277231.89,-1
2024-03-05,2024-03-05 13:10:00,365.25,365.25,363.5,363.5,-0.48,14782.44,5277231.89,-1
2024-03-05,2024-03-05 13:20:00,363.5,363.5,361.75,361.75,-0.48,14782.44,5277231.89,-1
2024-03-05,2024-03-05 13:30:00,361.75,361.75,360.0,360.0,-0.48,14782.44,5277231.89,-1
2024-03-05,2024-03-05 13:40:00,360.0,360.0,358.25,358.25,-0.49,14782.44,5277231.89,-1
2024-03-05,2024-03-05 13:50:00,358.25,358.25,356.5,356.5,-0.49,14782.44,5277231.89,-1
2024-03-05,2024-03-05 14:00:00,356.5,356.5,354.75,354.75,-0.49,14782.44,5277231.89,-1
2024-03-05,2024-03-05 14:10:00,354.75,354.75,353.0,353.0,-0.49,14782.44,5277231.89,-1
2024-03-05,2024-03-05 14:20:00,353.0,353.0,351.25,351.25,-0.5,14782.44,5277231.89,-1
2024-03-05,2024-03-05 14:30:00,351.25,351.25,349.5,349.5,-0.5,14782.44,5277231.89,-1
2024-03-05,2024-03-05 14:40:00,349.5,349.5,347.75,347.75,-0.5,14782.44,5277231.89,-1
2024-03-05,2024-03-05 14:50:00,347.75,347.75,346.0,346.0,-0.5,14782.44,5277231.89,-1
2024-03-05,2024-03-05 15:00:00,346.0,388.0,346.0,346.0,0.0,14782.44,5277231.89,0
2024-03-06,2024-03-06 11:00:00,346.0,355.9,342.28,347.25,0.36,6949.32,2414123.85,1
2024-03-06,2024-03-06 11:10:00,347.25,348.5,347.25,348.5,0.36,6949.32,2414123.85,1
2024-03-06,2024-03-06 11:20:00,348.5,349.75,348.5,349.75,0.36,6949.32,2414123.85,1
2024-03-06,2024-03-06 11:30:00,349.75,351.0,349.75,351.0,0.36,6949.32,2414123.85,1
2024-03-06,2024-03-06 11:40:00,351.0,352.25,351.0,352.25,0.36,6949.32,2414123.85,1
2024-03-06,2024-03-06 11:50:00,352.25,353.5,352.25,353.5,0.35,6949.32,2414123.85,1
2024-03-06,2024-03-06 12:00:00,353.5,354.75,353.5,354.75,0.35,6949.32,2414123.85,1
2024-03-06,2024-03-06 12:10:00,354.75,356.0,354.75,356.0,0.35,6949.32,2414123.85,1
2024-03-06,2024-03-06 12:20:00,356.0,357.25,356.0,357.25,0.35,6949.32,2414123.85,1
2024-03-06,2024-03-06 12:30:00,357.25,358.5,357.25,358.5,0.35,6949.32,2414123.85,1
2024-03-06,2024-03-06 12:40:00,358.5,359.75,358.5,359.75,0.35,6949.32,2414123.85,1
2024-03-06,2024-03-06 12:50:00,359.75,361.0,359.75,361.0,0.35,6949.32,2414123.85,1
2024-03-06,2024-03-06 13:00:00,361.0,379.0,333.6,362.25,0.35,6949.32,2414123.85,1
2024-03-06,2024-03-06 13:10:00,362.25,363.5,362.25,363.5,0.35,6949.32,2414123.85,1
2024-03-06,2024-03-06 13:20:00,363.5,364.75,363.5,364.75,0.34,6949.32,2414123.85,1
2024-03-06,2024-03-06 13:30:00,364.75,366.0,364.75,366.0,0.34,6949.32,2414123.85,1
2024-03-06,2024-03-06 13:40:00,366.0,367.25,366.0,367.25,0.34,6949.32,2414123.85,1
2024-03-06,2024-03-06 13:50:00,367.25,368.5,367.25,368.5,0.34,6949.32,2414123.85,1
2024-03-06,2024-03-06 14:00:00,368.5,369.75,368.5,369.75,0.34,6949.32,2414123.85,1
2024-03-06,2024-03-06 14:10:00,369.75,371.0,369.75,371.0,0.34,6949.32,2414123.85,1
2024-03-06,2024-03-06 14:20:00,371.0,372.25,371.0,372.25,0.34,6949.32,2414123.85,1
2024-03-06,2024-03-06 14:30:00,372.25,373.5,372.25,373.5,0.34,6949.32,2414123.85,1
2024-03-06,2024-03-06 14:40:00,373.5,374.75,373.5,374.75,0.33,6949.32,2414123.85,1
2024-03-06,2024-03-06 14:50:00,374.75,376.0,374.75,376.0,0.33,6949.32,2414123.85,1
2024-03-06,2024-03-06 15:00:00,376.0,379.0,333.6,376.0,0.0,6949.32,2414123.85,0
2024-03-07,2024-03-07 11:00:00,368.5,375.22,360.25,368.27,-0.06,8247.4,2954435.5,-1
2024-03-07,2024-03-07 11:10:00,368.27,368.27,368.04,368.04,-0.06,8247.4,2954435.5,-1
2024-03-07,2024-03-07 11:20:00,368.04,368.04,367.81,367.81,-0.06,8247.4,2954435.5,-1
2024-03-07,2024-03-07 11:30:00,367.81,367.81,367.58,367.58,-0.06,8247.4,2954435.5,-1
2024-03-07,2024-03-07 11:40:00,367.58,367.58,367.35,367.35,-0.06,8247.4,2954435.5,-1
2024-03-07,2024-03-07 11:50:00,367.35,367.35,367.12,367.12,-0.06,8247.4,2954435.5,-1
2024-03-07,2024-03-07 12:00:00,367.12,367.12,366.9,366.9,-0.06,8247.4,2954435.5,-1
2024-03-07,2024-03-07 12:10:00,366.9,366.9,366.67,366.67,-0.06,8247.4,2954435.5,-1
2024-03-07,2024-03-07 12:20:00,366.67,366.67,366.44,366.44,-0.06,8247.4,2954435.5,-1
2024-03-07,2024-03-07 12:30:00,366.44,366.44,366.21,366.21,-0.06,8247.4,2954435.5,-1
2024-03-07,2024-03-07 12:40:00,366.21,366.21,365.98,365.98,-0.06,8247.4,2954435.5,-1
2024-03-07,2024-03-07 12:50:00,365.98,365.98,365.75,365.75,-0.06,8247.4,2954435.5,-1
2024-03-07,2024-03-07 13:00:00,365.75,390.9,341.0,365.52,-0.06,8247.4,2954435.5,-1
2024-03-07,2024-03-07 13:10:00,365.52,365.52,365.29,365.29,-0.06,8247.4,2954435.5,-1
2024-03-07,2024-03-07 13:20:00,365.29,365.29,365.06,365.06,-0.06,8247.4,2954435.5,-1
2024-03-07,2024-03-07 13:30:00,365.06,365.06,364.83,364.83,-0.06,8247.4,2954435.5,-1
2024-03-07,2024-03-07 13:40:00,364.83,364.83,364.6,364.6,-0.06,8247.4,2954435.5,-1
2024-03-07,2024-03-07 13:50:00,364.6,364.6,364.38,364.38,-0.06,8247.4,2954435.5,-1
2024-03-07,2024-03-07 14:00:00,364.38,364.38,364.15,364.15,-0.06,8247.4,2954435.5,-1
2024-03-07,2024-03-07 14:10:00,364.15,364.15,363.92,363.92,-0.06,8247.4,2954435.5,-1
2024-03-07,2024-03-07 14:20:00,363.92,363.92,363.69,363.69,-0.06,8247.4,2954435.5,-1
2024-03-07,2024-03-07 14:30:00,363.69,363.69,363.46,363.46,-0.06,8247.4,2954435.5,-1
2024-03-07,2024-03-07 14:40:00,363.46,363.46,363.23,363.23,-0.06,8247.4,2954435.5,-1
2024-03-07,2024-03-07 14:50:00,363.23,363.23,363.0,363.0,-0.06,8247.4,2954435.5,-1
2024-03-07,2024-03-07 15:00:00,363.0,390.9,341.0,363.0,0.0,8247.4,2954435.5,0
2024-03-10,2024-03-10 11:00:00,355.8,357.66,350.07,355.23,-0.16,9187.0,3162747.92,-1
2024-03-10,2024-03-10 11:10:00,355.23,355.23,354.65,354.65,-0.16,9187.0,3162747.92,-1
2024-03-10,2024-03-10 11:20:00,354.65,354.65,354.07,354.07,-0.16,9187.0,3162747.92,-1
2024-03-10,2024-03-10 11:30:00,354.07,354.07,353.5,353.5,-0.16,9187.0,3162747.92,-1
2024-03-10,2024-03-10 11:40:00,353.5,353.5,352.93,352.93,-0.16,9187.0,3162747.92,-1
2024-03-10,2024-03-10 11:50:00,352.93,352.93,352.35,352.35,-0.16,9187.0,3162747.92,-1
2024-03-10,2024-03-10 12:00:00,352.35,352.35,351.78,351.78,-0.16,9187.0,3162747.92,-1
2024-03-10,2024-03-10 12:10:00,351.78,351.78,351.2,351.2,-0.16,9187.0,3162747.92,-1
2024-03-10,2024-03-10 12:20:00,351.2,351.2,350.62,350.62,-0.17,9187.0,3162747.92,-1
2024-03-10,2024-03-10 12:30:00,350.62,350.62,350.05,350.05,-0.16,9187.0,3162747.92,-1
2024-03-10,2024-03-10 12:40:00,350.05,350.05,349.48,349.48,-0.16,9187.0,3162747.92,-1
2024-03-10,2024-03-10 12:50:00,349.48,349.48,348.9,348.9,-0.17,9187.0,3162747.92,-1
2024-03-10,2024-03-10 13:00:00,348.9,362.0,336.7,348.32,-0.17,9187.0,3162747.92,-1
2024-03-10,2024-03-10 13:10:00,348.32,348.32,347.75,347.75,-0.16,9187.0,3162747.92,-1
2024-03-10,2024-03-10 13:20:00,347.75,347.75,347.18,347.18,-0.16,9187.0,3162747.92,-1
2024-03-10,2024-03-10 13:30:00,347.18,347.18,346.6,346.6,-0.17,9187.0,3162747.92,-1
2024-03-10,2024-03-10 13:40:00,346.6,346.6,346.02,346.02,-0.17,9187.0,3162747.92,-1
2024-03-10,2024-03-10 13:50:00,346.02,346.02,345.45,345.45,-0.16,9187.0,3162747.92,-1
2024-03-10,2024-03-10 14:00:00,345.45,345.45,344.88,344.88,-0.17,9187.0,3162747.92,-1
2024-03-10,2024-03-10 14:10:00,344.88,344.88,344.3,344.3,-0.17,9187.0,3162747.92,-1
2024-03-10,2024-03-10 14:20:00,344.3,344.3,343.73,343.73,-0.17,9187.0,3162747.92,-1
2024-03-10,2024-03-10 14:30:00,343.73,343.73,343.15,343.15,-0.17,9187.0,3162747.92,-1
2024-03-10,2024-03-10 14:40:00,343.15,343.15,342.57,342.57,-0.17,9187.0,3162747.92,-1
2024-03-10,2024-03-10 14:50:00,342.57,342.57,342.0,342.0,-0.17,9187.0,3162747.92,-1
2024-03-10,2024-03-10 15:00:00,342.0,362.0,336.7,342.0,0.0,9187.0,3162747.92,0
2024-03-12,2024-03-12 11:00:00,345.0,348.0,340.89,344.67,-0.1,9012.32,3040913.31,-1
2024-03-12,2024-03-12 11:10:00,344.67,344.67,344.33,344.33,-0.1,9012.32,3040913.31,-1
2024-03-12,2024-03-12 11:20:00,344.33,344.33,344.0,344.0,-0.1,9012.32,3040913.31,-1
2024-03-12,2024-03-12 11:30:00,344.0,344.0,343.67,343.67,-0.1,9012.32,3040913.31,-1
2024-03-12,2024-03-12 11:40:00,343.67,343.67,343.33,343.33,-0.1,9012.32,3040913.31,-1
2024-03-12,2024-03-12 11:50:00,343.33,343.33,343.0,343.0,-0.1,9012.32,3040913.31,-1
2024-03-12,2024-03-12 12:00:00,343.0,343.0,342.67,342.67,-0.1,9012.32,3040913.31,-1
2024-03-12,2024-03-12 12:10:00,342.67,342.67,342.33,342.33,-0.1,9012.32,3040913.31,-1
2024-03-12,2024-03-12 12:20:00,342.33,342.33,342.0,342.0,-0.1,9012.32,3040913.31,-1
2024-03-12,2024-03-12 12:30:00,342.0,342.0,341.67,341.67,-0.1,9012.32,3040913.31,-1
2024-03-12,2024-03-12 12:40:00,341.67,341.67,341.33,341.33,-0.1,9012.32,3040913.31,-1
2024-03-12,2024-03-12 12:50:00,341.33,341.33,341.0,341.0,-0.1,9012.32,3040913.31,-1
2024-03-12,2024-03-12 13:00:00,341.0,355.0,331.3,340.67,-0.1,9012.32,3040913.31,-1
2024-03-12,2024-03-12 13:10:00,340.67,340.67,340.33,340.33,-0.1,9012.32,3040913.31,-1
2024-03-12,2024-03-12 13:20:00,340.33,340.33,340.0,340.0,-0.1,9012.32,3040913.31,-1
2024-03-12,2024-03-12 13:30:00,340.0,340.0,339.67,339.67,-0.1,9012.32,3040913.31,-1
2024-03-12,2024-03-12 13:40:00,339.67,339.67,339.33,339.33,-0.1,9012.32,3040913.31,-1
2024-03-12,2024-03-12 13:50:00,339.33,339.33,339.0,339.0,-0.1,9012.32,3040913.31,-1
2024-03-12,2024-03-12 14:00:00,339.0,339.0,338.67,338.67,-0.1,9012.32,3040913.31,-1
2024-03-12,2024-03-12 14:10:00,338.67,338.67,338.33,338.33,-0.1,9012.32,3040913.31,-1
2024-03-12,2024-03-12 14:20:00,338.33,338.33,338.0,338.0,-0.1,9012.32,3040913.31,-1
2024-03-12,2024-03-12 14:30:00,338.0,338.0,337.67,337.67,-0.1,9012.32,3040913.31,-1
2024-03-12,2024-03-12 14:40:00,337.67,337.67,337.33,337.33,-0.1,9012.32,3040913.31,-1
2024-03-12,2024-03-12 14:50:00,337.33,337.33,337.0,337.0,-0.1,9012.32,3040913.31,-1
2024-03-12,2024-03-12 15:00:00,337.0,355.0,331.3,337.0,0.0,9012.32,3040913.31,0
2024-03-13,2024-03-13 11:00:00,333.0,334.68,331.5,332.83,-0.05,3675.24,1222112.69,-1
2024-03-13,2024-03-13 11:10:00,332.83,332.83,332.67,332.67,-0.05,3675.24,1222112.69,-1
2024-03-13,2024-03-13 11:20:00,332.67,332.67,332.5,332.5,-0.05,3675.24,1222112.69,-1
2024-03-13,2024-03-13 11:30:00,332.5,332.5,332.33,332.33,-0.05,3675.24,1222112.69,-1
2024-03-13,2024-03-13 11:40:00,332.33,332.33,332.17,332.17,-0.05,3675.24,1222112.69,-1
2024-03-13,2024-03-13 11:50:00,332.17,332.17,332.0,332.0,-0.05,3675.24,1222112.69,-1
2024-03-13,2024-03-13 12:00:00,332.0,332.0,331.83,331.83,-0.05,3675.24,1222112.69,-1
2024-03-13,2024-03-13 12:10:00,331.83,331.83,331.67,331.67,-0.05,3675.24,1222112.69,-1
2024-03-13,2024-03-13 12:20:00,331.67,331.67,331.5,331.5,-0.05,3675.24,1222112.69,-1
2024-03-13,2024-03-13 12:30:00,331.5,331.5,331.33,331.33,-0.05,3675.24,1222112.69,-1
2024-03-13,2024-03-13 12:40:00,331.33,331.33,331.17,331.17,-0.05,3675.24,1222112.69,-1
2024-03-13,2024-03-13 12:50:00,331.17,331.17,331.0,331.0,-0.05,3675.24,1222112.69,-1
2024-03-13,2024-03-13 13:00:00,331.0,338.6,328.0,330.83,-0.05,3675.24,1222112.69,-1
2024-03-13,2024-03-13 13:10:00,330.83,330.83,330.67,330.67,-0.05,3675.24,1222112.69,-1
2024-03-13,2024-03-13 13:20:00,330.67,330.67,330.5,330.5,-0.05,3675.24,1222112.69,-1
2024-03-13,2024-03-13 13:30:00,330.5,330.5,330.33,330.33,-0.05,3675.24,1222112.69,-1
2024-03-13,2024-03-13 13:40:00,330.33,330.33,330.17,330.17,-0.05,3675.24,1222112.69,-1
2024-03-13,2024-03-13 13:50:00,330.17,330.17,330.0,330.0,-0.05,3675.24,1222112.69,-1
2024-03-13,2024-03-13 14:00:00,330.0,330.0,329.83,329.83,-0.05,3675.24,1222112.69,-1
2024-03-13,2024-03-13 14:10:00,329.83,329.83,329.67,329.67,-0.05,3675.24,1222112.69,-1
2024-03-13,2024-03-13 14:20:00,329.67,329.67,329.5,329.5,-0.05,3675.24,1222112.69,-1
2024-03-13,2024-03-13 14:30:00,329.5,329.5,329.33,329.33,-0.05,3675.24,1222112.69,-1
2024-03-13,2024-03-13 14:40:00,329.33,329.33,329.17,329.17,-0.05,3675.24,1222112.69,-1
2024-03-13,2024-03-13 14:50:00,329.17,329.17,329.0,329.0,-0.05,3675.24,1222112.69,-1
2024-03-13,2024-03-13 15:00:00,329.0,338.6,328.0,329.0,0.0,3675.24,1222112.69,0
2024-03-14,2024-03-14 11:00:00,326.0,330.98,326.0,326.5,0.15,4027.56,1358491.91,1
2024-03-14,2024-03-14 11:10:00,326.5,327.0,326.5,327.0,0.15,4027.56,1358491.91,1
2024-03-14,2024-03-14 11:20:00,327.0,327.5,327.0,327.5,0.15,4027.56,1358491.91,1
2024-03-14,2024-03-14 11:30:00,327.5,328.0,327.5,328.0,0.15,4027.56,1358491.91,1
2024-03-14,2024-03-14 11:40:00,328.0,328.5,328.0,328.5,0.15,4027.56,1358491.91,1
2024-03-14,2024-03-14 11:50:00,328.5,329.0,328.5,329.0,0.15,4027.56,1358491.91,1
2024-03-14,2024-03-14 12:00:00,329.0,329.5,329.0,329.5,0.15,4027.56,1358491.91,1
2024-03-14,2024-03-14 12:10:00,329.5,330.0,329.5,330.0,0.15,4027.56,1358491.91,1
2024-03-14,2024-03-14 12:20:00,330.0,330.5,330.0,330.5,0.15,4027.56,1358491.91,1
2024-03-14,2024-03-14 12:30:00,330.5,331.0,330.5,331.0,0.15,4027.56,1358491.91,1
2024-03-14,2024-03-14 12:40:00,331.0,331.5,331.0,331.5,0.15,4027.56,1358491.91,1
2024-03-14,2024-03-14 12:50:00,331.5,332.0,331.5,332.0,0.15,4027.56,1358491.91,1
2024-03-14,2024-03-14 13:00:00,332.0,342.6,326.0,332.5,0.15,4027.56,1358491.91,1
2024-03-14,2024-03-14 13:10:00,332.5,333.0,332.5,333.0,0.15,4027.56,1358491.91,1
2024-03-14,2024-03-14 13:20:00,333.0,333.5,333.0,333.5,0.15,4027.56,1358491.91,1
2024-03-14,2024-03-14 13:30:00,333.5,334.0,333.5,334.0,0.15,4027.56,1358491.91,1
2024-03-14,2024-03-14 13:40:00,334.0,334.5,334.0,334.5,0.15,4027.56,1358491.91,1
2024-03-14,2024-03-14 13:50:00,334.5,335.0,334.5,335.0,0.15,4027.56,1358491.91,1
2024-03-14,2024-03-14 14:00:00,335.0,335.5,335.0,335.5,0.15,4027.56,1358491.91,1
2024-03-14,2024-03-14 14:10:00,335.5,336.0,335.5,336.0,0.15,4027.56,1358491.91,1
2024-03-14,2024-03-14 14:20:00,336.0,336.5,336.0,336.5,0.15,4027.56,1358491.91,1
2024-03-14,2024-03-14 14:30:00,336.5,337.0,336.5,337.0,0.15,4027.56,1358491.91,1
2024-03-14,2024-03-14 14:40:00,337.0,337.5,337.0,337.5,0.15,4027.56,1358491.91,1
2024-03-14,2024-03-14 14:50:00,337.5,338.0,337.5,338.0,0.15,4027.56,1358491.91,1
2024-03-14,2024-03-14 15:00:00,338.0,342.6,326.0,338.0,0.0,4027.56,1358491.91,0
2024-03-17,2024-03-17 11:00:00,335.0,338.0,334.7,334.96,-0.01,2530.32,861661.08,-1
2024-03-17,2024-03-17 11:10:00,334.96,334.96,334.92,334.92,-0.01,2530.32,861661.08,-1
2024-03-17,2024-03-17 11:20:00,334.92,334.92,334.88,334.88,-0.01,2530.32,861661.08,-1
2024-03-17,2024-03-17 11:30:00,334.88,334.88,334.83,334.83,-0.01,2530.32,861661.08,-1
2024-03-17,2024-03-17 11:40:00,334.83,334.83,334.79,334.79,-0.01,2530.32,861661.08,-1
2024-03-17,2024-03-17 11:50:00,334.79,334.79,334.75,334.75,-0.01,2530.32,861661.08,-1
2024-03-17,2024-03-17 12:00:00,334.75,334.75,334.71,334.71,-0.01,2530.32,861661.08,-1
2024-03-17,2024-03-17 12:10:00,334.71,334.71,334.67,334.67,-0.01,2530.32,861661.08,-1
2024-03-17,2024-03-17 12:20:00,334.67,334.67,334.62,334.62,-0.01,2530.32,861661.08,-1
2024-03-17,2024-03-17 12:30:00,334.62,334.62,334.58,334.58,-0.01,2530.32,861661.08,-1
2024-03-17,2024-03-17 12:40:00,334.58,334.58,334.54,334.54,-0.01,2530.32,861661.08,-1
2024-03-17,2024-03-17 12:50:00,334.54,334.54,334.5,334.5,-0.01,2530.32,861661.08,-1
2024-03-17,2024-03-17 13:00:00,334.5,345.0,334.0,334.46,-0.01,2530.32,861661.08,-1
2024-03-17,2024-03-17 13:10:00,334.46,334.46,334.42,334.42,-0.01,2530.32,861661.08,-1
2024-03-17,2024-03-17 13:20:00,334.42,334.42,334.38,334.38,-0.01,2530.32,861661.08,-1
2024-03-17,2024-03-17 13:30:00,334.38,334.38,334.33,334.33,-0.01,2530.32,861661.08,-1
2024-03-17,2024-03-17 13:40:00,334.33,334.33,334.29,334.29,-0.01,2530.32,861661.08,-1
2024-03-17,2024-03-17 13:50:00,334.29,334.29,334.25,334.25,-0.01,2530.32,861661.08,-1
2024-03-17,2024-03-17 14:00:00,334.25,334.25,334.21,334.21,-0.01,2530.32,861661.08,-1
2024-03-17,2024-03-17 14:10:00,334.21,334.21,334.17,334.17,-0.01,2530.32,861661.08,-1
2024-03-17,2024-03-17 14:20:00,334.17,334.17,334.12,334.12,-0.01,2530.32,861661.08,-1
2024-03-17,2024-03-17 14:30:00,334.12,334.12,334.08,334.08,-0.01,2530.32,861661.08,-1
2024-03-17,2024-03-17 14:40:00,334.08,334.08,334.04,334.04,-0.01,2530.32,861661.08,-1
2024-03-17,2024-03-17 14:50:00,334.04,334.04,334.0,334.0,-0.01,2530.32,861661.08,-1
2024-03-17,2024-03-17 15:00:00,334.0,345.0,334.0,334.0,0.0,2530.32,861661.08,0
2024-03-18,2024-03-18 11:00:00,339.9,340.53,337.83,339.74,-0.05,2883.4,974735.08,-1
2024-03-18,2024-03-18 11:10:00,339.74,339.74,339.57,339.57,-0.05,2883.4,974735.08,-1
2024-03-18,2024-03-18 11:20:00,339.57,339.57,339.41,339.41,-0.05,2883.4,974735.08,-1
2024-03-18,2024-03-18 11:30:00,339.41,339.41,339.25,339.25,-0.05,2883.4,974735.08,-1
2024-03-18,2024-03-18 11:40:00,339.25,339.25,339.09,339.09,-0.05,2883.4,974735.08,-1
2024-03-18,2024-03-18 11:50:00,339.09,339.09,338.92,338.92,-0.05,2883.4,974735.08,-1
2024-03-18,2024-03-18 12:00:00,338.92,338.92,338.76,338.76,-0.05,2883.4,974735.08,-1
2024-03-18,2024-03-18 12:10:00,338.76,338.76,338.6,338.6,-0.05,2883.4,974735.08,-1
2024-03-18,2024-03-18 12:20:00,338.6,338.6,338.44,338.44,-0.05,2883.4,974735.08,-1
2024-03-18,2024-03-18 12:30:00,338.44,338.44,338.27,338.27,-0.05,2883.4,974735.08,-1
2024-03-18,2024-03-18 12:40:00,338.27,338.27,338.11,338.11,-0.05,2883.4,974735.08,-1
2024-03-18,2024-03-18 12:50:00,338.11,338.11,337.95,337.95,-0.05,2883.4,974735.08,-1
2024-03-18,2024-03-18 13:00:00,337.95,342.0,333.0,337.79,-0.05,2883.4,974735.08,-1
2024-03-18,2024-03-18 13:10:00,337.79,337.79,337.62,337.62,-0.05,2883.4,974735.08,-1
2024-03-18,2024-03-18 13:20:00,337.62,337.62,337.46,337.46,-0.05,2883.4,974735.08,-1
2024-03-18,2024-03-18 13:30:00,337.46,337.46,337.3,337.3,-0.05,2883.4,974735.08,-1
2024-03-18,2024-03-18 13:40:00,337.3,337.3,337.14,337.14,-0.05,2883.4,974735.08,-1
2024-03-18,2024-03-18 13:50:00,337.14,337.14,336.98,336.98,-0.05,2883.4,974735.08,-1
2024-03-18,2024-03-18 14:00:00,336.98,336.98,336.81,336.81,-0.05,2883.4,974735.08,-1
2024-03-18,2024-03-18 14:10:00,336.81,336.81,336.65,336.65,-0.05,2883.4,974735.08,-1
2024-03-18,2024-03-18 14:20:00,336.65,336.65,336.49,336.49,-0.05,2883.4,974735.08,-1
2024-03-18,2024-03-18 14:30:00,336.49,336.49,336.32,336.32,-0.05,2883.4,974735.08,-1
2024-03-18,2024-03-18 14:40:00,336.32,336.32,336.16,336.16,-0.05,2883.4,974735.08,-1
2024-03-18,2024-03-18 14:50:00,336.16,336.16,336.0,336.0,-0.05,2883.4,974735.08,-1
2024-03-18,2024-03-18 15:00:00,336.0,342.0,333.0,336.0,0.0,2883.4,974735.08,0
2024-03-19,2024-03-19 11:00:00,334.0,339.97,334.0,334.46,0.14,6245.16,2166461.25,1
2024-03-19,2024-03-19 11:10:00,334.46,334.92,334.46,334.92,0.14,6245.16,2166461.25,1
2024-03-19,2024-03-19 11:20:00,334.92,335.38,334.92,335.38,0.14,6245.16,2166461.25,1
2024-03-19,2024-03-19 11:30:00,335.38,335.83,335.38,335.83,0.13,6245.16,2166461.25,1
2024-03-19,2024-03-19 11:40:00,335.83,336.29,335.83,336.29,0.14,6245.16,2166461.25,1
2024-03-19,2024-03-19 11:50:00,336.29,336.75,336.29,336.75,0.14,6245.16,2166461.25,1
2024-03-19,2024-03-19 12:00:00,336.75,337.21,336.75,337.21,0.14,6245.16,2166461.25,1
2024-03-19,2024-03-19 12:10:00,337.21,337.67,337.21,337.67,0.14,6245.16,2166461.25,1
2024-03-19,2024-03-19 12:20:00,337.67,338.12,337.67,338.12,0.13,6245.16,2166461.25,1
2024-03-19,2024-03-19 12:30:00,338.12,338.58,338.12,338.58,0.14,6245.16,2166461.25,1
2024-03-19,2024-03-19 12:40:00,338.58,339.04,338.58,339.04,0.14,6245.16,2166461.25,1
2024-03-19,2024-03-19 12:50:00,339.04,339.5,339.04,339.5,0.14,6245.16,2166461.25,1
2024-03-19,2024-03-19 13:00:00,339.5,353.9,334.0,339.96,0.14,6245.16,2166461.25,1
2024-03-19,2024-03-19 13:10:00,339.96,340.42,339.96,340.42,0.14,6245.16,2166461.25,1
2024-03-19,2024-03-19 13:20:00,340.42,340.88,340.42,340.88,0.14,6245.16,2166461.25,1
2024-03-19,2024-03-19 13:30:00,340.88,341.33,340.88,341.33,0.13,6245.16,2166461.25,1
2024-03-19,2024-03-19 13:40:00,341.33,341.79,341.33,341.79,0.13,6245.16,2166461.25,1
2024-03-19,2024-03-19 13:50:00,341.79,342.25,341.79,342.25,0.13,6245.16,2166461.25,1
2024-03-19,2024-03-19 14:00:00,342.25,342.71,342.25,342.71,0.13,6245.16,2166461.25,1
2024-03-19,2024-03-19 14:10:00,342.71,343.17,342.71,343.17,0.13,6245.16,2166461.25,1
2024-03-19,2024-03-19 14:20:00,343.17,343.62,343.17,343.62,0.13,6245.16,2166461.25,1
2024-03-19,2024-03-19 14:30:00,343.62,344.08,343.62,344.08,0.13,6245.16,2166461.25,1
2024-03-19,2024-03-19 14:40:00,344.08,344.54,344.08,344.54,0.13,6245.16,2166461.25,1
2024-03-19,2024-03-19 14:50:00,344.54,345.0,344.54,345.0,0.13,6245.16,2166461.25,1
2024-03-19,2024-03-19 15:00:00,345.0,353.9,334.0,345.0,0.0,6245.16,2166461.25,0
2024-03-20,2024-03-20 11:00:00,351.9,352.2,347.61,351.32,-0.16,2944.4,1014742.92,-1
2024-03-20,2024-03-20 11:10:00,351.32,351.32,350.74,350.74,-0.17,2944.4,1014742.92,-1
2024-03-20,2024-03-20 11:20:00,350.74,350.74,350.16,350.16,-0.17,2944.4,1014742.92,-1
2024-03-20,2024-03-20 11:30:00,350.16,350.16,349.58,349.58,-0.17,2944.4,1014742.92,-1
2024-03-20,2024-03-20 11:40:00,349.58,349.58,349.0,349.0,-0.17,2944.4,1014742.92,-1
2024-03-20,2024-03-20 11:50:00,349.0,349.0,348.42,348.42,-0.17,2944.4,1014742.92,-1
2024-03-20,2024-03-20 12:00:00,348.42,348.42,347.85,347.85,-0.16,2944.4,1014742.92,-1
2024-03-20,2024-03-20 12:10:00,347.85,347.85,347.27,347.27,-0.17,2944.4,1014742.92,-1
2024-03-20,2024-03-20 12:20:00,347.27,347.27,346.69,346.69,-0.17,2944.4,1014742.92,-1
2024-03-20,2024-03-20 12:30:00,346.69,346.69,346.11,346.11,-0.17,2944.4,1014742.92,-1
2024-03-20,2024-03-20 12:40:00,346.11,346.11,345.53,345.53,-0.17,2944.4,1014742.92,-1
2024-03-20,2024-03-20 12:50:00,345.53,345.53,344.95,344.95,-0.17,2944.4,1014742.92,-1
2024-03-20,2024-03-20 13:00:00,344.95,352.9,337.6,344.37,-0.17,2944.4,1014742.92,-1
2024-03-20,2024-03-20 13:10:00,344.37,344.37,343.79,343.79,-0.17,2944.4,1014742.92,-1
2024-03-20,2024-03-20 13:20:00,343.79,343.79,343.21,343.21,-0.17,2944.4,1014742.92,-1
2024-03-20,2024-03-20 13:30:00,343.21,343.21,342.63,342.63,-0.17,2944.4,1014742.92,-1
2024-03-20,2024-03-20 13:40:00,342.63,342.63,342.05,342.05,-0.17,2944.4,1014742.92,-1
2024-03-20,2024-03-20 13:50:00,342.05,342.05,341.48,341.48,-0.17,2944.4,1014742.92,-1
2024-03-20,2024-03-20 14:00:00,341.48,341.48,340.9,340.9,-0.17,2944.4,1014742.92,-1
2024-03-20,2024-03-20 14:10:00,340.9,340.9,340.32,340.32,-0.17,2944.4,1014742.92,-1
2024-03-20,2024-03-20 14:20:00,340.32,340.32,339.74,339.74,-0.17,2944.4,1014742.92,-1
2024-03-20,2024-03-20 14:30:00,339.74,339.74,339.16,339.16,-0.17,2944.4,1014742.92,-1
2024-03-20,2024-03-20 14:40:00,339.16,339.16,338.58,338.58,-0.17,2944.4,1014742.92,-1
2024-03-20,2024-03-20 14:50:00,338.58,338.58,338.0,338.0,-0.17,2944.4,1014742.92,-1
2024-03-20,2024-03-20 15:00:00,338.0,352.9,337.6,338.0,0.0,2944.4,1014742.92,0
2024-03-21,2024-03-21 11:00:00,344.7,344.7,341.19,344.3,-0.12,1723.0,578926.67,-1
2024-03-21,2024-03-21 11:10:00,344.3,344.3,343.89,343.89,-0.12,1723.0,578926.67,-1
2024-03-21,2024-03-21 11:20:00,343.89,343.89,343.49,343.49,-0.12,1723.0,578926.67,-1
2024-03-21,2024-03-21 11:30:00,343.49,343.49,343.08,343.08,-0.12,1723.0,578926.67,-1
2024-03-21,2024-03-21 11:40:00,343.08,343.08,342.68,342.68,-0.12,1723.0,578926.67,-1
2024-03-21,2024-03-21 11:50:00,342.68,342.68,342.27,342.27,-0.12,1723.0,578926.67,-1
2024-03-21,2024-03-21 12:00:00,342.27,342.27,341.87,341.87,-0.12,1723.0,578926.67,-1
2024-03-21,2024-03-21 12:10:00,341.87,341.87,341.47,341.47,-0.12,1723.0,578926.67,-1
2024-03-21,2024-03-21 12:20:00,341.47,341.47,341.06,341.06,-0.12,1723.0,578926.67,-1
2024-03-21,2024-03-21 12:30:00,341.06,341.06,340.66,340.66,-0.12,1723.0,578926.67,-1
2024-03-21,2024-03-21 12:40:00,340.66,340.66,340.25,340.25,-0.12,1723.0,578926.67,-1
2024-03-21,2024-03-21 12:50:00,340.25,340.25,339.85,339.85,-0.12,1723.0,578926.67,-1
2024-03-21,2024-03-21 13:00:00,339.85,344.7,333.0,339.45,-0.12,1723.0,578926.67,-1
2024-03-21,2024-03-21 13:10:00,339.45,339.45,339.04,339.04,-0.12,1723.0,578926.67,-1
2024-03-21,2024-03-21 13:20:00,339.04,339.04,338.64,338.64,-0.12,1723.0,578926.67,-1
2024-03-21,2024-03-21 13:30:00,338.64,338.64,338.23,338.23,-0.12,1723.0,578926.67,-1
2024-03-21,2024-03-21 13:40:00,338.23,338.23,337.83,337.83,-0.12,1723.0,578926.67,-1
2024-03-21,2024-03-21 13:50:00,337.83,337.83,337.43,337.43,-0.12,1723.0,578926.67,-1
2024-03-21,2024-03-21 14:00:00,337.43,337.43,337.02,337.02,-0.12,1723.0,578926.67,-1
2024-03-21,2024-03-21 14:10:00,337.02,337.02,336.62,336.62,-0.12,1723.0,578926.67,-1
2024-03-21,2024-03-21 14:20:00,336.62,336.62,336.21,336.21,-0.12,1723.0,578926.67,-1
2024-03-21,2024-03-21 14:30:00,336.21,336.21,335.81,335.81,-0.12,1723.0,578926.67,-1
2024-03-21,2024-03-21 14:40:00,335.81,335.81,335.4,335.4,-0.12,1723.0,578926.67,-1
2024-03-21,2024-03-21 14:50:00,335.4,335.4,335.0,335.0,-0.12,1723.0,578926.67,-1
2024-03-21,2024-03-21 15:00:00,335.0,344.7,333.0,335.0,0.0,1723.0,578926.67,0
2024-03-25,2024-03-25 11:00:00,340.9,340.9,336.58,340.65,-0.07,2690.24,895210.93,-1
2024-03-25,2024-03-25 11:10:00,340.65,340.65,340.41,340.41,-0.07,2690.24,895210.93,-1
2024-03-25,2024-03-25 11:20:00,340.41,340.41,340.16,340.16,-0.07,2690.24,895210.93,-1
2024-03-25,2024-03-25 11:30:00,340.16,340.16,339.92,339.92,-0.07,2690.24,895210.93,-1
2024-03-25,2024-03-25 11:40:00,339.92,339.92,339.67,339.67,-0.07,2690.24,895210.93,-1
2024-03-25,2024-03-25 11:50:00,339.67,339.67,339.42,339.42,-0.07,2690.24,895210.93,-1
2024-03-25,2024-03-25 12:00:00,339.42,339.42,339.18,339.18,-0.07,2690.24,895210.93,-1
2024-03-25,2024-03-25 12:10:00,339.18,339.18,338.93,338.93,-0.07,2690.24,895210.93,-1
2024-03-25,2024-03-25 12:20:00,338.93,338.93,338.69,338.69,-0.07,2690.24,895210.93,-1
2024-03-25,2024-03-25 12:30:00,338.69,338.69,338.44,338.44,-0.07,2690.24,895210.93,-1
2024-03-25,2024-03-25 12:40:00,338.44,338.44,338.2,338.2,-0.07,2690.24,895210.93,-1
2024-03-25,2024-03-25 12:50:00,338.2,338.2,337.95,337.95,-0.07,2690.24,895210.93,-1
2024-03-25,2024-03-25 13:00:00,337.95,340.9,326.5,337.7,-0.07,2690.24,895210.93,-1
2024-03-25,2024-03-25 13:10:00,337.7,337.7,337.46,337.46,-0.07,2690.24,895210.93,-1
2024-03-25,2024-03-25 13:20:00,337.46,337.46,337.21,337.21,-0.07,2690.24,895210.93,-1
2024-03-25,2024-03-25 13:30:00,337.21,337.21,336.97,336.97,-0.07,2690.24,895210.93,-1
2024-03-25,2024-03-25 13:40:00,336.97,336.97,336.72,336.72,-0.07,2690.24,895210.93,-1
2024-03-25,2024-03-25 13:50:00,336.72,336.72,336.48,336.48,-0.07,2690.24,895210.93,-1
2024-03-25,2024-03-25 14:00:00,336.48,336.48,336.23,336.23,-0.07,2690.24,895210.93,-1
2024-03-25,2024-03-25 14:10:00,336.23,336.23,335.98,335.98,-0.07,2690.24,895210.93,-1
2024-03-25,2024-03-25 14:20:00,335.98,335.98,335.74,335.74,-0.07,2690.24,895210.93,-1
2024-03-25,2024-03-25 14:30:00,335.74,335.74,335.49,335.49,-0.07,2690.24,895210.93,-1
2024-03-25,2024-03-25 14:40:00,335.49,335.49,335.25,335.25,-0.07,2690.24,895210.93,-1
2024-03-25,2024-03-25 14:50:00,335.25,335.25,335.0,335.0,-0.07,2690.24,895210.93,-1
2024-03-25,2024-03-25 15:00:00,335.0,340.9,326.5,335.0,0.0,2690.24,895210.93,0
2024-03-26,2024-03-26 11:00:00,335.0,343.7,334.46,335.79,0.24,9384.96,3317629.72,1
2024-03-26,2024-03-26 11:10:00,335.79,336.58,335.79,336.58,0.24,9384.96,3317629.72,1
2024-03-26,2024-03-26 11:20:00,336.58,337.38,336.58,337.38,0.24,9384.96,3317629.72,1
2024-03-26,2024-03-26 11:30:00,337.38,338.17,337.38,338.17,0.23,9384.96,3317629.72,1
2024-03-26,2024-03-26 11:40:00,338.17,338.96,338.17,338.96,0.23,9384.96,3317629.72,1
2024-03-26,2024-03-26 11:50:00,338.96,339.75,338.96,339.75,0.23,9384.96,3317629.72,1
2024-03-26,2024-03-26 12:00:00,339.75,340.54,339.75,340.54,0.23,9384.96,3317629.72,1
2024-03-26,2024-03-26 12:10:00,340.54,341.33,340.54,341.33,0.23,9384.96,3317629.72,1
2024-03-26,2024-03-26 12:20:00,341.33,342.12,341.33,342.12,0.23,9384.96,3317629.72,1
2024-03-26,2024-03-26 12:30:00,342.12,342.92,342.12,342.92,0.23,9384.96,3317629.72,1
2024-03-26,2024-03-26 12:40:00,342.92,343.71,342.92,343.71,0.23,9384.96,3317629.72,1
2024-03-26,2024-03-26 12:50:00,343.71,344.5,343.71,344.5,0.23,9384.96,3317629.72,1
2024-03-26,2024-03-26 13:00:00,344.5,364.0,333.2,345.29,0.23,9384.96,3317629.72,1
2024-03-26,2024-03-26 13:10:00,345.29,346.08,345.29,346.08,0.23,9384.96,3317629.72,1
2024-03-26,2024-03-26 13:20:00,346.08,346.88,346.08,346.88,0.23,9384.96,3317629.72,1
2024-03-26,2024-03-26 13:30:00,346.88,347.67,346.88,347.67,0.23,9384.96,3317629.72,1
2024-03-26,2024-03-26 13:40:00,347.67,348.46,347.67,348.46,0.23,9384.96,3317629.72,1
2024-03-26,2024-03-26 13:50:00,348.46,349.25,348.46,349.25,0.23,9384.96,3317629.72,1
2024-03-26,2024-03-26 14:00:00,349.25,350.04,349.25,350.04,0.23,9384.96,3317629.72,1
2024-03-26,2024-03-26 14:10:00,350.04,350.83,350.04,350.83,0.23,9384.96,3317629.72,1
2024-03-26,2024-03-26 14:20:00,350.83,351.62,350.83,351.62,0.23,9384.96,3317629.72,1
2024-03-26,2024-03-26 14:30:00,351.62,352.42,351.62,352.42,0.23,9384.96,3317629.72,1
2024-03-26,2024-03-26 14:40:00,352.42,353.21,352.42,353.21,0.22,9384.96,3317629.72,1
2024-03-26,2024-03-26 14:50:00,353.21,354.0,353.21,354.0,0.22,9384.96,3317629.72,1
2024-03-26,2024-03-26 15:00:00,354.0,364.0,333.2,354.0,0.0,9384.96,3317629.72,0
2024-03-27,2024-03-27 11:00:00,361.0,365.2,357.7,360.92,-0.02,9207.28,3328970.34,-1
2024-03-27,2024-03-27 11:10:00,360.92,360.92,360.83,360.83,-0.02,9207.28,3328970.34,-1
2024-03-27,2024-03-27 11:20:00,360.83,360.83,360.75,360.75,-0.02,9207.28,3328970.34,-1
2024-03-27,2024-03-27 11:30:00,360.75,360.75,360.67,360.67,-0.02,9207.28,3328970.34,-1
2024-03-27,2024-03-27 11:40:00,360.67,360.67,360.58,360.58,-0.02,9207.28,3328970.34,-1
2024-03-27,2024-03-27 11:50:00,360.58,360.58,360.5,360.5,-0.02,9207.28,3328970.34,-1
2024-03-27,2024-03-27 12:00:00,360.5,360.5,360.42,360.42,-0.02,9207.28,3328970.34,-1
2024-03-27,2024-03-27 12:10:00,360.42,360.42,360.33,360.33,-0.02,9207.28,3328970.34,-1
2024-03-27,2024-03-27 12:20:00,360.33,360.33,360.25,360.25,-0.02,9207.28,3328970.34,-1
2024-03-27,2024-03-27 12:30:00,360.25,360.25,360.17,360.17,-0.02,9207.28,3328970.34,-1
2024-03-27,2024-03-27 12:40:00,360.17,360.17,360.08,360.08,-0.02,9207.28,3328970.34,-1
2024-03-27,2024-03-27 12:50:00,360.08,360.08,360.0,360.0,-0.02,9207.28,3328970.34,-1
2024-03-27,2024-03-27 13:00:00,360.0,375.0,350.0,359.92,-0.02,9207.28,3328970.34,-1
2024-03-27,2024-03-27 13:10:00,359.92,359.92,359.83,359.83,-0.03,9207.28,3328970.34,-1
2024-03-27,2024-03-27 13:20:00,359.83,359.83,359.75,359.75,-0.02,9207.28,3328970.34,-1
2024-03-27,2024-03-27 13:30:00,359.75,359.75,359.67,359.67,-0.02,9207.28,3328970.34,-1
2024-03-27,2024-03-27 13:40:00,359.67,359.67,359.58,359.58,-0.03,9207.28,3328970.34,-1
2024-03-27,2024-03-27 13:50:00,359.58,359.58,359.5,359.5,-0.02,9207.28,3328970.34,-1
2024-03-27,2024-03-27 14:00:00,359.5,359.5,359.42,359.42,-0.02,9207.28,3328970.34,-1
2024-03-27,2024-03-27 14:10:00,359.42,359.42,359.33,359.33,-0.03,9207.28,3328970.34,-1
2024-03-27,2024-03-27 14:20:00,359.33,359.33,359.25,359.25,-0.02,9207.28,3328970.34,-1
2024-03-27,2024-03-27 14:30:00,359.25,359.25,359.17,359.17,-0.02,9207.28,3328970.34,-1
2024-03-27,2024-03-27 14:40:00,359.17,359.17,359.08,359.08,-0.03,9207.28,3328970.34,-1
2024-03-27,2024-03-27 14:50:00,359.08,359.08,359.0,359.0,-0.02,9207.28,3328970.34,-1
2024-03-27,2024-03-27 15:00:00,359.0,375.0,350.0,359.0,0.0,9207.28,3328970.34,0
2024-03-28,2024-03-28 11:00:00,356.7,357.63,353.19,356.3,-0.11,5294.88,1863546.33,-1
2024-03-28,2024-03-28 11:10:00,356.3,356.3,355.89,355.89,-0.12,5294.88,1863546.33,-1
2024-03-28,2024-03-28 11:20:00,355.89,355.89,355.49,355.49,-0.11,5294.88,1863546.33,-1
2024-03-28,2024-03-28 11:30:00,355.49,355.49,355.08,355.08,-0.12,5294.88,1863546.33,-1
2024-03-28,2024-03-28 11:40:00,355.08,355.08,354.68,354.68,-0.11,5294.88,1863546.33,-1
2024-03-28,2024-03-28 11:50:00,354.68,354.68,354.27,354.27,-0.12,5294.88,1863546.33,-1
2024-03-28,2024-03-28 12:00:00,354.27,354.27,353.87,353.87,-0.11,5294.88,1863546.33,-1
2024-03-28,2024-03-28 12:10:00,353.87,353.87,353.47,353.47,-0.11,5294.88,1863546.33,-1
2024-03-28,2024-03-28 12:20:00,353.47,353.47,353.06,353.06,-0.12,5294.88,1863546.33,-1
2024-03-28,2024-03-28 12:30:00,353.06,353.06,352.66,352.66,-0.11,5294.88,1863546.33,-1
2024-03-28,2024-03-28 12:40:00,352.66,352.66,352.25,352.25,-0.12,5294.88,1863546.33,-1
2024-03-28,2024-03-28 12:50:00,352.25,352.25,351.85,351.85,-0.11,5294.88,1863546.33,-1
2024-03-28,2024-03-28 13:00:00,351.85,359.8,345.0,351.45,-0.11,5294.88,1863546.33,-1
2024-03-28,2024-03-28 13:10:00,351.45,351.45,351.04,351.04,-0.12,5294.88,1863546.33,-1
2024-03-28,2024-03-28 13:20:00,351.04,351.04,350.64,350.64,-0.11,5294.88,1863546.33,-1
2024-03-28,2024-03-28 13:30:00,350.64,350.64,350.23,350.23,-0.12,5294.88,1863546.33,-1
2024-03-28,2024-03-28 13:40:00,350.23,350.23,349.83,349.83,-0.11,5294.88,1863546.33,-1
2024-03-28,2024-03-28 13:50:00,349.83,349.83,349.43,349.43,-0.11,5294.88,1863546.33,-1
2024-03-28,2024-03-28 14:00:00,349.43,349.43,349.02,349.02,-0.12,5294.88,1863546.33,-1
2024-03-28,2024-03-28 14:10:00,349.02,349.02,348.62,348.62,-0.11,5294.88,1863546.33,-1
2024-03-28,2024-03-28 14:20:00,348.62,348.62,348.21,348.21,-0.12,5294.88,1863546.33,-1
2024-03-28,2024-03-28 14:30:00,348.21,348.21,347.81,347.81,-0.11,5294.88,1863546.33,-1
2024-03-28,2024-03-28 14:40:00,347.81,347.81,347.4,347.4,-0.12,5294.88,1863546.33,-1
2024-03-28,2024-03-28 14:50:00,347.4,347.4,347.0,347.0,-0.12,5294.88,1863546.33,-1
2024-03-28,2024-03-28 15:00:00,347.0,359.8,345.0,347.0,0.0,5294.88,1863546.33,0
2024-03-31,2024-03-31 11:00:00,341.0,345.5,339.5,340.88,-0.04,5017.32,1715933.56,-1
2024-03-31,2024-03-31 11:10:00,340.88,340.88,340.75,340.75,-0.04,5017.32,1715933.56,-1
2024-03-31,2024-03-31 11:20:00,340.75,340.75,340.62,340.62,-0.04,5017.32,1715933.56,-1
2024-03-31,2024-03-31 11:30:00,340.62,340.62,340.5,340.5,-0.04,5017.32,1715933.56,-1
2024-03-31,2024-03-31 11:40:00,340.5,340.5,340.38,340.38,-0.04,5017.32,1715933.56,-1
2024-03-31,2024-03-31 11:50:00,340.38,340.38,340.25,340.25,-0.04,5017.32,1715933.56,-1
2024-03-31,2024-03-31 12:00:00,340.25,340.25,340.12,340.12,-0.04,5017.32,1715933.56,-1
2024-03-31,2024-03-31 12:10:00,340.12,340.12,340.0,340.0,-0.04,5017.32,1715933.56,-1
2024-03-31,2024-03-31 12:20:00,340.0,340.0,339.88,339.88,-0.04,5017.32,1715933.56,-1
2024-03-31,2024-03-31 12:30:00,339.88,339.88,339.75,339.75,-0.04,5017.32,1715933.56,-1
2024-03-31,2024-03-31 12:40:00,339.75,339.75,339.62,339.62,-0.04,5017.32,1715933.56,-1
2024-03-31,2024-03-31 12:50:00,339.62,339.62,339.5,339.5,-0.04,5017.32,1715933.56,-1
2024-03-31,2024-03-31 13:00:00,339.5,356.0,336.0,339.38,-0.04,5017.32,1715933.56,-1
2024-03-31,2024-03-31 13:10:00,339.38,339.38,339.25,339.25,-0.04,5017.32,1715933.56,-1
2024-03-31,2024-03-31 13:20:00,339.25,339.25,339.12,339.12,-0.04,5017.32,1715933.56,-1
2024-03-31,2024-03-31 13:30:00,339.12,339.12,339.0,339.0,-0.04,5017.32,1715933.56,-1
2024-03-31,2024-03-31 13:40:00,339.0,339.0,338.88,338.88,-0.04,5017.32,1715933.56,-1
2024-03-31,2024-03-31 13:50:00,338.88,338.88,338.75,338.75,-0.04,5017.32,1715933.56,-1
2024-03-31,2024-03-31 14:00:00,338.75,338.75,338.62,338.62,-0.04,5017.32,1715933.56,-1
2024-03-31,2024-03-31 14:10:00,338.62,338.62,338.5,338.5,-0.04,5017.32,1715933.56,-1
2024-03-31,2024-03-31 14:20:00,338.5,338.5,338.38,338.38,-0.04,5017.32,1715933.56,-1
2024-03-31,2024-03-31 14:30:00,338.38,338.38,338.25,338.25,-0.04,5017.32,1715933.56,-1
2024-03-31,2024-03-31 14:40:00,338.25,338.25,338.12,338.12,-0.04,5017.32,1715933.56,-1
2024-03-31,2024-03-31 14:50:00,338.12,338.12,338.0,338.0,-0.04,5017.32,1715933.56,-1
2024-03-31,2024-03-31 15:00:00,338.0,356.0,336.0,338.0,0.0,5017.32,1715933.56,0
2024-04-01,2024-04-01 11:00:00,338.0,339.8,336.2,337.79,-0.06,3574.0,1197796.44,-1
2024-04-01,2024-04-01 11:10:00,337.79,337.79,337.58,337.58,-0.06,3574.0,1197796.44,-1
2024-04-01,2024-04-01 11:20:00,337.58,337.58,337.38,337.38,-0.06,3574.0,1197796.44,-1
2024-04-01,2024-04-01 11:30:00,337.38,337.38,337.17,337.17,-0.06,3574.0,1197796.44,-1
2024-04-01,2024-04-01 11:40:00,337.17,337.17,336.96,336.96,-0.06,3574.0,1197796.44,-1
2024-04-01,2024-04-01 11:50:00,336.96,336.96,336.75,336.75,-0.06,3574.0,1197796.44,-1
2024-04-01,2024-04-01 12:00:00,336.75,336.75,336.54,336.54,-0.06,3574.0,1197796.44,-1
2024-04-01,2024-04-01 12:10:00,336.54,336.54,336.33,336.33,-0.06,3574.0,1197796.44,-1
2024-04-01,2024-04-01 12:20:00,336.33,336.33,336.12,336.12,-0.06,3574.0,1197796.44,-1
2024-04-01,2024-04-01 12:30:00,336.12,336.12,335.92,335.92,-0.06,3574.0,1197796.44,-1
2024-04-01,2024-04-01 12:40:00,335.92,335.92,335.71,335.71,-0.06,3574.0,1197796.44,-1
2024-04-01,2024-04-01 12:50:00,335.71,335.71,335.5,335.5,-0.06,3574.0,1197796.44,-1
2024-04-01,2024-04-01 13:00:00,335.5,344.0,332.0,335.29,-0.06,3574.0,1197796.44,-1
2024-04-01,2024-04-01 13:10:00,335.29,335.29,335.08,335.08,-0.06,3574.0,1197796.44,-1
2024-04-01,2024-04-01 13:20:00,335.08,335.08,334.88,334.88,-0.06,3574.0,1197796.44,-1
2024-04-01,2024-04-01 13:30:00,334.88,334.88,334.67,334.67,-0.06,3574.0,1197796.44,-1
2024-04-01,2024-04-01 13:40:00,334.67,334.67,334.46,334.46,-0.06,3574.0,1197796.44,-1
2024-04-01,2024-04-01 13:50:00,334.46,334.46,334.25,334.25,-0.06,3574.0,1197796.44,-1
2024-04-01,2024-04-01 14:00:00,334.25,334.25,334.04,334.04,-0.06,3574.0,1197796.44,-1
2024-04-01,2024-04-01 14:10:00,334.04,334.04,333.83,333.83,-0.06,3574.0,1197796.44,-1
2024-04-01,2024-04-01 14:20:00,333.83,333.83,333.62,333.62,-0.06,3574.0,1197796.44,-1
2024-04-01,2024-04-01 14:30:00,333.62,333.62,333.42,333.42,-0.06,3574.0,1197796.44,-1
2024-04-01,2024-04-01 14:40:00,333.42,333.42,333.21,333.21,-0.06,3574.0,1197796.44,-1
2024-04-01,2024-04-01 14:50:00,333.21,333.21,333.0,333.0,-0.06,3574.0,1197796.44,-1
2024-04-01,2024-04-01 15:00:00,333.0,344.0,332.0,333.0,0.0,3574.0,1197796.44,0
2024-04-02,2024-04-02 11:00:00,339.0,339.0,336.3,338.71,-0.09,2882.24,956866.36,-1
2024-04-02,2024-04-02 11:10:00,338.71,338.71,338.43,338.43,-0.08,2882.24,956866.36,-1
2024-04-02,2024-04-02 11:20:00,338.43,338.43,338.14,338.14,-0.09,2882.24,956866.36,-1
2024-04-02,2024-04-02 11:30:00,338.14,338.14,337.85,337.85,-0.09,2882.24,956866.36,-1
2024-04-02,2024-04-02 11:40:00,337.85,337.85,337.56,337.56,-0.09,2882.24,956866.36,-1
2024-04-02,2024-04-02 11:50:00,337.56,337.56,337.27,337.27,-0.09,2882.24,956866.36,-1
2024-04-02,2024-04-02 12:00:00,337.27,337.27,336.99,336.99,-0.08,2882.24,956866.36,-1
2024-04-02,2024-04-02 12:10:00,336.99,336.99,336.7,336.7,-0.09,2882.24,956866.36,-1
2024-04-02,2024-04-02 12:20:00,336.7,336.7,336.41,336.41,-0.09,2882.24,956866.36,-1
2024-04-02,2024-04-02 12:30:00,336.41,336.41,336.12,336.12,-0.09,2882.24,956866.36,-1
2024-04-02,2024-04-02 12:40:00,336.12,336.12,335.84,335.84,-0.08,2882.24,956866.36,-1
2024-04-02,2024-04-02 12:50:00,335.84,335.84,335.55,335.55,-0.09,2882.24,956866.36,-1
2024-04-02,2024-04-02 13:00:00,335.55,339.0,330.0,335.26,-0.09,2882.24,956866.36,-1
2024-04-02,2024-04-02 13:10:00,335.26,335.26,334.98,334.98,-0.08,2882.24,956866.36,-1
2024-04-02,2024-04-02 13:20:00,334.98,334.98,334.69,334.69,-0.09,2882.24,956866.36,-1
2024-04-02,2024-04-02 13:30:00,334.69,334.69,334.4,334.4,-0.09,2882.24,956866.36,-1
2024-04-02,2024-04-02 13:40:00,334.4,334.4,334.11,334.11,-0.09,2882.24,956866.36,-1
2024-04-02,2024-04-02 13:50:00,334.11,334.11,333.83,333.83,-0.08,2882.24,956866.36,-1
2024-04-02,2024-04-02 14:00:00,333.83,333.83,333.54,333.54,-0.09,2882.24,956866.36,-1
2024-04-02,2024-04-02 14:10:00,333.54,333.54,333.25,333.25,-0.09,2882.24,956866.36,-1
2024-04-02,2024-04-02 14:20:00,333.25,333.25,332.96,332.96,-0.09,2882.24,956866.36,-1
2024-04-02,2024-04-02 14:30:00,332.96,332.96,332.68,332.68,-0.08,2882.24,956866.36,-1
2024-04-02,2024-04-02 14:40:00,332.68,332.68,332.39,332.39,-0.09,2882.24,956866.36,-1
2024-04-02,2024-04-02 14:50:00,332.39,332.39,332.1,332.1,-0.09,2882.24,956866.36,-1
2024-04-02,2024-04-02 15:00:00,332.1,339.0,330.0,332.1,0.0,2882.24,956866.36,0
2024-04-03,2024-04-03 11:00:00,336.0,336.0,334.2,335.87,-0.04,1449.8,480593.77,-1
2024-04-03,2024-04-03 11:10:00,335.87,335.87,335.73,335.73,-0.04,1449.8,480593.77,-1
2024-04-03,2024-04-03 11:20:00,335.73,335.73,335.6,335.6,-0.04,1449.8,480593.77,-1
2024-04-03,2024-04-03 11:30:00,335.6,335.6,335.47,335.47,-0.04,1449.8,480593.77,-1
2024-04-03,2024-04-03 11:40:00,335.47,335.47,335.33,335.33,-0.04,1449.8,480593.77,-1
2024-04-03,2024-04-03 11:50:00,335.33,335.33,335.2,335.2,-0.04,1449.8,480593.77,-1
2024-04-03,2024-04-03 12:00:00,335.2,335.2,335.07,335.07,-0.04,1449.8,480593.77,-1
2024-04-03,2024-04-03 12:10:00,335.07,335.07,334.93,334.93,-0.04,1449.8,480593.77,-1
2024-04-03,2024-04-03 12:20:00,334.93,334.93,334.8,334.8,-0.04,1449.8,480593.77,-1
2024-04-03,2024-04-03 12:30:00,334.8,334.8,334.67,334.67,-0.04,1449.8,480593.77,-1
2024-04-03,2024-04-03 12:40:00,334.67,334.67,334.53,334.53,-0.04,1449.8,480593.77,-1
2024-04-03,2024-04-03 12:50:00,334.53,334.53,334.4,334.4,-0.04,1449.8,480593.77,-1
2024-04-03,2024-04-03 13:00:00,334.4,336.0,330.0,334.27,-0.04,1449.8,480593.77,-1
2024-04-03,2024-04-03 13:10:00,334.27,334.27,334.13,334.13,-0.04,1449.8,480593.77,-1
2024-04-03,2024-04-03 13:20:00,334.13,334.13,334.0,334.0,-0.04,1449.8,480593.77,-1
2024-04-03,2024-04-03 13:30:00,334.0,334.0,333.87,333.87,-0.04,1449.8,480593.77,-1
2024-04-03,2024-04-03 13:40:00,333.87,333.87,333.73,333.73,-0.04,1449.8,480593.77,-1
2024-04-03,2024-04-03 13:50:00,333.73,333.73,333.6,333.6,-0.04,1449.8,480593.77,-1
2024-04-03,2024-04-03 14:00:00,333.6,333.6,333.47,333.47,-0.04,1449.8,480593.77,-1
2024-04-03,2024-04-03 14:10:00,333.47,333.47,333.33,333.33,-0.04,1449.8,480593.77,-1
2024-04-03,2024-04-03 14:20:00,333.33,333.33,333.2,333.2,-0.04,1449.8,480593.77,-1
2024-04-03,2024-04-03 14:30:00,333.2,333.2,333.07,333.07,-0.04,1449.8,480593.77,-1
2024-04-03,2024-04-03 14:40:00,333.07,333.07,332.93,332.93,-0.04,1449.8,480593.77,-1
2024-04-03,2024-04-03 14:50:00,332.93,332.93,332.8,332.8,-0.04,1449.8,480593.77,-1
2024-04-03,2024-04-03 15:00:00,332.8,336.0,330.0,332.8,0.0,1449.8,480593.77,0
2024-04-04,2024-04-04 11:00:00,339.4,339.4,335.98,338.97,-0.13,2327.36,768090.16,-1
2024-04-04,2024-04-04 11:10:00,338.97,338.97,338.53,338.53,-0.13,2327.36,768090.16,-1
2024-04-04,2024-04-04 11:20:00,338.53,338.53,338.1,338.1,-0.13,2327.36,768090.16,-1
2024-04-04,2024-04-04 11:30:00,338.1,338.1,337.67,337.67,-0.13,2327.36,768090.16,-1
2024-04-04,2024-04-04 11:40:00,337.67,337.67,337.23,337.23,-0.13,2327.36,768090.16,-1
2024-04-04,2024-04-04 11:50:00,337.23,337.23,336.8,336.8,-0.13,2327.36,768090.16,-1
2024-04-04,2024-04-04 12:00:00,336.8,336.8,336.37,336.37,-0.13,2327.36,768090.16,-1
2024-04-04,2024-04-04 12:10:00,336.37,336.37,335.93,335.93,-0.13,2327.36,768090.16,-1
2024-04-04,2024-04-04 12:20:00,335.93,335.93,335.5,335.5,-0.13,2327.36,768090.16,-1
2024-04-04,2024-04-04 12:30:00,335.5,335.5,335.07,335.07,-0.13,2327.36,768090.16,-1
2024-04-04,2024-04-04 12:40:00,335.07,335.07,334.63,334.63,-0.13,2327.36,768090.16,-1
2024-04-04,2024-04-04 12:50:00,334.63,334.63,334.2,334.2,-0.13,2327.36,768090.16,-1
2024-04-04,2024-04-04 13:00:00,334.2,339.4,328.0,333.77,-0.13,2327.36,768090.16,-1
2024-04-04,2024-04-04 13:10:00,333.77,333.77,333.33,333.33,-0.13,2327.36,768090.16,-1
2024-04-04,2024-04-04 13:20:00,333.33,333.33,332.9,332.9,-0.13,2327.36,768090.16,-1
2024-04-04,2024-04-04 13:30:00,332.9,332.9,332.47,332.47,-0.13,2327.36,768090.16,-1
2024-04-04,2024-04-04 13:40:00,332.47,332.47,332.03,332.03,-0.13,2327.36,768090.16,-1
2024-04-04,2024-04-04 13:50:00,332.03,332.03,331.6,331.6,-0.13,2327.36,768090.16,-1
2024-04-04,2024-04-04 14:00:00,331.6,331.6,331.17,331.17,-0.13,2327.36,768090.16,-1
2024-04-04,2024-04-04 14:10:00,331.17,331.17,330.73,330.73,-0.13,2327.36,768090.16,-1
2024-04-04,2024-04-04 14:20:00,330.73,330.73,330.3,330.3,-0.13,2327.36,768090.16,-1
2024-04-04,2024-04-04 14:30:00,330.3,330.3,329.87,329.87,-0.13,2327.36,768090.16,-1
2024-04-04,2024-04-04 14:40:00,329.87,329.87,329.43,329.43,-0.13,2327.36,768090.16,-1
2024-04-04,2024-04-04 14:50:00,329.43,329.43,329.0,329.0,-0.13,2327.36,768090.16,-1
2024-04-04,2024-04-04 15:00:00,329.0,339.4,328.0,329.0,0.0,2327.36,768090.16,0
2024-04-07,2024-04-07 11:00:00,335.5,335.5,333.55,335.4,-0.03,2141.04,709612.91,-1
2024-04-07,2024-04-07 11:10:00,335.4,335.4,335.29,335.29,-0.03,2141.04,709612.91,-1
2024-04-07,2024-04-07 11:20:00,335.29,335.29,335.19,335.19,-0.03,2141.04,709612.91,-1
2024-04-07,2024-04-07 11:30:00,335.19,335.19,335.08,335.08,-0.03,2141.04,709612.91,-1
2024-04-07,2024-04-07 11:40:00,335.08,335.08,334.98,334.98,-0.03,2141.04,709612.91,-1
2024-04-07,2024-04-07 11:50:00,334.98,334.98,334.88,334.88,-0.03,2141.04,709612.91,-1
2024-04-07,2024-04-07 12:00:00,334.88,334.88,334.77,334.77,-0.03,2141.04,709612.91,-1
2024-04-07,2024-04-07 12:10:00,334.77,334.77,334.67,334.67,-0.03,2141.04,709612.91,-1
2024-04-07,2024-04-07 12:20:00,334.67,334.67,334.56,334.56,-0.03,2141.04,709612.91,-1
2024-04-07,2024-04-07 12:30:00,334.56,334.56,334.46,334.46,-0.03,2141.04,709612.91,-1
2024-04-07,2024-04-07 12:40:00,334.46,334.46,334.35,334.35,-0.03,2141.04,709612.91,-1
2024-04-07,2024-04-07 12:50:00,334.35,334.35,334.25,334.25,-0.03,2141.04,709612.91,-1
2024-04-07,2024-04-07 13:00:00,334.25,335.5,329.0,334.15,-0.03,2141.04,709612.91,-1
2024-04-07,2024-04-07 13:10:00,334.15,334.15,334.04,334.04,-0.03,2141.04,709612.91,-1
2024-04-07,2024-04-07 13:20:00,334.04,334.04,333.94,333.94,-0.03,2141.04,709612.91,-1
2024-04-07,2024-04-07 13:30:00,333.94,333.94,333.83,333.83,-0.03,2141.04,709612.91,-1
2024-04-07,2024-04-07 13:40:00,333.83,333.83,333.73,333.73,-0.03,2141.04,709612.91,-1
2024-04-07,2024-04-07 13:50:00,333.73,333.73,333.62,333.62,-0.03,2141.04,709612.91,-1
2024-04-07,2024-04-07 14:00:00,333.62,333.62,333.52,333.52,-0.03,2141.04,709612.91,-1
2024-04-07,2024-04-07 14:10:00,333.52,333.52,333.42,333.42,-0.03,2141.04,709612.91,-1
2024-04-07,2024-04-07 14:20:00,333.42,333.42,333.31,333.31,-0.03,2141.04,709612.91,-1
2024-04-07,2024-04-07 14:30:00,333.31,333.31,333.21,333.21,-0.03,2141.04,709612.91,-1
2024-04-07,2024-04-07 14:40:00,333.21,333.21,333.1,333.1,-0.03,2141.04,709612.91,-1
2024-04-07,2024-04-07 14:50:00,333.1,333.1,333.0,333.0,-0.03,2141.04,709612.91,-1
2024-04-07,2024-04-07 15:00:00,333.0,335.5,329.0,333.0,0.0,2141.04,709612.91,0
2024-04-09,2024-04-09 11:00:00,334.0,335.5,332.8,334.04,0.01,2631.56,882079.21,1
2024-04-09,2024-04-09 11:10:00,334.04,334.08,334.04,334.08,0.01,2631.56,882079.21,1
2024-04-09,2024-04-09 11:20:00,334.08,334.12,334.08,334.12,0.01,2631.56,882079.21,1
2024-04-09,2024-04-09 11:30:00,334.12,334.17,334.12,334.17,0.01,2631.56,882079.21,1
2024-04-09,2024-04-09 11:40:00,334.17,334.21,334.17,334.21,0.01,2631.56,882079.21,1
2024-04-09,2024-04-09 11:50:00,334.21,334.25,334.21,334.25,0.01,2631.56,882079.21,1
2024-04-09,2024-04-09 12:00:00,334.25,334.29,334.25,334.29,0.01,2631.56,882079.21,1
2024-04-09,2024-04-09 12:10:00,334.29,334.33,334.29,334.33,0.01,2631.56,882079.21,1
2024-04-09,2024-04-09 12:20:00,334.33,334.38,334.33,334.38,0.01,2631.56,882079.21,1
2024-04-09,2024-04-09 12:30:00,334.38,334.42,334.38,334.42,0.01,2631.56,882079.21,1
2024-04-09,2024-04-09 12:40:00,334.42,334.46,334.42,334.46,0.01,2631.56,882079.21,1
2024-04-09,2024-04-09 12:50:00,334.46,334.5,334.46,334.5,0.01,2631.56,882079.21,1
2024-04-09,2024-04-09 13:00:00,334.5,339.0,330.0,334.54,0.01,2631.56,882079.21,1
2024-04-09,2024-04-09 13:10:00,334.54,334.58,334.54,334.58,0.01,2631.56,882079.21,1
2024-04-09,2024-04-09 13:20:00,334.58,334.62,334.58,334.62,0.01,2631.56,882079.21,1
2024-04-09,2024-04-09 13:30:00,334.62,334.67,334.62,334.67,0.01,2631.56,882079.21,1
2024-04-09,2024-04-09 13:40:00,334.67,334.71,334.67,334.71,0.01,2631.56,882079.21,1
2024-04-09,2024-04-09 13:50:00,334.71,334.75,334.71,334.75,0.01,2631.56,882079.21,1
2024-04-09,2024-04-09 14:00:00,334.75,334.79,334.75,334.79,0.01,2631.56,882079.21,1
2024-04-09,2024-04-09 14:10:00,334.79,334.83,334.79,334.83,0.01,2631.56,882079.21,1
2024-04-09,2024-04-09 14:20:00,334.83,334.88,334.83,334.88,0.01,2631.56,882079.21,1
2024-04-09,2024-04-09 14:30:00,334.88,334.92,334.88,334.92,0.01,2631.56,882079.21,1
2024-04-09,2024-04-09 14:40:00,334.92,334.96,334.92,334.96,0.01,2631.56,882079.21,1
2024-04-09,2024-04-09 14:50:00,334.96,335.0,334.96,335.0,0.01,2631.56,882079.21,1
2024-04-09,2024-04-09 15:00:00,335.0,339.0,330.0,335.0,0.0,2631.56,882079.21,0
2024-04-10,2024-04-10 11:00:00,339.0,339.3,336.33,338.75,-0.07,2430.8,814510.45,-1
2024-04-10,2024-04-10 11:10:00,338.75,338.75,338.5,338.5,-0.07,2430.8,814510.45,-1
2024-04-10,2024-04-10 11:20:00,338.5,338.5,338.25,338.25,-0.07,2430.8,814510.45,-1
2024-04-10,2024-04-10 11:30:00,338.25,338.25,338.0,338.0,-0.07,2430.8,814510.45,-1
2024-04-10,2024-04-10 11:40:00,338.0,338.0,337.75,337.75,-0.07,2430.8,814510.45,-1
2024-04-10,2024-04-10 11:50:00,337.75,337.75,337.5,337.5,-0.07,2430.8,814510.45,-1
2024-04-10,2024-04-10 12:00:00,337.5,337.5,337.25,337.25,-0.07,2430.8,814510.45,-1
2024-04-10,2024-04-10 12:10:00,337.25,337.25,337.0,337.0,-0.07,2430.8,814510.45,-1
2024-04-10,2024-04-10 12:20:00,337.0,337.0,336.75,336.75,-0.07,2430.8,814510.45,-1
2024-04-10,2024-04-10 12:30:00,336.75,336.75,336.5,336.5,-0.07,2430.8,814510.45,-1
2024-04-10,2024-04-10 12:40:00,336.5,336.5,336.25,336.25,-0.07,2430.8,814510.45,-1
2024-04-10,2024-04-10 12:50:00,336.25,336.25,336.0,336.0,-0.07,2430.8,814510.45,-1
2024-04-10,2024-04-10 13:00:00,336.0,340.0,330.1,335.75,-0.07,2430.8,814510.45,-1
2024-04-10,2024-04-10 13:10:00,335.75,335.75,335.5,335.5,-0.07,2430.8,814510.45,-1
2024-04-10,2024-04-10 13:20:00,335.5,335.5,335.25,335.25,-0.07,2430.8,814510.45,-1
2024-04-10,2024-04-10 13:30:00,335.25,335.25,335.0,335.0,-0.07,2430.8,814510.45,-1
2024-04-10,2024-04-10 13:40:00,335.0,335.0,334.75,334.75,-0.07,2430.8,814510.45,-1
2024-04-10,2024-04-10 13:50:00,334.75,334.75,334.5,334.5,-0.07,2430.8,814510.45,-1
2024-04-10,2024-04-10 14:00:00,334.5,334.5,334.25,334.25,-0.07,2430.8,814510.45,-1
2024-04-10,2024-04-10 14:10:00,334.25,334.25,334.0,334.0,-0.07,2430.8,814510.45,-1
2024-04-10,2024-04-10 14:20:00,334.0,334.0,333.75,333.75,-0.07,2430.8,814510.45,-1
2024-04-10,2024-04-10 14:30:00,333.75,333.75,333.5,333.5,-0.07,2430.8,814510.45,-1
2024-04-10,2024-04-10 14:40:00,333.5,333.5,333.25,333.25,-0.07,2430.8,814510.45,-1
2024-04-10,2024-04-10 14:50:00,333.25,333.25,333.0,333.0,-0.08,2430.8,814510.45,-1
2024-04-10,2024-04-10 15:00:00,333.0,340.0,330.1,333.0,0.0,2430.8,814510.45,0
2024-04-14,2024-04-14 11:00:00,333.0,337.14,332.1,333.21,0.06,3035.08,1030919.63,1
2024-04-14,2024-04-14 11:10:00,333.21,333.42,333.21,333.42,0.06,3035.08,1030919.63,1
2024-04-14,2024-04-14 11:20:00,333.42,333.62,333.42,333.62,0.06,3035.08,1030919.63,1
2024-04-14,2024-04-14 11:30:00,333.62,333.83,333.62,333.83,0.06,3035.08,1030919.63,1
2024-04-14,2024-04-14 11:40:00,333.83,334.04,333.83,334.04,0.06,3035.08,1030919.63,1
2024-04-14,2024-04-14 11:50:00,334.04,334.25,334.04,334.25,0.06,3035.08,1030919.63,1
2024-04-14,2024-04-14 12:00:00,334.25,334.46,334.25,334.46,0.06,3035.08,1030919.63,1
2024-04-14,2024-04-14 12:10:00,334.46,334.67,334.46,334.67,0.06,3035.08,1030919.63,1
2024-04-14,2024-04-14 12:20:00,334.67,334.88,334.67,334.88,0.06,3035.08,1030919.63,1
2024-04-14,2024-04-14 12:30:00,334.88,335.08,334.88,335.08,0.06,3035.08,1030919.63,1
2024-04-14,2024-04-14 12:40:00,335.08,335.29,335.08,335.29,0.06,3035.08,1030919.63,1
2024-04-14,2024-04-14 12:50:00,335.29,335.5,335.29,335.5,0.06,3035.08,1030919.63,1
2024-04-14,2024-04-14 13:00:00,335.5,346.8,330.0,335.71,0.06,3035.08,1030919.63,1
2024-04-14,2024-04-14 13:10:00,335.71,335.92,335.71,335.92,0.06,3035.08,1030919.63,1
2024-04-14,2024-04-14 13:20:00,335.92,336.12,335.92,336.12,0.06,3035.08,1030919.63,1
2024-04-14,2024-04-14 13:30:00,336.12,336.33,336.12,336.33,0.06,3035.08,1030919.63,1
2024-04-14,2024-04-14 13:40:00,336.33,336.54,336.33,336.54,0.06,3035.08,1030919.63,1
2024-04-14,2024-04-14 13:50:00,336.54,336.75,336.54,336.75,0.06,3035.08,1030919.63,1
2024-04-14,2024-04-14 14:00:00,336.75,336.96,336.75,336.96,0.06,3035.08,1030919.63,1
2024-04-14,2024-04-14 14:10:00,336.96,337.17,336.96,337.17,0.06,3035.08,1030919.63,1
2024-04-14,2024-04-14 14:20:00,337.17,337.38,337.17,337.38,0.06,3035.08,1030919.63,1
2024-04-14,2024-04-14 14:30:00,337.38,337.58,337.38,337.58,0.06,3035.08,1030919.63,1
2024-04-14,2024-04-14 14:40:00,337.58,337.79,337.58,337.79,0.06,3035.08,1030919.63,1
2024-04-14,2024-04-14 14:50:00,337.79,338.0,337.79,338.0,0.06,3035.08,1030919.63,1
2024-04-14,2024-04-14 15:00:00,338.0,346.8,330.0,338.0,0.0,3035.08,1030919.63,0
2024-04-15,2024-04-15 11:00:00,333.4,338.38,333.4,333.49,0.03,3087.52,1059117.39,1
2024-04-15,2024-04-15 11:10:00,333.49,333.57,333.49,333.57,0.02,3087.52,1059117.39,1
2024-04-15,2024-04-15 11:20:00,333.57,333.66,333.57,333.66,0.03,3087.52,1059117.39,1
2024-04-15,2024-04-15 11:30:00,333.66,333.75,333.66,333.75,0.03,3087.52,1059117.39,1
2024-04-15,2024-04-15 11:40:00,333.75,333.84,333.75,333.84,0.03,3087.52,1059117.39,1
2024-04-15,2024-04-15 11:50:00,333.84,333.92,333.84,333.92,0.02,3087.52,1059117.39,1
2024-04-15,2024-04-15 12:00:00,333.92,334.01,333.92,334.01,0.03,3087.52,1059117.39,1
2024-04-15,2024-04-15 12:10:00,334.01,334.1,334.01,334.1,0.03,3087.52,1059117.39,1
2024-04-15,2024-04-15 12:20:00,334.1,334.19,334.1,334.19,0.03,3087.52,1059117.39,1
2024-04-15,2024-04-15 12:30:00,334.19,334.27,334.19,334.27,0.02,3087.52,1059117.39,1
2024-04-15,2024-04-15 12:40:00,334.27,334.36,334.27,334.36,0.03,3087.52,1059117.39,1
2024-04-15,2024-04-15 12:50:00,334.36,334.45,334.36,334.45,0.03,3087.52,1059117.39,1
2024-04-15,2024-04-15 13:00:00,334.45,350.0,333.4,334.54,0.03,3087.52,1059117.39,1
2024-04-15,2024-04-15 13:10:00,334.54,334.62,334.54,334.62,0.02,3087.52,1059117.39,1
2024-04-15,2024-04-15 13:20:00,334.62,334.71,334.62,334.71,0.03,3087.52,1059117.39,1
2024-04-15,2024-04-15 13:30:00,334.71,334.8,334.71,334.8,0.03,3087.52,1059117.39,1
2024-04-15,2024-04-15 13:40:00,334.8,334.89,334.8,334.89,0.03,3087.52,1059117.39,1
2024-04-15,2024-04-15 13:50:00,334.89,334.98,334.89,334.98,0.03,3087.52,1059117.39,1
2024-04-15,2024-04-15 14:00:00,334.98,335.06,334.98,335.06,0.02,3087.52,1059117.39,1
2024-04-15,2024-04-15 14:10:00,335.06,335.15,335.06,335.15,0.03,3087.52,1059117.39,1
2024-04-15,2024-04-15 14:20:00,335.15,335.24,335.15,335.24,0.03,3087.52,1059117.39,1
2024-04-15,2024-04-15 14:30:00,335.24,335.32,335.24,335.32,0.02,3087.52,1059117.39,1
2024-04-15,2024-04-15 14:40:00,335.32,335.41,335.32,335.41,0.03,3087.52,1059117.39,1
2024-04-15,2024-04-15 14:50:00,335.41,335.5,335.41,335.5,0.03,3087.52,1059117.39,1
2024-04-15,2024-04-15 15:00:00,335.5,350.0,333.4,335.5,0.0,3087.52,1059117.39,0
2024-04-16,2024-04-16 11:00:00,335.7,336.99,333.99,335.47,-0.07,1472.92,490502.79,-1
2024-04-16,2024-04-16 11:10:00,335.47,335.47,335.23,335.23,-0.07,1472.92,490502.79,-1
2024-04-16,2024-04-16 11:20:00,335.23,335.23,335.0,335.0,-0.07,1472.92,490502.79,-1
2024-04-16,2024-04-16 11:30:00,335.0,335.0,334.77,334.77,-0.07,1472.92,490502.79,-1
2024-04-16,2024-04-16 11:40:00,334.77,334.77,334.53,334.53,-0.07,1472.92,490502.79,-1
2024-04-16,2024-04-16 11:50:00,334.53,334.53,334.3,334.3,-0.07,1472.92,490502.79,-1
2024-04-16,2024-04-16 12:00:00,334.3,334.3,334.07,334.07,-0.07,1472.92,490502.79,-1
2024-04-16,2024-04-16 12:10:00,334.07,334.07,333.83,333.83,-0.07,1472.92,490502.79,-1
2024-04-16,2024-04-16 12:20:00,333.83,333.83,333.6,333.6,-0.07,1472.92,490502.79,-1
2024-04-16,2024-04-16 12:30:00,333.6,333.6,333.37,333.37,-0.07,1472.92,490502.79,-1
2024-04-16,2024-04-16 12:40:00,333.37,333.37,333.13,333.13,-0.07,1472.92,490502.79,-1
2024-04-16,2024-04-16 12:50:00,333.13,333.13,332.9,332.9,-0.07,1472.92,490502.79,-1
2024-04-16,2024-04-16 13:00:00,332.9,340.0,330.0,332.67,-0.07,1472.92,490502.79,-1
2024-04-16,2024-04-16 13:10:00,332.67,332.67,332.43,332.43,-0.07,1472.92,490502.79,-1
2024-04-16,2024-04-16 13:20:00,332.43,332.43,332.2,332.2,-0.07,1472.92,490502.79,-1
2024-04-16,2024-04-16 13:30:00,332.2,332.2,331.97,331.97,-0.07,1472.92,490502.79,-1
2024-04-16,2024-04-16 13:40:00,331.97,331.97,331.73,331.73,-0.07,1472.92,490502.79,-1
2024-04-16,2024-04-16 13:50:00,331.73,331.73,331.5,331.5,-0.07,1472.92,490502.79,-1
2024-04-16,2024-04-16 14:00:00,331.5,331.5,331.27,331.27,-0.07,1472.92,490502.79,-1
2024-04-16,2024-04-16 14:10:00,331.27,331.27,331.03,331.03,-0.07,1472.92,490502.79,-1
2024-04-16,2024-04-16 14:20:00,331.03,331.03,330.8,330.8,-0.07,1472.92,490502.79,-1
2024-04-16,2024-04-16 14:30:00,330.8,330.8,330.57,330.57,-0.07,1472.92,490502.79,-1
2024-04-16,2024-04-16 14:40:00,330.57,330.57,330.33,330.33,-0.07,1472.92,490502.79,-1
2024-04-16,2024-04-16 14:50:00,330.33,330.33,330.1,330.1,-0.07,1472.92,490502.79,-1
2024-04-16,2024-04-16 15:00:00,330.1,340.0,330.0,330.1,0.0,1472.92,490502.79,0
2024-04-18,2024-04-18 11:00:00,332.0,337.4,328.25,332.54,0.16,2886.56,948899.58,1
2024-04-18,2024-04-18 11:10:00,332.54,333.08,332.54,333.08,0.16,2886.56,948899.58,1
2024-04-18,2024-04-18 11:20:00,333.08,333.62,333.08,333.62,0.16,2886.56,948899.58,1
2024-04-18,2024-04-18 11:30:00,333.62,334.17,333.62,334.17,0.16,2886.56,948899.58,1
2024-04-18,2024-04-18 11:40:00,334.17,334.71,334.17,334.71,0.16,2886.56,948899.58,1
2024-04-18,2024-04-18 11:50:00,334.71,335.25,334.71,335.25,0.16,2886.56,948899.58,1
2024-04-18,2024-04-18 12:00:00,335.25,335.79,335.25,335.79,0.16,2886.56,948899.58,1
2024-04-18,2024-04-18 12:10:00,335.79,336.33,335.79,336.33,0.16,2886.56,948899.58,1
2024-04-18,2024-04-18 12:20:00,336.33,336.88,336.33,336.88,0.16,2886.56,948899.58,1
2024-04-18,2024-04-18 12:30:00,336.88,337.42,336.88,337.42,0.16,2886.56,948899.58,1
2024-04-18,2024-04-18 12:40:00,337.42,337.96,337.42,337.96,0.16,2886.56,948899.58,1
2024-04-18,2024-04-18 12:50:00,337.96,338.5,337.96,338.5,0.16,2886.56,948899.58,1
2024-04-18,2024-04-18 13:00:00,338.5,350.0,319.5,339.04,0.16,2886.56,948899.58,1
2024-04-18,2024-04-18 13:10:00,339.04,339.58,339.04,339.58,0.16,2886.56,948899.58,1
2024-04-18,2024-04-18 13:20:00,339.58,340.12,339.58,340.12,0.16,2886.56,948899.58,1
2024-04-18,2024-04-18 13:30:00,340.12,340.67,340.12,340.67,0.16,2886.56,948899.58,1
2024-04-18,2024-04-18 13:40:00,340.67,341.21,340.67,341.21,0.16,2886.56,948899.58,1
2024-04-18,2024-04-18 13:50:00,341.21,341.75,341.21,341.75,0.16,2886.56,948899.58,1
2024-04-18,2024-04-18 14:00:00,341.75,342.29,341.75,342.29,0.16,2886.56,948899.58,1
2024-04-18,2024-04-18 14:10:00,342.29,342.83,342.29,342.83,0.16,2886.56,948899.58,1
2024-04-18,2024-04-18 14:20:00,342.83,343.38,342.83,343.38,0.16,2886.56,948899.58,1
2024-04-18,2024-04-18 14:30:00,343.38,343.92,343.38,343.92,0.16,2886.56,948899.58,1
2024-04-18,2024-04-18 14:40:00,343.92,344.46,343.92,344.46,0.16,2886.56,948899.58,1
2024-04-18,2024-04-18 14:50:00,344.46,345.0,344.46,345.0,0.16,2886.56,948899.58,1
2024-04-18,2024-04-18 15:00:00,345.0,350.0,319.5,345.0,0.0,2886.56,948899.58,0
2024-04-21,2024-04-21 11:00:00,338.1,350.52,335.67,338.8,0.21,4769.64,1641293.18,1
2024-04-21,2024-04-21 11:10:00,338.8,339.51,338.8,339.51,0.21,4769.64,1641293.18,1
2024-04-21,2024-04-21 11:20:00,339.51,340.21,339.51,340.21,0.21,4769.64,1641293.18,1
2024-04-21,2024-04-21 11:30:00,340.21,340.92,340.21,340.92,0.21,4769.64,1641293.18,1
2024-04-21,2024-04-21 11:40:00,340.92,341.62,340.92,341.62,0.21,4769.64,1641293.18,1
2024-04-21,2024-04-21 11:50:00,341.62,342.33,341.62,342.33,0.21,4769.64,1641293.18,1
2024-04-21,2024-04-21 12:00:00,342.33,343.03,342.33,343.03,0.2,4769.64,1641293.18,1
2024-04-21,2024-04-21 12:10:00,343.03,343.73,343.03,343.73,0.2,4769.64,1641293.18,1
2024-04-21,2024-04-21 12:20:00,343.73,344.44,343.73,344.44,0.21,4769.64,1641293.18,1
2024-04-21,2024-04-21 12:30:00,344.44,345.14,344.44,345.14,0.2,4769.64,1641293.18,1
2024-04-21,2024-04-21 12:40:00,345.14,345.85,345.14,345.85,0.21,4769.64,1641293.18,1
2024-04-21,2024-04-21 12:50:00,345.85,346.55,345.85,346.55,0.2,4769.64,1641293.18,1
2024-04-21,2024-04-21 13:00:00,346.55,379.5,330.0,347.25,0.2,4769.64,1641293.18,1
2024-04-21,2024-04-21 13:10:00,347.25,347.96,347.25,347.96,0.2,4769.64,1641293.18,1
2024-04-21,2024-04-21 13:20:00,347.96,348.66,347.96,348.66,0.2,4769.64,1641293.18,1
2024-04-21,2024-04-21 13:30:00,348.66,349.37,348.66,349.37,0.2,4769.64,1641293.18,1
2024-04-21,2024-04-21 13:40:00,349.37,350.07,349.37,350.07,0.2,4769.64,1641293.18,1
2024-04-21,2024-04-21 13:50:00,350.07,350.77,350.07,350.77,0.2,4769.64,1641293.18,1
2024-04-21,2024-04-21 14:00:00,350.77,351.48,350.77,351.48,0.2,4769.64,1641293.18,1
2024-04-21,2024-04-21 14:10:00,351.48,352.18,351.48,352.18,0.2,4769.64,1641293.18,1
2024-04-21,2024-04-21 14:20:00,352.18,352.89,352.18,352.89,0.2,4769.64,1641293.18,1
2024-04-21,2024-04-21 14:30:00,352.89,353.59,352.89,353.59,0.2,4769.64,1641293.18,1
2024-04-21,2024-04-21 14:40:00,353.59,354.3,353.59,354.3,0.2,4769.64,1641293.18,1
2024-04-21,2024-04-21 14:50:00,354.3,355.0,354.3,355.0,0.2,4769.64,1641293.18,1
2024-04-21,2024-04-21 15:00:00,355.0,379.5,330.0,355.0,0.0,4769.64,1641293.18,0
2024-04-22,2024-04-22 11:00:00,362.0,364.1,358.4,361.88,-0.03,11182.52,4042720.11,-1
2024-04-22,2024-04-22 11:10:00,361.88,361.88,361.75,361.75,-0.04,11182.52,4042720.11,-1
2024-04-22,2024-04-22 11:20:00,361.75,361.75,361.62,361.62,-0.04,11182.52,4042720.11,-1
2024-04-22,2024-04-22 11:30:00,361.62,361.62,361.5,361.5,-0.03,11182.52,4042720.11,-1
2024-04-22,2024-04-22 11:40:00,361.5,361.5,361.38,361.38,-0.03,11182.52,4042720.11,-1
2024-04-22,2024-04-22 11:50:00,361.38,361.38,361.25,361.25,-0.04,11182.52,4042720.11,-1
2024-04-22,2024-04-22 12:00:00,361.25,361.25,361.12,361.12,-0.04,11182.52,4042720.11,-1
2024-04-22,2024-04-22 12:10:00,361.12,361.12,361.0,361.0,-0.03,11182.52,4042720.11,-1
2024-04-22,2024-04-22 12:20:00,361.0,361.0,360.88,360.88,-0.03,11182.52,4042720.11,-1
2024-04-22,2024-04-22 12:30:00,360.88,360.88,360.75,360.75,-0.04,11182.52,4042720.11,-1
2024-04-22,2024-04-22 12:40:00,360.75,360.75,360.62,360.62,-0.04,11182.52,4042720.11,-1
2024-04-22,2024-04-22 12:50:00,360.62,360.62,360.5,360.5,-0.03,11182.52,4042720.11,-1
2024-04-22,2024-04-22 13:00:00,360.5,369.0,350.0,360.38,-0.03,11182.52,4042720.11,-1
2024-04-22,2024-04-22 13:10:00,360.38,360.38,360.25,360.25,-0.04,11182.52,4042720.11,-1
2024-04-22,2024-04-22 13:20:00,360.25,360.25,360.12,360.12,-0.04,11182.52,4042720.11,-1
2024-04-22,2024-04-22 13:30:00,360.12,360.12,360.0,360.0,-0.03,11182.52,4042720.11,-1
2024-04-22,2024-04-22 13:40:00,360.0,360.0,359.88,359.88,-0.03,11182.52,4042720.11,-1
2024-04-22,2024-04-22 13:50:00,359.88,359.88,359.75,359.75,-0.04,11182.52,4042720.11,-1
2024-04-22,2024-04-22 14:00:00,359.75,359.75,359.62,359.62,-0.04,11182.52,4042720.11,-1
2024-04-22,2024-04-22 14:10:00,359.62,359.62,359.5,359.5,-0.03,11182.52,4042720.11,-1
2024-04-22,2024-04-22 14:20:00,359.5,359.5,359.38,359.38,-0.03,11182.52,4042720.11,-1
2024-04-22,2024-04-22 14:30:00,359.38,359.38,359.25,359.25,-0.04,11182.52,4042720.11,-1
2024-04-22,2024-04-22 14:40:00,359.25,359.25,359.12,359.12,-0.04,11182.52,4042720.11,-1
2024-04-22,2024-04-22 14:50:00,359.12,359.12,359.0,359.0,-0.03,11182.52,4042720.11,-1
2024-04-22,2024-04-22 15:00:00,359.0,369.0,350.0,359.0,0.0,11182.52,4042720.11,0
2024-04-24,2024-04-24 11:00:00,351.9,356.13,350.7,351.74,-0.05,3099.52,1102617.3,-1
2024-04-24,2024-04-24 11:10:00,351.74,351.74,351.57,351.57,-0.05,3099.52,1102617.3,-1
2024-04-24,2024-04-24 11:20:00,351.57,351.57,351.41,351.41,-0.05,3099.52,1102617.3,-1
2024-04-24,2024-04-24 11:30:00,351.41,351.41,351.25,351.25,-0.05,3099.52,1102617.3,-1
2024-04-24,2024-04-24 11:40:00,351.25,351.25,351.09,351.09,-0.05,3099.52,1102617.3,-1
2024-04-24,2024-04-24 11:50:00,351.09,351.09,350.92,350.92,-0.05,3099.52,1102617.3,-1
2024-04-24,2024-04-24 12:00:00,350.92,350.92,350.76,350.76,-0.05,3099.52,1102617.3,-1
2024-04-24,2024-04-24 12:10:00,350.76,350.76,350.6,350.6,-0.05,3099.52,1102617.3,-1
2024-04-24,2024-04-24 12:20:00,350.6,350.6,350.44,350.44,-0.05,3099.52,1102617.3,-1
2024-04-24,2024-04-24 12:30:00,350.44,350.44,350.27,350.27,-0.05,3099.52,1102617.3,-1
2024-04-24,2024-04-24 12:40:00,350.27,350.27,350.11,350.11,-0.05,3099.52,1102617.3,-1
2024-04-24,2024-04-24 12:50:00,350.11,350.11,349.95,349.95,-0.05,3099.52,1102617.3,-1
2024-04-24,2024-04-24 13:00:00,349.95,366.0,347.9,349.79,-0.05,3099.52,1102617.3,-1
2024-04-24,2024-04-24 13:10:00,349.79,349.79,349.62,349.62,-0.05,3099.52,1102617.3,-1
2024-04-24,2024-04-24 13:20:00,349.62,349.62,349.46,349.46,-0.05,3099.52,1102617.3,-1
2024-04-24,2024-04-24 13:30:00,349.46,349.46,349.3,349.3,-0.05,3099.52,1102617.3,-1
2024-04-24,2024-04-24 13:40:00,349.3,349.3,349.14,349.14,-0.05,3099.52,1102617.3,-1
2024-04-24,2024-04-24 13:50:00,349.14,349.14,348.98,348.98,-0.05,3099.52,1102617.3,-1
2024-04-24,2024-04-24 14:00:00,348.98,348.98,348.81,348.81,-0.05,3099.52,1102617.3,-1
2024-04-24,2024-04-24 14:10:00,348.81,348.81,348.65,348.65,-0.05,3099.52,1102617.3,-1
2024-04-24,2024-04-24 14:20:00,348.65,348.65,348.49,348.49,-0.05,3099.52,1102617.3,-1
2024-04-24,2024-04-24 14:30:00,348.49,348.49,348.32,348.32,-0.05,3099.52,1102617.3,-1
2024-04-24,2024-04-24 14:40:00,348.32,348.32,348.16,348.16,-0.05,3099.52,1102617.3,-1
2024-04-24,2024-04-24 14:50:00,348.16,348.16,348.0,348.0,-0.05,3099.52,1102617.3,-1
2024-04-24,2024-04-24 15:00:00,348.0,366.0,347.9,348.0,0.0,3099.52,1102617.3,0
2024-04-25,2024-04-25 11:00:00,346.0,347.8,342.79,345.62,-0.11,3257.44,1114937.71,-1
2024-04-25,2024-04-25 11:10:00,345.62,345.62,345.25,345.25,-0.11,3257.44,1114937.71,-1
2024-04-25,2024-04-25 11:20:00,345.25,345.25,344.88,344.88,-0.11,3257.44,1114937.71,-1
2024-04-25,2024-04-25 11:30:00,344.88,344.88,344.5,344.5,-0.11,3257.44,1114937.71,-1
2024-04-25,2024-04-25 11:40:00,344.5,344.5,344.12,344.12,-0.11,3257.44,1114937.71,-1
2024-04-25,2024-04-25 11:50:00,344.12,344.12,343.75,343.75,-0.11,3257.44,1114937.71,-1
2024-04-25,2024-04-25 12:00:00,343.75,343.75,343.38,343.38,-0.11,3257.44,1114937.71,-1
2024-04-25,2024-04-25 12:10:00,343.38,343.38,343.0,343.0,-0.11,3257.44,1114937.71,-1
2024-04-25,2024-04-25 12:20:00,343.0,343.0,342.62,342.62,-0.11,3257.44,1114937.71,-1
2024-04-25,2024-04-25 12:30:00,342.62,342.62,342.25,342.25,-0.11,3257.44,1114937.71,-1
2024-04-25,2024-04-25 12:40:00,342.25,342.25,341.88,341.88,-0.11,3257.44,1114937.71,-1
2024-04-25,2024-04-25 12:50:00,341.88,341.88,341.5,341.5,-0.11,3257.44,1114937.71,-1
2024-04-25,2024-04-25 13:00:00,341.5,352.0,335.3,341.12,-0.11,3257.44,1114937.71,-1
2024-04-25,2024-04-25 13:10:00,341.12,341.12,340.75,340.75,-0.11,3257.44,1114937.71,-1
2024-04-25,2024-04-25 13:20:00,340.75,340.75,340.38,340.38,-0.11,3257.44,1114937.71,-1
2024-04-25,2024-04-25 13:30:00,340.38,340.38,340.0,340.0,-0.11,3257.44,1114937.71,-1
2024-04-25,2024-04-25 13:40:00,340.0,340.0,339.62,339.62,-0.11,3257.44,1114937.71,-1
2024-04-25,2024-04-25 13:50:00,339.62,339.62,339.25,339.25,-0.11,3257.44,1114937.71,-1
2024-04-25,2024-04-25 14:00:00,339.25,339.25,338.88,338.88,-0.11,3257.44,1114937.71,-1
2024-04-25,2024-04-25 14:10:00,338.88,338.88,338.5,338.5,-0.11,3257.44,1114937.71,-1
2024-04-25,2024-04-25 14:20:00,338.5,338.5,338.12,338.12,-0.11,3257.44,1114937.71,-1
2024-04-25,2024-04-25 14:30:00,338.12,338.12,337.75,337.75,-0.11,3257.44,1114937.71,-1
2024-04-25,2024-04-25 14:40:00,337.75,337.75,337.38,337.38,-0.11,3257.44,1114937.71,-1
2024-04-25,2024-04-25 14:50:00,337.38,337.38,337.0,337.0,-0.11,3257.44,1114937.71,-1
2024-04-25,2024-04-25 15:00:00,337.0,352.0,335.3,337.0,0.0,3257.44,1114937.71,0
2024-04-28,2024-04-28 11:00:00,337.0,340.27,336.07,337.08,0.02,2296.72,777558.87,1
2024-04-28,2024-04-28 11:10:00,337.08,337.17,337.08,337.17,0.03,2296.72,777558.87,1
2024-04-28,2024-04-28 11:20:00,337.17,337.25,337.17,337.25,0.02,2296.72,777558.87,1
2024-04-28,2024-04-28 11:30:00,337.25,337.33,337.25,337.33,0.02,2296.72,777558.87,1
2024-04-28,2024-04-28 11:40:00,337.33,337.42,337.33,337.42,0.03,2296.72,777558.87,1
2024-04-28,2024-04-28 11:50:00,337.42,337.5,337.42,337.5,0.02,2296.72,777558.87,1
2024-04-28,2024-04-28 12:00:00,337.5,337.58,337.5,337.58,0.02,2296.72,777558.87,1
2024-04-28,2024-04-28 12:10:00,337.58,337.67,337.58,337.67,0.03,2296.72,777558.87,1
2024-04-28,2024-04-28 12:20:00,337.67,337.75,337.67,337.75,0.02,2296.72,777558.87,1
2024-04-28,2024-04-28 12:30:00,337.75,337.83,337.75,337.83,0.02,2296.72,777558.87,1
2024-04-28,2024-04-28 12:40:00,337.83,337.92,337.83,337.92,0.03,2296.72,777558.87,1
2024-04-28,2024-04-28 12:50:00,337.92,338.0,337.92,338.0,0.02,2296.72,777558.87,1
2024-04-28,2024-04-28 13:00:00,338.0,347.9,333.9,338.08,0.02,2296.72,777558.87,1
2024-04-28,2024-04-28 13:10:00,338.08,338.17,338.08,338.17,0.03,2296.72,777558.87,1
2024-04-28,2024-04-28 13:20:00,338.17,338.25,338.17,338.25,0.02,2296.72,777558.87,1
2024-04-28,2024-04-28 13:30:00,338.25,338.33,338.25,338.33,0.02,2296.72,777558.87,1
2024-04-28,2024-04-28 13:40:00,338.33,338.42,338.33,338.42,0.03,2296.72,777558.87,1
2024-04-28,2024-04-28 13:50:00,338.42,338.5,338.42,338.5,0.02,2296.72,777558.87,1
2024-04-28,2024-04-28 14:00:00,338.5,338.58,338.5,338.58,0.02,2296.72,777558.87,1
2024-04-28,2024-04-28 14:10:00,338.58,338.67,338.58,338.67,0.03,2296.72,777558.87,1
2024-04-28,2024-04-28 14:20:00,338.67,338.75,338.67,338.75,0.02,2296.72,777558.87,1
2024-04-28,2024-04-28 14:30:00,338.75,338.83,338.75,338.83,0.02,2296.72,777558.87,1
2024-04-28,2024-04-28 14:40:00,338.83,338.92,338.83,338.92,0.03,2296.72,777558.87,1
2024-04-28,2024-04-28 14:50:00,338.92,339.0,338.92,339.0,0.02,2296.72,777558.87,1
2024-04-28,2024-04-28 15:00:00,339.0,347.9,333.9,339.0,0.0,2296.72,777558.87,0
2024-04-29,2024-04-29 11:00:00,332.3,336.29,331.1,332.62,0.1,5579.76,1861629.92,1
2024-04-29,2024-04-29 11:10:00,332.62,332.94,332.62,332.94,0.1,5579.76,1861629.92,1
2024-04-29,2024-04-29 11:20:00,332.94,333.26,332.94,333.26,0.1,5579.76,1861629.92,1
2024-04-29,2024-04-29 11:30:00,333.26,333.58,333.26,333.58,0.1,5579.76,1861629.92,1
2024-04-29,2024-04-29 11:40:00,333.58,333.9,333.58,333.9,0.1,5579.76,1861629.92,1
2024-04-29,2024-04-29 11:50:00,333.9,334.23,333.9,334.23,0.1,5579.76,1861629.92,1
2024-04-29,2024-04-29 12:00:00,334.23,334.55,334.23,334.55,0.1,5579.76,1861629.92,1
2024-04-29,2024-04-29 12:10:00,334.55,334.87,334.55,334.87,0.1,5579.76,1861629.92,1
2024-04-29,2024-04-29 12:20:00,334.87,335.19,334.87,335.19,0.1,5579.76,1861629.92,1
2024-04-29,2024-04-29 12:30:00,335.19,335.51,335.19,335.51,0.1,5579.76,1861629.92,1
2024-04-29,2024-04-29 12:40:00,335.51,335.83,335.51,335.83,0.1,5579.76,1861629.92,1
2024-04-29,2024-04-29 12:50:00,335.83,336.15,335.83,336.15,0.1,5579.76,1861629.92,1
2024-04-29,2024-04-29 13:00:00,336.15,345.6,328.3,336.47,0.1,5579.76,1861629.92,1
2024-04-29,2024-04-29 13:10:00,336.47,336.79,336.47,336.79,0.1,5579.76,1861629.92,1
2024-04-29,2024-04-29 13:20:00,336.79,337.11,336.79,337.11,0.1,5579.76,1861629.92,1
2024-04-29,2024-04-29 13:30:00,337.11,337.43,337.11,337.43,0.09,5579.76,1861629.92,1
2024-04-29,2024-04-29 13:40:00,337.43,337.75,337.43,337.75,0.09,5579.76,1861629.92,1
2024-04-29,2024-04-29 13:50:00,337.75,338.07,337.75,338.07,0.09,5579.76,1861629.92,1
2024-04-29,2024-04-29 14:00:00,338.07,338.4,338.07,338.4,0.1,5579.76,1861629.92,1
2024-04-29,2024-04-29 14:10:00,338.4,338.72,338.4,338.72,0.09,5579.76,1861629.92,1
2024-04-29,2024-04-29 14:20:00,338.72,339.04,338.72,339.04,0.09,5579.76,1861629.92,1
2024-04-29,2024-04-29 14:30:00,339.04,339.36,339.04,339.36,0.09,5579.76,1861629.92,1
2024-04-29,2024-04-29 14:40:00,339.36,339.68,339.36,339.68,0.09,5579.76,1861629.92,1
2024-04-29,2024-04-29 14:50:00,339.68,340.0,339.68,340.0,0.09,5579.76,1861629.92,1
2024-04-29,2024-04-29 15:00:00,340.0,345.6,328.3,340.0,0.0,5579.76,1861629.92,0
2024-04-30,2024-04-30 11:00:00,335.0,337.7,334.7,335.0,0.0,2604.4,881707.82,0
2024-04-30,2024-04-30 11:10:00,335.0,335.01,335.0,335.01,0.0,2604.4,881707.82,1
2024-04-30,2024-04-30 11:20:00,335.01,335.01,335.01,335.01,0.0,2604.4,881707.82,0
2024-04-30,2024-04-30 11:30:00,335.01,335.02,335.01,335.02,0.0,2604.4,881707.82,1
2024-04-30,2024-04-30 11:40:00,335.02,335.02,335.02,335.02,0.0,2604.4,881707.82,0
2024-04-30,2024-04-30 11:50:00,335.02,335.02,335.02,335.02,0.0,2604.4,881707.82,0
2024-04-30,2024-04-30 12:00:00,335.02,335.03,335.02,335.03,0.0,2604.4,881707.82,1
2024-04-30,2024-04-30 12:10:00,335.03,335.03,335.03,335.03,0.0,2604.4,881707.82,0
2024-04-30,2024-04-30 12:20:00,335.03,335.04,335.03,335.04,0.0,2604.4,881707.82,1
2024-04-30,2024-04-30 12:30:00,335.04,335.04,335.04,335.04,0.0,2604.4,881707.82,0
2024-04-30,2024-04-30 12:40:00,335.04,335.05,335.04,335.05,0.0,2604.4,881707.82,1
2024-04-30,2024-04-30 12:50:00,335.05,335.05,335.05,335.05,0.0,2604.4,881707.82,0
2024-04-30,2024-04-30 13:00:00,335.05,344.0,334.0,335.05,0.0,2604.4,881707.82,0
2024-04-30,2024-04-30 13:10:00,335.05,335.06,335.05,335.06,0.0,2604.4,881707.82,1
2024-04-30,2024-04-30 13:20:00,335.06,335.06,335.06,335.06,0.0,2604.4,881707.82,0
2024-04-30,2024-04-30 13:30:00,335.06,335.07,335.06,335.07,0.0,2604.4,881707.82,1
2024-04-30,2024-04-30 13:40:00,335.07,335.07,335.07,335.07,0.0,2604.4,881707.82,0
2024-04-30,2024-04-30 13:50:00,335.07,335.08,335.07,335.08,0.0,2604.4,881707.82,1
2024-04-30,2024-04-30 14:00:00,335.08,335.08,335.08,335.08,0.0,2604.4,881707.82,0
2024-04-30,2024-04-30 14:10:00,335.08,335.08,335.08,335.08,0.0,2604.4,881707.82,0
2024-04-30,2024-04-30 14:20:00,335.08,335.09,335.08,335.09,0.0,2604.4,881707.82,1
2024-04-30,2024-04-30 14:30:00,335.09,335.09,335.09,335.09,0.0,2604.4,881707.82,0
2024-04-30,2024-04-30 14:40:00,335.09,335.1,335.09,335.1,0.0,2604.4,881707.82,1
2024-04-30,2024-04-30 14:50:00,335.1,335.1,335.1,335.1,0.0,2604.4,881707.82,0
2024-04-30,2024-04-30 15:00:00,335.1,344.0,334.0,335.1,0.0,2604.4,881707.82,0
2024-05-02,2024-05-02 11:00:00,340.0,340.51,337.3,339.63,-0.11,2547.92,850010.61,-1
2024-05-02,2024-05-02 11:10:00,339.63,339.63,339.27,339.27,-0.11,2547.92,850010.61,-1
2024-05-02,2024-05-02 11:20:00,339.27,339.27,338.9,338.9,-0.11,2547.92,850010.61,-1
2024-05-02,2024-05-02 11:30:00,338.9,338.9,338.53,338.53,-0.11,2547.92,850010.61,-1
2024-05-02,2024-05-02 11:40:00,338.53,338.53,338.17,338.17,-0.11,2547.92,850010.61,-1
2024-05-02,2024-05-02 11:50:00,338.17,338.17,337.8,337.8,-0.11,2547.92,850010.61,-1
2024-05-02,2024-05-02 12:00:00,337.8,337.8,337.43,337.43,-0.11,2547.92,850010.61,-1
2024-05-02,2024-05-02 12:10:00,337.43,337.43,337.07,337.07,-0.11,2547.92,850010.61,-1
2024-05-02,2024-05-02 12:20:00,337.07,337.07,336.7,336.7,-0.11,2547.92,850010.61,-1
2024-05-02,2024-05-02 12:30:00,336.7,336.7,336.33,336.33,-0.11,2547.92,850010.61,-1
2024-05-02,2024-05-02 12:40:00,336.33,336.33,335.97,335.97,-0.11,2547.92,850010.61,-1
2024-05-02,2024-05-02 12:50:00,335.97,335.97,335.6,335.6,-0.11,2547.92,850010.61,-1
2024-05-02,2024-05-02 13:00:00,335.6,341.7,331.0,335.23,-0.11,2547.92,850010.61,-1
2024-05-02,2024-05-02 13:10:00,335.23,335.23,334.87,334.87,-0.11,2547.92,850010.61,-1
2024-05-02,2024-05-02 13:20:00,334.87,334.87,334.5,334.5,-0.11,2547.92,850010.61,-1
2024-05-02,2024-05-02 13:30:00,334.5,334.5,334.13,334.13,-0.11,2547.92,850010.61,-1
2024-05-02,2024-05-02 13:40:00,334.13,334.13,333.77,333.77,-0.11,2547.92,850010.61,-1
2024-05-02,2024-05-02 13:50:00,333.77,333.77,333.4,333.4,-0.11,2547.92,850010.61,-1
2024-05-02,2024-05-02 14:00:00,333.4,333.4,333.03,333.03,-0.11,2547.92,850010.61,-1
2024-05-02,2024-05-02 14:10:00,333.03,333.03,332.67,332.67,-0.11,2547.92,850010.61,-1
2024-05-02,2024-05-02 14:20:00,332.67,332.67,332.3,332.3,-0.11,2547.92,850010.61,-1
2024-05-02,2024-05-02 14:30:00,332.3,332.3,331.93,331.93,-0.11,2547.92,850010.61,-1
2024-05-02,2024-05-02 14:40:00,331.93,331.93,331.57,331.57,-0.11,2547.92,850010.61,-1
2024-05-02,2024-05-02 14:50:00,331.57,331.57,331.2,331.2,-0.11,2547.92,850010.61,-1
2024-05-02,2024-05-02 15:00:00,331.2,341.7,331.0,331.2,0.0,2547.92,850010.61,0
2024-05-05,2024-05-05 11:00:00,331.4,332.78,329.48,331.17,-0.07,2457.12,809989.41,-1
2024-05-05,2024-05-05 11:10:00,331.17,331.17,330.95,330.95,-0.07,2457.12,809989.41,-1
2024-05-05,2024-05-05 11:20:00,330.95,330.95,330.72,330.72,-0.07,2457.12,809989.41,-1
2024-05-05,2024-05-05 11:30:00,330.72,330.72,330.5,330.5,-0.07,2457.12,809989.41,-1
2024-05-05,2024-05-05 11:40:00,330.5,330.5,330.27,330.27,-0.07,2457.12,809989.41,-1
2024-05-05,2024-05-05 11:50:00,330.27,330.27,330.05,330.05,-0.07,2457.12,809989.41,-1
2024-05-05,2024-05-05 12:00:00,330.05,330.05,329.82,329.82,-0.07,2457.12,809989.41,-1
2024-05-05,2024-05-05 12:10:00,329.82,329.82,329.6,329.6,-0.07,2457.12,809989.41,-1
2024-05-05,2024-05-05 12:20:00,329.6,329.6,329.38,329.38,-0.07,2457.12,809989.41,-1
2024-05-05,2024-05-05 12:30:00,329.38,329.38,329.15,329.15,-0.07,2457.12,809989.41,-1
2024-05-05,2024-05-05 12:40:00,329.15,329.15,328.93,328.93,-0.07,2457.12,809989.41,-1
2024-05-05,2024-05-05 12:50:00,328.93,328.93,328.7,328.7,-0.07,2457.12,809989.41,-1
2024-05-05,2024-05-05 13:00:00,328.7,336.0,325.0,328.47,-0.07,2457.12,809989.41,-1
2024-05-05,2024-05-05 13:10:00,328.47,328.47,328.25,328.25,-0.07,2457.12,809989.41,-1
2024-05-05,2024-05-05 13:20:00,328.25,328.25,328.02,328.02,-0.07,2457.12,809989.41,-1
2024-05-05,2024-05-05 13:30:00,328.02,328.02,327.8,327.8,-0.07,2457.12,809989.41,-1
2024-05-05,2024-05-05 13:40:00,327.8,327.8,327.57,327.57,-0.07,2457.12,809989.41,-1
2024-05-05,2024-05-05 13:50:00,327.57,327.57,327.35,327.35,-0.07,2457.12,809989.41,-1
2024-05-05,2024-05-05 14:00:00,327.35,327.35,327.12,327.12,-0.07,2457.12,809989.41,-1
2024-05-05,2024-05-05 14:10:00,327.12,327.12,326.9,326.9,-0.07,2457.12,809989.41,-1
2024-05-05,2024-05-05 14:20:00,326.9,326.9,326.68,326.68,-0.07,2457.12,809989.41,-1
2024-05-05,2024-05-05 14:30:00,326.68,326.68,326.45,326.45,-0.07,2457.12,809989.41,-1
2024-05-05,2024-05-05 14:40:00,326.45,326.45,326.23,326.23,-0.07,2457.12,809989.41,-1
2024-05-05,2024-05-05 14:50:00,326.23,326.23,326.0,326.0,-0.07,2457.12,809989.41,-1
2024-05-05,2024-05-05 15:00:00,326.0,336.0,325.0,326.0,0.0,2457.12,809989.41,0
2024-05-06,2024-05-06 11:00:00,332.5,332.5,329.35,332.19,-0.09,1426.36,463669.62,-1
2024-05-06,2024-05-06 11:10:00,332.19,332.19,331.88,331.88,-0.09,1426.36,463669.62,-1
2024-05-06,2024-05-06 11:20:00,331.88,331.88,331.56,331.56,-0.1,1426.36,463669.62,-1
2024-05-06,2024-05-06 11:30:00,331.56,331.56,331.25,331.25,-0.09,1426.36,463669.62,-1
2024-05-06,2024-05-06 11:40:00,331.25,331.25,330.94,330.94,-0.09,1426.36,463669.62,-1
2024-05-06,2024-05-06 11:50:00,330.94,330.94,330.62,330.62,-0.1,1426.36,463669.62,-1
2024-05-06,2024-05-06 12:00:00,330.62,330.62,330.31,330.31,-0.09,1426.36,463669.62,-1
2024-05-06,2024-05-06 12:10:00,330.31,330.31,330.0,330.0,-0.09,1426.36,463669.62,-1
2024-05-06,2024-05-06 12:20:00,330.0,330.0,329.69,329.69,-0.09,1426.36,463669.62,-1
2024-05-06,2024-05-06 12:30:00,329.69,329.69,329.38,329.38,-0.09,1426.36,463669.62,-1
2024-05-06,2024-05-06 12:40:00,329.38,329.38,329.06,329.06,-0.1,1426.36,463669.62,-1
2024-05-06,2024-05-06 12:50:00,329.06,329.06,328.75,328.75,-0.09,1426.36,463669.62,-1
2024-05-06,2024-05-06 13:00:00,328.75,332.5,322.0,328.44,-0.09,1426.36,463669.62,-1
2024-05-06,2024-05-06 13:10:00,328.44,328.44,328.12,328.12,-0.1,1426.36,463669.62,-1
2024-05-06,2024-05-06 13:20:00,328.12,328.12,327.81,327.81,-0.09,1426.36,463669.62,-1
2024-05-06,2024-05-06 13:30:00,327.81,327.81,327.5,327.5,-0.09,1426.36,463669.62,-1
2024-05-06,2024-05-06 13:40:00,327.5,327.5,327.19,327.19,-0.09,1426.36,463669.62,-1
2024-05-06,2024-05-06 13:50:00,327.19,327.19,326.88,326.88,-0.09,1426.36,463669.62,-1
2024-05-06,2024-05-06 14:00:00,326.88,326.88,326.56,326.56,-0.1,1426.36,463669.62,-1
2024-05-06,2024-05-06 14:10:00,326.56,326.56,326.25,326.25,-0.09,1426.36,463669.62,-1
2024-05-06,2024-05-06 14:20:00,326.25,326.25,325.94,325.94,-0.1,1426.36,463669.62,-1
2024-05-06,2024-05-06 14:30:00,325.94,325.94,325.62,325.62,-0.1,1426.36,463669.62,-1
2024-05-06,2024-05-06 14:40:00,325.62,325.62,325.31,325.31,-0.1,1426.36,463669.62,-1
2024-05-06,2024-05-06 14:50:00,325.31,325.31,325.0,325.0,-0.1,1426.36,463669.62,-1
2024-05-06,2024-05-06 15:00:00,325.0,332.5,322.0,325.0,0.0,1426.36,463669.62,0
2024-05-07,2024-05-07 11:00:00,323.0,325.1,322.1,322.95,-0.02,1448.72,469025.67,-1
2024-05-07,2024-05-07 11:10:00,322.95,322.95,322.91,322.91,-0.01,1448.72,469025.67,-1
2024-05-07,2024-05-07 11:20:00,322.91,322.91,322.86,322.86,-0.02,1448.72,469025.67,-1
2024-05-07,2024-05-07 11:30:00,322.86,322.86,322.82,322.82,-0.01,1448.72,469025.67,-1
2024-05-07,2024-05-07 11:40:00,322.82,322.82,322.77,322.77,-0.02,1448.72,469025.67,-1
2024-05-07,2024-05-07 11:50:00,322.77,322.77,322.73,322.73,-0.01,1448.72,469025.67,-1
2024-05-07,2024-05-07 12:00:00,322.73,322.73,322.68,322.68,-0.02,1448.72,469025.67,-1
2024-05-07,2024-05-07 12:10:00,322.68,322.68,322.63,322.63,-0.02,1448.72,469025.67,-1
2024-05-07,2024-05-07 12:20:00,322.63,322.63,322.59,322.59,-0.01,1448.72,469025.67,-1
2024-05-07,2024-05-07 12:30:00,322.59,322.59,322.54,322.54,-0.02,1448.72,469025.67,-1
2024-05-07,2024-05-07 12:40:00,322.54,322.54,322.5,322.5,-0.01,1448.72,469025.67,-1
2024-05-07,2024-05-07 12:50:00,322.5,322.5,322.45,322.45,-0.02,1448.72,469025.67,-1
2024-05-07,2024-05-07 13:00:00,322.45,330.0,320.0,322.4,-0.02,1448.72,469025.67,-1
2024-05-07,2024-05-07 13:10:00,322.4,322.4,322.36,322.36,-0.01,1448.72,469025.67,-1
2024-05-07,2024-05-07 13:20:00,322.36,322.36,322.31,322.31,-0.02,1448.72,469025.67,-1
2024-05-07,2024-05-07 13:30:00,322.31,322.31,322.27,322.27,-0.01,1448.72,469025.67,-1
2024-05-07,2024-05-07 13:40:00,322.27,322.27,322.22,322.22,-0.02,1448.72,469025.67,-1
2024-05-07,2024-05-07 13:50:00,322.22,322.22,322.17,322.17,-0.02,1448.72,469025.67,-1
2024-05-07,2024-05-07 14:00:00,322.17,322.17,322.13,322.13,-0.01,1448.72,469025.67,-1
2024-05-07,2024-05-07 14:10:00,322.13,322.13,322.08,322.08,-0.02,1448.72,469025.67,-1
2024-05-07,2024-05-07 14:20:00,322.08,322.08,322.04,322.04,-0.01,1448.72,469025.67,-1
2024-05-07,2024-05-07 14:30:00,322.04,322.04,321.99,321.99,-0.02,1448.72,469025.67,-1
2024-05-07,2024-05-07 14:40:00,321.99,321.99,321.95,321.95,-0.01,1448.72,469025.67,-1
2024-05-07,2024-05-07 14:50:00,321.95,321.95,321.9,321.9,-0.02,1448.72,469025.67,-1
2024-05-07,2024-05-07 15:00:00,321.9,330.0,320.0,321.9,0.0,1448.72,469025.67,0
2024-05-08,2024-05-08 11:00:00,319.0,319.6,317.8,318.92,-0.03,2048.52,649854.44,-1
2024-05-08,2024-05-08 11:10:00,318.92,318.92,318.83,318.83,-0.03,2048.52,649854.44,-1
2024-05-08,2024-05-08 11:20:00,318.83,318.83,318.75,318.75,-0.03,2048.52,649854.44,-1
2024-05-08,2024-05-08 11:30:00,318.75,318.75,318.67,318.67,-0.03,2048.52,649854.44,-1
2024-05-08,2024-05-08 11:40:00,318.67,318.67,318.58,318.58,-0.03,2048.52,649854.44,-1
2024-05-08,2024-05-08 11:50:00,318.58,318.58,318.5,318.5,-0.03,2048.52,649854.44,-1
2024-05-08,2024-05-08 12:00:00,318.5,318.5,318.42,318.42,-0.03,2048.52,649854.44,-1
2024-05-08,2024-05-08 12:10:00,318.42,318.42,318.33,318.33,-0.03,2048.52,649854.44,-1
2024-05-08,2024-05-08 12:20:00,318.33,318.33,318.25,318.25,-0.03,2048.52,649854.44,-1
2024-05-08,2024-05-08 12:30:00,318.25,318.25,318.17,318.17,-0.03,2048.52,649854.44,-1
2024-05-08,2024-05-08 12:40:00,318.17,318.17,318.08,318.08,-0.03,2048.52,649854.44,-1
2024-05-08,2024-05-08 12:50:00,318.08,318.08,318.0,318.0,-0.03,2048.52,649854.44,-1
2024-05-08,2024-05-08 13:00:00,318.0,321.0,315.0,317.92,-0.03,2048.52,649854.44,-1
2024-05-08,2024-05-08 13:10:00,317.92,317.92,317.83,317.83,-0.03,2048.52,649854.44,-1
2024-05-08,2024-05-08 13:20:00,317.83,317.83,317.75,317.75,-0.03,2048.52,649854.44,-1
2024-05-08,2024-05-08 13:30:00,317.75,317.75,317.67,317.67,-0.03,2048.52,649854.44,-1
2024-05-08,2024-05-08 13:40:00,317.67,317.67,317.58,317.58,-0.03,2048.52,649854.44,-1
2024-05-08,2024-05-08 13:50:00,317.58,317.58,317.5,317.5,-0.03,2048.52,649854.44,-1
2024-05-08,2024-05-08 14:00:00,317.5,317.5,317.42,317.42,-0.03,2048.52,649854.44,-1
2024-05-08,2024-05-08 14:10:00,317.42,317.42,317.33,317.33,-0.03,2048.52,649854.44,-1
2024-05-08,2024-05-08 14:20:00,317.33,317.33,317.25,317.25,-0.03,2048.52,649854.44,-1
2024-05-08,2024-05-08 14:30:00,317.25,317.25,317.17,317.17,-0.03,2048.52,649854.44,-1
2024-05-08,2024-05-08 14:40:00,317.17,317.17,317.08,317.08,-0.03,2048.52,649854.44,-1
2024-05-08,2024-05-08 14:50:00,317.08,317.08,317.0,317.0,-0.03,2048.52,649854.44,-1
2024-05-08,2024-05-08 15:00:00,317.0,321.0,315.0,317.0,0.0,2048.52,649854.44,0
2024-05-09,2024-05-09 11:00:00,313.0,316.03,313.0,313.08,0.03,2029.72,643153.37,1
2024-05-09,2024-05-09 11:10:00,313.08,313.17,313.08,313.17,0.03,2029.72,643153.37,1
2024-05-09,2024-05-09 11:20:00,313.17,313.25,313.17,313.25,0.03,2029.72,643153.37,1
2024-05-09,2024-05-09 11:30:00,313.25,313.33,313.25,313.33,0.03,2029.72,643153.37,1
2024-05-09,2024-05-09 11:40:00,313.33,313.42,313.33,313.42,0.03,2029.72,643153.37,1
2024-05-09,2024-05-09 11:50:00,313.42,313.5,313.42,313.5,0.03,2029.72,643153.37,1
2024-05-09,2024-05-09 12:00:00,313.5,313.58,313.5,313.58,0.03,2029.72,643153.37,1
2024-05-09,2024-05-09 12:10:00,313.58,313.67,313.58,313.67,0.03,2029.72,643153.37,1
2024-05-09,2024-05-09 12:20:00,313.67,313.75,313.67,313.75,0.03,2029.72,643153.37,1
2024-05-09,2024-05-09 12:30:00,313.75,313.83,313.75,313.83,0.03,2029.72,643153.37,1
2024-05-09,2024-05-09 12:40:00,313.83,313.92,313.83,313.92,0.03,2029.72,643153.37,1
2024-05-09,2024-05-09 12:50:00,313.92,314.0,313.92,314.0,0.03,2029.72,643153.37,1
2024-05-09,2024-05-09 13:00:00,314.0,323.1,313.0,314.08,0.03,2029.72,643153.37,1
2024-05-09,2024-05-09 13:10:00,314.08,314.17,314.08,314.17,0.03,2029.72,643153.37,1
2024-05-09,2024-05-09 13:20:00,314.17,314.25,314.17,314.25,0.03,2029.72,643153.37,1
2024-05-09,2024-05-09 13:30:00,314.25,314.33,314.25,314.33,0.03,2029.72,643153.37,1
2024-05-09,2024-05-09 13:40:00,314.33,314.42,314.33,314.42,0.03,2029.72,643153.37,1
2024-05-09,2024-05-09 13:50:00,314.42,314.5,314.42,314.5,0.03,2029.72,643153.37,1
2024-05-09,2024-05-09 14:00:00,314.5,314.58,314.5,314.58,0.03,2029.72,643153.37,1
2024-05-09,2024-05-09 14:10:00,314.58,314.67,314.58,314.67,0.03,2029.72,643153.37,1
2024-05-09,2024-05-09 14:20:00,314.67,314.75,314.67,314.75,0.03,2029.72,643153.37,1
2024-05-09,2024-05-09 14:30:00,314.75,314.83,314.75,314.83,0.03,2029.72,643153.37,1
2024-05-09,2024-05-09 14:40:00,314.83,314.92,314.83,314.92,0.03,2029.72,643153.37,1
2024-05-09,2024-05-09 14:50:00,314.92,315.0,314.92,315.0,0.03,2029.72,643153.37,1
2024-05-09,2024-05-09 15:00:00,315.0,323.1,313.0,315.0,0.0,2029.72,643153.37,0
2024-05-12,2024-05-12 11:00:00,320.0,320.0,317.36,319.67,-0.1,1510.88,475165.24,-1
2024-05-12,2024-05-12 11:10:00,319.67,319.67,319.33,319.33,-0.11,1510.88,475165.24,-1
2024-05-12,2024-05-12 11:20:00,319.33,319.33,319.0,319.0,-0.1,1510.88,475165.24,-1
2024-05-12,2024-05-12 11:30:00,319.0,319.0,318.67,318.67,-0.1,1510.88,475165.24,-1
2024-05-12,2024-05-12 11:40:00,318.67,318.67,318.33,318.33,-0.11,1510.88,475165.24,-1
2024-05-12,2024-05-12 11:50:00,318.33,318.33,318.0,318.0,-0.1,1510.88,475165.24,-1
2024-05-12,2024-05-12 12:00:00,318.0,318.0,317.67,317.67,-0.1,1510.88,475165.24,-1
2024-05-12,2024-05-12 12:10:00,317.67,317.67,317.33,317.33,-0.11,1510.88,475165.24,-1
2024-05-12,2024-05-12 12:20:00,317.33,317.33,317.0,317.0,-0.1,1510.88,475165.24,-1
2024-05-12,2024-05-12 12:30:00,317.0,317.0,316.67,316.67,-0.1,1510.88,475165.24,-1
2024-05-12,2024-05-12 12:40:00,316.67,316.67,316.33,316.33,-0.11,1510.88,475165.24,-1
2024-05-12,2024-05-12 12:50:00,316.33,316.33,316.0,316.0,-0.1,1510.88,475165.24,-1
2024-05-12,2024-05-12 13:00:00,316.0,320.0,311.2,315.67,-0.1,1510.88,475165.24,-1
2024-05-12,2024-05-12 13:10:00,315.67,315.67,315.33,315.33,-0.11,1510.88,475165.24,-1
2024-05-12,2024-05-12 13:20:00,315.33,315.33,315.0,315.0,-0.1,1510.88,475165.24,-1
2024-05-12,2024-05-12 13:30:00,315.0,315.0,314.67,314.67,-0.1,1510.88,475165.24,-1
2024-05-12,2024-05-12 13:40:00,314.67,314.67,314.33,314.33,-0.11,1510.88,475165.24,-1
2024-05-12,2024-05-12 13:50:00,314.33,314.33,314.0,314.0,-0.1,1510.88,475165.24,-1
2024-05-12,2024-05-12 14:00:00,314.0,314.0,313.67,313.67,-0.11,1510.88,475165.24,-1
2024-05-12,2024-05-12 14:10:00,313.67,313.67,313.33,313.33,-0.11,1510.88,475165.24,-1
2024-05-12,2024-05-12 14:20:00,313.33,313.33,313.0,313.0,-0.11,1510.88,475165.24,-1
2024-05-12,2024-05-12 14:30:00,313.0,313.0,312.67,312.67,-0.11,1510.88,475165.24,-1
2024-05-12,2024-05-12 14:40:00,312.67,312.67,312.33,312.33,-0.11,1510.88,475165.24,-1
2024-05-12,2024-05-12 14:50:00,312.33,312.33,312.0,312.0,-0.11,1510.88,475165.24,-1
2024-05-12,2024-05-12 15:00:00,312.0,320.0,311.2,312.0,0.0,1510.88,475165.24,0
2024-05-13,2024-05-13 11:00:00,315.0,315.6,313.2,314.79,-0.07,1248.4,388405.88,-1
2024-05-13,2024-05-13 11:10:00,314.79,314.79,314.58,314.58,-0.07,1248.4,388405.88,-1
2024-05-13,2024-05-13 11:20:00,314.58,314.58,314.38,314.38,-0.06,1248.4,388405.88,-1
2024-05-13,2024-05-13 11:30:00,314.38,314.38,314.17,314.17,-0.07,1248.4,388405.88,-1
2024-05-13,2024-05-13 11:40:00,314.17,314.17,313.96,313.96,-0.07,1248.4,388405.88,-1
2024-05-13,2024-05-13 11:50:00,313.96,313.96,313.75,313.75,-0.07,1248.4,388405.88,-1
2024-05-13,2024-05-13 12:00:00,313.75,313.75,313.54,313.54,-0.07,1248.4,388405.88,-1
2024-05-13,2024-05-13 12:10:00,313.54,313.54,313.33,313.33,-0.07,1248.4,388405.88,-1
2024-05-13,2024-05-13 12:20:00,313.33,313.33,313.12,313.12,-0.07,1248.4,388405.88,-1
2024-05-13,2024-05-13 12:30:00,313.12,313.12,312.92,312.92,-0.06,1248.4,388405.88,-1
2024-05-13,2024-05-13 12:40:00,312.92,312.92,312.71,312.71,-0.07,1248.4,388405.88,-1
2024-05-13,2024-05-13 12:50:00,312.71,312.71,312.5,312.5,-0.07,1248.4,388405.88,-1
2024-05-13,2024-05-13 13:00:00,312.5,317.0,309.0,312.29,-0.07,1248.4,388405.88,-1
2024-05-13,2024-05-13 13:10:00,312.29,312.29,312.08,312.08,-0.07,1248.4,388405.88,-1
2024-05-13,2024-05-13 13:20:00,312.08,312.08,311.88,311.88,-0.06,1248.4,388405.88,-1
2024-05-13,2024-05-13 13:30:00,311.88,311.88,311.67,311.67,-0.07,1248.4,388405.88,-1
2024-05-13,2024-05-13 13:40:00,311.67,311.67,311.46,311.46,-0.07,1248.4,388405.88,-1
2024-05-13,2024-05-13 13:50:00,311.46,311.46,311.25,311.25,-0.07,1248.4,388405.88,-1
2024-05-13,2024-05-13 14:00:00,311.25,311.25,311.04,311.04,-0.07,1248.4,388405.88,-1
2024-05-13,2024-05-13 14:10:00,311.04,311.04,310.83,310.83,-0.07,1248.4,388405.88,-1
2024-05-13,2024-05-13 14:20:00,310.83,310.83,310.62,310.62,-0.07,1248.4,388405.88,-1
2024-05-13,2024-05-13 14:30:00,310.62,310.62,310.42,310.42,-0.06,1248.4,388405.88,-1
2024-05-13,2024-05-13 14:40:00,310.42,310.42,310.21,310.21,-0.07,1248.4,388405.88,-1
2024-05-13,2024-05-13 14:50:00,310.21,310.21,310.0,310.0,-0.07,1248.4,388405.88,-1
2024-05-13,2024-05-13 15:00:00,310.0,317.0,309.0,310.0,0.0,1248.4,388405.88,0
2024-05-14,2024-05-14 11:00:00,308.0,311.9,308.0,308.5,0.16,1865.52,592187.33,1
2024-05-14,2024-05-14 11:10:00,308.5,309.0,308.5,309.0,0.16,1865.52,592187.33,1
2024-05-14,2024-05-14 11:20:00,309.0,309.5,309.0,309.5,0.16,1865.52,592187.33,1
2024-05-14,2024-05-14 11:30:00,309.5,310.0,309.5,310.0,0.16,1865.52,592187.33,1
2024-05-14,2024-05-14 11:40:00,310.0,310.5,310.0,310.5,0.16,1865.52,592187.33,1
2024-05-14,2024-05-14 11:50:00,310.5,311.0,310.5,311.0,0.16,1865.52,592187.33,1
2024-05-14,2024-05-14 12:00:00,311.0,311.5,311.0,311.5,0.16,1865.52,592187.33,1
2024-05-14,2024-05-14 12:10:00,311.5,312.0,311.5,312.0,0.16,1865.52,592187.33,1
2024-05-14,2024-05-14 12:20:00,312.0,312.5,312.0,312.5,0.16,1865.52,592187.33,1
2024-05-14,2024-05-14 12:30:00,312.5,313.0,312.5,313.0,0.16,1865.52,592187.33,1
2024-05-14,2024-05-14 12:40:00,313.0,313.5,313.0,313.5,0.16,1865.52,592187.33,1
2024-05-14,2024-05-14 12:50:00,313.5,314.0,313.5,314.0,0.16,1865.52,592187.33,1
2024-05-14,2024-05-14 13:00:00,314.0,321.0,308.0,314.5,0.16,1865.52,592187.33,1
2024-05-14,2024-05-14 13:10:00,314.5,315.0,314.5,315.0,0.16,1865.52,592187.33,1
2024-05-14,2024-05-14 13:20:00,315.0,315.5,315.0,315.5,0.16,1865.52,592187.33,1
2024-05-14,2024-05-14 13:30:00,315.5,316.0,315.5,316.0,0.16,1865.52,592187.33,1
2024-05-14,2024-05-14 13:40:00,316.0,316.5,316.0,316.5,0.16,1865.52,592187.33,1
2024-05-14,2024-05-14 13:50:00,316.5,317.0,316.5,317.0,0.16,1865.52,592187.33,1
2024-05-14,2024-05-14 14:00:00,317.0,317.5,317.0,317.5,0.16,1865.52,592187.33,1
2024-05-14,2024-05-14 14:10:00,317.5,318.0,317.5,318.0,0.16,1865.52,592187.33,1
2024-05-14,2024-05-14 14:20:00,318.0,318.5,318.0,318.5,0.16,1865.52,592187.33,1
2024-05-14,2024-05-14 14:30:00,318.5,319.0,318.5,319.0,0.16,1865.52,592187.33,1
2024-05-14,2024-05-14 14:40:00,319.0,319.5,319.0,319.5,0.16,1865.52,592187.33,1
2024-05-14,2024-05-14 14:50:00,319.5,320.0,319.5,320.0,0.16,1865.52,592187.33,1
2024-05-14,2024-05-14 15:00:00,320.0,321.0,308.0,320.0,0.0,1865.52,592187.33,0
2024-05-15,2024-05-15 11:00:00,325.0,325.3,320.5,324.38,-0.19,2381.56,756032.06,-1
2024-05-15,2024-05-15 11:10:00,324.38,324.38,323.76,323.76,-0.19,2381.56,756032.06,-1
2024-05-15,2024-05-15 11:20:00,323.76,323.76,323.14,323.14,-0.19,2381.56,756032.06,-1
2024-05-15,2024-05-15 11:30:00,323.14,323.14,322.52,322.52,-0.19,2381.56,756032.06,-1
2024-05-15,2024-05-15 11:40:00,322.52,322.52,321.9,321.9,-0.19,2381.56,756032.06,-1
2024-05-15,2024-05-15 11:50:00,321.9,321.9,321.27,321.27,-0.2,2381.56,756032.06,-1
2024-05-15,2024-05-15 12:00:00,321.27,321.27,320.65,320.65,-0.19,2381.56,756032.06,-1
2024-05-15,2024-05-15 12:10:00,320.65,320.65,320.03,320.03,-0.19,2381.56,756032.06,-1
2024-05-15,2024-05-15 12:20:00,320.03,320.03,319.41,319.41,-0.19,2381.56,756032.06,-1
2024-05-15,2024-05-15 12:30:00,319.41,319.41,318.79,318.79,-0.19,2381.56,756032.06,-1
2024-05-15,2024-05-15 12:40:00,318.79,318.79,318.17,318.17,-0.19,2381.56,756032.06,-1
2024-05-15,2024-05-15 12:50:00,318.17,318.17,317.55,317.55,-0.19,2381.56,756032.06,-1
2024-05-15,2024-05-15 13:00:00,317.55,326.0,310.0,316.93,-0.2,2381.56,756032.06,-1
2024-05-15,2024-05-15 13:10:00,316.93,316.93,316.31,316.31,-0.2,2381.56,756032.06,-1
2024-05-15,2024-05-15 13:20:00,316.31,316.31,315.69,315.69,-0.2,2381.56,756032.06,-1
2024-05-15,2024-05-15 13:30:00,315.69,315.69,315.07,315.07,-0.2,2381.56,756032.06,-1
2024-05-15,2024-05-15 13:40:00,315.07,315.07,314.45,314.45,-0.2,2381.56,756032.06,-1
2024-05-15,2024-05-15 13:50:00,314.45,314.45,313.83,313.83,-0.2,2381.56,756032.06,-1
2024-05-15,2024-05-15 14:00:00,313.83,313.83,313.2,313.2,-0.2,2381.56,756032.06,-1
2024-05-15,2024-05-15 14:10:00,313.2,313.2,312.58,312.58,-0.2,2381.56,756032.06,-1
2024-05-15,2024-05-15 14:20:00,312.58,312.58,311.96,311.96,-0.2,2381.56,756032.06,-1
2024-05-15,2024-05-15 14:30:00,311.96,311.96,311.34,311.34,-0.2,2381.56,756032.06,-1
2024-05-15,2024-05-15 14:40:00,311.34,311.34,310.72,310.72,-0.2,2381.56,756032.06,-1
2024-05-15,2024-05-15 14:50:00,310.72,310.72,310.1,310.1,-0.2,2381.56,756032.06,-1
2024-05-15,2024-05-15 15:00:00,310.1,326.0,310.0,310.1,0.0,2381.56,756032.06,0
2024-05-16,2024-05-16 11:00:00,309.0,311.4,307.8,308.96,-0.01,1362.6,421089.34,-1
2024-05-16,2024-05-16 11:10:00,308.96,308.96,308.92,308.92,-0.01,1362.6,421089.34,-1
2024-05-16,2024-05-16 11:20:00,308.92,308.92,308.88,308.88,-0.01,1362.6,421089.34,-1
2024-05-16,2024-05-16 11:30:00,308.88,308.88,308.83,308.83,-0.02,1362.6,421089.34,-1
2024-05-16,2024-05-16 11:40:00,308.83,308.83,308.79,308.79,-0.01,1362.6,421089.34,-1
2024-05-16,2024-05-16 11:50:00,308.79,308.79,308.75,308.75,-0.01,1362.6,421089.34,-1
2024-05-16,2024-05-16 12:00:00,308.75,308.75,308.71,308.71,-0.01,1362.6,421089.34,-1
2024-05-16,2024-05-16 12:10:00,308.71,308.71,308.67,308.67,-0.01,1362.6,421089.34,-1
2024-05-16,2024-05-16 12:20:00,308.67,308.67,308.62,308.62,-0.02,1362.6,421089.34,-1
2024-05-16,2024-05-16 12:30:00,308.62,308.62,308.58,308.58,-0.01,1362.6,421089.34,-1
2024-05-16,2024-05-16 12:40:00,308.58,308.58,308.54,308.54,-0.01,1362.6,421089.34,-1
2024-05-16,2024-05-16 12:50:00,308.54,308.54,308.5,308.5,-0.01,1362.6,421089.34,-1
2024-05-16,2024-05-16 13:00:00,308.5,317.0,305.0,308.46,-0.01,1362.6,421089.34,-1
2024-05-16,2024-05-16 13:10:00,308.46,308.46,308.42,308.42,-0.01,1362.6,421089.34,-1
2024-05-16,2024-05-16 13:20:00,308.42,308.42,308.38,308.38,-0.01,1362.6,421089.34,-1
2024-05-16,2024-05-16 13:30:00,308.38,308.38,308.33,308.33,-0.02,1362.6,421089.34,-1
2024-05-16,2024-05-16 13:40:00,308.33,308.33,308.29,308.29,-0.01,1362.6,421089.34,-1
2024-05-16,2024-05-16 13:50:00,308.29,308.29,308.25,308.25,-0.01,1362.6,421089.34,-1
2024-05-16,2024-05-16 14:00:00,308.25,308.25,308.21,308.21,-0.01,1362.6,421089.34,-1
2024-05-16,2024-05-16 14:10:00,308.21,308.21,308.17,308.17,-0.01,1362.6,421089.34,-1
2024-05-16,2024-05-16 14:20:00,308.17,308.17,308.12,308.12,-0.02,1362.6,421089.34,-1
2024-05-16,2024-05-16 14:30:00,308.12,308.12,308.08,308.08,-0.01,1362.6,421089.34,-1
2024-05-16,2024-05-16 14:40:00,308.08,308.08,308.04,308.04,-0.01,1362.6,421089.34,-1
2024-05-16,2024-05-16 14:50:00,308.04,308.04,308.0,308.0,-0.01,1362.6,421089.34,-1
2024-05-16,2024-05-16 15:00:00,308.0,317.0,305.0,308.0,0.0,1362.6,421089.34,0
2024-05-19,2024-05-19 11:00:00,313.0,313.18,311.5,312.92,-0.03,1696.36,528932.62,-1
2024-05-19,2024-05-19 11:10:00,312.92,312.92,312.83,312.83,-0.03,1696.36,528932.62,-1
2024-05-19,2024-05-19 11:20:00,312.83,312.83,312.75,312.75,-0.03,1696.36,528932.62,-1
2024-05-19,2024-05-19 11:30:00,312.75,312.75,312.67,312.67,-0.03,1696.36,528932.62,-1
2024-05-19,2024-05-19 11:40:00,312.67,312.67,312.58,312.58,-0.03,1696.36,528932.62,-1
2024-05-19,2024-05-19 11:50:00,312.58,312.58,312.5,312.5,-0.03,1696.36,528932.62,-1
2024-05-19,2024-05-19 12:00:00,312.5,312.5,312.42,312.42,-0.03,1696.36,528932.62,-1
2024-05-19,2024-05-19 12:10:00,312.42,312.42,312.33,312.33,-0.03,1696.36,528932.62,-1
2024-05-19,2024-05-19 12:20:00,312.33,312.33,312.25,312.25,-0.03,1696.36,528932.62,-1
2024-05-19,2024-05-19 12:30:00,312.25,312.25,312.17,312.17,-0.03,1696.36,528932.62,-1
2024-05-19,2024-05-19 12:40:00,312.17,312.17,312.08,312.08,-0.03,1696.36,528932.62,-1
2024-05-19,2024-05-19 12:50:00,312.08,312.08,312.0,312.0,-0.03,1696.36,528932.62,-1
2024-05-19,2024-05-19 13:00:00,312.0,313.6,308.0,311.92,-0.03,1696.36,528932.62,-1
2024-05-19,2024-05-19 13:10:00,311.92,311.92,311.83,311.83,-0.03,1696.36,528932.62,-1
2024-05-19,2024-05-19 13:20:00,311.83,311.83,311.75,311.75,-0.03,1696.36,528932.62,-1
2024-05-19,2024-05-19 13:30:00,311.75,311.75,311.67,311.67,-0.03,1696.36,528932.62,-1
2024-05-19,2024-05-19 13:40:00,311.67,311.67,311.58,311.58,-0.03,1696.36,528932.62,-1
2024-05-19,2024-05-19 13:50:00,311.58,311.58,311.5,311.5,-0.03,1696.36,528932.62,-1
2024-05-19,2024-05-19 14:00:00,311.5,311.5,311.42,311.42,-0.03,1696.36,528932.62,-1
2024-05-19,2024-05-19 14:10:00,311.42,311.42,311.33,311.33,-0.03,1696.36,528932.62,-1
2024-05-19,2024-05-19 14:20:00,311.33,311.33,311.25,311.25,-0.03,1696.36,528932.62,-1
2024-05-19,2024-05-19 14:30:00,311.25,311.25,311.17,311.17,-0.03,1696.36,528932.62,-1
2024-05-19,2024-05-19 14:40:00,311.17,311.17,311.08,311.08,-0.03,1696.36,528932.62,-1
2024-05-19,2024-05-19 14:50:00,311.08,311.08,311.0,311.0,-0.03,1696.36,528932.62,-1
2024-05-19,2024-05-19 15:00:00,311.0,313.6,308.0,311.0,0.0,1696.36,528932.62,0
2024-05-20,2024-05-20 11:00:00,313.9,314.53,310.33,313.61,-0.09,2247.04,693724.59,-1
2024-05-20,2024-05-20 11:10:00,313.61,313.61,313.32,313.32,-0.09,2247.04,693724.59,-1
2024-05-20,2024-05-20 11:20:00,313.32,313.32,313.04,313.04,-0.09,2247.04,693724.59,-1
2024-05-20,2024-05-20 11:30:00,313.04,313.04,312.75,312.75,-0.09,2247.04,693724.59,-1
2024-05-20,2024-05-20 11:40:00,312.75,312.75,312.46,312.46,-0.09,2247.04,693724.59,-1
2024-05-20,2024-05-20 11:50:00,312.46,312.46,312.17,312.17,-0.09,2247.04,693724.59,-1
2024-05-20,2024-05-20 12:00:00,312.17,312.17,311.89,311.89,-0.09,2247.04,693724.59,-1
2024-05-20,2024-05-20 12:10:00,311.89,311.89,311.6,311.6,-0.09,2247.04,693724.59,-1
2024-05-20,2024-05-20 12:20:00,311.6,311.6,311.31,311.31,-0.09,2247.04,693724.59,-1
2024-05-20,2024-05-20 12:30:00,311.31,311.31,311.02,311.02,-0.09,2247.04,693724.59,-1
2024-05-20,2024-05-20 12:40:00,311.02,311.02,310.74,310.74,-0.09,2247.04,693724.59,-1
2024-05-20,2024-05-20 12:50:00,310.74,310.74,310.45,310.45,-0.09,2247.04,693724.59,-1
2024-05-20,2024-05-20 13:00:00,310.45,316.0,302.0,310.16,-0.09,2247.04,693724.59,-1
2024-05-20,2024-05-20 13:10:00,310.16,310.16,309.88,309.88,-0.09,2247.04,693724.59,-1
2024-05-20,2024-05-20 13:20:00,309.88,309.88,309.59,309.59,-0.09,2247.04,693724.59,-1
2024-05-20,2024-05-20 13:30:00,309.59,309.59,309.3,309.3,-0.09,2247.04,693724.59,-1
2024-05-20,2024-05-20 13:40:00,309.3,309.3,309.01,309.01,-0.09,2247.04,693724.59,-1
2024-05-20,2024-05-20 13:50:00,309.01,309.01,308.73,308.73,-0.09,2247.04,693724.59,-1
2024-05-20,2024-05-20 14:00:00,308.73,308.73,308.44,308.44,-0.09,2247.04,693724.59,-1
2024-05-20,2024-05-20 14:10:00,308.44,308.44,308.15,308.15,-0.09,2247.04,693724.59,-1
2024-05-20,2024-05-20 14:20:00,308.15,308.15,307.86,307.86,-0.09,2247.04,693724.59,-1
2024-05-20,2024-05-20 14:30:00,307.86,307.86,307.57,307.57,-0.09,2247.04,693724.59,-1
2024-05-20,2024-05-20 14:40:00,307.57,307.57,307.29,307.29,-0.09,2247.04,693724.59,-1
2024-05-20,2024-05-20 14:50:00,307.29,307.29,307.0,307.0,-0.09,2247.04,693724.59,-1
2024-05-20,2024-05-20 15:00:00,307.0,316.0,302.0,307.0,0.0,2247.04,693724.59,0
2024-05-21,2024-05-21 11:00:00,313.1,313.37,309.74,313.05,-0.02,1805.88,561117.2,-1
2024-05-21,2024-05-21 11:10:00,313.05,313.05,313.01,313.01,-0.01,1805.88,561117.2,-1
2024-05-21,2024-05-21 11:20:00,313.01,313.01,312.96,312.96,-0.02,1805.88,561117.2,-1
2024-05-21,2024-05-21 11:30:00,312.96,312.96,312.92,312.92,-0.01,1805.88,561117.2,-1
2024-05-21,2024-05-21 11:40:00,312.92,312.92,312.87,312.87,-0.02,1805.88,561117.2,-1
2024-05-21,2024-05-21 11:50:00,312.87,312.87,312.83,312.83,-0.01,1805.88,561117.2,-1
2024-05-21,2024-05-21 12:00:00,312.83,312.83,312.78,312.78,-0.02,1805.88,561117.2,-1
2024-05-21,2024-05-21 12:10:00,312.78,312.78,312.73,312.73,-0.02,1805.88,561117.2,-1
2024-05-21,2024-05-21 12:20:00,312.73,312.73,312.69,312.69,-0.01,1805.88,561117.2,-1
2024-05-21,2024-05-21 12:30:00,312.69,312.69,312.64,312.64,-0.02,1805.88,561117.2,-1
2024-05-21,2024-05-21 12:40:00,312.64,312.64,312.6,312.6,-0.01,1805.88,561117.2,-1
2024-05-21,2024-05-21 12:50:00,312.6,312.6,312.55,312.55,-0.02,1805.88,561117.2,-1
2024-05-21,2024-05-21 13:00:00,312.55,314.0,301.9,312.5,-0.02,1805.88,561117.2,-1
2024-05-21,2024-05-21 13:10:00,312.5,312.5,312.46,312.46,-0.01,1805.88,561117.2,-1
2024-05-21,2024-05-21 13:20:00,312.46,312.46,312.41,312.41,-0.02,1805.88,561117.2,-1
2024-05-21,2024-05-21 13:30:00,312.41,312.41,312.37,312.37,-0.01,1805.88,561117.2,-1
2024-05-21,2024-05-21 13:40:00,312.37,312.37,312.32,312.32,-0.02,1805.88,561117.2,-1
2024-05-21,2024-05-21 13:50:00,312.32,312.32,312.27,312.27,-0.02,1805.88,561117.2,-1
2024-05-21,2024-05-21 14:00:00,312.27,312.27,312.23,312.23,-0.01,1805.88,561117.2,-1
2024-05-21,2024-05-21 14:10:00,312.23,312.23,312.18,312.18,-0.02,1805.88,561117.2,-1
2024-05-21,2024-05-21 14:20:00,312.18,312.18,312.14,312.14,-0.01,1805.88,561117.2,-1
2024-05-21,2024-05-21 14:30:00,312.14,312.14,312.09,312.09,-0.02,1805.88,561117.2,-1
2024-05-21,2024-05-21 14:40:00,312.09,312.09,312.05,312.05,-0.01,1805.88,561117.2,-1
2024-05-21,2024-05-21 14:50:00,312.05,312.05,312.0,312.0,-0.02,1805.88,561117.2,-1
2024-05-21,2024-05-21 15:00:00,312.0,314.0,301.9,312.0,0.0,1805.88,561117.2,0
2024-05-22,2024-05-22 11:00:00,310.0,311.35,308.2,309.8,-0.06,1668.16,513286.9,-1
2024-05-22,2024-05-22 11:10:00,309.8,309.8,309.6,309.6,-0.06,1668.16,513286.9,-1
2024-05-22,2024-05-22 11:20:00,309.6,309.6,309.4,309.4,-0.06,1668.16,513286.9,-1
2024-05-22,2024-05-22 11:30:00,309.4,309.4,309.2,309.2,-0.06,1668.16,513286.9,-1
2024-05-22,2024-05-22 11:40:00,309.2,309.2,309.0,309.0,-0.06,1668.16,513286.9,-1
2024-05-22,2024-05-22 11:50:00,309.0,309.0,308.8,308.8,-0.06,1668.16,513286.9,-1
2024-05-22,2024-05-22 12:00:00,308.8,308.8,308.6,308.6,-0.06,1668.16,513286.9,-1
2024-05-22,2024-05-22 12:10:00,308.6,308.6,308.4,308.4,-0.06,1668.16,513286.9,-1
2024-05-22,2024-05-22 12:20:00,308.4,308.4,308.2,308.2,-0.06,1668.16,513286.9,-1
2024-05-22,2024-05-22 12:30:00,308.2,308.2,308.0,308.0,-0.06,1668.16,513286.9,-1
2024-05-22,2024-05-22 12:40:00,308.0,308.0,307.8,307.8,-0.06,1668.16,513286.9,-1
2024-05-22,2024-05-22 12:50:00,307.8,307.8,307.6,307.6,-0.06,1668.16,513286.9,-1
2024-05-22,2024-05-22 13:00:00,307.6,314.5,304.0,307.4,-0.07,1668.16,513286.9,-1
2024-05-22,2024-05-22 13:10:00,307.4,307.4,307.2,307.2,-0.07,1668.16,513286.9,-1
2024-05-22,2024-05-22 13:20:00,307.2,307.2,307.0,307.0,-0.07,1668.16,513286.9,-1
2024-05-22,2024-05-22 13:30:00,307.0,307.0,306.8,306.8,-0.07,1668.16,513286.9,-1
2024-05-22,2024-05-22 13:40:00,306.8,306.8,306.6,306.6,-0.07,1668.16,513286.9,-1
2024-05-22,2024-05-22 13:50:00,306.6,306.6,306.4,306.4,-0.07,1668.16,513286.9,-1
2024-05-22,2024-05-22 14:00:00,306.4,306.4,306.2,306.2,-0.07,1668.16,513286.9,-1
2024-05-22,2024-05-22 14:10:00,306.2,306.2,306.0,306.0,-0.07,1668.16,513286.9,-1
2024-05-22,2024-05-22 14:20:00,306.0,306.0,305.8,305.8,-0.07,1668.16,513286.9,-1
2024-05-22,2024-05-22 14:30:00,305.8,305.8,305.6,305.6,-0.07,1668.16,513286.9,-1
2024-05-22,2024-05-22 14:40:00,305.6,305.6,305.4,305.4,-0.07,1668.16,513286.9,-1
2024-05-22,2024-05-22 14:50:00,305.4,305.4,305.2,305.2,-0.07,1668.16,513286.9,-1
2024-05-22,2024-05-22 15:00:00,305.2,314.5,304.0,305.2,0.0,1668.16,513286.9,0
2024-05-26,2024-05-26 11:00:00,311.0,311.0,308.12,310.6,-0.13,1426.08,435029.7,-1
2024-05-26,2024-05-26 11:10:00,310.6,310.6,310.2,310.2,-0.13,1426.08,435029.7,-1
2024-05-26,2024-05-26 11:20:00,310.2,310.2,309.8,309.8,-0.13,1426.08,435029.7,-1
2024-05-26,2024-05-26 11:30:00,309.8,309.8,309.4,309.4,-0.13,1426.08,435029.7,-1
2024-05-26,2024-05-26 11:40:00,309.4,309.4,309.0,309.0,-0.13,1426.08,435029.7,-1
2024-05-26,2024-05-26 11:50:00,309.0,309.0,308.6,308.6,-0.13,1426.08,435029.7,-1
2024-05-26,2024-05-26 12:00:00,308.6,308.6,308.2,308.2,-0.13,1426.08,435029.7,-1
2024-05-26,2024-05-26 12:10:00,308.2,308.2,307.8,307.8,-0.13,1426.08,435029.7,-1
2024-05-26,2024-05-26 12:20:00,307.8,307.8,307.4,307.4,-0.13,1426.08,435029.7,-1
2024-05-26,2024-05-26 12:30:00,307.4,307.4,307.0,307.0,-0.13,1426.08,435029.7,-1
2024-05-26,2024-05-26 12:40:00,307.0,307.0,306.6,306.6,-0.13,1426.08,435029.7,-1
2024-05-26,2024-05-26 12:50:00,306.6,306.6,306.2,306.2,-0.13,1426.08,435029.7,-1
2024-05-26,2024-05-26 13:00:00,306.2,311.0,301.4,305.8,-0.13,1426.08,435029.7,-1
2024-05-26,2024-05-26 13:10:00,305.8,305.8,305.4,305.4,-0.13,1426.08,435029.7,-1
2024-05-26,2024-05-26 13:20:00,305.4,305.4,305.0,305.0,-0.13,1426.08,435029.7,-1
2024-05-26,2024-05-26 13:30:00,305.0,305.0,304.6,304.6,-0.13,1426.08,435029.7,-1
2024-05-26,2024-05-26 13:40:00,304.6,304.6,304.2,304.2,-0.13,1426.08,435029.7,-1
2024-05-26,2024-05-26 13:50:00,304.2,304.2,303.8,303.8,-0.13,1426.08,435029.7,-1
2024-05-26,2024-05-26 14:00:00,303.8,303.8,303.4,303.4,-0.13,1426.08,435029.7,-1
2024-05-26,2024-05-26 14:10:00,303.4,303.4,303.0,303.0,-0.13,1426.08,435029.7,-1
2024-05-26,2024-05-26 14:20:00,303.0,303.0,302.6,302.6,-0.13,1426.08,435029.7,-1
2024-05-26,2024-05-26 14:30:00,302.6,302.6,302.2,302.2,-0.13,1426.08,435029.7,-1
2024-05-26,2024-05-26 14:40:00,302.2,302.2,301.8,301.8,-0.13,1426.08,435029.7,-1
2024-05-26,2024-05-26 14:50:00,301.8,301.8,301.4,301.4,-0.13,1426.08,435029.7,-1
2024-05-26,2024-05-26 15:00:00,301.4,311.0,301.4,301.4,0.0,1426.08,435029.7,0
2024-05-27,2024-05-27 11:00:00,305.0,305.6,303.65,305.04,0.01,1418.72,431897.07,1
2024-05-27,2024-05-27 11:10:00,305.04,305.08,305.04,305.08,0.01,1418.72,431897.07,1
2024-05-27,2024-05-27 11:20:00,305.08,305.12,305.08,305.12,0.01,1418.72,431897.07,1
2024-05-27,2024-05-27 11:30:00,305.12,305.17,305.12,305.17,0.02,1418.72,431897.07,1
2024-05-27,2024-05-27 11:40:00,305.17,305.21,305.17,305.21,0.01,1418.72,431897.07,1
2024-05-27,2024-05-27 11:50:00,305.21,305.25,305.21,305.25,0.01,1418.72,431897.07,1
2024-05-27,2024-05-27 12:00:00,305.25,305.29,305.25,305.29,0.01,1418.72,431897.07,1
2024-05-27,2024-05-27 12:10:00,305.29,305.33,305.29,305.33,0.01,1418.72,431897.07,1
2024-05-27,2024-05-27 12:20:00,305.33,305.38,305.33,305.38,0.02,1418.72,431897.07,1
2024-05-27,2024-05-27 12:30:00,305.38,305.42,305.38,305.42,0.01,1418.72,431897.07,1
2024-05-27,2024-05-27 12:40:00,305.42,305.46,305.42,305.46,0.01,1418.72,431897.07,1
2024-05-27,2024-05-27 12:50:00,305.46,305.5,305.46,305.5,0.01,1418.72,431897.07,1
2024-05-27,2024-05-27 13:00:00,305.5,307.0,300.5,305.54,0.01,1418.72,431897.07,1
2024-05-27,2024-05-27 13:10:00,305.54,305.58,305.54,305.58,0.01,1418.72,431897.07,1
2024-05-27,2024-05-27 13:20:00,305.58,305.62,305.58,305.62,0.01,1418.72,431897.07,1
2024-05-27,2024-05-27 13:30:00,305.62,305.67,305.62,305.67,0.02,1418.72,431897.07,1
2024-05-27,2024-05-27 13:40:00,305.67,305.71,305.67,305.71,0.01,1418.72,431897.07,1
2024-05-27,2024-05-27 13:50:00,305.71,305.75,305.71,305.75,0.01,1418.72,431897.07,1
2024-05-27,2024-05-27 14:00:00,305.75,305.79,305.75,305.79,0.01,1418.72,431897.07,1
2024-05-27,2024-05-27 14:10:00,305.79,305.83,305.79,305.83,0.01,1418.72,431897.07,1
2024-05-27,2024-05-27 14:20:00,305.83,305.88,305.83,305.88,0.02,1418.72,431897.07,1
2024-05-27,2024-05-27 14:30:00,305.88,305.92,305.88,305.92,0.01,1418.72,431897.07,1
2024-05-27,2024-05-27 14:40:00,305.92,305.96,305.92,305.96,0.01,1418.72,431897.07,1
2024-05-27,2024-05-27 14:50:00,305.96,306.0,305.96,306.0,0.01,1418.72,431897.07,1
2024-05-27,2024-05-27 15:00:00,306.0,307.0,300.5,306.0,0.0,1418.72,431897.07,0
2024-05-29,2024-05-29 11:00:00,311.5,313.36,308.68,311.15,-0.11,1060.04,325299.76,-1
2024-05-29,2024-05-29 11:10:00,311.15,311.15,310.79,310.79,-0.12,1060.04,325299.76,-1
2024-05-29,2024-05-29 11:20:00,310.79,310.79,310.44,310.44,-0.11,1060.04,325299.76,-1
2024-05-29,2024-05-29 11:30:00,310.44,310.44,310.08,310.08,-0.12,1060.04,325299.76,-1
2024-05-29,2024-05-29 11:40:00,310.08,310.08,309.73,309.73,-0.11,1060.04,325299.76,-1
2024-05-29,2024-05-29 11:50:00,309.73,309.73,309.38,309.38,-0.11,1060.04,325299.76,-1
2024-05-29,2024-05-29 12:00:00,309.38,309.38,309.02,309.02,-0.12,1060.04,325299.76,-1
2024-05-29,2024-05-29 12:10:00,309.02,309.02,308.67,308.67,-0.11,1060.04,325299.76,-1
2024-05-29,2024-05-29 12:20:00,308.67,308.67,308.31,308.31,-0.12,1060.04,325299.76,-1
2024-05-29,2024-05-29 12:30:00,308.31,308.31,307.96,307.96,-0.11,1060.04,325299.76,-1
2024-05-29,2024-05-29 12:40:00,307.96,307.96,307.6,307.6,-0.12,1060.04,325299.76,-1
2024-05-29,2024-05-29 12:50:00,307.6,307.6,307.25,307.25,-0.11,1060.04,325299.76,-1
2024-05-29,2024-05-29 13:00:00,307.25,317.7,302.1,306.9,-0.11,1060.04,325299.76,-1
2024-05-29,2024-05-29 13:10:00,306.9,306.9,306.54,306.54,-0.12,1060.04,325299.76,-1
2024-05-29,2024-05-29 13:20:00,306.54,306.54,306.19,306.19,-0.11,1060.04,325299.76,-1
2024-05-29,2024-05-29 13:30:00,306.19,306.19,305.83,305.83,-0.12,1060.04,325299.76,-1
2024-05-29,2024-05-29 13:40:00,305.83,305.83,305.48,305.48,-0.11,1060.04,325299.76,-1
2024-05-29,2024-05-29 13:50:00,305.48,305.48,305.12,305.12,-0.12,1060.04,325299.76,-1
2024-05-29,2024-05-29 14:00:00,305.12,305.12,304.77,304.77,-0.11,1060.04,325299.76,-1
2024-05-29,2024-05-29 14:10:00,304.77,304.77,304.42,304.42,-0.11,1060.04,325299.76,-1
2024-05-29,2024-05-29 14:20:00,304.42,304.42,304.06,304.06,-0.12,1060.04,325299.76,-1
2024-05-29,2024-05-29 14:30:00,304.06,304.06,303.71,303.71,-0.12,1060.04,325299.76,-1
2024-05-29,2024-05-29 14:40:00,303.71,303.71,303.35,303.35,-0.12,1060.04,325299.76,-1
2024-05-29,2024-05-29 14:50:00,303.35,303.35,303.0,303.0,-0.12,1060.04,325299.76,-1
2024-05-29,2024-05-29 15:00:00,303.0,317.7,302.1,303.0,0.0,1060.04,325299.76,0
2024-05-30,2024-05-30 11:00:00,308.8,308.8,306.07,308.75,-0.02,1306.16,397794.86,-1
2024-05-30,2024-05-30 11:10:00,308.75,308.75,308.71,308.71,-0.01,1306.16,397794.86,-1
2024-05-30,2024-05-30 11:20:00,308.71,308.71,308.66,308.66,-0.02,1306.16,397794.86,-1
2024-05-30,2024-05-30 11:30:00,308.66,308.66,308.62,308.62,-0.01,1306.16,397794.86,-1
2024-05-30,2024-05-30 11:40:00,308.62,308.62,308.57,308.57,-0.02,1306.16,397794.86,-1
2024-05-30,2024-05-30 11:50:00,308.57,308.57,308.52,308.52,-0.02,1306.16,397794.86,-1
2024-05-30,2024-05-30 12:00:00,308.52,308.52,308.48,308.48,-0.01,1306.16,397794.86,-1
2024-05-30,2024-05-30 12:10:00,308.48,308.48,308.43,308.43,-0.02,1306.16,397794.86,-1
2024-05-30,2024-05-30 12:20:00,308.43,308.43,308.39,308.39,-0.01,1306.16,397794.86,-1
2024-05-30,2024-05-30 12:30:00,308.39,308.39,308.34,308.34,-0.02,1306.16,397794.86,-1
2024-05-30,2024-05-30 12:40:00,308.34,308.34,308.3,308.3,-0.01,1306.16,397794.86,-1
2024-05-30,2024-05-30 12:50:00,308.3,308.3,308.25,308.25,-0.02,1306.16,397794.86,-1
2024-05-30,2024-05-30 13:00:00,308.25,308.8,299.7,308.2,-0.02,1306.16,397794.86,-1
2024-05-30,2024-05-30 13:10:00,308.2,308.2,308.16,308.16,-0.01,1306.16,397794.86,-1
2024-05-30,2024-05-30 13:20:00,308.16,308.16,308.11,308.11,-0.02,1306.16,397794.86,-1
2024-05-30,2024-05-30 13:30:00,308.11,308.11,308.07,308.07,-0.01,1306.16,397794.86,-1
2024-05-30,2024-05-30 13:40:00,308.07,308.07,308.02,308.02,-0.02,1306.16,397794.86,-1
2024-05-30,2024-05-30 13:50:00,308.02,308.02,307.98,307.98,-0.01,1306.16,397794.86,-1
2024-05-30,2024-05-30 14:00:00,307.98,307.98,307.93,307.93,-0.02,1306.16,397794.86,-1
2024-05-30,2024-05-30 14:10:00,307.93,307.93,307.88,307.88,-0.02,1306.16,397794.86,-1
2024-05-30,2024-05-30 14:20:00,307.88,307.88,307.84,307.84,-0.01,1306.16,397794.86,-1
2024-05-30,2024-05-30 14:30:00,307.84,307.84,307.79,307.79,-0.02,1306.16,397794.86,-1
2024-05-30,2024-05-30 14:40:00,307.79,307.79,307.75,307.75,-0.01,1306.16,397794.86,-1
2024-05-30,2024-05-30 14:50:00,307.75,307.75,307.7,307.7,-0.02,1306.16,397794.86,-1
2024-05-30,2024-05-30 15:00:00,307.7,308.8,299.7,307.7,0.0,1306.16,397794.86,0
2024-06-02,2024-06-02 11:00:00,312.0,312.0,309.69,311.75,-0.08,1449.16,446402.8,-1
2024-06-02,2024-06-02 11:10:00,311.75,311.75,311.5,311.5,-0.08,1449.16,446402.8,-1
2024-06-02,2024-06-02 11:20:00,311.5,311.5,311.25,311.25,-0.08,1449.16,446402.8,-1
2024-06-02,2024-06-02 11:30:00,311.25,311.25,311.0,311.0,-0.08,1449.16,446402.8,-1
2024-06-02,2024-06-02 11:40:00,311.0,311.0,310.75,310.75,-0.08,1449.16,446402.8,-1
2024-06-02,2024-06-02 11:50:00,310.75,310.75,310.5,310.5,-0.08,1449.16,446402.8,-1
2024-06-02,2024-06-02 12:00:00,310.5,310.5,310.25,310.25,-0.08,1449.16,446402.8,-1
2024-06-02,2024-06-02 12:10:00,310.25,310.25,310.0,310.0,-0.08,1449.16,446402.8,-1
2024-06-02,2024-06-02 12:20:00,310.0,310.0,309.75,309.75,-0.08,1449.16,446402.8,-1
2024-06-02,2024-06-02 12:30:00,309.75,309.75,309.5,309.5,-0.08,1449.16,446402.8,-1
2024-06-02,2024-06-02 12:40:00,309.5,309.5,309.25,309.25,-0.08,1449.16,446402.8,-1
2024-06-02,2024-06-02 12:50:00,309.25,309.25,309.0,309.0,-0.08,1449.16,446402.8,-1
2024-06-02,2024-06-02 13:00:00,309.0,312.0,304.3,308.75,-0.08,1449.16,446402.8,-1
2024-06-02,2024-06-02 13:10:00,308.75,308.75,308.5,308.5,-0.08,1449.16,446402.8,-1
2024-06-02,2024-06-02 13:20:00,308.5,308.5,308.25,308.25,-0.08,1449.16,446402.8,-1
2024-06-02,2024-06-02 13:30:00,308.25,308.25,308.0,308.0,-0.08,1449.16,446402.8,-1
2024-06-02,2024-06-02 13:40:00,308.0,308.0,307.75,307.75,-0.08,1449.16,446402.8,-1
2024-06-02,2024-06-02 13:50:00,307.75,307.75,307.5,307.5,-0.08,1449.16,446402.8,-1
2024-06-02,2024-06-02 14:00:00,307.5,307.5,307.25,307.25,-0.08,1449.16,446402.8,-1
2024-06-02,2024-06-02 14:10:00,307.25,307.25,307.0,307.0,-0.08,1449.16,446402.8,-1
2024-06-02,2024-06-02 14:20:00,307.0,307.0,306.75,306.75,-0.08,1449.16,446402.8,-1
2024-06-02,2024-06-02 14:30:00,306.75,306.75,306.5,306.5,-0.08,1449.16,446402.8,-1
2024-06-02,2024-06-02 14:40:00,306.5,306.5,306.25,306.25,-0.08,1449.16,446402.8,-1
2024-06-02,2024-06-02 14:50:00,306.25,306.25,306.0,306.0,-0.08,1449.16,446402.8,-1
2024-06-02,2024-06-02 15:00:00,306.0,312.0,304.3,306.0,0.0,1449.16,446402.8,0
2024-06-03,2024-06-03 11:00:00,311.0,311.0,308.9,310.75,-0.08,1185.44,362539.33,-1
2024-06-03,2024-06-03 11:10:00,310.75,310.75,310.5,310.5,-0.08,1185.44,362539.33,-1
2024-06-03,2024-06-03 11:20:00,310.5,310.5,310.25,310.25,-0.08,1185.44,362539.33,-1
2024-06-03,2024-06-03 11:30:00,310.25,310.25,310.0,310.0,-0.08,1185.44,362539.33,-1
2024-06-03,2024-06-03 11:40:00,310.0,310.0,309.75,309.75,-0.08,1185.44,362539.33,-1
2024-06-03,2024-06-03 11:50:00,309.75,309.75,309.5,309.5,-0.08,1185.44,362539.33,-1
2024-06-03,2024-06-03 12:00:00,309.5,309.5,309.25,309.25,-0.08,1185.44,362539.33,-1
2024-06-03,2024-06-03 12:10:00,309.25,309.25,309.0,309.0,-0.08,1185.44,362539.33,-1
2024-06-03,2024-06-03 12:20:00,309.0,309.0,308.75,308.75,-0.08,1185.44,362539.33,-1
2024-06-03,2024-06-03 12:30:00,308.75,308.75,308.5,308.5,-0.08,1185.44,362539.33,-1
2024-06-03,2024-06-03 12:40:00,308.5,308.5,308.25,308.25,-0.08,1185.44,362539.33,-1
2024-06-03,2024-06-03 12:50:00,308.25,308.25,308.0,308.0,-0.08,1185.44,362539.33,-1
2024-06-03,2024-06-03 13:00:00,308.0,311.0,304.0,307.75,-0.08,1185.44,362539.33,-1
2024-06-03,2024-06-03 13:10:00,307.75,307.75,307.5,307.5,-0.08,1185.44,362539.33,-1
2024-06-03,2024-06-03 13:20:00,307.5,307.5,307.25,307.25,-0.08,1185.44,362539.33,-1
2024-06-03,2024-06-03 13:30:00,307.25,307.25,307.0,307.0,-0.08,1185.44,362539.33,-1
2024-06-03,2024-06-03 13:40:00,307.0,307.0,306.75,306.75,-0.08,1185.44,362539.33,-1
2024-06-03,2024-06-03 13:50:00,306.75,306.75,306.5,306.5,-0.08,1185.44,362539.33,-1
2024-06-03,2024-06-03 14:00:00,306.5,306.5,306.25,306.25,-0.08,1185.44,362539.33,-1
2024-06-03,2024-06-03 14:10:00,306.25,306.25,306.0,306.0,-0.08,1185.44,362539.33,-1
2024-06-03,2024-06-03 14:20:00,306.0,306.0,305.75,305.75,-0.08,1185.44,362539.33,-1
2024-06-03,2024-06-03 14:30:00,305.75,305.75,305.5,305.5,-0.08,1185.44,362539.33,-1
2024-06-03,2024-06-03 14:40:00,305.5,305.5,305.25,305.25,-0.08,1185.44,362539.33,-1
2024-06-03,2024-06-03 14:50:00,305.25,305.25,305.0,305.0,-0.08,1185.44,362539.33,-1
2024-06-03,2024-06-03 15:00:00,305.0,311.0,304.0,305.0,0.0,1185.44,362539.33,0
2024-06-04,2024-06-04 11:00:00,305.0,306.2,303.95,304.86,-0.05,901.44,275109.19,-1
2024-06-04,2024-06-04 11:10:00,304.86,304.86,304.72,304.72,-0.05,901.44,275109.19,-1
2024-06-04,2024-06-04 11:20:00,304.72,304.72,304.57,304.57,-0.05,901.44,275109.19,-1
2024-06-04,2024-06-04 11:30:00,304.57,304.57,304.43,304.43,-0.05,901.44,275109.19,-1
2024-06-04,2024-06-04 11:40:00,304.43,304.43,304.29,304.29,-0.05,901.44,275109.19,-1
2024-06-04,2024-06-04 11:50:00,304.29,304.29,304.15,304.15,-0.05,901.44,275109.19,-1
2024-06-04,2024-06-04 12:00:00,304.15,304.15,304.01,304.01,-0.05,901.44,275109.19,-1
2024-06-04,2024-06-04 12:10:00,304.01,304.01,303.87,303.87,-0.05,901.44,275109.19,-1
2024-06-04,2024-06-04 12:20:00,303.87,303.87,303.73,303.73,-0.05,901.44,275109.19,-1
2024-06-04,2024-06-04 12:30:00,303.73,303.73,303.58,303.58,-0.05,901.44,275109.19,-1
2024-06-04,2024-06-04 12:40:00,303.58,303.58,303.44,303.44,-0.05,901.44,275109.19,-1
2024-06-04,2024-06-04 12:50:00,303.44,303.44,303.3,303.3,-0.05,901.44,275109.19,-1
2024-06-04,2024-06-04 13:00:00,303.3,309.0,301.5,303.16,-0.05,901.44,275109.19,-1
2024-06-04,2024-06-04 13:10:00,303.16,303.16,303.02,303.02,-0.05,901.44,275109.19,-1
2024-06-04,2024-06-04 13:20:00,303.02,303.02,302.88,302.88,-0.05,901.44,275109.19,-1
2024-06-04,2024-06-04 13:30:00,302.88,302.88,302.73,302.73,-0.05,901.44,275109.19,-1
2024-06-04,2024-06-04 13:40:00,302.73,302.73,302.59,302.59,-0.05,901.44,275109.19,-1
2024-06-04,2024-06-04 13:50:00,302.59,302.59,302.45,302.45,-0.05,901.44,275109.19,-1
2024-06-04,2024-06-04 14:00:00,302.45,302.45,302.31,302.31,-0.05,901.44,275109.19,-1
2024-06-04,2024-06-04 14:10:00,302.31,302.31,302.17,302.17,-0.05,901.44,275109.19,-1
2024-06-04,2024-06-04 14:20:00,302.17,302.17,302.03,302.03,-0.05,901.44,275109.19,-1
2024-06-04,2024-06-04 14:30:00,302.03,302.03,301.88,301.88,-0.05,901.44,275109.19,-1
2024-06-04,2024-06-04 14:40:00,301.88,301.88,301.74,301.74,-0.05,901.44,275109.19,-1
2024-06-04,2024-06-04 14:50:00,301.74,301.74,301.6,301.6,-0.05,901.44,275109.19,-1
2024-06-04,2024-06-04 15:00:00,301.6,309.0,301.5,301.6,0.0,901.44,275109.19,0
2024-06-05,2024-06-05 11:00:00,307.6,307.6,305.02,307.28,-0.1,1156.0,347643.37,-1
2024-06-05,2024-06-05 11:10:00,307.28,307.28,306.97,306.97,-0.1,1156.0,347643.37,-1
2024-06-05,2024-06-05 11:20:00,306.97,306.97,306.65,306.65,-0.1,1156.0,347643.37,-1
2024-06-05,2024-06-05 11:30:00,306.65,306.65,306.33,306.33,-0.1,1156.0,347643.37,-1
2024-06-05,2024-06-05 11:40:00,306.33,306.33,306.02,306.02,-0.1,1156.0,347643.37,-1
2024-06-05,2024-06-05 11:50:00,306.02,306.02,305.7,305.7,-0.1,1156.0,347643.37,-1
2024-06-05,2024-06-05 12:00:00,305.7,305.7,305.38,305.38,-0.1,1156.0,347643.37,-1
2024-06-05,2024-06-05 12:10:00,305.38,305.38,305.07,305.07,-0.1,1156.0,347643.37,-1
2024-06-05,2024-06-05 12:20:00,305.07,305.07,304.75,304.75,-0.1,1156.0,347643.37,-1
2024-06-05,2024-06-05 12:30:00,304.75,304.75,304.43,304.43,-0.11,1156.0,347643.37,-1
2024-06-05,2024-06-05 12:40:00,304.43,304.43,304.12,304.12,-0.1,1156.0,347643.37,-1
2024-06-05,2024-06-05 12:50:00,304.12,304.12,303.8,303.8,-0.11,1156.0,347643.37,-1
2024-06-05,2024-06-05 13:00:00,303.8,307.6,299.0,303.48,-0.11,1156.0,347643.37,-1
2024-06-05,2024-06-05 13:10:00,303.48,303.48,303.17,303.17,-0.1,1156.0,347643.37,-1
2024-06-05,2024-06-05 13:20:00,303.17,303.17,302.85,302.85,-0.11,1156.0,347643.37,-1
2024-06-05,2024-06-05 13:30:00,302.85,302.85,302.53,302.53,-0.11,1156.0,347643.37,-1
2024-06-05,2024-06-05 13:40:00,302.53,302.53,302.22,302.22,-0.1,1156.0,347643.37,-1
2024-06-05,2024-06-05 13:50:00,302.22,302.22,301.9,301.9,-0.11,1156.0,347643.37,-1
2024-06-05,2024-06-05 14:00:00,301.9,301.9,301.58,301.58,-0.11,1156.0,347643.37,-1
2024-06-05,2024-06-05 14:10:00,301.58,301.58,301.27,301.27,-0.1,1156.0,347643.37,-1
2024-06-05,2024-06-05 14:20:00,301.27,301.27,300.95,300.95,-0.11,1156.0,347643.37,-1
2024-06-05,2024-06-05 14:30:00,300.95,300.95,300.63,300.63,-0.11,1156.0,347643.37,-1
2024-06-05,2024-06-05 14:40:00,300.63,300.63,300.32,300.32,-0.1,1156.0,347643.37,-1
2024-06-05,2024-06-05 14:50:00,300.32,300.32,300.0,300.0,-0.11,1156.0,347643.37,-1
2024-06-05,2024-06-05 15:00:00,300.0,307.6,299.0,300.0,0.0,1156.0,347643.37,0
2024-06-06,2024-06-06 11:00:00,305.0,305.15,301.31,304.5,-0.16,1709.04,506362.68,-1
2024-06-06,2024-06-06 11:10:00,304.5,304.5,304.0,304.0,-0.16,1709.04,506362.68,-1
2024-06-06,2024-06-06 11:20:00,304.0,304.0,303.5,303.5,-0.16,1709.04,506362.68,-1
2024-06-06,2024-06-06 11:30:00,303.5,303.5,303.0,303.0,-0.16,1709.04,506362.68,-1
2024-06-06,2024-06-06 11:40:00,303.0,303.0,302.5,302.5,-0.17,1709.04,506362.68,-1
2024-06-06,2024-06-06 11:50:00,302.5,302.5,302.0,302.0,-0.17,1709.04,506362.68,-1
2024-06-06,2024-06-06 12:00:00,302.0,302.0,301.5,301.5,-0.17,1709.04,506362.68,-1
2024-06-06,2024-06-06 12:10:00,301.5,301.5,301.0,301.0,-0.17,1709.04,506362.68,-1
2024-06-06,2024-06-06 12:20:00,301.0,301.0,300.5,300.5,-0.17,1709.04,506362.68,-1
2024-06-06,2024-06-06 12:30:00,300.5,300.5,300.0,300.0,-0.17,1709.04,506362.68,-1
2024-06-06,2024-06-06 12:40:00,300.0,300.0,299.5,299.5,-0.17,1709.04,506362.68,-1
2024-06-06,2024-06-06 12:50:00,299.5,299.5,299.0,299.0,-0.17,1709.04,506362.68,-1
2024-06-06,2024-06-06 13:00:00,299.0,305.5,292.7,298.5,-0.17,1709.04,506362.68,-1
2024-06-06,2024-06-06 13:10:00,298.5,298.5,298.0,298.0,-0.17,1709.04,506362.68,-1
2024-06-06,2024-06-06 13:20:00,298.0,298.0,297.5,297.5,-0.17,1709.04,506362.68,-1
2024-06-06,2024-06-06 13:30:00,297.5,297.5,297.0,297.0,-0.17,1709.04,506362.68,-1
2024-06-06,2024-06-06 13:40:00,297.0,297.0,296.5,296.5,-0.17,1709.04,506362.68,-1
2024-06-06,2024-06-06 13:50:00,296.5,296.5,296.0,296.0,-0.17,1709.04,506362.68,-1
2024-06-06,2024-06-06 14:00:00,296.0,296.0,295.5,295.5,-0.17,1709.04,506362.68,-1
2024-06-06,2024-06-06 14:10:00,295.5,295.5,295.0,295.0,-0.17,1709.04,506362.68,-1
2024-06-06,2024-06-06 14:20:00,295.0,295.0,294.5,294.5,-0.17,1709.04,506362.68,-1
2024-06-06,2024-06-06 14:30:00,294.5,294.5,294.0,294.0,-0.17,1709.04,506362.68,-1
2024-06-06,2024-06-06 14:40:00,294.0,294.0,293.5,293.5,-0.17,1709.04,506362.68,-1
2024-06-06,2024-06-06 14:50:00,293.5,293.5,293.0,293.0,-0.17,1709.04,506362.68,-1
2024-06-06,2024-06-06 15:00:00,293.0,305.5,292.7,293.0,0.0,1709.04,506362.68,0
2024-06-09,2024-06-09 11:00:00,294.9,295.53,291.93,294.65,-0.08,2254.16,649890.84,-1
2024-06-09,2024-06-09 11:10:00,294.65,294.65,294.41,294.41,-0.08,2254.16,649890.84,-1
2024-06-09,2024-06-09 11:20:00,294.41,294.41,294.16,294.16,-0.08,2254.16,649890.84,-1
2024-06-09,2024-06-09 11:30:00,294.16,294.16,293.92,293.92,-0.08,2254.16,649890.84,-1
2024-06-09,2024-06-09 11:40:00,293.92,293.92,293.67,293.67,-0.09,2254.16,649890.84,-1
2024-06-09,2024-06-09 11:50:00,293.67,293.67,293.42,293.42,-0.09,2254.16,649890.84,-1
2024-06-09,2024-06-09 12:00:00,293.42,293.42,293.18,293.18,-0.08,2254.16,649890.84,-1
2024-06-09,2024-06-09 12:10:00,293.18,293.18,292.93,292.93,-0.09,2254.16,649890.84,-1
2024-06-09,2024-06-09 12:20:00,292.93,292.93,292.69,292.69,-0.08,2254.16,649890.84,-1
2024-06-09,2024-06-09 12:30:00,292.69,292.69,292.44,292.44,-0.09,2254.16,649890.84,-1
2024-06-09,2024-06-09 12:40:00,292.44,292.44,292.2,292.2,-0.08,2254.16,649890.84,-1
2024-06-09,2024-06-09 12:50:00,292.2,292.2,291.95,291.95,-0.09,2254.16,649890.84,-1
2024-06-09,2024-06-09 13:00:00,291.95,297.0,285.0,291.7,-0.09,2254.16,649890.84,-1
2024-06-09,2024-06-09 13:10:00,291.7,291.7,291.46,291.46,-0.08,2254.16,649890.84,-1
2024-06-09,2024-06-09 13:20:00,291.46,291.46,291.21,291.21,-0.09,2254.16,649890.84,-1
2024-06-09,2024-06-09 13:30:00,291.21,291.21,290.97,290.97,-0.08,2254.16,649890.84,-1
2024-06-09,2024-06-09 13:40:00,290.97,290.97,290.72,290.72,-0.09,2254.16,649890.84,-1
2024-06-09,2024-06-09 13:50:00,290.72,290.72,290.48,290.48,-0.08,2254.16,649890.84,-1
2024-06-09,2024-06-09 14:00:00,290.48,290.48,290.23,290.23,-0.09,2254.16,649890.84,-1
2024-06-09,2024-06-09 14:10:00,290.23,290.23,289.98,289.98,-0.09,2254.16,649890.84,-1
2024-06-09,2024-06-09 14:20:00,289.98,289.98,289.74,289.74,-0.08,2254.16,649890.84,-1
2024-06-09,2024-06-09 14:30:00,289.74,289.74,289.49,289.49,-0.09,2254.16,649890.84,-1
2024-06-09,2024-06-09 14:40:00,289.49,289.49,289.25,289.25,-0.08,2254.16,649890.84,-1
2024-06-09,2024-06-09 14:50:00,289.25,289.25,289.0,289.0,-0.09,2254.16,649890.84,-1
2024-06-09,2024-06-09 15:00:00,289.0,297.0,285.0,289.0,0.0,2254.16,649890.84,0
2024-06-10,2024-06-10 11:00:00,290.0,295.4,289.43,290.62,0.21,2323.72,700343.49,1
2024-06-10,2024-06-10 11:10:00,290.62,291.25,290.62,291.25,0.22,2323.72,700343.49,1
2024-06-10,2024-06-10 11:20:00,291.25,291.88,291.25,291.88,0.22,2323.72,700343.49,1
2024-06-10,2024-06-10 11:30:00,291.88,292.5,291.88,292.5,0.21,2323.72,700343.49,1
2024-06-10,2024-06-10 11:40:00,292.5,293.12,292.5,293.12,0.21,2323.72,700343.49,1
2024-06-10,2024-06-10 11:50:00,293.12,293.75,293.12,293.75,0.21,2323.72,700343.49,1
2024-06-10,2024-06-10 12:00:00,293.75,294.38,293.75,294.38,0.21,2323.72,700343.49,1
2024-06-10,2024-06-10 12:10:00,294.38,295.0,294.38,295.0,0.21,2323.72,700343.49,1
2024-06-10,2024-06-10 12:20:00,295.0,295.62,295.0,295.62,0.21,2323.72,700343.49,1
2024-06-10,2024-06-10 12:30:00,295.62,296.25,295.62,296.25,0.21,2323.72,700343.49,1
2024-06-10,2024-06-10 12:40:00,296.25,296.88,296.25,296.88,0.21,2323.72,700343.49,1
2024-06-10,2024-06-10 12:50:00,296.88,297.5,296.88,297.5,0.21,2323.72,700343.49,1
2024-06-10,2024-06-10 13:00:00,297.5,308.0,288.1,298.12,0.21,2323.72,700343.49,1
2024-06-10,2024-06-10 13:10:00,298.12,298.75,298.12,298.75,0.21,2323.72,700343.49,1
2024-06-10,2024-06-10 13:20:00,298.75,299.38,298.75,299.38,0.21,2323.72,700343.49,1
2024-06-10,2024-06-10 13:30:00,299.38,300.0,299.38,300.0,0.21,2323.72,700343.49,1
2024-06-10,2024-06-10 13:40:00,300.0,300.62,300.0,300.62,0.21,2323.72,700343.49,1
2024-06-10,2024-06-10 13:50:00,300.62,301.25,300.62,301.25,0.21,2323.72,700343.49,1
2024-06-10,2024-06-10 14:00:00,301.25,301.88,301.25,301.88,0.21,2323.72,700343.49,1
2024-06-10,2024-06-10 14:10:00,301.88,302.5,301.88,302.5,0.21,2323.72,700343.49,1
2024-06-10,2024-06-10 14:20:00,302.5,303.12,302.5,303.12,0.2,2323.72,700343.49,1
2024-06-10,2024-06-10 14:30:00,303.12,303.75,303.12,303.75,0.21,2323.72,700343.49,1
2024-06-10,2024-06-10 14:40:00,303.75,304.38,303.75,304.38,0.21,2323.72,700343.49,1
2024-06-10,2024-06-10 14:50:00,304.38,305.0,304.38,305.0,0.2,2323.72,700343.49,1
2024-06-10,2024-06-10 15:00:00,305.0,308.0,288.1,305.0,0.0,2323.72,700343.49,0
2024-06-11,2024-06-11 11:00:00,310.0,312.28,309.4,310.29,0.09,2139.56,670915.68,1
2024-06-11,2024-06-11 11:10:00,310.29,310.58,310.29,310.58,0.09,2139.56,670915.68,1
2024-06-11,2024-06-11 11:20:00,310.58,310.88,310.58,310.88,0.1,2139.56,670915.68,1
2024-06-11,2024-06-11 11:30:00,310.88,311.17,310.88,311.17,0.09,2139.56,670915.68,1
2024-06-11,2024-06-11 11:40:00,311.17,311.46,311.17,311.46,0.09,2139.56,670915.68,1
2024-06-11,2024-06-11 11:50:00,311.46,311.75,311.46,311.75,0.09,2139.56,670915.68,1
2024-06-11,2024-06-11 12:00:00,311.75,312.04,311.75,312.04,0.09,2139.56,670915.68,1
2024-06-11,2024-06-11 12:10:00,312.04,312.33,312.04,312.33,0.09,2139.56,670915.68,1
2024-06-11,2024-06-11 12:20:00,312.33,312.62,312.33,312.62,0.09,2139.56,670915.68,1
2024-06-11,2024-06-11 12:30:00,312.62,312.92,312.62,312.92,0.1,2139.56,670915.68,1
2024-06-11,2024-06-11 12:40:00,312.92,313.21,312.92,313.21,0.09,2139.56,670915.68,1
2024-06-11,2024-06-11 12:50:00,313.21,313.5,313.21,313.5,0.09,2139.56,670915.68,1
2024-06-11,2024-06-11 13:00:00,313.5,317.6,308.0,313.79,0.09,2139.56,670915.68,1
2024-06-11,2024-06-11 13:10:00,313.79,314.08,313.79,314.08,0.09,2139.56,670915.68,1
2024-06-11,2024-06-11 13:20:00,314.08,314.38,314.08,314.38,0.1,2139.56,670915.68,1
2024-06-11,2024-06-11 13:30:00,314.38,314.67,314.38,314.67,0.09,2139.56,670915.68,1
2024-06-11,2024-06-11 13:40:00,314.67,314.96,314.67,314.96,0.09,2139.56,670915.68,1
2024-06-11,2024-06-11 13:50:00,314.96,315.25,314.96,315.25,0.09,2139.56,670915.68,1
2024-06-11,2024-06-11 14:00:00,315.25,315.54,315.25,315.54,0.09,2139.56,670915.68,1
2024-06-11,2024-06-11 14:10:00,315.54,315.83,315.54,315.83,0.09,2139.56,670915.68,1
2024-06-11,2024-06-11 14:20:00,315.83,316.12,315.83,316.12,0.09,2139.56,670915.68,1
2024-06-11,2024-06-11 14:30:00,316.12,316.42,316.12,316.42,0.09,2139.56,670915.68,1
2024-06-11,2024-06-11 14:40:00,316.42,316.71,316.42,316.71,0.09,2139.56,670915.68,1
2024-06-11,2024-06-11 14:50:00,316.71,317.0,316.71,317.0,0.09,2139.56,670915.68,1
2024-06-11,2024-06-11 15:00:00,317.0,317.6,308.0,317.0,0.0,2139.56,670915.68,0
2024-06-12,2024-06-12 11:00:00,321.0,321.0,316.29,320.53,-0.15,1542.36,477652.55,-1
2024-06-12,2024-06-12 11:10:00,320.53,320.53,320.07,320.07,-0.14,1542.36,477652.55,-1
2024-06-12,2024-06-12 11:20:00,320.07,320.07,319.6,319.6,-0.15,1542.36,477652.55,-1
2024-06-12,2024-06-12 11:30:00,319.6,319.6,319.13,319.13,-0.15,1542.36,477652.55,-1
2024-06-12,2024-06-12 11:40:00,319.13,319.13,318.67,318.67,-0.14,1542.36,477652.55,-1
2024-06-12,2024-06-12 11:50:00,318.67,318.67,318.2,318.2,-0.15,1542.36,477652.55,-1
2024-06-12,2024-06-12 12:00:00,318.2,318.2,317.73,317.73,-0.15,1542.36,477652.55,-1
2024-06-12,2024-06-12 12:10:00,317.73,317.73,317.27,317.27,-0.14,1542.36,477652.55,-1
2024-06-12,2024-06-12 12:20:00,317.27,317.27,316.8,316.8,-0.15,1542.36,477652.55,-1
2024-06-12,2024-06-12 12:30:00,316.8,316.8,316.33,316.33,-0.15,1542.36,477652.55,-1
2024-06-12,2024-06-12 12:40:00,316.33,316.33,315.87,315.87,-0.15,1542.36,477652.55,-1
2024-06-12,2024-06-12 12:50:00,315.87,315.87,315.4,315.4,-0.15,1542.36,477652.55,-1
2024-06-12,2024-06-12 13:00:00,315.4,321.0,305.3,314.93,-0.15,1542.36,477652.55,-1
2024-06-12,2024-06-12 13:10:00,314.93,314.93,314.47,314.47,-0.15,1542.36,477652.55,-1
2024-06-12,2024-06-12 13:20:00,314.47,314.47,314.0,314.0,-0.15,1542.36,477652.55,-1
2024-06-12,2024-06-12 13:30:00,314.0,314.0,313.53,313.53,-0.15,1542.36,477652.55,-1
2024-06-12,2024-06-12 13:40:00,313.53,313.53,313.07,313.07,-0.15,1542.36,477652.55,-1
2024-06-12,2024-06-12 13:50:00,313.07,313.07,312.6,312.6,-0.15,1542.36,477652.55,-1
2024-06-12,2024-06-12 14:00:00,312.6,312.6,312.13,312.13,-0.15,1542.36,477652.55,-1
2024-06-12,2024-06-12 14:10:00,312.13,312.13,311.67,311.67,-0.15,1542.36,477652.55,-1
2024-06-12,2024-06-12 14:20:00,311.67,311.67,311.2,311.2,-0.15,1542.36,477652.55,-1
2024-06-12,2024-06-12 14:30:00,311.2,311.2,310.73,310.73,-0.15,1542.36,477652.55,-1
2024-06-12,2024-06-12 14:40:00,310.73,310.73,310.27,310.27,-0.15,1542.36,477652.55,-1
2024-06-12,2024-06-12 14:50:00,310.27,310.27,309.8,309.8,-0.15,1542.36,477652.55,-1
2024-06-12,2024-06-12 15:00:00,309.8,321.0,305.3,309.8,0.0,1542.36,477652.55,0
2024-06-13,2024-06-13 11:00:00,308.0,308.45,305.93,307.8,-0.06,1429.04,435037.32,-1
2024-06-13,2024-06-13 11:10:00,307.8,307.8,307.6,307.6,-0.06,1429.04,435037.32,-1
2024-06-13,2024-06-13 11:20:00,307.6,307.6,307.4,307.4,-0.07,1429.04,435037.32,-1
2024-06-13,2024-06-13 11:30:00,307.4,307.4,307.2,307.2,-0.07,1429.04,435037.32,-1
2024-06-13,2024-06-13 11:40:00,307.2,307.2,307.0,307.0,-0.07,1429.04,435037.32,-1
2024-06-13,2024-06-13 11:50:00,307.0,307.0,306.8,306.8,-0.07,1429.04,435037.32,-1
2024-06-13,2024-06-13 12:00:00,306.8,306.8,306.6,306.6,-0.07,1429.04,435037.32,-1
2024-06-13,2024-06-13 12:10:00,306.6,306.6,306.4,306.4,-0.07,1429.04,435037.32,-1
2024-06-13,2024-06-13 12:20:00,306.4,306.4,306.2,306.2,-0.07,1429.04,435037.32,-1
2024-06-13,2024-06-13 12:30:00,306.2,306.2,306.0,306.0,-0.07,1429.04,435037.32,-1
2024-06-13,2024-06-13 12:40:00,306.0,306.0,305.8,305.8,-0.07,1429.04,435037.32,-1
2024-06-13,2024-06-13 12:50:00,305.8,305.8,305.6,305.6,-0.07,1429.04,435037.32,-1
2024-06-13,2024-06-13 13:00:00,305.6,309.5,301.1,305.4,-0.07,1429.04,435037.32,-1
2024-06-13,2024-06-13 13:10:00,305.4,305.4,305.2,305.2,-0.07,1429.04,435037.32,-1
2024-06-13,2024-06-13 13:20:00,305.2,305.2,305.0,305.0,-0.07,1429.04,435037.32,-1
2024-06-13,2024-06-13 13:30:00,305.0,305.0,304.8,304.8,-0.07,1429.04,435037.32,-1
2024-06-13,2024-06-13 13:40:00,304.8,304.8,304.6,304.6,-0.07,1429.04,435037.32,-1
2024-06-13,2024-06-13 13:50:00,304.6,304.6,304.4,304.4,-0.07,1429.04,435037.32,-1
2024-06-13,2024-06-13 14:00:00,304.4,304.4,304.2,304.2,-0.07,1429.04,435037.32,-1
2024-06-13,2024-06-13 14:10:00,304.2,304.2,304.0,304.0,-0.07,1429.04,435037.32,-1
2024-06-13,2024-06-13 14:20:00,304.0,304.0,303.8,303.8,-0.07,1429.04,435037.32,-1
2024-06-13,2024-06-13 14:30:00,303.8,303.8,303.6,303.6,-0.07,1429.04,435037.32,-1
2024-06-13,2024-06-13 14:40:00,303.6,303.6,303.4,303.4,-0.07,1429.04,435037.32,-1
2024-06-13,2024-06-13 14:50:00,303.4,303.4,303.2,303.2,-0.07,1429.04,435037.32,-1
2024-06-13,2024-06-13 15:00:00,303.2,309.5,301.1,303.2,0.0,1429.04,435037.32,0
2024-06-16,2024-06-16 11:00:00,306.0,306.9,304.2,305.75,-0.08,1272.12,387531.94,-1
2024-06-16,2024-06-16 11:10:00,305.75,305.75,305.5,305.5,-0.08,1272.12,387531.94,-1
2024-06-16,2024-06-16 11:20:00,305.5,305.5,305.25,305.25,-0.08,1272.12,387531.94,-1
2024-06-16,2024-06-16 11:30:00,305.25,305.25,305.0,305.0,-0.08,1272.12,387531.94,-1
2024-06-16,2024-06-16 11:40:00,305.0,305.0,304.75,304.75,-0.08,1272.12,387531.94,-1
2024-06-16,2024-06-16 11:50:00,304.75,304.75,304.5,304.5,-0.08,1272.12,387531.94,-1
2024-06-16,2024-06-16 12:00:00,304.5,304.5,304.25,304.25,-0.08,1272.12,387531.94,-1
2024-06-16,2024-06-16 12:10:00,304.25,304.25,304.0,304.0,-0.08,1272.12,387531.94,-1
2024-06-16,2024-06-16 12:20:00,304.0,304.0,303.75,303.75,-0.08,1272.12,387531.94,-1
2024-06-16,2024-06-16 12:30:00,303.75,303.75,303.5,303.5,-0.08,1272.12,387531.94,-1
2024-06-16,2024-06-16 12:40:00,303.5,303.5,303.25,303.25,-0.08,1272.12,387531.94,-1
2024-06-16,2024-06-16 12:50:00,303.25,303.25,303.0,303.0,-0.08,1272.12,387531.94,-1
2024-06-16,2024-06-16 13:00:00,303.0,309.0,300.0,302.75,-0.08,1272.12,387531.94,-1
2024-06-16,2024-06-16 13:10:00,302.75,302.75,302.5,302.5,-0.08,1272.12,387531.94,-1
2024-06-16,2024-06-16 13:20:00,302.5,302.5,302.25,302.25,-0.08,1272.12,387531.94,-1
2024-06-16,2024-06-16 13:30:00,302.25,302.25,302.0,302.0,-0.08,1272.12,387531.94,-1
2024-06-16,2024-06-16 13:40:00,302.0,302.0,301.75,301.75,-0.08,1272.12,387531.94,-1
2024-06-16,2024-06-16 13:50:00,301.75,301.75,301.5,301.5,-0.08,1272.12,387531.94,-1
2024-06-16,2024-06-16 14:00:00,301.5,301.5,301.25,301.25,-0.08,1272.12,387531.94,-1
2024-06-16,2024-06-16 14:10:00,301.25,301.25,301.0,301.0,-0.08,1272.12,387531.94,-1
2024-06-16,2024-06-16 14:20:00,301.0,301.0,300.75,300.75,-0.08,1272.12,387531.94,-1
2024-06-16,2024-06-16 14:30:00,300.75,300.75,300.5,300.5,-0.08,1272.12,387531.94,-1
2024-06-16,2024-06-16 14:40:00,300.5,300.5,300.25,300.25,-0.08,1272.12,387531.94,-1
2024-06-16,2024-06-16 14:50:00,300.25,300.25,300.0,300.0,-0.08,1272.12,387531.94,-1
2024-06-16,2024-06-16 15:00:00,300.0,309.0,300.0,300.0,0.0,1272.12,387531.94,0
2024-06-18,2024-06-18 11:00:00,300.0,301.5,298.86,300.0,0.0,1319.4,396032.03,0
2024-06-18,2024-06-18 11:10:00,300.0,300.0,300.0,300.0,0.0,1319.4,396032.03,0
2024-06-18,2024-06-18 11:20:00,300.0,300.0,300.0,300.0,0.0,1319.4,396032.03,0
2024-06-18,2024-06-18 11:30:00,300.0,300.0,300.0,300.0,0.0,1319.4,396032.03,0
2024-06-18,2024-06-18 11:40:00,300.0,300.0,300.0,300.0,0.0,1319.4,396032.03,0
2024-06-18,2024-06-18 11:50:00,300.0,300.0,300.0,300.0,0.0,1319.4,396032.03,0
2024-06-18,2024-06-18 12:00:00,300.0,300.0,300.0,300.0,0.0,1319.4,396032.03,0
2024-06-18,2024-06-18 12:10:00,300.0,300.0,300.0,300.0,0.0,1319.4,396032.03,0
2024-06-18,2024-06-18 12:20:00,300.0,300.0,300.0,300.0,0.0,1319.4,396032.03,0
2024-06-18,2024-06-18 12:30:00,300.0,300.0,300.0,300.0,0.0,1319.4,396032.03,0
2024-06-18,2024-06-18 12:40:00,300.0,300.0,300.0,300.0,0.0,1319.4,396032.03,0
2024-06-18,2024-06-18 12:50:00,300.0,300.0,300.0,300.0,0.0,1319.4,396032.03,0
2024-06-18,2024-06-18 13:00:00,300.0,305.0,296.2,300.0,0.0,1319.4,396032.03,0
2024-06-18,2024-06-18 13:10:00,300.0,300.0,300.0,300.0,0.0,1319.4,396032.03,0
2024-06-18,2024-06-18 13:20:00,300.0,300.0,300.0,300.0,0.0,1319.4,396032.03,0
2024-06-18,2024-06-18 13:30:00,300.0,300.0,300.0,300.0,0.0,1319.4,396032.03,0
2024-06-18,2024-06-18 13:40:00,300.0,300.0,300.0,300.0,0.0,1319.4,396032.03,0
2024-06-18,2024-06-18 13:50:00,300.0,300.0,300.0,300.0,0.0,1319.4,396032.03,0
2024-06-18,2024-06-18 14:00:00,300.0,300.0,300.0,300.0,0.0,1319.4,396032.03,0
2024-06-18,2024-06-18 14:10:00,300.0,300.0,300.0,300.0,0.0,1319.4,396032.03,0
2024-06-18,2024-06-18 14:20:00,300.0,300.0,300.0,300.0,0.0,1319.4,396032.03,0
2024-06-18,2024-06-18 14:30:00,300.0,300.0,300.0,300.0,0.0,1319.4,396032.03,0
2024-06-18,2024-06-18 14:40:00,300.0,300.0,300.0,300.0,0.0,1319.4,396032.03,0
2024-06-18,2024-06-18 14:50:00,300.0,300.0,300.0,300.0,0.0,1319.4,396032.03,0
2024-06-18,2024-06-18 15:00:00,300.0,305.0,296.2,300.0,0.0,1319.4,396032.03,0
2024-06-19,2024-06-19 11:00:00,297.0,299.7,297.0,297.13,0.04,294.6,88580.36,1
2024-06-19,2024-06-19 11:10:00,297.13,297.26,297.13,297.26,0.04,294.6,88580.36,1
2024-06-19,2024-06-19 11:20:00,297.26,297.39,297.26,297.39,0.04,294.6,88580.36,1
2024-06-19,2024-06-19 11:30:00,297.39,297.52,297.39,297.52,0.04,294.6,88580.36,1
2024-06-19,2024-06-19 11:40:00,297.52,297.65,297.52,297.65,0.04,294.6,88580.36,1
2024-06-19,2024-06-19 11:50:00,297.65,297.77,297.65,297.77,0.04,294.6,88580.36,1
2024-06-19,2024-06-19 12:00:00,297.77,297.9,297.77,297.9,0.04,294.6,88580.36,1
2024-06-19,2024-06-19 12:10:00,297.9,298.03,297.9,298.03,0.04,294.6,88580.36,1
2024-06-19,2024-06-19 12:20:00,298.03,298.16,298.03,298.16,0.04,294.6,88580.36,1
2024-06-19,2024-06-19 12:30:00,298.16,298.29,298.16,298.29,0.04,294.6,88580.36,1
2024-06-19,2024-06-19 12:40:00,298.29,298.42,298.29,298.42,0.04,294.6,88580.36,1
2024-06-19,2024-06-19 12:50:00,298.42,298.55,298.42,298.55,0.04,294.6,88580.36,1
2024-06-19,2024-06-19 13:00:00,298.55,306.0,297.0,298.68,0.04,294.6,88580.36,1
2024-06-19,2024-06-19 13:10:00,298.68,298.81,298.68,298.81,0.04,294.6,88580.36,1
2024-06-19,2024-06-19 13:20:00,298.81,298.94,298.81,298.94,0.04,294.6,88580.36,1
2024-06-19,2024-06-19 13:30:00,298.94,299.07,298.94,299.07,0.04,294.6,88580.36,1
2024-06-19,2024-06-19 13:40:00,299.07,299.2,299.07,299.2,0.04,294.6,88580.36,1
2024-06-19,2024-06-19 13:50:00,299.2,299.33,299.2,299.33,0.04,294.6,88580.36,1
2024-06-19,2024-06-19 14:00:00,299.33,299.45,299.33,299.45,0.04,294.6,88580.36,1
2024-06-19,2024-06-19 14:10:00,299.45,299.58,299.45,299.58,0.04,294.6,88580.36,1
2024-06-19,2024-06-19 14:20:00,299.58,299.71,299.58,299.71,0.04,294.6,88580.36,1
2024-06-19,2024-06-19 14:30:00,299.71,299.84,299.71,299.84,0.04,294.6,88580.36,1
2024-06-19,2024-06-19 14:40:00,299.84,299.97,299.84,299.97,0.04,294.6,88580.36,1
2024-06-19,2024-06-19 14:50:00,299.97,300.1,299.97,300.1,0.04,294.6,88580.36,1
2024-06-19,2024-06-19 15:00:00,300.1,306.0,297.0,300.1,0.0,294.6,88580.36,0
2024-06-20,2024-06-20 11:00:00,300.0,301.2,298.35,299.77,-0.08,1154.8,343478.24,-1
2024-06-20,2024-06-20 11:10:00,299.77,299.77,299.55,299.55,-0.07,1154.8,343478.24,-1
2024-06-20,2024-06-20 11:20:00,299.55,299.55,299.32,299.32,-0.08,1154.8,343478.24,-1
2024-06-20,2024-06-20 11:30:00,299.32,299.32,299.1,299.1,-0.07,1154.8,343478.24,-1
2024-06-20,2024-06-20 11:40:00,299.1,299.1,298.88,298.88,-0.07,1154.8,343478.24,-1
2024-06-20,2024-06-20 11:50:00,298.88,298.88,298.65,298.65,-0.08,1154.8,343478.24,-1
2024-06-20,2024-06-20 12:00:00,298.65,298.65,298.43,298.43,-0.07,1154.8,343478.24,-1
2024-06-20,2024-06-20 12:10:00,298.43,298.43,298.2,298.2,-0.08,1154.8,343478.24,-1
2024-06-20,2024-06-20 12:20:00,298.2,298.2,297.98,297.98,-0.07,1154.8,343478.24,-1
2024-06-20,2024-06-20 12:30:00,297.98,297.98,297.75,297.75,-0.08,1154.8,343478.24,-1
2024-06-20,2024-06-20 12:40:00,297.75,297.75,297.53,297.53,-0.07,1154.8,343478.24,-1
2024-06-20,2024-06-20 12:50:00,297.53,297.53,297.3,297.3,-0.08,1154.8,343478.24,-1
2024-06-20,2024-06-20 13:00:00,297.3,304.0,294.5,297.07,-0.08,1154.8,343478.24,-1
2024-06-20,2024-06-20 13:10:00,297.07,297.07,296.85,296.85,-0.07,1154.8,343478.24,-1
2024-06-20,2024-06-20 13:20:00,296.85,296.85,296.62,296.62,-0.08,1154.8,343478.24,-1
2024-06-20,2024-06-20 13:30:00,296.62,296.62,296.4,296.4,-0.07,1154.8,343478.24,-1
2024-06-20,2024-06-20 13:40:00,296.4,296.4,296.18,296.18,-0.07,1154.8,343478.24,-1
2024-06-20,2024-06-20 13:50:00,296.18,296.18,295.95,295.95,-0.08,1154.8,343478.24,-1
2024-06-20,2024-06-20 14:00:00,295.95,295.95,295.73,295.73,-0.07,1154.8,343478.24,-1
2024-06-20,2024-06-20 14:10:00,295.73,295.73,295.5,295.5,-0.08,1154.8,343478.24,-1
2024-06-20,2024-06-20 14:20:00,295.5,295.5,295.28,295.28,-0.07,1154.8,343478.24,-1
2024-06-20,2024-06-20 14:30:00,295.28,295.28,295.05,295.05,-0.08,1154.8,343478.24,-1
2024-06-20,2024-06-20 14:40:00,295.05,295.05,294.83,294.83,-0.07,1154.8,343478.24,-1
2024-06-20,2024-06-20 14:50:00,294.83,294.83,294.6,294.6,-0.08,1154.8,343478.24,-1
2024-06-20,2024-06-20 15:00:00,294.6,304.0,294.5,294.6,0.0,1154.8,343478.24,0
2024-06-23,2024-06-23 11:00:00,299.9,300.08,298.16,299.67,-0.08,1235.92,365560.79,-1
2024-06-23,2024-06-23 11:10:00,299.67,299.67,299.45,299.45,-0.07,1235.92,365560.79,-1
2024-06-23,2024-06-23 11:20:00,299.45,299.45,299.22,299.22,-0.08,1235.92,365560.79,-1
2024-06-23,2024-06-23 11:30:00,299.22,299.22,299.0,299.0,-0.07,1235.92,365560.79,-1
2024-06-23,2024-06-23 11:40:00,299.0,299.0,298.77,298.77,-0.08,1235.92,365560.79,-1
2024-06-23,2024-06-23 11:50:00,298.77,298.77,298.55,298.55,-0.07,1235.92,365560.79,-1
2024-06-23,2024-06-23 12:00:00,298.55,298.55,298.32,298.32,-0.08,1235.92,365560.79,-1
2024-06-23,2024-06-23 12:10:00,298.32,298.32,298.1,298.1,-0.07,1235.92,365560.79,-1
2024-06-23,2024-06-23 12:20:00,298.1,298.1,297.88,297.88,-0.07,1235.92,365560.79,-1
2024-06-23,2024-06-23 12:30:00,297.88,297.88,297.65,297.65,-0.08,1235.92,365560.79,-1
2024-06-23,2024-06-23 12:40:00,297.65,297.65,297.43,297.43,-0.07,1235.92,365560.79,-1
2024-06-23,2024-06-23 12:50:00,297.43,297.43,297.2,297.2,-0.08,1235.92,365560.79,-1
2024-06-23,2024-06-23 13:00:00,297.2,300.5,294.1,296.97,-0.08,1235.92,365560.79,-1
2024-06-23,2024-06-23 13:10:00,296.97,296.97,296.75,296.75,-0.07,1235.92,365560.79,-1
2024-06-23,2024-06-23 13:20:00,296.75,296.75,296.52,296.52,-0.08,1235.92,365560.79,-1
2024-06-23,2024-06-23 13:30:00,296.52,296.52,296.3,296.3,-0.07,1235.92,365560.79,-1
2024-06-23,2024-06-23 13:40:00,296.3,296.3,296.07,296.07,-0.08,1235.92,365560.79,-1
2024-06-23,2024-06-23 13:50:00,296.07,296.07,295.85,295.85,-0.07,1235.92,365560.79,-1
2024-06-23,2024-06-23 14:00:00,295.85,295.85,295.62,295.62,-0.08,1235.92,365560.79,-1
2024-06-23,2024-06-23 14:10:00,295.62,295.62,295.4,295.4,-0.07,1235.92,365560.79,-1
2024-06-23,2024-06-23 14:20:00,295.4,295.4,295.18,295.18,-0.07,1235.92,365560.79,-1
2024-06-23,2024-06-23 14:30:00,295.18,295.18,294.95,294.95,-0.08,1235.92,365560.79,-1
2024-06-23,2024-06-23 14:40:00,294.95,294.95,294.73,294.73,-0.07,1235.92,365560.79,-1
2024-06-23,2024-06-23 14:50:00,294.73,294.73,294.5,294.5,-0.08,1235.92,365560.79,-1
2024-06-23,2024-06-23 15:00:00,294.5,300.5,294.1,294.5,0.0,1235.92,365560.79,0
2024-06-24,2024-06-24 11:00:00,295.0,296.5,294.4,295.12,0.04,1209.2,358665.73,1
2024-06-24,2024-06-24 11:10:00,295.12,295.25,295.12,295.25,0.04,1209.2,358665.73,1
2024-06-24,2024-06-24 11:20:00,295.25,295.38,295.25,295.38,0.04,1209.2,358665.73,1
2024-06-24,2024-06-24 11:30:00,295.38,295.5,295.38,295.5,0.04,1209.2,358665.73,1
2024-06-24,2024-06-24 11:40:00,295.5,295.62,295.5,295.62,0.04,1209.2,358665.73,1
2024-06-24,2024-06-24 11:50:00,295.62,295.75,295.62,295.75,0.04,1209.2,358665.73,1
2024-06-24,2024-06-24 12:00:00,295.75,295.88,295.75,295.88,0.04,1209.2,358665.73,1
2024-06-24,2024-06-24 12:10:00,295.88,296.0,295.88,296.0,0.04,1209.2,358665.73,1
2024-06-24,2024-06-24 12:20:00,296.0,296.12,296.0,296.12,0.04,1209.2,358665.73,1
2024-06-24,2024-06-24 12:30:00,296.12,296.25,296.12,296.25,0.04,1209.2,358665.73,1
2024-06-24,2024-06-24 12:40:00,296.25,296.38,296.25,296.38,0.04,1209.2,358665.73,1
2024-06-24,2024-06-24 12:50:00,296.38,296.5,296.38,296.5,0.04,1209.2,358665.73,1
2024-06-24,2024-06-24 13:00:00,296.5,300.0,293.0,296.62,0.04,1209.2,358665.73,1
2024-06-24,2024-06-24 13:10:00,296.62,296.75,296.62,296.75,0.04,1209.2,358665.73,1
2024-06-24,2024-06-24 13:20:00,296.75,296.88,296.75,296.88,0.04,1209.2,358665.73,1
2024-06-24,2024-06-24 13:30:00,296.88,297.0,296.88,297.0,0.04,1209.2,358665.73,1
2024-06-24,2024-06-24 13:40:00,297.0,297.12,297.0,297.12,0.04,1209.2,358665.73,1
2024-06-24,2024-06-24 13:50:00,297.12,297.25,297.12,297.25,0.04,1209.2,358665.73,1
2024-06-24,2024-06-24 14:00:00,297.25,297.38,297.25,297.38,0.04,1209.2,358665.73,1
2024-06-24,2024-06-24 14:10:00,297.38,297.5,297.38,297.5,0.04,1209.2,358665.73,1
2024-06-24,2024-06-24 14:20:00,297.5,297.62,297.5,297.62,0.04,1209.2,358665.73,1
2024-06-24,2024-06-24 14:30:00,297.62,297.75,297.62,297.75,0.04,1209.2,358665.73,1
2024-06-24,2024-06-24 14:40:00,297.75,297.88,297.75,297.88,0.04,1209.2,358665.73,1
2024-06-24,2024-06-24 14:50:00,297.88,298.0,297.88,298.0,0.04,1209.2,358665.73,1
2024-06-24,2024-06-24 15:00:00,298.0,300.0,293.0,298.0,0.0,1209.2,358665.73,0
2024-06-25,2024-06-25 11:00:00,300.0,300.9,298.62,299.81,-0.06,818.84,244727.56,-1
2024-06-25,2024-06-25 11:10:00,299.81,299.81,299.62,299.62,-0.06,818.84,244727.56,-1
2024-06-25,2024-06-25 11:20:00,299.62,299.62,299.43,299.43,-0.06,818.84,244727.56,-1
2024-06-25,2024-06-25 11:30:00,299.43,299.43,299.23,299.23,-0.07,818.84,244727.56,-1
2024-06-25,2024-06-25 11:40:00,299.23,299.23,299.04,299.04,-0.06,818.84,244727.56,-1
2024-06-25,2024-06-25 11:50:00,299.04,299.04,298.85,298.85,-0.06,818.84,244727.56,-1
2024-06-25,2024-06-25 12:00:00,298.85,298.85,298.66,298.66,-0.06,818.84,244727.56,-1
2024-06-25,2024-06-25 12:10:00,298.66,298.66,298.47,298.47,-0.06,818.84,244727.56,-1
2024-06-25,2024-06-25 12:20:00,298.47,298.47,298.27,298.27,-0.07,818.84,244727.56,-1
2024-06-25,2024-06-25 12:30:00,298.27,298.27,298.08,298.08,-0.06,818.84,244727.56,-1
2024-06-25,2024-06-25 12:40:00,298.08,298.08,297.89,297.89,-0.06,818.84,244727.56,-1
2024-06-25,2024-06-25 12:50:00,297.89,297.89,297.7,297.7,-0.06,818.84,244727.56,-1
2024-06-25,2024-06-25 13:00:00,297.7,303.0,295.4,297.51,-0.06,818.84,244727.56,-1
2024-06-25,2024-06-25 13:10:00,297.51,297.51,297.32,297.32,-0.06,818.84,244727.56,-1
2024-06-25,2024-06-25 13:20:00,297.32,297.32,297.12,297.12,-0.07,818.84,244727.56,-1
2024-06-25,2024-06-25 13:30:00,297.12,297.12,296.93,296.93,-0.06,818.84,244727.56,-1
2024-06-25,2024-06-25 13:40:00,296.93,296.93,296.74,296.74,-0.06,818.84,244727.56,-1
2024-06-25,2024-06-25 13:50:00,296.74,296.74,296.55,296.55,-0.06,818.84,244727.56,-1
2024-06-25,2024-06-25 14:00:00,296.55,296.55,296.36,296.36,-0.06,818.84,244727.56,-1
2024-06-25,2024-06-25 14:10:00,296.36,296.36,296.17,296.17,-0.06,818.84,244727.56,-1
2024-06-25,2024-06-25 14:20:00,296.17,296.17,295.97,295.97,-0.07,818.84,244727.56,-1
2024-06-25,2024-06-25 14:30:00,295.97,295.97,295.78,295.78,-0.06,818.84,244727.56,-1
2024-06-25,2024-06-25 14:40:00,295.78,295.78,295.59,295.59,-0.06,818.84,244727.56,-1
2024-06-25,2024-06-25 14:50:00,295.59,295.59,295.4,295.4,-0.06,818.84,244727.56,-1
2024-06-25,2024-06-25 15:00:00,295.4,303.0,295.4,295.4,0.0,818.84,244727.56,0
2024-06-26,2024-06-26 11:00:00,295.0,295.9,293.53,294.8,-0.07,997.8,292218.64,-1
2024-06-26,2024-06-26 11:10:00,294.8,294.8,294.59,294.59,-0.07,997.8,292218.64,-1
2024-06-26,2024-06-26 11:20:00,294.59,294.59,294.39,294.39,-0.07,997.8,292218.64,-1
2024-06-26,2024-06-26 11:30:00,294.39,294.39,294.18,294.18,-0.07,997.8,292218.64,-1
2024-06-26,2024-06-26 11:40:00,294.18,294.18,293.98,293.98,-0.07,997.8,292218.64,-1
2024-06-26,2024-06-26 11:50:00,293.98,293.98,293.77,293.77,-0.07,997.8,292218.64,-1
2024-06-26,2024-06-26 12:00:00,293.77,293.77,293.57,293.57,-0.07,997.8,292218.64,-1
2024-06-26,2024-06-26 12:10:00,293.57,293.57,293.37,293.37,-0.07,997.8,292218.64,-1
2024-06-26,2024-06-26 12:20:00,293.37,293.37,293.16,293.16,-0.07,997.8,292218.64,-1
2024-06-26,2024-06-26 12:30:00,293.16,293.16,292.96,292.96,-0.07,997.8,292218.64,-1
2024-06-26,2024-06-26 12:40:00,292.96,292.96,292.75,292.75,-0.07,997.8,292218.64,-1
2024-06-26,2024-06-26 12:50:00,292.75,292.75,292.55,292.55,-0.07,997.8,292218.64,-1
2024-06-26,2024-06-26 13:00:00,292.55,298.0,290.1,292.35,-0.07,997.8,292218.64,-1
2024-06-26,2024-06-26 13:10:00,292.35,292.35,292.14,292.14,-0.07,997.8,292218.64,-1
2024-06-26,2024-06-26 13:20:00,292.14,292.14,291.94,291.94,-0.07,997.8,292218.64,-1
2024-06-26,2024-06-26 13:30:00,291.94,291.94,291.73,291.73,-0.07,997.8,292218.64,-1
2024-06-26,2024-06-26 13:40:00,291.73,291.73,291.53,291.53,-0.07,997.8,292218.64,-1
2024-06-26,2024-06-26 13:50:00,291.53,291.53,291.33,291.33,-0.07,997.8,292218.64,-1
2024-06-26,2024-06-26 14:00:00,291.33,291.33,291.12,291.12,-0.07,997.8,292218.64,-1
2024-06-26,2024-06-26 14:10:00,291.12,291.12,290.92,290.92,-0.07,997.8,292218.64,-1
2024-06-26,2024-06-26 14:20:00,290.92,290.92,290.71,290.71,-0.07,997.8,292218.64,-1
2024-06-26,2024-06-26 14:30:00,290.71,290.71,290.51,290.51,-0.07,997.8,292218.64,-1
2024-06-26,2024-06-26 14:40:00,290.51,290.51,290.3,290.3,-0.07,997.8,292218.64,-1
2024-06-26,2024-06-26 14:50:00,290.3,290.3,290.1,290.1,-0.07,997.8,292218.64,-1
2024-06-26,2024-06-26 15:00:00,290.1,298.0,290.1,290.1,0.0,997.8,292218.64,0
2024-06-27,2024-06-27 11:00:00,290.0,291.2,288.53,289.84,-0.06,1576.44,454124.32,-1
2024-06-27,2024-06-27 11:10:00,289.84,289.84,289.68,289.68,-0.06,1576.44,454124.32,-1
2024-06-27,2024-06-27 11:20:00,289.68,289.68,289.51,289.51,-0.06,1576.44,454124.32,-1
2024-06-27,2024-06-27 11:30:00,289.51,289.51,289.35,289.35,-0.06,1576.44,454124.32,-1
2024-06-27,2024-06-27 11:40:00,289.35,289.35,289.19,289.19,-0.06,1576.44,454124.32,-1
2024-06-27,2024-06-27 11:50:00,289.19,289.19,289.02,289.02,-0.06,1576.44,454124.32,-1
2024-06-27,2024-06-27 12:00:00,289.02,289.02,288.86,288.86,-0.06,1576.44,454124.32,-1
2024-06-27,2024-06-27 12:10:00,288.86,288.86,288.7,288.7,-0.06,1576.44,454124.32,-1
2024-06-27,2024-06-27 12:20:00,288.7,288.7,288.54,288.54,-0.06,1576.44,454124.32,-1
2024-06-27,2024-06-27 12:30:00,288.54,288.54,288.38,288.38,-0.06,1576.44,454124.32,-1
2024-06-27,2024-06-27 12:40:00,288.38,288.38,288.21,288.21,-0.06,1576.44,454124.32,-1
2024-06-27,2024-06-27 12:50:00,288.21,288.21,288.05,288.05,-0.06,1576.44,454124.32,-1
2024-06-27,2024-06-27 13:00:00,288.05,294.0,285.1,287.89,-0.06,1576.44,454124.32,-1
2024-06-27,2024-06-27 13:10:00,287.89,287.89,287.73,287.73,-0.06,1576.44,454124.32,-1
2024-06-27,2024-06-27 13:20:00,287.73,287.73,287.56,287.56,-0.06,1576.44,454124.32,-1
2024-06-27,2024-06-27 13:30:00,287.56,287.56,287.4,287.4,-0.06,1576.44,454124.32,-1
2024-06-27,2024-06-27 13:40:00,287.4,287.4,287.24,287.24,-0.06,1576.44,454124.32,-1
2024-06-27,2024-06-27 13:50:00,287.24,287.24,287.08,287.08,-0.06,1576.44,454124.32,-1
2024-06-27,2024-06-27 14:00:00,287.08,287.08,286.91,286.91,-0.06,1576.44,454124.32,-1
2024-06-27,2024-06-27 14:10:00,286.91,286.91,286.75,286.75,-0.06,1576.44,454124.32,-1
2024-06-27,2024-06-27 14:20:00,286.75,286.75,286.59,286.59,-0.06,1576.44,454124.32,-1
2024-06-27,2024-06-27 14:30:00,286.59,286.59,286.43,286.43,-0.06,1576.44,454124.32,-1
2024-06-27,2024-06-27 14:40:00,286.43,286.43,286.26,286.26,-0.06,1576.44,454124.32,-1
2024-06-27,2024-06-27 14:50:00,286.26,286.26,286.1,286.1,-0.06,1576.44,454124.32,-1
2024-06-27,2024-06-27 15:00:00,286.1,294.0,285.1,286.1,0.0,1576.44,454124.32,0
2024-06-30,2024-06-30 11:00:00,291.0,291.0,288.0,290.75,-0.09,1477.56,420258.4,-1
2024-06-30,2024-06-30 11:10:00,290.75,290.75,290.49,290.49,-0.09,1477.56,420258.4,-1
2024-06-30,2024-06-30 11:20:00,290.49,290.49,290.24,290.24,-0.09,1477.56,420258.4,-1
2024-06-30,2024-06-30 11:30:00,290.24,290.24,289.98,289.98,-0.09,1477.56,420258.4,-1
2024-06-30,2024-06-30 11:40:00,289.98,289.98,289.73,289.73,-0.09,1477.56,420258.4,-1
2024-06-30,2024-06-30 11:50:00,289.73,289.73,289.48,289.48,-0.09,1477.56,420258.4,-1
2024-06-30,2024-06-30 12:00:00,289.48,289.48,289.22,289.22,-0.09,1477.56,420258.4,-1
2024-06-30,2024-06-30 12:10:00,289.22,289.22,288.97,288.97,-0.09,1477.56,420258.4,-1
2024-06-30,2024-06-30 12:20:00,288.97,288.97,288.71,288.71,-0.09,1477.56,420258.4,-1
2024-06-30,2024-06-30 12:30:00,288.71,288.71,288.46,288.46,-0.09,1477.56,420258.4,-1
2024-06-30,2024-06-30 12:40:00,288.46,288.46,288.2,288.2,-0.09,1477.56,420258.4,-1
2024-06-30,2024-06-30 12:50:00,288.2,288.2,287.95,287.95,-0.09,1477.56,420258.4,-1
2024-06-30,2024-06-30 13:00:00,287.95,291.0,281.0,287.7,-0.09,1477.56,420258.4,-1
2024-06-30,2024-06-30 13:10:00,287.7,287.7,287.44,287.44,-0.09,1477.56,420258.4,-1
2024-06-30,2024-06-30 13:20:00,287.44,287.44,287.19,287.19,-0.09,1477.56,420258.4,-1
2024-06-30,2024-06-30 13:30:00,287.19,287.19,286.93,286.93,-0.09,1477.56,420258.4,-1
2024-06-30,2024-06-30 13:40:00,286.93,286.93,286.68,286.68,-0.09,1477.56,420258.4,-1
2024-06-30,2024-06-30 13:50:00,286.68,286.68,286.42,286.42,-0.09,1477.56,420258.4,-1
2024-06-30,2024-06-30 14:00:00,286.42,286.42,286.17,286.17,-0.09,1477.56,420258.4,-1
2024-06-30,2024-06-30 14:10:00,286.17,286.17,285.92,285.92,-0.09,1477.56,420258.4,-1
2024-06-30,2024-06-30 14:20:00,285.92,285.92,285.66,285.66,-0.09,1477.56,420258.4,-1
2024-06-30,2024-06-30 14:30:00,285.66,285.66,285.41,285.41,-0.09,1477.56,420258.4,-1
2024-06-30,2024-06-30 14:40:00,285.41,285.41,285.15,285.15,-0.09,1477.56,420258.4,-1
2024-06-30,2024-06-30 14:50:00,285.15,285.15,284.9,284.9,-0.09,1477.56,420258.4,-1
2024-06-30,2024-06-30 15:00:00,284.9,291.0,281.0,284.9,0.0,1477.56,420258.4,0
2024-07-01,2024-07-01 11:00:00,281.0,283.07,281.0,281.12,0.04,702.32,199541.5,1
2024-07-01,2024-07-01 11:10:00,281.12,281.24,281.12,281.24,0.04,702.32,199541.5,1
2024-07-01,2024-07-01 11:20:00,281.24,281.36,281.24,281.36,0.04,702.32,199541.5,1
2024-07-01,2024-07-01 11:30:00,281.36,281.48,281.36,281.48,0.04,702.32,199541.5,1
2024-07-01,2024-07-01 11:40:00,281.48,281.6,281.48,281.6,0.04,702.32,199541.5,1
2024-07-01,2024-07-01 11:50:00,281.6,281.73,281.6,281.73,0.05,702.32,199541.5,1
2024-07-01,2024-07-01 12:00:00,281.73,281.85,281.73,281.85,0.04,702.32,199541.5,1
2024-07-01,2024-07-01 12:10:00,281.85,281.97,281.85,281.97,0.04,702.32,199541.5,1
2024-07-01,2024-07-01 12:20:00,281.97,282.09,281.97,282.09,0.04,702.32,199541.5,1
2024-07-01,2024-07-01 12:30:00,282.09,282.21,282.09,282.21,0.04,702.32,199541.5,1
2024-07-01,2024-07-01 12:40:00,282.21,282.33,282.21,282.33,0.04,702.32,199541.5,1
2024-07-01,2024-07-01 12:50:00,282.33,282.45,282.33,282.45,0.04,702.32,199541.5,1
2024-07-01,2024-07-01 13:00:00,282.45,287.9,281.0,282.57,0.04,702.32,199541.5,1
2024-07-01,2024-07-01 13:10:00,282.57,282.69,282.57,282.69,0.04,702.32,199541.5,1
2024-07-01,2024-07-01 13:20:00,282.69,282.81,282.69,282.81,0.04,702.32,199541.5,1
2024-07-01,2024-07-01 13:30:00,282.81,282.93,282.81,282.93,0.04,702.32,199541.5,1
2024-07-01,2024-07-01 13:40:00,282.93,283.05,282.93,283.05,0.04,702.32,199541.5,1
2024-07-01,2024-07-01 13:50:00,283.05,283.17,283.05,283.17,0.04,702.32,199541.5,1
2024-07-01,2024-07-01 14:00:00,283.17,283.3,283.17,283.3,0.05,702.32,199541.5,1
2024-07-01,2024-07-01 14:10:00,283.3,283.42,283.3,283.42,0.04,702.32,199541.5,1
2024-07-01,2024-07-01 14:20:00,283.42,283.54,283.42,283.54,0.04,702.32,199541.5,1
2024-07-01,2024-07-01 14:30:00,283.54,283.66,283.54,283.66,0.04,702.32,199541.5,1
2024-07-01,2024-07-01 14:40:00,283.66,283.78,283.66,283.78,0.04,702.32,199541.5,1
2024-07-01,2024-07-01 14:50:00,283.78,283.9,283.78,283.9,0.04,702.32,199541.5,1
2024-07-01,2024-07-01 15:00:00,283.9,287.9,281.0,283.9,0.0,702.32,199541.5,0
2024-07-02,2024-07-02 11:00:00,289.5,296.31,289.5,289.6,0.03,980.24,290039.6,1
2024-07-02,2024-07-02 11:10:00,289.6,289.71,289.6,289.71,0.04,980.24,290039.6,1
2024-07-02,2024-07-02 11:20:00,289.71,289.81,289.71,289.81,0.03,980.24,290039.6,1
2024-07-02,2024-07-02 11:30:00,289.81,289.92,289.81,289.92,0.04,980.24,290039.6,1
2024-07-02,2024-07-02 11:40:00,289.92,290.02,289.92,290.02,0.03,980.24,290039.6,1
2024-07-02,2024-07-02 11:50:00,290.02,290.12,290.02,290.12,0.03,980.24,290039.6,1
2024-07-02,2024-07-02 12:00:00,290.12,290.23,290.12,290.23,0.04,980.24,290039.6,1
2024-07-02,2024-07-02 12:10:00,290.23,290.33,290.23,290.33,0.03,980.24,290039.6,1
2024-07-02,2024-07-02 12:20:00,290.33,290.44,290.33,290.44,0.04,980.24,290039.6,1
2024-07-02,2024-07-02 12:30:00,290.44,290.54,290.44,290.54,0.03,980.24,290039.6,1
2024-07-02,2024-07-02 12:40:00,290.54,290.65,290.54,290.65,0.04,980.24,290039.6,1
2024-07-02,2024-07-02 12:50:00,290.65,290.75,290.65,290.75,0.03,980.24,290039.6,1
2024-07-02,2024-07-02 13:00:00,290.75,312.2,289.5,290.85,0.03,980.24,290039.6,1
2024-07-02,2024-07-02 13:10:00,290.85,290.96,290.85,290.96,0.04,980.24,290039.6,1
2024-07-02,2024-07-02 13:20:00,290.96,291.06,290.96,291.06,0.03,980.24,290039.6,1
2024-07-02,2024-07-02 13:30:00,291.06,291.17,291.06,291.17,0.04,980.24,290039.6,1
2024-07-02,2024-07-02 13:40:00,291.17,291.27,291.17,291.27,0.03,980.24,290039.6,1
2024-07-02,2024-07-02 13:50:00,291.27,291.38,291.27,291.38,0.04,980.24,290039.6,1
2024-07-02,2024-07-02 14:00:00,291.38,291.48,291.38,291.48,0.03,980.24,290039.6,1
2024-07-02,2024-07-02 14:10:00,291.48,291.58,291.48,291.58,0.03,980.24,290039.6,1
2024-07-02,2024-07-02 14:20:00,291.58,291.69,291.58,291.69,0.04,980.24,290039.6,1
2024-07-02,2024-07-02 14:30:00,291.69,291.79,291.69,291.79,0.03,980.24,290039.6,1
2024-07-02,2024-07-02 14:40:00,291.79,291.9,291.79,291.9,0.04,980.24,290039.6,1
2024-07-02,2024-07-02 14:50:00,291.9,292.0,291.9,292.0,0.03,980.24,290039.6,1
2024-07-02,2024-07-02 15:00:00,292.0,312.2,289.5,292.0,0.0,980.24,290039.6,0
2024-07-03,2024-07-03 11:00:00,292.0,292.0,289.78,291.83,-0.06,1297.96,372366.0,-1
2024-07-03,2024-07-03 11:10:00,291.83,291.83,291.67,291.67,-0.05,1297.96,372366.0,-1
2024-07-03,2024-07-03 11:20:00,291.67,291.67,291.5,291.5,-0.06,1297.96,372366.0,-1
2024-07-03,2024-07-03 11:30:00,291.5,291.5,291.33,291.33,-0.06,1297.96,372366.0,-1
2024-07-03,2024-07-03 11:40:00,291.33,291.33,291.17,291.17,-0.05,1297.96,372366.0,-1
2024-07-03,2024-07-03 11:50:00,291.17,291.17,291.0,291.0,-0.06,1297.96,372366.0,-1
2024-07-03,2024-07-03 12:00:00,291.0,291.0,290.83,290.83,-0.06,1297.96,372366.0,-1
2024-07-03,2024-07-03 12:10:00,290.83,290.83,290.67,290.67,-0.06,1297.96,372366.0,-1
2024-07-03,2024-07-03 12:20:00,290.67,290.67,290.5,290.5,-0.06,1297.96,372366.0,-1
2024-07-03,2024-07-03 12:30:00,290.5,290.5,290.33,290.33,-0.06,1297.96,372366.0,-1
2024-07-03,2024-07-03 12:40:00,290.33,290.33,290.17,290.17,-0.06,1297.96,372366.0,-1
2024-07-03,2024-07-03 12:50:00,290.17,290.17,290.0,290.0,-0.06,1297.96,372366.0,-1
2024-07-03,2024-07-03 13:00:00,290.0,292.0,284.6,289.83,-0.06,1297.96,372366.0,-1
2024-07-03,2024-07-03 13:10:00,289.83,289.83,289.67,289.67,-0.06,1297.96,372366.0,-1
2024-07-03,2024-07-03 13:20:00,289.67,289.67,289.5,289.5,-0.06,1297.96,372366.0,-1
2024-07-03,2024-07-03 13:30:00,289.5,289.5,289.33,289.33,-0.06,1297.96,372366.0,-1
2024-07-03,2024-07-03 13:40:00,289.33,289.33,289.17,289.17,-0.06,1297.96,372366.0,-1
2024-07-03,2024-07-03 13:50:00,289.17,289.17,289.0,289.0,-0.06,1297.96,372366.0,-1
2024-07-03,2024-07-03 14:00:00,289.0,289.0,288.83,288.83,-0.06,1297.96,372366.0,-1
2024-07-03,2024-07-03 14:10:00,288.83,288.83,288.67,288.67,-0.06,1297.96,372366.0,-1
2024-07-03,2024-07-03 14:20:00,288.67,288.67,288.5,288.5,-0.06,1297.96,372366.0,-1
2024-07-03,2024-07-03 14:30:00,288.5,288.5,288.33,288.33,-0.06,1297.96,372366.0,-1
2024-07-03,2024-07-03 14:40:00,288.33,288.33,288.17,288.17,-0.06,1297.96,372366.0,-1
2024-07-03,2024-07-03 14:50:00,288.17,288.17,288.0,288.0,-0.06,1297.96,372366.0,-1
2024-07-03,2024-07-03 15:00:00,288.0,292.0,284.6,288.0,0.0,1297.96,372366.0,0
2024-07-04,2024-07-04 11:00:00,292.0,292.9,290.5,292.08,0.03,1506.88,438359.74,1
2024-07-04,2024-07-04 11:10:00,292.08,292.17,292.08,292.17,0.03,1506.88,438359.74,1
2024-07-04,2024-07-04 11:20:00,292.17,292.25,292.17,292.25,0.03,1506.88,438359.74,1
2024-07-04,2024-07-04 11:30:00,292.25,292.33,292.25,292.33,0.03,1506.88,438359.74,1
2024-07-04,2024-07-04 11:40:00,292.33,292.42,292.33,292.42,0.03,1506.88,438359.74,1
2024-07-04,2024-07-04 11:50:00,292.42,292.5,292.42,292.5,0.03,1506.88,438359.74,1
2024-07-04,2024-07-04 12:00:00,292.5,292.58,292.5,292.58,0.03,1506.88,438359.74,1
2024-07-04,2024-07-04 12:10:00,292.58,292.67,292.58,292.67,0.03,1506.88,438359.74,1
2024-07-04,2024-07-04 12:20:00,292.67,292.75,292.67,292.75,0.03,1506.88,438359.74,1
2024-07-04,2024-07-04 12:30:00,292.75,292.83,292.75,292.83,0.03,1506.88,438359.74,1
2024-07-04,2024-07-04 12:40:00,292.83,292.92,292.83,292.92,0.03,1506.88,438359.74,1
2024-07-04,2024-07-04 12:50:00,292.92,293.0,292.92,293.0,0.03,1506.88,438359.74,1
2024-07-04,2024-07-04 13:00:00,293.0,295.0,287.0,293.08,0.03,1506.88,438359.74,1
2024-07-04,2024-07-04 13:10:00,293.08,293.17,293.08,293.17,0.03,1506.88,438359.74,1
2024-07-04,2024-07-04 13:20:00,293.17,293.25,293.17,293.25,0.03,1506.88,438359.74,1
2024-07-04,2024-07-04 13:30:00,293.25,293.33,293.25,293.33,0.03,1506.88,438359.74,1
2024-07-04,2024-07-04 13:40:00,293.33,293.42,293.33,293.42,0.03,1506.88,438359.74,1
2024-07-04,2024-07-04 13:50:00,293.42,293.5,293.42,293.5,0.03,1506.88,438359.74,1
2024-07-04,2024-07-04 14:00:00,293.5,293.58,293.5,293.58,0.03,1506.88,438359.74,1
2024-07-04,2024-07-04 14:10:00,293.58,293.67,293.58,293.67,0.03,1506.88,438359.74,1
2024-07-04,2024-07-04 14:20:00,293.67,293.75,293.67,293.75,0.03,1506.88,438359.74,1
2024-07-04,2024-07-04 14:30:00,293.75,293.83,293.75,293.83,0.03,1506.88,438359.74,1
2024-07-04,2024-07-04 14:40:00,293.83,293.92,293.83,293.92,0.03,1506.88,438359.74,1
2024-07-04,2024-07-04 14:50:00,293.92,294.0,293.92,294.0,0.03,1506.88,438359.74,1
2024-07-04,2024-07-04 15:00:00,294.0,295.0,287.0,294.0,0.0,1506.88,438359.74,0
2024-07-07,2024-07-07 11:00:00,295.0,296.8,294.4,295.12,0.04,1192.92,354060.68,1
2024-07-07,2024-07-07 11:10:00,295.12,295.23,295.12,295.23,0.04,1192.92,354060.68,1
2024-07-07,2024-07-07 11:20:00,295.23,295.35,295.23,295.35,0.04,1192.92,354060.68,1
2024-07-07,2024-07-07 11:30:00,295.35,295.47,295.35,295.47,0.04,1192.92,354060.68,1
2024-07-07,2024-07-07 11:40:00,295.47,295.58,295.47,295.58,0.04,1192.92,354060.68,1
2024-07-07,2024-07-07 11:50:00,295.58,295.7,295.58,295.7,0.04,1192.92,354060.68,1
2024-07-07,2024-07-07 12:00:00,295.7,295.82,295.7,295.82,0.04,1192.92,354060.68,1
2024-07-07,2024-07-07 12:10:00,295.82,295.93,295.82,295.93,0.04,1192.92,354060.68,1
2024-07-07,2024-07-07 12:20:00,295.93,296.05,295.93,296.05,0.04,1192.92,354060.68,1
2024-07-07,2024-07-07 12:30:00,296.05,296.17,296.05,296.17,0.04,1192.92,354060.68,1
2024-07-07,2024-07-07 12:40:00,296.17,296.28,296.17,296.28,0.04,1192.92,354060.68,1
2024-07-07,2024-07-07 12:50:00,296.28,296.4,296.28,296.4,0.04,1192.92,354060.68,1
2024-07-07,2024-07-07 13:00:00,296.4,301.0,293.0,296.52,0.04,1192.92,354060.68,1
2024-07-07,2024-07-07 13:10:00,296.52,296.63,296.52,296.63,0.04,1192.92,354060.68,1
2024-07-07,2024-07-07 13:20:00,296.63,296.75,296.63,296.75,0.04,1192.92,354060.68,1
2024-07-07,2024-07-07 13:30:00,296.75,296.87,296.75,296.87,0.04,1192.92,354060.68,1
2024-07-07,2024-07-07 13:40:00,296.87,296.98,296.87,296.98,0.04,1192.92,354060.68,1
2024-07-07,2024-07-07 13:50:00,296.98,297.1,296.98,297.1,0.04,1192.92,354060.68,1
2024-07-07,2024-07-07 14:00:00,297.1,297.22,297.1,297.22,0.04,1192.92,354060.68,1
2024-07-07,2024-07-07 14:10:00,297.22,297.33,297.22,297.33,0.04,1192.92,354060.68,1
2024-07-07,2024-07-07 14:20:00,297.33,297.45,297.33,297.45,0.04,1192.92,354060.68,1
2024-07-07,2024-07-07 14:30:00,297.45,297.57,297.45,297.57,0.04,1192.92,354060.68,1
2024-07-07,2024-07-07 14:40:00,297.57,297.68,297.57,297.68,0.04,1192.92,354060.68,1
2024-07-07,2024-07-07 14:50:00,297.68,297.8,297.68,297.8,0.04,1192.92,354060.68,1
2024-07-07,2024-07-07 15:00:00,297.8,301.0,293.0,297.8,0.0,1192.92,354060.68,0
2024-07-08,2024-07-08 11:00:00,300.0,300.0,297.66,299.73,-0.09,630.08,185238.2,-1
2024-07-08,2024-07-08 11:10:00,299.73,299.73,299.46,299.46,-0.09,630.08,185238.2,-1
2024-07-08,2024-07-08 11:20:00,299.46,299.46,299.19,299.19,-0.09,630.08,185238.2,-1
2024-07-08,2024-07-08 11:30:00,299.19,299.19,298.92,298.92,-0.09,630.08,185238.2,-1
2024-07-08,2024-07-08 11:40:00,298.92,298.92,298.65,298.65,-0.09,630.08,185238.2,-1
2024-07-08,2024-07-08 11:50:00,298.65,298.65,298.38,298.38,-0.09,630.08,185238.2,-1
2024-07-08,2024-07-08 12:00:00,298.38,298.38,298.1,298.1,-0.09,630.08,185238.2,-1
2024-07-08,2024-07-08 12:10:00,298.1,298.1,297.83,297.83,-0.09,630.08,185238.2,-1
2024-07-08,2024-07-08 12:20:00,297.83,297.83,297.56,297.56,-0.09,630.08,185238.2,-1
2024-07-08,2024-07-08 12:30:00,297.56,297.56,297.29,297.29,-0.09,630.08,185238.2,-1
2024-07-08,2024-07-08 12:40:00,297.29,297.29,297.02,297.02,-0.09,630.08,185238.2,-1
2024-07-08,2024-07-08 12:50:00,297.02,297.02,296.75,296.75,-0.09,630.08,185238.2,-1
2024-07-08,2024-07-08 13:00:00,296.75,300.0,292.2,296.48,-0.09,630.08,185238.2,-1
2024-07-08,2024-07-08 13:10:00,296.48,296.48,296.21,296.21,-0.09,630.08,185238.2,-1
2024-07-08,2024-07-08 13:20:00,296.21,296.21,295.94,295.94,-0.09,630.08,185238.2,-1
2024-07-08,2024-07-08 13:30:00,295.94,295.94,295.67,295.67,-0.09,630.08,185238.2,-1
2024-07-08,2024-07-08 13:40:00,295.67,295.67,295.4,295.4,-0.09,630.08,185238.2,-1
2024-07-08,2024-07-08 13:50:00,295.4,295.4,295.12,295.12,-0.09,630.08,185238.2,-1
2024-07-08,2024-07-08 14:00:00,295.12,295.12,294.85,294.85,-0.09,630.08,185238.2,-1
2024-07-08,2024-07-08 14:10:00,294.85,294.85,294.58,294.58,-0.09,630.08,185238.2,-1
2024-07-08,2024-07-08 14:20:00,294.58,294.58,294.31,294.31,-0.09,630.08,185238.2,-1
2024-07-08,2024-07-08 14:30:00,294.31,294.31,294.04,294.04,-0.09,630.08,185238.2,-1
2024-07-08,2024-07-08 14:40:00,294.04,294.04,293.77,293.77,-0.09,630.08,185238.2,-1
2024-07-08,2024-07-08 14:50:00,293.77,293.77,293.5,293.5,-0.09,630.08,185238.2,-1
2024-07-08,2024-07-08 15:00:00,293.5,300.0,292.2,293.5,0.0,630.08,185238.2,0
2024-07-09,2024-07-09 11:00:00,291.5,292.25,291.05,291.58,0.03,868.92,253160.27,1
2024-07-09,2024-07-09 11:10:00,291.58,291.66,291.58,291.66,0.03,868.92,253160.27,1
2024-07-09,2024-07-09 11:20:00,291.66,291.74,291.66,291.74,0.03,868.92,253160.27,1
2024-07-09,2024-07-09 11:30:00,291.74,291.82,291.74,291.82,0.03,868.92,253160.27,1
2024-07-09,2024-07-09 11:40:00,291.82,291.9,291.82,291.9,0.03,868.92,253160.27,1
2024-07-09,2024-07-09 11:50:00,291.9,291.98,291.9,291.98,0.03,868.92,253160.27,1
2024-07-09,2024-07-09 12:00:00,291.98,292.05,291.98,292.05,0.02,868.92,253160.27,1
2024-07-09,2024-07-09 12:10:00,292.05,292.13,292.05,292.13,0.03,868.92,253160.27,1
2024-07-09,2024-07-09 12:20:00,292.13,292.21,292.13,292.21,0.03,868.92,253160.27,1
2024-07-09,2024-07-09 12:30:00,292.21,292.29,292.21,292.29,0.03,868.92,253160.27,1
2024-07-09,2024-07-09 12:40:00,292.29,292.37,292.29,292.37,0.03,868.92,253160.27,1
2024-07-09,2024-07-09 12:50:00,292.37,292.45,292.37,292.45,0.03,868.92,253160.27,1
2024-07-09,2024-07-09 13:00:00,292.45,294.0,290.0,292.53,0.03,868.92,253160.27,1
2024-07-09,2024-07-09 13:10:00,292.53,292.61,292.53,292.61,0.03,868.92,253160.27,1
2024-07-09,2024-07-09 13:20:00,292.61,292.69,292.61,292.69,0.03,868.92,253160.27,1
2024-07-09,2024-07-09 13:30:00,292.69,292.77,292.69,292.77,0.03,868.92,253160.27,1
2024-07-09,2024-07-09 13:40:00,292.77,292.85,292.77,292.85,0.03,868.92,253160.27,1
2024-07-09,2024-07-09 13:50:00,292.85,292.92,292.85,292.92,0.02,868.92,253160.27,1
2024-07-09,2024-07-09 14:00:00,292.92,293.0,292.92,293.0,0.03,868.92,253160.27,1
2024-07-09,2024-07-09 14:10:00,293.0,293.08,293.0,293.08,0.03,868.92,253160.27,1
2024-07-09,2024-07-09 14:20:00,293.08,293.16,293.08,293.16,0.03,868.92,253160.27,1
2024-07-09,2024-07-09 14:30:00,293.16,293.24,293.16,293.24,0.03,868.92,253160.27,1
2024-07-09,2024-07-09 14:40:00,293.24,293.32,293.24,293.32,0.03,868.92,253160.27,1
2024-07-09,2024-07-09 14:50:00,293.32,293.4,293.32,293.4,0.03,868.92,253160.27,1
2024-07-09,2024-07-09 15:00:00,293.4,294.0,290.0,293.4,0.0,868.92,253160.27,0
2024-07-10,2024-07-10 11:00:00,294.9,294.93,293.43,294.76,-0.05,1285.44,374675.99,-1
2024-07-10,2024-07-10 11:10:00,294.76,294.76,294.62,294.62,-0.05,1285.44,374675.99,-1
2024-07-10,2024-07-10 11:20:00,294.62,294.62,294.49,294.49,-0.04,1285.44,374675.99,-1
2024-07-10,2024-07-10 11:30:00,294.49,294.49,294.35,294.35,-0.05,1285.44,374675.99,-1
2024-07-10,2024-07-10 11:40:00,294.35,294.35,294.21,294.21,-0.05,1285.44,374675.99,-1
2024-07-10,2024-07-10 11:50:00,294.21,294.21,294.07,294.07,-0.05,1285.44,374675.99,-1
2024-07-10,2024-07-10 12:00:00,294.07,294.07,293.94,293.94,-0.04,1285.44,374675.99,-1
2024-07-10,2024-07-10 12:10:00,293.94,293.94,293.8,293.8,-0.05,1285.44,374675.99,-1
2024-07-10,2024-07-10 12:20:00,293.8,293.8,293.66,293.66,-0.05,1285.44,374675.99,-1
2024-07-10,2024-07-10 12:30:00,293.66,293.66,293.52,293.52,-0.05,1285.44,374675.99,-1
2024-07-10,2024-07-10 12:40:00,293.52,293.52,293.39,293.39,-0.04,1285.44,374675.99,-1
2024-07-10,2024-07-10 12:50:00,293.39,293.39,293.25,293.25,-0.05,1285.44,374675.99,-1
2024-07-10,2024-07-10 13:00:00,293.25,295.0,290.0,293.11,-0.05,1285.44,374675.99,-1
2024-07-10,2024-07-10 13:10:00,293.11,293.11,292.98,292.98,-0.04,1285.44,374675.99,-1
2024-07-10,2024-07-10 13:20:00,292.98,292.98,292.84,292.84,-0.05,1285.44,374675.99,-1
2024-07-10,2024-07-10 13:30:00,292.84,292.84,292.7,292.7,-0.05,1285.44,374675.99,-1
2024-07-10,2024-07-10 13:40:00,292.7,292.7,292.56,292.56,-0.05,1285.44,374675.99,-1
2024-07-10,2024-07-10 13:50:00,292.56,292.56,292.43,292.43,-0.04,1285.44,374675.99,-1
2024-07-10,2024-07-10 14:00:00,292.43,292.43,292.29,292.29,-0.05,1285.44,374675.99,-1
2024-07-10,2024-07-10 14:10:00,292.29,292.29,292.15,292.15,-0.05,1285.44,374675.99,-1
2024-07-10,2024-07-10 14:20:00,292.15,292.15,292.01,292.01,-0.05,1285.44,374675.99,-1
2024-07-10,2024-07-10 14:30:00,292.01,292.01,291.88,291.88,-0.04,1285.44,374675.99,-1
2024-07-10,2024-07-10 14:40:00,291.88,291.88,291.74,291.74,-0.05,1285.44,374675.99,-1
2024-07-10,2024-07-10 14:50:00,291.74,291.74,291.6,291.6,-0.05,1285.44,374675.99,-1
2024-07-10,2024-07-10 15:00:00,291.6,295.0,290.0,291.6,0.0,1285.44,374675.99,0
2024-07-11,2024-07-11 11:00:00,294.9,296.34,293.43,295.09,0.06,2069.96,609652.04,1
2024-07-11,2024-07-11 11:10:00,295.09,295.27,295.09,295.27,0.06,2069.96,609652.04,1
2024-07-11,2024-07-11 11:20:00,295.27,295.46,295.27,295.46,0.06,2069.96,609652.04,1
2024-07-11,2024-07-11 11:30:00,295.46,295.65,295.46,295.65,0.06,2069.96,609652.04,1
2024-07-11,2024-07-11 11:40:00,295.65,295.84,295.65,295.84,0.06,2069.96,609652.04,1
2024-07-11,2024-07-11 11:50:00,295.84,296.02,295.84,296.02,0.06,2069.96,609652.04,1
2024-07-11,2024-07-11 12:00:00,296.02,296.21,296.02,296.21,0.06,2069.96,609652.04,1
2024-07-11,2024-07-11 12:10:00,296.21,296.4,296.21,296.4,0.06,2069.96,609652.04,1
2024-07-11,2024-07-11 12:20:00,296.4,296.59,296.4,296.59,0.06,2069.96,609652.04,1
2024-07-11,2024-07-11 12:30:00,296.59,296.77,296.59,296.77,0.06,2069.96,609652.04,1
2024-07-11,2024-07-11 12:40:00,296.77,296.96,296.77,296.96,0.06,2069.96,609652.04,1
2024-07-11,2024-07-11 12:50:00,296.96,297.15,296.96,297.15,0.06,2069.96,609652.04,1
2024-07-11,2024-07-11 13:00:00,297.15,299.7,290.0,297.34,0.06,2069.96,609652.04,1
2024-07-11,2024-07-11 13:10:00,297.34,297.52,297.34,297.52,0.06,2069.96,609652.04,1
2024-07-11,2024-07-11 13:20:00,297.52,297.71,297.52,297.71,0.06,2069.96,609652.04,1
2024-07-11,2024-07-11 13:30:00,297.71,297.9,297.71,297.9,0.06,2069.96,609652.04,1
2024-07-11,2024-07-11 13:40:00,297.9,298.09,297.9,298.09,0.06,2069.96,609652.04,1
2024-07-11,2024-07-11 13:50:00,298.09,298.27,298.09,298.27,0.06,2069.96,609652.04,1
2024-07-11,2024-07-11 14:00:00,298.27,298.46,298.27,298.46,0.06,2069.96,609652.04,1
2024-07-11,2024-07-11 14:10:00,298.46,298.65,298.46,298.65,0.06,2069.96,609652.04,1
2024-07-11,2024-07-11 14:20:00,298.65,298.84,298.65,298.84,0.06,2069.96,609652.04,1
2024-07-11,2024-07-11 14:30:00,298.84,299.02,298.84,299.02,0.06,2069.96,609652.04,1
2024-07-11,2024-07-11 14:40:00,299.02,299.21,299.02,299.21,0.06,2069.96,609652.04,1
2024-07-11,2024-07-11 14:50:00,299.21,299.4,299.21,299.4,0.06,2069.96,609652.04,1
2024-07-11,2024-07-11 15:00:00,299.4,299.7,290.0,299.4,0.0,2069.96,609652.04,0
2024-07-14,2024-07-14 11:00:00,305.3,308.51,303.71,305.27,-0.01,1598.64,486990.71,-1
2024-07-14,2024-07-14 11:10:00,305.27,305.27,305.23,305.23,-0.01,1598.64,486990.71,-1
2024-07-14,2024-07-14 11:20:00,305.23,305.23,305.2,305.2,-0.01,1598.64,486990.71,-1
2024-07-14,2024-07-14 11:30:00,305.2,305.2,305.17,305.17,-0.01,1598.64,486990.71,-1
2024-07-14,2024-07-14 11:40:00,305.17,305.17,305.13,305.13,-0.01,1598.64,486990.71,-1
2024-07-14,2024-07-14 11:50:00,305.13,305.13,305.1,305.1,-0.01,1598.64,486990.71,-1
2024-07-14,2024-07-14 12:00:00,305.1,305.1,305.07,305.07,-0.01,1598.64,486990.71,-1
2024-07-14,2024-07-14 12:10:00,305.07,305.07,305.03,305.03,-0.01,1598.64,486990.71,-1
2024-07-14,2024-07-14 12:20:00,305.03,305.03,305.0,305.0,-0.01,1598.64,486990.71,-1
2024-07-14,2024-07-14 12:30:00,305.0,305.0,304.97,304.97,-0.01,1598.64,486990.71,-1
2024-07-14,2024-07-14 12:40:00,304.97,304.97,304.93,304.93,-0.01,1598.64,486990.71,-1
2024-07-14,2024-07-14 12:50:00,304.93,304.93,304.9,304.9,-0.01,1598.64,486990.71,-1
2024-07-14,2024-07-14 13:00:00,304.9,316.0,300.0,304.87,-0.01,1598.64,486990.71,-1
2024-07-14,2024-07-14 13:10:00,304.87,304.87,304.83,304.83,-0.01,1598.64,486990.71,-1
2024-07-14,2024-07-14 13:20:00,304.83,304.83,304.8,304.8,-0.01,1598.64,486990.71,-1
2024-07-14,2024-07-14 13:30:00,304.8,304.8,304.77,304.77,-0.01,1598.64,486990.71,-1
2024-07-14,2024-07-14 13:40:00,304.77,304.77,304.73,304.73,-0.01,1598.64,486990.71,-1
2024-07-14,2024-07-14 13:50:00,304.73,304.73,304.7,304.7,-0.01,1598.64,486990.71,-1
2024-07-14,2024-07-14 14:00:00,304.7,304.7,304.67,304.67,-0.01,1598.64,486990.71,-1
2024-07-14,2024-07-14 14:10:00,304.67,304.67,304.63,304.63,-0.01,1598.64,486990.71,-1
2024-07-14,2024-07-14 14:20:00,304.63,304.63,304.6,304.6,-0.01,1598.64,486990.71,-1
2024-07-14,2024-07-14 14:30:00,304.6,304.6,304.57,304.57,-0.01,1598.64,486990.71,-1
2024-07-14,2024-07-14 14:40:00,304.57,304.57,304.53,304.53,-0.01,1598.64,486990.71,-1
2024-07-14,2024-07-14 14:50:00,304.53,304.53,304.5,304.5,-0.01,1598.64,486990.71,-1
2024-07-14,2024-07-14 15:00:00,304.5,316.0,300.0,304.5,0.0,1598.64,486990.71,0
2024-07-15,2024-07-15 11:00:00,310.5,310.5,306.75,309.98,-0.17,1566.0,473408.67,-1
2024-07-15,2024-07-15 11:10:00,309.98,309.98,309.47,309.47,-0.16,1566.0,473408.67,-1
2024-07-15,2024-07-15 11:20:00,309.47,309.47,308.95,308.95,-0.17,1566.0,473408.67,-1
2024-07-15,2024-07-15 11:30:00,308.95,308.95,308.43,308.43,-0.17,1566.0,473408.67,-1
2024-07-15,2024-07-15 11:40:00,308.43,308.43,307.92,307.92,-0.17,1566.0,473408.67,-1
2024-07-15,2024-07-15 11:50:00,307.92,307.92,307.4,307.4,-0.17,1566.0,473408.67,-1
2024-07-15,2024-07-15 12:00:00,307.4,307.4,306.88,306.88,-0.17,1566.0,473408.67,-1
2024-07-15,2024-07-15 12:10:00,306.88,306.88,306.37,306.37,-0.17,1566.0,473408.67,-1
2024-07-15,2024-07-15 12:20:00,306.37,306.37,305.85,305.85,-0.17,1566.0,473408.67,-1
2024-07-15,2024-07-15 12:30:00,305.85,305.85,305.33,305.33,-0.17,1566.0,473408.67,-1
2024-07-15,2024-07-15 12:40:00,305.33,305.33,304.82,304.82,-0.17,1566.0,473408.67,-1
2024-07-15,2024-07-15 12:50:00,304.82,304.82,304.3,304.3,-0.17,1566.0,473408.67,-1
2024-07-15,2024-07-15 13:00:00,304.3,310.5,298.0,303.78,-0.17,1566.0,473408.67,-1
2024-07-15,2024-07-15 13:10:00,303.78,303.78,303.27,303.27,-0.17,1566.0,473408.67,-1
2024-07-15,2024-07-15 13:20:00,303.27,303.27,302.75,302.75,-0.17,1566.0,473408.67,-1
2024-07-15,2024-07-15 13:30:00,302.75,302.75,302.23,302.23,-0.17,1566.0,473408.67,-1
2024-07-15,2024-07-15 13:40:00,302.23,302.23,301.72,301.72,-0.17,1566.0,473408.67,-1
2024-07-15,2024-07-15 13:50:00,301.72,301.72,301.2,301.2,-0.17,1566.0,473408.67,-1
2024-07-15,2024-07-15 14:00:00,301.2,301.2,300.68,300.68,-0.17,1566.0,473408.67,-1
2024-07-15,2024-07-15 14:10:00,300.68,300.68,300.17,300.17,-0.17,1566.0,473408.67,-1
2024-07-15,2024-07-15 14:20:00,300.17,300.17,299.65,299.65,-0.17,1566.0,473408.67,-1
2024-07-15,2024-07-15 14:30:00,299.65,299.65,299.13,299.13,-0.17,1566.0,473408.67,-1
2024-07-15,2024-07-15 14:40:00,299.13,299.13,298.62,298.62,-0.17,1566.0,473408.67,-1
2024-07-15,2024-07-15 14:50:00,298.62,298.62,298.1,298.1,-0.17,1566.0,473408.67,-1
2024-07-15,2024-07-15 15:00:00,298.1,310.5,298.0,298.1,0.0,1566.0,473408.67,0
2024-07-16,2024-07-16 11:00:00,304.0,308.8,302.2,304.62,0.2,4853.2,1517122.48,1
2024-07-16,2024-07-16 11:10:00,304.62,305.25,304.62,305.25,0.21,4853.2,1517122.48,1
2024-07-16,2024-07-16 11:20:00,305.25,305.88,305.25,305.88,0.21,4853.2,1517122.48,1
2024-07-16,2024-07-16 11:30:00,305.88,306.5,305.88,306.5,0.2,4853.2,1517122.48,1
2024-07-16,2024-07-16 11:40:00,306.5,307.12,306.5,307.12,0.2,4853.2,1517122.48,1
2024-07-16,2024-07-16 11:50:00,307.12,307.75,307.12,307.75,0.21,4853.2,1517122.48,1
2024-07-16,2024-07-16 12:00:00,307.75,308.38,307.75,308.38,0.2,4853.2,1517122.48,1
2024-07-16,2024-07-16 12:10:00,308.38,309.0,308.38,309.0,0.2,4853.2,1517122.48,1
2024-07-16,2024-07-16 12:20:00,309.0,309.62,309.0,309.62,0.2,4853.2,1517122.48,1
2024-07-16,2024-07-16 12:30:00,309.62,310.25,309.62,310.25,0.2,4853.2,1517122.48,1
2024-07-16,2024-07-16 12:40:00,310.25,310.88,310.25,310.88,0.2,4853.2,1517122.48,1
2024-07-16,2024-07-16 12:50:00,310.88,311.5,310.88,311.5,0.2,4853.2,1517122.48,1
2024-07-16,2024-07-16 13:00:00,311.5,320.0,298.0,312.12,0.2,4853.2,1517122.48,1
2024-07-16,2024-07-16 13:10:00,312.12,312.75,312.12,312.75,0.2,4853.2,1517122.48,1
2024-07-16,2024-07-16 13:20:00,312.75,313.38,312.75,313.38,0.2,4853.2,1517122.48,1
2024-07-16,2024-07-16 13:30:00,313.38,314.0,313.38,314.0,0.2,4853.2,1517122.48,1
2024-07-16,2024-07-16 13:40:00,314.0,314.62,314.0,314.62,0.2,4853.2,1517122.48,1
2024-07-16,2024-07-16 13:50:00,314.62,315.25,314.62,315.25,0.2,4853.2,1517122.48,1
2024-07-16,2024-07-16 14:00:00,315.25,315.88,315.25,315.88,0.2,4853.2,1517122.48,1
2024-07-16,2024-07-16 14:10:00,315.88,316.5,315.88,316.5,0.2,4853.2,1517122.48,1
2024-07-16,2024-07-16 14:20:00,316.5,317.12,316.5,317.12,0.2,4853.2,1517122.48,1
2024-07-16,2024-07-16 14:30:00,317.12,317.75,317.12,317.75,0.2,4853.2,1517122.48,1
2024-07-16,2024-07-16 14:40:00,317.75,318.38,317.75,318.38,0.2,4853.2,1517122.48,1
2024-07-16,2024-07-16 14:50:00,318.38,319.0,318.38,319.0,0.19,4853.2,1517122.48,1
2024-07-16,2024-07-16 15:00:00,319.0,320.0,298.0,319.0,0.0,4853.2,1517122.48,0
2024-07-17,2024-07-17 11:00:00,320.0,324.8,318.5,320.3,0.09,3983.32,1297866.87,1
2024-07-17,2024-07-17 11:10:00,320.3,320.6,320.3,320.6,0.09,3983.32,1297866.87,1
2024-07-17,2024-07-17 11:20:00,320.6,320.9,320.6,320.9,0.09,3983.32,1297866.87,1
2024-07-17,2024-07-17 11:30:00,320.9,321.2,320.9,321.2,0.09,3983.32,1297866.87,1
2024-07-17,2024-07-17 11:40:00,321.2,321.5,321.2,321.5,0.09,3983.32,1297866.87,1
2024-07-17,2024-07-17 11:50:00,321.5,321.8,321.5,321.8,0.09,3983.32,1297866.87,1
2024-07-17,2024-07-17 12:00:00,321.8,322.1,321.8,322.1,0.09,3983.32,1297866.87,1
2024-07-17,2024-07-17 12:10:00,322.1,322.4,322.1,322.4,0.09,3983.32,1297866.87,1
2024-07-17,2024-07-17 12:20:00,322.4,322.7,322.4,322.7,0.09,3983.32,1297866.87,1
2024-07-17,2024-07-17 12:30:00,322.7,323.0,322.7,323.0,0.09,3983.32,1297866.87,1
2024-07-17,2024-07-17 12:40:00,323.0,323.3,323.0,323.3,0.09,3983.32,1297866.87,1
2024-07-17,2024-07-17 12:50:00,323.3,323.6,323.3,323.6,0.09,3983.32,1297866.87,1
2024-07-17,2024-07-17 13:00:00,323.6,336.0,315.0,323.9,0.09,3983.32,1297866.87,1
2024-07-17,2024-07-17 13:10:00,323.9,324.2,323.9,324.2,0.09,3983.32,1297866.87,1
2024-07-17,2024-07-17 13:20:00,324.2,324.5,324.2,324.5,0.09,3983.32,1297866.87,1
2024-07-17,2024-07-17 13:30:00,324.5,324.8,324.5,324.8,0.09,3983.32,1297866.87,1
2024-07-17,2024-07-17 13:40:00,324.8,325.1,324.8,325.1,0.09,3983.32,1297866.87,1
2024-07-17,2024-07-17 13:50:00,325.1,325.4,325.1,325.4,0.09,3983.32,1297866.87,1
2024-07-17,2024-07-17 14:00:00,325.4,325.7,325.4,325.7,0.09,3983.32,1297866.87,1
2024-07-17,2024-07-17 14:10:00,325.7,326.0,325.7,326.0,0.09,3983.32,1297866.87,1
2024-07-17,2024-07-17 14:20:00,326.0,326.3,326.0,326.3,0.09,3983.32,1297866.87,1
2024-07-17,2024-07-17 14:30:00,326.3,326.6,326.3,326.6,0.09,3983.32,1297866.87,1
2024-07-17,2024-07-17 14:40:00,326.6,326.9,326.6,326.9,0.09,3983.32,1297866.87,1
2024-07-17,2024-07-17 14:50:00,326.9,327.2,326.9,327.2,0.09,3983.32,1297866.87,1
2024-07-17,2024-07-17 15:00:00,327.2,336.0,315.0,327.2,0.0,3983.32,1297866.87,0
2024-07-18,2024-07-18 11:00:00,333.0,333.0,328.2,332.71,-0.09,4008.92,1312764.09,-1
2024-07-18,2024-07-18 11:10:00,332.71,332.71,332.42,332.42,-0.09,4008.92,1312764.09,-1
2024-07-18,2024-07-18 11:20:00,332.42,332.42,332.12,332.12,-0.09,4008.92,1312764.09,-1
2024-07-18,2024-07-18 11:30:00,332.12,332.12,331.83,331.83,-0.09,4008.92,1312764.09,-1
2024-07-18,2024-07-18 11:40:00,331.83,331.83,331.54,331.54,-0.09,4008.92,1312764.09,-1
2024-07-18,2024-07-18 11:50:00,331.54,331.54,331.25,331.25,-0.09,4008.92,1312764.09,-1
2024-07-18,2024-07-18 12:00:00,331.25,331.25,330.96,330.96,-0.09,4008.92,1312764.09,-1
2024-07-18,2024-07-18 12:10:00,330.96,330.96,330.67,330.67,-0.09,4008.92,1312764.09,-1
2024-07-18,2024-07-18 12:20:00,330.67,330.67,330.38,330.38,-0.09,4008.92,1312764.09,-1
2024-07-18,2024-07-18 12:30:00,330.38,330.38,330.08,330.08,-0.09,4008.92,1312764.09,-1
2024-07-18,2024-07-18 12:40:00,330.08,330.08,329.79,329.79,-0.09,4008.92,1312764.09,-1
2024-07-18,2024-07-18 12:50:00,329.79,329.79,329.5,329.5,-0.09,4008.92,1312764.09,-1
2024-07-18,2024-07-18 13:00:00,329.5,333.0,317.0,329.21,-0.09,4008.92,1312764.09,-1
2024-07-18,2024-07-18 13:10:00,329.21,329.21,328.92,328.92,-0.09,4008.92,1312764.09,-1
2024-07-18,2024-07-18 13:20:00,328.92,328.92,328.62,328.62,-0.09,4008.92,1312764.09,-1
2024-07-18,2024-07-18 13:30:00,328.62,328.62,328.33,328.33,-0.09,4008.92,1312764.09,-1
2024-07-18,2024-07-18 13:40:00,328.33,328.33,328.04,328.04,-0.09,4008.92,1312764.09,-1
2024-07-18,2024-07-18 13:50:00,328.04,328.04,327.75,327.75,-0.09,4008.92,1312764.09,-1
2024-07-18,2024-07-18 14:00:00,327.75,327.75,327.46,327.46,-0.09,4008.92,1312764.09,-1
2024-07-18,2024-07-18 14:10:00,327.46,327.46,327.17,327.17,-0.09,4008.92,1312764.09,-1
2024-07-18,2024-07-18 14:20:00,327.17,327.17,326.88,326.88,-0.09,4008.92,1312764.09,-1
2024-07-18,2024-07-18 14:30:00,326.88,326.88,326.58,326.58,-0.09,4008.92,1312764.09,-1
2024-07-18,2024-07-18 14:40:00,326.58,326.58,326.29,326.29,-0.09,4008.92,1312764.09,-1
2024-07-18,2024-07-18 14:50:00,326.29,326.29,326.0,326.0,-0.09,4008.92,1312764.09,-1
2024-07-18,2024-07-18 15:00:00,326.0,333.0,317.0,326.0,0.0,4008.92,1312764.09,0
2024-07-21,2024-07-21 11:00:00,330.0,330.3,327.3,329.83,-0.05,2812.92,918943.01,-1
2024-07-21,2024-07-21 11:10:00,329.83,329.83,329.67,329.67,-0.05,2812.92,918943.01,-1
2024-07-21,2024-07-21 11:20:00,329.67,329.67,329.5,329.5,-0.05,2812.92,918943.01,-1
2024-07-21,2024-07-21 11:30:00,329.5,329.5,329.33,329.33,-0.05,2812.92,918943.01,-1
2024-07-21,2024-07-21 11:40:00,329.33,329.33,329.17,329.17,-0.05,2812.92,918943.01,-1
2024-07-21,2024-07-21 11:50:00,329.17,329.17,329.0,329.0,-0.05,2812.92,918943.01,-1
2024-07-21,2024-07-21 12:00:00,329.0,329.0,328.83,328.83,-0.05,2812.92,918943.01,-1
2024-07-21,2024-07-21 12:10:00,328.83,328.83,328.67,328.67,-0.05,2812.92,918943.01,-1
2024-07-21,2024-07-21 12:20:00,328.67,328.67,328.5,328.5,-0.05,2812.92,918943.01,-1
2024-07-21,2024-07-21 12:30:00,328.5,328.5,328.33,328.33,-0.05,2812.92,918943.01,-1
2024-07-21,2024-07-21 12:40:00,328.33,328.33,328.17,328.17,-0.05,2812.92,918943.01,-1
2024-07-21,2024-07-21 12:50:00,328.17,328.17,328.0,328.0,-0.05,2812.92,918943.01,-1
2024-07-21,2024-07-21 13:00:00,328.0,331.0,321.0,327.83,-0.05,2812.92,918943.01,-1
2024-07-21,2024-07-21 13:10:00,327.83,327.83,327.67,327.67,-0.05,2812.92,918943.01,-1
2024-07-21,2024-07-21 13:20:00,327.67,327.67,327.5,327.5,-0.05,2812.92,918943.01,-1
2024-07-21,2024-07-21 13:30:00,327.5,327.5,327.33,327.33,-0.05,2812.92,918943.01,-1
2024-07-21,2024-07-21 13:40:00,327.33,327.33,327.17,327.17,-0.05,2812.92,918943.01,-1
2024-07-21,2024-07-21 13:50:00,327.17,327.17,327.0,327.0,-0.05,2812.92,918943.01,-1
2024-07-21,2024-07-21 14:00:00,327.0,327.0,326.83,326.83,-0.05,2812.92,918943.01,-1
2024-07-21,2024-07-21 14:10:00,326.83,326.83,326.67,326.67,-0.05,2812.92,918943.01,-1
2024-07-21,2024-07-21 14:20:00,326.67,326.67,326.5,326.5,-0.05,2812.92,918943.01,-1
2024-07-21,2024-07-21 14:30:00,326.5,326.5,326.33,326.33,-0.05,2812.92,918943.01,-1
2024-07-21,2024-07-21 14:40:00,326.33,326.33,326.17,326.17,-0.05,2812.92,918943.01,-1
2024-07-21,2024-07-21 14:50:00,326.17,326.17,326.0,326.0,-0.05,2812.92,918943.01,-1
2024-07-21,2024-07-21 15:00:00,326.0,331.0,321.0,326.0,0.0,2812.92,918943.01,0
2024-07-22,2024-07-22 11:00:00,330.0,330.6,325.5,329.75,-0.08,3549.36,1139938.6,-1
2024-07-22,2024-07-22 11:10:00,329.75,329.75,329.5,329.5,-0.08,3549.36,1139938.6,-1
2024-07-22,2024-07-22 11:20:00,329.5,329.5,329.25,329.25,-0.08,3549.36,1139938.6,-1
2024-07-22,2024-07-22 11:30:00,329.25,329.25,329.0,329.0,-0.08,3549.36,1139938.6,-1
2024-07-22,2024-07-22 11:40:00,329.0,329.0,328.75,328.75,-0.08,3549.36,1139938.6,-1
2024-07-22,2024-07-22 11:50:00,328.75,328.75,328.5,328.5,-0.08,3549.36,1139938.6,-1
2024-07-22,2024-07-22 12:00:00,328.5,328.5,328.25,328.25,-0.08,3549.36,1139938.6,-1
2024-07-22,2024-07-22 12:10:00,328.25,328.25,328.0,328.0,-0.08,3549.36,1139938.6,-1
2024-07-22,2024-07-22 12:20:00,328.0,328.0,327.75,327.75,-0.08,3549.36,1139938.6,-1
2024-07-22,2024-07-22 12:30:00,327.75,327.75,327.5,327.5,-0.08,3549.36,1139938.6,-1
2024-07-22,2024-07-22 12:40:00,327.5,327.5,327.25,327.25,-0.08,3549.36,1139938.6,-1
2024-07-22,2024-07-22 12:50:00,327.25,327.25,327.0,327.0,-0.08,3549.36,1139938.6,-1
2024-07-22,2024-07-22 13:00:00,327.0,332.0,315.0,326.75,-0.08,3549.36,1139938.6,-1
2024-07-22,2024-07-22 13:10:00,326.75,326.75,326.5,326.5,-0.08,3549.36,1139938.6,-1
2024-07-22,2024-07-22 13:20:00,326.5,326.5,326.25,326.25,-0.08,3549.36,1139938.6,-1
2024-07-22,2024-07-22 13:30:00,326.25,326.25,326.0,326.0,-0.08,3549.36,1139938.6,-1
2024-07-22,2024-07-22 13:40:00,326.0,326.0,325.75,325.75,-0.08,3549.36,1139938.6,-1
2024-07-22,2024-07-22 13:50:00,325.75,325.75,325.5,325.5,-0.08,3549.36,1139938.6,-1
2024-07-22,2024-07-22 14:00:00,325.5,325.5,325.25,325.25,-0.08,3549.36,1139938.6,-1
2024-07-22,2024-07-22 14:10:00,325.25,325.25,325.0,325.0,-0.08,3549.36,1139938.6,-1
2024-07-22,2024-07-22 14:20:00,325.0,325.0,324.75,324.75,-0.08,3549.36,1139938.6,-1
2024-07-22,2024-07-22 14:30:00,324.75,324.75,324.5,324.5,-0.08,3549.36,1139938.6,-1
2024-07-22,2024-07-22 14:40:00,324.5,324.5,324.25,324.25,-0.08,3549.36,1139938.6,-1
2024-07-22,2024-07-22 14:50:00,324.25,324.25,324.0,324.0,-0.08,3549.36,1139938.6,-1
2024-07-22,2024-07-22 15:00:00,324.0,332.0,315.0,324.0,0.0,3549.36,1139938.6,0
2024-07-23,2024-07-23 11:00:00,325.0,330.64,324.13,325.54,0.17,4888.08,1642664.09,1
2024-07-23,2024-07-23 11:10:00,325.54,326.08,325.54,326.08,0.17,4888.08,1642664.09,1
2024-07-23,2024-07-23 11:20:00,326.08,326.62,326.08,326.62,0.17,4888.08,1642664.09,1
2024-07-23,2024-07-23 11:30:00,326.62,327.17,326.62,327.17,0.17,4888.08,1642664.09,1
2024-07-23,2024-07-23 11:40:00,327.17,327.71,327.17,327.71,0.17,4888.08,1642664.09,1
2024-07-23,2024-07-23 11:50:00,327.71,328.25,327.71,328.25,0.16,4888.08,1642664.09,1
2024-07-23,2024-07-23 12:00:00,328.25,328.79,328.25,328.79,0.16,4888.08,1642664.09,1
2024-07-23,2024-07-23 12:10:00,328.79,329.33,328.79,329.33,0.16,4888.08,1642664.09,1
2024-07-23,2024-07-23 12:20:00,329.33,329.88,329.33,329.88,0.17,4888.08,1642664.09,1
2024-07-23,2024-07-23 12:30:00,329.88,330.42,329.88,330.42,0.16,4888.08,1642664.09,1
2024-07-23,2024-07-23 12:40:00,330.42,330.96,330.42,330.96,0.16,4888.08,1642664.09,1
2024-07-23,2024-07-23 12:50:00,330.96,331.5,330.96,331.5,0.16,4888.08,1642664.09,1
2024-07-23,2024-07-23 13:00:00,331.5,343.8,322.1,332.04,0.16,4888.08,1642664.09,1
2024-07-23,2024-07-23 13:10:00,332.04,332.58,332.04,332.58,0.16,4888.08,1642664.09,1
2024-07-23,2024-07-23 13:20:00,332.58,333.12,332.58,333.12,0.16,4888.08,1642664.09,1
2024-07-23,2024-07-23 13:30:00,333.12,333.67,333.12,333.67,0.17,4888.08,1642664.09,1
2024-07-23,2024-07-23 13:40:00,333.67,334.21,333.67,334.21,0.16,4888.08,1642664.09,1
2024-07-23,2024-07-23 13:50:00,334.21,334.75,334.21,334.75,0.16,4888.08,1642664.09,1
2024-07-23,2024-07-23 14:00:00,334.75,335.29,334.75,335.29,0.16,4888.08,1642664.09,1
2024-07-23,2024-07-23 14:10:00,335.29,335.83,335.29,335.83,0.16,4888.08,1642664.09,1
2024-07-23,2024-07-23 14:20:00,335.83,336.38,335.83,336.38,0.16,4888.08,1642664.09,1
2024-07-23,2024-07-23 14:30:00,336.38,336.92,336.38,336.92,0.16,4888.08,1642664.09,1
2024-07-23,2024-07-23 14:40:00,336.92,337.46,336.92,337.46,0.16,4888.08,1642664.09,1
2024-07-23,2024-07-23 14:50:00,337.46,338.0,337.46,338.0,0.16,4888.08,1642664.09,1
2024-07-23,2024-07-23 15:00:00,338.0,343.8,322.1,338.0,0.0,4888.08,1642664.09,0
2024-07-24,2024-07-24 11:00:00,343.9,344.2,339.73,343.36,-0.16,4102.28,1386045.02,-1
2024-07-24,2024-07-24 11:10:00,343.36,343.36,342.82,342.82,-0.16,4102.28,1386045.02,-1
2024-07-24,2024-07-24 11:20:00,342.82,342.82,342.29,342.29,-0.15,4102.28,1386045.02,-1
2024-07-24,2024-07-24 11:30:00,342.29,342.29,341.75,341.75,-0.16,4102.28,1386045.02,-1
2024-07-24,2024-07-24 11:40:00,341.75,341.75,341.21,341.21,-0.16,4102.28,1386045.02,-1
2024-07-24,2024-07-24 11:50:00,341.21,341.21,340.67,340.67,-0.16,4102.28,1386045.02,-1
2024-07-24,2024-07-24 12:00:00,340.67,340.67,340.14,340.14,-0.16,4102.28,1386045.02,-1
2024-07-24,2024-07-24 12:10:00,340.14,340.14,339.6,339.6,-0.16,4102.28,1386045.02,-1
2024-07-24,2024-07-24 12:20:00,339.6,339.6,339.06,339.06,-0.16,4102.28,1386045.02,-1
2024-07-24,2024-07-24 12:30:00,339.06,339.06,338.52,338.52,-0.16,4102.28,1386045.02,-1
2024-07-24,2024-07-24 12:40:00,338.52,338.52,337.99,337.99,-0.16,4102.28,1386045.02,-1
2024-07-24,2024-07-24 12:50:00,337.99,337.99,337.45,337.45,-0.16,4102.28,1386045.02,-1
2024-07-24,2024-07-24 13:00:00,337.45,344.9,330.0,336.91,-0.16,4102.28,1386045.02,-1
2024-07-24,2024-07-24 13:10:00,336.91,336.91,336.38,336.38,-0.16,4102.28,1386045.02,-1
2024-07-24,2024-07-24 13:20:00,336.38,336.38,335.84,335.84,-0.16,4102.28,1386045.02,-1
2024-07-24,2024-07-24 13:30:00,335.84,335.84,335.3,335.3,-0.16,4102.28,1386045.02,-1
2024-07-24,2024-07-24 13:40:00,335.3,335.3,334.76,334.76,-0.16,4102.28,1386045.02,-1
2024-07-24,2024-07-24 13:50:00,334.76,334.76,334.23,334.23,-0.16,4102.28,1386045.02,-1
2024-07-24,2024-07-24 14:00:00,334.23,334.23,333.69,333.69,-0.16,4102.28,1386045.02,-1
2024-07-24,2024-07-24 14:10:00,333.69,333.69,333.15,333.15,-0.16,4102.28,1386045.02,-1
2024-07-24,2024-07-24 14:20:00,333.15,333.15,332.61,332.61,-0.16,4102.28,1386045.02,-1
2024-07-24,2024-07-24 14:30:00,332.61,332.61,332.07,332.07,-0.16,4102.28,1386045.02,-1
2024-07-24,2024-07-24 14:40:00,332.07,332.07,331.54,331.54,-0.16,4102.28,1386045.02,-1
2024-07-24,2024-07-24 14:50:00,331.54,331.54,331.0,331.0,-0.16,4102.28,1386045.02,-1
2024-07-24,2024-07-24 15:00:00,331.0,344.9,330.0,331.0,0.0,4102.28,1386045.02,0
2024-07-25,2024-07-25 11:00:00,337.0,337.0,333.73,336.62,-0.11,2700.12,891492.05,-1
2024-07-25,2024-07-25 11:10:00,336.62,336.62,336.25,336.25,-0.11,2700.12,891492.05,-1
2024-07-25,2024-07-25 11:20:00,336.25,336.25,335.88,335.88,-0.11,2700.12,891492.05,-1
2024-07-25,2024-07-25 11:30:00,335.88,335.88,335.5,335.5,-0.11,2700.12,891492.05,-1
2024-07-25,2024-07-25 11:40:00,335.5,335.5,335.12,335.12,-0.11,2700.12,891492.05,-1
2024-07-25,2024-07-25 11:50:00,335.12,335.12,334.75,334.75,-0.11,2700.12,891492.05,-1
2024-07-25,2024-07-25 12:00:00,334.75,334.75,334.38,334.38,-0.11,2700.12,891492.05,-1
2024-07-25,2024-07-25 12:10:00,334.38,334.38,334.0,334.0,-0.11,2700.12,891492.05,-1
2024-07-25,2024-07-25 12:20:00,334.0,334.0,333.62,333.62,-0.11,2700.12,891492.05,-1
2024-07-25,2024-07-25 12:30:00,333.62,333.62,333.25,333.25,-0.11,2700.12,891492.05,-1
2024-07-25,2024-07-25 12:40:00,333.25,333.25,332.88,332.88,-0.11,2700.12,891492.05,-1
2024-07-25,2024-07-25 12:50:00,332.88,332.88,332.5,332.5,-0.11,2700.12,891492.05,-1
2024-07-25,2024-07-25 13:00:00,332.5,337.0,326.1,332.12,-0.11,2700.12,891492.05,-1
2024-07-25,2024-07-25 13:10:00,332.12,332.12,331.75,331.75,-0.11,2700.12,891492.05,-1
2024-07-25,2024-07-25 13:20:00,331.75,331.75,331.38,331.38,-0.11,2700.12,891492.05,-1
2024-07-25,2024-07-25 13:30:00,331.38,331.38,331.0,331.0,-0.11,2700.12,891492.05,-1
2024-07-25,2024-07-25 13:40:00,331.0,331.0,330.62,330.62,-0.11,2700.12,891492.05,-1
2024-07-25,2024-07-25 13:50:00,330.62,330.62,330.25,330.25,-0.11,2700.12,891492.05,-1
2024-07-25,2024-07-25 14:00:00,330.25,330.25,329.88,329.88,-0.11,2700.12,891492.05,-1
2024-07-25,2024-07-25 14:10:00,329.88,329.88,329.5,329.5,-0.12,2700.12,891492.05,-1
2024-07-25,2024-07-25 14:20:00,329.5,329.5,329.12,329.12,-0.12,2700.12,891492.05,-1
2024-07-25,2024-07-25 14:30:00,329.12,329.12,328.75,328.75,-0.11,2700.12,891492.05,-1
2024-07-25,2024-07-25 14:40:00,328.75,328.75,328.38,328.38,-0.11,2700.12,891492.05,-1
2024-07-25,2024-07-25 14:50:00,328.38,328.38,328.0,328.0,-0.12,2700.12,891492.05,-1
2024-07-25,2024-07-25 15:00:00,328.0,337.0,326.1,328.0,0.0,2700.12,891492.05,0
2024-07-28,2024-07-28 11:00:00,333.0,337.2,330.0,332.68,-0.1,2424.04,795175.28,-1
2024-07-28,2024-07-28 11:10:00,332.68,332.68,332.36,332.36,-0.1,2424.04,795175.28,-1
2024-07-28,2024-07-28 11:20:00,332.36,332.36,332.04,332.04,-0.1,2424.04,795175.28,-1
2024-07-28,2024-07-28 11:30:00,332.04,332.04,331.72,331.72,-0.1,2424.04,795175.28,-1
2024-07-28,2024-07-28 11:40:00,331.72,331.72,331.4,331.4,-0.1,2424.04,795175.28,-1
2024-07-28,2024-07-28 11:50:00,331.4,331.4,331.07,331.07,-0.1,2424.04,795175.28,-1
2024-07-28,2024-07-28 12:00:00,331.07,331.07,330.75,330.75,-0.1,2424.04,795175.28,-1
2024-07-28,2024-07-28 12:10:00,330.75,330.75,330.43,330.43,-0.1,2424.04,795175.28,-1
2024-07-28,2024-07-28 12:20:00,330.43,330.43,330.11,330.11,-0.1,2424.04,795175.28,-1
2024-07-28,2024-07-28 12:30:00,330.11,330.11,329.79,329.79,-0.1,2424.04,795175.28,-1
2024-07-28,2024-07-28 12:40:00,329.79,329.79,329.47,329.47,-0.1,2424.04,795175.28,-1
2024-07-28,2024-07-28 12:50:00,329.47,329.47,329.15,329.15,-0.1,2424.04,795175.28,-1
2024-07-28,2024-07-28 13:00:00,329.15,347.0,323.0,328.83,-0.1,2424.04,795175.28,-1
2024-07-28,2024-07-28 13:10:00,328.83,328.83,328.51,328.51,-0.1,2424.04,795175.28,-1
2024-07-28,2024-07-28 13:20:00,328.51,328.51,328.19,328.19,-0.1,2424.04,795175.28,-1
2024-07-28,2024-07-28 13:30:00,328.19,328.19,327.87,327.87,-0.1,2424.04,795175.28,-1
2024-07-28,2024-07-28 13:40:00,327.87,327.87,327.55,327.55,-0.1,2424.04,795175.28,-1
2024-07-28,2024-07-28 13:50:00,327.55,327.55,327.23,327.23,-0.1,2424.04,795175.28,-1
2024-07-28,2024-07-28 14:00:00,327.23,327.23,326.9,326.9,-0.1,2424.04,795175.28,-1
2024-07-28,2024-07-28 14:10:00,326.9,326.9,326.58,326.58,-0.1,2424.04,795175.28,-1
2024-07-28,2024-07-28 14:20:00,326.58,326.58,326.26,326.26,-0.1,2424.04,795175.28,-1
2024-07-28,2024-07-28 14:30:00,326.26,326.26,325.94,325.94,-0.1,2424.04,795175.28,-1
2024-07-28,2024-07-28 14:40:00,325.94,325.94,325.62,325.62,-0.1,2424.04,795175.28,-1
2024-07-28,2024-07-28 14:50:00,325.62,325.62,325.3,325.3,-0.1,2424.04,795175.28,-1
2024-07-28,2024-07-28 15:00:00,325.3,347.0,323.0,325.3,0.0,2424.04,795175.28,0
2024-07-29,2024-07-29 11:00:00,331.8,331.8,327.81,331.25,-0.17,2398.2,778519.64,-1
2024-07-29,2024-07-29 11:10:00,331.25,331.25,330.69,330.69,-0.17,2398.2,778519.64,-1
2024-07-29,2024-07-29 11:20:00,330.69,330.69,330.14,330.14,-0.17,2398.2,778519.64,-1
2024-07-29,2024-07-29 11:30:00,330.14,330.14,329.58,329.58,-0.17,2398.2,778519.64,-1
2024-07-29,2024-07-29 11:40:00,329.58,329.58,329.03,329.03,-0.17,2398.2,778519.64,-1
2024-07-29,2024-07-29 11:50:00,329.03,329.03,328.48,328.48,-0.17,2398.2,778519.64,-1
2024-07-29,2024-07-29 12:00:00,328.48,328.48,327.92,327.92,-0.17,2398.2,778519.64,-1
2024-07-29,2024-07-29 12:10:00,327.92,327.92,327.37,327.37,-0.17,2398.2,778519.64,-1
2024-07-29,2024-07-29 12:20:00,327.37,327.37,326.81,326.81,-0.17,2398.2,778519.64,-1
2024-07-29,2024-07-29 12:30:00,326.81,326.81,326.26,326.26,-0.17,2398.2,778519.64,-1
2024-07-29,2024-07-29 12:40:00,326.26,326.26,325.7,325.7,-0.17,2398.2,778519.64,-1
2024-07-29,2024-07-29 12:50:00,325.7,325.7,325.15,325.15,-0.17,2398.2,778519.64,-1
2024-07-29,2024-07-29 13:00:00,325.15,331.8,318.5,324.6,-0.17,2398.2,778519.64,-1
2024-07-29,2024-07-29 13:10:00,324.6,324.6,324.04,324.04,-0.17,2398.2,778519.64,-1
2024-07-29,2024-07-29 13:20:00,324.04,324.04,323.49,323.49,-0.17,2398.2,778519.64,-1
2024-07-29,2024-07-29 13:30:00,323.49,323.49,322.93,322.93,-0.17,2398.2,778519.64,-1
2024-07-29,2024-07-29 13:40:00,322.93,322.93,322.38,322.38,-0.17,2398.2,778519.64,-1
2024-07-29,2024-07-29 13:50:00,322.38,322.38,321.82,321.82,-0.17,2398.2,778519.64,-1
2024-07-29,2024-07-29 14:00:00,321.82,321.82,321.27,321.27,-0.17,2398.2,778519.64,-1
2024-07-29,2024-07-29 14:10:00,321.27,321.27,320.72,320.72,-0.17,2398.2,778519.64,-1
2024-07-29,2024-07-29 14:20:00,320.72,320.72,320.16,320.16,-0.17,2398.2,778519.64,-1
2024-07-29,2024-07-29 14:30:00,320.16,320.16,319.61,319.61,-0.17,2398.2,778519.64,-1
2024-07-29,2024-07-29 14:40:00,319.61,319.61,319.05,319.05,-0.18,2398.2,778519.64,-1
2024-07-29,2024-07-29 14:50:00,319.05,319.05,318.5,318.5,-0.17,2398.2,778519.64,-1
2024-07-29,2024-07-29 15:00:00,318.5,331.8,318.5,318.5,0.0,2398.2,778519.64,0
2024-07-30,2024-07-30 11:00:00,318.5,321.74,318.35,318.65,0.05,3491.16,1129980.01,1
2024-07-30,2024-07-30 11:10:00,318.65,318.79,318.65,318.79,0.04,3491.16,1129980.01,1
2024-07-30,2024-07-30 11:20:00,318.79,318.94,318.79,318.94,0.05,3491.16,1129980.01,1
2024-07-30,2024-07-30 11:30:00,318.94,319.08,318.94,319.08,0.04,3491.16,1129980.01,1
2024-07-30,2024-07-30 11:40:00,319.08,319.23,319.08,319.23,0.05,3491.16,1129980.01,1
2024-07-30,2024-07-30 11:50:00,319.23,319.38,319.23,319.38,0.05,3491.16,1129980.01,1
2024-07-30,2024-07-30 12:00:00,319.38,319.52,319.38,319.52,0.04,3491.16,1129980.01,1
2024-07-30,2024-07-30 12:10:00,319.52,319.67,319.52,319.67,0.05,3491.16,1129980.01,1
2024-07-30,2024-07-30 12:20:00,319.67,319.81,319.67,319.81,0.04,3491.16,1129980.01,1
2024-07-30,2024-07-30 12:30:00,319.81,319.96,319.81,319.96,0.05,3491.16,1129980.01,1
2024-07-30,2024-07-30 12:40:00,319.96,320.1,319.96,320.1,0.04,3491.16,1129980.01,1
2024-07-30,2024-07-30 12:50:00,320.1,320.25,320.1,320.25,0.05,3491.16,1129980.01,1
2024-07-30,2024-07-30 13:00:00,320.25,329.3,318.0,320.4,0.05,3491.16,1129980.01,1
2024-07-30,2024-07-30 13:10:00,320.4,320.54,320.4,320.54,0.04,3491.16,1129980.01,1
2024-07-30,2024-07-30 13:20:00,320.54,320.69,320.54,320.69,0.05,3491.16,1129980.01,1
2024-07-30,2024-07-30 13:30:00,320.69,320.83,320.69,320.83,0.04,3491.16,1129980.01,1
2024-07-30,2024-07-30 13:40:00,320.83,320.98,320.83,320.98,0.05,3491.16,1129980.01,1
2024-07-30,2024-07-30 13:50:00,320.98,321.12,320.98,321.12,0.04,3491.16,1129980.01,1
2024-07-30,2024-07-30 14:00:00,321.12,321.27,321.12,321.27,0.05,3491.16,1129980.01,1
2024-07-30,2024-07-30 14:10:00,321.27,321.42,321.27,321.42,0.05,3491.16,1129980.01,1
2024-07-30,2024-07-30 14:20:00,321.42,321.56,321.42,321.56,0.04,3491.16,1129980.01,1
2024-07-30,2024-07-30 14:30:00,321.56,321.71,321.56,321.71,0.05,3491.16,1129980.01,1
2024-07-30,2024-07-30 14:40:00,321.71,321.85,321.71,321.85,0.04,3491.16,1129980.01,1
2024-07-30,2024-07-30 14:50:00,321.85,322.0,321.85,322.0,0.05,3491.16,1129980.01,1
2024-07-30,2024-07-30 15:00:00,322.0,329.3,318.0,322.0,0.0,3491.16,1129980.01,0
2024-07-31,2024-07-31 11:00:00,323.0,328.4,322.7,323.3,0.09,4446.52,1487575.72,1
2024-07-31,2024-07-31 11:10:00,323.3,323.6,323.3,323.6,0.09,4446.52,1487575.72,1
2024-07-31,2024-07-31 11:20:00,323.6,323.9,323.6,323.9,0.09,4446.52,1487575.72,1
2024-07-31,2024-07-31 11:30:00,323.9,324.2,323.9,324.2,0.09,4446.52,1487575.72,1
2024-07-31,2024-07-31 11:40:00,324.2,324.5,324.2,324.5,0.09,4446.52,1487575.72,1
2024-07-31,2024-07-31 11:50:00,324.5,324.8,324.5,324.8,0.09,4446.52,1487575.72,1
2024-07-31,2024-07-31 12:00:00,324.8,325.1,324.8,325.1,0.09,4446.52,1487575.72,1
2024-07-31,2024-07-31 12:10:00,325.1,325.4,325.1,325.4,0.09,4446.52,1487575.72,1
2024-07-31,2024-07-31 12:20:00,325.4,325.7,325.4,325.7,0.09,4446.52,1487575.72,1
2024-07-31,2024-07-31 12:30:00,325.7,326.0,325.7,326.0,0.09,4446.52,1487575.72,1
2024-07-31,2024-07-31 12:40:00,326.0,326.3,326.0,326.3,0.09,4446.52,1487575.72,1
2024-07-31,2024-07-31 12:50:00,326.3,326.6,326.3,326.6,0.09,4446.52,1487575.72,1
2024-07-31,2024-07-31 13:00:00,326.6,341.0,322.0,326.9,0.09,4446.52,1487575.72,1
2024-07-31,2024-07-31 13:10:00,326.9,327.2,326.9,327.2,0.09,4446.52,1487575.72,1
2024-07-31,2024-07-31 13:20:00,327.2,327.5,327.2,327.5,0.09,4446.52,1487575.72,1
2024-07-31,2024-07-31 13:30:00,327.5,327.8,327.5,327.8,0.09,4446.52,1487575.72,1
2024-07-31,2024-07-31 13:40:00,327.8,328.1,327.8,328.1,0.09,4446.52,1487575.72,1
2024-07-31,2024-07-31 13:50:00,328.1,328.4,328.1,328.4,0.09,4446.52,1487575.72,1
2024-07-31,2024-07-31 14:00:00,328.4,328.7,328.4,328.7,0.09,4446.52,1487575.72,1
2024-07-31,2024-07-31 14:10:00,328.7,329.0,328.7,329.0,0.09,4446.52,1487575.72,1
2024-07-31,2024-07-31 14:20:00,329.0,329.3,329.0,329.3,0.09,4446.52,1487575.72,1
2024-07-31,2024-07-31 14:30:00,329.3,329.6,329.3,329.6,0.09,4446.52,1487575.72,1
2024-07-31,2024-07-31 14:40:00,329.6,329.9,329.6,329.9,0.09,4446.52,1487575.72,1
2024-07-31,2024-07-31 14:50:00,329.9,330.2,329.9,330.2,0.09,4446.52,1487575.72,1
2024-07-31,2024-07-31 15:00:00,330.2,341.0,322.0,330.2,0.0,4446.52,1487575.72,0
2024-08-01,2024-08-01 11:00:00,336.8,339.26,335.36,336.77,-0.01,6778.32,2299107.19,-1
2024-08-01,2024-08-01 11:10:00,336.77,336.77,336.73,336.73,-0.01,6778.32,2299107.19,-1
2024-08-01,2024-08-01 11:20:00,336.73,336.73,336.7,336.7,-0.01,6778.32,2299107.19,-1
2024-08-01,2024-08-01 11:30:00,336.7,336.7,336.67,336.67,-0.01,6778.32,2299107.19,-1
2024-08-01,2024-08-01 11:40:00,336.67,336.67,336.63,336.63,-0.01,6778.32,2299107.19,-1
2024-08-01,2024-08-01 11:50:00,336.63,336.63,336.6,336.6,-0.01,6778.32,2299107.19,-1
2024-08-01,2024-08-01 12:00:00,336.6,336.6,336.57,336.57,-0.01,6778.32,2299107.19,-1
2024-08-01,2024-08-01 12:10:00,336.57,336.57,336.53,336.53,-0.01,6778.32,2299107.19,-1
2024-08-01,2024-08-01 12:20:00,336.53,336.53,336.5,336.5,-0.01,6778.32,2299107.19,-1
2024-08-01,2024-08-01 12:30:00,336.5,336.5,336.47,336.47,-0.01,6778.32,2299107.19,-1
2024-08-01,2024-08-01 12:40:00,336.47,336.47,336.43,336.43,-0.01,6778.32,2299107.19,-1
2024-08-01,2024-08-01 12:50:00,336.43,336.43,336.4,336.4,-0.01,6778.32,2299107.19,-1
2024-08-01,2024-08-01 13:00:00,336.4,345.0,332.0,336.37,-0.01,6778.32,2299107.19,-1
2024-08-01,2024-08-01 13:10:00,336.37,336.37,336.33,336.33,-0.01,6778.32,2299107.19,-1
2024-08-01,2024-08-01 13:20:00,336.33,336.33,336.3,336.3,-0.01,6778.32,2299107.19,-1
2024-08-01,2024-08-01 13:30:00,336.3,336.3,336.27,336.27,-0.01,6778.32,2299107.19,-1
2024-08-01,2024-08-01 13:40:00,336.27,336.27,336.23,336.23,-0.01,6778.32,2299107.19,-1
2024-08-01,2024-08-01 13:50:00,336.23,336.23,336.2,336.2,-0.01,6778.32,2299107.19,-1
2024-08-01,2024-08-01 14:00:00,336.2,336.2,336.17,336.17,-0.01,6778.32,2299107.19,-1
2024-08-01,2024-08-01 14:10:00,336.17,336.17,336.13,336.13,-0.01,6778.32,2299107.19,-1
2024-08-01,2024-08-01 14:20:00,336.13,336.13,336.1,336.1,-0.01,6778.32,2299107.19,-1
2024-08-01,2024-08-01 14:30:00,336.1,336.1,336.07,336.07,-0.01,6778.32,2299107.19,-1
2024-08-01,2024-08-01 14:40:00,336.07,336.07,336.03,336.03,-0.01,6778.32,2299107.19,-1
2024-08-01,2024-08-01 14:50:00,336.03,336.03,336.0,336.0,-0.01,6778.32,2299107.19,-1
2024-08-01,2024-08-01 15:00:00,336.0,345.0,332.0,336.0,0.0,6778.32,2299107.19,0
2024-08-05,2024-08-05 11:00:00,330.0,335.01,330.0,330.53,0.16,5253.56,1789703.22,1
2024-08-05,2024-08-05 11:10:00,330.53,331.07,330.53,331.07,0.16,5253.56,1789703.22,1
2024-08-05,2024-08-05 11:20:00,331.07,331.6,331.07,331.6,0.16,5253.56,1789703.22,1
2024-08-05,2024-08-05 11:30:00,331.6,332.13,331.6,332.13,0.16,5253.56,1789703.22,1
2024-08-05,2024-08-05 11:40:00,332.13,332.67,332.13,332.67,0.16,5253.56,1789703.22,1
2024-08-05,2024-08-05 11:50:00,332.67,333.2,332.67,333.2,0.16,5253.56,1789703.22,1
2024-08-05,2024-08-05 12:00:00,333.2,333.73,333.2,333.73,0.16,5253.56,1789703.22,1
2024-08-05,2024-08-05 12:10:00,333.73,334.27,333.73,334.27,0.16,5253.56,1789703.22,1
2024-08-05,2024-08-05 12:20:00,334.27,334.8,334.27,334.8,0.16,5253.56,1789703.22,1
2024-08-05,2024-08-05 12:30:00,334.8,335.33,334.8,335.33,0.16,5253.56,1789703.22,1
2024-08-05,2024-08-05 12:40:00,335.33,335.87,335.33,335.87,0.16,5253.56,1789703.22,1
2024-08-05,2024-08-05 12:50:00,335.87,336.4,335.87,336.4,0.16,5253.56,1789703.22,1
2024-08-05,2024-08-05 13:00:00,336.4,346.7,330.0,336.93,0.16,5253.56,1789703.22,1
2024-08-05,2024-08-05 13:10:00,336.93,337.47,336.93,337.47,0.16,5253.56,1789703.22,1
2024-08-05,2024-08-05 13:20:00,337.47,338.0,337.47,338.0,0.16,5253.56,1789703.22,1
2024-08-05,2024-08-05 13:30:00,338.0,338.53,338.0,338.53,0.16,5253.56,1789703.22,1
2024-08-05,2024-08-05 13:40:00,338.53,339.07,338.53,339.07,0.16,5253.56,1789703.22,1
2024-08-05,2024-08-05 13:50:00,339.07,339.6,339.07,339.6,0.16,5253.56,1789703.22,1
2024-08-05,2024-08-05 14:00:00,339.6,340.13,339.6,340.13,0.16,5253.56,1789703.22,1
2024-08-05,2024-08-05 14:10:00,340.13,340.67,340.13,340.67,0.16,5253.56,1789703.22,1
2024-08-05,2024-08-05 14:20:00,340.67,341.2,340.67,341.2,0.16,5253.56,1789703.22,1
2024-08-05,2024-08-05 14:30:00,341.2,341.73,341.2,341.73,0.16,5253.56,1789703.22,1
2024-08-05,2024-08-05 14:40:00,341.73,342.27,341.73,342.27,0.16,5253.56,1789703.22,1
2024-08-05,2024-08-05 14:50:00,342.27,342.8,342.27,342.8,0.15,5253.56,1789703.22,1
2024-08-05,2024-08-05 15:00:00,342.8,346.7,330.0,342.8,0.0,5253.56,1789703.22,0
2024-08-06,2024-08-06 11:00:00,343.0,346.3,336.7,342.21,-0.23,4781.08,1622122.27,-1
2024-08-06,2024-08-06 11:10:00,342.21,342.21,341.42,341.42,-0.23,4781.08,1622122.27,-1
2024-08-06,2024-08-06 11:20:00,341.42,341.42,340.62,340.62,-0.23,4781.08,1622122.27,-1
2024-08-06,2024-08-06 11:30:00,340.62,340.62,339.83,339.83,-0.23,4781.08,1622122.27,-1
2024-08-06,2024-08-06 11:40:00,339.83,339.83,339.04,339.04,-0.23,4781.08,1622122.27,-1
2024-08-06,2024-08-06 11:50:00,339.04,339.04,338.25,338.25,-0.23,4781.08,1622122.27,-1
2024-08-06,2024-08-06 12:00:00,338.25,338.25,337.46,337.46,-0.23,4781.08,1622122.27,-1
2024-08-06,2024-08-06 12:10:00,337.46,337.46,336.67,336.67,-0.23,4781.08,1622122.27,-1
2024-08-06,2024-08-06 12:20:00,336.67,336.67,335.88,335.88,-0.23,4781.08,1622122.27,-1
2024-08-06,2024-08-06 12:30:00,335.88,335.88,335.08,335.08,-0.24,4781.08,1622122.27,-1
2024-08-06,2024-08-06 12:40:00,335.08,335.08,334.29,334.29,-0.24,4781.08,1622122.27,-1
2024-08-06,2024-08-06 12:50:00,334.29,334.29,333.5,333.5,-0.24,4781.08,1622122.27,-1
2024-08-06,2024-08-06 13:00:00,333.5,354.0,322.0,332.71,-0.24,4781.08,1622122.27,-1
2024-08-06,2024-08-06 13:10:00,332.71,332.71,331.92,331.92,-0.24,4781.08,1622122.27,-1
2024-08-06,2024-08-06 13:20:00,331.92,331.92,331.12,331.12,-0.24,4781.08,1622122.27,-1
2024-08-06,2024-08-06 13:30:00,331.12,331.12,330.33,330.33,-0.24,4781.08,1622122.27,-1
2024-08-06,2024-08-06 13:40:00,330.33,330.33,329.54,329.54,-0.24,4781.08,1622122.27,-1
2024-08-06,2024-08-06 13:50:00,329.54,329.54,328.75,328.75,-0.24,4781.08,1622122.27,-1
2024-08-06,2024-08-06 14:00:00,328.75,328.75,327.96,327.96,-0.24,4781.08,1622122.27,-1
2024-08-06,2024-08-06 14:10:00,327.96,327.96,327.17,327.17,-0.24,4781.08,1622122.27,-1
2024-08-06,2024-08-06 14:20:00,327.17,327.17,326.38,326.38,-0.24,4781.08,1622122.27,-1
2024-08-06,2024-08-06 14:30:00,326.38,326.38,325.58,325.58,-0.25,4781.08,1622122.27,-1
2024-08-06,2024-08-06 14:40:00,325.58,325.58,324.79,324.79,-0.24,4781.08,1622122.27,-1
2024-08-06,2024-08-06 14:50:00,324.79,324.79,324.0,324.0,-0.24,4781.08,1622122.27,-1
2024-08-06,2024-08-06 15:00:00,324.0,354.0,322.0,324.0,0.0,4781.08,1622122.27,0
2024-08-07,2024-08-07 11:00:00,324.0,328.08,323.1,324.46,0.14,2747.92,909719.25,1
2024-08-07,2024-08-07 11:10:00,324.46,324.92,324.46,324.92,0.14,2747.92,909719.25,1
2024-08-07,2024-08-07 11:20:00,324.92,325.38,324.92,325.38,0.14,2747.92,909719.25,1
2024-08-07,2024-08-07 11:30:00,325.38,325.83,325.38,325.83,0.14,2747.92,909719.25,1
2024-08-07,2024-08-07 11:40:00,325.83,326.29,325.83,326.29,0.14,2747.92,909719.25,1
2024-08-07,2024-08-07 11:50:00,326.29,326.75,326.29,326.75,0.14,2747.92,909719.25,1
2024-08-07,2024-08-07 12:00:00,326.75,327.21,326.75,327.21,0.14,2747.92,909719.25,1
2024-08-07,2024-08-07 12:10:00,327.21,327.67,327.21,327.67,0.14,2747.92,909719.25,1
2024-08-07,2024-08-07 12:20:00,327.67,328.12,327.67,328.12,0.14,2747.92,909719.25,1
2024-08-07,2024-08-07 12:30:00,328.12,328.58,328.12,328.58,0.14,2747.92,909719.25,1
2024-08-07,2024-08-07 12:40:00,328.58,329.04,328.58,329.04,0.14,2747.92,909719.25,1
2024-08-07,2024-08-07 12:50:00,329.04,329.5,329.04,329.5,0.14,2747.92,909719.25,1
2024-08-07,2024-08-07 13:00:00,329.5,337.6,321.0,329.96,0.14,2747.92,909719.25,1
2024-08-07,2024-08-07 13:10:00,329.96,330.42,329.96,330.42,0.14,2747.92,909719.25,1
2024-08-07,2024-08-07 13:20:00,330.42,330.88,330.42,330.88,0.14,2747.92,909719.25,1
2024-08-07,2024-08-07 13:30:00,330.88,331.33,330.88,331.33,0.14,2747.92,909719.25,1
2024-08-07,2024-08-07 13:40:00,331.33,331.79,331.33,331.79,0.14,2747.92,909719.25,1
2024-08-07,2024-08-07 13:50:00,331.79,332.25,331.79,332.25,0.14,2747.92,909719.25,1
2024-08-07,2024-08-07 14:00:00,332.25,332.71,332.25,332.71,0.14,2747.92,909719.25,1
2024-08-07,2024-08-07 14:10:00,332.71,333.17,332.71,333.17,0.14,2747.92,909719.25,1
2024-08-07,2024-08-07 14:20:00,333.17,333.62,333.17,333.62,0.14,2747.92,909719.25,1
2024-08-07,2024-08-07 14:30:00,333.62,334.08,333.62,334.08,0.14,2747.92,909719.25,1
2024-08-07,2024-08-07 14:40:00,334.08,334.54,334.08,334.54,0.14,2747.92,909719.25,1
2024-08-07,2024-08-07 14:50:00,334.54,335.0,334.54,335.0,0.14,2747.92,909719.25,1
2024-08-07,2024-08-07 15:00:00,335.0,337.6,321.0,335.0,0.0,2747.92,909719.25,0
2024-08-08,2024-08-08 11:00:00,339.9,339.93,336.93,339.51,-0.11,2735.68,917501.55,-1
2024-08-08,2024-08-08 11:10:00,339.51,339.51,339.12,339.12,-0.11,2735.68,917501.55,-1
2024-08-08,2024-08-08 11:20:00,339.12,339.12,338.72,338.72,-0.12,2735.68,917501.55,-1
2024-08-08,2024-08-08 11:30:00,338.72,338.72,338.33,338.33,-0.12,2735.68,917501.55,-1
2024-08-08,2024-08-08 11:40:00,338.33,338.33,337.94,337.94,-0.12,2735.68,917501.55,-1
2024-08-08,2024-08-08 11:50:00,337.94,337.94,337.55,337.55,-0.12,2735.68,917501.55,-1
2024-08-08,2024-08-08 12:00:00,337.55,337.55,337.16,337.16,-0.12,2735.68,917501.55,-1
2024-08-08,2024-08-08 12:10:00,337.16,337.16,336.77,336.77,-0.12,2735.68,917501.55,-1
2024-08-08,2024-08-08 12:20:00,336.77,336.77,336.38,336.38,-0.12,2735.68,917501.55,-1
2024-08-08,2024-08-08 12:30:00,336.38,336.38,335.98,335.98,-0.12,2735.68,917501.55,-1
2024-08-08,2024-08-08 12:40:00,335.98,335.98,335.59,335.59,-0.12,2735.68,917501.55,-1
2024-08-08,2024-08-08 12:50:00,335.59,335.59,335.2,335.2,-0.12,2735.68,917501.55,-1
2024-08-08,2024-08-08 13:00:00,335.2,340.0,330.0,334.81,-0.12,2735.68,917501.55,-1
2024-08-08,2024-08-08 13:10:00,334.81,334.81,334.42,334.42,-0.12,2735.68,917501.55,-1
2024-08-08,2024-08-08 13:20:00,334.42,334.42,334.02,334.02,-0.12,2735.68,917501.55,-1
2024-08-08,2024-08-08 13:30:00,334.02,334.02,333.63,333.63,-0.12,2735.68,917501.55,-1
2024-08-08,2024-08-08 13:40:00,333.63,333.63,333.24,333.24,-0.12,2735.68,917501.55,-1
2024-08-08,2024-08-08 13:50:00,333.24,333.24,332.85,332.85,-0.12,2735.68,917501.55,-1
2024-08-08,2024-08-08 14:00:00,332.85,332.85,332.46,332.46,-0.12,2735.68,917501.55,-1
2024-08-08,2024-08-08 14:10:00,332.46,332.46,332.07,332.07,-0.12,2735.68,917501.55,-1
2024-08-08,2024-08-08 14:20:00,332.07,332.07,331.68,331.68,-0.12,2735.68,917501.55,-1
2024-08-08,2024-08-08 14:30:00,331.68,331.68,331.28,331.28,-0.12,2735.68,917501.55,-1
2024-08-08,2024-08-08 14:40:00,331.28,331.28,330.89,330.89,-0.12,2735.68,917501.55,-1
2024-08-08,2024-08-08 14:50:00,330.89,330.89,330.5,330.5,-0.12,2735.68,917501.55,-1
2024-08-08,2024-08-08 15:00:00,330.5,340.0,330.0,330.5,0.0,2735.68,917501.55,0
2024-08-11,2024-08-11 11:00:00,323.9,330.53,323.9,324.61,0.22,4694.16,1594686.04,1
2024-08-11,2024-08-11 11:10:00,324.61,325.32,324.61,325.32,0.22,4694.16,1594686.04,1
2024-08-11,2024-08-11 11:20:00,325.32,326.04,325.32,326.04,0.22,4694.16,1594686.04,1
2024-08-11,2024-08-11 11:30:00,326.04,326.75,326.04,326.75,0.22,4694.16,1594686.04,1
2024-08-11,2024-08-11 11:40:00,326.75,327.46,326.75,327.46,0.22,4694.16,1594686.04,1
2024-08-11,2024-08-11 11:50:00,327.46,328.17,327.46,328.17,0.22,4694.16,1594686.04,1
2024-08-11,2024-08-11 12:00:00,328.17,328.89,328.17,328.89,0.22,4694.16,1594686.04,1
2024-08-11,2024-08-11 12:10:00,328.89,329.6,328.89,329.6,0.22,4694.16,1594686.04,1
2024-08-11,2024-08-11 12:20:00,329.6,330.31,329.6,330.31,0.22,4694.16,1594686.04,1
2024-08-11,2024-08-11 12:30:00,330.31,331.02,330.31,331.02,0.21,4694.16,1594686.04,1
2024-08-11,2024-08-11 12:40:00,331.02,331.74,331.02,331.74,0.22,4694.16,1594686.04,1
2024-08-11,2024-08-11 12:50:00,331.74,332.45,331.74,332.45,0.21,4694.16,1594686.04,1
2024-08-11,2024-08-11 13:00:00,332.45,346.0,323.9,333.16,0.21,4694.16,1594686.04,1
2024-08-11,2024-08-11 13:10:00,333.16,333.88,333.16,333.88,0.22,4694.16,1594686.04,1
2024-08-11,2024-08-11 13:20:00,333.88,334.59,333.88,334.59,0.21,4694.16,1594686.04,1
2024-08-11,2024-08-11 13:30:00,334.59,335.3,334.59,335.3,0.21,4694.16,1594686.04,1
2024-08-11,2024-08-11 13:40:00,335.3,336.01,335.3,336.01,0.21,4694.16,1594686.04,1
2024-08-11,2024-08-11 13:50:00,336.01,336.73,336.01,336.73,0.21,4694.16,1594686.04,1
2024-08-11,2024-08-11 14:00:00,336.73,337.44,336.73,337.44,0.21,4694.16,1594686.04,1
2024-08-11,2024-08-11 14:10:00,337.44,338.15,337.44,338.15,0.21,4694.16,1594686.04,1
2024-08-11,2024-08-11 14:20:00,338.15,338.86,338.15,338.86,0.21,4694.16,1594686.04,1
2024-08-11,2024-08-11 14:30:00,338.86,339.57,338.86,339.57,0.21,4694.16,1594686.04,1
2024-08-11,2024-08-11 14:40:00,339.57,340.29,339.57,340.29,0.21,4694.16,1594686.04,1
2024-08-11,2024-08-11 14:50:00,340.29,341.0,340.29,341.0,0.21,4694.16,1594686.04,1
2024-08-11,2024-08-11 15:00:00,341.0,346.0,323.9,341.0,0.0,4694.16,1594686.04,0
2024-08-12,2024-08-12 11:00:00,334.2,346.47,334.2,335.9,0.51,7317.36,2637500.78,1
2024-08-12,2024-08-12 11:10:00,335.9,337.61,335.9,337.61,0.51,7317.36,2637500.78,1
2024-08-12,2024-08-12 11:20:00,337.61,339.31,337.61,339.31,0.5,7317.36,2637500.78,1
2024-08-12,2024-08-12 11:30:00,339.31,341.02,339.31,341.02,0.5,7317.36,2637500.78,1
2024-08-12,2024-08-12 11:40:00,341.02,342.72,341.02,342.72,0.5,7317.36,2637500.78,1
2024-08-12,2024-08-12 11:50:00,342.72,344.43,342.72,344.43,0.5,7317.36,2637500.78,1
2024-08-12,2024-08-12 12:00:00,344.43,346.13,344.43,346.13,0.49,7317.36,2637500.78,1
2024-08-12,2024-08-12 12:10:00,346.13,347.83,346.13,347.83,0.49,7317.36,2637500.78,1
2024-08-12,2024-08-12 12:20:00,347.83,349.54,347.83,349.54,0.49,7317.36,2637500.78,1
2024-08-12,2024-08-12 12:30:00,349.54,351.24,349.54,351.24,0.49,7317.36,2637500.78,1
2024-08-12,2024-08-12 12:40:00,351.24,352.95,351.24,352.95,0.49,7317.36,2637500.78,1
2024-08-12,2024-08-12 12:50:00,352.95,354.65,352.95,354.65,0.48,7317.36,2637500.78,1
2024-08-12,2024-08-12 13:00:00,354.65,375.1,334.2,356.35,0.48,7317.36,2637500.78,1
2024-08-12,2024-08-12 13:10:00,356.35,358.06,356.35,358.06,0.48,7317.36,2637500.78,1
2024-08-12,2024-08-12 13:20:00,358.06,359.76,358.06,359.76,0.47,7317.36,2637500.78,1
2024-08-12,2024-08-12 13:30:00,359.76,361.47,359.76,361.47,0.48,7317.36,2637500.78,1
2024-08-12,2024-08-12 13:40:00,361.47,363.17,361.47,363.17,0.47,7317.36,2637500.78,1
2024-08-12,2024-08-12 13:50:00,363.17,364.88,363.17,364.88,0.47,7317.36,2637500.78,1
2024-08-12,2024-08-12 14:00:00,364.88,366.58,364.88,366.58,0.47,7317.36,2637500.78,1
2024-08-12,2024-08-12 14:10:00,366.58,368.28,366.58,368.28,0.46,7317.36,2637500.78,1
2024-08-12,2024-08-12 14:20:00,368.28,369.99,368.28,369.99,0.46,7317.36,2637500.78,1
2024-08-12,2024-08-12 14:30:00,369.99,371.69,369.99,371.69,0.46,7317.36,2637500.78,1
2024-08-12,2024-08-12 14:40:00,371.69,373.4,371.69,373.4,0.46,7317.36,2637500.78,1
2024-08-12,2024-08-12 14:50:00,373.4,375.1,373.4,375.1,0.46,7317.36,2637500.78,1
2024-08-12,2024-08-12 15:00:00,375.1,375.1,334.2,375.1,0.0,7317.36,2637500.78,0
2024-08-13,2024-08-13 11:00:00,382.6,389.32,380.56,382.87,0.07,7997.8,3111494.46,1
2024-08-13,2024-08-13 11:10:00,382.87,383.13,382.87,383.13,0.07,7997.8,3111494.46,1
2024-08-13,2024-08-13 11:20:00,383.13,383.4,383.13,383.4,0.07,7997.8,3111494.46,1
2024-08-13,2024-08-13 11:30:00,383.4,383.67,383.4,383.67,0.07,7997.8,3111494.46,1
2024-08-13,2024-08-13 11:40:00,383.67,383.93,383.67,383.93,0.07,7997.8,3111494.46,1
2024-08-13,2024-08-13 11:50:00,383.93,384.2,383.93,384.2,0.07,7997.8,3111494.46,1
2024-08-13,2024-08-13 12:00:00,384.2,384.47,384.2,384.47,0.07,7997.8,3111494.46,1
2024-08-13,2024-08-13 12:10:00,384.47,384.73,384.47,384.73,0.07,7997.8,3111494.46,1
2024-08-13,2024-08-13 12:20:00,384.73,385.0,384.73,385.0,0.07,7997.8,3111494.46,1
2024-08-13,2024-08-13 12:30:00,385.0,385.27,385.0,385.27,0.07,7997.8,3111494.46,1
2024-08-13,2024-08-13 12:40:00,385.27,385.53,385.27,385.53,0.07,7997.8,3111494.46,1
2024-08-13,2024-08-13 12:50:00,385.53,385.8,385.53,385.8,0.07,7997.8,3111494.46,1
2024-08-13,2024-08-13 13:00:00,385.8,405.0,375.8,386.07,0.07,7997.8,3111494.46,1
2024-08-13,2024-08-13 13:10:00,386.07,386.33,386.07,386.33,0.07,7997.8,3111494.46,1
2024-08-13,2024-08-13 13:20:00,386.33,386.6,386.33,386.6,0.07,7997.8,3111494.46,1
2024-08-13,2024-08-13 13:30:00,386.6,386.87,386.6,386.87,0.07,7997.8,3111494.46,1
2024-08-13,2024-08-13 13:40:00,386.87,387.13,386.87,387.13,0.07,7997.8,3111494.46,1
2024-08-13,2024-08-13 13:50:00,387.13,387.4,387.13,387.4,0.07,7997.8,3111494.46,1
2024-08-13,2024-08-13 14:00:00,387.4,387.67,387.4,387.67,0.07,7997.8,3111494.46,1
2024-08-13,2024-08-13 14:10:00,387.67,387.93,387.67,387.93,0.07,7997.8,3111494.46,1
2024-08-13,2024-08-13 14:20:00,387.93,388.2,387.93,388.2,0.07,7997.8,3111494.46,1
2024-08-13,2024-08-13 14:30:00,388.2,388.47,388.2,388.47,0.07,7997.8,3111494.46,1
2024-08-13,2024-08-13 14:40:00,388.47,388.73,388.47,388.73,0.07,7997.8,3111494.46,1
2024-08-13,2024-08-13 14:50:00,388.73,389.0,388.73,389.0,0.07,7997.8,3111494.46,1
2024-08-13,2024-08-13 15:00:00,389.0,405.0,375.8,389.0,0.0,7997.8,3111494.46,0
2024-08-14,2024-08-14 11:00:00,392.0,396.2,384.83,391.88,-0.03,4200.08,1598392.02,-1
2024-08-14,2024-08-14 11:10:00,391.88,391.88,391.75,391.75,-0.03,4200.08,1598392.02,-1
2024-08-14,2024-08-14 11:20:00,391.75,391.75,391.62,391.62,-0.03,4200.08,1598392.02,-1
2024-08-14,2024-08-14 11:30:00,391.62,391.62,391.5,391.5,-0.03,4200.08,1598392.02,-1
2024-08-14,2024-08-14 11:40:00,391.5,391.5,391.38,391.38,-0.03,4200.08,1598392.02,-1
2024-08-14,2024-08-14 11:50:00,391.38,391.38,391.25,391.25,-0.03,4200.08,1598392.02,-1
2024-08-14,2024-08-14 12:00:00,391.25,391.25,391.12,391.12,-0.03,4200.08,1598392.02,-1
2024-08-14,2024-08-14 12:10:00,391.12,391.12,391.0,391.0,-0.03,4200.08,1598392.02,-1
2024-08-14,2024-08-14 12:20:00,391.0,391.0,390.88,390.88,-0.03,4200.08,1598392.02,-1
2024-08-14,2024-08-14 12:30:00,390.88,390.88,390.75,390.75,-0.03,4200.08,1598392.02,-1
2024-08-14,2024-08-14 12:40:00,390.75,390.75,390.62,390.62,-0.03,4200.08,1598392.02,-1
2024-08-14,2024-08-14 12:50:00,390.62,390.62,390.5,390.5,-0.03,4200.08,1598392.02,-1
2024-08-14,2024-08-14 13:00:00,390.5,406.0,368.1,390.38,-0.03,4200.08,1598392.02,-1
2024-08-14,2024-08-14 13:10:00,390.38,390.38,390.25,390.25,-0.03,4200.08,1598392.02,-1
2024-08-14,2024-08-14 13:20:00,390.25,390.25,390.12,390.12,-0.03,4200.08,1598392.02,-1
2024-08-14,2024-08-14 13:30:00,390.12,390.12,390.0,390.0,-0.03,4200.08,1598392.02,-1
2024-08-14,2024-08-14 13:40:00,390.0,390.0,389.88,389.88,-0.03,4200.08,1598392.02,-1
2024-08-14,2024-08-14 13:50:00,389.88,389.88,389.75,389.75,-0.03,4200.08,1598392.02,-1
2024-08-14,2024-08-14 14:00:00,389.75,389.75,389.62,389.62,-0.03,4200.08,1598392.02,-1
2024-08-14,2024-08-14 14:10:00,389.62,389.62,389.5,389.5,-0.03,4200.08,1598392.02,-1
2024-08-14,2024-08-14 14:20:00,389.5,389.5,389.38,389.38,-0.03,4200.08,1598392.02,-1
2024-08-14,2024-08-14 14:30:00,389.38,389.38,389.25,389.25,-0.03,4200.08,1598392.02,-1
2024-08-14,2024-08-14 14:40:00,389.25,389.25,389.12,389.12,-0.03,4200.08,1598392.02,-1
2024-08-14,2024-08-14 14:50:00,389.12,389.12,389.0,389.0,-0.03,4200.08,1598392.02,-1
2024-08-14,2024-08-14 15:00:00,389.0,406.0,368.1,389.0,0.0,4200.08,1598392.02,0
2024-08-15,2024-08-15 11:00:00,390.1,394.78,385.6,389.72,-0.1,6794.08,2632346.28,-1
2024-08-15,2024-08-15 11:10:00,389.72,389.72,389.34,389.34,-0.1,6794.08,2632346.28,-1
2024-08-15,2024-08-15 11:20:00,389.34,389.34,388.96,388.96,-0.1,6794.08,2632346.28,-1
2024-08-15,2024-08-15 11:30:00,388.96,388.96,388.58,388.58,-0.1,6794.08,2632346.28,-1
2024-08-15,2024-08-15 11:40:00,388.58,388.58,388.2,388.2,-0.1,6794.08,2632346.28,-1
2024-08-15,2024-08-15 11:50:00,388.2,388.2,387.83,387.83,-0.1,6794.08,2632346.28,-1
2024-08-15,2024-08-15 12:00:00,387.83,387.83,387.45,387.45,-0.1,6794.08,2632346.28,-1
2024-08-15,2024-08-15 12:10:00,387.45,387.45,387.07,387.07,-0.1,6794.08,2632346.28,-1
2024-08-15,2024-08-15 12:20:00,387.07,387.07,386.69,386.69,-0.1,6794.08,2632346.28,-1
2024-08-15,2024-08-15 12:30:00,386.69,386.69,386.31,386.31,-0.1,6794.08,2632346.28,-1
2024-08-15,2024-08-15 12:40:00,386.31,386.31,385.93,385.93,-0.1,6794.08,2632346.28,-1
2024-08-15,2024-08-15 12:50:00,385.93,385.93,385.55,385.55,-0.1,6794.08,2632346.28,-1
2024-08-15,2024-08-15 13:00:00,385.55,405.7,375.1,385.17,-0.1,6794.08,2632346.28,-1
2024-08-15,2024-08-15 13:10:00,385.17,385.17,384.79,384.79,-0.1,6794.08,2632346.28,-1
2024-08-15,2024-08-15 13:20:00,384.79,384.79,384.41,384.41,-0.1,6794.08,2632346.28,-1
2024-08-15,2024-08-15 13:30:00,384.41,384.41,384.03,384.03,-0.1,6794.08,2632346.28,-1
2024-08-15,2024-08-15 13:40:00,384.03,384.03,383.65,383.65,-0.1,6794.08,2632346.28,-1
2024-08-15,2024-08-15 13:50:00,383.65,383.65,383.27,383.27,-0.1,6794.08,2632346.28,-1
2024-08-15,2024-08-15 14:00:00,383.27,383.27,382.9,382.9,-0.1,6794.08,2632346.28,-1
2024-08-15,2024-08-15 14:10:00,382.9,382.9,382.52,382.52,-0.1,6794.08,2632346.28,-1
2024-08-15,2024-08-15 14:20:00,382.52,382.52,382.14,382.14,-0.1,6794.08,2632346.28,-1
2024-08-15,2024-08-15 14:30:00,382.14,382.14,381.76,381.76,-0.1,6794.08,2632346.28,-1
2024-08-15,2024-08-15 14:40:00,381.76,381.76,381.38,381.38,-0.1,6794.08,2632346.28,-1
2024-08-15,2024-08-15 14:50:00,381.38,381.38,381.0,381.0,-0.1,6794.08,2632346.28,-1
2024-08-15,2024-08-15 15:00:00,381.0,405.7,375.1,381.0,0.0,6794.08,2632346.28,0
2024-08-18,2024-08-18 11:00:00,382.0,382.93,374.02,381.45,-0.14,6773.52,2497916.2,-1
2024-08-18,2024-08-18 11:10:00,381.45,381.45,380.9,380.9,-0.14,6773.52,2497916.2,-1
2024-08-18,2024-08-18 11:20:00,380.9,380.9,380.35,380.35,-0.14,6773.52,2497916.2,-1
2024-08-18,2024-08-18 11:30:00,380.35,380.35,379.8,379.8,-0.14,6773.52,2497916.2,-1
2024-08-18,2024-08-18 11:40:00,379.8,379.8,379.25,379.25,-0.14,6773.52,2497916.2,-1
2024-08-18,2024-08-18 11:50:00,379.25,379.25,378.7,378.7,-0.15,6773.52,2497916.2,-1
2024-08-18,2024-08-18 12:00:00,378.7,378.7,378.15,378.15,-0.15,6773.52,2497916.2,-1
2024-08-18,2024-08-18 12:10:00,378.15,378.15,377.6,377.6,-0.15,6773.52,2497916.2,-1
2024-08-18,2024-08-18 12:20:00,377.6,377.6,377.05,377.05,-0.15,6773.52,2497916.2,-1
2024-08-18,2024-08-18 12:30:00,377.05,377.05,376.5,376.5,-0.15,6773.52,2497916.2,-1
2024-08-18,2024-08-18 12:40:00,376.5,376.5,375.95,375.95,-0.15,6773.52,2497916.2,-1
2024-08-18,2024-08-18 12:50:00,375.95,375.95,375.4,375.4,-0.15,6773.52,2497916.2,-1
2024-08-18,2024-08-18 13:00:00,375.4,385.1,355.4,374.85,-0.15,6773.52,2497916.2,-1
2024-08-18,2024-08-18 13:10:00,374.85,374.85,374.3,374.3,-0.15,6773.52,2497916.2,-1
2024-08-18,2024-08-18 13:20:00,374.3,374.3,373.75,373.75,-0.15,6773.52,2497916.2,-1
2024-08-18,2024-08-18 13:30:00,373.75,373.75,373.2,373.2,-0.15,6773.52,2497916.2,-1
2024-08-18,2024-08-18 13:40:00,373.2,373.2,372.65,372.65,-0.15,6773.52,2497916.2,-1
2024-08-18,2024-08-18 13:50:00,372.65,372.65,372.1,372.1,-0.15,6773.52,2497916.2,-1
2024-08-18,2024-08-18 14:00:00,372.1,372.1,371.55,371.55,-0.15,6773.52,2497916.2,-1
2024-08-18,2024-08-18 14:10:00,371.55,371.55,371.0,371.0,-0.15,6773.52,2497916.2,-1
2024-08-18,2024-08-18 14:20:00,371.0,371.0,370.45,370.45,-0.15,6773.52,2497916.2,-1
2024-08-18,2024-08-18 14:30:00,370.45,370.45,369.9,369.9,-0.15,6773.52,2497916.2,-1
2024-08-18,2024-08-18 14:40:00,369.9,369.9,369.35,369.35,-0.15,6773.52,2497916.2,-1
2024-08-18,2024-08-18 14:50:00,369.35,369.35,368.8,368.8,-0.15,6773.52,2497916.2,-1
2024-08-18,2024-08-18 15:00:00,368.8,385.1,355.4,368.8,0.0,6773.52,2497916.2,0
2024-08-21,2024-08-21 11:00:00,362.0,367.1,360.2,362.06,0.02,3100.0,1131131.14,1
2024-08-21,2024-08-21 11:10:00,362.06,362.12,362.06,362.12,0.02,3100.0,1131131.14,1
2024-08-21,2024-08-21 11:20:00,362.12,362.19,362.12,362.19,0.02,3100.0,1131131.14,1
2024-08-21,2024-08-21 11:30:00,362.19,362.25,362.19,362.25,0.02,3100.0,1131131.14,1
2024-08-21,2024-08-21 11:40:00,362.25,362.31,362.25,362.31,0.02,3100.0,1131131.14,1
2024-08-21,2024-08-21 11:50:00,362.31,362.38,362.31,362.38,0.02,3100.0,1131131.14,1
2024-08-21,2024-08-21 12:00:00,362.38,362.44,362.38,362.44,0.02,3100.0,1131131.14,1
2024-08-21,2024-08-21 12:10:00,362.44,362.5,362.44,362.5,0.02,3100.0,1131131.14,1
2024-08-21,2024-08-21 12:20:00,362.5,362.56,362.5,362.56,0.02,3100.0,1131131.14,1
2024-08-21,2024-08-21 12:30:00,362.56,362.62,362.56,362.62,0.02,3100.0,1131131.14,1
2024-08-21,2024-08-21 12:40:00,362.62,362.69,362.62,362.69,0.02,3100.0,1131131.14,1
2024-08-21,2024-08-21 12:50:00,362.69,362.75,362.69,362.75,0.02,3100.0,1131131.14,1
2024-08-21,2024-08-21 13:00:00,362.75,379.0,356.0,362.81,0.02,3100.0,1131131.14,1
2024-08-21,2024-08-21 13:10:00,362.81,362.88,362.81,362.88,0.02,3100.0,1131131.14,1
2024-08-21,2024-08-21 13:20:00,362.88,362.94,362.88,362.94,0.02,3100.0,1131131.14,1
2024-08-21,2024-08-21 13:30:00,362.94,363.0,362.94,363.0,0.02,3100.0,1131131.14,1
2024-08-21,2024-08-21 13:40:00,363.0,363.06,363.0,363.06,0.02,3100.0,1131131.14,1
2024-08-21,2024-08-21 13:50:00,363.06,363.12,363.06,363.12,0.02,3100.0,1131131.14,1
2024-08-21,2024-08-21 14:00:00,363.12,363.19,363.12,363.19,0.02,3100.0,1131131.14,1
2024-08-21,2024-08-21 14:10:00,363.19,363.25,363.19,363.25,0.02,3100.0,1131131.14,1
2024-08-21,2024-08-21 14:20:00,363.25,363.31,363.25,363.31,0.02,3100.0,1131131.14,1
2024-08-21,2024-08-21 14:30:00,363.31,363.38,363.31,363.38,0.02,3100.0,1131131.14,1
2024-08-21,2024-08-21 14:40:00,363.38,363.44,363.38,363.44,0.02,3100.0,1131131.14,1
2024-08-21,2024-08-21 14:50:00,363.44,363.5,363.44,363.5,0.02,3100.0,1131131.14,1
2024-08-21,2024-08-21 15:00:00,363.5,379.0,356.0,363.5,0.0,3100.0,1131131.14,0
2024-08-22,2024-08-22 11:00:00,370.0,372.1,367.0,369.8,-0.05,2775.2,1020387.86,-1
2024-08-22,2024-08-22 11:10:00,369.8,369.8,369.59,369.59,-0.06,2775.2,1020387.86,-1
2024-08-22,2024-08-22 11:20:00,369.59,369.59,369.39,369.39,-0.05,2775.2,1020387.86,-1
2024-08-22,2024-08-22 11:30:00,369.39,369.39,369.18,369.18,-0.06,2775.2,1020387.86,-1
2024-08-22,2024-08-22 11:40:00,369.18,369.18,368.98,368.98,-0.05,2775.2,1020387.86,-1
2024-08-22,2024-08-22 11:50:00,368.98,368.98,368.77,368.77,-0.06,2775.2,1020387.86,-1
2024-08-22,2024-08-22 12:00:00,368.77,368.77,368.57,368.57,-0.05,2775.2,1020387.86,-1
2024-08-22,2024-08-22 12:10:00,368.57,368.57,368.37,368.37,-0.05,2775.2,1020387.86,-1
2024-08-22,2024-08-22 12:20:00,368.37,368.37,368.16,368.16,-0.06,2775.2,1020387.86,-1
2024-08-22,2024-08-22 12:30:00,368.16,368.16,367.96,367.96,-0.05,2775.2,1020387.86,-1
2024-08-22,2024-08-22 12:40:00,367.96,367.96,367.75,367.75,-0.06,2775.2,1020387.86,-1
2024-08-22,2024-08-22 12:50:00,367.75,367.75,367.55,367.55,-0.05,2775.2,1020387.86,-1
2024-08-22,2024-08-22 13:00:00,367.55,377.0,360.0,367.35,-0.05,2775.2,1020387.86,-1
2024-08-22,2024-08-22 13:10:00,367.35,367.35,367.14,367.14,-0.06,2775.2,1020387.86,-1
2024-08-22,2024-08-22 13:20:00,367.14,367.14,366.94,366.94,-0.05,2775.2,1020387.86,-1
2024-08-22,2024-08-22 13:30:00,366.94,366.94,366.73,366.73,-0.06,2775.2,1020387.86,-1
2024-08-22,2024-08-22 13:40:00,366.73,366.73,366.53,366.53,-0.05,2775.2,1020387.86,-1
2024-08-22,2024-08-22 13:50:00,366.53,366.53,366.33,366.33,-0.05,2775.2,1020387.86,-1
2024-08-22,2024-08-22 14:00:00,366.33,366.33,366.12,366.12,-0.06,2775.2,1020387.86,-1
2024-08-22,2024-08-22 14:10:00,366.12,366.12,365.92,365.92,-0.05,2775.2,1020387.86,-1
2024-08-22,2024-08-22 14:20:00,365.92,365.92,365.71,365.71,-0.06,2775.2,1020387.86,-1
2024-08-22,2024-08-22 14:30:00,365.71,365.71,365.51,365.51,-0.05,2775.2,1020387.86,-1
2024-08-22,2024-08-22 14:40:00,365.51,365.51,365.3,365.3,-0.06,2775.2,1020387.86,-1
2024-08-22,2024-08-22 14:50:00,365.3,365.3,365.1,365.1,-0.05,2775.2,1020387.86,-1
2024-08-22,2024-08-22 15:00:00,365.1,377.0,360.0,365.1,0.0,2775.2,1020387.86,0
2024-08-25,2024-08-25 11:00:00,364.1,367.97,356.9,364.23,0.04,4229.84,1492741.31,1
2024-08-25,2024-08-25 11:10:00,364.23,364.36,364.23,364.36,0.04,4229.84,1492741.31,1
2024-08-25,2024-08-25 11:20:00,364.36,364.49,364.36,364.49,0.04,4229.84,1492741.31,1
2024-08-25,2024-08-25 11:30:00,364.49,364.62,364.49,364.62,0.04,4229.84,1492741.31,1
2024-08-25,2024-08-25 11:40:00,364.62,364.75,364.62,364.75,0.04,4229.84,1492741.31,1
2024-08-25,2024-08-25 11:50:00,364.75,364.88,364.75,364.88,0.04,4229.84,1492741.31,1
2024-08-25,2024-08-25 12:00:00,364.88,365.0,364.88,365.0,0.03,4229.84,1492741.31,1
2024-08-25,2024-08-25 12:10:00,365.0,365.13,365.0,365.13,0.04,4229.84,1492741.31,1
2024-08-25,2024-08-25 12:20:00,365.13,365.26,365.13,365.26,0.04,4229.84,1492741.31,1
2024-08-25,2024-08-25 12:30:00,365.26,365.39,365.26,365.39,0.04,4229.84,1492741.31,1
2024-08-25,2024-08-25 12:40:00,365.39,365.52,365.39,365.52,0.04,4229.84,1492741.31,1
2024-08-25,2024-08-25 12:50:00,365.52,365.65,365.52,365.65,0.04,4229.84,1492741.31,1
2024-08-25,2024-08-25 13:00:00,365.65,377.0,340.1,365.78,0.04,4229.84,1492741.31,1
2024-08-25,2024-08-25 13:10:00,365.78,365.91,365.78,365.91,0.04,4229.84,1492741.31,1
2024-08-25,2024-08-25 13:20:00,365.91,366.04,365.91,366.04,0.04,4229.84,1492741.31,1
2024-08-25,2024-08-25 13:30:00,366.04,366.17,366.04,366.17,0.04,4229.84,1492741.31,1
2024-08-25,2024-08-25 13:40:00,366.17,366.3,366.17,366.3,0.04,4229.84,1492741.31,1
2024-08-25,2024-08-25 13:50:00,366.3,366.43,366.3,366.43,0.04,4229.84,1492741.31,1
2024-08-25,2024-08-25 14:00:00,366.43,366.55,366.43,366.55,0.03,4229.84,1492741.31,1
2024-08-25,2024-08-25 14:10:00,366.55,366.68,366.55,366.68,0.04,4229.84,1492741.31,1
2024-08-25,2024-08-25 14:20:00,366.68,366.81,366.68,366.81,0.04,4229.84,1492741.31,1
2024-08-25,2024-08-25 14:30:00,366.81,366.94,366.81,366.94,0.04,4229.84,1492741.31,1
2024-08-25,2024-08-25 14:40:00,366.94,367.07,366.94,367.07,0.04,4229.84,1492741.31,1
2024-08-25,2024-08-25 14:50:00,367.07,367.2,367.07,367.2,0.04,4229.84,1492741.31,1
2024-08-25,2024-08-25 15:00:00,367.2,377.0,340.1,367.2,0.0,4229.84,1492741.31,0
2024-08-27,2024-08-27 11:00:00,359.9,359.9,354.26,359.36,-0.15,3291.72,1147995.84,-1
2024-08-27,2024-08-27 11:10:00,359.36,359.36,358.82,358.82,-0.15,3291.72,1147995.84,-1
2024-08-27,2024-08-27 11:20:00,358.82,358.82,358.29,358.29,-0.15,3291.72,1147995.84,-1
2024-08-27,2024-08-27 11:30:00,358.29,358.29,357.75,357.75,-0.15,3291.72,1147995.84,-1
2024-08-27,2024-08-27 11:40:00,357.75,357.75,357.21,357.21,-0.15,3291.72,1147995.84,-1
2024-08-27,2024-08-27 11:50:00,357.21,357.21,356.67,356.67,-0.15,3291.72,1147995.84,-1
2024-08-27,2024-08-27 12:00:00,356.67,356.67,356.14,356.14,-0.15,3291.72,1147995.84,-1
2024-08-27,2024-08-27 12:10:00,356.14,356.14,355.6,355.6,-0.15,3291.72,1147995.84,-1
2024-08-27,2024-08-27 12:20:00,355.6,355.6,355.06,355.06,-0.15,3291.72,1147995.84,-1
2024-08-27,2024-08-27 12:30:00,355.06,355.06,354.52,354.52,-0.15,3291.72,1147995.84,-1
2024-08-27,2024-08-27 12:40:00,354.52,354.52,353.99,353.99,-0.15,3291.72,1147995.84,-1
2024-08-27,2024-08-27 12:50:00,353.99,353.99,353.45,353.45,-0.15,3291.72,1147995.84,-1
2024-08-27,2024-08-27 13:00:00,353.45,359.9,341.1,352.91,-0.15,3291.72,1147995.84,-1
2024-08-27,2024-08-27 13:10:00,352.91,352.91,352.38,352.38,-0.15,3291.72,1147995.84,-1
2024-08-27,2024-08-27 13:20:00,352.38,352.38,351.84,351.84,-0.15,3291.72,1147995.84,-1
2024-08-27,2024-08-27 13:30:00,351.84,351.84,351.3,351.3,-0.15,3291.72,1147995.84,-1
2024-08-27,2024-08-27 13:40:00,351.3,351.3,350.76,350.76,-0.15,3291.72,1147995.84,-1
2024-08-27,2024-08-27 13:50:00,350.76,350.76,350.23,350.23,-0.15,3291.72,1147995.84,-1
2024-08-27,2024-08-27 14:00:00,350.23,350.23,349.69,349.69,-0.15,3291.72,1147995.84,-1
2024-08-27,2024-08-27 14:10:00,349.69,349.69,349.15,349.15,-0.15,3291.72,1147995.84,-1
2024-08-27,2024-08-27 14:20:00,349.15,349.15,348.61,348.61,-0.15,3291.72,1147995.84,-1
2024-08-27,2024-08-27 14:30:00,348.61,348.61,348.07,348.07,-0.15,3291.72,1147995.84,-1
2024-08-27,2024-08-27 14:40:00,348.07,348.07,347.54,347.54,-0.15,3291.72,1147995.84,-1
2024-08-27,2024-08-27 14:50:00,347.54,347.54,347.0,347.0,-0.16,3291.72,1147995.84,-1
2024-08-27,2024-08-27 15:00:00,347.0,359.9,341.1,347.0,0.0,3291.72,1147995.84,0
2024-08-28,2024-08-28 11:00:00,348.0,349.8,344.1,347.62,-0.11,2168.92,745718.18,-1
2024-08-28,2024-08-28 11:10:00,347.62,347.62,347.24,347.24,-0.11,2168.92,745718.18,-1
2024-08-28,2024-08-28 11:20:00,347.24,347.24,346.86,346.86,-0.11,2168.92,745718.18,-1
2024-08-28,2024-08-28 11:30:00,346.86,346.86,346.48,346.48,-0.11,2168.92,745718.18,-1
2024-08-28,2024-08-28 11:40:00,346.48,346.48,346.1,346.1,-0.11,2168.92,745718.18,-1
2024-08-28,2024-08-28 11:50:00,346.1,346.1,345.73,345.73,-0.11,2168.92,745718.18,-1
2024-08-28,2024-08-28 12:00:00,345.73,345.73,345.35,345.35,-0.11,2168.92,745718.18,-1
2024-08-28,2024-08-28 12:10:00,345.35,345.35,344.97,344.97,-0.11,2168.92,745718.18,-1
2024-08-28,2024-08-28 12:20:00,344.97,344.97,344.59,344.59,-0.11,2168.92,745718.18,-1
2024-08-28,2024-08-28 12:30:00,344.59,344.59,344.21,344.21,-0.11,2168.92,745718.18,-1
2024-08-28,2024-08-28 12:40:00,344.21,344.21,343.83,343.83,-0.11,2168.92,745718.18,-1
2024-08-28,2024-08-28 12:50:00,343.83,343.83,343.45,343.45,-0.11,2168.92,745718.18,-1
2024-08-28,2024-08-28 13:00:00,343.45,354.0,335.0,343.07,-0.11,2168.92,745718.18,-1
2024-08-28,2024-08-28 13:10:00,343.07,343.07,342.69,342.69,-0.11,2168.92,745718.18,-1
2024-08-28,2024-08-28 13:20:00,342.69,342.69,342.31,342.31,-0.11,2168.92,745718.18,-1
2024-08-28,2024-08-28 13:30:00,342.31,342.31,341.93,341.93,-0.11,2168.92,745718.18,-1
2024-08-28,2024-08-28 13:40:00,341.93,341.93,341.55,341.55,-0.11,2168.92,745718.18,-1
2024-08-28,2024-08-28 13:50:00,341.55,341.55,341.17,341.17,-0.11,2168.92,745718.18,-1
2024-08-28,2024-08-28 14:00:00,341.17,341.17,340.8,340.8,-0.11,2168.92,745718.18,-1
2024-08-28,2024-08-28 14:10:00,340.8,340.8,340.42,340.42,-0.11,2168.92,745718.18,-1
2024-08-28,2024-08-28 14:20:00,340.42,340.42,340.04,340.04,-0.11,2168.92,745718.18,-1
2024-08-28,2024-08-28 14:30:00,340.04,340.04,339.66,339.66,-0.11,2168.92,745718.18,-1
2024-08-28,2024-08-28 14:40:00,339.66,339.66,339.28,339.28,-0.11,2168.92,745718.18,-1
2024-08-28,2024-08-28 14:50:00,339.28,339.28,338.9,338.9,-0.11,2168.92,745718.18,-1
2024-08-28,2024-08-28 15:00:00,338.9,354.0,335.0,338.9,0.0,2168.92,745718.18,0
2024-08-29,2024-08-29 11:00:00,335.0,338.0,331.31,334.62,-0.11,2431.32,806105.95,-1
2024-08-29,2024-08-29 11:10:00,334.62,334.62,334.25,334.25,-0.11,2431.32,806105.95,-1
2024-08-29,2024-08-29 11:20:00,334.25,334.25,333.88,333.88,-0.11,2431.32,806105.95,-1
2024-08-29,2024-08-29 11:30:00,333.88,333.88,333.5,333.5,-0.11,2431.32,806105.95,-1
2024-08-29,2024-08-29 11:40:00,333.5,333.5,333.12,333.12,-0.11,2431.32,806105.95,-1
2024-08-29,2024-08-29 11:50:00,333.12,333.12,332.75,332.75,-0.11,2431.32,806105.95,-1
2024-08-29,2024-08-29 12:00:00,332.75,332.75,332.38,332.38,-0.11,2431.32,806105.95,-1
2024-08-29,2024-08-29 12:10:00,332.38,332.38,332.0,332.0,-0.11,2431.32,806105.95,-1
2024-08-29,2024-08-29 12:20:00,332.0,332.0,331.62,331.62,-0.11,2431.32,806105.95,-1
2024-08-29,2024-08-29 12:30:00,331.62,331.62,331.25,331.25,-0.11,2431.32,806105.95,-1
2024-08-29,2024-08-29 12:40:00,331.25,331.25,330.88,330.88,-0.11,2431.32,806105.95,-1
2024-08-29,2024-08-29 12:50:00,330.88,330.88,330.5,330.5,-0.11,2431.32,806105.95,-1
2024-08-29,2024-08-29 13:00:00,330.5,345.0,322.7,330.12,-0.11,2431.32,806105.95,-1
2024-08-29,2024-08-29 13:10:00,330.12,330.12,329.75,329.75,-0.11,2431.32,806105.95,-1
2024-08-29,2024-08-29 13:20:00,329.75,329.75,329.38,329.38,-0.11,2431.32,806105.95,-1
2024-08-29,2024-08-29 13:30:00,329.38,329.38,329.0,329.0,-0.12,2431.32,806105.95,-1
2024-08-29,2024-08-29 13:40:00,329.0,329.0,328.62,328.62,-0.12,2431.32,806105.95,-1
2024-08-29,2024-08-29 13:50:00,328.62,328.62,328.25,328.25,-0.11,2431.32,806105.95,-1
2024-08-29,2024-08-29 14:00:00,328.25,328.25,327.88,327.88,-0.11,2431.32,806105.95,-1
2024-08-29,2024-08-29 14:10:00,327.88,327.88,327.5,327.5,-0.12,2431.32,806105.95,-1
2024-08-29,2024-08-29 14:20:00,327.5,327.5,327.12,327.12,-0.12,2431.32,806105.95,-1
2024-08-29,2024-08-29 14:30:00,327.12,327.12,326.75,326.75,-0.11,2431.32,806105.95,-1
2024-08-29,2024-08-29 14:40:00,326.75,326.75,326.38,326.38,-0.11,2431.32,806105.95,-1
2024-08-29,2024-08-29 14:50:00,326.38,326.38,326.0,326.0,-0.12,2431.32,806105.95,-1
2024-08-29,2024-08-29 15:00:00,326.0,345.0,322.7,326.0,0.0,2431.32,806105.95,0
2024-09-01,2024-09-01 11:00:00,332.0,332.0,326.9,331.46,-0.16,2288.08,735652.87,-1
2024-09-01,2024-09-01 11:10:00,331.46,331.46,330.92,330.92,-0.16,2288.08,735652.87,-1
2024-09-01,2024-09-01 11:20:00,330.92,330.92,330.38,330.38,-0.16,2288.08,735652.87,-1
2024-09-01,2024-09-01 11:30:00,330.38,330.38,329.83,329.83,-0.17,2288.08,735652.87,-1
2024-09-01,2024-09-01 11:40:00,329.83,329.83,329.29,329.29,-0.16,2288.08,735652.87,-1
2024-09-01,2024-09-01 11:50:00,329.29,329.29,328.75,328.75,-0.16,2288.08,735652.87,-1
2024-09-01,2024-09-01 12:00:00,328.75,328.75,328.21,328.21,-0.16,2288.08,735652.87,-1
2024-09-01,2024-09-01 12:10:00,328.21,328.21,327.67,327.67,-0.16,2288.08,735652.87,-1
2024-09-01,2024-09-01 12:20:00,327.67,327.67,327.12,327.12,-0.17,2288.08,735652.87,-1
2024-09-01,2024-09-01 12:30:00,327.12,327.12,326.58,326.58,-0.17,2288.08,735652.87,-1
2024-09-01,2024-09-01 12:40:00,326.58,326.58,326.04,326.04,-0.17,2288.08,735652.87,-1
2024-09-01,2024-09-01 12:50:00,326.04,326.04,325.5,325.5,-0.17,2288.08,735652.87,-1
2024-09-01,2024-09-01 13:00:00,325.5,332.0,315.0,324.96,-0.17,2288.08,735652.87,-1
2024-09-01,2024-09-01 13:10:00,324.96,324.96,324.42,324.42,-0.17,2288.08,735652.87,-1
2024-09-01,2024-09-01 13:20:00,324.42,324.42,323.88,323.88,-0.17,2288.08,735652.87,-1
2024-09-01,2024-09-01 13:30:00,323.88,323.88,323.33,323.33,-0.17,2288.08,735652.87,-1
2024-09-01,2024-09-01 13:40:00,323.33,323.33,322.79,322.79,-0.17,2288.08,735652.87,-1
2024-09-01,2024-09-01 13:50:00,322.79,322.79,322.25,322.25,-0.17,2288.08,735652.87,-1
2024-09-01,2024-09-01 14:00:00,322.25,322.25,321.71,321.71,-0.17,2288.08,735652.87,-1
2024-09-01,2024-09-01 14:10:00,321.71,321.71,321.17,321.17,-0.17,2288.08,735652.87,-1
2024-09-01,2024-09-01 14:20:00,321.17,321.17,320.62,320.62,-0.17,2288.08,735652.87,-1
2024-09-01,2024-09-01 14:30:00,320.62,320.62,320.08,320.08,-0.17,2288.08,735652.87,-1
2024-09-01,2024-09-01 14:40:00,320.08,320.08,319.54,319.54,-0.17,2288.08,735652.87,-1
2024-09-01,2024-09-01 14:50:00,319.54,319.54,319.0,319.0,-0.17,2288.08,735652.87,-1
2024-09-01,2024-09-01 15:00:00,319.0,332.0,315.0,319.0,0.0,2288.08,735652.87,0
2024-09-02,2024-09-02 11:00:00,325.0,332.5,323.05,326.04,0.32,2742.16,917351.64,1
2024-09-02,2024-09-02 11:10:00,326.04,327.08,326.04,327.08,0.32,2742.16,917351.64,1
2024-09-02,2024-09-02 11:20:00,327.08,328.12,327.08,328.12,0.32,2742.16,917351.64,1
2024-09-02,2024-09-02 11:30:00,328.12,329.17,328.12,329.17,0.32,2742.16,917351.64,1
2024-09-02,2024-09-02 11:40:00,329.17,330.21,329.17,330.21,0.32,2742.16,917351.64,1
2024-09-02,2024-09-02 11:50:00,330.21,331.25,330.21,331.25,0.31,2742.16,917351.64,1
2024-09-02,2024-09-02 12:00:00,331.25,332.29,331.25,332.29,0.31,2742.16,917351.64,1
2024-09-02,2024-09-02 12:10:00,332.29,333.33,332.29,333.33,0.31,2742.16,917351.64,1
2024-09-02,2024-09-02 12:20:00,333.33,334.38,333.33,334.38,0.32,2742.16,917351.64,1
2024-09-02,2024-09-02 12:30:00,334.38,335.42,334.38,335.42,0.31,2742.16,917351.64,1
2024-09-02,2024-09-02 12:40:00,335.42,336.46,335.42,336.46,0.31,2742.16,917351.64,1
2024-09-02,2024-09-02 12:50:00,336.46,337.5,336.46,337.5,0.31,2742.16,917351.64,1
2024-09-02,2024-09-02 13:00:00,337.5,350.0,318.5,338.54,0.31,2742.16,917351.64,1
2024-09-02,2024-09-02 13:10:00,338.54,339.58,338.54,339.58,0.31,2742.16,917351.64,1
2024-09-02,2024-09-02 13:20:00,339.58,340.62,339.58,340.62,0.31,2742.16,917351.64,1
2024-09-02,2024-09-02 13:30:00,340.62,341.67,340.62,341.67,0.31,2742.16,917351.64,1
2024-09-02,2024-09-02 13:40:00,341.67,342.71,341.67,342.71,0.3,2742.16,917351.64,1
2024-09-02,2024-09-02 13:50:00,342.71,343.75,342.71,343.75,0.3,2742.16,917351.64,1
2024-09-02,2024-09-02 14:00:00,343.75,344.79,343.75,344.79,0.3,2742.16,917351.64,1
2024-09-02,2024-09-02 14:10:00,344.79,345.83,344.79,345.83,0.3,2742.16,917351.64,1
2024-09-02,2024-09-02 14:20:00,345.83,346.88,345.83,346.88,0.3,2742.16,917351.64,1
2024-09-02,2024-09-02 14:30:00,346.88,347.92,346.88,347.92,0.3,2742.16,917351.64,1
2024-09-02,2024-09-02 14:40:00,347.92,348.96,347.92,348.96,0.3,2742.16,917351.64,1
2024-09-02,2024-09-02 14:50:00,348.96,350.0,348.96,350.0,0.3,2742.16,917351.64,1
2024-09-02,2024-09-02 15:00:00,350.0,350.0,318.5,350.0,0.0,2742.16,917351.64,0
2024-09-03,2024-09-03 11:00:00,357.0,357.0,352.2,356.38,-0.17,2607.04,909037.05,-1
2024-09-03,2024-09-03 11:10:00,356.38,356.38,355.75,355.75,-0.18,2607.04,909037.05,-1
2024-09-03,2024-09-03 11:20:00,355.75,355.75,355.12,355.12,-0.18,2607.04,909037.05,-1
2024-09-03,2024-09-03 11:30:00,355.12,355.12,354.5,354.5,-0.17,2607.04,909037.05,-1
2024-09-03,2024-09-03 11:40:00,354.5,354.5,353.88,353.88,-0.17,2607.04,909037.05,-1
2024-09-03,2024-09-03 11:50:00,353.88,353.88,353.25,353.25,-0.18,2607.04,909037.05,-1
2024-09-03,2024-09-03 12:00:00,353.25,353.25,352.62,352.62,-0.18,2607.04,909037.05,-1
2024-09-03,2024-09-03 12:10:00,352.62,352.62,352.0,352.0,-0.18,2607.04,909037.05,-1
2024-09-03,2024-09-03 12:20:00,352.0,352.0,351.38,351.38,-0.18,2607.04,909037.05,-1
2024-09-03,2024-09-03 12:30:00,351.38,351.38,350.75,350.75,-0.18,2607.04,909037.05,-1
2024-09-03,2024-09-03 12:40:00,350.75,350.75,350.12,350.12,-0.18,2607.04,909037.05,-1
2024-09-03,2024-09-03 12:50:00,350.12,350.12,349.5,349.5,-0.18,2607.04,909037.05,-1
2024-09-03,2024-09-03 13:00:00,349.5,357.0,341.0,348.88,-0.18,2607.04,909037.05,-1
2024-09-03,2024-09-03 13:10:00,348.88,348.88,348.25,348.25,-0.18,2607.04,909037.05,-1
2024-09-03,2024-09-03 13:20:00,348.25,348.25,347.62,347.62,-0.18,2607.04,909037.05,-1
2024-09-03,2024-09-03 13:30:00,347.62,347.62,347.0,347.0,-0.18,2607.04,909037.05,-1
2024-09-03,2024-09-03 13:40:00,347.0,347.0,346.38,346.38,-0.18,2607.04,909037.05,-1
2024-09-03,2024-09-03 13:50:00,346.38,346.38,345.75,345.75,-0.18,2607.04,909037.05,-1
2024-09-03,2024-09-03 14:00:00,345.75,345.75,345.12,345.12,-0.18,2607.04,909037.05,-1
2024-09-03,2024-09-03 14:10:00,345.12,345.12,344.5,344.5,-0.18,2607.04,909037.05,-1
2024-09-03,2024-09-03 14:20:00,344.5,344.5,343.88,343.88,-0.18,2607.04,909037.05,-1
2024-09-03,2024-09-03 14:30:00,343.88,343.88,343.25,343.25,-0.18,2607.04,909037.05,-1
2024-09-03,2024-09-03 14:40:00,343.25,343.25,342.62,342.62,-0.18,2607.04,909037.05,-1
2024-09-03,2024-09-03 14:50:00,342.62,342.62,342.0,342.0,-0.18,2607.04,909037.05,-1
2024-09-03,2024-09-03 15:00:00,342.0,357.0,341.0,342.0,0.0,2607.04,909037.05,0
2024-09-04,2024-09-04 11:00:00,340.4,342.38,335.78,339.88,-0.15,3039.12,1012836.47,-1
2024-09-04,2024-09-04 11:10:00,339.88,339.88,339.36,339.36,-0.15,3039.12,1012836.47,-1
2024-09-04,2024-09-04 11:20:00,339.36,339.36,338.84,338.84,-0.15,3039.12,1012836.47,-1
2024-09-04,2024-09-04 11:30:00,338.84,338.84,338.32,338.32,-0.15,3039.12,1012836.47,-1
2024-09-04,2024-09-04 11:40:00,338.32,338.32,337.8,337.8,-0.15,3039.12,1012836.47,-1
2024-09-04,2024-09-04 11:50:00,337.8,337.8,337.27,337.27,-0.16,3039.12,1012836.47,-1
2024-09-04,2024-09-04 12:00:00,337.27,337.27,336.75,336.75,-0.15,3039.12,1012836.47,-1
2024-09-04,2024-09-04 12:10:00,336.75,336.75,336.23,336.23,-0.15,3039.12,1012836.47,-1
2024-09-04,2024-09-04 12:20:00,336.23,336.23,335.71,335.71,-0.15,3039.12,1012836.47,-1
2024-09-04,2024-09-04 12:30:00,335.71,335.71,335.19,335.19,-0.15,3039.12,1012836.47,-1
2024-09-04,2024-09-04 12:40:00,335.19,335.19,334.67,334.67,-0.16,3039.12,1012836.47,-1
2024-09-04,2024-09-04 12:50:00,334.67,334.67,334.15,334.15,-0.16,3039.12,1012836.47,-1
2024-09-04,2024-09-04 13:00:00,334.15,347.0,325.0,333.63,-0.16,3039.12,1012836.47,-1
2024-09-04,2024-09-04 13:10:00,333.63,333.63,333.11,333.11,-0.16,3039.12,1012836.47,-1
2024-09-04,2024-09-04 13:20:00,333.11,333.11,332.59,332.59,-0.16,3039.12,1012836.47,-1
2024-09-04,2024-09-04 13:30:00,332.59,332.59,332.07,332.07,-0.16,3039.12,1012836.47,-1
2024-09-04,2024-09-04 13:40:00,332.07,332.07,331.55,331.55,-0.16,3039.12,1012836.47,-1
2024-09-04,2024-09-04 13:50:00,331.55,331.55,331.02,331.02,-0.16,3039.12,1012836.47,-1
2024-09-04,2024-09-04 14:00:00,331.02,331.02,330.5,330.5,-0.16,3039.12,1012836.47,-1
2024-09-04,2024-09-04 14:10:00,330.5,330.5,329.98,329.98,-0.16,3039.12,1012836.47,-1
2024-09-04,2024-09-04 14:20:00,329.98,329.98,329.46,329.46,-0.16,3039.12,1012836.47,-1
2024-09-04,2024-09-04 14:30:00,329.46,329.46,328.94,328.94,-0.16,3039.12,1012836.47,-1
2024-09-04,2024-09-04 14:40:00,328.94,328.94,328.42,328.42,-0.16,3039.12,1012836.47,-1
2024-09-04,2024-09-04 14:50:00,328.42,328.42,327.9,327.9,-0.16,3039.12,1012836.47,-1
2024-09-04,2024-09-04 15:00:00,327.9,347.0,325.0,327.9,0.0,3039.12,1012836.47,0
2024-09-05,2024-09-05 11:00:00,327.9,330.93,326.73,327.9,0.0,1540.92,507877.98,0
2024-09-05,2024-09-05 11:10:00,327.9,327.91,327.9,327.91,0.0,1540.92,507877.98,1
2024-09-05,2024-09-05 11:20:00,327.91,327.91,327.91,327.91,0.0,1540.92,507877.98,0
2024-09-05,2024-09-05 11:30:00,327.91,327.92,327.91,327.92,0.0,1540.92,507877.98,1
2024-09-05,2024-09-05 11:40:00,327.92,327.92,327.92,327.92,0.0,1540.92,507877.98,0
2024-09-05,2024-09-05 11:50:00,327.92,327.92,327.92,327.92,0.0,1540.92,507877.98,0
2024-09-05,2024-09-05 12:00:00,327.92,327.93,327.92,327.93,0.0,1540.92,507877.98,1
2024-09-05,2024-09-05 12:10:00,327.93,327.93,327.93,327.93,0.0,1540.92,507877.98,0
2024-09-05,2024-09-05 12:20:00,327.93,327.94,327.93,327.94,0.0,1540.92,507877.98,1
2024-09-05,2024-09-05 12:30:00,327.94,327.94,327.94,327.94,0.0,1540.92,507877.98,0
2024-09-05,2024-09-05 12:40:00,327.94,327.95,327.94,327.95,0.0,1540.92,507877.98,1
2024-09-05,2024-09-05 12:50:00,327.95,327.95,327.95,327.95,0.0,1540.92,507877.98,0
2024-09-05,2024-09-05 13:00:00,327.95,338.0,324.0,327.95,0.0,1540.92,507877.98,0
2024-09-05,2024-09-05 13:10:00,327.95,327.96,327.95,327.96,0.0,1540.92,507877.98,1
2024-09-05,2024-09-05 13:20:00,327.96,327.96,327.96,327.96,0.0,1540.92,507877.98,0
2024-09-05,2024-09-05 13:30:00,327.96,327.97,327.96,327.97,0.0,1540.92,507877.98,1
2024-09-05,2024-09-05 13:40:00,327.97,327.97,327.97,327.97,0.0,1540.92,507877.98,0
2024-09-05,2024-09-05 13:50:00,327.97,327.98,327.97,327.98,0.0,1540.92,507877.98,1
2024-09-05,2024-09-05 14:00:00,327.98,327.98,327.98,327.98,0.0,1540.92,507877.98,0
2024-09-05,2024-09-05 14:10:00,327.98,327.98,327.98,327.98,0.0,1540.92,507877.98,0
2024-09-05,2024-09-05 14:20:00,327.98,327.99,327.98,327.99,0.0,1540.92,507877.98,1
2024-09-05,2024-09-05 14:30:00,327.99,327.99,327.99,327.99,0.0,1540.92,507877.98,0
2024-09-05,2024-09-05 14:40:00,327.99,328.0,327.99,328.0,0.0,1540.92,507877.98,1
2024-09-05,2024-09-05 14:50:00,328.0,328.0,328.0,328.0,0.0,1540.92,507877.98,0
2024-09-05,2024-09-05 15:00:00,328.0,338.0,324.0,328.0,0.0,1540.92,507877.98,0
2024-09-08,2024-09-08 11:00:00,334.5,337.32,331.98,334.15,-0.1,1255.32,421214.76,-1
2024-09-08,2024-09-08 11:10:00,334.15,334.15,333.8,333.8,-0.1,1255.32,421214.76,-1
2024-09-08,2024-09-08 11:20:00,333.8,333.8,333.45,333.45,-0.1,1255.32,421214.76,-1
2024-09-08,2024-09-08 11:30:00,333.45,333.45,333.1,333.1,-0.1,1255.32,421214.76,-1
2024-09-08,2024-09-08 11:40:00,333.1,333.1,332.75,332.75,-0.11,1255.32,421214.76,-1
2024-09-08,2024-09-08 11:50:00,332.75,332.75,332.4,332.4,-0.11,1255.32,421214.76,-1
2024-09-08,2024-09-08 12:00:00,332.4,332.4,332.05,332.05,-0.11,1255.32,421214.76,-1
2024-09-08,2024-09-08 12:10:00,332.05,332.05,331.7,331.7,-0.11,1255.32,421214.76,-1
2024-09-08,2024-09-08 12:20:00,331.7,331.7,331.35,331.35,-0.11,1255.32,421214.76,-1
2024-09-08,2024-09-08 12:30:00,331.35,331.35,331.0,331.0,-0.11,1255.32,421214.76,-1
2024-09-08,2024-09-08 12:40:00,331.0,331.0,330.65,330.65,-0.11,1255.32,421214.76,-1
2024-09-08,2024-09-08 12:50:00,330.65,330.65,330.3,330.3,-0.11,1255.32,421214.76,-1
2024-09-08,2024-09-08 13:00:00,330.3,343.9,326.1,329.95,-0.11,1255.32,421214.76,-1
2024-09-08,2024-09-08 13:10:00,329.95,329.95,329.6,329.6,-0.11,1255.32,421214.76,-1
2024-09-08,2024-09-08 13:20:00,329.6,329.6,329.25,329.25,-0.11,1255.32,421214.76,-1
2024-09-08,2024-09-08 13:30:00,329.25,329.25,328.9,328.9,-0.11,1255.32,421214.76,-1
2024-09-08,2024-09-08 13:40:00,328.9,328.9,328.55,328.55,-0.11,1255.32,421214.76,-1
2024-09-08,2024-09-08 13:50:00,328.55,328.55,328.2,328.2,-0.11,1255.32,421214.76,-1
2024-09-08,2024-09-08 14:00:00,328.2,328.2,327.85,327.85,-0.11,1255.32,421214.76,-1
2024-09-08,2024-09-08 14:10:00,327.85,327.85,327.5,327.5,-0.11,1255.32,421214.76,-1
2024-09-08,2024-09-08 14:20:00,327.5,327.5,327.15,327.15,-0.11,1255.32,421214.76,-1
2024-09-08,2024-09-08 14:30:00,327.15,327.15,326.8,326.8,-0.11,1255.32,421214.76,-1
2024-09-08,2024-09-08 14:40:00,326.8,326.8,326.45,326.45,-0.11,1255.32,421214.76,-1
2024-09-08,2024-09-08 14:50:00,326.45,326.45,326.1,326.1,-0.11,1255.32,421214.76,-1
2024-09-08,2024-09-08 15:00:00,326.1,343.9,326.1,326.1,0.0,1255.32,421214.76,0
2024-09-09,2024-09-09 11:00:00,321.0,325.05,321.0,321.12,0.04,1531.44,499632.29,1
2024-09-09,2024-09-09 11:10:00,321.12,321.25,321.12,321.25,0.04,1531.44,499632.29,1
2024-09-09,2024-09-09 11:20:00,321.25,321.38,321.25,321.38,0.04,1531.44,499632.29,1
2024-09-09,2024-09-09 11:30:00,321.38,321.5,321.38,321.5,0.04,1531.44,499632.29,1
2024-09-09,2024-09-09 11:40:00,321.5,321.62,321.5,321.62,0.04,1531.44,499632.29,1
2024-09-09,2024-09-09 11:50:00,321.62,321.75,321.62,321.75,0.04,1531.44,499632.29,1
2024-09-09,2024-09-09 12:00:00,321.75,321.88,321.75,321.88,0.04,1531.44,499632.29,1
2024-09-09,2024-09-09 12:10:00,321.88,322.0,321.88,322.0,0.04,1531.44,499632.29,1
2024-09-09,2024-09-09 12:20:00,322.0,322.12,322.0,322.12,0.04,1531.44,499632.29,1
2024-09-09,2024-09-09 12:30:00,322.12,322.25,322.12,322.25,0.04,1531.44,499632.29,1
2024-09-09,2024-09-09 12:40:00,322.25,322.38,322.25,322.38,0.04,1531.44,499632.29,1
2024-09-09,2024-09-09 12:50:00,322.38,322.5,322.38,322.5,0.04,1531.44,499632.29,1
2024-09-09,2024-09-09 13:00:00,322.5,334.5,321.0,322.62,0.04,1531.44,499632.29,1
2024-09-09,2024-09-09 13:10:00,322.62,322.75,322.62,322.75,0.04,1531.44,499632.29,1
2024-09-09,2024-09-09 13:20:00,322.75,322.88,322.75,322.88,0.04,1531.44,499632.29,1
2024-09-09,2024-09-09 13:30:00,322.88,323.0,322.88,323.0,0.04,1531.44,499632.29,1
2024-09-09,2024-09-09 13:40:00,323.0,323.12,323.0,323.12,0.04,1531.44,499632.29,1
2024-09-09,2024-09-09 13:50:00,323.12,323.25,323.12,323.25,0.04,1531.44,499632.29,1
2024-09-09,2024-09-09 14:00:00,323.25,323.38,323.25,323.38,0.04,1531.44,499632.29,1
2024-09-09,2024-09-09 14:10:00,323.38,323.5,323.38,323.5,0.04,1531.44,499632.29,1
2024-09-09,2024-09-09 14:20:00,323.5,323.62,323.5,323.62,0.04,1531.44,499632.29,1
2024-09-09,2024-09-09 14:30:00,323.62,323.75,323.62,323.75,0.04,1531.44,499632.29,1
2024-09-09,2024-09-09 14:40:00,323.75,323.88,323.75,323.88,0.04,1531.44,499632.29,1
2024-09-09,2024-09-09 14:50:00,323.88,324.0,323.88,324.0,0.04,1531.44,499632.29,1
2024-09-09,2024-09-09 15:00:00,324.0,334.5,321.0,324.0,0.0,1531.44,499632.29,0
2024-09-10,2024-09-10 11:00:00,330.4,332.38,326.98,330.05,-0.11,1045.52,338637.38,-1
2024-09-10,2024-09-10 11:10:00,330.05,330.05,329.7,329.7,-0.11,1045.52,338637.38,-1
2024-09-10,2024-09-10 11:20:00,329.7,329.7,329.35,329.35,-0.11,1045.52,338637.38,-1
2024-09-10,2024-09-10 11:30:00,329.35,329.35,329.0,329.0,-0.11,1045.52,338637.38,-1
2024-09-10,2024-09-10 11:40:00,329.0,329.0,328.65,328.65,-0.11,1045.52,338637.38,-1
2024-09-10,2024-09-10 11:50:00,328.65,328.65,328.3,328.3,-0.11,1045.52,338637.38,-1
2024-09-10,2024-09-10 12:00:00,328.3,328.3,327.95,327.95,-0.11,1045.52,338637.38,-1
2024-09-10,2024-09-10 12:10:00,327.95,327.95,327.6,327.6,-0.11,1045.52,338637.38,-1
2024-09-10,2024-09-10 12:20:00,327.6,327.6,327.25,327.25,-0.11,1045.52,338637.38,-1
2024-09-10,2024-09-10 12:30:00,327.25,327.25,326.9,326.9,-0.11,1045.52,338637.38,-1
2024-09-10,2024-09-10 12:40:00,326.9,326.9,326.55,326.55,-0.11,1045.52,338637.38,-1
2024-09-10,2024-09-10 12:50:00,326.55,326.55,326.2,326.2,-0.11,1045.52,338637.38,-1
2024-09-10,2024-09-10 13:00:00,326.2,337.0,319.0,325.85,-0.11,1045.52,338637.38,-1
2024-09-10,2024-09-10 13:10:00,325.85,325.85,325.5,325.5,-0.11,1045.52,338637.38,-1
2024-09-10,2024-09-10 13:20:00,325.5,325.5,325.15,325.15,-0.11,1045.52,338637.38,-1
2024-09-10,2024-09-10 13:30:00,325.15,325.15,324.8,324.8,-0.11,1045.52,338637.38,-1
2024-09-10,2024-09-10 13:40:00,324.8,324.8,324.45,324.45,-0.11,1045.52,338637.38,-1
2024-09-10,2024-09-10 13:50:00,324.45,324.45,324.1,324.1,-0.11,1045.52,338637.38,-1
2024-09-10,2024-09-10 14:00:00,324.1,324.1,323.75,323.75,-0.11,1045.52,338637.38,-1
2024-09-10,2024-09-10 14:10:00,323.75,323.75,323.4,323.4,-0.11,1045.52,338637.38,-1
2024-09-10,2024-09-10 14:20:00,323.4,323.4,323.05,323.05,-0.11,1045.52,338637.38,-1
2024-09-10,2024-09-10 14:30:00,323.05,323.05,322.7,322.7,-0.11,1045.52,338637.38,-1
2024-09-10,2024-09-10 14:40:00,322.7,322.7,322.35,322.35,-0.11,1045.52,338637.38,-1
2024-09-10,2024-09-10 14:50:00,322.35,322.35,322.0,322.0,-0.11,1045.52,338637.38,-1
2024-09-10,2024-09-10 15:00:00,322.0,337.0,319.0,322.0,0.0,1045.52,338637.38,0
2024-09-11,2024-09-11 11:00:00,322.0,323.8,320.8,321.92,-0.02,1020.28,328271.56,-1
2024-09-11,2024-09-11 11:10:00,321.92,321.92,321.83,321.83,-0.03,1020.28,328271.56,-1
2024-09-11,2024-09-11 11:20:00,321.83,321.83,321.75,321.75,-0.02,1020.28,328271.56,-1
2024-09-11,2024-09-11 11:30:00,321.75,321.75,321.67,321.67,-0.02,1020.28,328271.56,-1
2024-09-11,2024-09-11 11:40:00,321.67,321.67,321.58,321.58,-0.03,1020.28,328271.56,-1
2024-09-11,2024-09-11 11:50:00,321.58,321.58,321.5,321.5,-0.02,1020.28,328271.56,-1
2024-09-11,2024-09-11 12:00:00,321.5,321.5,321.42,321.42,-0.02,1020.28,328271.56,-1
2024-09-11,2024-09-11 12:10:00,321.42,321.42,321.33,321.33,-0.03,1020.28,328271.56,-1
2024-09-11,2024-09-11 12:20:00,321.33,321.33,321.25,321.25,-0.02,1020.28,328271.56,-1
2024-09-11,2024-09-11 12:30:00,321.25,321.25,321.17,321.17,-0.02,1020.28,328271.56,-1
2024-09-11,2024-09-11 12:40:00,321.17,321.17,321.08,321.08,-0.03,1020.28,328271.56,-1
2024-09-11,2024-09-11 12:50:00,321.08,321.08,321.0,321.0,-0.02,1020.28,328271.56,-1
2024-09-11,2024-09-11 13:00:00,321.0,328.0,318.0,320.92,-0.02,1020.28,328271.56,-1
2024-09-11,2024-09-11 13:10:00,320.92,320.92,320.83,320.83,-0.03,1020.28,328271.56,-1
2024-09-11,2024-09-11 13:20:00,320.83,320.83,320.75,320.75,-0.02,1020.28,328271.56,-1
2024-09-11,2024-09-11 13:30:00,320.75,320.75,320.67,320.67,-0.02,1020.28,328271.56,-1
2024-09-11,2024-09-11 13:40:00,320.67,320.67,320.58,320.58,-0.03,1020.28,328271.56,-1
2024-09-11,2024-09-11 13:50:00,320.58,320.58,320.5,320.5,-0.02,1020.28,328271.56,-1
2024-09-11,2024-09-11 14:00:00,320.5,320.5,320.42,320.42,-0.02,1020.28,328271.56,-1
2024-09-11,2024-09-11 14:10:00,320.42,320.42,320.33,320.33,-0.03,1020.28,328271.56,-1
2024-09-11,2024-09-11 14:20:00,320.33,320.33,320.25,320.25,-0.02,1020.28,328271.56,-1
2024-09-11,2024-09-11 14:30:00,320.25,320.25,320.17,320.17,-0.02,1020.28,328271.56,-1
2024-09-11,2024-09-11 14:40:00,320.17,320.17,320.08,320.08,-0.03,1020.28,328271.56,-1
2024-09-11,2024-09-11 14:50:00,320.08,320.08,320.0,320.0,-0.02,1020.28,328271.56,-1
2024-09-11,2024-09-11 15:00:00,320.0,328.0,318.0,320.0,0.0,1020.28,328271.56,0
2024-09-12,2024-09-12 11:00:00,325.0,326.8,323.11,325.17,0.05,1229.88,397631.5,1
2024-09-12,2024-09-12 11:10:00,325.17,325.33,325.17,325.33,0.05,1229.88,397631.5,1
2024-09-12,2024-09-12 11:20:00,325.33,325.5,325.33,325.5,0.05,1229.88,397631.5,1
2024-09-12,2024-09-12 11:30:00,325.5,325.67,325.5,325.67,0.05,1229.88,397631.5,1
2024-09-12,2024-09-12 11:40:00,325.67,325.83,325.67,325.83,0.05,1229.88,397631.5,1
2024-09-12,2024-09-12 11:50:00,325.83,326.0,325.83,326.0,0.05,1229.88,397631.5,1
2024-09-12,2024-09-12 12:00:00,326.0,326.17,326.0,326.17,0.05,1229.88,397631.5,1
2024-09-12,2024-09-12 12:10:00,326.17,326.33,326.17,326.33,0.05,1229.88,397631.5,1
2024-09-12,2024-09-12 12:20:00,326.33,326.5,326.33,326.5,0.05,1229.88,397631.5,1
2024-09-12,2024-09-12 12:30:00,326.5,326.67,326.5,326.67,0.05,1229.88,397631.5,1
2024-09-12,2024-09-12 12:40:00,326.67,326.83,326.67,326.83,0.05,1229.88,397631.5,1
2024-09-12,2024-09-12 12:50:00,326.83,327.0,326.83,327.0,0.05,1229.88,397631.5,1
2024-09-12,2024-09-12 13:00:00,327.0,331.0,318.7,327.17,0.05,1229.88,397631.5,1
2024-09-12,2024-09-12 13:10:00,327.17,327.33,327.17,327.33,0.05,1229.88,397631.5,1
2024-09-12,2024-09-12 13:20:00,327.33,327.5,327.33,327.5,0.05,1229.88,397631.5,1
2024-09-12,2024-09-12 13:30:00,327.5,327.67,327.5,327.67,0.05,1229.88,397631.5,1
2024-09-12,2024-09-12 13:40:00,327.67,327.83,327.67,327.83,0.05,1229.88,397631.5,1
2024-09-12,2024-09-12 13:50:00,327.83,328.0,327.83,328.0,0.05,1229.88,397631.5,1
2024-09-12,2024-09-12 14:00:00,328.0,328.17,328.0,328.17,0.05,1229.88,397631.5,1
2024-09-12,2024-09-12 14:10:00,328.17,328.33,328.17,328.33,0.05,1229.88,397631.5,1
2024-09-12,2024-09-12 14:20:00,328.33,328.5,328.33,328.5,0.05,1229.88,397631.5,1
2024-09-12,2024-09-12 14:30:00,328.5,328.67,328.5,328.67,0.05,1229.88,397631.5,1
2024-09-12,2024-09-12 14:40:00,328.67,328.83,328.67,328.83,0.05,1229.88,397631.5,1
2024-09-12,2024-09-12 14:50:00,328.83,329.0,328.83,329.0,0.05,1229.88,397631.5,1
2024-09-12,2024-09-12 15:00:00,329.0,331.0,318.7,329.0,0.0,1229.88,397631.5,0
2024-09-15,2024-09-15 11:00:00,335.5,337.39,330.55,334.85,-0.19,838.96,275193.02,-1
2024-09-15,2024-09-15 11:10:00,334.85,334.85,334.21,334.21,-0.19,838.96,275193.02,-1
2024-09-15,2024-09-15 11:20:00,334.21,334.21,333.56,333.56,-0.19,838.96,275193.02,-1
2024-09-15,2024-09-15 11:30:00,333.56,333.56,332.92,332.92,-0.19,838.96,275193.02,-1
2024-09-15,2024-09-15 11:40:00,332.92,332.92,332.27,332.27,-0.2,838.96,275193.02,-1
2024-09-15,2024-09-15 11:50:00,332.27,332.27,331.62,331.62,-0.2,838.96,275193.02,-1
2024-09-15,2024-09-15 12:00:00,331.62,331.62,330.98,330.98,-0.19,838.96,275193.02,-1
2024-09-15,2024-09-15 12:10:00,330.98,330.98,330.33,330.33,-0.2,838.96,275193.02,-1
2024-09-15,2024-09-15 12:20:00,330.33,330.33,329.69,329.69,-0.19,838.96,275193.02,-1
2024-09-15,2024-09-15 12:30:00,329.69,329.69,329.04,329.04,-0.2,838.96,275193.02,-1
2024-09-15,2024-09-15 12:40:00,329.04,329.04,328.4,328.4,-0.19,838.96,275193.02,-1
2024-09-15,2024-09-15 12:50:00,328.4,328.4,327.75,327.75,-0.2,838.96,275193.02,-1
2024-09-15,2024-09-15 13:00:00,327.75,341.8,319.0,327.1,-0.2,838.96,275193.02,-1
2024-09-15,2024-09-15 13:10:00,327.1,327.1,326.46,326.46,-0.2,838.96,275193.02,-1
2024-09-15,2024-09-15 13:20:00,326.46,326.46,325.81,325.81,-0.2,838.96,275193.02,-1
2024-09-15,2024-09-15 13:30:00,325.81,325.81,325.17,325.17,-0.2,838.96,275193.02,-1
2024-09-15,2024-09-15 13:40:00,325.17,325.17,324.52,324.52,-0.2,838.96,275193.02,-1
2024-09-15,2024-09-15 13:50:00,324.52,324.52,323.88,323.88,-0.2,838.96,275193.02,-1
2024-09-15,2024-09-15 14:00:00,323.88,323.88,323.23,323.23,-0.2,838.96,275193.02,-1
2024-09-15,2024-09-15 14:10:00,323.23,323.23,322.58,322.58,-0.2,838.96,275193.02,-1
2024-09-15,2024-09-15 14:20:00,322.58,322.58,321.94,321.94,-0.2,838.96,275193.02,-1
2024-09-15,2024-09-15 14:30:00,321.94,321.94,321.29,321.29,-0.2,838.96,275193.02,-1
2024-09-15,2024-09-15 14:40:00,321.29,321.29,320.65,320.65,-0.2,838.96,275193.02,-1
2024-09-15,2024-09-15 14:50:00,320.65,320.65,320.0,320.0,-0.2,838.96,275193.02,-1
2024-09-15,2024-09-15 15:00:00,320.0,341.8,319.0,320.0,0.0,838.96,275193.02,0
2024-09-16,2024-09-16 11:00:00,326.3,326.3,320.18,325.82,-0.15,2018.56,629873.82,-1
2024-09-16,2024-09-16 11:10:00,325.82,325.82,325.35,325.35,-0.14,2018.56,629873.82,-1
2024-09-16,2024-09-16 11:20:00,325.35,325.35,324.88,324.88,-0.14,2018.56,629873.82,-1
2024-09-16,2024-09-16 11:30:00,324.88,324.88,324.4,324.4,-0.15,2018.56,629873.82,-1
2024-09-16,2024-09-16 11:40:00,324.4,324.4,323.93,323.93,-0.14,2018.56,629873.82,-1
2024-09-16,2024-09-16 11:50:00,323.93,323.93,323.45,323.45,-0.15,2018.56,629873.82,-1
2024-09-16,2024-09-16 12:00:00,323.45,323.45,322.98,322.98,-0.15,2018.56,629873.82,-1
2024-09-16,2024-09-16 12:10:00,322.98,322.98,322.5,322.5,-0.15,2018.56,629873.82,-1
2024-09-16,2024-09-16 12:20:00,322.5,322.5,322.02,322.02,-0.15,2018.56,629873.82,-1
2024-09-16,2024-09-16 12:30:00,322.02,322.02,321.55,321.55,-0.15,2018.56,629873.82,-1
2024-09-16,2024-09-16 12:40:00,321.55,321.55,321.07,321.07,-0.15,2018.56,629873.82,-1
2024-09-16,2024-09-16 12:50:00,321.07,321.07,320.6,320.6,-0.15,2018.56,629873.82,-1
2024-09-16,2024-09-16 13:00:00,320.6,326.3,305.9,320.12,-0.15,2018.56,629873.82,-1
2024-09-16,2024-09-16 13:10:00,320.12,320.12,319.65,319.65,-0.15,2018.56,629873.82,-1
2024-09-16,2024-09-16 13:20:00,319.65,319.65,319.18,319.18,-0.15,2018.56,629873.82,-1
2024-09-16,2024-09-16 13:30:00,319.18,319.18,318.7,318.7,-0.15,2018.56,629873.82,-1
2024-09-16,2024-09-16 13:40:00,318.7,318.7,318.22,318.22,-0.15,2018.56,629873.82,-1
2024-09-16,2024-09-16 13:50:00,318.22,318.22,317.75,317.75,-0.15,2018.56,629873.82,-1
2024-09-16,2024-09-16 14:00:00,317.75,317.75,317.27,317.27,-0.15,2018.56,629873.82,-1
2024-09-16,2024-09-16 14:10:00,317.27,317.27,316.8,316.8,-0.15,2018.56,629873.82,-1
2024-09-16,2024-09-16 14:20:00,316.8,316.8,316.32,316.32,-0.15,2018.56,629873.82,-1
2024-09-16,2024-09-16 14:30:00,316.32,316.32,315.85,315.85,-0.15,2018.56,629873.82,-1
2024-09-16,2024-09-16 14:40:00,315.85,315.85,315.38,315.38,-0.15,2018.56,629873.82,-1
2024-09-16,2024-09-16 14:50:00,315.38,315.38,314.9,314.9,-0.15,2018.56,629873.82,-1
2024-09-16,2024-09-16 15:00:00,314.9,326.3,305.9,314.9,0.0,2018.56,629873.82,0
2024-09-18,2024-09-18 11:00:00,309.5,311.75,307.85,309.32,-0.06,1435.56,446086.88,-1
2024-09-18,2024-09-18 11:10:00,309.32,309.32,309.13,309.13,-0.06,1435.56,446086.88,-1
2024-09-18,2024-09-18 11:20:00,309.13,309.13,308.95,308.95,-0.06,1435.56,446086.88,-1
2024-09-18,2024-09-18 11:30:00,308.95,308.95,308.77,308.77,-0.06,1435.56,446086.88,-1
2024-09-18,2024-09-18 11:40:00,308.77,308.77,308.58,308.58,-0.06,1435.56,446086.88,-1
2024-09-18,2024-09-18 11:50:00,308.58,308.58,308.4,308.4,-0.06,1435.56,446086.88,-1
2024-09-18,2024-09-18 12:00:00,308.4,308.4,308.22,308.22,-0.06,1435.56,446086.88,-1
2024-09-18,2024-09-18 12:10:00,308.22,308.22,308.03,308.03,-0.06,1435.56,446086.88,-1
2024-09-18,2024-09-18 12:20:00,308.03,308.03,307.85,307.85,-0.06,1435.56,446086.88,-1
2024-09-18,2024-09-18 12:30:00,307.85,307.85,307.67,307.67,-0.06,1435.56,446086.88,-1
2024-09-18,2024-09-18 12:40:00,307.67,307.67,307.48,307.48,-0.06,1435.56,446086.88,-1
2024-09-18,2024-09-18 12:50:00,307.48,307.48,307.3,307.3,-0.06,1435.56,446086.88,-1
2024-09-18,2024-09-18 13:00:00,307.3,317.0,304.0,307.12,-0.06,1435.56,446086.88,-1
2024-09-18,2024-09-18 13:10:00,307.12,307.12,306.93,306.93,-0.06,1435.56,446086.88,-1
2024-09-18,2024-09-18 13:20:00,306.93,306.93,306.75,306.75,-0.06,1435.56,446086.88,-1
2024-09-18,2024-09-18 13:30:00,306.75,306.75,306.57,306.57,-0.06,1435.56,446086.88,-1
2024-09-18,2024-09-18 13:40:00,306.57,306.57,306.38,306.38,-0.06,1435.56,446086.88,-1
2024-09-18,2024-09-18 13:50:00,306.38,306.38,306.2,306.2,-0.06,1435.56,446086.88,-1
2024-09-18,2024-09-18 14:00:00,306.2,306.2,306.02,306.02,-0.06,1435.56,446086.88,-1
2024-09-18,2024-09-18 14:10:00,306.02,306.02,305.83,305.83,-0.06,1435.56,446086.88,-1
2024-09-18,2024-09-18 14:20:00,305.83,305.83,305.65,305.65,-0.06,1435.56,446086.88,-1
2024-09-18,2024-09-18 14:30:00,305.65,305.65,305.47,305.47,-0.06,1435.56,446086.88,-1
2024-09-18,2024-09-18 14:40:00,305.47,305.47,305.28,305.28,-0.06,1435.56,446086.88,-1
2024-09-18,2024-09-18 14:50:00,305.28,305.28,305.1,305.1,-0.06,1435.56,446086.88,-1
2024-09-18,2024-09-18 15:00:00,305.1,317.0,304.0,305.1,0.0,1435.56,446086.88,0
2024-09-22,2024-09-22 11:00:00,311.0,314.72,309.5,311.1,0.03,578.0,180039.94,1
2024-09-22,2024-09-22 11:10:00,311.1,311.21,311.1,311.21,0.04,578.0,180039.94,1
2024-09-22,2024-09-22 11:20:00,311.21,311.31,311.21,311.31,0.03,578.0,180039.94,1
2024-09-22,2024-09-22 11:30:00,311.31,311.42,311.31,311.42,0.04,578.0,180039.94,1
2024-09-22,2024-09-22 11:40:00,311.42,311.52,311.42,311.52,0.03,578.0,180039.94,1
2024-09-22,2024-09-22 11:50:00,311.52,311.62,311.52,311.62,0.03,578.0,180039.94,1
2024-09-22,2024-09-22 12:00:00,311.62,311.73,311.62,311.73,0.04,578.0,180039.94,1
2024-09-22,2024-09-22 12:10:00,311.73,311.83,311.73,311.83,0.03,578.0,180039.94,1
2024-09-22,2024-09-22 12:20:00,311.83,311.94,311.83,311.94,0.04,578.0,180039.94,1
2024-09-22,2024-09-22 12:30:00,311.94,312.04,311.94,312.04,0.03,578.0,180039.94,1
2024-09-22,2024-09-22 12:40:00,312.04,312.15,312.04,312.15,0.04,578.0,180039.94,1
2024-09-22,2024-09-22 12:50:00,312.15,312.25,312.15,312.25,0.03,578.0,180039.94,1
2024-09-22,2024-09-22 13:00:00,312.25,323.4,306.0,312.35,0.03,578.0,180039.94,1
2024-09-22,2024-09-22 13:10:00,312.35,312.46,312.35,312.46,0.04,578.0,180039.94,1
2024-09-22,2024-09-22 13:20:00,312.46,312.56,312.46,312.56,0.03,578.0,180039.94,1
2024-09-22,2024-09-22 13:30:00,312.56,312.67,312.56,312.67,0.04,578.0,180039.94,1
2024-09-22,2024-09-22 13:40:00,312.67,312.77,312.67,312.77,0.03,578.0,180039.94,1
2024-09-22,2024-09-22 13:50:00,312.77,312.88,312.77,312.88,0.04,578.0,180039.94,1
2024-09-22,2024-09-22 14:00:00,312.88,312.98,312.88,312.98,0.03,578.0,180039.94,1
2024-09-22,2024-09-22 14:10:00,312.98,313.08,312.98,313.08,0.03,578.0,180039.94,1
2024-09-22,2024-09-22 14:20:00,313.08,313.19,313.08,313.19,0.04,578.0,180039.94,1
2024-09-22,2024-09-22 14:30:00,313.19,313.29,313.19,313.29,0.03,578.0,180039.94,1
2024-09-22,2024-09-22 14:40:00,313.29,313.4,313.29,313.4,0.04,578.0,180039.94,1
2024-09-22,2024-09-22 14:50:00,313.4,313.5,313.4,313.5,0.03,578.0,180039.94,1
2024-09-22,2024-09-22 15:00:00,313.5,323.4,306.0,313.5,0.0,578.0,180039.94,0
2024-09-23,2024-09-23 11:00:00,309.5,309.65,306.35,309.19,-0.1,739.2,223326.09,-1
2024-09-23,2024-09-23 11:10:00,309.19,309.19,308.88,308.88,-0.1,739.2,223326.09,-1
2024-09-23,2024-09-23 11:20:00,308.88,308.88,308.56,308.56,-0.1,739.2,223326.09,-1
2024-09-23,2024-09-23 11:30:00,308.56,308.56,308.25,308.25,-0.1,739.2,223326.09,-1
2024-09-23,2024-09-23 11:40:00,308.25,308.25,307.94,307.94,-0.1,739.2,223326.09,-1
2024-09-23,2024-09-23 11:50:00,307.94,307.94,307.62,307.62,-0.1,739.2,223326.09,-1
2024-09-23,2024-09-23 12:00:00,307.62,307.62,307.31,307.31,-0.1,739.2,223326.09,-1
2024-09-23,2024-09-23 12:10:00,307.31,307.31,307.0,307.0,-0.1,739.2,223326.09,-1
2024-09-23,2024-09-23 12:20:00,307.0,307.0,306.69,306.69,-0.1,739.2,223326.09,-1
2024-09-23,2024-09-23 12:30:00,306.69,306.69,306.38,306.38,-0.1,739.2,223326.09,-1
2024-09-23,2024-09-23 12:40:00,306.38,306.38,306.06,306.06,-0.1,739.2,223326.09,-1
2024-09-23,2024-09-23 12:50:00,306.06,306.06,305.75,305.75,-0.1,739.2,223326.09,-1
2024-09-23,2024-09-23 13:00:00,305.75,310.0,299.0,305.44,-0.1,739.2,223326.09,-1
2024-09-23,2024-09-23 13:10:00,305.44,305.44,305.12,305.12,-0.1,739.2,223326.09,-1
2024-09-23,2024-09-23 13:20:00,305.12,305.12,304.81,304.81,-0.1,739.2,223326.09,-1
2024-09-23,2024-09-23 13:30:00,304.81,304.81,304.5,304.5,-0.1,739.2,223326.09,-1
2024-09-23,2024-09-23 13:40:00,304.5,304.5,304.19,304.19,-0.1,739.2,223326.09,-1
2024-09-23,2024-09-23 13:50:00,304.19,304.19,303.88,303.88,-0.1,739.2,223326.09,-1
2024-09-23,2024-09-23 14:00:00,303.88,303.88,303.56,303.56,-0.11,739.2,223326.09,-1
2024-09-23,2024-09-23 14:10:00,303.56,303.56,303.25,303.25,-0.1,739.2,223326.09,-1
2024-09-23,2024-09-23 14:20:00,303.25,303.25,302.94,302.94,-0.1,739.2,223326.09,-1
2024-09-23,2024-09-23 14:30:00,302.94,302.94,302.62,302.62,-0.11,739.2,223326.09,-1
2024-09-23,2024-09-23 14:40:00,302.62,302.62,302.31,302.31,-0.1,739.2,223326.09,-1
2024-09-23,2024-09-23 14:50:00,302.31,302.31,302.0,302.0,-0.1,739.2,223326.09,-1
2024-09-23,2024-09-23 15:00:00,302.0,310.0,299.0,302.0,0.0,739.2,223326.09,0
2024-09-24,2024-09-24 11:00:00,299.0,303.5,294.29,298.62,-0.13,1365.6,397187.76,-1
2024-09-24,2024-09-24 11:10:00,298.62,298.62,298.25,298.25,-0.12,1365.6,397187.76,-1
2024-09-24,2024-09-24 11:20:00,298.25,298.25,297.88,297.88,-0.12,1365.6,397187.76,-1
2024-09-24,2024-09-24 11:30:00,297.88,297.88,297.5,297.5,-0.13,1365.6,397187.76,-1
2024-09-24,2024-09-24 11:40:00,297.5,297.5,297.12,297.12,-0.13,1365.6,397187.76,-1
2024-09-24,2024-09-24 11:50:00,297.12,297.12,296.75,296.75,-0.12,1365.6,397187.76,-1
2024-09-24,2024-09-24 12:00:00,296.75,296.75,296.38,296.38,-0.12,1365.6,397187.76,-1
2024-09-24,2024-09-24 12:10:00,296.38,296.38,296.0,296.0,-0.13,1365.6,397187.76,-1
2024-09-24,2024-09-24 12:20:00,296.0,296.0,295.62,295.62,-0.13,1365.6,397187.76,-1
2024-09-24,2024-09-24 12:30:00,295.62,295.62,295.25,295.25,-0.13,1365.6,397187.76,-1
2024-09-24,2024-09-24 12:40:00,295.25,295.25,294.88,294.88,-0.13,1365.6,397187.76,-1
2024-09-24,2024-09-24 12:50:00,294.88,294.88,294.5,294.5,-0.13,1365.6,397187.76,-1
2024-09-24,2024-09-24 13:00:00,294.5,314.0,283.3,294.12,-0.13,1365.6,397187.76,-1
2024-09-24,2024-09-24 13:10:00,294.12,294.12,293.75,293.75,-0.13,1365.6,397187.76,-1
2024-09-24,2024-09-24 13:20:00,293.75,293.75,293.38,293.38,-0.13,1365.6,397187.76,-1
2024-09-24,2024-09-24 13:30:00,293.38,293.38,293.0,293.0,-0.13,1365.6,397187.76,-1
2024-09-24,2024-09-24 13:40:00,293.0,293.0,292.62,292.62,-0.13,1365.6,397187.76,-1
2024-09-24,2024-09-24 13:50:00,292.62,292.62,292.25,292.25,-0.13,1365.6,397187.76,-1
2024-09-24,2024-09-24 14:00:00,292.25,292.25,291.88,291.88,-0.13,1365.6,397187.76,-1
2024-09-24,2024-09-24 14:10:00,291.88,291.88,291.5,291.5,-0.13,1365.6,397187.76,-1
2024-09-24,2024-09-24 14:20:00,291.5,291.5,291.12,291.12,-0.13,1365.6,397187.76,-1
2024-09-24,2024-09-24 14:30:00,291.12,291.12,290.75,290.75,-0.13,1365.6,397187.76,-1
2024-09-24,2024-09-24 14:40:00,290.75,290.75,290.38,290.38,-0.13,1365.6,397187.76,-1
2024-09-24,2024-09-24 14:50:00,290.38,290.38,290.0,290.0,-0.13,1365.6,397187.76,-1
2024-09-24,2024-09-24 15:00:00,290.0,314.0,283.3,290.0,0.0,1365.6,397187.76,0
2024-09-25,2024-09-25 11:00:00,284.3,287.75,284.3,284.74,0.15,781.16,227169.11,1
2024-09-25,2024-09-25 11:10:00,284.74,285.18,284.74,285.18,0.15,781.16,227169.11,1
2024-09-25,2024-09-25 11:20:00,285.18,285.61,285.18,285.61,0.15,781.16,227169.11,1
2024-09-25,2024-09-25 11:30:00,285.61,286.05,285.61,286.05,0.15,781.16,227169.11,1
2024-09-25,2024-09-25 11:40:00,286.05,286.49,286.05,286.49,0.15,781.16,227169.11,1
2024-09-25,2024-09-25 11:50:00,286.49,286.93,286.49,286.93,0.15,781.16,227169.11,1
2024-09-25,2024-09-25 12:00:00,286.93,287.36,286.93,287.36,0.15,781.16,227169.11,1
2024-09-25,2024-09-25 12:10:00,287.36,287.8,287.36,287.8,0.15,781.16,227169.11,1
2024-09-25,2024-09-25 12:20:00,287.8,288.24,287.8,288.24,0.15,781.16,227169.11,1
2024-09-25,2024-09-25 12:30:00,288.24,288.68,288.24,288.68,0.15,781.16,227169.11,1
2024-09-25,2024-09-25 12:40:00,288.68,289.11,288.68,289.11,0.15,781.16,227169.11,1
2024-09-25,2024-09-25 12:50:00,289.11,289.55,289.11,289.55,0.15,781.16,227169.11,1
2024-09-25,2024-09-25 13:00:00,289.55,295.8,284.3,289.99,0.15,781.16,227169.11,1
2024-09-25,2024-09-25 13:10:00,289.99,290.43,289.99,290.43,0.15,781.16,227169.11,1
2024-09-25,2024-09-25 13:20:00,290.43,290.86,290.43,290.86,0.15,781.16,227169.11,1
2024-09-25,2024-09-25 13:30:00,290.86,291.3,290.86,291.3,0.15,781.16,227169.11,1
2024-09-25,2024-09-25 13:40:00,291.3,291.74,291.3,291.74,0.15,781.16,227169.11,1
2024-09-25,2024-09-25 13:50:00,291.74,292.18,291.74,292.18,0.15,781.16,227169.11,1
2024-09-25,2024-09-25 14:00:00,292.18,292.61,292.18,292.61,0.15,781.16,227169.11,1
2024-09-25,2024-09-25 14:10:00,292.61,293.05,292.61,293.05,0.15,781.16,227169.11,1
2024-09-25,2024-09-25 14:20:00,293.05,293.49,293.05,293.49,0.15,781.16,227169.11,1
2024-09-25,2024-09-25 14:30:00,293.49,293.93,293.49,293.93,0.15,781.16,227169.11,1
2024-09-25,2024-09-25 14:40:00,293.93,294.36,293.93,294.36,0.15,781.16,227169.11,1
2024-09-25,2024-09-25 14:50:00,294.36,294.8,294.36,294.8,0.15,781.16,227169.11,1
2024-09-25,2024-09-25 15:00:00,294.8,295.8,284.3,294.8,0.0,781.16,227169.11,0
2024-09-26,2024-09-26 11:00:00,300.0,300.0,291.72,299.38,-0.21,1601.0,454996.22,-1
2024-09-26,2024-09-26 11:10:00,299.38,299.38,298.75,298.75,-0.21,1601.0,454996.22,-1
2024-09-26,2024-09-26 11:20:00,298.75,298.75,298.12,298.12,-0.21,1601.0,454996.22,-1
2024-09-26,2024-09-26 11:30:00,298.12,298.12,297.5,297.5,-0.21,1601.0,454996.22,-1
2024-09-26,2024-09-26 11:40:00,297.5,297.5,296.88,296.88,-0.21,1601.0,454996.22,-1
2024-09-26,2024-09-26 11:50:00,296.88,296.88,296.25,296.25,-0.21,1601.0,454996.22,-1
2024-09-26,2024-09-26 12:00:00,296.25,296.25,295.62,295.62,-0.21,1601.0,454996.22,-1
2024-09-26,2024-09-26 12:10:00,295.62,295.62,295.0,295.0,-0.21,1601.0,454996.22,-1
2024-09-26,2024-09-26 12:20:00,295.0,295.0,294.38,294.38,-0.21,1601.0,454996.22,-1
2024-09-26,2024-09-26 12:30:00,294.38,294.38,293.75,293.75,-0.21,1601.0,454996.22,-1
2024-09-26,2024-09-26 12:40:00,293.75,293.75,293.12,293.12,-0.21,1601.0,454996.22,-1
2024-09-26,2024-09-26 12:50:00,293.12,293.12,292.5,292.5,-0.21,1601.0,454996.22,-1
2024-09-26,2024-09-26 13:00:00,292.5,300.0,272.4,291.88,-0.21,1601.0,454996.22,-1
2024-09-26,2024-09-26 13:10:00,291.88,291.88,291.25,291.25,-0.22,1601.0,454996.22,-1
2024-09-26,2024-09-26 13:20:00,291.25,291.25,290.62,290.62,-0.22,1601.0,454996.22,-1
2024-09-26,2024-09-26 13:30:00,290.62,290.62,290.0,290.0,-0.21,1601.0,454996.22,-1
2024-09-26,2024-09-26 13:40:00,290.0,290.0,289.38,289.38,-0.21,1601.0,454996.22,-1
2024-09-26,2024-09-26 13:50:00,289.38,289.38,288.75,288.75,-0.22,1601.0,454996.22,-1
2024-09-26,2024-09-26 14:00:00,288.75,288.75,288.12,288.12,-0.22,1601.0,454996.22,-1
2024-09-26,2024-09-26 14:10:00,288.12,288.12,287.5,287.5,-0.22,1601.0,454996.22,-1
2024-09-26,2024-09-26 14:20:00,287.5,287.5,286.88,286.88,-0.22,1601.0,454996.22,-1
2024-09-26,2024-09-26 14:30:00,286.88,286.88,286.25,286.25,-0.22,1601.0,454996.22,-1
2024-09-26,2024-09-26 14:40:00,286.25,286.25,285.62,285.62,-0.22,1601.0,454996.22,-1
2024-09-26,2024-09-26 14:50:00,285.62,285.62,285.0,285.0,-0.22,1601.0,454996.22,-1
2024-09-26,2024-09-26 15:00:00,285.0,300.0,272.4,285.0,0.0,1601.0,454996.22,0
2024-09-29,2024-09-29 11:00:00,288.9,288.9,282.81,288.08,-0.28,1038.36,282969.32,-1
2024-09-29,2024-09-29 11:10:00,288.08,288.08,287.26,287.26,-0.28,1038.36,282969.32,-1
2024-09-29,2024-09-29 11:20:00,287.26,287.26,286.44,286.44,-0.29,1038.36,282969.32,-1
2024-09-29,2024-09-29 11:30:00,286.44,286.44,285.62,285.62,-0.29,1038.36,282969.32,-1
2024-09-29,2024-09-29 11:40:00,285.62,285.62,284.8,284.8,-0.29,1038.36,282969.32,-1
2024-09-29,2024-09-29 11:50:00,284.8,284.8,283.97,283.97,-0.29,1038.36,282969.32,-1
2024-09-29,2024-09-29 12:00:00,283.97,283.97,283.15,283.15,-0.29,1038.36,282969.32,-1
2024-09-29,2024-09-29 12:10:00,283.15,283.15,282.33,282.33,-0.29,1038.36,282969.32,-1
2024-09-29,2024-09-29 12:20:00,282.33,282.33,281.51,281.51,-0.29,1038.36,282969.32,-1
2024-09-29,2024-09-29 12:30:00,281.51,281.51,280.69,280.69,-0.29,1038.36,282969.32,-1
2024-09-29,2024-09-29 12:40:00,280.69,280.69,279.87,279.87,-0.29,1038.36,282969.32,-1
2024-09-29,2024-09-29 12:50:00,279.87,279.87,279.05,279.05,-0.29,1038.36,282969.32,-1
2024-09-29,2024-09-29 13:00:00,279.05,288.9,268.6,278.23,-0.29,1038.36,282969.32,-1
2024-09-29,2024-09-29 13:10:00,278.23,278.23,277.41,277.41,-0.29,1038.36,282969.32,-1
2024-09-29,2024-09-29 13:20:00,277.41,277.41,276.59,276.59,-0.3,1038.36,282969.32,-1
2024-09-29,2024-09-29 13:30:00,276.59,276.59,275.77,275.77,-0.3,1038.36,282969.32,-1
2024-09-29,2024-09-29 13:40:00,275.77,275.77,274.95,274.95,-0.3,1038.36,282969.32,-1
2024-09-29,2024-09-29 13:50:00,274.95,274.95,274.12,274.12,-0.3,1038.36,282969.32,-1
2024-09-29,2024-09-29 14:00:00,274.12,274.12,273.3,273.3,-0.3,1038.36,282969.32,-1
2024-09-29,2024-09-29 14:10:00,273.3,273.3,272.48,272.48,-0.3,1038.36,282969.32,-1
2024-09-29,2024-09-29 14:20:00,272.48,272.48,271.66,271.66,-0.3,1038.36,282969.32,-1
2024-09-29,2024-09-29 14:30:00,271.66,271.66,270.84,270.84,-0.3,1038.36,282969.32,-1
2024-09-29,2024-09-29 14:40:00,270.84,270.84,270.02,270.02,-0.3,1038.36,282969.32,-1
2024-09-29,2024-09-29 14:50:00,270.02,270.02,269.2,269.2,-0.3,1038.36,282969.32,-1
2024-09-29,2024-09-29 15:00:00,269.2,288.9,268.6,269.2,0.0,1038.36,282969.32,0
2024-09-30,2024-09-30 11:00:00,274.5,275.49,271.65,274.52,0.01,934.28,252621.94,1
2024-09-30,2024-09-30 11:10:00,274.52,274.54,274.52,274.54,0.01,934.28,252621.94,1
2024-09-30,2024-09-30 11:20:00,274.54,274.56,274.54,274.56,0.01,934.28,252621.94,1
2024-09-30,2024-09-30 11:30:00,274.56,274.58,274.56,274.58,0.01,934.28,252621.94,1
2024-09-30,2024-09-30 11:40:00,274.58,274.6,274.58,274.6,0.01,934.28,252621.94,1
2024-09-30,2024-09-30 11:50:00,274.6,274.62,274.6,274.62,0.01,934.28,252621.94,1
2024-09-30,2024-09-30 12:00:00,274.62,274.65,274.62,274.65,0.01,934.28,252621.94,1
2024-09-30,2024-09-30 12:10:00,274.65,274.67,274.65,274.67,0.01,934.28,252621.94,1
2024-09-30,2024-09-30 12:20:00,274.67,274.69,274.67,274.69,0.01,934.28,252621.94,1
2024-09-30,2024-09-30 12:30:00,274.69,274.71,274.69,274.71,0.01,934.28,252621.94,1
2024-09-30,2024-09-30 12:40:00,274.71,274.73,274.71,274.73,0.01,934.28,252621.94,1
2024-09-30,2024-09-30 12:50:00,274.73,274.75,274.73,274.75,0.01,934.28,252621.94,1
2024-09-30,2024-09-30 13:00:00,274.75,277.8,265.0,274.77,0.01,934.28,252621.94,1
2024-09-30,2024-09-30 13:10:00,274.77,274.79,274.77,274.79,0.01,934.28,252621.94,1
2024-09-30,2024-09-30 13:20:00,274.79,274.81,274.79,274.81,0.01,934.28,252621.94,1
2024-09-30,2024-09-30 13:30:00,274.81,274.83,274.81,274.83,0.01,934.28,252621.94,1
2024-09-30,2024-09-30 13:40:00,274.83,274.85,274.83,274.85,0.01,934.28,252621.94,1
2024-09-30,2024-09-30 13:50:00,274.85,274.88,274.85,274.88,0.01,934.28,252621.94,1
2024-09-30,2024-09-30 14:00:00,274.88,274.9,274.88,274.9,0.01,934.28,252621.94,1
2024-09-30,2024-09-30 14:10:00,274.9,274.92,274.9,274.92,0.01,934.28,252621.94,1
2024-09-30,2024-09-30 14:20:00,274.92,274.94,274.92,274.94,0.01,934.28,252621.94,1
2024-09-30,2024-09-30 14:30:00,274.94,274.96,274.94,274.96,0.01,934.28,252621.94,1
2024-09-30,2024-09-30 14:40:00,274.96,274.98,274.96,274.98,0.01,934.28,252621.94,1
2024-09-30,2024-09-30 14:50:00,274.98,275.0,274.98,275.0,0.01,934.28,252621.94,1
2024-09-30,2024-09-30 15:00:00,275.0,277.8,265.0,275.0,0.0,934.28,252621.94,0
2024-10-01,2024-10-01 11:00:00,277.9,281.83,276.37,278.4,0.18,837.68,239219.49,1
2024-10-01,2024-10-01 11:10:00,278.4,278.91,278.4,278.91,0.18,837.68,239219.49,1
2024-10-01,2024-10-01 11:20:00,278.91,279.41,278.91,279.41,0.18,837.68,239219.49,1
2024-10-01,2024-10-01 11:30:00,279.41,279.92,279.41,279.92,0.18,837.68,239219.49,1
2024-10-01,2024-10-01 11:40:00,279.92,280.42,279.92,280.42,0.18,837.68,239219.49,1
2024-10-01,2024-10-01 11:50:00,280.42,280.92,280.42,280.92,0.18,837.68,239219.49,1
2024-10-01,2024-10-01 12:00:00,280.92,281.43,280.92,281.43,0.18,837.68,239219.49,1
2024-10-01,2024-10-01 12:10:00,281.43,281.93,281.43,281.93,0.18,837.68,239219.49,1
2024-10-01,2024-10-01 12:20:00,281.93,282.44,281.93,282.44,0.18,837.68,239219.49,1
2024-10-01,2024-10-01 12:30:00,282.44,282.94,282.44,282.94,0.18,837.68,239219.49,1
2024-10-01,2024-10-01 12:40:00,282.94,283.45,282.94,283.45,0.18,837.68,239219.49,1
2024-10-01,2024-10-01 12:50:00,283.45,283.95,283.45,283.95,0.18,837.68,239219.49,1
2024-10-01,2024-10-01 13:00:00,283.95,291.0,272.8,284.45,0.18,837.68,239219.49,1
2024-10-01,2024-10-01 13:10:00,284.45,284.96,284.45,284.96,0.18,837.68,239219.49,1
2024-10-01,2024-10-01 13:20:00,284.96,285.46,284.96,285.46,0.18,837.68,239219.49,1
2024-10-01,2024-10-01 13:30:00,285.46,285.97,285.46,285.97,0.18,837.68,239219.49,1
2024-10-01,2024-10-01 13:40:00,285.97,286.47,285.97,286.47,0.17,837.68,239219.49,1
2024-10-01,2024-10-01 13:50:00,286.47,286.98,286.47,286.98,0.18,837.68,239219.49,1
2024-10-01,2024-10-01 14:00:00,286.98,287.48,286.98,287.48,0.17,837.68,239219.49,1
2024-10-01,2024-10-01 14:10:00,287.48,287.98,287.48,287.98,0.17,837.68,239219.49,1
2024-10-01,2024-10-01 14:20:00,287.98,288.49,287.98,288.49,0.18,837.68,239219.49,1
2024-10-01,2024-10-01 14:30:00,288.49,288.99,288.49,288.99,0.17,837.68,239219.49,1
2024-10-01,2024-10-01 14:40:00,288.99,289.5,288.99,289.5,0.18,837.68,239219.49,1
2024-10-01,2024-10-01 14:50:00,289.5,290.0,289.5,290.0,0.17,837.68,239219.49,1
2024-10-01,2024-10-01 15:00:00,290.0,291.0,272.8,290.0,0.0,837.68,239219.49,0
2024-10-02,2024-10-02 11:00:00,295.8,296.76,292.26,295.39,-0.14,1128.12,328715.64,-1
2024-10-02,2024-10-02 11:10:00,295.39,295.39,294.98,294.98,-0.14,1128.12,328715.64,-1
2024-10-02,2024-10-02 11:20:00,294.98,294.98,294.57,294.57,-0.14,1128.12,328715.64,-1
2024-10-02,2024-10-02 11:30:00,294.57,294.57,294.17,294.17,-0.14,1128.12,328715.64,-1
2024-10-02,2024-10-02 11:40:00,294.17,294.17,293.76,293.76,-0.14,1128.12,328715.64,-1
2024-10-02,2024-10-02 11:50:00,293.76,293.76,293.35,293.35,-0.14,1128.12,328715.64,-1
2024-10-02,2024-10-02 12:00:00,293.35,293.35,292.94,292.94,-0.14,1128.12,328715.64,-1
2024-10-02,2024-10-02 12:10:00,292.94,292.94,292.53,292.53,-0.14,1128.12,328715.64,-1
2024-10-02,2024-10-02 12:20:00,292.53,292.53,292.12,292.12,-0.14,1128.12,328715.64,-1
2024-10-02,2024-10-02 12:30:00,292.12,292.12,291.72,291.72,-0.14,1128.12,328715.64,-1
2024-10-02,2024-10-02 12:40:00,291.72,291.72,291.31,291.31,-0.14,1128.12,328715.64,-1
2024-10-02,2024-10-02 12:50:00,291.31,291.31,290.9,290.9,-0.14,1128.12,328715.64,-1
2024-10-02,2024-10-02 13:00:00,290.9,299.0,284.0,290.49,-0.14,1128.12,328715.64,-1
2024-10-02,2024-10-02 13:10:00,290.49,290.49,290.08,290.08,-0.14,1128.12,328715.64,-1
2024-10-02,2024-10-02 13:20:00,290.08,290.08,289.68,289.68,-0.14,1128.12,328715.64,-1
2024-10-02,2024-10-02 13:30:00,289.68,289.68,289.27,289.27,-0.14,1128.12,328715.64,-1
2024-10-02,2024-10-02 13:40:00,289.27,289.27,288.86,288.86,-0.14,1128.12,328715.64,-1
2024-10-02,2024-10-02 13:50:00,288.86,288.86,288.45,288.45,-0.14,1128.12,328715.64,-1
2024-10-02,2024-10-02 14:00:00,288.45,288.45,288.04,288.04,-0.14,1128.12,328715.64,-1
2024-10-02,2024-10-02 14:10:00,288.04,288.04,287.63,287.63,-0.14,1128.12,328715.64,-1
2024-10-02,2024-10-02 14:20:00,287.63,287.63,287.23,287.23,-0.14,1128.12,328715.64,-1
2024-10-02,2024-10-02 14:30:00,287.23,287.23,286.82,286.82,-0.14,1128.12,328715.64,-1
2024-10-02,2024-10-02 14:40:00,286.82,286.82,286.41,286.41,-0.14,1128.12,328715.64,-1
2024-10-02,2024-10-02 14:50:00,286.41,286.41,286.0,286.0,-0.14,1128.12,328715.64,-1
2024-10-02,2024-10-02 15:00:00,286.0,299.0,284.0,286.0,0.0,1128.12,328715.64,0
2024-10-06,2024-10-06 11:00:00,286.0,288.31,285.25,286.25,0.09,639.92,186063.71,1
2024-10-06,2024-10-06 11:10:00,286.25,286.5,286.25,286.5,0.09,639.92,186063.71,1
2024-10-06,2024-10-06 11:20:00,286.5,286.75,286.5,286.75,0.09,639.92,186063.71,1
2024-10-06,2024-10-06 11:30:00,286.75,287.0,286.75,287.0,0.09,639.92,186063.71,1
2024-10-06,2024-10-06 11:40:00,287.0,287.25,287.0,287.25,0.09,639.92,186063.71,1
2024-10-06,2024-10-06 11:50:00,287.25,287.5,287.25,287.5,0.09,639.92,186063.71,1
2024-10-06,2024-10-06 12:00:00,287.5,287.75,287.5,287.75,0.09,639.92,186063.71,1
2024-10-06,2024-10-06 12:10:00,287.75,288.0,287.75,288.0,0.09,639.92,186063.71,1
2024-10-06,2024-10-06 12:20:00,288.0,288.25,288.0,288.25,0.09,639.92,186063.71,1
2024-10-06,2024-10-06 12:30:00,288.25,288.5,288.25,288.5,0.09,639.92,186063.71,1
2024-10-06,2024-10-06 12:40:00,288.5,288.75,288.5,288.75,0.09,639.92,186063.71,1
2024-10-06,2024-10-06 12:50:00,288.75,289.0,288.75,289.0,0.09,639.92,186063.71,1
2024-10-06,2024-10-06 13:00:00,289.0,293.7,283.5,289.25,0.09,639.92,186063.71,1
2024-10-06,2024-10-06 13:10:00,289.25,289.5,289.25,289.5,0.09,639.92,186063.71,1
2024-10-06,2024-10-06 13:20:00,289.5,289.75,289.5,289.75,0.09,639.92,186063.71,1
2024-10-06,2024-10-06 13:30:00,289.75,290.0,289.75,290.0,0.09,639.92,186063.71,1
2024-10-06,2024-10-06 13:40:00,290.0,290.25,290.0,290.25,0.09,639.92,186063.71,1
2024-10-06,2024-10-06 13:50:00,290.25,290.5,290.25,290.5,0.09,639.92,186063.71,1
2024-10-06,2024-10-06 14:00:00,290.5,290.75,290.5,290.75,0.09,639.92,186063.71,1
2024-10-06,2024-10-06 14:10:00,290.75,291.0,290.75,291.0,0.09,639.92,186063.71,1
2024-10-06,2024-10-06 14:20:00,291.0,291.25,291.0,291.25,0.09,639.92,186063.71,1
2024-10-06,2024-10-06 14:30:00,291.25,291.5,291.25,291.5,0.09,639.92,186063.71,1
2024-10-06,2024-10-06 14:40:00,291.5,291.75,291.5,291.75,0.09,639.92,186063.71,1
2024-10-06,2024-10-06 14:50:00,291.75,292.0,291.75,292.0,0.09,639.92,186063.71,1
2024-10-06,2024-10-06 15:00:00,292.0,293.7,283.5,292.0,0.0,639.92,186063.71,0
2024-10-07,2024-10-07 11:00:00,295.0,302.2,295.0,295.9,0.31,1595.48,493071.77,1
2024-10-07,2024-10-07 11:10:00,295.9,296.8,295.9,296.8,0.3,1595.48,493071.77,1
2024-10-07,2024-10-07 11:20:00,296.8,297.7,296.8,297.7,0.3,1595.48,493071.77,1
2024-10-07,2024-10-07 11:30:00,297.7,298.6,297.7,298.6,0.3,1595.48,493071.77,1
2024-10-07,2024-10-07 11:40:00,298.6,299.5,298.6,299.5,0.3,1595.48,493071.77,1
2024-10-07,2024-10-07 11:50:00,299.5,300.4,299.5,300.4,0.3,1595.48,493071.77,1
2024-10-07,2024-10-07 12:00:00,300.4,301.3,300.4,301.3,0.3,1595.48,493071.77,1
2024-10-07,2024-10-07 12:10:00,301.3,302.2,301.3,302.2,0.3,1595.48,493071.77,1
2024-10-07,2024-10-07 12:20:00,302.2,303.1,302.2,303.1,0.3,1595.48,493071.77,1
2024-10-07,2024-10-07 12:30:00,303.1,304.0,303.1,304.0,0.3,1595.48,493071.77,1
2024-10-07,2024-10-07 12:40:00,304.0,304.9,304.0,304.9,0.3,1595.48,493071.77,1
2024-10-07,2024-10-07 12:50:00,304.9,305.8,304.9,305.8,0.3,1595.48,493071.77,1
2024-10-07,2024-10-07 13:00:00,305.8,319.0,295.0,306.7,0.29,1595.48,493071.77,1
2024-10-07,2024-10-07 13:10:00,306.7,307.6,306.7,307.6,0.29,1595.48,493071.77,1
2024-10-07,2024-10-07 13:20:00,307.6,308.5,307.6,308.5,0.29,1595.48,493071.77,1
2024-10-07,2024-10-07 13:30:00,308.5,309.4,308.5,309.4,0.29,1595.48,493071.77,1
2024-10-07,2024-10-07 13:40:00,309.4,310.3,309.4,310.3,0.29,1595.48,493071.77,1
2024-10-07,2024-10-07 13:50:00,310.3,311.2,310.3,311.2,0.29,1595.48,493071.77,1
2024-10-07,2024-10-07 14:00:00,311.2,312.1,311.2,312.1,0.29,1595.48,493071.77,1
2024-10-07,2024-10-07 14:10:00,312.1,313.0,312.1,313.0,0.29,1595.48,493071.77,1
2024-10-07,2024-10-07 14:20:00,313.0,313.9,313.0,313.9,0.29,1595.48,493071.77,1
2024-10-07,2024-10-07 14:30:00,313.9,314.8,313.9,314.8,0.29,1595.48,493071.77,1
2024-10-07,2024-10-07 14:40:00,314.8,315.7,314.8,315.7,0.29,1595.48,493071.77,1
2024-10-07,2024-10-07 14:50:00,315.7,316.6,315.7,316.6,0.29,1595.48,493071.77,1
2024-10-07,2024-10-07 15:00:00,316.6,319.0,295.0,316.6,0.0,1595.48,493071.77,0
2024-10-08,2024-10-08 11:00:00,322.8,323.46,318.69,322.52,-0.09,1228.56,389097.45,-1
2024-10-08,2024-10-08 11:10:00,322.52,322.52,322.23,322.23,-0.09,1228.56,389097.45,-1
2024-10-08,2024-10-08 11:20:00,322.23,322.23,321.95,321.95,-0.09,1228.56,389097.45,-1
2024-10-08,2024-10-08 11:30:00,321.95,321.95,321.67,321.67,-0.09,1228.56,389097.45,-1
2024-10-08,2024-10-08 11:40:00,321.67,321.67,321.38,321.38,-0.09,1228.56,389097.45,-1
2024-10-08,2024-10-08 11:50:00,321.38,321.38,321.1,321.1,-0.09,1228.56,389097.45,-1
2024-10-08,2024-10-08 12:00:00,321.1,321.1,320.82,320.82,-0.09,1228.56,389097.45,-1
2024-10-08,2024-10-08 12:10:00,320.82,320.82,320.53,320.53,-0.09,1228.56,389097.45,-1
2024-10-08,2024-10-08 12:20:00,320.53,320.53,320.25,320.25,-0.09,1228.56,389097.45,-1
2024-10-08,2024-10-08 12:30:00,320.25,320.25,319.97,319.97,-0.09,1228.56,389097.45,-1
2024-10-08,2024-10-08 12:40:00,319.97,319.97,319.68,319.68,-0.09,1228.56,389097.45,-1
2024-10-08,2024-10-08 12:50:00,319.68,319.68,319.4,319.4,-0.09,1228.56,389097.45,-1
2024-10-08,2024-10-08 13:00:00,319.4,325.0,309.1,319.12,-0.09,1228.56,389097.45,-1
2024-10-08,2024-10-08 13:10:00,319.12,319.12,318.83,318.83,-0.09,1228.56,389097.45,-1
2024-10-08,2024-10-08 13:20:00,318.83,318.83,318.55,318.55,-0.09,1228.56,389097.45,-1
2024-10-08,2024-10-08 13:30:00,318.55,318.55,318.27,318.27,-0.09,1228.56,389097.45,-1
2024-10-08,2024-10-08 13:40:00,318.27,318.27,317.98,317.98,-0.09,1228.56,389097.45,-1
2024-10-08,2024-10-08 13:50:00,317.98,317.98,317.7,317.7,-0.09,1228.56,389097.45,-1
2024-10-08,2024-10-08 14:00:00,317.7,317.7,317.42,317.42,-0.09,1228.56,389097.45,-1
2024-10-08,2024-10-08 14:10:00,317.42,317.42,317.13,317.13,-0.09,1228.56,389097.45,-1
2024-10-08,2024-10-08 14:20:00,317.13,317.13,316.85,316.85,-0.09,1228.56,389097.45,-1
2024-10-08,2024-10-08 14:30:00,316.85,316.85,316.57,316.57,-0.09,1228.56,389097.45,-1
2024-10-08,2024-10-08 14:40:00,316.57,316.57,316.28,316.28,-0.09,1228.56,389097.45,-1
2024-10-08,2024-10-08 14:50:00,316.28,316.28,316.0,316.0,-0.09,1228.56,389097.45,-1
2024-10-08,2024-10-08 15:00:00,316.0,325.0,309.1,316.0,0.0,1228.56,389097.45,0
2024-10-09,2024-10-09 11:00:00,322.3,323.68,317.83,322.12,-0.06,1576.68,505151.02,-1
2024-10-09,2024-10-09 11:10:00,322.12,322.12,321.94,321.94,-0.06,1576.68,505151.02,-1
2024-10-09,2024-10-09 11:20:00,321.94,321.94,321.76,321.76,-0.06,1576.68,505151.02,-1
2024-10-09,2024-10-09 11:30:00,321.76,321.76,321.58,321.58,-0.06,1576.68,505151.02,-1
2024-10-09,2024-10-09 11:40:00,321.58,321.58,321.4,321.4,-0.06,1576.68,505151.02,-1
2024-10-09,2024-10-09 11:50:00,321.4,321.4,321.23,321.23,-0.05,1576.68,505151.02,-1
2024-10-09,2024-10-09 12:00:00,321.23,321.23,321.05,321.05,-0.06,1576.68,505151.02,-1
2024-10-09,2024-10-09 12:10:00,321.05,321.05,320.87,320.87,-0.06,1576.68,505151.02,-1
2024-10-09,2024-10-09 12:20:00,320.87,320.87,320.69,320.69,-0.06,1576.68,505151.02,-1
2024-10-09,2024-10-09 12:30:00,320.69,320.69,320.51,320.51,-0.06,1576.68,505151.02,-1
2024-10-09,2024-10-09 12:40:00,320.51,320.51,320.33,320.33,-0.06,1576.68,505151.02,-1
2024-10-09,2024-10-09 12:50:00,320.33,320.33,320.15,320.15,-0.06,1576.68,505151.02,-1
2024-10-09,2024-10-09 13:00:00,320.15,326.9,307.4,319.97,-0.06,1576.68,505151.02,-1
2024-10-09,2024-10-09 13:10:00,319.97,319.97,319.79,319.79,-0.06,1576.68,505151.02,-1
2024-10-09,2024-10-09 13:20:00,319.79,319.79,319.61,319.61,-0.06,1576.68,505151.02,-1
2024-10-09,2024-10-09 13:30:00,319.61,319.61,319.43,319.43,-0.06,1576.68,505151.02,-1
2024-10-09,2024-10-09 13:40:00,319.43,319.43,319.25,319.25,-0.06,1576.68,505151.02,-1
2024-10-09,2024-10-09 13:50:00,319.25,319.25,319.07,319.07,-0.06,1576.68,505151.02,-1
2024-10-09,2024-10-09 14:00:00,319.07,319.07,318.9,318.9,-0.05,1576.68,505151.02,-1
2024-10-09,2024-10-09 14:10:00,318.9,318.9,318.72,318.72,-0.06,1576.68,505151.02,-1
2024-10-09,2024-10-09 14:20:00,318.72,318.72,318.54,318.54,-0.06,1576.68,505151.02,-1
2024-10-09,2024-10-09 14:30:00,318.54,318.54,318.36,318.36,-0.06,1576.68,505151.02,-1
2024-10-09,2024-10-09 14:40:00,318.36,318.36,318.18,318.18,-0.06,1576.68,505151.02,-1
2024-10-09,2024-10-09 14:50:00,318.18,318.18,318.0,318.0,-0.06,1576.68,505151.02,-1
2024-10-09,2024-10-09 15:00:00,318.0,326.9,307.4,318.0,0.0,1576.68,505151.02,0
2024-10-15,2024-10-15 11:00:00,324.3,328.11,319.5,324.16,-0.04,333.84,106321.78,-1
2024-10-15,2024-10-15 11:10:00,324.16,324.16,324.03,324.03,-0.04,333.84,106321.78,-1
2024-10-15,2024-10-15 11:20:00,324.03,324.03,323.89,323.89,-0.04,333.84,106321.78,-1
2024-10-15,2024-10-15 11:30:00,323.89,323.89,323.75,323.75,-0.04,333.84,106321.78,-1
2024-10-15,2024-10-15 11:40:00,323.75,323.75,323.61,323.61,-0.04,333.84,106321.78,-1
2024-10-15,2024-10-15 11:50:00,323.61,323.61,323.48,323.48,-0.04,333.84,106321.78,-1
2024-10-15,2024-10-15 12:00:00,323.48,323.48,323.34,323.34,-0.04,333.84,106321.78,-1
2024-10-15,2024-10-15 12:10:00,323.34,323.34,323.2,323.2,-0.04,333.84,106321.78,-1
2024-10-15,2024-10-15 12:20:00,323.2,323.2,323.06,323.06,-0.04,333.84,106321.78,-1
2024-10-15,2024-10-15 12:30:00,323.06,323.06,322.93,322.93,-0.04,333.84,106321.78,-1
2024-10-15,2024-10-15 12:40:00,322.93,322.93,322.79,322.79,-0.04,333.84,106321.78,-1
2024-10-15,2024-10-15 12:50:00,322.79,322.79,322.65,322.65,-0.04,333.84,106321.78,-1
2024-10-15,2024-10-15 13:00:00,322.65,337.0,308.3,322.51,-0.04,333.84,106321.78,-1
2024-10-15,2024-10-15 13:10:00,322.51,322.51,322.38,322.38,-0.04,333.84,106321.78,-1
2024-10-15,2024-10-15 13:20:00,322.38,322.38,322.24,322.24,-0.04,333.84,106321.78,-1
2024-10-15,2024-10-15 13:30:00,322.24,322.24,322.1,322.1,-0.04,333.84,106321.78,-1
2024-10-15,2024-10-15 13:40:00,322.1,322.1,321.96,321.96,-0.04,333.84,106321.78,-1
2024-10-15,2024-10-15 13:50:00,321.96,321.96,321.82,321.82,-0.04,333.84,106321.78,-1
2024-10-15,2024-10-15 14:00:00,321.82,321.82,321.69,321.69,-0.04,333.84,106321.78,-1
2024-10-15,2024-10-15 14:10:00,321.69,321.69,321.55,321.55,-0.04,333.84,106321.78,-1
2024-10-15,2024-10-15 14:20:00,321.55,321.55,321.41,321.41,-0.04,333.84,106321.78,-1
2024-10-15,2024-10-15 14:30:00,321.41,321.41,321.27,321.27,-0.04,333.84,106321.78,-1
2024-10-15,2024-10-15 14:40:00,321.27,321.27,321.14,321.14,-0.04,333.84,106321.78,-1
2024-10-15,2024-10-15 14:50:00,321.14,321.14,321.0,321.0,-0.04,333.84,106321.78,-1
2024-10-15,2024-10-15 15:00:00,321.0,337.0,308.3,321.0,0.0,333.84,106321.78,0
2024-10-16,2024-10-16 11:00:00,327.4,329.08,319.72,327.3,-0.03,748.96,244086.52,-1
2024-10-16,2024-10-16 11:10:00,327.3,327.3,327.2,327.2,-0.03,748.96,244086.52,-1
2024-10-16,2024-10-16 11:20:00,327.2,327.2,327.1,327.1,-0.03,748.96,244086.52,-1
2024-10-16,2024-10-16 11:30:00,327.1,327.1,327.0,327.0,-0.03,748.96,244086.52,-1
2024-10-16,2024-10-16 11:40:00,327.0,327.0,326.9,326.9,-0.03,748.96,244086.52,-1
2024-10-16,2024-10-16 11:50:00,326.9,326.9,326.8,326.8,-0.03,748.96,244086.52,-1
2024-10-16,2024-10-16 12:00:00,326.8,326.8,326.7,326.7,-0.03,748.96,244086.52,-1
2024-10-16,2024-10-16 12:10:00,326.7,326.7,326.6,326.6,-0.03,748.96,244086.52,-1
2024-10-16,2024-10-16 12:20:00,326.6,326.6,326.5,326.5,-0.03,748.96,244086.52,-1
2024-10-16,2024-10-16 12:30:00,326.5,326.5,326.4,326.4,-0.03,748.96,244086.52,-1
2024-10-16,2024-10-16 12:40:00,326.4,326.4,326.3,326.3,-0.03,748.96,244086.52,-1
2024-10-16,2024-10-16 12:50:00,326.3,326.3,326.2,326.2,-0.03,748.96,244086.52,-1
2024-10-16,2024-10-16 13:00:00,326.2,333.0,301.8,326.1,-0.03,748.96,244086.52,-1
2024-10-16,2024-10-16 13:10:00,326.1,326.1,326.0,326.0,-0.03,748.96,244086.52,-1
2024-10-16,2024-10-16 13:20:00,326.0,326.0,325.9,325.9,-0.03,748.96,244086.52,-1
2024-10-16,2024-10-16 13:30:00,325.9,325.9,325.8,325.8,-0.03,748.96,244086.52,-1
2024-10-16,2024-10-16 13:40:00,325.8,325.8,325.7,325.7,-0.03,748.96,244086.52,-1
2024-10-16,2024-10-16 13:50:00,325.7,325.7,325.6,325.6,-0.03,748.96,244086.52,-1
2024-10-16,2024-10-16 14:00:00,325.6,325.6,325.5,325.5,-0.03,748.96,244086.52,-1
2024-10-16,2024-10-16 14:10:00,325.5,325.5,325.4,325.4,-0.03,748.96,244086.52,-1
2024-10-16,2024-10-16 14:20:00,325.4,325.4,325.3,325.3,-0.03,748.96,244086.52,-1
2024-10-16,2024-10-16 14:30:00,325.3,325.3,325.2,325.2,-0.03,748.96,244086.52,-1
2024-10-16,2024-10-16 14:40:00,325.2,325.2,325.1,325.1,-0.03,748.96,244086.52,-1
2024-10-16,2024-10-16 14:50:00,325.1,325.1,325.0,325.0,-0.03,748.96,244086.52,-1
2024-10-16,2024-10-16 15:00:00,325.0,333.0,301.8,325.0,0.0,748.96,244086.52,0
2024-10-17,2024-10-17 11:00:00,331.5,331.5,327.45,331.02,-0.14,1379.52,445368.83,-1
2024-10-17,2024-10-17 11:10:00,331.02,331.02,330.54,330.54,-0.15,1379.52,445368.83,-1
2024-10-17,2024-10-17 11:20:00,330.54,330.54,330.06,330.06,-0.15,1379.52,445368.83,-1
2024-10-17,2024-10-17 11:30:00,330.06,330.06,329.58,329.58,-0.15,1379.52,445368.83,-1
2024-10-17,2024-10-17 11:40:00,329.58,329.58,329.1,329.1,-0.15,1379.52,445368.83,-1
2024-10-17,2024-10-17 11:50:00,329.1,329.1,328.62,328.62,-0.15,1379.52,445368.83,-1
2024-10-17,2024-10-17 12:00:00,328.62,328.62,328.15,328.15,-0.14,1379.52,445368.83,-1
2024-10-17,2024-10-17 12:10:00,328.15,328.15,327.67,327.67,-0.15,1379.52,445368.83,-1
2024-10-17,2024-10-17 12:20:00,327.67,327.67,327.19,327.19,-0.15,1379.52,445368.83,-1
2024-10-17,2024-10-17 12:30:00,327.19,327.19,326.71,326.71,-0.15,1379.52,445368.83,-1
2024-10-17,2024-10-17 12:40:00,326.71,326.71,326.23,326.23,-0.15,1379.52,445368.83,-1
2024-10-17,2024-10-17 12:50:00,326.23,326.23,325.75,325.75,-0.15,1379.52,445368.83,-1
2024-10-17,2024-10-17 13:00:00,325.75,331.5,318.0,325.27,-0.15,1379.52,445368.83,-1
2024-10-17,2024-10-17 13:10:00,325.27,325.27,324.79,324.79,-0.15,1379.52,445368.83,-1
2024-10-17,2024-10-17 13:20:00,324.79,324.79,324.31,324.31,-0.15,1379.52,445368.83,-1
2024-10-17,2024-10-17 13:30:00,324.31,324.31,323.83,323.83,-0.15,1379.52,445368.83,-1
2024-10-17,2024-10-17 13:40:00,323.83,323.83,323.35,323.35,-0.15,1379.52,445368.83,-1
2024-10-17,2024-10-17 13:50:00,323.35,323.35,322.88,322.88,-0.15,1379.52,445368.83,-1
2024-10-17,2024-10-17 14:00:00,322.88,322.88,322.4,322.4,-0.15,1379.52,445368.83,-1
2024-10-17,2024-10-17 14:10:00,322.4,322.4,321.92,321.92,-0.15,1379.52,445368.83,-1
2024-10-17,2024-10-17 14:20:00,321.92,321.92,321.44,321.44,-0.15,1379.52,445368.83,-1
2024-10-17,2024-10-17 14:30:00,321.44,321.44,320.96,320.96,-0.15,1379.52,445368.83,-1
2024-10-17,2024-10-17 14:40:00,320.96,320.96,320.48,320.48,-0.15,1379.52,445368.83,-1
2024-10-17,2024-10-17 14:50:00,320.48,320.48,320.0,320.0,-0.15,1379.52,445368.83,-1
2024-10-17,2024-10-17 15:00:00,320.0,331.5,318.0,320.0,0.0,1379.52,445368.83,0
2024-10-20,2024-10-20 11:00:00,313.7,314.99,311.69,313.53,-0.05,1247.6,389240.7,-1
2024-10-20,2024-10-20 11:10:00,313.53,313.53,313.37,313.37,-0.05,1247.6,389240.7,-1
2024-10-20,2024-10-20 11:20:00,313.37,313.37,313.2,313.2,-0.05,1247.6,389240.7,-1
2024-10-20,2024-10-20 11:30:00,313.2,313.2,313.03,313.03,-0.05,1247.6,389240.7,-1
2024-10-20,2024-10-20 11:40:00,313.03,313.03,312.87,312.87,-0.05,1247.6,389240.7,-1
2024-10-20,2024-10-20 11:50:00,312.87,312.87,312.7,312.7,-0.05,1247.6,389240.7,-1
2024-10-20,2024-10-20 12:00:00,312.7,312.7,312.53,312.53,-0.05,1247.6,389240.7,-1
2024-10-20,2024-10-20 12:10:00,312.53,312.53,312.37,312.37,-0.05,1247.6,389240.7,-1
2024-10-20,2024-10-20 12:20:00,312.37,312.37,312.2,312.2,-0.05,1247.6,389240.7,-1
2024-10-20,2024-10-20 12:30:00,312.2,312.2,312.03,312.03,-0.05,1247.6,389240.7,-1
2024-10-20,2024-10-20 12:40:00,312.03,312.03,311.87,311.87,-0.05,1247.6,389240.7,-1
2024-10-20,2024-10-20 12:50:00,311.87,311.87,311.7,311.7,-0.05,1247.6,389240.7,-1
2024-10-20,2024-10-20 13:00:00,311.7,318.0,307.0,311.53,-0.05,1247.6,389240.7,-1
2024-10-20,2024-10-20 13:10:00,311.53,311.53,311.37,311.37,-0.05,1247.6,389240.7,-1
2024-10-20,2024-10-20 13:20:00,311.37,311.37,311.2,311.2,-0.05,1247.6,389240.7,-1
2024-10-20,2024-10-20 13:30:00,311.2,311.2,311.03,311.03,-0.05,1247.6,389240.7,-1
2024-10-20,2024-10-20 13:40:00,311.03,311.03,310.87,310.87,-0.05,1247.6,389240.7,-1
2024-10-20,2024-10-20 13:50:00,310.87,310.87,310.7,310.7,-0.05,1247.6,389240.7,-1
2024-10-20,2024-10-20 14:00:00,310.7,310.7,310.53,310.53,-0.05,1247.6,389240.7,-1
2024-10-20,2024-10-20 14:10:00,310.53,310.53,310.37,310.37,-0.05,1247.6,389240.7,-1
2024-10-20,2024-10-20 14:20:00,310.37,310.37,310.2,310.2,-0.05,1247.6,389240.7,-1
2024-10-20,2024-10-20 14:30:00,310.2,310.2,310.03,310.03,-0.05,1247.6,389240.7,-1
2024-10-20,2024-10-20 14:40:00,310.03,310.03,309.87,309.87,-0.05,1247.6,389240.7,-1
2024-10-20,2024-10-20 14:50:00,309.87,309.87,309.7,309.7,-0.05,1247.6,389240.7,-1
2024-10-20,2024-10-20 15:00:00,309.7,318.0,307.0,309.7,0.0,1247.6,389240.7,0
2024-10-21,2024-10-21 11:00:00,315.8,317.66,310.76,315.23,-0.18,680.6,206189.85,-1
2024-10-21,2024-10-21 11:10:00,315.23,315.23,314.65,314.65,-0.18,680.6,206189.85,-1
2024-10-21,2024-10-21 11:20:00,314.65,314.65,314.07,314.07,-0.18,680.6,206189.85,-1
2024-10-21,2024-10-21 11:30:00,314.07,314.07,313.5,313.5,-0.18,680.6,206189.85,-1
2024-10-21,2024-10-21 11:40:00,313.5,313.5,312.93,312.93,-0.18,680.6,206189.85,-1
2024-10-21,2024-10-21 11:50:00,312.93,312.93,312.35,312.35,-0.19,680.6,206189.85,-1
2024-10-21,2024-10-21 12:00:00,312.35,312.35,311.78,311.78,-0.18,680.6,206189.85,-1
2024-10-21,2024-10-21 12:10:00,311.78,311.78,311.2,311.2,-0.19,680.6,206189.85,-1
2024-10-21,2024-10-21 12:20:00,311.2,311.2,310.62,310.62,-0.19,680.6,206189.85,-1
2024-10-21,2024-10-21 12:30:00,310.62,310.62,310.05,310.05,-0.18,680.6,206189.85,-1
2024-10-21,2024-10-21 12:40:00,310.05,310.05,309.48,309.48,-0.18,680.6,206189.85,-1
2024-10-21,2024-10-21 12:50:00,309.48,309.48,308.9,308.9,-0.19,680.6,206189.85,-1
2024-10-21,2024-10-21 13:00:00,308.9,322.0,299.0,308.32,-0.19,680.6,206189.85,-1
2024-10-21,2024-10-21 13:10:00,308.32,308.32,307.75,307.75,-0.18,680.6,206189.85,-1
2024-10-21,2024-10-21 13:20:00,307.75,307.75,307.18,307.18,-0.19,680.6,206189.85,-1
2024-10-21,2024-10-21 13:30:00,307.18,307.18,306.6,306.6,-0.19,680.6,206189.85,-1
2024-10-21,2024-10-21 13:40:00,306.6,306.6,306.02,306.02,-0.19,680.6,206189.85,-1
2024-10-21,2024-10-21 13:50:00,306.02,306.02,305.45,305.45,-0.19,680.6,206189.85,-1
2024-10-21,2024-10-21 14:00:00,305.45,305.45,304.88,304.88,-0.19,680.6,206189.85,-1
2024-10-21,2024-10-21 14:10:00,304.88,304.88,304.3,304.3,-0.19,680.6,206189.85,-1
2024-10-21,2024-10-21 14:20:00,304.3,304.3,303.73,303.73,-0.19,680.6,206189.85,-1
2024-10-21,2024-10-21 14:30:00,303.73,303.73,303.15,303.15,-0.19,680.6,206189.85,-1
2024-10-21,2024-10-21 14:40:00,303.15,303.15,302.57,302.57,-0.19,680.6,206189.85,-1
2024-10-21,2024-10-21 14:50:00,302.57,302.57,302.0,302.0,-0.19,680.6,206189.85,-1
2024-10-21,2024-10-21 15:00:00,302.0,322.0,299.0,302.0,0.0,680.6,206189.85,0
2024-10-22,2024-10-22 11:00:00,296.1,300.87,296.1,296.75,0.22,1053.24,319142.91,1
2024-10-22,2024-10-22 11:10:00,296.75,297.41,296.75,297.41,0.22,1053.24,319142.91,1
2024-10-22,2024-10-22 11:20:00,297.41,298.06,297.41,298.06,0.22,1053.24,319142.91,1
2024-10-22,2024-10-22 11:30:00,298.06,298.72,298.06,298.72,0.22,1053.24,319142.91,1
2024-10-22,2024-10-22 11:40:00,298.72,299.37,298.72,299.37,0.22,1053.24,319142.91,1
2024-10-22,2024-10-22 11:50:00,299.37,300.03,299.37,300.03,0.22,1053.24,319142.91,1
2024-10-22,2024-10-22 12:00:00,300.03,300.68,300.03,300.68,0.22,1053.24,319142.91,1
2024-10-22,2024-10-22 12:10:00,300.68,301.33,300.68,301.33,0.22,1053.24,319142.91,1
2024-10-22,2024-10-22 12:20:00,301.33,301.99,301.33,301.99,0.22,1053.24,319142.91,1
2024-10-22,2024-10-22 12:30:00,301.99,302.64,301.99,302.64,0.22,1053.24,319142.91,1
2024-10-22,2024-10-22 12:40:00,302.64,303.3,302.64,303.3,0.22,1053.24,319142.91,1
2024-10-22,2024-10-22 12:50:00,303.3,303.95,303.3,303.95,0.21,1053.24,319142.91,1
2024-10-22,2024-10-22 13:00:00,303.95,312.0,296.1,304.6,0.21,1053.24,319142.91,1
2024-10-22,2024-10-22 13:10:00,304.6,305.26,304.6,305.26,0.22,1053.24,319142.91,1
2024-10-22,2024-10-22 13:20:00,305.26,305.91,305.26,305.91,0.21,1053.24,319142.91,1
2024-10-22,2024-10-22 13:30:00,305.91,306.57,305.91,306.57,0.22,1053.24,319142.91,1
2024-10-22,2024-10-22 13:40:00,306.57,307.22,306.57,307.22,0.21,1053.24,319142.91,1
2024-10-22,2024-10-22 13:50:00,307.22,307.88,307.22,307.88,0.21,1053.24,319142.91,1
2024-10-22,2024-10-22 14:00:00,307.88,308.53,307.88,308.53,0.21,1053.24,319142.91,1
2024-10-22,2024-10-22 14:10:00,308.53,309.18,308.53,309.18,0.21,1053.24,319142.91,1
2024-10-22,2024-10-22 14:20:00,309.18,309.84,309.18,309.84,0.21,1053.24,319142.91,1
2024-10-22,2024-10-22 14:30:00,309.84,310.49,309.84,310.49,0.21,1053.24,319142.91,1
2024-10-22,2024-10-22 14:40:00,310.49,311.15,310.49,311.15,0.21,1053.24,319142.91,1
2024-10-22,2024-10-22 14:50:00,311.15,311.8,311.15,311.8,0.21,1053.24,319142.91,1
2024-10-22,2024-10-22 15:00:00,311.8,312.0,296.1,311.8,0.0,1053.24,319142.91,0
2024-10-23,2024-10-23 11:00:00,306.0,311.4,305.55,306.12,0.04,726.68,223558.85,1
2024-10-23,2024-10-23 11:10:00,306.12,306.24,306.12,306.24,0.04,726.68,223558.85,1
2024-10-23,2024-10-23 11:20:00,306.24,306.36,306.24,306.36,0.04,726.68,223558.85,1
2024-10-23,2024-10-23 11:30:00,306.36,306.48,306.36,306.48,0.04,726.68,223558.85,1
2024-10-23,2024-10-23 11:40:00,306.48,306.6,306.48,306.6,0.04,726.68,223558.85,1
2024-10-23,2024-10-23 11:50:00,306.6,306.73,306.6,306.73,0.04,726.68,223558.85,1
2024-10-23,2024-10-23 12:00:00,306.73,306.85,306.73,306.85,0.04,726.68,223558.85,1
2024-10-23,2024-10-23 12:10:00,306.85,306.97,306.85,306.97,0.04,726.68,223558.85,1
2024-10-23,2024-10-23 12:20:00,306.97,307.09,306.97,307.09,0.04,726.68,223558.85,1
2024-10-23,2024-10-23 12:30:00,307.09,307.21,307.09,307.21,0.04,726.68,223558.85,1
2024-10-23,2024-10-23 12:40:00,307.21,307.33,307.21,307.33,0.04,726.68,223558.85,1
2024-10-23,2024-10-23 12:50:00,307.33,307.45,307.33,307.45,0.04,726.68,223558.85,1
2024-10-23,2024-10-23 13:00:00,307.45,324.0,304.5,307.57,0.04,726.68,223558.85,1
2024-10-23,2024-10-23 13:10:00,307.57,307.69,307.57,307.69,0.04,726.68,223558.85,1
2024-10-23,2024-10-23 13:20:00,307.69,307.81,307.69,307.81,0.04,726.68,223558.85,1
2024-10-23,2024-10-23 13:30:00,307.81,307.93,307.81,307.93,0.04,726.68,223558.85,1
2024-10-23,2024-10-23 13:40:00,307.93,308.05,307.93,308.05,0.04,726.68,223558.85,1
2024-10-23,2024-10-23 13:50:00,308.05,308.17,308.05,308.17,0.04,726.68,223558.85,1
2024-10-23,2024-10-23 14:00:00,308.17,308.3,308.17,308.3,0.04,726.68,223558.85,1
2024-10-23,2024-10-23 14:10:00,308.3,308.42,308.3,308.42,0.04,726.68,223558.85,1
2024-10-23,2024-10-23 14:20:00,308.42,308.54,308.42,308.54,0.04,726.68,223558.85,1
2024-10-23,2024-10-23 14:30:00,308.54,308.66,308.54,308.66,0.04,726.68,223558.85,1
2024-10-23,2024-10-23 14:40:00,308.66,308.78,308.66,308.78,0.04,726.68,223558.85,1
2024-10-23,2024-10-23 14:50:00,308.78,308.9,308.78,308.9,0.04,726.68,223558.85,1
2024-10-23,2024-10-23 15:00:00,308.9,324.0,304.5,308.9,0.0,726.68,223558.85,0
2024-10-24,2024-10-24 11:00:00,315.0,315.0,311.31,314.58,-0.13,539.4,164523.0,-1
2024-10-24,2024-10-24 11:10:00,314.58,314.58,314.17,314.17,-0.13,539.4,164523.0,-1
2024-10-24,2024-10-24 11:20:00,314.17,314.17,313.75,313.75,-0.13,539.4,164523.0,-1
2024-10-24,2024-10-24 11:30:00,313.75,313.75,313.33,313.33,-0.13,539.4,164523.0,-1
2024-10-24,2024-10-24 11:40:00,313.33,313.33,312.92,312.92,-0.13,539.4,164523.0,-1
2024-10-24,2024-10-24 11:50:00,312.92,312.92,312.5,312.5,-0.13,539.4,164523.0,-1
2024-10-24,2024-10-24 12:00:00,312.5,312.5,312.08,312.08,-0.13,539.4,164523.0,-1
2024-10-24,2024-10-24 12:10:00,312.08,312.08,311.67,311.67,-0.13,539.4,164523.0,-1
2024-10-24,2024-10-24 12:20:00,311.67,311.67,311.25,311.25,-0.13,539.4,164523.0,-1
2024-10-24,2024-10-24 12:30:00,311.25,311.25,310.83,310.83,-0.13,539.4,164523.0,-1
2024-10-24,2024-10-24 12:40:00,310.83,310.83,310.42,310.42,-0.13,539.4,164523.0,-1
2024-10-24,2024-10-24 12:50:00,310.42,310.42,310.0,310.0,-0.14,539.4,164523.0,-1
2024-10-24,2024-10-24 13:00:00,310.0,315.0,302.7,309.58,-0.14,539.4,164523.0,-1
2024-10-24,2024-10-24 13:10:00,309.58,309.58,309.17,309.17,-0.13,539.4,164523.0,-1
2024-10-24,2024-10-24 13:20:00,309.17,309.17,308.75,308.75,-0.14,539.4,164523.0,-1
2024-10-24,2024-10-24 13:30:00,308.75,308.75,308.33,308.33,-0.14,539.4,164523.0,-1
2024-10-24,2024-10-24 13:40:00,308.33,308.33,307.92,307.92,-0.13,539.4,164523.0,-1
2024-10-24,2024-10-24 13:50:00,307.92,307.92,307.5,307.5,-0.14,539.4,164523.0,-1
2024-10-24,2024-10-24 14:00:00,307.5,307.5,307.08,307.08,-0.14,539.4,164523.0,-1
2024-10-24,2024-10-24 14:10:00,307.08,307.08,306.67,306.67,-0.13,539.4,164523.0,-1
2024-10-24,2024-10-24 14:20:00,306.67,306.67,306.25,306.25,-0.14,539.4,164523.0,-1
2024-10-24,2024-10-24 14:30:00,306.25,306.25,305.83,305.83,-0.14,539.4,164523.0,-1
2024-10-24,2024-10-24 14:40:00,305.83,305.83,305.42,305.42,-0.13,539.4,164523.0,-1
2024-10-24,2024-10-24 14:50:00,305.42,305.42,305.0,305.0,-0.14,539.4,164523.0,-1
2024-10-24,2024-10-24 15:00:00,305.0,315.0,302.7,305.0,0.0,539.4,164523.0,0
2024-10-27,2024-10-27 11:00:00,300.0,302.4,299.73,300.12,0.04,669.8,202806.5,1
2024-10-27,2024-10-27 11:10:00,300.12,300.25,300.12,300.25,0.04,669.8,202806.5,1
2024-10-27,2024-10-27 11:20:00,300.25,300.38,300.25,300.38,0.04,669.8,202806.5,1
2024-10-27,2024-10-27 11:30:00,300.38,300.5,300.38,300.5,0.04,669.8,202806.5,1
2024-10-27,2024-10-27 11:40:00,300.5,300.62,300.5,300.62,0.04,669.8,202806.5,1
2024-10-27,2024-10-27 11:50:00,300.62,300.75,300.62,300.75,0.04,669.8,202806.5,1
2024-10-27,2024-10-27 12:00:00,300.75,300.88,300.75,300.88,0.04,669.8,202806.5,1
2024-10-27,2024-10-27 12:10:00,300.88,301.0,300.88,301.0,0.04,669.8,202806.5,1
2024-10-27,2024-10-27 12:20:00,301.0,301.12,301.0,301.12,0.04,669.8,202806.5,1
2024-10-27,2024-10-27 12:30:00,301.12,301.25,301.12,301.25,0.04,669.8,202806.5,1
2024-10-27,2024-10-27 12:40:00,301.25,301.38,301.25,301.38,0.04,669.8,202806.5,1
2024-10-27,2024-10-27 12:50:00,301.38,301.5,301.38,301.5,0.04,669.8,202806.5,1
2024-10-27,2024-10-27 13:00:00,301.5,308.0,299.1,301.62,0.04,669.8,202806.5,1
2024-10-27,2024-10-27 13:10:00,301.62,301.75,301.62,301.75,0.04,669.8,202806.5,1
2024-10-27,2024-10-27 13:20:00,301.75,301.88,301.75,301.88,0.04,669.8,202806.5,1
2024-10-27,2024-10-27 13:30:00,301.88,302.0,301.88,302.0,0.04,669.8,202806.5,1
2024-10-27,2024-10-27 13:40:00,302.0,302.12,302.0,302.12,0.04,669.8,202806.5,1
2024-10-27,2024-10-27 13:50:00,302.12,302.25,302.12,302.25,0.04,669.8,202806.5,1
2024-10-27,2024-10-27 14:00:00,302.25,302.38,302.25,302.38,0.04,669.8,202806.5,1
2024-10-27,2024-10-27 14:10:00,302.38,302.5,302.38,302.5,0.04,669.8,202806.5,1
2024-10-27,2024-10-27 14:20:00,302.5,302.62,302.5,302.62,0.04,669.8,202806.5,1
2024-10-27,2024-10-27 14:30:00,302.62,302.75,302.62,302.75,0.04,669.8,202806.5,1
2024-10-27,2024-10-27 14:40:00,302.75,302.88,302.75,302.88,0.04,669.8,202806.5,1
2024-10-27,2024-10-27 14:50:00,302.88,303.0,302.88,303.0,0.04,669.8,202806.5,1
2024-10-27,2024-10-27 15:00:00,303.0,308.0,299.1,303.0,0.0,669.8,202806.5,0
2024-10-28,2024-10-28 11:00:00,301.7,304.19,301.7,302.0,0.1,576.68,177020.52,1
2024-10-28,2024-10-28 11:10:00,302.0,302.31,302.0,302.31,0.1,576.68,177020.52,1
2024-10-28,2024-10-28 11:20:00,302.31,302.61,302.31,302.61,0.1,576.68,177020.52,1
2024-10-28,2024-10-28 11:30:00,302.61,302.92,302.61,302.92,0.1,576.68,177020.52,1
2024-10-28,2024-10-28 11:40:00,302.92,303.22,302.92,303.22,0.1,576.68,177020.52,1
2024-10-28,2024-10-28 11:50:00,303.22,303.52,303.22,303.52,0.1,576.68,177020.52,1
2024-10-28,2024-10-28 12:00:00,303.52,303.83,303.52,303.83,0.1,576.68,177020.52,1
2024-10-28,2024-10-28 12:10:00,303.83,304.13,303.83,304.13,0.1,576.68,177020.52,1
2024-10-28,2024-10-28 12:20:00,304.13,304.44,304.13,304.44,0.1,576.68,177020.52,1
2024-10-28,2024-10-28 12:30:00,304.44,304.74,304.44,304.74,0.1,576.68,177020.52,1
2024-10-28,2024-10-28 12:40:00,304.74,305.05,304.74,305.05,0.1,576.68,177020.52,1
2024-10-28,2024-10-28 12:50:00,305.05,305.35,305.05,305.35,0.1,576.68,177020.52,1
2024-10-28,2024-10-28 13:00:00,305.35,310.0,301.7,305.65,0.1,576.68,177020.52,1
2024-10-28,2024-10-28 13:10:00,305.65,305.96,305.65,305.96,0.1,576.68,177020.52,1
2024-10-28,2024-10-28 13:20:00,305.96,306.26,305.96,306.26,0.1,576.68,177020.52,1
2024-10-28,2024-10-28 13:30:00,306.26,306.57,306.26,306.57,0.1,576.68,177020.52,1
2024-10-28,2024-10-28 13:40:00,306.57,306.87,306.57,306.87,0.1,576.68,177020.52,1
2024-10-28,2024-10-28 13:50:00,306.87,307.18,306.87,307.18,0.1,576.68,177020.52,1
2024-10-28,2024-10-28 14:00:00,307.18,307.48,307.18,307.48,0.1,576.68,177020.52,1
2024-10-28,2024-10-28 14:10:00,307.48,307.78,307.48,307.78,0.1,576.68,177020.52,1
2024-10-28,2024-10-28 14:20:00,307.78,308.09,307.78,308.09,0.1,576.68,177020.52,1
2024-10-28,2024-10-28 14:30:00,308.09,308.39,308.09,308.39,0.1,576.68,177020.52,1
2024-10-28,2024-10-28 14:40:00,308.39,308.7,308.39,308.7,0.1,576.68,177020.52,1
2024-10-28,2024-10-28 14:50:00,308.7,309.0,308.7,309.0,0.1,576.68,177020.52,1
2024-10-28,2024-10-28 15:00:00,309.0,310.0,301.7,309.0,0.0,576.68,177020.52,0
2024-10-29,2024-10-29 11:00:00,314.0,314.9,312.14,314.08,0.03,1071.92,335978.63,1
2024-10-29,2024-10-29 11:10:00,314.08,314.17,314.08,314.17,0.03,1071.92,335978.63,1
2024-10-29,2024-10-29 11:20:00,314.17,314.25,314.17,314.25,0.03,1071.92,335978.63,1
2024-10-29,2024-10-29 11:30:00,314.25,314.33,314.25,314.33,0.03,1071.92,335978.63,1
2024-10-29,2024-10-29 11:40:00,314.33,314.42,314.33,314.42,0.03,1071.92,335978.63,1
2024-10-29,2024-10-29 11:50:00,314.42,314.5,314.42,314.5,0.03,1071.92,335978.63,1
2024-10-29,2024-10-29 12:00:00,314.5,314.58,314.5,314.58,0.03,1071.92,335978.63,1
2024-10-29,2024-10-29 12:10:00,314.58,314.67,314.58,314.67,0.03,1071.92,335978.63,1
2024-10-29,2024-10-29 12:20:00,314.67,314.75,314.67,314.75,0.03,1071.92,335978.63,1
2024-10-29,2024-10-29 12:30:00,314.75,314.83,314.75,314.83,0.03,1071.92,335978.63,1
2024-10-29,2024-10-29 12:40:00,314.83,314.92,314.83,314.92,0.03,1071.92,335978.63,1
2024-10-29,2024-10-29 12:50:00,314.92,315.0,314.92,315.0,0.03,1071.92,335978.63,1
2024-10-29,2024-10-29 13:00:00,315.0,317.0,307.8,315.08,0.03,1071.92,335978.63,1
2024-10-29,2024-10-29 13:10:00,315.08,315.17,315.08,315.17,0.03,1071.92,335978.63,1
2024-10-29,2024-10-29 13:20:00,315.17,315.25,315.17,315.25,0.03,1071.92,335978.63,1
2024-10-29,2024-10-29 13:30:00,315.25,315.33,315.25,315.33,0.03,1071.92,335978.63,1
2024-10-29,2024-10-29 13:40:00,315.33,315.42,315.33,315.42,0.03,1071.92,335978.63,1
2024-10-29,2024-10-29 13:50:00,315.42,315.5,315.42,315.5,0.03,1071.92,335978.63,1
2024-10-29,2024-10-29 14:00:00,315.5,315.58,315.5,315.58,0.03,1071.92,335978.63,1
2024-10-29,2024-10-29 14:10:00,315.58,315.67,315.58,315.67,0.03,1071.92,335978.63,1
2024-10-29,2024-10-29 14:20:00,315.67,315.75,315.67,315.75,0.03,1071.92,335978.63,1
2024-10-29,2024-10-29 14:30:00,315.75,315.83,315.75,315.83,0.03,1071.92,335978.63,1
2024-10-29,2024-10-29 14:40:00,315.83,315.92,315.83,315.92,0.03,1071.92,335978.63,1
2024-10-29,2024-10-29 14:50:00,315.92,316.0,315.92,316.0,0.03,1071.92,335978.63,1
2024-10-29,2024-10-29 15:00:00,316.0,317.0,307.8,316.0,0.0,1071.92,335978.63,0
2024-10-30,2024-10-30 11:00:00,309.7,313.36,307.9,309.92,0.07,538.12,167410.75,1
2024-10-30,2024-10-30 11:10:00,309.92,310.14,309.92,310.14,0.07,538.12,167410.75,1
2024-10-30,2024-10-30 11:20:00,310.14,310.36,310.14,310.36,0.07,538.12,167410.75,1
2024-10-30,2024-10-30 11:30:00,310.36,310.58,310.36,310.58,0.07,538.12,167410.75,1
2024-10-30,2024-10-30 11:40:00,310.58,310.8,310.58,310.8,0.07,538.12,167410.75,1
2024-10-30,2024-10-30 11:50:00,310.8,311.02,310.8,311.02,0.07,538.12,167410.75,1
2024-10-30,2024-10-30 12:00:00,311.02,311.25,311.02,311.25,0.07,538.12,167410.75,1
2024-10-30,2024-10-30 12:10:00,311.25,311.47,311.25,311.47,0.07,538.12,167410.75,1
2024-10-30,2024-10-30 12:20:00,311.47,311.69,311.47,311.69,0.07,538.12,167410.75,1
2024-10-30,2024-10-30 12:30:00,311.69,311.91,311.69,311.91,0.07,538.12,167410.75,1
2024-10-30,2024-10-30 12:40:00,311.91,312.13,311.91,312.13,0.07,538.12,167410.75,1
2024-10-30,2024-10-30 12:50:00,312.13,312.35,312.13,312.35,0.07,538.12,167410.75,1
2024-10-30,2024-10-30 13:00:00,312.35,321.9,303.7,312.57,0.07,538.12,167410.75,1
2024-10-30,2024-10-30 13:10:00,312.57,312.79,312.57,312.79,0.07,538.12,167410.75,1
2024-10-30,2024-10-30 13:20:00,312.79,313.01,312.79,313.01,0.07,538.12,167410.75,1
2024-10-30,2024-10-30 13:30:00,313.01,313.23,313.01,313.23,0.07,538.12,167410.75,1
2024-10-30,2024-10-30 13:40:00,313.23,313.45,313.23,313.45,0.07,538.12,167410.75,1
2024-10-30,2024-10-30 13:50:00,313.45,313.68,313.45,313.68,0.07,538.12,167410.75,1
2024-10-30,2024-10-30 14:00:00,313.68,313.9,313.68,313.9,0.07,538.12,167410.75,1
2024-10-30,2024-10-30 14:10:00,313.9,314.12,313.9,314.12,0.07,538.12,167410.75,1
2024-10-30,2024-10-30 14:20:00,314.12,314.34,314.12,314.34,0.07,538.12,167410.75,1
2024-10-30,2024-10-30 14:30:00,314.34,314.56,314.34,314.56,0.07,538.12,167410.75,1
2024-10-30,2024-10-30 14:40:00,314.56,314.78,314.56,314.78,0.07,538.12,167410.75,1
2024-10-30,2024-10-30 14:50:00,314.78,315.0,314.78,315.0,0.07,538.12,167410.75,1
2024-10-30,2024-10-30 15:00:00,315.0,321.9,303.7,315.0,0.0,538.12,167410.75,0
2024-11-05,2024-11-05 11:00:00,308.7,311.49,308.7,308.88,0.06,605.48,190263.16,1
2024-11-05,2024-11-05 11:10:00,308.88,309.06,308.88,309.06,0.06,605.48,190263.16,1
2024-11-05,2024-11-05 11:20:00,309.06,309.24,309.06,309.24,0.06,605.48,190263.16,1
2024-11-05,2024-11-05 11:30:00,309.24,309.42,309.24,309.42,0.06,605.48,190263.16,1
2024-11-05,2024-11-05 11:40:00,309.42,309.6,309.42,309.6,0.06,605.48,190263.16,1
2024-11-05,2024-11-05 11:50:00,309.6,309.77,309.6,309.77,0.05,605.48,190263.16,1
2024-11-05,2024-11-05 12:00:00,309.77,309.95,309.77,309.95,0.06,605.48,190263.16,1
2024-11-05,2024-11-05 12:10:00,309.95,310.13,309.95,310.13,0.06,605.48,190263.16,1
2024-11-05,2024-11-05 12:20:00,310.13,310.31,310.13,310.31,0.06,605.48,190263.16,1
2024-11-05,2024-11-05 12:30:00,310.31,310.49,310.31,310.49,0.06,605.48,190263.16,1
2024-11-05,2024-11-05 12:40:00,310.49,310.67,310.49,310.67,0.06,605.48,190263.16,1
2024-11-05,2024-11-05 12:50:00,310.67,310.85,310.67,310.85,0.06,605.48,190263.16,1
2024-11-05,2024-11-05 13:00:00,310.85,318.0,308.7,311.03,0.06,605.48,190263.16,1
2024-11-05,2024-11-05 13:10:00,311.03,311.21,311.03,311.21,0.06,605.48,190263.16,1
2024-11-05,2024-11-05 13:20:00,311.21,311.39,311.21,311.39,0.06,605.48,190263.16,1
2024-11-05,2024-11-05 13:30:00,311.39,311.57,311.39,311.57,0.06,605.48,190263.16,1
2024-11-05,2024-11-05 13:40:00,311.57,311.75,311.57,311.75,0.06,605.48,190263.16,1
2024-11-05,2024-11-05 13:50:00,311.75,311.93,311.75,311.93,0.06,605.48,190263.16,1
2024-11-05,2024-11-05 14:00:00,311.93,312.1,311.93,312.1,0.05,605.48,190263.16,1
2024-11-05,2024-11-05 14:10:00,312.1,312.28,312.1,312.28,0.06,605.48,190263.16,1
2024-11-05,2024-11-05 14:20:00,312.28,312.46,312.28,312.46,0.06,605.48,190263.16,1
2024-11-05,2024-11-05 14:30:00,312.46,312.64,312.46,312.64,0.06,605.48,190263.16,1
2024-11-05,2024-11-05 14:40:00,312.64,312.82,312.64,312.82,0.06,605.48,190263.16,1
2024-11-05,2024-11-05 14:50:00,312.82,313.0,312.82,313.0,0.06,605.48,190263.16,1
2024-11-05,2024-11-05 15:00:00,313.0,318.0,308.7,313.0,0.0,605.48,190263.16,0
2024-11-06,2024-11-06 11:00:00,308.0,310.7,308.0,308.08,0.03,586.56,183078.18,1
2024-11-06,2024-11-06 11:10:00,308.08,308.17,308.08,308.17,0.03,586.56,183078.18,1
2024-11-06,2024-11-06 11:20:00,308.17,308.25,308.17,308.25,0.03,586.56,183078.18,1
2024-11-06,2024-11-06 11:30:00,308.25,308.33,308.25,308.33,0.03,586.56,183078.18,1
2024-11-06,2024-11-06 11:40:00,308.33,308.42,308.33,308.42,0.03,586.56,183078.18,1
2024-11-06,2024-11-06 11:50:00,308.42,308.5,308.42,308.5,0.03,586.56,183078.18,1
2024-11-06,2024-11-06 12:00:00,308.5,308.58,308.5,308.58,0.03,586.56,183078.18,1
2024-11-06,2024-11-06 12:10:00,308.58,308.67,308.58,308.67,0.03,586.56,183078.18,1
2024-11-06,2024-11-06 12:20:00,308.67,308.75,308.67,308.75,0.03,586.56,183078.18,1
2024-11-06,2024-11-06 12:30:00,308.75,308.83,308.75,308.83,0.03,586.56,183078.18,1
2024-11-06,2024-11-06 12:40:00,308.83,308.92,308.83,308.92,0.03,586.56,183078.18,1
2024-11-06,2024-11-06 12:50:00,308.92,309.0,308.92,309.0,0.03,586.56,183078.18,1
2024-11-06,2024-11-06 13:00:00,309.0,317.0,308.0,309.08,0.03,586.56,183078.18,1
2024-11-06,2024-11-06 13:10:00,309.08,309.17,309.08,309.17,0.03,586.56,183078.18,1
2024-11-06,2024-11-06 13:20:00,309.17,309.25,309.17,309.25,0.03,586.56,183078.18,1
2024-11-06,2024-11-06 13:30:00,309.25,309.33,309.25,309.33,0.03,586.56,183078.18,1
2024-11-06,2024-11-06 13:40:00,309.33,309.42,309.33,309.42,0.03,586.56,183078.18,1
2024-11-06,2024-11-06 13:50:00,309.42,309.5,309.42,309.5,0.03,586.56,183078.18,1
2024-11-06,2024-11-06 14:00:00,309.5,309.58,309.5,309.58,0.03,586.56,183078.18,1
2024-11-06,2024-11-06 14:10:00,309.58,309.67,309.58,309.67,0.03,586.56,183078.18,1
2024-11-06,2024-11-06 14:20:00,309.67,309.75,309.67,309.75,0.03,586.56,183078.18,1
2024-11-06,2024-11-06 14:30:00,309.75,309.83,309.75,309.83,0.03,586.56,183078.18,1
2024-11-06,2024-11-06 14:40:00,309.83,309.92,309.83,309.92,0.03,586.56,183078.18,1
2024-11-06,2024-11-06 14:50:00,309.92,310.0,309.92,310.0,0.03,586.56,183078.18,1
2024-11-06,2024-11-06 15:00:00,310.0,317.0,308.0,310.0,0.0,586.56,183078.18,0
2024-11-10,2024-11-10 11:00:00,314.0,318.47,312.53,314.46,0.15,1765.84,566473.62,1
2024-11-10,2024-11-10 11:10:00,314.46,314.92,314.46,314.92,0.15,1765.84,566473.62,1
2024-11-10,2024-11-10 11:20:00,314.92,315.38,314.92,315.38,0.15,1765.84,566473.62,1
2024-11-10,2024-11-10 11:30:00,315.38,315.83,315.38,315.83,0.14,1765.84,566473.62,1
2024-11-10,2024-11-10 11:40:00,315.83,316.29,315.83,316.29,0.15,1765.84,566473.62,1
2024-11-10,2024-11-10 11:50:00,316.29,316.75,316.29,316.75,0.15,1765.84,566473.62,1
2024-11-10,2024-11-10 12:00:00,316.75,317.21,316.75,317.21,0.15,1765.84,566473.62,1
2024-11-10,2024-11-10 12:10:00,317.21,317.67,317.21,317.67,0.15,1765.84,566473.62,1
2024-11-10,2024-11-10 12:20:00,317.67,318.12,317.67,318.12,0.14,1765.84,566473.62,1
2024-11-10,2024-11-10 12:30:00,318.12,318.58,318.12,318.58,0.14,1765.84,566473.62,1
2024-11-10,2024-11-10 12:40:00,318.58,319.04,318.58,319.04,0.14,1765.84,566473.62,1
2024-11-10,2024-11-10 12:50:00,319.04,319.5,319.04,319.5,0.14,1765.84,566473.62,1
2024-11-10,2024-11-10 13:00:00,319.5,328.9,309.1,319.96,0.14,1765.84,566473.62,1
2024-11-10,2024-11-10 13:10:00,319.96,320.42,319.96,320.42,0.14,1765.84,566473.62,1
2024-11-10,2024-11-10 13:20:00,320.42,320.88,320.42,320.88,0.14,1765.84,566473.62,1
2024-11-10,2024-11-10 13:30:00,320.88,321.33,320.88,321.33,0.14,1765.84,566473.62,1
2024-11-10,2024-11-10 13:40:00,321.33,321.79,321.33,321.79,0.14,1765.84,566473.62,1
2024-11-10,2024-11-10 13:50:00,321.79,322.25,321.79,322.25,0.14,1765.84,566473.62,1
2024-11-10,2024-11-10 14:00:00,322.25,322.71,322.25,322.71,0.14,1765.84,566473.62,1
2024-11-10,2024-11-10 14:10:00,322.71,323.17,322.71,323.17,0.14,1765.84,566473.62,1
2024-11-10,2024-11-10 14:20:00,323.17,323.62,323.17,323.62,0.14,1765.84,566473.62,1
2024-11-10,2024-11-10 14:30:00,323.62,324.08,323.62,324.08,0.14,1765.84,566473.62,1
2024-11-10,2024-11-10 14:40:00,324.08,324.54,324.08,324.54,0.14,1765.84,566473.62,1
2024-11-10,2024-11-10 14:50:00,324.54,325.0,324.54,325.0,0.14,1765.84,566473.62,1
2024-11-10,2024-11-10 15:00:00,325.0,328.9,309.1,325.0,0.0,1765.84,566473.62,0
2024-11-11,2024-11-11 11:00:00,330.0,333.6,327.0,330.33,0.1,4500.04,1510105.1,1
2024-11-11,2024-11-11 11:10:00,330.33,330.67,330.33,330.67,0.1,4500.04,1510105.1,1
2024-11-11,2024-11-11 11:20:00,330.67,331.0,330.67,331.0,0.1,4500.04,1510105.1,1
2024-11-11,2024-11-11 11:30:00,331.0,331.33,331.0,331.33,0.1,4500.04,1510105.1,1
2024-11-11,2024-11-11 11:40:00,331.33,331.67,331.33,331.67,0.1,4500.04,1510105.1,1
2024-11-11,2024-11-11 11:50:00,331.67,332.0,331.67,332.0,0.1,4500.04,1510105.1,1
2024-11-11,2024-11-11 12:00:00,332.0,332.33,332.0,332.33,0.1,4500.04,1510105.1,1
2024-11-11,2024-11-11 12:10:00,332.33,332.67,332.33,332.67,0.1,4500.04,1510105.1,1
2024-11-11,2024-11-11 12:20:00,332.67,333.0,332.67,333.0,0.1,4500.04,1510105.1,1
2024-11-11,2024-11-11 12:30:00,333.0,333.33,333.0,333.33,0.1,4500.04,1510105.1,1
2024-11-11,2024-11-11 12:40:00,333.33,333.67,333.33,333.67,0.1,4500.04,1510105.1,1
2024-11-11,2024-11-11 12:50:00,333.67,334.0,333.67,334.0,0.1,4500.04,1510105.1,1
2024-11-11,2024-11-11 13:00:00,334.0,342.0,320.0,334.33,0.1,4500.04,1510105.1,1
2024-11-11,2024-11-11 13:10:00,334.33,334.67,334.33,334.67,0.1,4500.04,1510105.1,1
2024-11-11,2024-11-11 13:20:00,334.67,335.0,334.67,335.0,0.1,4500.04,1510105.1,1
2024-11-11,2024-11-11 13:30:00,335.0,335.33,335.0,335.33,0.1,4500.04,1510105.1,1
2024-11-11,2024-11-11 13:40:00,335.33,335.67,335.33,335.67,0.1,4500.04,1510105.1,1
2024-11-11,2024-11-11 13:50:00,335.67,336.0,335.67,336.0,0.1,4500.04,1510105.1,1
2024-11-11,2024-11-11 14:00:00,336.0,336.33,336.0,336.33,0.1,4500.04,1510105.1,1
2024-11-11,2024-11-11 14:10:00,336.33,336.67,336.33,336.67,0.1,4500.04,1510105.1,1
2024-11-11,2024-11-11 14:20:00,336.67,337.0,336.67,337.0,0.1,4500.04,1510105.1,1
2024-11-11,2024-11-11 14:30:00,337.0,337.33,337.0,337.33,0.1,4500.04,1510105.1,1
2024-11-11,2024-11-11 14:40:00,337.33,337.67,337.33,337.67,0.1,4500.04,1510105.1,1
2024-11-11,2024-11-11 14:50:00,337.67,338.0,337.67,338.0,0.1,4500.04,1510105.1,1
2024-11-11,2024-11-11 15:00:00,338.0,342.0,320.0,338.0,0.0,4500.04,1510105.1,0
2024-11-12,2024-11-12 11:00:00,344.0,344.0,338.06,343.62,-0.11,955.92,318072.49,-1
2024-11-12,2024-11-12 11:10:00,343.62,343.62,343.25,343.25,-0.11,955.92,318072.49,-1
2024-11-12,2024-11-12 11:20:00,343.25,343.25,342.88,342.88,-0.11,955.92,318072.49,-1
2024-11-12,2024-11-12 11:30:00,342.88,342.88,342.5,342.5,-0.11,955.92,318072.49,-1
2024-11-12,2024-11-12 11:40:00,342.5,342.5,342.12,342.12,-0.11,955.92,318072.49,-1
2024-11-12,2024-11-12 11:50:00,342.12,342.12,341.75,341.75,-0.11,955.92,318072.49,-1
2024-11-12,2024-11-12 12:00:00,341.75,341.75,341.38,341.38,-0.11,955.92,318072.49,-1
2024-11-12,2024-11-12 12:10:00,341.38,341.38,341.0,341.0,-0.11,955.92,318072.49,-1
2024-11-12,2024-11-12 12:20:00,341.0,341.0,340.62,340.62,-0.11,955.92,318072.49,-1
2024-11-12,2024-11-12 12:30:00,340.62,340.62,340.25,340.25,-0.11,955.92,318072.49,-1
2024-11-12,2024-11-12 12:40:00,340.25,340.25,339.88,339.88,-0.11,955.92,318072.49,-1
2024-11-12,2024-11-12 12:50:00,339.88,339.88,339.5,339.5,-0.11,955.92,318072.49,-1
2024-11-12,2024-11-12 13:00:00,339.5,344.0,324.2,339.12,-0.11,955.92,318072.49,-1
2024-11-12,2024-11-12 13:10:00,339.12,339.12,338.75,338.75,-0.11,955.92,318072.49,-1
2024-11-12,2024-11-12 13:20:00,338.75,338.75,338.38,338.38,-0.11,955.92,318072.49,-1
2024-11-12,2024-11-12 13:30:00,338.38,338.38,338.0,338.0,-0.11,955.92,318072.49,-1
2024-11-12,2024-11-12 13:40:00,338.0,338.0,337.62,337.62,-0.11,955.92,318072.49,-1
2024-11-12,2024-11-12 13:50:00,337.62,337.62,337.25,337.25,-0.11,955.92,318072.49,-1
2024-11-12,2024-11-12 14:00:00,337.25,337.25,336.88,336.88,-0.11,955.92,318072.49,-1
2024-11-12,2024-11-12 14:10:00,336.88,336.88,336.5,336.5,-0.11,955.92,318072.49,-1
2024-11-12,2024-11-12 14:20:00,336.5,336.5,336.12,336.12,-0.11,955.92,318072.49,-1
2024-11-12,2024-11-12 14:30:00,336.12,336.12,335.75,335.75,-0.11,955.92,318072.49,-1
2024-11-12,2024-11-12 14:40:00,335.75,335.75,335.38,335.38,-0.11,955.92,318072.49,-1
2024-11-12,2024-11-12 14:50:00,335.38,335.38,335.0,335.0,-0.11,955.92,318072.49,-1
2024-11-12,2024-11-12 15:00:00,335.0,344.0,324.2,335.0,0.0,955.92,318072.49,0
2024-11-13,2024-11-13 11:00:00,329.0,330.8,327.08,329.25,0.08,1538.16,504602.96,1
2024-11-13,2024-11-13 11:10:00,329.25,329.5,329.25,329.5,0.08,1538.16,504602.96,1
2024-11-13,2024-11-13 11:20:00,329.5,329.75,329.5,329.75,0.08,1538.16,504602.96,1
2024-11-13,2024-11-13 11:30:00,329.75,330.0,329.75,330.0,0.08,1538.16,504602.96,1
2024-11-13,2024-11-13 11:40:00,330.0,330.25,330.0,330.25,0.08,1538.16,504602.96,1
2024-11-13,2024-11-13 11:50:00,330.25,330.5,330.25,330.5,0.08,1538.16,504602.96,1
2024-11-13,2024-11-13 12:00:00,330.5,330.75,330.5,330.75,0.08,1538.16,504602.96,1
2024-11-13,2024-11-13 12:10:00,330.75,331.0,330.75,331.0,0.08,1538.16,504602.96,1
2024-11-13,2024-11-13 12:20:00,331.0,331.25,331.0,331.25,0.08,1538.16,504602.96,1
2024-11-13,2024-11-13 12:30:00,331.25,331.5,331.25,331.5,0.08,1538.16,504602.96,1
2024-11-13,2024-11-13 12:40:00,331.5,331.75,331.5,331.75,0.08,1538.16,504602.96,1
2024-11-13,2024-11-13 12:50:00,331.75,332.0,331.75,332.0,0.08,1538.16,504602.96,1
2024-11-13,2024-11-13 13:00:00,332.0,335.0,322.6,332.25,0.08,1538.16,504602.96,1
2024-11-13,2024-11-13 13:10:00,332.25,332.5,332.25,332.5,0.08,1538.16,504602.96,1
2024-11-13,2024-11-13 13:20:00,332.5,332.75,332.5,332.75,0.08,1538.16,504602.96,1
2024-11-13,2024-11-13 13:30:00,332.75,333.0,332.75,333.0,0.08,1538.16,504602.96,1
2024-11-13,2024-11-13 13:40:00,333.0,333.25,333.0,333.25,0.08,1538.16,504602.96,1
2024-11-13,2024-11-13 13:50:00,333.25,333.5,333.25,333.5,0.08,1538.16,504602.96,1
2024-11-13,2024-11-13 14:00:00,333.5,333.75,333.5,333.75,0.07,1538.16,504602.96,1
2024-11-13,2024-11-13 14:10:00,333.75,334.0,333.75,334.0,0.07,1538.16,504602.96,1
2024-11-13,2024-11-13 14:20:00,334.0,334.25,334.0,334.25,0.07,1538.16,504602.96,1
2024-11-13,2024-11-13 14:30:00,334.25,334.5,334.25,334.5,0.07,1538.16,504602.96,1
2024-11-13,2024-11-13 14:40:00,334.5,334.75,334.5,334.75,0.07,1538.16,504602.96,1
2024-11-13,2024-11-13 14:50:00,334.75,335.0,334.75,335.0,0.07,1538.16,504602.96,1
2024-11-13,2024-11-13 15:00:00,335.0,335.0,322.6,335.0,0.0,1538.16,504602.96,0
2024-11-14,2024-11-14 11:00:00,338.9,340.73,334.16,338.87,-0.01,2552.0,858681.31,-1
2024-11-14,2024-11-14 11:10:00,338.87,338.87,338.84,338.84,-0.01,2552.0,858681.31,-1
2024-11-14,2024-11-14 11:20:00,338.84,338.84,338.81,338.81,-0.01,2552.0,858681.31,-1
2024-11-14,2024-11-14 11:30:00,338.81,338.81,338.78,338.78,-0.01,2552.0,858681.31,-1
2024-11-14,2024-11-14 11:40:00,338.78,338.78,338.75,338.75,-0.01,2552.0,858681.31,-1
2024-11-14,2024-11-14 11:50:00,338.75,338.75,338.72,338.72,-0.01,2552.0,858681.31,-1
2024-11-14,2024-11-14 12:00:00,338.72,338.72,338.7,338.7,-0.01,2552.0,858681.31,-1
2024-11-14,2024-11-14 12:10:00,338.7,338.7,338.67,338.67,-0.01,2552.0,858681.31,-1
2024-11-14,2024-11-14 12:20:00,338.67,338.67,338.64,338.64,-0.01,2552.0,858681.31,-1
2024-11-14,2024-11-14 12:30:00,338.64,338.64,338.61,338.61,-0.01,2552.0,858681.31,-1
2024-11-14,2024-11-14 12:40:00,338.61,338.61,338.58,338.58,-0.01,2552.0,858681.31,-1
2024-11-14,2024-11-14 12:50:00,338.58,338.58,338.55,338.55,-0.01,2552.0,858681.31,-1
2024-11-14,2024-11-14 13:00:00,338.55,345.0,323.1,338.52,-0.01,2552.0,858681.31,-1
2024-11-14,2024-11-14 13:10:00,338.52,338.52,338.49,338.49,-0.01,2552.0,858681.31,-1
2024-11-14,2024-11-14 13:20:00,338.49,338.49,338.46,338.46,-0.01,2552.0,858681.31,-1
2024-11-14,2024-11-14 13:30:00,338.46,338.46,338.43,338.43,-0.01,2552.0,858681.31,-1
2024-11-14,2024-11-14 13:40:00,338.43,338.43,338.4,338.4,-0.01,2552.0,858681.31,-1
2024-11-14,2024-11-14 13:50:00,338.4,338.4,338.38,338.38,-0.01,2552.0,858681.31,-1
2024-11-14,2024-11-14 14:00:00,338.38,338.38,338.35,338.35,-0.01,2552.0,858681.31,-1
2024-11-14,2024-11-14 14:10:00,338.35,338.35,338.32,338.32,-0.01,2552.0,858681.31,-1
2024-11-14,2024-11-14 14:20:00,338.32,338.32,338.29,338.29,-0.01,2552.0,858681.31,-1
2024-11-14,2024-11-14 14:30:00,338.29,338.29,338.26,338.26,-0.01,2552.0,858681.31,-1
2024-11-14,2024-11-14 14:40:00,338.26,338.26,338.23,338.23,-0.01,2552.0,858681.31,-1
2024-11-14,2024-11-14 14:50:00,338.23,338.23,338.2,338.2,-0.01,2552.0,858681.31,-1
2024-11-14,2024-11-14 15:00:00,338.2,345.0,323.1,338.2,0.0,2552.0,858681.31,0
2024-11-17,2024-11-17 11:00:00,343.7,348.59,343.22,343.71,0.0,5287.12,1855607.48,1
2024-11-17,2024-11-17 11:10:00,343.71,343.72,343.71,343.72,0.0,5287.12,1855607.48,1
2024-11-17,2024-11-17 11:20:00,343.72,343.74,343.72,343.74,0.01,5287.12,1855607.48,1
2024-11-17,2024-11-17 11:30:00,343.74,343.75,343.74,343.75,0.0,5287.12,1855607.48,1
2024-11-17,2024-11-17 11:40:00,343.75,343.76,343.75,343.76,0.0,5287.12,1855607.48,1
2024-11-17,2024-11-17 11:50:00,343.76,343.77,343.76,343.77,0.0,5287.12,1855607.48,1
2024-11-17,2024-11-17 12:00:00,343.77,343.79,343.77,343.79,0.01,5287.12,1855607.48,1
2024-11-17,2024-11-17 12:10:00,343.79,343.8,343.79,343.8,0.0,5287.12,1855607.48,1
2024-11-17,2024-11-17 12:20:00,343.8,343.81,343.8,343.81,0.0,5287.12,1855607.48,1
2024-11-17,2024-11-17 12:30:00,343.81,343.82,343.81,343.82,0.0,5287.12,1855607.48,1
2024-11-17,2024-11-17 12:40:00,343.82,343.84,343.82,343.84,0.01,5287.12,1855607.48,1
2024-11-17,2024-11-17 12:50:00,343.84,343.85,343.84,343.85,0.0,5287.12,1855607.48,1
2024-11-17,2024-11-17 13:00:00,343.85,360.0,342.1,343.86,0.0,5287.12,1855607.48,1
2024-11-17,2024-11-17 13:10:00,343.86,343.88,343.86,343.88,0.01,5287.12,1855607.48,1
2024-11-17,2024-11-17 13:20:00,343.88,343.89,343.88,343.89,0.0,5287.12,1855607.48,1
2024-11-17,2024-11-17 13:30:00,343.89,343.9,343.89,343.9,0.0,5287.12,1855607.48,1
2024-11-17,2024-11-17 13:40:00,343.9,343.91,343.9,343.91,0.0,5287.12,1855607.48,1
2024-11-17,2024-11-17 13:50:00,343.91,343.93,343.91,343.93,0.01,5287.12,1855607.48,1
2024-11-17,2024-11-17 14:00:00,343.93,343.94,343.93,343.94,0.0,5287.12,1855607.48,1
2024-11-17,2024-11-17 14:10:00,343.94,343.95,343.94,343.95,0.0,5287.12,1855607.48,1
2024-11-17,2024-11-17 14:20:00,343.95,343.96,343.95,343.96,0.0,5287.12,1855607.48,1
2024-11-17,2024-11-17 14:30:00,343.96,343.98,343.96,343.98,0.01,5287.12,1855607.48,1
2024-11-17,2024-11-17 14:40:00,343.98,343.99,343.98,343.99,0.0,5287.12,1855607.48,1
2024-11-17,2024-11-17 14:50:00,343.99,344.0,343.99,344.0,0.0,5287.12,1855607.48,1
2024-11-17,2024-11-17 15:00:00,344.0,360.0,342.1,344.0,0.0,5287.12,1855607.48,0
2024-11-19,2024-11-19 11:00:00,350.8,350.8,343.84,349.91,-0.25,2635.48,879752.6,-1
2024-11-19,2024-11-19 11:10:00,349.91,349.91,349.02,349.02,-0.25,2635.48,879752.6,-1
2024-11-19,2024-11-19 11:20:00,349.02,349.02,348.12,348.12,-0.26,2635.48,879752.6,-1
2024-11-19,2024-11-19 11:30:00,348.12,348.12,347.23,347.23,-0.26,2635.48,879752.6,-1
2024-11-19,2024-11-19 11:40:00,347.23,347.23,346.34,346.34,-0.26,2635.48,879752.6,-1
2024-11-19,2024-11-19 11:50:00,346.34,346.34,345.45,345.45,-0.26,2635.48,879752.6,-1
2024-11-19,2024-11-19 12:00:00,345.45,345.45,344.56,344.56,-0.26,2635.48,879752.6,-1
2024-11-19,2024-11-19 12:10:00,344.56,344.56,343.67,343.67,-0.26,2635.48,879752.6,-1
2024-11-19,2024-11-19 12:20:00,343.67,343.67,342.77,342.77,-0.26,2635.48,879752.6,-1
2024-11-19,2024-11-19 12:30:00,342.77,342.77,341.88,341.88,-0.26,2635.48,879752.6,-1
2024-11-19,2024-11-19 12:40:00,341.88,341.88,340.99,340.99,-0.26,2635.48,879752.6,-1
2024-11-19,2024-11-19 12:50:00,340.99,340.99,340.1,340.1,-0.26,2635.48,879752.6,-1
2024-11-19,2024-11-19 13:00:00,340.1,350.8,327.6,339.21,-0.26,2635.48,879752.6,-1
2024-11-19,2024-11-19 13:10:00,339.21,339.21,338.32,338.32,-0.26,2635.48,879752.6,-1
2024-11-19,2024-11-19 13:20:00,338.32,338.32,337.43,337.43,-0.26,2635.48,879752.6,-1
2024-11-19,2024-11-19 13:30:00,337.43,337.43,336.53,336.53,-0.27,2635.48,879752.6,-1
2024-11-19,2024-11-19 13:40:00,336.53,336.53,335.64,335.64,-0.26,2635.48,879752.6,-1
2024-11-19,2024-11-19 13:50:00,335.64,335.64,334.75,334.75,-0.27,2635.48,879752.6,-1
2024-11-19,2024-11-19 14:00:00,334.75,334.75,333.86,333.86,-0.27,2635.48,879752.6,-1
2024-11-19,2024-11-19 14:10:00,333.86,333.86,332.97,332.97,-0.27,2635.48,879752.6,-1
2024-11-19,2024-11-19 14:20:00,332.97,332.97,332.07,332.07,-0.27,2635.48,879752.6,-1
2024-11-19,2024-11-19 14:30:00,332.07,332.07,331.18,331.18,-0.27,2635.48,879752.6,-1
2024-11-19,2024-11-19 14:40:00,331.18,331.18,330.29,330.29,-0.27,2635.48,879752.6,-1
2024-11-19,2024-11-19 14:50:00,330.29,330.29,329.4,329.4,-0.27,2635.48,879752.6,-1
2024-11-19,2024-11-19 15:00:00,329.4,350.8,327.6,329.4,0.0,2635.48,879752.6,0
2024-11-20,2024-11-20 11:00:00,322.9,328.03,322.39,323.53,0.2,2390.0,798938.04,1
2024-11-20,2024-11-20 11:10:00,323.53,324.16,323.53,324.16,0.19,2390.0,798938.04,1
2024-11-20,2024-11-20 11:20:00,324.16,324.79,324.16,324.79,0.19,2390.0,798938.04,1
2024-11-20,2024-11-20 11:30:00,324.79,325.42,324.79,325.42,0.19,2390.0,798938.04,1
2024-11-20,2024-11-20 11:40:00,325.42,326.05,325.42,326.05,0.19,2390.0,798938.04,1
2024-11-20,2024-11-20 11:50:00,326.05,326.67,326.05,326.67,0.19,2390.0,798938.04,1
2024-11-20,2024-11-20 12:00:00,326.67,327.3,326.67,327.3,0.19,2390.0,798938.04,1
2024-11-20,2024-11-20 12:10:00,327.3,327.93,327.3,327.93,0.19,2390.0,798938.04,1
2024-11-20,2024-11-20 12:20:00,327.93,328.56,327.93,328.56,0.19,2390.0,798938.04,1
2024-11-20,2024-11-20 12:30:00,328.56,329.19,328.56,329.19,0.19,2390.0,798938.04,1
2024-11-20,2024-11-20 12:40:00,329.19,329.82,329.19,329.82,0.19,2390.0,798938.04,1
2024-11-20,2024-11-20 12:50:00,329.82,330.45,329.82,330.45,0.19,2390.0,798938.04,1
2024-11-20,2024-11-20 13:00:00,330.45,340.0,321.2,331.08,0.19,2390.0,798938.04,1
2024-11-20,2024-11-20 13:10:00,331.08,331.71,331.08,331.71,0.19,2390.0,798938.04,1
2024-11-20,2024-11-20 13:20:00,331.71,332.34,331.71,332.34,0.19,2390.0,798938.04,1
2024-11-20,2024-11-20 13:30:00,332.34,332.97,332.34,332.97,0.19,2390.0,798938.04,1
2024-11-20,2024-11-20 13:40:00,332.97,333.6,332.97,333.6,0.19,2390.0,798938.04,1
2024-11-20,2024-11-20 13:50:00,333.6,334.23,333.6,334.23,0.19,2390.0,798938.04,1
2024-11-20,2024-11-20 14:00:00,334.23,334.85,334.23,334.85,0.19,2390.0,798938.04,1
2024-11-20,2024-11-20 14:10:00,334.85,335.48,334.85,335.48,0.19,2390.0,798938.04,1
2024-11-20,2024-11-20 14:20:00,335.48,336.11,335.48,336.11,0.19,2390.0,798938.04,1
2024-11-20,2024-11-20 14:30:00,336.11,336.74,336.11,336.74,0.19,2390.0,798938.04,1
2024-11-20,2024-11-20 14:40:00,336.74,337.37,336.74,337.37,0.19,2390.0,798938.04,1
2024-11-20,2024-11-20 14:50:00,337.37,338.0,337.37,338.0,0.19,2390.0,798938.04,1
2024-11-20,2024-11-20 15:00:00,338.0,340.0,321.2,338.0,0.0,2390.0,798938.04,0
2024-11-21,2024-11-21 11:00:00,331.5,337.08,329.52,331.77,0.08,1886.72,634028.78,1
2024-11-21,2024-11-21 11:10:00,331.77,332.04,331.77,332.04,0.08,1886.72,634028.78,1
2024-11-21,2024-11-21 11:20:00,332.04,332.31,332.04,332.31,0.08,1886.72,634028.78,1
2024-11-21,2024-11-21 11:30:00,332.31,332.58,332.31,332.58,0.08,1886.72,634028.78,1
2024-11-21,2024-11-21 11:40:00,332.58,332.85,332.58,332.85,0.08,1886.72,634028.78,1
2024-11-21,2024-11-21 11:50:00,332.85,333.12,332.85,333.12,0.08,1886.72,634028.78,1
2024-11-21,2024-11-21 12:00:00,333.12,333.4,333.12,333.4,0.08,1886.72,634028.78,1
2024-11-21,2024-11-21 12:10:00,333.4,333.67,333.4,333.67,0.08,1886.72,634028.78,1
2024-11-21,2024-11-21 12:20:00,333.67,333.94,333.67,333.94,0.08,1886.72,634028.78,1
2024-11-21,2024-11-21 12:30:00,333.94,334.21,333.94,334.21,0.08,1886.72,634028.78,1
2024-11-21,2024-11-21 12:40:00,334.21,334.48,334.21,334.48,0.08,1886.72,634028.78,1
2024-11-21,2024-11-21 12:50:00,334.48,334.75,334.48,334.75,0.08,1886.72,634028.78,1
2024-11-21,2024-11-21 13:00:00,334.75,350.1,324.9,335.02,0.08,1886.72,634028.78,1
2024-11-21,2024-11-21 13:10:00,335.02,335.29,335.02,335.29,0.08,1886.72,634028.78,1
2024-11-21,2024-11-21 13:20:00,335.29,335.56,335.29,335.56,0.08,1886.72,634028.78,1
2024-11-21,2024-11-21 13:30:00,335.56,335.83,335.56,335.83,0.08,1886.72,634028.78,1
2024-11-21,2024-11-21 13:40:00,335.83,336.1,335.83,336.1,0.08,1886.72,634028.78,1
2024-11-21,2024-11-21 13:50:00,336.1,336.38,336.1,336.38,0.08,1886.72,634028.78,1
2024-11-21,2024-11-21 14:00:00,336.38,336.65,336.38,336.65,0.08,1886.72,634028.78,1
2024-11-21,2024-11-21 14:10:00,336.65,336.92,336.65,336.92,0.08,1886.72,634028.78,1
2024-11-21,2024-11-21 14:20:00,336.92,337.19,336.92,337.19,0.08,1886.72,634028.78,1
2024-11-21,2024-11-21 14:30:00,337.19,337.46,337.19,337.46,0.08,1886.72,634028.78,1
2024-11-21,2024-11-21 14:40:00,337.46,337.73,337.46,337.73,0.08,1886.72,634028.78,1
2024-11-21,2024-11-21 14:50:00,337.73,338.0,337.73,338.0,0.08,1886.72,634028.78,1
2024-11-21,2024-11-21 15:00:00,338.0,350.1,324.9,338.0,0.0,1886.72,634028.78,0
2024-11-24,2024-11-24 11:00:00,331.3,334.81,330.01,331.12,-0.05,1022.04,339003.54,-1
2024-11-24,2024-11-24 11:10:00,331.12,331.12,330.94,330.94,-0.05,1022.04,339003.54,-1
2024-11-24,2024-11-24 11:20:00,330.94,330.94,330.76,330.76,-0.05,1022.04,339003.54,-1
2024-11-24,2024-11-24 11:30:00,330.76,330.76,330.58,330.58,-0.05,1022.04,339003.54,-1
2024-11-24,2024-11-24 11:40:00,330.58,330.58,330.4,330.4,-0.05,1022.04,339003.54,-1
2024-11-24,2024-11-24 11:50:00,330.4,330.4,330.23,330.23,-0.05,1022.04,339003.54,-1
2024-11-24,2024-11-24 12:00:00,330.23,330.23,330.05,330.05,-0.05,1022.04,339003.54,-1
2024-11-24,2024-11-24 12:10:00,330.05,330.05,329.87,329.87,-0.05,1022.04,339003.54,-1
2024-11-24,2024-11-24 12:20:00,329.87,329.87,329.69,329.69,-0.05,1022.04,339003.54,-1
2024-11-24,2024-11-24 12:30:00,329.69,329.69,329.51,329.51,-0.05,1022.04,339003.54,-1
2024-11-24,2024-11-24 12:40:00,329.51,329.51,329.33,329.33,-0.05,1022.04,339003.54,-1
2024-11-24,2024-11-24 12:50:00,329.33,329.33,329.15,329.15,-0.05,1022.04,339003.54,-1
2024-11-24,2024-11-24 13:00:00,329.15,343.0,327.0,328.97,-0.05,1022.04,339003.54,-1
2024-11-24,2024-11-24 13:10:00,328.97,328.97,328.79,328.79,-0.05,1022.04,339003.54,-1
2024-11-24,2024-11-24 13:20:00,328.79,328.79,328.61,328.61,-0.05,1022.04,339003.54,-1
2024-11-24,2024-11-24 13:30:00,328.61,328.61,328.43,328.43,-0.05,1022.04,339003.54,-1
2024-11-24,2024-11-24 13:40:00,328.43,328.43,328.25,328.25,-0.05,1022.04,339003.54,-1
2024-11-24,2024-11-24 13:50:00,328.25,328.25,328.07,328.07,-0.05,1022.04,339003.54,-1
2024-11-24,2024-11-24 14:00:00,328.07,328.07,327.9,327.9,-0.05,1022.04,339003.54,-1
2024-11-24,2024-11-24 14:10:00,327.9,327.9,327.72,327.72,-0.05,1022.04,339003.54,-1
2024-11-24,2024-11-24 14:20:00,327.72,327.72,327.54,327.54,-0.05,1022.04,339003.54,-1
2024-11-24,2024-11-24 14:30:00,327.54,327.54,327.36,327.36,-0.05,1022.04,339003.54,-1
2024-11-24,2024-11-24 14:40:00,327.36,327.36,327.18,327.18,-0.05,1022.04,339003.54,-1
2024-11-24,2024-11-24 14:50:00,327.18,327.18,327.0,327.0,-0.06,1022.04,339003.54,-1
2024-11-24,2024-11-24 15:00:00,327.0,343.0,327.0,327.0,0.0,1022.04,339003.54,0
2024-11-25,2024-11-25 11:00:00,322.1,326.27,322.1,322.43,0.1,943.08,313266.89,1
2024-11-25,2024-11-25 11:10:00,322.43,322.76,322.43,322.76,0.1,943.08,313266.89,1
2024-11-25,2024-11-25 11:20:00,322.76,323.09,322.76,323.09,0.1,943.08,313266.89,1
2024-11-25,2024-11-25 11:30:00,323.09,323.42,323.09,323.42,0.1,943.08,313266.89,1
2024-11-25,2024-11-25 11:40:00,323.42,323.75,323.42,323.75,0.1,943.08,313266.89,1
2024-11-25,2024-11-25 11:50:00,323.75,324.08,323.75,324.08,0.1,943.08,313266.89,1
2024-11-25,2024-11-25 12:00:00,324.08,324.4,324.08,324.4,0.1,943.08,313266.89,1
2024-11-25,2024-11-25 12:10:00,324.4,324.73,324.4,324.73,0.1,943.08,313266.89,1
2024-11-25,2024-11-25 12:20:00,324.73,325.06,324.73,325.06,0.1,943.08,313266.89,1
2024-11-25,2024-11-25 12:30:00,325.06,325.39,325.06,325.39,0.1,943.08,313266.89,1
2024-11-25,2024-11-25 12:40:00,325.39,325.72,325.39,325.72,0.1,943.08,313266.89,1
2024-11-25,2024-11-25 12:50:00,325.72,326.05,325.72,326.05,0.1,943.08,313266.89,1
2024-11-25,2024-11-25 13:00:00,326.05,336.0,322.1,326.38,0.1,943.08,313266.89,1
2024-11-25,2024-11-25 13:10:00,326.38,326.71,326.38,326.71,0.1,943.08,313266.89,1
2024-11-25,2024-11-25 13:20:00,326.71,327.04,326.71,327.04,0.1,943.08,313266.89,1
2024-11-25,2024-11-25 13:30:00,327.04,327.37,327.04,327.37,0.1,943.08,313266.89,1
2024-11-25,2024-11-25 13:40:00,327.37,327.7,327.37,327.7,0.1,943.08,313266.89,1
2024-11-25,2024-11-25 13:50:00,327.7,328.02,327.7,328.02,0.1,943.08,313266.89,1
2024-11-25,2024-11-25 14:00:00,328.02,328.35,328.02,328.35,0.1,943.08,313266.89,1
2024-11-25,2024-11-25 14:10:00,328.35,328.68,328.35,328.68,0.1,943.08,313266.89,1
2024-11-25,2024-11-25 14:20:00,328.68,329.01,328.68,329.01,0.1,943.08,313266.89,1
2024-11-25,2024-11-25 14:30:00,329.01,329.34,329.01,329.34,0.1,943.08,313266.89,1
2024-11-25,2024-11-25 14:40:00,329.34,329.67,329.34,329.67,0.1,943.08,313266.89,1
2024-11-25,2024-11-25 14:50:00,329.67,330.0,329.67,330.0,0.1,943.08,313266.89,1
2024-11-25,2024-11-25 15:00:00,330.0,336.0,322.1,330.0,0.0,943.08,313266.89,0
2024-11-26,2024-11-26 11:00:00,336.6,338.52,334.62,336.82,0.07,2885.52,977942.96,1
2024-11-26,2024-11-26 11:10:00,336.82,337.04,336.82,337.04,0.07,2885.52,977942.96,1
2024-11-26,2024-11-26 11:20:00,337.04,337.26,337.04,337.26,0.07,2885.52,977942.96,1
2024-11-26,2024-11-26 11:30:00,337.26,337.48,337.26,337.48,0.07,2885.52,977942.96,1
2024-11-26,2024-11-26 11:40:00,337.48,337.7,337.48,337.7,0.07,2885.52,977942.96,1
2024-11-26,2024-11-26 11:50:00,337.7,337.93,337.7,337.93,0.07,2885.52,977942.96,1
2024-11-26,2024-11-26 12:00:00,337.93,338.15,337.93,338.15,0.07,2885.52,977942.96,1
2024-11-26,2024-11-26 12:10:00,338.15,338.37,338.15,338.37,0.07,2885.52,977942.96,1
2024-11-26,2024-11-26 12:20:00,338.37,338.59,338.37,338.59,0.07,2885.52,977942.96,1
2024-11-26,2024-11-26 12:30:00,338.59,338.81,338.59,338.81,0.06,2885.52,977942.96,1
2024-11-26,2024-11-26 12:40:00,338.81,339.03,338.81,339.03,0.06,2885.52,977942.96,1
2024-11-26,2024-11-26 12:50:00,339.03,339.25,339.03,339.25,0.06,2885.52,977942.96,1
2024-11-26,2024-11-26 13:00:00,339.25,343.0,330.0,339.47,0.06,2885.52,977942.96,1
2024-11-26,2024-11-26 13:10:00,339.47,339.69,339.47,339.69,0.06,2885.52,977942.96,1
2024-11-26,2024-11-26 13:20:00,339.69,339.91,339.69,339.91,0.06,2885.52,977942.96,1
2024-11-26,2024-11-26 13:30:00,339.91,340.13,339.91,340.13,0.06,2885.52,977942.96,1
2024-11-26,2024-11-26 13:40:00,340.13,340.35,340.13,340.35,0.06,2885.52,977942.96,1
2024-11-26,2024-11-26 13:50:00,340.35,340.57,340.35,340.57,0.06,2885.52,977942.96,1
2024-11-26,2024-11-26 14:00:00,340.57,340.8,340.57,340.8,0.07,2885.52,977942.96,1
2024-11-26,2024-11-26 14:10:00,340.8,341.02,340.8,341.02,0.06,2885.52,977942.96,1
2024-11-26,2024-11-26 14:20:00,341.02,341.24,341.02,341.24,0.06,2885.52,977942.96,1
2024-11-26,2024-11-26 14:30:00,341.24,341.46,341.24,341.46,0.06,2885.52,977942.96,1
2024-11-26,2024-11-26 14:40:00,341.46,341.68,341.46,341.68,0.06,2885.52,977942.96,1
2024-11-26,2024-11-26 14:50:00,341.68,341.9,341.68,341.9,0.06,2885.52,977942.96,1
2024-11-26,2024-11-26 15:00:00,341.9,343.0,330.0,341.9,0.0,2885.52,977942.96,0
2024-11-27,2024-11-27 11:00:00,348.7,348.7,346.42,348.54,-0.05,1760.64,606405.78,-1
2024-11-27,2024-11-27 11:10:00,348.54,348.54,348.38,348.38,-0.05,1760.64,606405.78,-1
2024-11-27,2024-11-27 11:20:00,348.38,348.38,348.22,348.22,-0.05,1760.64,606405.78,-1
2024-11-27,2024-11-27 11:30:00,348.22,348.22,348.07,348.07,-0.04,1760.64,606405.78,-1
2024-11-27,2024-11-27 11:40:00,348.07,348.07,347.91,347.91,-0.05,1760.64,606405.78,-1
2024-11-27,2024-11-27 11:50:00,347.91,347.91,347.75,347.75,-0.05,1760.64,606405.78,-1
2024-11-27,2024-11-27 12:00:00,347.75,347.75,347.59,347.59,-0.05,1760.64,606405.78,-1
2024-11-27,2024-11-27 12:10:00,347.59,347.59,347.43,347.43,-0.05,1760.64,606405.78,-1
2024-11-27,2024-11-27 12:20:00,347.43,347.43,347.27,347.27,-0.05,1760.64,606405.78,-1
2024-11-27,2024-11-27 12:30:00,347.27,347.27,347.12,347.12,-0.04,1760.64,606405.78,-1
2024-11-27,2024-11-27 12:40:00,347.12,347.12,346.96,346.96,-0.05,1760.64,606405.78,-1
2024-11-27,2024-11-27 12:50:00,346.96,346.96,346.8,346.8,-0.05,1760.64,606405.78,-1
2024-11-27,2024-11-27 13:00:00,346.8,348.7,341.1,346.64,-0.05,1760.64,606405.78,-1
2024-11-27,2024-11-27 13:10:00,346.64,346.64,346.48,346.48,-0.05,1760.64,606405.78,-1
2024-11-27,2024-11-27 13:20:00,346.48,346.48,346.32,346.32,-0.05,1760.64,606405.78,-1
2024-11-27,2024-11-27 13:30:00,346.32,346.32,346.17,346.17,-0.04,1760.64,606405.78,-1
2024-11-27,2024-11-27 13:40:00,346.17,346.17,346.01,346.01,-0.05,1760.64,606405.78,-1
2024-11-27,2024-11-27 13:50:00,346.01,346.01,345.85,345.85,-0.05,1760.64,606405.78,-1
2024-11-27,2024-11-27 14:00:00,345.85,345.85,345.69,345.69,-0.05,1760.64,606405.78,-1
2024-11-27,2024-11-27 14:10:00,345.69,345.69,345.53,345.53,-0.05,1760.64,606405.78,-1
2024-11-27,2024-11-27 14:20:00,345.53,345.53,345.38,345.38,-0.04,1760.64,606405.78,-1
2024-11-27,2024-11-27 14:30:00,345.38,345.38,345.22,345.22,-0.05,1760.64,606405.78,-1
2024-11-27,2024-11-27 14:40:00,345.22,345.22,345.06,345.06,-0.05,1760.64,606405.78,-1
2024-11-27,2024-11-27 14:50:00,345.06,345.06,344.9,344.9,-0.05,1760.64,606405.78,-1
2024-11-27,2024-11-27 15:00:00,344.9,348.7,341.1,344.9,0.0,1760.64,606405.78,0
2024-11-28,2024-11-28 11:00:00,350.0,350.0,345.35,349.77,-0.07,1347.96,460653.21,-1
2024-11-28,2024-11-28 11:10:00,349.77,349.77,349.54,349.54,-0.07,1347.96,460653.21,-1
2024-11-28,2024-11-28 11:20:00,349.54,349.54,349.31,349.31,-0.07,1347.96,460653.21,-1
2024-11-28,2024-11-28 11:30:00,349.31,349.31,349.08,349.08,-0.07,1347.96,460653.21,-1
2024-11-28,2024-11-28 11:40:00,349.08,349.08,348.85,348.85,-0.07,1347.96,460653.21,-1
2024-11-28,2024-11-28 11:50:00,348.85,348.85,348.62,348.62,-0.07,1347.96,460653.21,-1
2024-11-28,2024-11-28 12:00:00,348.62,348.62,348.4,348.4,-0.06,1347.96,460653.21,-1
2024-11-28,2024-11-28 12:10:00,348.4,348.4,348.17,348.17,-0.07,1347.96,460653.21,-1
2024-11-28,2024-11-28 12:20:00,348.17,348.17,347.94,347.94,-0.07,1347.96,460653.21,-1
2024-11-28,2024-11-28 12:30:00,347.94,347.94,347.71,347.71,-0.07,1347.96,460653.21,-1
2024-11-28,2024-11-28 12:40:00,347.71,347.71,347.48,347.48,-0.07,1347.96,460653.21,-1
2024-11-28,2024-11-28 12:50:00,347.48,347.48,347.25,347.25,-0.07,1347.96,460653.21,-1
2024-11-28,2024-11-28 13:00:00,347.25,350.0,334.5,347.02,-0.07,1347.96,460653.21,-1
2024-11-28,2024-11-28 13:10:00,347.02,347.02,346.79,346.79,-0.07,1347.96,460653.21,-1
2024-11-28,2024-11-28 13:20:00,346.79,346.79,346.56,346.56,-0.07,1347.96,460653.21,-1
2024-11-28,2024-11-28 13:30:00,346.56,346.56,346.33,346.33,-0.07,1347.96,460653.21,-1
2024-11-28,2024-11-28 13:40:00,346.33,346.33,346.1,346.1,-0.07,1347.96,460653.21,-1
2024-11-28,2024-11-28 13:50:00,346.1,346.1,345.88,345.88,-0.06,1347.96,460653.21,-1
2024-11-28,2024-11-28 14:00:00,345.88,345.88,345.65,345.65,-0.07,1347.96,460653.21,-1
2024-11-28,2024-11-28 14:10:00,345.65,345.65,345.42,345.42,-0.07,1347.96,460653.21,-1
2024-11-28,2024-11-28 14:20:00,345.42,345.42,345.19,345.19,-0.07,1347.96,460653.21,-1
2024-11-28,2024-11-28 14:30:00,345.19,345.19,344.96,344.96,-0.07,1347.96,460653.21,-1
2024-11-28,2024-11-28 14:40:00,344.96,344.96,344.73,344.73,-0.07,1347.96,460653.21,-1
2024-11-28,2024-11-28 14:50:00,344.73,344.73,344.5,344.5,-0.07,1347.96,460653.21,-1
2024-11-28,2024-11-28 15:00:00,344.5,350.0,334.5,344.5,0.0,1347.96,460653.21,0
2024-12-01,2024-12-01 11:00:00,351.3,351.3,344.64,350.81,-0.14,1449.44,487786.78,-1
2024-12-01,2024-12-01 11:10:00,350.81,350.81,350.32,350.32,-0.14,1449.44,487786.78,-1
2024-12-01,2024-12-01 11:20:00,350.32,350.32,349.82,349.82,-0.14,1449.44,487786.78,-1
2024-12-01,2024-12-01 11:30:00,349.82,349.82,349.33,349.33,-0.14,1449.44,487786.78,-1
2024-12-01,2024-12-01 11:40:00,349.33,349.33,348.84,348.84,-0.14,1449.44,487786.78,-1
2024-12-01,2024-12-01 11:50:00,348.84,348.84,348.35,348.35,-0.14,1449.44,487786.78,-1
2024-12-01,2024-12-01 12:00:00,348.35,348.35,347.86,347.86,-0.14,1449.44,487786.78,-1
2024-12-01,2024-12-01 12:10:00,347.86,347.86,347.37,347.37,-0.14,1449.44,487786.78,-1
2024-12-01,2024-12-01 12:20:00,347.37,347.37,346.88,346.88,-0.14,1449.44,487786.78,-1
2024-12-01,2024-12-01 12:30:00,346.88,346.88,346.38,346.38,-0.14,1449.44,487786.78,-1
2024-12-01,2024-12-01 12:40:00,346.38,346.38,345.89,345.89,-0.14,1449.44,487786.78,-1
2024-12-01,2024-12-01 12:50:00,345.89,345.89,345.4,345.4,-0.14,1449.44,487786.78,-1
2024-12-01,2024-12-01 13:00:00,345.4,351.3,329.1,344.91,-0.14,1449.44,487786.78,-1
2024-12-01,2024-12-01 13:10:00,344.91,344.91,344.42,344.42,-0.14,1449.44,487786.78,-1
2024-12-01,2024-12-01 13:20:00,344.42,344.42,343.93,343.93,-0.14,1449.44,487786.78,-1
2024-12-01,2024-12-01 13:30:00,343.93,343.93,343.43,343.43,-0.15,1449.44,487786.78,-1
2024-12-01,2024-12-01 13:40:00,343.43,343.43,342.94,342.94,-0.14,1449.44,487786.78,-1
2024-12-01,2024-12-01 13:50:00,342.94,342.94,342.45,342.45,-0.14,1449.44,487786.78,-1
2024-12-01,2024-12-01 14:00:00,342.45,342.45,341.96,341.96,-0.14,1449.44,487786.78,-1
2024-12-01,2024-12-01 14:10:00,341.96,341.96,341.47,341.47,-0.14,1449.44,487786.78,-1
2024-12-01,2024-12-01 14:20:00,341.47,341.47,340.98,340.98,-0.14,1449.44,487786.78,-1
2024-12-01,2024-12-01 14:30:00,340.98,340.98,340.48,340.48,-0.15,1449.44,487786.78,-1
2024-12-01,2024-12-01 14:40:00,340.48,340.48,339.99,339.99,-0.14,1449.44,487786.78,-1
2024-12-01,2024-12-01 14:50:00,339.99,339.99,339.5,339.5,-0.14,1449.44,487786.78,-1
2024-12-01,2024-12-01 15:00:00,339.5,351.3,329.1,339.5,0.0,1449.44,487786.78,0
2024-12-02,2024-12-02 11:00:00,345.7,354.01,341.89,346.85,0.33,8295.2,3043686.94,1
2024-12-02,2024-12-02 11:10:00,346.85,348.01,346.85,348.01,0.33,8295.2,3043686.94,1
2024-12-02,2024-12-02 11:20:00,348.01,349.16,348.01,349.16,0.33,8295.2,3043686.94,1
2024-12-02,2024-12-02 11:30:00,349.16,350.32,349.16,350.32,0.33,8295.2,3043686.94,1
2024-12-02,2024-12-02 11:40:00,350.32,351.47,350.32,351.47,0.33,8295.2,3043686.94,1
2024-12-02,2024-12-02 11:50:00,351.47,352.62,351.47,352.62,0.33,8295.2,3043686.94,1
2024-12-02,2024-12-02 12:00:00,352.62,353.78,352.62,353.78,0.33,8295.2,3043686.94,1
2024-12-02,2024-12-02 12:10:00,353.78,354.93,353.78,354.93,0.33,8295.2,3043686.94,1
2024-12-02,2024-12-02 12:20:00,354.93,356.09,354.93,356.09,0.33,8295.2,3043686.94,1
2024-12-02,2024-12-02 12:30:00,356.09,357.24,356.09,357.24,0.32,8295.2,3043686.94,1
2024-12-02,2024-12-02 12:40:00,357.24,358.4,357.24,358.4,0.32,8295.2,3043686.94,1
2024-12-02,2024-12-02 12:50:00,358.4,359.55,358.4,359.55,0.32,8295.2,3043686.94,1
2024-12-02,2024-12-02 13:00:00,359.55,373.4,333.0,360.7,0.32,8295.2,3043686.94,1
2024-12-02,2024-12-02 13:10:00,360.7,361.86,360.7,361.86,0.32,8295.2,3043686.94,1
2024-12-02,2024-12-02 13:20:00,361.86,363.01,361.86,363.01,0.32,8295.2,3043686.94,1
2024-12-02,2024-12-02 13:30:00,363.01,364.17,363.01,364.17,0.32,8295.2,3043686.94,1
2024-12-02,2024-12-02 13:40:00,364.17,365.32,364.17,365.32,0.32,8295.2,3043686.94,1
2024-12-02,2024-12-02 13:50:00,365.32,366.47,365.32,366.47,0.31,8295.2,3043686.94,1
2024-12-02,2024-12-02 14:00:00,366.47,367.63,366.47,367.63,0.32,8295.2,3043686.94,1
2024-12-02,2024-12-02 14:10:00,367.63,368.78,367.63,368.78,0.31,8295.2,3043686.94,1
2024-12-02,2024-12-02 14:20:00,368.78,369.94,368.78,369.94,0.31,8295.2,3043686.94,1
2024-12-02,2024-12-02 14:30:00,369.94,371.09,369.94,371.09,0.31,8295.2,3043686.94,1
2024-12-02,2024-12-02 14:40:00,371.09,372.25,371.09,372.25,0.31,8295.2,3043686.94,1
2024-12-02,2024-12-02 14:50:00,372.25,373.4,372.25,373.4,0.31,8295.2,3043686.94,1
2024-12-02,2024-12-02 15:00:00,373.4,373.4,333.0,373.4,0.0,8295.2,3043686.94,0
2024-12-03,2024-12-03 11:00:00,380.8,389.77,380.8,382.05,0.33,5414.36,2222965.37,1
2024-12-03,2024-12-03 11:10:00,382.05,383.29,382.05,383.29,0.32,5414.36,2222965.37,1
2024-12-03,2024-12-03 11:20:00,383.29,384.54,383.29,384.54,0.33,5414.36,2222965.37,1
2024-12-03,2024-12-03 11:30:00,384.54,385.78,384.54,385.78,0.32,5414.36,2222965.37,1
2024-12-03,2024-12-03 11:40:00,385.78,387.03,385.78,387.03,0.32,5414.36,2222965.37,1
2024-12-03,2024-12-03 11:50:00,387.03,388.27,387.03,388.27,0.32,5414.36,2222965.37,1
2024-12-03,2024-12-03 12:00:00,388.27,389.52,388.27,389.52,0.32,5414.36,2222965.37,1
2024-12-03,2024-12-03 12:10:00,389.52,390.77,389.52,390.77,0.32,5414.36,2222965.37,1
2024-12-03,2024-12-03 12:20:00,390.77,392.01,390.77,392.01,0.32,5414.36,2222965.37,1
2024-12-03,2024-12-03 12:30:00,392.01,393.26,392.01,393.26,0.32,5414.36,2222965.37,1
2024-12-03,2024-12-03 12:40:00,393.26,394.5,393.26,394.5,0.32,5414.36,2222965.37,1
2024-12-03,2024-12-03 12:50:00,394.5,395.75,394.5,395.75,0.32,5414.36,2222965.37,1
2024-12-03,2024-12-03 13:00:00,395.75,410.7,380.8,397.0,0.32,5414.36,2222965.37,1
2024-12-03,2024-12-03 13:10:00,397.0,398.24,397.0,398.24,0.31,5414.36,2222965.37,1
2024-12-03,2024-12-03 13:20:00,398.24,399.49,398.24,399.49,0.31,5414.36,2222965.37,1
2024-12-03,2024-12-03 13:30:00,399.49,400.73,399.49,400.73,0.31,5414.36,2222965.37,1
2024-12-03,2024-12-03 13:40:00,400.73,401.98,400.73,401.98,0.31,5414.36,2222965.37,1
2024-12-03,2024-12-03 13:50:00,401.98,403.23,401.98,403.23,0.31,5414.36,2222965.37,1
2024-12-03,2024-12-03 14:00:00,403.23,404.47,403.23,404.47,0.31,5414.36,2222965.37,1
2024-12-03,2024-12-03 14:10:00,404.47,405.72,404.47,405.72,0.31,5414.36,2222965.37,1
2024-12-03,2024-12-03 14:20:00,405.72,406.96,405.72,406.96,0.31,5414.36,2222965.37,1
2024-12-03,2024-12-03 14:30:00,406.96,408.21,406.96,408.21,0.31,5414.36,2222965.37,1
2024-12-03,2024-12-03 14:40:00,408.21,409.45,408.21,409.45,0.3,5414.36,2222965.37,1
2024-12-03,2024-12-03 14:50:00,409.45,410.7,409.45,410.7,0.31,5414.36,2222965.37,1
2024-12-03,2024-12-03 15:00:00,410.7,410.7,380.8,410.7,0.0,5414.36,2222965.37,0
2024-12-04,2024-12-04 11:00:00,418.9,428.74,418.9,420.27,0.33,27425.88,12122769.01,1
2024-12-04,2024-12-04 11:10:00,420.27,421.63,420.27,421.63,0.32,27425.88,12122769.01,1
2024-12-04,2024-12-04 11:20:00,421.63,423.0,421.63,423.0,0.32,27425.88,12122769.01,1
2024-12-04,2024-12-04 11:30:00,423.0,424.37,423.0,424.37,0.32,27425.88,12122769.01,1
2024-12-04,2024-12-04 11:40:00,424.37,425.73,424.37,425.73,0.32,27425.88,12122769.01,1
2024-12-04,2024-12-04 11:50:00,425.73,427.1,425.73,427.1,0.32,27425.88,12122769.01,1
2024-12-04,2024-12-04 12:00:00,427.1,428.47,427.1,428.47,0.32,27425.88,12122769.01,1
2024-12-04,2024-12-04 12:10:00,428.47,429.83,428.47,429.83,0.32,27425.88,12122769.01,1
2024-12-04,2024-12-04 12:20:00,429.83,431.2,429.83,431.2,0.32,27425.88,12122769.01,1
2024-12-04,2024-12-04 12:30:00,431.2,432.57,431.2,432.57,0.32,27425.88,12122769.01,1
2024-12-04,2024-12-04 12:40:00,432.57,433.93,432.57,433.93,0.31,27425.88,12122769.01,1
2024-12-04,2024-12-04 12:50:00,433.93,435.3,433.93,435.3,0.32,27425.88,12122769.01,1
2024-12-04,2024-12-04 13:00:00,435.3,451.7,418.9,436.67,0.31,27425.88,12122769.01,1
2024-12-04,2024-12-04 13:10:00,436.67,438.03,436.67,438.03,0.31,27425.88,12122769.01,1
2024-12-04,2024-12-04 13:20:00,438.03,439.4,438.03,439.4,0.31,27425.88,12122769.01,1
2024-12-04,2024-12-04 13:30:00,439.4,440.77,439.4,440.77,0.31,27425.88,12122769.01,1
2024-12-04,2024-12-04 13:40:00,440.77,442.13,440.77,442.13,0.31,27425.88,12122769.01,1
2024-12-04,2024-12-04 13:50:00,442.13,443.5,442.13,443.5,0.31,27425.88,12122769.01,1
2024-12-04,2024-12-04 14:00:00,443.5,444.87,443.5,444.87,0.31,27425.88,12122769.01,1
2024-12-04,2024-12-04 14:10:00,444.87,446.23,444.87,446.23,0.31,27425.88,12122769.01,1
2024-12-04,2024-12-04 14:20:00,446.23,447.6,446.23,447.6,0.31,27425.88,12122769.01,1
2024-12-04,2024-12-04 14:30:00,447.6,448.97,447.6,448.97,0.31,27425.88,12122769.01,1
2024-12-04,2024-12-04 14:40:00,448.97,450.33,448.97,450.33,0.3,27425.88,12122769.01,1
2024-12-04,2024-12-04 14:50:00,450.33,451.7,450.33,451.7,0.3,27425.88,12122769.01,1
2024-12-04,2024-12-04 15:00:00,451.7,451.7,418.9,451.7,0.0,27425.88,12122769.01,0
2024-12-05,2024-12-05 11:00:00,460.7,469.49,456.59,461.3,0.13,11868.36,5589063.86,1
2024-12-05,2024-12-05 11:10:00,461.3,461.89,461.3,461.89,0.13,11868.36,5589063.86,1
2024-12-05,2024-12-05 11:20:00,461.89,462.49,461.89,462.49,0.13,11868.36,5589063.86,1
2024-12-05,2024-12-05 11:30:00,462.49,463.08,462.49,463.08,0.13,11868.36,5589063.86,1
2024-12-05,2024-12-05 11:40:00,463.08,463.68,463.08,463.68,0.13,11868.36,5589063.86,1
2024-12-05,2024-12-05 11:50:00,463.68,464.27,463.68,464.27,0.13,11868.36,5589063.86,1
2024-12-05,2024-12-05 12:00:00,464.27,464.87,464.27,464.87,0.13,11868.36,5589063.86,1
2024-12-05,2024-12-05 12:10:00,464.87,465.47,464.87,465.47,0.13,11868.36,5589063.86,1
2024-12-05,2024-12-05 12:20:00,465.47,466.06,465.47,466.06,0.13,11868.36,5589063.86,1
2024-12-05,2024-12-05 12:30:00,466.06,466.66,466.06,466.66,0.13,11868.36,5589063.86,1
2024-12-05,2024-12-05 12:40:00,466.66,467.25,466.66,467.25,0.13,11868.36,5589063.86,1
2024-12-05,2024-12-05 12:50:00,467.25,467.85,467.25,467.85,0.13,11868.36,5589063.86,1
2024-12-05,2024-12-05 13:00:00,467.85,490.0,447.0,468.45,0.13,11868.36,5589063.86,1
2024-12-05,2024-12-05 13:10:00,468.45,469.04,468.45,469.04,0.13,11868.36,5589063.86,1
2024-12-05,2024-12-05 13:20:00,469.04,469.64,469.04,469.64,0.13,11868.36,5589063.86,1
2024-12-05,2024-12-05 13:30:00,469.64,470.23,469.64,470.23,0.13,11868.36,5589063.86,1
2024-12-05,2024-12-05 13:40:00,470.23,470.83,470.23,470.83,0.13,11868.36,5589063.86,1
2024-12-05,2024-12-05 13:50:00,470.83,471.43,470.83,471.43,0.13,11868.36,5589063.86,1
2024-12-05,2024-12-05 14:00:00,471.43,472.02,471.43,472.02,0.13,11868.36,5589063.86,1
2024-12-05,2024-12-05 14:10:00,472.02,472.62,472.02,472.62,0.13,11868.36,5589063.86,1
2024-12-05,2024-12-05 14:20:00,472.62,473.21,472.62,473.21,0.12,11868.36,5589063.86,1
2024-12-05,2024-12-05 14:30:00,473.21,473.81,473.21,473.81,0.13,11868.36,5589063.86,1
2024-12-05,2024-12-05 14:40:00,473.81,474.4,473.81,474.4,0.12,11868.36,5589063.86,1
2024-12-05,2024-12-05 14:50:00,474.4,475.0,474.4,475.0,0.13,11868.36,5589063.86,1
2024-12-05,2024-12-05 15:00:00,475.0,490.0,447.0,475.0,0.0,11868.36,5589063.86,0
2024-12-08,2024-12-08 11:00:00,476.0,476.0,461.45,473.98,-0.42,9489.8,4195485.79,-1
2024-12-08,2024-12-08 11:10:00,473.98,473.98,471.96,471.96,-0.43,9489.8,4195485.79,-1
2024-12-08,2024-12-08 11:20:00,471.96,471.96,469.94,469.94,-0.43,9489.8,4195485.79,-1
2024-12-08,2024-12-08 11:30:00,469.94,469.94,467.92,467.92,-0.43,9489.8,4195485.79,-1
2024-12-08,2024-12-08 11:40:00,467.92,467.92,465.9,465.9,-0.43,9489.8,4195485.79,-1
2024-12-08,2024-12-08 11:50:00,465.9,465.9,463.88,463.88,-0.43,9489.8,4195485.79,-1
2024-12-08,2024-12-08 12:00:00,463.88,463.88,461.85,461.85,-0.44,9489.8,4195485.79,-1
2024-12-08,2024-12-08 12:10:00,461.85,461.85,459.83,459.83,-0.44,9489.8,4195485.79,-1
2024-12-08,2024-12-08 12:20:00,459.83,459.83,457.81,457.81,-0.44,9489.8,4195485.79,-1
2024-12-08,2024-12-08 12:30:00,457.81,457.81,455.79,455.79,-0.44,9489.8,4195485.79,-1
2024-12-08,2024-12-08 12:40:00,455.79,455.79,453.77,453.77,-0.44,9489.8,4195485.79,-1
2024-12-08,2024-12-08 12:50:00,453.77,453.77,451.75,451.75,-0.45,9489.8,4195485.79,-1
2024-12-08,2024-12-08 13:00:00,451.75,476.0,427.5,449.73,-0.45,9489.8,4195485.79,-1
2024-12-08,2024-12-08 13:10:00,449.73,449.73,447.71,447.71,-0.45,9489.8,4195485.79,-1
2024-12-08,2024-12-08 13:20:00,447.71,447.71,445.69,445.69,-0.45,9489.8,4195485.79,-1
2024-12-08,2024-12-08 13:30:00,445.69,445.69,443.67,443.67,-0.45,9489.8,4195485.79,-1
2024-12-08,2024-12-08 13:40:00,443.67,443.67,441.65,441.65,-0.46,9489.8,4195485.79,-1
2024-12-08,2024-12-08 13:50:00,441.65,441.65,439.62,439.62,-0.46,9489.8,4195485.79,-1
2024-12-08,2024-12-08 14:00:00,439.62,439.62,437.6,437.6,-0.46,9489.8,4195485.79,-1
2024-12-08,2024-12-08 14:10:00,437.6,437.6,435.58,435.58,-0.46,9489.8,4195485.79,-1
2024-12-08,2024-12-08 14:20:00,435.58,435.58,433.56,433.56,-0.46,9489.8,4195485.79,-1
2024-12-08,2024-12-08 14:30:00,433.56,433.56,431.54,431.54,-0.47,9489.8,4195485.79,-1
2024-12-08,2024-12-08 14:40:00,431.54,431.54,429.52,429.52,-0.47,9489.8,4195485.79,-1
2024-12-08,2024-12-08 14:50:00,429.52,429.52,427.5,427.5,-0.47,9489.8,4195485.79,-1
2024-12-08,2024-12-08 15:00:00,427.5,476.0,427.5,427.5,0.0,9489.8,4195485.79,0
2024-12-09,2024-12-09 11:00:00,436.0,438.67,430.6,436.29,0.07,11530.72,4987790.75,1
2024-12-09,2024-12-09 11:10:00,436.29,436.58,436.29,436.58,0.07,11530.72,4987790.75,1
2024-12-09,2024-12-09 11:20:00,436.58,436.88,436.58,436.88,0.07,11530.72,4987790.75,1
2024-12-09,2024-12-09 11:30:00,436.88,437.17,436.88,437.17,0.07,11530.72,4987790.75,1
2024-12-09,2024-12-09 11:40:00,437.17,437.46,437.17,437.46,0.07,11530.72,4987790.75,1
2024-12-09,2024-12-09 11:50:00,437.46,437.75,437.46,437.75,0.07,11530.72,4987790.75,1
2024-12-09,2024-12-09 12:00:00,437.75,438.04,437.75,438.04,0.07,11530.72,4987790.75,1
2024-12-09,2024-12-09 12:10:00,438.04,438.33,438.04,438.33,0.07,11530.72,4987790.75,1
2024-12-09,2024-12-09 12:20:00,438.33,438.62,438.33,438.62,0.07,11530.72,4987790.75,1
2024-12-09,2024-12-09 12:30:00,438.62,438.92,438.62,438.92,0.07,11530.72,4987790.75,1
2024-12-09,2024-12-09 12:40:00,438.92,439.21,438.92,439.21,0.07,11530.72,4987790.75,1
2024-12-09,2024-12-09 12:50:00,439.21,439.5,439.21,439.5,0.07,11530.72,4987790.75,1
2024-12-09,2024-12-09 13:00:00,439.5,444.9,418.0,439.79,0.07,11530.72,4987790.75,1
2024-12-09,2024-12-09 13:10:00,439.79,440.08,439.79,440.08,0.07,11530.72,4987790.75,1
2024-12-09,2024-12-09 13:20:00,440.08,440.38,440.08,440.38,0.07,11530.72,4987790.75,1
2024-12-09,2024-12-09 13:30:00,440.38,440.67,440.38,440.67,0.07,11530.72,4987790.75,1
2024-12-09,2024-12-09 13:40:00,440.67,440.96,440.67,440.96,0.07,11530.72,4987790.75,1
2024-12-09,2024-12-09 13:50:00,440.96,441.25,440.96,441.25,0.07,11530.72,4987790.75,1
2024-12-09,2024-12-09 14:00:00,441.25,441.54,441.25,441.54,0.07,11530.72,4987790.75,1
2024-12-09,2024-12-09 14:10:00,441.54,441.83,441.54,441.83,0.07,11530.72,4987790.75,1
2024-12-09,2024-12-09 14:20:00,441.83,442.12,441.83,442.12,0.07,11530.72,4987790.75,1
2024-12-09,2024-12-09 14:30:00,442.12,442.42,442.12,442.42,0.07,11530.72,4987790.75,1
2024-12-09,2024-12-09 14:40:00,442.42,442.71,442.42,442.71,0.07,11530.72,4987790.75,1
2024-12-09,2024-12-09 14:50:00,442.71,443.0,442.71,443.0,0.07,11530.72,4987790.75,1
2024-12-09,2024-12-09 15:00:00,443.0,444.9,418.0,443.0,0.0,11530.72,4987790.75,0
2024-12-10,2024-12-10 11:00:00,450.0,458.76,439.56,451.12,0.25,6532.48,2899424.82,1
2024-12-10,2024-12-10 11:10:00,451.12,452.25,451.12,452.25,0.25,6532.48,2899424.82,1
2024-12-10,2024-12-10 11:20:00,452.25,453.38,452.25,453.38,0.25,6532.48,2899424.82,1
2024-12-10,2024-12-10 11:30:00,453.38,454.5,453.38,454.5,0.25,6532.48,2899424.82,1
2024-12-10,2024-12-10 11:40:00,454.5,455.62,454.5,455.62,0.25,6532.48,2899424.82,1
2024-12-10,2024-12-10 11:50:00,455.62,456.75,455.62,456.75,0.25,6532.48,2899424.82,1
2024-12-10,2024-12-10 12:00:00,456.75,457.88,456.75,457.88,0.25,6532.48,2899424.82,1
2024-12-10,2024-12-10 12:10:00,457.88,459.0,457.88,459.0,0.24,6532.48,2899424.82,1
2024-12-10,2024-12-10 12:20:00,459.0,460.12,459.0,460.12,0.24,6532.48,2899424.82,1
2024-12-10,2024-12-10 12:30:00,460.12,461.25,460.12,461.25,0.25,6532.48,2899424.82,1
2024-12-10,2024-12-10 12:40:00,461.25,462.38,461.25,462.38,0.24,6532.48,2899424.82,1
2024-12-10,2024-12-10 12:50:00,462.38,463.5,462.38,463.5,0.24,6532.48,2899424.82,1
2024-12-10,2024-12-10 13:00:00,463.5,479.2,415.2,464.62,0.24,6532.48,2899424.82,1
2024-12-10,2024-12-10 13:10:00,464.62,465.75,464.62,465.75,0.24,6532.48,2899424.82,1
2024-12-10,2024-12-10 13:20:00,465.75,466.88,465.75,466.88,0.24,6532.48,2899424.82,1
2024-12-10,2024-12-10 13:30:00,466.88,468.0,466.88,468.0,0.24,6532.48,2899424.82,1
2024-12-10,2024-12-10 13:40:00,468.0,469.12,468.0,469.12,0.24,6532.48,2899424.82,1
2024-12-10,2024-12-10 13:50:00,469.12,470.25,469.12,470.25,0.24,6532.48,2899424.82,1
2024-12-10,2024-12-10 14:00:00,470.25,471.38,470.25,471.38,0.24,6532.48,2899424.82,1
2024-12-10,2024-12-10 14:10:00,471.38,472.5,471.38,472.5,0.24,6532.48,2899424.82,1
2024-12-10,2024-12-10 14:20:00,472.5,473.62,472.5,473.62,0.24,6532.48,2899424.82,1
2024-12-10,2024-12-10 14:30:00,473.62,474.75,473.62,474.75,0.24,6532.48,2899424.82,1
2024-12-10,2024-12-10 14:40:00,474.75,475.88,474.75,475.88,0.24,6532.48,2899424.82,1
2024-12-10,2024-12-10 14:50:00,475.88,477.0,475.88,477.0,0.24,6532.48,2899424.82,1
2024-12-10,2024-12-10 15:00:00,477.0,479.2,415.2,477.0,0.0,6532.48,2899424.82,0
2024-12-11,2024-12-11 11:00:00,467.5,467.5,456.04,466.26,-0.27,9085.6,3941455.25,-1
2024-12-11,2024-12-11 11:10:00,466.26,466.26,465.02,465.02,-0.27,9085.6,3941455.25,-1
2024-12-11,2024-12-11 11:20:00,465.02,465.02,463.79,463.79,-0.26,9085.6,3941455.25,-1
2024-12-11,2024-12-11 11:30:00,463.79,463.79,462.55,462.55,-0.27,9085.6,3941455.25,-1
2024-12-11,2024-12-11 11:40:00,462.55,462.55,461.31,461.31,-0.27,9085.6,3941455.25,-1
2024-12-11,2024-12-11 11:50:00,461.31,461.31,460.07,460.07,-0.27,9085.6,3941455.25,-1
2024-12-11,2024-12-11 12:00:00,460.07,460.07,458.84,458.84,-0.27,9085.6,3941455.25,-1
2024-12-11,2024-12-11 12:10:00,458.84,458.84,457.6,457.6,-0.27,9085.6,3941455.25,-1
2024-12-11,2024-12-11 12:20:00,457.6,457.6,456.36,456.36,-0.27,9085.6,3941455.25,-1
2024-12-11,2024-12-11 12:30:00,456.36,456.36,455.12,455.12,-0.27,9085.6,3941455.25,-1
2024-12-11,2024-12-11 12:40:00,455.12,455.12,453.89,453.89,-0.27,9085.6,3941455.25,-1
2024-12-11,2024-12-11 12:50:00,453.89,453.89,452.65,452.65,-0.27,9085.6,3941455.25,-1
2024-12-11,2024-12-11 13:00:00,452.65,467.5,429.3,451.41,-0.27,9085.6,3941455.25,-1
2024-12-11,2024-12-11 13:10:00,451.41,451.41,450.18,450.18,-0.27,9085.6,3941455.25,-1
2024-12-11,2024-12-11 13:20:00,450.18,450.18,448.94,448.94,-0.28,9085.6,3941455.25,-1
2024-12-11,2024-12-11 13:30:00,448.94,448.94,447.7,447.7,-0.28,9085.6,3941455.25,-1
2024-12-11,2024-12-11 13:40:00,447.7,447.7,446.46,446.46,-0.28,9085.6,3941455.25,-1
2024-12-11,2024-12-11 13:50:00,446.46,446.46,445.23,445.23,-0.28,9085.6,3941455.25,-1
2024-12-11,2024-12-11 14:00:00,445.23,445.23,443.99,443.99,-0.28,9085.6,3941455.25,-1
2024-12-11,2024-12-11 14:10:00,443.99,443.99,442.75,442.75,-0.28,9085.6,3941455.25,-1
2024-12-11,2024-12-11 14:20:00,442.75,442.75,441.51,441.51,-0.28,9085.6,3941455.25,-1
2024-12-11,2024-12-11 14:30:00,441.51,441.51,440.28,440.28,-0.28,9085.6,3941455.25,-1
2024-12-11,2024-12-11 14:40:00,440.28,440.28,439.04,439.04,-0.28,9085.6,3941455.25,-1
2024-12-11,2024-12-11 14:50:00,439.04,439.04,437.8,437.8,-0.28,9085.6,3941455.25,-1
2024-12-11,2024-12-11 15:00:00,437.8,467.5,429.3,437.8,0.0,9085.6,3941455.25,0
2024-12-12,2024-12-12 11:00:00,429.1,439.6,422.44,428.47,-0.15,14103.16,6091359.51,-1
2024-12-12,2024-12-12 11:10:00,428.47,428.47,427.84,427.84,-0.15,14103.16,6091359.51,-1
2024-12-12,2024-12-12 11:20:00,427.84,427.84,427.21,427.21,-0.15,14103.16,6091359.51,-1
2024-12-12,2024-12-12 11:30:00,427.21,427.21,426.58,426.58,-0.15,14103.16,6091359.51,-1
2024-12-12,2024-12-12 11:40:00,426.58,426.58,425.95,425.95,-0.15,14103.16,6091359.51,-1
2024-12-12,2024-12-12 11:50:00,425.95,425.95,425.33,425.33,-0.15,14103.16,6091359.51,-1
2024-12-12,2024-12-12 12:00:00,425.33,425.33,424.7,424.7,-0.15,14103.16,6091359.51,-1
2024-12-12,2024-12-12 12:10:00,424.7,424.7,424.07,424.07,-0.15,14103.16,6091359.51,-1
2024-12-12,2024-12-12 12:20:00,424.07,424.07,423.44,423.44,-0.15,14103.16,6091359.51,-1
2024-12-12,2024-12-12 12:30:00,423.44,423.44,422.81,422.81,-0.15,14103.16,6091359.51,-1
2024-12-12,2024-12-12 12:40:00,422.81,422.81,422.18,422.18,-0.15,14103.16,6091359.51,-1
2024-12-12,2024-12-12 12:50:00,422.18,422.18,421.55,421.55,-0.15,14103.16,6091359.51,-1
2024-12-12,2024-12-12 13:00:00,421.55,464.1,406.9,420.92,-0.15,14103.16,6091359.51,-1
2024-12-12,2024-12-12 13:10:00,420.92,420.92,420.29,420.29,-0.15,14103.16,6091359.51,-1
2024-12-12,2024-12-12 13:20:00,420.29,420.29,419.66,419.66,-0.15,14103.16,6091359.51,-1
2024-12-12,2024-12-12 13:30:00,419.66,419.66,419.03,419.03,-0.15,14103.16,6091359.51,-1
2024-12-12,2024-12-12 13:40:00,419.03,419.03,418.4,418.4,-0.15,14103.16,6091359.51,-1
2024-12-12,2024-12-12 13:50:00,418.4,418.4,417.77,417.77,-0.15,14103.16,6091359.51,-1
2024-12-12,2024-12-12 14:00:00,417.77,417.77,417.15,417.15,-0.15,14103.16,6091359.51,-1
2024-12-12,2024-12-12 14:10:00,417.15,417.15,416.52,416.52,-0.15,14103.16,6091359.51,-1
2024-12-12,2024-12-12 14:20:00,416.52,416.52,415.89,415.89,-0.15,14103.16,6091359.51,-1
2024-12-12,2024-12-12 14:30:00,415.89,415.89,415.26,415.26,-0.15,14103.16,6091359.51,-1
2024-12-12,2024-12-12 14:40:00,415.26,415.26,414.63,414.63,-0.15,14103.16,6091359.51,-1
2024-12-12,2024-12-12 14:50:00,414.63,414.63,414.0,414.0,-0.15,14103.16,6091359.51,-1
2024-12-12,2024-12-12 15:00:00,414.0,464.1,406.9,414.0,0.0,14103.16,6091359.51,0
2024-12-16,2024-12-16 11:00:00,422.2,432.1,422.2,423.48,0.3,16972.88,7557822.5,1
2024-12-16,2024-12-16 11:10:00,423.48,424.76,423.48,424.76,0.3,16972.88,7557822.5,1
2024-12-16,2024-12-16 11:20:00,424.76,426.04,424.76,426.04,0.3,16972.88,7557822.5,1
2024-12-16,2024-12-16 11:30:00,426.04,427.32,426.04,427.32,0.3,16972.88,7557822.5,1
2024-12-16,2024-12-16 11:40:00,427.32,428.6,427.32,428.6,0.3,16972.88,7557822.5,1
2024-12-16,2024-12-16 11:50:00,428.6,429.88,428.6,429.88,0.3,16972.88,7557822.5,1
2024-12-16,2024-12-16 12:00:00,429.88,431.15,429.88,431.15,0.3,16972.88,7557822.5,1
2024-12-16,2024-12-16 12:10:00,431.15,432.43,431.15,432.43,0.3,16972.88,7557822.5,1
2024-12-16,2024-12-16 12:20:00,432.43,433.71,432.43,433.71,0.3,16972.88,7557822.5,1
2024-12-16,2024-12-16 12:30:00,433.71,434.99,433.71,434.99,0.3,16972.88,7557822.5,1
2024-12-16,2024-12-16 12:40:00,434.99,436.27,434.99,436.27,0.29,16972.88,7557822.5,1
2024-12-16,2024-12-16 12:50:00,436.27,437.55,436.27,437.55,0.29,16972.88,7557822.5,1
2024-12-16,2024-12-16 13:00:00,437.55,455.2,422.2,438.83,0.29,16972.88,7557822.5,1
2024-12-16,2024-12-16 13:10:00,438.83,440.11,438.83,440.11,0.29,16972.88,7557822.5,1
2024-12-16,2024-12-16 13:20:00,440.11,441.39,440.11,441.39,0.29,16972.88,7557822.5,1
2024-12-16,2024-12-16 13:30:00,441.39,442.67,441.39,442.67,0.29,16972.88,7557822.5,1
2024-12-16,2024-12-16 13:40:00,442.67,443.95,442.67,443.95,0.29,16972.88,7557822.5,1
2024-12-16,2024-12-16 13:50:00,443.95,445.22,443.95,445.22,0.29,16972.88,7557822.5,1
2024-12-16,2024-12-16 14:00:00,445.22,446.5,445.22,446.5,0.29,16972.88,7557822.5,1
2024-12-16,2024-12-16 14:10:00,446.5,447.78,446.5,447.78,0.29,16972.88,7557822.5,1
2024-12-16,2024-12-16 14:20:00,447.78,449.06,447.78,449.06,0.29,16972.88,7557822.5,1
2024-12-16,2024-12-16 14:30:00,449.06,450.34,449.06,450.34,0.29,16972.88,7557822.5,1
2024-12-16,2024-12-16 14:40:00,450.34,451.62,450.34,451.62,0.28,16972.88,7557822.5,1
2024-12-16,2024-12-16 14:50:00,451.62,452.9,451.62,452.9,0.28,16972.88,7557822.5,1
2024-12-16,2024-12-16 15:00:00,452.9,455.2,422.2,452.9,0.0,16972.88,7557822.5,0
2024-12-17,2024-12-17 11:00:00,455.0,456.8,449.9,454.71,-0.06,4043.56,1829896.98,-1
2024-12-17,2024-12-17 11:10:00,454.71,454.71,454.42,454.42,-0.06,4043.56,1829896.98,-1
2024-12-17,2024-12-17 11:20:00,454.42,454.42,454.12,454.12,-0.07,4043.56,1829896.98,-1
2024-12-17,2024-12-17 11:30:00,454.12,454.12,453.83,453.83,-0.06,4043.56,1829896.98,-1
2024-12-17,2024-12-17 11:40:00,453.83,453.83,453.54,453.54,-0.06,4043.56,1829896.98,-1
2024-12-17,2024-12-17 11:50:00,453.54,453.54,453.25,453.25,-0.06,4043.56,1829896.98,-1
2024-12-17,2024-12-17 12:00:00,453.25,453.25,452.96,452.96,-0.06,4043.56,1829896.98,-1
2024-12-17,2024-12-17 12:10:00,452.96,452.96,452.67,452.67,-0.06,4043.56,1829896.98,-1
2024-12-17,2024-12-17 12:20:00,452.67,452.67,452.38,452.38,-0.06,4043.56,1829896.98,-1
2024-12-17,2024-12-17 12:30:00,452.38,452.38,452.08,452.08,-0.07,4043.56,1829896.98,-1
2024-12-17,2024-12-17 12:40:00,452.08,452.08,451.79,451.79,-0.06,4043.56,1829896.98,-1
2024-12-17,2024-12-17 12:50:00,451.79,451.79,451.5,451.5,-0.06,4043.56,1829896.98,-1
2024-12-17,2024-12-17 13:00:00,451.5,461.0,438.0,451.21,-0.06,4043.56,1829896.98,-1
2024-12-17,2024-12-17 13:10:00,451.21,451.21,450.92,450.92,-0.06,4043.56,1829896.98,-1
2024-12-17,2024-12-17 13:20:00,450.92,450.92,450.62,450.62,-0.07,4043.56,1829896.98,-1
2024-12-17,2024-12-17 13:30:00,450.62,450.62,450.33,450.33,-0.06,4043.56,1829896.98,-1
2024-12-17,2024-12-17 13:40:00,450.33,450.33,450.04,450.04,-0.06,4043.56,1829896.98,-1
2024-12-17,2024-12-17 13:50:00,450.04,450.04,449.75,449.75,-0.06,4043.56,1829896.98,-1
2024-12-17,2024-12-17 14:00:00,449.75,449.75,449.46,449.46,-0.06,4043.56,1829896.98,-1
2024-12-17,2024-12-17 14:10:00,449.46,449.46,449.17,449.17,-0.06,4043.56,1829896.98,-1
2024-12-17,2024-12-17 14:20:00,449.17,449.17,448.88,448.88,-0.06,4043.56,1829896.98,-1
2024-12-17,2024-12-17 14:30:00,448.88,448.88,448.58,448.58,-0.07,4043.56,1829896.98,-1
2024-12-17,2024-12-17 14:40:00,448.58,448.58,448.29,448.29,-0.06,4043.56,1829896.98,-1
2024-12-17,2024-12-17 14:50:00,448.29,448.29,448.0,448.0,-0.06,4043.56,1829896.98,-1
2024-12-17,2024-12-17 15:00:00,448.0,461.0,438.0,448.0,0.0,4043.56,1829896.98,0
2024-12-18,2024-12-18 11:00:00,456.9,456.93,452.13,456.78,-0.03,4733.08,2131607.5,-1
2024-12-18,2024-12-18 11:10:00,456.78,456.78,456.67,456.67,-0.02,4733.08,2131607.5,-1
2024-12-18,2024-12-18 11:20:00,456.67,456.67,456.55,456.55,-0.03,4733.08,2131607.5,-1
2024-12-18,2024-12-18 11:30:00,456.55,456.55,456.43,456.43,-0.03,4733.08,2131607.5,-1
2024-12-18,2024-12-18 11:40:00,456.43,456.43,456.32,456.32,-0.02,4733.08,2131607.5,-1
2024-12-18,2024-12-18 11:50:00,456.32,456.32,456.2,456.2,-0.03,4733.08,2131607.5,-1
2024-12-18,2024-12-18 12:00:00,456.2,456.2,456.08,456.08,-0.03,4733.08,2131607.5,-1
2024-12-18,2024-12-18 12:10:00,456.08,456.08,455.97,455.97,-0.02,4733.08,2131607.5,-1
2024-12-18,2024-12-18 12:20:00,455.97,455.97,455.85,455.85,-0.03,4733.08,2131607.5,-1
2024-12-18,2024-12-18 12:30:00,455.85,455.85,455.73,455.73,-0.03,4733.08,2131607.5,-1
2024-12-18,2024-12-18 12:40:00,455.73,455.73,455.62,455.62,-0.02,4733.08,2131607.5,-1
2024-12-18,2024-12-18 12:50:00,455.62,455.62,455.5,455.5,-0.03,4733.08,2131607.5,-1
2024-12-18,2024-12-18 13:00:00,455.5,457.0,441.0,455.38,-0.03,4733.08,2131607.5,-1
2024-12-18,2024-12-18 13:10:00,455.38,455.38,455.27,455.27,-0.02,4733.08,2131607.5,-1
2024-12-18,2024-12-18 13:20:00,455.27,455.27,455.15,455.15,-0.03,4733.08,2131607.5,-1
2024-12-18,2024-12-18 13:30:00,455.15,455.15,455.03,455.03,-0.03,4733.08,2131607.5,-1
2024-12-18,2024-12-18 13:40:00,455.03,455.03,454.92,454.92,-0.02,4733.08,2131607.5,-1
2024-12-18,2024-12-18 13:50:00,454.92,454.92,454.8,454.8,-0.03,4733.08,2131607.5,-1
2024-12-18,2024-12-18 14:00:00,454.8,454.8,454.68,454.68,-0.03,4733.08,2131607.5,-1
2024-12-18,2024-12-18 14:10:00,454.68,454.68,454.57,454.57,-0.02,4733.08,2131607.5,-1
2024-12-18,2024-12-18 14:20:00,454.57,454.57,454.45,454.45,-0.03,4733.08,2131607.5,-1
2024-12-18,2024-12-18 14:30:00,454.45,454.45,454.33,454.33,-0.03,4733.08,2131607.5,-1
2024-12-18,2024-12-18 14:40:00,454.33,454.33,454.22,454.22,-0.02,4733.08,2131607.5,-1
2024-12-18,2024-12-18 14:50:00,454.22,454.22,454.1,454.1,-0.03,4733.08,2131607.5,-1
2024-12-18,2024-12-18 15:00:00,454.1,457.0,441.0,454.1,0.0,4733.08,2131607.5,0
2024-12-19,2024-12-19 11:00:00,463.0,463.0,456.7,462.87,-0.03,6799.56,3090372.16,-1
2024-12-19,2024-12-19 11:10:00,462.87,462.87,462.74,462.74,-0.03,6799.56,3090372.16,-1
2024-12-19,2024-12-19 11:20:00,462.74,462.74,462.61,462.61,-0.03,6799.56,3090372.16,-1
2024-12-19,2024-12-19 11:30:00,462.61,462.61,462.48,462.48,-0.03,6799.56,3090372.16,-1
2024-12-19,2024-12-19 11:40:00,462.48,462.48,462.35,462.35,-0.03,6799.56,3090372.16,-1
2024-12-19,2024-12-19 11:50:00,462.35,462.35,462.23,462.23,-0.03,6799.56,3090372.16,-1
2024-12-19,2024-12-19 12:00:00,462.23,462.23,462.1,462.1,-0.03,6799.56,3090372.16,-1
2024-12-19,2024-12-19 12:10:00,462.1,462.1,461.97,461.97,-0.03,6799.56,3090372.16,-1
2024-12-19,2024-12-19 12:20:00,461.97,461.97,461.84,461.84,-0.03,6799.56,3090372.16,-1
2024-12-19,2024-12-19 12:30:00,461.84,461.84,461.71,461.71,-0.03,6799.56,3090372.16,-1
2024-12-19,2024-12-19 12:40:00,461.71,461.71,461.58,461.58,-0.03,6799.56,3090372.16,-1
2024-12-19,2024-12-19 12:50:00,461.58,461.58,461.45,461.45,-0.03,6799.56,3090372.16,-1
2024-12-19,2024-12-19 13:00:00,461.45,463.0,442.0,461.32,-0.03,6799.56,3090372.16,-1
2024-12-19,2024-12-19 13:10:00,461.32,461.32,461.19,461.19,-0.03,6799.56,3090372.16,-1
2024-12-19,2024-12-19 13:20:00,461.19,461.19,461.06,461.06,-0.03,6799.56,3090372.16,-1
2024-12-19,2024-12-19 13:30:00,461.06,461.06,460.93,460.93,-0.03,6799.56,3090372.16,-1
2024-12-19,2024-12-19 13:40:00,460.93,460.93,460.8,460.8,-0.03,6799.56,3090372.16,-1
2024-12-19,2024-12-19 13:50:00,460.8,460.8,460.67,460.67,-0.03,6799.56,3090372.16,-1
2024-12-19,2024-12-19 14:00:00,460.67,460.67,460.55,460.55,-0.03,6799.56,3090372.16,-1
2024-12-19,2024-12-19 14:10:00,460.55,460.55,460.42,460.42,-0.03,6799.56,3090372.16,-1
2024-12-19,2024-12-19 14:20:00,460.42,460.42,460.29,460.29,-0.03,6799.56,3090372.16,-1
2024-12-19,2024-12-19 14:30:00,460.29,460.29,460.16,460.16,-0.03,6799.56,3090372.16,-1
2024-12-19,2024-12-19 14:40:00,460.16,460.16,460.03,460.03,-0.03,6799.56,3090372.16,-1
2024-12-19,2024-12-19 14:50:00,460.03,460.03,459.9,459.9,-0.03,6799.56,3090372.16,-1
2024-12-19,2024-12-19 15:00:00,459.9,463.0,442.0,459.9,0.0,6799.56,3090372.16,0
2024-12-22,2024-12-22 11:00:00,455.0,457.07,450.83,454.8,-0.04,3872.48,1746878.17,-1
2024-12-22,2024-12-22 11:10:00,454.8,454.8,454.59,454.59,-0.05,3872.48,1746878.17,-1
2024-12-22,2024-12-22 11:20:00,454.59,454.59,454.39,454.39,-0.04,3872.48,1746878.17,-1
2024-12-22,2024-12-22 11:30:00,454.39,454.39,454.18,454.18,-0.05,3872.48,1746878.17,-1
2024-12-22,2024-12-22 11:40:00,454.18,454.18,453.98,453.98,-0.04,3872.48,1746878.17,-1
2024-12-22,2024-12-22 11:50:00,453.98,453.98,453.77,453.77,-0.05,3872.48,1746878.17,-1
2024-12-22,2024-12-22 12:00:00,453.77,453.77,453.57,453.57,-0.04,3872.48,1746878.17,-1
2024-12-22,2024-12-22 12:10:00,453.57,453.57,453.37,453.37,-0.04,3872.48,1746878.17,-1
2024-12-22,2024-12-22 12:20:00,453.37,453.37,453.16,453.16,-0.05,3872.48,1746878.17,-1
2024-12-22,2024-12-22 12:30:00,453.16,453.16,452.96,452.96,-0.04,3872.48,1746878.17,-1
2024-12-22,2024-12-22 12:40:00,452.96,452.96,452.75,452.75,-0.05,3872.48,1746878.17,-1
2024-12-22,2024-12-22 12:50:00,452.75,452.75,452.55,452.55,-0.04,3872.48,1746878.17,-1
2024-12-22,2024-12-22 13:00:00,452.55,461.9,441.1,452.35,-0.04,3872.48,1746878.17,-1
2024-12-22,2024-12-22 13:10:00,452.35,452.35,452.14,452.14,-0.05,3872.48,1746878.17,-1
2024-12-22,2024-12-22 13:20:00,452.14,452.14,451.94,451.94,-0.04,3872.48,1746878.17,-1
2024-12-22,2024-12-22 13:30:00,451.94,451.94,451.73,451.73,-0.05,3872.48,1746878.17,-1
2024-12-22,2024-12-22 13:40:00,451.73,451.73,451.53,451.53,-0.04,3872.48,1746878.17,-1
2024-12-22,2024-12-22 13:50:00,451.53,451.53,451.33,451.33,-0.04,3872.48,1746878.17,-1
2024-12-22,2024-12-22 14:00:00,451.33,451.33,451.12,451.12,-0.05,3872.48,1746878.17,-1
2024-12-22,2024-12-22 14:10:00,451.12,451.12,450.92,450.92,-0.04,3872.48,1746878.17,-1
2024-12-22,2024-12-22 14:20:00,450.92,450.92,450.71,450.71,-0.05,3872.48,1746878.17,-1
2024-12-22,2024-12-22 14:30:00,450.71,450.71,450.51,450.51,-0.04,3872.48,1746878.17,-1
2024-12-22,2024-12-22 14:40:00,450.51,450.51,450.3,450.3,-0.05,3872.48,1746878.17,-1
2024-12-22,2024-12-22 14:50:00,450.3,450.3,450.1,450.1,-0.04,3872.48,1746878.17,-1
2024-12-22,2024-12-22 15:00:00,450.1,461.9,441.1,450.1,0.0,3872.48,1746878.17,0
2024-12-23,2024-12-23 11:00:00,449.1,462.06,444.33,450.49,0.31,10461.16,4705548.02,1
2024-12-23,2024-12-23 11:10:00,450.49,451.88,450.49,451.88,0.31,10461.16,4705548.02,1
2024-12-23,2024-12-23 11:20:00,451.88,453.28,451.88,453.28,0.31,10461.16,4705548.02,1
2024-12-23,2024-12-23 11:30:00,453.28,454.67,453.28,454.67,0.31,10461.16,4705548.02,1
2024-12-23,2024-12-23 11:40:00,454.67,456.06,454.67,456.06,0.31,10461.16,4705548.02,1
2024-12-23,2024-12-23 11:50:00,456.06,457.45,456.06,457.45,0.3,10461.16,4705548.02,1
2024-12-23,2024-12-23 12:00:00,457.45,458.84,457.45,458.84,0.3,10461.16,4705548.02,1
2024-12-23,2024-12-23 12:10:00,458.84,460.23,458.84,460.23,0.3,10461.16,4705548.02,1
2024-12-23,2024-12-23 12:20:00,460.23,461.62,460.23,461.62,0.3,10461.16,4705548.02,1
2024-12-23,2024-12-23 12:30:00,461.62,463.02,461.62,463.02,0.3,10461.16,4705548.02,1
2024-12-23,2024-12-23 12:40:00,463.02,464.41,463.02,464.41,0.3,10461.16,4705548.02,1
2024-12-23,2024-12-23 12:50:00,464.41,465.8,464.41,465.8,0.3,10461.16,4705548.02,1
2024-12-23,2024-12-23 13:00:00,465.8,492.3,433.2,467.19,0.3,10461.16,4705548.02,1
2024-12-23,2024-12-23 13:10:00,467.19,468.58,467.19,468.58,0.3,10461.16,4705548.02,1
2024-12-23,2024-12-23 13:20:00,468.58,469.98,468.58,469.98,0.3,10461.16,4705548.02,1
2024-12-23,2024-12-23 13:30:00,469.98,471.37,469.98,471.37,0.3,10461.16,4705548.02,1
2024-12-23,2024-12-23 13:40:00,471.37,472.76,471.37,472.76,0.29,10461.16,4705548.02,1
2024-12-23,2024-12-23 13:50:00,472.76,474.15,472.76,474.15,0.29,10461.16,4705548.02,1
2024-12-23,2024-12-23 14:00:00,474.15,475.54,474.15,475.54,0.29,10461.16,4705548.02,1
2024-12-23,2024-12-23 14:10:00,475.54,476.93,475.54,476.93,0.29,10461.16,4705548.02,1
2024-12-23,2024-12-23 14:20:00,476.93,478.32,476.93,478.32,0.29,10461.16,4705548.02,1
2024-12-23,2024-12-23 14:30:00,478.32,479.72,478.32,479.72,0.29,10461.16,4705548.02,1
2024-12-23,2024-12-23 14:40:00,479.72,481.11,479.72,481.11,0.29,10461.16,4705548.02,1
2024-12-23,2024-12-23 14:50:00,481.11,482.5,481.11,482.5,0.29,10461.16,4705548.02,1
2024-12-23,2024-12-23 15:00:00,482.5,492.3,433.2,482.5,0.0,10461.16,4705548.02,0
2024-12-24,2024-12-24 11:00:00,473.0,487.58,464.87,474.6,0.34,16710.12,7708818.68,1
2024-12-24,2024-12-24 11:10:00,474.6,476.2,474.6,476.2,0.34,16710.12,7708818.68,1
2024-12-24,2024-12-24 11:20:00,476.2,477.8,476.2,477.8,0.34,16710.12,7708818.68,1
2024-12-24,2024-12-24 11:30:00,477.8,479.4,477.8,479.4,0.33,16710.12,7708818.68,1
2024-12-24,2024-12-24 11:40:00,479.4,481.0,479.4,481.0,0.33,16710.12,7708818.68,1
2024-12-24,2024-12-24 11:50:00,481.0,482.6,481.0,482.6,0.33,16710.12,7708818.68,1
2024-12-24,2024-12-24 12:00:00,482.6,484.2,482.6,484.2,0.33,16710.12,7708818.68,1
2024-12-24,2024-12-24 12:10:00,484.2,485.8,484.2,485.8,0.33,16710.12,7708818.68,1
2024-12-24,2024-12-24 12:20:00,485.8,487.4,485.8,487.4,0.33,16710.12,7708818.68,1
2024-12-24,2024-12-24 12:30:00,487.4,489.0,487.4,489.0,0.33,16710.12,7708818.68,1
2024-12-24,2024-12-24 12:40:00,489.0,490.6,489.0,490.6,0.33,16710.12,7708818.68,1
2024-12-24,2024-12-24 12:50:00,490.6,492.2,490.6,492.2,0.33,16710.12,7708818.68,1
2024-12-24,2024-12-24 13:00:00,492.2,521.6,445.9,493.8,0.33,16710.12,7708818.68,1
2024-12-24,2024-12-24 13:10:00,493.8,495.4,493.8,495.4,0.32,16710.12,7708818.68,1
2024-12-24,2024-12-24 13:20:00,495.4,497.0,495.4,497.0,0.32,16710.12,7708818.68,1
2024-12-24,2024-12-24 13:30:00,497.0,498.6,497.0,498.6,0.32,16710.12,7708818.68,1
2024-12-24,2024-12-24 13:40:00,498.6,500.2,498.6,500.2,0.32,16710.12,7708818.68,1
2024-12-24,2024-12-24 13:50:00,500.2,501.8,500.2,501.8,0.32,16710.12,7708818.68,1
2024-12-24,2024-12-24 14:00:00,501.8,503.4,501.8,503.4,0.32,16710.12,7708818.68,1
2024-12-24,2024-12-24 14:10:00,503.4,505.0,503.4,505.0,0.32,16710.12,7708818.68,1
2024-12-24,2024-12-24 14:20:00,505.0,506.6,505.0,506.6,0.32,16710.12,7708818.68,1
2024-12-24,2024-12-24 14:30:00,506.6,508.2,506.6,508.2,0.32,16710.12,7708818.68,1
2024-12-24,2024-12-24 14:40:00,508.2,509.8,508.2,509.8,0.31,16710.12,7708818.68,1
2024-12-24,2024-12-24 14:50:00,509.8,511.4,509.8,511.4,0.31,16710.12,7708818.68,1
2024-12-24,2024-12-24 15:00:00,511.4,521.6,445.9,511.4,0.0,16710.12,7708818.68,0
2024-12-26,2024-12-26 11:00:00,510.4,510.4,495.37,508.31,-0.41,8100.76,3745352.74,-1
2024-12-26,2024-12-26 11:10:00,508.31,508.31,506.22,506.22,-0.41,8100.76,3745352.74,-1
2024-12-26,2024-12-26 11:20:00,506.22,506.22,504.14,504.14,-0.41,8100.76,3745352.74,-1
2024-12-26,2024-12-26 11:30:00,504.14,504.14,502.05,502.05,-0.41,8100.76,3745352.74,-1
2024-12-26,2024-12-26 11:40:00,502.05,502.05,499.96,499.96,-0.42,8100.76,3745352.74,-1
2024-12-26,2024-12-26 11:50:00,499.96,499.96,497.88,497.88,-0.42,8100.76,3745352.74,-1
2024-12-26,2024-12-26 12:00:00,497.88,497.88,495.79,495.79,-0.42,8100.76,3745352.74,-1
2024-12-26,2024-12-26 12:10:00,495.79,495.79,493.7,493.7,-0.42,8100.76,3745352.74,-1
2024-12-26,2024-12-26 12:20:00,493.7,493.7,491.61,491.61,-0.42,8100.76,3745352.74,-1
2024-12-26,2024-12-26 12:30:00,491.61,491.61,489.52,489.52,-0.43,8100.76,3745352.74,-1
2024-12-26,2024-12-26 12:40:00,489.52,489.52,487.44,487.44,-0.42,8100.76,3745352.74,-1
2024-12-26,2024-12-26 12:50:00,487.44,487.44,485.35,485.35,-0.43,8100.76,3745352.74,-1
2024-12-26,2024-12-26 13:00:00,485.35,510.4,460.3,483.26,-0.43,8100.76,3745352.74,-1
2024-12-26,2024-12-26 13:10:00,483.26,483.26,481.18,481.18,-0.43,8100.76,3745352.74,-1
2024-12-26,2024-12-26 13:20:00,481.18,481.18,479.09,479.09,-0.43,8100.76,3745352.74,-1
2024-12-26,2024-12-26 13:30:00,479.09,479.09,477.0,477.0,-0.44,8100.76,3745352.74,-1
2024-12-26,2024-12-26 13:40:00,477.0,477.0,474.91,474.91,-0.44,8100.76,3745352.74,-1
2024-12-26,2024-12-26 13:50:00,474.91,474.91,472.82,472.82,-0.44,8100.76,3745352.74,-1
2024-12-26,2024-12-26 14:00:00,472.82,472.82,470.74,470.74,-0.44,8100.76,3745352.74,-1
2024-12-26,2024-12-26 14:10:00,470.74,470.74,468.65,468.65,-0.44,8100.76,3745352.74,-1
2024-12-26,2024-12-26 14:20:00,468.65,468.65,466.56,466.56,-0.45,8100.76,3745352.74,-1
2024-12-26,2024-12-26 14:30:00,466.56,466.56,464.48,464.48,-0.45,8100.76,3745352.74,-1
2024-12-26,2024-12-26 14:40:00,464.48,464.48,462.39,462.39,-0.45,8100.76,3745352.74,-1
2024-12-26,2024-12-26 14:50:00,462.39,462.39,460.3,460.3,-0.45,8100.76,3745352.74,-1
2024-12-26,2024-12-26 15:00:00,460.3,510.4,460.3,460.3,0.0,8100.76,3745352.74,0
2024-12-29,2024-12-29 11:00:00,451.1,451.1,440.06,449.8,-0.29,7343.76,3117265.6,-1
2024-12-29,2024-12-29 11:10:00,449.8,449.8,448.51,448.51,-0.29,7343.76,3117265.6,-1
2024-12-29,2024-12-29 11:20:00,448.51,448.51,447.21,447.21,-0.29,7343.76,3117265.6,-1
2024-12-29,2024-12-29 11:30:00,447.21,447.21,445.92,445.92,-0.29,7343.76,3117265.6,-1
2024-12-29,2024-12-29 11:40:00,445.92,445.92,444.62,444.62,-0.29,7343.76,3117265.6,-1
2024-12-29,2024-12-29 11:50:00,444.62,444.62,443.33,443.33,-0.29,7343.76,3117265.6,-1
2024-12-29,2024-12-29 12:00:00,443.33,443.33,442.03,442.03,-0.29,7343.76,3117265.6,-1
2024-12-29,2024-12-29 12:10:00,442.03,442.03,440.73,440.73,-0.29,7343.76,3117265.6,-1
2024-12-29,2024-12-29 12:20:00,440.73,440.73,439.44,439.44,-0.29,7343.76,3117265.6,-1
2024-12-29,2024-12-29 12:30:00,439.44,439.44,438.14,438.14,-0.3,7343.76,3117265.6,-1
2024-12-29,2024-12-29 12:40:00,438.14,438.14,436.85,436.85,-0.29,7343.76,3117265.6,-1
2024-12-29,2024-12-29 12:50:00,436.85,436.85,435.55,435.55,-0.3,7343.76,3117265.6,-1
2024-12-29,2024-12-29 13:00:00,435.55,451.1,414.3,434.25,-0.3,7343.76,3117265.6,-1
2024-12-29,2024-12-29 13:10:00,434.25,434.25,432.96,432.96,-0.3,7343.76,3117265.6,-1
2024-12-29,2024-12-29 13:20:00,432.96,432.96,431.66,431.66,-0.3,7343.76,3117265.6,-1
2024-12-29,2024-12-29 13:30:00,431.66,431.66,430.37,430.37,-0.3,7343.76,3117265.6,-1
2024-12-29,2024-12-29 13:40:00,430.37,430.37,429.07,429.07,-0.3,7343.76,3117265.6,-1
2024-12-29,2024-12-29 13:50:00,429.07,429.07,427.77,427.77,-0.3,7343.76,3117265.6,-1
2024-12-29,2024-12-29 14:00:00,427.77,427.77,426.48,426.48,-0.3,7343.76,3117265.6,-1
2024-12-29,2024-12-29 14:10:00,426.48,426.48,425.18,425.18,-0.3,7343.76,3117265.6,-1
2024-12-29,2024-12-29 14:20:00,425.18,425.18,423.89,423.89,-0.3,7343.76,3117265.6,-1
2024-12-29,2024-12-29 14:30:00,423.89,423.89,422.59,422.59,-0.31,7343.76,3117265.6,-1
2024-12-29,2024-12-29 14:40:00,422.59,422.59,421.3,421.3,-0.31,7343.76,3117265.6,-1
2024-12-29,2024-12-29 14:50:00,421.3,421.3,420.0,420.0,-0.31,7343.76,3117265.6,-1
2024-12-29,2024-12-29 15:00:00,420.0,451.1,414.3,420.0,0.0,7343.76,3117265.6,0
2024-12-31,2024-12-31 11:00:00,411.6,411.6,402.12,410.99,-0.15,5763.96,2270118.64,-1
2024-12-31,2024-12-31 11:10:00,410.99,410.99,410.38,410.38,-0.15,5763.96,2270118.64,-1
2024-12-31,2024-12-31 11:20:00,410.38,410.38,409.78,409.78,-0.15,5763.96,2270118.64,-1
2024-12-31,2024-12-31 11:30:00,409.78,409.78,409.17,409.17,-0.15,5763.96,2270118.64,-1
2024-12-31,2024-12-31 11:40:00,409.17,409.17,408.56,408.56,-0.15,5763.96,2270118.64,-1
2024-12-31,2024-12-31 11:50:00,408.56,408.56,407.95,407.95,-0.15,5763.96,2270118.64,-1
2024-12-31,2024-12-31 12:00:00,407.95,407.95,407.34,407.34,-0.15,5763.96,2270118.64,-1
2024-12-31,2024-12-31 12:10:00,407.34,407.34,406.73,406.73,-0.15,5763.96,2270118.64,-1
2024-12-31,2024-12-31 12:20:00,406.73,406.73,406.12,406.12,-0.15,5763.96,2270118.64,-1
2024-12-31,2024-12-31 12:30:00,406.12,406.12,405.52,405.52,-0.15,5763.96,2270118.64,-1
2024-12-31,2024-12-31 12:40:00,405.52,405.52,404.91,404.91,-0.15,5763.96,2270118.64,-1
2024-12-31,2024-12-31 12:50:00,404.91,404.91,404.3,404.3,-0.15,5763.96,2270118.64,-1
2024-12-31,2024-12-31 13:00:00,404.3,411.6,380.0,403.69,-0.15,5763.96,2270118.64,-1
2024-12-31,2024-12-31 13:10:00,403.69,403.69,403.08,403.08,-0.15,5763.96,2270118.64,-1
2024-12-31,2024-12-31 13:20:00,403.08,403.08,402.48,402.48,-0.15,5763.96,2270118.64,-1
2024-12-31,2024-12-31 13:30:00,402.48,402.48,401.87,401.87,-0.15,5763.96,2270118.64,-1
2024-12-31,2024-12-31 13:40:00,401.87,401.87,401.26,401.26,-0.15,5763.96,2270118.64,-1
2024-12-31,2024-12-31 13:50:00,401.26,401.26,400.65,400.65,-0.15,5763.96,2270118.64,-1
2024-12-31,2024-12-31 14:00:00,400.65,400.65,400.04,400.04,-0.15,5763.96,2270118.64,-1
2024-12-31,2024-12-31 14:10:00,400.04,400.04,399.43,399.43,-0.15,5763.96,2270118.64,-1
2024-12-31,2024-12-31 14:20:00,399.43,399.43,398.82,398.82,-0.15,5763.96,2270118.64,-1
2024-12-31,2024-12-31 14:30:00,398.82,398.82,398.22,398.22,-0.15,5763.96,2270118.64,-1
2024-12-31,2024-12-31 14:40:00,398.22,398.22,397.61,397.61,-0.15,5763.96,2270118.64,-1
2024-12-31,2024-12-31 14:50:00,397.61,397.61,397.0,397.0,-0.15,5763.96,2270118.64,-1
2024-12-31,2024-12-31 15:00:00,397.0,411.6,380.0,397.0,0.0,5763.96,2270118.64,0
2025-01-01,2025-01-01 11:00:00,404.9,413.84,401.93,406.11,0.3,4045.8,1682564.8,1
2025-01-01,2025-01-01 11:10:00,406.11,407.32,406.11,407.32,0.3,4045.8,1682564.8,1
2025-01-01,2025-01-01 11:20:00,407.32,408.52,407.32,408.52,0.29,4045.8,1682564.8,1
2025-01-01,2025-01-01 11:30:00,408.52,409.73,408.52,409.73,0.3,4045.8,1682564.8,1
2025-01-01,2025-01-01 11:40:00,409.73,410.94,409.73,410.94,0.3,4045.8,1682564.8,1
2025-01-01,2025-01-01 11:50:00,410.94,412.15,410.94,412.15,0.29,4045.8,1682564.8,1
2025-01-01,2025-01-01 12:00:00,412.15,413.36,412.15,413.36,0.29,4045.8,1682564.8,1
2025-01-01,2025-01-01 12:10:00,413.36,414.57,413.36,414.57,0.29,4045.8,1682564.8,1
2025-01-01,2025-01-01 12:20:00,414.57,415.77,414.57,415.77,0.29,4045.8,1682564.8,1
2025-01-01,2025-01-01 12:30:00,415.77,416.98,415.77,416.98,0.29,4045.8,1682564.8,1
2025-01-01,2025-01-01 12:40:00,416.98,418.19,416.98,418.19,0.29,4045.8,1682564.8,1
2025-01-01,2025-01-01 12:50:00,418.19,419.4,418.19,419.4,0.29,4045.8,1682564.8,1
2025-01-01,2025-01-01 13:00:00,419.4,434.7,395.0,420.61,0.29,4045.8,1682564.8,1
2025-01-01,2025-01-01 13:10:00,420.61,421.82,420.61,421.82,0.29,4045.8,1682564.8,1
2025-01-01,2025-01-01 13:20:00,421.82,423.02,421.82,423.02,0.28,4045.8,1682564.8,1
2025-01-01,2025-01-01 13:30:00,423.02,424.23,423.02,424.23,0.29,4045.8,1682564.8,1
2025-01-01,2025-01-01 13:40:00,424.23,425.44,424.23,425.44,0.29,4045.8,1682564.8,1
2025-01-01,2025-01-01 13:50:00,425.44,426.65,425.44,426.65,0.28,4045.8,1682564.8,1
2025-01-01,2025-01-01 14:00:00,426.65,427.86,426.65,427.86,0.28,4045.8,1682564.8,1
2025-01-01,2025-01-01 14:10:00,427.86,429.07,427.86,429.07,0.28,4045.8,1682564.8,1
2025-01-01,2025-01-01 14:20:00,429.07,430.27,429.07,430.27,0.28,4045.8,1682564.8,1
2025-01-01,2025-01-01 14:30:00,430.27,431.48,430.27,431.48,0.28,4045.8,1682564.8,1
2025-01-01,2025-01-01 14:40:00,431.48,432.69,431.48,432.69,0.28,4045.8,1682564.8,1
2025-01-01,2025-01-01 14:50:00,432.69,433.9,432.69,433.9,0.28,4045.8,1682564.8,1
2025-01-01,2025-01-01 15:00:00,433.9,434.7,395.0,433.9,0.0,4045.8,1682564.8,0
2025-01-02,2025-01-02 11:00:00,432.9,437.97,430.62,433.31,0.09,5654.16,2493297.18,1
2025-01-02,2025-01-02 11:10:00,433.31,433.72,433.31,433.72,0.09,5654.16,2493297.18,1
2025-01-02,2025-01-02 11:20:00,433.72,434.14,433.72,434.14,0.1,5654.16,2493297.18,1
2025-01-02,2025-01-02 11:30:00,434.14,434.55,434.14,434.55,0.09,5654.16,2493297.18,1
2025-01-02,2025-01-02 11:40:00,434.55,434.96,434.55,434.96,0.09,5654.16,2493297.18,1
2025-01-02,2025-01-02 11:50:00,434.96,435.38,434.96,435.38,0.1,5654.16,2493297.18,1
2025-01-02,2025-01-02 12:00:00,435.38,435.79,435.38,435.79,0.09,5654.16,2493297.18,1
2025-01-02,2025-01-02 12:10:00,435.79,436.2,435.79,436.2,0.09,5654.16,2493297.18,1
2025-01-02,2025-01-02 12:20:00,436.2,436.61,436.2,436.61,0.09,5654.16,2493297.18,1
2025-01-02,2025-01-02 12:30:00,436.61,437.02,436.61,437.02,0.09,5654.16,2493297.18,1
2025-01-02,2025-01-02 12:40:00,437.02,437.44,437.02,437.44,0.1,5654.16,2493297.18,1
2025-01-02,2025-01-02 12:50:00,437.44,437.85,437.44,437.85,0.09,5654.16,2493297.18,1
2025-01-02,2025-01-02 13:00:00,437.85,449.8,425.3,438.26,0.09,5654.16,2493297.18,1
2025-01-02,2025-01-02 13:10:00,438.26,438.68,438.26,438.68,0.1,5654.16,2493297.18,1
2025-01-02,2025-01-02 13:20:00,438.68,439.09,438.68,439.09,0.09,5654.16,2493297.18,1
2025-01-02,2025-01-02 13:30:00,439.09,439.5,439.09,439.5,0.09,5654.16,2493297.18,1
2025-01-02,2025-01-02 13:40:00,439.5,439.91,439.5,439.91,0.09,5654.16,2493297.18,1
2025-01-02,2025-01-02 13:50:00,439.91,440.32,439.91,440.32,0.09,5654.16,2493297.18,1
2025-01-02,2025-01-02 14:00:00,440.32,440.74,440.32,440.74,0.1,5654.16,2493297.18,1
2025-01-02,2025-01-02 14:10:00,440.74,441.15,440.74,441.15,0.09,5654.16,2493297.18,1
2025-01-02,2025-01-02 14:20:00,441.15,441.56,441.15,441.56,0.09,5654.16,2493297.18,1
2025-01-02,2025-01-02 14:30:00,441.56,441.98,441.56,441.98,0.1,5654.16,2493297.18,1
2025-01-02,2025-01-02 14:40:00,441.98,442.39,441.98,442.39,0.09,5654.16,2493297.18,1
2025-01-02,2025-01-02 14:50:00,442.39,442.8,442.39,442.8,0.09,5654.16,2493297.18,1
2025-01-02,2025-01-02 15:00:00,442.8,449.8,425.3,442.8,0.0,5654.16,2493297.18,0
2025-01-05,2025-01-05 11:00:00,445.0,445.6,439.9,444.5,-0.11,3606.8,1587029.08,-1
2025-01-05,2025-01-05 11:10:00,444.5,444.5,444.0,444.0,-0.11,3606.8,1587029.08,-1
2025-01-05,2025-01-05 11:20:00,444.0,444.0,443.5,443.5,-0.11,3606.8,1587029.08,-1
2025-01-05,2025-01-05 11:30:00,443.5,443.5,443.0,443.0,-0.11,3606.8,1587029.08,-1
2025-01-05,2025-01-05 11:40:00,443.0,443.0,442.5,442.5,-0.11,3606.8,1587029.08,-1
2025-01-05,2025-01-05 11:50:00,442.5,442.5,442.0,442.0,-0.11,3606.8,1587029.08,-1
2025-01-05,2025-01-05 12:00:00,442.0,442.0,441.5,441.5,-0.11,3606.8,1587029.08,-1
2025-01-05,2025-01-05 12:10:00,441.5,441.5,441.0,441.0,-0.11,3606.8,1587029.08,-1
2025-01-05,2025-01-05 12:20:00,441.0,441.0,440.5,440.5,-0.11,3606.8,1587029.08,-1
2025-01-05,2025-01-05 12:30:00,440.5,440.5,440.0,440.0,-0.11,3606.8,1587029.08,-1
2025-01-05,2025-01-05 12:40:00,440.0,440.0,439.5,439.5,-0.11,3606.8,1587029.08,-1
2025-01-05,2025-01-05 12:50:00,439.5,439.5,439.0,439.0,-0.11,3606.8,1587029.08,-1
2025-01-05,2025-01-05 13:00:00,439.0,447.0,428.0,438.5,-0.11,3606.8,1587029.08,-1
2025-01-05,2025-01-05 13:10:00,438.5,438.5,438.0,438.0,-0.11,3606.8,1587029.08,-1
2025-01-05,2025-01-05 13:20:00,438.0,438.0,437.5,437.5,-0.11,3606.8,1587029.08,-1
2025-01-05,2025-01-05 13:30:00,437.5,437.5,437.0,437.0,-0.11,3606.8,1587029.08,-1
2025-01-05,2025-01-05 13:40:00,437.0,437.0,436.5,436.5,-0.11,3606.8,1587029.08,-1
2025-01-05,2025-01-05 13:50:00,436.5,436.5,436.0,436.0,-0.11,3606.8,1587029.08,-1
2025-01-05,2025-01-05 14:00:00,436.0,436.0,435.5,435.5,-0.11,3606.8,1587029.08,-1
2025-01-05,2025-01-05 14:10:00,435.5,435.5,435.0,435.0,-0.11,3606.8,1587029.08,-1
2025-01-05,2025-01-05 14:20:00,435.0,435.0,434.5,434.5,-0.11,3606.8,1587029.08,-1
2025-01-05,2025-01-05 14:30:00,434.5,434.5,434.0,434.0,-0.12,3606.8,1587029.08,-1
2025-01-05,2025-01-05 14:40:00,434.0,434.0,433.5,433.5,-0.12,3606.8,1587029.08,-1
2025-01-05,2025-01-05 14:50:00,433.5,433.5,433.0,433.0,-0.12,3606.8,1587029.08,-1
2025-01-05,2025-01-05 15:00:00,433.0,447.0,428.0,433.0,0.0,3606.8,1587029.08,0
2025-01-06,2025-01-06 11:00:00,440.0,443.6,437.36,440.29,0.07,5762.92,2571745.06,1
2025-01-06,2025-01-06 11:10:00,440.29,440.58,440.29,440.58,0.07,5762.92,2571745.06,1
2025-01-06,2025-01-06 11:20:00,440.58,440.88,440.58,440.88,0.07,5762.92,2571745.06,1
2025-01-06,2025-01-06 11:30:00,440.88,441.17,440.88,441.17,0.07,5762.92,2571745.06,1
2025-01-06,2025-01-06 11:40:00,441.17,441.46,441.17,441.46,0.07,5762.92,2571745.06,1
2025-01-06,2025-01-06 11:50:00,441.46,441.75,441.46,441.75,0.07,5762.92,2571745.06,1
2025-01-06,2025-01-06 12:00:00,441.75,442.04,441.75,442.04,0.07,5762.92,2571745.06,1
2025-01-06,2025-01-06 12:10:00,442.04,442.33,442.04,442.33,0.07,5762.92,2571745.06,1
2025-01-06,2025-01-06 12:20:00,442.33,442.62,442.33,442.62,0.07,5762.92,2571745.06,1
2025-01-06,2025-01-06 12:30:00,442.62,442.92,442.62,442.92,0.07,5762.92,2571745.06,1
2025-01-06,2025-01-06 12:40:00,442.92,443.21,442.92,443.21,0.07,5762.92,2571745.06,1
2025-01-06,2025-01-06 12:50:00,443.21,443.5,443.21,443.5,0.07,5762.92,2571745.06,1
2025-01-06,2025-01-06 13:00:00,443.5,452.0,431.2,443.79,0.07,5762.92,2571745.06,1
2025-01-06,2025-01-06 13:10:00,443.79,444.08,443.79,444.08,0.07,5762.92,2571745.06,1
2025-01-06,2025-01-06 13:20:00,444.08,444.38,444.08,444.38,0.07,5762.92,2571745.06,1
2025-01-06,2025-01-06 13:30:00,444.38,444.67,444.38,444.67,0.07,5762.92,2571745.06,1
2025-01-06,2025-01-06 13:40:00,444.67,444.96,444.67,444.96,0.07,5762.92,2571745.06,1
2025-01-06,2025-01-06 13:50:00,444.96,445.25,444.96,445.25,0.07,5762.92,2571745.06,1
2025-01-06,2025-01-06 14:00:00,445.25,445.54,445.25,445.54,0.07,5762.92,2571745.06,1
2025-01-06,2025-01-06 14:10:00,445.54,445.83,445.54,445.83,0.07,5762.92,2571745.06,1
2025-01-06,2025-01-06 14:20:00,445.83,446.12,445.83,446.12,0.07,5762.92,2571745.06,1
2025-01-06,2025-01-06 14:30:00,446.12,446.42,446.12,446.42,0.07,5762.92,2571745.06,1
2025-01-06,2025-01-06 14:40:00,446.42,446.71,446.42,446.71,0.06,5762.92,2571745.06,1
2025-01-06,2025-01-06 14:50:00,446.71,447.0,446.71,447.0,0.06,5762.92,2571745.06,1
2025-01-06,2025-01-06 15:00:00,447.0,452.0,431.2,447.0,0.0,5762.92,2571745.06,0
2025-01-07,2025-01-07 11:00:00,446.0,453.2,443.99,445.96,-0.01,8226.36,3676783.04,-1
2025-01-07,2025-01-07 11:10:00,445.96,445.96,445.92,445.92,-0.01,8226.36,3676783.04,-1
2025-01-07,2025-01-07 11:20:00,445.92,445.92,445.88,445.88,-0.01,8226.36,3676783.04,-1
2025-01-07,2025-01-07 11:30:00,445.88,445.88,445.83,445.83,-0.01,8226.36,3676783.04,-1
2025-01-07,2025-01-07 11:40:00,445.83,445.83,445.79,445.79,-0.01,8226.36,3676783.04,-1
2025-01-07,2025-01-07 11:50:00,445.79,445.79,445.75,445.75,-0.01,8226.36,3676783.04,-1
2025-01-07,2025-01-07 12:00:00,445.75,445.75,445.71,445.71,-0.01,8226.36,3676783.04,-1
2025-01-07,2025-01-07 12:10:00,445.71,445.71,445.67,445.67,-0.01,8226.36,3676783.04,-1
2025-01-07,2025-01-07 12:20:00,445.67,445.67,445.62,445.62,-0.01,8226.36,3676783.04,-1
2025-01-07,2025-01-07 12:30:00,445.62,445.62,445.58,445.58,-0.01,8226.36,3676783.04,-1
2025-01-07,2025-01-07 12:40:00,445.58,445.58,445.54,445.54,-0.01,8226.36,3676783.04,-1
2025-01-07,2025-01-07 12:50:00,445.54,445.54,445.5,445.5,-0.01,8226.36,3676783.04,-1
2025-01-07,2025-01-07 13:00:00,445.5,470.0,439.3,445.46,-0.01,8226.36,3676783.04,-1
2025-01-07,2025-01-07 13:10:00,445.46,445.46,445.42,445.42,-0.01,8226.36,3676783.04,-1
2025-01-07,2025-01-07 13:20:00,445.42,445.42,445.38,445.38,-0.01,8226.36,3676783.04,-1
2025-01-07,2025-01-07 13:30:00,445.38,445.38,445.33,445.33,-0.01,8226.36,3676783.04,-1
2025-01-07,2025-01-07 13:40:00,445.33,445.33,445.29,445.29,-0.01,8226.36,3676783.04,-1
2025-01-07,2025-01-07 13:50:00,445.29,445.29,445.25,445.25,-0.01,8226.36,3676783.04,-1
2025-01-07,2025-01-07 14:00:00,445.25,445.25,445.21,445.21,-0.01,8226.36,3676783.04,-1
2025-01-07,2025-01-07 14:10:00,445.21,445.21,445.17,445.17,-0.01,8226.36,3676783.04,-1
2025-01-07,2025-01-07 14:20:00,445.17,445.17,445.12,445.12,-0.01,8226.36,3676783.04,-1
2025-01-07,2025-01-07 14:30:00,445.12,445.12,445.08,445.08,-0.01,8226.36,3676783.04,-1
2025-01-07,2025-01-07 14:40:00,445.08,445.08,445.04,445.04,-0.01,8226.36,3676783.04,-1
2025-01-07,2025-01-07 14:50:00,445.04,445.04,445.0,445.0,-0.01,8226.36,3676783.04,-1
2025-01-07,2025-01-07 15:00:00,445.0,470.0,439.3,445.0,0.0,8226.36,3676783.04,0
2025-01-08,2025-01-08 11:00:00,444.0,444.0,437.82,443.38,-0.14,4826.32,2073727.58,-1
2025-01-08,2025-01-08 11:10:00,443.38,443.38,442.75,442.75,-0.14,4826.32,2073727.58,-1
2025-01-08,2025-01-08 11:20:00,442.75,442.75,442.12,442.12,-0.14,4826.32,2073727.58,-1
2025-01-08,2025-01-08 11:30:00,442.12,442.12,441.5,441.5,-0.14,4826.32,2073727.58,-1
2025-01-08,2025-01-08 11:40:00,441.5,441.5,440.88,440.88,-0.14,4826.32,2073727.58,-1
2025-01-08,2025-01-08 11:50:00,440.88,440.88,440.25,440.25,-0.14,4826.32,2073727.58,-1
2025-01-08,2025-01-08 12:00:00,440.25,440.25,439.62,439.62,-0.14,4826.32,2073727.58,-1
2025-01-08,2025-01-08 12:10:00,439.62,439.62,439.0,439.0,-0.14,4826.32,2073727.58,-1
2025-01-08,2025-01-08 12:20:00,439.0,439.0,438.38,438.38,-0.14,4826.32,2073727.58,-1
2025-01-08,2025-01-08 12:30:00,438.38,438.38,437.75,437.75,-0.14,4826.32,2073727.58,-1
2025-01-08,2025-01-08 12:40:00,437.75,437.75,437.12,437.12,-0.14,4826.32,2073727.58,-1
2025-01-08,2025-01-08 12:50:00,437.12,437.12,436.5,436.5,-0.14,4826.32,2073727.58,-1
2025-01-08,2025-01-08 13:00:00,436.5,444.0,423.4,435.88,-0.14,4826.32,2073727.58,-1
2025-01-08,2025-01-08 13:10:00,435.88,435.88,435.25,435.25,-0.14,4826.32,2073727.58,-1
2025-01-08,2025-01-08 13:20:00,435.25,435.25,434.62,434.62,-0.14,4826.32,2073727.58,-1
2025-01-08,2025-01-08 13:30:00,434.62,434.62,434.0,434.0,-0.14,4826.32,2073727.58,-1
2025-01-08,2025-01-08 13:40:00,434.0,434.0,433.38,433.38,-0.14,4826.32,2073727.58,-1
2025-01-08,2025-01-08 13:50:00,433.38,433.38,432.75,432.75,-0.15,4826.32,2073727.58,-1
2025-01-08,2025-01-08 14:00:00,432.75,432.75,432.12,432.12,-0.15,4826.32,2073727.58,-1
2025-01-08,2025-01-08 14:10:00,432.12,432.12,431.5,431.5,-0.14,4826.32,2073727.58,-1
2025-01-08,2025-01-08 14:20:00,431.5,431.5,430.88,430.88,-0.14,4826.32,2073727.58,-1
2025-01-08,2025-01-08 14:30:00,430.88,430.88,430.25,430.25,-0.15,4826.32,2073727.58,-1
2025-01-08,2025-01-08 14:40:00,430.25,430.25,429.62,429.62,-0.15,4826.32,2073727.58,-1
2025-01-08,2025-01-08 14:50:00,429.62,429.62,429.0,429.0,-0.14,4826.32,2073727.58,-1
2025-01-08,2025-01-08 15:00:00,429.0,444.0,423.4,429.0,0.0,4826.32,2073727.58,0
2025-01-09,2025-01-09 11:00:00,430.0,431.47,425.77,429.71,-0.07,2454.56,1039921.72,-1
2025-01-09,2025-01-09 11:10:00,429.71,429.71,429.42,429.42,-0.07,2454.56,1039921.72,-1
2025-01-09,2025-01-09 11:20:00,429.42,429.42,429.12,429.12,-0.07,2454.56,1039921.72,-1
2025-01-09,2025-01-09 11:30:00,429.12,429.12,428.83,428.83,-0.07,2454.56,1039921.72,-1
2025-01-09,2025-01-09 11:40:00,428.83,428.83,428.54,428.54,-0.07,2454.56,1039921.72,-1
2025-01-09,2025-01-09 11:50:00,428.54,428.54,428.25,428.25,-0.07,2454.56,1039921.72,-1
2025-01-09,2025-01-09 12:00:00,428.25,428.25,427.96,427.96,-0.07,2454.56,1039921.72,-1
2025-01-09,2025-01-09 12:10:00,427.96,427.96,427.67,427.67,-0.07,2454.56,1039921.72,-1
2025-01-09,2025-01-09 12:20:00,427.67,427.67,427.38,427.38,-0.07,2454.56,1039921.72,-1
2025-01-09,2025-01-09 12:30:00,427.38,427.38,427.08,427.08,-0.07,2454.56,1039921.72,-1
2025-01-09,2025-01-09 12:40:00,427.08,427.08,426.79,426.79,-0.07,2454.56,1039921.72,-1
2025-01-09,2025-01-09 12:50:00,426.79,426.79,426.5,426.5,-0.07,2454.56,1039921.72,-1
2025-01-09,2025-01-09 13:00:00,426.5,434.9,415.9,426.21,-0.07,2454.56,1039921.72,-1
2025-01-09,2025-01-09 13:10:00,426.21,426.21,425.92,425.92,-0.07,2454.56,1039921.72,-1
2025-01-09,2025-01-09 13:20:00,425.92,425.92,425.62,425.62,-0.07,2454.56,1039921.72,-1
2025-01-09,2025-01-09 13:30:00,425.62,425.62,425.33,425.33,-0.07,2454.56,1039921.72,-1
2025-01-09,2025-01-09 13:40:00,425.33,425.33,425.04,425.04,-0.07,2454.56,1039921.72,-1
2025-01-09,2025-01-09 13:50:00,425.04,425.04,424.75,424.75,-0.07,2454.56,1039921.72,-1
2025-01-09,2025-01-09 14:00:00,424.75,424.75,424.46,424.46,-0.07,2454.56,1039921.72,-1
2025-01-09,2025-01-09 14:10:00,424.46,424.46,424.17,424.17,-0.07,2454.56,1039921.72,-1
2025-01-09,2025-01-09 14:20:00,424.17,424.17,423.88,423.88,-0.07,2454.56,1039921.72,-1
2025-01-09,2025-01-09 14:30:00,423.88,423.88,423.58,423.58,-0.07,2454.56,1039921.72,-1
2025-01-09,2025-01-09 14:40:00,423.58,423.58,423.29,423.29,-0.07,2454.56,1039921.72,-1
2025-01-09,2025-01-09 14:50:00,423.29,423.29,423.0,423.0,-0.07,2454.56,1039921.72,-1
2025-01-09,2025-01-09 15:00:00,423.0,434.9,415.9,423.0,0.0,2454.56,1039921.72,0
2025-01-12,2025-01-12 11:00:00,430.0,430.0,426.46,429.75,-0.06,1699.04,721672.34,-1
2025-01-12,2025-01-12 11:10:00,429.75,429.75,429.51,429.51,-0.06,1699.04,721672.34,-1
2025-01-12,2025-01-12 11:20:00,429.51,429.51,429.26,429.26,-0.06,1699.04,721672.34,-1
2025-01-12,2025-01-12 11:30:00,429.26,429.26,429.02,429.02,-0.06,1699.04,721672.34,-1
2025-01-12,2025-01-12 11:40:00,429.02,429.02,428.77,428.77,-0.06,1699.04,721672.34,-1
2025-01-12,2025-01-12 11:50:00,428.77,428.77,428.52,428.52,-0.06,1699.04,721672.34,-1
2025-01-12,2025-01-12 12:00:00,428.52,428.52,428.28,428.28,-0.06,1699.04,721672.34,-1
2025-01-12,2025-01-12 12:10:00,428.28,428.28,428.03,428.03,-0.06,1699.04,721672.34,-1
2025-01-12,2025-01-12 12:20:00,428.03,428.03,427.79,427.79,-0.06,1699.04,721672.34,-1
2025-01-12,2025-01-12 12:30:00,427.79,427.79,427.54,427.54,-0.06,1699.04,721672.34,-1
2025-01-12,2025-01-12 12:40:00,427.54,427.54,427.3,427.3,-0.06,1699.04,721672.34,-1
2025-01-12,2025-01-12 12:50:00,427.3,427.3,427.05,427.05,-0.06,1699.04,721672.34,-1
2025-01-12,2025-01-12 13:00:00,427.05,430.0,418.2,426.8,-0.06,1699.04,721672.34,-1
2025-01-12,2025-01-12 13:10:00,426.8,426.8,426.56,426.56,-0.06,1699.04,721672.34,-1
2025-01-12,2025-01-12 13:20:00,426.56,426.56,426.31,426.31,-0.06,1699.04,721672.34,-1
2025-01-12,2025-01-12 13:30:00,426.31,426.31,426.07,426.07,-0.06,1699.04,721672.34,-1
2025-01-12,2025-01-12 13:40:00,426.07,426.07,425.82,425.82,-0.06,1699.04,721672.34,-1
2025-01-12,2025-01-12 13:50:00,425.82,425.82,425.58,425.58,-0.06,1699.04,721672.34,-1
2025-01-12,2025-01-12 14:00:00,425.58,425.58,425.33,425.33,-0.06,1699.04,721672.34,-1
2025-01-12,2025-01-12 14:10:00,425.33,425.33,425.08,425.08,-0.06,1699.04,721672.34,-1
2025-01-12,2025-01-12 14:20:00,425.08,425.08,424.84,424.84,-0.06,1699.04,721672.34,-1
2025-01-12,2025-01-12 14:30:00,424.84,424.84,424.59,424.59,-0.06,1699.04,721672.34,-1
2025-01-12,2025-01-12 14:40:00,424.59,424.59,424.35,424.35,-0.06,1699.04,721672.34,-1
2025-01-12,2025-01-12 14:50:00,424.35,424.35,424.1,424.1,-0.06,1699.04,721672.34,-1
2025-01-12,2025-01-12 15:00:00,424.1,430.0,418.2,424.1,0.0,1699.04,721672.34,0
2025-01-13,2025-01-13 11:00:00,420.0,422.37,418.08,420.0,0.0,2359.48,984111.34,0
2025-01-13,2025-01-13 11:10:00,420.0,420.0,420.0,420.0,0.0,2359.48,984111.34,0
2025-01-13,2025-01-13 11:20:00,420.0,420.0,420.0,420.0,0.0,2359.48,984111.34,0
2025-01-13,2025-01-13 11:30:00,420.0,420.0,420.0,420.0,0.0,2359.48,984111.34,0
2025-01-13,2025-01-13 11:40:00,420.0,420.0,420.0,420.0,0.0,2359.48,984111.34,0
2025-01-13,2025-01-13 11:50:00,420.0,420.0,420.0,420.0,0.0,2359.48,984111.34,0
2025-01-13,2025-01-13 12:00:00,420.0,420.0,420.0,420.0,0.0,2359.48,984111.34,0
2025-01-13,2025-01-13 12:10:00,420.0,420.0,420.0,420.0,0.0,2359.48,984111.34,0
2025-01-13,2025-01-13 12:20:00,420.0,420.0,420.0,420.0,0.0,2359.48,984111.34,0
2025-01-13,2025-01-13 12:30:00,420.0,420.0,420.0,420.0,0.0,2359.48,984111.34,0
2025-01-13,2025-01-13 12:40:00,420.0,420.0,420.0,420.0,0.0,2359.48,984111.34,0
2025-01-13,2025-01-13 12:50:00,420.0,420.0,420.0,420.0,0.0,2359.48,984111.34,0
2025-01-13,2025-01-13 13:00:00,420.0,427.9,413.6,420.0,0.0,2359.48,984111.34,0
2025-01-13,2025-01-13 13:10:00,420.0,420.0,420.0,420.0,0.0,2359.48,984111.34,0
2025-01-13,2025-01-13 13:20:00,420.0,420.0,420.0,420.0,0.0,2359.48,984111.34,0
2025-01-13,2025-01-13 13:30:00,420.0,420.0,420.0,420.0,0.0,2359.48,984111.34,0
2025-01-13,2025-01-13 13:40:00,420.0,420.0,420.0,420.0,0.0,2359.48,984111.34,0
2025-01-13,2025-01-13 13:50:00,420.0,420.0,420.0,420.0,0.0,2359.48,984111.34,0
2025-01-13,2025-01-13 14:00:00,420.0,420.0,420.0,420.0,0.0,2359.48,984111.34,0
2025-01-13,2025-01-13 14:10:00,420.0,420.0,420.0,420.0,0.0,2359.48,984111.34,0
2025-01-13,2025-01-13 14:20:00,420.0,420.0,420.0,420.0,0.0,2359.48,984111.34,0
2025-01-13,2025-01-13 14:30:00,420.0,420.0,420.0,420.0,0.0,2359.48,984111.34,0
2025-01-13,2025-01-13 14:40:00,420.0,420.0,420.0,420.0,0.0,2359.48,984111.34,0
2025-01-13,2025-01-13 14:50:00,420.0,420.0,420.0,420.0,0.0,2359.48,984111.34,0
2025-01-13,2025-01-13 15:00:00,420.0,427.9,413.6,420.0,0.0,2359.48,984111.34,0
2025-01-15,2025-01-15 11:00:00,428.4,432.36,420.9,428.34,-0.01,4039.8,1752816.81,-1
2025-01-15,2025-01-15 11:10:00,428.34,428.34,428.28,428.28,-0.01,4039.8,1752816.81,-1
2025-01-15,2025-01-15 11:20:00,428.28,428.28,428.22,428.22,-0.01,4039.8,1752816.81,-1
2025-01-15,2025-01-15 11:30:00,428.22,428.22,428.17,428.17,-0.01,4039.8,1752816.81,-1
2025-01-15,2025-01-15 11:40:00,428.17,428.17,428.11,428.11,-0.01,4039.8,1752816.81,-1
2025-01-15,2025-01-15 11:50:00,428.11,428.11,428.05,428.05,-0.01,4039.8,1752816.81,-1
2025-01-15,2025-01-15 12:00:00,428.05,428.05,427.99,427.99,-0.01,4039.8,1752816.81,-1
2025-01-15,2025-01-15 12:10:00,427.99,427.99,427.93,427.93,-0.01,4039.8,1752816.81,-1
2025-01-15,2025-01-15 12:20:00,427.93,427.93,427.88,427.88,-0.01,4039.8,1752816.81,-1
2025-01-15,2025-01-15 12:30:00,427.88,427.88,427.82,427.82,-0.01,4039.8,1752816.81,-1
2025-01-15,2025-01-15 12:40:00,427.82,427.82,427.76,427.76,-0.01,4039.8,1752816.81,-1
2025-01-15,2025-01-15 12:50:00,427.76,427.76,427.7,427.7,-0.01,4039.8,1752816.81,-1
2025-01-15,2025-01-15 13:00:00,427.7,441.6,403.4,427.64,-0.01,4039.8,1752816.81,-1
2025-01-15,2025-01-15 13:10:00,427.64,427.64,427.58,427.58,-0.01,4039.8,1752816.81,-1
2025-01-15,2025-01-15 13:20:00,427.58,427.58,427.52,427.52,-0.01,4039.8,1752816.81,-1
2025-01-15,2025-01-15 13:30:00,427.52,427.52,427.47,427.47,-0.01,4039.8,1752816.81,-1
2025-01-15,2025-01-15 13:40:00,427.47,427.47,427.41,427.41,-0.01,4039.8,1752816.81,-1
2025-01-15,2025-01-15 13:50:00,427.41,427.41,427.35,427.35,-0.01,4039.8,1752816.81,-1
2025-01-15,2025-01-15 14:00:00,427.35,427.35,427.29,427.29,-0.01,4039.8,1752816.81,-1
2025-01-15,2025-01-15 14:10:00,427.29,427.29,427.23,427.23,-0.01,4039.8,1752816.81,-1
2025-01-15,2025-01-15 14:20:00,427.23,427.23,427.18,427.18,-0.01,4039.8,1752816.81,-1
2025-01-15,2025-01-15 14:30:00,427.18,427.18,427.12,427.12,-0.01,4039.8,1752816.81,-1
2025-01-15,2025-01-15 14:40:00,427.12,427.12,427.06,427.06,-0.01,4039.8,1752816.81,-1
2025-01-15,2025-01-15 14:50:00,427.06,427.06,427.0,427.0,-0.01,4039.8,1752816.81,-1
2025-01-15,2025-01-15 15:00:00,427.0,441.6,403.4,427.0,0.0,4039.8,1752816.81,0
2025-01-16,2025-01-16 11:00:00,426.0,428.4,424.89,426.15,0.04,2156.32,922254.9,1
2025-01-16,2025-01-16 11:10:00,426.15,426.3,426.15,426.3,0.04,2156.32,922254.9,1
2025-01-16,2025-01-16 11:20:00,426.3,426.45,426.3,426.45,0.04,2156.32,922254.9,1
2025-01-16,2025-01-16 11:30:00,426.45,426.6,426.45,426.6,0.04,2156.32,922254.9,1
2025-01-16,2025-01-16 11:40:00,426.6,426.75,426.6,426.75,0.04,2156.32,922254.9,1
2025-01-16,2025-01-16 11:50:00,426.75,426.9,426.75,426.9,0.04,2156.32,922254.9,1
2025-01-16,2025-01-16 12:00:00,426.9,427.05,426.9,427.05,0.04,2156.32,922254.9,1
2025-01-16,2025-01-16 12:10:00,427.05,427.2,427.05,427.2,0.04,2156.32,922254.9,1
2025-01-16,2025-01-16 12:20:00,427.2,427.35,427.2,427.35,0.04,2156.32,922254.9,1
2025-01-16,2025-01-16 12:30:00,427.35,427.5,427.35,427.5,0.04,2156.32,922254.9,1
2025-01-16,2025-01-16 12:40:00,427.5,427.65,427.5,427.65,0.04,2156.32,922254.9,1
2025-01-16,2025-01-16 12:50:00,427.65,427.8,427.65,427.8,0.04,2156.32,922254.9,1
2025-01-16,2025-01-16 13:00:00,427.8,434.0,422.3,427.95,0.04,2156.32,922254.9,1
2025-01-16,2025-01-16 13:10:00,427.95,428.1,427.95,428.1,0.04,2156.32,922254.9,1
2025-01-16,2025-01-16 13:20:00,428.1,428.25,428.1,428.25,0.04,2156.32,922254.9,1
2025-01-16,2025-01-16 13:30:00,428.25,428.4,428.25,428.4,0.04,2156.32,922254.9,1
2025-01-16,2025-01-16 13:40:00,428.4,428.55,428.4,428.55,0.04,2156.32,922254.9,1
2025-01-16,2025-01-16 13:50:00,428.55,428.7,428.55,428.7,0.04,2156.32,922254.9,1
2025-01-16,2025-01-16 14:00:00,428.7,428.85,428.7,428.85,0.03,2156.32,922254.9,1
2025-01-16,2025-01-16 14:10:00,428.85,429.0,428.85,429.0,0.03,2156.32,922254.9,1
2025-01-16,2025-01-16 14:20:00,429.0,429.15,429.0,429.15,0.03,2156.32,922254.9,1
2025-01-16,2025-01-16 14:30:00,429.15,429.3,429.15,429.3,0.03,2156.32,922254.9,1
2025-01-16,2025-01-16 14:40:00,429.3,429.45,429.3,429.45,0.03,2156.32,922254.9,1
2025-01-16,2025-01-16 14:50:00,429.45,429.6,429.45,429.6,0.03,2156.32,922254.9,1
2025-01-16,2025-01-16 15:00:00,429.6,434.0,422.3,429.6,0.0,2156.32,922254.9,0
2025-01-19,2025-01-19 11:00:00,438.1,438.97,433.27,438.22,0.03,3023.84,1319074.98,1
2025-01-19,2025-01-19 11:10:00,438.22,438.34,438.22,438.34,0.03,3023.84,1319074.98,1
2025-01-19,2025-01-19 11:20:00,438.34,438.46,438.34,438.46,0.03,3023.84,1319074.98,1
2025-01-19,2025-01-19 11:30:00,438.46,438.58,438.46,438.58,0.03,3023.84,1319074.98,1
2025-01-19,2025-01-19 11:40:00,438.58,438.7,438.58,438.7,0.03,3023.84,1319074.98,1
2025-01-19,2025-01-19 11:50:00,438.7,438.83,438.7,438.83,0.03,3023.84,1319074.98,1
2025-01-19,2025-01-19 12:00:00,438.83,438.95,438.83,438.95,0.03,3023.84,1319074.98,1
2025-01-19,2025-01-19 12:10:00,438.95,439.07,438.95,439.07,0.03,3023.84,1319074.98,1
2025-01-19,2025-01-19 12:20:00,439.07,439.19,439.07,439.19,0.03,3023.84,1319074.98,1
2025-01-19,2025-01-19 12:30:00,439.19,439.31,439.19,439.31,0.03,3023.84,1319074.98,1
2025-01-19,2025-01-19 12:40:00,439.31,439.43,439.31,439.43,0.03,3023.84,1319074.98,1
2025-01-19,2025-01-19 12:50:00,439.43,439.55,439.43,439.55,0.03,3023.84,1319074.98,1
2025-01-19,2025-01-19 13:00:00,439.55,441.0,422.0,439.67,0.03,3023.84,1319074.98,1
2025-01-19,2025-01-19 13:10:00,439.67,439.79,439.67,439.79,0.03,3023.84,1319074.98,1
2025-01-19,2025-01-19 13:20:00,439.79,439.91,439.79,439.91,0.03,3023.84,1319074.98,1
2025-01-19,2025-01-19 13:30:00,439.91,440.03,439.91,440.03,0.03,3023.84,1319074.98,1
2025-01-19,2025-01-19 13:40:00,440.03,440.15,440.03,440.15,0.03,3023.84,1319074.98,1
2025-01-19,2025-01-19 13:50:00,440.15,440.27,440.15,440.27,0.03,3023.84,1319074.98,1
2025-01-19,2025-01-19 14:00:00,440.27,440.4,440.27,440.4,0.03,3023.84,1319074.98,1
2025-01-19,2025-01-19 14:10:00,440.4,440.52,440.4,440.52,0.03,3023.84,1319074.98,1
2025-01-19,2025-01-19 14:20:00,440.52,440.64,440.52,440.64,0.03,3023.84,1319074.98,1
2025-01-19,2025-01-19 14:30:00,440.64,440.76,440.64,440.76,0.03,3023.84,1319074.98,1
2025-01-19,2025-01-19 14:40:00,440.76,440.88,440.76,440.88,0.03,3023.84,1319074.98,1
2025-01-19,2025-01-19 14:50:00,440.88,441.0,440.88,441.0,0.03,3023.84,1319074.98,1
2025-01-19,2025-01-19 15:00:00,441.0,441.0,422.0,441.0,0.0,3023.84,1319074.98,0
2025-01-20,2025-01-20 11:00:00,433.0,443.14,426.7,432.5,-0.12,8650.96,3742738.35,-1
2025-01-20,2025-01-20 11:10:00,432.5,432.5,432.0,432.0,-0.12,8650.96,3742738.35,-1
2025-01-20,2025-01-20 11:20:00,432.0,432.0,431.5,431.5,-0.12,8650.96,3742738.35,-1
2025-01-20,2025-01-20 11:30:00,431.5,431.5,431.0,431.0,-0.12,8650.96,3742738.35,-1
2025-01-20,2025-01-20 11:40:00,431.0,431.0,430.5,430.5,-0.12,8650.96,3742738.35,-1
2025-01-20,2025-01-20 11:50:00,430.5,430.5,430.0,430.0,-0.12,8650.96,3742738.35,-1
2025-01-20,2025-01-20 12:00:00,430.0,430.0,429.5,429.5,-0.12,8650.96,3742738.35,-1
2025-01-20,2025-01-20 12:10:00,429.5,429.5,429.0,429.0,-0.12,8650.96,3742738.35,-1
2025-01-20,2025-01-20 12:20:00,429.0,429.0,428.5,428.5,-0.12,8650.96,3742738.35,-1
2025-01-20,2025-01-20 12:30:00,428.5,428.5,428.0,428.0,-0.12,8650.96,3742738.35,-1
2025-01-20,2025-01-20 12:40:00,428.0,428.0,427.5,427.5,-0.12,8650.96,3742738.35,-1
2025-01-20,2025-01-20 12:50:00,427.5,427.5,427.0,427.0,-0.12,8650.96,3742738.35,-1
2025-01-20,2025-01-20 13:00:00,427.0,466.8,412.0,426.5,-0.12,8650.96,3742738.35,-1
2025-01-20,2025-01-20 13:10:00,426.5,426.5,426.0,426.0,-0.12,8650.96,3742738.35,-1
2025-01-20,2025-01-20 13:20:00,426.0,426.0,425.5,425.5,-0.12,8650.96,3742738.35,-1
2025-01-20,2025-01-20 13:30:00,425.5,425.5,425.0,425.0,-0.12,8650.96,3742738.35,-1
2025-01-20,2025-01-20 13:40:00,425.0,425.0,424.5,424.5,-0.12,8650.96,3742738.35,-1
2025-01-20,2025-01-20 13:50:00,424.5,424.5,424.0,424.0,-0.12,8650.96,3742738.35,-1
2025-01-20,2025-01-20 14:00:00,424.0,424.0,423.5,423.5,-0.12,8650.96,3742738.35,-1
2025-01-20,2025-01-20 14:10:00,423.5,423.5,423.0,423.0,-0.12,8650.96,3742738.35,-1
2025-01-20,2025-01-20 14:20:00,423.0,423.0,422.5,422.5,-0.12,8650.96,3742738.35,-1
2025-01-20,2025-01-20 14:30:00,422.5,422.5,422.0,422.0,-0.12,8650.96,3742738.35,-1
2025-01-20,2025-01-20 14:40:00,422.0,422.0,421.5,421.5,-0.12,8650.96,3742738.35,-1
2025-01-20,2025-01-20 14:50:00,421.5,421.5,421.0,421.0,-0.12,8650.96,3742738.35,-1
2025-01-20,2025-01-20 15:00:00,421.0,466.8,412.0,421.0,0.0,8650.96,3742738.35,0
2025-01-21,2025-01-21 11:00:00,421.0,421.9,416.8,420.6,-0.1,4195.8,1737461.27,-1
2025-01-21,2025-01-21 11:10:00,420.6,420.6,420.19,420.19,-0.1,4195.8,1737461.27,-1
2025-01-21,2025-01-21 11:20:00,420.19,420.19,419.79,419.79,-0.1,4195.8,1737461.27,-1
2025-01-21,2025-01-21 11:30:00,419.79,419.79,419.38,419.38,-0.1,4195.8,1737461.27,-1
2025-01-21,2025-01-21 11:40:00,419.38,419.38,418.98,418.98,-0.1,4195.8,1737461.27,-1
2025-01-21,2025-01-21 11:50:00,418.98,418.98,418.57,418.57,-0.1,4195.8,1737461.27,-1
2025-01-21,2025-01-21 12:00:00,418.57,418.57,418.17,418.17,-0.1,4195.8,1737461.27,-1
2025-01-21,2025-01-21 12:10:00,418.17,418.17,417.77,417.77,-0.1,4195.8,1737461.27,-1
2025-01-21,2025-01-21 12:20:00,417.77,417.77,417.36,417.36,-0.1,4195.8,1737461.27,-1
2025-01-21,2025-01-21 12:30:00,417.36,417.36,416.96,416.96,-0.1,4195.8,1737461.27,-1
2025-01-21,2025-01-21 12:40:00,416.96,416.96,416.55,416.55,-0.1,4195.8,1737461.27,-1
2025-01-21,2025-01-21 12:50:00,416.55,416.55,416.15,416.15,-0.1,4195.8,1737461.27,-1
2025-01-21,2025-01-21 13:00:00,416.15,424.0,407.0,415.75,-0.1,4195.8,1737461.27,-1
2025-01-21,2025-01-21 13:10:00,415.75,415.75,415.34,415.34,-0.1,4195.8,1737461.27,-1
2025-01-21,2025-01-21 13:20:00,415.34,415.34,414.94,414.94,-0.1,4195.8,1737461.27,-1
2025-01-21,2025-01-21 13:30:00,414.94,414.94,414.53,414.53,-0.1,4195.8,1737461.27,-1
2025-01-21,2025-01-21 13:40:00,414.53,414.53,414.13,414.13,-0.1,4195.8,1737461.27,-1
2025-01-21,2025-01-21 13:50:00,414.13,414.13,413.73,413.73,-0.1,4195.8,1737461.27,-1
2025-01-21,2025-01-21 14:00:00,413.73,413.73,413.32,413.32,-0.1,4195.8,1737461.27,-1
2025-01-21,2025-01-21 14:10:00,413.32,413.32,412.92,412.92,-0.1,4195.8,1737461.27,-1
2025-01-21,2025-01-21 14:20:00,412.92,412.92,412.51,412.51,-0.1,4195.8,1737461.27,-1
2025-01-21,2025-01-21 14:30:00,412.51,412.51,412.11,412.11,-0.1,4195.8,1737461.27,-1
2025-01-21,2025-01-21 14:40:00,412.11,412.11,411.7,411.7,-0.1,4195.8,1737461.27,-1
2025-01-21,2025-01-21 14:50:00,411.7,411.7,411.3,411.3,-0.1,4195.8,1737461.27,-1
2025-01-21,2025-01-21 15:00:00,411.3,424.0,407.0,411.3,0.0,4195.8,1737461.27,0
2025-01-22,2025-01-22 11:00:00,412.0,416.5,412.0,412.62,0.15,2220.52,929323.47,1
2025-01-22,2025-01-22 11:10:00,412.62,413.25,412.62,413.25,0.15,2220.52,929323.47,1
2025-01-22,2025-01-22 11:20:00,413.25,413.88,413.25,413.88,0.15,2220.52,929323.47,1
2025-01-22,2025-01-22 11:30:00,413.88,414.5,413.88,414.5,0.15,2220.52,929323.47,1
2025-01-22,2025-01-22 11:40:00,414.5,415.12,414.5,415.12,0.15,2220.52,929323.47,1
2025-01-22,2025-01-22 11:50:00,415.12,415.75,415.12,415.75,0.15,2220.52,929323.47,1
2025-01-22,2025-01-22 12:00:00,415.75,416.38,415.75,416.38,0.15,2220.52,929323.47,1
2025-01-22,2025-01-22 12:10:00,416.38,417.0,416.38,417.0,0.15,2220.52,929323.47,1
2025-01-22,2025-01-22 12:20:00,417.0,417.62,417.0,417.62,0.15,2220.52,929323.47,1
2025-01-22,2025-01-22 12:30:00,417.62,418.25,417.62,418.25,0.15,2220.52,929323.47,1
2025-01-22,2025-01-22 12:40:00,418.25,418.88,418.25,418.88,0.15,2220.52,929323.47,1
2025-01-22,2025-01-22 12:50:00,418.88,419.5,418.88,419.5,0.15,2220.52,929323.47,1
2025-01-22,2025-01-22 13:00:00,419.5,427.0,412.0,420.12,0.15,2220.52,929323.47,1
2025-01-22,2025-01-22 13:10:00,420.12,420.75,420.12,420.75,0.15,2220.52,929323.47,1
2025-01-22,2025-01-22 13:20:00,420.75,421.38,420.75,421.38,0.15,2220.52,929323.47,1
2025-01-22,2025-01-22 13:30:00,421.38,422.0,421.38,422.0,0.15,2220.52,929323.47,1
2025-01-22,2025-01-22 13:40:00,422.0,422.62,422.0,422.62,0.15,2220.52,929323.47,1
2025-01-22,2025-01-22 13:50:00,422.62,423.25,422.62,423.25,0.15,2220.52,929323.47,1
2025-01-22,2025-01-22 14:00:00,423.25,423.88,423.25,423.88,0.15,2220.52,929323.47,1
2025-01-22,2025-01-22 14:10:00,423.88,424.5,423.88,424.5,0.15,2220.52,929323.47,1
2025-01-22,2025-01-22 14:20:00,424.5,425.12,424.5,425.12,0.15,2220.52,929323.47,1
2025-01-22,2025-01-22 14:30:00,425.12,425.75,425.12,425.75,0.15,2220.52,929323.47,1
2025-01-22,2025-01-22 14:40:00,425.75,426.38,425.75,426.38,0.15,2220.52,929323.47,1
2025-01-22,2025-01-22 14:50:00,426.38,427.0,426.38,427.0,0.15,2220.52,929323.47,1
2025-01-22,2025-01-22 15:00:00,427.0,427.0,412.0,427.0,0.0,2220.52,929323.47,0
2025-01-23,2025-01-23 11:00:00,430.0,430.0,425.5,429.42,-0.13,2324.8,974620.7,-1
2025-01-23,2025-01-23 11:10:00,429.42,429.42,428.83,428.83,-0.14,2324.8,974620.7,-1
2025-01-23,2025-01-23 11:20:00,428.83,428.83,428.25,428.25,-0.14,2324.8,974620.7,-1
2025-01-23,2025-01-23 11:30:00,428.25,428.25,427.67,427.67,-0.14,2324.8,974620.7,-1
2025-01-23,2025-01-23 11:40:00,427.67,427.67,427.08,427.08,-0.14,2324.8,974620.7,-1
2025-01-23,2025-01-23 11:50:00,427.08,427.08,426.5,426.5,-0.14,2324.8,974620.7,-1
2025-01-23,2025-01-23 12:00:00,426.5,426.5,425.92,425.92,-0.14,2324.8,974620.7,-1
2025-01-23,2025-01-23 12:10:00,425.92,425.92,425.33,425.33,-0.14,2324.8,974620.7,-1
2025-01-23,2025-01-23 12:20:00,425.33,425.33,424.75,424.75,-0.14,2324.8,974620.7,-1
2025-01-23,2025-01-23 12:30:00,424.75,424.75,424.17,424.17,-0.14,2324.8,974620.7,-1
2025-01-23,2025-01-23 12:40:00,424.17,424.17,423.58,423.58,-0.14,2324.8,974620.7,-1
2025-01-23,2025-01-23 12:50:00,423.58,423.58,423.0,423.0,-0.14,2324.8,974620.7,-1
2025-01-23,2025-01-23 13:00:00,423.0,430.0,415.0,422.42,-0.14,2324.8,974620.7,-1
2025-01-23,2025-01-23 13:10:00,422.42,422.42,421.83,421.83,-0.14,2324.8,974620.7,-1
2025-01-23,2025-01-23 13:20:00,421.83,421.83,421.25,421.25,-0.14,2324.8,974620.7,-1
2025-01-23,2025-01-23 13:30:00,421.25,421.25,420.67,420.67,-0.14,2324.8,974620.7,-1
2025-01-23,2025-01-23 13:40:00,420.67,420.67,420.08,420.08,-0.14,2324.8,974620.7,-1
2025-01-23,2025-01-23 13:50:00,420.08,420.08,419.5,419.5,-0.14,2324.8,974620.7,-1
2025-01-23,2025-01-23 14:00:00,419.5,419.5,418.92,418.92,-0.14,2324.8,974620.7,-1
2025-01-23,2025-01-23 14:10:00,418.92,418.92,418.33,418.33,-0.14,2324.8,974620.7,-1
2025-01-23,2025-01-23 14:20:00,418.33,418.33,417.75,417.75,-0.14,2324.8,974620.7,-1
2025-01-23,2025-01-23 14:30:00,417.75,417.75,417.17,417.17,-0.14,2324.8,974620.7,-1
2025-01-23,2025-01-23 14:40:00,417.17,417.17,416.58,416.58,-0.14,2324.8,974620.7,-1
2025-01-23,2025-01-23 14:50:00,416.58,416.58,416.0,416.0,-0.14,2324.8,974620.7,-1
2025-01-23,2025-01-23 15:00:00,416.0,430.0,415.0,416.0,0.0,2324.8,974620.7,0
2025-01-26,2025-01-26 11:00:00,424.3,424.3,419.41,423.62,-0.16,1876.36,773762.58,-1
2025-01-26,2025-01-26 11:10:00,423.62,423.62,422.94,422.94,-0.16,1876.36,773762.58,-1
2025-01-26,2025-01-26 11:20:00,422.94,422.94,422.26,422.26,-0.16,1876.36,773762.58,-1
2025-01-26,2025-01-26 11:30:00,422.26,422.26,421.58,421.58,-0.16,1876.36,773762.58,-1
2025-01-26,2025-01-26 11:40:00,421.58,421.58,420.9,420.9,-0.16,1876.36,773762.58,-1
2025-01-26,2025-01-26 11:50:00,420.9,420.9,420.23,420.23,-0.16,1876.36,773762.58,-1
2025-01-26,2025-01-26 12:00:00,420.23,420.23,419.55,419.55,-0.16,1876.36,773762.58,-1
2025-01-26,2025-01-26 12:10:00,419.55,419.55,418.87,418.87,-0.16,1876.36,773762.58,-1
2025-01-26,2025-01-26 12:20:00,418.87,418.87,418.19,418.19,-0.16,1876.36,773762.58,-1
2025-01-26,2025-01-26 12:30:00,418.19,418.19,417.51,417.51,-0.16,1876.36,773762.58,-1
2025-01-26,2025-01-26 12:40:00,417.51,417.51,416.83,416.83,-0.16,1876.36,773762.58,-1
2025-01-26,2025-01-26 12:50:00,416.83,416.83,416.15,416.15,-0.16,1876.36,773762.58,-1
2025-01-26,2025-01-26 13:00:00,416.15,424.3,408.0,415.47,-0.16,1876.36,773762.58,-1
2025-01-26,2025-01-26 13:10:00,415.47,415.47,414.79,414.79,-0.16,1876.36,773762.58,-1
2025-01-26,2025-01-26 13:20:00,414.79,414.79,414.11,414.11,-0.16,1876.36,773762.58,-1
2025-01-26,2025-01-26 13:30:00,414.11,414.11,413.43,413.43,-0.16,1876.36,773762.58,-1
2025-01-26,2025-01-26 13:40:00,413.43,413.43,412.75,412.75,-0.16,1876.36,773762.58,-1
2025-01-26,2025-01-26 13:50:00,412.75,412.75,412.07,412.07,-0.16,1876.36,773762.58,-1
2025-01-26,2025-01-26 14:00:00,412.07,412.07,411.4,411.4,-0.16,1876.36,773762.58,-1
2025-01-26,2025-01-26 14:10:00,411.4,411.4,410.72,410.72,-0.17,1876.36,773762.58,-1
2025-01-26,2025-01-26 14:20:00,410.72,410.72,410.04,410.04,-0.17,1876.36,773762.58,-1
2025-01-26,2025-01-26 14:30:00,410.04,410.04,409.36,409.36,-0.17,1876.36,773762.58,-1
2025-01-26,2025-01-26 14:40:00,409.36,409.36,408.68,408.68,-0.17,1876.36,773762.58,-1
2025-01-26,2025-01-26 14:50:00,408.68,408.68,408.0,408.0,-0.17,1876.36,773762.58,-1
2025-01-26,2025-01-26 15:00:00,408.0,424.3,408.0,408.0,0.0,1876.36,773762.58,0
2025-01-27,2025-01-27 11:00:00,415.9,417.13,412.93,415.65,-0.06,2069.12,850197.93,-1
2025-01-27,2025-01-27 11:10:00,415.65,415.65,415.41,415.41,-0.06,2069.12,850197.93,-1
2025-01-27,2025-01-27 11:20:00,415.41,415.41,415.16,415.16,-0.06,2069.12,850197.93,-1
2025-01-27,2025-01-27 11:30:00,415.16,415.16,414.92,414.92,-0.06,2069.12,850197.93,-1
2025-01-27,2025-01-27 11:40:00,414.92,414.92,414.67,414.67,-0.06,2069.12,850197.93,-1
2025-01-27,2025-01-27 11:50:00,414.67,414.67,414.42,414.42,-0.06,2069.12,850197.93,-1
2025-01-27,2025-01-27 12:00:00,414.42,414.42,414.18,414.18,-0.06,2069.12,850197.93,-1
2025-01-27,2025-01-27 12:10:00,414.18,414.18,413.93,413.93,-0.06,2069.12,850197.93,-1
2025-01-27,2025-01-27 12:20:00,413.93,413.93,413.69,413.69,-0.06,2069.12,850197.93,-1
2025-01-27,2025-01-27 12:30:00,413.69,413.69,413.44,413.44,-0.06,2069.12,850197.93,-1
2025-01-27,2025-01-27 12:40:00,413.44,413.44,413.2,413.2,-0.06,2069.12,850197.93,-1
2025-01-27,2025-01-27 12:50:00,413.2,413.2,412.95,412.95,-0.06,2069.12,850197.93,-1
2025-01-27,2025-01-27 13:00:00,412.95,420.0,406.0,412.7,-0.06,2069.12,850197.93,-1
2025-01-27,2025-01-27 13:10:00,412.7,412.7,412.46,412.46,-0.06,2069.12,850197.93,-1
2025-01-27,2025-01-27 13:20:00,412.46,412.46,412.21,412.21,-0.06,2069.12,850197.93,-1
2025-01-27,2025-01-27 13:30:00,412.21,412.21,411.97,411.97,-0.06,2069.12,850197.93,-1
2025-01-27,2025-01-27 13:40:00,411.97,411.97,411.72,411.72,-0.06,2069.12,850197.93,-1
2025-01-27,2025-01-27 13:50:00,411.72,411.72,411.48,411.48,-0.06,2069.12,850197.93,-1
2025-01-27,2025-01-27 14:00:00,411.48,411.48,411.23,411.23,-0.06,2069.12,850197.93,-1
2025-01-27,2025-01-27 14:10:00,411.23,411.23,410.98,410.98,-0.06,2069.12,850197.93,-1
2025-01-27,2025-01-27 14:20:00,410.98,410.98,410.74,410.74,-0.06,2069.12,850197.93,-1
2025-01-27,2025-01-27 14:30:00,410.74,410.74,410.49,410.49,-0.06,2069.12,850197.93,-1
2025-01-27,2025-01-27 14:40:00,410.49,410.49,410.25,410.25,-0.06,2069.12,850197.93,-1
2025-01-27,2025-01-27 14:50:00,410.25,410.25,410.0,410.0,-0.06,2069.12,850197.93,-1
2025-01-27,2025-01-27 15:00:00,410.0,420.0,406.0,410.0,0.0,2069.12,850197.93,0
2025-01-28,2025-01-28 11:00:00,415.0,415.0,412.9,415.0,0.0,3315.6,1360216.6,0
2025-01-28,2025-01-28 11:10:00,415.0,415.0,415.0,415.0,0.0,3315.6,1360216.6,0
2025-01-28,2025-01-28 11:20:00,415.0,415.0,415.0,415.0,0.0,3315.6,1360216.6,0
2025-01-28,2025-01-28 11:30:00,415.0,415.0,415.0,415.0,0.0,3315.6,1360216.6,0
2025-01-28,2025-01-28 11:40:00,415.0,415.0,415.0,415.0,0.0,3315.6,1360216.6,0
2025-01-28,2025-01-28 11:50:00,415.0,415.0,415.0,415.0,0.0,3315.6,1360216.6,0
2025-01-28,2025-01-28 12:00:00,415.0,415.0,415.0,415.0,0.0,3315.6,1360216.6,0
2025-01-28,2025-01-28 12:10:00,415.0,415.0,415.0,415.0,0.0,3315.6,1360216.6,0
2025-01-28,2025-01-28 12:20:00,415.0,415.0,415.0,415.0,0.0,3315.6,1360216.6,0
2025-01-28,2025-01-28 12:30:00,415.0,415.0,415.0,415.0,0.0,3315.6,1360216.6,0
2025-01-28,2025-01-28 12:40:00,415.0,415.0,415.0,415.0,0.0,3315.6,1360216.6,0
2025-01-28,2025-01-28 12:50:00,415.0,415.0,415.0,415.0,0.0,3315.6,1360216.6,0
2025-01-28,2025-01-28 13:00:00,415.0,415.0,408.0,415.0,0.0,3315.6,1360216.6,0
2025-01-28,2025-01-28 13:10:00,415.0,415.0,415.0,415.0,0.0,3315.6,1360216.6,0
2025-01-28,2025-01-28 13:20:00,415.0,415.0,415.0,415.0,0.0,3315.6,1360216.6,0
2025-01-28,2025-01-28 13:30:00,415.0,415.0,415.0,415.0,0.0,3315.6,1360216.6,0
2025-01-28,2025-01-28 13:40:00,415.0,415.0,415.0,415.0,0.0,3315.6,1360216.6,0
2025-01-28,2025-01-28 13:50:00,415.0,415.0,415.0,415.0,0.0,3315.6,1360216.6,0
2025-01-28,2025-01-28 14:00:00,415.0,415.0,415.0,415.0,0.0,3315.6,1360216.6,0
2025-01-28,2025-01-28 14:10:00,415.0,415.0,415.0,415.0,0.0,3315.6,1360216.6,0
2025-01-28,2025-01-28 14:20:00,415.0,415.0,415.0,415.0,0.0,3315.6,1360216.6,0
2025-01-28,2025-01-28 14:30:00,415.0,415.0,415.0,415.0,0.0,3315.6,1360216.6,0
2025-01-28,2025-01-28 14:40:00,415.0,415.0,415.0,415.0,0.0,3315.6,1360216.6,0
2025-01-28,2025-01-28 14:50:00,415.0,415.0,415.0,415.0,0.0,3315.6,1360216.6,0
2025-01-28,2025-01-28 15:00:00,415.0,415.0,408.0,415.0,0.0,3315.6,1360216.6,0
2025-02-02,2025-02-02 11:00:00,415.0,417.4,413.98,414.88,-0.03,3338.68,1390082.71,-1
2025-02-02,2025-02-02 11:10:00,414.88,414.88,414.75,414.75,-0.03,3338.68,1390082.71,-1
2025-02-02,2025-02-02 11:20:00,414.75,414.75,414.62,414.62,-0.03,3338.68,1390082.71,-1
2025-02-02,2025-02-02 11:30:00,414.62,414.62,414.5,414.5,-0.03,3338.68,1390082.71,-1
2025-02-02,2025-02-02 11:40:00,414.5,414.5,414.38,414.38,-0.03,3338.68,1390082.71,-1
2025-02-02,2025-02-02 11:50:00,414.38,414.38,414.25,414.25,-0.03,3338.68,1390082.71,-1
2025-02-02,2025-02-02 12:00:00,414.25,414.25,414.12,414.12,-0.03,3338.68,1390082.71,-1
2025-02-02,2025-02-02 12:10:00,414.12,414.12,414.0,414.0,-0.03,3338.68,1390082.71,-1
2025-02-02,2025-02-02 12:20:00,414.0,414.0,413.88,413.88,-0.03,3338.68,1390082.71,-1
2025-02-02,2025-02-02 12:30:00,413.88,413.88,413.75,413.75,-0.03,3338.68,1390082.71,-1
2025-02-02,2025-02-02 12:40:00,413.75,413.75,413.62,413.62,-0.03,3338.68,1390082.71,-1
2025-02-02,2025-02-02 12:50:00,413.62,413.62,413.5,413.5,-0.03,3338.68,1390082.71,-1
2025-02-02,2025-02-02 13:00:00,413.5,423.0,411.6,413.38,-0.03,3338.68,1390082.71,-1
2025-02-02,2025-02-02 13:10:00,413.38,413.38,413.25,413.25,-0.03,3338.68,1390082.71,-1
2025-02-02,2025-02-02 13:20:00,413.25,413.25,413.12,413.12,-0.03,3338.68,1390082.71,-1
2025-02-02,2025-02-02 13:30:00,413.12,413.12,413.0,413.0,-0.03,3338.68,1390082.71,-1
2025-02-02,2025-02-02 13:40:00,413.0,413.0,412.88,412.88,-0.03,3338.68,1390082.71,-1
2025-02-02,2025-02-02 13:50:00,412.88,412.88,412.75,412.75,-0.03,3338.68,1390082.71,-1
2025-02-02,2025-02-02 14:00:00,412.75,412.75,412.62,412.62,-0.03,3338.68,1390082.71,-1
2025-02-02,2025-02-02 14:10:00,412.62,412.62,412.5,412.5,-0.03,3338.68,1390082.71,-1
2025-02-02,2025-02-02 14:20:00,412.5,412.5,412.38,412.38,-0.03,3338.68,1390082.71,-1
2025-02-02,2025-02-02 14:30:00,412.38,412.38,412.25,412.25,-0.03,3338.68,1390082.71,-1
2025-02-02,2025-02-02 14:40:00,412.25,412.25,412.12,412.12,-0.03,3338.68,1390082.71,-1
2025-02-02,2025-02-02 14:50:00,412.12,412.12,412.0,412.0,-0.03,3338.68,1390082.71,-1
2025-02-02,2025-02-02 15:00:00,412.0,423.0,411.6,412.0,0.0,3338.68,1390082.71,0
2025-02-03,2025-02-03 11:00:00,420.2,420.2,415.97,419.81,-0.09,2515.36,1030238.94,-1
2025-02-03,2025-02-03 11:10:00,419.81,419.81,419.42,419.42,-0.09,2515.36,1030238.94,-1
2025-02-03,2025-02-03 11:20:00,419.42,419.42,419.02,419.02,-0.1,2515.36,1030238.94,-1
2025-02-03,2025-02-03 11:30:00,419.02,419.02,418.63,418.63,-0.09,2515.36,1030238.94,-1
2025-02-03,2025-02-03 11:40:00,418.63,418.63,418.24,418.24,-0.09,2515.36,1030238.94,-1
2025-02-03,2025-02-03 11:50:00,418.24,418.24,417.85,417.85,-0.09,2515.36,1030238.94,-1
2025-02-03,2025-02-03 12:00:00,417.85,417.85,417.46,417.46,-0.09,2515.36,1030238.94,-1
2025-02-03,2025-02-03 12:10:00,417.46,417.46,417.07,417.07,-0.09,2515.36,1030238.94,-1
2025-02-03,2025-02-03 12:20:00,417.07,417.07,416.68,416.68,-0.09,2515.36,1030238.94,-1
2025-02-03,2025-02-03 12:30:00,416.68,416.68,416.28,416.28,-0.1,2515.36,1030238.94,-1
2025-02-03,2025-02-03 12:40:00,416.28,416.28,415.89,415.89,-0.09,2515.36,1030238.94,-1
2025-02-03,2025-02-03 12:50:00,415.89,415.89,415.5,415.5,-0.09,2515.36,1030238.94,-1
2025-02-03,2025-02-03 13:00:00,415.5,420.2,406.1,415.11,-0.09,2515.36,1030238.94,-1
2025-02-03,2025-02-03 13:10:00,415.11,415.11,414.72,414.72,-0.09,2515.36,1030238.94,-1
2025-02-03,2025-02-03 13:20:00,414.72,414.72,414.32,414.32,-0.1,2515.36,1030238.94,-1
2025-02-03,2025-02-03 13:30:00,414.32,414.32,413.93,413.93,-0.09,2515.36,1030238.94,-1
2025-02-03,2025-02-03 13:40:00,413.93,413.93,413.54,413.54,-0.09,2515.36,1030238.94,-1
2025-02-03,2025-02-03 13:50:00,413.54,413.54,413.15,413.15,-0.09,2515.36,1030238.94,-1
2025-02-03,2025-02-03 14:00:00,413.15,413.15,412.76,412.76,-0.09,2515.36,1030238.94,-1
2025-02-03,2025-02-03 14:10:00,412.76,412.76,412.37,412.37,-0.09,2515.36,1030238.94,-1
2025-02-03,2025-02-03 14:20:00,412.37,412.37,411.98,411.98,-0.09,2515.36,1030238.94,-1
2025-02-03,2025-02-03 14:30:00,411.98,411.98,411.58,411.58,-0.1,2515.36,1030238.94,-1
2025-02-03,2025-02-03 14:40:00,411.58,411.58,411.19,411.19,-0.09,2515.36,1030238.94,-1
2025-02-03,2025-02-03 14:50:00,411.19,411.19,410.8,410.8,-0.09,2515.36,1030238.94,-1
2025-02-03,2025-02-03 15:00:00,410.8,420.2,406.1,410.8,0.0,2515.36,1030238.94,0
2025-02-04,2025-02-04 11:00:00,413.9,425.27,412.1,415.48,0.38,15855.4,6968173.38,1
2025-02-04,2025-02-04 11:10:00,415.48,417.06,415.48,417.06,0.38,15855.4,6968173.38,1
2025-02-04,2025-02-04 11:20:00,417.06,418.64,417.06,418.64,0.38,15855.4,6968173.38,1
2025-02-04,2025-02-04 11:30:00,418.64,420.22,418.64,420.22,0.38,15855.4,6968173.38,1
2025-02-04,2025-02-04 11:40:00,420.22,421.8,420.22,421.8,0.38,15855.4,6968173.38,1
2025-02-04,2025-02-04 11:50:00,421.8,423.38,421.8,423.38,0.37,15855.4,6968173.38,1
2025-02-04,2025-02-04 12:00:00,423.38,424.95,423.38,424.95,0.37,15855.4,6968173.38,1
2025-02-04,2025-02-04 12:10:00,424.95,426.53,424.95,426.53,0.37,15855.4,6968173.38,1
2025-02-04,2025-02-04 12:20:00,426.53,428.11,426.53,428.11,0.37,15855.4,6968173.38,1
2025-02-04,2025-02-04 12:30:00,428.11,429.69,428.11,429.69,0.37,15855.4,6968173.38,1
2025-02-04,2025-02-04 12:40:00,429.69,431.27,429.69,431.27,0.37,15855.4,6968173.38,1
2025-02-04,2025-02-04 12:50:00,431.27,432.85,431.27,432.85,0.37,15855.4,6968173.38,1
2025-02-04,2025-02-04 13:00:00,432.85,451.8,407.9,434.43,0.37,15855.4,6968173.38,1
2025-02-04,2025-02-04 13:10:00,434.43,436.01,434.43,436.01,0.36,15855.4,6968173.38,1
2025-02-04,2025-02-04 13:20:00,436.01,437.59,436.01,437.59,0.36,15855.4,6968173.38,1
2025-02-04,2025-02-04 13:30:00,437.59,439.17,437.59,439.17,0.36,15855.4,6968173.38,1
2025-02-04,2025-02-04 13:40:00,439.17,440.75,439.17,440.75,0.36,15855.4,6968173.38,1
2025-02-04,2025-02-04 13:50:00,440.75,442.32,440.75,442.32,0.36,15855.4,6968173.38,1
2025-02-04,2025-02-04 14:00:00,442.32,443.9,442.32,443.9,0.36,15855.4,6968173.38,1
2025-02-04,2025-02-04 14:10:00,443.9,445.48,443.9,445.48,0.36,15855.4,6968173.38,1
2025-02-04,2025-02-04 14:20:00,445.48,447.06,445.48,447.06,0.35,15855.4,6968173.38,1
2025-02-04,2025-02-04 14:30:00,447.06,448.64,447.06,448.64,0.35,15855.4,6968173.38,1
2025-02-04,2025-02-04 14:40:00,448.64,450.22,448.64,450.22,0.35,15855.4,6968173.38,1
2025-02-04,2025-02-04 14:50:00,450.22,451.8,450.22,451.8,0.35,15855.4,6968173.38,1
2025-02-04,2025-02-04 15:00:00,451.8,451.8,407.9,451.8,0.0,15855.4,6968173.38,0
2025-02-05,2025-02-05 11:00:00,451.0,462.25,446.2,450.75,-0.06,15787.72,7374406.31,-1
2025-02-05,2025-02-05 11:10:00,450.75,450.75,450.5,450.5,-0.06,15787.72,7374406.31,-1
2025-02-05,2025-02-05 11:20:00,450.5,450.5,450.25,450.25,-0.06,15787.72,7374406.31,-1
2025-02-05,2025-02-05 11:30:00,450.25,450.25,450.0,450.0,-0.06,15787.72,7374406.31,-1
2025-02-05,2025-02-05 11:40:00,450.0,450.0,449.75,449.75,-0.06,15787.72,7374406.31,-1
2025-02-05,2025-02-05 11:50:00,449.75,449.75,449.5,449.5,-0.06,15787.72,7374406.31,-1
2025-02-05,2025-02-05 12:00:00,449.5,449.5,449.25,449.25,-0.06,15787.72,7374406.31,-1
2025-02-05,2025-02-05 12:10:00,449.25,449.25,449.0,449.0,-0.06,15787.72,7374406.31,-1
2025-02-05,2025-02-05 12:20:00,449.0,449.0,448.75,448.75,-0.06,15787.72,7374406.31,-1
2025-02-05,2025-02-05 12:30:00,448.75,448.75,448.5,448.5,-0.06,15787.72,7374406.31,-1
2025-02-05,2025-02-05 12:40:00,448.5,448.5,448.25,448.25,-0.06,15787.72,7374406.31,-1
2025-02-05,2025-02-05 12:50:00,448.25,448.25,448.0,448.0,-0.06,15787.72,7374406.31,-1
2025-02-05,2025-02-05 13:00:00,448.0,488.5,435.0,447.75,-0.06,15787.72,7374406.31,-1
2025-02-05,2025-02-05 13:10:00,447.75,447.75,447.5,447.5,-0.06,15787.72,7374406.31,-1
2025-02-05,2025-02-05 13:20:00,447.5,447.5,447.25,447.25,-0.06,15787.72,7374406.31,-1
2025-02-05,2025-02-05 13:30:00,447.25,447.25,447.0,447.0,-0.06,15787.72,7374406.31,-1
2025-02-05,2025-02-05 13:40:00,447.0,447.0,446.75,446.75,-0.06,15787.72,7374406.31,-1
2025-02-05,2025-02-05 13:50:00,446.75,446.75,446.5,446.5,-0.06,15787.72,7374406.31,-1
2025-02-05,2025-02-05 14:00:00,446.5,446.5,446.25,446.25,-0.06,15787.72,7374406.31,-1
2025-02-05,2025-02-05 14:10:00,446.25,446.25,446.0,446.0,-0.06,15787.72,7374406.31,-1
2025-02-05,2025-02-05 14:20:00,446.0,446.0,445.75,445.75,-0.06,15787.72,7374406.31,-1
2025-02-05,2025-02-05 14:30:00,445.75,445.75,445.5,445.5,-0.06,15787.72,7374406.31,-1
2025-02-05,2025-02-05 14:40:00,445.5,445.5,445.25,445.25,-0.06,15787.72,7374406.31,-1
2025-02-05,2025-02-05 14:50:00,445.25,445.25,445.0,445.0,-0.06,15787.72,7374406.31,-1
2025-02-05,2025-02-05 15:00:00,445.0,488.5,435.0,445.0,0.0,15787.72,7374406.31,0
2025-02-06,2025-02-06 11:00:00,436.1,441.77,436.04,436.1,0.0,4219.64,1862712.84,0
2025-02-06,2025-02-06 11:10:00,436.1,436.1,436.09,436.09,-0.0,4219.64,1862712.84,-1
2025-02-06,2025-02-06 11:20:00,436.09,436.09,436.09,436.09,0.0,4219.64,1862712.84,0
2025-02-06,2025-02-06 11:30:00,436.09,436.09,436.08,436.08,-0.0,4219.64,1862712.84,-1
2025-02-06,2025-02-06 11:40:00,436.08,436.08,436.08,436.08,0.0,4219.64,1862712.84,0
2025-02-06,2025-02-06 11:50:00,436.08,436.08,436.08,436.08,0.0,4219.64,1862712.84,0
2025-02-06,2025-02-06 12:00:00,436.08,436.08,436.07,436.07,-0.0,4219.64,1862712.84,-1
2025-02-06,2025-02-06 12:10:00,436.07,436.07,436.07,436.07,0.0,4219.64,1862712.84,0
2025-02-06,2025-02-06 12:20:00,436.07,436.07,436.06,436.06,-0.0,4219.64,1862712.84,-1
2025-02-06,2025-02-06 12:30:00,436.06,436.06,436.06,436.06,0.0,4219.64,1862712.84,0
2025-02-06,2025-02-06 12:40:00,436.06,436.06,436.05,436.05,-0.0,4219.64,1862712.84,-1
2025-02-06,2025-02-06 12:50:00,436.05,436.05,436.05,436.05,0.0,4219.64,1862712.84,0
2025-02-06,2025-02-06 13:00:00,436.05,455.0,435.9,436.05,0.0,4219.64,1862712.84,0
2025-02-06,2025-02-06 13:10:00,436.05,436.05,436.04,436.04,-0.0,4219.64,1862712.84,-1
2025-02-06,2025-02-06 13:20:00,436.04,436.04,436.04,436.04,0.0,4219.64,1862712.84,0
2025-02-06,2025-02-06 13:30:00,436.04,436.04,436.03,436.03,-0.0,4219.64,1862712.84,-1
2025-02-06,2025-02-06 13:40:00,436.03,436.03,436.03,436.03,0.0,4219.64,1862712.84,0
2025-02-06,2025-02-06 13:50:00,436.03,436.03,436.02,436.02,-0.0,4219.64,1862712.84,-1
2025-02-06,2025-02-06 14:00:00,436.02,436.02,436.02,436.02,0.0,4219.64,1862712.84,0
2025-02-06,2025-02-06 14:10:00,436.02,436.02,436.02,436.02,0.0,4219.64,1862712.84,0
2025-02-06,2025-02-06 14:20:00,436.02,436.02,436.01,436.01,-0.0,4219.64,1862712.84,-1
2025-02-06,2025-02-06 14:30:00,436.01,436.01,436.01,436.01,0.0,4219.64,1862712.84,0
2025-02-06,2025-02-06 14:40:00,436.01,436.01,436.0,436.0,-0.0,4219.64,1862712.84,-1
2025-02-06,2025-02-06 14:50:00,436.0,436.0,436.0,436.0,0.0,4219.64,1862712.84,0
2025-02-06,2025-02-06 15:00:00,436.0,455.0,435.9,436.0,0.0,4219.64,1862712.84,0
2025-02-09,2025-02-09 11:00:00,427.3,431.29,424.21,427.2,-0.02,5371.88,2278108.53,-1
2025-02-09,2025-02-09 11:10:00,427.2,427.2,427.11,427.11,-0.02,5371.88,2278108.53,-1
2025-02-09,2025-02-09 11:20:00,427.11,427.11,427.01,427.01,-0.02,5371.88,2278108.53,-1
2025-02-09,2025-02-09 11:30:00,427.01,427.01,426.92,426.92,-0.02,5371.88,2278108.53,-1
2025-02-09,2025-02-09 11:40:00,426.92,426.92,426.82,426.82,-0.02,5371.88,2278108.53,-1
2025-02-09,2025-02-09 11:50:00,426.82,426.82,426.73,426.73,-0.02,5371.88,2278108.53,-1
2025-02-09,2025-02-09 12:00:00,426.73,426.73,426.63,426.63,-0.02,5371.88,2278108.53,-1
2025-02-09,2025-02-09 12:10:00,426.63,426.63,426.53,426.53,-0.02,5371.88,2278108.53,-1
2025-02-09,2025-02-09 12:20:00,426.53,426.53,426.44,426.44,-0.02,5371.88,2278108.53,-1
2025-02-09,2025-02-09 12:30:00,426.44,426.44,426.34,426.34,-0.02,5371.88,2278108.53,-1
2025-02-09,2025-02-09 12:40:00,426.34,426.34,426.25,426.25,-0.02,5371.88,2278108.53,-1
2025-02-09,2025-02-09 12:50:00,426.25,426.25,426.15,426.15,-0.02,5371.88,2278108.53,-1
2025-02-09,2025-02-09 13:00:00,426.15,440.6,417.0,426.05,-0.02,5371.88,2278108.53,-1
2025-02-09,2025-02-09 13:10:00,426.05,426.05,425.96,425.96,-0.02,5371.88,2278108.53,-1
2025-02-09,2025-02-09 13:20:00,425.96,425.96,425.86,425.86,-0.02,5371.88,2278108.53,-1
2025-02-09,2025-02-09 13:30:00,425.86,425.86,425.77,425.77,-0.02,5371.88,2278108.53,-1
2025-02-09,2025-02-09 13:40:00,425.77,425.77,425.67,425.67,-0.02,5371.88,2278108.53,-1
2025-02-09,2025-02-09 13:50:00,425.67,425.67,425.57,425.57,-0.02,5371.88,2278108.53,-1
2025-02-09,2025-02-09 14:00:00,425.57,425.57,425.48,425.48,-0.02,5371.88,2278108.53,-1
2025-02-09,2025-02-09 14:10:00,425.48,425.48,425.38,425.38,-0.02,5371.88,2278108.53,-1
2025-02-09,2025-02-09 14:20:00,425.38,425.38,425.29,425.29,-0.02,5371.88,2278108.53,-1
2025-02-09,2025-02-09 14:30:00,425.29,425.29,425.19,425.19,-0.02,5371.88,2278108.53,-1
2025-02-09,2025-02-09 14:40:00,425.19,425.19,425.1,425.1,-0.02,5371.88,2278108.53,-1
2025-02-09,2025-02-09 14:50:00,425.1,425.1,425.0,425.0,-0.02,5371.88,2278108.53,-1
2025-02-09,2025-02-09 15:00:00,425.0,440.6,417.0,425.0,0.0,5371.88,2278108.53,0
2025-02-10,2025-02-10 11:00:00,425.0,426.47,422.93,424.83,-0.04,1691.04,715748.97,-1
2025-02-10,2025-02-10 11:10:00,424.83,424.83,424.67,424.67,-0.04,1691.04,715748.97,-1
2025-02-10,2025-02-10 11:20:00,424.67,424.67,424.5,424.5,-0.04,1691.04,715748.97,-1
2025-02-10,2025-02-10 11:30:00,424.5,424.5,424.33,424.33,-0.04,1691.04,715748.97,-1
2025-02-10,2025-02-10 11:40:00,424.33,424.33,424.17,424.17,-0.04,1691.04,715748.97,-1
2025-02-10,2025-02-10 11:50:00,424.17,424.17,424.0,424.0,-0.04,1691.04,715748.97,-1
2025-02-10,2025-02-10 12:00:00,424.0,424.0,423.83,423.83,-0.04,1691.04,715748.97,-1
2025-02-10,2025-02-10 12:10:00,423.83,423.83,423.67,423.67,-0.04,1691.04,715748.97,-1
2025-02-10,2025-02-10 12:20:00,423.67,423.67,423.5,423.5,-0.04,1691.04,715748.97,-1
2025-02-10,2025-02-10 12:30:00,423.5,423.5,423.33,423.33,-0.04,1691.04,715748.97,-1
2025-02-10,2025-02-10 12:40:00,423.33,423.33,423.17,423.17,-0.04,1691.04,715748.97,-1
2025-02-10,2025-02-10 12:50:00,423.17,423.17,423.0,423.0,-0.04,1691.04,715748.97,-1
2025-02-10,2025-02-10 13:00:00,423.0,429.9,418.1,422.83,-0.04,1691.04,715748.97,-1
2025-02-10,2025-02-10 13:10:00,422.83,422.83,422.67,422.67,-0.04,1691.04,715748.97,-1
2025-02-10,2025-02-10 13:20:00,422.67,422.67,422.5,422.5,-0.04,1691.04,715748.97,-1
2025-02-10,2025-02-10 13:30:00,422.5,422.5,422.33,422.33,-0.04,1691.04,715748.97,-1
2025-02-10,2025-02-10 13:40:00,422.33,422.33,422.17,422.17,-0.04,1691.04,715748.97,-1
2025-02-10,2025-02-10 13:50:00,422.17,422.17,422.0,422.0,-0.04,1691.04,715748.97,-1
2025-02-10,2025-02-10 14:00:00,422.0,422.0,421.83,421.83,-0.04,1691.04,715748.97,-1
2025-02-10,2025-02-10 14:10:00,421.83,421.83,421.67,421.67,-0.04,1691.04,715748.97,-1
2025-02-10,2025-02-10 14:20:00,421.67,421.67,421.5,421.5,-0.04,1691.04,715748.97,-1
2025-02-10,2025-02-10 14:30:00,421.5,421.5,421.33,421.33,-0.04,1691.04,715748.97,-1
2025-02-10,2025-02-10 14:40:00,421.33,421.33,421.17,421.17,-0.04,1691.04,715748.97,-1
2025-02-10,2025-02-10 14:50:00,421.17,421.17,421.0,421.0,-0.04,1691.04,715748.97,-1
2025-02-10,2025-02-10 15:00:00,421.0,429.9,418.1,421.0,0.0,1691.04,715748.97,0
2025-02-11,2025-02-11 11:00:00,424.0,424.3,421.9,423.79,-0.05,2464.96,1035678.25,-1
2025-02-11,2025-02-11 11:10:00,423.79,423.79,423.58,423.58,-0.05,2464.96,1035678.25,-1
2025-02-11,2025-02-11 11:20:00,423.58,423.58,423.38,423.38,-0.05,2464.96,1035678.25,-1
2025-02-11,2025-02-11 11:30:00,423.38,423.38,423.17,423.17,-0.05,2464.96,1035678.25,-1
2025-02-11,2025-02-11 11:40:00,423.17,423.17,422.96,422.96,-0.05,2464.96,1035678.25,-1
2025-02-11,2025-02-11 11:50:00,422.96,422.96,422.75,422.75,-0.05,2464.96,1035678.25,-1
2025-02-11,2025-02-11 12:00:00,422.75,422.75,422.54,422.54,-0.05,2464.96,1035678.25,-1
2025-02-11,2025-02-11 12:10:00,422.54,422.54,422.33,422.33,-0.05,2464.96,1035678.25,-1
2025-02-11,2025-02-11 12:20:00,422.33,422.33,422.12,422.12,-0.05,2464.96,1035678.25,-1
2025-02-11,2025-02-11 12:30:00,422.12,422.12,421.92,421.92,-0.05,2464.96,1035678.25,-1
2025-02-11,2025-02-11 12:40:00,421.92,421.92,421.71,421.71,-0.05,2464.96,1035678.25,-1
2025-02-11,2025-02-11 12:50:00,421.71,421.71,421.5,421.5,-0.05,2464.96,1035678.25,-1
2025-02-11,2025-02-11 13:00:00,421.5,425.0,417.0,421.29,-0.05,2464.96,1035678.25,-1
2025-02-11,2025-02-11 13:10:00,421.29,421.29,421.08,421.08,-0.05,2464.96,1035678.25,-1
2025-02-11,2025-02-11 13:20:00,421.08,421.08,420.88,420.88,-0.05,2464.96,1035678.25,-1
2025-02-11,2025-02-11 13:30:00,420.88,420.88,420.67,420.67,-0.05,2464.96,1035678.25,-1
2025-02-11,2025-02-11 13:40:00,420.67,420.67,420.46,420.46,-0.05,2464.96,1035678.25,-1
2025-02-11,2025-02-11 13:50:00,420.46,420.46,420.25,420.25,-0.05,2464.96,1035678.25,-1
2025-02-11,2025-02-11 14:00:00,420.25,420.25,420.04,420.04,-0.05,2464.96,1035678.25,-1
2025-02-11,2025-02-11 14:10:00,420.04,420.04,419.83,419.83,-0.05,2464.96,1035678.25,-1
2025-02-11,2025-02-11 14:20:00,419.83,419.83,419.62,419.62,-0.05,2464.96,1035678.25,-1
2025-02-11,2025-02-11 14:30:00,419.62,419.62,419.42,419.42,-0.05,2464.96,1035678.25,-1
2025-02-11,2025-02-11 14:40:00,419.42,419.42,419.21,419.21,-0.05,2464.96,1035678.25,-1
2025-02-11,2025-02-11 14:50:00,419.21,419.21,419.0,419.0,-0.05,2464.96,1035678.25,-1
2025-02-11,2025-02-11 15:00:00,419.0,425.0,417.0,419.0,0.0,2464.96,1035678.25,0
2025-02-12,2025-02-12 11:00:00,419.5,424.36,419.5,419.6,0.02,2919.32,1242528.89,1
2025-02-12,2025-02-12 11:10:00,419.6,419.71,419.6,419.71,0.03,2919.32,1242528.89,1
2025-02-12,2025-02-12 11:20:00,419.71,419.81,419.71,419.81,0.02,2919.32,1242528.89,1
2025-02-12,2025-02-12 11:30:00,419.81,419.92,419.81,419.92,0.03,2919.32,1242528.89,1
2025-02-12,2025-02-12 11:40:00,419.92,420.02,419.92,420.02,0.02,2919.32,1242528.89,1
2025-02-12,2025-02-12 11:50:00,420.02,420.12,420.02,420.12,0.02,2919.32,1242528.89,1
2025-02-12,2025-02-12 12:00:00,420.12,420.23,420.12,420.23,0.03,2919.32,1242528.89,1
2025-02-12,2025-02-12 12:10:00,420.23,420.33,420.23,420.33,0.02,2919.32,1242528.89,1
2025-02-12,2025-02-12 12:20:00,420.33,420.44,420.33,420.44,0.03,2919.32,1242528.89,1
2025-02-12,2025-02-12 12:30:00,420.44,420.54,420.44,420.54,0.02,2919.32,1242528.89,1
2025-02-12,2025-02-12 12:40:00,420.54,420.65,420.54,420.65,0.03,2919.32,1242528.89,1
2025-02-12,2025-02-12 12:50:00,420.65,420.75,420.65,420.75,0.02,2919.32,1242528.89,1
2025-02-12,2025-02-12 13:00:00,420.75,435.7,419.5,420.85,0.02,2919.32,1242528.89,1
2025-02-12,2025-02-12 13:10:00,420.85,420.96,420.85,420.96,0.03,2919.32,1242528.89,1
2025-02-12,2025-02-12 13:20:00,420.96,421.06,420.96,421.06,0.02,2919.32,1242528.89,1
2025-02-12,2025-02-12 13:30:00,421.06,421.17,421.06,421.17,0.03,2919.32,1242528.89,1
2025-02-12,2025-02-12 13:40:00,421.17,421.27,421.17,421.27,0.02,2919.32,1242528.89,1
2025-02-12,2025-02-12 13:50:00,421.27,421.38,421.27,421.38,0.03,2919.32,1242528.89,1
2025-02-12,2025-02-12 14:00:00,421.38,421.48,421.38,421.48,0.02,2919.32,1242528.89,1
2025-02-12,2025-02-12 14:10:00,421.48,421.58,421.48,421.58,0.02,2919.32,1242528.89,1
2025-02-12,2025-02-12 14:20:00,421.58,421.69,421.58,421.69,0.03,2919.32,1242528.89,1
2025-02-12,2025-02-12 14:30:00,421.69,421.79,421.69,421.79,0.02,2919.32,1242528.89,1
2025-02-12,2025-02-12 14:40:00,421.79,421.9,421.79,421.9,0.03,2919.32,1242528.89,1
2025-02-12,2025-02-12 14:50:00,421.9,422.0,421.9,422.0,0.02,2919.32,1242528.89,1
2025-02-12,2025-02-12 15:00:00,422.0,435.7,419.5,422.0,0.0,2919.32,1242528.89,0
2025-02-13,2025-02-13 11:00:00,420.1,421.57,419.17,420.08,-0.0,1977.44,833057.25,-1
2025-02-13,2025-02-13 11:10:00,420.08,420.08,420.05,420.05,-0.01,1977.44,833057.25,-1
2025-02-13,2025-02-13 11:20:00,420.05,420.05,420.03,420.03,-0.0,1977.44,833057.25,-1
2025-02-13,2025-02-13 11:30:00,420.03,420.03,420.0,420.0,-0.01,1977.44,833057.25,-1
2025-02-13,2025-02-13 11:40:00,420.0,420.0,419.98,419.98,-0.0,1977.44,833057.25,-1
2025-02-13,2025-02-13 11:50:00,419.98,419.98,419.95,419.95,-0.01,1977.44,833057.25,-1
2025-02-13,2025-02-13 12:00:00,419.95,419.95,419.93,419.93,-0.0,1977.44,833057.25,-1
2025-02-13,2025-02-13 12:10:00,419.93,419.93,419.9,419.9,-0.01,1977.44,833057.25,-1
2025-02-13,2025-02-13 12:20:00,419.9,419.9,419.88,419.88,-0.0,1977.44,833057.25,-1
2025-02-13,2025-02-13 12:30:00,419.88,419.88,419.85,419.85,-0.01,1977.44,833057.25,-1
2025-02-13,2025-02-13 12:40:00,419.85,419.85,419.82,419.82,-0.01,1977.44,833057.25,-1
2025-02-13,2025-02-13 12:50:00,419.82,419.82,419.8,419.8,-0.0,1977.44,833057.25,-1
2025-02-13,2025-02-13 13:00:00,419.8,425.0,417.0,419.78,-0.0,1977.44,833057.25,-1
2025-02-13,2025-02-13 13:10:00,419.78,419.78,419.75,419.75,-0.01,1977.44,833057.25,-1
2025-02-13,2025-02-13 13:20:00,419.75,419.75,419.73,419.73,-0.0,1977.44,833057.25,-1
2025-02-13,2025-02-13 13:30:00,419.73,419.73,419.7,419.7,-0.01,1977.44,833057.25,-1
2025-02-13,2025-02-13 13:40:00,419.7,419.7,419.68,419.68,-0.0,1977.44,833057.25,-1
2025-02-13,2025-02-13 13:50:00,419.68,419.68,419.65,419.65,-0.01,1977.44,833057.25,-1
2025-02-13,2025-02-13 14:00:00,419.65,419.65,419.62,419.62,-0.01,1977.44,833057.25,-1
2025-02-13,2025-02-13 14:10:00,419.62,419.62,419.6,419.6,-0.0,1977.44,833057.25,-1
2025-02-13,2025-02-13 14:20:00,419.6,419.6,419.57,419.57,-0.01,1977.44,833057.25,-1
2025-02-13,2025-02-13 14:30:00,419.57,419.57,419.55,419.55,-0.0,1977.44,833057.25,-1
2025-02-13,2025-02-13 14:40:00,419.55,419.55,419.52,419.52,-0.01,1977.44,833057.25,-1
2025-02-13,2025-02-13 14:50:00,419.52,419.52,419.5,419.5,-0.0,1977.44,833057.25,-1
2025-02-13,2025-02-13 15:00:00,419.5,425.0,417.0,419.5,0.0,1977.44,833057.25,0
2025-02-16,2025-02-16 11:00:00,427.8,427.8,425.16,427.52,-0.07,2752.68,1158595.11,-1
2025-02-16,2025-02-16 11:10:00,427.52,427.52,427.23,427.23,-0.07,2752.68,1158595.11,-1
2025-02-16,2025-02-16 11:20:00,427.23,427.23,426.95,426.95,-0.07,2752.68,1158595.11,-1
2025-02-16,2025-02-16 11:30:00,426.95,426.95,426.67,426.67,-0.07,2752.68,1158595.11,-1
2025-02-16,2025-02-16 11:40:00,426.67,426.67,426.38,426.38,-0.07,2752.68,1158595.11,-1
2025-02-16,2025-02-16 11:50:00,426.38,426.38,426.1,426.1,-0.07,2752.68,1158595.11,-1
2025-02-16,2025-02-16 12:00:00,426.1,426.1,425.82,425.82,-0.07,2752.68,1158595.11,-1
2025-02-16,2025-02-16 12:10:00,425.82,425.82,425.53,425.53,-0.07,2752.68,1158595.11,-1
2025-02-16,2025-02-16 12:20:00,425.53,425.53,425.25,425.25,-0.07,2752.68,1158595.11,-1
2025-02-16,2025-02-16 12:30:00,425.25,425.25,424.97,424.97,-0.07,2752.68,1158595.11,-1
2025-02-16,2025-02-16 12:40:00,424.97,424.97,424.68,424.68,-0.07,2752.68,1158595.11,-1
2025-02-16,2025-02-16 12:50:00,424.68,424.68,424.4,424.4,-0.07,2752.68,1158595.11,-1
2025-02-16,2025-02-16 13:00:00,424.4,427.8,419.0,424.12,-0.07,2752.68,1158595.11,-1
2025-02-16,2025-02-16 13:10:00,424.12,424.12,423.83,423.83,-0.07,2752.68,1158595.11,-1
2025-02-16,2025-02-16 13:20:00,423.83,423.83,423.55,423.55,-0.07,2752.68,1158595.11,-1
2025-02-16,2025-02-16 13:30:00,423.55,423.55,423.27,423.27,-0.07,2752.68,1158595.11,-1
2025-02-16,2025-02-16 13:40:00,423.27,423.27,422.98,422.98,-0.07,2752.68,1158595.11,-1
2025-02-16,2025-02-16 13:50:00,422.98,422.98,422.7,422.7,-0.07,2752.68,1158595.11,-1
2025-02-16,2025-02-16 14:00:00,422.7,422.7,422.42,422.42,-0.07,2752.68,1158595.11,-1
2025-02-16,2025-02-16 14:10:00,422.42,422.42,422.13,422.13,-0.07,2752.68,1158595.11,-1
2025-02-16,2025-02-16 14:20:00,422.13,422.13,421.85,421.85,-0.07,2752.68,1158595.11,-1
2025-02-16,2025-02-16 14:30:00,421.85,421.85,421.57,421.57,-0.07,2752.68,1158595.11,-1
2025-02-16,2025-02-16 14:40:00,421.57,421.57,421.28,421.28,-0.07,2752.68,1158595.11,-1
2025-02-16,2025-02-16 14:50:00,421.28,421.28,421.0,421.0,-0.07,2752.68,1158595.11,-1
2025-02-16,2025-02-16 15:00:00,421.0,427.8,419.0,421.0,0.0,2752.68,1158595.11,0
2025-02-17,2025-02-17 11:00:00,428.0,430.4,425.6,428.02,0.0,3128.4,1342346.5,1
2025-02-17,2025-02-17 11:10:00,428.02,428.05,428.02,428.05,0.01,3128.4,1342346.5,1
2025-02-17,2025-02-17 11:20:00,428.05,428.07,428.05,428.07,0.0,3128.4,1342346.5,1
2025-02-17,2025-02-17 11:30:00,428.07,428.1,428.07,428.1,0.01,3128.4,1342346.5,1
2025-02-17,2025-02-17 11:40:00,428.1,428.12,428.1,428.12,0.0,3128.4,1342346.5,1
2025-02-17,2025-02-17 11:50:00,428.12,428.15,428.12,428.15,0.01,3128.4,1342346.5,1
2025-02-17,2025-02-17 12:00:00,428.15,428.18,428.15,428.18,0.01,3128.4,1342346.5,1
2025-02-17,2025-02-17 12:10:00,428.18,428.2,428.18,428.2,0.0,3128.4,1342346.5,1
2025-02-17,2025-02-17 12:20:00,428.2,428.23,428.2,428.23,0.01,3128.4,1342346.5,1
2025-02-17,2025-02-17 12:30:00,428.23,428.25,428.23,428.25,0.0,3128.4,1342346.5,1
2025-02-17,2025-02-17 12:40:00,428.25,428.28,428.25,428.28,0.01,3128.4,1342346.5,1
2025-02-17,2025-02-17 12:50:00,428.28,428.3,428.28,428.3,0.0,3128.4,1342346.5,1
2025-02-17,2025-02-17 13:00:00,428.3,436.0,420.0,428.32,0.0,3128.4,1342346.5,1
2025-02-17,2025-02-17 13:10:00,428.32,428.35,428.32,428.35,0.01,3128.4,1342346.5,1
2025-02-17,2025-02-17 13:20:00,428.35,428.38,428.35,428.38,0.01,3128.4,1342346.5,1
2025-02-17,2025-02-17 13:30:00,428.38,428.4,428.38,428.4,0.0,3128.4,1342346.5,1
2025-02-17,2025-02-17 13:40:00,428.4,428.43,428.4,428.43,0.01,3128.4,1342346.5,1
2025-02-17,2025-02-17 13:50:00,428.43,428.45,428.43,428.45,0.0,3128.4,1342346.5,1
2025-02-17,2025-02-17 14:00:00,428.45,428.48,428.45,428.48,0.01,3128.4,1342346.5,1
2025-02-17,2025-02-17 14:10:00,428.48,428.5,428.48,428.5,0.0,3128.4,1342346.5,1
2025-02-17,2025-02-17 14:20:00,428.5,428.53,428.5,428.53,0.01,3128.4,1342346.5,1
2025-02-17,2025-02-17 14:30:00,428.53,428.55,428.53,428.55,0.0,3128.4,1342346.5,1
2025-02-17,2025-02-17 14:40:00,428.55,428.58,428.55,428.58,0.01,3128.4,1342346.5,1
2025-02-17,2025-02-17 14:50:00,428.58,428.6,428.58,428.6,0.0,3128.4,1342346.5,1
2025-02-17,2025-02-17 15:00:00,428.6,436.0,420.0,428.6,0.0,3128.4,1342346.5,0
2025-02-18,2025-02-18 11:00:00,425.5,428.05,424.15,425.44,-0.01,2089.16,894233.04,-1
2025-02-18,2025-02-18 11:10:00,425.44,425.44,425.38,425.38,-0.01,2089.16,894233.04,-1
2025-02-18,2025-02-18 11:20:00,425.38,425.38,425.31,425.31,-0.02,2089.16,894233.04,-1
2025-02-18,2025-02-18 11:30:00,425.31,425.31,425.25,425.25,-0.01,2089.16,894233.04,-1
2025-02-18,2025-02-18 11:40:00,425.25,425.25,425.19,425.19,-0.01,2089.16,894233.04,-1
2025-02-18,2025-02-18 11:50:00,425.19,425.19,425.12,425.12,-0.02,2089.16,894233.04,-1
2025-02-18,2025-02-18 12:00:00,425.12,425.12,425.06,425.06,-0.01,2089.16,894233.04,-1
2025-02-18,2025-02-18 12:10:00,425.06,425.06,425.0,425.0,-0.01,2089.16,894233.04,-1
2025-02-18,2025-02-18 12:20:00,425.0,425.0,424.94,424.94,-0.01,2089.16,894233.04,-1
2025-02-18,2025-02-18 12:30:00,424.94,424.94,424.88,424.88,-0.01,2089.16,894233.04,-1
2025-02-18,2025-02-18 12:40:00,424.88,424.88,424.81,424.81,-0.02,2089.16,894233.04,-1
2025-02-18,2025-02-18 12:50:00,424.81,424.81,424.75,424.75,-0.01,2089.16,894233.04,-1
2025-02-18,2025-02-18 13:00:00,424.75,434.0,421.0,424.69,-0.01,2089.16,894233.04,-1
2025-02-18,2025-02-18 13:10:00,424.69,424.69,424.62,424.62,-0.02,2089.16,894233.04,-1
2025-02-18,2025-02-18 13:20:00,424.62,424.62,424.56,424.56,-0.01,2089.16,894233.04,-1
2025-02-18,2025-02-18 13:30:00,424.56,424.56,424.5,424.5,-0.01,2089.16,894233.04,-1
2025-02-18,2025-02-18 13:40:00,424.5,424.5,424.44,424.44,-0.01,2089.16,894233.04,-1
2025-02-18,2025-02-18 13:50:00,424.44,424.44,424.38,424.38,-0.01,2089.16,894233.04,-1
2025-02-18,2025-02-18 14:00:00,424.38,424.38,424.31,424.31,-0.02,2089.16,894233.04,-1
2025-02-18,2025-02-18 14:10:00,424.31,424.31,424.25,424.25,-0.01,2089.16,894233.04,-1
2025-02-18,2025-02-18 14:20:00,424.25,424.25,424.19,424.19,-0.01,2089.16,894233.04,-1
2025-02-18,2025-02-18 14:30:00,424.19,424.19,424.12,424.12,-0.02,2089.16,894233.04,-1
2025-02-18,2025-02-18 14:40:00,424.12,424.12,424.06,424.06,-0.01,2089.16,894233.04,-1
2025-02-18,2025-02-18 14:50:00,424.06,424.06,424.0,424.0,-0.01,2089.16,894233.04,-1
2025-02-18,2025-02-18 15:00:00,424.0,434.0,421.0,424.0,0.0,2089.16,894233.04,0
2025-02-20,2025-02-20 11:00:00,420.0,421.5,418.8,419.88,-0.03,2562.84,1074095.52,-1
2025-02-20,2025-02-20 11:10:00,419.88,419.88,419.75,419.75,-0.03,2562.84,1074095.52,-1
2025-02-20,2025-02-20 11:20:00,419.75,419.75,419.62,419.62,-0.03,2562.84,1074095.52,-1
2025-02-20,2025-02-20 11:30:00,419.62,419.62,419.5,419.5,-0.03,2562.84,1074095.52,-1
2025-02-20,2025-02-20 11:40:00,419.5,419.5,419.38,419.38,-0.03,2562.84,1074095.52,-1
2025-02-20,2025-02-20 11:50:00,419.38,419.38,419.25,419.25,-0.03,2562.84,1074095.52,-1
2025-02-20,2025-02-20 12:00:00,419.25,419.25,419.12,419.12,-0.03,2562.84,1074095.52,-1
2025-02-20,2025-02-20 12:10:00,419.12,419.12,419.0,419.0,-0.03,2562.84,1074095.52,-1
2025-02-20,2025-02-20 12:20:00,419.0,419.0,418.88,418.88,-0.03,2562.84,1074095.52,-1
2025-02-20,2025-02-20 12:30:00,418.88,418.88,418.75,418.75,-0.03,2562.84,1074095.52,-1
2025-02-20,2025-02-20 12:40:00,418.75,418.75,418.62,418.62,-0.03,2562.84,1074095.52,-1
2025-02-20,2025-02-20 12:50:00,418.62,418.62,418.5,418.5,-0.03,2562.84,1074095.52,-1
2025-02-20,2025-02-20 13:00:00,418.5,425.0,416.0,418.38,-0.03,2562.84,1074095.52,-1
2025-02-20,2025-02-20 13:10:00,418.38,418.38,418.25,418.25,-0.03,2562.84,1074095.52,-1
2025-02-20,2025-02-20 13:20:00,418.25,418.25,418.12,418.12,-0.03,2562.84,1074095.52,-1
2025-02-20,2025-02-20 13:30:00,418.12,418.12,418.0,418.0,-0.03,2562.84,1074095.52,-1
2025-02-20,2025-02-20 13:40:00,418.0,418.0,417.88,417.88,-0.03,2562.84,1074095.52,-1
2025-02-20,2025-02-20 13:50:00,417.88,417.88,417.75,417.75,-0.03,2562.84,1074095.52,-1
2025-02-20,2025-02-20 14:00:00,417.75,417.75,417.62,417.62,-0.03,2562.84,1074095.52,-1
2025-02-20,2025-02-20 14:10:00,417.62,417.62,417.5,417.5,-0.03,2562.84,1074095.52,-1
2025-02-20,2025-02-20 14:20:00,417.5,417.5,417.38,417.38,-0.03,2562.84,1074095.52,-1
2025-02-20,2025-02-20 14:30:00,417.38,417.38,417.25,417.25,-0.03,2562.84,1074095.52,-1
2025-02-20,2025-02-20 14:40:00,417.25,417.25,417.12,417.12,-0.03,2562.84,1074095.52,-1
2025-02-20,2025-02-20 14:50:00,417.12,417.12,417.0,417.0,-0.03,2562.84,1074095.52,-1
2025-02-20,2025-02-20 15:00:00,417.0,425.0,416.0,417.0,0.0,2562.84,1074095.52,0
2025-02-23,2025-02-23 11:00:00,410.0,412.97,409.4,410.25,0.06,2322.48,962915.67,1
2025-02-23,2025-02-23 11:10:00,410.25,410.49,410.25,410.49,0.06,2322.48,962915.67,1
2025-02-23,2025-02-23 11:20:00,410.49,410.74,410.49,410.74,0.06,2322.48,962915.67,1
2025-02-23,2025-02-23 11:30:00,410.74,410.98,410.74,410.98,0.06,2322.48,962915.67,1
2025-02-23,2025-02-23 11:40:00,410.98,411.23,410.98,411.23,0.06,2322.48,962915.67,1
2025-02-23,2025-02-23 11:50:00,411.23,411.48,411.23,411.48,0.06,2322.48,962915.67,1
2025-02-23,2025-02-23 12:00:00,411.48,411.72,411.48,411.72,0.06,2322.48,962915.67,1
2025-02-23,2025-02-23 12:10:00,411.72,411.97,411.72,411.97,0.06,2322.48,962915.67,1
2025-02-23,2025-02-23 12:20:00,411.97,412.21,411.97,412.21,0.06,2322.48,962915.67,1
2025-02-23,2025-02-23 12:30:00,412.21,412.46,412.21,412.46,0.06,2322.48,962915.67,1
2025-02-23,2025-02-23 12:40:00,412.46,412.7,412.46,412.7,0.06,2322.48,962915.67,1
2025-02-23,2025-02-23 12:50:00,412.7,412.95,412.7,412.95,0.06,2322.48,962915.67,1
2025-02-23,2025-02-23 13:00:00,412.95,419.9,408.0,413.2,0.06,2322.48,962915.67,1
2025-02-23,2025-02-23 13:10:00,413.2,413.44,413.2,413.44,0.06,2322.48,962915.67,1
2025-02-23,2025-02-23 13:20:00,413.44,413.69,413.44,413.69,0.06,2322.48,962915.67,1
2025-02-23,2025-02-23 13:30:00,413.69,413.93,413.69,413.93,0.06,2322.48,962915.67,1
2025-02-23,2025-02-23 13:40:00,413.93,414.18,413.93,414.18,0.06,2322.48,962915.67,1
2025-02-23,2025-02-23 13:50:00,414.18,414.42,414.18,414.42,0.06,2322.48,962915.67,1
2025-02-23,2025-02-23 14:00:00,414.42,414.67,414.42,414.67,0.06,2322.48,962915.67,1
2025-02-23,2025-02-23 14:10:00,414.67,414.92,414.67,414.92,0.06,2322.48,962915.67,1
2025-02-23,2025-02-23 14:20:00,414.92,415.16,414.92,415.16,0.06,2322.48,962915.67,1
2025-02-23,2025-02-23 14:30:00,415.16,415.41,415.16,415.41,0.06,2322.48,962915.67,1
2025-02-23,2025-02-23 14:40:00,415.41,415.65,415.41,415.65,0.06,2322.48,962915.67,1
2025-02-23,2025-02-23 14:50:00,415.65,415.9,415.65,415.9,0.06,2322.48,962915.67,1
2025-02-23,2025-02-23 15:00:00,415.9,419.9,408.0,415.9,0.0,2322.48,962915.67,0
2025-02-24,2025-02-24 11:00:00,423.0,423.0,419.1,422.75,-0.06,1811.16,750949.01,-1
2025-02-24,2025-02-24 11:10:00,422.75,422.75,422.49,422.49,-0.06,1811.16,750949.01,-1
2025-02-24,2025-02-24 11:20:00,422.49,422.49,422.24,422.24,-0.06,1811.16,750949.01,-1
2025-02-24,2025-02-24 11:30:00,422.24,422.24,421.98,421.98,-0.06,1811.16,750949.01,-1
2025-02-24,2025-02-24 11:40:00,421.98,421.98,421.73,421.73,-0.06,1811.16,750949.01,-1
2025-02-24,2025-02-24 11:50:00,421.73,421.73,421.48,421.48,-0.06,1811.16,750949.01,-1
2025-02-24,2025-02-24 12:00:00,421.48,421.48,421.22,421.22,-0.06,1811.16,750949.01,-1
2025-02-24,2025-02-24 12:10:00,421.22,421.22,420.97,420.97,-0.06,1811.16,750949.01,-1
2025-02-24,2025-02-24 12:20:00,420.97,420.97,420.71,420.71,-0.06,1811.16,750949.01,-1
2025-02-24,2025-02-24 12:30:00,420.71,420.71,420.46,420.46,-0.06,1811.16,750949.01,-1
2025-02-24,2025-02-24 12:40:00,420.46,420.46,420.2,420.2,-0.06,1811.16,750949.01,-1
2025-02-24,2025-02-24 12:50:00,420.2,420.2,419.95,419.95,-0.06,1811.16,750949.01,-1
2025-02-24,2025-02-24 13:00:00,419.95,423.0,410.0,419.7,-0.06,1811.16,750949.01,-1
2025-02-24,2025-02-24 13:10:00,419.7,419.7,419.44,419.44,-0.06,1811.16,750949.01,-1
2025-02-24,2025-02-24 13:20:00,419.44,419.44,419.19,419.19,-0.06,1811.16,750949.01,-1
2025-02-24,2025-02-24 13:30:00,419.19,419.19,418.93,418.93,-0.06,1811.16,750949.01,-1
2025-02-24,2025-02-24 13:40:00,418.93,418.93,418.68,418.68,-0.06,1811.16,750949.01,-1
2025-02-24,2025-02-24 13:50:00,418.68,418.68,418.42,418.42,-0.06,1811.16,750949.01,-1
2025-02-24,2025-02-24 14:00:00,418.42,418.42,418.17,418.17,-0.06,1811.16,750949.01,-1
2025-02-24,2025-02-24 14:10:00,418.17,418.17,417.92,417.92,-0.06,1811.16,750949.01,-1
2025-02-24,2025-02-24 14:20:00,417.92,417.92,417.66,417.66,-0.06,1811.16,750949.01,-1
2025-02-24,2025-02-24 14:30:00,417.66,417.66,417.41,417.41,-0.06,1811.16,750949.01,-1
2025-02-24,2025-02-24 14:40:00,417.41,417.41,417.15,417.15,-0.06,1811.16,750949.01,-1
2025-02-24,2025-02-24 14:50:00,417.15,417.15,416.9,416.9,-0.06,1811.16,750949.01,-1
2025-02-24,2025-02-24 15:00:00,416.9,423.0,410.0,416.9,0.0,1811.16,750949.01,0
2025-02-25,2025-02-25 11:00:00,415.0,416.8,413.8,415.0,0.0,2074.96,861509.93,0
2025-02-25,2025-02-25 11:10:00,415.0,415.0,415.0,415.0,0.0,2074.96,861509.93,0
2025-02-25,2025-02-25 11:20:00,415.0,415.0,415.0,415.0,0.0,2074.96,861509.93,0
2025-02-25,2025-02-25 11:30:00,415.0,415.0,415.0,415.0,0.0,2074.96,861509.93,0
2025-02-25,2025-02-25 11:40:00,415.0,415.0,415.0,415.0,0.0,2074.96,861509.93,0
2025-02-25,2025-02-25 11:50:00,415.0,415.0,415.0,415.0,0.0,2074.96,861509.93,0
2025-02-25,2025-02-25 12:00:00,415.0,415.0,415.0,415.0,0.0,2074.96,861509.93,0
2025-02-25,2025-02-25 12:10:00,415.0,415.0,415.0,415.0,0.0,2074.96,861509.93,0
2025-02-25,2025-02-25 12:20:00,415.0,415.0,415.0,415.0,0.0,2074.96,861509.93,0
2025-02-25,2025-02-25 12:30:00,415.0,415.0,415.0,415.0,0.0,2074.96,861509.93,0
2025-02-25,2025-02-25 12:40:00,415.0,415.0,415.0,415.0,0.0,2074.96,861509.93,0
2025-02-25,2025-02-25 12:50:00,415.0,415.0,415.0,415.0,0.0,2074.96,861509.93,0
2025-02-25,2025-02-25 13:00:00,415.0,421.0,411.0,415.0,0.0,2074.96,861509.93,0
2025-02-25,2025-02-25 13:10:00,415.0,415.0,415.0,415.0,0.0,2074.96,861509.93,0
2025-02-25,2025-02-25 13:20:00,415.0,415.0,415.0,415.0,0.0,2074.96,861509.93,0
2025-02-25,2025-02-25 13:30:00,415.0,415.0,415.0,415.0,0.0,2074.96,861509.93,0
2025-02-25,2025-02-25 13:40:00,415.0,415.0,415.0,415.0,0.0,2074.96,861509.93,0
2025-02-25,2025-02-25 13:50:00,415.0,415.0,415.0,415.0,0.0,2074.96,861509.93,0
2025-02-25,2025-02-25 14:00:00,415.0,415.0,415.0,415.0,0.0,2074.96,861509.93,0
2025-02-25,2025-02-25 14:10:00,415.0,415.0,415.0,415.0,0.0,2074.96,861509.93,0
2025-02-25,2025-02-25 14:20:00,415.0,415.0,415.0,415.0,0.0,2074.96,861509.93,0
2025-02-25,2025-02-25 14:30:00,415.0,415.0,415.0,415.0,0.0,2074.96,861509.93,0
2025-02-25,2025-02-25 14:40:00,415.0,415.0,415.0,415.0,0.0,2074.96,861509.93,0
2025-02-25,2025-02-25 14:50:00,415.0,415.0,415.0,415.0,0.0,2074.96,861509.93,0
2025-02-25,2025-02-25 15:00:00,415.0,421.0,411.0,415.0,0.0,2074.96,861509.93,0
2025-02-27,2025-02-27 11:00:00,423.0,423.0,419.49,422.65,-0.08,1635.12,677623.97,-1
2025-02-27,2025-02-27 11:10:00,422.65,422.65,422.29,422.29,-0.09,1635.12,677623.97,-1
2025-02-27,2025-02-27 11:20:00,422.29,422.29,421.94,421.94,-0.08,1635.12,677623.97,-1
2025-02-27,2025-02-27 11:30:00,421.94,421.94,421.58,421.58,-0.09,1635.12,677623.97,-1
2025-02-27,2025-02-27 11:40:00,421.58,421.58,421.23,421.23,-0.08,1635.12,677623.97,-1
2025-02-27,2025-02-27 11:50:00,421.23,421.23,420.88,420.88,-0.08,1635.12,677623.97,-1
2025-02-27,2025-02-27 12:00:00,420.88,420.88,420.52,420.52,-0.09,1635.12,677623.97,-1
2025-02-27,2025-02-27 12:10:00,420.52,420.52,420.17,420.17,-0.08,1635.12,677623.97,-1
2025-02-27,2025-02-27 12:20:00,420.17,420.17,419.81,419.81,-0.09,1635.12,677623.97,-1
2025-02-27,2025-02-27 12:30:00,419.81,419.81,419.46,419.46,-0.08,1635.12,677623.97,-1
2025-02-27,2025-02-27 12:40:00,419.46,419.46,419.1,419.1,-0.09,1635.12,677623.97,-1
2025-02-27,2025-02-27 12:50:00,419.1,419.1,418.75,418.75,-0.08,1635.12,677623.97,-1
2025-02-27,2025-02-27 13:00:00,418.75,423.0,411.3,418.4,-0.08,1635.12,677623.97,-1
2025-02-27,2025-02-27 13:10:00,418.4,418.4,418.04,418.04,-0.09,1635.12,677623.97,-1
2025-02-27,2025-02-27 13:20:00,418.04,418.04,417.69,417.69,-0.08,1635.12,677623.97,-1
2025-02-27,2025-02-27 13:30:00,417.69,417.69,417.33,417.33,-0.09,1635.12,677623.97,-1
2025-02-27,2025-02-27 13:40:00,417.33,417.33,416.98,416.98,-0.08,1635.12,677623.97,-1
2025-02-27,2025-02-27 13:50:00,416.98,416.98,416.62,416.62,-0.09,1635.12,677623.97,-1
2025-02-27,2025-02-27 14:00:00,416.62,416.62,416.27,416.27,-0.08,1635.12,677623.97,-1
2025-02-27,2025-02-27 14:10:00,416.27,416.27,415.92,415.92,-0.08,1635.12,677623.97,-1
2025-02-27,2025-02-27 14:20:00,415.92,415.92,415.56,415.56,-0.09,1635.12,677623.97,-1
2025-02-27,2025-02-27 14:30:00,415.56,415.56,415.21,415.21,-0.08,1635.12,677623.97,-1
2025-02-27,2025-02-27 14:40:00,415.21,415.21,414.85,414.85,-0.09,1635.12,677623.97,-1
2025-02-27,2025-02-27 14:50:00,414.85,414.85,414.5,414.5,-0.08,1635.12,677623.97,-1
2025-02-27,2025-02-27 15:00:00,414.5,423.0,411.3,414.5,0.0,1635.12,677623.97,0
2025-03-02,2025-03-02 11:00:00,407.0,412.4,407.0,407.75,0.18,2415.56,1017573.08,1
2025-03-02,2025-03-02 11:10:00,407.75,408.49,407.75,408.49,0.18,2415.56,1017573.08,1
2025-03-02,2025-03-02 11:20:00,408.49,409.24,408.49,409.24,0.18,2415.56,1017573.08,1
2025-03-02,2025-03-02 11:30:00,409.24,409.98,409.24,409.98,0.18,2415.56,1017573.08,1
2025-03-02,2025-03-02 11:40:00,409.98,410.73,409.98,410.73,0.18,2415.56,1017573.08,1
2025-03-02,2025-03-02 11:50:00,410.73,411.48,410.73,411.48,0.18,2415.56,1017573.08,1
2025-03-02,2025-03-02 12:00:00,411.48,412.22,411.48,412.22,0.18,2415.56,1017573.08,1
2025-03-02,2025-03-02 12:10:00,412.22,412.97,412.22,412.97,0.18,2415.56,1017573.08,1
2025-03-02,2025-03-02 12:20:00,412.97,413.71,412.97,413.71,0.18,2415.56,1017573.08,1
2025-03-02,2025-03-02 12:30:00,413.71,414.46,413.71,414.46,0.18,2415.56,1017573.08,1
2025-03-02,2025-03-02 12:40:00,414.46,415.2,414.46,415.2,0.18,2415.56,1017573.08,1
2025-03-02,2025-03-02 12:50:00,415.2,415.95,415.2,415.95,0.18,2415.56,1017573.08,1
2025-03-02,2025-03-02 13:00:00,415.95,425.0,407.0,416.7,0.18,2415.56,1017573.08,1
2025-03-02,2025-03-02 13:10:00,416.7,417.44,416.7,417.44,0.18,2415.56,1017573.08,1
2025-03-02,2025-03-02 13:20:00,417.44,418.19,417.44,418.19,0.18,2415.56,1017573.08,1
2025-03-02,2025-03-02 13:30:00,418.19,418.93,418.19,418.93,0.18,2415.56,1017573.08,1
2025-03-02,2025-03-02 13:40:00,418.93,419.68,418.93,419.68,0.18,2415.56,1017573.08,1
2025-03-02,2025-03-02 13:50:00,419.68,420.42,419.68,420.42,0.18,2415.56,1017573.08,1
2025-03-02,2025-03-02 14:00:00,420.42,421.17,420.42,421.17,0.18,2415.56,1017573.08,1
2025-03-02,2025-03-02 14:10:00,421.17,421.92,421.17,421.92,0.18,2415.56,1017573.08,1
2025-03-02,2025-03-02 14:20:00,421.92,422.66,421.92,422.66,0.18,2415.56,1017573.08,1
2025-03-02,2025-03-02 14:30:00,422.66,423.41,422.66,423.41,0.18,2415.56,1017573.08,1
2025-03-02,2025-03-02 14:40:00,423.41,424.15,423.41,424.15,0.17,2415.56,1017573.08,1
2025-03-02,2025-03-02 14:50:00,424.15,424.9,424.15,424.9,0.18,2415.56,1017573.08,1
2025-03-02,2025-03-02 15:00:00,424.9,425.0,407.0,424.9,0.0,2415.56,1017573.08,0
2025-03-03,2025-03-03 11:00:00,417.0,422.4,417.0,417.08,0.02,2928.92,1240270.32,1
2025-03-03,2025-03-03 11:10:00,417.08,417.17,417.08,417.17,0.02,2928.92,1240270.32,1
2025-03-03,2025-03-03 11:20:00,417.17,417.25,417.17,417.25,0.02,2928.92,1240270.32,1
2025-03-03,2025-03-03 11:30:00,417.25,417.33,417.25,417.33,0.02,2928.92,1240270.32,1
2025-03-03,2025-03-03 11:40:00,417.33,417.42,417.33,417.42,0.02,2928.92,1240270.32,1
2025-03-03,2025-03-03 11:50:00,417.42,417.5,417.42,417.5,0.02,2928.92,1240270.32,1
2025-03-03,2025-03-03 12:00:00,417.5,417.58,417.5,417.58,0.02,2928.92,1240270.32,1
2025-03-03,2025-03-03 12:10:00,417.58,417.67,417.58,417.67,0.02,2928.92,1240270.32,1
2025-03-03,2025-03-03 12:20:00,417.67,417.75,417.67,417.75,0.02,2928.92,1240270.32,1
2025-03-03,2025-03-03 12:30:00,417.75,417.83,417.75,417.83,0.02,2928.92,1240270.32,1
2025-03-03,2025-03-03 12:40:00,417.83,417.92,417.83,417.92,0.02,2928.92,1240270.32,1
2025-03-03,2025-03-03 12:50:00,417.92,418.0,417.92,418.0,0.02,2928.92,1240270.32,1
2025-03-03,2025-03-03 13:00:00,418.0,435.0,417.0,418.08,0.02,2928.92,1240270.32,1
2025-03-03,2025-03-03 13:10:00,418.08,418.17,418.08,418.17,0.02,2928.92,1240270.32,1
2025-03-03,2025-03-03 13:20:00,418.17,418.25,418.17,418.25,0.02,2928.92,1240270.32,1
2025-03-03,2025-03-03 13:30:00,418.25,418.33,418.25,418.33,0.02,2928.92,1240270.32,1
2025-03-03,2025-03-03 13:40:00,418.33,418.42,418.33,418.42,0.02,2928.92,1240270.32,1
2025-03-03,2025-03-03 13:50:00,418.42,418.5,418.42,418.5,0.02,2928.92,1240270.32,1
2025-03-03,2025-03-03 14:00:00,418.5,418.58,418.5,418.58,0.02,2928.92,1240270.32,1
2025-03-03,2025-03-03 14:10:00,418.58,418.67,418.58,418.67,0.02,2928.92,1240270.32,1
2025-03-03,2025-03-03 14:20:00,418.67,418.75,418.67,418.75,0.02,2928.92,1240270.32,1
2025-03-03,2025-03-03 14:30:00,418.75,418.83,418.75,418.83,0.02,2928.92,1240270.32,1
2025-03-03,2025-03-03 14:40:00,418.83,418.92,418.83,418.92,0.02,2928.92,1240270.32,1
2025-03-03,2025-03-03 14:50:00,418.92,419.0,418.92,419.0,0.02,2928.92,1240270.32,1
2025-03-03,2025-03-03 15:00:00,419.0,435.0,417.0,419.0,0.0,2928.92,1240270.32,0
2025-03-04,2025-03-04 11:00:00,417.0,419.37,416.37,417.0,0.0,2383.96,997345.41,0
2025-03-04,2025-03-04 11:10:00,417.0,417.0,416.99,416.99,-0.0,2383.96,997345.41,-1
2025-03-04,2025-03-04 11:20:00,416.99,416.99,416.99,416.99,0.0,2383.96,997345.41,0
2025-03-04,2025-03-04 11:30:00,416.99,416.99,416.98,416.98,-0.0,2383.96,997345.41,-1
2025-03-04,2025-03-04 11:40:00,416.98,416.98,416.98,416.98,0.0,2383.96,997345.41,0
2025-03-04,2025-03-04 11:50:00,416.98,416.98,416.98,416.98,0.0,2383.96,997345.41,0
2025-03-04,2025-03-04 12:00:00,416.98,416.98,416.97,416.97,-0.0,2383.96,997345.41,-1
2025-03-04,2025-03-04 12:10:00,416.97,416.97,416.97,416.97,0.0,2383.96,997345.41,0
2025-03-04,2025-03-04 12:20:00,416.97,416.97,416.96,416.96,-0.0,2383.96,997345.41,-1
2025-03-04,2025-03-04 12:30:00,416.96,416.96,416.96,416.96,0.0,2383.96,997345.41,0
2025-03-04,2025-03-04 12:40:00,416.96,416.96,416.95,416.95,-0.0,2383.96,997345.41,-1
2025-03-04,2025-03-04 12:50:00,416.95,416.95,416.95,416.95,0.0,2383.96,997345.41,0
2025-03-04,2025-03-04 13:00:00,416.95,424.9,414.9,416.95,0.0,2383.96,997345.41,0
2025-03-04,2025-03-04 13:10:00,416.95,416.95,416.94,416.94,-0.0,2383.96,997345.41,-1
2025-03-04,2025-03-04 13:20:00,416.94,416.94,416.94,416.94,0.0,2383.96,997345.41,0
2025-03-04,2025-03-04 13:30:00,416.94,416.94,416.93,416.93,-0.0,2383.96,997345.41,-1
2025-03-04,2025-03-04 13:40:00,416.93,416.93,416.93,416.93,0.0,2383.96,997345.41,0
2025-03-04,2025-03-04 13:50:00,416.93,416.93,416.92,416.92,-0.0,2383.96,997345.41,-1
2025-03-04,2025-03-04 14:00:00,416.92,416.92,416.92,416.92,0.0,2383.96,997345.41,0
2025-03-04,2025-03-04 14:10:00,416.92,416.92,416.92,416.92,0.0,2383.96,997345.41,0
2025-03-04,2025-03-04 14:20:00,416.92,416.92,416.91,416.91,-0.0,2383.96,997345.41,-1
2025-03-04,2025-03-04 14:30:00,416.91,416.91,416.91,416.91,0.0,2383.96,997345.41,0
2025-03-04,2025-03-04 14:40:00,416.91,416.91,416.9,416.9,-0.0,2383.96,997345.41,-1
2025-03-04,2025-03-04 14:50:00,416.9,416.9,416.9,416.9,0.0,2383.96,997345.41,0
2025-03-04,2025-03-04 15:00:00,416.9,424.9,414.9,416.9,0.0,2383.96,997345.41,0
2025-03-05,2025-03-05 11:00:00,420.0,420.0,417.18,419.62,-0.09,1597.6,660488.14,-1
2025-03-05,2025-03-05 11:10:00,419.62,419.62,419.25,419.25,-0.09,1597.6,660488.14,-1
2025-03-05,2025-03-05 11:20:00,419.25,419.25,418.88,418.88,-0.09,1597.6,660488.14,-1
2025-03-05,2025-03-05 11:30:00,418.88,418.88,418.5,418.5,-0.09,1597.6,660488.14,-1
2025-03-05,2025-03-05 11:40:00,418.5,418.5,418.12,418.12,-0.09,1597.6,660488.14,-1
2025-03-05,2025-03-05 11:50:00,418.12,418.12,417.75,417.75,-0.09,1597.6,660488.14,-1
2025-03-05,2025-03-05 12:00:00,417.75,417.75,417.38,417.38,-0.09,1597.6,660488.14,-1
2025-03-05,2025-03-05 12:10:00,417.38,417.38,417.0,417.0,-0.09,1597.6,660488.14,-1
2025-03-05,2025-03-05 12:20:00,417.0,417.0,416.62,416.62,-0.09,1597.6,660488.14,-1
2025-03-05,2025-03-05 12:30:00,416.62,416.62,416.25,416.25,-0.09,1597.6,660488.14,-1
2025-03-05,2025-03-05 12:40:00,416.25,416.25,415.88,415.88,-0.09,1597.6,660488.14,-1
2025-03-05,2025-03-05 12:50:00,415.88,415.88,415.5,415.5,-0.09,1597.6,660488.14,-1
2025-03-05,2025-03-05 13:00:00,415.5,420.0,410.6,415.12,-0.09,1597.6,660488.14,-1
2025-03-05,2025-03-05 13:10:00,415.12,415.12,414.75,414.75,-0.09,1597.6,660488.14,-1
2025-03-05,2025-03-05 13:20:00,414.75,414.75,414.38,414.38,-0.09,1597.6,660488.14,-1
2025-03-05,2025-03-05 13:30:00,414.38,414.38,414.0,414.0,-0.09,1597.6,660488.14,-1
2025-03-05,2025-03-05 13:40:00,414.0,414.0,413.62,413.62,-0.09,1597.6,660488.14,-1
2025-03-05,2025-03-05 13:50:00,413.62,413.62,413.25,413.25,-0.09,1597.6,660488.14,-1
2025-03-05,2025-03-05 14:00:00,413.25,413.25,412.88,412.88,-0.09,1597.6,660488.14,-1
2025-03-05,2025-03-05 14:10:00,412.88,412.88,412.5,412.5,-0.09,1597.6,660488.14,-1
2025-03-05,2025-03-05 14:20:00,412.5,412.5,412.12,412.12,-0.09,1597.6,660488.14,-1
2025-03-05,2025-03-05 14:30:00,412.12,412.12,411.75,411.75,-0.09,1597.6,660488.14,-1
2025-03-05,2025-03-05 14:40:00,411.75,411.75,411.38,411.38,-0.09,1597.6,660488.14,-1
2025-03-05,2025-03-05 14:50:00,411.38,411.38,411.0,411.0,-0.09,1597.6,660488.14,-1
2025-03-05,2025-03-05 15:00:00,411.0,420.0,410.6,411.0,0.0,1597.6,660488.14,0
2025-03-06,2025-03-06 11:00:00,411.0,412.2,410.7,410.96,-0.01,1375.84,566299.8,-1
2025-03-06,2025-03-06 11:10:00,410.96,410.96,410.92,410.92,-0.01,1375.84,566299.8,-1
2025-03-06,2025-03-06 11:20:00,410.92,410.92,410.88,410.88,-0.01,1375.84,566299.8,-1
2025-03-06,2025-03-06 11:30:00,410.88,410.88,410.83,410.83,-0.01,1375.84,566299.8,-1
2025-03-06,2025-03-06 11:40:00,410.83,410.83,410.79,410.79,-0.01,1375.84,566299.8,-1
2025-03-06,2025-03-06 11:50:00,410.79,410.79,410.75,410.75,-0.01,1375.84,566299.8,-1
2025-03-06,2025-03-06 12:00:00,410.75,410.75,410.71,410.71,-0.01,1375.84,566299.8,-1
2025-03-06,2025-03-06 12:10:00,410.71,410.71,410.67,410.67,-0.01,1375.84,566299.8,-1
2025-03-06,2025-03-06 12:20:00,410.67,410.67,410.62,410.62,-0.01,1375.84,566299.8,-1
2025-03-06,2025-03-06 12:30:00,410.62,410.62,410.58,410.58,-0.01,1375.84,566299.8,-1
2025-03-06,2025-03-06 12:40:00,410.58,410.58,410.54,410.54,-0.01,1375.84,566299.8,-1
2025-03-06,2025-03-06 12:50:00,410.54,410.54,410.5,410.5,-0.01,1375.84,566299.8,-1
2025-03-06,2025-03-06 13:00:00,410.5,415.0,410.0,410.46,-0.01,1375.84,566299.8,-1
2025-03-06,2025-03-06 13:10:00,410.46,410.46,410.42,410.42,-0.01,1375.84,566299.8,-1
2025-03-06,2025-03-06 13:20:00,410.42,410.42,410.38,410.38,-0.01,1375.84,566299.8,-1
2025-03-06,2025-03-06 13:30:00,410.38,410.38,410.33,410.33,-0.01,1375.84,566299.8,-1
2025-03-06,2025-03-06 13:40:00,410.33,410.33,410.29,410.29,-0.01,1375.84,566299.8,-1
2025-03-06,2025-03-06 13:50:00,410.29,410.29,410.25,410.25,-0.01,1375.84,566299.8,-1
2025-03-06,2025-03-06 14:00:00,410.25,410.25,410.21,410.21,-0.01,1375.84,566299.8,-1
2025-03-06,2025-03-06 14:10:00,410.21,410.21,410.17,410.17,-0.01,1375.84,566299.8,-1
2025-03-06,2025-03-06 14:20:00,410.17,410.17,410.12,410.12,-0.01,1375.84,566299.8,-1
2025-03-06,2025-03-06 14:30:00,410.12,410.12,410.08,410.08,-0.01,1375.84,566299.8,-1
2025-03-06,2025-03-06 14:40:00,410.08,410.08,410.04,410.04,-0.01,1375.84,566299.8,-1
2025-03-06,2025-03-06 14:50:00,410.04,410.04,410.0,410.0,-0.01,1375.84,566299.8,-1
2025-03-06,2025-03-06 15:00:00,410.0,415.0,410.0,410.0,0.0,1375.84,566299.8,0
2025-03-09,2025-03-09 11:00:00,410.6,411.92,408.92,410.38,-0.05,2062.76,844438.79,-1
2025-03-09,2025-03-09 11:10:00,410.38,410.38,410.16,410.16,-0.05,2062.76,844438.79,-1
2025-03-09,2025-03-09 11:20:00,410.16,410.16,409.94,409.94,-0.05,2062.76,844438.79,-1
2025-03-09,2025-03-09 11:30:00,409.94,409.94,409.72,409.72,-0.05,2062.76,844438.79,-1
2025-03-09,2025-03-09 11:40:00,409.72,409.72,409.5,409.5,-0.05,2062.76,844438.79,-1
2025-03-09,2025-03-09 11:50:00,409.5,409.5,409.28,409.28,-0.05,2062.76,844438.79,-1
2025-03-09,2025-03-09 12:00:00,409.28,409.28,409.05,409.05,-0.06,2062.76,844438.79,-1
2025-03-09,2025-03-09 12:10:00,409.05,409.05,408.83,408.83,-0.05,2062.76,844438.79,-1
2025-03-09,2025-03-09 12:20:00,408.83,408.83,408.61,408.61,-0.05,2062.76,844438.79,-1
2025-03-09,2025-03-09 12:30:00,408.61,408.61,408.39,408.39,-0.05,2062.76,844438.79,-1
2025-03-09,2025-03-09 12:40:00,408.39,408.39,408.17,408.17,-0.05,2062.76,844438.79,-1
2025-03-09,2025-03-09 12:50:00,408.17,408.17,407.95,407.95,-0.05,2062.76,844438.79,-1
2025-03-09,2025-03-09 13:00:00,407.95,415.0,405.0,407.73,-0.05,2062.76,844438.79,-1
2025-03-09,2025-03-09 13:10:00,407.73,407.73,407.51,407.51,-0.05,2062.76,844438.79,-1
2025-03-09,2025-03-09 13:20:00,407.51,407.51,407.29,407.29,-0.05,2062.76,844438.79,-1
2025-03-09,2025-03-09 13:30:00,407.29,407.29,407.07,407.07,-0.05,2062.76,844438.79,-1
2025-03-09,2025-03-09 13:40:00,407.07,407.07,406.85,406.85,-0.05,2062.76,844438.79,-1
2025-03-09,2025-03-09 13:50:00,406.85,406.85,406.62,406.62,-0.06,2062.76,844438.79,-1
2025-03-09,2025-03-09 14:00:00,406.62,406.62,406.4,406.4,-0.05,2062.76,844438.79,-1
2025-03-09,2025-03-09 14:10:00,406.4,406.4,406.18,406.18,-0.05,2062.76,844438.79,-1
2025-03-09,2025-03-09 14:20:00,406.18,406.18,405.96,405.96,-0.05,2062.76,844438.79,-1
2025-03-09,2025-03-09 14:30:00,405.96,405.96,405.74,405.74,-0.05,2062.76,844438.79,-1
2025-03-09,2025-03-09 14:40:00,405.74,405.74,405.52,405.52,-0.05,2062.76,844438.79,-1
2025-03-09,2025-03-09 14:50:00,405.52,405.52,405.3,405.3,-0.05,2062.76,844438.79,-1
2025-03-09,2025-03-09 15:00:00,405.3,415.0,405.0,405.3,0.0,2062.76,844438.79,0
2025-03-10,2025-03-10 11:00:00,401.0,404.03,401.0,401.08,0.02,1437.6,583442.94,1
2025-03-10,2025-03-10 11:10:00,401.08,401.17,401.08,401.17,0.02,1437.6,583442.94,1
2025-03-10,2025-03-10 11:20:00,401.17,401.25,401.17,401.25,0.02,1437.6,583442.94,1
2025-03-10,2025-03-10 11:30:00,401.25,401.33,401.25,401.33,0.02,1437.6,583442.94,1
2025-03-10,2025-03-10 11:40:00,401.33,401.42,401.33,401.42,0.02,1437.6,583442.94,1
2025-03-10,2025-03-10 11:50:00,401.42,401.5,401.42,401.5,0.02,1437.6,583442.94,1
2025-03-10,2025-03-10 12:00:00,401.5,401.58,401.5,401.58,0.02,1437.6,583442.94,1
2025-03-10,2025-03-10 12:10:00,401.58,401.67,401.58,401.67,0.02,1437.6,583442.94,1
2025-03-10,2025-03-10 12:20:00,401.67,401.75,401.67,401.75,0.02,1437.6,583442.94,1
2025-03-10,2025-03-10 12:30:00,401.75,401.83,401.75,401.83,0.02,1437.6,583442.94,1
2025-03-10,2025-03-10 12:40:00,401.83,401.92,401.83,401.92,0.02,1437.6,583442.94,1
2025-03-10,2025-03-10 12:50:00,401.92,402.0,401.92,402.0,0.02,1437.6,583442.94,1
2025-03-10,2025-03-10 13:00:00,402.0,411.1,401.0,402.08,0.02,1437.6,583442.94,1
2025-03-10,2025-03-10 13:10:00,402.08,402.17,402.08,402.17,0.02,1437.6,583442.94,1
2025-03-10,2025-03-10 13:20:00,402.17,402.25,402.17,402.25,0.02,1437.6,583442.94,1
2025-03-10,2025-03-10 13:30:00,402.25,402.33,402.25,402.33,0.02,1437.6,583442.94,1
2025-03-10,2025-03-10 13:40:00,402.33,402.42,402.33,402.42,0.02,1437.6,583442.94,1
2025-03-10,2025-03-10 13:50:00,402.42,402.5,402.42,402.5,0.02,1437.6,583442.94,1
2025-03-10,2025-03-10 14:00:00,402.5,402.58,402.5,402.58,0.02,1437.6,583442.94,1
2025-03-10,2025-03-10 14:10:00,402.58,402.67,402.58,402.67,0.02,1437.6,583442.94,1
2025-03-10,2025-03-10 14:20:00,402.67,402.75,402.67,402.75,0.02,1437.6,583442.94,1
2025-03-10,2025-03-10 14:30:00,402.75,402.83,402.75,402.83,0.02,1437.6,583442.94,1
2025-03-10,2025-03-10 14:40:00,402.83,402.92,402.83,402.92,0.02,1437.6,583442.94,1
2025-03-10,2025-03-10 14:50:00,402.92,403.0,402.92,403.0,0.02,1437.6,583442.94,1
2025-03-10,2025-03-10 15:00:00,403.0,411.1,401.0,403.0,0.0,1437.6,583442.94,0
2025-03-11,2025-03-11 11:00:00,403.0,404.2,400.6,402.71,-0.07,1562.4,625307.7,-1
2025-03-11,2025-03-11 11:10:00,402.71,402.71,402.42,402.42,-0.07,1562.4,625307.7,-1
2025-03-11,2025-03-11 11:20:00,402.42,402.42,402.12,402.12,-0.07,1562.4,625307.7,-1
2025-03-11,2025-03-11 11:30:00,402.12,402.12,401.83,401.83,-0.07,1562.4,625307.7,-1
2025-03-11,2025-03-11 11:40:00,401.83,401.83,401.54,401.54,-0.07,1562.4,625307.7,-1
2025-03-11,2025-03-11 11:50:00,401.54,401.54,401.25,401.25,-0.07,1562.4,625307.7,-1
2025-03-11,2025-03-11 12:00:00,401.25,401.25,400.96,400.96,-0.07,1562.4,625307.7,-1
2025-03-11,2025-03-11 12:10:00,400.96,400.96,400.67,400.67,-0.07,1562.4,625307.7,-1
2025-03-11,2025-03-11 12:20:00,400.67,400.67,400.38,400.38,-0.07,1562.4,625307.7,-1
2025-03-11,2025-03-11 12:30:00,400.38,400.38,400.08,400.08,-0.07,1562.4,625307.7,-1
2025-03-11,2025-03-11 12:40:00,400.08,400.08,399.79,399.79,-0.07,1562.4,625307.7,-1
2025-03-11,2025-03-11 12:50:00,399.79,399.79,399.5,399.5,-0.07,1562.4,625307.7,-1
2025-03-11,2025-03-11 13:00:00,399.5,407.0,395.0,399.21,-0.07,1562.4,625307.7,-1
2025-03-11,2025-03-11 13:10:00,399.21,399.21,398.92,398.92,-0.07,1562.4,625307.7,-1
2025-03-11,2025-03-11 13:20:00,398.92,398.92,398.62,398.62,-0.08,1562.4,625307.7,-1
2025-03-11,2025-03-11 13:30:00,398.62,398.62,398.33,398.33,-0.07,1562.4,625307.7,-1
2025-03-11,2025-03-11 13:40:00,398.33,398.33,398.04,398.04,-0.07,1562.4,625307.7,-1
2025-03-11,2025-03-11 13:50:00,398.04,398.04,397.75,397.75,-0.07,1562.4,625307.7,-1
2025-03-11,2025-03-11 14:00:00,397.75,397.75,397.46,397.46,-0.07,1562.4,625307.7,-1
2025-03-11,2025-03-11 14:10:00,397.46,397.46,397.17,397.17,-0.07,1562.4,625307.7,-1
2025-03-11,2025-03-11 14:20:00,397.17,397.17,396.88,396.88,-0.07,1562.4,625307.7,-1
2025-03-11,2025-03-11 14:30:00,396.88,396.88,396.58,396.58,-0.08,1562.4,625307.7,-1
2025-03-11,2025-03-11 14:40:00,396.58,396.58,396.29,396.29,-0.07,1562.4,625307.7,-1
2025-03-11,2025-03-11 14:50:00,396.29,396.29,396.0,396.0,-0.07,1562.4,625307.7,-1
2025-03-11,2025-03-11 15:00:00,396.0,407.0,395.0,396.0,0.0,1562.4,625307.7,0
2025-03-12,2025-03-12 11:00:00,397.0,398.17,395.8,396.83,-0.04,1441.8,571728.58,-1
2025-03-12,2025-03-12 11:10:00,396.83,396.83,396.67,396.67,-0.04,1441.8,571728.58,-1
2025-03-12,2025-03-12 11:20:00,396.67,396.67,396.5,396.5,-0.04,1441.8,571728.58,-1
2025-03-12,2025-03-12 11:30:00,396.5,396.5,396.33,396.33,-0.04,1441.8,571728.58,-1
2025-03-12,2025-03-12 11:40:00,396.33,396.33,396.17,396.17,-0.04,1441.8,571728.58,-1
2025-03-12,2025-03-12 11:50:00,396.17,396.17,396.0,396.0,-0.04,1441.8,571728.58,-1
2025-03-12,2025-03-12 12:00:00,396.0,396.0,395.83,395.83,-0.04,1441.8,571728.58,-1
2025-03-12,2025-03-12 12:10:00,395.83,395.83,395.67,395.67,-0.04,1441.8,571728.58,-1
2025-03-12,2025-03-12 12:20:00,395.67,395.67,395.5,395.5,-0.04,1441.8,571728.58,-1
2025-03-12,2025-03-12 12:30:00,395.5,395.5,395.33,395.33,-0.04,1441.8,571728.58,-1
2025-03-12,2025-03-12 12:40:00,395.33,395.33,395.17,395.17,-0.04,1441.8,571728.58,-1
2025-03-12,2025-03-12 12:50:00,395.17,395.17,395.0,395.0,-0.04,1441.8,571728.58,-1
2025-03-12,2025-03-12 13:00:00,395.0,400.9,393.0,394.83,-0.04,1441.8,571728.58,-1
2025-03-12,2025-03-12 13:10:00,394.83,394.83,394.67,394.67,-0.04,1441.8,571728.58,-1
2025-03-12,2025-03-12 13:20:00,394.67,394.67,394.5,394.5,-0.04,1441.8,571728.58,-1
2025-03-12,2025-03-12 13:30:00,394.5,394.5,394.33,394.33,-0.04,1441.8,571728.58,-1
2025-03-12,2025-03-12 13:40:00,394.33,394.33,394.17,394.17,-0.04,1441.8,571728.58,-1
2025-03-12,2025-03-12 13:50:00,394.17,394.17,394.0,394.0,-0.04,1441.8,571728.58,-1
2025-03-12,2025-03-12 14:00:00,394.0,394.0,393.83,393.83,-0.04,1441.8,571728.58,-1
2025-03-12,2025-03-12 14:10:00,393.83,393.83,393.67,393.67,-0.04,1441.8,571728.58,-1
2025-03-12,2025-03-12 14:20:00,393.67,393.67,393.5,393.5,-0.04,1441.8,571728.58,-1
2025-03-12,2025-03-12 14:30:00,393.5,393.5,393.33,393.33,-0.04,1441.8,571728.58,-1
2025-03-12,2025-03-12 14:40:00,393.33,393.33,393.17,393.17,-0.04,1441.8,571728.58,-1
2025-03-12,2025-03-12 14:50:00,393.17,393.17,393.0,393.0,-0.04,1441.8,571728.58,-1
2025-03-12,2025-03-12 15:00:00,393.0,400.9,393.0,393.0,0.0,1441.8,571728.58,0
2025-03-16,2025-03-16 11:00:00,393.0,394.44,390.03,392.59,-0.1,1602.68,623950.36,-1
2025-03-16,2025-03-16 11:10:00,392.59,392.59,392.18,392.18,-0.1,1602.68,623950.36,-1
2025-03-16,2025-03-16 11:20:00,392.18,392.18,391.76,391.76,-0.11,1602.68,623950.36,-1
2025-03-16,2025-03-16 11:30:00,391.76,391.76,391.35,391.35,-0.1,1602.68,623950.36,-1
2025-03-16,2025-03-16 11:40:00,391.35,391.35,390.94,390.94,-0.1,1602.68,623950.36,-1
2025-03-16,2025-03-16 11:50:00,390.94,390.94,390.52,390.52,-0.11,1602.68,623950.36,-1
2025-03-16,2025-03-16 12:00:00,390.52,390.52,390.11,390.11,-0.1,1602.68,623950.36,-1
2025-03-16,2025-03-16 12:10:00,390.11,390.11,389.7,389.7,-0.11,1602.68,623950.36,-1
2025-03-16,2025-03-16 12:20:00,389.7,389.7,389.29,389.29,-0.11,1602.68,623950.36,-1
2025-03-16,2025-03-16 12:30:00,389.29,389.29,388.88,388.88,-0.11,1602.68,623950.36,-1
2025-03-16,2025-03-16 12:40:00,388.88,388.88,388.46,388.46,-0.11,1602.68,623950.36,-1
2025-03-16,2025-03-16 12:50:00,388.46,388.46,388.05,388.05,-0.11,1602.68,623950.36,-1
2025-03-16,2025-03-16 13:00:00,388.05,397.8,383.1,387.64,-0.11,1602.68,623950.36,-1
2025-03-16,2025-03-16 13:10:00,387.64,387.64,387.23,387.23,-0.11,1602.68,623950.36,-1
2025-03-16,2025-03-16 13:20:00,387.23,387.23,386.81,386.81,-0.11,1602.68,623950.36,-1
2025-03-16,2025-03-16 13:30:00,386.81,386.81,386.4,386.4,-0.11,1602.68,623950.36,-1
2025-03-16,2025-03-16 13:40:00,386.4,386.4,385.99,385.99,-0.11,1602.68,623950.36,-1
2025-03-16,2025-03-16 13:50:00,385.99,385.99,385.58,385.58,-0.11,1602.68,623950.36,-1
2025-03-16,2025-03-16 14:00:00,385.58,385.58,385.16,385.16,-0.11,1602.68,623950.36,-1
2025-03-16,2025-03-16 14:10:00,385.16,385.16,384.75,384.75,-0.11,1602.68,623950.36,-1
2025-03-16,2025-03-16 14:20:00,384.75,384.75,384.34,384.34,-0.11,1602.68,623950.36,-1
2025-03-16,2025-03-16 14:30:00,384.34,384.34,383.93,383.93,-0.11,1602.68,623950.36,-1
2025-03-16,2025-03-16 14:40:00,383.93,383.93,383.51,383.51,-0.11,1602.68,623950.36,-1
2025-03-16,2025-03-16 14:50:00,383.51,383.51,383.1,383.1,-0.11,1602.68,623950.36,-1
2025-03-16,2025-03-16 15:00:00,383.1,397.8,383.1,383.1,0.0,1602.68,623950.36,0
2025-03-17,2025-03-17 11:00:00,383.0,384.8,382.4,383.0,0.0,1387.68,532817.3,0
2025-03-17,2025-03-17 11:10:00,383.0,383.0,383.0,383.0,0.0,1387.68,532817.3,0
2025-03-17,2025-03-17 11:20:00,383.0,383.0,383.0,383.0,0.0,1387.68,532817.3,0
2025-03-17,2025-03-17 11:30:00,383.0,383.0,383.0,383.0,0.0,1387.68,532817.3,0
2025-03-17,2025-03-17 11:40:00,383.0,383.0,383.0,383.0,0.0,1387.68,532817.3,0
2025-03-17,2025-03-17 11:50:00,383.0,383.0,383.0,383.0,0.0,1387.68,532817.3,0
2025-03-17,2025-03-17 12:00:00,383.0,383.0,383.0,383.0,0.0,1387.68,532817.3,0
2025-03-17,2025-03-17 12:10:00,383.0,383.0,383.0,383.0,0.0,1387.68,532817.3,0
2025-03-17,2025-03-17 12:20:00,383.0,383.0,383.0,383.0,0.0,1387.68,532817.3,0
2025-03-17,2025-03-17 12:30:00,383.0,383.0,383.0,383.0,0.0,1387.68,532817.3,0
2025-03-17,2025-03-17 12:40:00,383.0,383.0,383.0,383.0,0.0,1387.68,532817.3,0
2025-03-17,2025-03-17 12:50:00,383.0,383.0,383.0,383.0,0.0,1387.68,532817.3,0
2025-03-17,2025-03-17 13:00:00,383.0,389.0,381.0,383.0,0.0,1387.68,532817.3,0
2025-03-17,2025-03-17 13:10:00,383.0,383.0,383.0,383.0,0.0,1387.68,532817.3,0
2025-03-17,2025-03-17 13:20:00,383.0,383.0,383.0,383.0,0.0,1387.68,532817.3,0
2025-03-17,2025-03-17 13:30:00,383.0,383.0,383.0,383.0,0.0,1387.68,532817.3,0
2025-03-17,2025-03-17 13:40:00,383.0,383.0,383.0,383.0,0.0,1387.68,532817.3,0
2025-03-17,2025-03-17 13:50:00,383.0,383.0,383.0,383.0,0.0,1387.68,532817.3,0
2025-03-17,2025-03-17 14:00:00,383.0,383.0,383.0,383.0,0.0,1387.68,532817.3,0
2025-03-17,2025-03-17 14:10:00,383.0,383.0,383.0,383.0,0.0,1387.68,532817.3,0
2025-03-17,2025-03-17 14:20:00,383.0,383.0,383.0,383.0,0.0,1387.68,532817.3,0
2025-03-17,2025-03-17 14:30:00,383.0,383.0,383.0,383.0,0.0,1387.68,532817.3,0
2025-03-17,2025-03-17 14:40:00,383.0,383.0,383.0,383.0,0.0,1387.68,532817.3,0
2025-03-17,2025-03-17 14:50:00,383.0,383.0,383.0,383.0,0.0,1387.68,532817.3,0
2025-03-17,2025-03-17 15:00:00,383.0,389.0,381.0,383.0,0.0,1387.68,532817.3,0
2025-03-18,2025-03-18 11:00:00,390.6,390.6,386.82,390.16,-0.11,815.2,311266.46,-1
2025-03-18,2025-03-18 11:10:00,390.16,390.16,389.72,389.72,-0.11,815.2,311266.46,-1
2025-03-18,2025-03-18 11:20:00,389.72,389.72,389.28,389.28,-0.11,815.2,311266.46,-1
2025-03-18,2025-03-18 11:30:00,389.28,389.28,388.83,388.83,-0.12,815.2,311266.46,-1
2025-03-18,2025-03-18 11:40:00,388.83,388.83,388.39,388.39,-0.11,815.2,311266.46,-1
2025-03-18,2025-03-18 11:50:00,388.39,388.39,387.95,387.95,-0.11,815.2,311266.46,-1
2025-03-18,2025-03-18 12:00:00,387.95,387.95,387.51,387.51,-0.11,815.2,311266.46,-1
2025-03-18,2025-03-18 12:10:00,387.51,387.51,387.07,387.07,-0.11,815.2,311266.46,-1
2025-03-18,2025-03-18 12:20:00,387.07,387.07,386.62,386.62,-0.12,815.2,311266.46,-1
2025-03-18,2025-03-18 12:30:00,386.62,386.62,386.18,386.18,-0.11,815.2,311266.46,-1
2025-03-18,2025-03-18 12:40:00,386.18,386.18,385.74,385.74,-0.11,815.2,311266.46,-1
2025-03-18,2025-03-18 12:50:00,385.74,385.74,385.3,385.3,-0.11,815.2,311266.46,-1
2025-03-18,2025-03-18 13:00:00,385.3,390.6,378.0,384.86,-0.11,815.2,311266.46,-1
2025-03-18,2025-03-18 13:10:00,384.86,384.86,384.42,384.42,-0.11,815.2,311266.46,-1
2025-03-18,2025-03-18 13:20:00,384.42,384.42,383.98,383.98,-0.11,815.2,311266.46,-1
2025-03-18,2025-03-18 13:30:00,383.98,383.98,383.53,383.53,-0.12,815.2,311266.46,-1
2025-03-18,2025-03-18 13:40:00,383.53,383.53,383.09,383.09,-0.11,815.2,311266.46,-1
2025-03-18,2025-03-18 13:50:00,383.09,383.09,382.65,382.65,-0.11,815.2,311266.46,-1
2025-03-18,2025-03-18 14:00:00,382.65,382.65,382.21,382.21,-0.11,815.2,311266.46,-1
2025-03-18,2025-03-18 14:10:00,382.21,382.21,381.77,381.77,-0.12,815.2,311266.46,-1
2025-03-18,2025-03-18 14:20:00,381.77,381.77,381.32,381.32,-0.12,815.2,311266.46,-1
2025-03-18,2025-03-18 14:30:00,381.32,381.32,380.88,380.88,-0.12,815.2,311266.46,-1
2025-03-18,2025-03-18 14:40:00,380.88,380.88,380.44,380.44,-0.12,815.2,311266.46,-1
2025-03-18,2025-03-18 14:50:00,380.44,380.44,380.0,380.0,-0.12,815.2,311266.46,-1
2025-03-18,2025-03-18 15:00:00,380.0,390.6,378.0,380.0,0.0,815.2,311266.46,0
2025-03-19,2025-03-19 11:00:00,380.0,381.5,378.2,379.87,-0.03,1285.0,488021.72,-1
2025-03-19,2025-03-19 11:10:00,379.87,379.87,379.74,379.74,-0.03,1285.0,488021.72,-1
2025-03-19,2025-03-19 11:20:00,379.74,379.74,379.61,379.61,-0.03,1285.0,488021.72,-1
2025-03-19,2025-03-19 11:30:00,379.61,379.61,379.48,379.48,-0.03,1285.0,488021.72,-1
2025-03-19,2025-03-19 11:40:00,379.48,379.48,379.35,379.35,-0.03,1285.0,488021.72,-1
2025-03-19,2025-03-19 11:50:00,379.35,379.35,379.23,379.23,-0.03,1285.0,488021.72,-1
2025-03-19,2025-03-19 12:00:00,379.23,379.23,379.1,379.1,-0.03,1285.0,488021.72,-1
2025-03-19,2025-03-19 12:10:00,379.1,379.1,378.97,378.97,-0.03,1285.0,488021.72,-1
2025-03-19,2025-03-19 12:20:00,378.97,378.97,378.84,378.84,-0.03,1285.0,488021.72,-1
2025-03-19,2025-03-19 12:30:00,378.84,378.84,378.71,378.71,-0.03,1285.0,488021.72,-1
2025-03-19,2025-03-19 12:40:00,378.71,378.71,378.58,378.58,-0.03,1285.0,488021.72,-1
2025-03-19,2025-03-19 12:50:00,378.58,378.58,378.45,378.45,-0.03,1285.0,488021.72,-1
2025-03-19,2025-03-19 13:00:00,378.45,385.0,374.0,378.32,-0.03,1285.0,488021.72,-1
2025-03-19,2025-03-19 13:10:00,378.32,378.32,378.19,378.19,-0.03,1285.0,488021.72,-1
2025-03-19,2025-03-19 13:20:00,378.19,378.19,378.06,378.06,-0.03,1285.0,488021.72,-1
2025-03-19,2025-03-19 13:30:00,378.06,378.06,377.93,377.93,-0.03,1285.0,488021.72,-1
2025-03-19,2025-03-19 13:40:00,377.93,377.93,377.8,377.8,-0.03,1285.0,488021.72,-1
2025-03-19,2025-03-19 13:50:00,377.8,377.8,377.67,377.67,-0.03,1285.0,488021.72,-1
2025-03-19,2025-03-19 14:00:00,377.67,377.67,377.55,377.55,-0.03,1285.0,488021.72,-1
2025-03-19,2025-03-19 14:10:00,377.55,377.55,377.42,377.42,-0.03,1285.0,488021.72,-1
2025-03-19,2025-03-19 14:20:00,377.42,377.42,377.29,377.29,-0.03,1285.0,488021.72,-1
2025-03-19,2025-03-19 14:30:00,377.29,377.29,377.16,377.16,-0.03,1285.0,488021.72,-1
2025-03-19,2025-03-19 14:40:00,377.16,377.16,377.03,377.03,-0.03,1285.0,488021.72,-1
2025-03-19,2025-03-19 14:50:00,377.03,377.03,376.9,376.9,-0.03,1285.0,488021.72,-1
2025-03-19,2025-03-19 15:00:00,376.9,385.0,374.0,376.9,0.0,1285.0,488021.72,0
2025-03-20,2025-03-20 11:00:00,384.4,384.4,380.68,383.9,-0.13,1096.32,410155.09,-1
2025-03-20,2025-03-20 11:10:00,383.9,383.9,383.41,383.41,-0.13,1096.32,410155.09,-1
2025-03-20,2025-03-20 11:20:00,383.41,383.41,382.91,382.91,-0.13,1096.32,410155.09,-1
2025-03-20,2025-03-20 11:30:00,382.91,382.91,382.42,382.42,-0.13,1096.32,410155.09,-1
2025-03-20,2025-03-20 11:40:00,382.42,382.42,381.92,381.92,-0.13,1096.32,410155.09,-1
2025-03-20,2025-03-20 11:50:00,381.92,381.92,381.43,381.43,-0.13,1096.32,410155.09,-1
2025-03-20,2025-03-20 12:00:00,381.43,381.43,380.94,380.94,-0.13,1096.32,410155.09,-1
2025-03-20,2025-03-20 12:10:00,380.94,380.94,380.44,380.44,-0.13,1096.32,410155.09,-1
2025-03-20,2025-03-20 12:20:00,380.44,380.44,379.94,379.94,-0.13,1096.32,410155.09,-1
2025-03-20,2025-03-20 12:30:00,379.94,379.94,379.45,379.45,-0.13,1096.32,410155.09,-1
2025-03-20,2025-03-20 12:40:00,379.45,379.45,378.95,378.95,-0.13,1096.32,410155.09,-1
2025-03-20,2025-03-20 12:50:00,378.95,378.95,378.46,378.46,-0.13,1096.32,410155.09,-1
2025-03-20,2025-03-20 13:00:00,378.46,384.4,372.0,377.96,-0.13,1096.32,410155.09,-1
2025-03-20,2025-03-20 13:10:00,377.96,377.96,377.47,377.47,-0.13,1096.32,410155.09,-1
2025-03-20,2025-03-20 13:20:00,377.47,377.47,376.97,376.97,-0.13,1096.32,410155.09,-1
2025-03-20,2025-03-20 13:30:00,376.97,376.97,376.48,376.48,-0.13,1096.32,410155.09,-1
2025-03-20,2025-03-20 13:40:00,376.48,376.48,375.98,375.98,-0.13,1096.32,410155.09,-1
2025-03-20,2025-03-20 13:50:00,375.98,375.98,375.49,375.49,-0.13,1096.32,410155.09,-1
2025-03-20,2025-03-20 14:00:00,375.49,375.49,375.0,375.0,-0.13,1096.32,410155.09,-1
2025-03-20,2025-03-20 14:10:00,375.0,375.0,374.5,374.5,-0.13,1096.32,410155.09,-1
2025-03-20,2025-03-20 14:20:00,374.5,374.5,374.0,374.0,-0.13,1096.32,410155.09,-1
2025-03-20,2025-03-20 14:30:00,374.0,374.0,373.51,373.51,-0.13,1096.32,410155.09,-1
2025-03-20,2025-03-20 14:40:00,373.51,373.51,373.01,373.01,-0.13,1096.32,410155.09,-1
2025-03-20,2025-03-20 14:50:00,373.01,373.01,372.52,372.52,-0.13,1096.32,410155.09,-1
2025-03-20,2025-03-20 15:00:00,372.52,384.4,372.0,372.52,0.0,1096.32,410155.09,0
2025-03-23,2025-03-23 11:00:00,378.9,378.9,373.23,378.19,-0.19,1818.48,665988.26,-1
2025-03-23,2025-03-23 11:10:00,378.19,378.19,377.47,377.47,-0.19,1818.48,665988.26,-1
2025-03-23,2025-03-23 11:20:00,377.47,377.47,376.76,376.76,-0.19,1818.48,665988.26,-1
2025-03-23,2025-03-23 11:30:00,376.76,376.76,376.04,376.04,-0.19,1818.48,665988.26,-1
2025-03-23,2025-03-23 11:40:00,376.04,376.04,375.33,375.33,-0.19,1818.48,665988.26,-1
2025-03-23,2025-03-23 11:50:00,375.33,375.33,374.62,374.62,-0.19,1818.48,665988.26,-1
2025-03-23,2025-03-23 12:00:00,374.62,374.62,373.9,373.9,-0.19,1818.48,665988.26,-1
2025-03-23,2025-03-23 12:10:00,373.9,373.9,373.19,373.19,-0.19,1818.48,665988.26,-1
2025-03-23,2025-03-23 12:20:00,373.19,373.19,372.47,372.47,-0.19,1818.48,665988.26,-1
2025-03-23,2025-03-23 12:30:00,372.47,372.47,371.76,371.76,-0.19,1818.48,665988.26,-1
2025-03-23,2025-03-23 12:40:00,371.76,371.76,371.04,371.04,-0.19,1818.48,665988.26,-1
2025-03-23,2025-03-23 12:50:00,371.04,371.04,370.33,370.33,-0.19,1818.48,665988.26,-1
2025-03-23,2025-03-23 13:00:00,370.33,378.9,360.0,369.62,-0.19,1818.48,665988.26,-1
2025-03-23,2025-03-23 13:10:00,369.62,369.62,368.9,368.9,-0.19,1818.48,665988.26,-1
2025-03-23,2025-03-23 13:20:00,368.9,368.9,368.19,368.19,-0.19,1818.48,665988.26,-1
2025-03-23,2025-03-23 13:30:00,368.19,368.19,367.47,367.47,-0.2,1818.48,665988.26,-1
2025-03-23,2025-03-23 13:40:00,367.47,367.47,366.76,366.76,-0.19,1818.48,665988.26,-1
2025-03-23,2025-03-23 13:50:00,366.76,366.76,366.04,366.04,-0.2,1818.48,665988.26,-1
2025-03-23,2025-03-23 14:00:00,366.04,366.04,365.33,365.33,-0.19,1818.48,665988.26,-1
2025-03-23,2025-03-23 14:10:00,365.33,365.33,364.62,364.62,-0.19,1818.48,665988.26,-1
2025-03-23,2025-03-23 14:20:00,364.62,364.62,363.9,363.9,-0.2,1818.48,665988.26,-1
2025-03-23,2025-03-23 14:30:00,363.9,363.9,363.19,363.19,-0.2,1818.48,665988.26,-1
2025-03-23,2025-03-23 14:40:00,363.19,363.19,362.47,362.47,-0.2,1818.48,665988.26,-1
2025-03-23,2025-03-23 14:50:00,362.47,362.47,361.76,361.76,-0.2,1818.48,665988.26,-1
2025-03-23,2025-03-23 15:00:00,361.76,378.9,360.0,361.76,0.0,1818.48,665988.26,0
2025-03-24,2025-03-24 11:00:00,367.9,369.16,365.2,367.76,-0.04,977.12,357143.58,-1
2025-03-24,2025-03-24 11:10:00,367.76,367.76,367.62,367.62,-0.04,977.12,357143.58,-1
2025-03-24,2025-03-24 11:20:00,367.62,367.62,367.48,367.48,-0.04,977.12,357143.58,-1
2025-03-24,2025-03-24 11:30:00,367.48,367.48,367.33,367.33,-0.04,977.12,357143.58,-1
2025-03-24,2025-03-24 11:40:00,367.33,367.33,367.19,367.19,-0.04,977.12,357143.58,-1
2025-03-24,2025-03-24 11:50:00,367.19,367.19,367.05,367.05,-0.04,977.12,357143.58,-1
2025-03-24,2025-03-24 12:00:00,367.05,367.05,366.91,366.91,-0.04,977.12,357143.58,-1
2025-03-24,2025-03-24 12:10:00,366.91,366.91,366.77,366.77,-0.04,977.12,357143.58,-1
2025-03-24,2025-03-24 12:20:00,366.77,366.77,366.63,366.63,-0.04,977.12,357143.58,-1
2025-03-24,2025-03-24 12:30:00,366.63,366.63,366.49,366.49,-0.04,977.12,357143.58,-1
2025-03-24,2025-03-24 12:40:00,366.49,366.49,366.35,366.35,-0.04,977.12,357143.58,-1
2025-03-24,2025-03-24 12:50:00,366.35,366.35,366.2,366.2,-0.04,977.12,357143.58,-1
2025-03-24,2025-03-24 13:00:00,366.2,372.1,358.9,366.06,-0.04,977.12,357143.58,-1
2025-03-24,2025-03-24 13:10:00,366.06,366.06,365.92,365.92,-0.04,977.12,357143.58,-1
2025-03-24,2025-03-24 13:20:00,365.92,365.92,365.78,365.78,-0.04,977.12,357143.58,-1
2025-03-24,2025-03-24 13:30:00,365.78,365.78,365.64,365.64,-0.04,977.12,357143.58,-1
2025-03-24,2025-03-24 13:40:00,365.64,365.64,365.5,365.5,-0.04,977.12,357143.58,-1
2025-03-24,2025-03-24 13:50:00,365.5,365.5,365.36,365.36,-0.04,977.12,357143.58,-1
2025-03-24,2025-03-24 14:00:00,365.36,365.36,365.22,365.22,-0.04,977.12,357143.58,-1
2025-03-24,2025-03-24 14:10:00,365.22,365.22,365.07,365.07,-0.04,977.12,357143.58,-1
2025-03-24,2025-03-24 14:20:00,365.07,365.07,364.93,364.93,-0.04,977.12,357143.58,-1
2025-03-24,2025-03-24 14:30:00,364.93,364.93,364.79,364.79,-0.04,977.12,357143.58,-1
2025-03-24,2025-03-24 14:40:00,364.79,364.79,364.65,364.65,-0.04,977.12,357143.58,-1
2025-03-24,2025-03-24 14:50:00,364.65,364.65,364.51,364.51,-0.04,977.12,357143.58,-1
2025-03-24,2025-03-24 15:00:00,364.51,372.1,358.9,364.51,0.0,977.12,357143.58,0
2025-03-25,2025-03-25 11:00:00,360.0,360.3,354.0,359.36,-0.18,2321.36,809519.91,-1
2025-03-25,2025-03-25 11:10:00,359.36,359.36,358.71,358.71,-0.18,2321.36,809519.91,-1
2025-03-25,2025-03-25 11:20:00,358.71,358.71,358.07,358.07,-0.18,2321.36,809519.91,-1
2025-03-25,2025-03-25 11:30:00,358.07,358.07,357.42,357.42,-0.18,2321.36,809519.91,-1
2025-03-25,2025-03-25 11:40:00,357.42,357.42,356.78,356.78,-0.18,2321.36,809519.91,-1
2025-03-25,2025-03-25 11:50:00,356.78,356.78,356.13,356.13,-0.18,2321.36,809519.91,-1
2025-03-25,2025-03-25 12:00:00,356.13,356.13,355.49,355.49,-0.18,2321.36,809519.91,-1
2025-03-25,2025-03-25 12:10:00,355.49,355.49,354.85,354.85,-0.18,2321.36,809519.91,-1
2025-03-25,2025-03-25 12:20:00,354.85,354.85,354.2,354.2,-0.18,2321.36,809519.91,-1
2025-03-25,2025-03-25 12:30:00,354.2,354.2,353.56,353.56,-0.18,2321.36,809519.91,-1
2025-03-25,2025-03-25 12:40:00,353.56,353.56,352.91,352.91,-0.18,2321.36,809519.91,-1
2025-03-25,2025-03-25 12:50:00,352.91,352.91,352.27,352.27,-0.18,2321.36,809519.91,-1
2025-03-25,2025-03-25 13:00:00,352.27,361.0,340.0,351.63,-0.18,2321.36,809519.91,-1
2025-03-25,2025-03-25 13:10:00,351.63,351.63,350.98,350.98,-0.18,2321.36,809519.91,-1
2025-03-25,2025-03-25 13:20:00,350.98,350.98,350.34,350.34,-0.18,2321.36,809519.91,-1
2025-03-25,2025-03-25 13:30:00,350.34,350.34,349.69,349.69,-0.19,2321.36,809519.91,-1
2025-03-25,2025-03-25 13:40:00,349.69,349.69,349.05,349.05,-0.18,2321.36,809519.91,-1
2025-03-25,2025-03-25 13:50:00,349.05,349.05,348.41,348.41,-0.18,2321.36,809519.91,-1
2025-03-25,2025-03-25 14:00:00,348.41,348.41,347.76,347.76,-0.19,2321.36,809519.91,-1
2025-03-25,2025-03-25 14:10:00,347.76,347.76,347.12,347.12,-0.18,2321.36,809519.91,-1
2025-03-25,2025-03-25 14:20:00,347.12,347.12,346.47,346.47,-0.19,2321.36,809519.91,-1
2025-03-25,2025-03-25 14:30:00,346.47,346.47,345.83,345.83,-0.18,2321.36,809519.91,-1
2025-03-25,2025-03-25 14:40:00,345.83,345.83,345.18,345.18,-0.19,2321.36,809519.91,-1
2025-03-25,2025-03-25 14:50:00,345.18,345.18,344.54,344.54,-0.19,2321.36,809519.91,-1
2025-03-25,2025-03-25 15:00:00,344.54,361.0,340.0,344.54,0.0,2321.36,809519.91,0
2025-03-26,2025-03-26 11:00:00,351.4,353.08,348.64,351.37,-0.01,1325.48,465342.24,-1
2025-03-26,2025-03-26 11:10:00,351.37,351.37,351.35,351.35,-0.01,1325.48,465342.24,-1
2025-03-26,2025-03-26 11:20:00,351.35,351.35,351.32,351.32,-0.01,1325.48,465342.24,-1
2025-03-26,2025-03-26 11:30:00,351.32,351.32,351.29,351.29,-0.01,1325.48,465342.24,-1
2025-03-26,2025-03-26 11:40:00,351.29,351.29,351.27,351.27,-0.01,1325.48,465342.24,-1
2025-03-26,2025-03-26 11:50:00,351.27,351.27,351.24,351.24,-0.01,1325.48,465342.24,-1
2025-03-26,2025-03-26 12:00:00,351.24,351.24,351.22,351.22,-0.01,1325.48,465342.24,-1
2025-03-26,2025-03-26 12:10:00,351.22,351.22,351.19,351.19,-0.01,1325.48,465342.24,-1
2025-03-26,2025-03-26 12:20:00,351.19,351.19,351.16,351.16,-0.01,1325.48,465342.24,-1
2025-03-26,2025-03-26 12:30:00,351.16,351.16,351.14,351.14,-0.01,1325.48,465342.24,-1
2025-03-26,2025-03-26 12:40:00,351.14,351.14,351.11,351.11,-0.01,1325.48,465342.24,-1
2025-03-26,2025-03-26 12:50:00,351.11,351.11,351.08,351.08,-0.01,1325.48,465342.24,-1
2025-03-26,2025-03-26 13:00:00,351.08,357.0,342.2,351.06,-0.01,1325.48,465342.24,-1
2025-03-26,2025-03-26 13:10:00,351.06,351.06,351.03,351.03,-0.01,1325.48,465342.24,-1
2025-03-26,2025-03-26 13:20:00,351.03,351.03,351.01,351.01,-0.01,1325.48,465342.24,-1
2025-03-26,2025-03-26 13:30:00,351.01,351.01,350.98,350.98,-0.01,1325.48,465342.24,-1
2025-03-26,2025-03-26 13:40:00,350.98,350.98,350.95,350.95,-0.01,1325.48,465342.24,-1
2025-03-26,2025-03-26 13:50:00,350.95,350.95,350.93,350.93,-0.01,1325.48,465342.24,-1
2025-03-26,2025-03-26 14:00:00,350.93,350.93,350.9,350.9,-0.01,1325.48,465342.24,-1
2025-03-26,2025-03-26 14:10:00,350.9,350.9,350.88,350.88,-0.01,1325.48,465342.24,-1
2025-03-26,2025-03-26 14:20:00,350.88,350.88,350.85,350.85,-0.01,1325.48,465342.24,-1
2025-03-26,2025-03-26 14:30:00,350.85,350.85,350.82,350.82,-0.01,1325.48,465342.24,-1
2025-03-26,2025-03-26 14:40:00,350.82,350.82,350.8,350.8,-0.01,1325.48,465342.24,-1
2025-03-26,2025-03-26 14:50:00,350.8,350.8,350.77,350.77,-0.01,1325.48,465342.24,-1
2025-03-26,2025-03-26 15:00:00,350.77,357.0,342.2,350.77,0.0,1325.48,465342.24,0
2025-03-27,2025-03-27 11:00:00,357.0,358.5,354.9,357.03,0.01,1145.88,409121.74,1
2025-03-27,2025-03-27 11:10:00,357.03,357.06,357.03,357.06,0.01,1145.88,409121.74,1
2025-03-27,2025-03-27 11:20:00,357.06,357.09,357.06,357.09,0.01,1145.88,409121.74,1
2025-03-27,2025-03-27 11:30:00,357.09,357.12,357.09,357.12,0.01,1145.88,409121.74,1
2025-03-27,2025-03-27 11:40:00,357.12,357.15,357.12,357.15,0.01,1145.88,409121.74,1
2025-03-27,2025-03-27 11:50:00,357.15,357.18,357.15,357.18,0.01,1145.88,409121.74,1
2025-03-27,2025-03-27 12:00:00,357.18,357.21,357.18,357.21,0.01,1145.88,409121.74,1
2025-03-27,2025-03-27 12:10:00,357.21,357.24,357.21,357.24,0.01,1145.88,409121.74,1
2025-03-27,2025-03-27 12:20:00,357.24,357.27,357.24,357.27,0.01,1145.88,409121.74,1
2025-03-27,2025-03-27 12:30:00,357.27,357.3,357.27,357.3,0.01,1145.88,409121.74,1
2025-03-27,2025-03-27 12:40:00,357.3,357.33,357.3,357.33,0.01,1145.88,409121.74,1
2025-03-27,2025-03-27 12:50:00,357.33,357.36,357.33,357.36,0.01,1145.88,409121.74,1
2025-03-27,2025-03-27 13:00:00,357.36,362.0,350.0,357.39,0.01,1145.88,409121.74,1
2025-03-27,2025-03-27 13:10:00,357.39,357.42,357.39,357.42,0.01,1145.88,409121.74,1
2025-03-27,2025-03-27 13:20:00,357.42,357.45,357.42,357.45,0.01,1145.88,409121.74,1
2025-03-27,2025-03-27 13:30:00,357.45,357.48,357.45,357.48,0.01,1145.88,409121.74,1
2025-03-27,2025-03-27 13:40:00,357.48,357.51,357.48,357.51,0.01,1145.88,409121.74,1
2025-03-27,2025-03-27 13:50:00,357.51,357.54,357.51,357.54,0.01,1145.88,409121.74,1
2025-03-27,2025-03-27 14:00:00,357.54,357.57,357.54,357.57,0.01,1145.88,409121.74,1
2025-03-27,2025-03-27 14:10:00,357.57,357.6,357.57,357.6,0.01,1145.88,409121.74,1
2025-03-27,2025-03-27 14:20:00,357.6,357.63,357.6,357.63,0.01,1145.88,409121.74,1
2025-03-27,2025-03-27 14:30:00,357.63,357.66,357.63,357.66,0.01,1145.88,409121.74,1
2025-03-27,2025-03-27 14:40:00,357.66,357.69,357.66,357.69,0.01,1145.88,409121.74,1
2025-03-27,2025-03-27 14:50:00,357.69,357.72,357.69,357.72,0.01,1145.88,409121.74,1
2025-03-27,2025-03-27 15:00:00,357.72,362.0,350.0,357.72,0.0,1145.88,409121.74,0
2025-03-30,2025-03-30 11:00:00,352.0,364.42,352.0,353.72,0.49,4209.0,1614677.13,1
2025-03-30,2025-03-30 11:10:00,353.72,355.44,353.72,355.44,0.49,4209.0,1614677.13,1
2025-03-30,2025-03-30 11:20:00,355.44,357.16,355.44,357.16,0.48,4209.0,1614677.13,1
2025-03-30,2025-03-30 11:30:00,357.16,358.88,357.16,358.88,0.48,4209.0,1614677.13,1
2025-03-30,2025-03-30 11:40:00,358.88,360.6,358.88,360.6,0.48,4209.0,1614677.13,1
2025-03-30,2025-03-30 11:50:00,360.6,362.31,360.6,362.31,0.47,4209.0,1614677.13,1
2025-03-30,2025-03-30 12:00:00,362.31,364.03,362.31,364.03,0.47,4209.0,1614677.13,1
2025-03-30,2025-03-30 12:10:00,364.03,365.75,364.03,365.75,0.47,4209.0,1614677.13,1
2025-03-30,2025-03-30 12:20:00,365.75,367.47,365.75,367.47,0.47,4209.0,1614677.13,1
2025-03-30,2025-03-30 12:30:00,367.47,369.19,367.47,369.19,0.47,4209.0,1614677.13,1
2025-03-30,2025-03-30 12:40:00,369.19,370.91,369.19,370.91,0.47,4209.0,1614677.13,1
2025-03-30,2025-03-30 12:50:00,370.91,372.63,370.91,372.63,0.46,4209.0,1614677.13,1
2025-03-30,2025-03-30 13:00:00,372.63,393.4,352.0,374.35,0.46,4209.0,1614677.13,1
2025-03-30,2025-03-30 13:10:00,374.35,376.07,374.35,376.07,0.46,4209.0,1614677.13,1
2025-03-30,2025-03-30 13:20:00,376.07,377.79,376.07,377.79,0.46,4209.0,1614677.13,1
2025-03-30,2025-03-30 13:30:00,377.79,379.51,377.79,379.51,0.46,4209.0,1614677.13,1
2025-03-30,2025-03-30 13:40:00,379.51,381.23,379.51,381.23,0.45,4209.0,1614677.13,1
2025-03-30,2025-03-30 13:50:00,381.23,382.94,381.23,382.94,0.45,4209.0,1614677.13,1
2025-03-30,2025-03-30 14:00:00,382.94,384.66,382.94,384.66,0.45,4209.0,1614677.13,1
2025-03-30,2025-03-30 14:10:00,384.66,386.38,384.66,386.38,0.45,4209.0,1614677.13,1
2025-03-30,2025-03-30 14:20:00,386.38,388.1,386.38,388.1,0.45,4209.0,1614677.13,1
2025-03-30,2025-03-30 14:30:00,388.1,389.82,388.1,389.82,0.44,4209.0,1614677.13,1
2025-03-30,2025-03-30 14:40:00,389.82,391.54,389.82,391.54,0.44,4209.0,1614677.13,1
2025-03-30,2025-03-30 14:50:00,391.54,393.26,391.54,393.26,0.44,4209.0,1614677.13,1
2025-03-30,2025-03-30 15:00:00,393.26,393.4,352.0,393.26,0.0,4209.0,1614677.13,0
2025-04-01,2025-04-01 11:00:00,401.0,401.69,394.49,400.28,-0.18,3360.68,1308507.1,-1
2025-04-01,2025-04-01 11:10:00,400.28,400.28,399.57,399.57,-0.18,3360.68,1308507.1,-1
2025-04-01,2025-04-01 11:20:00,399.57,399.57,398.85,398.85,-0.18,3360.68,1308507.1,-1
2025-04-01,2025-04-01 11:30:00,398.85,398.85,398.13,398.13,-0.18,3360.68,1308507.1,-1
2025-04-01,2025-04-01 11:40:00,398.13,398.13,397.41,397.41,-0.18,3360.68,1308507.1,-1
2025-04-01,2025-04-01 11:50:00,397.41,397.41,396.7,396.7,-0.18,3360.68,1308507.1,-1
2025-04-01,2025-04-01 12:00:00,396.7,396.7,395.98,395.98,-0.18,3360.68,1308507.1,-1
2025-04-01,2025-04-01 12:10:00,395.98,395.98,395.26,395.26,-0.18,3360.68,1308507.1,-1
2025-04-01,2025-04-01 12:20:00,395.26,395.26,394.55,394.55,-0.18,3360.68,1308507.1,-1
2025-04-01,2025-04-01 12:30:00,394.55,394.55,393.83,393.83,-0.18,3360.68,1308507.1,-1
2025-04-01,2025-04-01 12:40:00,393.83,393.83,393.11,393.11,-0.18,3360.68,1308507.1,-1
2025-04-01,2025-04-01 12:50:00,393.11,393.11,392.39,392.39,-0.18,3360.68,1308507.1,-1
2025-04-01,2025-04-01 13:00:00,392.39,403.3,379.3,391.68,-0.18,3360.68,1308507.1,-1
2025-04-01,2025-04-01 13:10:00,391.68,391.68,390.96,390.96,-0.18,3360.68,1308507.1,-1
2025-04-01,2025-04-01 13:20:00,390.96,390.96,390.24,390.24,-0.18,3360.68,1308507.1,-1
2025-04-01,2025-04-01 13:30:00,390.24,390.24,389.53,389.53,-0.18,3360.68,1308507.1,-1
2025-04-01,2025-04-01 13:40:00,389.53,389.53,388.81,388.81,-0.18,3360.68,1308507.1,-1
2025-04-01,2025-04-01 13:50:00,388.81,388.81,388.09,388.09,-0.19,3360.68,1308507.1,-1
2025-04-01,2025-04-01 14:00:00,388.09,388.09,387.38,387.38,-0.18,3360.68,1308507.1,-1
2025-04-01,2025-04-01 14:10:00,387.38,387.38,386.66,386.66,-0.19,3360.68,1308507.1,-1
2025-04-01,2025-04-01 14:20:00,386.66,386.66,385.94,385.94,-0.19,3360.68,1308507.1,-1
2025-04-01,2025-04-01 14:30:00,385.94,385.94,385.22,385.22,-0.19,3360.68,1308507.1,-1
2025-04-01,2025-04-01 14:40:00,385.22,385.22,384.51,384.51,-0.18,3360.68,1308507.1,-1
2025-04-01,2025-04-01 14:50:00,384.51,384.51,383.79,383.79,-0.19,3360.68,1308507.1,-1
2025-04-01,2025-04-01 15:00:00,383.79,403.3,379.3,383.79,0.0,3360.68,1308507.1,0
2025-04-02,2025-04-02 11:00:00,391.0,393.1,387.43,390.63,-0.09,1134.52,434375.29,-1
2025-04-02,2025-04-02 11:10:00,390.63,390.63,390.26,390.26,-0.09,1134.52,434375.29,-1
2025-04-02,2025-04-02 11:20:00,390.26,390.26,389.89,389.89,-0.09,1134.52,434375.29,-1
2025-04-02,2025-04-02 11:30:00,389.89,389.89,389.51,389.51,-0.1,1134.52,434375.29,-1
2025-04-02,2025-04-02 11:40:00,389.51,389.51,389.14,389.14,-0.09,1134.52,434375.29,-1
2025-04-02,2025-04-02 11:50:00,389.14,389.14,388.77,388.77,-0.1,1134.52,434375.29,-1
2025-04-02,2025-04-02 12:00:00,388.77,388.77,388.4,388.4,-0.1,1134.52,434375.29,-1
2025-04-02,2025-04-02 12:10:00,388.4,388.4,388.03,388.03,-0.1,1134.52,434375.29,-1
2025-04-02,2025-04-02 12:20:00,388.03,388.03,387.66,387.66,-0.1,1134.52,434375.29,-1
2025-04-02,2025-04-02 12:30:00,387.66,387.66,387.29,387.29,-0.1,1134.52,434375.29,-1
2025-04-02,2025-04-02 12:40:00,387.29,387.29,386.92,386.92,-0.1,1134.52,434375.29,-1
2025-04-02,2025-04-02 12:50:00,386.92,386.92,386.54,386.54,-0.1,1134.52,434375.29,-1
2025-04-02,2025-04-02 13:00:00,386.54,398.0,379.1,386.17,-0.1,1134.52,434375.29,-1
2025-04-02,2025-04-02 13:10:00,386.17,386.17,385.8,385.8,-0.1,1134.52,434375.29,-1
2025-04-02,2025-04-02 13:20:00,385.8,385.8,385.43,385.43,-0.1,1134.52,434375.29,-1
2025-04-02,2025-04-02 13:30:00,385.43,385.43,385.06,385.06,-0.1,1134.52,434375.29,-1
2025-04-02,2025-04-02 13:40:00,385.06,385.06,384.69,384.69,-0.1,1134.52,434375.29,-1
2025-04-02,2025-04-02 13:50:00,384.69,384.69,384.32,384.32,-0.1,1134.52,434375.29,-1
2025-04-02,2025-04-02 14:00:00,384.32,384.32,383.95,383.95,-0.1,1134.52,434375.29,-1
2025-04-02,2025-04-02 14:10:00,383.95,383.95,383.57,383.57,-0.1,1134.52,434375.29,-1
2025-04-02,2025-04-02 14:20:00,383.57,383.57,383.2,383.2,-0.1,1134.52,434375.29,-1
2025-04-02,2025-04-02 14:30:00,383.2,383.2,382.83,382.83,-0.1,1134.52,434375.29,-1
2025-04-02,2025-04-02 14:40:00,382.83,382.83,382.46,382.46,-0.1,1134.52,434375.29,-1
2025-04-02,2025-04-02 14:50:00,382.46,382.46,382.09,382.09,-0.1,1134.52,434375.29,-1
2025-04-02,2025-04-02 15:00:00,382.09,398.0,379.1,382.09,0.0,1134.52,434375.29,0
2025-04-03,2025-04-03 11:00:00,380.0,382.4,377.63,379.75,-0.07,1616.04,608331.04,-1
2025-04-03,2025-04-03 11:10:00,379.75,379.75,379.51,379.51,-0.06,1616.04,608331.04,-1
2025-04-03,2025-04-03 11:20:00,379.51,379.51,379.26,379.26,-0.07,1616.04,608331.04,-1
2025-04-03,2025-04-03 11:30:00,379.26,379.26,379.01,379.01,-0.07,1616.04,608331.04,-1
2025-04-03,2025-04-03 11:40:00,379.01,379.01,378.77,378.77,-0.06,1616.04,608331.04,-1
2025-04-03,2025-04-03 11:50:00,378.77,378.77,378.52,378.52,-0.07,1616.04,608331.04,-1
2025-04-03,2025-04-03 12:00:00,378.52,378.52,378.28,378.28,-0.06,1616.04,608331.04,-1
2025-04-03,2025-04-03 12:10:00,378.28,378.28,378.03,378.03,-0.07,1616.04,608331.04,-1
2025-04-03,2025-04-03 12:20:00,378.03,378.03,377.78,377.78,-0.07,1616.04,608331.04,-1
2025-04-03,2025-04-03 12:30:00,377.78,377.78,377.54,377.54,-0.06,1616.04,608331.04,-1
2025-04-03,2025-04-03 12:40:00,377.54,377.54,377.29,377.29,-0.07,1616.04,608331.04,-1
2025-04-03,2025-04-03 12:50:00,377.29,377.29,377.04,377.04,-0.07,1616.04,608331.04,-1
2025-04-03,2025-04-03 13:00:00,377.04,388.0,372.1,376.8,-0.06,1616.04,608331.04,-1
2025-04-03,2025-04-03 13:10:00,376.8,376.8,376.55,376.55,-0.07,1616.04,608331.04,-1
2025-04-03,2025-04-03 13:20:00,376.55,376.55,376.31,376.31,-0.06,1616.04,608331.04,-1
2025-04-03,2025-04-03 13:30:00,376.31,376.31,376.06,376.06,-0.07,1616.04,608331.04,-1
2025-04-03,2025-04-03 13:40:00,376.06,376.06,375.81,375.81,-0.07,1616.04,608331.04,-1
2025-04-03,2025-04-03 13:50:00,375.81,375.81,375.57,375.57,-0.06,1616.04,608331.04,-1
2025-04-03,2025-04-03 14:00:00,375.57,375.57,375.32,375.32,-0.07,1616.04,608331.04,-1
2025-04-03,2025-04-03 14:10:00,375.32,375.32,375.07,375.07,-0.07,1616.04,608331.04,-1
2025-04-03,2025-04-03 14:20:00,375.07,375.07,374.83,374.83,-0.06,1616.04,608331.04,-1
2025-04-03,2025-04-03 14:30:00,374.83,374.83,374.58,374.58,-0.07,1616.04,608331.04,-1
2025-04-03,2025-04-03 14:40:00,374.58,374.58,374.34,374.34,-0.06,1616.04,608331.04,-1
2025-04-03,2025-04-03 14:50:00,374.34,374.34,374.09,374.09,-0.07,1616.04,608331.04,-1
2025-04-03,2025-04-03 15:00:00,374.09,388.0,372.1,374.09,0.0,1616.04,608331.04,0
2025-04-07,2025-04-07 11:00:00,381.5,386.09,377.3,381.08,-0.11,987.6,368934.95,-1
2025-04-07,2025-04-07 11:10:00,381.08,381.08,380.66,380.66,-0.11,987.6,368934.95,-1
2025-04-07,2025-04-07 11:20:00,380.66,380.66,380.24,380.24,-0.11,987.6,368934.95,-1
2025-04-07,2025-04-07 11:30:00,380.24,380.24,379.82,379.82,-0.11,987.6,368934.95,-1
2025-04-07,2025-04-07 11:40:00,379.82,379.82,379.41,379.41,-0.11,987.6,368934.95,-1
2025-04-07,2025-04-07 11:50:00,379.41,379.41,378.99,378.99,-0.11,987.6,368934.95,-1
2025-04-07,2025-04-07 12:00:00,378.99,378.99,378.57,378.57,-0.11,987.6,368934.95,-1
2025-04-07,2025-04-07 12:10:00,378.57,378.57,378.15,378.15,-0.11,987.6,368934.95,-1
2025-04-07,2025-04-07 12:20:00,378.15,378.15,377.73,377.73,-0.11,987.6,368934.95,-1
2025-04-07,2025-04-07 12:30:00,377.73,377.73,377.31,377.31,-0.11,987.6,368934.95,-1
2025-04-07,2025-04-07 12:40:00,377.31,377.31,376.89,376.89,-0.11,987.6,368934.95,-1
2025-04-07,2025-04-07 12:50:00,376.89,376.89,376.48,376.48,-0.11,987.6,368934.95,-1
2025-04-07,2025-04-07 13:00:00,376.48,396.8,367.5,376.06,-0.11,987.6,368934.95,-1
2025-04-07,2025-04-07 13:10:00,376.06,376.06,375.64,375.64,-0.11,987.6,368934.95,-1
2025-04-07,2025-04-07 13:20:00,375.64,375.64,375.22,375.22,-0.11,987.6,368934.95,-1
2025-04-07,2025-04-07 13:30:00,375.22,375.22,374.8,374.8,-0.11,987.6,368934.95,-1
2025-04-07,2025-04-07 13:40:00,374.8,374.8,374.38,374.38,-0.11,987.6,368934.95,-1
2025-04-07,2025-04-07 13:50:00,374.38,374.38,373.96,373.96,-0.11,987.6,368934.95,-1
2025-04-07,2025-04-07 14:00:00,373.96,373.96,373.54,373.54,-0.11,987.6,368934.95,-1
2025-04-07,2025-04-07 14:10:00,373.54,373.54,373.12,373.12,-0.11,987.6,368934.95,-1
2025-04-07,2025-04-07 14:20:00,373.12,373.12,372.71,372.71,-0.11,987.6,368934.95,-1
2025-04-07,2025-04-07 14:30:00,372.71,372.71,372.29,372.29,-0.11,987.6,368934.95,-1
2025-04-07,2025-04-07 14:40:00,372.29,372.29,371.87,371.87,-0.11,987.6,368934.95,-1
2025-04-07,2025-04-07 14:50:00,371.87,371.87,371.45,371.45,-0.11,987.6,368934.95,-1
2025-04-07,2025-04-07 15:00:00,371.45,396.8,367.5,371.45,0.0,987.6,368934.95,0
2025-04-08,2025-04-08 11:00:00,378.8,378.8,374.36,378.56,-0.06,827.92,305777.31,-1
2025-04-08,2025-04-08 11:10:00,378.56,378.56,378.32,378.32,-0.06,827.92,305777.31,-1
2025-04-08,2025-04-08 11:20:00,378.32,378.32,378.08,378.08,-0.06,827.92,305777.31,-1
2025-04-08,2025-04-08 11:30:00,378.08,378.08,377.84,377.84,-0.06,827.92,305777.31,-1
2025-04-08,2025-04-08 11:40:00,377.84,377.84,377.6,377.6,-0.06,827.92,305777.31,-1
2025-04-08,2025-04-08 11:50:00,377.6,377.6,377.37,377.37,-0.06,827.92,305777.31,-1
2025-04-08,2025-04-08 12:00:00,377.37,377.37,377.13,377.13,-0.06,827.92,305777.31,-1
2025-04-08,2025-04-08 12:10:00,377.13,377.13,376.89,376.89,-0.06,827.92,305777.31,-1
2025-04-08,2025-04-08 12:20:00,376.89,376.89,376.65,376.65,-0.06,827.92,305777.31,-1
2025-04-08,2025-04-08 12:30:00,376.65,376.65,376.41,376.41,-0.06,827.92,305777.31,-1
2025-04-08,2025-04-08 12:40:00,376.41,376.41,376.17,376.17,-0.06,827.92,305777.31,-1
2025-04-08,2025-04-08 12:50:00,376.17,376.17,375.93,375.93,-0.06,827.92,305777.31,-1
2025-04-08,2025-04-08 13:00:00,375.93,378.8,364.0,375.69,-0.06,827.92,305777.31,-1
2025-04-08,2025-04-08 13:10:00,375.69,375.69,375.45,375.45,-0.06,827.92,305777.31,-1
2025-04-08,2025-04-08 13:20:00,375.45,375.45,375.21,375.21,-0.06,827.92,305777.31,-1
2025-04-08,2025-04-08 13:30:00,375.21,375.21,374.97,374.97,-0.06,827.92,305777.31,-1
2025-04-08,2025-04-08 13:40:00,374.97,374.97,374.73,374.73,-0.06,827.92,305777.31,-1
2025-04-08,2025-04-08 13:50:00,374.73,374.73,374.5,374.5,-0.06,827.92,305777.31,-1
2025-04-08,2025-04-08 14:00:00,374.5,374.5,374.26,374.26,-0.06,827.92,305777.31,-1
2025-04-08,2025-04-08 14:10:00,374.26,374.26,374.02,374.02,-0.06,827.92,305777.31,-1
2025-04-08,2025-04-08 14:20:00,374.02,374.02,373.78,373.78,-0.06,827.92,305777.31,-1
2025-04-08,2025-04-08 14:30:00,373.78,373.78,373.54,373.54,-0.06,827.92,305777.31,-1
2025-04-08,2025-04-08 14:40:00,373.54,373.54,373.3,373.3,-0.06,827.92,305777.31,-1
2025-04-08,2025-04-08 14:50:00,373.3,373.3,373.06,373.06,-0.06,827.92,305777.31,-1
2025-04-08,2025-04-08 15:00:00,373.06,378.8,364.0,373.06,0.0,827.92,305777.31,0
2025-04-09,2025-04-09 11:00:00,379.9,382.21,377.23,380.1,0.05,1880.24,722001.93,1
2025-04-09,2025-04-09 11:10:00,380.1,380.3,380.1,380.3,0.05,1880.24,722001.93,1
2025-04-09,2025-04-09 11:20:00,380.3,380.5,380.3,380.5,0.05,1880.24,722001.93,1
2025-04-09,2025-04-09 11:30:00,380.5,380.69,380.5,380.69,0.05,1880.24,722001.93,1
2025-04-09,2025-04-09 11:40:00,380.69,380.89,380.69,380.89,0.05,1880.24,722001.93,1
2025-04-09,2025-04-09 11:50:00,380.89,381.09,380.89,381.09,0.05,1880.24,722001.93,1
2025-04-09,2025-04-09 12:00:00,381.09,381.29,381.09,381.29,0.05,1880.24,722001.93,1
2025-04-09,2025-04-09 12:10:00,381.29,381.49,381.29,381.49,0.05,1880.24,722001.93,1
2025-04-09,2025-04-09 12:20:00,381.49,381.69,381.49,381.69,0.05,1880.24,722001.93,1
2025-04-09,2025-04-09 12:30:00,381.69,381.88,381.69,381.88,0.05,1880.24,722001.93,1
2025-04-09,2025-04-09 12:40:00,381.88,382.08,381.88,382.08,0.05,1880.24,722001.93,1
2025-04-09,2025-04-09 12:50:00,382.08,382.28,382.08,382.28,0.05,1880.24,722001.93,1
2025-04-09,2025-04-09 13:00:00,382.28,387.6,371.0,382.48,0.05,1880.24,722001.93,1
2025-04-09,2025-04-09 13:10:00,382.48,382.68,382.48,382.68,0.05,1880.24,722001.93,1
2025-04-09,2025-04-09 13:20:00,382.68,382.88,382.68,382.88,0.05,1880.24,722001.93,1
2025-04-09,2025-04-09 13:30:00,382.88,383.07,382.88,383.07,0.05,1880.24,722001.93,1
2025-04-09,2025-04-09 13:40:00,383.07,383.27,383.07,383.27,0.05,1880.24,722001.93,1
2025-04-09,2025-04-09 13:50:00,383.27,383.47,383.27,383.47,0.05,1880.24,722001.93,1
2025-04-09,2025-04-09 14:00:00,383.47,383.67,383.47,383.67,0.05,1880.24,722001.93,1
2025-04-09,2025-04-09 14:10:00,383.67,383.87,383.67,383.87,0.05,1880.24,722001.93,1
2025-04-09,2025-04-09 14:20:00,383.87,384.06,383.87,384.06,0.05,1880.24,722001.93,1
2025-04-09,2025-04-09 14:30:00,384.06,384.26,384.06,384.26,0.05,1880.24,722001.93,1
2025-04-09,2025-04-09 14:40:00,384.26,384.46,384.26,384.46,0.05,1880.24,722001.93,1
2025-04-09,2025-04-09 14:50:00,384.46,384.66,384.46,384.66,0.05,1880.24,722001.93,1
2025-04-09,2025-04-09 15:00:00,384.66,387.6,371.0,384.66,0.0,1880.24,722001.93,0
2025-04-10,2025-04-10 11:00:00,392.3,392.3,389.51,392.1,-0.05,1156.0,446910.64,-1
2025-04-10,2025-04-10 11:10:00,392.1,392.1,391.9,391.9,-0.05,1156.0,446910.64,-1
2025-04-10,2025-04-10 11:20:00,391.9,391.9,391.7,391.7,-0.05,1156.0,446910.64,-1
2025-04-10,2025-04-10 11:30:00,391.7,391.7,391.5,391.5,-0.05,1156.0,446910.64,-1
2025-04-10,2025-04-10 11:40:00,391.5,391.5,391.3,391.3,-0.05,1156.0,446910.64,-1
2025-04-10,2025-04-10 11:50:00,391.3,391.3,391.11,391.11,-0.05,1156.0,446910.64,-1
2025-04-10,2025-04-10 12:00:00,391.11,391.11,390.91,390.91,-0.05,1156.0,446910.64,-1
2025-04-10,2025-04-10 12:10:00,390.91,390.91,390.71,390.71,-0.05,1156.0,446910.64,-1
2025-04-10,2025-04-10 12:20:00,390.71,390.71,390.51,390.51,-0.05,1156.0,446910.64,-1
2025-04-10,2025-04-10 12:30:00,390.51,390.51,390.31,390.31,-0.05,1156.0,446910.64,-1
2025-04-10,2025-04-10 12:40:00,390.31,390.31,390.11,390.11,-0.05,1156.0,446910.64,-1
2025-04-10,2025-04-10 12:50:00,390.11,390.11,389.91,389.91,-0.05,1156.0,446910.64,-1
2025-04-10,2025-04-10 13:00:00,389.91,392.3,383.0,389.71,-0.05,1156.0,446910.64,-1
2025-04-10,2025-04-10 13:10:00,389.71,389.71,389.51,389.51,-0.05,1156.0,446910.64,-1
2025-04-10,2025-04-10 13:20:00,389.51,389.51,389.31,389.31,-0.05,1156.0,446910.64,-1
2025-04-10,2025-04-10 13:30:00,389.31,389.31,389.11,389.11,-0.05,1156.0,446910.64,-1
2025-04-10,2025-04-10 13:40:00,389.11,389.11,388.91,388.91,-0.05,1156.0,446910.64,-1
2025-04-10,2025-04-10 13:50:00,388.91,388.91,388.71,388.71,-0.05,1156.0,446910.64,-1
2025-04-10,2025-04-10 14:00:00,388.71,388.71,388.52,388.52,-0.05,1156.0,446910.64,-1
2025-04-10,2025-04-10 14:10:00,388.52,388.52,388.32,388.32,-0.05,1156.0,446910.64,-1
2025-04-10,2025-04-10 14:20:00,388.32,388.32,388.12,388.12,-0.05,1156.0,446910.64,-1
2025-04-10,2025-04-10 14:30:00,388.12,388.12,387.92,387.92,-0.05,1156.0,446910.64,-1
2025-04-10,2025-04-10 14:40:00,387.92,387.92,387.72,387.72,-0.05,1156.0,446910.64,-1
2025-04-10,2025-04-10 14:50:00,387.72,387.72,387.52,387.52,-0.05,1156.0,446910.64,-1
2025-04-10,2025-04-10 15:00:00,387.52,392.3,383.0,387.52,0.0,1156.0,446910.64,0
2025-04-13,2025-04-13 11:00:00,395.2,395.2,390.73,394.62,-0.15,685.84,262665.86,-1
2025-04-13,2025-04-13 11:10:00,394.62,394.62,394.03,394.03,-0.15,685.84,262665.86,-1
2025-04-13,2025-04-13 11:20:00,394.03,394.03,393.45,393.45,-0.15,685.84,262665.86,-1
2025-04-13,2025-04-13 11:30:00,393.45,393.45,392.86,392.86,-0.15,685.84,262665.86,-1
2025-04-13,2025-04-13 11:40:00,392.86,392.86,392.28,392.28,-0.15,685.84,262665.86,-1
2025-04-13,2025-04-13 11:50:00,392.28,392.28,391.69,391.69,-0.15,685.84,262665.86,-1
2025-04-13,2025-04-13 12:00:00,391.69,391.69,391.11,391.11,-0.15,685.84,262665.86,-1
2025-04-13,2025-04-13 12:10:00,391.11,391.11,390.53,390.53,-0.15,685.84,262665.86,-1
2025-04-13,2025-04-13 12:20:00,390.53,390.53,389.94,389.94,-0.15,685.84,262665.86,-1
2025-04-13,2025-04-13 12:30:00,389.94,389.94,389.36,389.36,-0.15,685.84,262665.86,-1
2025-04-13,2025-04-13 12:40:00,389.36,389.36,388.77,388.77,-0.15,685.84,262665.86,-1
2025-04-13,2025-04-13 12:50:00,388.77,388.77,388.19,388.19,-0.15,685.84,262665.86,-1
2025-04-13,2025-04-13 13:00:00,388.19,395.2,380.3,387.61,-0.15,685.84,262665.86,-1
2025-04-13,2025-04-13 13:10:00,387.61,387.61,387.02,387.02,-0.15,685.84,262665.86,-1
2025-04-13,2025-04-13 13:20:00,387.02,387.02,386.44,386.44,-0.15,685.84,262665.86,-1
2025-04-13,2025-04-13 13:30:00,386.44,386.44,385.85,385.85,-0.15,685.84,262665.86,-1
2025-04-13,2025-04-13 13:40:00,385.85,385.85,385.27,385.27,-0.15,685.84,262665.86,-1
2025-04-13,2025-04-13 13:50:00,385.27,385.27,384.69,384.69,-0.15,685.84,262665.86,-1
2025-04-13,2025-04-13 14:00:00,384.69,384.69,384.1,384.1,-0.15,685.84,262665.86,-1
2025-04-13,2025-04-13 14:10:00,384.1,384.1,383.52,383.52,-0.15,685.84,262665.86,-1
2025-04-13,2025-04-13 14:20:00,383.52,383.52,382.93,382.93,-0.15,685.84,262665.86,-1
2025-04-13,2025-04-13 14:30:00,382.93,382.93,382.35,382.35,-0.15,685.84,262665.86,-1
2025-04-13,2025-04-13 14:40:00,382.35,382.35,381.76,381.76,-0.15,685.84,262665.86,-1
2025-04-13,2025-04-13 14:50:00,381.76,381.76,381.18,381.18,-0.15,685.84,262665.86,-1
2025-04-13,2025-04-13 15:00:00,381.18,395.2,380.3,381.18,0.0,685.84,262665.86,0
2025-04-15,2025-04-15 11:00:00,381.0,383.64,380.49,380.96,-0.01,797.4,306819.52,-1
2025-04-15,2025-04-15 11:10:00,380.96,380.96,380.92,380.92,-0.01,797.4,306819.52,-1
2025-04-15,2025-04-15 11:20:00,380.92,380.92,380.88,380.88,-0.01,797.4,306819.52,-1
2025-04-15,2025-04-15 11:30:00,380.88,380.88,380.84,380.84,-0.01,797.4,306819.52,-1
2025-04-15,2025-04-15 11:40:00,380.84,380.84,380.8,380.8,-0.01,797.4,306819.52,-1
2025-04-15,2025-04-15 11:50:00,380.8,380.8,380.75,380.75,-0.01,797.4,306819.52,-1
2025-04-15,2025-04-15 12:00:00,380.75,380.75,380.71,380.71,-0.01,797.4,306819.52,-1
2025-04-15,2025-04-15 12:10:00,380.71,380.71,380.67,380.67,-0.01,797.4,306819.52,-1
2025-04-15,2025-04-15 12:20:00,380.67,380.67,380.63,380.63,-0.01,797.4,306819.52,-1
2025-04-15,2025-04-15 12:30:00,380.63,380.63,380.59,380.59,-0.01,797.4,306819.52,-1
2025-04-15,2025-04-15 12:40:00,380.59,380.59,380.55,380.55,-0.01,797.4,306819.52,-1
2025-04-15,2025-04-15 12:50:00,380.55,380.55,380.51,380.51,-0.01,797.4,306819.52,-1
2025-04-15,2025-04-15 13:00:00,380.51,389.8,379.3,380.47,-0.01,797.4,306819.52,-1
2025-04-15,2025-04-15 13:10:00,380.47,380.47,380.43,380.43,-0.01,797.4,306819.52,-1
2025-04-15,2025-04-15 13:20:00,380.43,380.43,380.39,380.39,-0.01,797.4,306819.52,-1
2025-04-15,2025-04-15 13:30:00,380.39,380.39,380.35,380.35,-0.01,797.4,306819.52,-1
2025-04-15,2025-04-15 13:40:00,380.35,380.35,380.31,380.31,-0.01,797.4,306819.52,-1
2025-04-15,2025-04-15 13:50:00,380.31,380.31,380.26,380.26,-0.01,797.4,306819.52,-1
2025-04-15,2025-04-15 14:00:00,380.26,380.26,380.22,380.22,-0.01,797.4,306819.52,-1
2025-04-15,2025-04-15 14:10:00,380.22,380.22,380.18,380.18,-0.01,797.4,306819.52,-1
2025-04-15,2025-04-15 14:20:00,380.18,380.18,380.14,380.14,-0.01,797.4,306819.52,-1
2025-04-15,2025-04-15 14:30:00,380.14,380.14,380.1,380.1,-0.01,797.4,306819.52,-1
2025-04-15,2025-04-15 14:40:00,380.1,380.1,380.06,380.06,-0.01,797.4,306819.52,-1
2025-04-15,2025-04-15 14:50:00,380.06,380.06,380.02,380.02,-0.01,797.4,306819.52,-1
2025-04-15,2025-04-15 15:00:00,380.02,389.8,379.3,380.02,0.0,797.4,306819.52,0
2025-04-16,2025-04-16 11:00:00,387.6,389.49,384.75,387.68,0.02,1096.72,423852.45,1
2025-04-16,2025-04-16 11:10:00,387.68,387.75,387.68,387.75,0.02,1096.72,423852.45,1
2025-04-16,2025-04-16 11:20:00,387.75,387.83,387.75,387.83,0.02,1096.72,423852.45,1
2025-04-16,2025-04-16 11:30:00,387.83,387.91,387.83,387.91,0.02,1096.72,423852.45,1
2025-04-16,2025-04-16 11:40:00,387.91,387.99,387.91,387.99,0.02,1096.72,423852.45,1
2025-04-16,2025-04-16 11:50:00,387.99,388.06,387.99,388.06,0.02,1096.72,423852.45,1
2025-04-16,2025-04-16 12:00:00,388.06,388.14,388.06,388.14,0.02,1096.72,423852.45,1
2025-04-16,2025-04-16 12:10:00,388.14,388.22,388.14,388.22,0.02,1096.72,423852.45,1
2025-04-16,2025-04-16 12:20:00,388.22,388.3,388.22,388.3,0.02,1096.72,423852.45,1
2025-04-16,2025-04-16 12:30:00,388.3,388.38,388.3,388.38,0.02,1096.72,423852.45,1
2025-04-16,2025-04-16 12:40:00,388.38,388.45,388.38,388.45,0.02,1096.72,423852.45,1
2025-04-16,2025-04-16 12:50:00,388.45,388.53,388.45,388.53,0.02,1096.72,423852.45,1
2025-04-16,2025-04-16 13:00:00,388.53,393.9,378.1,388.61,0.02,1096.72,423852.45,1
2025-04-16,2025-04-16 13:10:00,388.61,388.69,388.61,388.69,0.02,1096.72,423852.45,1
2025-04-16,2025-04-16 13:20:00,388.69,388.76,388.69,388.76,0.02,1096.72,423852.45,1
2025-04-16,2025-04-16 13:30:00,388.76,388.84,388.76,388.84,0.02,1096.72,423852.45,1
2025-04-16,2025-04-16 13:40:00,388.84,388.92,388.84,388.92,0.02,1096.72,423852.45,1
2025-04-16,2025-04-16 13:50:00,388.92,389.0,388.92,389.0,0.02,1096.72,423852.45,1
2025-04-16,2025-04-16 14:00:00,389.0,389.07,389.0,389.07,0.02,1096.72,423852.45,1
2025-04-16,2025-04-16 14:10:00,389.07,389.15,389.07,389.15,0.02,1096.72,423852.45,1
2025-04-16,2025-04-16 14:20:00,389.15,389.23,389.15,389.23,0.02,1096.72,423852.45,1
2025-04-16,2025-04-16 14:30:00,389.23,389.31,389.23,389.31,0.02,1096.72,423852.45,1
2025-04-16,2025-04-16 14:40:00,389.31,389.38,389.31,389.38,0.02,1096.72,423852.45,1
2025-04-16,2025-04-16 14:50:00,389.38,389.46,389.38,389.46,0.02,1096.72,423852.45,1
2025-04-16,2025-04-16 15:00:00,389.46,393.9,378.1,389.46,0.0,1096.72,423852.45,0
2025-04-17,2025-04-17 11:00:00,397.0,397.87,395.5,396.91,-0.02,1439.48,569718.9,-1
2025-04-17,2025-04-17 11:10:00,396.91,396.91,396.82,396.82,-0.02,1439.48,569718.9,-1
2025-04-17,2025-04-17 11:20:00,396.82,396.82,396.74,396.74,-0.02,1439.48,569718.9,-1
2025-04-17,2025-04-17 11:30:00,396.74,396.74,396.65,396.65,-0.02,1439.48,569718.9,-1
2025-04-17,2025-04-17 11:40:00,396.65,396.65,396.56,396.56,-0.02,1439.48,569718.9,-1
2025-04-17,2025-04-17 11:50:00,396.56,396.56,396.47,396.47,-0.02,1439.48,569718.9,-1
2025-04-17,2025-04-17 12:00:00,396.47,396.47,396.38,396.38,-0.02,1439.48,569718.9,-1
2025-04-17,2025-04-17 12:10:00,396.38,396.38,396.29,396.29,-0.02,1439.48,569718.9,-1
2025-04-17,2025-04-17 12:20:00,396.29,396.29,396.2,396.2,-0.02,1439.48,569718.9,-1
2025-04-17,2025-04-17 12:30:00,396.2,396.2,396.12,396.12,-0.02,1439.48,569718.9,-1
2025-04-17,2025-04-17 12:40:00,396.12,396.12,396.03,396.03,-0.02,1439.48,569718.9,-1
2025-04-17,2025-04-17 12:50:00,396.03,396.03,395.94,395.94,-0.02,1439.48,569718.9,-1
2025-04-17,2025-04-17 13:00:00,395.94,399.9,392.0,395.85,-0.02,1439.48,569718.9,-1
2025-04-17,2025-04-17 13:10:00,395.85,395.85,395.76,395.76,-0.02,1439.48,569718.9,-1
2025-04-17,2025-04-17 13:20:00,395.76,395.76,395.68,395.68,-0.02,1439.48,569718.9,-1
2025-04-17,2025-04-17 13:30:00,395.68,395.68,395.59,395.59,-0.02,1439.48,569718.9,-1
2025-04-17,2025-04-17 13:40:00,395.59,395.59,395.5,395.5,-0.02,1439.48,569718.9,-1
2025-04-17,2025-04-17 13:50:00,395.5,395.5,395.41,395.41,-0.02,1439.48,569718.9,-1
2025-04-17,2025-04-17 14:00:00,395.41,395.41,395.32,395.32,-0.02,1439.48,569718.9,-1
2025-04-17,2025-04-17 14:10:00,395.32,395.32,395.23,395.23,-0.02,1439.48,569718.9,-1
2025-04-17,2025-04-17 14:20:00,395.23,395.23,395.14,395.14,-0.02,1439.48,569718.9,-1
2025-04-17,2025-04-17 14:30:00,395.14,395.14,395.06,395.06,-0.02,1439.48,569718.9,-1
2025-04-17,2025-04-17 14:40:00,395.06,395.06,394.97,394.97,-0.02,1439.48,569718.9,-1
2025-04-17,2025-04-17 14:50:00,394.97,394.97,394.88,394.88,-0.02,1439.48,569718.9,-1
2025-04-17,2025-04-17 15:00:00,394.88,399.9,392.0,394.88,0.0,1439.48,569718.9,0
2025-04-20,2025-04-20 11:00:00,402.7,403.36,397.69,402.11,-0.15,739.64,288992.57,-1
2025-04-20,2025-04-20 11:10:00,402.11,402.11,401.52,401.52,-0.15,739.64,288992.57,-1
2025-04-20,2025-04-20 11:20:00,401.52,401.52,400.93,400.93,-0.15,739.64,288992.57,-1
2025-04-20,2025-04-20 11:30:00,400.93,400.93,400.34,400.34,-0.15,739.64,288992.57,-1
2025-04-20,2025-04-20 11:40:00,400.34,400.34,399.76,399.76,-0.14,739.64,288992.57,-1
2025-04-20,2025-04-20 11:50:00,399.76,399.76,399.17,399.17,-0.15,739.64,288992.57,-1
2025-04-20,2025-04-20 12:00:00,399.17,399.17,398.58,398.58,-0.15,739.64,288992.57,-1
2025-04-20,2025-04-20 12:10:00,398.58,398.58,397.99,397.99,-0.15,739.64,288992.57,-1
2025-04-20,2025-04-20 12:20:00,397.99,397.99,397.4,397.4,-0.15,739.64,288992.57,-1
2025-04-20,2025-04-20 12:30:00,397.4,397.4,396.81,396.81,-0.15,739.64,288992.57,-1
2025-04-20,2025-04-20 12:40:00,396.81,396.81,396.22,396.22,-0.15,739.64,288992.57,-1
2025-04-20,2025-04-20 12:50:00,396.22,396.22,395.63,395.63,-0.15,739.64,288992.57,-1
2025-04-20,2025-04-20 13:00:00,395.63,404.9,386.0,395.05,-0.15,739.64,288992.57,-1
2025-04-20,2025-04-20 13:10:00,395.05,395.05,394.46,394.46,-0.15,739.64,288992.57,-1
2025-04-20,2025-04-20 13:20:00,394.46,394.46,393.87,393.87,-0.15,739.64,288992.57,-1
2025-04-20,2025-04-20 13:30:00,393.87,393.87,393.28,393.28,-0.15,739.64,288992.57,-1
2025-04-20,2025-04-20 13:40:00,393.28,393.28,392.69,392.69,-0.15,739.64,288992.57,-1
2025-04-20,2025-04-20 13:50:00,392.69,392.69,392.1,392.1,-0.15,739.64,288992.57,-1
2025-04-20,2025-04-20 14:00:00,392.1,392.1,391.51,391.51,-0.15,739.64,288992.57,-1
2025-04-20,2025-04-20 14:10:00,391.51,391.51,390.93,390.93,-0.15,739.64,288992.57,-1
2025-04-20,2025-04-20 14:20:00,390.93,390.93,390.34,390.34,-0.15,739.64,288992.57,-1
2025-04-20,2025-04-20 14:30:00,390.34,390.34,389.75,389.75,-0.15,739.64,288992.57,-1
2025-04-20,2025-04-20 14:40:00,389.75,389.75,389.16,389.16,-0.15,739.64,288992.57,-1
2025-04-20,2025-04-20 14:50:00,389.16,389.16,388.57,388.57,-0.15,739.64,288992.57,-1
2025-04-20,2025-04-20 15:00:00,388.57,404.9,386.0,388.57,0.0,739.64,288992.57,0
2025-04-21,2025-04-21 11:00:00,396.3,396.3,392.61,396.01,-0.07,760.0,296567.71,-1
2025-04-21,2025-04-21 11:10:00,396.01,396.01,395.73,395.73,-0.07,760.0,296567.71,-1
2025-04-21,2025-04-21 11:20:00,395.73,395.73,395.44,395.44,-0.07,760.0,296567.71,-1
2025-04-21,2025-04-21 11:30:00,395.44,395.44,395.16,395.16,-0.07,760.0,296567.71,-1
2025-04-21,2025-04-21 11:40:00,395.16,395.16,394.87,394.87,-0.07,760.0,296567.71,-1
2025-04-21,2025-04-21 11:50:00,394.87,394.87,394.58,394.58,-0.07,760.0,296567.71,-1
2025-04-21,2025-04-21 12:00:00,394.58,394.58,394.3,394.3,-0.07,760.0,296567.71,-1
2025-04-21,2025-04-21 12:10:00,394.3,394.3,394.01,394.01,-0.07,760.0,296567.71,-1
2025-04-21,2025-04-21 12:20:00,394.01,394.01,393.72,393.72,-0.07,760.0,296567.71,-1
2025-04-21,2025-04-21 12:30:00,393.72,393.72,393.44,393.44,-0.07,760.0,296567.71,-1
2025-04-21,2025-04-21 12:40:00,393.44,393.44,393.15,393.15,-0.07,760.0,296567.71,-1
2025-04-21,2025-04-21 12:50:00,393.15,393.15,392.87,392.87,-0.07,760.0,296567.71,-1
2025-04-21,2025-04-21 13:00:00,392.87,396.3,384.0,392.58,-0.07,760.0,296567.71,-1
2025-04-21,2025-04-21 13:10:00,392.58,392.58,392.29,392.29,-0.07,760.0,296567.71,-1
2025-04-21,2025-04-21 13:20:00,392.29,392.29,392.01,392.01,-0.07,760.0,296567.71,-1
2025-04-21,2025-04-21 13:30:00,392.01,392.01,391.72,391.72,-0.07,760.0,296567.71,-1
2025-04-21,2025-04-21 13:40:00,391.72,391.72,391.43,391.43,-0.07,760.0,296567.71,-1
2025-04-21,2025-04-21 13:50:00,391.43,391.43,391.15,391.15,-0.07,760.0,296567.71,-1
2025-04-21,2025-04-21 14:00:00,391.15,391.15,390.86,390.86,-0.07,760.0,296567.71,-1
2025-04-21,2025-04-21 14:10:00,390.86,390.86,390.57,390.57,-0.07,760.0,296567.71,-1
2025-04-21,2025-04-21 14:20:00,390.57,390.57,390.29,390.29,-0.07,760.0,296567.71,-1
2025-04-21,2025-04-21 14:30:00,390.29,390.29,390.0,390.0,-0.07,760.0,296567.71,-1
2025-04-21,2025-04-21 14:40:00,390.0,390.0,389.72,389.72,-0.07,760.0,296567.71,-1
2025-04-21,2025-04-21 14:50:00,389.72,389.72,389.43,389.43,-0.07,760.0,296567.71,-1
2025-04-21,2025-04-21 15:00:00,389.43,396.3,384.0,389.43,0.0,760.0,296567.71,0
2025-04-22,2025-04-22 11:00:00,397.2,397.2,392.94,396.73,-0.12,873.48,338074.18,-1
2025-04-22,2025-04-22 11:10:00,396.73,396.73,396.26,396.26,-0.12,873.48,338074.18,-1
2025-04-22,2025-04-22 11:20:00,396.26,396.26,395.79,395.79,-0.12,873.48,338074.18,-1
2025-04-22,2025-04-22 11:30:00,395.79,395.79,395.32,395.32,-0.12,873.48,338074.18,-1
2025-04-22,2025-04-22 11:40:00,395.32,395.32,394.86,394.86,-0.12,873.48,338074.18,-1
2025-04-22,2025-04-22 11:50:00,394.86,394.86,394.39,394.39,-0.12,873.48,338074.18,-1
2025-04-22,2025-04-22 12:00:00,394.39,394.39,393.92,393.92,-0.12,873.48,338074.18,-1
2025-04-22,2025-04-22 12:10:00,393.92,393.92,393.45,393.45,-0.12,873.48,338074.18,-1
2025-04-22,2025-04-22 12:20:00,393.45,393.45,392.98,392.98,-0.12,873.48,338074.18,-1
2025-04-22,2025-04-22 12:30:00,392.98,392.98,392.51,392.51,-0.12,873.48,338074.18,-1
2025-04-22,2025-04-22 12:40:00,392.51,392.51,392.04,392.04,-0.12,873.48,338074.18,-1
2025-04-22,2025-04-22 12:50:00,392.04,392.04,391.57,391.57,-0.12,873.48,338074.18,-1
2025-04-22,2025-04-22 13:00:00,391.57,397.2,383.0,391.11,-0.12,873.48,338074.18,-1
2025-04-22,2025-04-22 13:10:00,391.11,391.11,390.64,390.64,-0.12,873.48,338074.18,-1
2025-04-22,2025-04-22 13:20:00,390.64,390.64,390.17,390.17,-0.12,873.48,338074.18,-1
2025-04-22,2025-04-22 13:30:00,390.17,390.17,389.7,389.7,-0.12,873.48,338074.18,-1
2025-04-22,2025-04-22 13:40:00,389.7,389.7,389.23,389.23,-0.12,873.48,338074.18,-1
2025-04-22,2025-04-22 13:50:00,389.23,389.23,388.76,388.76,-0.12,873.48,338074.18,-1
2025-04-22,2025-04-22 14:00:00,388.76,388.76,388.29,388.29,-0.12,873.48,338074.18,-1
2025-04-22,2025-04-22 14:10:00,388.29,388.29,387.82,387.82,-0.12,873.48,338074.18,-1
2025-04-22,2025-04-22 14:20:00,387.82,387.82,387.36,387.36,-0.12,873.48,338074.18,-1
2025-04-22,2025-04-22 14:30:00,387.36,387.36,386.89,386.89,-0.12,873.48,338074.18,-1
2025-04-22,2025-04-22 14:40:00,386.89,386.89,386.42,386.42,-0.12,873.48,338074.18,-1
2025-04-22,2025-04-22 14:50:00,386.42,386.42,385.95,385.95,-0.12,873.48,338074.18,-1
2025-04-22,2025-04-22 15:00:00,385.95,397.2,383.0,385.95,0.0,873.48,338074.18,0
2025-04-23,2025-04-23 11:00:00,393.6,393.6,388.38,392.96,-0.16,588.72,223909.1,-1
2025-04-23,2025-04-23 11:10:00,392.96,392.96,392.33,392.33,-0.16,588.72,223909.1,-1
2025-04-23,2025-04-23 11:20:00,392.33,392.33,391.69,391.69,-0.16,588.72,223909.1,-1
2025-04-23,2025-04-23 11:30:00,391.69,391.69,391.06,391.06,-0.16,588.72,223909.1,-1
2025-04-23,2025-04-23 11:40:00,391.06,391.06,390.42,390.42,-0.16,588.72,223909.1,-1
2025-04-23,2025-04-23 11:50:00,390.42,390.42,389.78,389.78,-0.16,588.72,223909.1,-1
2025-04-23,2025-04-23 12:00:00,389.78,389.78,389.15,389.15,-0.16,588.72,223909.1,-1
2025-04-23,2025-04-23 12:10:00,389.15,389.15,388.51,388.51,-0.16,588.72,223909.1,-1
2025-04-23,2025-04-23 12:20:00,388.51,388.51,387.87,387.87,-0.16,588.72,223909.1,-1
2025-04-23,2025-04-23 12:30:00,387.87,387.87,387.24,387.24,-0.16,588.72,223909.1,-1
2025-04-23,2025-04-23 12:40:00,387.24,387.24,386.6,386.6,-0.17,588.72,223909.1,-1
2025-04-23,2025-04-23 12:50:00,386.6,386.6,385.97,385.97,-0.16,588.72,223909.1,-1
2025-04-23,2025-04-23 13:00:00,385.97,393.6,376.2,385.33,-0.17,588.72,223909.1,-1
2025-04-23,2025-04-23 13:10:00,385.33,385.33,384.69,384.69,-0.17,588.72,223909.1,-1
2025-04-23,2025-04-23 13:20:00,384.69,384.69,384.06,384.06,-0.16,588.72,223909.1,-1
2025-04-23,2025-04-23 13:30:00,384.06,384.06,383.42,383.42,-0.17,588.72,223909.1,-1
2025-04-23,2025-04-23 13:40:00,383.42,383.42,382.78,382.78,-0.17,588.72,223909.1,-1
2025-04-23,2025-04-23 13:50:00,382.78,382.78,382.15,382.15,-0.16,588.72,223909.1,-1
2025-04-23,2025-04-23 14:00:00,382.15,382.15,381.51,381.51,-0.17,588.72,223909.1,-1
2025-04-23,2025-04-23 14:10:00,381.51,381.51,380.88,380.88,-0.17,588.72,223909.1,-1
2025-04-23,2025-04-23 14:20:00,380.88,380.88,380.24,380.24,-0.17,588.72,223909.1,-1
2025-04-23,2025-04-23 14:30:00,380.24,380.24,379.6,379.6,-0.17,588.72,223909.1,-1
2025-04-23,2025-04-23 14:40:00,379.6,379.6,378.97,378.97,-0.17,588.72,223909.1,-1
2025-04-23,2025-04-23 14:50:00,378.97,378.97,378.33,378.33,-0.17,588.72,223909.1,-1
2025-04-23,2025-04-23 15:00:00,378.33,393.6,376.2,378.33,0.0,588.72,223909.1,0
2025-04-24,2025-04-24 11:00:00,385.8,385.8,381.06,385.36,-0.11,1384.2,521475.9,-1
2025-04-24,2025-04-24 11:10:00,385.36,385.36,384.92,384.92,-0.11,1384.2,521475.9,-1
2025-04-24,2025-04-24 11:20:00,384.92,384.92,384.48,384.48,-0.11,1384.2,521475.9,-1
2025-04-24,2025-04-24 11:30:00,384.48,384.48,384.04,384.04,-0.11,1384.2,521475.9,-1
2025-04-24,2025-04-24 11:40:00,384.04,384.04,383.6,383.6,-0.11,1384.2,521475.9,-1
2025-04-24,2025-04-24 11:50:00,383.6,383.6,383.16,383.16,-0.11,1384.2,521475.9,-1
2025-04-24,2025-04-24 12:00:00,383.16,383.16,382.72,382.72,-0.11,1384.2,521475.9,-1
2025-04-24,2025-04-24 12:10:00,382.72,382.72,382.28,382.28,-0.11,1384.2,521475.9,-1
2025-04-24,2025-04-24 12:20:00,382.28,382.28,381.84,381.84,-0.12,1384.2,521475.9,-1
2025-04-24,2025-04-24 12:30:00,381.84,381.84,381.4,381.4,-0.12,1384.2,521475.9,-1
2025-04-24,2025-04-24 12:40:00,381.4,381.4,380.96,380.96,-0.12,1384.2,521475.9,-1
2025-04-24,2025-04-24 12:50:00,380.96,380.96,380.52,380.52,-0.12,1384.2,521475.9,-1
2025-04-24,2025-04-24 13:00:00,380.52,385.8,370.0,380.08,-0.12,1384.2,521475.9,-1
2025-04-24,2025-04-24 13:10:00,380.08,380.08,379.64,379.64,-0.12,1384.2,521475.9,-1
2025-04-24,2025-04-24 13:20:00,379.64,379.64,379.2,379.2,-0.12,1384.2,521475.9,-1
2025-04-24,2025-04-24 13:30:00,379.2,379.2,378.76,378.76,-0.12,1384.2,521475.9,-1
2025-04-24,2025-04-24 13:40:00,378.76,378.76,378.32,378.32,-0.12,1384.2,521475.9,-1
2025-04-24,2025-04-24 13:50:00,378.32,378.32,377.88,377.88,-0.12,1384.2,521475.9,-1
2025-04-24,2025-04-24 14:00:00,377.88,377.88,377.44,377.44,-0.12,1384.2,521475.9,-1
2025-04-24,2025-04-24 14:10:00,377.44,377.44,377.0,377.0,-0.12,1384.2,521475.9,-1
2025-04-24,2025-04-24 14:20:00,377.0,377.0,376.56,376.56,-0.12,1384.2,521475.9,-1
2025-04-24,2025-04-24 14:30:00,376.56,376.56,376.12,376.12,-0.12,1384.2,521475.9,-1
2025-04-24,2025-04-24 14:40:00,376.12,376.12,375.68,375.68,-0.12,1384.2,521475.9,-1
2025-04-24,2025-04-24 14:50:00,375.68,375.68,375.24,375.24,-0.12,1384.2,521475.9,-1
2025-04-24,2025-04-24 15:00:00,375.24,385.8,370.0,375.24,0.0,1384.2,521475.9,0
2025-04-27,2025-04-27 11:00:00,382.7,383.06,380.39,382.44,-0.07,1275.08,482573.2,-1
2025-04-27,2025-04-27 11:10:00,382.44,382.44,382.18,382.18,-0.07,1275.08,482573.2,-1
2025-04-27,2025-04-27 11:20:00,382.18,382.18,381.93,381.93,-0.07,1275.08,482573.2,-1
2025-04-27,2025-04-27 11:30:00,381.93,381.93,381.67,381.67,-0.07,1275.08,482573.2,-1
2025-04-27,2025-04-27 11:40:00,381.67,381.67,381.41,381.41,-0.07,1275.08,482573.2,-1
2025-04-27,2025-04-27 11:50:00,381.41,381.41,381.15,381.15,-0.07,1275.08,482573.2,-1
2025-04-27,2025-04-27 12:00:00,381.15,381.15,380.89,380.89,-0.07,1275.08,482573.2,-1
2025-04-27,2025-04-27 12:10:00,380.89,380.89,380.63,380.63,-0.07,1275.08,482573.2,-1
2025-04-27,2025-04-27 12:20:00,380.63,380.63,380.38,380.38,-0.07,1275.08,482573.2,-1
2025-04-27,2025-04-27 12:30:00,380.38,380.38,380.12,380.12,-0.07,1275.08,482573.2,-1
2025-04-27,2025-04-27 12:40:00,380.12,380.12,379.86,379.86,-0.07,1275.08,482573.2,-1
2025-04-27,2025-04-27 12:50:00,379.86,379.86,379.6,379.6,-0.07,1275.08,482573.2,-1
2025-04-27,2025-04-27 13:00:00,379.6,383.9,375.0,379.34,-0.07,1275.08,482573.2,-1
2025-04-27,2025-04-27 13:10:00,379.34,379.34,379.08,379.08,-0.07,1275.08,482573.2,-1
2025-04-27,2025-04-27 13:20:00,379.08,379.08,378.82,378.82,-0.07,1275.08,482573.2,-1
2025-04-27,2025-04-27 13:30:00,378.82,378.82,378.57,378.57,-0.07,1275.08,482573.2,-1
2025-04-27,2025-04-27 13:40:00,378.57,378.57,378.31,378.31,-0.07,1275.08,482573.2,-1
2025-04-27,2025-04-27 13:50:00,378.31,378.31,378.05,378.05,-0.07,1275.08,482573.2,-1
2025-04-27,2025-04-27 14:00:00,378.05,378.05,377.79,377.79,-0.07,1275.08,482573.2,-1
2025-04-27,2025-04-27 14:10:00,377.79,377.79,377.53,377.53,-0.07,1275.08,482573.2,-1
2025-04-27,2025-04-27 14:20:00,377.53,377.53,377.27,377.27,-0.07,1275.08,482573.2,-1
2025-04-27,2025-04-27 14:30:00,377.27,377.27,377.02,377.02,-0.07,1275.08,482573.2,-1
2025-04-27,2025-04-27 14:40:00,377.02,377.02,376.76,376.76,-0.07,1275.08,482573.2,-1
2025-04-27,2025-04-27 14:50:00,376.76,376.76,376.5,376.5,-0.07,1275.08,482573.2,-1
2025-04-27,2025-04-27 15:00:00,376.5,383.9,375.0,376.5,0.0,1275.08,482573.2,0
2025-04-28,2025-04-28 11:00:00,384.0,386.28,381.0,383.61,-0.1,783.84,297595.44,-1
2025-04-28,2025-04-28 11:10:00,383.61,383.61,383.22,383.22,-0.1,783.84,297595.44,-1
2025-04-28,2025-04-28 11:20:00,383.22,383.22,382.83,382.83,-0.1,783.84,297595.44,-1
2025-04-28,2025-04-28 11:30:00,382.83,382.83,382.44,382.44,-0.1,783.84,297595.44,-1
2025-04-28,2025-04-28 11:40:00,382.44,382.44,382.05,382.05,-0.1,783.84,297595.44,-1
2025-04-28,2025-04-28 11:50:00,382.05,382.05,381.66,381.66,-0.1,783.84,297595.44,-1
2025-04-28,2025-04-28 12:00:00,381.66,381.66,381.27,381.27,-0.1,783.84,297595.44,-1
2025-04-28,2025-04-28 12:10:00,381.27,381.27,380.88,380.88,-0.1,783.84,297595.44,-1
2025-04-28,2025-04-28 12:20:00,380.88,380.88,380.49,380.49,-0.1,783.84,297595.44,-1
2025-04-28,2025-04-28 12:30:00,380.49,380.49,380.1,380.1,-0.1,783.84,297595.44,-1
2025-04-28,2025-04-28 12:40:00,380.1,380.1,379.71,379.71,-0.1,783.84,297595.44,-1
2025-04-28,2025-04-28 12:50:00,379.71,379.71,379.32,379.32,-0.1,783.84,297595.44,-1
2025-04-28,2025-04-28 13:00:00,379.32,391.6,374.0,378.94,-0.1,783.84,297595.44,-1
2025-04-28,2025-04-28 13:10:00,378.94,378.94,378.55,378.55,-0.1,783.84,297595.44,-1
2025-04-28,2025-04-28 13:20:00,378.55,378.55,378.16,378.16,-0.1,783.84,297595.44,-1
2025-04-28,2025-04-28 13:30:00,378.16,378.16,377.77,377.77,-0.1,783.84,297595.44,-1
2025-04-28,2025-04-28 13:40:00,377.77,377.77,377.38,377.38,-0.1,783.84,297595.44,-1
2025-04-28,2025-04-28 13:50:00,377.38,377.38,376.99,376.99,-0.1,783.84,297595.44,-1
2025-04-28,2025-04-28 14:00:00,376.99,376.99,376.6,376.6,-0.1,783.84,297595.44,-1
2025-04-28,2025-04-28 14:10:00,376.6,376.6,376.21,376.21,-0.1,783.84,297595.44,-1
2025-04-28,2025-04-28 14:20:00,376.21,376.21,375.82,375.82,-0.1,783.84,297595.44,-1
2025-04-28,2025-04-28 14:30:00,375.82,375.82,375.43,375.43,-0.1,783.84,297595.44,-1
2025-04-28,2025-04-28 14:40:00,375.43,375.43,375.04,375.04,-0.1,783.84,297595.44,-1
2025-04-28,2025-04-28 14:50:00,375.04,375.04,374.65,374.65,-0.1,783.84,297595.44,-1
2025-04-28,2025-04-28 15:00:00,374.65,391.6,374.0,374.65,0.0,783.84,297595.44,0
2025-04-29,2025-04-29 11:00:00,382.1,382.1,376.55,381.48,-0.16,1022.68,378242.02,-1
2025-04-29,2025-04-29 11:10:00,381.48,381.48,380.86,380.86,-0.16,1022.68,378242.02,-1
2025-04-29,2025-04-29 11:20:00,380.86,380.86,380.24,380.24,-0.16,1022.68,378242.02,-1
2025-04-29,2025-04-29 11:30:00,380.24,380.24,379.62,379.62,-0.16,1022.68,378242.02,-1
2025-04-29,2025-04-29 11:40:00,379.62,379.62,379.01,379.01,-0.16,1022.68,378242.02,-1
2025-04-29,2025-04-29 11:50:00,379.01,379.01,378.39,378.39,-0.16,1022.68,378242.02,-1
2025-04-29,2025-04-29 12:00:00,378.39,378.39,377.77,377.77,-0.16,1022.68,378242.02,-1
2025-04-29,2025-04-29 12:10:00,377.77,377.77,377.15,377.15,-0.16,1022.68,378242.02,-1
2025-04-29,2025-04-29 12:20:00,377.15,377.15,376.53,376.53,-0.16,1022.68,378242.02,-1
2025-04-29,2025-04-29 12:30:00,376.53,376.53,375.91,375.91,-0.16,1022.68,378242.02,-1
2025-04-29,2025-04-29 12:40:00,375.91,375.91,375.29,375.29,-0.16,1022.68,378242.02,-1
2025-04-29,2025-04-29 12:50:00,375.29,375.29,374.68,374.68,-0.16,1022.68,378242.02,-1
2025-04-29,2025-04-29 13:00:00,374.68,382.1,363.6,374.06,-0.17,1022.68,378242.02,-1
2025-04-29,2025-04-29 13:10:00,374.06,374.06,373.44,373.44,-0.17,1022.68,378242.02,-1
2025-04-29,2025-04-29 13:20:00,373.44,373.44,372.82,372.82,-0.17,1022.68,378242.02,-1
2025-04-29,2025-04-29 13:30:00,372.82,372.82,372.2,372.2,-0.17,1022.68,378242.02,-1
2025-04-29,2025-04-29 13:40:00,372.2,372.2,371.58,371.58,-0.17,1022.68,378242.02,-1
2025-04-29,2025-04-29 13:50:00,371.58,371.58,370.96,370.96,-0.17,1022.68,378242.02,-1
2025-04-29,2025-04-29 14:00:00,370.96,370.96,370.34,370.34,-0.17,1022.68,378242.02,-1
2025-04-29,2025-04-29 14:10:00,370.34,370.34,369.73,369.73,-0.16,1022.68,378242.02,-1
2025-04-29,2025-04-29 14:20:00,369.73,369.73,369.11,369.11,-0.17,1022.68,378242.02,-1
2025-04-29,2025-04-29 14:30:00,369.11,369.11,368.49,368.49,-0.17,1022.68,378242.02,-1
2025-04-29,2025-04-29 14:40:00,368.49,368.49,367.87,367.87,-0.17,1022.68,378242.02,-1
2025-04-29,2025-04-29 14:50:00,367.87,367.87,367.25,367.25,-0.17,1022.68,378242.02,-1
2025-04-29,2025-04-29 15:00:00,367.25,382.1,363.6,367.25,0.0,1022.68,378242.02,0
2025-04-30,2025-04-30 11:00:00,374.0,375.47,370.4,373.88,-0.03,848.2,311814.1,-1
2025-04-30,2025-04-30 11:10:00,373.88,373.88,373.75,373.75,-0.03,848.2,311814.1,-1
2025-04-30,2025-04-30 11:20:00,373.75,373.75,373.63,373.63,-0.03,848.2,311814.1,-1
2025-04-30,2025-04-30 11:30:00,373.63,373.63,373.5,373.5,-0.03,848.2,311814.1,-1
2025-04-30,2025-04-30 11:40:00,373.5,373.5,373.38,373.38,-0.03,848.2,311814.1,-1
2025-04-30,2025-04-30 11:50:00,373.38,373.38,373.25,373.25,-0.03,848.2,311814.1,-1
2025-04-30,2025-04-30 12:00:00,373.25,373.25,373.13,373.13,-0.03,848.2,311814.1,-1
2025-04-30,2025-04-30 12:10:00,373.13,373.13,373.01,373.01,-0.03,848.2,311814.1,-1
2025-04-30,2025-04-30 12:20:00,373.01,373.01,372.88,372.88,-0.03,848.2,311814.1,-1
2025-04-30,2025-04-30 12:30:00,372.88,372.88,372.76,372.76,-0.03,848.2,311814.1,-1
2025-04-30,2025-04-30 12:40:00,372.76,372.76,372.63,372.63,-0.03,848.2,311814.1,-1
2025-04-30,2025-04-30 12:50:00,372.63,372.63,372.51,372.51,-0.03,848.2,311814.1,-1
2025-04-30,2025-04-30 13:00:00,372.51,378.9,362.0,372.39,-0.03,848.2,311814.1,-1
2025-04-30,2025-04-30 13:10:00,372.39,372.39,372.26,372.26,-0.03,848.2,311814.1,-1
2025-04-30,2025-04-30 13:20:00,372.26,372.26,372.14,372.14,-0.03,848.2,311814.1,-1
2025-04-30,2025-04-30 13:30:00,372.14,372.14,372.01,372.01,-0.03,848.2,311814.1,-1
2025-04-30,2025-04-30 13:40:00,372.01,372.01,371.89,371.89,-0.03,848.2,311814.1,-1
2025-04-30,2025-04-30 13:50:00,371.89,371.89,371.76,371.76,-0.03,848.2,311814.1,-1
2025-04-30,2025-04-30 14:00:00,371.76,371.76,371.64,371.64,-0.03,848.2,311814.1,-1
2025-04-30,2025-04-30 14:10:00,371.64,371.64,371.52,371.52,-0.03,848.2,311814.1,-1
2025-04-30,2025-04-30 14:20:00,371.52,371.52,371.39,371.39,-0.03,848.2,311814.1,-1
2025-04-30,2025-04-30 14:30:00,371.39,371.39,371.27,371.27,-0.03,848.2,311814.1,-1
2025-04-30,2025-04-30 14:40:00,371.27,371.27,371.14,371.14,-0.04,848.2,311814.1,-1
2025-04-30,2025-04-30 14:50:00,371.14,371.14,371.02,371.02,-0.03,848.2,311814.1,-1
2025-04-30,2025-04-30 15:00:00,371.02,378.9,362.0,371.02,0.0,848.2,311814.1,0
2025-05-04,2025-05-04 11:00:00,378.1,378.1,372.97,377.52,-0.15,535.64,196951.99,-1
2025-05-04,2025-05-04 11:10:00,377.52,377.52,376.93,376.93,-0.16,535.64,196951.99,-1
2025-05-04,2025-05-04 11:20:00,376.93,376.93,376.35,376.35,-0.15,535.64,196951.99,-1
2025-05-04,2025-05-04 11:30:00,376.35,376.35,375.76,375.76,-0.16,535.64,196951.99,-1
2025-05-04,2025-05-04 11:40:00,375.76,375.76,375.18,375.18,-0.15,535.64,196951.99,-1
2025-05-04,2025-05-04 11:50:00,375.18,375.18,374.59,374.59,-0.16,535.64,196951.99,-1
2025-05-04,2025-05-04 12:00:00,374.59,374.59,374.01,374.01,-0.15,535.64,196951.99,-1
2025-05-04,2025-05-04 12:10:00,374.01,374.01,373.42,373.42,-0.16,535.64,196951.99,-1
2025-05-04,2025-05-04 12:20:00,373.42,373.42,372.84,372.84,-0.16,535.64,196951.99,-1
2025-05-04,2025-05-04 12:30:00,372.84,372.84,372.25,372.25,-0.16,535.64,196951.99,-1
2025-05-04,2025-05-04 12:40:00,372.25,372.25,371.67,371.67,-0.16,535.64,196951.99,-1
2025-05-04,2025-05-04 12:50:00,371.67,371.67,371.09,371.09,-0.16,535.64,196951.99,-1
2025-05-04,2025-05-04 13:00:00,371.09,378.1,361.0,370.5,-0.16,535.64,196951.99,-1
2025-05-04,2025-05-04 13:10:00,370.5,370.5,369.92,369.92,-0.16,535.64,196951.99,-1
2025-05-04,2025-05-04 13:20:00,369.92,369.92,369.33,369.33,-0.16,535.64,196951.99,-1
2025-05-04,2025-05-04 13:30:00,369.33,369.33,368.75,368.75,-0.16,535.64,196951.99,-1
2025-05-04,2025-05-04 13:40:00,368.75,368.75,368.16,368.16,-0.16,535.64,196951.99,-1
2025-05-04,2025-05-04 13:50:00,368.16,368.16,367.58,367.58,-0.16,535.64,196951.99,-1
2025-05-04,2025-05-04 14:00:00,367.58,367.58,366.99,366.99,-0.16,535.64,196951.99,-1
2025-05-04,2025-05-04 14:10:00,366.99,366.99,366.41,366.41,-0.16,535.64,196951.99,-1
2025-05-04,2025-05-04 14:20:00,366.41,366.41,365.82,365.82,-0.16,535.64,196951.99,-1
2025-05-04,2025-05-04 14:30:00,365.82,365.82,365.24,365.24,-0.16,535.64,196951.99,-1
2025-05-04,2025-05-04 14:40:00,365.24,365.24,364.65,364.65,-0.16,535.64,196951.99,-1
2025-05-04,2025-05-04 14:50:00,364.65,364.65,364.07,364.07,-0.16,535.64,196951.99,-1
2025-05-04,2025-05-04 15:00:00,364.07,378.1,361.0,364.07,0.0,535.64,196951.99,0
2025-05-05,2025-05-05 11:00:00,370.0,370.0,365.83,369.63,-0.1,707.2,254864.18,-1
2025-05-05,2025-05-05 11:10:00,369.63,369.63,369.26,369.26,-0.1,707.2,254864.18,-1
2025-05-05,2025-05-05 11:20:00,369.26,369.26,368.89,368.89,-0.1,707.2,254864.18,-1
2025-05-05,2025-05-05 11:30:00,368.89,368.89,368.52,368.52,-0.1,707.2,254864.18,-1
2025-05-05,2025-05-05 11:40:00,368.52,368.52,368.15,368.15,-0.1,707.2,254864.18,-1
2025-05-05,2025-05-05 11:50:00,368.15,368.15,367.78,367.78,-0.1,707.2,254864.18,-1
2025-05-05,2025-05-05 12:00:00,367.78,367.78,367.41,367.41,-0.1,707.2,254864.18,-1
2025-05-05,2025-05-05 12:10:00,367.41,367.41,367.04,367.04,-0.1,707.2,254864.18,-1
2025-05-05,2025-05-05 12:20:00,367.04,367.04,366.67,366.67,-0.1,707.2,254864.18,-1
2025-05-05,2025-05-05 12:30:00,366.67,366.67,366.3,366.3,-0.1,707.2,254864.18,-1
2025-05-05,2025-05-05 12:40:00,366.3,366.3,365.93,365.93,-0.1,707.2,254864.18,-1
2025-05-05,2025-05-05 12:50:00,365.93,365.93,365.56,365.56,-0.1,707.2,254864.18,-1
2025-05-05,2025-05-05 13:00:00,365.56,370.0,356.1,365.19,-0.1,707.2,254864.18,-1
2025-05-05,2025-05-05 13:10:00,365.19,365.19,364.82,364.82,-0.1,707.2,254864.18,-1
2025-05-05,2025-05-05 13:20:00,364.82,364.82,364.45,364.45,-0.1,707.2,254864.18,-1
2025-05-05,2025-05-05 13:30:00,364.45,364.45,364.08,364.08,-0.1,707.2,254864.18,-1
2025-05-05,2025-05-05 13:40:00,364.08,364.08,363.71,363.71,-0.1,707.2,254864.18,-1
2025-05-05,2025-05-05 13:50:00,363.71,363.71,363.34,363.34,-0.1,707.2,254864.18,-1
2025-05-05,2025-05-05 14:00:00,363.34,363.34,362.97,362.97,-0.1,707.2,254864.18,-1
2025-05-05,2025-05-05 14:10:00,362.97,362.97,362.6,362.6,-0.1,707.2,254864.18,-1
2025-05-05,2025-05-05 14:20:00,362.6,362.6,362.23,362.23,-0.1,707.2,254864.18,-1
2025-05-05,2025-05-05 14:30:00,362.23,362.23,361.86,361.86,-0.1,707.2,254864.18,-1
2025-05-05,2025-05-05 14:40:00,361.86,361.86,361.49,361.49,-0.1,707.2,254864.18,-1
2025-05-05,2025-05-05 14:50:00,361.49,361.49,361.12,361.12,-0.1,707.2,254864.18,-1
2025-05-05,2025-05-05 15:00:00,361.12,370.0,356.1,361.12,0.0,707.2,254864.18,0
2025-05-06,2025-05-06 11:00:00,368.0,368.0,365.9,367.75,-0.07,485.52,176600.83,-1
2025-05-06,2025-05-06 11:10:00,367.75,367.75,367.5,367.5,-0.07,485.52,176600.83,-1
2025-05-06,2025-05-06 11:20:00,367.5,367.5,367.25,367.25,-0.07,485.52,176600.83,-1
2025-05-06,2025-05-06 11:30:00,367.25,367.25,367.0,367.0,-0.07,485.52,176600.83,-1
2025-05-06,2025-05-06 11:40:00,367.0,367.0,366.75,366.75,-0.07,485.52,176600.83,-1
2025-05-06,2025-05-06 11:50:00,366.75,366.75,366.5,366.5,-0.07,485.52,176600.83,-1
2025-05-06,2025-05-06 12:00:00,366.5,366.5,366.25,366.25,-0.07,485.52,176600.83,-1
2025-05-06,2025-05-06 12:10:00,366.25,366.25,366.0,366.0,-0.07,485.52,176600.83,-1
2025-05-06,2025-05-06 12:20:00,366.0,366.0,365.75,365.75,-0.07,485.52,176600.83,-1
2025-05-06,2025-05-06 12:30:00,365.75,365.75,365.5,365.5,-0.07,485.52,176600.83,-1
2025-05-06,2025-05-06 12:40:00,365.5,365.5,365.25,365.25,-0.07,485.52,176600.83,-1
2025-05-06,2025-05-06 12:50:00,365.25,365.25,365.0,365.0,-0.07,485.52,176600.83,-1
2025-05-06,2025-05-06 13:00:00,365.0,368.0,361.0,364.75,-0.07,485.52,176600.83,-1
2025-05-06,2025-05-06 13:10:00,364.75,364.75,364.5,364.5,-0.07,485.52,176600.83,-1
2025-05-06,2025-05-06 13:20:00,364.5,364.5,364.25,364.25,-0.07,485.52,176600.83,-1
2025-05-06,2025-05-06 13:30:00,364.25,364.25,364.0,364.0,-0.07,485.52,176600.83,-1
2025-05-06,2025-05-06 13:40:00,364.0,364.0,363.75,363.75,-0.07,485.52,176600.83,-1
2025-05-06,2025-05-06 13:50:00,363.75,363.75,363.5,363.5,-0.07,485.52,176600.83,-1
2025-05-06,2025-05-06 14:00:00,363.5,363.5,363.25,363.25,-0.07,485.52,176600.83,-1
2025-05-06,2025-05-06 14:10:00,363.25,363.25,363.0,363.0,-0.07,485.52,176600.83,-1
2025-05-06,2025-05-06 14:20:00,363.0,363.0,362.75,362.75,-0.07,485.52,176600.83,-1
2025-05-06,2025-05-06 14:30:00,362.75,362.75,362.5,362.5,-0.07,485.52,176600.83,-1
2025-05-06,2025-05-06 14:40:00,362.5,362.5,362.25,362.25,-0.07,485.52,176600.83,-1
2025-05-06,2025-05-06 14:50:00,362.25,362.25,362.0,362.0,-0.07,485.52,176600.83,-1
2025-05-06,2025-05-06 15:00:00,362.0,368.0,361.0,362.0,0.0,485.52,176600.83,0
2025-05-07,2025-05-07 11:00:00,368.0,371.3,365.9,368.39,0.11,1178.92,437634.64,1
2025-05-07,2025-05-07 11:10:00,368.39,368.78,368.39,368.78,0.11,1178.92,437634.64,1
2025-05-07,2025-05-07 11:20:00,368.78,369.17,368.78,369.17,0.11,1178.92,437634.64,1
2025-05-07,2025-05-07 11:30:00,369.17,369.56,369.17,369.56,0.11,1178.92,437634.64,1
2025-05-07,2025-05-07 11:40:00,369.56,369.95,369.56,369.95,0.11,1178.92,437634.64,1
2025-05-07,2025-05-07 11:50:00,369.95,370.33,369.95,370.33,0.1,1178.92,437634.64,1
2025-05-07,2025-05-07 12:00:00,370.33,370.72,370.33,370.72,0.11,1178.92,437634.64,1
2025-05-07,2025-05-07 12:10:00,370.72,371.11,370.72,371.11,0.11,1178.92,437634.64,1
2025-05-07,2025-05-07 12:20:00,371.11,371.5,371.11,371.5,0.11,1178.92,437634.64,1
2025-05-07,2025-05-07 12:30:00,371.5,371.89,371.5,371.89,0.1,1178.92,437634.64,1
2025-05-07,2025-05-07 12:40:00,371.89,372.28,371.89,372.28,0.1,1178.92,437634.64,1
2025-05-07,2025-05-07 12:50:00,372.28,372.67,372.28,372.67,0.1,1178.92,437634.64,1
2025-05-07,2025-05-07 13:00:00,372.67,379.0,361.0,373.06,0.1,1178.92,437634.64,1
2025-05-07,2025-05-07 13:10:00,373.06,373.45,373.06,373.45,0.1,1178.92,437634.64,1
2025-05-07,2025-05-07 13:20:00,373.45,373.84,373.45,373.84,0.1,1178.92,437634.64,1
2025-05-07,2025-05-07 13:30:00,373.84,374.23,373.84,374.23,0.1,1178.92,437634.64,1
2025-05-07,2025-05-07 13:40:00,374.23,374.62,374.23,374.62,0.1,1178.92,437634.64,1
2025-05-07,2025-05-07 13:50:00,374.62,375.0,374.62,375.0,0.1,1178.92,437634.64,1
2025-05-07,2025-05-07 14:00:00,375.0,375.39,375.0,375.39,0.1,1178.92,437634.64,1
2025-05-07,2025-05-07 14:10:00,375.39,375.78,375.39,375.78,0.1,1178.92,437634.64,1
2025-05-07,2025-05-07 14:20:00,375.78,376.17,375.78,376.17,0.1,1178.92,437634.64,1
2025-05-07,2025-05-07 14:30:00,376.17,376.56,376.17,376.56,0.1,1178.92,437634.64,1
2025-05-07,2025-05-07 14:40:00,376.56,376.95,376.56,376.95,0.1,1178.92,437634.64,1
2025-05-07,2025-05-07 14:50:00,376.95,377.34,376.95,377.34,0.1,1178.92,437634.64,1
2025-05-07,2025-05-07 15:00:00,377.34,379.0,361.0,377.34,0.0,1178.92,437634.64,0
2025-05-08,2025-05-08 11:00:00,377.0,380.75,377.0,377.16,0.04,3990.24,1519027.66,1
2025-05-08,2025-05-08 11:10:00,377.16,377.31,377.16,377.31,0.04,3990.24,1519027.66,1
2025-05-08,2025-05-08 11:20:00,377.31,377.47,377.31,377.47,0.04,3990.24,1519027.66,1
2025-05-08,2025-05-08 11:30:00,377.47,377.63,377.47,377.63,0.04,3990.24,1519027.66,1
2025-05-08,2025-05-08 11:40:00,377.63,377.78,377.63,377.78,0.04,3990.24,1519027.66,1
2025-05-08,2025-05-08 11:50:00,377.78,377.94,377.78,377.94,0.04,3990.24,1519027.66,1
2025-05-08,2025-05-08 12:00:00,377.94,378.1,377.94,378.1,0.04,3990.24,1519027.66,1
2025-05-08,2025-05-08 12:10:00,378.1,378.25,378.1,378.25,0.04,3990.24,1519027.66,1
2025-05-08,2025-05-08 12:20:00,378.25,378.41,378.25,378.41,0.04,3990.24,1519027.66,1
2025-05-08,2025-05-08 12:30:00,378.41,378.57,378.41,378.57,0.04,3990.24,1519027.66,1
2025-05-08,2025-05-08 12:40:00,378.57,378.72,378.57,378.72,0.04,3990.24,1519027.66,1
2025-05-08,2025-05-08 12:50:00,378.72,378.88,378.72,378.88,0.04,3990.24,1519027.66,1
2025-05-08,2025-05-08 13:00:00,378.88,389.5,377.0,379.04,0.04,3990.24,1519027.66,1
2025-05-08,2025-05-08 13:10:00,379.04,379.19,379.04,379.19,0.04,3990.24,1519027.66,1
2025-05-08,2025-05-08 13:20:00,379.19,379.35,379.19,379.35,0.04,3990.24,1519027.66,1
2025-05-08,2025-05-08 13:30:00,379.35,379.51,379.35,379.51,0.04,3990.24,1519027.66,1
2025-05-08,2025-05-08 13:40:00,379.51,379.66,379.51,379.66,0.04,3990.24,1519027.66,1
2025-05-08,2025-05-08 13:50:00,379.66,379.82,379.66,379.82,0.04,3990.24,1519027.66,1
2025-05-08,2025-05-08 14:00:00,379.82,379.98,379.82,379.98,0.04,3990.24,1519027.66,1
2025-05-08,2025-05-08 14:10:00,379.98,380.13,379.98,380.13,0.04,3990.24,1519027.66,1
2025-05-08,2025-05-08 14:20:00,380.13,380.29,380.13,380.29,0.04,3990.24,1519027.66,1
2025-05-08,2025-05-08 14:30:00,380.29,380.45,380.29,380.45,0.04,3990.24,1519027.66,1
2025-05-08,2025-05-08 14:40:00,380.45,380.6,380.45,380.6,0.04,3990.24,1519027.66,1
2025-05-08,2025-05-08 14:50:00,380.6,380.76,380.6,380.76,0.04,3990.24,1519027.66,1
2025-05-08,2025-05-08 15:00:00,380.76,389.5,377.0,380.76,0.0,3990.24,1519027.66,0
2025-05-11,2025-05-11 11:00:00,388.3,397.45,388.21,389.57,0.33,8387.96,3454213.04,1
2025-05-11,2025-05-11 11:10:00,389.57,390.84,389.57,390.84,0.33,8387.96,3454213.04,1
2025-05-11,2025-05-11 11:20:00,390.84,392.11,390.84,392.11,0.32,8387.96,3454213.04,1
2025-05-11,2025-05-11 11:30:00,392.11,393.38,392.11,393.38,0.32,8387.96,3454213.04,1
2025-05-11,2025-05-11 11:40:00,393.38,394.65,393.38,394.65,0.32,8387.96,3454213.04,1
2025-05-11,2025-05-11 11:50:00,394.65,395.93,394.65,395.93,0.32,8387.96,3454213.04,1
2025-05-11,2025-05-11 12:00:00,395.93,397.2,395.93,397.2,0.32,8387.96,3454213.04,1
2025-05-11,2025-05-11 12:10:00,397.2,398.47,397.2,398.47,0.32,8387.96,3454213.04,1
2025-05-11,2025-05-11 12:20:00,398.47,399.74,398.47,399.74,0.32,8387.96,3454213.04,1
2025-05-11,2025-05-11 12:30:00,399.74,401.01,399.74,401.01,0.32,8387.96,3454213.04,1
2025-05-11,2025-05-11 12:40:00,401.01,402.28,401.01,402.28,0.32,8387.96,3454213.04,1
2025-05-11,2025-05-11 12:50:00,402.28,403.55,402.28,403.55,0.32,8387.96,3454213.04,1
2025-05-11,2025-05-11 13:00:00,403.55,418.8,388.0,404.82,0.31,8387.96,3454213.04,1
2025-05-11,2025-05-11 13:10:00,404.82,406.09,404.82,406.09,0.31,8387.96,3454213.04,1
2025-05-11,2025-05-11 13:20:00,406.09,407.36,406.09,407.36,0.31,8387.96,3454213.04,1
2025-05-11,2025-05-11 13:30:00,407.36,408.63,407.36,408.63,0.31,8387.96,3454213.04,1
2025-05-11,2025-05-11 13:40:00,408.63,409.9,408.63,409.9,0.31,8387.96,3454213.04,1
2025-05-11,2025-05-11 13:50:00,409.9,411.18,409.9,411.18,0.31,8387.96,3454213.04,1
2025-05-11,2025-05-11 14:00:00,411.18,412.45,411.18,412.45,0.31,8387.96,3454213.04,1
2025-05-11,2025-05-11 14:10:00,412.45,413.72,412.45,413.72,0.31,8387.96,3454213.04,1
2025-05-11,2025-05-11 14:20:00,413.72,414.99,413.72,414.99,0.31,8387.96,3454213.04,1
2025-05-11,2025-05-11 14:30:00,414.99,416.26,414.99,416.26,0.31,8387.96,3454213.04,1
2025-05-11,2025-05-11 14:40:00,416.26,417.53,416.26,417.53,0.31,8387.96,3454213.04,1
2025-05-11,2025-05-11 14:50:00,417.53,418.8,417.53,418.8,0.3,8387.96,3454213.04,1
2025-05-11,2025-05-11 15:00:00,418.8,418.8,388.0,418.8,0.0,8387.96,3454213.04,0
2025-05-13,2025-05-13 11:00:00,427.1,437.15,427.07,427.95,0.2,10184.12,4527146.65,1
2025-05-13,2025-05-13 11:10:00,427.95,428.81,427.95,428.81,0.2,10184.12,4527146.65,1
2025-05-13,2025-05-13 11:20:00,428.81,429.66,428.81,429.66,0.2,10184.12,4527146.65,1
2025-05-13,2025-05-13 11:30:00,429.66,430.52,429.66,430.52,0.2,10184.12,4527146.65,1
2025-05-13,2025-05-13 11:40:00,430.52,431.37,430.52,431.37,0.2,10184.12,4527146.65,1
2025-05-13,2025-05-13 11:50:00,431.37,432.23,431.37,432.23,0.2,10184.12,4527146.65,1
2025-05-13,2025-05-13 12:00:00,432.23,433.08,432.23,433.08,0.2,10184.12,4527146.65,1
2025-05-13,2025-05-13 12:10:00,433.08,433.94,433.08,433.94,0.2,10184.12,4527146.65,1
2025-05-13,2025-05-13 12:20:00,433.94,434.79,433.94,434.79,0.2,10184.12,4527146.65,1
2025-05-13,2025-05-13 12:30:00,434.79,435.65,434.79,435.65,0.2,10184.12,4527146.65,1
2025-05-13,2025-05-13 12:40:00,435.65,436.5,435.65,436.5,0.2,10184.12,4527146.65,1
2025-05-13,2025-05-13 12:50:00,436.5,437.36,436.5,437.36,0.2,10184.12,4527146.65,1
2025-05-13,2025-05-13 13:00:00,437.36,460.6,427.0,438.21,0.19,10184.12,4527146.65,1
2025-05-13,2025-05-13 13:10:00,438.21,439.06,438.21,439.06,0.19,10184.12,4527146.65,1
2025-05-13,2025-05-13 13:20:00,439.06,439.92,439.06,439.92,0.2,10184.12,4527146.65,1
2025-05-13,2025-05-13 13:30:00,439.92,440.77,439.92,440.77,0.19,10184.12,4527146.65,1
2025-05-13,2025-05-13 13:40:00,440.77,441.63,440.77,441.63,0.2,10184.12,4527146.65,1
2025-05-13,2025-05-13 13:50:00,441.63,442.48,441.63,442.48,0.19,10184.12,4527146.65,1
2025-05-13,2025-05-13 14:00:00,442.48,443.34,442.48,443.34,0.19,10184.12,4527146.65,1
2025-05-13,2025-05-13 14:10:00,443.34,444.19,443.34,444.19,0.19,10184.12,4527146.65,1
2025-05-13,2025-05-13 14:20:00,444.19,445.05,444.19,445.05,0.19,10184.12,4527146.65,1
2025-05-13,2025-05-13 14:30:00,445.05,445.9,445.05,445.9,0.19,10184.12,4527146.65,1
2025-05-13,2025-05-13 14:40:00,445.9,446.76,445.9,446.76,0.19,10184.12,4527146.65,1
2025-05-13,2025-05-13 14:50:00,446.76,447.61,446.76,447.61,0.19,10184.12,4527146.65,1
2025-05-13,2025-05-13 15:00:00,447.61,460.6,427.0,447.61,0.0,10184.12,4527146.65,0
2025-05-14,2025-05-14 11:00:00,456.5,458.75,448.64,455.63,-0.19,7583.04,3395260.59,-1
2025-05-14,2025-05-14 11:10:00,455.63,455.63,454.77,454.77,-0.19,7583.04,3395260.59,-1
2025-05-14,2025-05-14 11:20:00,454.77,454.77,453.9,453.9,-0.19,7583.04,3395260.59,-1
2025-05-14,2025-05-14 11:30:00,453.9,453.9,453.04,453.04,-0.19,7583.04,3395260.59,-1
2025-05-14,2025-05-14 11:40:00,453.04,453.04,452.17,452.17,-0.19,7583.04,3395260.59,-1
2025-05-14,2025-05-14 11:50:00,452.17,452.17,451.31,451.31,-0.19,7583.04,3395260.59,-1
2025-05-14,2025-05-14 12:00:00,451.31,451.31,450.44,450.44,-0.19,7583.04,3395260.59,-1
2025-05-14,2025-05-14 12:10:00,450.44,450.44,449.58,449.58,-0.19,7583.04,3395260.59,-1
2025-05-14,2025-05-14 12:20:00,449.58,449.58,448.71,448.71,-0.19,7583.04,3395260.59,-1
2025-05-14,2025-05-14 12:30:00,448.71,448.71,447.85,447.85,-0.19,7583.04,3395260.59,-1
2025-05-14,2025-05-14 12:40:00,447.85,447.85,446.98,446.98,-0.19,7583.04,3395260.59,-1
2025-05-14,2025-05-14 12:50:00,446.98,446.98,446.12,446.12,-0.19,7583.04,3395260.59,-1
2025-05-14,2025-05-14 13:00:00,446.12,464.0,430.3,445.25,-0.2,7583.04,3395260.59,-1
2025-05-14,2025-05-14 13:10:00,445.25,445.25,444.38,444.38,-0.2,7583.04,3395260.59,-1
2025-05-14,2025-05-14 13:20:00,444.38,444.38,443.52,443.52,-0.19,7583.04,3395260.59,-1
2025-05-14,2025-05-14 13:30:00,443.52,443.52,442.65,442.65,-0.2,7583.04,3395260.59,-1
2025-05-14,2025-05-14 13:40:00,442.65,442.65,441.79,441.79,-0.19,7583.04,3395260.59,-1
2025-05-14,2025-05-14 13:50:00,441.79,441.79,440.92,440.92,-0.2,7583.04,3395260.59,-1
2025-05-14,2025-05-14 14:00:00,440.92,440.92,440.06,440.06,-0.2,7583.04,3395260.59,-1
2025-05-14,2025-05-14 14:10:00,440.06,440.06,439.19,439.19,-0.2,7583.04,3395260.59,-1
2025-05-14,2025-05-14 14:20:00,439.19,439.19,438.33,438.33,-0.2,7583.04,3395260.59,-1
2025-05-14,2025-05-14 14:30:00,438.33,438.33,437.46,437.46,-0.2,7583.04,3395260.59,-1
2025-05-14,2025-05-14 14:40:00,437.46,437.46,436.6,436.6,-0.2,7583.04,3395260.59,-1
2025-05-14,2025-05-14 14:50:00,436.6,436.6,435.73,435.73,-0.2,7583.04,3395260.59,-1
2025-05-14,2025-05-14 15:00:00,435.73,464.0,430.3,435.73,0.0,7583.04,3395260.59,0
2025-05-15,2025-05-15 11:00:00,436.0,438.52,424.33,434.71,-0.3,8846.64,3683366.74,-1
2025-05-15,2025-05-15 11:10:00,434.71,434.71,433.41,433.41,-0.3,8846.64,3683366.74,-1
2025-05-15,2025-05-15 11:20:00,433.41,433.41,432.12,432.12,-0.3,8846.64,3683366.74,-1
2025-05-15,2025-05-15 11:30:00,432.12,432.12,430.82,430.82,-0.3,8846.64,3683366.74,-1
2025-05-15,2025-05-15 11:40:00,430.82,430.82,429.53,429.53,-0.3,8846.64,3683366.74,-1
2025-05-15,2025-05-15 11:50:00,429.53,429.53,428.24,428.24,-0.3,8846.64,3683366.74,-1
2025-05-15,2025-05-15 12:00:00,428.24,428.24,426.94,426.94,-0.3,8846.64,3683366.74,-1
2025-05-15,2025-05-15 12:10:00,426.94,426.94,425.65,425.65,-0.3,8846.64,3683366.74,-1
2025-05-15,2025-05-15 12:20:00,425.65,425.65,424.36,424.36,-0.3,8846.64,3683366.74,-1
2025-05-15,2025-05-15 12:30:00,424.36,424.36,423.06,423.06,-0.31,8846.64,3683366.74,-1
2025-05-15,2025-05-15 12:40:00,423.06,423.06,421.77,421.77,-0.3,8846.64,3683366.74,-1
2025-05-15,2025-05-15 12:50:00,421.77,421.77,420.48,420.48,-0.31,8846.64,3683366.74,-1
2025-05-15,2025-05-15 13:00:00,420.48,444.4,397.1,419.18,-0.31,8846.64,3683366.74,-1
2025-05-15,2025-05-15 13:10:00,419.18,419.18,417.89,417.89,-0.31,8846.64,3683366.74,-1
2025-05-15,2025-05-15 13:20:00,417.89,417.89,416.59,416.59,-0.31,8846.64,3683366.74,-1
2025-05-15,2025-05-15 13:30:00,416.59,416.59,415.3,415.3,-0.31,8846.64,3683366.74,-1
2025-05-15,2025-05-15 13:40:00,415.3,415.3,414.01,414.01,-0.31,8846.64,3683366.74,-1
2025-05-15,2025-05-15 13:50:00,414.01,414.01,412.71,412.71,-0.31,8846.64,3683366.74,-1
2025-05-15,2025-05-15 14:00:00,412.71,412.71,411.42,411.42,-0.31,8846.64,3683366.74,-1
2025-05-15,2025-05-15 14:10:00,411.42,411.42,410.12,410.12,-0.32,8846.64,3683366.74,-1
2025-05-15,2025-05-15 14:20:00,410.12,410.12,408.83,408.83,-0.31,8846.64,3683366.74,-1
2025-05-15,2025-05-15 14:30:00,408.83,408.83,407.54,407.54,-0.32,8846.64,3683366.74,-1
2025-05-15,2025-05-15 14:40:00,407.54,407.54,406.24,406.24,-0.32,8846.64,3683366.74,-1
2025-05-15,2025-05-15 14:50:00,406.24,406.24,404.95,404.95,-0.32,8846.64,3683366.74,-1
2025-05-15,2025-05-15 15:00:00,404.95,444.4,397.1,404.95,0.0,8846.64,3683366.74,0
2025-05-18,2025-05-18 11:00:00,413.0,413.0,402.5,411.71,-0.31,4624.4,1779145.08,-1
2025-05-18,2025-05-18 11:10:00,411.71,411.71,410.42,410.42,-0.31,4624.4,1779145.08,-1
2025-05-18,2025-05-18 11:20:00,410.42,410.42,409.13,409.13,-0.31,4624.4,1779145.08,-1
2025-05-18,2025-05-18 11:30:00,409.13,409.13,407.84,407.84,-0.32,4624.4,1779145.08,-1
2025-05-18,2025-05-18 11:40:00,407.84,407.84,406.55,406.55,-0.32,4624.4,1779145.08,-1
2025-05-18,2025-05-18 11:50:00,406.55,406.55,405.25,405.25,-0.32,4624.4,1779145.08,-1
2025-05-18,2025-05-18 12:00:00,405.25,405.25,403.96,403.96,-0.32,4624.4,1779145.08,-1
2025-05-18,2025-05-18 12:10:00,403.96,403.96,402.67,402.67,-0.32,4624.4,1779145.08,-1
2025-05-18,2025-05-18 12:20:00,402.67,402.67,401.38,401.38,-0.32,4624.4,1779145.08,-1
2025-05-18,2025-05-18 12:30:00,401.38,401.38,400.09,400.09,-0.32,4624.4,1779145.08,-1
2025-05-18,2025-05-18 12:40:00,400.09,400.09,398.8,398.8,-0.32,4624.4,1779145.08,-1
2025-05-18,2025-05-18 12:50:00,398.8,398.8,397.51,397.51,-0.32,4624.4,1779145.08,-1
2025-05-18,2025-05-18 13:00:00,397.51,413.0,378.0,396.22,-0.32,4624.4,1779145.08,-1
2025-05-18,2025-05-18 13:10:00,396.22,396.22,394.93,394.93,-0.33,4624.4,1779145.08,-1
2025-05-18,2025-05-18 13:20:00,394.93,394.93,393.64,393.64,-0.33,4624.4,1779145.08,-1
2025-05-18,2025-05-18 13:30:00,393.64,393.64,392.35,392.35,-0.33,4624.4,1779145.08,-1
2025-05-18,2025-05-18 13:40:00,392.35,392.35,391.06,391.06,-0.33,4624.4,1779145.08,-1
2025-05-18,2025-05-18 13:50:00,391.06,391.06,389.76,389.76,-0.33,4624.4,1779145.08,-1
2025-05-18,2025-05-18 14:00:00,389.76,389.76,388.47,388.47,-0.33,4624.4,1779145.08,-1
2025-05-18,2025-05-18 14:10:00,388.47,388.47,387.18,387.18,-0.33,4624.4,1779145.08,-1
2025-05-18,2025-05-18 14:20:00,387.18,387.18,385.89,385.89,-0.33,4624.4,1779145.08,-1
2025-05-18,2025-05-18 14:30:00,385.89,385.89,384.6,384.6,-0.33,4624.4,1779145.08,-1
2025-05-18,2025-05-18 14:40:00,384.6,384.6,383.31,383.31,-0.34,4624.4,1779145.08,-1
2025-05-18,2025-05-18 14:50:00,383.31,383.31,382.02,382.02,-0.34,4624.4,1779145.08,-1
2025-05-18,2025-05-18 15:00:00,382.02,413.0,378.0,382.02,0.0,4624.4,1779145.08,0
2025-05-19,2025-05-19 11:00:00,382.0,385.81,380.29,382.0,0.0,2080.8,794378.38,0
2025-05-19,2025-05-19 11:10:00,382.0,382.0,381.99,381.99,-0.0,2080.8,794378.38,-1
2025-05-19,2025-05-19 11:20:00,381.99,381.99,381.99,381.99,0.0,2080.8,794378.38,0
2025-05-19,2025-05-19 11:30:00,381.99,381.99,381.99,381.99,0.0,2080.8,794378.38,0
2025-05-19,2025-05-19 11:40:00,381.99,381.99,381.98,381.98,-0.0,2080.8,794378.38,-1
2025-05-19,2025-05-19 11:50:00,381.98,381.98,381.98,381.98,0.0,2080.8,794378.38,0
2025-05-19,2025-05-19 12:00:00,381.98,381.98,381.97,381.97,-0.0,2080.8,794378.38,-1
2025-05-19,2025-05-19 12:10:00,381.97,381.97,381.97,381.97,0.0,2080.8,794378.38,0
2025-05-19,2025-05-19 12:20:00,381.97,381.97,381.97,381.97,0.0,2080.8,794378.38,0
2025-05-19,2025-05-19 12:30:00,381.97,381.97,381.96,381.96,-0.0,2080.8,794378.38,-1
2025-05-19,2025-05-19 12:40:00,381.96,381.96,381.96,381.96,0.0,2080.8,794378.38,0
2025-05-19,2025-05-19 12:50:00,381.96,381.96,381.96,381.96,0.0,2080.8,794378.38,0
2025-05-19,2025-05-19 13:00:00,381.96,394.7,376.3,381.95,-0.0,2080.8,794378.38,-1
2025-05-19,2025-05-19 13:10:00,381.95,381.95,381.95,381.95,0.0,2080.8,794378.38,0
2025-05-19,2025-05-19 13:20:00,381.95,381.95,381.94,381.94,-0.0,2080.8,794378.38,-1
2025-05-19,2025-05-19 13:30:00,381.94,381.94,381.94,381.94,0.0,2080.8,794378.38,0
2025-05-19,2025-05-19 13:40:00,381.94,381.94,381.94,381.94,0.0,2080.8,794378.38,0
2025-05-19,2025-05-19 13:50:00,381.94,381.94,381.93,381.93,-0.0,2080.8,794378.38,-1
2025-05-19,2025-05-19 14:00:00,381.93,381.93,381.93,381.93,0.0,2080.8,794378.38,0
2025-05-19,2025-05-19 14:10:00,381.93,381.93,381.93,381.93,0.0,2080.8,794378.38,0
2025-05-19,2025-05-19 14:20:00,381.93,381.93,381.92,381.92,-0.0,2080.8,794378.38,-1
2025-05-19,2025-05-19 14:30:00,381.92,381.92,381.92,381.92,0.0,2080.8,794378.38,0
2025-05-19,2025-05-19 14:40:00,381.92,381.92,381.91,381.91,-0.0,2080.8,794378.38,-1
2025-05-19,2025-05-19 14:50:00,381.91,381.91,381.91,381.91,0.0,2080.8,794378.38,0
2025-05-19,2025-05-19 15:00:00,381.91,394.7,376.3,381.91,0.0,2080.8,794378.38,0
2025-05-20,2025-05-20 11:00:00,387.9,395.43,384.12,388.63,0.19,2981.16,1177365.58,1
2025-05-20,2025-05-20 11:10:00,388.63,389.35,388.63,389.35,0.19,2981.16,1177365.58,1
2025-05-20,2025-05-20 11:20:00,389.35,390.08,389.35,390.08,0.19,2981.16,1177365.58,1
2025-05-20,2025-05-20 11:30:00,390.08,390.81,390.08,390.81,0.19,2981.16,1177365.58,1
2025-05-20,2025-05-20 11:40:00,390.81,391.54,390.81,391.54,0.19,2981.16,1177365.58,1
2025-05-20,2025-05-20 11:50:00,391.54,392.26,391.54,392.26,0.18,2981.16,1177365.58,1
2025-05-20,2025-05-20 12:00:00,392.26,392.99,392.26,392.99,0.19,2981.16,1177365.58,1
2025-05-20,2025-05-20 12:10:00,392.99,393.72,392.99,393.72,0.19,2981.16,1177365.58,1
2025-05-20,2025-05-20 12:20:00,393.72,394.45,393.72,394.45,0.19,2981.16,1177365.58,1
2025-05-20,2025-05-20 12:30:00,394.45,395.18,394.45,395.18,0.19,2981.16,1177365.58,1
2025-05-20,2025-05-20 12:40:00,395.18,395.9,395.18,395.9,0.18,2981.16,1177365.58,1
2025-05-20,2025-05-20 12:50:00,395.9,396.63,395.9,396.63,0.18,2981.16,1177365.58,1
2025-05-20,2025-05-20 13:00:00,396.63,413.0,375.3,397.36,0.18,2981.16,1177365.58,1
2025-05-20,2025-05-20 13:10:00,397.36,398.08,397.36,398.08,0.18,2981.16,1177365.58,1
2025-05-20,2025-05-20 13:20:00,398.08,398.81,398.08,398.81,0.18,2981.16,1177365.58,1
2025-05-20,2025-05-20 13:30:00,398.81,399.54,398.81,399.54,0.18,2981.16,1177365.58,1
2025-05-20,2025-05-20 13:40:00,399.54,400.27,399.54,400.27,0.18,2981.16,1177365.58,1
2025-05-20,2025-05-20 13:50:00,400.27,401.0,400.27,401.0,0.18,2981.16,1177365.58,1
2025-05-20,2025-05-20 14:00:00,401.0,401.72,401.0,401.72,0.18,2981.16,1177365.58,1
2025-05-20,2025-05-20 14:10:00,401.72,402.45,401.72,402.45,0.18,2981.16,1177365.58,1
2025-05-20,2025-05-20 14:20:00,402.45,403.18,402.45,403.18,0.18,2981.16,1177365.58,1
2025-05-20,2025-05-20 14:30:00,403.18,403.91,403.18,403.91,0.18,2981.16,1177365.58,1
2025-05-20,2025-05-20 14:40:00,403.91,404.63,403.91,404.63,0.18,2981.16,1177365.58,1
2025-05-20,2025-05-20 14:50:00,404.63,405.36,404.63,405.36,0.18,2981.16,1177365.58,1
2025-05-20,2025-05-20 15:00:00,405.36,413.0,375.3,405.36,0.0,2981.16,1177365.58,0
2025-05-21,2025-05-21 11:00:00,413.4,415.86,406.38,412.68,-0.17,2704.48,1099860.88,-1
2025-05-21,2025-05-21 11:10:00,412.68,412.68,411.95,411.95,-0.18,2704.48,1099860.88,-1
2025-05-21,2025-05-21 11:20:00,411.95,411.95,411.23,411.23,-0.17,2704.48,1099860.88,-1
2025-05-21,2025-05-21 11:30:00,411.23,411.23,410.5,410.5,-0.18,2704.48,1099860.88,-1
2025-05-21,2025-05-21 11:40:00,410.5,410.5,409.78,409.78,-0.18,2704.48,1099860.88,-1
2025-05-21,2025-05-21 11:50:00,409.78,409.78,409.06,409.06,-0.18,2704.48,1099860.88,-1
2025-05-21,2025-05-21 12:00:00,409.06,409.06,408.33,408.33,-0.18,2704.48,1099860.88,-1
2025-05-21,2025-05-21 12:10:00,408.33,408.33,407.61,407.61,-0.18,2704.48,1099860.88,-1
2025-05-21,2025-05-21 12:20:00,407.61,407.61,406.89,406.89,-0.18,2704.48,1099860.88,-1
2025-05-21,2025-05-21 12:30:00,406.89,406.89,406.16,406.16,-0.18,2704.48,1099860.88,-1
2025-05-21,2025-05-21 12:40:00,406.16,406.16,405.44,405.44,-0.18,2704.48,1099860.88,-1
2025-05-21,2025-05-21 12:50:00,405.44,405.44,404.71,404.71,-0.18,2704.48,1099860.88,-1
2025-05-21,2025-05-21 13:00:00,404.71,421.6,390.0,403.99,-0.18,2704.48,1099860.88,-1
2025-05-21,2025-05-21 13:10:00,403.99,403.99,403.27,403.27,-0.18,2704.48,1099860.88,-1
2025-05-21,2025-05-21 13:20:00,403.27,403.27,402.54,402.54,-0.18,2704.48,1099860.88,-1
2025-05-21,2025-05-21 13:30:00,402.54,402.54,401.82,401.82,-0.18,2704.48,1099860.88,-1
2025-05-21,2025-05-21 13:40:00,401.82,401.82,401.1,401.1,-0.18,2704.48,1099860.88,-1
2025-05-21,2025-05-21 13:50:00,401.1,401.1,400.37,400.37,-0.18,2704.48,1099860.88,-1
2025-05-21,2025-05-21 14:00:00,400.37,400.37,399.65,399.65,-0.18,2704.48,1099860.88,-1
2025-05-21,2025-05-21 14:10:00,399.65,399.65,398.92,398.92,-0.18,2704.48,1099860.88,-1
2025-05-21,2025-05-21 14:20:00,398.92,398.92,398.2,398.2,-0.18,2704.48,1099860.88,-1
2025-05-21,2025-05-21 14:30:00,398.2,398.2,397.48,397.48,-0.18,2704.48,1099860.88,-1
2025-05-21,2025-05-21 14:40:00,397.48,397.48,396.75,396.75,-0.18,2704.48,1099860.88,-1
2025-05-21,2025-05-21 14:50:00,396.75,396.75,396.03,396.03,-0.18,2704.48,1099860.88,-1
2025-05-21,2025-05-21 15:00:00,396.03,421.6,390.0,396.03,0.0,2704.48,1099860.88,0
2025-05-22,2025-05-22 11:00:00,401.0,402.8,397.4,400.55,-0.11,1618.08,637814.54,-1
2025-05-22,2025-05-22 11:10:00,400.55,400.55,400.1,400.1,-0.11,1618.08,637814.54,-1
2025-05-22,2025-05-22 11:20:00,400.1,400.1,399.65,399.65,-0.11,1618.08,637814.54,-1
2025-05-22,2025-05-22 11:30:00,399.65,399.65,399.21,399.21,-0.11,1618.08,637814.54,-1
2025-05-22,2025-05-22 11:40:00,399.21,399.21,398.76,398.76,-0.11,1618.08,637814.54,-1
2025-05-22,2025-05-22 11:50:00,398.76,398.76,398.31,398.31,-0.11,1618.08,637814.54,-1
2025-05-22,2025-05-22 12:00:00,398.31,398.31,397.86,397.86,-0.11,1618.08,637814.54,-1
2025-05-22,2025-05-22 12:10:00,397.86,397.86,397.41,397.41,-0.11,1618.08,637814.54,-1
2025-05-22,2025-05-22 12:20:00,397.41,397.41,396.97,396.97,-0.11,1618.08,637814.54,-1
2025-05-22,2025-05-22 12:30:00,396.97,396.97,396.52,396.52,-0.11,1618.08,637814.54,-1
2025-05-22,2025-05-22 12:40:00,396.52,396.52,396.07,396.07,-0.11,1618.08,637814.54,-1
2025-05-22,2025-05-22 12:50:00,396.07,396.07,395.62,395.62,-0.11,1618.08,637814.54,-1
2025-05-22,2025-05-22 13:00:00,395.62,407.0,389.0,395.17,-0.11,1618.08,637814.54,-1
2025-05-22,2025-05-22 13:10:00,395.17,395.17,394.72,394.72,-0.11,1618.08,637814.54,-1
2025-05-22,2025-05-22 13:20:00,394.72,394.72,394.27,394.27,-0.11,1618.08,637814.54,-1
2025-05-22,2025-05-22 13:30:00,394.27,394.27,393.83,393.83,-0.11,1618.08,637814.54,-1
2025-05-22,2025-05-22 13:40:00,393.83,393.83,393.38,393.38,-0.11,1618.08,637814.54,-1
2025-05-22,2025-05-22 13:50:00,393.38,393.38,392.93,392.93,-0.11,1618.08,637814.54,-1
2025-05-22,2025-05-22 14:00:00,392.93,392.93,392.48,392.48,-0.11,1618.08,637814.54,-1
2025-05-22,2025-05-22 14:10:00,392.48,392.48,392.03,392.03,-0.11,1618.08,637814.54,-1
2025-05-22,2025-05-22 14:20:00,392.03,392.03,391.59,391.59,-0.11,1618.08,637814.54,-1
2025-05-22,2025-05-22 14:30:00,391.59,391.59,391.14,391.14,-0.11,1618.08,637814.54,-1
2025-05-22,2025-05-22 14:40:00,391.14,391.14,390.69,390.69,-0.12,1618.08,637814.54,-1
2025-05-22,2025-05-22 14:50:00,390.69,390.69,390.24,390.24,-0.12,1618.08,637814.54,-1
2025-05-22,2025-05-22 15:00:00,390.24,407.0,389.0,390.24,0.0,1618.08,637814.54,0
2025-05-25,2025-05-25 11:00:00,397.0,397.0,391.72,396.48,-0.13,1666.28,643241.29,-1
2025-05-25,2025-05-25 11:10:00,396.48,396.48,395.95,395.95,-0.13,1666.28,643241.29,-1
2025-05-25,2025-05-25 11:20:00,395.95,395.95,395.43,395.43,-0.13,1666.28,643241.29,-1
2025-05-25,2025-05-25 11:30:00,395.43,395.43,394.91,394.91,-0.13,1666.28,643241.29,-1
2025-05-25,2025-05-25 11:40:00,394.91,394.91,394.39,394.39,-0.13,1666.28,643241.29,-1
2025-05-25,2025-05-25 11:50:00,394.39,394.39,393.87,393.87,-0.13,1666.28,643241.29,-1
2025-05-25,2025-05-25 12:00:00,393.87,393.87,393.34,393.34,-0.13,1666.28,643241.29,-1
2025-05-25,2025-05-25 12:10:00,393.34,393.34,392.82,392.82,-0.13,1666.28,643241.29,-1
2025-05-25,2025-05-25 12:20:00,392.82,392.82,392.3,392.3,-0.13,1666.28,643241.29,-1
2025-05-25,2025-05-25 12:30:00,392.3,392.3,391.77,391.77,-0.14,1666.28,643241.29,-1
2025-05-25,2025-05-25 12:40:00,391.77,391.77,391.25,391.25,-0.13,1666.28,643241.29,-1
2025-05-25,2025-05-25 12:50:00,391.25,391.25,390.73,390.73,-0.13,1666.28,643241.29,-1
2025-05-25,2025-05-25 13:00:00,390.73,397.0,379.4,390.21,-0.13,1666.28,643241.29,-1
2025-05-25,2025-05-25 13:10:00,390.21,390.21,389.69,389.69,-0.13,1666.28,643241.29,-1
2025-05-25,2025-05-25 13:20:00,389.69,389.69,389.16,389.16,-0.14,1666.28,643241.29,-1
2025-05-25,2025-05-25 13:30:00,389.16,389.16,388.64,388.64,-0.13,1666.28,643241.29,-1
2025-05-25,2025-05-25 13:40:00,388.64,388.64,388.12,388.12,-0.13,1666.28,643241.29,-1
2025-05-25,2025-05-25 13:50:00,388.12,388.12,387.59,387.59,-0.14,1666.28,643241.29,-1
2025-05-25,2025-05-25 14:00:00,387.59,387.59,387.07,387.07,-0.13,1666.28,643241.29,-1
2025-05-25,2025-05-25 14:10:00,387.07,387.07,386.55,386.55,-0.13,1666.28,643241.29,-1
2025-05-25,2025-05-25 14:20:00,386.55,386.55,386.03,386.03,-0.13,1666.28,643241.29,-1
2025-05-25,2025-05-25 14:30:00,386.03,386.03,385.5,385.5,-0.14,1666.28,643241.29,-1
2025-05-25,2025-05-25 14:40:00,385.5,385.5,384.98,384.98,-0.13,1666.28,643241.29,-1
2025-05-25,2025-05-25 14:50:00,384.98,384.98,384.46,384.46,-0.14,1666.28,643241.29,-1
2025-05-25,2025-05-25 15:00:00,384.46,397.0,379.4,384.46,0.0,1666.28,643241.29,0
2025-05-26,2025-05-26 11:00:00,392.1,396.81,388.56,391.78,-0.08,1421.24,549591.02,-1
2025-05-26,2025-05-26 11:10:00,391.78,391.78,391.47,391.47,-0.08,1421.24,549591.02,-1
2025-05-26,2025-05-26 11:20:00,391.47,391.47,391.15,391.15,-0.08,1421.24,549591.02,-1
2025-05-26,2025-05-26 11:30:00,391.15,391.15,390.83,390.83,-0.08,1421.24,549591.02,-1
2025-05-26,2025-05-26 11:40:00,390.83,390.83,390.52,390.52,-0.08,1421.24,549591.02,-1
2025-05-26,2025-05-26 11:50:00,390.52,390.52,390.2,390.2,-0.08,1421.24,549591.02,-1
2025-05-26,2025-05-26 12:00:00,390.2,390.2,389.88,389.88,-0.08,1421.24,549591.02,-1
2025-05-26,2025-05-26 12:10:00,389.88,389.88,389.57,389.57,-0.08,1421.24,549591.02,-1
2025-05-26,2025-05-26 12:20:00,389.57,389.57,389.25,389.25,-0.08,1421.24,549591.02,-1
2025-05-26,2025-05-26 12:30:00,389.25,389.25,388.93,388.93,-0.08,1421.24,549591.02,-1
2025-05-26,2025-05-26 12:40:00,388.93,388.93,388.62,388.62,-0.08,1421.24,549591.02,-1
2025-05-26,2025-05-26 12:50:00,388.62,388.62,388.3,388.3,-0.08,1421.24,549591.02,-1
2025-05-26,2025-05-26 13:00:00,388.3,407.8,380.3,387.98,-0.08,1421.24,549591.02,-1
2025-05-26,2025-05-26 13:10:00,387.98,387.98,387.67,387.67,-0.08,1421.24,549591.02,-1
2025-05-26,2025-05-26 13:20:00,387.67,387.67,387.35,387.35,-0.08,1421.24,549591.02,-1
2025-05-26,2025-05-26 13:30:00,387.35,387.35,387.03,387.03,-0.08,1421.24,549591.02,-1
2025-05-26,2025-05-26 13:40:00,387.03,387.03,386.72,386.72,-0.08,1421.24,549591.02,-1
2025-05-26,2025-05-26 13:50:00,386.72,386.72,386.4,386.4,-0.08,1421.24,549591.02,-1
2025-05-26,2025-05-26 14:00:00,386.4,386.4,386.08,386.08,-0.08,1421.24,549591.02,-1
2025-05-26,2025-05-26 14:10:00,386.08,386.08,385.77,385.77,-0.08,1421.24,549591.02,-1
2025-05-26,2025-05-26 14:20:00,385.77,385.77,385.45,385.45,-0.08,1421.24,549591.02,-1
2025-05-26,2025-05-26 14:30:00,385.45,385.45,385.13,385.13,-0.08,1421.24,549591.02,-1
2025-05-26,2025-05-26 14:40:00,385.13,385.13,384.82,384.82,-0.08,1421.24,549591.02,-1
2025-05-26,2025-05-26 14:50:00,384.82,384.82,384.5,384.5,-0.08,1421.24,549591.02,-1
2025-05-26,2025-05-26 15:00:00,384.5,407.8,380.3,384.5,0.0,1421.24,549591.02,0
2025-05-27,2025-05-27 11:00:00,392.1,392.1,387.48,391.86,-0.06,1168.0,447889.31,-1
2025-05-27,2025-05-27 11:10:00,391.86,391.86,391.62,391.62,-0.06,1168.0,447889.31,-1
2025-05-27,2025-05-27 11:20:00,391.62,391.62,391.38,391.38,-0.06,1168.0,447889.31,-1
2025-05-27,2025-05-27 11:30:00,391.38,391.38,391.13,391.13,-0.06,1168.0,447889.31,-1
2025-05-27,2025-05-27 11:40:00,391.13,391.13,390.89,390.89,-0.06,1168.0,447889.31,-1
2025-05-27,2025-05-27 11:50:00,390.89,390.89,390.65,390.65,-0.06,1168.0,447889.31,-1
2025-05-27,2025-05-27 12:00:00,390.65,390.65,390.41,390.41,-0.06,1168.0,447889.31,-1
2025-05-27,2025-05-27 12:10:00,390.41,390.41,390.17,390.17,-0.06,1168.0,447889.31,-1
2025-05-27,2025-05-27 12:20:00,390.17,390.17,389.93,389.93,-0.06,1168.0,447889.31,-1
2025-05-27,2025-05-27 12:30:00,389.93,389.93,389.68,389.68,-0.06,1168.0,447889.31,-1
2025-05-27,2025-05-27 12:40:00,389.68,389.68,389.44,389.44,-0.06,1168.0,447889.31,-1
2025-05-27,2025-05-27 12:50:00,389.44,389.44,389.2,389.2,-0.06,1168.0,447889.31,-1
2025-05-27,2025-05-27 13:00:00,389.2,392.1,376.7,388.96,-0.06,1168.0,447889.31,-1
2025-05-27,2025-05-27 13:10:00,388.96,388.96,388.72,388.72,-0.06,1168.0,447889.31,-1
2025-05-27,2025-05-27 13:20:00,388.72,388.72,388.48,388.48,-0.06,1168.0,447889.31,-1
2025-05-27,2025-05-27 13:30:00,388.48,388.48,388.23,388.23,-0.06,1168.0,447889.31,-1
2025-05-27,2025-05-27 13:40:00,388.23,388.23,387.99,387.99,-0.06,1168.0,447889.31,-1
2025-05-27,2025-05-27 13:50:00,387.99,387.99,387.75,387.75,-0.06,1168.0,447889.31,-1
2025-05-27,2025-05-27 14:00:00,387.75,387.75,387.51,387.51,-0.06,1168.0,447889.31,-1
2025-05-27,2025-05-27 14:10:00,387.51,387.51,387.27,387.27,-0.06,1168.0,447889.31,-1
2025-05-27,2025-05-27 14:20:00,387.27,387.27,387.03,387.03,-0.06,1168.0,447889.31,-1
2025-05-27,2025-05-27 14:30:00,387.03,387.03,386.78,386.78,-0.06,1168.0,447889.31,-1
2025-05-27,2025-05-27 14:40:00,386.78,386.78,386.54,386.54,-0.06,1168.0,447889.31,-1
2025-05-27,2025-05-27 14:50:00,386.54,386.54,386.3,386.3,-0.06,1168.0,447889.31,-1
2025-05-27,2025-05-27 15:00:00,386.3,392.1,376.7,386.3,0.0,1168.0,447889.31,0
2025-05-28,2025-05-28 11:00:00,393.9,395.73,390.18,393.87,-0.01,1780.56,700109.56,-1
2025-05-28,2025-05-28 11:10:00,393.87,393.87,393.85,393.85,-0.01,1780.56,700109.56,-1
2025-05-28,2025-05-28 11:20:00,393.85,393.85,393.82,393.82,-0.01,1780.56,700109.56,-1
2025-05-28,2025-05-28 11:30:00,393.82,393.82,393.79,393.79,-0.01,1780.56,700109.56,-1
2025-05-28,2025-05-28 11:40:00,393.79,393.79,393.77,393.77,-0.01,1780.56,700109.56,-1
2025-05-28,2025-05-28 11:50:00,393.77,393.77,393.74,393.74,-0.01,1780.56,700109.56,-1
2025-05-28,2025-05-28 12:00:00,393.74,393.74,393.71,393.71,-0.01,1780.56,700109.56,-1
2025-05-28,2025-05-28 12:10:00,393.71,393.71,393.69,393.69,-0.01,1780.56,700109.56,-1
2025-05-28,2025-05-28 12:20:00,393.69,393.69,393.66,393.66,-0.01,1780.56,700109.56,-1
2025-05-28,2025-05-28 12:30:00,393.66,393.66,393.63,393.63,-0.01,1780.56,700109.56,-1
2025-05-28,2025-05-28 12:40:00,393.63,393.63,393.61,393.61,-0.01,1780.56,700109.56,-1
2025-05-28,2025-05-28 12:50:00,393.61,393.61,393.58,393.58,-0.01,1780.56,700109.56,-1
2025-05-28,2025-05-28 13:00:00,393.58,400.0,381.5,393.55,-0.01,1780.56,700109.56,-1
2025-05-28,2025-05-28 13:10:00,393.55,393.55,393.53,393.53,-0.01,1780.56,700109.56,-1
2025-05-28,2025-05-28 13:20:00,393.53,393.53,393.5,393.5,-0.01,1780.56,700109.56,-1
2025-05-28,2025-05-28 13:30:00,393.5,393.5,393.47,393.47,-0.01,1780.56,700109.56,-1
2025-05-28,2025-05-28 13:40:00,393.47,393.47,393.45,393.45,-0.01,1780.56,700109.56,-1
2025-05-28,2025-05-28 13:50:00,393.45,393.45,393.42,393.42,-0.01,1780.56,700109.56,-1
2025-05-28,2025-05-28 14:00:00,393.42,393.42,393.39,393.39,-0.01,1780.56,700109.56,-1
2025-05-28,2025-05-28 14:10:00,393.39,393.39,393.37,393.37,-0.01,1780.56,700109.56,-1
2025-05-28,2025-05-28 14:20:00,393.37,393.37,393.34,393.34,-0.01,1780.56,700109.56,-1
2025-05-28,2025-05-28 14:30:00,393.34,393.34,393.31,393.31,-0.01,1780.56,700109.56,-1
2025-05-28,2025-05-28 14:40:00,393.31,393.31,393.29,393.29,-0.01,1780.56,700109.56,-1
2025-05-28,2025-05-28 14:50:00,393.29,393.29,393.26,393.26,-0.01,1780.56,700109.56,-1
2025-05-28,2025-05-28 15:00:00,393.26,400.0,381.5,393.26,0.0,1780.56,700109.56,0
2025-06-02,2025-06-02 11:00:00,401.0,401.3,397.7,400.65,-0.09,1859.6,738681.63,-1
2025-06-02,2025-06-02 11:10:00,400.65,400.65,400.3,400.3,-0.09,1859.6,738681.63,-1
2025-06-02,2025-06-02 11:20:00,400.3,400.3,399.95,399.95,-0.09,1859.6,738681.63,-1
2025-06-02,2025-06-02 11:30:00,399.95,399.95,399.6,399.6,-0.09,1859.6,738681.63,-1
2025-06-02,2025-06-02 11:40:00,399.6,399.6,399.24,399.24,-0.09,1859.6,738681.63,-1
2025-06-02,2025-06-02 11:50:00,399.24,399.24,398.89,398.89,-0.09,1859.6,738681.63,-1
2025-06-02,2025-06-02 12:00:00,398.89,398.89,398.54,398.54,-0.09,1859.6,738681.63,-1
2025-06-02,2025-06-02 12:10:00,398.54,398.54,398.19,398.19,-0.09,1859.6,738681.63,-1
2025-06-02,2025-06-02 12:20:00,398.19,398.19,397.84,397.84,-0.09,1859.6,738681.63,-1
2025-06-02,2025-06-02 12:30:00,397.84,397.84,397.49,397.49,-0.09,1859.6,738681.63,-1
2025-06-02,2025-06-02 12:40:00,397.49,397.49,397.14,397.14,-0.09,1859.6,738681.63,-1
2025-06-02,2025-06-02 12:50:00,397.14,397.14,396.78,396.78,-0.09,1859.6,738681.63,-1
2025-06-02,2025-06-02 13:00:00,396.78,402.0,390.0,396.43,-0.09,1859.6,738681.63,-1
2025-06-02,2025-06-02 13:10:00,396.43,396.43,396.08,396.08,-0.09,1859.6,738681.63,-1
2025-06-02,2025-06-02 13:20:00,396.08,396.08,395.73,395.73,-0.09,1859.6,738681.63,-1
2025-06-02,2025-06-02 13:30:00,395.73,395.73,395.38,395.38,-0.09,1859.6,738681.63,-1
2025-06-02,2025-06-02 13:40:00,395.38,395.38,395.03,395.03,-0.09,1859.6,738681.63,-1
2025-06-02,2025-06-02 13:50:00,395.03,395.03,394.68,394.68,-0.09,1859.6,738681.63,-1
2025-06-02,2025-06-02 14:00:00,394.68,394.68,394.33,394.33,-0.09,1859.6,738681.63,-1
2025-06-02,2025-06-02 14:10:00,394.33,394.33,393.98,393.98,-0.09,1859.6,738681.63,-1
2025-06-02,2025-06-02 14:20:00,393.98,393.98,393.62,393.62,-0.09,1859.6,738681.63,-1
2025-06-02,2025-06-02 14:30:00,393.62,393.62,393.27,393.27,-0.09,1859.6,738681.63,-1
2025-06-02,2025-06-02 14:40:00,393.27,393.27,392.92,392.92,-0.09,1859.6,738681.63,-1
2025-06-02,2025-06-02 14:50:00,392.92,392.92,392.57,392.57,-0.09,1859.6,738681.63,-1
2025-06-02,2025-06-02 15:00:00,392.57,402.0,390.0,392.57,0.0,1859.6,738681.63,0
2025-06-03,2025-06-03 11:00:00,390.0,392.67,388.8,389.93,-0.02,1250.64,489390.01,-1
2025-06-03,2025-06-03 11:10:00,389.93,389.93,389.86,389.86,-0.02,1250.64,489390.01,-1
2025-06-03,2025-06-03 11:20:00,389.86,389.86,389.8,389.8,-0.02,1250.64,489390.01,-1
2025-06-03,2025-06-03 11:30:00,389.8,389.8,389.73,389.73,-0.02,1250.64,489390.01,-1
2025-06-03,2025-06-03 11:40:00,389.73,389.73,389.66,389.66,-0.02,1250.64,489390.01,-1
2025-06-03,2025-06-03 11:50:00,389.66,389.66,389.59,389.59,-0.02,1250.64,489390.01,-1
2025-06-03,2025-06-03 12:00:00,389.59,389.59,389.52,389.52,-0.02,1250.64,489390.01,-1
2025-06-03,2025-06-03 12:10:00,389.52,389.52,389.46,389.46,-0.02,1250.64,489390.01,-1
2025-06-03,2025-06-03 12:20:00,389.46,389.46,389.39,389.39,-0.02,1250.64,489390.01,-1
2025-06-03,2025-06-03 12:30:00,389.39,389.39,389.32,389.32,-0.02,1250.64,489390.01,-1
2025-06-03,2025-06-03 12:40:00,389.32,389.32,389.25,389.25,-0.02,1250.64,489390.01,-1
2025-06-03,2025-06-03 12:50:00,389.25,389.25,389.19,389.19,-0.02,1250.64,489390.01,-1
2025-06-03,2025-06-03 13:00:00,389.19,398.9,386.0,389.12,-0.02,1250.64,489390.01,-1
2025-06-03,2025-06-03 13:10:00,389.12,389.12,389.05,389.05,-0.02,1250.64,489390.01,-1
2025-06-03,2025-06-03 13:20:00,389.05,389.05,388.98,388.98,-0.02,1250.64,489390.01,-1
2025-06-03,2025-06-03 13:30:00,388.98,388.98,388.91,388.91,-0.02,1250.64,489390.01,-1
2025-06-03,2025-06-03 13:40:00,388.91,388.91,388.85,388.85,-0.02,1250.64,489390.01,-1
2025-06-03,2025-06-03 13:50:00,388.85,388.85,388.78,388.78,-0.02,1250.64,489390.01,-1
2025-06-03,2025-06-03 14:00:00,388.78,388.78,388.71,388.71,-0.02,1250.64,489390.01,-1
2025-06-03,2025-06-03 14:10:00,388.71,388.71,388.64,388.64,-0.02,1250.64,489390.01,-1
2025-06-03,2025-06-03 14:20:00,388.64,388.64,388.57,388.57,-0.02,1250.64,489390.01,-1
2025-06-03,2025-06-03 14:30:00,388.57,388.57,388.51,388.51,-0.02,1250.64,489390.01,-1
2025-06-03,2025-06-03 14:40:00,388.51,388.51,388.44,388.44,-0.02,1250.64,489390.01,-1
2025-06-03,2025-06-03 14:50:00,388.44,388.44,388.37,388.37,-0.02,1250.64,489390.01,-1
2025-06-03,2025-06-03 15:00:00,388.37,398.9,386.0,388.37,0.0,1250.64,489390.01,0
2025-06-04,2025-06-04 11:00:00,396.0,396.0,392.55,395.62,-0.1,1282.08,495390.46,-1
2025-06-04,2025-06-04 11:10:00,395.62,395.62,395.24,395.24,-0.1,1282.08,495390.46,-1
2025-06-04,2025-06-04 11:20:00,395.24,395.24,394.86,394.86,-0.1,1282.08,495390.46,-1
2025-06-04,2025-06-04 11:30:00,394.86,394.86,394.47,394.47,-0.1,1282.08,495390.46,-1
2025-06-04,2025-06-04 11:40:00,394.47,394.47,394.09,394.09,-0.1,1282.08,495390.46,-1
2025-06-04,2025-06-04 11:50:00,394.09,394.09,393.71,393.71,-0.1,1282.08,495390.46,-1
2025-06-04,2025-06-04 12:00:00,393.71,393.71,393.33,393.33,-0.1,1282.08,495390.46,-1
2025-06-04,2025-06-04 12:10:00,393.33,393.33,392.95,392.95,-0.1,1282.08,495390.46,-1
2025-06-04,2025-06-04 12:20:00,392.95,392.95,392.56,392.56,-0.1,1282.08,495390.46,-1
2025-06-04,2025-06-04 12:30:00,392.56,392.56,392.18,392.18,-0.1,1282.08,495390.46,-1
2025-06-04,2025-06-04 12:40:00,392.18,392.18,391.8,391.8,-0.1,1282.08,495390.46,-1
2025-06-04,2025-06-04 12:50:00,391.8,391.8,391.42,391.42,-0.1,1282.08,495390.46,-1
2025-06-04,2025-06-04 13:00:00,391.42,396.0,384.5,391.04,-0.1,1282.08,495390.46,-1
2025-06-04,2025-06-04 13:10:00,391.04,391.04,390.66,390.66,-0.1,1282.08,495390.46,-1
2025-06-04,2025-06-04 13:20:00,390.66,390.66,390.27,390.27,-0.1,1282.08,495390.46,-1
2025-06-04,2025-06-04 13:30:00,390.27,390.27,389.89,389.89,-0.1,1282.08,495390.46,-1
2025-06-04,2025-06-04 13:40:00,389.89,389.89,389.51,389.51,-0.1,1282.08,495390.46,-1
2025-06-04,2025-06-04 13:50:00,389.51,389.51,389.13,389.13,-0.1,1282.08,495390.46,-1
2025-06-04,2025-06-04 14:00:00,389.13,389.13,388.75,388.75,-0.1,1282.08,495390.46,-1
2025-06-04,2025-06-04 14:10:00,388.75,388.75,388.37,388.37,-0.1,1282.08,495390.46,-1
2025-06-04,2025-06-04 14:20:00,388.37,388.37,387.98,387.98,-0.1,1282.08,495390.46,-1
2025-06-04,2025-06-04 14:30:00,387.98,387.98,387.6,387.6,-0.1,1282.08,495390.46,-1
2025-06-04,2025-06-04 14:40:00,387.6,387.6,387.22,387.22,-0.1,1282.08,495390.46,-1
2025-06-04,2025-06-04 14:50:00,387.22,387.22,386.84,386.84,-0.1,1282.08,495390.46,-1
2025-06-04,2025-06-04 15:00:00,386.84,396.0,384.5,386.84,0.0,1282.08,495390.46,0
2025-06-05,2025-06-05 11:00:00,384.0,386.4,383.28,383.96,-0.01,1591.12,613276.85,-1
2025-06-05,2025-06-05 11:10:00,383.96,383.96,383.92,383.92,-0.01,1591.12,613276.85,-1
2025-06-05,2025-06-05 11:20:00,383.92,383.92,383.88,383.88,-0.01,1591.12,613276.85,-1
2025-06-05,2025-06-05 11:30:00,383.88,383.88,383.85,383.85,-0.01,1591.12,613276.85,-1
2025-06-05,2025-06-05 11:40:00,383.85,383.85,383.81,383.81,-0.01,1591.12,613276.85,-1
2025-06-05,2025-06-05 11:50:00,383.81,383.81,383.77,383.77,-0.01,1591.12,613276.85,-1
2025-06-05,2025-06-05 12:00:00,383.77,383.77,383.73,383.73,-0.01,1591.12,613276.85,-1
2025-06-05,2025-06-05 12:10:00,383.73,383.73,383.69,383.69,-0.01,1591.12,613276.85,-1
2025-06-05,2025-06-05 12:20:00,383.69,383.69,383.65,383.65,-0.01,1591.12,613276.85,-1
2025-06-05,2025-06-05 12:30:00,383.65,383.65,383.62,383.62,-0.01,1591.12,613276.85,-1
2025-06-05,2025-06-05 12:40:00,383.62,383.62,383.58,383.58,-0.01,1591.12,613276.85,-1
2025-06-05,2025-06-05 12:50:00,383.58,383.58,383.54,383.54,-0.01,1591.12,613276.85,-1
2025-06-05,2025-06-05 13:00:00,383.54,392.0,381.6,383.5,-0.01,1591.12,613276.85,-1
2025-06-05,2025-06-05 13:10:00,383.5,383.5,383.46,383.46,-0.01,1591.12,613276.85,-1
2025-06-05,2025-06-05 13:20:00,383.46,383.46,383.43,383.43,-0.01,1591.12,613276.85,-1
2025-06-05,2025-06-05 13:30:00,383.43,383.43,383.39,383.39,-0.01,1591.12,613276.85,-1
2025-06-05,2025-06-05 13:40:00,383.39,383.39,383.35,383.35,-0.01,1591.12,613276.85,-1
2025-06-05,2025-06-05 13:50:00,383.35,383.35,383.31,383.31,-0.01,1591.12,613276.85,-1
2025-06-05,2025-06-05 14:00:00,383.31,383.31,383.27,383.27,-0.01,1591.12,613276.85,-1
2025-06-05,2025-06-05 14:10:00,383.27,383.27,383.23,383.23,-0.01,1591.12,613276.85,-1
2025-06-05,2025-06-05 14:20:00,383.23,383.23,383.19,383.19,-0.01,1591.12,613276.85,-1
2025-06-05,2025-06-05 14:30:00,383.19,383.19,383.16,383.16,-0.01,1591.12,613276.85,-1
2025-06-05,2025-06-05 14:40:00,383.16,383.16,383.12,383.12,-0.01,1591.12,613276.85,-1
2025-06-05,2025-06-05 14:50:00,383.12,383.12,383.08,383.08,-0.01,1591.12,613276.85,-1
2025-06-05,2025-06-05 15:00:00,383.08,392.0,381.6,383.08,0.0,1591.12,613276.85,0
2025-06-08,2025-06-08 11:00:00,381.0,386.7,381.0,381.24,0.06,1443.72,564873.1,1
2025-06-08,2025-06-08 11:10:00,381.24,381.48,381.24,381.48,0.06,1443.72,564873.1,1
2025-06-08,2025-06-08 11:20:00,381.48,381.72,381.48,381.72,0.06,1443.72,564873.1,1
2025-06-08,2025-06-08 11:30:00,381.72,381.96,381.72,381.96,0.06,1443.72,564873.1,1
2025-06-08,2025-06-08 11:40:00,381.96,382.2,381.96,382.2,0.06,1443.72,564873.1,1
2025-06-08,2025-06-08 11:50:00,382.2,382.44,382.2,382.44,0.06,1443.72,564873.1,1
2025-06-08,2025-06-08 12:00:00,382.44,382.68,382.44,382.68,0.06,1443.72,564873.1,1
2025-06-08,2025-06-08 12:10:00,382.68,382.92,382.68,382.92,0.06,1443.72,564873.1,1
2025-06-08,2025-06-08 12:20:00,382.92,383.16,382.92,383.16,0.06,1443.72,564873.1,1
2025-06-08,2025-06-08 12:30:00,383.16,383.4,383.16,383.4,0.06,1443.72,564873.1,1
2025-06-08,2025-06-08 12:40:00,383.4,383.64,383.4,383.64,0.06,1443.72,564873.1,1
2025-06-08,2025-06-08 12:50:00,383.64,383.88,383.64,383.88,0.06,1443.72,564873.1,1
2025-06-08,2025-06-08 13:00:00,383.88,400.0,381.0,384.12,0.06,1443.72,564873.1,1
2025-06-08,2025-06-08 13:10:00,384.12,384.36,384.12,384.36,0.06,1443.72,564873.1,1
2025-06-08,2025-06-08 13:20:00,384.36,384.6,384.36,384.6,0.06,1443.72,564873.1,1
2025-06-08,2025-06-08 13:30:00,384.6,384.84,384.6,384.84,0.06,1443.72,564873.1,1
2025-06-08,2025-06-08 13:40:00,384.84,385.08,384.84,385.08,0.06,1443.72,564873.1,1
2025-06-08,2025-06-08 13:50:00,385.08,385.32,385.08,385.32,0.06,1443.72,564873.1,1
2025-06-08,2025-06-08 14:00:00,385.32,385.56,385.32,385.56,0.06,1443.72,564873.1,1
2025-06-08,2025-06-08 14:10:00,385.56,385.8,385.56,385.8,0.06,1443.72,564873.1,1
2025-06-08,2025-06-08 14:20:00,385.8,386.04,385.8,386.04,0.06,1443.72,564873.1,1
2025-06-08,2025-06-08 14:30:00,386.04,386.28,386.04,386.28,0.06,1443.72,564873.1,1
2025-06-08,2025-06-08 14:40:00,386.28,386.52,386.28,386.52,0.06,1443.72,564873.1,1
2025-06-08,2025-06-08 14:50:00,386.52,386.76,386.52,386.76,0.06,1443.72,564873.1,1
2025-06-08,2025-06-08 15:00:00,386.76,400.0,381.0,386.76,0.0,1443.72,564873.1,0
2025-06-09,2025-06-09 11:00:00,390.0,392.7,390.0,390.23,0.06,1433.64,564130.66,1
2025-06-09,2025-06-09 11:10:00,390.23,390.45,390.23,390.45,0.06,1433.64,564130.66,1
2025-06-09,2025-06-09 11:20:00,390.45,390.68,390.45,390.68,0.06,1433.64,564130.66,1
2025-06-09,2025-06-09 11:30:00,390.68,390.91,390.68,390.91,0.06,1433.64,564130.66,1
2025-06-09,2025-06-09 11:40:00,390.91,391.13,390.91,391.13,0.06,1433.64,564130.66,1
2025-06-09,2025-06-09 11:50:00,391.13,391.36,391.13,391.36,0.06,1433.64,564130.66,1
2025-06-09,2025-06-09 12:00:00,391.36,391.59,391.36,391.59,0.06,1433.64,564130.66,1
2025-06-09,2025-06-09 12:10:00,391.59,391.81,391.59,391.81,0.06,1433.64,564130.66,1
2025-06-09,2025-06-09 12:20:00,391.81,392.04,391.81,392.04,0.06,1433.64,564130.66,1
2025-06-09,2025-06-09 12:30:00,392.04,392.27,392.04,392.27,0.06,1433.64,564130.66,1
2025-06-09,2025-06-09 12:40:00,392.27,392.49,392.27,392.49,0.06,1433.64,564130.66,1
2025-06-09,2025-06-09 12:50:00,392.49,392.72,392.49,392.72,0.06,1433.64,564130.66,1
2025-06-09,2025-06-09 13:00:00,392.72,399.0,390.0,392.95,0.06,1433.64,564130.66,1
2025-06-09,2025-06-09 13:10:00,392.95,393.17,392.95,393.17,0.06,1433.64,564130.66,1
2025-06-09,2025-06-09 13:20:00,393.17,393.4,393.17,393.4,0.06,1433.64,564130.66,1
2025-06-09,2025-06-09 13:30:00,393.4,393.63,393.4,393.63,0.06,1433.64,564130.66,1
2025-06-09,2025-06-09 13:40:00,393.63,393.85,393.63,393.85,0.06,1433.64,564130.66,1
2025-06-09,2025-06-09 13:50:00,393.85,394.08,393.85,394.08,0.06,1433.64,564130.66,1
2025-06-09,2025-06-09 14:00:00,394.08,394.31,394.08,394.31,0.06,1433.64,564130.66,1
2025-06-09,2025-06-09 14:10:00,394.31,394.53,394.31,394.53,0.06,1433.64,564130.66,1
2025-06-09,2025-06-09 14:20:00,394.53,394.76,394.53,394.76,0.06,1433.64,564130.66,1
2025-06-09,2025-06-09 14:30:00,394.76,394.99,394.76,394.99,0.06,1433.64,564130.66,1
2025-06-09,2025-06-09 14:40:00,394.99,395.21,394.99,395.21,0.06,1433.64,564130.66,1
2025-06-09,2025-06-09 14:50:00,395.21,395.44,395.21,395.44,0.06,1433.64,564130.66,1
2025-06-09,2025-06-09 15:00:00,395.44,399.0,390.0,395.44,0.0,1433.64,564130.66,0
2025-06-10,2025-06-10 11:00:00,403.3,412.21,403.3,403.94,0.16,5876.96,2473664.74,1
2025-06-10,2025-06-10 11:10:00,403.94,404.58,403.94,404.58,0.16,5876.96,2473664.74,1
2025-06-10,2025-06-10 11:20:00,404.58,405.22,404.58,405.22,0.16,5876.96,2473664.74,1
2025-06-10,2025-06-10 11:30:00,405.22,405.86,405.22,405.86,0.16,5876.96,2473664.74,1
2025-06-10,2025-06-10 11:40:00,405.86,406.5,405.86,406.5,0.16,5876.96,2473664.74,1
2025-06-10,2025-06-10 11:50:00,406.5,407.14,406.5,407.14,0.16,5876.96,2473664.74,1
2025-06-10,2025-06-10 12:00:00,407.14,407.78,407.14,407.78,0.16,5876.96,2473664.74,1
2025-06-10,2025-06-10 12:10:00,407.78,408.42,407.78,408.42,0.16,5876.96,2473664.74,1
2025-06-10,2025-06-10 12:20:00,408.42,409.06,408.42,409.06,0.16,5876.96,2473664.74,1
2025-06-10,2025-06-10 12:30:00,409.06,409.7,409.06,409.7,0.16,5876.96,2473664.74,1
2025-06-10,2025-06-10 12:40:00,409.7,410.34,409.7,410.34,0.16,5876.96,2473664.74,1
2025-06-10,2025-06-10 12:50:00,410.34,410.98,410.34,410.98,0.16,5876.96,2473664.74,1
2025-06-10,2025-06-10 13:00:00,410.98,433.0,403.3,411.61,0.15,5876.96,2473664.74,1
2025-06-10,2025-06-10 13:10:00,411.61,412.25,411.61,412.25,0.16,5876.96,2473664.74,1
2025-06-10,2025-06-10 13:20:00,412.25,412.89,412.25,412.89,0.16,5876.96,2473664.74,1
2025-06-10,2025-06-10 13:30:00,412.89,413.53,412.89,413.53,0.16,5876.96,2473664.74,1
2025-06-10,2025-06-10 13:40:00,413.53,414.17,413.53,414.17,0.15,5876.96,2473664.74,1
2025-06-10,2025-06-10 13:50:00,414.17,414.81,414.17,414.81,0.15,5876.96,2473664.74,1
2025-06-10,2025-06-10 14:00:00,414.81,415.45,414.81,415.45,0.15,5876.96,2473664.74,1
2025-06-10,2025-06-10 14:10:00,415.45,416.09,415.45,416.09,0.15,5876.96,2473664.74,1
2025-06-10,2025-06-10 14:20:00,416.09,416.73,416.09,416.73,0.15,5876.96,2473664.74,1
2025-06-10,2025-06-10 14:30:00,416.73,417.37,416.73,417.37,0.15,5876.96,2473664.74,1
2025-06-10,2025-06-10 14:40:00,417.37,418.01,417.37,418.01,0.15,5876.96,2473664.74,1
2025-06-10,2025-06-10 14:50:00,418.01,418.65,418.01,418.65,0.15,5876.96,2473664.74,1
2025-06-10,2025-06-10 15:00:00,418.65,433.0,403.3,418.65,0.0,5876.96,2473664.74,0
2025-06-11,2025-06-11 11:00:00,425.0,425.0,419.0,424.42,-0.14,3054.68,1254449.55,-1
2025-06-11,2025-06-11 11:10:00,424.42,424.42,423.83,423.83,-0.14,3054.68,1254449.55,-1
2025-06-11,2025-06-11 11:20:00,423.83,423.83,423.25,423.25,-0.14,3054.68,1254449.55,-1
2025-06-11,2025-06-11 11:30:00,423.25,423.25,422.67,422.67,-0.14,3054.68,1254449.55,-1
2025-06-11,2025-06-11 11:40:00,422.67,422.67,422.08,422.08,-0.14,3054.68,1254449.55,-1
2025-06-11,2025-06-11 11:50:00,422.08,422.08,421.5,421.5,-0.14,3054.68,1254449.55,-1
2025-06-11,2025-06-11 12:00:00,421.5,421.5,420.92,420.92,-0.14,3054.68,1254449.55,-1
2025-06-11,2025-06-11 12:10:00,420.92,420.92,420.33,420.33,-0.14,3054.68,1254449.55,-1
2025-06-11,2025-06-11 12:20:00,420.33,420.33,419.75,419.75,-0.14,3054.68,1254449.55,-1
2025-06-11,2025-06-11 12:30:00,419.75,419.75,419.17,419.17,-0.14,3054.68,1254449.55,-1
2025-06-11,2025-06-11 12:40:00,419.17,419.17,418.58,418.58,-0.14,3054.68,1254449.55,-1
2025-06-11,2025-06-11 12:50:00,418.58,418.58,418.0,418.0,-0.14,3054.68,1254449.55,-1
2025-06-11,2025-06-11 13:00:00,418.0,425.0,405.0,417.42,-0.14,3054.68,1254449.55,-1
2025-06-11,2025-06-11 13:10:00,417.42,417.42,416.83,416.83,-0.14,3054.68,1254449.55,-1
2025-06-11,2025-06-11 13:20:00,416.83,416.83,416.25,416.25,-0.14,3054.68,1254449.55,-1
2025-06-11,2025-06-11 13:30:00,416.25,416.25,415.67,415.67,-0.14,3054.68,1254449.55,-1
2025-06-11,2025-06-11 13:40:00,415.67,415.67,415.08,415.08,-0.14,3054.68,1254449.55,-1
2025-06-11,2025-06-11 13:50:00,415.08,415.08,414.5,414.5,-0.14,3054.68,1254449.55,-1
2025-06-11,2025-06-11 14:00:00,414.5,414.5,413.92,413.92,-0.14,3054.68,1254449.55,-1
2025-06-11,2025-06-11 14:10:00,413.92,413.92,413.33,413.33,-0.14,3054.68,1254449.55,-1
2025-06-11,2025-06-11 14:20:00,413.33,413.33,412.75,412.75,-0.14,3054.68,1254449.55,-1
2025-06-11,2025-06-11 14:30:00,412.75,412.75,412.17,412.17,-0.14,3054.68,1254449.55,-1
2025-06-11,2025-06-11 14:40:00,412.17,412.17,411.58,411.58,-0.14,3054.68,1254449.55,-1
2025-06-11,2025-06-11 14:50:00,411.58,411.58,411.0,411.0,-0.14,3054.68,1254449.55,-1
2025-06-11,2025-06-11 15:00:00,411.0,425.0,405.0,411.0,0.0,3054.68,1254449.55,0
2025-06-12,2025-06-12 11:00:00,403.3,411.01,403.3,403.54,0.06,3491.88,1438233.19,1
2025-06-12,2025-06-12 11:10:00,403.54,403.78,403.54,403.78,0.06,3491.88,1438233.19,1
2025-06-12,2025-06-12 11:20:00,403.78,404.03,403.78,404.03,0.06,3491.88,1438233.19,1
2025-06-12,2025-06-12 11:30:00,404.03,404.27,404.03,404.27,0.06,3491.88,1438233.19,1
2025-06-12,2025-06-12 11:40:00,404.27,404.51,404.27,404.51,0.06,3491.88,1438233.19,1
2025-06-12,2025-06-12 11:50:00,404.51,404.75,404.51,404.75,0.06,3491.88,1438233.19,1
2025-06-12,2025-06-12 12:00:00,404.75,404.99,404.75,404.99,0.06,3491.88,1438233.19,1
2025-06-12,2025-06-12 12:10:00,404.99,405.23,404.99,405.23,0.06,3491.88,1438233.19,1
2025-06-12,2025-06-12 12:20:00,405.23,405.48,405.23,405.48,0.06,3491.88,1438233.19,1
2025-06-12,2025-06-12 12:30:00,405.48,405.72,405.48,405.72,0.06,3491.88,1438233.19,1
2025-06-12,2025-06-12 12:40:00,405.72,405.96,405.72,405.96,0.06,3491.88,1438233.19,1
2025-06-12,2025-06-12 12:50:00,405.96,406.2,405.96,406.2,0.06,3491.88,1438233.19,1
2025-06-12,2025-06-12 13:00:00,406.2,429.0,403.3,406.44,0.06,3491.88,1438233.19,1
2025-06-12,2025-06-12 13:10:00,406.44,406.68,406.44,406.68,0.06,3491.88,1438233.19,1
2025-06-12,2025-06-12 13:20:00,406.68,406.93,406.68,406.93,0.06,3491.88,1438233.19,1
2025-06-12,2025-06-12 13:30:00,406.93,407.17,406.93,407.17,0.06,3491.88,1438233.19,1
2025-06-12,2025-06-12 13:40:00,407.17,407.41,407.17,407.41,0.06,3491.88,1438233.19,1
2025-06-12,2025-06-12 13:50:00,407.41,407.65,407.41,407.65,0.06,3491.88,1438233.19,1
2025-06-12,2025-06-12 14:00:00,407.65,407.89,407.65,407.89,0.06,3491.88,1438233.19,1
2025-06-12,2025-06-12 14:10:00,407.89,408.13,407.89,408.13,0.06,3491.88,1438233.19,1
2025-06-12,2025-06-12 14:20:00,408.13,408.38,408.13,408.38,0.06,3491.88,1438233.19,1
2025-06-12,2025-06-12 14:30:00,408.38,408.62,408.38,408.62,0.06,3491.88,1438233.19,1
2025-06-12,2025-06-12 14:40:00,408.62,408.86,408.62,408.86,0.06,3491.88,1438233.19,1
2025-06-12,2025-06-12 14:50:00,408.86,409.1,408.86,409.1,0.06,3491.88,1438233.19,1
2025-06-12,2025-06-12 15:00:00,409.1,429.0,403.3,409.1,0.0,3491.88,1438233.19,0
2025-06-15,2025-06-15 11:00:00,413.0,416.3,411.8,412.88,-0.03,3826.2,1583571.01,-1
2025-06-15,2025-06-15 11:10:00,412.88,412.88,412.76,412.76,-0.03,3826.2,1583571.01,-1
2025-06-15,2025-06-15 11:20:00,412.76,412.76,412.64,412.64,-0.03,3826.2,1583571.01,-1
2025-06-15,2025-06-15 11:30:00,412.64,412.64,412.52,412.52,-0.03,3826.2,1583571.01,-1
2025-06-15,2025-06-15 11:40:00,412.52,412.52,412.4,412.4,-0.03,3826.2,1583571.01,-1
2025-06-15,2025-06-15 11:50:00,412.4,412.4,412.28,412.28,-0.03,3826.2,1583571.01,-1
2025-06-15,2025-06-15 12:00:00,412.28,412.28,412.16,412.16,-0.03,3826.2,1583571.01,-1
2025-06-15,2025-06-15 12:10:00,412.16,412.16,412.04,412.04,-0.03,3826.2,1583571.01,-1
2025-06-15,2025-06-15 12:20:00,412.04,412.04,411.92,411.92,-0.03,3826.2,1583571.01,-1
2025-06-15,2025-06-15 12:30:00,411.92,411.92,411.8,411.8,-0.03,3826.2,1583571.01,-1
2025-06-15,2025-06-15 12:40:00,411.8,411.8,411.68,411.68,-0.03,3826.2,1583571.01,-1
2025-06-15,2025-06-15 12:50:00,411.68,411.68,411.56,411.56,-0.03,3826.2,1583571.01,-1
2025-06-15,2025-06-15 13:00:00,411.56,424.0,409.0,411.44,-0.03,3826.2,1583571.01,-1
2025-06-15,2025-06-15 13:10:00,411.44,411.44,411.32,411.32,-0.03,3826.2,1583571.01,-1
2025-06-15,2025-06-15 13:20:00,411.32,411.32,411.2,411.2,-0.03,3826.2,1583571.01,-1
2025-06-15,2025-06-15 13:30:00,411.2,411.2,411.08,411.08,-0.03,3826.2,1583571.01,-1
2025-06-15,2025-06-15 13:40:00,411.08,411.08,410.96,410.96,-0.03,3826.2,1583571.01,-1
2025-06-15,2025-06-15 13:50:00,410.96,410.96,410.84,410.84,-0.03,3826.2,1583571.01,-1
2025-06-15,2025-06-15 14:00:00,410.84,410.84,410.72,410.72,-0.03,3826.2,1583571.01,-1
2025-06-15,2025-06-15 14:10:00,410.72,410.72,410.6,410.6,-0.03,3826.2,1583571.01,-1
2025-06-15,2025-06-15 14:20:00,410.6,410.6,410.48,410.48,-0.03,3826.2,1583571.01,-1
2025-06-15,2025-06-15 14:30:00,410.48,410.48,410.36,410.36,-0.03,3826.2,1583571.01,-1
2025-06-15,2025-06-15 14:40:00,410.36,410.36,410.24,410.24,-0.03,3826.2,1583571.01,-1
2025-06-15,2025-06-15 14:50:00,410.24,410.24,410.12,410.12,-0.03,3826.2,1583571.01,-1
2025-06-15,2025-06-15 15:00:00,410.12,424.0,409.0,410.12,0.0,3826.2,1583571.01,0
2025-06-16,2025-06-16 11:00:00,418.3,418.3,415.51,417.96,-0.08,2598.16,1072172.92,-1
2025-06-16,2025-06-16 11:10:00,417.96,417.96,417.62,417.62,-0.08,2598.16,1072172.92,-1
2025-06-16,2025-06-16 11:20:00,417.62,417.62,417.27,417.27,-0.08,2598.16,1072172.92,-1
2025-06-16,2025-06-16 11:30:00,417.27,417.27,416.93,416.93,-0.08,2598.16,1072172.92,-1
2025-06-16,2025-06-16 11:40:00,416.93,416.93,416.59,416.59,-0.08,2598.16,1072172.92,-1
2025-06-16,2025-06-16 11:50:00,416.59,416.59,416.25,416.25,-0.08,2598.16,1072172.92,-1
2025-06-16,2025-06-16 12:00:00,416.25,416.25,415.91,415.91,-0.08,2598.16,1072172.92,-1
2025-06-16,2025-06-16 12:10:00,415.91,415.91,415.56,415.56,-0.08,2598.16,1072172.92,-1
2025-06-16,2025-06-16 12:20:00,415.56,415.56,415.22,415.22,-0.08,2598.16,1072172.92,-1
2025-06-16,2025-06-16 12:30:00,415.22,415.22,414.88,414.88,-0.08,2598.16,1072172.92,-1
2025-06-16,2025-06-16 12:40:00,414.88,414.88,414.54,414.54,-0.08,2598.16,1072172.92,-1
2025-06-16,2025-06-16 12:50:00,414.54,414.54,414.19,414.19,-0.08,2598.16,1072172.92,-1
2025-06-16,2025-06-16 13:00:00,414.19,418.3,409.0,413.85,-0.08,2598.16,1072172.92,-1
2025-06-16,2025-06-16 13:10:00,413.85,413.85,413.51,413.51,-0.08,2598.16,1072172.92,-1
2025-06-16,2025-06-16 13:20:00,413.51,413.51,413.17,413.17,-0.08,2598.16,1072172.92,-1
2025-06-16,2025-06-16 13:30:00,413.17,413.17,412.83,412.83,-0.08,2598.16,1072172.92,-1
2025-06-16,2025-06-16 13:40:00,412.83,412.83,412.48,412.48,-0.08,2598.16,1072172.92,-1
2025-06-16,2025-06-16 13:50:00,412.48,412.48,412.14,412.14,-0.08,2598.16,1072172.92,-1
2025-06-16,2025-06-16 14:00:00,412.14,412.14,411.8,411.8,-0.08,2598.16,1072172.92,-1
2025-06-16,2025-06-16 14:10:00,411.8,411.8,411.46,411.46,-0.08,2598.16,1072172.92,-1
2025-06-16,2025-06-16 14:20:00,411.46,411.46,411.12,411.12,-0.08,2598.16,1072172.92,-1
2025-06-16,2025-06-16 14:30:00,411.12,411.12,410.77,410.77,-0.09,2598.16,1072172.92,-1
2025-06-16,2025-06-16 14:40:00,410.77,410.77,410.43,410.43,-0.08,2598.16,1072172.92,-1
2025-06-16,2025-06-16 14:50:00,410.43,410.43,410.09,410.09,-0.08,2598.16,1072172.92,-1
2025-06-16,2025-06-16 15:00:00,410.09,418.3,409.0,410.09,0.0,2598.16,1072172.92,0
2025-06-17,2025-06-17 11:00:00,410.1,411.57,409.47,410.1,0.0,2367.64,973492.87,0
2025-06-17,2025-06-17 11:10:00,410.1,410.1,410.1,410.1,0.0,2367.64,973492.87,0
2025-06-17,2025-06-17 11:20:00,410.1,410.1,410.1,410.1,0.0,2367.64,973492.87,0
2025-06-17,2025-06-17 11:30:00,410.1,410.1,410.1,410.1,0.0,2367.64,973492.87,0
2025-06-17,2025-06-17 11:40:00,410.1,410.1,410.1,410.1,0.0,2367.64,973492.87,0
2025-06-17,2025-06-17 11:50:00,410.1,410.1,410.1,410.1,0.0,2367.64,973492.87,0
2025-06-17,2025-06-17 12:00:00,410.1,410.1,410.1,410.1,0.0,2367.64,973492.87,0
2025-06-17,2025-06-17 12:10:00,410.1,410.1,410.1,410.1,0.0,2367.64,973492.87,0
2025-06-17,2025-06-17 12:20:00,410.1,410.1,410.1,410.1,0.0,2367.64,973492.87,0
2025-06-17,2025-06-17 12:30:00,410.1,410.1,410.1,410.1,0.0,2367.64,973492.87,0
2025-06-17,2025-06-17 12:40:00,410.1,410.1,410.1,410.1,0.0,2367.64,973492.87,0
2025-06-17,2025-06-17 12:50:00,410.1,410.11,410.1,410.11,0.0,2367.64,973492.87,1
2025-06-17,2025-06-17 13:00:00,410.11,415.0,408.0,410.11,0.0,2367.64,973492.87,0
2025-06-17,2025-06-17 13:10:00,410.11,410.11,410.11,410.11,0.0,2367.64,973492.87,0
2025-06-17,2025-06-17 13:20:00,410.11,410.11,410.11,410.11,0.0,2367.64,973492.87,0
2025-06-17,2025-06-17 13:30:00,410.11,410.11,410.11,410.11,0.0,2367.64,973492.87,0
2025-06-17,2025-06-17 13:40:00,410.11,410.11,410.11,410.11,0.0,2367.64,973492.87,0
2025-06-17,2025-06-17 13:50:00,410.11,410.11,410.11,410.11,0.0,2367.64,973492.87,0
2025-06-17,2025-06-17 14:00:00,410.11,410.11,410.11,410.11,0.0,2367.64,973492.87,0
2025-06-17,2025-06-17 14:10:00,410.11,410.11,410.11,410.11,0.0,2367.64,973492.87,0
2025-06-17,2025-06-17 14:20:00,410.11,410.11,410.11,410.11,0.0,2367.64,973492.87,0
2025-06-17,2025-06-17 14:30:00,410.11,410.11,410.11,410.11,0.0,2367.64,973492.87,0
2025-06-17,2025-06-17 14:40:00,410.11,410.11,410.11,410.11,0.0,2367.64,973492.87,0
2025-06-17,2025-06-17 14:50:00,410.11,410.11,410.11,410.11,0.0,2367.64,973492.87,0
2025-06-17,2025-06-17 15:00:00,410.11,415.0,408.0,410.11,0.0,2367.64,973492.87,0
2025-06-18,2025-06-18 11:00:00,416.7,427.02,414.99,418.12,0.34,16131.96,7041514.56,1
2025-06-18,2025-06-18 11:10:00,418.12,419.54,418.12,419.54,0.34,16131.96,7041514.56,1
2025-06-18,2025-06-18 11:20:00,419.54,420.95,419.54,420.95,0.34,16131.96,7041514.56,1
2025-06-18,2025-06-18 11:30:00,420.95,422.37,420.95,422.37,0.34,16131.96,7041514.56,1
2025-06-18,2025-06-18 11:40:00,422.37,423.79,422.37,423.79,0.34,16131.96,7041514.56,1
2025-06-18,2025-06-18 11:50:00,423.79,425.21,423.79,425.21,0.34,16131.96,7041514.56,1
2025-06-18,2025-06-18 12:00:00,425.21,426.63,425.21,426.63,0.33,16131.96,7041514.56,1
2025-06-18,2025-06-18 12:10:00,426.63,428.04,426.63,428.04,0.33,16131.96,7041514.56,1
2025-06-18,2025-06-18 12:20:00,428.04,429.46,428.04,429.46,0.33,16131.96,7041514.56,1
2025-06-18,2025-06-18 12:30:00,429.46,430.88,429.46,430.88,0.33,16131.96,7041514.56,1
2025-06-18,2025-06-18 12:40:00,430.88,432.3,430.88,432.3,0.33,16131.96,7041514.56,1
2025-06-18,2025-06-18 12:50:00,432.3,433.72,432.3,433.72,0.33,16131.96,7041514.56,1
2025-06-18,2025-06-18 13:00:00,433.72,451.1,411.0,435.13,0.33,16131.96,7041514.56,1
2025-06-18,2025-06-18 13:10:00,435.13,436.55,435.13,436.55,0.33,16131.96,7041514.56,1
2025-06-18,2025-06-18 13:20:00,436.55,437.97,436.55,437.97,0.33,16131.96,7041514.56,1
2025-06-18,2025-06-18 13:30:00,437.97,439.39,437.97,439.39,0.32,16131.96,7041514.56,1
2025-06-18,2025-06-18 13:40:00,439.39,440.8,439.39,440.8,0.32,16131.96,7041514.56,1
2025-06-18,2025-06-18 13:50:00,440.8,442.22,440.8,442.22,0.32,16131.96,7041514.56,1
2025-06-18,2025-06-18 14:00:00,442.22,443.64,442.22,443.64,0.32,16131.96,7041514.56,1
2025-06-18,2025-06-18 14:10:00,443.64,445.06,443.64,445.06,0.32,16131.96,7041514.56,1
2025-06-18,2025-06-18 14:20:00,445.06,446.48,445.06,446.48,0.32,16131.96,7041514.56,1
2025-06-18,2025-06-18 14:30:00,446.48,447.89,446.48,447.89,0.32,16131.96,7041514.56,1
2025-06-18,2025-06-18 14:40:00,447.89,449.31,447.89,449.31,0.32,16131.96,7041514.56,1
2025-06-18,2025-06-18 14:50:00,449.31,450.73,449.31,450.73,0.32,16131.96,7041514.56,1
2025-06-18,2025-06-18 15:00:00,450.73,451.1,411.0,450.73,0.0,16131.96,7041514.56,0
2025-06-19,2025-06-19 11:00:00,459.7,467.89,454.69,459.63,-0.02,16825.48,7878132.89,-1
2025-06-19,2025-06-19 11:10:00,459.63,459.63,459.56,459.56,-0.02,16825.48,7878132.89,-1
2025-06-19,2025-06-19 11:20:00,459.56,459.56,459.49,459.49,-0.02,16825.48,7878132.89,-1
2025-06-19,2025-06-19 11:30:00,459.49,459.49,459.42,459.42,-0.02,16825.48,7878132.89,-1
2025-06-19,2025-06-19 11:40:00,459.42,459.42,459.35,459.35,-0.02,16825.48,7878132.89,-1
2025-06-19,2025-06-19 11:50:00,459.35,459.35,459.28,459.28,-0.02,16825.48,7878132.89,-1
2025-06-19,2025-06-19 12:00:00,459.28,459.28,459.21,459.21,-0.02,16825.48,7878132.89,-1
2025-06-19,2025-06-19 12:10:00,459.21,459.21,459.14,459.14,-0.02,16825.48,7878132.89,-1
2025-06-19,2025-06-19 12:20:00,459.14,459.14,459.07,459.07,-0.02,16825.48,7878132.89,-1
2025-06-19,2025-06-19 12:30:00,459.07,459.07,459.0,459.0,-0.02,16825.48,7878132.89,-1
2025-06-19,2025-06-19 12:40:00,459.0,459.0,458.93,458.93,-0.02,16825.48,7878132.89,-1
2025-06-19,2025-06-19 12:50:00,458.93,458.93,458.86,458.86,-0.02,16825.48,7878132.89,-1
2025-06-19,2025-06-19 13:00:00,458.86,487.0,443.0,458.79,-0.02,16825.48,7878132.89,-1
2025-06-19,2025-06-19 13:10:00,458.79,458.79,458.72,458.72,-0.02,16825.48,7878132.89,-1
2025-06-19,2025-06-19 13:20:00,458.72,458.72,458.65,458.65,-0.02,16825.48,7878132.89,-1
2025-06-19,2025-06-19 13:30:00,458.65,458.65,458.58,458.58,-0.02,16825.48,7878132.89,-1
2025-06-19,2025-06-19 13:40:00,458.58,458.58,458.51,458.51,-0.02,16825.48,7878132.89,-1
2025-06-19,2025-06-19 13:50:00,458.51,458.51,458.44,458.44,-0.02,16825.48,7878132.89,-1
2025-06-19,2025-06-19 14:00:00,458.44,458.44,458.37,458.37,-0.02,16825.48,7878132.89,-1
2025-06-19,2025-06-19 14:10:00,458.37,458.37,458.3,458.3,-0.02,16825.48,7878132.89,-1
2025-06-19,2025-06-19 14:20:00,458.3,458.3,458.23,458.23,-0.02,16825.48,7878132.89,-1
2025-06-19,2025-06-19 14:30:00,458.23,458.23,458.16,458.16,-0.02,16825.48,7878132.89,-1
2025-06-19,2025-06-19 14:40:00,458.16,458.16,458.09,458.09,-0.02,16825.48,7878132.89,-1
2025-06-19,2025-06-19 14:50:00,458.09,458.09,458.02,458.02,-0.02,16825.48,7878132.89,-1
2025-06-19,2025-06-19 15:00:00,458.02,487.0,443.0,458.02,0.0,16825.48,7878132.89,0
2025-06-22,2025-06-22 11:00:00,323.0,330.68,323.0,324.07,0.33,2447.48,852664.37,1
2025-06-22,2025-06-22 11:10:00,324.07,325.13,324.07,325.13,0.33,2447.48,852664.37,1
2025-06-22,2025-06-22 11:20:00,325.13,326.2,325.13,326.2,0.33,2447.48,852664.37,1
2025-06-22,2025-06-22 11:30:00,326.2,327.27,326.2,327.27,0.33,2447.48,852664.37,1
2025-06-22,2025-06-22 11:40:00,327.27,328.33,327.27,328.33,0.32,2447.48,852664.37,1
2025-06-22,2025-06-22 11:50:00,328.33,329.4,328.33,329.4,0.33,2447.48,852664.37,1
2025-06-22,2025-06-22 12:00:00,329.4,330.47,329.4,330.47,0.32,2447.48,852664.37,1
2025-06-22,2025-06-22 12:10:00,330.47,331.53,330.47,331.53,0.32,2447.48,852664.37,1
2025-06-22,2025-06-22 12:20:00,331.53,332.6,331.53,332.6,0.32,2447.48,852664.37,1
2025-06-22,2025-06-22 12:30:00,332.6,333.67,332.6,333.67,0.32,2447.48,852664.37,1
2025-06-22,2025-06-22 12:40:00,333.67,334.73,333.67,334.73,0.32,2447.48,852664.37,1
2025-06-22,2025-06-22 12:50:00,334.73,335.8,334.73,335.8,0.32,2447.48,852664.37,1
2025-06-22,2025-06-22 13:00:00,335.8,348.6,323.0,336.87,0.32,2447.48,852664.37,1
2025-06-22,2025-06-22 13:10:00,336.87,337.93,336.87,337.93,0.31,2447.48,852664.37,1
2025-06-22,2025-06-22 13:20:00,337.93,339.0,337.93,339.0,0.32,2447.48,852664.37,1
2025-06-22,2025-06-22 13:30:00,339.0,340.07,339.0,340.07,0.32,2447.48,852664.37,1
2025-06-22,2025-06-22 13:40:00,340.07,341.13,340.07,341.13,0.31,2447.48,852664.37,1
2025-06-22,2025-06-22 13:50:00,341.13,342.2,341.13,342.2,0.31,2447.48,852664.37,1
2025-06-22,2025-06-22 14:00:00,342.2,343.27,342.2,343.27,0.31,2447.48,852664.37,1
2025-06-22,2025-06-22 14:10:00,343.27,344.33,343.27,344.33,0.31,2447.48,852664.37,1
2025-06-22,2025-06-22 14:20:00,344.33,345.4,344.33,345.4,0.31,2447.48,852664.37,1
2025-06-22,2025-06-22 14:30:00,345.4,346.47,345.4,346.47,0.31,2447.48,852664.37,1
2025-06-22,2025-06-22 14:40:00,346.47,347.53,346.47,347.53,0.31,2447.48,852664.37,1
2025-06-22,2025-06-22 14:50:00,347.53,348.6,347.53,348.6,0.31,2447.48,852664.37,1
2025-06-22,2025-06-22 15:00:00,348.6,348.6,323.0,348.6,0.0,2447.48,852664.37,0
2025-06-23,2025-06-23 11:00:00,355.5,363.87,350.55,356.66,0.33,17382.88,6451663.99,1
2025-06-23,2025-06-23 11:10:00,356.66,357.82,356.66,357.82,0.33,17382.88,6451663.99,1
2025-06-23,2025-06-23 11:20:00,357.82,358.99,357.82,358.99,0.33,17382.88,6451663.99,1
2025-06-23,2025-06-23 11:30:00,358.99,360.15,358.99,360.15,0.32,17382.88,6451663.99,1
2025-06-23,2025-06-23 11:40:00,360.15,361.31,360.15,361.31,0.32,17382.88,6451663.99,1
2025-06-23,2025-06-23 11:50:00,361.31,362.48,361.31,362.48,0.32,17382.88,6451663.99,1
2025-06-23,2025-06-23 12:00:00,362.48,363.64,362.48,363.64,0.32,17382.88,6451663.99,1
2025-06-23,2025-06-23 12:10:00,363.64,364.8,363.64,364.8,0.32,17382.88,6451663.99,1
2025-06-23,2025-06-23 12:20:00,364.8,365.96,364.8,365.96,0.32,17382.88,6451663.99,1
2025-06-23,2025-06-23 12:30:00,365.96,367.12,365.96,367.12,0.32,17382.88,6451663.99,1
2025-06-23,2025-06-23 12:40:00,367.12,368.29,367.12,368.29,0.32,17382.88,6451663.99,1
2025-06-23,2025-06-23 12:50:00,368.29,369.45,368.29,369.45,0.31,17382.88,6451663.99,1
2025-06-23,2025-06-23 13:00:00,369.45,383.4,339.0,370.61,0.31,17382.88,6451663.99,1
2025-06-23,2025-06-23 13:10:00,370.61,371.77,370.61,371.77,0.31,17382.88,6451663.99,1
2025-06-23,2025-06-23 13:20:00,371.77,372.94,371.77,372.94,0.31,17382.88,6451663.99,1
2025-06-23,2025-06-23 13:30:00,372.94,374.1,372.94,374.1,0.31,17382.88,6451663.99,1
2025-06-23,2025-06-23 13:40:00,374.1,375.26,374.1,375.26,0.31,17382.88,6451663.99,1
2025-06-23,2025-06-23 13:50:00,375.26,376.42,375.26,376.42,0.31,17382.88,6451663.99,1
2025-06-23,2025-06-23 14:00:00,376.42,377.59,376.42,377.59,0.31,17382.88,6451663.99,1
2025-06-23,2025-06-23 14:10:00,377.59,378.75,377.59,378.75,0.31,17382.88,6451663.99,1
2025-06-23,2025-06-23 14:20:00,378.75,379.91,378.75,379.91,0.31,17382.88,6451663.99,1
2025-06-23,2025-06-23 14:30:00,379.91,381.07,379.91,381.07,0.31,17382.88,6451663.99,1
2025-06-23,2025-06-23 14:40:00,381.07,382.24,381.07,382.24,0.31,17382.88,6451663.99,1
2025-06-23,2025-06-23 14:50:00,382.24,383.4,382.24,383.4,0.3,17382.88,6451663.99,1
2025-06-23,2025-06-23 15:00:00,383.4,383.4,339.0,383.4,0.0,17382.88,6451663.99,0
2025-06-24,2025-06-24 11:00:00,391.0,400.21,386.62,391.42,0.11,14322.32,5602656.57,1
2025-06-24,2025-06-24 11:10:00,391.42,391.84,391.42,391.84,0.11,14322.32,5602656.57,1
2025-06-24,2025-06-24 11:20:00,391.84,392.26,391.84,392.26,0.11,14322.32,5602656.57,1
2025-06-24,2025-06-24 11:30:00,392.26,392.68,392.26,392.68,0.11,14322.32,5602656.57,1
2025-06-24,2025-06-24 11:40:00,392.68,393.1,392.68,393.1,0.11,14322.32,5602656.57,1
2025-06-24,2025-06-24 11:50:00,393.1,393.52,393.1,393.52,0.11,14322.32,5602656.57,1
2025-06-24,2025-06-24 12:00:00,393.52,393.94,393.52,393.94,0.11,14322.32,5602656.57,1
2025-06-24,2025-06-24 12:10:00,393.94,394.36,393.94,394.36,0.11,14322.32,5602656.57,1
2025-06-24,2025-06-24 12:20:00,394.36,394.78,394.36,394.78,0.11,14322.32,5602656.57,1
2025-06-24,2025-06-24 12:30:00,394.78,395.2,394.78,395.2,0.11,14322.32,5602656.57,1
2025-06-24,2025-06-24 12:40:00,395.2,395.62,395.2,395.62,0.11,14322.32,5602656.57,1
2025-06-24,2025-06-24 12:50:00,395.62,396.03,395.62,396.03,0.1,14322.32,5602656.57,1
2025-06-24,2025-06-24 13:00:00,396.03,421.7,376.4,396.45,0.11,14322.32,5602656.57,1
2025-06-24,2025-06-24 13:10:00,396.45,396.87,396.45,396.87,0.11,14322.32,5602656.57,1
2025-06-24,2025-06-24 13:20:00,396.87,397.29,396.87,397.29,0.11,14322.32,5602656.57,1
2025-06-24,2025-06-24 13:30:00,397.29,397.71,397.29,397.71,0.11,14322.32,5602656.57,1
2025-06-24,2025-06-24 13:40:00,397.71,398.13,397.71,398.13,0.11,14322.32,5602656.57,1
2025-06-24,2025-06-24 13:50:00,398.13,398.55,398.13,398.55,0.11,14322.32,5602656.57,1
2025-06-24,2025-06-24 14:00:00,398.55,398.97,398.55,398.97,0.11,14322.32,5602656.57,1
2025-06-24,2025-06-24 14:10:00,398.97,399.39,398.97,399.39,0.11,14322.32,5602656.57,1
2025-06-24,2025-06-24 14:20:00,399.39,399.81,399.39,399.81,0.11,14322.32,5602656.57,1
2025-06-24,2025-06-24 14:30:00,399.81,400.23,399.81,400.23,0.11,14322.32,5602656.57,1
2025-06-24,2025-06-24 14:40:00,400.23,400.65,400.23,400.65,0.1,14322.32,5602656.57,1
2025-06-24,2025-06-24 14:50:00,400.65,401.07,400.65,401.07,0.1,14322.32,5602656.57,1
2025-06-24,2025-06-24 15:00:00,401.07,421.7,376.4,401.07,0.0,14322.32,5602656.57,0
2025-06-25,2025-06-25 11:00:00,393.1,393.1,383.47,391.84,-0.32,12739.36,4677517.15,-1
2025-06-25,2025-06-25 11:10:00,391.84,391.84,390.59,390.59,-0.32,12739.36,4677517.15,-1
2025-06-25,2025-06-25 11:20:00,390.59,390.59,389.33,389.33,-0.32,12739.36,4677517.15,-1
2025-06-25,2025-06-25 11:30:00,389.33,389.33,388.07,388.07,-0.32,12739.36,4677517.15,-1
2025-06-25,2025-06-25 11:40:00,388.07,388.07,386.81,386.81,-0.32,12739.36,4677517.15,-1
2025-06-25,2025-06-25 11:50:00,386.81,386.81,385.56,385.56,-0.32,12739.36,4677517.15,-1
2025-06-25,2025-06-25 12:00:00,385.56,385.56,384.3,384.3,-0.33,12739.36,4677517.15,-1
2025-06-25,2025-06-25 12:10:00,384.3,384.3,383.04,383.04,-0.33,12739.36,4677517.15,-1
2025-06-25,2025-06-25 12:20:00,383.04,383.04,381.78,381.78,-0.33,12739.36,4677517.15,-1
2025-06-25,2025-06-25 12:30:00,381.78,381.78,380.53,380.53,-0.33,12739.36,4677517.15,-1
2025-06-25,2025-06-25 12:40:00,380.53,380.53,379.27,379.27,-0.33,12739.36,4677517.15,-1
2025-06-25,2025-06-25 12:50:00,379.27,379.27,378.01,378.01,-0.33,12739.36,4677517.15,-1
2025-06-25,2025-06-25 13:00:00,378.01,393.1,361.0,376.75,-0.33,12739.36,4677517.15,-1
2025-06-25,2025-06-25 13:10:00,376.75,376.75,375.5,375.5,-0.33,12739.36,4677517.15,-1
2025-06-25,2025-06-25 13:20:00,375.5,375.5,374.24,374.24,-0.34,12739.36,4677517.15,-1
2025-06-25,2025-06-25 13:30:00,374.24,374.24,372.98,372.98,-0.34,12739.36,4677517.15,-1
2025-06-25,2025-06-25 13:40:00,372.98,372.98,371.72,371.72,-0.34,12739.36,4677517.15,-1
2025-06-25,2025-06-25 13:50:00,371.72,371.72,370.47,370.47,-0.34,12739.36,4677517.15,-1
2025-06-25,2025-06-25 14:00:00,370.47,370.47,369.21,369.21,-0.34,12739.36,4677517.15,-1
2025-06-25,2025-06-25 14:10:00,369.21,369.21,367.95,367.95,-0.34,12739.36,4677517.15,-1
2025-06-25,2025-06-25 14:20:00,367.95,367.95,366.69,366.69,-0.34,12739.36,4677517.15,-1
2025-06-25,2025-06-25 14:30:00,366.69,366.69,365.44,365.44,-0.34,12739.36,4677517.15,-1
2025-06-25,2025-06-25 14:40:00,365.44,365.44,364.18,364.18,-0.34,12739.36,4677517.15,-1
2025-06-25,2025-06-25 14:50:00,364.18,364.18,362.92,362.92,-0.35,12739.36,4677517.15,-1
2025-06-25,2025-06-25 15:00:00,362.92,393.1,361.0,362.92,0.0,12739.36,4677517.15,0
2025-06-26,2025-06-26 11:00:00,355.7,362.99,349.55,355.33,-0.1,14141.56,4973297.73,-1
2025-06-26,2025-06-26 11:10:00,355.33,355.33,354.96,354.96,-0.1,14141.56,4973297.73,-1
2025-06-26,2025-06-26 11:20:00,354.96,354.96,354.58,354.58,-0.11,14141.56,4973297.73,-1
2025-06-26,2025-06-26 11:30:00,354.58,354.58,354.21,354.21,-0.1,14141.56,4973297.73,-1
2025-06-26,2025-06-26 11:40:00,354.21,354.21,353.84,353.84,-0.1,14141.56,4973297.73,-1
2025-06-26,2025-06-26 11:50:00,353.84,353.84,353.47,353.47,-0.1,14141.56,4973297.73,-1
2025-06-26,2025-06-26 12:00:00,353.47,353.47,353.1,353.1,-0.1,14141.56,4973297.73,-1
2025-06-26,2025-06-26 12:10:00,353.1,353.1,352.73,352.73,-0.1,14141.56,4973297.73,-1
2025-06-26,2025-06-26 12:20:00,352.73,352.73,352.35,352.35,-0.11,14141.56,4973297.73,-1
2025-06-26,2025-06-26 12:30:00,352.35,352.35,351.98,351.98,-0.11,14141.56,4973297.73,-1
2025-06-26,2025-06-26 12:40:00,351.98,351.98,351.61,351.61,-0.11,14141.56,4973297.73,-1
2025-06-26,2025-06-26 12:50:00,351.61,351.61,351.24,351.24,-0.11,14141.56,4973297.73,-1
2025-06-26,2025-06-26 13:00:00,351.24,380.0,335.2,350.87,-0.11,14141.56,4973297.73,-1
2025-06-26,2025-06-26 13:10:00,350.87,350.87,350.5,350.5,-0.11,14141.56,4973297.73,-1
2025-06-26,2025-06-26 13:20:00,350.5,350.5,350.12,350.12,-0.11,14141.56,4973297.73,-1
2025-06-26,2025-06-26 13:30:00,350.12,350.12,349.75,349.75,-0.11,14141.56,4973297.73,-1
2025-06-26,2025-06-26 13:40:00,349.75,349.75,349.38,349.38,-0.11,14141.56,4973297.73,-1
2025-06-26,2025-06-26 13:50:00,349.38,349.38,349.01,349.01,-0.11,14141.56,4973297.73,-1
2025-06-26,2025-06-26 14:00:00,349.01,349.01,348.64,348.64,-0.11,14141.56,4973297.73,-1
2025-06-26,2025-06-26 14:10:00,348.64,348.64,348.27,348.27,-0.11,14141.56,4973297.73,-1
2025-06-26,2025-06-26 14:20:00,348.27,348.27,347.89,347.89,-0.11,14141.56,4973297.73,-1
2025-06-26,2025-06-26 14:30:00,347.89,347.89,347.52,347.52,-0.11,14141.56,4973297.73,-1
2025-06-26,2025-06-26 14:40:00,347.52,347.52,347.15,347.15,-0.11,14141.56,4973297.73,-1
2025-06-26,2025-06-26 14:50:00,347.15,347.15,346.78,346.78,-0.11,14141.56,4973297.73,-1
2025-06-26,2025-06-26 15:00:00,346.78,380.0,335.2,346.78,0.0,14141.56,4973297.73,0
2025-06-29,2025-06-29 11:00:00,339.9,339.9,332.13,339.38,-0.15,10254.04,3359840.68,-1
2025-06-29,2025-06-29 11:10:00,339.38,339.38,338.86,338.86,-0.15,10254.04,3359840.68,-1
2025-06-29,2025-06-29 11:20:00,338.86,338.86,338.35,338.35,-0.15,10254.04,3359840.68,-1
2025-06-29,2025-06-29 11:30:00,338.35,338.35,337.83,337.83,-0.15,10254.04,3359840.68,-1
2025-06-29,2025-06-29 11:40:00,337.83,337.83,337.31,337.31,-0.15,10254.04,3359840.68,-1
2025-06-29,2025-06-29 11:50:00,337.31,337.31,336.79,336.79,-0.15,10254.04,3359840.68,-1
2025-06-29,2025-06-29 12:00:00,336.79,336.79,336.27,336.27,-0.15,10254.04,3359840.68,-1
2025-06-29,2025-06-29 12:10:00,336.27,336.27,335.76,335.76,-0.15,10254.04,3359840.68,-1
2025-06-29,2025-06-29 12:20:00,335.76,335.76,335.24,335.24,-0.15,10254.04,3359840.68,-1
2025-06-29,2025-06-29 12:30:00,335.24,335.24,334.72,334.72,-0.16,10254.04,3359840.68,-1
2025-06-29,2025-06-29 12:40:00,334.72,334.72,334.2,334.2,-0.16,10254.04,3359840.68,-1
2025-06-29,2025-06-29 12:50:00,334.2,334.2,333.69,333.69,-0.15,10254.04,3359840.68,-1
2025-06-29,2025-06-29 13:00:00,333.69,339.9,314.0,333.17,-0.16,10254.04,3359840.68,-1
2025-06-29,2025-06-29 13:10:00,333.17,333.17,332.65,332.65,-0.16,10254.04,3359840.68,-1
2025-06-29,2025-06-29 13:20:00,332.65,332.65,332.13,332.13,-0.16,10254.04,3359840.68,-1
2025-06-29,2025-06-29 13:30:00,332.13,332.13,331.61,331.61,-0.16,10254.04,3359840.68,-1
2025-06-29,2025-06-29 13:40:00,331.61,331.61,331.1,331.1,-0.15,10254.04,3359840.68,-1
2025-06-29,2025-06-29 13:50:00,331.1,331.1,330.58,330.58,-0.16,10254.04,3359840.68,-1
2025-06-29,2025-06-29 14:00:00,330.58,330.58,330.06,330.06,-0.16,10254.04,3359840.68,-1
2025-06-29,2025-06-29 14:10:00,330.06,330.06,329.54,329.54,-0.16,10254.04,3359840.68,-1
2025-06-29,2025-06-29 14:20:00,329.54,329.54,329.02,329.02,-0.16,10254.04,3359840.68,-1
2025-06-29,2025-06-29 14:30:00,329.02,329.02,328.51,328.51,-0.16,10254.04,3359840.68,-1
2025-06-29,2025-06-29 14:40:00,328.51,328.51,327.99,327.99,-0.16,10254.04,3359840.68,-1
2025-06-29,2025-06-29 14:50:00,327.99,327.99,327.47,327.47,-0.16,10254.04,3359840.68,-1
2025-06-29,2025-06-29 15:00:00,327.47,339.9,314.0,327.47,0.0,10254.04,3359840.68,0
2025-06-30,2025-06-30 11:00:00,321.0,326.7,321.0,321.24,0.07,3291.52,1079712.71,1
2025-06-30,2025-06-30 11:10:00,321.24,321.48,321.24,321.48,0.07,3291.52,1079712.71,1
2025-06-30,2025-06-30 11:20:00,321.48,321.72,321.48,321.72,0.07,3291.52,1079712.71,1
2025-06-30,2025-06-30 11:30:00,321.72,321.96,321.72,321.96,0.07,3291.52,1079712.71,1
2025-06-30,2025-06-30 11:40:00,321.96,322.2,321.96,322.2,0.07,3291.52,1079712.71,1
2025-06-30,2025-06-30 11:50:00,322.2,322.44,322.2,322.44,0.07,3291.52,1079712.71,1
2025-06-30,2025-06-30 12:00:00,322.44,322.69,322.44,322.69,0.08,3291.52,1079712.71,1
2025-06-30,2025-06-30 12:10:00,322.69,322.93,322.69,322.93,0.07,3291.52,1079712.71,1
2025-06-30,2025-06-30 12:20:00,322.93,323.17,322.93,323.17,0.07,3291.52,1079712.71,1
2025-06-30,2025-06-30 12:30:00,323.17,323.41,323.17,323.41,0.07,3291.52,1079712.71,1
2025-06-30,2025-06-30 12:40:00,323.41,323.65,323.41,323.65,0.07,3291.52,1079712.71,1
2025-06-30,2025-06-30 12:50:00,323.65,323.89,323.65,323.89,0.07,3291.52,1079712.71,1
2025-06-30,2025-06-30 13:00:00,323.89,340.0,321.0,324.13,0.07,3291.52,1079712.71,1
2025-06-30,2025-06-30 13:10:00,324.13,324.37,324.13,324.37,0.07,3291.52,1079712.71,1
2025-06-30,2025-06-30 13:20:00,324.37,324.61,324.37,324.61,0.07,3291.52,1079712.71,1
2025-06-30,2025-06-30 13:30:00,324.61,324.85,324.61,324.85,0.07,3291.52,1079712.71,1
2025-06-30,2025-06-30 13:40:00,324.85,325.09,324.85,325.09,0.07,3291.52,1079712.71,1
2025-06-30,2025-06-30 13:50:00,325.09,325.33,325.09,325.33,0.07,3291.52,1079712.71,1
2025-06-30,2025-06-30 14:00:00,325.33,325.58,325.33,325.58,0.08,3291.52,1079712.71,1
2025-06-30,2025-06-30 14:10:00,325.58,325.82,325.58,325.82,0.07,3291.52,1079712.71,1
2025-06-30,2025-06-30 14:20:00,325.82,326.06,325.82,326.06,0.07,3291.52,1079712.71,1
2025-06-30,2025-06-30 14:30:00,326.06,326.3,326.06,326.3,0.07,3291.52,1079712.71,1
2025-06-30,2025-06-30 14:40:00,326.3,326.54,326.3,326.54,0.07,3291.52,1079712.71,1
2025-06-30,2025-06-30 14:50:00,326.54,326.78,326.54,326.78,0.07,3291.52,1079712.71,1
2025-06-30,2025-06-30 15:00:00,326.78,340.0,321.0,326.78,0.0,3291.52,1079712.71,0
2025-07-01,2025-07-01 11:00:00,332.0,336.8,329.03,332.42,0.13,3211.8,1084559.56,1
2025-07-01,2025-07-01 11:10:00,332.42,332.83,332.42,332.83,0.12,3211.8,1084559.56,1
2025-07-01,2025-07-01 11:20:00,332.83,333.25,332.83,333.25,0.13,3211.8,1084559.56,1
2025-07-01,2025-07-01 11:30:00,333.25,333.67,333.25,333.67,0.13,3211.8,1084559.56,1
2025-07-01,2025-07-01 11:40:00,333.67,334.08,333.67,334.08,0.12,3211.8,1084559.56,1
2025-07-01,2025-07-01 11:50:00,334.08,334.5,334.08,334.5,0.13,3211.8,1084559.56,1
2025-07-01,2025-07-01 12:00:00,334.5,334.92,334.5,334.92,0.13,3211.8,1084559.56,1
2025-07-01,2025-07-01 12:10:00,334.92,335.33,334.92,335.33,0.12,3211.8,1084559.56,1
2025-07-01,2025-07-01 12:20:00,335.33,335.75,335.33,335.75,0.13,3211.8,1084559.56,1
2025-07-01,2025-07-01 12:30:00,335.75,336.17,335.75,336.17,0.13,3211.8,1084559.56,1
2025-07-01,2025-07-01 12:40:00,336.17,336.58,336.17,336.58,0.12,3211.8,1084559.56,1
2025-07-01,2025-07-01 12:50:00,336.58,337.0,336.58,337.0,0.12,3211.8,1084559.56,1
2025-07-01,2025-07-01 13:00:00,337.0,348.0,322.1,337.42,0.12,3211.8,1084559.56,1
2025-07-01,2025-07-01 13:10:00,337.42,337.83,337.42,337.83,0.12,3211.8,1084559.56,1
2025-07-01,2025-07-01 13:20:00,337.83,338.25,337.83,338.25,0.12,3211.8,1084559.56,1
2025-07-01,2025-07-01 13:30:00,338.25,338.67,338.25,338.67,0.12,3211.8,1084559.56,1
2025-07-01,2025-07-01 13:40:00,338.67,339.08,338.67,339.08,0.12,3211.8,1084559.56,1
2025-07-01,2025-07-01 13:50:00,339.08,339.5,339.08,339.5,0.12,3211.8,1084559.56,1
2025-07-01,2025-07-01 14:00:00,339.5,339.92,339.5,339.92,0.12,3211.8,1084559.56,1
2025-07-01,2025-07-01 14:10:00,339.92,340.33,339.92,340.33,0.12,3211.8,1084559.56,1
2025-07-01,2025-07-01 14:20:00,340.33,340.75,340.33,340.75,0.12,3211.8,1084559.56,1
2025-07-01,2025-07-01 14:30:00,340.75,341.17,340.75,341.17,0.12,3211.8,1084559.56,1
2025-07-01,2025-07-01 14:40:00,341.17,341.58,341.17,341.58,0.12,3211.8,1084559.56,1
2025-07-01,2025-07-01 14:50:00,341.58,342.0,341.58,342.0,0.12,3211.8,1084559.56,1
2025-07-01,2025-07-01 15:00:00,342.0,348.0,322.1,342.0,0.0,3211.8,1084559.56,0
2025-07-02,2025-07-02 11:00:00,346.0,347.5,342.43,345.68,-0.09,3959.32,1362898.58,-1
2025-07-02,2025-07-02 11:10:00,345.68,345.68,345.36,345.36,-0.09,3959.32,1362898.58,-1
2025-07-02,2025-07-02 11:20:00,345.36,345.36,345.04,345.04,-0.09,3959.32,1362898.58,-1
2025-07-02,2025-07-02 11:30:00,345.04,345.04,344.73,344.73,-0.09,3959.32,1362898.58,-1
2025-07-02,2025-07-02 11:40:00,344.73,344.73,344.41,344.41,-0.09,3959.32,1362898.58,-1
2025-07-02,2025-07-02 11:50:00,344.41,344.41,344.09,344.09,-0.09,3959.32,1362898.58,-1
2025-07-02,2025-07-02 12:00:00,344.09,344.09,343.77,343.77,-0.09,3959.32,1362898.58,-1
2025-07-02,2025-07-02 12:10:00,343.77,343.77,343.45,343.45,-0.09,3959.32,1362898.58,-1
2025-07-02,2025-07-02 12:20:00,343.45,343.45,343.13,343.13,-0.09,3959.32,1362898.58,-1
2025-07-02,2025-07-02 12:30:00,343.13,343.13,342.81,342.81,-0.09,3959.32,1362898.58,-1
2025-07-02,2025-07-02 12:40:00,342.81,342.81,342.49,342.49,-0.09,3959.32,1362898.58,-1
2025-07-02,2025-07-02 12:50:00,342.49,342.49,342.18,342.18,-0.09,3959.32,1362898.58,-1
2025-07-02,2025-07-02 13:00:00,342.18,351.0,334.1,341.86,-0.09,3959.32,1362898.58,-1
2025-07-02,2025-07-02 13:10:00,341.86,341.86,341.54,341.54,-0.09,3959.32,1362898.58,-1
2025-07-02,2025-07-02 13:20:00,341.54,341.54,341.22,341.22,-0.09,3959.32,1362898.58,-1
2025-07-02,2025-07-02 13:30:00,341.22,341.22,340.9,340.9,-0.09,3959.32,1362898.58,-1
2025-07-02,2025-07-02 13:40:00,340.9,340.9,340.58,340.58,-0.09,3959.32,1362898.58,-1
2025-07-02,2025-07-02 13:50:00,340.58,340.58,340.26,340.26,-0.09,3959.32,1362898.58,-1
2025-07-02,2025-07-02 14:00:00,340.26,340.26,339.94,339.94,-0.09,3959.32,1362898.58,-1
2025-07-02,2025-07-02 14:10:00,339.94,339.94,339.62,339.62,-0.09,3959.32,1362898.58,-1
2025-07-02,2025-07-02 14:20:00,339.62,339.62,339.31,339.31,-0.09,3959.32,1362898.58,-1
2025-07-02,2025-07-02 14:30:00,339.31,339.31,338.99,338.99,-0.09,3959.32,1362898.58,-1
2025-07-02,2025-07-02 14:40:00,338.99,338.99,338.67,338.67,-0.09,3959.32,1362898.58,-1
2025-07-02,2025-07-02 14:50:00,338.67,338.67,338.35,338.35,-0.09,3959.32,1362898.58,-1
2025-07-02,2025-07-02 15:00:00,338.35,351.0,334.1,338.35,0.0,3959.32,1362898.58,0
2025-07-03,2025-07-03 11:00:00,339.0,339.9,336.6,338.76,-0.07,3391.48,1132025.29,-1
2025-07-03,2025-07-03 11:10:00,338.76,338.76,338.51,338.51,-0.07,3391.48,1132025.29,-1
2025-07-03,2025-07-03 11:20:00,338.51,338.51,338.27,338.27,-0.07,3391.48,1132025.29,-1
2025-07-03,2025-07-03 11:30:00,338.27,338.27,338.03,338.03,-0.07,3391.48,1132025.29,-1
2025-07-03,2025-07-03 11:40:00,338.03,338.03,337.79,337.79,-0.07,3391.48,1132025.29,-1
2025-07-03,2025-07-03 11:50:00,337.79,337.79,337.55,337.55,-0.07,3391.48,1132025.29,-1
2025-07-03,2025-07-03 12:00:00,337.55,337.55,337.3,337.3,-0.07,3391.48,1132025.29,-1
2025-07-03,2025-07-03 12:10:00,337.3,337.3,337.06,337.06,-0.07,3391.48,1132025.29,-1
2025-07-03,2025-07-03 12:20:00,337.06,337.06,336.82,336.82,-0.07,3391.48,1132025.29,-1
2025-07-03,2025-07-03 12:30:00,336.82,336.82,336.57,336.57,-0.07,3391.48,1132025.29,-1
2025-07-03,2025-07-03 12:40:00,336.57,336.57,336.33,336.33,-0.07,3391.48,1132025.29,-1
2025-07-03,2025-07-03 12:50:00,336.33,336.33,336.09,336.09,-0.07,3391.48,1132025.29,-1
2025-07-03,2025-07-03 13:00:00,336.09,342.0,331.0,335.85,-0.07,3391.48,1132025.29,-1
2025-07-03,2025-07-03 13:10:00,335.85,335.85,335.61,335.61,-0.07,3391.48,1132025.29,-1
2025-07-03,2025-07-03 13:20:00,335.61,335.61,335.36,335.36,-0.07,3391.48,1132025.29,-1
2025-07-03,2025-07-03 13:30:00,335.36,335.36,335.12,335.12,-0.07,3391.48,1132025.29,-1
2025-07-03,2025-07-03 13:40:00,335.12,335.12,334.88,334.88,-0.07,3391.48,1132025.29,-1
2025-07-03,2025-07-03 13:50:00,334.88,334.88,334.63,334.63,-0.07,3391.48,1132025.29,-1
2025-07-03,2025-07-03 14:00:00,334.63,334.63,334.39,334.39,-0.07,3391.48,1132025.29,-1
2025-07-03,2025-07-03 14:10:00,334.39,334.39,334.15,334.15,-0.07,3391.48,1132025.29,-1
2025-07-03,2025-07-03 14:20:00,334.15,334.15,333.91,333.91,-0.07,3391.48,1132025.29,-1
2025-07-03,2025-07-03 14:30:00,333.91,333.91,333.67,333.67,-0.07,3391.48,1132025.29,-1
2025-07-03,2025-07-03 14:40:00,333.67,333.67,333.42,333.42,-0.07,3391.48,1132025.29,-1
2025-07-03,2025-07-03 14:50:00,333.42,333.42,333.18,333.18,-0.07,3391.48,1132025.29,-1
2025-07-03,2025-07-03 15:00:00,333.18,342.0,331.0,333.18,0.0,3391.48,1132025.29,0
2025-07-06,2025-07-06 11:00:00,336.0,336.0,332.7,335.55,-0.13,2622.2,859136.79,-1
2025-07-06,2025-07-06 11:10:00,335.55,335.55,335.11,335.11,-0.13,2622.2,859136.79,-1
2025-07-06,2025-07-06 11:20:00,335.11,335.11,334.66,334.66,-0.13,2622.2,859136.79,-1
2025-07-06,2025-07-06 11:30:00,334.66,334.66,334.21,334.21,-0.13,2622.2,859136.79,-1
2025-07-06,2025-07-06 11:40:00,334.21,334.21,333.76,333.76,-0.13,2622.2,859136.79,-1
2025-07-06,2025-07-06 11:50:00,333.76,333.76,333.32,333.32,-0.13,2622.2,859136.79,-1
2025-07-06,2025-07-06 12:00:00,333.32,333.32,332.87,332.87,-0.14,2622.2,859136.79,-1
2025-07-06,2025-07-06 12:10:00,332.87,332.87,332.42,332.42,-0.14,2622.2,859136.79,-1
2025-07-06,2025-07-06 12:20:00,332.42,332.42,331.98,331.98,-0.13,2622.2,859136.79,-1
2025-07-06,2025-07-06 12:30:00,331.98,331.98,331.53,331.53,-0.14,2622.2,859136.79,-1
2025-07-06,2025-07-06 12:40:00,331.53,331.53,331.08,331.08,-0.14,2622.2,859136.79,-1
2025-07-06,2025-07-06 12:50:00,331.08,331.08,330.63,330.63,-0.14,2622.2,859136.79,-1
2025-07-06,2025-07-06 13:00:00,330.63,336.0,325.0,330.19,-0.13,2622.2,859136.79,-1
2025-07-06,2025-07-06 13:10:00,330.19,330.19,329.74,329.74,-0.14,2622.2,859136.79,-1
2025-07-06,2025-07-06 13:20:00,329.74,329.74,329.29,329.29,-0.14,2622.2,859136.79,-1
2025-07-06,2025-07-06 13:30:00,329.29,329.29,328.85,328.85,-0.13,2622.2,859136.79,-1
2025-07-06,2025-07-06 13:40:00,328.85,328.85,328.4,328.4,-0.14,2622.2,859136.79,-1
2025-07-06,2025-07-06 13:50:00,328.4,328.4,327.95,327.95,-0.14,2622.2,859136.79,-1
2025-07-06,2025-07-06 14:00:00,327.95,327.95,327.51,327.51,-0.13,2622.2,859136.79,-1
2025-07-06,2025-07-06 14:10:00,327.51,327.51,327.06,327.06,-0.14,2622.2,859136.79,-1
2025-07-06,2025-07-06 14:20:00,327.06,327.06,326.61,326.61,-0.14,2622.2,859136.79,-1
2025-07-06,2025-07-06 14:30:00,326.61,326.61,326.16,326.16,-0.14,2622.2,859136.79,-1
2025-07-06,2025-07-06 14:40:00,326.16,326.16,325.72,325.72,-0.13,2622.2,859136.79,-1
2025-07-06,2025-07-06 14:50:00,325.72,325.72,325.27,325.27,-0.14,2622.2,859136.79,-1
2025-07-06,2025-07-06 15:00:00,325.27,336.0,325.0,325.27,0.0,2622.2,859136.79,0
2025-07-07,2025-07-07 11:00:00,326.0,327.2,325.22,325.96,-0.01,1866.32,607812.44,-1
2025-07-07,2025-07-07 11:10:00,325.96,325.96,325.92,325.92,-0.01,1866.32,607812.44,-1
2025-07-07,2025-07-07 11:20:00,325.92,325.92,325.87,325.87,-0.02,1866.32,607812.44,-1
2025-07-07,2025-07-07 11:30:00,325.87,325.87,325.83,325.83,-0.01,1866.32,607812.44,-1
2025-07-07,2025-07-07 11:40:00,325.83,325.83,325.79,325.79,-0.01,1866.32,607812.44,-1
2025-07-07,2025-07-07 11:50:00,325.79,325.79,325.75,325.75,-0.01,1866.32,607812.44,-1
2025-07-07,2025-07-07 12:00:00,325.75,325.75,325.71,325.71,-0.01,1866.32,607812.44,-1
2025-07-07,2025-07-07 12:10:00,325.71,325.71,325.66,325.66,-0.02,1866.32,607812.44,-1
2025-07-07,2025-07-07 12:20:00,325.66,325.66,325.62,325.62,-0.01,1866.32,607812.44,-1
2025-07-07,2025-07-07 12:30:00,325.62,325.62,325.58,325.58,-0.01,1866.32,607812.44,-1
2025-07-07,2025-07-07 12:40:00,325.58,325.58,325.54,325.54,-0.01,1866.32,607812.44,-1
2025-07-07,2025-07-07 12:50:00,325.54,325.54,325.5,325.5,-0.01,1866.32,607812.44,-1
2025-07-07,2025-07-07 13:00:00,325.5,330.0,323.4,325.45,-0.02,1866.32,607812.44,-1
2025-07-07,2025-07-07 13:10:00,325.45,325.45,325.41,325.41,-0.01,1866.32,607812.44,-1
2025-07-07,2025-07-07 13:20:00,325.41,325.41,325.37,325.37,-0.01,1866.32,607812.44,-1
2025-07-07,2025-07-07 13:30:00,325.37,325.37,325.33,325.33,-0.01,1866.32,607812.44,-1
2025-07-07,2025-07-07 13:40:00,325.33,325.33,325.28,325.28,-0.02,1866.32,607812.44,-1
2025-07-07,2025-07-07 13:50:00,325.28,325.28,325.24,325.24,-0.01,1866.32,607812.44,-1
2025-07-07,2025-07-07 14:00:00,325.24,325.24,325.2,325.2,-0.01,1866.32,607812.44,-1
2025-07-07,2025-07-07 14:10:00,325.2,325.2,325.16,325.16,-0.01,1866.32,607812.44,-1
2025-07-07,2025-07-07 14:20:00,325.16,325.16,325.12,325.12,-0.01,1866.32,607812.44,-1
2025-07-07,2025-07-07 14:30:00,325.12,325.12,325.07,325.07,-0.02,1866.32,607812.44,-1
2025-07-07,2025-07-07 14:40:00,325.07,325.07,325.03,325.03,-0.01,1866.32,607812.44,-1
2025-07-07,2025-07-07 14:50:00,325.03,325.03,324.99,324.99,-0.01,1866.32,607812.44,-1
2025-07-07,2025-07-07 15:00:00,324.99,330.0,323.4,324.99,0.0,1866.32,607812.44,0
2025-07-08,2025-07-08 11:00:00,325.0,326.77,324.4,325.02,0.01,1685.72,550702.31,1
2025-07-08,2025-07-08 11:10:00,325.02,325.05,325.02,325.05,0.01,1685.72,550702.31,1
2025-07-08,2025-07-08 11:20:00,325.05,325.07,325.05,325.07,0.01,1685.72,550702.31,1
2025-07-08,2025-07-08 11:30:00,325.07,325.09,325.07,325.09,0.01,1685.72,550702.31,1
2025-07-08,2025-07-08 11:40:00,325.09,325.12,325.09,325.12,0.01,1685.72,550702.31,1
2025-07-08,2025-07-08 11:50:00,325.12,325.14,325.12,325.14,0.01,1685.72,550702.31,1
2025-07-08,2025-07-08 12:00:00,325.14,325.16,325.14,325.16,0.01,1685.72,550702.31,1
2025-07-08,2025-07-08 12:10:00,325.16,325.19,325.16,325.19,0.01,1685.72,550702.31,1
2025-07-08,2025-07-08 12:20:00,325.19,325.21,325.19,325.21,0.01,1685.72,550702.31,1
2025-07-08,2025-07-08 12:30:00,325.21,325.23,325.21,325.23,0.01,1685.72,550702.31,1
2025-07-08,2025-07-08 12:40:00,325.23,325.26,325.23,325.26,0.01,1685.72,550702.31,1
2025-07-08,2025-07-08 12:50:00,325.26,325.28,325.26,325.28,0.01,1685.72,550702.31,1
2025-07-08,2025-07-08 13:00:00,325.28,330.9,323.0,325.3,0.01,1685.72,550702.31,1
2025-07-08,2025-07-08 13:10:00,325.3,325.33,325.3,325.33,0.01,1685.72,550702.31,1
2025-07-08,2025-07-08 13:20:00,325.33,325.35,325.33,325.35,0.01,1685.72,550702.31,1
2025-07-08,2025-07-08 13:30:00,325.35,325.37,325.35,325.37,0.01,1685.72,550702.31,1
2025-07-08,2025-07-08 13:40:00,325.37,325.4,325.37,325.4,0.01,1685.72,550702.31,1
2025-07-08,2025-07-08 13:50:00,325.4,325.42,325.4,325.42,0.01,1685.72,550702.31,1
2025-07-08,2025-07-08 14:00:00,325.42,325.44,325.42,325.44,0.01,1685.72,550702.31,1
2025-07-08,2025-07-08 14:10:00,325.44,325.47,325.44,325.47,0.01,1685.72,550702.31,1
2025-07-08,2025-07-08 14:20:00,325.47,325.49,325.47,325.49,0.01,1685.72,550702.31,1
2025-07-08,2025-07-08 14:30:00,325.49,325.51,325.49,325.51,0.01,1685.72,550702.31,1
2025-07-08,2025-07-08 14:40:00,325.51,325.54,325.51,325.54,0.01,1685.72,550702.31,1
2025-07-08,2025-07-08 14:50:00,325.54,325.56,325.54,325.56,0.01,1685.72,550702.31,1
2025-07-08,2025-07-08 15:00:00,325.56,330.9,323.0,325.56,0.0,1685.72,550702.31,0
2025-07-09,2025-07-09 11:00:00,323.2,325.84,323.2,323.34,0.04,1620.0,530753.96,1
2025-07-09,2025-07-09 11:10:00,323.34,323.49,323.34,323.49,0.05,1620.0,530753.96,1
2025-07-09,2025-07-09 11:20:00,323.49,323.63,323.49,323.63,0.04,1620.0,530753.96,1
2025-07-09,2025-07-09 11:30:00,323.63,323.78,323.63,323.78,0.05,1620.0,530753.96,1
2025-07-09,2025-07-09 11:40:00,323.78,323.93,323.78,323.93,0.05,1620.0,530753.96,1
2025-07-09,2025-07-09 11:50:00,323.93,324.07,323.93,324.07,0.04,1620.0,530753.96,1
2025-07-09,2025-07-09 12:00:00,324.07,324.21,324.07,324.21,0.04,1620.0,530753.96,1
2025-07-09,2025-07-09 12:10:00,324.21,324.36,324.21,324.36,0.05,1620.0,530753.96,1
2025-07-09,2025-07-09 12:20:00,324.36,324.5,324.36,324.5,0.04,1620.0,530753.96,1
2025-07-09,2025-07-09 12:30:00,324.5,324.65,324.5,324.65,0.05,1620.0,530753.96,1
2025-07-09,2025-07-09 12:40:00,324.65,324.8,324.65,324.8,0.05,1620.0,530753.96,1
2025-07-09,2025-07-09 12:50:00,324.8,324.94,324.8,324.94,0.04,1620.0,530753.96,1
2025-07-09,2025-07-09 13:00:00,324.94,332.0,323.2,325.08,0.04,1620.0,530753.96,1
2025-07-09,2025-07-09 13:10:00,325.08,325.23,325.08,325.23,0.05,1620.0,530753.96,1
2025-07-09,2025-07-09 13:20:00,325.23,325.38,325.23,325.38,0.05,1620.0,530753.96,1
2025-07-09,2025-07-09 13:30:00,325.38,325.52,325.38,325.52,0.04,1620.0,530753.96,1
2025-07-09,2025-07-09 13:40:00,325.52,325.67,325.52,325.67,0.05,1620.0,530753.96,1
2025-07-09,2025-07-09 13:50:00,325.67,325.81,325.67,325.81,0.04,1620.0,530753.96,1
2025-07-09,2025-07-09 14:00:00,325.81,325.95,325.81,325.95,0.04,1620.0,530753.96,1
2025-07-09,2025-07-09 14:10:00,325.95,326.1,325.95,326.1,0.05,1620.0,530753.96,1
2025-07-09,2025-07-09 14:20:00,326.1,326.25,326.1,326.25,0.05,1620.0,530753.96,1
2025-07-09,2025-07-09 14:30:00,326.25,326.39,326.25,326.39,0.04,1620.0,530753.96,1
2025-07-09,2025-07-09 14:40:00,326.39,326.54,326.39,326.54,0.05,1620.0,530753.96,1
2025-07-09,2025-07-09 14:50:00,326.54,326.68,326.54,326.68,0.04,1620.0,530753.96,1
2025-07-09,2025-07-09 15:00:00,326.68,332.0,323.2,326.68,0.0,1620.0,530753.96,0
2025-07-10,2025-07-10 11:00:00,326.0,327.8,326.0,326.02,0.01,1680.16,551402.7,1
2025-07-10,2025-07-10 11:10:00,326.02,326.03,326.02,326.03,0.0,1680.16,551402.7,1
2025-07-10,2025-07-10 11:20:00,326.03,326.05,326.03,326.05,0.01,1680.16,551402.7,1
2025-07-10,2025-07-10 11:30:00,326.05,326.07,326.05,326.07,0.01,1680.16,551402.7,1
2025-07-10,2025-07-10 11:40:00,326.07,326.09,326.07,326.09,0.01,1680.16,551402.7,1
2025-07-10,2025-07-10 11:50:00,326.09,326.1,326.09,326.1,0.0,1680.16,551402.7,1
2025-07-10,2025-07-10 12:00:00,326.1,326.12,326.1,326.12,0.01,1680.16,551402.7,1
2025-07-10,2025-07-10 12:10:00,326.12,326.14,326.12,326.14,0.01,1680.16,551402.7,1
2025-07-10,2025-07-10 12:20:00,326.14,326.15,326.14,326.15,0.0,1680.16,551402.7,1
2025-07-10,2025-07-10 12:30:00,326.15,326.17,326.15,326.17,0.01,1680.16,551402.7,1
2025-07-10,2025-07-10 12:40:00,326.17,326.19,326.17,326.19,0.01,1680.16,551402.7,1
2025-07-10,2025-07-10 12:50:00,326.19,326.21,326.19,326.21,0.01,1680.16,551402.7,1
2025-07-10,2025-07-10 13:00:00,326.21,332.0,326.0,326.22,0.0,1680.16,551402.7,1
2025-07-10,2025-07-10 13:10:00,326.22,326.24,326.22,326.24,0.01,1680.16,551402.7,1
2025-07-10,2025-07-10 13:20:00,326.24,326.26,326.24,326.26,0.01,1680.16,551402.7,1
2025-07-10,2025-07-10 13:30:00,326.26,326.27,326.26,326.27,0.0,1680.16,551402.7,1
2025-07-10,2025-07-10 13:40:00,326.27,326.29,326.27,326.29,0.01,1680.16,551402.7,1
2025-07-10,2025-07-10 13:50:00,326.29,326.31,326.29,326.31,0.01,1680.16,551402.7,1
2025-07-10,2025-07-10 14:00:00,326.31,326.32,326.31,326.32,0.0,1680.16,551402.7,1
2025-07-10,2025-07-10 14:10:00,326.32,326.34,326.32,326.34,0.01,1680.16,551402.7,1
2025-07-10,2025-07-10 14:20:00,326.34,326.36,326.34,326.36,0.01,1680.16,551402.7,1
2025-07-10,2025-07-10 14:30:00,326.36,326.38,326.36,326.38,0.01,1680.16,551402.7,1
2025-07-10,2025-07-10 14:40:00,326.38,326.39,326.38,326.39,0.0,1680.16,551402.7,1
2025-07-10,2025-07-10 14:50:00,326.39,326.41,326.39,326.41,0.01,1680.16,551402.7,1
2025-07-10,2025-07-10 15:00:00,326.41,332.0,326.0,326.41,0.0,1680.16,551402.7,0
2025-07-13,2025-07-13 11:00:00,332.0,333.8,328.55,331.99,-0.0,2084.28,694055.13,-1
2025-07-13,2025-07-13 11:10:00,331.99,331.99,331.97,331.97,-0.01,2084.28,694055.13,-1
2025-07-13,2025-07-13 11:20:00,331.97,331.97,331.96,331.96,-0.0,2084.28,694055.13,-1
2025-07-13,2025-07-13 11:30:00,331.96,331.96,331.95,331.95,-0.0,2084.28,694055.13,-1
2025-07-13,2025-07-13 11:40:00,331.95,331.95,331.94,331.94,-0.0,2084.28,694055.13,-1
2025-07-13,2025-07-13 11:50:00,331.94,331.94,331.92,331.92,-0.01,2084.28,694055.13,-1
2025-07-13,2025-07-13 12:00:00,331.92,331.92,331.91,331.91,-0.0,2084.28,694055.13,-1
2025-07-13,2025-07-13 12:10:00,331.91,331.91,331.9,331.9,-0.0,2084.28,694055.13,-1
2025-07-13,2025-07-13 12:20:00,331.9,331.9,331.88,331.88,-0.01,2084.28,694055.13,-1
2025-07-13,2025-07-13 12:30:00,331.88,331.88,331.87,331.87,-0.0,2084.28,694055.13,-1
2025-07-13,2025-07-13 12:40:00,331.87,331.87,331.86,331.86,-0.0,2084.28,694055.13,-1
2025-07-13,2025-07-13 12:50:00,331.86,331.86,331.85,331.85,-0.0,2084.28,694055.13,-1
2025-07-13,2025-07-13 13:00:00,331.85,338.0,320.5,331.83,-0.01,2084.28,694055.13,-1
2025-07-13,2025-07-13 13:10:00,331.83,331.83,331.82,331.82,-0.0,2084.28,694055.13,-1
2025-07-13,2025-07-13 13:20:00,331.82,331.82,331.81,331.81,-0.0,2084.28,694055.13,-1
2025-07-13,2025-07-13 13:30:00,331.81,331.81,331.79,331.79,-0.01,2084.28,694055.13,-1
2025-07-13,2025-07-13 13:40:00,331.79,331.79,331.78,331.78,-0.0,2084.28,694055.13,-1
2025-07-13,2025-07-13 13:50:00,331.78,331.78,331.77,331.77,-0.0,2084.28,694055.13,-1
2025-07-13,2025-07-13 14:00:00,331.77,331.77,331.75,331.75,-0.01,2084.28,694055.13,-1
2025-07-13,2025-07-13 14:10:00,331.75,331.75,331.74,331.74,-0.0,2084.28,694055.13,-1
2025-07-13,2025-07-13 14:20:00,331.74,331.74,331.73,331.73,-0.0,2084.28,694055.13,-1
2025-07-13,2025-07-13 14:30:00,331.73,331.73,331.72,331.72,-0.0,2084.28,694055.13,-1
2025-07-13,2025-07-13 14:40:00,331.72,331.72,331.7,331.7,-0.01,2084.28,694055.13,-1
2025-07-13,2025-07-13 14:50:00,331.7,331.7,331.69,331.69,-0.0,2084.28,694055.13,-1
2025-07-13,2025-07-13 15:00:00,331.69,338.0,320.5,331.69,0.0,2084.28,694055.13,0
2025-07-14,2025-07-14 11:00:00,329.0,337.4,328.7,329.72,0.22,5384.92,1857535.86,1
2025-07-14,2025-07-14 11:10:00,329.72,330.45,329.72,330.45,0.22,5384.92,1857535.86,1
2025-07-14,2025-07-14 11:20:00,330.45,331.17,330.45,331.17,0.22,5384.92,1857535.86,1
2025-07-14,2025-07-14 11:30:00,331.17,331.89,331.17,331.89,0.22,5384.92,1857535.86,1
2025-07-14,2025-07-14 11:40:00,331.89,332.62,331.89,332.62,0.22,5384.92,1857535.86,1
2025-07-14,2025-07-14 11:50:00,332.62,333.34,332.62,333.34,0.22,5384.92,1857535.86,1
2025-07-14,2025-07-14 12:00:00,333.34,334.07,333.34,334.07,0.22,5384.92,1857535.86,1
2025-07-14,2025-07-14 12:10:00,334.07,334.79,334.07,334.79,0.22,5384.92,1857535.86,1
2025-07-14,2025-07-14 12:20:00,334.79,335.51,334.79,335.51,0.22,5384.92,1857535.86,1
2025-07-14,2025-07-14 12:30:00,335.51,336.24,335.51,336.24,0.22,5384.92,1857535.86,1
2025-07-14,2025-07-14 12:40:00,336.24,336.96,336.24,336.96,0.21,5384.92,1857535.86,1
2025-07-14,2025-07-14 12:50:00,336.96,337.69,336.96,337.69,0.22,5384.92,1857535.86,1
2025-07-14,2025-07-14 13:00:00,337.69,357.0,328.0,338.41,0.21,5384.92,1857535.86,1
2025-07-14,2025-07-14 13:10:00,338.41,339.13,338.41,339.13,0.21,5384.92,1857535.86,1
2025-07-14,2025-07-14 13:20:00,339.13,339.86,339.13,339.86,0.22,5384.92,1857535.86,1
2025-07-14,2025-07-14 13:30:00,339.86,340.58,339.86,340.58,0.21,5384.92,1857535.86,1
2025-07-14,2025-07-14 13:40:00,340.58,341.3,340.58,341.3,0.21,5384.92,1857535.86,1
2025-07-14,2025-07-14 13:50:00,341.3,342.03,341.3,342.03,0.21,5384.92,1857535.86,1
2025-07-14,2025-07-14 14:00:00,342.03,342.75,342.03,342.75,0.21,5384.92,1857535.86,1
2025-07-14,2025-07-14 14:10:00,342.75,343.48,342.75,343.48,0.21,5384.92,1857535.86,1
2025-07-14,2025-07-14 14:20:00,343.48,344.2,343.48,344.2,0.21,5384.92,1857535.86,1
2025-07-14,2025-07-14 14:30:00,344.2,344.92,344.2,344.92,0.21,5384.92,1857535.86,1
2025-07-14,2025-07-14 14:40:00,344.92,345.65,344.92,345.65,0.21,5384.92,1857535.86,1
2025-07-14,2025-07-14 14:50:00,345.65,346.37,345.65,346.37,0.21,5384.92,1857535.86,1
2025-07-14,2025-07-14 15:00:00,346.37,357.0,328.0,346.37,0.0,5384.92,1857535.86,0
2025-07-15,2025-07-15 11:00:00,347.0,348.8,344.75,346.99,-0.0,2466.76,857248.22,-1
2025-07-15,2025-07-15 11:10:00,346.99,346.99,346.98,346.98,-0.0,2466.76,857248.22,-1
2025-07-15,2025-07-15 11:20:00,346.98,346.98,346.97,346.97,-0.0,2466.76,857248.22,-1
2025-07-15,2025-07-15 11:30:00,346.97,346.97,346.96,346.96,-0.0,2466.76,857248.22,-1
2025-07-15,2025-07-15 11:40:00,346.96,346.96,346.95,346.95,-0.0,2466.76,857248.22,-1
2025-07-15,2025-07-15 11:50:00,346.95,346.95,346.94,346.94,-0.0,2466.76,857248.22,-1
2025-07-15,2025-07-15 12:00:00,346.94,346.94,346.93,346.93,-0.0,2466.76,857248.22,-1
2025-07-15,2025-07-15 12:10:00,346.93,346.93,346.92,346.92,-0.0,2466.76,857248.22,-1
2025-07-15,2025-07-15 12:20:00,346.92,346.92,346.91,346.91,-0.0,2466.76,857248.22,-1
2025-07-15,2025-07-15 12:30:00,346.91,346.91,346.9,346.9,-0.0,2466.76,857248.22,-1
2025-07-15,2025-07-15 12:40:00,346.9,346.9,346.89,346.89,-0.0,2466.76,857248.22,-1
2025-07-15,2025-07-15 12:50:00,346.89,346.89,346.88,346.88,-0.0,2466.76,857248.22,-1
2025-07-15,2025-07-15 13:00:00,346.88,353.0,339.5,346.87,-0.0,2466.76,857248.22,-1
2025-07-15,2025-07-15 13:10:00,346.87,346.87,346.86,346.86,-0.0,2466.76,857248.22,-1
2025-07-15,2025-07-15 13:20:00,346.86,346.86,346.85,346.85,-0.0,2466.76,857248.22,-1
2025-07-15,2025-07-15 13:30:00,346.85,346.85,346.84,346.84,-0.0,2466.76,857248.22,-1
2025-07-15,2025-07-15 13:40:00,346.84,346.84,346.83,346.83,-0.0,2466.76,857248.22,-1
2025-07-15,2025-07-15 13:50:00,346.83,346.83,346.82,346.82,-0.0,2466.76,857248.22,-1
2025-07-15,2025-07-15 14:00:00,346.82,346.82,346.81,346.81,-0.0,2466.76,857248.22,-1
2025-07-15,2025-07-15 14:10:00,346.81,346.81,346.8,346.8,-0.0,2466.76,857248.22,-1
2025-07-15,2025-07-15 14:20:00,346.8,346.8,346.79,346.79,-0.0,2466.76,857248.22,-1
2025-07-15,2025-07-15 14:30:00,346.79,346.79,346.78,346.78,-0.0,2466.76,857248.22,-1
2025-07-15,2025-07-15 14:40:00,346.78,346.78,346.77,346.77,-0.0,2466.76,857248.22,-1
2025-07-15,2025-07-15 14:50:00,346.77,346.77,346.76,346.76,-0.0,2466.76,857248.22,-1
2025-07-15,2025-07-15 15:00:00,346.76,353.0,339.5,346.76,0.0,2466.76,857248.22,0
2025-07-16,2025-07-16 11:00:00,348.0,349.5,347.1,347.95,-0.01,1892.36,658776.72,-1
2025-07-16,2025-07-16 11:10:00,347.95,347.95,347.9,347.9,-0.01,1892.36,658776.72,-1
2025-07-16,2025-07-16 11:20:00,347.9,347.9,347.85,347.85,-0.01,1892.36,658776.72,-1
2025-07-16,2025-07-16 11:30:00,347.85,347.85,347.8,347.8,-0.01,1892.36,658776.72,-1
2025-07-16,2025-07-16 11:40:00,347.8,347.8,347.75,347.75,-0.01,1892.36,658776.72,-1
2025-07-16,2025-07-16 11:50:00,347.75,347.75,347.7,347.7,-0.01,1892.36,658776.72,-1
2025-07-16,2025-07-16 12:00:00,347.7,347.7,347.65,347.65,-0.01,1892.36,658776.72,-1
2025-07-16,2025-07-16 12:10:00,347.65,347.65,347.6,347.6,-0.01,1892.36,658776.72,-1
2025-07-16,2025-07-16 12:20:00,347.6,347.6,347.55,347.55,-0.01,1892.36,658776.72,-1
2025-07-16,2025-07-16 12:30:00,347.55,347.55,347.5,347.5,-0.01,1892.36,658776.72,-1
2025-07-16,2025-07-16 12:40:00,347.5,347.5,347.45,347.45,-0.01,1892.36,658776.72,-1
2025-07-16,2025-07-16 12:50:00,347.45,347.45,347.39,347.39,-0.02,1892.36,658776.72,-1
2025-07-16,2025-07-16 13:00:00,347.39,353.0,345.0,347.34,-0.01,1892.36,658776.72,-1
2025-07-16,2025-07-16 13:10:00,347.34,347.34,347.29,347.29,-0.01,1892.36,658776.72,-1
2025-07-16,2025-07-16 13:20:00,347.29,347.29,347.24,347.24,-0.01,1892.36,658776.72,-1
2025-07-16,2025-07-16 13:30:00,347.24,347.24,347.19,347.19,-0.01,1892.36,658776.72,-1
2025-07-16,2025-07-16 13:40:00,347.19,347.19,347.14,347.14,-0.01,1892.36,658776.72,-1
2025-07-16,2025-07-16 13:50:00,347.14,347.14,347.09,347.09,-0.01,1892.36,658776.72,-1
2025-07-16,2025-07-16 14:00:00,347.09,347.09,347.04,347.04,-0.01,1892.36,658776.72,-1
2025-07-16,2025-07-16 14:10:00,347.04,347.04,346.99,346.99,-0.01,1892.36,658776.72,-1
2025-07-16,2025-07-16 14:20:00,346.99,346.99,346.94,346.94,-0.01,1892.36,658776.72,-1
2025-07-16,2025-07-16 14:30:00,346.94,346.94,346.89,346.89,-0.01,1892.36,658776.72,-1
2025-07-16,2025-07-16 14:40:00,346.89,346.89,346.84,346.84,-0.01,1892.36,658776.72,-1
2025-07-16,2025-07-16 14:50:00,346.84,346.84,346.79,346.79,-0.01,1892.36,658776.72,-1
2025-07-16,2025-07-16 15:00:00,346.79,353.0,345.0,346.79,0.0,1892.36,658776.72,0
2025-07-17,2025-07-17 11:00:00,350.0,353.9,347.93,350.19,0.05,4355.44,1538518.48,1
2025-07-17,2025-07-17 11:10:00,350.19,350.38,350.19,350.38,0.05,4355.44,1538518.48,1
2025-07-17,2025-07-17 11:20:00,350.38,350.56,350.38,350.56,0.05,4355.44,1538518.48,1
2025-07-17,2025-07-17 11:30:00,350.56,350.75,350.56,350.75,0.05,4355.44,1538518.48,1
2025-07-17,2025-07-17 11:40:00,350.75,350.94,350.75,350.94,0.05,4355.44,1538518.48,1
2025-07-17,2025-07-17 11:50:00,350.94,351.13,350.94,351.13,0.05,4355.44,1538518.48,1
2025-07-17,2025-07-17 12:00:00,351.13,351.32,351.13,351.32,0.05,4355.44,1538518.48,1
2025-07-17,2025-07-17 12:10:00,351.32,351.51,351.32,351.51,0.05,4355.44,1538518.48,1
2025-07-17,2025-07-17 12:20:00,351.51,351.69,351.51,351.69,0.05,4355.44,1538518.48,1
2025-07-17,2025-07-17 12:30:00,351.69,351.88,351.69,351.88,0.05,4355.44,1538518.48,1
2025-07-17,2025-07-17 12:40:00,351.88,352.07,351.88,352.07,0.05,4355.44,1538518.48,1
2025-07-17,2025-07-17 12:50:00,352.07,352.26,352.07,352.26,0.05,4355.44,1538518.48,1
2025-07-17,2025-07-17 13:00:00,352.26,363.0,343.1,352.45,0.05,4355.44,1538518.48,1
2025-07-17,2025-07-17 13:10:00,352.45,352.64,352.45,352.64,0.05,4355.44,1538518.48,1
2025-07-17,2025-07-17 13:20:00,352.64,352.82,352.64,352.82,0.05,4355.44,1538518.48,1
2025-07-17,2025-07-17 13:30:00,352.82,353.01,352.82,353.01,0.05,4355.44,1538518.48,1
2025-07-17,2025-07-17 13:40:00,353.01,353.2,353.01,353.2,0.05,4355.44,1538518.48,1
2025-07-17,2025-07-17 13:50:00,353.2,353.39,353.2,353.39,0.05,4355.44,1538518.48,1
2025-07-17,2025-07-17 14:00:00,353.39,353.58,353.39,353.58,0.05,4355.44,1538518.48,1
2025-07-17,2025-07-17 14:10:00,353.58,353.77,353.58,353.77,0.05,4355.44,1538518.48,1
2025-07-17,2025-07-17 14:20:00,353.77,353.95,353.77,353.95,0.05,4355.44,1538518.48,1
2025-07-17,2025-07-17 14:30:00,353.95,354.14,353.95,354.14,0.05,4355.44,1538518.48,1
2025-07-17,2025-07-17 14:40:00,354.14,354.33,354.14,354.33,0.05,4355.44,1538518.48,1
2025-07-17,2025-07-17 14:50:00,354.33,354.52,354.33,354.52,0.05,4355.44,1538518.48,1
2025-07-17,2025-07-17 15:00:00,354.52,363.0,343.1,354.52,0.0,4355.44,1538518.48,0
2025-07-20,2025-07-20 11:00:00,361.6,366.94,358.15,361.49,-0.03,6663.52,2447147.34,-1
2025-07-20,2025-07-20 11:10:00,361.49,361.49,361.37,361.37,-0.03,6663.52,2447147.34,-1
2025-07-20,2025-07-20 11:20:00,361.37,361.37,361.26,361.26,-0.03,6663.52,2447147.34,-1
2025-07-20,2025-07-20 11:30:00,361.26,361.26,361.15,361.15,-0.03,6663.52,2447147.34,-1
2025-07-20,2025-07-20 11:40:00,361.15,361.15,361.04,361.04,-0.03,6663.52,2447147.34,-1
2025-07-20,2025-07-20 11:50:00,361.04,361.04,360.92,360.92,-0.03,6663.52,2447147.34,-1
2025-07-20,2025-07-20 12:00:00,360.92,360.92,360.81,360.81,-0.03,6663.52,2447147.34,-1
2025-07-20,2025-07-20 12:10:00,360.81,360.81,360.7,360.7,-0.03,6663.52,2447147.34,-1
2025-07-20,2025-07-20 12:20:00,360.7,360.7,360.58,360.58,-0.03,6663.52,2447147.34,-1
2025-07-20,2025-07-20 12:30:00,360.58,360.58,360.47,360.47,-0.03,6663.52,2447147.34,-1
2025-07-20,2025-07-20 12:40:00,360.47,360.47,360.36,360.36,-0.03,6663.52,2447147.34,-1
2025-07-20,2025-07-20 12:50:00,360.36,360.36,360.25,360.25,-0.03,6663.52,2447147.34,-1
2025-07-20,2025-07-20 13:00:00,360.25,379.4,350.1,360.13,-0.03,6663.52,2447147.34,-1
2025-07-20,2025-07-20 13:10:00,360.13,360.13,360.02,360.02,-0.03,6663.52,2447147.34,-1
2025-07-20,2025-07-20 13:20:00,360.02,360.02,359.91,359.91,-0.03,6663.52,2447147.34,-1
2025-07-20,2025-07-20 13:30:00,359.91,359.91,359.79,359.79,-0.03,6663.52,2447147.34,-1
2025-07-20,2025-07-20 13:40:00,359.79,359.79,359.68,359.68,-0.03,6663.52,2447147.34,-1
2025-07-20,2025-07-20 13:50:00,359.68,359.68,359.57,359.57,-0.03,6663.52,2447147.34,-1
2025-07-20,2025-07-20 14:00:00,359.57,359.57,359.45,359.45,-0.03,6663.52,2447147.34,-1
2025-07-20,2025-07-20 14:10:00,359.45,359.45,359.34,359.34,-0.03,6663.52,2447147.34,-1
2025-07-20,2025-07-20 14:20:00,359.34,359.34,359.23,359.23,-0.03,6663.52,2447147.34,-1
2025-07-20,2025-07-20 14:30:00,359.23,359.23,359.12,359.12,-0.03,6663.52,2447147.34,-1
2025-07-20,2025-07-20 14:40:00,359.12,359.12,359.0,359.0,-0.03,6663.52,2447147.34,-1
2025-07-20,2025-07-20 14:50:00,359.0,359.0,358.89,358.89,-0.03,6663.52,2447147.34,-1
2025-07-20,2025-07-20 15:00:00,358.89,379.4,350.1,358.89,0.0,6663.52,2447147.34,0
2025-07-21,2025-07-21 11:00:00,358.0,359.5,350.32,357.47,-0.15,5829.4,2021018.32,-1
2025-07-21,2025-07-21 11:10:00,357.47,357.47,356.94,356.94,-0.15,5829.4,2021018.32,-1
2025-07-21,2025-07-21 11:20:00,356.94,356.94,356.41,356.41,-0.15,5829.4,2021018.32,-1
2025-07-21,2025-07-21 11:30:00,356.41,356.41,355.88,355.88,-0.15,5829.4,2021018.32,-1
2025-07-21,2025-07-21 11:40:00,355.88,355.88,355.35,355.35,-0.15,5829.4,2021018.32,-1
2025-07-21,2025-07-21 11:50:00,355.35,355.35,354.81,354.81,-0.15,5829.4,2021018.32,-1
2025-07-21,2025-07-21 12:00:00,354.81,354.81,354.28,354.28,-0.15,5829.4,2021018.32,-1
2025-07-21,2025-07-21 12:10:00,354.28,354.28,353.75,353.75,-0.15,5829.4,2021018.32,-1
2025-07-21,2025-07-21 12:20:00,353.75,353.75,353.22,353.22,-0.15,5829.4,2021018.32,-1
2025-07-21,2025-07-21 12:30:00,353.22,353.22,352.69,352.69,-0.15,5829.4,2021018.32,-1
2025-07-21,2025-07-21 12:40:00,352.69,352.69,352.16,352.16,-0.15,5829.4,2021018.32,-1
2025-07-21,2025-07-21 12:50:00,352.16,352.16,351.63,351.63,-0.15,5829.4,2021018.32,-1
2025-07-21,2025-07-21 13:00:00,351.63,363.0,332.4,351.1,-0.15,5829.4,2021018.32,-1
2025-07-21,2025-07-21 13:10:00,351.1,351.1,350.57,350.57,-0.15,5829.4,2021018.32,-1
2025-07-21,2025-07-21 13:20:00,350.57,350.57,350.04,350.04,-0.15,5829.4,2021018.32,-1
2025-07-21,2025-07-21 13:30:00,350.04,350.04,349.51,349.51,-0.15,5829.4,2021018.32,-1
2025-07-21,2025-07-21 13:40:00,349.51,349.51,348.98,348.98,-0.15,5829.4,2021018.32,-1
2025-07-21,2025-07-21 13:50:00,348.98,348.98,348.44,348.44,-0.15,5829.4,2021018.32,-1
2025-07-21,2025-07-21 14:00:00,348.44,348.44,347.91,347.91,-0.15,5829.4,2021018.32,-1
2025-07-21,2025-07-21 14:10:00,347.91,347.91,347.38,347.38,-0.15,5829.4,2021018.32,-1
2025-07-21,2025-07-21 14:20:00,347.38,347.38,346.85,346.85,-0.15,5829.4,2021018.32,-1
2025-07-21,2025-07-21 14:30:00,346.85,346.85,346.32,346.32,-0.15,5829.4,2021018.32,-1
2025-07-21,2025-07-21 14:40:00,346.32,346.32,345.79,345.79,-0.15,5829.4,2021018.32,-1
2025-07-21,2025-07-21 14:50:00,345.79,345.79,345.26,345.26,-0.15,5829.4,2021018.32,-1
2025-07-21,2025-07-21 15:00:00,345.26,363.0,332.4,345.26,0.0,5829.4,2021018.32,0
2025-07-22,2025-07-22 11:00:00,346.0,349.3,342.1,346.29,0.08,4052.48,1390363.2,1
2025-07-22,2025-07-22 11:10:00,346.29,346.57,346.29,346.57,0.08,4052.48,1390363.2,1
2025-07-22,2025-07-22 11:20:00,346.57,346.86,346.57,346.86,0.08,4052.48,1390363.2,1
2025-07-22,2025-07-22 11:30:00,346.86,347.14,346.86,347.14,0.08,4052.48,1390363.2,1
2025-07-22,2025-07-22 11:40:00,347.14,347.43,347.14,347.43,0.08,4052.48,1390363.2,1
2025-07-22,2025-07-22 11:50:00,347.43,347.71,347.43,347.71,0.08,4052.48,1390363.2,1
2025-07-22,2025-07-22 12:00:00,347.71,348.0,347.71,348.0,0.08,4052.48,1390363.2,1
2025-07-22,2025-07-22 12:10:00,348.0,348.28,348.0,348.28,0.08,4052.48,1390363.2,1
2025-07-22,2025-07-22 12:20:00,348.28,348.56,348.28,348.56,0.08,4052.48,1390363.2,1
2025-07-22,2025-07-22 12:30:00,348.56,348.85,348.56,348.85,0.08,4052.48,1390363.2,1
2025-07-22,2025-07-22 12:40:00,348.85,349.13,348.85,349.13,0.08,4052.48,1390363.2,1
2025-07-22,2025-07-22 12:50:00,349.13,349.42,349.13,349.42,0.08,4052.48,1390363.2,1
2025-07-22,2025-07-22 13:00:00,349.42,357.0,333.0,349.7,0.08,4052.48,1390363.2,1
2025-07-22,2025-07-22 13:10:00,349.7,349.99,349.7,349.99,0.08,4052.48,1390363.2,1
2025-07-22,2025-07-22 13:20:00,349.99,350.27,349.99,350.27,0.08,4052.48,1390363.2,1
2025-07-22,2025-07-22 13:30:00,350.27,350.56,350.27,350.56,0.08,4052.48,1390363.2,1
2025-07-22,2025-07-22 13:40:00,350.56,350.84,350.56,350.84,0.08,4052.48,1390363.2,1
2025-07-22,2025-07-22 13:50:00,350.84,351.13,350.84,351.13,0.08,4052.48,1390363.2,1
2025-07-22,2025-07-22 14:00:00,351.13,351.41,351.13,351.41,0.08,4052.48,1390363.2,1
2025-07-22,2025-07-22 14:10:00,351.41,351.7,351.41,351.7,0.08,4052.48,1390363.2,1
2025-07-22,2025-07-22 14:20:00,351.7,351.98,351.7,351.98,0.08,4052.48,1390363.2,1
2025-07-22,2025-07-22 14:30:00,351.98,352.27,351.98,352.27,0.08,4052.48,1390363.2,1
2025-07-22,2025-07-22 14:40:00,352.27,352.55,352.27,352.55,0.08,4052.48,1390363.2,1
2025-07-22,2025-07-22 14:50:00,352.55,352.84,352.55,352.84,0.08,4052.48,1390363.2,1
2025-07-22,2025-07-22 15:00:00,352.84,357.0,333.0,352.84,0.0,4052.48,1390363.2,0
2025-07-23,2025-07-23 11:00:00,352.0,354.07,347.5,351.63,-0.11,3073.88,1062882.59,-1
2025-07-23,2025-07-23 11:10:00,351.63,351.63,351.25,351.25,-0.11,3073.88,1062882.59,-1
2025-07-23,2025-07-23 11:20:00,351.25,351.25,350.88,350.88,-0.11,3073.88,1062882.59,-1
2025-07-23,2025-07-23 11:30:00,350.88,350.88,350.51,350.51,-0.11,3073.88,1062882.59,-1
2025-07-23,2025-07-23 11:40:00,350.51,350.51,350.14,350.14,-0.11,3073.88,1062882.59,-1
2025-07-23,2025-07-23 11:50:00,350.14,350.14,349.76,349.76,-0.11,3073.88,1062882.59,-1
2025-07-23,2025-07-23 12:00:00,349.76,349.76,349.39,349.39,-0.11,3073.88,1062882.59,-1
2025-07-23,2025-07-23 12:10:00,349.39,349.39,349.02,349.02,-0.11,3073.88,1062882.59,-1
2025-07-23,2025-07-23 12:20:00,349.02,349.02,348.65,348.65,-0.11,3073.88,1062882.59,-1
2025-07-23,2025-07-23 12:30:00,348.65,348.65,348.27,348.27,-0.11,3073.88,1062882.59,-1
2025-07-23,2025-07-23 12:40:00,348.27,348.27,347.9,347.9,-0.11,3073.88,1062882.59,-1
2025-07-23,2025-07-23 12:50:00,347.9,347.9,347.53,347.53,-0.11,3073.88,1062882.59,-1
2025-07-23,2025-07-23 13:00:00,347.53,358.9,337.0,347.16,-0.11,3073.88,1062882.59,-1
2025-07-23,2025-07-23 13:10:00,347.16,347.16,346.79,346.79,-0.11,3073.88,1062882.59,-1
2025-07-23,2025-07-23 13:20:00,346.79,346.79,346.41,346.41,-0.11,3073.88,1062882.59,-1
2025-07-23,2025-07-23 13:30:00,346.41,346.41,346.04,346.04,-0.11,3073.88,1062882.59,-1
2025-07-23,2025-07-23 13:40:00,346.04,346.04,345.67,345.67,-0.11,3073.88,1062882.59,-1
2025-07-23,2025-07-23 13:50:00,345.67,345.67,345.3,345.3,-0.11,3073.88,1062882.59,-1
2025-07-23,2025-07-23 14:00:00,345.3,345.3,344.92,344.92,-0.11,3073.88,1062882.59,-1
2025-07-23,2025-07-23 14:10:00,344.92,344.92,344.55,344.55,-0.11,3073.88,1062882.59,-1
2025-07-23,2025-07-23 14:20:00,344.55,344.55,344.18,344.18,-0.11,3073.88,1062882.59,-1
2025-07-23,2025-07-23 14:30:00,344.18,344.18,343.81,343.81,-0.11,3073.88,1062882.59,-1
2025-07-23,2025-07-23 14:40:00,343.81,343.81,343.43,343.43,-0.11,3073.88,1062882.59,-1
2025-07-23,2025-07-23 14:50:00,343.43,343.43,343.06,343.06,-0.11,3073.88,1062882.59,-1
2025-07-23,2025-07-23 15:00:00,343.06,358.9,337.0,343.06,0.0,3073.88,1062882.59,0
2025-07-24,2025-07-24 11:00:00,345.0,345.6,343.5,344.87,-0.04,2447.48,837584.6,-1
2025-07-24,2025-07-24 11:10:00,344.87,344.87,344.74,344.74,-0.04,2447.48,837584.6,-1
2025-07-24,2025-07-24 11:20:00,344.74,344.74,344.61,344.61,-0.04,2447.48,837584.6,-1
2025-07-24,2025-07-24 11:30:00,344.61,344.61,344.48,344.48,-0.04,2447.48,837584.6,-1
2025-07-24,2025-07-24 11:40:00,344.48,344.48,344.35,344.35,-0.04,2447.48,837584.6,-1
2025-07-24,2025-07-24 11:50:00,344.35,344.35,344.22,344.22,-0.04,2447.48,837584.6,-1
2025-07-24,2025-07-24 12:00:00,344.22,344.22,344.09,344.09,-0.04,2447.48,837584.6,-1
2025-07-24,2025-07-24 12:10:00,344.09,344.09,343.96,343.96,-0.04,2447.48,837584.6,-1
2025-07-24,2025-07-24 12:20:00,343.96,343.96,343.83,343.83,-0.04,2447.48,837584.6,-1
2025-07-24,2025-07-24 12:30:00,343.83,343.83,343.7,343.7,-0.04,2447.48,837584.6,-1
2025-07-24,2025-07-24 12:40:00,343.7,343.7,343.57,343.57,-0.04,2447.48,837584.6,-1
2025-07-24,2025-07-24 12:50:00,343.57,343.57,343.44,343.44,-0.04,2447.48,837584.6,-1
2025-07-24,2025-07-24 13:00:00,343.44,347.0,340.0,343.31,-0.04,2447.48,837584.6,-1
2025-07-24,2025-07-24 13:10:00,343.31,343.31,343.18,343.18,-0.04,2447.48,837584.6,-1
2025-07-24,2025-07-24 13:20:00,343.18,343.18,343.05,343.05,-0.04,2447.48,837584.6,-1
2025-07-24,2025-07-24 13:30:00,343.05,343.05,342.92,342.92,-0.04,2447.48,837584.6,-1
2025-07-24,2025-07-24 13:40:00,342.92,342.92,342.79,342.79,-0.04,2447.48,837584.6,-1
2025-07-24,2025-07-24 13:50:00,342.79,342.79,342.66,342.66,-0.04,2447.48,837584.6,-1
2025-07-24,2025-07-24 14:00:00,342.66,342.66,342.53,342.53,-0.04,2447.48,837584.6,-1
2025-07-24,2025-07-24 14:10:00,342.53,342.53,342.4,342.4,-0.04,2447.48,837584.6,-1
2025-07-24,2025-07-24 14:20:00,342.4,342.4,342.27,342.27,-0.04,2447.48,837584.6,-1
2025-07-24,2025-07-24 14:30:00,342.27,342.27,342.14,342.14,-0.04,2447.48,837584.6,-1
2025-07-24,2025-07-24 14:40:00,342.14,342.14,342.01,342.01,-0.04,2447.48,837584.6,-1
2025-07-24,2025-07-24 14:50:00,342.01,342.01,341.88,341.88,-0.04,2447.48,837584.6,-1
2025-07-24,2025-07-24 15:00:00,341.88,347.0,340.0,341.88,0.0,2447.48,837584.6,0
2025-07-27,2025-07-27 11:00:00,336.0,339.9,336.0,336.07,0.02,2388.48,815587.2,1
2025-07-27,2025-07-27 11:10:00,336.07,336.14,336.07,336.14,0.02,2388.48,815587.2,1
2025-07-27,2025-07-27 11:20:00,336.14,336.2,336.14,336.2,0.02,2388.48,815587.2,1
2025-07-27,2025-07-27 11:30:00,336.2,336.27,336.2,336.27,0.02,2388.48,815587.2,1
2025-07-27,2025-07-27 11:40:00,336.27,336.34,336.27,336.34,0.02,2388.48,815587.2,1
2025-07-27,2025-07-27 11:50:00,336.34,336.41,336.34,336.41,0.02,2388.48,815587.2,1
2025-07-27,2025-07-27 12:00:00,336.41,336.48,336.41,336.48,0.02,2388.48,815587.2,1
2025-07-27,2025-07-27 12:10:00,336.48,336.54,336.48,336.54,0.02,2388.48,815587.2,1
2025-07-27,2025-07-27 12:20:00,336.54,336.61,336.54,336.61,0.02,2388.48,815587.2,1
2025-07-27,2025-07-27 12:30:00,336.61,336.68,336.61,336.68,0.02,2388.48,815587.2,1
2025-07-27,2025-07-27 12:40:00,336.68,336.75,336.68,336.75,0.02,2388.48,815587.2,1
2025-07-27,2025-07-27 12:50:00,336.75,336.81,336.75,336.81,0.02,2388.48,815587.2,1
2025-07-27,2025-07-27 13:00:00,336.81,349.0,336.0,336.88,0.02,2388.48,815587.2,1
2025-07-27,2025-07-27 13:10:00,336.88,336.95,336.88,336.95,0.02,2388.48,815587.2,1
2025-07-27,2025-07-27 13:20:00,336.95,337.02,336.95,337.02,0.02,2388.48,815587.2,1
2025-07-27,2025-07-27 13:30:00,337.02,337.09,337.02,337.09,0.02,2388.48,815587.2,1
2025-07-27,2025-07-27 13:40:00,337.09,337.15,337.09,337.15,0.02,2388.48,815587.2,1
2025-07-27,2025-07-27 13:50:00,337.15,337.22,337.15,337.22,0.02,2388.48,815587.2,1
2025-07-27,2025-07-27 14:00:00,337.22,337.29,337.22,337.29,0.02,2388.48,815587.2,1
2025-07-27,2025-07-27 14:10:00,337.29,337.36,337.29,337.36,0.02,2388.48,815587.2,1
2025-07-27,2025-07-27 14:20:00,337.36,337.43,337.36,337.43,0.02,2388.48,815587.2,1
2025-07-27,2025-07-27 14:30:00,337.43,337.49,337.43,337.49,0.02,2388.48,815587.2,1
2025-07-27,2025-07-27 14:40:00,337.49,337.56,337.49,337.56,0.02,2388.48,815587.2,1
2025-07-27,2025-07-27 14:50:00,337.56,337.63,337.56,337.63,0.02,2388.48,815587.2,1
2025-07-27,2025-07-27 15:00:00,337.63,349.0,336.0,337.63,0.0,2388.48,815587.2,0
2025-07-28,2025-07-28 11:00:00,337.0,339.04,336.4,337.18,0.05,1528.56,519156.61,1
2025-07-28,2025-07-28 11:10:00,337.18,337.35,337.18,337.35,0.05,1528.56,519156.61,1
2025-07-28,2025-07-28 11:20:00,337.35,337.53,337.35,337.53,0.05,1528.56,519156.61,1
2025-07-28,2025-07-28 11:30:00,337.53,337.7,337.53,337.7,0.05,1528.56,519156.61,1
2025-07-28,2025-07-28 11:40:00,337.7,337.88,337.7,337.88,0.05,1528.56,519156.61,1
2025-07-28,2025-07-28 11:50:00,337.88,338.06,337.88,338.06,0.05,1528.56,519156.61,1
2025-07-28,2025-07-28 12:00:00,338.06,338.23,338.06,338.23,0.05,1528.56,519156.61,1
2025-07-28,2025-07-28 12:10:00,338.23,338.41,338.23,338.41,0.05,1528.56,519156.61,1
2025-07-28,2025-07-28 12:20:00,338.41,338.58,338.41,338.58,0.05,1528.56,519156.61,1
2025-07-28,2025-07-28 12:30:00,338.58,338.76,338.58,338.76,0.05,1528.56,519156.61,1
2025-07-28,2025-07-28 12:40:00,338.76,338.93,338.76,338.93,0.05,1528.56,519156.61,1
2025-07-28,2025-07-28 12:50:00,338.93,339.11,338.93,339.11,0.05,1528.56,519156.61,1
2025-07-28,2025-07-28 13:00:00,339.11,343.8,335.0,339.29,0.05,1528.56,519156.61,1
2025-07-28,2025-07-28 13:10:00,339.29,339.46,339.29,339.46,0.05,1528.56,519156.61,1
2025-07-28,2025-07-28 13:20:00,339.46,339.64,339.46,339.64,0.05,1528.56,519156.61,1
2025-07-28,2025-07-28 13:30:00,339.64,339.81,339.64,339.81,0.05,1528.56,519156.61,1
2025-07-28,2025-07-28 13:40:00,339.81,339.99,339.81,339.99,0.05,1528.56,519156.61,1
2025-07-28,2025-07-28 13:50:00,339.99,340.17,339.99,340.17,0.05,1528.56,519156.61,1
2025-07-28,2025-07-28 14:00:00,340.17,340.34,340.17,340.34,0.05,1528.56,519156.61,1
2025-07-28,2025-07-28 14:10:00,340.34,340.52,340.34,340.52,0.05,1528.56,519156.61,1
2025-07-28,2025-07-28 14:20:00,340.52,340.69,340.52,340.69,0.05,1528.56,519156.61,1
2025-07-28,2025-07-28 14:30:00,340.69,340.87,340.69,340.87,0.05,1528.56,519156.61,1
2025-07-28,2025-07-28 14:40:00,340.87,341.04,340.87,341.04,0.05,1528.56,519156.61,1
2025-07-28,2025-07-28 14:50:00,341.04,341.22,341.04,341.22,0.05,1528.56,519156.61,1
2025-07-28,2025-07-28 15:00:00,341.22,343.8,335.0,341.22,0.0,1528.56,519156.61,0
2025-07-29,2025-07-29 11:00:00,347.8,347.83,345.46,347.57,-0.07,2011.72,690958.03,-1
2025-07-29,2025-07-29 11:10:00,347.57,347.57,347.34,347.34,-0.07,2011.72,690958.03,-1
2025-07-29,2025-07-29 11:20:00,347.34,347.34,347.11,347.11,-0.07,2011.72,690958.03,-1
2025-07-29,2025-07-29 11:30:00,347.11,347.11,346.87,346.87,-0.07,2011.72,690958.03,-1
2025-07-29,2025-07-29 11:40:00,346.87,346.87,346.64,346.64,-0.07,2011.72,690958.03,-1
2025-07-29,2025-07-29 11:50:00,346.64,346.64,346.41,346.41,-0.07,2011.72,690958.03,-1
2025-07-29,2025-07-29 12:00:00,346.41,346.41,346.18,346.18,-0.07,2011.72,690958.03,-1
2025-07-29,2025-07-29 12:10:00,346.18,346.18,345.95,345.95,-0.07,2011.72,690958.03,-1
2025-07-29,2025-07-29 12:20:00,345.95,345.95,345.72,345.72,-0.07,2011.72,690958.03,-1
2025-07-29,2025-07-29 12:30:00,345.72,345.72,345.48,345.48,-0.07,2011.72,690958.03,-1
2025-07-29,2025-07-29 12:40:00,345.48,345.48,345.25,345.25,-0.07,2011.72,690958.03,-1
2025-07-29,2025-07-29 12:50:00,345.25,345.25,345.02,345.02,-0.07,2011.72,690958.03,-1
2025-07-29,2025-07-29 13:00:00,345.02,347.9,340.0,344.79,-0.07,2011.72,690958.03,-1
2025-07-29,2025-07-29 13:10:00,344.79,344.79,344.56,344.56,-0.07,2011.72,690958.03,-1
2025-07-29,2025-07-29 13:20:00,344.56,344.56,344.32,344.32,-0.07,2011.72,690958.03,-1
2025-07-29,2025-07-29 13:30:00,344.32,344.32,344.09,344.09,-0.07,2011.72,690958.03,-1
2025-07-29,2025-07-29 13:40:00,344.09,344.09,343.86,343.86,-0.07,2011.72,690958.03,-1
2025-07-29,2025-07-29 13:50:00,343.86,343.86,343.63,343.63,-0.07,2011.72,690958.03,-1
2025-07-29,2025-07-29 14:00:00,343.63,343.63,343.4,343.4,-0.07,2011.72,690958.03,-1
2025-07-29,2025-07-29 14:10:00,343.4,343.4,343.17,343.17,-0.07,2011.72,690958.03,-1
2025-07-29,2025-07-29 14:20:00,343.17,343.17,342.94,342.94,-0.07,2011.72,690958.03,-1
2025-07-29,2025-07-29 14:30:00,342.94,342.94,342.7,342.7,-0.07,2011.72,690958.03,-1
2025-07-29,2025-07-29 14:40:00,342.7,342.7,342.47,342.47,-0.07,2011.72,690958.03,-1
2025-07-29,2025-07-29 14:50:00,342.47,342.47,342.24,342.24,-0.07,2011.72,690958.03,-1
2025-07-29,2025-07-29 15:00:00,342.24,347.9,340.0,342.24,0.0,2011.72,690958.03,0
2025-07-30,2025-07-30 11:00:00,341.0,342.5,340.1,340.93,-0.02,1859.88,634618.53,-1
2025-07-30,2025-07-30 11:10:00,340.93,340.93,340.85,340.85,-0.02,1859.88,634618.53,-1
2025-07-30,2025-07-30 11:20:00,340.85,340.85,340.78,340.78,-0.02,1859.88,634618.53,-1
2025-07-30,2025-07-30 11:30:00,340.78,340.78,340.7,340.7,-0.02,1859.88,634618.53,-1
2025-07-30,2025-07-30 11:40:00,340.7,340.7,340.63,340.63,-0.02,1859.88,634618.53,-1
2025-07-30,2025-07-30 11:50:00,340.63,340.63,340.56,340.56,-0.02,1859.88,634618.53,-1
2025-07-30,2025-07-30 12:00:00,340.56,340.56,340.48,340.48,-0.02,1859.88,634618.53,-1
2025-07-30,2025-07-30 12:10:00,340.48,340.48,340.41,340.41,-0.02,1859.88,634618.53,-1
2025-07-30,2025-07-30 12:20:00,340.41,340.41,340.33,340.33,-0.02,1859.88,634618.53,-1
2025-07-30,2025-07-30 12:30:00,340.33,340.33,340.26,340.26,-0.02,1859.88,634618.53,-1
2025-07-30,2025-07-30 12:40:00,340.26,340.26,340.18,340.18,-0.02,1859.88,634618.53,-1
2025-07-30,2025-07-30 12:50:00,340.18,340.18,340.11,340.11,-0.02,1859.88,634618.53,-1
2025-07-30,2025-07-30 13:00:00,340.11,346.0,338.0,340.04,-0.02,1859.88,634618.53,-1
2025-07-30,2025-07-30 13:10:00,340.04,340.04,339.96,339.96,-0.02,1859.88,634618.53,-1
2025-07-30,2025-07-30 13:20:00,339.96,339.96,339.89,339.89,-0.02,1859.88,634618.53,-1
2025-07-30,2025-07-30 13:30:00,339.89,339.89,339.81,339.81,-0.02,1859.88,634618.53,-1
2025-07-30,2025-07-30 13:40:00,339.81,339.81,339.74,339.74,-0.02,1859.88,634618.53,-1
2025-07-30,2025-07-30 13:50:00,339.74,339.74,339.67,339.67,-0.02,1859.88,634618.53,-1
2025-07-30,2025-07-30 14:00:00,339.67,339.67,339.59,339.59,-0.02,1859.88,634618.53,-1
2025-07-30,2025-07-30 14:10:00,339.59,339.59,339.52,339.52,-0.02,1859.88,634618.53,-1
2025-07-30,2025-07-30 14:20:00,339.52,339.52,339.44,339.44,-0.02,1859.88,634618.53,-1
2025-07-30,2025-07-30 14:30:00,339.44,339.44,339.37,339.37,-0.02,1859.88,634618.53,-1
2025-07-30,2025-07-30 14:40:00,339.37,339.37,339.29,339.29,-0.02,1859.88,634618.53,-1
2025-07-30,2025-07-30 14:50:00,339.29,339.29,339.22,339.22,-0.02,1859.88,634618.53,-1
2025-07-30,2025-07-30 15:00:00,339.22,346.0,338.0,339.22,0.0,1859.88,634618.53,0
2025-07-31,2025-07-31 11:00:00,345.7,347.83,343.99,345.7,0.0,3185.28,1102754.65,0
2025-07-31,2025-07-31 11:10:00,345.7,345.7,345.7,345.7,0.0,3185.28,1102754.65,0
2025-07-31,2025-07-31 11:20:00,345.7,345.7,345.7,345.7,0.0,3185.28,1102754.65,0
2025-07-31,2025-07-31 11:30:00,345.7,345.7,345.7,345.7,0.0,3185.28,1102754.65,0
2025-07-31,2025-07-31 11:40:00,345.7,345.7,345.7,345.7,0.0,3185.28,1102754.65,0
2025-07-31,2025-07-31 11:50:00,345.7,345.7,345.7,345.7,0.0,3185.28,1102754.65,0
2025-07-31,2025-07-31 12:00:00,345.7,345.7,345.7,345.7,0.0,3185.28,1102754.65,0
2025-07-31,2025-07-31 12:10:00,345.7,345.7,345.7,345.7,0.0,3185.28,1102754.65,0
2025-07-31,2025-07-31 12:20:00,345.7,345.7,345.7,345.7,0.0,3185.28,1102754.65,0
2025-07-31,2025-07-31 12:30:00,345.7,345.7,345.7,345.7,0.0,3185.28,1102754.65,0
2025-07-31,2025-07-31 12:40:00,345.7,345.7,345.7,345.7,0.0,3185.28,1102754.65,0
2025-07-31,2025-07-31 12:50:00,345.7,345.7,345.7,345.7,0.0,3185.28,1102754.65,0
2025-07-31,2025-07-31 13:00:00,345.7,352.8,340.0,345.7,0.0,3185.28,1102754.65,0
2025-07-31,2025-07-31 13:10:00,345.7,345.7,345.7,345.7,0.0,3185.28,1102754.65,0
2025-07-31,2025-07-31 13:20:00,345.7,345.7,345.7,345.7,0.0,3185.28,1102754.65,0
2025-07-31,2025-07-31 13:30:00,345.7,345.7,345.7,345.7,0.0,3185.28,1102754.65,0
2025-07-31,2025-07-31 13:40:00,345.7,345.7,345.7,345.7,0.0,3185.28,1102754.65,0
2025-07-31,2025-07-31 13:50:00,345.7,345.7,345.7,345.7,0.0,3185.28,1102754.65,0
2025-07-31,2025-07-31 14:00:00,345.7,345.7,345.7,345.7,0.0,3185.28,1102754.65,0
2025-07-31,2025-07-31 14:10:00,345.7,345.7,345.7,345.7,0.0,3185.28,1102754.65,0
2025-07-31,2025-07-31 14:20:00,345.7,345.7,345.7,345.7,0.0,3185.28,1102754.65,0
2025-07-31,2025-07-31 14:30:00,345.7,345.7,345.7,345.7,0.0,3185.28,1102754.65,0
2025-07-31,2025-07-31 14:40:00,345.7,345.7,345.7,345.7,0.0,3185.28,1102754.65,0
2025-07-31,2025-07-31 14:50:00,345.7,345.7,345.7,345.7,0.0,3185.28,1102754.65,0
2025-07-31,2025-07-31 15:00:00,345.7,352.8,340.0,345.7,0.0,3185.28,1102754.65,0
2025-08-03,2025-08-03 11:00:00,347.0,348.5,343.55,346.56,-0.13,1514.32,515352.95,-1
2025-08-03,2025-08-03 11:10:00,346.56,346.56,346.12,346.12,-0.13,1514.32,515352.95,-1
2025-08-03,2025-08-03 11:20:00,346.12,346.12,345.69,345.69,-0.12,1514.32,515352.95,-1
2025-08-03,2025-08-03 11:30:00,345.69,345.69,345.25,345.25,-0.13,1514.32,515352.95,-1
2025-08-03,2025-08-03 11:40:00,345.25,345.25,344.81,344.81,-0.13,1514.32,515352.95,-1
2025-08-03,2025-08-03 11:50:00,344.81,344.81,344.37,344.37,-0.13,1514.32,515352.95,-1
2025-08-03,2025-08-03 12:00:00,344.37,344.37,343.93,343.93,-0.13,1514.32,515352.95,-1
2025-08-03,2025-08-03 12:10:00,343.93,343.93,343.49,343.49,-0.13,1514.32,515352.95,-1
2025-08-03,2025-08-03 12:20:00,343.49,343.49,343.06,343.06,-0.13,1514.32,515352.95,-1
2025-08-03,2025-08-03 12:30:00,343.06,343.06,342.62,342.62,-0.13,1514.32,515352.95,-1
2025-08-03,2025-08-03 12:40:00,342.62,342.62,342.18,342.18,-0.13,1514.32,515352.95,-1
2025-08-03,2025-08-03 12:50:00,342.18,342.18,341.74,341.74,-0.13,1514.32,515352.95,-1
2025-08-03,2025-08-03 13:00:00,341.74,352.0,335.5,341.3,-0.13,1514.32,515352.95,-1
2025-08-03,2025-08-03 13:10:00,341.3,341.3,340.86,340.86,-0.13,1514.32,515352.95,-1
2025-08-03,2025-08-03 13:20:00,340.86,340.86,340.43,340.43,-0.13,1514.32,515352.95,-1
2025-08-03,2025-08-03 13:30:00,340.43,340.43,339.99,339.99,-0.13,1514.32,515352.95,-1
2025-08-03,2025-08-03 13:40:00,339.99,339.99,339.55,339.55,-0.13,1514.32,515352.95,-1
2025-08-03,2025-08-03 13:50:00,339.55,339.55,339.11,339.11,-0.13,1514.32,515352.95,-1
2025-08-03,2025-08-03 14:00:00,339.11,339.11,338.67,338.67,-0.13,1514.32,515352.95,-1
2025-08-03,2025-08-03 14:10:00,338.67,338.67,338.23,338.23,-0.13,1514.32,515352.95,-1
2025-08-03,2025-08-03 14:20:00,338.23,338.23,337.8,337.8,-0.13,1514.32,515352.95,-1
2025-08-03,2025-08-03 14:30:00,337.8,337.8,337.36,337.36,-0.13,1514.32,515352.95,-1
2025-08-03,2025-08-03 14:40:00,337.36,337.36,336.92,336.92,-0.13,1514.32,515352.95,-1
2025-08-03,2025-08-03 14:50:00,336.92,336.92,336.48,336.48,-0.13,1514.32,515352.95,-1
2025-08-03,2025-08-03 15:00:00,336.48,352.0,335.5,336.48,0.0,1514.32,515352.95,0
2025-08-04,2025-08-04 11:00:00,342.9,342.9,339.03,342.57,-0.1,1123.0,374978.66,-1
2025-08-04,2025-08-04 11:10:00,342.57,342.57,342.25,342.25,-0.09,1123.0,374978.66,-1
2025-08-04,2025-08-04 11:20:00,342.25,342.25,341.92,341.92,-0.1,1123.0,374978.66,-1
2025-08-04,2025-08-04 11:30:00,341.92,341.92,341.59,341.59,-0.1,1123.0,374978.66,-1
2025-08-04,2025-08-04 11:40:00,341.59,341.59,341.26,341.26,-0.1,1123.0,374978.66,-1
2025-08-04,2025-08-04 11:50:00,341.26,341.26,340.94,340.94,-0.09,1123.0,374978.66,-1
2025-08-04,2025-08-04 12:00:00,340.94,340.94,340.61,340.61,-0.1,1123.0,374978.66,-1
2025-08-04,2025-08-04 12:10:00,340.61,340.61,340.28,340.28,-0.1,1123.0,374978.66,-1
2025-08-04,2025-08-04 12:20:00,340.28,340.28,339.95,339.95,-0.1,1123.0,374978.66,-1
2025-08-04,2025-08-04 12:30:00,339.95,339.95,339.62,339.62,-0.1,1123.0,374978.66,-1
2025-08-04,2025-08-04 12:40:00,339.62,339.62,339.3,339.3,-0.09,1123.0,374978.66,-1
2025-08-04,2025-08-04 12:50:00,339.3,339.3,338.97,338.97,-0.1,1123.0,374978.66,-1
2025-08-04,2025-08-04 13:00:00,338.97,342.9,330.0,338.64,-0.1,1123.0,374978.66,-1
2025-08-04,2025-08-04 13:10:00,338.64,338.64,338.31,338.31,-0.1,1123.0,374978.66,-1
2025-08-04,2025-08-04 13:20:00,338.31,338.31,337.99,337.99,-0.09,1123.0,374978.66,-1
2025-08-04,2025-08-04 13:30:00,337.99,337.99,337.66,337.66,-0.1,1123.0,374978.66,-1
2025-08-04,2025-08-04 13:40:00,337.66,337.66,337.33,337.33,-0.1,1123.0,374978.66,-1
2025-08-04,2025-08-04 13:50:00,337.33,337.33,337.0,337.0,-0.1,1123.0,374978.66,-1
2025-08-04,2025-08-04 14:00:00,337.0,337.0,336.68,336.68,-0.09,1123.0,374978.66,-1
2025-08-04,2025-08-04 14:10:00,336.68,336.68,336.35,336.35,-0.1,1123.0,374978.66,-1
2025-08-04,2025-08-04 14:20:00,336.35,336.35,336.02,336.02,-0.1,1123.0,374978.66,-1
2025-08-04,2025-08-04 14:30:00,336.02,336.02,335.69,335.69,-0.1,1123.0,374978.66,-1
2025-08-04,2025-08-04 14:40:00,335.69,335.69,335.37,335.37,-0.1,1123.0,374978.66,-1
2025-08-04,2025-08-04 14:50:00,335.37,335.37,335.04,335.04,-0.1,1123.0,374978.66,-1
2025-08-04,2025-08-04 15:00:00,335.04,342.9,330.0,335.04,0.0,1123.0,374978.66,0
2025-08-05,2025-08-05 11:00:00,335.2,336.58,331.24,334.75,-0.13,1698.92,556098.22,-1
2025-08-05,2025-08-05 11:10:00,334.75,334.75,334.29,334.29,-0.14,1698.92,556098.22,-1
2025-08-05,2025-08-05 11:20:00,334.29,334.29,333.84,333.84,-0.13,1698.92,556098.22,-1
2025-08-05,2025-08-05 11:30:00,333.84,333.84,333.38,333.38,-0.14,1698.92,556098.22,-1
2025-08-05,2025-08-05 11:40:00,333.38,333.38,332.93,332.93,-0.13,1698.92,556098.22,-1
2025-08-05,2025-08-05 11:50:00,332.93,332.93,332.47,332.47,-0.14,1698.92,556098.22,-1
2025-08-05,2025-08-05 12:00:00,332.47,332.47,332.02,332.02,-0.14,1698.92,556098.22,-1
2025-08-05,2025-08-05 12:10:00,332.02,332.02,331.56,331.56,-0.14,1698.92,556098.22,-1
2025-08-05,2025-08-05 12:20:00,331.56,331.56,331.11,331.11,-0.14,1698.92,556098.22,-1
2025-08-05,2025-08-05 12:30:00,331.11,331.11,330.65,330.65,-0.14,1698.92,556098.22,-1
2025-08-05,2025-08-05 12:40:00,330.65,330.65,330.2,330.2,-0.14,1698.92,556098.22,-1
2025-08-05,2025-08-05 12:50:00,330.2,330.2,329.75,329.75,-0.14,1698.92,556098.22,-1
2025-08-05,2025-08-05 13:00:00,329.75,339.8,322.0,329.29,-0.14,1698.92,556098.22,-1
2025-08-05,2025-08-05 13:10:00,329.29,329.29,328.84,328.84,-0.14,1698.92,556098.22,-1
2025-08-05,2025-08-05 13:20:00,328.84,328.84,328.38,328.38,-0.14,1698.92,556098.22,-1
2025-08-05,2025-08-05 13:30:00,328.38,328.38,327.93,327.93,-0.14,1698.92,556098.22,-1
2025-08-05,2025-08-05 13:40:00,327.93,327.93,327.47,327.47,-0.14,1698.92,556098.22,-1
2025-08-05,2025-08-05 13:50:00,327.47,327.47,327.02,327.02,-0.14,1698.92,556098.22,-1
2025-08-05,2025-08-05 14:00:00,327.02,327.02,326.56,326.56,-0.14,1698.92,556098.22,-1
2025-08-05,2025-08-05 14:10:00,326.56,326.56,326.11,326.11,-0.14,1698.92,556098.22,-1
2025-08-05,2025-08-05 14:20:00,326.11,326.11,325.65,325.65,-0.14,1698.92,556098.22,-1
2025-08-05,2025-08-05 14:30:00,325.65,325.65,325.2,325.2,-0.14,1698.92,556098.22,-1
2025-08-05,2025-08-05 14:40:00,325.2,325.2,324.74,324.74,-0.14,1698.92,556098.22,-1
2025-08-05,2025-08-05 14:50:00,324.74,324.74,324.29,324.29,-0.14,1698.92,556098.22,-1
2025-08-05,2025-08-05 15:00:00,324.29,339.8,322.0,324.29,0.0,1698.92,556098.22,0
2025-08-06,2025-08-06 11:00:00,324.0,325.05,322.8,323.99,-0.0,1182.28,383466.87,-1
2025-08-06,2025-08-06 11:10:00,323.99,323.99,323.99,323.99,0.0,1182.28,383466.87,0
2025-08-06,2025-08-06 11:20:00,323.99,323.99,323.98,323.98,-0.0,1182.28,383466.87,-1
2025-08-06,2025-08-06 11:30:00,323.98,323.98,323.98,323.98,0.0,1182.28,383466.87,0
2025-08-06,2025-08-06 11:40:00,323.98,323.98,323.97,323.97,-0.0,1182.28,383466.87,-1
2025-08-06,2025-08-06 11:50:00,323.97,323.97,323.96,323.96,-0.0,1182.28,383466.87,-1
2025-08-06,2025-08-06 12:00:00,323.96,323.96,323.96,323.96,0.0,1182.28,383466.87,0
2025-08-06,2025-08-06 12:10:00,323.96,323.96,323.95,323.95,-0.0,1182.28,383466.87,-1
2025-08-06,2025-08-06 12:20:00,323.95,323.95,323.94,323.94,-0.0,1182.28,383466.87,-1
2025-08-06,2025-08-06 12:30:00,323.94,323.94,323.94,323.94,0.0,1182.28,383466.87,0
2025-08-06,2025-08-06 12:40:00,323.94,323.94,323.93,323.93,-0.0,1182.28,383466.87,-1
2025-08-06,2025-08-06 12:50:00,323.93,323.93,323.93,323.93,0.0,1182.28,383466.87,0
2025-08-06,2025-08-06 13:00:00,323.93,327.5,320.0,323.92,-0.0,1182.28,383466.87,-1
2025-08-06,2025-08-06 13:10:00,323.92,323.92,323.91,323.91,-0.0,1182.28,383466.87,-1
2025-08-06,2025-08-06 13:20:00,323.91,323.91,323.91,323.91,0.0,1182.28,383466.87,0
2025-08-06,2025-08-06 13:30:00,323.91,323.91,323.9,323.9,-0.0,1182.28,383466.87,-1
2025-08-06,2025-08-06 13:40:00,323.9,323.9,323.89,323.89,-0.0,1182.28,383466.87,-1
2025-08-06,2025-08-06 13:50:00,323.89,323.89,323.89,323.89,0.0,1182.28,383466.87,0
2025-08-06,2025-08-06 14:00:00,323.89,323.89,323.88,323.88,-0.0,1182.28,383466.87,-1
2025-08-06,2025-08-06 14:10:00,323.88,323.88,323.88,323.88,0.0,1182.28,383466.87,0
2025-08-06,2025-08-06 14:20:00,323.88,323.88,323.87,323.87,-0.0,1182.28,383466.87,-1
2025-08-06,2025-08-06 14:30:00,323.87,323.87,323.86,323.86,-0.0,1182.28,383466.87,-1
2025-08-06,2025-08-06 14:40:00,323.86,323.86,323.86,323.86,0.0,1182.28,383466.87,0
2025-08-06,2025-08-06 14:50:00,323.86,323.86,323.85,323.85,-0.0,1182.28,383466.87,-1
2025-08-06,2025-08-06 15:00:00,323.85,327.5,320.0,323.85,0.0,1182.28,383466.87,0
2025-08-07,2025-08-07 11:00:00,317.4,325.38,317.4,317.98,0.18,1380.92,456980.36,1
2025-08-07,2025-08-07 11:10:00,317.98,318.56,317.98,318.56,0.18,1380.92,456980.36,1
2025-08-07,2025-08-07 11:20:00,318.56,319.14,318.56,319.14,0.18,1380.92,456980.36,1
2025-08-07,2025-08-07 11:30:00,319.14,319.72,319.14,319.72,0.18,1380.92,456980.36,1
2025-08-07,2025-08-07 11:40:00,319.72,320.3,319.72,320.3,0.18,1380.92,456980.36,1
2025-08-07,2025-08-07 11:50:00,320.3,320.88,320.3,320.88,0.18,1380.92,456980.36,1
2025-08-07,2025-08-07 12:00:00,320.88,321.46,320.88,321.46,0.18,1380.92,456980.36,1
2025-08-07,2025-08-07 12:10:00,321.46,322.04,321.46,322.04,0.18,1380.92,456980.36,1
2025-08-07,2025-08-07 12:20:00,322.04,322.62,322.04,322.62,0.18,1380.92,456980.36,1
2025-08-07,2025-08-07 12:30:00,322.62,323.2,322.62,323.2,0.18,1380.92,456980.36,1
2025-08-07,2025-08-07 12:40:00,323.2,323.78,323.2,323.78,0.18,1380.92,456980.36,1
2025-08-07,2025-08-07 12:50:00,323.78,324.37,323.78,324.37,0.18,1380.92,456980.36,1
2025-08-07,2025-08-07 13:00:00,324.37,344.0,317.4,324.95,0.18,1380.92,456980.36,1
2025-08-07,2025-08-07 13:10:00,324.95,325.53,324.95,325.53,0.18,1380.92,456980.36,1
2025-08-07,2025-08-07 13:20:00,325.53,326.11,325.53,326.11,0.18,1380.92,456980.36,1
2025-08-07,2025-08-07 13:30:00,326.11,326.69,326.11,326.69,0.18,1380.92,456980.36,1
2025-08-07,2025-08-07 13:40:00,326.69,327.27,326.69,327.27,0.18,1380.92,456980.36,1
2025-08-07,2025-08-07 13:50:00,327.27,327.85,327.27,327.85,0.18,1380.92,456980.36,1
2025-08-07,2025-08-07 14:00:00,327.85,328.43,327.85,328.43,0.18,1380.92,456980.36,1
2025-08-07,2025-08-07 14:10:00,328.43,329.01,328.43,329.01,0.18,1380.92,456980.36,1
2025-08-07,2025-08-07 14:20:00,329.01,329.59,329.01,329.59,0.18,1380.92,456980.36,1
2025-08-07,2025-08-07 14:30:00,329.59,330.17,329.59,330.17,0.18,1380.92,456980.36,1
2025-08-07,2025-08-07 14:40:00,330.17,330.75,330.17,330.75,0.18,1380.92,456980.36,1
2025-08-07,2025-08-07 14:50:00,330.75,331.33,330.75,331.33,0.18,1380.92,456980.36,1
2025-08-07,2025-08-07 15:00:00,331.33,344.0,317.4,331.33,0.0,1380.92,456980.36,0
2025-08-11,2025-08-11 11:00:00,337.9,337.93,333.31,337.31,-0.17,973.2,318303.74,-1
2025-08-11,2025-08-11 11:10:00,337.31,337.31,336.71,336.71,-0.18,973.2,318303.74,-1
2025-08-11,2025-08-11 11:20:00,336.71,336.71,336.12,336.12,-0.18,973.2,318303.74,-1
2025-08-11,2025-08-11 11:30:00,336.12,336.12,335.53,335.53,-0.18,973.2,318303.74,-1
2025-08-11,2025-08-11 11:40:00,335.53,335.53,334.94,334.94,-0.18,973.2,318303.74,-1
2025-08-11,2025-08-11 11:50:00,334.94,334.94,334.34,334.34,-0.18,973.2,318303.74,-1
2025-08-11,2025-08-11 12:00:00,334.34,334.34,333.75,333.75,-0.18,973.2,318303.74,-1
2025-08-11,2025-08-11 12:10:00,333.75,333.75,333.16,333.16,-0.18,973.2,318303.74,-1
2025-08-11,2025-08-11 12:20:00,333.16,333.16,332.56,332.56,-0.18,973.2,318303.74,-1
2025-08-11,2025-08-11 12:30:00,332.56,332.56,331.97,331.97,-0.18,973.2,318303.74,-1
2025-08-11,2025-08-11 12:40:00,331.97,331.97,331.38,331.38,-0.18,973.2,318303.74,-1
2025-08-11,2025-08-11 12:50:00,331.38,331.38,330.78,330.78,-0.18,973.2,318303.74,-1
2025-08-11,2025-08-11 13:00:00,330.78,338.0,322.6,330.19,-0.18,973.2,318303.74,-1
2025-08-11,2025-08-11 13:10:00,330.19,330.19,329.6,329.6,-0.18,973.2,318303.74,-1
2025-08-11,2025-08-11 13:20:00,329.6,329.6,329.01,329.01,-0.18,973.2,318303.74,-1
2025-08-11,2025-08-11 13:30:00,329.01,329.01,328.41,328.41,-0.18,973.2,318303.74,-1
2025-08-11,2025-08-11 13:40:00,328.41,328.41,327.82,327.82,-0.18,973.2,318303.74,-1
2025-08-11,2025-08-11 13:50:00,327.82,327.82,327.23,327.23,-0.18,973.2,318303.74,-1
2025-08-11,2025-08-11 14:00:00,327.23,327.23,326.63,326.63,-0.18,973.2,318303.74,-1
2025-08-11,2025-08-11 14:10:00,326.63,326.63,326.04,326.04,-0.18,973.2,318303.74,-1
2025-08-11,2025-08-11 14:20:00,326.04,326.04,325.45,325.45,-0.18,973.2,318303.74,-1
2025-08-11,2025-08-11 14:30:00,325.45,325.45,324.86,324.86,-0.18,973.2,318303.74,-1
2025-08-11,2025-08-11 14:40:00,324.86,324.86,324.26,324.26,-0.18,973.2,318303.74,-1
2025-08-11,2025-08-11 14:50:00,324.26,324.26,323.67,323.67,-0.18,973.2,318303.74,-1
2025-08-11,2025-08-11 15:00:00,323.67,338.0,322.6,323.67,0.0,973.2,318303.74,0
2025-08-12,2025-08-12 11:00:00,320.0,321.89,320.0,320.07,0.02,514.2,165720.63,1
2025-08-12,2025-08-12 11:10:00,320.07,320.14,320.07,320.14,0.02,514.2,165720.63,1
2025-08-12,2025-08-12 11:20:00,320.14,320.22,320.14,320.22,0.02,514.2,165720.63,1
2025-08-12,2025-08-12 11:30:00,320.22,320.29,320.22,320.29,0.02,514.2,165720.63,1
2025-08-12,2025-08-12 11:40:00,320.29,320.36,320.29,320.36,0.02,514.2,165720.63,1
2025-08-12,2025-08-12 11:50:00,320.36,320.43,320.36,320.43,0.02,514.2,165720.63,1
2025-08-12,2025-08-12 12:00:00,320.43,320.5,320.43,320.5,0.02,514.2,165720.63,1
2025-08-12,2025-08-12 12:10:00,320.5,320.58,320.5,320.58,0.02,514.2,165720.63,1
2025-08-12,2025-08-12 12:20:00,320.58,320.65,320.58,320.65,0.02,514.2,165720.63,1
2025-08-12,2025-08-12 12:30:00,320.65,320.72,320.65,320.72,0.02,514.2,165720.63,1
2025-08-12,2025-08-12 12:40:00,320.72,320.79,320.72,320.79,0.02,514.2,165720.63,1
2025-08-12,2025-08-12 12:50:00,320.79,320.87,320.79,320.87,0.02,514.2,165720.63,1
2025-08-12,2025-08-12 13:00:00,320.87,326.3,320.0,320.94,0.02,514.2,165720.63,1
2025-08-12,2025-08-12 13:10:00,320.94,321.01,320.94,321.01,0.02,514.2,165720.63,1
2025-08-12,2025-08-12 13:20:00,321.01,321.08,321.01,321.08,0.02,514.2,165720.63,1
2025-08-12,2025-08-12 13:30:00,321.08,321.15,321.08,321.15,0.02,514.2,165720.63,1
2025-08-12,2025-08-12 13:40:00,321.15,321.23,321.15,321.23,0.02,514.2,165720.63,1
2025-08-12,2025-08-12 13:50:00,321.23,321.3,321.23,321.3,0.02,514.2,165720.63,1
2025-08-12,2025-08-12 14:00:00,321.3,321.37,321.3,321.37,0.02,514.2,165720.63,1
2025-08-12,2025-08-12 14:10:00,321.37,321.44,321.37,321.44,0.02,514.2,165720.63,1
2025-08-12,2025-08-12 14:20:00,321.44,321.51,321.44,321.51,0.02,514.2,165720.63,1
2025-08-12,2025-08-12 14:30:00,321.51,321.59,321.51,321.59,0.02,514.2,165720.63,1
2025-08-12,2025-08-12 14:40:00,321.59,321.66,321.59,321.66,0.02,514.2,165720.63,1
2025-08-12,2025-08-12 14:50:00,321.66,321.73,321.66,321.73,0.02,514.2,165720.63,1
2025-08-12,2025-08-12 15:00:00,321.73,326.3,320.0,321.73,0.0,514.2,165720.63,0
2025-08-13,2025-08-13 11:00:00,327.0,327.0,324.9,326.75,-0.08,772.28,248247.65,-1
2025-08-13,2025-08-13 11:10:00,326.75,326.75,326.49,326.49,-0.08,772.28,248247.65,-1
2025-08-13,2025-08-13 11:20:00,326.49,326.49,326.24,326.24,-0.08,772.28,248247.65,-1
2025-08-13,2025-08-13 11:30:00,326.24,326.24,325.98,325.98,-0.08,772.28,248247.65,-1
2025-08-13,2025-08-13 11:40:00,325.98,325.98,325.73,325.73,-0.08,772.28,248247.65,-1
2025-08-13,2025-08-13 11:50:00,325.73,325.73,325.47,325.47,-0.08,772.28,248247.65,-1
2025-08-13,2025-08-13 12:00:00,325.47,325.47,325.21,325.21,-0.08,772.28,248247.65,-1
2025-08-13,2025-08-13 12:10:00,325.21,325.21,324.96,324.96,-0.08,772.28,248247.65,-1
2025-08-13,2025-08-13 12:20:00,324.96,324.96,324.7,324.7,-0.08,772.28,248247.65,-1
2025-08-13,2025-08-13 12:30:00,324.7,324.7,324.45,324.45,-0.08,772.28,248247.65,-1
2025-08-13,2025-08-13 12:40:00,324.45,324.45,324.19,324.19,-0.08,772.28,248247.65,-1
2025-08-13,2025-08-13 12:50:00,324.19,324.19,323.94,323.94,-0.08,772.28,248247.65,-1
2025-08-13,2025-08-13 13:00:00,323.94,327.0,320.0,323.69,-0.08,772.28,248247.65,-1
2025-08-13,2025-08-13 13:10:00,323.69,323.69,323.43,323.43,-0.08,772.28,248247.65,-1
2025-08-13,2025-08-13 13:20:00,323.43,323.43,323.18,323.18,-0.08,772.28,248247.65,-1
2025-08-13,2025-08-13 13:30:00,323.18,323.18,322.92,322.92,-0.08,772.28,248247.65,-1
2025-08-13,2025-08-13 13:40:00,322.92,322.92,322.67,322.67,-0.08,772.28,248247.65,-1
2025-08-13,2025-08-13 13:50:00,322.67,322.67,322.41,322.41,-0.08,772.28,248247.65,-1
2025-08-13,2025-08-13 14:00:00,322.41,322.41,322.15,322.15,-0.08,772.28,248247.65,-1
2025-08-13,2025-08-13 14:10:00,322.15,322.15,321.9,321.9,-0.08,772.28,248247.65,-1
2025-08-13,2025-08-13 14:20:00,321.9,321.9,321.64,321.64,-0.08,772.28,248247.65,-1
2025-08-13,2025-08-13 14:30:00,321.64,321.64,321.39,321.39,-0.08,772.28,248247.65,-1
2025-08-13,2025-08-13 14:40:00,321.39,321.39,321.13,321.13,-0.08,772.28,248247.65,-1
2025-08-13,2025-08-13 14:50:00,321.13,321.13,320.88,320.88,-0.08,772.28,248247.65,-1
2025-08-13,2025-08-13 15:00:00,320.88,327.0,320.0,320.88,0.0,772.28,248247.65,0
2025-08-14,2025-08-14 11:00:00,320.1,322.17,318.57,320.09,-0.0,749.52,240447.71,-1
2025-08-14,2025-08-14 11:10:00,320.09,320.09,320.08,320.08,-0.0,749.52,240447.71,-1
2025-08-14,2025-08-14 11:20:00,320.08,320.08,320.06,320.06,-0.01,749.52,240447.71,-1
2025-08-14,2025-08-14 11:30:00,320.06,320.06,320.05,320.05,-0.0,749.52,240447.71,-1
2025-08-14,2025-08-14 11:40:00,320.05,320.05,320.04,320.04,-0.0,749.52,240447.71,-1
2025-08-14,2025-08-14 11:50:00,320.04,320.04,320.03,320.03,-0.0,749.52,240447.71,-1
2025-08-14,2025-08-14 12:00:00,320.03,320.03,320.02,320.02,-0.0,749.52,240447.71,-1
2025-08-14,2025-08-14 12:10:00,320.02,320.02,320.0,320.0,-0.01,749.52,240447.71,-1
2025-08-14,2025-08-14 12:20:00,320.0,320.0,319.99,319.99,-0.0,749.52,240447.71,-1
2025-08-14,2025-08-14 12:30:00,319.99,319.99,319.98,319.98,-0.0,749.52,240447.71,-1
2025-08-14,2025-08-14 12:40:00,319.98,319.98,319.97,319.97,-0.0,749.52,240447.71,-1
2025-08-14,2025-08-14 12:50:00,319.97,319.97,319.96,319.96,-0.0,749.52,240447.71,-1
2025-08-14,2025-08-14 13:00:00,319.96,327.0,315.0,319.94,-0.01,749.52,240447.71,-1
2025-08-14,2025-08-14 13:10:00,319.94,319.94,319.93,319.93,-0.0,749.52,240447.71,-1
2025-08-14,2025-08-14 13:20:00,319.93,319.93,319.92,319.92,-0.0,749.52,240447.71,-1
2025-08-14,2025-08-14 13:30:00,319.92,319.92,319.91,319.91,-0.0,749.52,240447.71,-1
2025-08-14,2025-08-14 13:40:00,319.91,319.91,319.89,319.89,-0.01,749.52,240447.71,-1
2025-08-14,2025-08-14 13:50:00,319.89,319.89,319.88,319.88,-0.0,749.52,240447.71,-1
2025-08-14,2025-08-14 14:00:00,319.88,319.88,319.87,319.87,-0.0,749.52,240447.71,-1
2025-08-14,2025-08-14 14:10:00,319.87,319.87,319.86,319.86,-0.0,749.52,240447.71,-1
2025-08-14,2025-08-14 14:20:00,319.86,319.86,319.85,319.85,-0.0,749.52,240447.71,-1
2025-08-14,2025-08-14 14:30:00,319.85,319.85,319.83,319.83,-0.01,749.52,240447.71,-1
2025-08-14,2025-08-14 14:40:00,319.83,319.83,319.82,319.82,-0.0,749.52,240447.71,-1
2025-08-14,2025-08-14 14:50:00,319.82,319.82,319.81,319.81,-0.0,749.52,240447.71,-1
2025-08-14,2025-08-14 15:00:00,319.81,327.0,315.0,319.81,0.0,749.52,240447.71,0
2025-08-17,2025-08-17 11:00:00,324.8,325.16,322.76,324.63,-0.05,595.36,190710.92,-1
2025-08-17,2025-08-17 11:10:00,324.63,324.63,324.45,324.45,-0.06,595.36,190710.92,-1
2025-08-17,2025-08-17 11:20:00,324.45,324.45,324.28,324.28,-0.05,595.36,190710.92,-1
2025-08-17,2025-08-17 11:30:00,324.28,324.28,324.1,324.1,-0.06,595.36,190710.92,-1
2025-08-17,2025-08-17 11:40:00,324.1,324.1,323.93,323.93,-0.05,595.36,190710.92,-1
2025-08-17,2025-08-17 11:50:00,323.93,323.93,323.75,323.75,-0.06,595.36,190710.92,-1
2025-08-17,2025-08-17 12:00:00,323.75,323.75,323.58,323.58,-0.05,595.36,190710.92,-1
2025-08-17,2025-08-17 12:10:00,323.58,323.58,323.41,323.41,-0.05,595.36,190710.92,-1
2025-08-17,2025-08-17 12:20:00,323.41,323.41,323.23,323.23,-0.06,595.36,190710.92,-1
2025-08-17,2025-08-17 12:30:00,323.23,323.23,323.06,323.06,-0.05,595.36,190710.92,-1
2025-08-17,2025-08-17 12:40:00,323.06,323.06,322.88,322.88,-0.06,595.36,190710.92,-1
2025-08-17,2025-08-17 12:50:00,322.88,322.88,322.71,322.71,-0.05,595.36,190710.92,-1
2025-08-17,2025-08-17 13:00:00,322.71,326.0,318.0,322.54,-0.05,595.36,190710.92,-1
2025-08-17,2025-08-17 13:10:00,322.54,322.54,322.36,322.36,-0.06,595.36,190710.92,-1
2025-08-17,2025-08-17 13:20:00,322.36,322.36,322.19,322.19,-0.05,595.36,190710.92,-1
2025-08-17,2025-08-17 13:30:00,322.19,322.19,322.01,322.01,-0.06,595.36,190710.92,-1
2025-08-17,2025-08-17 13:40:00,322.01,322.01,321.84,321.84,-0.05,595.36,190710.92,-1
2025-08-17,2025-08-17 13:50:00,321.84,321.84,321.67,321.67,-0.05,595.36,190710.92,-1
2025-08-17,2025-08-17 14:00:00,321.67,321.67,321.49,321.49,-0.06,595.36,190710.92,-1
2025-08-17,2025-08-17 14:10:00,321.49,321.49,321.32,321.32,-0.05,595.36,190710.92,-1
2025-08-17,2025-08-17 14:20:00,321.32,321.32,321.14,321.14,-0.06,595.36,190710.92,-1
2025-08-17,2025-08-17 14:30:00,321.14,321.14,320.97,320.97,-0.05,595.36,190710.92,-1
2025-08-17,2025-08-17 14:40:00,320.97,320.97,320.79,320.79,-0.06,595.36,190710.92,-1
2025-08-17,2025-08-17 14:50:00,320.79,320.79,320.62,320.62,-0.05,595.36,190710.92,-1
2025-08-17,2025-08-17 15:00:00,320.62,326.0,318.0,320.62,0.0,595.36,190710.92,0
2025-08-18,2025-08-18 11:00:00,319.0,320.2,318.1,318.91,-0.03,967.96,307919.78,-1
2025-08-18,2025-08-18 11:10:00,318.91,318.91,318.82,318.82,-0.03,967.96,307919.78,-1
2025-08-18,2025-08-18 11:20:00,318.82,318.82,318.74,318.74,-0.03,967.96,307919.78,-1
2025-08-18,2025-08-18 11:30:00,318.74,318.74,318.65,318.65,-0.03,967.96,307919.78,-1
2025-08-18,2025-08-18 11:40:00,318.65,318.65,318.56,318.56,-0.03,967.96,307919.78,-1
2025-08-18,2025-08-18 11:50:00,318.56,318.56,318.47,318.47,-0.03,967.96,307919.78,-1
2025-08-18,2025-08-18 12:00:00,318.47,318.47,318.38,318.38,-0.03,967.96,307919.78,-1
2025-08-18,2025-08-18 12:10:00,318.38,318.38,318.3,318.3,-0.03,967.96,307919.78,-1
2025-08-18,2025-08-18 12:20:00,318.3,318.3,318.21,318.21,-0.03,967.96,307919.78,-1
2025-08-18,2025-08-18 12:30:00,318.21,318.21,318.12,318.12,-0.03,967.96,307919.78,-1
2025-08-18,2025-08-18 12:40:00,318.12,318.12,318.03,318.03,-0.03,967.96,307919.78,-1
2025-08-18,2025-08-18 12:50:00,318.03,318.03,317.94,317.94,-0.03,967.96,307919.78,-1
2025-08-18,2025-08-18 13:00:00,317.94,323.0,316.0,317.86,-0.03,967.96,307919.78,-1
2025-08-18,2025-08-18 13:10:00,317.86,317.86,317.77,317.77,-0.03,967.96,307919.78,-1
2025-08-18,2025-08-18 13:20:00,317.77,317.77,317.68,317.68,-0.03,967.96,307919.78,-1
2025-08-18,2025-08-18 13:30:00,317.68,317.68,317.59,317.59,-0.03,967.96,307919.78,-1
2025-08-18,2025-08-18 13:40:00,317.59,317.59,317.51,317.51,-0.03,967.96,307919.78,-1
2025-08-18,2025-08-18 13:50:00,317.51,317.51,317.42,317.42,-0.03,967.96,307919.78,-1
2025-08-18,2025-08-18 14:00:00,317.42,317.42,317.33,317.33,-0.03,967.96,307919.78,-1
2025-08-18,2025-08-18 14:10:00,317.33,317.33,317.24,317.24,-0.03,967.96,307919.78,-1
2025-08-18,2025-08-18 14:20:00,317.24,317.24,317.15,317.15,-0.03,967.96,307919.78,-1
2025-08-18,2025-08-18 14:30:00,317.15,317.15,317.07,317.07,-0.03,967.96,307919.78,-1
2025-08-18,2025-08-18 14:40:00,317.07,317.07,316.98,316.98,-0.03,967.96,307919.78,-1
2025-08-18,2025-08-18 14:50:00,316.98,316.98,316.89,316.89,-0.03,967.96,307919.78,-1
2025-08-18,2025-08-18 15:00:00,316.89,323.0,316.0,316.89,0.0,967.96,307919.78,0
2025-08-19,2025-08-19 11:00:00,317.0,319.25,316.73,317.01,0.0,497.16,158558.51,1
2025-08-19,2025-08-19 11:10:00,317.01,317.02,317.01,317.02,0.0,497.16,158558.51,1
2025-08-19,2025-08-19 11:20:00,317.02,317.03,317.02,317.03,0.0,497.16,158558.51,1
2025-08-19,2025-08-19 11:30:00,317.03,317.04,317.03,317.04,0.0,497.16,158558.51,1
2025-08-19,2025-08-19 11:40:00,317.04,317.05,317.04,317.05,0.0,497.16,158558.51,1
2025-08-19,2025-08-19 11:50:00,317.05,317.06,317.05,317.06,0.0,497.16,158558.51,1
2025-08-19,2025-08-19 12:00:00,317.06,317.07,317.06,317.07,0.0,497.16,158558.51,1
2025-08-19,2025-08-19 12:10:00,317.07,317.08,317.07,317.08,0.0,497.16,158558.51,1
2025-08-19,2025-08-19 12:20:00,317.08,317.09,317.08,317.09,0.0,497.16,158558.51,1
2025-08-19,2025-08-19 12:30:00,317.09,317.1,317.09,317.1,0.0,497.16,158558.51,1
2025-08-19,2025-08-19 12:40:00,317.1,317.11,317.1,317.11,0.0,497.16,158558.51,1
2025-08-19,2025-08-19 12:50:00,317.11,317.12,317.11,317.12,0.0,497.16,158558.51,1
2025-08-19,2025-08-19 13:00:00,317.12,324.5,316.1,317.14,0.01,497.16,158558.51,1
2025-08-19,2025-08-19 13:10:00,317.14,317.15,317.14,317.15,0.0,497.16,158558.51,1
2025-08-19,2025-08-19 13:20:00,317.15,317.16,317.15,317.16,0.0,497.16,158558.51,1
2025-08-19,2025-08-19 13:30:00,317.16,317.17,317.16,317.17,0.0,497.16,158558.51,1
2025-08-19,2025-08-19 13:40:00,317.17,317.18,317.17,317.18,0.0,497.16,158558.51,1
2025-08-19,2025-08-19 13:50:00,317.18,317.19,317.18,317.19,0.0,497.16,158558.51,1
2025-08-19,2025-08-19 14:00:00,317.19,317.2,317.19,317.2,0.0,497.16,158558.51,1
2025-08-19,2025-08-19 14:10:00,317.2,317.21,317.2,317.21,0.0,497.16,158558.51,1
2025-08-19,2025-08-19 14:20:00,317.21,317.22,317.21,317.22,0.0,497.16,158558.51,1
2025-08-19,2025-08-19 14:30:00,317.22,317.23,317.22,317.23,0.0,497.16,158558.51,1
2025-08-19,2025-08-19 14:40:00,317.23,317.24,317.23,317.24,0.0,497.16,158558.51,1
2025-08-19,2025-08-19 14:50:00,317.24,317.25,317.24,317.25,0.0,497.16,158558.51,1
2025-08-19,2025-08-19 15:00:00,317.25,324.5,316.1,317.25,0.0,497.16,158558.51,0
2025-08-20,2025-08-20 11:00:00,321.0,321.0,319.23,320.76,-0.07,359.08,113943.6,-1
2025-08-20,2025-08-20 11:10:00,320.76,320.76,320.53,320.53,-0.07,359.08,113943.6,-1
2025-08-20,2025-08-20 11:20:00,320.53,320.53,320.29,320.29,-0.07,359.08,113943.6,-1
2025-08-20,2025-08-20 11:30:00,320.29,320.29,320.05,320.05,-0.07,359.08,113943.6,-1
2025-08-20,2025-08-20 11:40:00,320.05,320.05,319.82,319.82,-0.07,359.08,113943.6,-1
2025-08-20,2025-08-20 11:50:00,319.82,319.82,319.58,319.58,-0.08,359.08,113943.6,-1
2025-08-20,2025-08-20 12:00:00,319.58,319.58,319.34,319.34,-0.08,359.08,113943.6,-1
2025-08-20,2025-08-20 12:10:00,319.34,319.34,319.11,319.11,-0.07,359.08,113943.6,-1
2025-08-20,2025-08-20 12:20:00,319.11,319.11,318.87,318.87,-0.08,359.08,113943.6,-1
2025-08-20,2025-08-20 12:30:00,318.87,318.87,318.63,318.63,-0.08,359.08,113943.6,-1
2025-08-20,2025-08-20 12:40:00,318.63,318.63,318.4,318.4,-0.07,359.08,113943.6,-1
2025-08-20,2025-08-20 12:50:00,318.4,318.4,318.16,318.16,-0.08,359.08,113943.6,-1
2025-08-20,2025-08-20 13:00:00,318.16,321.0,315.1,317.92,-0.08,359.08,113943.6,-1
2025-08-20,2025-08-20 13:10:00,317.92,317.92,317.69,317.69,-0.07,359.08,113943.6,-1
2025-08-20,2025-08-20 13:20:00,317.69,317.69,317.45,317.45,-0.08,359.08,113943.6,-1
2025-08-20,2025-08-20 13:30:00,317.45,317.45,317.21,317.21,-0.08,359.08,113943.6,-1
2025-08-20,2025-08-20 13:40:00,317.21,317.21,316.98,316.98,-0.07,359.08,113943.6,-1
2025-08-20,2025-08-20 13:50:00,316.98,316.98,316.74,316.74,-0.08,359.08,113943.6,-1
2025-08-20,2025-08-20 14:00:00,316.74,316.74,316.5,316.5,-0.08,359.08,113943.6,-1
2025-08-20,2025-08-20 14:10:00,316.5,316.5,316.27,316.27,-0.07,359.08,113943.6,-1
2025-08-20,2025-08-20 14:20:00,316.27,316.27,316.03,316.03,-0.08,359.08,113943.6,-1
2025-08-20,2025-08-20 14:30:00,316.03,316.03,315.79,315.79,-0.08,359.08,113943.6,-1
2025-08-20,2025-08-20 14:40:00,315.79,315.79,315.56,315.56,-0.07,359.08,113943.6,-1
2025-08-20,2025-08-20 14:50:00,315.56,315.56,315.32,315.32,-0.08,359.08,113943.6,-1
2025-08-20,2025-08-20 15:00:00,315.32,321.0,315.1,315.32,0.0,359.08,113943.6,0
2025-08-21,2025-08-21 11:00:00,315.2,316.49,313.34,314.99,-0.07,992.92,309268.9,-1
2025-08-21,2025-08-21 11:10:00,314.99,314.99,314.77,314.77,-0.07,992.92,309268.9,-1
2025-08-21,2025-08-21 11:20:00,314.77,314.77,314.56,314.56,-0.07,992.92,309268.9,-1
2025-08-21,2025-08-21 11:30:00,314.56,314.56,314.34,314.34,-0.07,992.92,309268.9,-1
2025-08-21,2025-08-21 11:40:00,314.34,314.34,314.12,314.12,-0.07,992.92,309268.9,-1
2025-08-21,2025-08-21 11:50:00,314.12,314.12,313.91,313.91,-0.07,992.92,309268.9,-1
2025-08-21,2025-08-21 12:00:00,313.91,313.91,313.69,313.69,-0.07,992.92,309268.9,-1
2025-08-21,2025-08-21 12:10:00,313.69,313.69,313.48,313.48,-0.07,992.92,309268.9,-1
2025-08-21,2025-08-21 12:20:00,313.48,313.48,313.26,313.26,-0.07,992.92,309268.9,-1
2025-08-21,2025-08-21 12:30:00,313.26,313.26,313.05,313.05,-0.07,992.92,309268.9,-1
2025-08-21,2025-08-21 12:40:00,313.05,313.05,312.83,312.83,-0.07,992.92,309268.9,-1
2025-08-21,2025-08-21 12:50:00,312.83,312.83,312.62,312.62,-0.07,992.92,309268.9,-1
2025-08-21,2025-08-21 13:00:00,312.62,319.5,309.0,312.41,-0.07,992.92,309268.9,-1
2025-08-21,2025-08-21 13:10:00,312.41,312.41,312.19,312.19,-0.07,992.92,309268.9,-1
2025-08-21,2025-08-21 13:20:00,312.19,312.19,311.98,311.98,-0.07,992.92,309268.9,-1
2025-08-21,2025-08-21 13:30:00,311.98,311.98,311.76,311.76,-0.07,992.92,309268.9,-1
2025-08-21,2025-08-21 13:40:00,311.76,311.76,311.55,311.55,-0.07,992.92,309268.9,-1
2025-08-21,2025-08-21 13:50:00,311.55,311.55,311.33,311.33,-0.07,992.92,309268.9,-1
2025-08-21,2025-08-21 14:00:00,311.33,311.33,311.12,311.12,-0.07,992.92,309268.9,-1
2025-08-21,2025-08-21 14:10:00,311.12,311.12,310.9,310.9,-0.07,992.92,309268.9,-1
2025-08-21,2025-08-21 14:20:00,310.9,310.9,310.69,310.69,-0.07,992.92,309268.9,-1
2025-08-21,2025-08-21 14:30:00,310.69,310.69,310.47,310.47,-0.07,992.92,309268.9,-1
2025-08-21,2025-08-21 14:40:00,310.47,310.47,310.25,310.25,-0.07,992.92,309268.9,-1
2025-08-21,2025-08-21 14:50:00,310.25,310.25,310.04,310.04,-0.07,992.92,309268.9,-1
2025-08-21,2025-08-21 15:00:00,310.04,319.5,309.0,310.04,0.0,992.92,309268.9,0
2025-08-24,2025-08-24 11:00:00,308.0,309.62,306.95,307.9,-0.03,701.2,215678.07,-1
2025-08-24,2025-08-24 11:10:00,307.9,307.9,307.8,307.8,-0.03,701.2,215678.07,-1
2025-08-24,2025-08-24 11:20:00,307.8,307.8,307.7,307.7,-0.03,701.2,215678.07,-1
2025-08-24,2025-08-24 11:30:00,307.7,307.7,307.61,307.61,-0.03,701.2,215678.07,-1
2025-08-24,2025-08-24 11:40:00,307.61,307.61,307.51,307.51,-0.03,701.2,215678.07,-1
2025-08-24,2025-08-24 11:50:00,307.51,307.51,307.41,307.41,-0.03,701.2,215678.07,-1
2025-08-24,2025-08-24 12:00:00,307.41,307.41,307.31,307.31,-0.03,701.2,215678.07,-1
2025-08-24,2025-08-24 12:10:00,307.31,307.31,307.21,307.21,-0.03,701.2,215678.07,-1
2025-08-24,2025-08-24 12:20:00,307.21,307.21,307.12,307.12,-0.03,701.2,215678.07,-1
2025-08-24,2025-08-24 12:30:00,307.12,307.12,307.02,307.02,-0.03,701.2,215678.07,-1
2025-08-24,2025-08-24 12:40:00,307.02,307.02,306.92,306.92,-0.03,701.2,215678.07,-1
2025-08-24,2025-08-24 12:50:00,306.92,306.92,306.82,306.82,-0.03,701.2,215678.07,-1
2025-08-24,2025-08-24 13:00:00,306.82,313.4,304.5,306.72,-0.03,701.2,215678.07,-1
2025-08-24,2025-08-24 13:10:00,306.72,306.72,306.62,306.62,-0.03,701.2,215678.07,-1
2025-08-24,2025-08-24 13:20:00,306.62,306.62,306.52,306.52,-0.03,701.2,215678.07,-1
2025-08-24,2025-08-24 13:30:00,306.52,306.52,306.43,306.43,-0.03,701.2,215678.07,-1
2025-08-24,2025-08-24 13:40:00,306.43,306.43,306.33,306.33,-0.03,701.2,215678.07,-1
2025-08-24,2025-08-24 13:50:00,306.33,306.33,306.23,306.23,-0.03,701.2,215678.07,-1
2025-08-24,2025-08-24 14:00:00,306.23,306.23,306.13,306.13,-0.03,701.2,215678.07,-1
2025-08-24,2025-08-24 14:10:00,306.13,306.13,306.03,306.03,-0.03,701.2,215678.07,-1
2025-08-24,2025-08-24 14:20:00,306.03,306.03,305.94,305.94,-0.03,701.2,215678.07,-1
2025-08-24,2025-08-24 14:30:00,305.94,305.94,305.84,305.84,-0.03,701.2,215678.07,-1
2025-08-24,2025-08-24 14:40:00,305.84,305.84,305.74,305.74,-0.03,701.2,215678.07,-1
2025-08-24,2025-08-24 14:50:00,305.74,305.74,305.64,305.64,-0.03,701.2,215678.07,-1
2025-08-24,2025-08-24 15:00:00,305.64,313.4,304.5,305.64,0.0,701.2,215678.07,0
2025-08-25,2025-08-25 11:00:00,305.0,306.5,303.56,305.08,0.03,738.24,225390.9,1
2025-08-25,2025-08-25 11:10:00,305.08,305.17,305.08,305.17,0.03,738.24,225390.9,1
2025-08-25,2025-08-25 11:20:00,305.17,305.25,305.17,305.25,0.03,738.24,225390.9,1
2025-08-25,2025-08-25 11:30:00,305.25,305.34,305.25,305.34,0.03,738.24,225390.9,1
2025-08-25,2025-08-25 11:40:00,305.34,305.42,305.34,305.42,0.03,738.24,225390.9,1
2025-08-25,2025-08-25 11:50:00,305.42,305.5,305.42,305.5,0.03,738.24,225390.9,1
2025-08-25,2025-08-25 12:00:00,305.5,305.59,305.5,305.59,0.03,738.24,225390.9,1
2025-08-25,2025-08-25 12:10:00,305.59,305.67,305.59,305.67,0.03,738.24,225390.9,1
2025-08-25,2025-08-25 12:20:00,305.67,305.76,305.67,305.76,0.03,738.24,225390.9,1
2025-08-25,2025-08-25 12:30:00,305.76,305.84,305.76,305.84,0.03,738.24,225390.9,1
2025-08-25,2025-08-25 12:40:00,305.84,305.93,305.84,305.93,0.03,738.24,225390.9,1
2025-08-25,2025-08-25 12:50:00,305.93,306.01,305.93,306.01,0.03,738.24,225390.9,1
2025-08-25,2025-08-25 13:00:00,306.01,310.0,300.2,306.09,0.03,738.24,225390.9,1
2025-08-25,2025-08-25 13:10:00,306.09,306.18,306.09,306.18,0.03,738.24,225390.9,1
2025-08-25,2025-08-25 13:20:00,306.18,306.26,306.18,306.26,0.03,738.24,225390.9,1
2025-08-25,2025-08-25 13:30:00,306.26,306.35,306.26,306.35,0.03,738.24,225390.9,1
2025-08-25,2025-08-25 13:40:00,306.35,306.43,306.35,306.43,0.03,738.24,225390.9,1
2025-08-25,2025-08-25 13:50:00,306.43,306.51,306.43,306.51,0.03,738.24,225390.9,1
2025-08-25,2025-08-25 14:00:00,306.51,306.6,306.51,306.6,0.03,738.24,225390.9,1
2025-08-25,2025-08-25 14:10:00,306.6,306.68,306.6,306.68,0.03,738.24,225390.9,1
2025-08-25,2025-08-25 14:20:00,306.68,306.77,306.68,306.77,0.03,738.24,225390.9,1
2025-08-25,2025-08-25 14:30:00,306.77,306.85,306.77,306.85,0.03,738.24,225390.9,1
2025-08-25,2025-08-25 14:40:00,306.85,306.94,306.85,306.94,0.03,738.24,225390.9,1
2025-08-25,2025-08-25 14:50:00,306.94,307.02,306.94,307.02,0.03,738.24,225390.9,1
2025-08-25,2025-08-25 15:00:00,307.02,310.0,300.2,307.02,0.0,738.24,225390.9,0
2025-08-26,2025-08-26 11:00:00,310.0,310.0,307.6,309.78,-0.07,304.0,92122.48,-1
2025-08-26,2025-08-26 11:10:00,309.78,309.78,309.56,309.56,-0.07,304.0,92122.48,-1
2025-08-26,2025-08-26 11:20:00,309.56,309.56,309.33,309.33,-0.07,304.0,92122.48,-1
2025-08-26,2025-08-26 11:30:00,309.33,309.33,309.11,309.11,-0.07,304.0,92122.48,-1
2025-08-26,2025-08-26 11:40:00,309.11,309.11,308.89,308.89,-0.07,304.0,92122.48,-1
2025-08-26,2025-08-26 11:50:00,308.89,308.89,308.67,308.67,-0.07,304.0,92122.48,-1
2025-08-26,2025-08-26 12:00:00,308.67,308.67,308.44,308.44,-0.07,304.0,92122.48,-1
2025-08-26,2025-08-26 12:10:00,308.44,308.44,308.22,308.22,-0.07,304.0,92122.48,-1
2025-08-26,2025-08-26 12:20:00,308.22,308.22,308.0,308.0,-0.07,304.0,92122.48,-1
2025-08-26,2025-08-26 12:30:00,308.0,308.0,307.78,307.78,-0.07,304.0,92122.48,-1
2025-08-26,2025-08-26 12:40:00,307.78,307.78,307.55,307.55,-0.07,304.0,92122.48,-1
2025-08-26,2025-08-26 12:50:00,307.55,307.55,307.33,307.33,-0.07,304.0,92122.48,-1
2025-08-26,2025-08-26 13:00:00,307.33,310.0,302.0,307.11,-0.07,304.0,92122.48,-1
2025-08-26,2025-08-26 13:10:00,307.11,307.11,306.88,306.88,-0.07,304.0,92122.48,-1
2025-08-26,2025-08-26 13:20:00,306.88,306.88,306.66,306.66,-0.07,304.0,92122.48,-1
2025-08-26,2025-08-26 13:30:00,306.66,306.66,306.44,306.44,-0.07,304.0,92122.48,-1
2025-08-26,2025-08-26 13:40:00,306.44,306.44,306.22,306.22,-0.07,304.0,92122.48,-1
2025-08-26,2025-08-26 13:50:00,306.22,306.22,306.0,306.0,-0.07,304.0,92122.48,-1
2025-08-26,2025-08-26 14:00:00,306.0,306.0,305.77,305.77,-0.08,304.0,92122.48,-1
2025-08-26,2025-08-26 14:10:00,305.77,305.77,305.55,305.55,-0.07,304.0,92122.48,-1
2025-08-26,2025-08-26 14:20:00,305.55,305.55,305.33,305.33,-0.07,304.0,92122.48,-1
2025-08-26,2025-08-26 14:30:00,305.33,305.33,305.11,305.11,-0.07,304.0,92122.48,-1
2025-08-26,2025-08-26 14:40:00,305.11,305.11,304.88,304.88,-0.08,304.0,92122.48,-1
2025-08-26,2025-08-26 14:50:00,304.88,304.88,304.66,304.66,-0.07,304.0,92122.48,-1
2025-08-26,2025-08-26 15:00:00,304.66,310.0,302.0,304.66,0.0,304.0,92122.48,0
2025-08-27,2025-08-27 11:00:00,300.6,303.42,300.6,300.91,0.1,408.96,125297.9,1
2025-08-27,2025-08-27 11:10:00,300.91,301.22,300.91,301.22,0.1,408.96,125297.9,1
2025-08-27,2025-08-27 11:20:00,301.22,301.53,301.22,301.53,0.1,408.96,125297.9,1
2025-08-27,2025-08-27 11:30:00,301.53,301.84,301.53,301.84,0.1,408.96,125297.9,1
2025-08-27,2025-08-27 11:40:00,301.84,302.15,301.84,302.15,0.1,408.96,125297.9,1
2025-08-27,2025-08-27 11:50:00,302.15,302.46,302.15,302.46,0.1,408.96,125297.9,1
2025-08-27,2025-08-27 12:00:00,302.46,302.77,302.46,302.77,0.1,408.96,125297.9,1
2025-08-27,2025-08-27 12:10:00,302.77,303.08,302.77,303.08,0.1,408.96,125297.9,1
2025-08-27,2025-08-27 12:20:00,303.08,303.39,303.08,303.39,0.1,408.96,125297.9,1
2025-08-27,2025-08-27 12:30:00,303.39,303.7,303.39,303.7,0.1,408.96,125297.9,1
2025-08-27,2025-08-27 12:40:00,303.7,304.01,303.7,304.01,0.1,408.96,125297.9,1
2025-08-27,2025-08-27 12:50:00,304.01,304.32,304.01,304.32,0.1,408.96,125297.9,1
2025-08-27,2025-08-27 13:00:00,304.32,310.0,300.6,304.63,0.1,408.96,125297.9,1
2025-08-27,2025-08-27 13:10:00,304.63,304.94,304.63,304.94,0.1,408.96,125297.9,1
2025-08-27,2025-08-27 13:20:00,304.94,305.25,304.94,305.25,0.1,408.96,125297.9,1
2025-08-27,2025-08-27 13:30:00,305.25,305.56,305.25,305.56,0.1,408.96,125297.9,1
2025-08-27,2025-08-27 13:40:00,305.56,305.87,305.56,305.87,0.1,408.96,125297.9,1
2025-08-27,2025-08-27 13:50:00,305.87,306.18,305.87,306.18,0.1,408.96,125297.9,1
2025-08-27,2025-08-27 14:00:00,306.18,306.49,306.18,306.49,0.1,408.96,125297.9,1
2025-08-27,2025-08-27 14:10:00,306.49,306.8,306.49,306.8,0.1,408.96,125297.9,1
2025-08-27,2025-08-27 14:20:00,306.8,307.11,306.8,307.11,0.1,408.96,125297.9,1
2025-08-27,2025-08-27 14:30:00,307.11,307.42,307.11,307.42,0.1,408.96,125297.9,1
2025-08-27,2025-08-27 14:40:00,307.42,307.73,307.42,307.73,0.1,408.96,125297.9,1
2025-08-27,2025-08-27 14:50:00,307.73,308.04,307.73,308.04,0.1,408.96,125297.9,1
2025-08-27,2025-08-27 15:00:00,308.04,310.0,300.6,308.04,0.0,408.96,125297.9,0
2025-08-28,2025-08-28 11:00:00,310.0,310.3,308.56,309.85,-0.05,621.24,191377.66,-1
2025-08-28,2025-08-28 11:10:00,309.85,309.85,309.69,309.69,-0.05,621.24,191377.66,-1
2025-08-28,2025-08-28 11:20:00,309.69,309.69,309.53,309.53,-0.05,621.24,191377.66,-1
2025-08-28,2025-08-28 11:30:00,309.53,309.53,309.38,309.38,-0.05,621.24,191377.66,-1
2025-08-28,2025-08-28 11:40:00,309.38,309.38,309.23,309.23,-0.05,621.24,191377.66,-1
2025-08-28,2025-08-28 11:50:00,309.23,309.23,309.07,309.07,-0.05,621.24,191377.66,-1
2025-08-28,2025-08-28 12:00:00,309.07,309.07,308.91,308.91,-0.05,621.24,191377.66,-1
2025-08-28,2025-08-28 12:10:00,308.91,308.91,308.76,308.76,-0.05,621.24,191377.66,-1
2025-08-28,2025-08-28 12:20:00,308.76,308.76,308.61,308.61,-0.05,621.24,191377.66,-1
2025-08-28,2025-08-28 12:30:00,308.61,308.61,308.45,308.45,-0.05,621.24,191377.66,-1
2025-08-28,2025-08-28 12:40:00,308.45,308.45,308.29,308.29,-0.05,621.24,191377.66,-1
2025-08-28,2025-08-28 12:50:00,308.29,308.29,308.14,308.14,-0.05,621.24,191377.66,-1
2025-08-28,2025-08-28 13:00:00,308.14,311.0,305.2,307.99,-0.05,621.24,191377.66,-1
2025-08-28,2025-08-28 13:10:00,307.99,307.99,307.83,307.83,-0.05,621.24,191377.66,-1
2025-08-28,2025-08-28 13:20:00,307.83,307.83,307.67,307.67,-0.05,621.24,191377.66,-1
2025-08-28,2025-08-28 13:30:00,307.67,307.67,307.52,307.52,-0.05,621.24,191377.66,-1
2025-08-28,2025-08-28 13:40:00,307.52,307.52,307.37,307.37,-0.05,621.24,191377.66,-1
2025-08-28,2025-08-28 13:50:00,307.37,307.37,307.21,307.21,-0.05,621.24,191377.66,-1
2025-08-28,2025-08-28 14:00:00,307.21,307.21,307.05,307.05,-0.05,621.24,191377.66,-1
2025-08-28,2025-08-28 14:10:00,307.05,307.05,306.9,306.9,-0.05,621.24,191377.66,-1
2025-08-28,2025-08-28 14:20:00,306.9,306.9,306.75,306.75,-0.05,621.24,191377.66,-1
2025-08-28,2025-08-28 14:30:00,306.75,306.75,306.59,306.59,-0.05,621.24,191377.66,-1
2025-08-28,2025-08-28 14:40:00,306.59,306.59,306.43,306.43,-0.05,621.24,191377.66,-1
2025-08-28,2025-08-28 14:50:00,306.43,306.43,306.28,306.28,-0.05,621.24,191377.66,-1
2025-08-28,2025-08-28 15:00:00,306.28,311.0,305.2,306.28,0.0,621.24,191377.66,0
2025-08-31,2025-08-31 11:00:00,310.0,310.72,307.3,309.65,-0.11,552.52,168650.14,-1
2025-08-31,2025-08-31 11:10:00,309.65,309.65,309.31,309.31,-0.11,552.52,168650.14,-1
2025-08-31,2025-08-31 11:20:00,309.31,309.31,308.96,308.96,-0.11,552.52,168650.14,-1
2025-08-31,2025-08-31 11:30:00,308.96,308.96,308.62,308.62,-0.11,552.52,168650.14,-1
2025-08-31,2025-08-31 11:40:00,308.62,308.62,308.27,308.27,-0.11,552.52,168650.14,-1
2025-08-31,2025-08-31 11:50:00,308.27,308.27,307.93,307.93,-0.11,552.52,168650.14,-1
2025-08-31,2025-08-31 12:00:00,307.93,307.93,307.58,307.58,-0.11,552.52,168650.14,-1
2025-08-31,2025-08-31 12:10:00,307.58,307.58,307.23,307.23,-0.11,552.52,168650.14,-1
2025-08-31,2025-08-31 12:20:00,307.23,307.23,306.89,306.89,-0.11,552.52,168650.14,-1
2025-08-31,2025-08-31 12:30:00,306.89,306.89,306.54,306.54,-0.11,552.52,168650.14,-1
2025-08-31,2025-08-31 12:40:00,306.54,306.54,306.2,306.2,-0.11,552.52,168650.14,-1
2025-08-31,2025-08-31 12:50:00,306.2,306.2,305.85,305.85,-0.11,552.52,168650.14,-1
2025-08-31,2025-08-31 13:00:00,305.85,312.4,301.0,305.5,-0.11,552.52,168650.14,-1
2025-08-31,2025-08-31 13:10:00,305.5,305.5,305.16,305.16,-0.11,552.52,168650.14,-1
2025-08-31,2025-08-31 13:20:00,305.16,305.16,304.81,304.81,-0.11,552.52,168650.14,-1
2025-08-31,2025-08-31 13:30:00,304.81,304.81,304.47,304.47,-0.11,552.52,168650.14,-1
2025-08-31,2025-08-31 13:40:00,304.47,304.47,304.12,304.12,-0.11,552.52,168650.14,-1
2025-08-31,2025-08-31 13:50:00,304.12,304.12,303.77,303.77,-0.12,552.52,168650.14,-1
2025-08-31,2025-08-31 14:00:00,303.77,303.77,303.43,303.43,-0.11,552.52,168650.14,-1
2025-08-31,2025-08-31 14:10:00,303.43,303.43,303.08,303.08,-0.12,552.52,168650.14,-1
2025-08-31,2025-08-31 14:20:00,303.08,303.08,302.74,302.74,-0.11,552.52,168650.14,-1
2025-08-31,2025-08-31 14:30:00,302.74,302.74,302.39,302.39,-0.12,552.52,168650.14,-1
2025-08-31,2025-08-31 14:40:00,302.39,302.39,302.05,302.05,-0.11,552.52,168650.14,-1
2025-08-31,2025-08-31 14:50:00,302.05,302.05,301.7,301.7,-0.12,552.52,168650.14,-1
2025-08-31,2025-08-31 15:00:00,301.7,312.4,301.0,301.7,0.0,552.52,168650.14,0
2025-09-01,2025-09-01 11:00:00,305.0,305.78,303.5,304.79,-0.07,493.2,148334.28,-1
2025-09-01,2025-09-01 11:10:00,304.79,304.79,304.58,304.58,-0.07,493.2,148334.28,-1
2025-09-01,2025-09-01 11:20:00,304.58,304.58,304.38,304.38,-0.07,493.2,148334.28,-1
2025-09-01,2025-09-01 11:30:00,304.38,304.38,304.17,304.17,-0.07,493.2,148334.28,-1
2025-09-01,2025-09-01 11:40:00,304.17,304.17,303.96,303.96,-0.07,493.2,148334.28,-1
2025-09-01,2025-09-01 11:50:00,303.96,303.96,303.75,303.75,-0.07,493.2,148334.28,-1
2025-09-01,2025-09-01 12:00:00,303.75,303.75,303.55,303.55,-0.07,493.2,148334.28,-1
2025-09-01,2025-09-01 12:10:00,303.55,303.55,303.34,303.34,-0.07,493.2,148334.28,-1
2025-09-01,2025-09-01 12:20:00,303.34,303.34,303.13,303.13,-0.07,493.2,148334.28,-1
2025-09-01,2025-09-01 12:30:00,303.13,303.13,302.93,302.93,-0.07,493.2,148334.28,-1
2025-09-01,2025-09-01 12:40:00,302.93,302.93,302.72,302.72,-0.07,493.2,148334.28,-1
2025-09-01,2025-09-01 12:50:00,302.72,302.72,302.51,302.51,-0.07,493.2,148334.28,-1
2025-09-01,2025-09-01 13:00:00,302.51,307.6,300.0,302.3,-0.07,493.2,148334.28,-1
2025-09-01,2025-09-01 13:10:00,302.3,302.3,302.09,302.09,-0.07,493.2,148334.28,-1
2025-09-01,2025-09-01 13:20:00,302.09,302.09,301.89,301.89,-0.07,493.2,148334.28,-1
2025-09-01,2025-09-01 13:30:00,301.89,301.89,301.68,301.68,-0.07,493.2,148334.28,-1
2025-09-01,2025-09-01 13:40:00,301.68,301.68,301.47,301.47,-0.07,493.2,148334.28,-1
2025-09-01,2025-09-01 13:50:00,301.47,301.47,301.26,301.26,-0.07,493.2,148334.28,-1
2025-09-01,2025-09-01 14:00:00,301.26,301.26,301.06,301.06,-0.07,493.2,148334.28,-1
2025-09-01,2025-09-01 14:10:00,301.06,301.06,300.85,300.85,-0.07,493.2,148334.28,-1
2025-09-01,2025-09-01 14:20:00,300.85,300.85,300.64,300.64,-0.07,493.2,148334.28,-1
2025-09-01,2025-09-01 14:30:00,300.64,300.64,300.44,300.44,-0.07,493.2,148334.28,-1
2025-09-01,2025-09-01 14:40:00,300.44,300.44,300.23,300.23,-0.07,493.2,148334.28,-1
2025-09-01,2025-09-01 14:50:00,300.23,300.23,300.02,300.02,-0.07,493.2,148334.28,-1
2025-09-01,2025-09-01 15:00:00,300.02,307.6,300.0,300.02,0.0,493.2,148334.28,0
2025-09-02,2025-09-02 11:00:00,306.0,306.0,303.0,305.6,-0.13,394.24,117942.39,-1
2025-09-02,2025-09-02 11:10:00,305.6,305.6,305.2,305.2,-0.13,394.24,117942.39,-1
2025-09-02,2025-09-02 11:20:00,305.2,305.2,304.8,304.8,-0.13,394.24,117942.39,-1
2025-09-02,2025-09-02 11:30:00,304.8,304.8,304.4,304.4,-0.13,394.24,117942.39,-1
2025-09-02,2025-09-02 11:40:00,304.4,304.4,304.0,304.0,-0.13,394.24,117942.39,-1
2025-09-02,2025-09-02 11:50:00,304.0,304.0,303.61,303.61,-0.13,394.24,117942.39,-1
2025-09-02,2025-09-02 12:00:00,303.61,303.61,303.21,303.21,-0.13,394.24,117942.39,-1
2025-09-02,2025-09-02 12:10:00,303.21,303.21,302.81,302.81,-0.13,394.24,117942.39,-1
2025-09-02,2025-09-02 12:20:00,302.81,302.81,302.41,302.41,-0.13,394.24,117942.39,-1
2025-09-02,2025-09-02 12:30:00,302.41,302.41,302.01,302.01,-0.13,394.24,117942.39,-1
2025-09-02,2025-09-02 12:40:00,302.01,302.01,301.61,301.61,-0.13,394.24,117942.39,-1
2025-09-02,2025-09-02 12:50:00,301.61,301.61,301.21,301.21,-0.13,394.24,117942.39,-1
2025-09-02,2025-09-02 13:00:00,301.21,306.0,296.0,300.81,-0.13,394.24,117942.39,-1
2025-09-02,2025-09-02 13:10:00,300.81,300.81,300.41,300.41,-0.13,394.24,117942.39,-1
2025-09-02,2025-09-02 13:20:00,300.41,300.41,300.01,300.01,-0.13,394.24,117942.39,-1
2025-09-02,2025-09-02 13:30:00,300.01,300.01,299.61,299.61,-0.13,394.24,117942.39,-1
2025-09-02,2025-09-02 13:40:00,299.61,299.61,299.21,299.21,-0.13,394.24,117942.39,-1
2025-09-02,2025-09-02 13:50:00,299.21,299.21,298.81,298.81,-0.13,394.24,117942.39,-1
2025-09-02,2025-09-02 14:00:00,298.81,298.81,298.42,298.42,-0.13,394.24,117942.39,-1
2025-09-02,2025-09-02 14:10:00,298.42,298.42,298.02,298.02,-0.13,394.24,117942.39,-1
2025-09-02,2025-09-02 14:20:00,298.02,298.02,297.62,297.62,-0.13,394.24,117942.39,-1
2025-09-02,2025-09-02 14:30:00,297.62,297.62,297.22,297.22,-0.13,394.24,117942.39,-1
2025-09-02,2025-09-02 14:40:00,297.22,297.22,296.82,296.82,-0.13,394.24,117942.39,-1
2025-09-02,2025-09-02 14:50:00,296.82,296.82,296.42,296.42,-0.13,394.24,117942.39,-1
2025-09-02,2025-09-02 15:00:00,296.42,306.0,296.0,296.42,0.0,394.24,117942.39,0
2025-09-03,2025-09-03 11:00:00,293.3,293.51,292.01,293.17,-0.04,691.4,201906.24,-1
2025-09-03,2025-09-03 11:10:00,293.17,293.17,293.03,293.03,-0.05,691.4,201906.24,-1
2025-09-03,2025-09-03 11:20:00,293.03,293.03,292.89,292.89,-0.05,691.4,201906.24,-1
2025-09-03,2025-09-03 11:30:00,292.89,292.89,292.76,292.76,-0.04,691.4,201906.24,-1
2025-09-03,2025-09-03 11:40:00,292.76,292.76,292.62,292.62,-0.05,691.4,201906.24,-1
2025-09-03,2025-09-03 11:50:00,292.62,292.62,292.49,292.49,-0.04,691.4,201906.24,-1
2025-09-03,2025-09-03 12:00:00,292.49,292.49,292.36,292.36,-0.04,691.4,201906.24,-1
2025-09-03,2025-09-03 12:10:00,292.36,292.36,292.22,292.22,-0.05,691.4,201906.24,-1
2025-09-03,2025-09-03 12:20:00,292.22,292.22,292.09,292.09,-0.04,691.4,201906.24,-1
2025-09-03,2025-09-03 12:30:00,292.09,292.09,291.95,291.95,-0.05,691.4,201906.24,-1
2025-09-03,2025-09-03 12:40:00,291.95,291.95,291.81,291.81,-0.05,691.4,201906.24,-1
2025-09-03,2025-09-03 12:50:00,291.81,291.81,291.68,291.68,-0.04,691.4,201906.24,-1
2025-09-03,2025-09-03 13:00:00,291.68,294.0,289.0,291.55,-0.04,691.4,201906.24,-1
2025-09-03,2025-09-03 13:10:00,291.55,291.55,291.41,291.41,-0.05,691.4,201906.24,-1
2025-09-03,2025-09-03 13:20:00,291.41,291.41,291.27,291.27,-0.05,691.4,201906.24,-1
2025-09-03,2025-09-03 13:30:00,291.27,291.27,291.14,291.14,-0.04,691.4,201906.24,-1
2025-09-03,2025-09-03 13:40:00,291.14,291.14,291.0,291.0,-0.05,691.4,201906.24,-1
2025-09-03,2025-09-03 13:50:00,291.0,291.0,290.87,290.87,-0.04,691.4,201906.24,-1
2025-09-03,2025-09-03 14:00:00,290.87,290.87,290.74,290.74,-0.04,691.4,201906.24,-1
2025-09-03,2025-09-03 14:10:00,290.74,290.74,290.6,290.6,-0.05,691.4,201906.24,-1
2025-09-03,2025-09-03 14:20:00,290.6,290.6,290.47,290.47,-0.04,691.4,201906.24,-1
2025-09-03,2025-09-03 14:30:00,290.47,290.47,290.33,290.33,-0.05,691.4,201906.24,-1
2025-09-03,2025-09-03 14:40:00,290.33,290.33,290.19,290.19,-0.05,691.4,201906.24,-1
2025-09-03,2025-09-03 14:50:00,290.19,290.19,290.06,290.06,-0.04,691.4,201906.24,-1
2025-09-03,2025-09-03 15:00:00,290.06,294.0,289.0,290.06,0.0,691.4,201906.24,0
2025-09-04,2025-09-04 11:00:00,288.0,288.6,285.6,287.89,-0.04,763.08,217393.98,-1
2025-09-04,2025-09-04 11:10:00,287.89,287.89,287.79,287.79,-0.03,763.08,217393.98,-1
2025-09-04,2025-09-04 11:20:00,287.79,287.79,287.69,287.69,-0.03,763.08,217393.98,-1
2025-09-04,2025-09-04 11:30:00,287.69,287.69,287.58,287.58,-0.04,763.08,217393.98,-1
2025-09-04,2025-09-04 11:40:00,287.58,287.58,287.48,287.48,-0.03,763.08,217393.98,-1
2025-09-04,2025-09-04 11:50:00,287.48,287.48,287.37,287.37,-0.04,763.08,217393.98,-1
2025-09-04,2025-09-04 12:00:00,287.37,287.37,287.26,287.26,-0.04,763.08,217393.98,-1
2025-09-04,2025-09-04 12:10:00,287.26,287.26,287.16,287.16,-0.03,763.08,217393.98,-1
2025-09-04,2025-09-04 12:20:00,287.16,287.16,287.06,287.06,-0.03,763.08,217393.98,-1
2025-09-04,2025-09-04 12:30:00,287.06,287.06,286.95,286.95,-0.04,763.08,217393.98,-1
2025-09-04,2025-09-04 12:40:00,286.95,286.95,286.85,286.85,-0.03,763.08,217393.98,-1
2025-09-04,2025-09-04 12:50:00,286.85,286.85,286.74,286.74,-0.04,763.08,217393.98,-1
2025-09-04,2025-09-04 13:00:00,286.74,290.0,280.0,286.63,-0.04,763.08,217393.98,-1
2025-09-04,2025-09-04 13:10:00,286.63,286.63,286.53,286.53,-0.03,763.08,217393.98,-1
2025-09-04,2025-09-04 13:20:00,286.53,286.53,286.43,286.43,-0.03,763.08,217393.98,-1
2025-09-04,2025-09-04 13:30:00,286.43,286.43,286.32,286.32,-0.04,763.08,217393.98,-1
2025-09-04,2025-09-04 13:40:00,286.32,286.32,286.22,286.22,-0.03,763.08,217393.98,-1
2025-09-04,2025-09-04 13:50:00,286.22,286.22,286.11,286.11,-0.04,763.08,217393.98,-1
2025-09-04,2025-09-04 14:00:00,286.11,286.11,286.0,286.0,-0.04,763.08,217393.98,-1
2025-09-04,2025-09-04 14:10:00,286.0,286.0,285.9,285.9,-0.03,763.08,217393.98,-1
2025-09-04,2025-09-04 14:20:00,285.9,285.9,285.8,285.8,-0.03,763.08,217393.98,-1
2025-09-04,2025-09-04 14:30:00,285.8,285.8,285.69,285.69,-0.04,763.08,217393.98,-1
2025-09-04,2025-09-04 14:40:00,285.69,285.69,285.59,285.59,-0.04,763.08,217393.98,-1
2025-09-04,2025-09-04 14:50:00,285.59,285.59,285.48,285.48,-0.04,763.08,217393.98,-1
2025-09-04,2025-09-04 15:00:00,285.48,290.0,280.0,285.48,0.0,763.08,217393.98,0
2025-09-07,2025-09-07 11:00:00,288.0,288.6,287.1,287.92,-0.03,222.6,63803.03,-1
2025-09-07,2025-09-07 11:10:00,287.92,287.92,287.83,287.83,-0.03,222.6,63803.03,-1
2025-09-07,2025-09-07 11:20:00,287.83,287.83,287.75,287.75,-0.03,222.6,63803.03,-1
2025-09-07,2025-09-07 11:30:00,287.75,287.75,287.66,287.66,-0.03,222.6,63803.03,-1
2025-09-07,2025-09-07 11:40:00,287.66,287.66,287.58,287.58,-0.03,222.6,63803.03,-1
2025-09-07,2025-09-07 11:50:00,287.58,287.58,287.49,287.49,-0.03,222.6,63803.03,-1
2025-09-07,2025-09-07 12:00:00,287.49,287.49,287.41,287.41,-0.03,222.6,63803.03,-1
2025-09-07,2025-09-07 12:10:00,287.41,287.41,287.32,287.32,-0.03,222.6,63803.03,-1
2025-09-07,2025-09-07 12:20:00,287.32,287.32,287.24,287.24,-0.03,222.6,63803.03,-1
2025-09-07,2025-09-07 12:30:00,287.24,287.24,287.15,287.15,-0.03,222.6,63803.03,-1
2025-09-07,2025-09-07 12:40:00,287.15,287.15,287.07,287.07,-0.03,222.6,63803.03,-1
2025-09-07,2025-09-07 12:50:00,287.07,287.07,286.99,286.99,-0.03,222.6,63803.03,-1
2025-09-07,2025-09-07 13:00:00,286.99,290.0,285.0,286.9,-0.03,222.6,63803.03,-1
2025-09-07,2025-09-07 13:10:00,286.9,286.9,286.82,286.82,-0.03,222.6,63803.03,-1
2025-09-07,2025-09-07 13:20:00,286.82,286.82,286.73,286.73,-0.03,222.6,63803.03,-1
2025-09-07,2025-09-07 13:30:00,286.73,286.73,286.65,286.65,-0.03,222.6,63803.03,-1
2025-09-07,2025-09-07 13:40:00,286.65,286.65,286.56,286.56,-0.03,222.6,63803.03,-1
2025-09-07,2025-09-07 13:50:00,286.56,286.56,286.48,286.48,-0.03,222.6,63803.03,-1
2025-09-07,2025-09-07 14:00:00,286.48,286.48,286.39,286.39,-0.03,222.6,63803.03,-1
2025-09-07,2025-09-07 14:10:00,286.39,286.39,286.31,286.31,-0.03,222.6,63803.03,-1
2025-09-07,2025-09-07 14:20:00,286.31,286.31,286.22,286.22,-0.03,222.6,63803.03,-1
2025-09-07,2025-09-07 14:30:00,286.22,286.22,286.14,286.14,-0.03,222.6,63803.03,-1
2025-09-07,2025-09-07 14:40:00,286.14,286.14,286.05,286.05,-0.03,222.6,63803.03,-1
2025-09-07,2025-09-07 14:50:00,286.05,286.05,285.97,285.97,-0.03,222.6,63803.03,-1
2025-09-07,2025-09-07 15:00:00,285.97,290.0,285.0,285.97,0.0,222.6,63803.03,0
2025-09-08,2025-09-08 11:00:00,285.0,286.17,282.39,284.68,-0.11,508.32,142308.32,-1
2025-09-08,2025-09-08 11:10:00,284.68,284.68,284.37,284.37,-0.11,508.32,142308.32,-1
2025-09-08,2025-09-08 11:20:00,284.37,284.37,284.05,284.05,-0.11,508.32,142308.32,-1
2025-09-08,2025-09-08 11:30:00,284.05,284.05,283.74,283.74,-0.11,508.32,142308.32,-1
2025-09-08,2025-09-08 11:40:00,283.74,283.74,283.42,283.42,-0.11,508.32,142308.32,-1
2025-09-08,2025-09-08 11:50:00,283.42,283.42,283.11,283.11,-0.11,508.32,142308.32,-1
2025-09-08,2025-09-08 12:00:00,283.11,283.11,282.79,282.79,-0.11,508.32,142308.32,-1
2025-09-08,2025-09-08 12:10:00,282.79,282.79,282.48,282.48,-0.11,508.32,142308.32,-1
2025-09-08,2025-09-08 12:20:00,282.48,282.48,282.16,282.16,-0.11,508.32,142308.32,-1
2025-09-08,2025-09-08 12:30:00,282.16,282.16,281.85,281.85,-0.11,508.32,142308.32,-1
2025-09-08,2025-09-08 12:40:00,281.85,281.85,281.53,281.53,-0.11,508.32,142308.32,-1
2025-09-08,2025-09-08 12:50:00,281.53,281.53,281.22,281.22,-0.11,508.32,142308.32,-1
2025-09-08,2025-09-08 13:00:00,281.22,288.9,276.3,280.9,-0.11,508.32,142308.32,-1
2025-09-08,2025-09-08 13:10:00,280.9,280.9,280.58,280.58,-0.11,508.32,142308.32,-1
2025-09-08,2025-09-08 13:20:00,280.58,280.58,280.27,280.27,-0.11,508.32,142308.32,-1
2025-09-08,2025-09-08 13:30:00,280.27,280.27,279.95,279.95,-0.11,508.32,142308.32,-1
2025-09-08,2025-09-08 13:40:00,279.95,279.95,279.64,279.64,-0.11,508.32,142308.32,-1
2025-09-08,2025-09-08 13:50:00,279.64,279.64,279.32,279.32,-0.11,508.32,142308.32,-1
2025-09-08,2025-09-08 14:00:00,279.32,279.32,279.01,279.01,-0.11,508.32,142308.32,-1
2025-09-08,2025-09-08 14:10:00,279.01,279.01,278.69,278.69,-0.11,508.32,142308.32,-1
2025-09-08,2025-09-08 14:20:00,278.69,278.69,278.38,278.38,-0.11,508.32,142308.32,-1
2025-09-08,2025-09-08 14:30:00,278.38,278.38,278.06,278.06,-0.11,508.32,142308.32,-1
2025-09-08,2025-09-08 14:40:00,278.06,278.06,277.75,277.75,-0.11,508.32,142308.32,-1
2025-09-08,2025-09-08 14:50:00,277.75,277.75,277.43,277.43,-0.12,508.32,142308.32,-1
2025-09-08,2025-09-08 15:00:00,277.43,288.9,276.3,277.43,0.0,508.32,142308.32,0
2025-09-18,2025-09-18 11:00:00,272.0,272.0,268.7,271.54,-0.17,54.8,14582.4,-1
2025-09-18,2025-09-18 11:10:00,271.54,271.54,271.08,271.08,-0.17,54.8,14582.4,-1
2025-09-18,2025-09-18 11:20:00,271.08,271.08,270.62,270.62,-0.17,54.8,14582.4,-1
2025-09-18,2025-09-18 11:30:00,270.62,270.62,270.17,270.17,-0.17,54.8,14582.4,-1
2025-09-18,2025-09-18 11:40:00,270.17,270.17,269.71,269.71,-0.17,54.8,14582.4,-1
2025-09-18,2025-09-18 11:50:00,269.71,269.71,269.25,269.25,-0.17,54.8,14582.4,-1
2025-09-18,2025-09-18 12:00:00,269.25,269.25,268.79,268.79,-0.17,54.8,14582.4,-1
2025-09-18,2025-09-18 12:10:00,268.79,268.79,268.33,268.33,-0.17,54.8,14582.4,-1
2025-09-18,2025-09-18 12:20:00,268.33,268.33,267.88,267.88,-0.17,54.8,14582.4,-1
2025-09-18,2025-09-18 12:30:00,267.88,267.88,267.42,267.42,-0.17,54.8,14582.4,-1
2025-09-18,2025-09-18 12:40:00,267.42,267.42,266.96,266.96,-0.17,54.8,14582.4,-1
2025-09-18,2025-09-18 12:50:00,266.96,266.96,266.5,266.5,-0.17,54.8,14582.4,-1
2025-09-18,2025-09-18 13:00:00,266.5,272.0,261.0,266.04,-0.17,54.8,14582.4,-1
2025-09-18,2025-09-18 13:10:00,266.04,266.04,265.58,265.58,-0.17,54.8,14582.4,-1
2025-09-18,2025-09-18 13:20:00,265.58,265.58,265.12,265.12,-0.17,54.8,14582.4,-1
2025-09-18,2025-09-18 13:30:00,265.12,265.12,264.67,264.67,-0.17,54.8,14582.4,-1
2025-09-18,2025-09-18 13:40:00,264.67,264.67,264.21,264.21,-0.17,54.8,14582.4,-1
2025-09-18,2025-09-18 13:50:00,264.21,264.21,263.75,263.75,-0.17,54.8,14582.4,-1
2025-09-18,2025-09-18 14:00:00,263.75,263.75,263.29,263.29,-0.17,54.8,14582.4,-1
2025-09-18,2025-09-18 14:10:00,263.29,263.29,262.83,262.83,-0.17,54.8,14582.4,-1
2025-09-18,2025-09-18 14:20:00,262.83,262.83,262.38,262.38,-0.17,54.8,14582.4,-1
2025-09-18,2025-09-18 14:30:00,262.38,262.38,261.92,261.92,-0.18,54.8,14582.4,-1
2025-09-18,2025-09-18 14:40:00,261.92,261.92,261.46,261.46,-0.18,54.8,14582.4,-1
2025-09-18,2025-09-18 14:50:00,261.46,261.46,261.0,261.0,-0.18,54.8,14582.4,-1
2025-09-18,2025-09-18 15:00:00,261.0,272.0,261.0,261.0,0.0,54.8,14582.4,0
2025-09-21,2025-09-21 11:00:00,256.0,265.33,255.4,257.3,0.51,1782.28,490501.56,1
2025-09-21,2025-09-21 11:10:00,257.3,258.59,257.3,258.59,0.5,1782.28,490501.56,1
2025-09-21,2025-09-21 11:20:00,258.59,259.89,258.59,259.89,0.5,1782.28,490501.56,1
2025-09-21,2025-09-21 11:30:00,259.89,261.18,259.89,261.18,0.5,1782.28,490501.56,1
2025-09-21,2025-09-21 11:40:00,261.18,262.48,261.18,262.48,0.5,1782.28,490501.56,1
2025-09-21,2025-09-21 11:50:00,262.48,263.77,262.48,263.77,0.49,1782.28,490501.56,1
2025-09-21,2025-09-21 12:00:00,263.77,265.07,263.77,265.07,0.49,1782.28,490501.56,1
2025-09-21,2025-09-21 12:10:00,265.07,266.37,265.07,266.37,0.49,1782.28,490501.56,1
2025-09-21,2025-09-21 12:20:00,266.37,267.66,266.37,267.66,0.48,1782.28,490501.56,1
2025-09-21,2025-09-21 12:30:00,267.66,268.96,267.66,268.96,0.49,1782.28,490501.56,1
2025-09-21,2025-09-21 12:40:00,268.96,270.25,268.96,270.25,0.48,1782.28,490501.56,1
2025-09-21,2025-09-21 12:50:00,270.25,271.55,270.25,271.55,0.48,1782.28,490501.56,1
2025-09-21,2025-09-21 13:00:00,271.55,287.1,254.0,272.85,0.48,1782.28,490501.56,1
2025-09-21,2025-09-21 13:10:00,272.85,274.14,272.85,274.14,0.47,1782.28,490501.56,1
2025-09-21,2025-09-21 13:20:00,274.14,275.44,274.14,275.44,0.47,1782.28,490501.56,1
2025-09-21,2025-09-21 13:30:00,275.44,276.73,275.44,276.73,0.47,1782.28,490501.56,1
2025-09-21,2025-09-21 13:40:00,276.73,278.03,276.73,278.03,0.47,1782.28,490501.56,1
2025-09-21,2025-09-21 13:50:00,278.03,279.33,278.03,279.33,0.47,1782.28,490501.56,1
2025-09-21,2025-09-21 14:00:00,279.33,280.62,279.33,280.62,0.46,1782.28,490501.56,1
2025-09-21,2025-09-21 14:10:00,280.62,281.92,280.62,281.92,0.46,1782.28,490501.56,1
2025-09-21,2025-09-21 14:20:00,281.92,283.21,281.92,283.21,0.46,1782.28,490501.56,1
2025-09-21,2025-09-21 14:30:00,283.21,284.51,283.21,284.51,0.46,1782.28,490501.56,1
2025-09-21,2025-09-21 14:40:00,284.51,285.8,284.51,285.8,0.45,1782.28,490501.56,1
2025-09-21,2025-09-21 14:50:00,285.8,287.1,285.8,287.1,0.45,1782.28,490501.56,1
2025-09-21,2025-09-21 15:00:00,287.1,287.1,254.0,287.1,0.0,1782.28,490501.56,0
2025-09-23,2025-09-23 11:00:00,290.1,297.81,290.1,291.17,0.37,1991.2,621787.1,1
2025-09-23,2025-09-23 11:10:00,291.17,292.24,291.17,292.24,0.37,1991.2,621787.1,1
2025-09-23,2025-09-23 11:20:00,292.24,293.31,292.24,293.31,0.37,1991.2,621787.1,1
2025-09-23,2025-09-23 11:30:00,293.31,294.38,293.31,294.38,0.36,1991.2,621787.1,1
2025-09-23,2025-09-23 11:40:00,294.38,295.45,294.38,295.45,0.36,1991.2,621787.1,1
2025-09-23,2025-09-23 11:50:00,295.45,296.53,295.45,296.53,0.37,1991.2,621787.1,1
2025-09-23,2025-09-23 12:00:00,296.53,297.6,296.53,297.6,0.36,1991.2,621787.1,1
2025-09-23,2025-09-23 12:10:00,297.6,298.67,297.6,298.67,0.36,1991.2,621787.1,1
2025-09-23,2025-09-23 12:20:00,298.67,299.74,298.67,299.74,0.36,1991.2,621787.1,1
2025-09-23,2025-09-23 12:30:00,299.74,300.81,299.74,300.81,0.36,1991.2,621787.1,1
2025-09-23,2025-09-23 12:40:00,300.81,301.88,300.81,301.88,0.36,1991.2,621787.1,1
2025-09-23,2025-09-23 12:50:00,301.88,302.95,301.88,302.95,0.35,1991.2,621787.1,1
2025-09-23,2025-09-23 13:00:00,302.95,315.8,290.1,304.02,0.35,1991.2,621787.1,1
2025-09-23,2025-09-23 13:10:00,304.02,305.09,304.02,305.09,0.35,1991.2,621787.1,1
2025-09-23,2025-09-23 13:20:00,305.09,306.16,305.09,306.16,0.35,1991.2,621787.1,1
2025-09-23,2025-09-23 13:30:00,306.16,307.23,306.16,307.23,0.35,1991.2,621787.1,1
2025-09-23,2025-09-23 13:40:00,307.23,308.3,307.23,308.3,0.35,1991.2,621787.1,1
2025-09-23,2025-09-23 13:50:00,308.3,309.38,308.3,309.38,0.35,1991.2,621787.1,1
2025-09-23,2025-09-23 14:00:00,309.38,310.45,309.38,310.45,0.35,1991.2,621787.1,1
2025-09-23,2025-09-23 14:10:00,310.45,311.52,310.45,311.52,0.34,1991.2,621787.1,1
2025-09-23,2025-09-23 14:20:00,311.52,312.59,311.52,312.59,0.34,1991.2,621787.1,1
2025-09-23,2025-09-23 14:30:00,312.59,313.66,312.59,313.66,0.34,1991.2,621787.1,1
2025-09-23,2025-09-23 14:40:00,313.66,314.73,313.66,314.73,0.34,1991.2,621787.1,1
2025-09-23,2025-09-23 14:50:00,314.73,315.8,314.73,315.8,0.34,1991.2,621787.1,1
2025-09-23,2025-09-23 15:00:00,315.8,315.8,290.1,315.8,0.0,1991.2,621787.1,0
2025-09-24,2025-09-24 11:00:00,322.0,323.65,319.0,321.88,-0.04,963.76,306500.52,-1
2025-09-24,2025-09-24 11:10:00,321.88,321.88,321.75,321.75,-0.04,963.76,306500.52,-1
2025-09-24,2025-09-24 11:20:00,321.75,321.75,321.62,321.62,-0.04,963.76,306500.52,-1
2025-09-24,2025-09-24 11:30:00,321.62,321.62,321.5,321.5,-0.04,963.76,306500.52,-1
2025-09-24,2025-09-24 11:40:00,321.5,321.5,321.38,321.38,-0.04,963.76,306500.52,-1
2025-09-24,2025-09-24 11:50:00,321.38,321.38,321.25,321.25,-0.04,963.76,306500.52,-1
2025-09-24,2025-09-24 12:00:00,321.25,321.25,321.12,321.12,-0.04,963.76,306500.52,-1
2025-09-24,2025-09-24 12:10:00,321.12,321.12,321.0,321.0,-0.04,963.76,306500.52,-1
2025-09-24,2025-09-24 12:20:00,321.0,321.0,320.88,320.88,-0.04,963.76,306500.52,-1
2025-09-24,2025-09-24 12:30:00,320.88,320.88,320.75,320.75,-0.04,963.76,306500.52,-1
2025-09-24,2025-09-24 12:40:00,320.75,320.75,320.62,320.62,-0.04,963.76,306500.52,-1
2025-09-24,2025-09-24 12:50:00,320.62,320.62,320.5,320.5,-0.04,963.76,306500.52,-1
2025-09-24,2025-09-24 13:00:00,320.5,327.5,312.0,320.38,-0.04,963.76,306500.52,-1
2025-09-24,2025-09-24 13:10:00,320.38,320.38,320.25,320.25,-0.04,963.76,306500.52,-1
2025-09-24,2025-09-24 13:20:00,320.25,320.25,320.12,320.12,-0.04,963.76,306500.52,-1
2025-09-24,2025-09-24 13:30:00,320.12,320.12,320.0,320.0,-0.04,963.76,306500.52,-1
2025-09-24,2025-09-24 13:40:00,320.0,320.0,319.88,319.88,-0.04,963.76,306500.52,-1
2025-09-24,2025-09-24 13:50:00,319.88,319.88,319.75,319.75,-0.04,963.76,306500.52,-1
2025-09-24,2025-09-24 14:00:00,319.75,319.75,319.62,319.62,-0.04,963.76,306500.52,-1
2025-09-24,2025-09-24 14:10:00,319.62,319.62,319.5,319.5,-0.04,963.76,306500.52,-1
2025-09-24,2025-09-24 14:20:00,319.5,319.5,319.38,319.38,-0.04,963.76,306500.52,-1
2025-09-24,2025-09-24 14:30:00,319.38,319.38,319.25,319.25,-0.04,963.76,306500.52,-1
2025-09-24,2025-09-24 14:40:00,319.25,319.25,319.12,319.12,-0.04,963.76,306500.52,-1
2025-09-24,2025-09-24 14:50:00,319.12,319.12,319.0,319.0,-0.04,963.76,306500.52,-1
2025-09-24,2025-09-24 15:00:00,319.0,327.5,312.0,319.0,0.0,963.76,306500.52,0
2025-09-25,2025-09-25 11:00:00,318.0,322.8,315.6,317.96,-0.01,1093.72,349841.68,-1
2025-09-25,2025-09-25 11:10:00,317.96,317.96,317.92,317.92,-0.01,1093.72,349841.68,-1
2025-09-25,2025-09-25 11:20:00,317.92,317.92,317.88,317.88,-0.01,1093.72,349841.68,-1
2025-09-25,2025-09-25 11:30:00,317.88,317.88,317.83,317.83,-0.02,1093.72,349841.68,-1
2025-09-25,2025-09-25 11:40:00,317.83,317.83,317.79,317.79,-0.01,1093.72,349841.68,-1
2025-09-25,2025-09-25 11:50:00,317.79,317.79,317.75,317.75,-0.01,1093.72,349841.68,-1
2025-09-25,2025-09-25 12:00:00,317.75,317.75,317.71,317.71,-0.01,1093.72,349841.68,-1
2025-09-25,2025-09-25 12:10:00,317.71,317.71,317.67,317.67,-0.01,1093.72,349841.68,-1
2025-09-25,2025-09-25 12:20:00,317.67,317.67,317.62,317.62,-0.02,1093.72,349841.68,-1
2025-09-25,2025-09-25 12:30:00,317.62,317.62,317.58,317.58,-0.01,1093.72,349841.68,-1
2025-09-25,2025-09-25 12:40:00,317.58,317.58,317.54,317.54,-0.01,1093.72,349841.68,-1
2025-09-25,2025-09-25 12:50:00,317.54,317.54,317.5,317.5,-0.01,1093.72,349841.68,-1
2025-09-25,2025-09-25 13:00:00,317.5,334.0,310.0,317.46,-0.01,1093.72,349841.68,-1
2025-09-25,2025-09-25 13:10:00,317.46,317.46,317.42,317.42,-0.01,1093.72,349841.68,-1
2025-09-25,2025-09-25 13:20:00,317.42,317.42,317.38,317.38,-0.01,1093.72,349841.68,-1
2025-09-25,2025-09-25 13:30:00,317.38,317.38,317.33,317.33,-0.02,1093.72,349841.68,-1
2025-09-25,2025-09-25 13:40:00,317.33,317.33,317.29,317.29,-0.01,1093.72,349841.68,-1
2025-09-25,2025-09-25 13:50:00,317.29,317.29,317.25,317.25,-0.01,1093.72,349841.68,-1
2025-09-25,2025-09-25 14:00:00,317.25,317.25,317.21,317.21,-0.01,1093.72,349841.68,-1
2025-09-25,2025-09-25 14:10:00,317.21,317.21,317.17,317.17,-0.01,1093.72,349841.68,-1
2025-09-25,2025-09-25 14:20:00,317.17,317.17,317.12,317.12,-0.02,1093.72,349841.68,-1
2025-09-25,2025-09-25 14:30:00,317.12,317.12,317.08,317.08,-0.01,1093.72,349841.68,-1
2025-09-25,2025-09-25 14:40:00,317.08,317.08,317.04,317.04,-0.01,1093.72,349841.68,-1
2025-09-25,2025-09-25 14:50:00,317.04,317.04,317.0,317.0,-0.01,1093.72,349841.68,-1
2025-09-25,2025-09-25 15:00:00,317.0,334.0,310.0,317.0,0.0,1093.72,349841.68,0
2025-09-28,2025-09-28 11:00:00,320.0,321.77,317.21,319.75,-0.08,417.08,131503.27,-1
2025-09-28,2025-09-28 11:10:00,319.75,319.75,319.5,319.5,-0.08,417.08,131503.27,-1
2025-09-28,2025-09-28 11:20:00,319.5,319.5,319.25,319.25,-0.08,417.08,131503.27,-1
2025-09-28,2025-09-28 11:30:00,319.25,319.25,319.0,319.0,-0.08,417.08,131503.27,-1
2025-09-28,2025-09-28 11:40:00,319.0,319.0,318.75,318.75,-0.08,417.08,131503.27,-1
2025-09-28,2025-09-28 11:50:00,318.75,318.75,318.5,318.5,-0.08,417.08,131503.27,-1
2025-09-28,2025-09-28 12:00:00,318.5,318.5,318.25,318.25,-0.08,417.08,131503.27,-1
2025-09-28,2025-09-28 12:10:00,318.25,318.25,318.0,318.0,-0.08,417.08,131503.27,-1
2025-09-28,2025-09-28 12:20:00,318.0,318.0,317.75,317.75,-0.08,417.08,131503.27,-1
2025-09-28,2025-09-28 12:30:00,317.75,317.75,317.5,317.5,-0.08,417.08,131503.27,-1
2025-09-28,2025-09-28 12:40:00,317.5,317.5,317.25,317.25,-0.08,417.08,131503.27,-1
2025-09-28,2025-09-28 12:50:00,317.25,317.25,317.0,317.0,-0.08,417.08,131503.27,-1
2025-09-28,2025-09-28 13:00:00,317.0,325.9,310.7,316.75,-0.08,417.08,131503.27,-1
2025-09-28,2025-09-28 13:10:00,316.75,316.75,316.5,316.5,-0.08,417.08,131503.27,-1
2025-09-28,2025-09-28 13:20:00,316.5,316.5,316.25,316.25,-0.08,417.08,131503.27,-1
2025-09-28,2025-09-28 13:30:00,316.25,316.25,316.0,316.0,-0.08,417.08,131503.27,-1
2025-09-28,2025-09-28 13:40:00,316.0,316.0,315.75,315.75,-0.08,417.08,131503.27,-1
2025-09-28,2025-09-28 13:50:00,315.75,315.75,315.5,315.5,-0.08,417.08,131503.27,-1
2025-09-28,2025-09-28 14:00:00,315.5,315.5,315.25,315.25,-0.08,417.08,131503.27,-1
2025-09-28,2025-09-28 14:10:00,315.25,315.25,315.0,315.0,-0.08,417.08,131503.27,-1
2025-09-28,2025-09-28 14:20:00,315.0,315.0,314.75,314.75,-0.08,417.08,131503.27,-1
2025-09-28,2025-09-28 14:30:00,314.75,314.75,314.5,314.5,-0.08,417.08,131503.27,-1
2025-09-28,2025-09-28 14:40:00,314.5,314.5,314.25,314.25,-0.08,417.08,131503.27,-1
2025-09-28,2025-09-28 14:50:00,314.25,314.25,314.0,314.0,-0.08,417.08,131503.27,-1
2025-09-28,2025-09-28 15:00:00,314.0,325.9,310.7,314.0,0.0,417.08,131503.27,0
2025-10-07,2025-10-07 11:00:00,308.1,310.17,306.87,308.0,-0.03,284.04,87315.78,-1
2025-10-07,2025-10-07 11:10:00,308.0,308.0,307.89,307.89,-0.04,284.04,87315.78,-1
2025-10-07,2025-10-07 11:20:00,307.89,307.89,307.79,307.79,-0.03,284.04,87315.78,-1
2025-10-07,2025-10-07 11:30:00,307.79,307.79,307.68,307.68,-0.04,284.04,87315.78,-1
2025-10-07,2025-10-07 11:40:00,307.68,307.68,307.58,307.58,-0.03,284.04,87315.78,-1
2025-10-07,2025-10-07 11:50:00,307.58,307.58,307.48,307.48,-0.03,284.04,87315.78,-1
2025-10-07,2025-10-07 12:00:00,307.48,307.48,307.37,307.37,-0.04,284.04,87315.78,-1
2025-10-07,2025-10-07 12:10:00,307.37,307.37,307.27,307.27,-0.03,284.04,87315.78,-1
2025-10-07,2025-10-07 12:20:00,307.27,307.27,307.16,307.16,-0.04,284.04,87315.78,-1
2025-10-07,2025-10-07 12:30:00,307.16,307.16,307.06,307.06,-0.03,284.04,87315.78,-1
2025-10-07,2025-10-07 12:40:00,307.06,307.06,306.95,306.95,-0.04,284.04,87315.78,-1
2025-10-07,2025-10-07 12:50:00,306.95,306.95,306.85,306.85,-0.03,284.04,87315.78,-1
2025-10-07,2025-10-07 13:00:00,306.85,315.0,304.0,306.75,-0.03,284.04,87315.78,-1
2025-10-07,2025-10-07 13:10:00,306.75,306.75,306.64,306.64,-0.04,284.04,87315.78,-1
2025-10-07,2025-10-07 13:20:00,306.64,306.64,306.54,306.54,-0.03,284.04,87315.78,-1
2025-10-07,2025-10-07 13:30:00,306.54,306.54,306.43,306.43,-0.04,284.04,87315.78,-1
2025-10-07,2025-10-07 13:40:00,306.43,306.43,306.33,306.33,-0.03,284.04,87315.78,-1
2025-10-07,2025-10-07 13:50:00,306.33,306.33,306.23,306.23,-0.03,284.04,87315.78,-1
2025-10-07,2025-10-07 14:00:00,306.23,306.23,306.12,306.12,-0.04,284.04,87315.78,-1
2025-10-07,2025-10-07 14:10:00,306.12,306.12,306.02,306.02,-0.03,284.04,87315.78,-1
2025-10-07,2025-10-07 14:20:00,306.02,306.02,305.91,305.91,-0.04,284.04,87315.78,-1
2025-10-07,2025-10-07 14:30:00,305.91,305.91,305.81,305.81,-0.03,284.04,87315.78,-1
2025-10-07,2025-10-07 14:40:00,305.81,305.81,305.7,305.7,-0.04,284.04,87315.78,-1
2025-10-07,2025-10-07 14:50:00,305.7,305.7,305.6,305.6,-0.03,284.04,87315.78,-1
2025-10-07,2025-10-07 15:00:00,305.6,315.0,304.0,305.6,0.0,284.04,87315.78,0
2025-10-08,2025-10-08 11:00:00,301.0,302.2,298.0,300.92,-0.03,659.8,195101.25,-1
2025-10-08,2025-10-08 11:10:00,300.92,300.92,300.83,300.83,-0.03,659.8,195101.25,-1
2025-10-08,2025-10-08 11:20:00,300.83,300.83,300.75,300.75,-0.03,659.8,195101.25,-1
2025-10-08,2025-10-08 11:30:00,300.75,300.75,300.67,300.67,-0.03,659.8,195101.25,-1
2025-10-08,2025-10-08 11:40:00,300.67,300.67,300.58,300.58,-0.03,659.8,195101.25,-1
2025-10-08,2025-10-08 11:50:00,300.58,300.58,300.5,300.5,-0.03,659.8,195101.25,-1
2025-10-08,2025-10-08 12:00:00,300.5,300.5,300.42,300.42,-0.03,659.8,195101.25,-1
2025-10-08,2025-10-08 12:10:00,300.42,300.42,300.33,300.33,-0.03,659.8,195101.25,-1
2025-10-08,2025-10-08 12:20:00,300.33,300.33,300.25,300.25,-0.03,659.8,195101.25,-1
2025-10-08,2025-10-08 12:30:00,300.25,300.25,300.17,300.17,-0.03,659.8,195101.25,-1
2025-10-08,2025-10-08 12:40:00,300.17,300.17,300.08,300.08,-0.03,659.8,195101.25,-1
2025-10-08,2025-10-08 12:50:00,300.08,300.08,300.0,300.0,-0.03,659.8,195101.25,-1
2025-10-08,2025-10-08 13:00:00,300.0,305.0,291.0,299.92,-0.03,659.8,195101.25,-1
2025-10-08,2025-10-08 13:10:00,299.92,299.92,299.83,299.83,-0.03,659.8,195101.25,-1
2025-10-08,2025-10-08 13:20:00,299.83,299.83,299.75,299.75,-0.03,659.8,195101.25,-1
2025-10-08,2025-10-08 13:30:00,299.75,299.75,299.67,299.67,-0.03,659.8,195101.25,-1
2025-10-08,2025-10-08 13:40:00,299.67,299.67,299.58,299.58,-0.03,659.8,195101.25,-1
2025-10-08,2025-10-08 13:50:00,299.58,299.58,299.5,299.5,-0.03,659.8,195101.25,-1
2025-10-08,2025-10-08 14:00:00,299.5,299.5,299.42,299.42,-0.03,659.8,195101.25,-1
2025-10-08,2025-10-08 14:10:00,299.42,299.42,299.33,299.33,-0.03,659.8,195101.25,-1
2025-10-08,2025-10-08 14:20:00,299.33,299.33,299.25,299.25,-0.03,659.8,195101.25,-1
2025-10-08,2025-10-08 14:30:00,299.25,299.25,299.17,299.17,-0.03,659.8,195101.25,-1
2025-10-08,2025-10-08 14:40:00,299.17,299.17,299.08,299.08,-0.03,659.8,195101.25,-1
2025-10-08,2025-10-08 14:50:00,299.08,299.08,299.0,299.0,-0.03,659.8,195101.25,-1
2025-10-08,2025-10-08 15:00:00,299.0,305.0,291.0,299.0,0.0,659.8,195101.25,0
2025-10-09,2025-10-09 11:00:00,304.9,308.56,302.83,304.94,0.01,942.24,289117.57,1
2025-10-09,2025-10-09 11:10:00,304.94,304.98,304.94,304.98,0.01,942.24,289117.57,1
2025-10-09,2025-10-09 11:20:00,304.98,305.02,304.98,305.02,0.01,942.24,289117.57,1
2025-10-09,2025-10-09 11:30:00,305.02,305.07,305.02,305.07,0.02,942.24,289117.57,1
2025-10-09,2025-10-09 11:40:00,305.07,305.11,305.07,305.11,0.01,942.24,289117.57,1
2025-10-09,2025-10-09 11:50:00,305.11,305.15,305.11,305.15,0.01,942.24,289117.57,1
2025-10-09,2025-10-09 12:00:00,305.15,305.19,305.15,305.19,0.01,942.24,289117.57,1
2025-10-09,2025-10-09 12:10:00,305.19,305.23,305.19,305.23,0.01,942.24,289117.57,1
2025-10-09,2025-10-09 12:20:00,305.23,305.27,305.23,305.27,0.01,942.24,289117.57,1
2025-10-09,2025-10-09 12:30:00,305.27,305.32,305.27,305.32,0.02,942.24,289117.57,1
2025-10-09,2025-10-09 12:40:00,305.32,305.36,305.32,305.36,0.01,942.24,289117.57,1
2025-10-09,2025-10-09 12:50:00,305.36,305.4,305.36,305.4,0.01,942.24,289117.57,1
2025-10-09,2025-10-09 13:00:00,305.4,317.1,298.0,305.44,0.01,942.24,289117.57,1
2025-10-09,2025-10-09 13:10:00,305.44,305.48,305.44,305.48,0.01,942.24,289117.57,1
2025-10-09,2025-10-09 13:20:00,305.48,305.52,305.48,305.52,0.01,942.24,289117.57,1
2025-10-09,2025-10-09 13:30:00,305.52,305.57,305.52,305.57,0.02,942.24,289117.57,1
2025-10-09,2025-10-09 13:40:00,305.57,305.61,305.57,305.61,0.01,942.24,289117.57,1
2025-10-09,2025-10-09 13:50:00,305.61,305.65,305.61,305.65,0.01,942.24,289117.57,1
2025-10-09,2025-10-09 14:00:00,305.65,305.69,305.65,305.69,0.01,942.24,289117.57,1
2025-10-09,2025-10-09 14:10:00,305.69,305.73,305.69,305.73,0.01,942.24,289117.57,1
2025-10-09,2025-10-09 14:20:00,305.73,305.77,305.73,305.77,0.01,942.24,289117.57,1
2025-10-09,2025-10-09 14:30:00,305.77,305.82,305.77,305.82,0.02,942.24,289117.57,1
2025-10-09,2025-10-09 14:40:00,305.82,305.86,305.82,305.86,0.01,942.24,289117.57,1
2025-10-09,2025-10-09 14:50:00,305.86,305.9,305.86,305.9,0.01,942.24,289117.57,1
2025-10-09,2025-10-09 15:00:00,305.9,317.1,298.0,305.9,0.0,942.24,289117.57,0
2025-10-12,2025-10-12 11:00:00,301.0,301.9,298.87,300.88,-0.04,883.0,264401.36,-1
2025-10-12,2025-10-12 11:10:00,300.88,300.88,300.75,300.75,-0.04,883.0,264401.36,-1
2025-10-12,2025-10-12 11:20:00,300.75,300.75,300.62,300.62,-0.04,883.0,264401.36,-1
2025-10-12,2025-10-12 11:30:00,300.62,300.62,300.5,300.5,-0.04,883.0,264401.36,-1
2025-10-12,2025-10-12 11:40:00,300.5,300.5,300.38,300.38,-0.04,883.0,264401.36,-1
2025-10-12,2025-10-12 11:50:00,300.38,300.38,300.25,300.25,-0.04,883.0,264401.36,-1
2025-10-12,2025-10-12 12:00:00,300.25,300.25,300.12,300.12,-0.04,883.0,264401.36,-1
2025-10-12,2025-10-12 12:10:00,300.12,300.12,300.0,300.0,-0.04,883.0,264401.36,-1
2025-10-12,2025-10-12 12:20:00,300.0,300.0,299.88,299.88,-0.04,883.0,264401.36,-1
2025-10-12,2025-10-12 12:30:00,299.88,299.88,299.75,299.75,-0.04,883.0,264401.36,-1
2025-10-12,2025-10-12 12:40:00,299.75,299.75,299.62,299.62,-0.04,883.0,264401.36,-1
2025-10-12,2025-10-12 12:50:00,299.62,299.62,299.5,299.5,-0.04,883.0,264401.36,-1
2025-10-12,2025-10-12 13:00:00,299.5,304.0,293.9,299.38,-0.04,883.0,264401.36,-1
2025-10-12,2025-10-12 13:10:00,299.38,299.38,299.25,299.25,-0.04,883.0,264401.36,-1
2025-10-12,2025-10-12 13:20:00,299.25,299.25,299.12,299.12,-0.04,883.0,264401.36,-1
2025-10-12,2025-10-12 13:30:00,299.12,299.12,299.0,299.0,-0.04,883.0,264401.36,-1
2025-10-12,2025-10-12 13:40:00,299.0,299.0,298.88,298.88,-0.04,883.0,264401.36,-1
2025-10-12,2025-10-12 13:50:00,298.88,298.88,298.75,298.75,-0.04,883.0,264401.36,-1
2025-10-12,2025-10-12 14:00:00,298.75,298.75,298.62,298.62,-0.04,883.0,264401.36,-1
2025-10-12,2025-10-12 14:10:00,298.62,298.62,298.5,298.5,-0.04,883.0,264401.36,-1
2025-10-12,2025-10-12 14:20:00,298.5,298.5,298.38,298.38,-0.04,883.0,264401.36,-1
2025-10-12,2025-10-12 14:30:00,298.38,298.38,298.25,298.25,-0.04,883.0,264401.36,-1
2025-10-12,2025-10-12 14:40:00,298.25,298.25,298.12,298.12,-0.04,883.0,264401.36,-1
2025-10-12,2025-10-12 14:50:00,298.12,298.12,298.0,298.0,-0.04,883.0,264401.36,-1
2025-10-12,2025-10-12 15:00:00,298.0,304.0,293.9,298.0,0.0,883.0,264401.36,0
2025-10-13,2025-10-13 11:00:00,293.0,296.27,292.73,293.34,0.12,423.88,127276.9,1
2025-10-13,2025-10-13 11:10:00,293.34,293.68,293.34,293.68,0.12,423.88,127276.9,1
2025-10-13,2025-10-13 11:20:00,293.68,294.02,293.68,294.02,0.12,423.88,127276.9,1
2025-10-13,2025-10-13 11:30:00,294.02,294.37,294.02,294.37,0.12,423.88,127276.9,1
2025-10-13,2025-10-13 11:40:00,294.37,294.71,294.37,294.71,0.12,423.88,127276.9,1
2025-10-13,2025-10-13 11:50:00,294.71,295.05,294.71,295.05,0.12,423.88,127276.9,1
2025-10-13,2025-10-13 12:00:00,295.05,295.39,295.05,295.39,0.12,423.88,127276.9,1
2025-10-13,2025-10-13 12:10:00,295.39,295.73,295.39,295.73,0.12,423.88,127276.9,1
2025-10-13,2025-10-13 12:20:00,295.73,296.07,295.73,296.07,0.11,423.88,127276.9,1
2025-10-13,2025-10-13 12:30:00,296.07,296.42,296.07,296.42,0.12,423.88,127276.9,1
2025-10-13,2025-10-13 12:40:00,296.42,296.76,296.42,296.76,0.11,423.88,127276.9,1
2025-10-13,2025-10-13 12:50:00,296.76,297.1,296.76,297.1,0.11,423.88,127276.9,1
2025-10-13,2025-10-13 13:00:00,297.1,303.9,292.1,297.44,0.11,423.88,127276.9,1
2025-10-13,2025-10-13 13:10:00,297.44,297.78,297.44,297.78,0.11,423.88,127276.9,1
2025-10-13,2025-10-13 13:20:00,297.78,298.12,297.78,298.12,0.11,423.88,127276.9,1
2025-10-13,2025-10-13 13:30:00,298.12,298.47,298.12,298.47,0.12,423.88,127276.9,1
2025-10-13,2025-10-13 13:40:00,298.47,298.81,298.47,298.81,0.11,423.88,127276.9,1
2025-10-13,2025-10-13 13:50:00,298.81,299.15,298.81,299.15,0.11,423.88,127276.9,1
2025-10-13,2025-10-13 14:00:00,299.15,299.49,299.15,299.49,0.11,423.88,127276.9,1
2025-10-13,2025-10-13 14:10:00,299.49,299.83,299.49,299.83,0.11,423.88,127276.9,1
2025-10-13,2025-10-13 14:20:00,299.83,300.18,299.83,300.18,0.12,423.88,127276.9,1
2025-10-13,2025-10-13 14:30:00,300.18,300.52,300.18,300.52,0.11,423.88,127276.9,1
2025-10-13,2025-10-13 14:40:00,300.52,300.86,300.52,300.86,0.11,423.88,127276.9,1
2025-10-13,2025-10-13 14:50:00,300.86,301.2,300.86,301.2,0.11,423.88,127276.9,1
2025-10-13,2025-10-13 15:00:00,301.2,303.9,292.1,301.2,0.0,423.88,127276.9,0
2025-10-14,2025-10-14 11:00:00,307.0,307.0,302.53,306.54,-0.15,432.88,127875.69,-1
2025-10-14,2025-10-14 11:10:00,306.54,306.54,306.08,306.08,-0.15,432.88,127875.69,-1
2025-10-14,2025-10-14 11:20:00,306.08,306.08,305.62,305.62,-0.15,432.88,127875.69,-1
2025-10-14,2025-10-14 11:30:00,305.62,305.62,305.17,305.17,-0.15,432.88,127875.69,-1
2025-10-14,2025-10-14 11:40:00,305.17,305.17,304.71,304.71,-0.15,432.88,127875.69,-1
2025-10-14,2025-10-14 11:50:00,304.71,304.71,304.25,304.25,-0.15,432.88,127875.69,-1
2025-10-14,2025-10-14 12:00:00,304.25,304.25,303.79,303.79,-0.15,432.88,127875.69,-1
2025-10-14,2025-10-14 12:10:00,303.79,303.79,303.33,303.33,-0.15,432.88,127875.69,-1
2025-10-14,2025-10-14 12:20:00,303.33,303.33,302.88,302.88,-0.15,432.88,127875.69,-1
2025-10-14,2025-10-14 12:30:00,302.88,302.88,302.42,302.42,-0.15,432.88,127875.69,-1
2025-10-14,2025-10-14 12:40:00,302.42,302.42,301.96,301.96,-0.15,432.88,127875.69,-1
2025-10-14,2025-10-14 12:50:00,301.96,301.96,301.5,301.5,-0.15,432.88,127875.69,-1
2025-10-14,2025-10-14 13:00:00,301.5,307.0,292.1,301.04,-0.15,432.88,127875.69,-1
2025-10-14,2025-10-14 13:10:00,301.04,301.04,300.58,300.58,-0.15,432.88,127875.69,-1
2025-10-14,2025-10-14 13:20:00,300.58,300.58,300.12,300.12,-0.15,432.88,127875.69,-1
2025-10-14,2025-10-14 13:30:00,300.12,300.12,299.67,299.67,-0.15,432.88,127875.69,-1
2025-10-14,2025-10-14 13:40:00,299.67,299.67,299.21,299.21,-0.15,432.88,127875.69,-1
2025-10-14,2025-10-14 13:50:00,299.21,299.21,298.75,298.75,-0.15,432.88,127875.69,-1
2025-10-14,2025-10-14 14:00:00,298.75,298.75,298.29,298.29,-0.15,432.88,127875.69,-1
2025-10-14,2025-10-14 14:10:00,298.29,298.29,297.83,297.83,-0.15,432.88,127875.69,-1
2025-10-14,2025-10-14 14:20:00,297.83,297.83,297.38,297.38,-0.15,432.88,127875.69,-1
2025-10-14,2025-10-14 14:30:00,297.38,297.38,296.92,296.92,-0.15,432.88,127875.69,-1
2025-10-14,2025-10-14 14:40:00,296.92,296.92,296.46,296.46,-0.15,432.88,127875.69,-1
2025-10-14,2025-10-14 14:50:00,296.46,296.46,296.0,296.0,-0.16,432.88,127875.69,-1
2025-10-14,2025-10-14 15:00:00,296.0,307.0,292.1,296.0,0.0,432.88,127875.69,0
2025-10-15,2025-10-15 11:00:00,296.0,297.77,294.35,295.85,-0.05,282.96,83361.85,-1
2025-10-15,2025-10-15 11:10:00,295.85,295.85,295.71,295.71,-0.05,282.96,83361.85,-1
2025-10-15,2025-10-15 11:20:00,295.71,295.71,295.56,295.56,-0.05,282.96,83361.85,-1
2025-10-15,2025-10-15 11:30:00,295.56,295.56,295.42,295.42,-0.05,282.96,83361.85,-1
2025-10-15,2025-10-15 11:40:00,295.42,295.42,295.27,295.27,-0.05,282.96,83361.85,-1
2025-10-15,2025-10-15 11:50:00,295.27,295.27,295.12,295.12,-0.05,282.96,83361.85,-1
2025-10-15,2025-10-15 12:00:00,295.12,295.12,294.98,294.98,-0.05,282.96,83361.85,-1
2025-10-15,2025-10-15 12:10:00,294.98,294.98,294.83,294.83,-0.05,282.96,83361.85,-1
2025-10-15,2025-10-15 12:20:00,294.83,294.83,294.69,294.69,-0.05,282.96,83361.85,-1
2025-10-15,2025-10-15 12:30:00,294.69,294.69,294.54,294.54,-0.05,282.96,83361.85,-1
2025-10-15,2025-10-15 12:40:00,294.54,294.54,294.4,294.4,-0.05,282.96,83361.85,-1
2025-10-15,2025-10-15 12:50:00,294.4,294.4,294.25,294.25,-0.05,282.96,83361.85,-1
2025-10-15,2025-10-15 13:00:00,294.25,301.9,290.5,294.1,-0.05,282.96,83361.85,-1
2025-10-15,2025-10-15 13:10:00,294.1,294.1,293.96,293.96,-0.05,282.96,83361.85,-1
2025-10-15,2025-10-15 13:20:00,293.96,293.96,293.81,293.81,-0.05,282.96,83361.85,-1
2025-10-15,2025-10-15 13:30:00,293.81,293.81,293.67,293.67,-0.05,282.96,83361.85,-1
2025-10-15,2025-10-15 13:40:00,293.67,293.67,293.52,293.52,-0.05,282.96,83361.85,-1
2025-10-15,2025-10-15 13:50:00,293.52,293.52,293.38,293.38,-0.05,282.96,83361.85,-1
2025-10-15,2025-10-15 14:00:00,293.38,293.38,293.23,293.23,-0.05,282.96,83361.85,-1
2025-10-15,2025-10-15 14:10:00,293.23,293.23,293.08,293.08,-0.05,282.96,83361.85,-1
2025-10-15,2025-10-15 14:20:00,293.08,293.08,292.94,292.94,-0.05,282.96,83361.85,-1
2025-10-15,2025-10-15 14:30:00,292.94,292.94,292.79,292.79,-0.05,282.96,83361.85,-1
2025-10-15,2025-10-15 14:40:00,292.79,292.79,292.65,292.65,-0.05,282.96,83361.85,-1
2025-10-15,2025-10-15 14:50:00,292.65,292.65,292.5,292.5,-0.05,282.96,83361.85,-1
2025-10-15,2025-10-15 15:00:00,292.5,301.9,290.5,292.5,0.0,282.96,83361.85,0
2025-10-16,2025-10-16 11:00:00,298.0,298.0,294.1,297.46,-0.18,322.24,92719.46,-1
2025-10-16,2025-10-16 11:10:00,297.46,297.46,296.92,296.92,-0.18,322.24,92719.46,-1
2025-10-16,2025-10-16 11:20:00,296.92,296.92,296.38,296.38,-0.18,322.24,92719.46,-1
2025-10-16,2025-10-16 11:30:00,296.38,296.38,295.83,295.83,-0.19,322.24,92719.46,-1
2025-10-16,2025-10-16 11:40:00,295.83,295.83,295.29,295.29,-0.18,322.24,92719.46,-1
2025-10-16,2025-10-16 11:50:00,295.29,295.29,294.75,294.75,-0.18,322.24,92719.46,-1
2025-10-16,2025-10-16 12:00:00,294.75,294.75,294.21,294.21,-0.18,322.24,92719.46,-1
2025-10-16,2025-10-16 12:10:00,294.21,294.21,293.67,293.67,-0.18,322.24,92719.46,-1
2025-10-16,2025-10-16 12:20:00,293.67,293.67,293.12,293.12,-0.19,322.24,92719.46,-1
2025-10-16,2025-10-16 12:30:00,293.12,293.12,292.58,292.58,-0.18,322.24,92719.46,-1
2025-10-16,2025-10-16 12:40:00,292.58,292.58,292.04,292.04,-0.18,322.24,92719.46,-1
2025-10-16,2025-10-16 12:50:00,292.04,292.04,291.5,291.5,-0.18,322.24,92719.46,-1
2025-10-16,2025-10-16 13:00:00,291.5,298.0,285.0,290.96,-0.19,322.24,92719.46,-1
2025-10-16,2025-10-16 13:10:00,290.96,290.96,290.42,290.42,-0.19,322.24,92719.46,-1
2025-10-16,2025-10-16 13:20:00,290.42,290.42,289.88,289.88,-0.19,322.24,92719.46,-1
2025-10-16,2025-10-16 13:30:00,289.88,289.88,289.33,289.33,-0.19,322.24,92719.46,-1
2025-10-16,2025-10-16 13:40:00,289.33,289.33,288.79,288.79,-0.19,322.24,92719.46,-1
2025-10-16,2025-10-16 13:50:00,288.79,288.79,288.25,288.25,-0.19,322.24,92719.46,-1
2025-10-16,2025-10-16 14:00:00,288.25,288.25,287.71,287.71,-0.19,322.24,92719.46,-1
2025-10-16,2025-10-16 14:10:00,287.71,287.71,287.17,287.17,-0.19,322.24,92719.46,-1
2025-10-16,2025-10-16 14:20:00,287.17,287.17,286.62,286.62,-0.19,322.24,92719.46,-1
2025-10-16,2025-10-16 14:30:00,286.62,286.62,286.08,286.08,-0.19,322.24,92719.46,-1
2025-10-16,2025-10-16 14:40:00,286.08,286.08,285.54,285.54,-0.19,322.24,92719.46,-1
2025-10-16,2025-10-16 14:50:00,285.54,285.54,285.0,285.0,-0.19,322.24,92719.46,-1
2025-10-16,2025-10-16 15:00:00,285.0,298.0,285.0,285.0,0.0,322.24,92719.46,0
2025-10-19,2025-10-19 11:00:00,284.0,286.04,282.86,284.17,0.06,183.08,52544.54,1
2025-10-19,2025-10-19 11:10:00,284.17,284.34,284.17,284.34,0.06,183.08,52544.54,1
2025-10-19,2025-10-19 11:20:00,284.34,284.51,284.34,284.51,0.06,183.08,52544.54,1
2025-10-19,2025-10-19 11:30:00,284.51,284.68,284.51,284.68,0.06,183.08,52544.54,1
2025-10-19,2025-10-19 11:40:00,284.68,284.85,284.68,284.85,0.06,183.08,52544.54,1
2025-10-19,2025-10-19 11:50:00,284.85,285.02,284.85,285.02,0.06,183.08,52544.54,1
2025-10-19,2025-10-19 12:00:00,285.02,285.2,285.02,285.2,0.06,183.08,52544.54,1
2025-10-19,2025-10-19 12:10:00,285.2,285.37,285.2,285.37,0.06,183.08,52544.54,1
2025-10-19,2025-10-19 12:20:00,285.37,285.54,285.37,285.54,0.06,183.08,52544.54,1
2025-10-19,2025-10-19 12:30:00,285.54,285.71,285.54,285.71,0.06,183.08,52544.54,1
2025-10-19,2025-10-19 12:40:00,285.71,285.88,285.71,285.88,0.06,183.08,52544.54,1
2025-10-19,2025-10-19 12:50:00,285.88,286.05,285.88,286.05,0.06,183.08,52544.54,1
2025-10-19,2025-10-19 13:00:00,286.05,290.8,280.2,286.22,0.06,183.08,52544.54,1
2025-10-19,2025-10-19 13:10:00,286.22,286.39,286.22,286.39,0.06,183.08,52544.54,1
2025-10-19,2025-10-19 13:20:00,286.39,286.56,286.39,286.56,0.06,183.08,52544.54,1
2025-10-19,2025-10-19 13:30:00,286.56,286.73,286.56,286.73,0.06,183.08,52544.54,1
2025-10-19,2025-10-19 13:40:00,286.73,286.9,286.73,286.9,0.06,183.08,52544.54,1
2025-10-19,2025-10-19 13:50:00,286.9,287.08,286.9,287.08,0.06,183.08,52544.54,1
2025-10-19,2025-10-19 14:00:00,287.08,287.25,287.08,287.25,0.06,183.08,52544.54,1
2025-10-19,2025-10-19 14:10:00,287.25,287.42,287.25,287.42,0.06,183.08,52544.54,1
2025-10-19,2025-10-19 14:20:00,287.42,287.59,287.42,287.59,0.06,183.08,52544.54,1
2025-10-19,2025-10-19 14:30:00,287.59,287.76,287.59,287.76,0.06,183.08,52544.54,1
2025-10-19,2025-10-19 14:40:00,287.76,287.93,287.76,287.93,0.06,183.08,52544.54,1
2025-10-19,2025-10-19 14:50:00,287.93,288.1,287.93,288.1,0.06,183.08,52544.54,1
2025-10-19,2025-10-19 15:00:00,288.1,290.8,280.2,288.1,0.0,183.08,52544.54,0
2025-10-26,2025-10-26 11:00:00,282.4,284.05,280.78,282.41,0.0,203.44,57709.58,1
2025-10-26,2025-10-26 11:10:00,282.41,282.42,282.41,282.42,0.0,203.44,57709.58,1
2025-10-26,2025-10-26 11:20:00,282.42,282.42,282.42,282.42,0.0,203.44,57709.58,0
2025-10-26,2025-10-26 11:30:00,282.42,282.43,282.42,282.43,0.0,203.44,57709.58,1
2025-10-26,2025-10-26 11:40:00,282.43,282.44,282.43,282.44,0.0,203.44,57709.58,1
2025-10-26,2025-10-26 11:50:00,282.44,282.45,282.44,282.45,0.0,203.44,57709.58,1
2025-10-26,2025-10-26 12:00:00,282.45,282.46,282.45,282.46,0.0,203.44,57709.58,1
2025-10-26,2025-10-26 12:10:00,282.46,282.47,282.46,282.47,0.0,203.44,57709.58,1
2025-10-26,2025-10-26 12:20:00,282.47,282.48,282.47,282.48,0.0,203.44,57709.58,1
2025-10-26,2025-10-26 12:30:00,282.48,282.48,282.48,282.48,0.0,203.44,57709.58,0
2025-10-26,2025-10-26 12:40:00,282.48,282.49,282.48,282.49,0.0,203.44,57709.58,1
2025-10-26,2025-10-26 12:50:00,282.49,282.5,282.49,282.5,0.0,203.44,57709.58,1
2025-10-26,2025-10-26 13:00:00,282.5,287.9,277.0,282.51,0.0,203.44,57709.58,1
2025-10-26,2025-10-26 13:10:00,282.51,282.52,282.51,282.52,0.0,203.44,57709.58,1
2025-10-26,2025-10-26 13:20:00,282.52,282.52,282.52,282.52,0.0,203.44,57709.58,0
2025-10-26,2025-10-26 13:30:00,282.52,282.53,282.52,282.53,0.0,203.44,57709.58,1
2025-10-26,2025-10-26 13:40:00,282.53,282.54,282.53,282.54,0.0,203.44,57709.58,1
2025-10-26,2025-10-26 13:50:00,282.54,282.55,282.54,282.55,0.0,203.44,57709.58,1
2025-10-26,2025-10-26 14:00:00,282.55,282.56,282.55,282.56,0.0,203.44,57709.58,1
2025-10-26,2025-10-26 14:10:00,282.56,282.57,282.56,282.57,0.0,203.44,57709.58,1
2025-10-26,2025-10-26 14:20:00,282.57,282.58,282.57,282.58,0.0,203.44,57709.58,1
2025-10-26,2025-10-26 14:30:00,282.58,282.58,282.58,282.58,0.0,203.44,57709.58,0
2025-10-26,2025-10-26 14:40:00,282.58,282.59,282.58,282.59,0.0,203.44,57709.58,1
2025-10-26,2025-10-26 14:50:00,282.59,282.6,282.59,282.6,0.0,203.44,57709.58,1
2025-10-26,2025-10-26 15:00:00,282.6,287.9,277.0,282.6,0.0,203.44,57709.58,0
2025-10-28,2025-10-28 11:00:00,285.0,292.74,283.5,285.83,0.29,728.56,218471.99,1
2025-10-28,2025-10-28 11:10:00,285.83,286.66,285.83,286.66,0.29,728.56,218471.99,1
2025-10-28,2025-10-28 11:20:00,286.66,287.49,286.66,287.49,0.29,728.56,218471.99,1
2025-10-28,2025-10-28 11:30:00,287.49,288.32,287.49,288.32,0.29,728.56,218471.99,1
2025-10-28,2025-10-28 11:40:00,288.32,289.15,288.32,289.15,0.29,728.56,218471.99,1
2025-10-28,2025-10-28 11:50:00,289.15,289.98,289.15,289.98,0.29,728.56,218471.99,1
2025-10-28,2025-10-28 12:00:00,289.98,290.8,289.98,290.8,0.28,728.56,218471.99,1
2025-10-28,2025-10-28 12:10:00,290.8,291.63,290.8,291.63,0.29,728.56,218471.99,1
2025-10-28,2025-10-28 12:20:00,291.63,292.46,291.63,292.46,0.28,728.56,218471.99,1
2025-10-28,2025-10-28 12:30:00,292.46,293.29,292.46,293.29,0.28,728.56,218471.99,1
2025-10-28,2025-10-28 12:40:00,293.29,294.12,293.29,294.12,0.28,728.56,218471.99,1
2025-10-28,2025-10-28 12:50:00,294.12,294.95,294.12,294.95,0.28,728.56,218471.99,1
2025-10-28,2025-10-28 13:00:00,294.95,310.8,280.0,295.78,0.28,728.56,218471.99,1
2025-10-28,2025-10-28 13:10:00,295.78,296.61,295.78,296.61,0.28,728.56,218471.99,1
2025-10-28,2025-10-28 13:20:00,296.61,297.44,296.61,297.44,0.28,728.56,218471.99,1
2025-10-28,2025-10-28 13:30:00,297.44,298.27,297.44,298.27,0.28,728.56,218471.99,1
2025-10-28,2025-10-28 13:40:00,298.27,299.1,298.27,299.1,0.28,728.56,218471.99,1
2025-10-28,2025-10-28 13:50:00,299.1,299.92,299.1,299.92,0.27,728.56,218471.99,1
2025-10-28,2025-10-28 14:00:00,299.92,300.75,299.92,300.75,0.28,728.56,218471.99,1
2025-10-28,2025-10-28 14:10:00,300.75,301.58,300.75,301.58,0.28,728.56,218471.99,1
2025-10-28,2025-10-28 14:20:00,301.58,302.41,301.58,302.41,0.28,728.56,218471.99,1
2025-10-28,2025-10-28 14:30:00,302.41,303.24,302.41,303.24,0.27,728.56,218471.99,1
2025-10-28,2025-10-28 14:40:00,303.24,304.07,303.24,304.07,0.27,728.56,218471.99,1
2025-10-28,2025-10-28 14:50:00,304.07,304.9,304.07,304.9,0.27,728.56,218471.99,1
2025-10-28,2025-10-28 15:00:00,304.9,310.8,280.0,304.9,0.0,728.56,218471.99,0
2025-10-29,2025-10-29 11:00:00,305.0,306.77,302.0,304.68,-0.1,734.52,222157.23,-1
2025-10-29,2025-10-29 11:10:00,304.68,304.68,304.36,304.36,-0.11,734.52,222157.23,-1
2025-10-29,2025-10-29 11:20:00,304.36,304.36,304.04,304.04,-0.11,734.52,222157.23,-1
2025-10-29,2025-10-29 11:30:00,304.04,304.04,303.72,303.72,-0.11,734.52,222157.23,-1
2025-10-29,2025-10-29 11:40:00,303.72,303.72,303.4,303.4,-0.11,734.52,222157.23,-1
2025-10-29,2025-10-29 11:50:00,303.4,303.4,303.07,303.07,-0.11,734.52,222157.23,-1
2025-10-29,2025-10-29 12:00:00,303.07,303.07,302.75,302.75,-0.11,734.52,222157.23,-1
2025-10-29,2025-10-29 12:10:00,302.75,302.75,302.43,302.43,-0.11,734.52,222157.23,-1
2025-10-29,2025-10-29 12:20:00,302.43,302.43,302.11,302.11,-0.11,734.52,222157.23,-1
2025-10-29,2025-10-29 12:30:00,302.11,302.11,301.79,301.79,-0.11,734.52,222157.23,-1
2025-10-29,2025-10-29 12:40:00,301.79,301.79,301.47,301.47,-0.11,734.52,222157.23,-1
2025-10-29,2025-10-29 12:50:00,301.47,301.47,301.15,301.15,-0.11,734.52,222157.23,-1
2025-10-29,2025-10-29 13:00:00,301.15,310.9,295.0,300.83,-0.11,734.52,222157.23,-1
2025-10-29,2025-10-29 13:10:00,300.83,300.83,300.51,300.51,-0.11,734.52,222157.23,-1
2025-10-29,2025-10-29 13:20:00,300.51,300.51,300.19,300.19,-0.11,734.52,222157.23,-1
2025-10-29,2025-10-29 13:30:00,300.19,300.19,299.87,299.87,-0.11,734.52,222157.23,-1
2025-10-29,2025-10-29 13:40:00,299.87,299.87,299.55,299.55,-0.11,734.52,222157.23,-1
2025-10-29,2025-10-29 13:50:00,299.55,299.55,299.23,299.23,-0.11,734.52,222157.23,-1
2025-10-29,2025-10-29 14:00:00,299.23,299.23,298.9,298.9,-0.11,734.52,222157.23,-1
2025-10-29,2025-10-29 14:10:00,298.9,298.9,298.58,298.58,-0.11,734.52,222157.23,-1
2025-10-29,2025-10-29 14:20:00,298.58,298.58,298.26,298.26,-0.11,734.52,222157.23,-1
2025-10-29,2025-10-29 14:30:00,298.26,298.26,297.94,297.94,-0.11,734.52,222157.23,-1
2025-10-29,2025-10-29 14:40:00,297.94,297.94,297.62,297.62,-0.11,734.52,222157.23,-1
2025-10-29,2025-10-29 14:50:00,297.62,297.62,297.3,297.3,-0.11,734.52,222157.23,-1
2025-10-29,2025-10-29 15:00:00,297.3,310.9,295.0,297.3,0.0,734.52,222157.23,0
2025-10-30,2025-10-30 11:00:00,303.2,305.0,301.94,303.4,0.07,812.36,248523.94,1
2025-10-30,2025-10-30 11:10:00,303.4,303.6,303.4,303.6,0.07,812.36,248523.94,1
2025-10-30,2025-10-30 11:20:00,303.6,303.8,303.6,303.8,0.07,812.36,248523.94,1
2025-10-30,2025-10-30 11:30:00,303.8,304.0,303.8,304.0,0.07,812.36,248523.94,1
2025-10-30,2025-10-30 11:40:00,304.0,304.2,304.0,304.2,0.07,812.36,248523.94,1
2025-10-30,2025-10-30 11:50:00,304.2,304.4,304.2,304.4,0.07,812.36,248523.94,1
2025-10-30,2025-10-30 12:00:00,304.4,304.6,304.4,304.6,0.07,812.36,248523.94,1
2025-10-30,2025-10-30 12:10:00,304.6,304.8,304.6,304.8,0.07,812.36,248523.94,1
2025-10-30,2025-10-30 12:20:00,304.8,305.0,304.8,305.0,0.07,812.36,248523.94,1
2025-10-30,2025-10-30 12:30:00,305.0,305.2,305.0,305.2,0.07,812.36,248523.94,1
2025-10-30,2025-10-30 12:40:00,305.2,305.4,305.2,305.4,0.07,812.36,248523.94,1
2025-10-30,2025-10-30 12:50:00,305.4,305.6,305.4,305.6,0.07,812.36,248523.94,1
2025-10-30,2025-10-30 13:00:00,305.6,309.2,299.0,305.8,0.07,812.36,248523.94,1
2025-10-30,2025-10-30 13:10:00,305.8,306.0,305.8,306.0,0.07,812.36,248523.94,1
2025-10-30,2025-10-30 13:20:00,306.0,306.2,306.0,306.2,0.07,812.36,248523.94,1
2025-10-30,2025-10-30 13:30:00,306.2,306.4,306.2,306.4,0.07,812.36,248523.94,1
2025-10-30,2025-10-30 13:40:00,306.4,306.6,306.4,306.6,0.07,812.36,248523.94,1
2025-10-30,2025-10-30 13:50:00,306.6,306.8,306.6,306.8,0.07,812.36,248523.94,1
2025-10-30,2025-10-30 14:00:00,306.8,307.0,306.8,307.0,0.07,812.36,248523.94,1
2025-10-30,2025-10-30 14:10:00,307.0,307.2,307.0,307.2,0.07,812.36,248523.94,1
2025-10-30,2025-10-30 14:20:00,307.2,307.4,307.2,307.4,0.07,812.36,248523.94,1
2025-10-30,2025-10-30 14:30:00,307.4,307.6,307.4,307.6,0.07,812.36,248523.94,1
2025-10-30,2025-10-30 14:40:00,307.6,307.8,307.6,307.8,0.07,812.36,248523.94,1
2025-10-30,2025-10-30 14:50:00,307.8,308.0,307.8,308.0,0.06,812.36,248523.94,1
2025-10-30,2025-10-30 15:00:00,308.0,309.2,299.0,308.0,0.0,812.36,248523.94,0
2025-11-02,2025-11-02 11:00:00,312.0,313.5,310.23,312.08,0.03,803.12,252267.02,1
2025-11-02,2025-11-02 11:10:00,312.08,312.17,312.08,312.17,0.03,803.12,252267.02,1
2025-11-02,2025-11-02 11:20:00,312.17,312.25,312.17,312.25,0.03,803.12,252267.02,1
2025-11-02,2025-11-02 11:30:00,312.25,312.33,312.25,312.33,0.03,803.12,252267.02,1
2025-11-02,2025-11-02 11:40:00,312.33,312.42,312.33,312.42,0.03,803.12,252267.02,1
2025-11-02,2025-11-02 11:50:00,312.42,312.5,312.42,312.5,0.03,803.12,252267.02,1
2025-11-02,2025-11-02 12:00:00,312.5,312.58,312.5,312.58,0.03,803.12,252267.02,1
2025-11-02,2025-11-02 12:10:00,312.58,312.67,312.58,312.67,0.03,803.12,252267.02,1
2025-11-02,2025-11-02 12:20:00,312.67,312.75,312.67,312.75,0.03,803.12,252267.02,1
2025-11-02,2025-11-02 12:30:00,312.75,312.83,312.75,312.83,0.03,803.12,252267.02,1
2025-11-02,2025-11-02 12:40:00,312.83,312.92,312.83,312.92,0.03,803.12,252267.02,1
2025-11-02,2025-11-02 12:50:00,312.92,313.0,312.92,313.0,0.03,803.12,252267.02,1
2025-11-02,2025-11-02 13:00:00,313.0,317.0,306.1,313.08,0.03,803.12,252267.02,1
2025-11-02,2025-11-02 13:10:00,313.08,313.17,313.08,313.17,0.03,803.12,252267.02,1
2025-11-02,2025-11-02 13:20:00,313.17,313.25,313.17,313.25,0.03,803.12,252267.02,1
2025-11-02,2025-11-02 13:30:00,313.25,313.33,313.25,313.33,0.03,803.12,252267.02,1
2025-11-02,2025-11-02 13:40:00,313.33,313.42,313.33,313.42,0.03,803.12,252267.02,1
2025-11-02,2025-11-02 13:50:00,313.42,313.5,313.42,313.5,0.03,803.12,252267.02,1
2025-11-02,2025-11-02 14:00:00,313.5,313.58,313.5,313.58,0.03,803.12,252267.02,1
2025-11-02,2025-11-02 14:10:00,313.58,313.67,313.58,313.67,0.03,803.12,252267.02,1
2025-11-02,2025-11-02 14:20:00,313.67,313.75,313.67,313.75,0.03,803.12,252267.02,1
2025-11-02,2025-11-02 14:30:00,313.75,313.83,313.75,313.83,0.03,803.12,252267.02,1
2025-11-02,2025-11-02 14:40:00,313.83,313.92,313.83,313.92,0.03,803.12,252267.02,1
2025-11-02,2025-11-02 14:50:00,313.92,314.0,313.92,314.0,0.03,803.12,252267.02,1
2025-11-02,2025-11-02 15:00:00,314.0,317.0,306.1,314.0,0.0,803.12,252267.02,0
2025-11-03,2025-11-03 11:00:00,319.2,321.24,316.44,318.88,-0.1,982.92,311127.58,-1
2025-11-03,2025-11-03 11:10:00,318.88,318.88,318.56,318.56,-0.1,982.92,311127.58,-1
2025-11-03,2025-11-03 11:20:00,318.56,318.56,318.24,318.24,-0.1,982.92,311127.58,-1
2025-11-03,2025-11-03 11:30:00,318.24,318.24,317.92,317.92,-0.1,982.92,311127.58,-1
2025-11-03,2025-11-03 11:40:00,317.92,317.92,317.6,317.6,-0.1,982.92,311127.58,-1
2025-11-03,2025-11-03 11:50:00,317.6,317.6,317.27,317.27,-0.1,982.92,311127.58,-1
2025-11-03,2025-11-03 12:00:00,317.27,317.27,316.95,316.95,-0.1,982.92,311127.58,-1
2025-11-03,2025-11-03 12:10:00,316.95,316.95,316.63,316.63,-0.1,982.92,311127.58,-1
2025-11-03,2025-11-03 12:20:00,316.63,316.63,316.31,316.31,-0.1,982.92,311127.58,-1
2025-11-03,2025-11-03 12:30:00,316.31,316.31,315.99,315.99,-0.1,982.92,311127.58,-1
2025-11-03,2025-11-03 12:40:00,315.99,315.99,315.67,315.67,-0.1,982.92,311127.58,-1
2025-11-03,2025-11-03 12:50:00,315.67,315.67,315.35,315.35,-0.1,982.92,311127.58,-1
2025-11-03,2025-11-03 13:00:00,315.35,326.0,310.0,315.03,-0.1,982.92,311127.58,-1
2025-11-03,2025-11-03 13:10:00,315.03,315.03,314.71,314.71,-0.1,982.92,311127.58,-1
2025-11-03,2025-11-03 13:20:00,314.71,314.71,314.39,314.39,-0.1,982.92,311127.58,-1
2025-11-03,2025-11-03 13:30:00,314.39,314.39,314.07,314.07,-0.1,982.92,311127.58,-1
2025-11-03,2025-11-03 13:40:00,314.07,314.07,313.75,313.75,-0.1,982.92,311127.58,-1
2025-11-03,2025-11-03 13:50:00,313.75,313.75,313.43,313.43,-0.1,982.92,311127.58,-1
2025-11-03,2025-11-03 14:00:00,313.43,313.43,313.1,313.1,-0.11,982.92,311127.58,-1
2025-11-03,2025-11-03 14:10:00,313.1,313.1,312.78,312.78,-0.1,982.92,311127.58,-1
2025-11-03,2025-11-03 14:20:00,312.78,312.78,312.46,312.46,-0.1,982.92,311127.58,-1
2025-11-03,2025-11-03 14:30:00,312.46,312.46,312.14,312.14,-0.1,982.92,311127.58,-1
2025-11-03,2025-11-03 14:40:00,312.14,312.14,311.82,311.82,-0.1,982.92,311127.58,-1
2025-11-03,2025-11-03 14:50:00,311.82,311.82,311.5,311.5,-0.1,982.92,311127.58,-1
2025-11-03,2025-11-03 15:00:00,311.5,326.0,310.0,311.5,0.0,982.92,311127.58,0
2025-11-04,2025-11-04 11:00:00,317.7,319.62,315.99,317.8,0.03,1967.2,627926.54,1
2025-11-04,2025-11-04 11:10:00,317.8,317.89,317.8,317.89,0.03,1967.2,627926.54,1
2025-11-04,2025-11-04 11:20:00,317.89,317.99,317.89,317.99,0.03,1967.2,627926.54,1
2025-11-04,2025-11-04 11:30:00,317.99,318.08,317.99,318.08,0.03,1967.2,627926.54,1
2025-11-04,2025-11-04 11:40:00,318.08,318.18,318.08,318.18,0.03,1967.2,627926.54,1
2025-11-04,2025-11-04 11:50:00,318.18,318.27,318.18,318.27,0.03,1967.2,627926.54,1
2025-11-04,2025-11-04 12:00:00,318.27,318.37,318.27,318.37,0.03,1967.2,627926.54,1
2025-11-04,2025-11-04 12:10:00,318.37,318.47,318.37,318.47,0.03,1967.2,627926.54,1
2025-11-04,2025-11-04 12:20:00,318.47,318.56,318.47,318.56,0.03,1967.2,627926.54,1
2025-11-04,2025-11-04 12:30:00,318.56,318.66,318.56,318.66,0.03,1967.2,627926.54,1
2025-11-04,2025-11-04 12:40:00,318.66,318.75,318.66,318.75,0.03,1967.2,627926.54,1
2025-11-04,2025-11-04 12:50:00,318.75,318.85,318.75,318.85,0.03,1967.2,627926.54,1
2025-11-04,2025-11-04 13:00:00,318.85,324.1,312.0,318.95,0.03,1967.2,627926.54,1
2025-11-04,2025-11-04 13:10:00,318.95,319.04,318.95,319.04,0.03,1967.2,627926.54,1
2025-11-04,2025-11-04 13:20:00,319.04,319.14,319.04,319.14,0.03,1967.2,627926.54,1
2025-11-04,2025-11-04 13:30:00,319.14,319.23,319.14,319.23,0.03,1967.2,627926.54,1
2025-11-04,2025-11-04 13:40:00,319.23,319.33,319.23,319.33,0.03,1967.2,627926.54,1
2025-11-04,2025-11-04 13:50:00,319.33,319.43,319.33,319.43,0.03,1967.2,627926.54,1
2025-11-04,2025-11-04 14:00:00,319.43,319.52,319.43,319.52,0.03,1967.2,627926.54,1
2025-11-04,2025-11-04 14:10:00,319.52,319.62,319.52,319.62,0.03,1967.2,627926.54,1
2025-11-04,2025-11-04 14:20:00,319.62,319.71,319.62,319.71,0.03,1967.2,627926.54,1
2025-11-04,2025-11-04 14:30:00,319.71,319.81,319.71,319.81,0.03,1967.2,627926.54,1
2025-11-04,2025-11-04 14:40:00,319.81,319.9,319.81,319.9,0.03,1967.2,627926.54,1
2025-11-04,2025-11-04 14:50:00,319.9,320.0,319.9,320.0,0.03,1967.2,627926.54,1
2025-11-04,2025-11-04 15:00:00,320.0,324.1,312.0,320.0,0.0,1967.2,627926.54,0
2025-11-05,2025-11-05 11:00:00,323.4,323.58,320.04,323.28,-0.04,702.16,225068.05,-1
2025-11-05,2025-11-05 11:10:00,323.28,323.28,323.16,323.16,-0.04,702.16,225068.05,-1
2025-11-05,2025-11-05 11:20:00,323.16,323.16,323.04,323.04,-0.04,702.16,225068.05,-1
2025-11-05,2025-11-05 11:30:00,323.04,323.04,322.92,322.92,-0.04,702.16,225068.05,-1
2025-11-05,2025-11-05 11:40:00,322.92,322.92,322.8,322.8,-0.04,702.16,225068.05,-1
2025-11-05,2025-11-05 11:50:00,322.8,322.8,322.67,322.67,-0.04,702.16,225068.05,-1
2025-11-05,2025-11-05 12:00:00,322.67,322.67,322.55,322.55,-0.04,702.16,225068.05,-1
2025-11-05,2025-11-05 12:10:00,322.55,322.55,322.43,322.43,-0.04,702.16,225068.05,-1
2025-11-05,2025-11-05 12:20:00,322.43,322.43,322.31,322.31,-0.04,702.16,225068.05,-1
2025-11-05,2025-11-05 12:30:00,322.31,322.31,322.19,322.19,-0.04,702.16,225068.05,-1
2025-11-05,2025-11-05 12:40:00,322.19,322.19,322.07,322.07,-0.04,702.16,225068.05,-1
2025-11-05,2025-11-05 12:50:00,322.07,322.07,321.95,321.95,-0.04,702.16,225068.05,-1
2025-11-05,2025-11-05 13:00:00,321.95,324.0,312.2,321.83,-0.04,702.16,225068.05,-1
2025-11-05,2025-11-05 13:10:00,321.83,321.83,321.71,321.71,-0.04,702.16,225068.05,-1
2025-11-05,2025-11-05 13:20:00,321.71,321.71,321.59,321.59,-0.04,702.16,225068.05,-1
2025-11-05,2025-11-05 13:30:00,321.59,321.59,321.47,321.47,-0.04,702.16,225068.05,-1
2025-11-05,2025-11-05 13:40:00,321.47,321.47,321.35,321.35,-0.04,702.16,225068.05,-1
2025-11-05,2025-11-05 13:50:00,321.35,321.35,321.23,321.23,-0.04,702.16,225068.05,-1
2025-11-05,2025-11-05 14:00:00,321.23,321.23,321.1,321.1,-0.04,702.16,225068.05,-1
2025-11-05,2025-11-05 14:10:00,321.1,321.1,320.98,320.98,-0.04,702.16,225068.05,-1
2025-11-05,2025-11-05 14:20:00,320.98,320.98,320.86,320.86,-0.04,702.16,225068.05,-1
2025-11-05,2025-11-05 14:30:00,320.86,320.86,320.74,320.74,-0.04,702.16,225068.05,-1
2025-11-05,2025-11-05 14:40:00,320.74,320.74,320.62,320.62,-0.04,702.16,225068.05,-1
2025-11-05,2025-11-05 14:50:00,320.62,320.62,320.5,320.5,-0.04,702.16,225068.05,-1
2025-11-05,2025-11-05 15:00:00,320.5,324.0,312.2,320.5,0.0,702.16,225068.05,0
2025-11-06,2025-11-06 11:00:00,323.0,323.93,321.14,322.87,-0.04,1149.6,371143.66,-1
2025-11-06,2025-11-06 11:10:00,322.87,322.87,322.74,322.74,-0.04,1149.6,371143.66,-1
2025-11-06,2025-11-06 11:20:00,322.74,322.74,322.61,322.61,-0.04,1149.6,371143.66,-1
2025-11-06,2025-11-06 11:30:00,322.61,322.61,322.48,322.48,-0.04,1149.6,371143.66,-1
2025-11-06,2025-11-06 11:40:00,322.48,322.48,322.35,322.35,-0.04,1149.6,371143.66,-1
2025-11-06,2025-11-06 11:50:00,322.35,322.35,322.23,322.23,-0.04,1149.6,371143.66,-1
2025-11-06,2025-11-06 12:00:00,322.23,322.23,322.1,322.1,-0.04,1149.6,371143.66,-1
2025-11-06,2025-11-06 12:10:00,322.1,322.1,321.97,321.97,-0.04,1149.6,371143.66,-1
2025-11-06,2025-11-06 12:20:00,321.97,321.97,321.84,321.84,-0.04,1149.6,371143.66,-1
2025-11-06,2025-11-06 12:30:00,321.84,321.84,321.71,321.71,-0.04,1149.6,371143.66,-1
2025-11-06,2025-11-06 12:40:00,321.71,321.71,321.58,321.58,-0.04,1149.6,371143.66,-1
2025-11-06,2025-11-06 12:50:00,321.58,321.58,321.45,321.45,-0.04,1149.6,371143.66,-1
2025-11-06,2025-11-06 13:00:00,321.45,326.1,316.8,321.32,-0.04,1149.6,371143.66,-1
2025-11-06,2025-11-06 13:10:00,321.32,321.32,321.19,321.19,-0.04,1149.6,371143.66,-1
2025-11-06,2025-11-06 13:20:00,321.19,321.19,321.06,321.06,-0.04,1149.6,371143.66,-1
2025-11-06,2025-11-06 13:30:00,321.06,321.06,320.93,320.93,-0.04,1149.6,371143.66,-1
2025-11-06,2025-11-06 13:40:00,320.93,320.93,320.8,320.8,-0.04,1149.6,371143.66,-1
2025-11-06,2025-11-06 13:50:00,320.8,320.8,320.67,320.67,-0.04,1149.6,371143.66,-1
2025-11-06,2025-11-06 14:00:00,320.67,320.67,320.55,320.55,-0.04,1149.6,371143.66,-1
2025-11-06,2025-11-06 14:10:00,320.55,320.55,320.42,320.42,-0.04,1149.6,371143.66,-1
2025-11-06,2025-11-06 14:20:00,320.42,320.42,320.29,320.29,-0.04,1149.6,371143.66,-1
2025-11-06,2025-11-06 14:30:00,320.29,320.29,320.16,320.16,-0.04,1149.6,371143.66,-1
2025-11-06,2025-11-06 14:40:00,320.16,320.16,320.03,320.03,-0.04,1149.6,371143.66,-1
2025-11-06,2025-11-06 14:50:00,320.03,320.03,319.9,319.9,-0.04,1149.6,371143.66,-1
2025-11-06,2025-11-06 15:00:00,319.9,326.1,316.8,319.9,0.0,1149.6,371143.66,0
2025-11-09,2025-11-09 11:00:00,324.0,324.0,320.43,323.62,-0.12,395.16,124505.96,-1
2025-11-09,2025-11-09 11:10:00,323.62,323.62,323.24,323.24,-0.12,395.16,124505.96,-1
2025-11-09,2025-11-09 11:20:00,323.24,323.24,322.86,322.86,-0.12,395.16,124505.96,-1
2025-11-09,2025-11-09 11:30:00,322.86,322.86,322.48,322.48,-0.12,395.16,124505.96,-1
2025-11-09,2025-11-09 11:40:00,322.48,322.48,322.1,322.1,-0.12,395.16,124505.96,-1
2025-11-09,2025-11-09 11:50:00,322.1,322.1,321.73,321.73,-0.11,395.16,124505.96,-1
2025-11-09,2025-11-09 12:00:00,321.73,321.73,321.35,321.35,-0.12,395.16,124505.96,-1
2025-11-09,2025-11-09 12:10:00,321.35,321.35,320.97,320.97,-0.12,395.16,124505.96,-1
2025-11-09,2025-11-09 12:20:00,320.97,320.97,320.59,320.59,-0.12,395.16,124505.96,-1
2025-11-09,2025-11-09 12:30:00,320.59,320.59,320.21,320.21,-0.12,395.16,124505.96,-1
2025-11-09,2025-11-09 12:40:00,320.21,320.21,319.83,319.83,-0.12,395.16,124505.96,-1
2025-11-09,2025-11-09 12:50:00,319.83,319.83,319.45,319.45,-0.12,395.16,124505.96,-1
2025-11-09,2025-11-09 13:00:00,319.45,324.0,312.1,319.07,-0.12,395.16,124505.96,-1
2025-11-09,2025-11-09 13:10:00,319.07,319.07,318.69,318.69,-0.12,395.16,124505.96,-1
2025-11-09,2025-11-09 13:20:00,318.69,318.69,318.31,318.31,-0.12,395.16,124505.96,-1
2025-11-09,2025-11-09 13:30:00,318.31,318.31,317.93,317.93,-0.12,395.16,124505.96,-1
2025-11-09,2025-11-09 13:40:00,317.93,317.93,317.55,317.55,-0.12,395.16,124505.96,-1
2025-11-09,2025-11-09 13:50:00,317.55,317.55,317.17,317.17,-0.12,395.16,124505.96,-1
2025-11-09,2025-11-09 14:00:00,317.17,317.17,316.8,316.8,-0.12,395.16,124505.96,-1
2025-11-09,2025-11-09 14:10:00,316.8,316.8,316.42,316.42,-0.12,395.16,124505.96,-1
2025-11-09,2025-11-09 14:20:00,316.42,316.42,316.04,316.04,-0.12,395.16,124505.96,-1
2025-11-09,2025-11-09 14:30:00,316.04,316.04,315.66,315.66,-0.12,395.16,124505.96,-1
2025-11-09,2025-11-09 14:40:00,315.66,315.66,315.28,315.28,-0.12,395.16,124505.96,-1
2025-11-09,2025-11-09 14:50:00,315.28,315.28,314.9,314.9,-0.12,395.16,124505.96,-1
2025-11-09,2025-11-09 15:00:00,314.9,324.0,312.1,314.9,0.0,395.16,124505.96,0
2025-11-10,2025-11-10 11:00:00,309.9,312.33,307.83,309.78,-0.04,835.0,256553.86,-1
2025-11-10,2025-11-10 11:10:00,309.78,309.78,309.66,309.66,-0.04,835.0,256553.86,-1
2025-11-10,2025-11-10 11:20:00,309.66,309.66,309.54,309.54,-0.04,835.0,256553.86,-1
2025-11-10,2025-11-10 11:30:00,309.54,309.54,309.42,309.42,-0.04,835.0,256553.86,-1
2025-11-10,2025-11-10 11:40:00,309.42,309.42,309.3,309.3,-0.04,835.0,256553.86,-1
2025-11-10,2025-11-10 11:50:00,309.3,309.3,309.17,309.17,-0.04,835.0,256553.86,-1
2025-11-10,2025-11-10 12:00:00,309.17,309.17,309.05,309.05,-0.04,835.0,256553.86,-1
2025-11-10,2025-11-10 12:10:00,309.05,309.05,308.93,308.93,-0.04,835.0,256553.86,-1
2025-11-10,2025-11-10 12:20:00,308.93,308.93,308.81,308.81,-0.04,835.0,256553.86,-1
2025-11-10,2025-11-10 12:30:00,308.81,308.81,308.69,308.69,-0.04,835.0,256553.86,-1
2025-11-10,2025-11-10 12:40:00,308.69,308.69,308.57,308.57,-0.04,835.0,256553.86,-1
2025-11-10,2025-11-10 12:50:00,308.57,308.57,308.45,308.45,-0.04,835.0,256553.86,-1
2025-11-10,2025-11-10 13:00:00,308.45,318.0,303.0,308.33,-0.04,835.0,256553.86,-1
2025-11-10,2025-11-10 13:10:00,308.33,308.33,308.21,308.21,-0.04,835.0,256553.86,-1
2025-11-10,2025-11-10 13:20:00,308.21,308.21,308.09,308.09,-0.04,835.0,256553.86,-1
2025-11-10,2025-11-10 13:30:00,308.09,308.09,307.97,307.97,-0.04,835.0,256553.86,-1
2025-11-10,2025-11-10 13:40:00,307.97,307.97,307.85,307.85,-0.04,835.0,256553.86,-1
2025-11-10,2025-11-10 13:50:00,307.85,307.85,307.73,307.73,-0.04,835.0,256553.86,-1
2025-11-10,2025-11-10 14:00:00,307.73,307.73,307.6,307.6,-0.04,835.0,256553.86,-1
2025-11-10,2025-11-10 14:10:00,307.6,307.6,307.48,307.48,-0.04,835.0,256553.86,-1
2025-11-10,2025-11-10 14:20:00,307.48,307.48,307.36,307.36,-0.04,835.0,256553.86,-1
2025-11-10,2025-11-10 14:30:00,307.36,307.36,307.24,307.24,-0.04,835.0,256553.86,-1
2025-11-10,2025-11-10 14:40:00,307.24,307.24,307.12,307.12,-0.04,835.0,256553.86,-1
2025-11-10,2025-11-10 14:50:00,307.12,307.12,307.0,307.0,-0.04,835.0,256553.86,-1
2025-11-10,2025-11-10 15:00:00,307.0,318.0,303.0,307.0,0.0,835.0,256553.86,0
2025-11-11,2025-11-11 11:00:00,311.0,311.0,307.7,310.73,-0.09,585.04,177265.38,-1
2025-11-11,2025-11-11 11:10:00,310.73,310.73,310.47,310.47,-0.08,585.04,177265.38,-1
2025-11-11,2025-11-11 11:20:00,310.47,310.47,310.2,310.2,-0.09,585.04,177265.38,-1
2025-11-11,2025-11-11 11:30:00,310.2,310.2,309.93,309.93,-0.09,585.04,177265.38,-1
2025-11-11,2025-11-11 11:40:00,309.93,309.93,309.67,309.67,-0.08,585.04,177265.38,-1
2025-11-11,2025-11-11 11:50:00,309.67,309.67,309.4,309.4,-0.09,585.04,177265.38,-1
2025-11-11,2025-11-11 12:00:00,309.4,309.4,309.13,309.13,-0.09,585.04,177265.38,-1
2025-11-11,2025-11-11 12:10:00,309.13,309.13,308.87,308.87,-0.08,585.04,177265.38,-1
2025-11-11,2025-11-11 12:20:00,308.87,308.87,308.6,308.6,-0.09,585.04,177265.38,-1
2025-11-11,2025-11-11 12:30:00,308.6,308.6,308.33,308.33,-0.09,585.04,177265.38,-1
2025-11-11,2025-11-11 12:40:00,308.33,308.33,308.07,308.07,-0.08,585.04,177265.38,-1
2025-11-11,2025-11-11 12:50:00,308.07,308.07,307.8,307.8,-0.09,585.04,177265.38,-1
2025-11-11,2025-11-11 13:00:00,307.8,311.0,300.0,307.53,-0.09,585.04,177265.38,-1
2025-11-11,2025-11-11 13:10:00,307.53,307.53,307.27,307.27,-0.08,585.04,177265.38,-1
2025-11-11,2025-11-11 13:20:00,307.27,307.27,307.0,307.0,-0.09,585.04,177265.38,-1
2025-11-11,2025-11-11 13:30:00,307.0,307.0,306.73,306.73,-0.09,585.04,177265.38,-1
2025-11-11,2025-11-11 13:40:00,306.73,306.73,306.47,306.47,-0.08,585.04,177265.38,-1
2025-11-11,2025-11-11 13:50:00,306.47,306.47,306.2,306.2,-0.09,585.04,177265.38,-1
2025-11-11,2025-11-11 14:00:00,306.2,306.2,305.93,305.93,-0.09,585.04,177265.38,-1
2025-11-11,2025-11-11 14:10:00,305.93,305.93,305.67,305.67,-0.08,585.04,177265.38,-1
2025-11-11,2025-11-11 14:20:00,305.67,305.67,305.4,305.4,-0.09,585.04,177265.38,-1
2025-11-11,2025-11-11 14:30:00,305.4,305.4,305.13,305.13,-0.09,585.04,177265.38,-1
2025-11-11,2025-11-11 14:40:00,305.13,305.13,304.87,304.87,-0.09,585.04,177265.38,-1
2025-11-11,2025-11-11 14:50:00,304.87,304.87,304.6,304.6,-0.09,585.04,177265.38,-1
2025-11-11,2025-11-11 15:00:00,304.6,311.0,300.0,304.6,0.0,585.04,177265.38,0
2025-11-12,2025-11-12 11:00:00,298.6,304.42,298.6,298.98,0.13,476.56,146330.29,1
2025-11-12,2025-11-12 11:10:00,298.98,299.36,298.98,299.36,0.13,476.56,146330.29,1
2025-11-12,2025-11-12 11:20:00,299.36,299.74,299.36,299.74,0.13,476.56,146330.29,1
2025-11-12,2025-11-12 11:30:00,299.74,300.12,299.74,300.12,0.13,476.56,146330.29,1
2025-11-12,2025-11-12 11:40:00,300.12,300.5,300.12,300.5,0.13,476.56,146330.29,1
2025-11-12,2025-11-12 11:50:00,300.5,300.88,300.5,300.88,0.13,476.56,146330.29,1
2025-11-12,2025-11-12 12:00:00,300.88,301.25,300.88,301.25,0.12,476.56,146330.29,1
2025-11-12,2025-11-12 12:10:00,301.25,301.63,301.25,301.63,0.13,476.56,146330.29,1
2025-11-12,2025-11-12 12:20:00,301.63,302.01,301.63,302.01,0.13,476.56,146330.29,1
2025-11-12,2025-11-12 12:30:00,302.01,302.39,302.01,302.39,0.13,476.56,146330.29,1
2025-11-12,2025-11-12 12:40:00,302.39,302.77,302.39,302.77,0.13,476.56,146330.29,1
2025-11-12,2025-11-12 12:50:00,302.77,303.15,302.77,303.15,0.13,476.56,146330.29,1
2025-11-12,2025-11-12 13:00:00,303.15,318.0,298.6,303.53,0.13,476.56,146330.29,1
2025-11-12,2025-11-12 13:10:00,303.53,303.91,303.53,303.91,0.13,476.56,146330.29,1
2025-11-12,2025-11-12 13:20:00,303.91,304.29,303.91,304.29,0.13,476.56,146330.29,1
2025-11-12,2025-11-12 13:30:00,304.29,304.67,304.29,304.67,0.12,476.56,146330.29,1
2025-11-12,2025-11-12 13:40:00,304.67,305.05,304.67,305.05,0.12,476.56,146330.29,1
2025-11-12,2025-11-12 13:50:00,305.05,305.43,305.05,305.43,0.12,476.56,146330.29,1
2025-11-12,2025-11-12 14:00:00,305.43,305.8,305.43,305.8,0.12,476.56,146330.29,1
2025-11-12,2025-11-12 14:10:00,305.8,306.18,305.8,306.18,0.12,476.56,146330.29,1
2025-11-12,2025-11-12 14:20:00,306.18,306.56,306.18,306.56,0.12,476.56,146330.29,1
2025-11-12,2025-11-12 14:30:00,306.56,306.94,306.56,306.94,0.12,476.56,146330.29,1
2025-11-12,2025-11-12 14:40:00,306.94,307.32,306.94,307.32,0.12,476.56,146330.29,1
2025-11-12,2025-11-12 14:50:00,307.32,307.7,307.32,307.7,0.12,476.56,146330.29,1
2025-11-12,2025-11-12 15:00:00,307.7,318.0,298.6,307.7,0.0,476.56,146330.29,0
2025-11-13,2025-11-13 11:00:00,305.0,312.02,305.0,305.5,0.16,1461.72,455554.28,1
2025-11-13,2025-11-13 11:10:00,305.5,305.99,305.5,305.99,0.16,1461.72,455554.28,1
2025-11-13,2025-11-13 11:20:00,305.99,306.49,305.99,306.49,0.16,1461.72,455554.28,1
2025-11-13,2025-11-13 11:30:00,306.49,306.98,306.49,306.98,0.16,1461.72,455554.28,1
2025-11-13,2025-11-13 11:40:00,306.98,307.48,306.98,307.48,0.16,1461.72,455554.28,1
2025-11-13,2025-11-13 11:50:00,307.48,307.98,307.48,307.98,0.16,1461.72,455554.28,1
2025-11-13,2025-11-13 12:00:00,307.98,308.47,307.98,308.47,0.16,1461.72,455554.28,1
2025-11-13,2025-11-13 12:10:00,308.47,308.97,308.47,308.97,0.16,1461.72,455554.28,1
2025-11-13,2025-11-13 12:20:00,308.97,309.46,308.97,309.46,0.16,1461.72,455554.28,1
2025-11-13,2025-11-13 12:30:00,309.46,309.96,309.46,309.96,0.16,1461.72,455554.28,1
2025-11-13,2025-11-13 12:40:00,309.96,310.45,309.96,310.45,0.16,1461.72,455554.28,1
2025-11-13,2025-11-13 12:50:00,310.45,310.95,310.45,310.95,0.16,1461.72,455554.28,1
2025-11-13,2025-11-13 13:00:00,310.95,328.4,305.0,311.45,0.16,1461.72,455554.28,1
2025-11-13,2025-11-13 13:10:00,311.45,311.94,311.45,311.94,0.16,1461.72,455554.28,1
2025-11-13,2025-11-13 13:20:00,311.94,312.44,311.94,312.44,0.16,1461.72,455554.28,1
2025-11-13,2025-11-13 13:30:00,312.44,312.93,312.44,312.93,0.16,1461.72,455554.28,1
2025-11-13,2025-11-13 13:40:00,312.93,313.43,312.93,313.43,0.16,1461.72,455554.28,1
2025-11-13,2025-11-13 13:50:00,313.43,313.92,313.43,313.92,0.16,1461.72,455554.28,1
2025-11-13,2025-11-13 14:00:00,313.92,314.42,313.92,314.42,0.16,1461.72,455554.28,1
2025-11-13,2025-11-13 14:10:00,314.42,314.92,314.42,314.92,0.16,1461.72,455554.28,1
2025-11-13,2025-11-13 14:20:00,314.92,315.41,314.92,315.41,0.16,1461.72,455554.28,1
2025-11-13,2025-11-13 14:30:00,315.41,315.91,315.41,315.91,0.16,1461.72,455554.28,1
2025-11-13,2025-11-13 14:40:00,315.91,316.4,315.91,316.4,0.16,1461.72,455554.28,1
2025-11-13,2025-11-13 14:50:00,316.4,316.9,316.4,316.9,0.16,1461.72,455554.28,1
2025-11-13,2025-11-13 15:00:00,316.9,328.4,305.0,316.9,0.0,1461.72,455554.28,0
2025-11-16,2025-11-16 11:00:00,316.9,318.7,315.13,316.99,0.03,1603.0,511806.13,1
2025-11-16,2025-11-16 11:10:00,316.99,317.07,316.99,317.07,0.03,1603.0,511806.13,1
2025-11-16,2025-11-16 11:20:00,317.07,317.16,317.07,317.16,0.03,1603.0,511806.13,1
2025-11-16,2025-11-16 11:30:00,317.16,317.25,317.16,317.25,0.03,1603.0,511806.13,1
2025-11-16,2025-11-16 11:40:00,317.25,317.34,317.25,317.34,0.03,1603.0,511806.13,1
2025-11-16,2025-11-16 11:50:00,317.34,317.42,317.34,317.42,0.03,1603.0,511806.13,1
2025-11-16,2025-11-16 12:00:00,317.42,317.51,317.42,317.51,0.03,1603.0,511806.13,1
2025-11-16,2025-11-16 12:10:00,317.51,317.6,317.51,317.6,0.03,1603.0,511806.13,1
2025-11-16,2025-11-16 12:20:00,317.6,317.69,317.6,317.69,0.03,1603.0,511806.13,1
2025-11-16,2025-11-16 12:30:00,317.69,317.77,317.69,317.77,0.03,1603.0,511806.13,1
2025-11-16,2025-11-16 12:40:00,317.77,317.86,317.77,317.86,0.03,1603.0,511806.13,1
2025-11-16,2025-11-16 12:50:00,317.86,317.95,317.86,317.95,0.03,1603.0,511806.13,1
2025-11-16,2025-11-16 13:00:00,317.95,322.9,311.0,318.04,0.03,1603.0,511806.13,1
2025-11-16,2025-11-16 13:10:00,318.04,318.12,318.04,318.12,0.03,1603.0,511806.13,1
2025-11-16,2025-11-16 13:20:00,318.12,318.21,318.12,318.21,0.03,1603.0,511806.13,1
2025-11-16,2025-11-16 13:30:00,318.21,318.3,318.21,318.3,0.03,1603.0,511806.13,1
2025-11-16,2025-11-16 13:40:00,318.3,318.39,318.3,318.39,0.03,1603.0,511806.13,1
2025-11-16,2025-11-16 13:50:00,318.39,318.48,318.39,318.48,0.03,1603.0,511806.13,1
2025-11-16,2025-11-16 14:00:00,318.48,318.56,318.48,318.56,0.03,1603.0,511806.13,1
2025-11-16,2025-11-16 14:10:00,318.56,318.65,318.56,318.65,0.03,1603.0,511806.13,1
2025-11-16,2025-11-16 14:20:00,318.65,318.74,318.65,318.74,0.03,1603.0,511806.13,1
2025-11-16,2025-11-16 14:30:00,318.74,318.82,318.74,318.82,0.03,1603.0,511806.13,1
2025-11-16,2025-11-16 14:40:00,318.82,318.91,318.82,318.91,0.03,1603.0,511806.13,1
2025-11-16,2025-11-16 14:50:00,318.91,319.0,318.91,319.0,0.03,1603.0,511806.13,1
2025-11-16,2025-11-16 15:00:00,319.0,322.9,311.0,319.0,0.0,1603.0,511806.13,0
2025-11-17,2025-11-17 11:00:00,313.0,322.6,313.0,314.29,0.41,8803.84,2964739.26,1
2025-11-17,2025-11-17 11:10:00,314.29,315.58,314.29,315.58,0.41,8803.84,2964739.26,1
2025-11-17,2025-11-17 11:20:00,315.58,316.88,315.58,316.88,0.41,8803.84,2964739.26,1
2025-11-17,2025-11-17 11:30:00,316.88,318.17,316.88,318.17,0.41,8803.84,2964739.26,1
2025-11-17,2025-11-17 11:40:00,318.17,319.46,318.17,319.46,0.41,8803.84,2964739.26,1
2025-11-17,2025-11-17 11:50:00,319.46,320.75,319.46,320.75,0.4,8803.84,2964739.26,1
2025-11-17,2025-11-17 12:00:00,320.75,322.04,320.75,322.04,0.4,8803.84,2964739.26,1
2025-11-17,2025-11-17 12:10:00,322.04,323.33,322.04,323.33,0.4,8803.84,2964739.26,1
2025-11-17,2025-11-17 12:20:00,323.33,324.62,323.33,324.62,0.4,8803.84,2964739.26,1
2025-11-17,2025-11-17 12:30:00,324.62,325.92,324.62,325.92,0.4,8803.84,2964739.26,1
2025-11-17,2025-11-17 12:40:00,325.92,327.21,325.92,327.21,0.4,8803.84,2964739.26,1
2025-11-17,2025-11-17 12:50:00,327.21,328.5,327.21,328.5,0.39,8803.84,2964739.26,1
2025-11-17,2025-11-17 13:00:00,328.5,345.0,313.0,329.79,0.39,8803.84,2964739.26,1
2025-11-17,2025-11-17 13:10:00,329.79,331.08,329.79,331.08,0.39,8803.84,2964739.26,1
2025-11-17,2025-11-17 13:20:00,331.08,332.38,331.08,332.38,0.39,8803.84,2964739.26,1
2025-11-17,2025-11-17 13:30:00,332.38,333.67,332.38,333.67,0.39,8803.84,2964739.26,1
2025-11-17,2025-11-17 13:40:00,333.67,334.96,333.67,334.96,0.39,8803.84,2964739.26,1
2025-11-17,2025-11-17 13:50:00,334.96,336.25,334.96,336.25,0.39,8803.84,2964739.26,1
2025-11-17,2025-11-17 14:00:00,336.25,337.54,336.25,337.54,0.38,8803.84,2964739.26,1
2025-11-17,2025-11-17 14:10:00,337.54,338.83,337.54,338.83,0.38,8803.84,2964739.26,1
2025-11-17,2025-11-17 14:20:00,338.83,340.12,338.83,340.12,0.38,8803.84,2964739.26,1
2025-11-17,2025-11-17 14:30:00,340.12,341.42,340.12,341.42,0.38,8803.84,2964739.26,1
2025-11-17,2025-11-17 14:40:00,341.42,342.71,341.42,342.71,0.38,8803.84,2964739.26,1
2025-11-17,2025-11-17 14:50:00,342.71,344.0,342.71,344.0,0.38,8803.84,2964739.26,1
2025-11-17,2025-11-17 15:00:00,344.0,345.0,313.0,344.0,0.0,8803.84,2964739.26,0
2025-11-18,2025-11-18 11:00:00,345.0,350.43,343.5,345.08,0.02,6658.12,2361038.78,1
2025-11-18,2025-11-18 11:10:00,345.08,345.17,345.08,345.17,0.03,6658.12,2361038.78,1
2025-11-18,2025-11-18 11:20:00,345.17,345.25,345.17,345.25,0.02,6658.12,2361038.78,1
2025-11-18,2025-11-18 11:30:00,345.25,345.33,345.25,345.33,0.02,6658.12,2361038.78,1
2025-11-18,2025-11-18 11:40:00,345.33,345.42,345.33,345.42,0.03,6658.12,2361038.78,1
2025-11-18,2025-11-18 11:50:00,345.42,345.5,345.42,345.5,0.02,6658.12,2361038.78,1
2025-11-18,2025-11-18 12:00:00,345.5,345.58,345.5,345.58,0.02,6658.12,2361038.78,1
2025-11-18,2025-11-18 12:10:00,345.58,345.67,345.58,345.67,0.03,6658.12,2361038.78,1
2025-11-18,2025-11-18 12:20:00,345.67,345.75,345.67,345.75,0.02,6658.12,2361038.78,1
2025-11-18,2025-11-18 12:30:00,345.75,345.83,345.75,345.83,0.02,6658.12,2361038.78,1
2025-11-18,2025-11-18 12:40:00,345.83,345.92,345.83,345.92,0.03,6658.12,2361038.78,1
2025-11-18,2025-11-18 12:50:00,345.92,346.0,345.92,346.0,0.02,6658.12,2361038.78,1
2025-11-18,2025-11-18 13:00:00,346.0,363.1,340.0,346.08,0.02,6658.12,2361038.78,1
2025-11-18,2025-11-18 13:10:00,346.08,346.17,346.08,346.17,0.03,6658.12,2361038.78,1
2025-11-18,2025-11-18 13:20:00,346.17,346.25,346.17,346.25,0.02,6658.12,2361038.78,1
2025-11-18,2025-11-18 13:30:00,346.25,346.33,346.25,346.33,0.02,6658.12,2361038.78,1
2025-11-18,2025-11-18 13:40:00,346.33,346.42,346.33,346.42,0.03,6658.12,2361038.78,1
2025-11-18,2025-11-18 13:50:00,346.42,346.5,346.42,346.5,0.02,6658.12,2361038.78,1
2025-11-18,2025-11-18 14:00:00,346.5,346.58,346.5,346.58,0.02,6658.12,2361038.78,1
2025-11-18,2025-11-18 14:10:00,346.58,346.67,346.58,346.67,0.03,6658.12,2361038.78,1
2025-11-18,2025-11-18 14:20:00,346.67,346.75,346.67,346.75,0.02,6658.12,2361038.78,1
2025-11-18,2025-11-18 14:30:00,346.75,346.83,346.75,346.83,0.02,6658.12,2361038.78,1
2025-11-18,2025-11-18 14:40:00,346.83,346.92,346.83,346.92,0.03,6658.12,2361038.78,1
2025-11-18,2025-11-18 14:50:00,346.92,347.0,346.92,347.0,0.02,6658.12,2361038.78,1
2025-11-18,2025-11-18 15:00:00,347.0,363.1,340.0,347.0,0.0,6658.12,2361038.78,0
2025-11-19,2025-11-19 11:00:00,347.0,348.8,343.49,346.83,-0.05,2796.04,956201.88,-1
2025-11-19,2025-11-19 11:10:00,346.83,346.83,346.67,346.67,-0.05,2796.04,956201.88,-1
2025-11-19,2025-11-19 11:20:00,346.67,346.67,346.5,346.5,-0.05,2796.04,956201.88,-1
2025-11-19,2025-11-19 11:30:00,346.5,346.5,346.33,346.33,-0.05,2796.04,956201.88,-1
2025-11-19,2025-11-19 11:40:00,346.33,346.33,346.17,346.17,-0.05,2796.04,956201.88,-1
2025-11-19,2025-11-19 11:50:00,346.17,346.17,346.0,346.0,-0.05,2796.04,956201.88,-1
2025-11-19,2025-11-19 12:00:00,346.0,346.0,345.83,345.83,-0.05,2796.04,956201.88,-1
2025-11-19,2025-11-19 12:10:00,345.83,345.83,345.67,345.67,-0.05,2796.04,956201.88,-1
2025-11-19,2025-11-19 12:20:00,345.67,345.67,345.5,345.5,-0.05,2796.04,956201.88,-1
2025-11-19,2025-11-19 12:30:00,345.5,345.5,345.33,345.33,-0.05,2796.04,956201.88,-1
2025-11-19,2025-11-19 12:40:00,345.33,345.33,345.17,345.17,-0.05,2796.04,956201.88,-1
2025-11-19,2025-11-19 12:50:00,345.17,345.17,345.0,345.0,-0.05,2796.04,956201.88,-1
2025-11-19,2025-11-19 13:00:00,345.0,353.0,335.3,344.83,-0.05,2796.04,956201.88,-1
2025-11-19,2025-11-19 13:10:00,344.83,344.83,344.67,344.67,-0.05,2796.04,956201.88,-1
2025-11-19,2025-11-19 13:20:00,344.67,344.67,344.5,344.5,-0.05,2796.04,956201.88,-1
2025-11-19,2025-11-19 13:30:00,344.5,344.5,344.33,344.33,-0.05,2796.04,956201.88,-1
2025-11-19,2025-11-19 13:40:00,344.33,344.33,344.17,344.17,-0.05,2796.04,956201.88,-1
2025-11-19,2025-11-19 13:50:00,344.17,344.17,344.0,344.0,-0.05,2796.04,956201.88,-1
2025-11-19,2025-11-19 14:00:00,344.0,344.0,343.83,343.83,-0.05,2796.04,956201.88,-1
2025-11-19,2025-11-19 14:10:00,343.83,343.83,343.67,343.67,-0.05,2796.04,956201.88,-1
2025-11-19,2025-11-19 14:20:00,343.67,343.67,343.5,343.5,-0.05,2796.04,956201.88,-1
2025-11-19,2025-11-19 14:30:00,343.5,343.5,343.33,343.33,-0.05,2796.04,956201.88,-1
2025-11-19,2025-11-19 14:40:00,343.33,343.33,343.17,343.17,-0.05,2796.04,956201.88,-1
2025-11-19,2025-11-19 14:50:00,343.17,343.17,343.0,343.0,-0.05,2796.04,956201.88,-1
2025-11-19,2025-11-19 15:00:00,343.0,353.0,335.3,343.0,0.0,2796.04,956201.88,0
2025-11-20,2025-11-20 11:00:00,336.2,341.39,334.34,336.11,-0.03,2394.76,814479.49,-1
2025-11-20,2025-11-20 11:10:00,336.11,336.11,336.02,336.02,-0.03,2394.76,814479.49,-1
2025-11-20,2025-11-20 11:20:00,336.02,336.02,335.94,335.94,-0.02,2394.76,814479.49,-1
2025-11-20,2025-11-20 11:30:00,335.94,335.94,335.85,335.85,-0.03,2394.76,814479.49,-1
2025-11-20,2025-11-20 11:40:00,335.85,335.85,335.76,335.76,-0.03,2394.76,814479.49,-1
2025-11-20,2025-11-20 11:50:00,335.76,335.76,335.68,335.68,-0.02,2394.76,814479.49,-1
2025-11-20,2025-11-20 12:00:00,335.68,335.68,335.59,335.59,-0.03,2394.76,814479.49,-1
2025-11-20,2025-11-20 12:10:00,335.59,335.59,335.5,335.5,-0.03,2394.76,814479.49,-1
2025-11-20,2025-11-20 12:20:00,335.5,335.5,335.41,335.41,-0.03,2394.76,814479.49,-1
2025-11-20,2025-11-20 12:30:00,335.41,335.41,335.32,335.32,-0.03,2394.76,814479.49,-1
2025-11-20,2025-11-20 12:40:00,335.32,335.32,335.24,335.24,-0.02,2394.76,814479.49,-1
2025-11-20,2025-11-20 12:50:00,335.24,335.24,335.15,335.15,-0.03,2394.76,814479.49,-1
2025-11-20,2025-11-20 13:00:00,335.15,353.5,330.0,335.06,-0.03,2394.76,814479.49,-1
2025-11-20,2025-11-20 13:10:00,335.06,335.06,334.98,334.98,-0.02,2394.76,814479.49,-1
2025-11-20,2025-11-20 13:20:00,334.98,334.98,334.89,334.89,-0.03,2394.76,814479.49,-1
2025-11-20,2025-11-20 13:30:00,334.89,334.89,334.8,334.8,-0.03,2394.76,814479.49,-1
2025-11-20,2025-11-20 13:40:00,334.8,334.8,334.71,334.71,-0.03,2394.76,814479.49,-1
2025-11-20,2025-11-20 13:50:00,334.71,334.71,334.62,334.62,-0.03,2394.76,814479.49,-1
2025-11-20,2025-11-20 14:00:00,334.62,334.62,334.54,334.54,-0.02,2394.76,814479.49,-1
2025-11-20,2025-11-20 14:10:00,334.54,334.54,334.45,334.45,-0.03,2394.76,814479.49,-1
2025-11-20,2025-11-20 14:20:00,334.45,334.45,334.36,334.36,-0.03,2394.76,814479.49,-1
2025-11-20,2025-11-20 14:30:00,334.36,334.36,334.28,334.28,-0.02,2394.76,814479.49,-1
2025-11-20,2025-11-20 14:40:00,334.28,334.28,334.19,334.19,-0.03,2394.76,814479.49,-1
2025-11-20,2025-11-20 14:50:00,334.19,334.19,334.1,334.1,-0.03,2394.76,814479.49,-1
2025-11-20,2025-11-20 15:00:00,334.1,353.5,330.0,334.1,0.0,2394.76,814479.49,0
2025-11-23,2025-11-23 11:00:00,340.0,345.07,337.69,340.58,0.17,6147.72,2138926.76,1
2025-11-23,2025-11-23 11:10:00,340.58,341.16,340.58,341.16,0.17,6147.72,2138926.76,1
2025-11-23,2025-11-23 11:20:00,341.16,341.74,341.16,341.74,0.17,6147.72,2138926.76,1
2025-11-23,2025-11-23 11:30:00,341.74,342.32,341.74,342.32,0.17,6147.72,2138926.76,1
2025-11-23,2025-11-23 11:40:00,342.32,342.9,342.32,342.9,0.17,6147.72,2138926.76,1
2025-11-23,2025-11-23 11:50:00,342.9,343.48,342.9,343.48,0.17,6147.72,2138926.76,1
2025-11-23,2025-11-23 12:00:00,343.48,344.05,343.48,344.05,0.17,6147.72,2138926.76,1
2025-11-23,2025-11-23 12:10:00,344.05,344.63,344.05,344.63,0.17,6147.72,2138926.76,1
2025-11-23,2025-11-23 12:20:00,344.63,345.21,344.63,345.21,0.17,6147.72,2138926.76,1
2025-11-23,2025-11-23 12:30:00,345.21,345.79,345.21,345.79,0.17,6147.72,2138926.76,1
2025-11-23,2025-11-23 12:40:00,345.79,346.37,345.79,346.37,0.17,6147.72,2138926.76,1
2025-11-23,2025-11-23 12:50:00,346.37,346.95,346.37,346.95,0.17,6147.72,2138926.76,1
2025-11-23,2025-11-23 13:00:00,346.95,356.9,332.3,347.53,0.17,6147.72,2138926.76,1
2025-11-23,2025-11-23 13:10:00,347.53,348.11,347.53,348.11,0.17,6147.72,2138926.76,1
2025-11-23,2025-11-23 13:20:00,348.11,348.69,348.11,348.69,0.17,6147.72,2138926.76,1
2025-11-23,2025-11-23 13:30:00,348.69,349.27,348.69,349.27,0.17,6147.72,2138926.76,1
2025-11-23,2025-11-23 13:40:00,349.27,349.85,349.27,349.85,0.17,6147.72,2138926.76,1
2025-11-23,2025-11-23 13:50:00,349.85,350.42,349.85,350.42,0.16,6147.72,2138926.76,1
2025-11-23,2025-11-23 14:00:00,350.42,351.0,350.42,351.0,0.17,6147.72,2138926.76,1
2025-11-23,2025-11-23 14:10:00,351.0,351.58,351.0,351.58,0.17,6147.72,2138926.76,1
2025-11-23,2025-11-23 14:20:00,351.58,352.16,351.58,352.16,0.16,6147.72,2138926.76,1
2025-11-23,2025-11-23 14:30:00,352.16,352.74,352.16,352.74,0.16,6147.72,2138926.76,1
2025-11-23,2025-11-23 14:40:00,352.74,353.32,352.74,353.32,0.16,6147.72,2138926.76,1
2025-11-23,2025-11-23 14:50:00,353.32,353.9,353.32,353.9,0.16,6147.72,2138926.76,1
2025-11-23,2025-11-23 15:00:00,353.9,356.9,332.3,353.9,0.0,6147.72,2138926.76,0
2025-11-24,2025-11-24 11:00:00,353.9,364.31,351.8,355.02,0.32,7865.0,2767313.86,1
2025-11-24,2025-11-24 11:10:00,355.02,356.15,355.02,356.15,0.32,7865.0,2767313.86,1
2025-11-24,2025-11-24 11:20:00,356.15,357.27,356.15,357.27,0.31,7865.0,2767313.86,1
2025-11-24,2025-11-24 11:30:00,357.27,358.4,357.27,358.4,0.32,7865.0,2767313.86,1
2025-11-24,2025-11-24 11:40:00,358.4,359.52,358.4,359.52,0.31,7865.0,2767313.86,1
2025-11-24,2025-11-24 11:50:00,359.52,360.65,359.52,360.65,0.31,7865.0,2767313.86,1
2025-11-24,2025-11-24 12:00:00,360.65,361.77,360.65,361.77,0.31,7865.0,2767313.86,1
2025-11-24,2025-11-24 12:10:00,361.77,362.9,361.77,362.9,0.31,7865.0,2767313.86,1
2025-11-24,2025-11-24 12:20:00,362.9,364.02,362.9,364.02,0.31,7865.0,2767313.86,1
2025-11-24,2025-11-24 12:30:00,364.02,365.15,364.02,365.15,0.31,7865.0,2767313.86,1
2025-11-24,2025-11-24 12:40:00,365.15,366.27,365.15,366.27,0.31,7865.0,2767313.86,1
2025-11-24,2025-11-24 12:50:00,366.27,367.4,366.27,367.4,0.31,7865.0,2767313.86,1
2025-11-24,2025-11-24 13:00:00,367.4,388.6,346.9,368.52,0.3,7865.0,2767313.86,1
2025-11-24,2025-11-24 13:10:00,368.52,369.65,368.52,369.65,0.31,7865.0,2767313.86,1
2025-11-24,2025-11-24 13:20:00,369.65,370.77,369.65,370.77,0.3,7865.0,2767313.86,1
2025-11-24,2025-11-24 13:30:00,370.77,371.9,370.77,371.9,0.3,7865.0,2767313.86,1
2025-11-24,2025-11-24 13:40:00,371.9,373.02,371.9,373.02,0.3,7865.0,2767313.86,1
2025-11-24,2025-11-24 13:50:00,373.02,374.15,373.02,374.15,0.3,7865.0,2767313.86,1
2025-11-24,2025-11-24 14:00:00,374.15,375.27,374.15,375.27,0.3,7865.0,2767313.86,1
2025-11-24,2025-11-24 14:10:00,375.27,376.4,375.27,376.4,0.3,7865.0,2767313.86,1
2025-11-24,2025-11-24 14:20:00,376.4,377.52,376.4,377.52,0.3,7865.0,2767313.86,1
2025-11-24,2025-11-24 14:30:00,377.52,378.65,377.52,378.65,0.3,7865.0,2767313.86,1
2025-11-24,2025-11-24 14:40:00,378.65,379.77,378.65,379.77,0.3,7865.0,2767313.86,1
2025-11-24,2025-11-24 14:50:00,379.77,380.9,379.77,380.9,0.3,7865.0,2767313.86,1
2025-11-24,2025-11-24 15:00:00,380.9,388.6,346.9,380.9,0.0,7865.0,2767313.86,0
2025-11-25,2025-11-25 11:00:00,373.3,373.3,366.31,372.83,-0.13,3676.6,1324533.5,-1
2025-11-25,2025-11-25 11:10:00,372.83,372.83,372.36,372.36,-0.13,3676.6,1324533.5,-1
2025-11-25,2025-11-25 11:20:00,372.36,372.36,371.89,371.89,-0.13,3676.6,1324533.5,-1
2025-11-25,2025-11-25 11:30:00,371.89,371.89,371.42,371.42,-0.13,3676.6,1324533.5,-1
2025-11-25,2025-11-25 11:40:00,371.42,371.42,370.95,370.95,-0.13,3676.6,1324533.5,-1
2025-11-25,2025-11-25 11:50:00,370.95,370.95,370.48,370.48,-0.13,3676.6,1324533.5,-1
2025-11-25,2025-11-25 12:00:00,370.48,370.48,370.0,370.0,-0.13,3676.6,1324533.5,-1
2025-11-25,2025-11-25 12:10:00,370.0,370.0,369.53,369.53,-0.13,3676.6,1324533.5,-1
2025-11-25,2025-11-25 12:20:00,369.53,369.53,369.06,369.06,-0.13,3676.6,1324533.5,-1
2025-11-25,2025-11-25 12:30:00,369.06,369.06,368.59,368.59,-0.13,3676.6,1324533.5,-1
2025-11-25,2025-11-25 12:40:00,368.59,368.59,368.12,368.12,-0.13,3676.6,1324533.5,-1
2025-11-25,2025-11-25 12:50:00,368.12,368.12,367.65,367.65,-0.13,3676.6,1324533.5,-1
2025-11-25,2025-11-25 13:00:00,367.65,373.3,350.0,367.18,-0.13,3676.6,1324533.5,-1
2025-11-25,2025-11-25 13:10:00,367.18,367.18,366.71,366.71,-0.13,3676.6,1324533.5,-1
2025-11-25,2025-11-25 13:20:00,366.71,366.71,366.24,366.24,-0.13,3676.6,1324533.5,-1
2025-11-25,2025-11-25 13:30:00,366.24,366.24,365.77,365.77,-0.13,3676.6,1324533.5,-1
2025-11-25,2025-11-25 13:40:00,365.77,365.77,365.3,365.3,-0.13,3676.6,1324533.5,-1
2025-11-25,2025-11-25 13:50:00,365.3,365.3,364.82,364.82,-0.13,3676.6,1324533.5,-1
2025-11-25,2025-11-25 14:00:00,364.82,364.82,364.35,364.35,-0.13,3676.6,1324533.5,-1
2025-11-25,2025-11-25 14:10:00,364.35,364.35,363.88,363.88,-0.13,3676.6,1324533.5,-1
2025-11-25,2025-11-25 14:20:00,363.88,363.88,363.41,363.41,-0.13,3676.6,1324533.5,-1
2025-11-25,2025-11-25 14:30:00,363.41,363.41,362.94,362.94,-0.13,3676.6,1324533.5,-1
2025-11-25,2025-11-25 14:40:00,362.94,362.94,362.47,362.47,-0.13,3676.6,1324533.5,-1
2025-11-25,2025-11-25 14:50:00,362.47,362.47,362.0,362.0,-0.13,3676.6,1324533.5,-1
2025-11-25,2025-11-25 15:00:00,362.0,373.3,350.0,362.0,0.0,3676.6,1324533.5,0
2025-11-26,2025-11-26 11:00:00,369.2,369.2,363.44,368.69,-0.14,3448.76,1226911.85,-1
2025-11-26,2025-11-26 11:10:00,368.69,368.69,368.18,368.18,-0.14,3448.76,1226911.85,-1
2025-11-26,2025-11-26 11:20:00,368.18,368.18,367.68,367.68,-0.14,3448.76,1226911.85,-1
2025-11-26,2025-11-26 11:30:00,367.68,367.68,367.17,367.17,-0.14,3448.76,1226911.85,-1
2025-11-26,2025-11-26 11:40:00,367.17,367.17,366.66,366.66,-0.14,3448.76,1226911.85,-1
2025-11-26,2025-11-26 11:50:00,366.66,366.66,366.15,366.15,-0.14,3448.76,1226911.85,-1
2025-11-26,2025-11-26 12:00:00,366.15,366.15,365.64,365.64,-0.14,3448.76,1226911.85,-1
2025-11-26,2025-11-26 12:10:00,365.64,365.64,365.13,365.13,-0.14,3448.76,1226911.85,-1
2025-11-26,2025-11-26 12:20:00,365.13,365.13,364.62,364.62,-0.14,3448.76,1226911.85,-1
2025-11-26,2025-11-26 12:30:00,364.62,364.62,364.12,364.12,-0.14,3448.76,1226911.85,-1
2025-11-26,2025-11-26 12:40:00,364.12,364.12,363.61,363.61,-0.14,3448.76,1226911.85,-1
2025-11-26,2025-11-26 12:50:00,363.61,363.61,363.1,363.1,-0.14,3448.76,1226911.85,-1
2025-11-26,2025-11-26 13:00:00,363.1,369.2,350.0,362.59,-0.14,3448.76,1226911.85,-1
2025-11-26,2025-11-26 13:10:00,362.59,362.59,362.08,362.08,-0.14,3448.76,1226911.85,-1
2025-11-26,2025-11-26 13:20:00,362.08,362.08,361.57,361.57,-0.14,3448.76,1226911.85,-1
2025-11-26,2025-11-26 13:30:00,361.57,361.57,361.07,361.07,-0.14,3448.76,1226911.85,-1
2025-11-26,2025-11-26 13:40:00,361.07,361.07,360.56,360.56,-0.14,3448.76,1226911.85,-1
2025-11-26,2025-11-26 13:50:00,360.56,360.56,360.05,360.05,-0.14,3448.76,1226911.85,-1
2025-11-26,2025-11-26 14:00:00,360.05,360.05,359.54,359.54,-0.14,3448.76,1226911.85,-1
2025-11-26,2025-11-26 14:10:00,359.54,359.54,359.03,359.03,-0.14,3448.76,1226911.85,-1
2025-11-26,2025-11-26 14:20:00,359.03,359.03,358.52,358.52,-0.14,3448.76,1226911.85,-1
2025-11-26,2025-11-26 14:30:00,358.52,358.52,358.02,358.02,-0.14,3448.76,1226911.85,-1
2025-11-26,2025-11-26 14:40:00,358.02,358.02,357.51,357.51,-0.14,3448.76,1226911.85,-1
2025-11-26,2025-11-26 14:50:00,357.51,357.51,357.0,357.0,-0.14,3448.76,1226911.85,-1
2025-11-26,2025-11-26 15:00:00,357.0,369.2,350.0,357.0,0.0,3448.76,1226911.85,0
2025-11-27,2025-11-27 11:00:00,349.9,358.21,346.09,349.66,-0.07,7973.48,2752029.02,-1
2025-11-27,2025-11-27 11:10:00,349.66,349.66,349.42,349.42,-0.07,7973.48,2752029.02,-1
2025-11-27,2025-11-27 11:20:00,349.42,349.42,349.17,349.17,-0.07,7973.48,2752029.02,-1
2025-11-27,2025-11-27 11:30:00,349.17,349.17,348.93,348.93,-0.07,7973.48,2752029.02,-1
2025-11-27,2025-11-27 11:40:00,348.93,348.93,348.69,348.69,-0.07,7973.48,2752029.02,-1
2025-11-27,2025-11-27 11:50:00,348.69,348.69,348.45,348.45,-0.07,7973.48,2752029.02,-1
2025-11-27,2025-11-27 12:00:00,348.45,348.45,348.21,348.21,-0.07,7973.48,2752029.02,-1
2025-11-27,2025-11-27 12:10:00,348.21,348.21,347.97,347.97,-0.07,7973.48,2752029.02,-1
2025-11-27,2025-11-27 12:20:00,347.97,347.97,347.73,347.73,-0.07,7973.48,2752029.02,-1
2025-11-27,2025-11-27 12:30:00,347.73,347.73,347.48,347.48,-0.07,7973.48,2752029.02,-1
2025-11-27,2025-11-27 12:40:00,347.48,347.48,347.24,347.24,-0.07,7973.48,2752029.02,-1
2025-11-27,2025-11-27 12:50:00,347.24,347.24,347.0,347.0,-0.07,7973.48,2752029.02,-1
2025-11-27,2025-11-27 13:00:00,347.0,377.6,337.2,346.76,-0.07,7973.48,2752029.02,-1
2025-11-27,2025-11-27 13:10:00,346.76,346.76,346.52,346.52,-0.07,7973.48,2752029.02,-1
2025-11-27,2025-11-27 13:20:00,346.52,346.52,346.27,346.27,-0.07,7973.48,2752029.02,-1
2025-11-27,2025-11-27 13:30:00,346.27,346.27,346.03,346.03,-0.07,7973.48,2752029.02,-1
2025-11-27,2025-11-27 13:40:00,346.03,346.03,345.79,345.79,-0.07,7973.48,2752029.02,-1
2025-11-27,2025-11-27 13:50:00,345.79,345.79,345.55,345.55,-0.07,7973.48,2752029.02,-1
2025-11-27,2025-11-27 14:00:00,345.55,345.55,345.31,345.31,-0.07,7973.48,2752029.02,-1
2025-11-27,2025-11-27 14:10:00,345.31,345.31,345.07,345.07,-0.07,7973.48,2752029.02,-1
2025-11-27,2025-11-27 14:20:00,345.07,345.07,344.83,344.83,-0.07,7973.48,2752029.02,-1
2025-11-27,2025-11-27 14:30:00,344.83,344.83,344.58,344.58,-0.07,7973.48,2752029.02,-1
2025-11-27,2025-11-27 14:40:00,344.58,344.58,344.34,344.34,-0.07,7973.48,2752029.02,-1
2025-11-27,2025-11-27 14:50:00,344.34,344.34,344.1,344.1,-0.07,7973.48,2752029.02,-1
2025-11-27,2025-11-27 15:00:00,344.1,377.6,337.2,344.1,0.0,7973.48,2752029.02,0
2025-11-30,2025-11-30 11:00:00,337.3,337.3,330.31,336.54,-0.23,26953.36,8726626.8,-1
2025-11-30,2025-11-30 11:10:00,336.54,336.54,335.78,335.78,-0.23,26953.36,8726626.8,-1
2025-11-30,2025-11-30 11:20:00,335.78,335.78,335.01,335.01,-0.23,26953.36,8726626.8,-1
2025-11-30,2025-11-30 11:30:00,335.01,335.01,334.25,334.25,-0.23,26953.36,8726626.8,-1
2025-11-30,2025-11-30 11:40:00,334.25,334.25,333.49,333.49,-0.23,26953.36,8726626.8,-1
2025-11-30,2025-11-30 11:50:00,333.49,333.49,332.73,332.73,-0.23,26953.36,8726626.8,-1
2025-11-30,2025-11-30 12:00:00,332.73,332.73,331.96,331.96,-0.23,26953.36,8726626.8,-1
2025-11-30,2025-11-30 12:10:00,331.96,331.96,331.2,331.2,-0.23,26953.36,8726626.8,-1
2025-11-30,2025-11-30 12:20:00,331.2,331.2,330.44,330.44,-0.23,26953.36,8726626.8,-1
2025-11-30,2025-11-30 12:30:00,330.44,330.44,329.68,329.68,-0.23,26953.36,8726626.8,-1
2025-11-30,2025-11-30 12:40:00,329.68,329.68,328.91,328.91,-0.23,26953.36,8726626.8,-1
2025-11-30,2025-11-30 12:50:00,328.91,328.91,328.15,328.15,-0.23,26953.36,8726626.8,-1
2025-11-30,2025-11-30 13:00:00,328.15,337.3,314.0,327.39,-0.23,26953.36,8726626.8,-1
2025-11-30,2025-11-30 13:10:00,327.39,327.39,326.62,326.62,-0.24,26953.36,8726626.8,-1
2025-11-30,2025-11-30 13:20:00,326.62,326.62,325.86,325.86,-0.23,26953.36,8726626.8,-1
2025-11-30,2025-11-30 13:30:00,325.86,325.86,325.1,325.1,-0.23,26953.36,8726626.8,-1
2025-11-30,2025-11-30 13:40:00,325.1,325.1,324.34,324.34,-0.23,26953.36,8726626.8,-1
2025-11-30,2025-11-30 13:50:00,324.34,324.34,323.57,323.57,-0.24,26953.36,8726626.8,-1
2025-11-30,2025-11-30 14:00:00,323.57,323.57,322.81,322.81,-0.23,26953.36,8726626.8,-1
2025-11-30,2025-11-30 14:10:00,322.81,322.81,322.05,322.05,-0.24,26953.36,8726626.8,-1
2025-11-30,2025-11-30 14:20:00,322.05,322.05,321.29,321.29,-0.24,26953.36,8726626.8,-1
2025-11-30,2025-11-30 14:30:00,321.29,321.29,320.52,320.52,-0.24,26953.36,8726626.8,-1
2025-11-30,2025-11-30 14:40:00,320.52,320.52,319.76,319.76,-0.24,26953.36,8726626.8,-1
2025-11-30,2025-11-30 14:50:00,319.76,319.76,319.0,319.0,-0.24,26953.36,8726626.8,-1
2025-11-30,2025-11-30 15:00:00,319.0,337.3,314.0,319.0,0.0,26953.36,8726626.8,0
2025-12-01,2025-12-01 11:00:00,313.0,316.9,309.31,313.12,0.04,9089.32,2867915.58,1
2025-12-01,2025-12-01 11:10:00,313.12,313.25,313.12,313.25,0.04,9089.32,2867915.58,1
2025-12-01,2025-12-01 11:20:00,313.25,313.38,313.25,313.38,0.04,9089.32,2867915.58,1
2025-12-01,2025-12-01 11:30:00,313.38,313.5,313.38,313.5,0.04,9089.32,2867915.58,1
2025-12-01,2025-12-01 11:40:00,313.5,313.62,313.5,313.62,0.04,9089.32,2867915.58,1
2025-12-01,2025-12-01 11:50:00,313.62,313.75,313.62,313.75,0.04,9089.32,2867915.58,1
2025-12-01,2025-12-01 12:00:00,313.75,313.88,313.75,313.88,0.04,9089.32,2867915.58,1
2025-12-01,2025-12-01 12:10:00,313.88,314.0,313.88,314.0,0.04,9089.32,2867915.58,1
2025-12-01,2025-12-01 12:20:00,314.0,314.12,314.0,314.12,0.04,9089.32,2867915.58,1
2025-12-01,2025-12-01 12:30:00,314.12,314.25,314.12,314.25,0.04,9089.32,2867915.58,1
2025-12-01,2025-12-01 12:40:00,314.25,314.38,314.25,314.38,0.04,9089.32,2867915.58,1
2025-12-01,2025-12-01 12:50:00,314.38,314.5,314.38,314.5,0.04,9089.32,2867915.58,1
2025-12-01,2025-12-01 13:00:00,314.5,326.0,300.7,314.62,0.04,9089.32,2867915.58,1
2025-12-01,2025-12-01 13:10:00,314.62,314.75,314.62,314.75,0.04,9089.32,2867915.58,1
2025-12-01,2025-12-01 13:20:00,314.75,314.88,314.75,314.88,0.04,9089.32,2867915.58,1
2025-12-01,2025-12-01 13:30:00,314.88,315.0,314.88,315.0,0.04,9089.32,2867915.58,1
2025-12-01,2025-12-01 13:40:00,315.0,315.12,315.0,315.12,0.04,9089.32,2867915.58,1
2025-12-01,2025-12-01 13:50:00,315.12,315.25,315.12,315.25,0.04,9089.32,2867915.58,1
2025-12-01,2025-12-01 14:00:00,315.25,315.38,315.25,315.38,0.04,9089.32,2867915.58,1
2025-12-01,2025-12-01 14:10:00,315.38,315.5,315.38,315.5,0.04,9089.32,2867915.58,1
2025-12-01,2025-12-01 14:20:00,315.5,315.62,315.5,315.62,0.04,9089.32,2867915.58,1
2025-12-01,2025-12-01 14:30:00,315.62,315.75,315.62,315.75,0.04,9089.32,2867915.58,1
2025-12-01,2025-12-01 14:40:00,315.75,315.88,315.75,315.88,0.04,9089.32,2867915.58,1
2025-12-01,2025-12-01 14:50:00,315.88,316.0,315.88,316.0,0.04,9089.32,2867915.58,1
2025-12-01,2025-12-01 15:00:00,316.0,326.0,300.7,316.0,0.0,9089.32,2867915.58,0
2025-12-02,2025-12-02 11:00:00,320.0,321.92,317.3,320.21,0.07,5231.64,1680263.4,1
2025-12-02,2025-12-02 11:10:00,320.21,320.42,320.21,320.42,0.07,5231.64,1680263.4,1
2025-12-02,2025-12-02 11:20:00,320.42,320.62,320.42,320.62,0.06,5231.64,1680263.4,1
2025-12-02,2025-12-02 11:30:00,320.62,320.83,320.62,320.83,0.07,5231.64,1680263.4,1
2025-12-02,2025-12-02 11:40:00,320.83,321.04,320.83,321.04,0.07,5231.64,1680263.4,1
2025-12-02,2025-12-02 11:50:00,321.04,321.25,321.04,321.25,0.07,5231.64,1680263.4,1
2025-12-02,2025-12-02 12:00:00,321.25,321.46,321.25,321.46,0.07,5231.64,1680263.4,1
2025-12-02,2025-12-02 12:10:00,321.46,321.67,321.46,321.67,0.07,5231.64,1680263.4,1
2025-12-02,2025-12-02 12:20:00,321.67,321.88,321.67,321.88,0.07,5231.64,1680263.4,1
2025-12-02,2025-12-02 12:30:00,321.88,322.08,321.88,322.08,0.06,5231.64,1680263.4,1
2025-12-02,2025-12-02 12:40:00,322.08,322.29,322.08,322.29,0.07,5231.64,1680263.4,1
2025-12-02,2025-12-02 12:50:00,322.29,322.5,322.29,322.5,0.07,5231.64,1680263.4,1
2025-12-02,2025-12-02 13:00:00,322.5,326.4,311.0,322.71,0.07,5231.64,1680263.4,1
2025-12-02,2025-12-02 13:10:00,322.71,322.92,322.71,322.92,0.07,5231.64,1680263.4,1
2025-12-02,2025-12-02 13:20:00,322.92,323.12,322.92,323.12,0.06,5231.64,1680263.4,1
2025-12-02,2025-12-02 13:30:00,323.12,323.33,323.12,323.33,0.06,5231.64,1680263.4,1
2025-12-02,2025-12-02 13:40:00,323.33,323.54,323.33,323.54,0.06,5231.64,1680263.4,1
2025-12-02,2025-12-02 13:50:00,323.54,323.75,323.54,323.75,0.06,5231.64,1680263.4,1
2025-12-02,2025-12-02 14:00:00,323.75,323.96,323.75,323.96,0.06,5231.64,1680263.4,1
2025-12-02,2025-12-02 14:10:00,323.96,324.17,323.96,324.17,0.06,5231.64,1680263.4,1
2025-12-02,2025-12-02 14:20:00,324.17,324.38,324.17,324.38,0.06,5231.64,1680263.4,1
2025-12-02,2025-12-02 14:30:00,324.38,324.58,324.38,324.58,0.06,5231.64,1680263.4,1
2025-12-02,2025-12-02 14:40:00,324.58,324.79,324.58,324.79,0.06,5231.64,1680263.4,1
2025-12-02,2025-12-02 14:50:00,324.79,325.0,324.79,325.0,0.06,5231.64,1680263.4,1
2025-12-02,2025-12-02 15:00:00,325.0,326.4,311.0,325.0,0.0,5231.64,1680263.4,0
2025-12-03,2025-12-03 11:00:00,319.0,322.0,318.4,318.92,-0.03,4458.36,1432530.26,-1
2025-12-03,2025-12-03 11:10:00,318.92,318.92,318.83,318.83,-0.03,4458.36,1432530.26,-1
2025-12-03,2025-12-03 11:20:00,318.83,318.83,318.75,318.75,-0.03,4458.36,1432530.26,-1
2025-12-03,2025-12-03 11:30:00,318.75,318.75,318.67,318.67,-0.03,4458.36,1432530.26,-1
2025-12-03,2025-12-03 11:40:00,318.67,318.67,318.58,318.58,-0.03,4458.36,1432530.26,-1
2025-12-03,2025-12-03 11:50:00,318.58,318.58,318.5,318.5,-0.03,4458.36,1432530.26,-1
2025-12-03,2025-12-03 12:00:00,318.5,318.5,318.42,318.42,-0.03,4458.36,1432530.26,-1
2025-12-03,2025-12-03 12:10:00,318.42,318.42,318.33,318.33,-0.03,4458.36,1432530.26,-1
2025-12-03,2025-12-03 12:20:00,318.33,318.33,318.25,318.25,-0.03,4458.36,1432530.26,-1
2025-12-03,2025-12-03 12:30:00,318.25,318.25,318.17,318.17,-0.03,4458.36,1432530.26,-1
2025-12-03,2025-12-03 12:40:00,318.17,318.17,318.08,318.08,-0.03,4458.36,1432530.26,-1
2025-12-03,2025-12-03 12:50:00,318.08,318.08,318.0,318.0,-0.03,4458.36,1432530.26,-1
2025-12-03,2025-12-03 13:00:00,318.0,329.0,317.0,317.92,-0.03,4458.36,1432530.26,-1
2025-12-03,2025-12-03 13:10:00,317.92,317.92,317.83,317.83,-0.03,4458.36,1432530.26,-1
2025-12-03,2025-12-03 13:20:00,317.83,317.83,317.75,317.75,-0.03,4458.36,1432530.26,-1
2025-12-03,2025-12-03 13:30:00,317.75,317.75,317.67,317.67,-0.03,4458.36,1432530.26,-1
2025-12-03,2025-12-03 13:40:00,317.67,317.67,317.58,317.58,-0.03,4458.36,1432530.26,-1
2025-12-03,2025-12-03 13:50:00,317.58,317.58,317.5,317.5,-0.03,4458.36,1432530.26,-1
2025-12-03,2025-12-03 14:00:00,317.5,317.5,317.42,317.42,-0.03,4458.36,1432530.26,-1
2025-12-03,2025-12-03 14:10:00,317.42,317.42,317.33,317.33,-0.03,4458.36,1432530.26,-1
2025-12-03,2025-12-03 14:20:00,317.33,317.33,317.25,317.25,-0.03,4458.36,1432530.26,-1
2025-12-03,2025-12-03 14:30:00,317.25,317.25,317.17,317.17,-0.03,4458.36,1432530.26,-1
2025-12-03,2025-12-03 14:40:00,317.17,317.17,317.08,317.08,-0.03,4458.36,1432530.26,-1
2025-12-03,2025-12-03 14:50:00,317.08,317.08,317.0,317.0,-0.03,4458.36,1432530.26,-1
2025-12-03,2025-12-03 15:00:00,317.0,329.0,317.0,317.0,0.0,4458.36,1432530.26,0
2025-12-07,2025-12-07 11:00:00,311.2,313.81,309.94,311.18,-0.01,7766.44,2412980.03,-1
2025-12-07,2025-12-07 11:10:00,311.18,311.18,311.16,311.16,-0.01,7766.44,2412980.03,-1
2025-12-07,2025-12-07 11:20:00,311.16,311.16,311.14,311.14,-0.01,7766.44,2412980.03,-1
2025-12-07,2025-12-07 11:30:00,311.14,311.14,311.12,311.12,-0.01,7766.44,2412980.03,-1
2025-12-07,2025-12-07 11:40:00,311.12,311.12,311.1,311.1,-0.01,7766.44,2412980.03,-1
2025-12-07,2025-12-07 11:50:00,311.1,311.1,311.07,311.07,-0.01,7766.44,2412980.03,-1
2025-12-07,2025-12-07 12:00:00,311.07,311.07,311.05,311.05,-0.01,7766.44,2412980.03,-1
2025-12-07,2025-12-07 12:10:00,311.05,311.05,311.03,311.03,-0.01,7766.44,2412980.03,-1
2025-12-07,2025-12-07 12:20:00,311.03,311.03,311.01,311.01,-0.01,7766.44,2412980.03,-1
2025-12-07,2025-12-07 12:30:00,311.01,311.01,310.99,310.99,-0.01,7766.44,2412980.03,-1
2025-12-07,2025-12-07 12:40:00,310.99,310.99,310.97,310.97,-0.01,7766.44,2412980.03,-1
2025-12-07,2025-12-07 12:50:00,310.97,310.97,310.95,310.95,-0.01,7766.44,2412980.03,-1
2025-12-07,2025-12-07 13:00:00,310.95,319.9,307.0,310.93,-0.01,7766.44,2412980.03,-1
2025-12-07,2025-12-07 13:10:00,310.93,310.93,310.91,310.91,-0.01,7766.44,2412980.03,-1
2025-12-07,2025-12-07 13:20:00,310.91,310.91,310.89,310.89,-0.01,7766.44,2412980.03,-1
2025-12-07,2025-12-07 13:30:00,310.89,310.89,310.87,310.87,-0.01,7766.44,2412980.03,-1
2025-12-07,2025-12-07 13:40:00,310.87,310.87,310.85,310.85,-0.01,7766.44,2412980.03,-1
2025-12-07,2025-12-07 13:50:00,310.85,310.85,310.82,310.82,-0.01,7766.44,2412980.03,-1
2025-12-07,2025-12-07 14:00:00,310.82,310.82,310.8,310.8,-0.01,7766.44,2412980.03,-1
2025-12-07,2025-12-07 14:10:00,310.8,310.8,310.78,310.78,-0.01,7766.44,2412980.03,-1
2025-12-07,2025-12-07 14:20:00,310.78,310.78,310.76,310.76,-0.01,7766.44,2412980.03,-1
2025-12-07,2025-12-07 14:30:00,310.76,310.76,310.74,310.74,-0.01,7766.44,2412980.03,-1
2025-12-07,2025-12-07 14:40:00,310.74,310.74,310.72,310.72,-0.01,7766.44,2412980.03,-1
2025-12-07,2025-12-07 14:50:00,310.72,310.72,310.7,310.7,-0.01,7766.44,2412980.03,-1
2025-12-07,2025-12-07 15:00:00,310.7,319.9,307.0,310.7,0.0,7766.44,2412980.03,0
2025-12-08,2025-12-08 11:00:00,310.7,311.96,309.59,310.67,-0.01,2887.08,894811.5,-1
2025-12-08,2025-12-08 11:10:00,310.67,310.67,310.63,310.63,-0.01,2887.08,894811.5,-1
2025-12-08,2025-12-08 11:20:00,310.63,310.63,310.6,310.6,-0.01,2887.08,894811.5,-1
2025-12-08,2025-12-08 11:30:00,310.6,310.6,310.57,310.57,-0.01,2887.08,894811.5,-1
2025-12-08,2025-12-08 11:40:00,310.57,310.57,310.53,310.53,-0.01,2887.08,894811.5,-1
2025-12-08,2025-12-08 11:50:00,310.53,310.53,310.5,310.5,-0.01,2887.08,894811.5,-1
2025-12-08,2025-12-08 12:00:00,310.5,310.5,310.47,310.47,-0.01,2887.08,894811.5,-1
2025-12-08,2025-12-08 12:10:00,310.47,310.47,310.43,310.43,-0.01,2887.08,894811.5,-1
2025-12-08,2025-12-08 12:20:00,310.43,310.43,310.4,310.4,-0.01,2887.08,894811.5,-1
2025-12-08,2025-12-08 12:30:00,310.4,310.4,310.37,310.37,-0.01,2887.08,894811.5,-1
2025-12-08,2025-12-08 12:40:00,310.37,310.37,310.33,310.33,-0.01,2887.08,894811.5,-1
2025-12-08,2025-12-08 12:50:00,310.33,310.33,310.3,310.3,-0.01,2887.08,894811.5,-1
2025-12-08,2025-12-08 13:00:00,310.3,314.9,307.0,310.27,-0.01,2887.08,894811.5,-1
2025-12-08,2025-12-08 13:10:00,310.27,310.27,310.23,310.23,-0.01,2887.08,894811.5,-1
2025-12-08,2025-12-08 13:20:00,310.23,310.23,310.2,310.2,-0.01,2887.08,894811.5,-1
2025-12-08,2025-12-08 13:30:00,310.2,310.2,310.17,310.17,-0.01,2887.08,894811.5,-1
2025-12-08,2025-12-08 13:40:00,310.17,310.17,310.13,310.13,-0.01,2887.08,894811.5,-1
2025-12-08,2025-12-08 13:50:00,310.13,310.13,310.1,310.1,-0.01,2887.08,894811.5,-1
2025-12-08,2025-12-08 14:00:00,310.1,310.1,310.07,310.07,-0.01,2887.08,894811.5,-1
2025-12-08,2025-12-08 14:10:00,310.07,310.07,310.03,310.03,-0.01,2887.08,894811.5,-1
2025-12-08,2025-12-08 14:20:00,310.03,310.03,310.0,310.0,-0.01,2887.08,894811.5,-1
2025-12-08,2025-12-08 14:30:00,310.0,310.0,309.97,309.97,-0.01,2887.08,894811.5,-1
2025-12-08,2025-12-08 14:40:00,309.97,309.97,309.93,309.93,-0.01,2887.08,894811.5,-1
2025-12-08,2025-12-08 14:50:00,309.93,309.93,309.9,309.9,-0.01,2887.08,894811.5,-1
2025-12-08,2025-12-08 15:00:00,309.9,314.9,307.0,309.9,0.0,2887.08,894811.5,0
2025-12-09,2025-12-09 11:00:00,309.2,310.64,308.84,309.15,-0.02,2439.64,755080.65,-1
2025-12-09,2025-12-09 11:10:00,309.15,309.15,309.1,309.1,-0.02,2439.64,755080.65,-1
2025-12-09,2025-12-09 11:20:00,309.1,309.1,309.05,309.05,-0.02,2439.64,755080.65,-1
2025-12-09,2025-12-09 11:30:00,309.05,309.05,309.0,309.0,-0.02,2439.64,755080.65,-1
2025-12-09,2025-12-09 11:40:00,309.0,309.0,308.95,308.95,-0.02,2439.64,755080.65,-1
2025-12-09,2025-12-09 11:50:00,308.95,308.95,308.9,308.9,-0.02,2439.64,755080.65,-1
2025-12-09,2025-12-09 12:00:00,308.9,308.9,308.85,308.85,-0.02,2439.64,755080.65,-1
2025-12-09,2025-12-09 12:10:00,308.85,308.85,308.8,308.8,-0.02,2439.64,755080.65,-1
2025-12-09,2025-12-09 12:20:00,308.8,308.8,308.75,308.75,-0.02,2439.64,755080.65,-1
2025-12-09,2025-12-09 12:30:00,308.75,308.75,308.7,308.7,-0.02,2439.64,755080.65,-1
2025-12-09,2025-12-09 12:40:00,308.7,308.7,308.65,308.65,-0.02,2439.64,755080.65,-1
2025-12-09,2025-12-09 12:50:00,308.65,308.65,308.6,308.6,-0.02,2439.64,755080.65,-1
2025-12-09,2025-12-09 13:00:00,308.6,314.0,308.0,308.55,-0.02,2439.64,755080.65,-1
2025-12-09,2025-12-09 13:10:00,308.55,308.55,308.5,308.5,-0.02,2439.64,755080.65,-1
2025-12-09,2025-12-09 13:20:00,308.5,308.5,308.45,308.45,-0.02,2439.64,755080.65,-1
2025-12-09,2025-12-09 13:30:00,308.45,308.45,308.4,308.4,-0.02,2439.64,755080.65,-1
2025-12-09,2025-12-09 13:40:00,308.4,308.4,308.35,308.35,-0.02,2439.64,755080.65,-1
2025-12-09,2025-12-09 13:50:00,308.35,308.35,308.3,308.3,-0.02,2439.64,755080.65,-1
2025-12-09,2025-12-09 14:00:00,308.3,308.3,308.25,308.25,-0.02,2439.64,755080.65,-1
2025-12-09,2025-12-09 14:10:00,308.25,308.25,308.2,308.2,-0.02,2439.64,755080.65,-1
2025-12-09,2025-12-09 14:20:00,308.2,308.2,308.15,308.15,-0.02,2439.64,755080.65,-1
2025-12-09,2025-12-09 14:30:00,308.15,308.15,308.1,308.1,-0.02,2439.64,755080.65,-1
2025-12-09,2025-12-09 14:40:00,308.1,308.1,308.05,308.05,-0.02,2439.64,755080.65,-1
2025-12-09,2025-12-09 14:50:00,308.05,308.05,308.0,308.0,-0.02,2439.64,755080.65,-1
2025-12-09,2025-12-09 15:00:00,308.0,314.0,308.0,308.0,0.0,2439.64,755080.65,0
2025-12-10,2025-12-10 11:00:00,307.1,308.21,305.09,306.93,-0.06,5454.16,1656204.73,-1
2025-12-10,2025-12-10 11:10:00,306.93,306.93,306.76,306.76,-0.06,5454.16,1656204.73,-1
2025-12-10,2025-12-10 11:20:00,306.76,306.76,306.59,306.59,-0.06,5454.16,1656204.73,-1
2025-12-10,2025-12-10 11:30:00,306.59,306.59,306.42,306.42,-0.06,5454.16,1656204.73,-1
2025-12-10,2025-12-10 11:40:00,306.42,306.42,306.25,306.25,-0.06,5454.16,1656204.73,-1
2025-12-10,2025-12-10 11:50:00,306.25,306.25,306.08,306.08,-0.06,5454.16,1656204.73,-1
2025-12-10,2025-12-10 12:00:00,306.08,306.08,305.9,305.9,-0.06,5454.16,1656204.73,-1
2025-12-10,2025-12-10 12:10:00,305.9,305.9,305.73,305.73,-0.06,5454.16,1656204.73,-1
2025-12-10,2025-12-10 12:20:00,305.73,305.73,305.56,305.56,-0.06,5454.16,1656204.73,-1
2025-12-10,2025-12-10 12:30:00,305.56,305.56,305.39,305.39,-0.06,5454.16,1656204.73,-1
2025-12-10,2025-12-10 12:40:00,305.39,305.39,305.22,305.22,-0.06,5454.16,1656204.73,-1
2025-12-10,2025-12-10 12:50:00,305.22,305.22,305.05,305.05,-0.06,5454.16,1656204.73,-1
2025-12-10,2025-12-10 13:00:00,305.05,310.8,300.4,304.88,-0.06,5454.16,1656204.73,-1
2025-12-10,2025-12-10 13:10:00,304.88,304.88,304.71,304.71,-0.06,5454.16,1656204.73,-1
2025-12-10,2025-12-10 13:20:00,304.71,304.71,304.54,304.54,-0.06,5454.16,1656204.73,-1
2025-12-10,2025-12-10 13:30:00,304.54,304.54,304.37,304.37,-0.06,5454.16,1656204.73,-1
2025-12-10,2025-12-10 13:40:00,304.37,304.37,304.2,304.2,-0.06,5454.16,1656204.73,-1
2025-12-10,2025-12-10 13:50:00,304.2,304.2,304.02,304.02,-0.06,5454.16,1656204.73,-1
2025-12-10,2025-12-10 14:00:00,304.02,304.02,303.85,303.85,-0.06,5454.16,1656204.73,-1
2025-12-10,2025-12-10 14:10:00,303.85,303.85,303.68,303.68,-0.06,5454.16,1656204.73,-1
2025-12-10,2025-12-10 14:20:00,303.68,303.68,303.51,303.51,-0.06,5454.16,1656204.73,-1
2025-12-10,2025-12-10 14:30:00,303.51,303.51,303.34,303.34,-0.06,5454.16,1656204.73,-1
2025-12-10,2025-12-10 14:40:00,303.34,303.34,303.17,303.17,-0.06,5454.16,1656204.73,-1
2025-12-10,2025-12-10 14:50:00,303.17,303.17,303.0,303.0,-0.06,5454.16,1656204.73,-1
2025-12-10,2025-12-10 15:00:00,303.0,310.8,300.4,303.0,0.0,5454.16,1656204.73,0
2025-12-11,2025-12-11 11:00:00,303.0,303.6,301.53,302.88,-0.04,4819.76,1448712.98,-1
2025-12-11,2025-12-11 11:10:00,302.88,302.88,302.75,302.75,-0.04,4819.76,1448712.98,-1
2025-12-11,2025-12-11 11:20:00,302.75,302.75,302.62,302.62,-0.04,4819.76,1448712.98,-1
2025-12-11,2025-12-11 11:30:00,302.62,302.62,302.5,302.5,-0.04,4819.76,1448712.98,-1
2025-12-11,2025-12-11 11:40:00,302.5,302.5,302.38,302.38,-0.04,4819.76,1448712.98,-1
2025-12-11,2025-12-11 11:50:00,302.38,302.38,302.25,302.25,-0.04,4819.76,1448712.98,-1
2025-12-11,2025-12-11 12:00:00,302.25,302.25,302.12,302.12,-0.04,4819.76,1448712.98,-1
2025-12-11,2025-12-11 12:10:00,302.12,302.12,302.0,302.0,-0.04,4819.76,1448712.98,-1
2025-12-11,2025-12-11 12:20:00,302.0,302.0,301.88,301.88,-0.04,4819.76,1448712.98,-1
2025-12-11,2025-12-11 12:30:00,301.88,301.88,301.75,301.75,-0.04,4819.76,1448712.98,-1
2025-12-11,2025-12-11 12:40:00,301.75,301.75,301.62,301.62,-0.04,4819.76,1448712.98,-1
2025-12-11,2025-12-11 12:50:00,301.62,301.62,301.5,301.5,-0.04,4819.76,1448712.98,-1
2025-12-11,2025-12-11 13:00:00,301.5,305.0,298.1,301.38,-0.04,4819.76,1448712.98,-1
2025-12-11,2025-12-11 13:10:00,301.38,301.38,301.25,301.25,-0.04,4819.76,1448712.98,-1
2025-12-11,2025-12-11 13:20:00,301.25,301.25,301.12,301.12,-0.04,4819.76,1448712.98,-1
2025-12-11,2025-12-11 13:30:00,301.12,301.12,301.0,301.0,-0.04,4819.76,1448712.98,-1
2025-12-11,2025-12-11 13:40:00,301.0,301.0,300.88,300.88,-0.04,4819.76,1448712.98,-1
2025-12-11,2025-12-11 13:50:00,300.88,300.88,300.75,300.75,-0.04,4819.76,1448712.98,-1
2025-12-11,2025-12-11 14:00:00,300.75,300.75,300.62,300.62,-0.04,4819.76,1448712.98,-1
2025-12-11,2025-12-11 14:10:00,300.62,300.62,300.5,300.5,-0.04,4819.76,1448712.98,-1
2025-12-11,2025-12-11 14:20:00,300.5,300.5,300.38,300.38,-0.04,4819.76,1448712.98,-1
2025-12-11,2025-12-11 14:30:00,300.38,300.38,300.25,300.25,-0.04,4819.76,1448712.98,-1
2025-12-11,2025-12-11 14:40:00,300.25,300.25,300.12,300.12,-0.04,4819.76,1448712.98,-1
2025-12-11,2025-12-11 14:50:00,300.12,300.12,300.0,300.0,-0.04,4819.76,1448712.98,-1
2025-12-11,2025-12-11 15:00:00,300.0,305.0,298.1,300.0,0.0,4819.76,1448712.98,0
2025-12-14,2025-12-14 11:00:00,297.0,299.37,295.68,296.88,-0.04,3341.64,995790.1,-1
2025-12-14,2025-12-14 11:10:00,296.88,296.88,296.75,296.75,-0.04,3341.64,995790.1,-1
2025-12-14,2025-12-14 11:20:00,296.75,296.75,296.62,296.62,-0.04,3341.64,995790.1,-1
2025-12-14,2025-12-14 11:30:00,296.62,296.62,296.5,296.5,-0.04,3341.64,995790.1,-1
2025-12-14,2025-12-14 11:40:00,296.5,296.5,296.38,296.38,-0.04,3341.64,995790.1,-1
2025-12-14,2025-12-14 11:50:00,296.38,296.38,296.25,296.25,-0.04,3341.64,995790.1,-1
2025-12-14,2025-12-14 12:00:00,296.25,296.25,296.12,296.12,-0.04,3341.64,995790.1,-1
2025-12-14,2025-12-14 12:10:00,296.12,296.12,296.0,296.0,-0.04,3341.64,995790.1,-1
2025-12-14,2025-12-14 12:20:00,296.0,296.0,295.88,295.88,-0.04,3341.64,995790.1,-1
2025-12-14,2025-12-14 12:30:00,295.88,295.88,295.75,295.75,-0.04,3341.64,995790.1,-1
2025-12-14,2025-12-14 12:40:00,295.75,295.75,295.62,295.62,-0.04,3341.64,995790.1,-1
2025-12-14,2025-12-14 12:50:00,295.62,295.62,295.5,295.5,-0.04,3341.64,995790.1,-1
2025-12-14,2025-12-14 13:00:00,295.5,304.9,292.6,295.38,-0.04,3341.64,995790.1,-1
2025-12-14,2025-12-14 13:10:00,295.38,295.38,295.25,295.25,-0.04,3341.64,995790.1,-1
2025-12-14,2025-12-14 13:20:00,295.25,295.25,295.12,295.12,-0.04,3341.64,995790.1,-1
2025-12-14,2025-12-14 13:30:00,295.12,295.12,295.0,295.0,-0.04,3341.64,995790.1,-1
2025-12-14,2025-12-14 13:40:00,295.0,295.0,294.88,294.88,-0.04,3341.64,995790.1,-1
2025-12-14,2025-12-14 13:50:00,294.88,294.88,294.75,294.75,-0.04,3341.64,995790.1,-1
2025-12-14,2025-12-14 14:00:00,294.75,294.75,294.62,294.62,-0.04,3341.64,995790.1,-1
2025-12-14,2025-12-14 14:10:00,294.62,294.62,294.5,294.5,-0.04,3341.64,995790.1,-1
2025-12-14,2025-12-14 14:20:00,294.5,294.5,294.38,294.38,-0.04,3341.64,995790.1,-1
2025-12-14,2025-12-14 14:30:00,294.38,294.38,294.25,294.25,-0.04,3341.64,995790.1,-1
2025-12-14,2025-12-14 14:40:00,294.25,294.25,294.12,294.12,-0.04,3341.64,995790.1,-1
2025-12-14,2025-12-14 14:50:00,294.12,294.12,294.0,294.0,-0.04,3341.64,995790.1,-1
2025-12-14,2025-12-14 15:00:00,294.0,304.9,292.6,294.0,0.0,3341.64,995790.1,0
2025-12-15,2025-12-15 11:00:00,294.0,295.2,292.8,293.93,-0.02,2359.44,694061.76,-1
2025-12-15,2025-12-15 11:10:00,293.93,293.93,293.85,293.85,-0.03,2359.44,694061.76,-1
2025-12-15,2025-12-15 11:20:00,293.85,293.85,293.77,293.77,-0.03,2359.44,694061.76,-1
2025-12-15,2025-12-15 11:30:00,293.77,293.77,293.7,293.7,-0.02,2359.44,694061.76,-1
2025-12-15,2025-12-15 11:40:00,293.7,293.7,293.62,293.62,-0.03,2359.44,694061.76,-1
2025-12-15,2025-12-15 11:50:00,293.62,293.62,293.55,293.55,-0.02,2359.44,694061.76,-1
2025-12-15,2025-12-15 12:00:00,293.55,293.55,293.48,293.48,-0.02,2359.44,694061.76,-1
2025-12-15,2025-12-15 12:10:00,293.48,293.48,293.4,293.4,-0.03,2359.44,694061.76,-1
2025-12-15,2025-12-15 12:20:00,293.4,293.4,293.32,293.32,-0.03,2359.44,694061.76,-1
2025-12-15,2025-12-15 12:30:00,293.32,293.32,293.25,293.25,-0.02,2359.44,694061.76,-1
2025-12-15,2025-12-15 12:40:00,293.25,293.25,293.18,293.18,-0.02,2359.44,694061.76,-1
2025-12-15,2025-12-15 12:50:00,293.18,293.18,293.1,293.1,-0.03,2359.44,694061.76,-1
2025-12-15,2025-12-15 13:00:00,293.1,298.0,290.0,293.02,-0.03,2359.44,694061.76,-1
2025-12-15,2025-12-15 13:10:00,293.02,293.02,292.95,292.95,-0.02,2359.44,694061.76,-1
2025-12-15,2025-12-15 13:20:00,292.95,292.95,292.88,292.88,-0.02,2359.44,694061.76,-1
2025-12-15,2025-12-15 13:30:00,292.88,292.88,292.8,292.8,-0.03,2359.44,694061.76,-1
2025-12-15,2025-12-15 13:40:00,292.8,292.8,292.72,292.72,-0.03,2359.44,694061.76,-1
2025-12-15,2025-12-15 13:50:00,292.72,292.72,292.65,292.65,-0.02,2359.44,694061.76,-1
2025-12-15,2025-12-15 14:00:00,292.65,292.65,292.57,292.57,-0.03,2359.44,694061.76,-1
2025-12-15,2025-12-15 14:10:00,292.57,292.57,292.5,292.5,-0.02,2359.44,694061.76,-1
2025-12-15,2025-12-15 14:20:00,292.5,292.5,292.43,292.43,-0.02,2359.44,694061.76,-1
2025-12-15,2025-12-15 14:30:00,292.43,292.43,292.35,292.35,-0.03,2359.44,694061.76,-1
2025-12-15,2025-12-15 14:40:00,292.35,292.35,292.27,292.27,-0.03,2359.44,694061.76,-1
2025-12-15,2025-12-15 14:50:00,292.27,292.27,292.2,292.2,-0.02,2359.44,694061.76,-1
2025-12-15,2025-12-15 15:00:00,292.2,298.0,290.0,292.2,0.0,2359.44,694061.76,0
2025-12-16,2025-12-16 11:00:00,292.0,293.74,292.0,292.17,0.06,2456.08,721828.66,1
2025-12-16,2025-12-16 11:10:00,292.17,292.33,292.17,292.33,0.05,2456.08,721828.66,1
2025-12-16,2025-12-16 11:20:00,292.33,292.5,292.33,292.5,0.06,2456.08,721828.66,1
2025-12-16,2025-12-16 11:30:00,292.5,292.67,292.5,292.67,0.06,2456.08,721828.66,1
2025-12-16,2025-12-16 11:40:00,292.67,292.83,292.67,292.83,0.05,2456.08,721828.66,1
2025-12-16,2025-12-16 11:50:00,292.83,293.0,292.83,293.0,0.06,2456.08,721828.66,1
2025-12-16,2025-12-16 12:00:00,293.0,293.17,293.0,293.17,0.06,2456.08,721828.66,1
2025-12-16,2025-12-16 12:10:00,293.17,293.33,293.17,293.33,0.05,2456.08,721828.66,1
2025-12-16,2025-12-16 12:20:00,293.33,293.5,293.33,293.5,0.06,2456.08,721828.66,1
2025-12-16,2025-12-16 12:30:00,293.5,293.67,293.5,293.67,0.06,2456.08,721828.66,1
2025-12-16,2025-12-16 12:40:00,293.67,293.83,293.67,293.83,0.05,2456.08,721828.66,1
2025-12-16,2025-12-16 12:50:00,293.83,294.0,293.83,294.0,0.06,2456.08,721828.66,1
2025-12-16,2025-12-16 13:00:00,294.0,297.8,292.0,294.17,0.06,2456.08,721828.66,1
2025-12-16,2025-12-16 13:10:00,294.17,294.33,294.17,294.33,0.05,2456.08,721828.66,1
2025-12-16,2025-12-16 13:20:00,294.33,294.5,294.33,294.5,0.06,2456.08,721828.66,1
2025-12-16,2025-12-16 13:30:00,294.5,294.67,294.5,294.67,0.06,2456.08,721828.66,1
2025-12-16,2025-12-16 13:40:00,294.67,294.83,294.67,294.83,0.05,2456.08,721828.66,1
2025-12-16,2025-12-16 13:50:00,294.83,295.0,294.83,295.0,0.06,2456.08,721828.66,1
2025-12-16,2025-12-16 14:00:00,295.0,295.17,295.0,295.17,0.06,2456.08,721828.66,1
2025-12-16,2025-12-16 14:10:00,295.17,295.33,295.17,295.33,0.05,2456.08,721828.66,1
2025-12-16,2025-12-16 14:20:00,295.33,295.5,295.33,295.5,0.06,2456.08,721828.66,1
2025-12-16,2025-12-16 14:30:00,295.5,295.67,295.5,295.67,0.06,2456.08,721828.66,1
2025-12-16,2025-12-16 14:40:00,295.67,295.83,295.67,295.83,0.05,2456.08,721828.66,1
2025-12-16,2025-12-16 14:50:00,295.83,296.0,295.83,296.0,0.06,2456.08,721828.66,1
2025-12-16,2025-12-16 15:00:00,296.0,297.8,292.0,296.0,0.0,2456.08,721828.66,0
2025-12-17,2025-12-17 11:00:00,295.0,297.07,295.0,295.06,0.02,1956.12,581674.24,1
2025-12-17,2025-12-17 11:10:00,295.06,295.12,295.06,295.12,0.02,1956.12,581674.24,1
2025-12-17,2025-12-17 11:20:00,295.12,295.19,295.12,295.19,0.02,1956.12,581674.24,1
2025-12-17,2025-12-17 11:30:00,295.19,295.25,295.19,295.25,0.02,1956.12,581674.24,1
2025-12-17,2025-12-17 11:40:00,295.25,295.31,295.25,295.31,0.02,1956.12,581674.24,1
2025-12-17,2025-12-17 11:50:00,295.31,295.38,295.31,295.38,0.02,1956.12,581674.24,1
2025-12-17,2025-12-17 12:00:00,295.38,295.44,295.38,295.44,0.02,1956.12,581674.24,1
2025-12-17,2025-12-17 12:10:00,295.44,295.5,295.44,295.5,0.02,1956.12,581674.24,1
2025-12-17,2025-12-17 12:20:00,295.5,295.56,295.5,295.56,0.02,1956.12,581674.24,1
2025-12-17,2025-12-17 12:30:00,295.56,295.62,295.56,295.62,0.02,1956.12,581674.24,1
2025-12-17,2025-12-17 12:40:00,295.62,295.69,295.62,295.69,0.02,1956.12,581674.24,1
2025-12-17,2025-12-17 12:50:00,295.69,295.75,295.69,295.75,0.02,1956.12,581674.24,1
2025-12-17,2025-12-17 13:00:00,295.75,301.9,295.0,295.81,0.02,1956.12,581674.24,1
2025-12-17,2025-12-17 13:10:00,295.81,295.88,295.81,295.88,0.02,1956.12,581674.24,1
2025-12-17,2025-12-17 13:20:00,295.88,295.94,295.88,295.94,0.02,1956.12,581674.24,1
2025-12-17,2025-12-17 13:30:00,295.94,296.0,295.94,296.0,0.02,1956.12,581674.24,1
2025-12-17,2025-12-17 13:40:00,296.0,296.06,296.0,296.06,0.02,1956.12,581674.24,1
2025-12-17,2025-12-17 13:50:00,296.06,296.12,296.06,296.12,0.02,1956.12,581674.24,1
2025-12-17,2025-12-17 14:00:00,296.12,296.19,296.12,296.19,0.02,1956.12,581674.24,1
2025-12-17,2025-12-17 14:10:00,296.19,296.25,296.19,296.25,0.02,1956.12,581674.24,1
2025-12-17,2025-12-17 14:20:00,296.25,296.31,296.25,296.31,0.02,1956.12,581674.24,1
2025-12-17,2025-12-17 14:30:00,296.31,296.38,296.31,296.38,0.02,1956.12,581674.24,1
2025-12-17,2025-12-17 14:40:00,296.38,296.44,296.38,296.44,0.02,1956.12,581674.24,1
2025-12-17,2025-12-17 14:50:00,296.44,296.5,296.44,296.5,0.02,1956.12,581674.24,1
2025-12-17,2025-12-17 15:00:00,296.5,301.9,295.0,296.5,0.0,1956.12,581674.24,0
2025-12-18,2025-12-18 11:00:00,295.0,297.22,294.1,294.88,-0.04,1656.4,486928.83,-1
2025-12-18,2025-12-18 11:10:00,294.88,294.88,294.76,294.76,-0.04,1656.4,486928.83,-1
2025-12-18,2025-12-18 11:20:00,294.76,294.76,294.64,294.64,-0.04,1656.4,486928.83,-1
2025-12-18,2025-12-18 11:30:00,294.64,294.64,294.52,294.52,-0.04,1656.4,486928.83,-1
2025-12-18,2025-12-18 11:40:00,294.52,294.52,294.4,294.4,-0.04,1656.4,486928.83,-1
2025-12-18,2025-12-18 11:50:00,294.4,294.4,294.27,294.27,-0.04,1656.4,486928.83,-1
2025-12-18,2025-12-18 12:00:00,294.27,294.27,294.15,294.15,-0.04,1656.4,486928.83,-1
2025-12-18,2025-12-18 12:10:00,294.15,294.15,294.03,294.03,-0.04,1656.4,486928.83,-1
2025-12-18,2025-12-18 12:20:00,294.03,294.03,293.91,293.91,-0.04,1656.4,486928.83,-1
2025-12-18,2025-12-18 12:30:00,293.91,293.91,293.79,293.79,-0.04,1656.4,486928.83,-1
2025-12-18,2025-12-18 12:40:00,293.79,293.79,293.67,293.67,-0.04,1656.4,486928.83,-1
2025-12-18,2025-12-18 12:50:00,293.67,293.67,293.55,293.55,-0.04,1656.4,486928.83,-1
2025-12-18,2025-12-18 13:00:00,293.55,302.4,292.0,293.43,-0.04,1656.4,486928.83,-1
2025-12-18,2025-12-18 13:10:00,293.43,293.43,293.31,293.31,-0.04,1656.4,486928.83,-1
2025-12-18,2025-12-18 13:20:00,293.31,293.31,293.19,293.19,-0.04,1656.4,486928.83,-1
2025-12-18,2025-12-18 13:30:00,293.19,293.19,293.07,293.07,-0.04,1656.4,486928.83,-1
2025-12-18,2025-12-18 13:40:00,293.07,293.07,292.95,292.95,-0.04,1656.4,486928.83,-1
2025-12-18,2025-12-18 13:50:00,292.95,292.95,292.83,292.83,-0.04,1656.4,486928.83,-1
2025-12-18,2025-12-18 14:00:00,292.83,292.83,292.7,292.7,-0.04,1656.4,486928.83,-1
2025-12-18,2025-12-18 14:10:00,292.7,292.7,292.58,292.58,-0.04,1656.4,486928.83,-1
2025-12-18,2025-12-18 14:20:00,292.58,292.58,292.46,292.46,-0.04,1656.4,486928.83,-1
2025-12-18,2025-12-18 14:30:00,292.46,292.46,292.34,292.34,-0.04,1656.4,486928.83,-1
2025-12-18,2025-12-18 14:40:00,292.34,292.34,292.22,292.22,-0.04,1656.4,486928.83,-1
2025-12-18,2025-12-18 14:50:00,292.22,292.22,292.1,292.1,-0.04,1656.4,486928.83,-1
2025-12-18,2025-12-18 15:00:00,292.1,302.4,292.0,292.1,0.0,1656.4,486928.83,0
2025-12-21,2025-12-21 11:00:00,288.0,288.6,284.16,287.7,-0.1,4989.44,1409456.71,-1
2025-12-21,2025-12-21 11:10:00,287.7,287.7,287.41,287.41,-0.1,4989.44,1409456.71,-1
2025-12-21,2025-12-21 11:20:00,287.41,287.41,287.11,287.11,-0.1,4989.44,1409456.71,-1
2025-12-21,2025-12-21 11:30:00,287.11,287.11,286.82,286.82,-0.1,4989.44,1409456.71,-1
2025-12-21,2025-12-21 11:40:00,286.82,286.82,286.52,286.52,-0.1,4989.44,1409456.71,-1
2025-12-21,2025-12-21 11:50:00,286.52,286.52,286.23,286.23,-0.1,4989.44,1409456.71,-1
2025-12-21,2025-12-21 12:00:00,286.23,286.23,285.93,285.93,-0.1,4989.44,1409456.71,-1
2025-12-21,2025-12-21 12:10:00,285.93,285.93,285.63,285.63,-0.1,4989.44,1409456.71,-1
2025-12-21,2025-12-21 12:20:00,285.63,285.63,285.34,285.34,-0.1,4989.44,1409456.71,-1
2025-12-21,2025-12-21 12:30:00,285.34,285.34,285.04,285.04,-0.11,4989.44,1409456.71,-1
2025-12-21,2025-12-21 12:40:00,285.04,285.04,284.75,284.75,-0.1,4989.44,1409456.71,-1
2025-12-21,2025-12-21 12:50:00,284.75,284.75,284.45,284.45,-0.11,4989.44,1409456.71,-1
2025-12-21,2025-12-21 13:00:00,284.45,290.0,275.2,284.15,-0.11,4989.44,1409456.71,-1
2025-12-21,2025-12-21 13:10:00,284.15,284.15,283.86,283.86,-0.1,4989.44,1409456.71,-1
2025-12-21,2025-12-21 13:20:00,283.86,283.86,283.56,283.56,-0.11,4989.44,1409456.71,-1
2025-12-21,2025-12-21 13:30:00,283.56,283.56,283.27,283.27,-0.1,4989.44,1409456.71,-1
2025-12-21,2025-12-21 13:40:00,283.27,283.27,282.97,282.97,-0.11,4989.44,1409456.71,-1
2025-12-21,2025-12-21 13:50:00,282.97,282.97,282.67,282.67,-0.11,4989.44,1409456.71,-1
2025-12-21,2025-12-21 14:00:00,282.67,282.67,282.38,282.38,-0.1,4989.44,1409456.71,-1
2025-12-21,2025-12-21 14:10:00,282.38,282.38,282.08,282.08,-0.11,4989.44,1409456.71,-1
2025-12-21,2025-12-21 14:20:00,282.08,282.08,281.79,281.79,-0.1,4989.44,1409456.71,-1
2025-12-21,2025-12-21 14:30:00,281.79,281.79,281.49,281.49,-0.11,4989.44,1409456.71,-1
2025-12-21,2025-12-21 14:40:00,281.49,281.49,281.2,281.2,-0.1,4989.44,1409456.71,-1
2025-12-21,2025-12-21 14:50:00,281.2,281.2,280.9,280.9,-0.11,4989.44,1409456.71,-1
2025-12-21,2025-12-21 15:00:00,280.9,290.0,275.2,280.9,0.0,4989.44,1409456.71,0
2025-12-22,2025-12-22 11:00:00,282.0,282.75,280.08,281.75,-0.09,2403.0,666692.12,-1
2025-12-22,2025-12-22 11:10:00,281.75,281.75,281.5,281.5,-0.09,2403.0,666692.12,-1
2025-12-22,2025-12-22 11:20:00,281.5,281.5,281.25,281.25,-0.09,2403.0,666692.12,-1
2025-12-22,2025-12-22 11:30:00,281.25,281.25,281.0,281.0,-0.09,2403.0,666692.12,-1
2025-12-22,2025-12-22 11:40:00,281.0,281.0,280.75,280.75,-0.09,2403.0,666692.12,-1
2025-12-22,2025-12-22 11:50:00,280.75,280.75,280.5,280.5,-0.09,2403.0,666692.12,-1
2025-12-22,2025-12-22 12:00:00,280.5,280.5,280.25,280.25,-0.09,2403.0,666692.12,-1
2025-12-22,2025-12-22 12:10:00,280.25,280.25,280.0,280.0,-0.09,2403.0,666692.12,-1
2025-12-22,2025-12-22 12:20:00,280.0,280.0,279.75,279.75,-0.09,2403.0,666692.12,-1
2025-12-22,2025-12-22 12:30:00,279.75,279.75,279.5,279.5,-0.09,2403.0,666692.12,-1
2025-12-22,2025-12-22 12:40:00,279.5,279.5,279.25,279.25,-0.09,2403.0,666692.12,-1
2025-12-22,2025-12-22 12:50:00,279.25,279.25,279.0,279.0,-0.09,2403.0,666692.12,-1
2025-12-22,2025-12-22 13:00:00,279.0,284.5,275.6,278.75,-0.09,2403.0,666692.12,-1
2025-12-22,2025-12-22 13:10:00,278.75,278.75,278.5,278.5,-0.09,2403.0,666692.12,-1
2025-12-22,2025-12-22 13:20:00,278.5,278.5,278.25,278.25,-0.09,2403.0,666692.12,-1
2025-12-22,2025-12-22 13:30:00,278.25,278.25,278.0,278.0,-0.09,2403.0,666692.12,-1
2025-12-22,2025-12-22 13:40:00,278.0,278.0,277.75,277.75,-0.09,2403.0,666692.12,-1
2025-12-22,2025-12-22 13:50:00,277.75,277.75,277.5,277.5,-0.09,2403.0,666692.12,-1
2025-12-22,2025-12-22 14:00:00,277.5,277.5,277.25,277.25,-0.09,2403.0,666692.12,-1
2025-12-22,2025-12-22 14:10:00,277.25,277.25,277.0,277.0,-0.09,2403.0,666692.12,-1
2025-12-22,2025-12-22 14:20:00,277.0,277.0,276.75,276.75,-0.09,2403.0,666692.12,-1
2025-12-22,2025-12-22 14:30:00,276.75,276.75,276.5,276.5,-0.09,2403.0,666692.12,-1
2025-12-22,2025-12-22 14:40:00,276.5,276.5,276.25,276.25,-0.09,2403.0,666692.12,-1
2025-12-22,2025-12-22 14:50:00,276.25,276.25,276.0,276.0,-0.09,2403.0,666692.12,-1
2025-12-22,2025-12-22 15:00:00,276.0,284.5,275.6,276.0,0.0,2403.0,666692.12,0
2025-12-23,2025-12-23 11:00:00,280.8,280.8,277.86,280.44,-0.13,1723.24,470515.42,-1
2025-12-23,2025-12-23 11:10:00,280.44,280.44,280.08,280.08,-0.13,1723.24,470515.42,-1
2025-12-23,2025-12-23 11:20:00,280.08,280.08,279.73,279.73,-0.12,1723.24,470515.42,-1
2025-12-23,2025-12-23 11:30:00,279.73,279.73,279.37,279.37,-0.13,1723.24,470515.42,-1
2025-12-23,2025-12-23 11:40:00,279.37,279.37,279.01,279.01,-0.13,1723.24,470515.42,-1
2025-12-23,2025-12-23 11:50:00,279.01,279.01,278.65,278.65,-0.13,1723.24,470515.42,-1
2025-12-23,2025-12-23 12:00:00,278.65,278.65,278.29,278.29,-0.13,1723.24,470515.42,-1
2025-12-23,2025-12-23 12:10:00,278.29,278.29,277.93,277.93,-0.13,1723.24,470515.42,-1
2025-12-23,2025-12-23 12:20:00,277.93,277.93,277.57,277.57,-0.13,1723.24,470515.42,-1
2025-12-23,2025-12-23 12:30:00,277.57,277.57,277.22,277.22,-0.13,1723.24,470515.42,-1
2025-12-23,2025-12-23 12:40:00,277.22,277.22,276.86,276.86,-0.13,1723.24,470515.42,-1
2025-12-23,2025-12-23 12:50:00,276.86,276.86,276.5,276.5,-0.13,1723.24,470515.42,-1
2025-12-23,2025-12-23 13:00:00,276.5,280.8,271.0,276.14,-0.13,1723.24,470515.42,-1
2025-12-23,2025-12-23 13:10:00,276.14,276.14,275.78,275.78,-0.13,1723.24,470515.42,-1
2025-12-23,2025-12-23 13:20:00,275.78,275.78,275.43,275.43,-0.13,1723.24,470515.42,-1
2025-12-23,2025-12-23 13:30:00,275.43,275.43,275.07,275.07,-0.13,1723.24,470515.42,-1
2025-12-23,2025-12-23 13:40:00,275.07,275.07,274.71,274.71,-0.13,1723.24,470515.42,-1
2025-12-23,2025-12-23 13:50:00,274.71,274.71,274.35,274.35,-0.13,1723.24,470515.42,-1
2025-12-23,2025-12-23 14:00:00,274.35,274.35,273.99,273.99,-0.13,1723.24,470515.42,-1
2025-12-23,2025-12-23 14:10:00,273.99,273.99,273.63,273.63,-0.13,1723.24,470515.42,-1
2025-12-23,2025-12-23 14:20:00,273.63,273.63,273.27,273.27,-0.13,1723.24,470515.42,-1
2025-12-23,2025-12-23 14:30:00,273.27,273.27,272.92,272.92,-0.13,1723.24,470515.42,-1
2025-12-23,2025-12-23 14:40:00,272.92,272.92,272.56,272.56,-0.13,1723.24,470515.42,-1
2025-12-23,2025-12-23 14:50:00,272.56,272.56,272.2,272.2,-0.13,1723.24,470515.42,-1
2025-12-23,2025-12-23 15:00:00,272.2,280.8,271.0,272.2,0.0,1723.24,470515.42,0
2025-12-24,2025-12-24 11:00:00,273.0,273.6,272.43,272.92,-0.03,1238.08,338016.71,-1
2025-12-24,2025-12-24 11:10:00,272.92,272.92,272.84,272.84,-0.03,1238.08,338016.71,-1
2025-12-24,2025-12-24 11:20:00,272.84,272.84,272.76,272.76,-0.03,1238.08,338016.71,-1
2025-12-24,2025-12-24 11:30:00,272.76,272.76,272.68,272.68,-0.03,1238.08,338016.71,-1
2025-12-24,2025-12-24 11:40:00,272.68,272.68,272.6,272.6,-0.03,1238.08,338016.71,-1
2025-12-24,2025-12-24 11:50:00,272.6,272.6,272.52,272.52,-0.03,1238.08,338016.71,-1
2025-12-24,2025-12-24 12:00:00,272.52,272.52,272.45,272.45,-0.03,1238.08,338016.71,-1
2025-12-24,2025-12-24 12:10:00,272.45,272.45,272.37,272.37,-0.03,1238.08,338016.71,-1
2025-12-24,2025-12-24 12:20:00,272.37,272.37,272.29,272.29,-0.03,1238.08,338016.71,-1
2025-12-24,2025-12-24 12:30:00,272.29,272.29,272.21,272.21,-0.03,1238.08,338016.71,-1
2025-12-24,2025-12-24 12:40:00,272.21,272.21,272.13,272.13,-0.03,1238.08,338016.71,-1
2025-12-24,2025-12-24 12:50:00,272.13,272.13,272.05,272.05,-0.03,1238.08,338016.71,-1
2025-12-24,2025-12-24 13:00:00,272.05,275.0,271.1,271.97,-0.03,1238.08,338016.71,-1
2025-12-24,2025-12-24 13:10:00,271.97,271.97,271.89,271.89,-0.03,1238.08,338016.71,-1
2025-12-24,2025-12-24 13:20:00,271.89,271.89,271.81,271.81,-0.03,1238.08,338016.71,-1
2025-12-24,2025-12-24 13:30:00,271.81,271.81,271.73,271.73,-0.03,1238.08,338016.71,-1
2025-12-24,2025-12-24 13:40:00,271.73,271.73,271.65,271.65,-0.03,1238.08,338016.71,-1
2025-12-24,2025-12-24 13:50:00,271.65,271.65,271.58,271.58,-0.03,1238.08,338016.71,-1
2025-12-24,2025-12-24 14:00:00,271.58,271.58,271.5,271.5,-0.03,1238.08,338016.71,-1
2025-12-24,2025-12-24 14:10:00,271.5,271.5,271.42,271.42,-0.03,1238.08,338016.71,-1
2025-12-24,2025-12-24 14:20:00,271.42,271.42,271.34,271.34,-0.03,1238.08,338016.71,-1
2025-12-24,2025-12-24 14:30:00,271.34,271.34,271.26,271.26,-0.03,1238.08,338016.71,-1
2025-12-24,2025-12-24 14:40:00,271.26,271.26,271.18,271.18,-0.03,1238.08,338016.71,-1
2025-12-24,2025-12-24 14:50:00,271.18,271.18,271.1,271.1,-0.03,1238.08,338016.71,-1
2025-12-24,2025-12-24 15:00:00,271.1,275.0,271.1,271.1,0.0,1238.08,338016.71,0
2025-12-28,2025-12-28 11:00:00,276.3,280.71,275.31,276.87,0.21,2897.52,826162.47,1
2025-12-28,2025-12-28 11:10:00,276.87,277.44,276.87,277.44,0.21,2897.52,826162.47,1
2025-12-28,2025-12-28 11:20:00,277.44,278.01,277.44,278.01,0.21,2897.52,826162.47,1
2025-12-28,2025-12-28 11:30:00,278.01,278.58,278.01,278.58,0.21,2897.52,826162.47,1
2025-12-28,2025-12-28 11:40:00,278.58,279.15,278.58,279.15,0.2,2897.52,826162.47,1
2025-12-28,2025-12-28 11:50:00,279.15,279.73,279.15,279.73,0.21,2897.52,826162.47,1
2025-12-28,2025-12-28 12:00:00,279.73,280.3,279.73,280.3,0.2,2897.52,826162.47,1
2025-12-28,2025-12-28 12:10:00,280.3,280.87,280.3,280.87,0.2,2897.52,826162.47,1
2025-12-28,2025-12-28 12:20:00,280.87,281.44,280.87,281.44,0.2,2897.52,826162.47,1
2025-12-28,2025-12-28 12:30:00,281.44,282.01,281.44,282.01,0.2,2897.52,826162.47,1
2025-12-28,2025-12-28 12:40:00,282.01,282.58,282.01,282.58,0.2,2897.52,826162.47,1
2025-12-28,2025-12-28 12:50:00,282.58,283.15,282.58,283.15,0.2,2897.52,826162.47,1
2025-12-28,2025-12-28 13:00:00,283.15,291.0,273.0,283.72,0.2,2897.52,826162.47,1
2025-12-28,2025-12-28 13:10:00,283.72,284.29,283.72,284.29,0.2,2897.52,826162.47,1
2025-12-28,2025-12-28 13:20:00,284.29,284.86,284.29,284.86,0.2,2897.52,826162.47,1
2025-12-28,2025-12-28 13:30:00,284.86,285.43,284.86,285.43,0.2,2897.52,826162.47,1
2025-12-28,2025-12-28 13:40:00,285.43,286.0,285.43,286.0,0.2,2897.52,826162.47,1
2025-12-28,2025-12-28 13:50:00,286.0,286.57,286.0,286.57,0.2,2897.52,826162.47,1
2025-12-28,2025-12-28 14:00:00,286.57,287.15,286.57,287.15,0.2,2897.52,826162.47,1
2025-12-28,2025-12-28 14:10:00,287.15,287.72,287.15,287.72,0.2,2897.52,826162.47,1
2025-12-28,2025-12-28 14:20:00,287.72,288.29,287.72,288.29,0.2,2897.52,826162.47,1
2025-12-28,2025-12-28 14:30:00,288.29,288.86,288.29,288.86,0.2,2897.52,826162.47,1
2025-12-28,2025-12-28 14:40:00,288.86,289.43,288.86,289.43,0.2,2897.52,826162.47,1
2025-12-28,2025-12-28 14:50:00,289.43,290.0,289.43,290.0,0.2,2897.52,826162.47,1
2025-12-28,2025-12-28 15:00:00,290.0,291.0,273.0,290.0,0.0,2897.52,826162.47,0
2025-12-29,2025-12-29 11:00:00,290.0,292.1,288.92,289.85,-0.05,2725.0,793196.95,-1
2025-12-29,2025-12-29 11:10:00,289.85,289.85,289.7,289.7,-0.05,2725.0,793196.95,-1
2025-12-29,2025-12-29 11:20:00,289.7,289.7,289.55,289.55,-0.05,2725.0,793196.95,-1
2025-12-29,2025-12-29 11:30:00,289.55,289.55,289.4,289.4,-0.05,2725.0,793196.95,-1
2025-12-29,2025-12-29 11:40:00,289.4,289.4,289.25,289.25,-0.05,2725.0,793196.95,-1
2025-12-29,2025-12-29 11:50:00,289.25,289.25,289.1,289.1,-0.05,2725.0,793196.95,-1
2025-12-29,2025-12-29 12:00:00,289.1,289.1,288.95,288.95,-0.05,2725.0,793196.95,-1
2025-12-29,2025-12-29 12:10:00,288.95,288.95,288.8,288.8,-0.05,2725.0,793196.95,-1
2025-12-29,2025-12-29 12:20:00,288.8,288.8,288.65,288.65,-0.05,2725.0,793196.95,-1
2025-12-29,2025-12-29 12:30:00,288.65,288.65,288.5,288.5,-0.05,2725.0,793196.95,-1
2025-12-29,2025-12-29 12:40:00,288.5,288.5,288.35,288.35,-0.05,2725.0,793196.95,-1
2025-12-29,2025-12-29 12:50:00,288.35,288.35,288.2,288.2,-0.05,2725.0,793196.95,-1
2025-12-29,2025-12-29 13:00:00,288.2,297.0,286.4,288.05,-0.05,2725.0,793196.95,-1
2025-12-29,2025-12-29 13:10:00,288.05,288.05,287.9,287.9,-0.05,2725.0,793196.95,-1
2025-12-29,2025-12-29 13:20:00,287.9,287.9,287.75,287.75,-0.05,2725.0,793196.95,-1
2025-12-29,2025-12-29 13:30:00,287.75,287.75,287.6,287.6,-0.05,2725.0,793196.95,-1
2025-12-29,2025-12-29 13:40:00,287.6,287.6,287.45,287.45,-0.05,2725.0,793196.95,-1
2025-12-29,2025-12-29 13:50:00,287.45,287.45,287.3,287.3,-0.05,2725.0,793196.95,-1
2025-12-29,2025-12-29 14:00:00,287.3,287.3,287.15,287.15,-0.05,2725.0,793196.95,-1
2025-12-29,2025-12-29 14:10:00,287.15,287.15,287.0,287.0,-0.05,2725.0,793196.95,-1
2025-12-29,2025-12-29 14:20:00,287.0,287.0,286.85,286.85,-0.05,2725.0,793196.95,-1
2025-12-29,2025-12-29 14:30:00,286.85,286.85,286.7,286.7,-0.05,2725.0,793196.95,-1
2025-12-29,2025-12-29 14:40:00,286.7,286.7,286.55,286.55,-0.05,2725.0,793196.95,-1
2025-12-29,2025-12-29 14:50:00,286.55,286.55,286.4,286.4,-0.05,2725.0,793196.95,-1
2025-12-29,2025-12-29 15:00:00,286.4,297.0,286.4,286.4,0.0,2725.0,793196.95,0
2025-12-31,2025-12-31 11:00:00,290.0,290.6,288.83,289.84,-0.06,1080.12,312254.68,-1
2025-12-31,2025-12-31 11:10:00,289.84,289.84,289.68,289.68,-0.06,1080.12,312254.68,-1
2025-12-31,2025-12-31 11:20:00,289.68,289.68,289.51,289.51,-0.06,1080.12,312254.68,-1
2025-12-31,2025-12-31 11:30:00,289.51,289.51,289.35,289.35,-0.06,1080.12,312254.68,-1
2025-12-31,2025-12-31 11:40:00,289.35,289.35,289.19,289.19,-0.06,1080.12,312254.68,-1
2025-12-31,2025-12-31 11:50:00,289.19,289.19,289.02,289.02,-0.06,1080.12,312254.68,-1
2025-12-31,2025-12-31 12:00:00,289.02,289.02,288.86,288.86,-0.06,1080.12,312254.68,-1
2025-12-31,2025-12-31 12:10:00,288.86,288.86,288.7,288.7,-0.06,1080.12,312254.68,-1
2025-12-31,2025-12-31 12:20:00,288.7,288.7,288.54,288.54,-0.06,1080.12,312254.68,-1
2025-12-31,2025-12-31 12:30:00,288.54,288.54,288.38,288.38,-0.06,1080.12,312254.68,-1
2025-12-31,2025-12-31 12:40:00,288.38,288.38,288.21,288.21,-0.06,1080.12,312254.68,-1
2025-12-31,2025-12-31 12:50:00,288.21,288.21,288.05,288.05,-0.06,1080.12,312254.68,-1
2025-12-31,2025-12-31 13:00:00,288.05,292.0,286.1,287.89,-0.06,1080.12,312254.68,-1
2025-12-31,2025-12-31 13:10:00,287.89,287.89,287.73,287.73,-0.06,1080.12,312254.68,-1
2025-12-31,2025-12-31 13:20:00,287.73,287.73,287.56,287.56,-0.06,1080.12,312254.68,-1
2025-12-31,2025-12-31 13:30:00,287.56,287.56,287.4,287.4,-0.06,1080.12,312254.68,-1
2025-12-31,2025-12-31 13:40:00,287.4,287.4,287.24,287.24,-0.06,1080.12,312254.68,-1
2025-12-31,2025-12-31 13:50:00,287.24,287.24,287.08,287.08,-0.06,1080.12,312254.68,-1
2025-12-31,2025-12-31 14:00:00,287.08,287.08,286.91,286.91,-0.06,1080.12,312254.68,-1
2025-12-31,2025-12-31 14:10:00,286.91,286.91,286.75,286.75,-0.06,1080.12,312254.68,-1
2025-12-31,2025-12-31 14:20:00,286.75,286.75,286.59,286.59,-0.06,1080.12,312254.68,-1
2025-12-31,2025-12-31 14:30:00,286.59,286.59,286.43,286.43,-0.06,1080.12,312254.68,-1
2025-12-31,2025-12-31 14:40:00,286.43,286.43,286.26,286.26,-0.06,1080.12,312254.68,-1
2025-12-31,2025-12-31 14:50:00,286.26,286.26,286.1,286.1,-0.06,1080.12,312254.68,-1
2025-12-31,2025-12-31 15:00:00,286.1,292.0,286.1,286.1,0.0,1080.12,312254.68,0
2026-01-01,2026-01-01 11:00:00,285.0,285.0,283.5,284.83,-0.06,1748.24,491616.28,-1
2026-01-01,2026-01-01 11:10:00,284.83,284.83,284.67,284.67,-0.06,1748.24,491616.28,-1
2026-01-01,2026-01-01 11:20:00,284.67,284.67,284.5,284.5,-0.06,1748.24,491616.28,-1
2026-01-01,2026-01-01 11:30:00,284.5,284.5,284.33,284.33,-0.06,1748.24,491616.28,-1
2026-01-01,2026-01-01 11:40:00,284.33,284.33,284.17,284.17,-0.06,1748.24,491616.28,-1
2026-01-01,2026-01-01 11:50:00,284.17,284.17,284.0,284.0,-0.06,1748.24,491616.28,-1
2026-01-01,2026-01-01 12:00:00,284.0,284.0,283.83,283.83,-0.06,1748.24,491616.28,-1
2026-01-01,2026-01-01 12:10:00,283.83,283.83,283.67,283.67,-0.06,1748.24,491616.28,-1
2026-01-01,2026-01-01 12:20:00,283.67,283.67,283.5,283.5,-0.06,1748.24,491616.28,-1
2026-01-01,2026-01-01 12:30:00,283.5,283.5,283.33,283.33,-0.06,1748.24,491616.28,-1
2026-01-01,2026-01-01 12:40:00,283.33,283.33,283.17,283.17,-0.06,1748.24,491616.28,-1
2026-01-01,2026-01-01 12:50:00,283.17,283.17,283.0,283.0,-0.06,1748.24,491616.28,-1
2026-01-01,2026-01-01 13:00:00,283.0,285.0,280.0,282.83,-0.06,1748.24,491616.28,-1
2026-01-01,2026-01-01 13:10:00,282.83,282.83,282.67,282.67,-0.06,1748.24,491616.28,-1
2026-01-01,2026-01-01 13:20:00,282.67,282.67,282.5,282.5,-0.06,1748.24,491616.28,-1
2026-01-01,2026-01-01 13:30:00,282.5,282.5,282.33,282.33,-0.06,1748.24,491616.28,-1
2026-01-01,2026-01-01 13:40:00,282.33,282.33,282.17,282.17,-0.06,1748.24,491616.28,-1
2026-01-01,2026-01-01 13:50:00,282.17,282.17,282.0,282.0,-0.06,1748.24,491616.28,-1
2026-01-01,2026-01-01 14:00:00,282.0,282.0,281.83,281.83,-0.06,1748.24,491616.28,-1
2026-01-01,2026-01-01 14:10:00,281.83,281.83,281.67,281.67,-0.06,1748.24,491616.28,-1
2026-01-01,2026-01-01 14:20:00,281.67,281.67,281.5,281.5,-0.06,1748.24,491616.28,-1
2026-01-01,2026-01-01 14:30:00,281.5,281.5,281.33,281.33,-0.06,1748.24,491616.28,-1
2026-01-01,2026-01-01 14:40:00,281.33,281.33,281.17,281.17,-0.06,1748.24,491616.28,-1
2026-01-01,2026-01-01 14:50:00,281.17,281.17,281.0,281.0,-0.06,1748.24,491616.28,-1
2026-01-01,2026-01-01 15:00:00,281.0,285.0,280.0,281.0,0.0,1748.24,491616.28,0
2026-01-04,2026-01-04 11:00:00,281.0,282.35,280.4,280.99,-0.0,996.6,279404.75,-1
2026-01-04,2026-01-04 11:10:00,280.99,280.99,280.98,280.98,-0.0,996.6,279404.75,-1
2026-01-04,2026-01-04 11:20:00,280.98,280.98,280.98,280.98,0.0,996.6,279404.75,0
2026-01-04,2026-01-04 11:30:00,280.98,280.98,280.97,280.97,-0.0,996.6,279404.75,-1
2026-01-04,2026-01-04 11:40:00,280.97,280.97,280.96,280.96,-0.0,996.6,279404.75,-1
2026-01-04,2026-01-04 11:50:00,280.96,280.96,280.95,280.95,-0.0,996.6,279404.75,-1
2026-01-04,2026-01-04 12:00:00,280.95,280.95,280.94,280.94,-0.0,996.6,279404.75,-1
2026-01-04,2026-01-04 12:10:00,280.94,280.94,280.93,280.93,-0.0,996.6,279404.75,-1
2026-01-04,2026-01-04 12:20:00,280.93,280.93,280.93,280.93,0.0,996.6,279404.75,0
2026-01-04,2026-01-04 12:30:00,280.93,280.93,280.92,280.92,-0.0,996.6,279404.75,-1
2026-01-04,2026-01-04 12:40:00,280.92,280.92,280.91,280.91,-0.0,996.6,279404.75,-1
2026-01-04,2026-01-04 12:50:00,280.91,280.91,280.9,280.9,-0.0,996.6,279404.75,-1
2026-01-04,2026-01-04 13:00:00,280.9,285.5,279.0,280.89,-0.0,996.6,279404.75,-1
2026-01-04,2026-01-04 13:10:00,280.89,280.89,280.88,280.88,-0.0,996.6,279404.75,-1
2026-01-04,2026-01-04 13:20:00,280.88,280.88,280.88,280.88,0.0,996.6,279404.75,0
2026-01-04,2026-01-04 13:30:00,280.88,280.88,280.87,280.87,-0.0,996.6,279404.75,-1
2026-01-04,2026-01-04 13:40:00,280.87,280.87,280.86,280.86,-0.0,996.6,279404.75,-1
2026-01-04,2026-01-04 13:50:00,280.86,280.86,280.85,280.85,-0.0,996.6,279404.75,-1
2026-01-04,2026-01-04 14:00:00,280.85,280.85,280.84,280.84,-0.0,996.6,279404.75,-1
2026-01-04,2026-01-04 14:10:00,280.84,280.84,280.83,280.83,-0.0,996.6,279404.75,-1
2026-01-04,2026-01-04 14:20:00,280.83,280.83,280.82,280.82,-0.0,996.6,279404.75,-1
2026-01-04,2026-01-04 14:30:00,280.82,280.82,280.82,280.82,0.0,996.6,279404.75,0
2026-01-04,2026-01-04 14:40:00,280.82,280.82,280.81,280.81,-0.0,996.6,279404.75,-1
2026-01-04,2026-01-04 14:50:00,280.81,280.81,280.8,280.8,-0.0,996.6,279404.75,-1
2026-01-04,2026-01-04 15:00:00,280.8,285.5,279.0,280.8,0.0,996.6,279404.75,0
2026-01-05,2026-01-05 11:00:00,280.0,281.95,279.7,280.27,0.1,1923.68,545723.72,1
2026-01-05,2026-01-05 11:10:00,280.27,280.54,280.27,280.54,0.1,1923.68,545723.72,1
2026-01-05,2026-01-05 11:20:00,280.54,280.81,280.54,280.81,0.1,1923.68,545723.72,1
2026-01-05,2026-01-05 11:30:00,280.81,281.08,280.81,281.08,0.1,1923.68,545723.72,1
2026-01-05,2026-01-05 11:40:00,281.08,281.35,281.08,281.35,0.1,1923.68,545723.72,1
2026-01-05,2026-01-05 11:50:00,281.35,281.62,281.35,281.62,0.1,1923.68,545723.72,1
2026-01-05,2026-01-05 12:00:00,281.62,281.9,281.62,281.9,0.1,1923.68,545723.72,1
2026-01-05,2026-01-05 12:10:00,281.9,282.17,281.9,282.17,0.1,1923.68,545723.72,1
2026-01-05,2026-01-05 12:20:00,282.17,282.44,282.17,282.44,0.1,1923.68,545723.72,1
2026-01-05,2026-01-05 12:30:00,282.44,282.71,282.44,282.71,0.1,1923.68,545723.72,1
2026-01-05,2026-01-05 12:40:00,282.71,282.98,282.71,282.98,0.1,1923.68,545723.72,1
2026-01-05,2026-01-05 12:50:00,282.98,283.25,282.98,283.25,0.1,1923.68,545723.72,1
2026-01-05,2026-01-05 13:00:00,283.25,286.5,279.0,283.52,0.1,1923.68,545723.72,1
2026-01-05,2026-01-05 13:10:00,283.52,283.79,283.52,283.79,0.1,1923.68,545723.72,1
2026-01-05,2026-01-05 13:20:00,283.79,284.06,283.79,284.06,0.1,1923.68,545723.72,1
2026-01-05,2026-01-05 13:30:00,284.06,284.33,284.06,284.33,0.1,1923.68,545723.72,1
2026-01-05,2026-01-05 13:40:00,284.33,284.6,284.33,284.6,0.09,1923.68,545723.72,1
2026-01-05,2026-01-05 13:50:00,284.6,284.88,284.6,284.88,0.1,1923.68,545723.72,1
2026-01-05,2026-01-05 14:00:00,284.88,285.15,284.88,285.15,0.09,1923.68,545723.72,1
2026-01-05,2026-01-05 14:10:00,285.15,285.42,285.15,285.42,0.09,1923.68,545723.72,1
2026-01-05,2026-01-05 14:20:00,285.42,285.69,285.42,285.69,0.09,1923.68,545723.72,1
2026-01-05,2026-01-05 14:30:00,285.69,285.96,285.69,285.96,0.09,1923.68,545723.72,1
2026-01-05,2026-01-05 14:40:00,285.96,286.23,285.96,286.23,0.09,1923.68,545723.72,1
2026-01-05,2026-01-05 14:50:00,286.23,286.5,286.23,286.5,0.09,1923.68,545723.72,1
2026-01-05,2026-01-05 15:00:00,286.5,286.5,279.0,286.5,0.0,1923.68,545723.72,0
2026-01-06,2026-01-06 11:00:00,287.0,289.1,286.1,287.08,0.03,2385.24,687950.84,1
2026-01-06,2026-01-06 11:10:00,287.08,287.17,287.08,287.17,0.03,2385.24,687950.84,1
2026-01-06,2026-01-06 11:20:00,287.17,287.25,287.17,287.25,0.03,2385.24,687950.84,1
2026-01-06,2026-01-06 11:30:00,287.25,287.33,287.25,287.33,0.03,2385.24,687950.84,1
2026-01-06,2026-01-06 11:40:00,287.33,287.42,287.33,287.42,0.03,2385.24,687950.84,1
2026-01-06,2026-01-06 11:50:00,287.42,287.5,287.42,287.5,0.03,2385.24,687950.84,1
2026-01-06,2026-01-06 12:00:00,287.5,287.58,287.5,287.58,0.03,2385.24,687950.84,1
2026-01-06,2026-01-06 12:10:00,287.58,287.67,287.58,287.67,0.03,2385.24,687950.84,1
2026-01-06,2026-01-06 12:20:00,287.67,287.75,287.67,287.75,0.03,2385.24,687950.84,1
2026-01-06,2026-01-06 12:30:00,287.75,287.83,287.75,287.83,0.03,2385.24,687950.84,1
2026-01-06,2026-01-06 12:40:00,287.83,287.92,287.83,287.92,0.03,2385.24,687950.84,1
2026-01-06,2026-01-06 12:50:00,287.92,288.0,287.92,288.0,0.03,2385.24,687950.84,1
2026-01-06,2026-01-06 13:00:00,288.0,294.0,284.0,288.08,0.03,2385.24,687950.84,1
2026-01-06,2026-01-06 13:10:00,288.08,288.17,288.08,288.17,0.03,2385.24,687950.84,1
2026-01-06,2026-01-06 13:20:00,288.17,288.25,288.17,288.25,0.03,2385.24,687950.84,1
2026-01-06,2026-01-06 13:30:00,288.25,288.33,288.25,288.33,0.03,2385.24,687950.84,1
2026-01-06,2026-01-06 13:40:00,288.33,288.42,288.33,288.42,0.03,2385.24,687950.84,1
2026-01-06,2026-01-06 13:50:00,288.42,288.5,288.42,288.5,0.03,2385.24,687950.84,1
2026-01-06,2026-01-06 14:00:00,288.5,288.58,288.5,288.58,0.03,2385.24,687950.84,1
2026-01-06,2026-01-06 14:10:00,288.58,288.67,288.58,288.67,0.03,2385.24,687950.84,1
2026-01-06,2026-01-06 14:20:00,288.67,288.75,288.67,288.75,0.03,2385.24,687950.84,1
2026-01-06,2026-01-06 14:30:00,288.75,288.83,288.75,288.83,0.03,2385.24,687950.84,1
2026-01-06,2026-01-06 14:40:00,288.83,288.92,288.83,288.92,0.03,2385.24,687950.84,1
2026-01-06,2026-01-06 14:50:00,288.92,289.0,288.92,289.0,0.03,2385.24,687950.84,1
2026-01-06,2026-01-06 15:00:00,289.0,294.0,284.0,289.0,0.0,2385.24,687950.84,0
2026-01-07,2026-01-07 11:00:00,290.0,290.06,287.9,289.75,-0.09,815.04,233063.04,-1
2026-01-07,2026-01-07 11:10:00,289.75,289.75,289.5,289.5,-0.09,815.04,233063.04,-1
2026-01-07,2026-01-07 11:20:00,289.5,289.5,289.25,289.25,-0.09,815.04,233063.04,-1
2026-01-07,2026-01-07 11:30:00,289.25,289.25,289.0,289.0,-0.09,815.04,233063.04,-1
2026-01-07,2026-01-07 11:40:00,289.0,289.0,288.75,288.75,-0.09,815.04,233063.04,-1
2026-01-07,2026-01-07 11:50:00,288.75,288.75,288.5,288.5,-0.09,815.04,233063.04,-1
2026-01-07,2026-01-07 12:00:00,288.5,288.5,288.25,288.25,-0.09,815.04,233063.04,-1
2026-01-07,2026-01-07 12:10:00,288.25,288.25,288.0,288.0,-0.09,815.04,233063.04,-1
2026-01-07,2026-01-07 12:20:00,288.0,288.0,287.75,287.75,-0.09,815.04,233063.04,-1
2026-01-07,2026-01-07 12:30:00,287.75,287.75,287.5,287.5,-0.09,815.04,233063.04,-1
2026-01-07,2026-01-07 12:40:00,287.5,287.5,287.25,287.25,-0.09,815.04,233063.04,-1
2026-01-07,2026-01-07 12:50:00,287.25,287.25,287.0,287.0,-0.09,815.04,233063.04,-1
2026-01-07,2026-01-07 13:00:00,287.0,290.2,283.0,286.75,-0.09,815.04,233063.04,-1
2026-01-07,2026-01-07 13:10:00,286.75,286.75,286.5,286.5,-0.09,815.04,233063.04,-1
2026-01-07,2026-01-07 13:20:00,286.5,286.5,286.25,286.25,-0.09,815.04,233063.04,-1
2026-01-07,2026-01-07 13:30:00,286.25,286.25,286.0,286.0,-0.09,815.04,233063.04,-1
2026-01-07,2026-01-07 13:40:00,286.0,286.0,285.75,285.75,-0.09,815.04,233063.04,-1
2026-01-07,2026-01-07 13:50:00,285.75,285.75,285.5,285.5,-0.09,815.04,233063.04,-1
2026-01-07,2026-01-07 14:00:00,285.5,285.5,285.25,285.25,-0.09,815.04,233063.04,-1
2026-01-07,2026-01-07 14:10:00,285.25,285.25,285.0,285.0,-0.09,815.04,233063.04,-1
2026-01-07,2026-01-07 14:20:00,285.0,285.0,284.75,284.75,-0.09,815.04,233063.04,-1
2026-01-07,2026-01-07 14:30:00,284.75,284.75,284.5,284.5,-0.09,815.04,233063.04,-1
2026-01-07,2026-01-07 14:40:00,284.5,284.5,284.25,284.25,-0.09,815.04,233063.04,-1
2026-01-07,2026-01-07 14:50:00,284.25,284.25,284.0,284.0,-0.09,815.04,233063.04,-1
2026-01-07,2026-01-07 15:00:00,284.0,290.2,283.0,284.0,0.0,815.04,233063.04,0
2026-01-08,2026-01-08 11:00:00,282.0,283.5,281.85,282.03,0.01,1135.64,322375.7,1
2026-01-08,2026-01-08 11:10:00,282.03,282.06,282.03,282.06,0.01,1135.64,322375.7,1
2026-01-08,2026-01-08 11:20:00,282.06,282.09,282.06,282.09,0.01,1135.64,322375.7,1
2026-01-08,2026-01-08 11:30:00,282.09,282.12,282.09,282.12,0.01,1135.64,322375.7,1
2026-01-08,2026-01-08 11:40:00,282.12,282.15,282.12,282.15,0.01,1135.64,322375.7,1
2026-01-08,2026-01-08 11:50:00,282.15,282.18,282.15,282.18,0.01,1135.64,322375.7,1
2026-01-08,2026-01-08 12:00:00,282.18,282.2,282.18,282.2,0.01,1135.64,322375.7,1
2026-01-08,2026-01-08 12:10:00,282.2,282.23,282.2,282.23,0.01,1135.64,322375.7,1
2026-01-08,2026-01-08 12:20:00,282.23,282.26,282.23,282.26,0.01,1135.64,322375.7,1
2026-01-08,2026-01-08 12:30:00,282.26,282.29,282.26,282.29,0.01,1135.64,322375.7,1
2026-01-08,2026-01-08 12:40:00,282.29,282.32,282.29,282.32,0.01,1135.64,322375.7,1
2026-01-08,2026-01-08 12:50:00,282.32,282.35,282.32,282.35,0.01,1135.64,322375.7,1
2026-01-08,2026-01-08 13:00:00,282.35,287.0,281.5,282.38,0.01,1135.64,322375.7,1
2026-01-08,2026-01-08 13:10:00,282.38,282.41,282.38,282.41,0.01,1135.64,322375.7,1
2026-01-08,2026-01-08 13:20:00,282.41,282.44,282.41,282.44,0.01,1135.64,322375.7,1
2026-01-08,2026-01-08 13:30:00,282.44,282.47,282.44,282.47,0.01,1135.64,322375.7,1
2026-01-08,2026-01-08 13:40:00,282.47,282.5,282.47,282.5,0.01,1135.64,322375.7,1
2026-01-08,2026-01-08 13:50:00,282.5,282.52,282.5,282.52,0.01,1135.64,322375.7,1
2026-01-08,2026-01-08 14:00:00,282.52,282.55,282.52,282.55,0.01,1135.64,322375.7,1
2026-01-08,2026-01-08 14:10:00,282.55,282.58,282.55,282.58,0.01,1135.64,322375.7,1
2026-01-08,2026-01-08 14:20:00,282.58,282.61,282.58,282.61,0.01,1135.64,322375.7,1
2026-01-08,2026-01-08 14:30:00,282.61,282.64,282.61,282.64,0.01,1135.64,322375.7,1
2026-01-08,2026-01-08 14:40:00,282.64,282.67,282.64,282.67,0.01,1135.64,322375.7,1
2026-01-08,2026-01-08 14:50:00,282.67,282.7,282.67,282.7,0.01,1135.64,322375.7,1
2026-01-08,2026-01-08 15:00:00,282.7,287.0,281.5,282.7,0.0,1135.64,322375.7,0
2026-01-12,2026-01-12 11:00:00,288.2,288.2,285.74,287.94,-0.09,1000.92,281875.19,-1
2026-01-12,2026-01-12 11:10:00,287.94,287.94,287.68,287.68,-0.09,1000.92,281875.19,-1
2026-01-12,2026-01-12 11:20:00,287.68,287.68,287.41,287.41,-0.09,1000.92,281875.19,-1
2026-01-12,2026-01-12 11:30:00,287.41,287.41,287.15,287.15,-0.09,1000.92,281875.19,-1
2026-01-12,2026-01-12 11:40:00,287.15,287.15,286.89,286.89,-0.09,1000.92,281875.19,-1
2026-01-12,2026-01-12 11:50:00,286.89,286.89,286.62,286.62,-0.09,1000.92,281875.19,-1
2026-01-12,2026-01-12 12:00:00,286.62,286.62,286.36,286.36,-0.09,1000.92,281875.19,-1
2026-01-12,2026-01-12 12:10:00,286.36,286.36,286.1,286.1,-0.09,1000.92,281875.19,-1
2026-01-12,2026-01-12 12:20:00,286.1,286.1,285.84,285.84,-0.09,1000.92,281875.19,-1
2026-01-12,2026-01-12 12:30:00,285.84,285.84,285.57,285.57,-0.09,1000.92,281875.19,-1
2026-01-12,2026-01-12 12:40:00,285.57,285.57,285.31,285.31,-0.09,1000.92,281875.19,-1
2026-01-12,2026-01-12 12:50:00,285.31,285.31,285.05,285.05,-0.09,1000.92,281875.19,-1
2026-01-12,2026-01-12 13:00:00,285.05,288.2,280.0,284.79,-0.09,1000.92,281875.19,-1
2026-01-12,2026-01-12 13:10:00,284.79,284.79,284.52,284.52,-0.09,1000.92,281875.19,-1
2026-01-12,2026-01-12 13:20:00,284.52,284.52,284.26,284.26,-0.09,1000.92,281875.19,-1
2026-01-12,2026-01-12 13:30:00,284.26,284.26,284.0,284.0,-0.09,1000.92,281875.19,-1
2026-01-12,2026-01-12 13:40:00,284.0,284.0,283.74,283.74,-0.09,1000.92,281875.19,-1
2026-01-12,2026-01-12 13:50:00,283.74,283.74,283.47,283.47,-0.1,1000.92,281875.19,-1
2026-01-12,2026-01-12 14:00:00,283.47,283.47,283.21,283.21,-0.09,1000.92,281875.19,-1
2026-01-12,2026-01-12 14:10:00,283.21,283.21,282.95,282.95,-0.09,1000.92,281875.19,-1
2026-01-12,2026-01-12 14:20:00,282.95,282.95,282.69,282.69,-0.09,1000.92,281875.19,-1
2026-01-12,2026-01-12 14:30:00,282.69,282.69,282.42,282.42,-0.1,1000.92,281875.19,-1
2026-01-12,2026-01-12 14:40:00,282.42,282.42,282.16,282.16,-0.09,1000.92,281875.19,-1
2026-01-12,2026-01-12 14:50:00,282.16,282.16,281.9,281.9,-0.09,1000.92,281875.19,-1
2026-01-12,2026-01-12 15:00:00,281.9,288.2,280.0,281.9,0.0,1000.92,281875.19,0
2026-01-13,2026-01-13 11:00:00,287.0,287.0,284.66,286.92,-0.03,1183.4,334229.06,-1
2026-01-13,2026-01-13 11:10:00,286.92,286.92,286.83,286.83,-0.03,1183.4,334229.06,-1
2026-01-13,2026-01-13 11:20:00,286.83,286.83,286.75,286.75,-0.03,1183.4,334229.06,-1
2026-01-13,2026-01-13 11:30:00,286.75,286.75,286.67,286.67,-0.03,1183.4,334229.06,-1
2026-01-13,2026-01-13 11:40:00,286.67,286.67,286.58,286.58,-0.03,1183.4,334229.06,-1
2026-01-13,2026-01-13 11:50:00,286.58,286.58,286.5,286.5,-0.03,1183.4,334229.06,-1
2026-01-13,2026-01-13 12:00:00,286.5,286.5,286.42,286.42,-0.03,1183.4,334229.06,-1
2026-01-13,2026-01-13 12:10:00,286.42,286.42,286.33,286.33,-0.03,1183.4,334229.06,-1
2026-01-13,2026-01-13 12:20:00,286.33,286.33,286.25,286.25,-0.03,1183.4,334229.06,-1
2026-01-13,2026-01-13 12:30:00,286.25,286.25,286.17,286.17,-0.03,1183.4,334229.06,-1
2026-01-13,2026-01-13 12:40:00,286.17,286.17,286.08,286.08,-0.03,1183.4,334229.06,-1
2026-01-13,2026-01-13 12:50:00,286.08,286.08,286.0,286.0,-0.03,1183.4,334229.06,-1
2026-01-13,2026-01-13 13:00:00,286.0,287.0,279.2,285.92,-0.03,1183.4,334229.06,-1
2026-01-13,2026-01-13 13:10:00,285.92,285.92,285.83,285.83,-0.03,1183.4,334229.06,-1
2026-01-13,2026-01-13 13:20:00,285.83,285.83,285.75,285.75,-0.03,1183.4,334229.06,-1
2026-01-13,2026-01-13 13:30:00,285.75,285.75,285.67,285.67,-0.03,1183.4,334229.06,-1
2026-01-13,2026-01-13 13:40:00,285.67,285.67,285.58,285.58,-0.03,1183.4,334229.06,-1
2026-01-13,2026-01-13 13:50:00,285.58,285.58,285.5,285.5,-0.03,1183.4,334229.06,-1
2026-01-13,2026-01-13 14:00:00,285.5,285.5,285.42,285.42,-0.03,1183.4,334229.06,-1
2026-01-13,2026-01-13 14:10:00,285.42,285.42,285.33,285.33,-0.03,1183.4,334229.06,-1
2026-01-13,2026-01-13 14:20:00,285.33,285.33,285.25,285.25,-0.03,1183.4,334229.06,-1
2026-01-13,2026-01-13 14:30:00,285.25,285.25,285.17,285.17,-0.03,1183.4,334229.06,-1
2026-01-13,2026-01-13 14:40:00,285.17,285.17,285.08,285.08,-0.03,1183.4,334229.06,-1
2026-01-13,2026-01-13 14:50:00,285.08,285.08,285.0,285.0,-0.03,1183.4,334229.06,-1
2026-01-13,2026-01-13 15:00:00,285.0,287.0,279.2,285.0,0.0,1183.4,334229.06,0
2026-01-14,2026-01-14 11:00:00,283.1,284.75,282.41,283.14,0.01,1846.24,525856.06,1
2026-01-14,2026-01-14 11:10:00,283.14,283.18,283.14,283.18,0.01,1846.24,525856.06,1
2026-01-14,2026-01-14 11:20:00,283.18,283.21,283.18,283.21,0.01,1846.24,525856.06,1
2026-01-14,2026-01-14 11:30:00,283.21,283.25,283.21,283.25,0.01,1846.24,525856.06,1
2026-01-14,2026-01-14 11:40:00,283.25,283.29,283.25,283.29,0.01,1846.24,525856.06,1
2026-01-14,2026-01-14 11:50:00,283.29,283.33,283.29,283.33,0.01,1846.24,525856.06,1
2026-01-14,2026-01-14 12:00:00,283.33,283.36,283.33,283.36,0.01,1846.24,525856.06,1
2026-01-14,2026-01-14 12:10:00,283.36,283.4,283.36,283.4,0.01,1846.24,525856.06,1
2026-01-14,2026-01-14 12:20:00,283.4,283.44,283.4,283.44,0.01,1846.24,525856.06,1
2026-01-14,2026-01-14 12:30:00,283.44,283.48,283.44,283.48,0.01,1846.24,525856.06,1
2026-01-14,2026-01-14 12:40:00,283.48,283.51,283.48,283.51,0.01,1846.24,525856.06,1
2026-01-14,2026-01-14 12:50:00,283.51,283.55,283.51,283.55,0.01,1846.24,525856.06,1
2026-01-14,2026-01-14 13:00:00,283.55,288.6,280.8,283.59,0.01,1846.24,525856.06,1
2026-01-14,2026-01-14 13:10:00,283.59,283.62,283.59,283.62,0.01,1846.24,525856.06,1
2026-01-14,2026-01-14 13:20:00,283.62,283.66,283.62,283.66,0.01,1846.24,525856.06,1
2026-01-14,2026-01-14 13:30:00,283.66,283.7,283.66,283.7,0.01,1846.24,525856.06,1
2026-01-14,2026-01-14 13:40:00,283.7,283.74,283.7,283.74,0.01,1846.24,525856.06,1
2026-01-14,2026-01-14 13:50:00,283.74,283.77,283.74,283.77,0.01,1846.24,525856.06,1
2026-01-14,2026-01-14 14:00:00,283.77,283.81,283.77,283.81,0.01,1846.24,525856.06,1
2026-01-14,2026-01-14 14:10:00,283.81,283.85,283.81,283.85,0.01,1846.24,525856.06,1
2026-01-14,2026-01-14 14:20:00,283.85,283.89,283.85,283.89,0.01,1846.24,525856.06,1
2026-01-14,2026-01-14 14:30:00,283.89,283.93,283.89,283.93,0.01,1846.24,525856.06,1
2026-01-14,2026-01-14 14:40:00,283.93,283.96,283.93,283.96,0.01,1846.24,525856.06,1
2026-01-14,2026-01-14 14:50:00,283.96,284.0,283.96,284.0,0.01,1846.24,525856.06,1
2026-01-14,2026-01-14 15:00:00,284.0,288.6,280.8,284.0,0.0,1846.24,525856.06,0
2026-01-18,2026-01-18 11:00:00,288.0,288.27,286.5,287.88,-0.04,1360.72,387836.36,-1
2026-01-18,2026-01-18 11:10:00,287.88,287.88,287.75,287.75,-0.05,1360.72,387836.36,-1
2026-01-18,2026-01-18 11:20:00,287.75,287.75,287.62,287.62,-0.05,1360.72,387836.36,-1
2026-01-18,2026-01-18 11:30:00,287.62,287.62,287.5,287.5,-0.04,1360.72,387836.36,-1
2026-01-18,2026-01-18 11:40:00,287.5,287.5,287.38,287.38,-0.04,1360.72,387836.36,-1
2026-01-18,2026-01-18 11:50:00,287.38,287.38,287.25,287.25,-0.05,1360.72,387836.36,-1
2026-01-18,2026-01-18 12:00:00,287.25,287.25,287.12,287.12,-0.05,1360.72,387836.36,-1
2026-01-18,2026-01-18 12:10:00,287.12,287.12,287.0,287.0,-0.04,1360.72,387836.36,-1
2026-01-18,2026-01-18 12:20:00,287.0,287.0,286.88,286.88,-0.04,1360.72,387836.36,-1
2026-01-18,2026-01-18 12:30:00,286.88,286.88,286.75,286.75,-0.05,1360.72,387836.36,-1
2026-01-18,2026-01-18 12:40:00,286.75,286.75,286.62,286.62,-0.05,1360.72,387836.36,-1
2026-01-18,2026-01-18 12:50:00,286.62,286.62,286.5,286.5,-0.04,1360.72,387836.36,-1
2026-01-18,2026-01-18 13:00:00,286.5,288.9,283.0,286.38,-0.04,1360.72,387836.36,-1
2026-01-18,2026-01-18 13:10:00,286.38,286.38,286.25,286.25,-0.05,1360.72,387836.36,-1
2026-01-18,2026-01-18 13:20:00,286.25,286.25,286.12,286.12,-0.05,1360.72,387836.36,-1
2026-01-18,2026-01-18 13:30:00,286.12,286.12,286.0,286.0,-0.04,1360.72,387836.36,-1
2026-01-18,2026-01-18 13:40:00,286.0,286.0,285.88,285.88,-0.04,1360.72,387836.36,-1
2026-01-18,2026-01-18 13:50:00,285.88,285.88,285.75,285.75,-0.05,1360.72,387836.36,-1
2026-01-18,2026-01-18 14:00:00,285.75,285.75,285.62,285.62,-0.05,1360.72,387836.36,-1
2026-01-18,2026-01-18 14:10:00,285.62,285.62,285.5,285.5,-0.04,1360.72,387836.36,-1
2026-01-18,2026-01-18 14:20:00,285.5,285.5,285.38,285.38,-0.04,1360.72,387836.36,-1
2026-01-18,2026-01-18 14:30:00,285.38,285.38,285.25,285.25,-0.05,1360.72,387836.36,-1
2026-01-18,2026-01-18 14:40:00,285.25,285.25,285.12,285.12,-0.05,1360.72,387836.36,-1
2026-01-18,2026-01-18 14:50:00,285.12,285.12,285.0,285.0,-0.04,1360.72,387836.36,-1
2026-01-18,2026-01-18 15:00:00,285.0,288.9,283.0,285.0,0.0,1360.72,387836.36,0
2026-01-20,2026-01-20 11:00:00,290.7,291.69,289.26,290.67,-0.01,2699.72,784649.4,-1
2026-01-20,2026-01-20 11:10:00,290.67,290.67,290.64,290.64,-0.01,2699.72,784649.4,-1
2026-01-20,2026-01-20 11:20:00,290.64,290.64,290.61,290.61,-0.01,2699.72,784649.4,-1
2026-01-20,2026-01-20 11:30:00,290.61,290.61,290.58,290.58,-0.01,2699.72,784649.4,-1
2026-01-20,2026-01-20 11:40:00,290.58,290.58,290.55,290.55,-0.01,2699.72,784649.4,-1
2026-01-20,2026-01-20 11:50:00,290.55,290.55,290.52,290.52,-0.01,2699.72,784649.4,-1
2026-01-20,2026-01-20 12:00:00,290.52,290.52,290.5,290.5,-0.01,2699.72,784649.4,-1
2026-01-20,2026-01-20 12:10:00,290.5,290.5,290.47,290.47,-0.01,2699.72,784649.4,-1
2026-01-20,2026-01-20 12:20:00,290.47,290.47,290.44,290.44,-0.01,2699.72,784649.4,-1
2026-01-20,2026-01-20 12:30:00,290.44,290.44,290.41,290.41,-0.01,2699.72,784649.4,-1
2026-01-20,2026-01-20 12:40:00,290.41,290.41,290.38,290.38,-0.01,2699.72,784649.4,-1
2026-01-20,2026-01-20 12:50:00,290.38,290.38,290.35,290.35,-0.01,2699.72,784649.4,-1
2026-01-20,2026-01-20 13:00:00,290.35,294.0,285.9,290.32,-0.01,2699.72,784649.4,-1
2026-01-20,2026-01-20 13:10:00,290.32,290.32,290.29,290.29,-0.01,2699.72,784649.4,-1
2026-01-20,2026-01-20 13:20:00,290.29,290.29,290.26,290.26,-0.01,2699.72,784649.4,-1
2026-01-20,2026-01-20 13:30:00,290.26,290.26,290.23,290.23,-0.01,2699.72,784649.4,-1
2026-01-20,2026-01-20 13:40:00,290.23,290.23,290.2,290.2,-0.01,2699.72,784649.4,-1
2026-01-20,2026-01-20 13:50:00,290.2,290.2,290.18,290.18,-0.01,2699.72,784649.4,-1
2026-01-20,2026-01-20 14:00:00,290.18,290.18,290.15,290.15,-0.01,2699.72,784649.4,-1
2026-01-20,2026-01-20 14:10:00,290.15,290.15,290.12,290.12,-0.01,2699.72,784649.4,-1
2026-01-20,2026-01-20 14:20:00,290.12,290.12,290.09,290.09,-0.01,2699.72,784649.4,-1
2026-01-20,2026-01-20 14:30:00,290.09,290.09,290.06,290.06,-0.01,2699.72,784649.4,-1
2026-01-20,2026-01-20 14:40:00,290.06,290.06,290.03,290.03,-0.01,2699.72,784649.4,-1
2026-01-20,2026-01-20 14:50:00,290.03,290.03,290.0,290.0,-0.01,2699.72,784649.4,-1
2026-01-20,2026-01-20 15:00:00,290.0,294.0,285.9,290.0,0.0,2699.72,784649.4,0
2026-01-21,2026-01-21 11:00:00,290.0,291.2,288.68,289.86,-0.05,2010.28,580281.78,-1
2026-01-21,2026-01-21 11:10:00,289.86,289.86,289.73,289.73,-0.04,2010.28,580281.78,-1
2026-01-21,2026-01-21 11:20:00,289.73,289.73,289.59,289.59,-0.05,2010.28,580281.78,-1
2026-01-21,2026-01-21 11:30:00,289.59,289.59,289.45,289.45,-0.05,2010.28,580281.78,-1
2026-01-21,2026-01-21 11:40:00,289.45,289.45,289.31,289.31,-0.05,2010.28,580281.78,-1
2026-01-21,2026-01-21 11:50:00,289.31,289.31,289.18,289.18,-0.04,2010.28,580281.78,-1
2026-01-21,2026-01-21 12:00:00,289.18,289.18,289.04,289.04,-0.05,2010.28,580281.78,-1
2026-01-21,2026-01-21 12:10:00,289.04,289.04,288.9,288.9,-0.05,2010.28,580281.78,-1
2026-01-21,2026-01-21 12:20:00,288.9,288.9,288.76,288.76,-0.05,2010.28,580281.78,-1
2026-01-21,2026-01-21 12:30:00,288.76,288.76,288.62,288.62,-0.05,2010.28,580281.78,-1
2026-01-21,2026-01-21 12:40:00,288.62,288.62,288.49,288.49,-0.05,2010.28,580281.78,-1
2026-01-21,2026-01-21 12:50:00,288.49,288.49,288.35,288.35,-0.05,2010.28,580281.78,-1
2026-01-21,2026-01-21 13:00:00,288.35,294.0,285.6,288.21,-0.05,2010.28,580281.78,-1
2026-01-21,2026-01-21 13:10:00,288.21,288.21,288.07,288.07,-0.05,2010.28,580281.78,-1
2026-01-21,2026-01-21 13:20:00,288.07,288.07,287.94,287.94,-0.05,2010.28,580281.78,-1
2026-01-21,2026-01-21 13:30:00,287.94,287.94,287.8,287.8,-0.05,2010.28,580281.78,-1
2026-01-21,2026-01-21 13:40:00,287.8,287.8,287.66,287.66,-0.05,2010.28,580281.78,-1
2026-01-21,2026-01-21 13:50:00,287.66,287.66,287.52,287.52,-0.05,2010.28,580281.78,-1
2026-01-21,2026-01-21 14:00:00,287.52,287.52,287.39,287.39,-0.05,2010.28,580281.78,-1
2026-01-21,2026-01-21 14:10:00,287.39,287.39,287.25,287.25,-0.05,2010.28,580281.78,-1
2026-01-21,2026-01-21 14:20:00,287.25,287.25,287.11,287.11,-0.05,2010.28,580281.78,-1
2026-01-21,2026-01-21 14:30:00,287.11,287.11,286.97,286.97,-0.05,2010.28,580281.78,-1
2026-01-21,2026-01-21 14:40:00,286.97,286.97,286.84,286.84,-0.05,2010.28,580281.78,-1
2026-01-21,2026-01-21 14:50:00,286.84,286.84,286.7,286.7,-0.05,2010.28,580281.78,-1
2026-01-21,2026-01-21 15:00:00,286.7,294.0,285.6,286.7,0.0,2010.28,580281.78,0
2026-01-22,2026-01-22 11:00:00,288.0,291.6,287.1,288.5,0.17,4950.92,1461605.2,1
2026-01-22,2026-01-22 11:10:00,288.5,289.0,288.5,289.0,0.17,4950.92,1461605.2,1
2026-01-22,2026-01-22 11:20:00,289.0,289.5,289.0,289.5,0.17,4950.92,1461605.2,1
2026-01-22,2026-01-22 11:30:00,289.5,290.0,289.5,290.0,0.17,4950.92,1461605.2,1
2026-01-22,2026-01-22 11:40:00,290.0,290.5,290.0,290.5,0.17,4950.92,1461605.2,1
2026-01-22,2026-01-22 11:50:00,290.5,291.0,290.5,291.0,0.17,4950.92,1461605.2,1
2026-01-22,2026-01-22 12:00:00,291.0,291.5,291.0,291.5,0.17,4950.92,1461605.2,1
2026-01-22,2026-01-22 12:10:00,291.5,292.0,291.5,292.0,0.17,4950.92,1461605.2,1
2026-01-22,2026-01-22 12:20:00,292.0,292.5,292.0,292.5,0.17,4950.92,1461605.2,1
2026-01-22,2026-01-22 12:30:00,292.5,293.0,292.5,293.0,0.17,4950.92,1461605.2,1
2026-01-22,2026-01-22 12:40:00,293.0,293.5,293.0,293.5,0.17,4950.92,1461605.2,1
2026-01-22,2026-01-22 12:50:00,293.5,294.0,293.5,294.0,0.17,4950.92,1461605.2,1
2026-01-22,2026-01-22 13:00:00,294.0,300.0,285.0,294.5,0.17,4950.92,1461605.2,1
2026-01-22,2026-01-22 13:10:00,294.5,295.0,294.5,295.0,0.17,4950.92,1461605.2,1
2026-01-22,2026-01-22 13:20:00,295.0,295.5,295.0,295.5,0.17,4950.92,1461605.2,1
2026-01-22,2026-01-22 13:30:00,295.5,296.0,295.5,296.0,0.17,4950.92,1461605.2,1
2026-01-22,2026-01-22 13:40:00,296.0,296.5,296.0,296.5,0.17,4950.92,1461605.2,1
2026-01-22,2026-01-22 13:50:00,296.5,297.0,296.5,297.0,0.17,4950.92,1461605.2,1
2026-01-22,2026-01-22 14:00:00,297.0,297.5,297.0,297.5,0.17,4950.92,1461605.2,1
2026-01-22,2026-01-22 14:10:00,297.5,298.0,297.5,298.0,0.17,4950.92,1461605.2,1
2026-01-22,2026-01-22 14:20:00,298.0,298.5,298.0,298.5,0.17,4950.92,1461605.2,1
2026-01-22,2026-01-22 14:30:00,298.5,299.0,298.5,299.0,0.17,4950.92,1461605.2,1
2026-01-22,2026-01-22 14:40:00,299.0,299.5,299.0,299.5,0.17,4950.92,1461605.2,1
2026-01-22,2026-01-22 14:50:00,299.5,300.0,299.5,300.0,0.17,4950.92,1461605.2,1
2026-01-22,2026-01-22 15:00:00,300.0,300.0,285.0,300.0,0.0,4950.92,1461605.2,0
2026-01-25,2026-01-25 11:00:00,295.0,302.5,295.0,295.75,0.25,5912.68,1840860.75,1
2026-01-25,2026-01-25 11:10:00,295.75,296.5,295.75,296.5,0.25,5912.68,1840860.75,1
2026-01-25,2026-01-25 11:20:00,296.5,297.25,296.5,297.25,0.25,5912.68,1840860.75,1
2026-01-25,2026-01-25 11:30:00,297.25,298.0,297.25,298.0,0.25,5912.68,1840860.75,1
2026-01-25,2026-01-25 11:40:00,298.0,298.75,298.0,298.75,0.25,5912.68,1840860.75,1
2026-01-25,2026-01-25 11:50:00,298.75,299.5,298.75,299.5,0.25,5912.68,1840860.75,1
2026-01-25,2026-01-25 12:00:00,299.5,300.25,299.5,300.25,0.25,5912.68,1840860.75,1
2026-01-25,2026-01-25 12:10:00,300.25,301.0,300.25,301.0,0.25,5912.68,1840860.75,1
2026-01-25,2026-01-25 12:20:00,301.0,301.75,301.0,301.75,0.25,5912.68,1840860.75,1
2026-01-25,2026-01-25 12:30:00,301.75,302.5,301.75,302.5,0.25,5912.68,1840860.75,1
2026-01-25,2026-01-25 12:40:00,302.5,303.25,302.5,303.25,0.25,5912.68,1840860.75,1
2026-01-25,2026-01-25 12:50:00,303.25,304.0,303.25,304.0,0.25,5912.68,1840860.75,1
2026-01-25,2026-01-25 13:00:00,304.0,320.0,295.0,304.75,0.25,5912.68,1840860.75,1
2026-01-25,2026-01-25 13:10:00,304.75,305.5,304.75,305.5,0.25,5912.68,1840860.75,1
2026-01-25,2026-01-25 13:20:00,305.5,306.25,305.5,306.25,0.25,5912.68,1840860.75,1
2026-01-25,2026-01-25 13:30:00,306.25,307.0,306.25,307.0,0.24,5912.68,1840860.75,1
2026-01-25,2026-01-25 13:40:00,307.0,307.75,307.0,307.75,0.24,5912.68,1840860.75,1
2026-01-25,2026-01-25 13:50:00,307.75,308.5,307.75,308.5,0.24,5912.68,1840860.75,1
2026-01-25,2026-01-25 14:00:00,308.5,309.25,308.5,309.25,0.24,5912.68,1840860.75,1
2026-01-25,2026-01-25 14:10:00,309.25,310.0,309.25,310.0,0.24,5912.68,1840860.75,1
2026-01-25,2026-01-25 14:20:00,310.0,310.75,310.0,310.75,0.24,5912.68,1840860.75,1
2026-01-25,2026-01-25 14:30:00,310.75,311.5,310.75,311.5,0.24,5912.68,1840860.75,1
2026-01-25,2026-01-25 14:40:00,311.5,312.25,311.5,312.25,0.24,5912.68,1840860.75,1
2026-01-25,2026-01-25 14:50:00,312.25,313.0,312.25,313.0,0.24,5912.68,1840860.75,1
2026-01-25,2026-01-25 15:00:00,313.0,320.0,295.0,313.0,0.0,5912.68,1840860.75,0
2026-01-26,2026-01-26 11:00:00,315.0,315.51,310.53,314.58,-0.13,5723.96,1751322.41,-1
2026-01-26,2026-01-26 11:10:00,314.58,314.58,314.17,314.17,-0.13,5723.96,1751322.41,-1
2026-01-26,2026-01-26 11:20:00,314.17,314.17,313.75,313.75,-0.13,5723.96,1751322.41,-1
2026-01-26,2026-01-26 11:30:00,313.75,313.75,313.33,313.33,-0.13,5723.96,1751322.41,-1
2026-01-26,2026-01-26 11:40:00,313.33,313.33,312.92,312.92,-0.13,5723.96,1751322.41,-1
2026-01-26,2026-01-26 11:50:00,312.92,312.92,312.5,312.5,-0.13,5723.96,1751322.41,-1
2026-01-26,2026-01-26 12:00:00,312.5,312.5,312.08,312.08,-0.13,5723.96,1751322.41,-1
2026-01-26,2026-01-26 12:10:00,312.08,312.08,311.67,311.67,-0.13,5723.96,1751322.41,-1
2026-01-26,2026-01-26 12:20:00,311.67,311.67,311.25,311.25,-0.13,5723.96,1751322.41,-1
2026-01-26,2026-01-26 12:30:00,311.25,311.25,310.83,310.83,-0.13,5723.96,1751322.41,-1
2026-01-26,2026-01-26 12:40:00,310.83,310.83,310.42,310.42,-0.13,5723.96,1751322.41,-1
2026-01-26,2026-01-26 12:50:00,310.42,310.42,310.0,310.0,-0.14,5723.96,1751322.41,-1
2026-01-26,2026-01-26 13:00:00,310.0,316.7,300.1,309.58,-0.14,5723.96,1751322.41,-1
2026-01-26,2026-01-26 13:10:00,309.58,309.58,309.17,309.17,-0.13,5723.96,1751322.41,-1
2026-01-26,2026-01-26 13:20:00,309.17,309.17,308.75,308.75,-0.14,5723.96,1751322.41,-1
2026-01-26,2026-01-26 13:30:00,308.75,308.75,308.33,308.33,-0.14,5723.96,1751322.41,-1
2026-01-26,2026-01-26 13:40:00,308.33,308.33,307.92,307.92,-0.13,5723.96,1751322.41,-1
2026-01-26,2026-01-26 13:50:00,307.92,307.92,307.5,307.5,-0.14,5723.96,1751322.41,-1
2026-01-26,2026-01-26 14:00:00,307.5,307.5,307.08,307.08,-0.14,5723.96,1751322.41,-1
2026-01-26,2026-01-26 14:10:00,307.08,307.08,306.67,306.67,-0.13,5723.96,1751322.41,-1
2026-01-26,2026-01-26 14:20:00,306.67,306.67,306.25,306.25,-0.14,5723.96,1751322.41,-1
2026-01-26,2026-01-26 14:30:00,306.25,306.25,305.83,305.83,-0.14,5723.96,1751322.41,-1
2026-01-26,2026-01-26 14:40:00,305.83,305.83,305.42,305.42,-0.13,5723.96,1751322.41,-1
2026-01-26,2026-01-26 14:50:00,305.42,305.42,305.0,305.0,-0.14,5723.96,1751322.41,-1
2026-01-26,2026-01-26 15:00:00,305.0,316.7,300.1,305.0,0.0,5723.96,1751322.41,0
2026-01-27,2026-01-27 11:00:00,309.0,310.8,304.2,308.42,-0.19,5459.44,1647361.91,-1
2026-01-27,2026-01-27 11:10:00,308.42,308.42,307.83,307.83,-0.19,5459.44,1647361.91,-1
2026-01-27,2026-01-27 11:20:00,307.83,307.83,307.25,307.25,-0.19,5459.44,1647361.91,-1
2026-01-27,2026-01-27 11:30:00,307.25,307.25,306.67,306.67,-0.19,5459.44,1647361.91,-1
2026-01-27,2026-01-27 11:40:00,306.67,306.67,306.08,306.08,-0.19,5459.44,1647361.91,-1
2026-01-27,2026-01-27 11:50:00,306.08,306.08,305.5,305.5,-0.19,5459.44,1647361.91,-1
2026-01-27,2026-01-27 12:00:00,305.5,305.5,304.92,304.92,-0.19,5459.44,1647361.91,-1
2026-01-27,2026-01-27 12:10:00,304.92,304.92,304.33,304.33,-0.19,5459.44,1647361.91,-1
2026-01-27,2026-01-27 12:20:00,304.33,304.33,303.75,303.75,-0.19,5459.44,1647361.91,-1
2026-01-27,2026-01-27 12:30:00,303.75,303.75,303.17,303.17,-0.19,5459.44,1647361.91,-1
2026-01-27,2026-01-27 12:40:00,303.17,303.17,302.58,302.58,-0.19,5459.44,1647361.91,-1
2026-01-27,2026-01-27 12:50:00,302.58,302.58,302.0,302.0,-0.19,5459.44,1647361.91,-1
2026-01-27,2026-01-27 13:00:00,302.0,315.0,293.0,301.42,-0.19,5459.44,1647361.91,-1
2026-01-27,2026-01-27 13:10:00,301.42,301.42,300.83,300.83,-0.2,5459.44,1647361.91,-1
2026-01-27,2026-01-27 13:20:00,300.83,300.83,300.25,300.25,-0.19,5459.44,1647361.91,-1
2026-01-27,2026-01-27 13:30:00,300.25,300.25,299.67,299.67,-0.19,5459.44,1647361.91,-1
2026-01-27,2026-01-27 13:40:00,299.67,299.67,299.08,299.08,-0.2,5459.44,1647361.91,-1
2026-01-27,2026-01-27 13:50:00,299.08,299.08,298.5,298.5,-0.19,5459.44,1647361.91,-1
2026-01-27,2026-01-27 14:00:00,298.5,298.5,297.92,297.92,-0.19,5459.44,1647361.91,-1
2026-01-27,2026-01-27 14:10:00,297.92,297.92,297.33,297.33,-0.2,5459.44,1647361.91,-1
2026-01-27,2026-01-27 14:20:00,297.33,297.33,296.75,296.75,-0.2,5459.44,1647361.91,-1
2026-01-27,2026-01-27 14:30:00,296.75,296.75,296.17,296.17,-0.2,5459.44,1647361.91,-1
2026-01-27,2026-01-27 14:40:00,296.17,296.17,295.58,295.58,-0.2,5459.44,1647361.91,-1
2026-01-27,2026-01-27 14:50:00,295.58,295.58,295.0,295.0,-0.2,5459.44,1647361.91,-1
2026-01-27,2026-01-27 15:00:00,295.0,315.0,293.0,295.0,0.0,5459.44,1647361.91,0
2026-01-28,2026-01-28 11:00:00,290.0,293.6,290.0,290.42,0.14,3751.68,1111238.01,1
2026-01-28,2026-01-28 11:10:00,290.42,290.83,290.42,290.83,0.14,3751.68,1111238.01,1
2026-01-28,2026-01-28 11:20:00,290.83,291.25,290.83,291.25,0.14,3751.68,1111238.01,1
2026-01-28,2026-01-28 11:30:00,291.25,291.67,291.25,291.67,0.14,3751.68,1111238.01,1
2026-01-28,2026-01-28 11:40:00,291.67,292.08,291.67,292.08,0.14,3751.68,1111238.01,1
2026-01-28,2026-01-28 11:50:00,292.08,292.5,292.08,292.5,0.14,3751.68,1111238.01,1
2026-01-28,2026-01-28 12:00:00,292.5,292.92,292.5,292.92,0.14,3751.68,1111238.01,1
2026-01-28,2026-01-28 12:10:00,292.92,293.33,292.92,293.33,0.14,3751.68,1111238.01,1
2026-01-28,2026-01-28 12:20:00,293.33,293.75,293.33,293.75,0.14,3751.68,1111238.01,1
2026-01-28,2026-01-28 12:30:00,293.75,294.17,293.75,294.17,0.14,3751.68,1111238.01,1
2026-01-28,2026-01-28 12:40:00,294.17,294.58,294.17,294.58,0.14,3751.68,1111238.01,1
2026-01-28,2026-01-28 12:50:00,294.58,295.0,294.58,295.0,0.14,3751.68,1111238.01,1
2026-01-28,2026-01-28 13:00:00,295.0,302.0,290.0,295.42,0.14,3751.68,1111238.01,1
2026-01-28,2026-01-28 13:10:00,295.42,295.83,295.42,295.83,0.14,3751.68,1111238.01,1
2026-01-28,2026-01-28 13:20:00,295.83,296.25,295.83,296.25,0.14,3751.68,1111238.01,1
2026-01-28,2026-01-28 13:30:00,296.25,296.67,296.25,296.67,0.14,3751.68,1111238.01,1
2026-01-28,2026-01-28 13:40:00,296.67,297.08,296.67,297.08,0.14,3751.68,1111238.01,1
2026-01-28,2026-01-28 13:50:00,297.08,297.5,297.08,297.5,0.14,3751.68,1111238.01,1
2026-01-28,2026-01-28 14:00:00,297.5,297.92,297.5,297.92,0.14,3751.68,1111238.01,1
2026-01-28,2026-01-28 14:10:00,297.92,298.33,297.92,298.33,0.14,3751.68,1111238.01,1
2026-01-28,2026-01-28 14:20:00,298.33,298.75,298.33,298.75,0.14,3751.68,1111238.01,1
2026-01-28,2026-01-28 14:30:00,298.75,299.17,298.75,299.17,0.14,3751.68,1111238.01,1
2026-01-28,2026-01-28 14:40:00,299.17,299.58,299.17,299.58,0.14,3751.68,1111238.01,1
2026-01-28,2026-01-28 14:50:00,299.58,300.0,299.58,300.0,0.14,3751.68,1111238.01,1
2026-01-28,2026-01-28 15:00:00,300.0,302.0,290.0,300.0,0.0,3751.68,1111238.01,0
2026-01-29,2026-01-29 11:00:00,300.0,303.0,300.0,300.17,0.06,5387.48,1649950.75,1
2026-01-29,2026-01-29 11:10:00,300.17,300.33,300.17,300.33,0.05,5387.48,1649950.75,1
2026-01-29,2026-01-29 11:20:00,300.33,300.5,300.33,300.5,0.06,5387.48,1649950.75,1
2026-01-29,2026-01-29 11:30:00,300.5,300.67,300.5,300.67,0.06,5387.48,1649950.75,1
2026-01-29,2026-01-29 11:40:00,300.67,300.83,300.67,300.83,0.05,5387.48,1649950.75,1
2026-01-29,2026-01-29 11:50:00,300.83,301.0,300.83,301.0,0.06,5387.48,1649950.75,1
2026-01-29,2026-01-29 12:00:00,301.0,301.17,301.0,301.17,0.06,5387.48,1649950.75,1
2026-01-29,2026-01-29 12:10:00,301.17,301.33,301.17,301.33,0.05,5387.48,1649950.75,1
2026-01-29,2026-01-29 12:20:00,301.33,301.5,301.33,301.5,0.06,5387.48,1649950.75,1
2026-01-29,2026-01-29 12:30:00,301.5,301.67,301.5,301.67,0.06,5387.48,1649950.75,1
2026-01-29,2026-01-29 12:40:00,301.67,301.83,301.67,301.83,0.05,5387.48,1649950.75,1
2026-01-29,2026-01-29 12:50:00,301.83,302.0,301.83,302.0,0.06,5387.48,1649950.75,1
2026-01-29,2026-01-29 13:00:00,302.0,310.0,300.0,302.17,0.06,5387.48,1649950.75,1
2026-01-29,2026-01-29 13:10:00,302.17,302.33,302.17,302.33,0.05,5387.48,1649950.75,1
2026-01-29,2026-01-29 13:20:00,302.33,302.5,302.33,302.5,0.06,5387.48,1649950.75,1
2026-01-29,2026-01-29 13:30:00,302.5,302.67,302.5,302.67,0.06,5387.48,1649950.75,1
2026-01-29,2026-01-29 13:40:00,302.67,302.83,302.67,302.83,0.05,5387.48,1649950.75,1
2026-01-29,2026-01-29 13:50:00,302.83,303.0,302.83,303.0,0.06,5387.48,1649950.75,1
2026-01-29,2026-01-29 14:00:00,303.0,303.17,303.0,303.17,0.06,5387.48,1649950.75,1
2026-01-29,2026-01-29 14:10:00,303.17,303.33,303.17,303.33,0.05,5387.48,1649950.75,1
2026-01-29,2026-01-29 14:20:00,303.33,303.5,303.33,303.5,0.06,5387.48,1649950.75,1
2026-01-29,2026-01-29 14:30:00,303.5,303.67,303.5,303.67,0.06,5387.48,1649950.75,1
2026-01-29,2026-01-29 14:40:00,303.67,303.83,303.67,303.83,0.05,5387.48,1649950.75,1
2026-01-29,2026-01-29 14:50:00,303.83,304.0,303.83,304.0,0.06,5387.48,1649950.75,1
2026-01-29,2026-01-29 15:00:00,304.0,310.0,300.0,304.0,0.0,5387.48,1649950.75,0
2026-02-01,2026-02-01 11:00:00,306.0,306.6,303.3,305.75,-0.08,2403.64,724746.36,-1
2026-02-01,2026-02-01 11:10:00,305.75,305.75,305.5,305.5,-0.08,2403.64,724746.36,-1
2026-02-01,2026-02-01 11:20:00,305.5,305.5,305.25,305.25,-0.08,2403.64,724746.36,-1
2026-02-01,2026-02-01 11:30:00,305.25,305.25,305.0,305.0,-0.08,2403.64,724746.36,-1
2026-02-01,2026-02-01 11:40:00,305.0,305.0,304.75,304.75,-0.08,2403.64,724746.36,-1
2026-02-01,2026-02-01 11:50:00,304.75,304.75,304.5,304.5,-0.08,2403.64,724746.36,-1
2026-02-01,2026-02-01 12:00:00,304.5,304.5,304.25,304.25,-0.08,2403.64,724746.36,-1
2026-02-01,2026-02-01 12:10:00,304.25,304.25,304.0,304.0,-0.08,2403.64,724746.36,-1
2026-02-01,2026-02-01 12:20:00,304.0,304.0,303.75,303.75,-0.08,2403.64,724746.36,-1
2026-02-01,2026-02-01 12:30:00,303.75,303.75,303.5,303.5,-0.08,2403.64,724746.36,-1
2026-02-01,2026-02-01 12:40:00,303.5,303.5,303.25,303.25,-0.08,2403.64,724746.36,-1
2026-02-01,2026-02-01 12:50:00,303.25,303.25,303.0,303.0,-0.08,2403.64,724746.36,-1
2026-02-01,2026-02-01 13:00:00,303.0,308.0,297.0,302.75,-0.08,2403.64,724746.36,-1
2026-02-01,2026-02-01 13:10:00,302.75,302.75,302.5,302.5,-0.08,2403.64,724746.36,-1
2026-02-01,2026-02-01 13:20:00,302.5,302.5,302.25,302.25,-0.08,2403.64,724746.36,-1
2026-02-01,2026-02-01 13:30:00,302.25,302.25,302.0,302.0,-0.08,2403.64,724746.36,-1
2026-02-01,2026-02-01 13:40:00,302.0,302.0,301.75,301.75,-0.08,2403.64,724746.36,-1
2026-02-01,2026-02-01 13:50:00,301.75,301.75,301.5,301.5,-0.08,2403.64,724746.36,-1
2026-02-01,2026-02-01 14:00:00,301.5,301.5,301.25,301.25,-0.08,2403.64,724746.36,-1
2026-02-01,2026-02-01 14:10:00,301.25,301.25,301.0,301.0,-0.08,2403.64,724746.36,-1
2026-02-01,2026-02-01 14:20:00,301.0,301.0,300.75,300.75,-0.08,2403.64,724746.36,-1
2026-02-01,2026-02-01 14:30:00,300.75,300.75,300.5,300.5,-0.08,2403.64,724746.36,-1
2026-02-01,2026-02-01 14:40:00,300.5,300.5,300.25,300.25,-0.08,2403.64,724746.36,-1
2026-02-01,2026-02-01 14:50:00,300.25,300.25,300.0,300.0,-0.08,2403.64,724746.36,-1
2026-02-01,2026-02-01 15:00:00,300.0,308.0,297.0,300.0,0.0,2403.64,724746.36,0
2026-02-02,2026-02-02 11:00:00,296.0,297.8,295.7,296.0,0.0,1760.68,523436.16,0
2026-02-02,2026-02-02 11:10:00,296.0,296.0,296.0,296.0,0.0,1760.68,523436.16,0
2026-02-02,2026-02-02 11:20:00,296.0,296.0,296.0,296.0,0.0,1760.68,523436.16,0
2026-02-02,2026-02-02 11:30:00,296.0,296.0,296.0,296.0,0.0,1760.68,523436.16,0
2026-02-02,2026-02-02 11:40:00,296.0,296.0,296.0,296.0,0.0,1760.68,523436.16,0
2026-02-02,2026-02-02 11:50:00,296.0,296.0,296.0,296.0,0.0,1760.68,523436.16,0
2026-02-02,2026-02-02 12:00:00,296.0,296.0,296.0,296.0,0.0,1760.68,523436.16,0
2026-02-02,2026-02-02 12:10:00,296.0,296.0,296.0,296.0,0.0,1760.68,523436.16,0
2026-02-02,2026-02-02 12:20:00,296.0,296.0,296.0,296.0,0.0,1760.68,523436.16,0
2026-02-02,2026-02-02 12:30:00,296.0,296.0,296.0,296.0,0.0,1760.68,523436.16,0
2026-02-02,2026-02-02 12:40:00,296.0,296.0,296.0,296.0,0.0,1760.68,523436.16,0
2026-02-02,2026-02-02 12:50:00,296.0,296.0,296.0,296.0,0.0,1760.68,523436.16,0
2026-02-02,2026-02-02 13:00:00,296.0,302.0,295.0,296.0,0.0,1760.68,523436.16,0
2026-02-02,2026-02-02 13:10:00,296.0,296.0,296.0,296.0,0.0,1760.68,523436.16,0
2026-02-02,2026-02-02 13:20:00,296.0,296.0,296.0,296.0,0.0,1760.68,523436.16,0
2026-02-02,2026-02-02 13:30:00,296.0,296.0,296.0,296.0,0.0,1760.68,523436.16,0
2026-02-02,2026-02-02 13:40:00,296.0,296.0,296.0,296.0,0.0,1760.68,523436.16,0
2026-02-02,2026-02-02 13:50:00,296.0,296.0,296.0,296.0,0.0,1760.68,523436.16,0
2026-02-02,2026-02-02 14:00:00,296.0,296.0,296.0,296.0,0.0,1760.68,523436.16,0
2026-02-02,2026-02-02 14:10:00,296.0,296.0,296.0,296.0,0.0,1760.68,523436.16,0
2026-02-02,2026-02-02 14:20:00,296.0,296.0,296.0,296.0,0.0,1760.68,523436.16,0
2026-02-02,2026-02-02 14:30:00,296.0,296.0,296.0,296.0,0.0,1760.68,523436.16,0
2026-02-02,2026-02-02 14:40:00,296.0,296.0,296.0,296.0,0.0,1760.68,523436.16,0
2026-02-02,2026-02-02 14:50:00,296.0,296.0,296.0,296.0,0.0,1760.68,523436.16,0
2026-02-02,2026-02-02 15:00:00,296.0,302.0,295.0,296.0,0.0,1760.68,523436.16,0
2026-02-03,2026-02-03 11:00:00,300.6,304.02,299.22,300.57,-0.01,2698.88,810392.73,-1
2026-02-03,2026-02-03 11:10:00,300.57,300.57,300.54,300.54,-0.01,2698.88,810392.73,-1
2026-02-03,2026-02-03 11:20:00,300.54,300.54,300.51,300.51,-0.01,2698.88,810392.73,-1
2026-02-03,2026-02-03 11:30:00,300.51,300.51,300.48,300.48,-0.01,2698.88,810392.73,-1
2026-02-03,2026-02-03 11:40:00,300.48,300.48,300.45,300.45,-0.01,2698.88,810392.73,-1
2026-02-03,2026-02-03 11:50:00,300.45,300.45,300.43,300.43,-0.01,2698.88,810392.73,-1
2026-02-03,2026-02-03 12:00:00,300.43,300.43,300.4,300.4,-0.01,2698.88,810392.73,-1
2026-02-03,2026-02-03 12:10:00,300.4,300.4,300.37,300.37,-0.01,2698.88,810392.73,-1
2026-02-03,2026-02-03 12:20:00,300.37,300.37,300.34,300.34,-0.01,2698.88,810392.73,-1
2026-02-03,2026-02-03 12:30:00,300.34,300.34,300.31,300.31,-0.01,2698.88,810392.73,-1
2026-02-03,2026-02-03 12:40:00,300.31,300.31,300.28,300.28,-0.01,2698.88,810392.73,-1
2026-02-03,2026-02-03 12:50:00,300.28,300.28,300.25,300.25,-0.01,2698.88,810392.73,-1
2026-02-03,2026-02-03 13:00:00,300.25,312.0,296.0,300.22,-0.01,2698.88,810392.73,-1
2026-02-03,2026-02-03 13:10:00,300.22,300.22,300.19,300.19,-0.01,2698.88,810392.73,-1
2026-02-03,2026-02-03 13:20:00,300.19,300.19,300.16,300.16,-0.01,2698.88,810392.73,-1
2026-02-03,2026-02-03 13:30:00,300.16,300.16,300.13,300.13,-0.01,2698.88,810392.73,-1
2026-02-03,2026-02-03 13:40:00,300.13,300.13,300.1,300.1,-0.01,2698.88,810392.73,-1
2026-02-03,2026-02-03 13:50:00,300.1,300.1,300.07,300.07,-0.01,2698.88,810392.73,-1
2026-02-03,2026-02-03 14:00:00,300.07,300.07,300.05,300.05,-0.01,2698.88,810392.73,-1
2026-02-03,2026-02-03 14:10:00,300.05,300.05,300.02,300.02,-0.01,2698.88,810392.73,-1
2026-02-03,2026-02-03 14:20:00,300.02,300.02,299.99,299.99,-0.01,2698.88,810392.73,-1
2026-02-03,2026-02-03 14:30:00,299.99,299.99,299.96,299.96,-0.01,2698.88,810392.73,-1
2026-02-03,2026-02-03 14:40:00,299.96,299.96,299.93,299.93,-0.01,2698.88,810392.73,-1
2026-02-03,2026-02-03 14:50:00,299.93,299.93,299.9,299.9,-0.01,2698.88,810392.73,-1
2026-02-03,2026-02-03 15:00:00,299.9,312.0,296.0,299.9,0.0,2698.88,810392.73,0
2026-02-04,2026-02-04 11:00:00,300.5,301.25,298.85,300.35,-0.05,1291.24,385254.76,-1
2026-02-04,2026-02-04 11:10:00,300.35,300.35,300.21,300.21,-0.05,1291.24,385254.76,-1
2026-02-04,2026-02-04 11:20:00,300.21,300.21,300.06,300.06,-0.05,1291.24,385254.76,-1
2026-02-04,2026-02-04 11:30:00,300.06,300.06,299.92,299.92,-0.05,1291.24,385254.76,-1
2026-02-04,2026-02-04 11:40:00,299.92,299.92,299.77,299.77,-0.05,1291.24,385254.76,-1
2026-02-04,2026-02-04 11:50:00,299.77,299.77,299.62,299.62,-0.05,1291.24,385254.76,-1
2026-02-04,2026-02-04 12:00:00,299.62,299.62,299.48,299.48,-0.05,1291.24,385254.76,-1
2026-02-04,2026-02-04 12:10:00,299.48,299.48,299.33,299.33,-0.05,1291.24,385254.76,-1
2026-02-04,2026-02-04 12:20:00,299.33,299.33,299.19,299.19,-0.05,1291.24,385254.76,-1
2026-02-04,2026-02-04 12:30:00,299.19,299.19,299.04,299.04,-0.05,1291.24,385254.76,-1
2026-02-04,2026-02-04 12:40:00,299.04,299.04,298.9,298.9,-0.05,1291.24,385254.76,-1
2026-02-04,2026-02-04 12:50:00,298.9,298.9,298.75,298.75,-0.05,1291.24,385254.76,-1
2026-02-04,2026-02-04 13:00:00,298.75,303.0,295.0,298.6,-0.05,1291.24,385254.76,-1
2026-02-04,2026-02-04 13:10:00,298.6,298.6,298.46,298.46,-0.05,1291.24,385254.76,-1
2026-02-04,2026-02-04 13:20:00,298.46,298.46,298.31,298.31,-0.05,1291.24,385254.76,-1
2026-02-04,2026-02-04 13:30:00,298.31,298.31,298.17,298.17,-0.05,1291.24,385254.76,-1
2026-02-04,2026-02-04 13:40:00,298.17,298.17,298.02,298.02,-0.05,1291.24,385254.76,-1
2026-02-04,2026-02-04 13:50:00,298.02,298.02,297.88,297.88,-0.05,1291.24,385254.76,-1
2026-02-04,2026-02-04 14:00:00,297.88,297.88,297.73,297.73,-0.05,1291.24,385254.76,-1
2026-02-04,2026-02-04 14:10:00,297.73,297.73,297.58,297.58,-0.05,1291.24,385254.76,-1
2026-02-04,2026-02-04 14:20:00,297.58,297.58,297.44,297.44,-0.05,1291.24,385254.76,-1
2026-02-04,2026-02-04 14:30:00,297.44,297.44,297.29,297.29,-0.05,1291.24,385254.76,-1
2026-02-04,2026-02-04 14:40:00,297.29,297.29,297.15,297.15,-0.05,1291.24,385254.76,-1
2026-02-04,2026-02-04 14:50:00,297.15,297.15,297.0,297.0,-0.05,1291.24,385254.76,-1
2026-02-04,2026-02-04 15:00:00,297.0,303.0,295.0,297.0,0.0,1291.24,385254.76,0
2026-02-05,2026-02-05 11:00:00,298.0,301.9,297.73,298.3,0.1,5327.88,1627474.57,1
2026-02-05,2026-02-05 11:10:00,298.3,298.61,298.3,298.61,0.1,5327.88,1627474.57,1
2026-02-05,2026-02-05 11:20:00,298.61,298.91,298.61,298.91,0.1,5327.88,1627474.57,1
2026-02-05,2026-02-05 11:30:00,298.91,299.22,298.91,299.22,0.1,5327.88,1627474.57,1
2026-02-05,2026-02-05 11:40:00,299.22,299.52,299.22,299.52,0.1,5327.88,1627474.57,1
2026-02-05,2026-02-05 11:50:00,299.52,299.82,299.52,299.82,0.1,5327.88,1627474.57,1
2026-02-05,2026-02-05 12:00:00,299.82,300.13,299.82,300.13,0.1,5327.88,1627474.57,1
2026-02-05,2026-02-05 12:10:00,300.13,300.43,300.13,300.43,0.1,5327.88,1627474.57,1
2026-02-05,2026-02-05 12:20:00,300.43,300.74,300.43,300.74,0.1,5327.88,1627474.57,1
2026-02-05,2026-02-05 12:30:00,300.74,301.04,300.74,301.04,0.1,5327.88,1627474.57,1
2026-02-05,2026-02-05 12:40:00,301.04,301.35,301.04,301.35,0.1,5327.88,1627474.57,1
2026-02-05,2026-02-05 12:50:00,301.35,301.65,301.35,301.65,0.1,5327.88,1627474.57,1
2026-02-05,2026-02-05 13:00:00,301.65,311.0,297.1,301.95,0.1,5327.88,1627474.57,1
2026-02-05,2026-02-05 13:10:00,301.95,302.26,301.95,302.26,0.1,5327.88,1627474.57,1
2026-02-05,2026-02-05 13:20:00,302.26,302.56,302.26,302.56,0.1,5327.88,1627474.57,1
2026-02-05,2026-02-05 13:30:00,302.56,302.87,302.56,302.87,0.1,5327.88,1627474.57,1
2026-02-05,2026-02-05 13:40:00,302.87,303.17,302.87,303.17,0.1,5327.88,1627474.57,1
2026-02-05,2026-02-05 13:50:00,303.17,303.48,303.17,303.48,0.1,5327.88,1627474.57,1
2026-02-05,2026-02-05 14:00:00,303.48,303.78,303.48,303.78,0.1,5327.88,1627474.57,1
2026-02-05,2026-02-05 14:10:00,303.78,304.08,303.78,304.08,0.1,5327.88,1627474.57,1
2026-02-05,2026-02-05 14:20:00,304.08,304.39,304.08,304.39,0.1,5327.88,1627474.57,1
2026-02-05,2026-02-05 14:30:00,304.39,304.69,304.39,304.69,0.1,5327.88,1627474.57,1
2026-02-05,2026-02-05 14:40:00,304.69,305.0,304.69,305.0,0.1,5327.88,1627474.57,1
2026-02-05,2026-02-05 14:50:00,305.0,305.3,305.0,305.3,0.1,5327.88,1627474.57,1
2026-02-05,2026-02-05 15:00:00,305.3,311.0,297.1,305.3,0.0,5327.88,1627474.57,0
2026-02-08,2026-02-08 11:00:00,310.0,314.8,309.52,310.38,0.12,14761.4,4691019.45,1
2026-02-08,2026-02-08 11:10:00,310.38,310.75,310.38,310.75,0.12,14761.4,4691019.45,1
2026-02-08,2026-02-08 11:20:00,310.75,311.12,310.75,311.12,0.12,14761.4,4691019.45,1
2026-02-08,2026-02-08 11:30:00,311.12,311.5,311.12,311.5,0.12,14761.4,4691019.45,1
2026-02-08,2026-02-08 11:40:00,311.5,311.88,311.5,311.88,0.12,14761.4,4691019.45,1
2026-02-08,2026-02-08 11:50:00,311.88,312.25,311.88,312.25,0.12,14761.4,4691019.45,1
2026-02-08,2026-02-08 12:00:00,312.25,312.62,312.25,312.62,0.12,14761.4,4691019.45,1
2026-02-08,2026-02-08 12:10:00,312.62,313.0,312.62,313.0,0.12,14761.4,4691019.45,1
2026-02-08,2026-02-08 12:20:00,313.0,313.38,313.0,313.38,0.12,14761.4,4691019.45,1
2026-02-08,2026-02-08 12:30:00,313.38,313.75,313.38,313.75,0.12,14761.4,4691019.45,1
2026-02-08,2026-02-08 12:40:00,313.75,314.12,313.75,314.12,0.12,14761.4,4691019.45,1
2026-02-08,2026-02-08 12:50:00,314.12,314.5,314.12,314.5,0.12,14761.4,4691019.45,1
2026-02-08,2026-02-08 13:00:00,314.5,326.0,308.4,314.88,0.12,14761.4,4691019.45,1
2026-02-08,2026-02-08 13:10:00,314.88,315.25,314.88,315.25,0.12,14761.4,4691019.45,1
2026-02-08,2026-02-08 13:20:00,315.25,315.62,315.25,315.62,0.12,14761.4,4691019.45,1
2026-02-08,2026-02-08 13:30:00,315.62,316.0,315.62,316.0,0.12,14761.4,4691019.45,1
2026-02-08,2026-02-08 13:40:00,316.0,316.38,316.0,316.38,0.12,14761.4,4691019.45,1
2026-02-08,2026-02-08 13:50:00,316.38,316.75,316.38,316.75,0.12,14761.4,4691019.45,1
2026-02-08,2026-02-08 14:00:00,316.75,317.12,316.75,317.12,0.12,14761.4,4691019.45,1
2026-02-08,2026-02-08 14:10:00,317.12,317.5,317.12,317.5,0.12,14761.4,4691019.45,1
2026-02-08,2026-02-08 14:20:00,317.5,317.88,317.5,317.88,0.12,14761.4,4691019.45,1
2026-02-08,2026-02-08 14:30:00,317.88,318.25,317.88,318.25,0.12,14761.4,4691019.45,1
2026-02-08,2026-02-08 14:40:00,318.25,318.62,318.25,318.62,0.12,14761.4,4691019.45,1
2026-02-08,2026-02-08 14:50:00,318.62,319.0,318.62,319.0,0.12,14761.4,4691019.45,1
2026-02-08,2026-02-08 15:00:00,319.0,326.0,308.4,319.0,0.0,14761.4,4691019.45,0
2026-02-09,2026-02-09 11:00:00,319.0,319.0,315.91,318.64,-0.11,3938.24,1231133.36,-1
2026-02-09,2026-02-09 11:10:00,318.64,318.64,318.27,318.27,-0.12,3938.24,1231133.36,-1
2026-02-09,2026-02-09 11:20:00,318.27,318.27,317.91,317.91,-0.11,3938.24,1231133.36,-1
2026-02-09,2026-02-09 11:30:00,317.91,317.91,317.55,317.55,-0.11,3938.24,1231133.36,-1
2026-02-09,2026-02-09 11:40:00,317.55,317.55,317.19,317.19,-0.11,3938.24,1231133.36,-1
2026-02-09,2026-02-09 11:50:00,317.19,317.19,316.82,316.82,-0.12,3938.24,1231133.36,-1
2026-02-09,2026-02-09 12:00:00,316.82,316.82,316.46,316.46,-0.11,3938.24,1231133.36,-1
2026-02-09,2026-02-09 12:10:00,316.46,316.46,316.1,316.1,-0.11,3938.24,1231133.36,-1
2026-02-09,2026-02-09 12:20:00,316.1,316.1,315.74,315.74,-0.11,3938.24,1231133.36,-1
2026-02-09,2026-02-09 12:30:00,315.74,315.74,315.38,315.38,-0.11,3938.24,1231133.36,-1
2026-02-09,2026-02-09 12:40:00,315.38,315.38,315.01,315.01,-0.12,3938.24,1231133.36,-1
2026-02-09,2026-02-09 12:50:00,315.01,315.01,314.65,314.65,-0.11,3938.24,1231133.36,-1
2026-02-09,2026-02-09 13:00:00,314.65,319.0,308.7,314.29,-0.11,3938.24,1231133.36,-1
2026-02-09,2026-02-09 13:10:00,314.29,314.29,313.93,313.93,-0.11,3938.24,1231133.36,-1
2026-02-09,2026-02-09 13:20:00,313.93,313.93,313.56,313.56,-0.12,3938.24,1231133.36,-1
2026-02-09,2026-02-09 13:30:00,313.56,313.56,313.2,313.2,-0.11,3938.24,1231133.36,-1
2026-02-09,2026-02-09 13:40:00,313.2,313.2,312.84,312.84,-0.11,3938.24,1231133.36,-1
2026-02-09,2026-02-09 13:50:00,312.84,312.84,312.48,312.48,-0.12,3938.24,1231133.36,-1
2026-02-09,2026-02-09 14:00:00,312.48,312.48,312.11,312.11,-0.12,3938.24,1231133.36,-1
2026-02-09,2026-02-09 14:10:00,312.11,312.11,311.75,311.75,-0.12,3938.24,1231133.36,-1
2026-02-09,2026-02-09 14:20:00,311.75,311.75,311.39,311.39,-0.12,3938.24,1231133.36,-1
2026-02-09,2026-02-09 14:30:00,311.39,311.39,311.03,311.03,-0.12,3938.24,1231133.36,-1
2026-02-09,2026-02-09 14:40:00,311.03,311.03,310.66,310.66,-0.12,3938.24,1231133.36,-1
2026-02-09,2026-02-09 14:50:00,310.66,310.66,310.3,310.3,-0.12,3938.24,1231133.36,-1
2026-02-09,2026-02-09 15:00:00,310.3,319.0,308.7,310.3,0.0,3938.24,1231133.36,0
2026-02-10,2026-02-10 11:00:00,312.0,312.6,309.63,311.91,-0.03,4229.76,1312958.85,-1
2026-02-10,2026-02-10 11:10:00,311.91,311.91,311.82,311.82,-0.03,4229.76,1312958.85,-1
2026-02-10,2026-02-10 11:20:00,311.82,311.82,311.74,311.74,-0.03,4229.76,1312958.85,-1
2026-02-10,2026-02-10 11:30:00,311.74,311.74,311.65,311.65,-0.03,4229.76,1312958.85,-1
2026-02-10,2026-02-10 11:40:00,311.65,311.65,311.56,311.56,-0.03,4229.76,1312958.85,-1
2026-02-10,2026-02-10 11:50:00,311.56,311.56,311.48,311.48,-0.03,4229.76,1312958.85,-1
2026-02-10,2026-02-10 12:00:00,311.48,311.48,311.39,311.39,-0.03,4229.76,1312958.85,-1
2026-02-10,2026-02-10 12:10:00,311.39,311.39,311.3,311.3,-0.03,4229.76,1312958.85,-1
2026-02-10,2026-02-10 12:20:00,311.3,311.3,311.21,311.21,-0.03,4229.76,1312958.85,-1
2026-02-10,2026-02-10 12:30:00,311.21,311.21,311.12,311.12,-0.03,4229.76,1312958.85,-1
2026-02-10,2026-02-10 12:40:00,311.12,311.12,311.04,311.04,-0.03,4229.76,1312958.85,-1
2026-02-10,2026-02-10 12:50:00,311.04,311.04,310.95,310.95,-0.03,4229.76,1312958.85,-1
2026-02-10,2026-02-10 13:00:00,310.95,314.0,304.1,310.86,-0.03,4229.76,1312958.85,-1
2026-02-10,2026-02-10 13:10:00,310.86,310.86,310.77,310.77,-0.03,4229.76,1312958.85,-1
2026-02-10,2026-02-10 13:20:00,310.77,310.77,310.69,310.69,-0.03,4229.76,1312958.85,-1
2026-02-10,2026-02-10 13:30:00,310.69,310.69,310.6,310.6,-0.03,4229.76,1312958.85,-1
2026-02-10,2026-02-10 13:40:00,310.6,310.6,310.51,310.51,-0.03,4229.76,1312958.85,-1
2026-02-10,2026-02-10 13:50:00,310.51,310.51,310.42,310.42,-0.03,4229.76,1312958.85,-1
2026-02-10,2026-02-10 14:00:00,310.42,310.42,310.34,310.34,-0.03,4229.76,1312958.85,-1
2026-02-10,2026-02-10 14:10:00,310.34,310.34,310.25,310.25,-0.03,4229.76,1312958.85,-1
2026-02-10,2026-02-10 14:20:00,310.25,310.25,310.16,310.16,-0.03,4229.76,1312958.85,-1
2026-02-10,2026-02-10 14:30:00,310.16,310.16,310.07,310.07,-0.03,4229.76,1312958.85,-1
2026-02-10,2026-02-10 14:40:00,310.07,310.07,309.99,309.99,-0.03,4229.76,1312958.85,-1
2026-02-10,2026-02-10 14:50:00,309.99,309.99,309.9,309.9,-0.03,4229.76,1312958.85,-1
2026-02-10,2026-02-10 15:00:00,309.9,314.0,304.1,309.9,0.0,4229.76,1312958.85,0
2026-02-11,2026-02-11 11:00:00,310.0,311.2,308.53,309.96,-0.01,3622.68,1117802.97,-1
2026-02-11,2026-02-11 11:10:00,309.96,309.96,309.92,309.92,-0.01,3622.68,1117802.97,-1
2026-02-11,2026-02-11 11:20:00,309.92,309.92,309.88,309.88,-0.01,3622.68,1117802.97,-1
2026-02-11,2026-02-11 11:30:00,309.88,309.88,309.83,309.83,-0.02,3622.68,1117802.97,-1
2026-02-11,2026-02-11 11:40:00,309.83,309.83,309.79,309.79,-0.01,3622.68,1117802.97,-1
2026-02-11,2026-02-11 11:50:00,309.79,309.79,309.75,309.75,-0.01,3622.68,1117802.97,-1
2026-02-11,2026-02-11 12:00:00,309.75,309.75,309.71,309.71,-0.01,3622.68,1117802.97,-1
2026-02-11,2026-02-11 12:10:00,309.71,309.71,309.67,309.67,-0.01,3622.68,1117802.97,-1
2026-02-11,2026-02-11 12:20:00,309.67,309.67,309.62,309.62,-0.02,3622.68,1117802.97,-1
2026-02-11,2026-02-11 12:30:00,309.62,309.62,309.58,309.58,-0.01,3622.68,1117802.97,-1
2026-02-11,2026-02-11 12:40:00,309.58,309.58,309.54,309.54,-0.01,3622.68,1117802.97,-1
2026-02-11,2026-02-11 12:50:00,309.54,309.54,309.5,309.5,-0.01,3622.68,1117802.97,-1
2026-02-11,2026-02-11 13:00:00,309.5,314.0,305.1,309.46,-0.01,3622.68,1117802.97,-1
2026-02-11,2026-02-11 13:10:00,309.46,309.46,309.42,309.42,-0.01,3622.68,1117802.97,-1
2026-02-11,2026-02-11 13:20:00,309.42,309.42,309.38,309.38,-0.01,3622.68,1117802.97,-1
2026-02-11,2026-02-11 13:30:00,309.38,309.38,309.33,309.33,-0.02,3622.68,1117802.97,-1
2026-02-11,2026-02-11 13:40:00,309.33,309.33,309.29,309.29,-0.01,3622.68,1117802.97,-1
2026-02-11,2026-02-11 13:50:00,309.29,309.29,309.25,309.25,-0.01,3622.68,1117802.97,-1
2026-02-11,2026-02-11 14:00:00,309.25,309.25,309.21,309.21,-0.01,3622.68,1117802.97,-1
2026-02-11,2026-02-11 14:10:00,309.21,309.21,309.17,309.17,-0.01,3622.68,1117802.97,-1
2026-02-11,2026-02-11 14:20:00,309.17,309.17,309.12,309.12,-0.02,3622.68,1117802.97,-1
2026-02-11,2026-02-11 14:30:00,309.12,309.12,309.08,309.08,-0.01,3622.68,1117802.97,-1
2026-02-11,2026-02-11 14:40:00,309.08,309.08,309.04,309.04,-0.01,3622.68,1117802.97,-1
2026-02-11,2026-02-11 14:50:00,309.04,309.04,309.0,309.0,-0.01,3622.68,1117802.97,-1
2026-02-11,2026-02-11 15:00:00,309.0,314.0,305.1,309.0,0.0,3622.68,1117802.97,0
2026-02-12,2026-02-12 11:00:00,307.1,309.47,307.1,307.12,0.01,5136.64,1596608.93,1
2026-02-12,2026-02-12 11:10:00,307.12,307.14,307.12,307.14,0.01,5136.64,1596608.93,1
2026-02-12,2026-02-12 11:20:00,307.14,307.16,307.14,307.16,0.01,5136.64,1596608.93,1
2026-02-12,2026-02-12 11:30:00,307.16,307.18,307.16,307.18,0.01,5136.64,1596608.93,1
2026-02-12,2026-02-12 11:40:00,307.18,307.2,307.18,307.2,0.01,5136.64,1596608.93,1
2026-02-12,2026-02-12 11:50:00,307.2,307.23,307.2,307.23,0.01,5136.64,1596608.93,1
2026-02-12,2026-02-12 12:00:00,307.23,307.25,307.23,307.25,0.01,5136.64,1596608.93,1
2026-02-12,2026-02-12 12:10:00,307.25,307.27,307.25,307.27,0.01,5136.64,1596608.93,1
2026-02-12,2026-02-12 12:20:00,307.27,307.29,307.27,307.29,0.01,5136.64,1596608.93,1
2026-02-12,2026-02-12 12:30:00,307.29,307.31,307.29,307.31,0.01,5136.64,1596608.93,1
2026-02-12,2026-02-12 12:40:00,307.31,307.33,307.31,307.33,0.01,5136.64,1596608.93,1
2026-02-12,2026-02-12 12:50:00,307.33,307.35,307.33,307.35,0.01,5136.64,1596608.93,1
2026-02-12,2026-02-12 13:00:00,307.35,315.0,307.1,307.37,0.01,5136.64,1596608.93,1
2026-02-12,2026-02-12 13:10:00,307.37,307.39,307.37,307.39,0.01,5136.64,1596608.93,1
2026-02-12,2026-02-12 13:20:00,307.39,307.41,307.39,307.41,0.01,5136.64,1596608.93,1
2026-02-12,2026-02-12 13:30:00,307.41,307.43,307.41,307.43,0.01,5136.64,1596608.93,1
2026-02-12,2026-02-12 13:40:00,307.43,307.45,307.43,307.45,0.01,5136.64,1596608.93,1
2026-02-12,2026-02-12 13:50:00,307.45,307.48,307.45,307.48,0.01,5136.64,1596608.93,1
2026-02-12,2026-02-12 14:00:00,307.48,307.5,307.48,307.5,0.01,5136.64,1596608.93,1
2026-02-12,2026-02-12 14:10:00,307.5,307.52,307.5,307.52,0.01,5136.64,1596608.93,1
2026-02-12,2026-02-12 14:20:00,307.52,307.54,307.52,307.54,0.01,5136.64,1596608.93,1
2026-02-12,2026-02-12 14:30:00,307.54,307.56,307.54,307.56,0.01,5136.64,1596608.93,1
2026-02-12,2026-02-12 14:40:00,307.56,307.58,307.56,307.58,0.01,5136.64,1596608.93,1
2026-02-12,2026-02-12 14:50:00,307.58,307.6,307.58,307.6,0.01,5136.64,1596608.93,1
2026-02-12,2026-02-12 15:00:00,307.6,315.0,307.1,307.6,0.0,5136.64,1596608.93,0
2026-02-16,2026-02-16 11:00:00,308.0,309.65,305.9,307.71,-0.09,2953.24,901307.59,-1
2026-02-16,2026-02-16 11:10:00,307.71,307.71,307.42,307.42,-0.09,2953.24,901307.59,-1
2026-02-16,2026-02-16 11:20:00,307.42,307.42,307.12,307.12,-0.1,2953.24,901307.59,-1
2026-02-16,2026-02-16 11:30:00,307.12,307.12,306.83,306.83,-0.09,2953.24,901307.59,-1
2026-02-16,2026-02-16 11:40:00,306.83,306.83,306.54,306.54,-0.09,2953.24,901307.59,-1
2026-02-16,2026-02-16 11:50:00,306.54,306.54,306.25,306.25,-0.09,2953.24,901307.59,-1
2026-02-16,2026-02-16 12:00:00,306.25,306.25,305.96,305.96,-0.09,2953.24,901307.59,-1
2026-02-16,2026-02-16 12:10:00,305.96,305.96,305.67,305.67,-0.09,2953.24,901307.59,-1
2026-02-16,2026-02-16 12:20:00,305.67,305.67,305.38,305.38,-0.09,2953.24,901307.59,-1
2026-02-16,2026-02-16 12:30:00,305.38,305.38,305.08,305.08,-0.1,2953.24,901307.59,-1
2026-02-16,2026-02-16 12:40:00,305.08,305.08,304.79,304.79,-0.1,2953.24,901307.59,-1
2026-02-16,2026-02-16 12:50:00,304.79,304.79,304.5,304.5,-0.1,2953.24,901307.59,-1
2026-02-16,2026-02-16 13:00:00,304.5,313.5,301.0,304.21,-0.1,2953.24,901307.59,-1
2026-02-16,2026-02-16 13:10:00,304.21,304.21,303.92,303.92,-0.1,2953.24,901307.59,-1
2026-02-16,2026-02-16 13:20:00,303.92,303.92,303.62,303.62,-0.1,2953.24,901307.59,-1
2026-02-16,2026-02-16 13:30:00,303.62,303.62,303.33,303.33,-0.1,2953.24,901307.59,-1
2026-02-16,2026-02-16 13:40:00,303.33,303.33,303.04,303.04,-0.1,2953.24,901307.59,-1
2026-02-16,2026-02-16 13:50:00,303.04,303.04,302.75,302.75,-0.1,2953.24,901307.59,-1
2026-02-16,2026-02-16 14:00:00,302.75,302.75,302.46,302.46,-0.1,2953.24,901307.59,-1
2026-02-16,2026-02-16 14:10:00,302.46,302.46,302.17,302.17,-0.1,2953.24,901307.59,-1
2026-02-16,2026-02-16 14:20:00,302.17,302.17,301.88,301.88,-0.1,2953.24,901307.59,-1
2026-02-16,2026-02-16 14:30:00,301.88,301.88,301.58,301.58,-0.1,2953.24,901307.59,-1
2026-02-16,2026-02-16 14:40:00,301.58,301.58,301.29,301.29,-0.1,2953.24,901307.59,-1
2026-02-16,2026-02-16 14:50:00,301.29,301.29,301.0,301.0,-0.1,2953.24,901307.59,-1
2026-02-16,2026-02-16 15:00:00,301.0,313.5,301.0,301.0,0.0,2953.24,901307.59,0
2026-02-17,2026-02-17 11:00:00,300.0,301.74,297.6,299.83,-0.06,3191.96,948440.8,-1
2026-02-17,2026-02-17 11:10:00,299.83,299.83,299.67,299.67,-0.05,3191.96,948440.8,-1
2026-02-17,2026-02-17 11:20:00,299.67,299.67,299.5,299.5,-0.06,3191.96,948440.8,-1
2026-02-17,2026-02-17 11:30:00,299.5,299.5,299.33,299.33,-0.06,3191.96,948440.8,-1
2026-02-17,2026-02-17 11:40:00,299.33,299.33,299.17,299.17,-0.05,3191.96,948440.8,-1
2026-02-17,2026-02-17 11:50:00,299.17,299.17,299.0,299.0,-0.06,3191.96,948440.8,-1
2026-02-17,2026-02-17 12:00:00,299.0,299.0,298.83,298.83,-0.06,3191.96,948440.8,-1
2026-02-17,2026-02-17 12:10:00,298.83,298.83,298.67,298.67,-0.05,3191.96,948440.8,-1
2026-02-17,2026-02-17 12:20:00,298.67,298.67,298.5,298.5,-0.06,3191.96,948440.8,-1
2026-02-17,2026-02-17 12:30:00,298.5,298.5,298.33,298.33,-0.06,3191.96,948440.8,-1
2026-02-17,2026-02-17 12:40:00,298.33,298.33,298.17,298.17,-0.05,3191.96,948440.8,-1
2026-02-17,2026-02-17 12:50:00,298.17,298.17,298.0,298.0,-0.06,3191.96,948440.8,-1
2026-02-17,2026-02-17 13:00:00,298.0,305.8,292.0,297.83,-0.06,3191.96,948440.8,-1
2026-02-17,2026-02-17 13:10:00,297.83,297.83,297.67,297.67,-0.05,3191.96,948440.8,-1
2026-02-17,2026-02-17 13:20:00,297.67,297.67,297.5,297.5,-0.06,3191.96,948440.8,-1
2026-02-17,2026-02-17 13:30:00,297.5,297.5,297.33,297.33,-0.06,3191.96,948440.8,-1
2026-02-17,2026-02-17 13:40:00,297.33,297.33,297.17,297.17,-0.05,3191.96,948440.8,-1
2026-02-17,2026-02-17 13:50:00,297.17,297.17,297.0,297.0,-0.06,3191.96,948440.8,-1
2026-02-17,2026-02-17 14:00:00,297.0,297.0,296.83,296.83,-0.06,3191.96,948440.8,-1
2026-02-17,2026-02-17 14:10:00,296.83,296.83,296.67,296.67,-0.05,3191.96,948440.8,-1
2026-02-17,2026-02-17 14:20:00,296.67,296.67,296.5,296.5,-0.06,3191.96,948440.8,-1
2026-02-17,2026-02-17 14:30:00,296.5,296.5,296.33,296.33,-0.06,3191.96,948440.8,-1
2026-02-17,2026-02-17 14:40:00,296.33,296.33,296.17,296.17,-0.05,3191.96,948440.8,-1
2026-02-17,2026-02-17 14:50:00,296.17,296.17,296.0,296.0,-0.06,3191.96,948440.8,-1
2026-02-17,2026-02-17 15:00:00,296.0,305.8,292.0,296.0,0.0,3191.96,948440.8,0
2026-02-22,2026-02-22 11:00:00,295.0,295.03,291.4,294.67,-0.11,3015.32,865243.57,-1
2026-02-22,2026-02-22 11:10:00,294.67,294.67,294.33,294.33,-0.12,3015.32,865243.57,-1
2026-02-22,2026-02-22 11:20:00,294.33,294.33,294.0,294.0,-0.11,3015.32,865243.57,-1
2026-02-22,2026-02-22 11:30:00,294.0,294.0,293.67,293.67,-0.11,3015.32,865243.57,-1
2026-02-22,2026-02-22 11:40:00,293.67,293.67,293.33,293.33,-0.12,3015.32,865243.57,-1
2026-02-22,2026-02-22 11:50:00,293.33,293.33,293.0,293.0,-0.11,3015.32,865243.57,-1
2026-02-22,2026-02-22 12:00:00,293.0,293.0,292.67,292.67,-0.11,3015.32,865243.57,-1
2026-02-22,2026-02-22 12:10:00,292.67,292.67,292.33,292.33,-0.12,3015.32,865243.57,-1
2026-02-22,2026-02-22 12:20:00,292.33,292.33,292.0,292.0,-0.11,3015.32,865243.57,-1
2026-02-22,2026-02-22 12:30:00,292.0,292.0,291.67,291.67,-0.11,3015.32,865243.57,-1
2026-02-22,2026-02-22 12:40:00,291.67,291.67,291.33,291.33,-0.12,3015.32,865243.57,-1
2026-02-22,2026-02-22 12:50:00,291.33,291.33,291.0,291.0,-0.11,3015.32,865243.57,-1
2026-02-22,2026-02-22 13:00:00,291.0,295.1,283.0,290.67,-0.11,3015.32,865243.57,-1
2026-02-22,2026-02-22 13:10:00,290.67,290.67,290.33,290.33,-0.12,3015.32,865243.57,-1
2026-02-22,2026-02-22 13:20:00,290.33,290.33,290.0,290.0,-0.11,3015.32,865243.57,-1
2026-02-22,2026-02-22 13:30:00,290.0,290.0,289.67,289.67,-0.11,3015.32,865243.57,-1
2026-02-22,2026-02-22 13:40:00,289.67,289.67,289.33,289.33,-0.12,3015.32,865243.57,-1
2026-02-22,2026-02-22 13:50:00,289.33,289.33,289.0,289.0,-0.11,3015.32,865243.57,-1
2026-02-22,2026-02-22 14:00:00,289.0,289.0,288.67,288.67,-0.11,3015.32,865243.57,-1
2026-02-22,2026-02-22 14:10:00,288.67,288.67,288.33,288.33,-0.12,3015.32,865243.57,-1
2026-02-22,2026-02-22 14:20:00,288.33,288.33,288.0,288.0,-0.11,3015.32,865243.57,-1
2026-02-22,2026-02-22 14:30:00,288.0,288.0,287.67,287.67,-0.11,3015.32,865243.57,-1
2026-02-22,2026-02-22 14:40:00,287.67,287.67,287.33,287.33,-0.12,3015.32,865243.57,-1
2026-02-22,2026-02-22 14:50:00,287.33,287.33,287.0,287.0,-0.11,3015.32,865243.57,-1
2026-02-22,2026-02-22 15:00:00,287.0,295.1,283.0,287.0,0.0,3015.32,865243.57,0
2026-02-23,2026-02-23 11:00:00,282.0,284.97,282.0,282.27,0.1,1641.48,473115.1,1
2026-02-23,2026-02-23 11:10:00,282.27,282.53,282.27,282.53,0.09,1641.48,473115.1,1
2026-02-23,2026-02-23 11:20:00,282.53,282.8,282.53,282.8,0.1,1641.48,473115.1,1
2026-02-23,2026-02-23 11:30:00,282.8,283.07,282.8,283.07,0.1,1641.48,473115.1,1
2026-02-23,2026-02-23 11:40:00,283.07,283.33,283.07,283.33,0.09,1641.48,473115.1,1
2026-02-23,2026-02-23 11:50:00,283.33,283.6,283.33,283.6,0.1,1641.48,473115.1,1
2026-02-23,2026-02-23 12:00:00,283.6,283.87,283.6,283.87,0.1,1641.48,473115.1,1
2026-02-23,2026-02-23 12:10:00,283.87,284.13,283.87,284.13,0.09,1641.48,473115.1,1
2026-02-23,2026-02-23 12:20:00,284.13,284.4,284.13,284.4,0.1,1641.48,473115.1,1
2026-02-23,2026-02-23 12:30:00,284.4,284.67,284.4,284.67,0.09,1641.48,473115.1,1
2026-02-23,2026-02-23 12:40:00,284.67,284.93,284.67,284.93,0.09,1641.48,473115.1,1
2026-02-23,2026-02-23 12:50:00,284.93,285.2,284.93,285.2,0.09,1641.48,473115.1,1
2026-02-23,2026-02-23 13:00:00,285.2,291.9,282.0,285.47,0.09,1641.48,473115.1,1
2026-02-23,2026-02-23 13:10:00,285.47,285.73,285.47,285.73,0.09,1641.48,473115.1,1
2026-02-23,2026-02-23 13:20:00,285.73,286.0,285.73,286.0,0.09,1641.48,473115.1,1
2026-02-23,2026-02-23 13:30:00,286.0,286.27,286.0,286.27,0.09,1641.48,473115.1,1
2026-02-23,2026-02-23 13:40:00,286.27,286.53,286.27,286.53,0.09,1641.48,473115.1,1
2026-02-23,2026-02-23 13:50:00,286.53,286.8,286.53,286.8,0.09,1641.48,473115.1,1
2026-02-23,2026-02-23 14:00:00,286.8,287.07,286.8,287.07,0.09,1641.48,473115.1,1
2026-02-23,2026-02-23 14:10:00,287.07,287.33,287.07,287.33,0.09,1641.48,473115.1,1
2026-02-23,2026-02-23 14:20:00,287.33,287.6,287.33,287.6,0.09,1641.48,473115.1,1
2026-02-23,2026-02-23 14:30:00,287.6,287.87,287.6,287.87,0.09,1641.48,473115.1,1
2026-02-23,2026-02-23 14:40:00,287.87,288.13,287.87,288.13,0.09,1641.48,473115.1,1
2026-02-23,2026-02-23 14:50:00,288.13,288.4,288.13,288.4,0.09,1641.48,473115.1,1
2026-02-23,2026-02-23 15:00:00,288.4,291.9,282.0,288.4,0.0,1641.48,473115.1,0
2026-02-24,2026-02-24 11:00:00,285.0,287.4,285.0,285.17,0.06,1127.68,324762.01,1
2026-02-24,2026-02-24 11:10:00,285.17,285.33,285.17,285.33,0.06,1127.68,324762.01,1
2026-02-24,2026-02-24 11:20:00,285.33,285.5,285.33,285.5,0.06,1127.68,324762.01,1
2026-02-24,2026-02-24 11:30:00,285.5,285.67,285.5,285.67,0.06,1127.68,324762.01,1
2026-02-24,2026-02-24 11:40:00,285.67,285.83,285.67,285.83,0.06,1127.68,324762.01,1
2026-02-24,2026-02-24 11:50:00,285.83,286.0,285.83,286.0,0.06,1127.68,324762.01,1
2026-02-24,2026-02-24 12:00:00,286.0,286.17,286.0,286.17,0.06,1127.68,324762.01,1
2026-02-24,2026-02-24 12:10:00,286.17,286.33,286.17,286.33,0.06,1127.68,324762.01,1
2026-02-24,2026-02-24 12:20:00,286.33,286.5,286.33,286.5,0.06,1127.68,324762.01,1
2026-02-24,2026-02-24 12:30:00,286.5,286.67,286.5,286.67,0.06,1127.68,324762.01,1
2026-02-24,2026-02-24 12:40:00,286.67,286.83,286.67,286.83,0.06,1127.68,324762.01,1
2026-02-24,2026-02-24 12:50:00,286.83,287.0,286.83,287.0,0.06,1127.68,324762.01,1
2026-02-24,2026-02-24 13:00:00,287.0,293.0,285.0,287.17,0.06,1127.68,324762.01,1
2026-02-24,2026-02-24 13:10:00,287.17,287.33,287.17,287.33,0.06,1127.68,324762.01,1
2026-02-24,2026-02-24 13:20:00,287.33,287.5,287.33,287.5,0.06,1127.68,324762.01,1
2026-02-24,2026-02-24 13:30:00,287.5,287.67,287.5,287.67,0.06,1127.68,324762.01,1
2026-02-24,2026-02-24 13:40:00,287.67,287.83,287.67,287.83,0.06,1127.68,324762.01,1
2026-02-24,2026-02-24 13:50:00,287.83,288.0,287.83,288.0,0.06,1127.68,324762.01,1
2026-02-24,2026-02-24 14:00:00,288.0,288.17,288.0,288.17,0.06,1127.68,324762.01,1
2026-02-24,2026-02-24 14:10:00,288.17,288.33,288.17,288.33,0.06,1127.68,324762.01,1
2026-02-24,2026-02-24 14:20:00,288.33,288.5,288.33,288.5,0.06,1127.68,324762.01,1
2026-02-24,2026-02-24 14:30:00,288.5,288.67,288.5,288.67,0.06,1127.68,324762.01,1
2026-02-24,2026-02-24 14:40:00,288.67,288.83,288.67,288.83,0.06,1127.68,324762.01,1
2026-02-24,2026-02-24 14:50:00,288.83,289.0,288.83,289.0,0.06,1127.68,324762.01,1
2026-02-24,2026-02-24 15:00:00,289.0,293.0,285.0,289.0,0.0,1127.68,324762.01,0
2026-02-25,2026-02-25 11:00:00,290.0,292.04,289.13,290.0,0.0,1256.2,364933.2,0
2026-02-25,2026-02-25 11:10:00,290.0,290.0,290.0,290.0,0.0,1256.2,364933.2,0
2026-02-25,2026-02-25 11:20:00,290.0,290.0,290.0,290.0,0.0,1256.2,364933.2,0
2026-02-25,2026-02-25 11:30:00,290.0,290.0,290.0,290.0,0.0,1256.2,364933.2,0
2026-02-25,2026-02-25 11:40:00,290.0,290.0,290.0,290.0,0.0,1256.2,364933.2,0
2026-02-25,2026-02-25 11:50:00,290.0,290.0,290.0,290.0,0.0,1256.2,364933.2,0
2026-02-25,2026-02-25 12:00:00,290.0,290.0,290.0,290.0,0.0,1256.2,364933.2,0
2026-02-25,2026-02-25 12:10:00,290.0,290.0,290.0,290.0,0.0,1256.2,364933.2,0
2026-02-25,2026-02-25 12:20:00,290.0,290.0,290.0,290.0,0.0,1256.2,364933.2,0
2026-02-25,2026-02-25 12:30:00,290.0,290.0,290.0,290.0,0.0,1256.2,364933.2,0
2026-02-25,2026-02-25 12:40:00,290.0,290.0,290.0,290.0,0.0,1256.2,364933.2,0
2026-02-25,2026-02-25 12:50:00,290.0,290.0,290.0,290.0,0.0,1256.2,364933.2,0
2026-02-25,2026-02-25 13:00:00,290.0,296.8,287.1,290.0,0.0,1256.2,364933.2,0
2026-02-25,2026-02-25 13:10:00,290.0,290.0,290.0,290.0,0.0,1256.2,364933.2,0
2026-02-25,2026-02-25 13:20:00,290.0,290.0,290.0,290.0,0.0,1256.2,364933.2,0
2026-02-25,2026-02-25 13:30:00,290.0,290.0,290.0,290.0,0.0,1256.2,364933.2,0
2026-02-25,2026-02-25 13:40:00,290.0,290.0,290.0,290.0,0.0,1256.2,364933.2,0
2026-02-25,2026-02-25 13:50:00,290.0,290.0,290.0,290.0,0.0,1256.2,364933.2,0
2026-02-25,2026-02-25 14:00:00,290.0,290.0,290.0,290.0,0.0,1256.2,364933.2,0
2026-02-25,2026-02-25 14:10:00,290.0,290.0,290.0,290.0,0.0,1256.2,364933.2,0
2026-02-25,2026-02-25 14:20:00,290.0,290.0,290.0,290.0,0.0,1256.2,364933.2,0
2026-02-25,2026-02-25 14:30:00,290.0,290.0,290.0,290.0,0.0,1256.2,364933.2,0
2026-02-25,2026-02-25 14:40:00,290.0,290.0,290.0,290.0,0.0,1256.2,364933.2,0
2026-02-25,2026-02-25 14:50:00,290.0,290.0,290.0,290.0,0.0,1256.2,364933.2,0
2026-02-25,2026-02-25 15:00:00,290.0,296.8,287.1,290.0,0.0,1256.2,364933.2,0
2026-02-26,2026-02-26 11:00:00,287.2,289.54,287.2,287.32,0.04,1140.64,331422.29,1
2026-02-26,2026-02-26 11:10:00,287.32,287.43,287.32,287.43,0.04,1140.64,331422.29,1
2026-02-26,2026-02-26 11:20:00,287.43,287.55,287.43,287.55,0.04,1140.64,331422.29,1
2026-02-26,2026-02-26 11:30:00,287.55,287.67,287.55,287.67,0.04,1140.64,331422.29,1
2026-02-26,2026-02-26 11:40:00,287.67,287.78,287.67,287.78,0.04,1140.64,331422.29,1
2026-02-26,2026-02-26 11:50:00,287.78,287.9,287.78,287.9,0.04,1140.64,331422.29,1
2026-02-26,2026-02-26 12:00:00,287.9,288.02,287.9,288.02,0.04,1140.64,331422.29,1
2026-02-26,2026-02-26 12:10:00,288.02,288.13,288.02,288.13,0.04,1140.64,331422.29,1
2026-02-26,2026-02-26 12:20:00,288.13,288.25,288.13,288.25,0.04,1140.64,331422.29,1
2026-02-26,2026-02-26 12:30:00,288.25,288.37,288.25,288.37,0.04,1140.64,331422.29,1
2026-02-26,2026-02-26 12:40:00,288.37,288.48,288.37,288.48,0.04,1140.64,331422.29,1
2026-02-26,2026-02-26 12:50:00,288.48,288.6,288.48,288.6,0.04,1140.64,331422.29,1
2026-02-26,2026-02-26 13:00:00,288.6,295.0,287.2,288.72,0.04,1140.64,331422.29,1
2026-02-26,2026-02-26 13:10:00,288.72,288.83,288.72,288.83,0.04,1140.64,331422.29,1
2026-02-26,2026-02-26 13:20:00,288.83,288.95,288.83,288.95,0.04,1140.64,331422.29,1
2026-02-26,2026-02-26 13:30:00,288.95,289.07,288.95,289.07,0.04,1140.64,331422.29,1
2026-02-26,2026-02-26 13:40:00,289.07,289.18,289.07,289.18,0.04,1140.64,331422.29,1
2026-02-26,2026-02-26 13:50:00,289.18,289.3,289.18,289.3,0.04,1140.64,331422.29,1
2026-02-26,2026-02-26 14:00:00,289.3,289.42,289.3,289.42,0.04,1140.64,331422.29,1
2026-02-26,2026-02-26 14:10:00,289.42,289.53,289.42,289.53,0.04,1140.64,331422.29,1
2026-02-26,2026-02-26 14:20:00,289.53,289.65,289.53,289.65,0.04,1140.64,331422.29,1
2026-02-26,2026-02-26 14:30:00,289.65,289.77,289.65,289.77,0.04,1140.64,331422.29,1
2026-02-26,2026-02-26 14:40:00,289.77,289.88,289.77,289.88,0.04,1140.64,331422.29,1
2026-02-26,2026-02-26 14:50:00,289.88,290.0,289.88,290.0,0.04,1140.64,331422.29,1
2026-02-26,2026-02-26 15:00:00,290.0,295.0,287.2,290.0,0.0,1140.64,331422.29,0
2026-03-01,2026-03-01 11:00:00,287.2,289.84,285.04,287.52,0.11,1595.16,463395.13,1
2026-03-01,2026-03-01 11:10:00,287.52,287.85,287.52,287.85,0.11,1595.16,463395.13,1
2026-03-01,2026-03-01 11:20:00,287.85,288.18,287.85,288.18,0.11,1595.16,463395.13,1
2026-03-01,2026-03-01 11:30:00,288.18,288.5,288.18,288.5,0.11,1595.16,463395.13,1
2026-03-01,2026-03-01 11:40:00,288.5,288.82,288.5,288.82,0.11,1595.16,463395.13,1
2026-03-01,2026-03-01 11:50:00,288.82,289.15,288.82,289.15,0.11,1595.16,463395.13,1
2026-03-01,2026-03-01 12:00:00,289.15,289.47,289.15,289.47,0.11,1595.16,463395.13,1
2026-03-01,2026-03-01 12:10:00,289.47,289.8,289.47,289.8,0.11,1595.16,463395.13,1
2026-03-01,2026-03-01 12:20:00,289.8,290.12,289.8,290.12,0.11,1595.16,463395.13,1
2026-03-01,2026-03-01 12:30:00,290.12,290.45,290.12,290.45,0.11,1595.16,463395.13,1
2026-03-01,2026-03-01 12:40:00,290.45,290.77,290.45,290.77,0.11,1595.16,463395.13,1
2026-03-01,2026-03-01 12:50:00,290.77,291.1,290.77,291.1,0.11,1595.16,463395.13,1
2026-03-01,2026-03-01 13:00:00,291.1,296.0,280.0,291.43,0.11,1595.16,463395.13,1
2026-03-01,2026-03-01 13:10:00,291.43,291.75,291.43,291.75,0.11,1595.16,463395.13,1
2026-03-01,2026-03-01 13:20:00,291.75,292.07,291.75,292.07,0.11,1595.16,463395.13,1
2026-03-01,2026-03-01 13:30:00,292.07,292.4,292.07,292.4,0.11,1595.16,463395.13,1
2026-03-01,2026-03-01 13:40:00,292.4,292.73,292.4,292.73,0.11,1595.16,463395.13,1
2026-03-01,2026-03-01 13:50:00,292.73,293.05,292.73,293.05,0.11,1595.16,463395.13,1
2026-03-01,2026-03-01 14:00:00,293.05,293.38,293.05,293.38,0.11,1595.16,463395.13,1
2026-03-01,2026-03-01 14:10:00,293.38,293.7,293.38,293.7,0.11,1595.16,463395.13,1
2026-03-01,2026-03-01 14:20:00,293.7,294.02,293.7,294.02,0.11,1595.16,463395.13,1
2026-03-01,2026-03-01 14:30:00,294.02,294.35,294.02,294.35,0.11,1595.16,463395.13,1
2026-03-01,2026-03-01 14:40:00,294.35,294.68,294.35,294.68,0.11,1595.16,463395.13,1
2026-03-01,2026-03-01 14:50:00,294.68,295.0,294.68,295.0,0.11,1595.16,463395.13,1
2026-03-01,2026-03-01 15:00:00,295.0,296.0,280.0,295.0,0.0,1595.16,463395.13,0
2026-03-03,2026-03-03 11:00:00,290.0,293.57,290.0,290.46,0.16,2491.84,743534.99,1
2026-03-03,2026-03-03 11:10:00,290.46,290.92,290.46,290.92,0.16,2491.84,743534.99,1
2026-03-03,2026-03-03 11:20:00,290.92,291.38,290.92,291.38,0.16,2491.84,743534.99,1
2026-03-03,2026-03-03 11:30:00,291.38,291.83,291.38,291.83,0.15,2491.84,743534.99,1
2026-03-03,2026-03-03 11:40:00,291.83,292.29,291.83,292.29,0.16,2491.84,743534.99,1
2026-03-03,2026-03-03 11:50:00,292.29,292.75,292.29,292.75,0.16,2491.84,743534.99,1
2026-03-03,2026-03-03 12:00:00,292.75,293.21,292.75,293.21,0.16,2491.84,743534.99,1
2026-03-03,2026-03-03 12:10:00,293.21,293.67,293.21,293.67,0.16,2491.84,743534.99,1
2026-03-03,2026-03-03 12:20:00,293.67,294.12,293.67,294.12,0.15,2491.84,743534.99,1
2026-03-03,2026-03-03 12:30:00,294.12,294.58,294.12,294.58,0.16,2491.84,743534.99,1
2026-03-03,2026-03-03 12:40:00,294.58,295.04,294.58,295.04,0.16,2491.84,743534.99,1
2026-03-03,2026-03-03 12:50:00,295.04,295.5,295.04,295.5,0.16,2491.84,743534.99,1
2026-03-03,2026-03-03 13:00:00,295.5,301.9,290.0,295.96,0.16,2491.84,743534.99,1
2026-03-03,2026-03-03 13:10:00,295.96,296.42,295.96,296.42,0.16,2491.84,743534.99,1
2026-03-03,2026-03-03 13:20:00,296.42,296.88,296.42,296.88,0.16,2491.84,743534.99,1
2026-03-03,2026-03-03 13:30:00,296.88,297.33,296.88,297.33,0.15,2491.84,743534.99,1
2026-03-03,2026-03-03 13:40:00,297.33,297.79,297.33,297.79,0.15,2491.84,743534.99,1
2026-03-03,2026-03-03 13:50:00,297.79,298.25,297.79,298.25,0.15,2491.84,743534.99,1
2026-03-03,2026-03-03 14:00:00,298.25,298.71,298.25,298.71,0.15,2491.84,743534.99,1
2026-03-03,2026-03-03 14:10:00,298.71,299.17,298.71,299.17,0.15,2491.84,743534.99,1
2026-03-03,2026-03-03 14:20:00,299.17,299.62,299.17,299.62,0.15,2491.84,743534.99,1
2026-03-03,2026-03-03 14:30:00,299.62,300.08,299.62,300.08,0.15,2491.84,743534.99,1
2026-03-03,2026-03-03 14:40:00,300.08,300.54,300.08,300.54,0.15,2491.84,743534.99,1
2026-03-03,2026-03-03 14:50:00,300.54,301.0,300.54,301.0,0.15,2491.84,743534.99,1
2026-03-03,2026-03-03 15:00:00,301.0,301.9,290.0,301.0,0.0,2491.84,743534.99,0
2026-03-09,2026-03-09 11:00:00,307.0,312.49,307.0,307.62,0.2,69.8,22256.36,1
2026-03-09,2026-03-09 11:10:00,307.62,308.25,307.62,308.25,0.2,69.8,22256.36,1
2026-03-09,2026-03-09 11:20:00,308.25,308.88,308.25,308.88,0.2,69.8,22256.36,1
2026-03-09,2026-03-09 11:30:00,308.88,309.5,308.88,309.5,0.2,69.8,22256.36,1
2026-03-09,2026-03-09 11:40:00,309.5,310.12,309.5,310.12,0.2,69.8,22256.36,1
2026-03-09,2026-03-09 11:50:00,310.12,310.75,310.12,310.75,0.2,69.8,22256.36,1
2026-03-09,2026-03-09 12:00:00,310.75,311.38,310.75,311.38,0.2,69.8,22256.36,1
2026-03-09,2026-03-09 12:10:00,311.38,312.0,311.38,312.0,0.2,69.8,22256.36,1
2026-03-09,2026-03-09 12:20:00,312.0,312.62,312.0,312.62,0.2,69.8,22256.36,1
2026-03-09,2026-03-09 12:30:00,312.62,313.25,312.62,313.25,0.2,69.8,22256.36,1
2026-03-09,2026-03-09 12:40:00,313.25,313.88,313.25,313.88,0.2,69.8,22256.36,1
2026-03-09,2026-03-09 12:50:00,313.88,314.5,313.88,314.5,0.2,69.8,22256.36,1
2026-03-09,2026-03-09 13:00:00,314.5,325.3,307.0,315.12,0.2,69.8,22256.36,1
2026-03-09,2026-03-09 13:10:00,315.12,315.75,315.12,315.75,0.2,69.8,22256.36,1
2026-03-09,2026-03-09 13:20:00,315.75,316.38,315.75,316.38,0.2,69.8,22256.36,1
2026-03-09,2026-03-09 13:30:00,316.38,317.0,316.38,317.0,0.2,69.8,22256.36,1
2026-03-09,2026-03-09 13:40:00,317.0,317.62,317.0,317.62,0.2,69.8,22256.36,1
2026-03-09,2026-03-09 13:50:00,317.62,318.25,317.62,318.25,0.2,69.8,22256.36,1
2026-03-09,2026-03-09 14:00:00,318.25,318.88,318.25,318.88,0.2,69.8,22256.36,1
2026-03-09,2026-03-09 14:10:00,318.88,319.5,318.88,319.5,0.19,69.8,22256.36,1
2026-03-09,2026-03-09 14:20:00,319.5,320.12,319.5,320.12,0.19,69.8,22256.36,1
2026-03-09,2026-03-09 14:30:00,320.12,320.75,320.12,320.75,0.2,69.8,22256.36,1
2026-03-09,2026-03-09 14:40:00,320.75,321.38,320.75,321.38,0.2,69.8,22256.36,1
2026-03-09,2026-03-09 14:50:00,321.38,322.0,321.38,322.0,0.19,69.8,22256.36,1
2026-03-09,2026-03-09 15:00:00,322.0,325.3,307.0,322.0,0.0,69.8,22256.36,0
2026-03-10,2026-03-10 11:00:00,328.0,328.0,322.3,327.33,-0.2,7119.84,2245948.11,-1
2026-03-10,2026-03-10 11:10:00,327.33,327.33,326.66,326.66,-0.2,7119.84,2245948.11,-1
2026-03-10,2026-03-10 11:20:00,326.66,326.66,325.99,325.99,-0.21,7119.84,2245948.11,-1
2026-03-10,2026-03-10 11:30:00,325.99,325.99,325.32,325.32,-0.21,7119.84,2245948.11,-1
2026-03-10,2026-03-10 11:40:00,325.32,325.32,324.65,324.65,-0.21,7119.84,2245948.11,-1
2026-03-10,2026-03-10 11:50:00,324.65,324.65,323.98,323.98,-0.21,7119.84,2245948.11,-1
2026-03-10,2026-03-10 12:00:00,323.98,323.98,323.3,323.3,-0.21,7119.84,2245948.11,-1
2026-03-10,2026-03-10 12:10:00,323.3,323.3,322.63,322.63,-0.21,7119.84,2245948.11,-1
2026-03-10,2026-03-10 12:20:00,322.63,322.63,321.96,321.96,-0.21,7119.84,2245948.11,-1
2026-03-10,2026-03-10 12:30:00,321.96,321.96,321.29,321.29,-0.21,7119.84,2245948.11,-1
2026-03-10,2026-03-10 12:40:00,321.29,321.29,320.62,320.62,-0.21,7119.84,2245948.11,-1
2026-03-10,2026-03-10 12:50:00,320.62,320.62,319.95,319.95,-0.21,7119.84,2245948.11,-1
2026-03-10,2026-03-10 13:00:00,319.95,328.0,309.0,319.28,-0.21,7119.84,2245948.11,-1
2026-03-10,2026-03-10 13:10:00,319.28,319.28,318.61,318.61,-0.21,7119.84,2245948.11,-1
2026-03-10,2026-03-10 13:20:00,318.61,318.61,317.94,317.94,-0.21,7119.84,2245948.11,-1
2026-03-10,2026-03-10 13:30:00,317.94,317.94,317.27,317.27,-0.21,7119.84,2245948.11,-1
2026-03-10,2026-03-10 13:40:00,317.27,317.27,316.6,316.6,-0.21,7119.84,2245948.11,-1
2026-03-10,2026-03-10 13:50:00,316.6,316.6,315.92,315.92,-0.21,7119.84,2245948.11,-1
2026-03-10,2026-03-10 14:00:00,315.92,315.92,315.25,315.25,-0.21,7119.84,2245948.11,-1
2026-03-10,2026-03-10 14:10:00,315.25,315.25,314.58,314.58,-0.21,7119.84,2245948.11,-1
2026-03-10,2026-03-10 14:20:00,314.58,314.58,313.91,313.91,-0.21,7119.84,2245948.11,-1
2026-03-10,2026-03-10 14:30:00,313.91,313.91,313.24,313.24,-0.21,7119.84,2245948.11,-1
2026-03-10,2026-03-10 14:40:00,313.24,313.24,312.57,312.57,-0.21,7119.84,2245948.11,-1
2026-03-10,2026-03-10 14:50:00,312.57,312.57,311.9,311.9,-0.21,7119.84,2245948.11,-1
2026-03-10,2026-03-10 15:00:00,311.9,328.0,309.0,311.9,0.0,7119.84,2245948.11,0
2026-03-11,2026-03-11 11:00:00,312.0,313.8,310.83,311.92,-0.03,3679.64,1154304.95,-1
2026-03-11,2026-03-11 11:10:00,311.92,311.92,311.83,311.83,-0.03,3679.64,1154304.95,-1
2026-03-11,2026-03-11 11:20:00,311.83,311.83,311.75,311.75,-0.03,3679.64,1154304.95,-1
2026-03-11,2026-03-11 11:30:00,311.75,311.75,311.67,311.67,-0.03,3679.64,1154304.95,-1
2026-03-11,2026-03-11 11:40:00,311.67,311.67,311.58,311.58,-0.03,3679.64,1154304.95,-1
2026-03-11,2026-03-11 11:50:00,311.58,311.58,311.5,311.5,-0.03,3679.64,1154304.95,-1
2026-03-11,2026-03-11 12:00:00,311.5,311.5,311.42,311.42,-0.03,3679.64,1154304.95,-1
2026-03-11,2026-03-11 12:10:00,311.42,311.42,311.33,311.33,-0.03,3679.64,1154304.95,-1
2026-03-11,2026-03-11 12:20:00,311.33,311.33,311.25,311.25,-0.03,3679.64,1154304.95,-1
2026-03-11,2026-03-11 12:30:00,311.25,311.25,311.17,311.17,-0.03,3679.64,1154304.95,-1
2026-03-11,2026-03-11 12:40:00,311.17,311.17,311.08,311.08,-0.03,3679.64,1154304.95,-1
2026-03-11,2026-03-11 12:50:00,311.08,311.08,311.0,311.0,-0.03,3679.64,1154304.95,-1
2026-03-11,2026-03-11 13:00:00,311.0,318.0,308.1,310.92,-0.03,3679.64,1154304.95,-1
2026-03-11,2026-03-11 13:10:00,310.92,310.92,310.83,310.83,-0.03,3679.64,1154304.95,-1
2026-03-11,2026-03-11 13:20:00,310.83,310.83,310.75,310.75,-0.03,3679.64,1154304.95,-1
2026-03-11,2026-03-11 13:30:00,310.75,310.75,310.67,310.67,-0.03,3679.64,1154304.95,-1
2026-03-11,2026-03-11 13:40:00,310.67,310.67,310.58,310.58,-0.03,3679.64,1154304.95,-1
2026-03-11,2026-03-11 13:50:00,310.58,310.58,310.5,310.5,-0.03,3679.64,1154304.95,-1
2026-03-11,2026-03-11 14:00:00,310.5,310.5,310.42,310.42,-0.03,3679.64,1154304.95,-1
2026-03-11,2026-03-11 14:10:00,310.42,310.42,310.33,310.33,-0.03,3679.64,1154304.95,-1
2026-03-11,2026-03-11 14:20:00,310.33,310.33,310.25,310.25,-0.03,3679.64,1154304.95,-1
2026-03-11,2026-03-11 14:30:00,310.25,310.25,310.17,310.17,-0.03,3679.64,1154304.95,-1
2026-03-11,2026-03-11 14:40:00,310.17,310.17,310.08,310.08,-0.03,3679.64,1154304.95,-1
2026-03-11,2026-03-11 14:50:00,310.08,310.08,310.0,310.0,-0.03,3679.64,1154304.95,-1
2026-03-11,2026-03-11 15:00:00,310.0,318.0,308.1,310.0,0.0,3679.64,1154304.95,0
2026-03-12,2026-03-12 11:00:00,310.0,312.97,310.0,310.21,0.07,3483.36,1099777.63,1
2026-03-12,2026-03-12 11:10:00,310.21,310.43,310.21,310.43,0.07,3483.36,1099777.63,1
2026-03-12,2026-03-12 11:20:00,310.43,310.64,310.43,310.64,0.07,3483.36,1099777.63,1
2026-03-12,2026-03-12 11:30:00,310.64,310.85,310.64,310.85,0.07,3483.36,1099777.63,1
2026-03-12,2026-03-12 11:40:00,310.85,311.06,310.85,311.06,0.07,3483.36,1099777.63,1
2026-03-12,2026-03-12 11:50:00,311.06,311.27,311.06,311.27,0.07,3483.36,1099777.63,1
2026-03-12,2026-03-12 12:00:00,311.27,311.49,311.27,311.49,0.07,3483.36,1099777.63,1
2026-03-12,2026-03-12 12:10:00,311.49,311.7,311.49,311.7,0.07,3483.36,1099777.63,1
2026-03-12,2026-03-12 12:20:00,311.7,311.91,311.7,311.91,0.07,3483.36,1099777.63,1
2026-03-12,2026-03-12 12:30:00,311.91,312.12,311.91,312.12,0.07,3483.36,1099777.63,1
2026-03-12,2026-03-12 12:40:00,312.12,312.34,312.12,312.34,0.07,3483.36,1099777.63,1
2026-03-12,2026-03-12 12:50:00,312.34,312.55,312.34,312.55,0.07,3483.36,1099777.63,1
2026-03-12,2026-03-12 13:00:00,312.55,319.9,310.0,312.76,0.07,3483.36,1099777.63,1
2026-03-12,2026-03-12 13:10:00,312.76,312.98,312.76,312.98,0.07,3483.36,1099777.63,1
2026-03-12,2026-03-12 13:20:00,312.98,313.19,312.98,313.19,0.07,3483.36,1099777.63,1
2026-03-12,2026-03-12 13:30:00,313.19,313.4,313.19,313.4,0.07,3483.36,1099777.63,1
2026-03-12,2026-03-12 13:40:00,313.4,313.61,313.4,313.61,0.07,3483.36,1099777.63,1
2026-03-12,2026-03-12 13:50:00,313.61,313.83,313.61,313.83,0.07,3483.36,1099777.63,1
2026-03-12,2026-03-12 14:00:00,313.83,314.04,313.83,314.04,0.07,3483.36,1099777.63,1
2026-03-12,2026-03-12 14:10:00,314.04,314.25,314.04,314.25,0.07,3483.36,1099777.63,1
2026-03-12,2026-03-12 14:20:00,314.25,314.46,314.25,314.46,0.07,3483.36,1099777.63,1
2026-03-12,2026-03-12 14:30:00,314.46,314.68,314.46,314.68,0.07,3483.36,1099777.63,1
2026-03-12,2026-03-12 14:40:00,314.68,314.89,314.68,314.89,0.07,3483.36,1099777.63,1
2026-03-12,2026-03-12 14:50:00,314.89,315.1,314.89,315.1,0.07,3483.36,1099777.63,1
2026-03-12,2026-03-12 15:00:00,315.1,319.9,310.0,315.1,0.0,3483.36,1099777.63,0
2026-03-15,2026-03-15 11:00:00,316.0,317.5,314.8,316.03,0.01,2401.88,758733.04,1
2026-03-15,2026-03-15 11:10:00,316.03,316.07,316.03,316.07,0.01,2401.88,758733.04,1
2026-03-15,2026-03-15 11:20:00,316.07,316.1,316.07,316.1,0.01,2401.88,758733.04,1
2026-03-15,2026-03-15 11:30:00,316.1,316.13,316.1,316.13,0.01,2401.88,758733.04,1
2026-03-15,2026-03-15 11:40:00,316.13,316.17,316.13,316.17,0.01,2401.88,758733.04,1
2026-03-15,2026-03-15 11:50:00,316.17,316.2,316.17,316.2,0.01,2401.88,758733.04,1
2026-03-15,2026-03-15 12:00:00,316.2,316.23,316.2,316.23,0.01,2401.88,758733.04,1
2026-03-15,2026-03-15 12:10:00,316.23,316.27,316.23,316.27,0.01,2401.88,758733.04,1
2026-03-15,2026-03-15 12:20:00,316.27,316.3,316.27,316.3,0.01,2401.88,758733.04,1
2026-03-15,2026-03-15 12:30:00,316.3,316.33,316.3,316.33,0.01,2401.88,758733.04,1
2026-03-15,2026-03-15 12:40:00,316.33,316.37,316.33,316.37,0.01,2401.88,758733.04,1
2026-03-15,2026-03-15 12:50:00,316.37,316.4,316.37,316.4,0.01,2401.88,758733.04,1
2026-03-15,2026-03-15 13:00:00,316.4,321.0,312.0,316.43,0.01,2401.88,758733.04,1
2026-03-15,2026-03-15 13:10:00,316.43,316.47,316.43,316.47,0.01,2401.88,758733.04,1
2026-03-15,2026-03-15 13:20:00,316.47,316.5,316.47,316.5,0.01,2401.88,758733.04,1
2026-03-15,2026-03-15 13:30:00,316.5,316.53,316.5,316.53,0.01,2401.88,758733.04,1
2026-03-15,2026-03-15 13:40:00,316.53,316.57,316.53,316.57,0.01,2401.88,758733.04,1
2026-03-15,2026-03-15 13:50:00,316.57,316.6,316.57,316.6,0.01,2401.88,758733.04,1
2026-03-15,2026-03-15 14:00:00,316.6,316.63,316.6,316.63,0.01,2401.88,758733.04,1
2026-03-15,2026-03-15 14:10:00,316.63,316.67,316.63,316.67,0.01,2401.88,758733.04,1
2026-03-15,2026-03-15 14:20:00,316.67,316.7,316.67,316.7,0.01,2401.88,758733.04,1
2026-03-15,2026-03-15 14:30:00,316.7,316.73,316.7,316.73,0.01,2401.88,758733.04,1
2026-03-15,2026-03-15 14:40:00,316.73,316.77,316.73,316.77,0.01,2401.88,758733.04,1
2026-03-15,2026-03-15 14:50:00,316.77,316.8,316.77,316.8,0.01,2401.88,758733.04,1
2026-03-15,2026-03-15 15:00:00,316.8,321.0,312.0,316.8,0.0,2401.88,758733.04,0
2026-03-16,2026-03-16 11:00:00,311.5,314.74,311.05,311.48,-0.01,3102.72,973164.18,-1
2026-03-16,2026-03-16 11:10:00,311.48,311.48,311.46,311.46,-0.01,3102.72,973164.18,-1
2026-03-16,2026-03-16 11:20:00,311.46,311.46,311.44,311.44,-0.01,3102.72,973164.18,-1
2026-03-16,2026-03-16 11:30:00,311.44,311.44,311.42,311.42,-0.01,3102.72,973164.18,-1
2026-03-16,2026-03-16 11:40:00,311.42,311.42,311.4,311.4,-0.01,3102.72,973164.18,-1
2026-03-16,2026-03-16 11:50:00,311.4,311.4,311.38,311.38,-0.01,3102.72,973164.18,-1
2026-03-16,2026-03-16 12:00:00,311.38,311.38,311.35,311.35,-0.01,3102.72,973164.18,-1
2026-03-16,2026-03-16 12:10:00,311.35,311.35,311.33,311.33,-0.01,3102.72,973164.18,-1
2026-03-16,2026-03-16 12:20:00,311.33,311.33,311.31,311.31,-0.01,3102.72,973164.18,-1
2026-03-16,2026-03-16 12:30:00,311.31,311.31,311.29,311.29,-0.01,3102.72,973164.18,-1
2026-03-16,2026-03-16 12:40:00,311.29,311.29,311.27,311.27,-0.01,3102.72,973164.18,-1
2026-03-16,2026-03-16 12:50:00,311.27,311.27,311.25,311.25,-0.01,3102.72,973164.18,-1
2026-03-16,2026-03-16 13:00:00,311.25,322.3,310.0,311.23,-0.01,3102.72,973164.18,-1
2026-03-16,2026-03-16 13:10:00,311.23,311.23,311.21,311.21,-0.01,3102.72,973164.18,-1
2026-03-16,2026-03-16 13:20:00,311.21,311.21,311.19,311.19,-0.01,3102.72,973164.18,-1
2026-03-16,2026-03-16 13:30:00,311.19,311.19,311.17,311.17,-0.01,3102.72,973164.18,-1
2026-03-16,2026-03-16 13:40:00,311.17,311.17,311.15,311.15,-0.01,3102.72,973164.18,-1
2026-03-16,2026-03-16 13:50:00,311.15,311.15,311.12,311.12,-0.01,3102.72,973164.18,-1
2026-03-16,2026-03-16 14:00:00,311.12,311.12,311.1,311.1,-0.01,3102.72,973164.18,-1
2026-03-16,2026-03-16 14:10:00,311.1,311.1,311.08,311.08,-0.01,3102.72,973164.18,-1
2026-03-16,2026-03-16 14:20:00,311.08,311.08,311.06,311.06,-0.01,3102.72,973164.18,-1
2026-03-16,2026-03-16 14:30:00,311.06,311.06,311.04,311.04,-0.01,3102.72,973164.18,-1
2026-03-16,2026-03-16 14:40:00,311.04,311.04,311.02,311.02,-0.01,3102.72,973164.18,-1
2026-03-16,2026-03-16 14:50:00,311.02,311.02,311.0,311.0,-0.01,3102.72,973164.18,-1
2026-03-16,2026-03-16 15:00:00,311.0,322.3,310.0,311.0,0.0,3102.72,973164.18,0
2026-03-17,2026-03-17 11:00:00,310.0,311.83,308.56,310.25,0.08,2482.44,775290.02,1
2026-03-17,2026-03-17 11:10:00,310.25,310.5,310.25,310.5,0.08,2482.44,775290.02,1
2026-03-17,2026-03-17 11:20:00,310.5,310.75,310.5,310.75,0.08,2482.44,775290.02,1
2026-03-17,2026-03-17 11:30:00,310.75,311.0,310.75,311.0,0.08,2482.44,775290.02,1
2026-03-17,2026-03-17 11:40:00,311.0,311.25,311.0,311.25,0.08,2482.44,775290.02,1
2026-03-17,2026-03-17 11:50:00,311.25,311.5,311.25,311.5,0.08,2482.44,775290.02,1
2026-03-17,2026-03-17 12:00:00,311.5,311.75,311.5,311.75,0.08,2482.44,775290.02,1
2026-03-17,2026-03-17 12:10:00,311.75,312.0,311.75,312.0,0.08,2482.44,775290.02,1
2026-03-17,2026-03-17 12:20:00,312.0,312.25,312.0,312.25,0.08,2482.44,775290.02,1
2026-03-17,2026-03-17 12:30:00,312.25,312.5,312.25,312.5,0.08,2482.44,775290.02,1
2026-03-17,2026-03-17 12:40:00,312.5,312.75,312.5,312.75,0.08,2482.44,775290.02,1
2026-03-17,2026-03-17 12:50:00,312.75,313.0,312.75,313.0,0.08,2482.44,775290.02,1
2026-03-17,2026-03-17 13:00:00,313.0,316.1,305.2,313.25,0.08,2482.44,775290.02,1
2026-03-17,2026-03-17 13:10:00,313.25,313.5,313.25,313.5,0.08,2482.44,775290.02,1
2026-03-17,2026-03-17 13:20:00,313.5,313.75,313.5,313.75,0.08,2482.44,775290.02,1
2026-03-17,2026-03-17 13:30:00,313.75,314.0,313.75,314.0,0.08,2482.44,775290.02,1
2026-03-17,2026-03-17 13:40:00,314.0,314.25,314.0,314.25,0.08,2482.44,775290.02,1
2026-03-17,2026-03-17 13:50:00,314.25,314.5,314.25,314.5,0.08,2482.44,775290.02,1
2026-03-17,2026-03-17 14:00:00,314.5,314.75,314.5,314.75,0.08,2482.44,775290.02,1
2026-03-17,2026-03-17 14:10:00,314.75,315.0,314.75,315.0,0.08,2482.44,775290.02,1
2026-03-17,2026-03-17 14:20:00,315.0,315.25,315.0,315.25,0.08,2482.44,775290.02,1
2026-03-17,2026-03-17 14:30:00,315.25,315.5,315.25,315.5,0.08,2482.44,775290.02,1
2026-03-17,2026-03-17 14:40:00,315.5,315.75,315.5,315.75,0.08,2482.44,775290.02,1
2026-03-17,2026-03-17 14:50:00,315.75,316.0,315.75,316.0,0.08,2482.44,775290.02,1
2026-03-17,2026-03-17 15:00:00,316.0,316.1,305.2,316.0,0.0,2482.44,775290.02,0
2026-03-19,2026-03-19 11:00:00,320.0,323.75,318.83,320.21,0.07,9968.8,3246231.97,1
2026-03-19,2026-03-19 11:10:00,320.21,320.42,320.21,320.42,0.07,9968.8,3246231.97,1
2026-03-19,2026-03-19 11:20:00,320.42,320.62,320.42,320.62,0.06,9968.8,3246231.97,1
2026-03-19,2026-03-19 11:30:00,320.62,320.83,320.62,320.83,0.07,9968.8,3246231.97,1
2026-03-19,2026-03-19 11:40:00,320.83,321.04,320.83,321.04,0.07,9968.8,3246231.97,1
2026-03-19,2026-03-19 11:50:00,321.04,321.25,321.04,321.25,0.07,9968.8,3246231.97,1
2026-03-19,2026-03-19 12:00:00,321.25,321.46,321.25,321.46,0.07,9968.8,3246231.97,1
2026-03-19,2026-03-19 12:10:00,321.46,321.67,321.46,321.67,0.07,9968.8,3246231.97,1
2026-03-19,2026-03-19 12:20:00,321.67,321.88,321.67,321.88,0.07,9968.8,3246231.97,1
2026-03-19,2026-03-19 12:30:00,321.88,322.08,321.88,322.08,0.06,9968.8,3246231.97,1
2026-03-19,2026-03-19 12:40:00,322.08,322.29,322.08,322.29,0.07,9968.8,3246231.97,1
2026-03-19,2026-03-19 12:50:00,322.29,322.5,322.29,322.5,0.07,9968.8,3246231.97,1
2026-03-19,2026-03-19 13:00:00,322.5,332.5,316.1,322.71,0.07,9968.8,3246231.97,1
2026-03-19,2026-03-19 13:10:00,322.71,322.92,322.71,322.92,0.07,9968.8,3246231.97,1
2026-03-19,2026-03-19 13:20:00,322.92,323.12,322.92,323.12,0.06,9968.8,3246231.97,1
2026-03-19,2026-03-19 13:30:00,323.12,323.33,323.12,323.33,0.06,9968.8,3246231.97,1
2026-03-19,2026-03-19 13:40:00,323.33,323.54,323.33,323.54,0.06,9968.8,3246231.97,1
2026-03-19,2026-03-19 13:50:00,323.54,323.75,323.54,323.75,0.06,9968.8,3246231.97,1
2026-03-19,2026-03-19 14:00:00,323.75,323.96,323.75,323.96,0.06,9968.8,3246231.97,1
2026-03-19,2026-03-19 14:10:00,323.96,324.17,323.96,324.17,0.06,9968.8,3246231.97,1
2026-03-19,2026-03-19 14:20:00,324.17,324.38,324.17,324.38,0.06,9968.8,3246231.97,1
2026-03-19,2026-03-19 14:30:00,324.38,324.58,324.38,324.58,0.06,9968.8,3246231.97,1
2026-03-19,2026-03-19 14:40:00,324.58,324.79,324.58,324.79,0.06,9968.8,3246231.97,1
2026-03-19,2026-03-19 14:50:00,324.79,325.0,324.79,325.0,0.06,9968.8,3246231.97,1
2026-03-19,2026-03-19 15:00:00,325.0,332.5,316.1,325.0,0.0,9968.8,3246231.97,0
2026-03-22,2026-03-22 11:00:00,330.0,330.0,325.5,329.62,-0.12,4633.0,1480606.93,-1
2026-03-22,2026-03-22 11:10:00,329.62,329.62,329.24,329.24,-0.12,4633.0,1480606.93,-1
2026-03-22,2026-03-22 11:20:00,329.24,329.24,328.86,328.86,-0.12,4633.0,1480606.93,-1
2026-03-22,2026-03-22 11:30:00,328.86,328.86,328.48,328.48,-0.12,4633.0,1480606.93,-1
2026-03-22,2026-03-22 11:40:00,328.48,328.48,328.1,328.1,-0.12,4633.0,1480606.93,-1
2026-03-22,2026-03-22 11:50:00,328.1,328.1,327.73,327.73,-0.11,4633.0,1480606.93,-1
2026-03-22,2026-03-22 12:00:00,327.73,327.73,327.35,327.35,-0.12,4633.0,1480606.93,-1
2026-03-22,2026-03-22 12:10:00,327.35,327.35,326.97,326.97,-0.12,4633.0,1480606.93,-1
2026-03-22,2026-03-22 12:20:00,326.97,326.97,326.59,326.59,-0.12,4633.0,1480606.93,-1
2026-03-22,2026-03-22 12:30:00,326.59,326.59,326.21,326.21,-0.12,4633.0,1480606.93,-1
2026-03-22,2026-03-22 12:40:00,326.21,326.21,325.83,325.83,-0.12,4633.0,1480606.93,-1
2026-03-22,2026-03-22 12:50:00,325.83,325.83,325.45,325.45,-0.12,4633.0,1480606.93,-1
2026-03-22,2026-03-22 13:00:00,325.45,330.0,315.0,325.07,-0.12,4633.0,1480606.93,-1
2026-03-22,2026-03-22 13:10:00,325.07,325.07,324.69,324.69,-0.12,4633.0,1480606.93,-1
2026-03-22,2026-03-22 13:20:00,324.69,324.69,324.31,324.31,-0.12,4633.0,1480606.93,-1
2026-03-22,2026-03-22 13:30:00,324.31,324.31,323.93,323.93,-0.12,4633.0,1480606.93,-1
2026-03-22,2026-03-22 13:40:00,323.93,323.93,323.55,323.55,-0.12,4633.0,1480606.93,-1
2026-03-22,2026-03-22 13:50:00,323.55,323.55,323.17,323.17,-0.12,4633.0,1480606.93,-1
2026-03-22,2026-03-22 14:00:00,323.17,323.17,322.8,322.8,-0.11,4633.0,1480606.93,-1
2026-03-22,2026-03-22 14:10:00,322.8,322.8,322.42,322.42,-0.12,4633.0,1480606.93,-1
2026-03-22,2026-03-22 14:20:00,322.42,322.42,322.04,322.04,-0.12,4633.0,1480606.93,-1
2026-03-22,2026-03-22 14:30:00,322.04,322.04,321.66,321.66,-0.12,4633.0,1480606.93,-1
2026-03-22,2026-03-22 14:40:00,321.66,321.66,321.28,321.28,-0.12,4633.0,1480606.93,-1
2026-03-22,2026-03-22 14:50:00,321.28,321.28,320.9,320.9,-0.12,4633.0,1480606.93,-1
2026-03-22,2026-03-22 15:00:00,320.9,330.0,315.0,320.9,0.0,4633.0,1480606.93,0
2026-03-23,2026-03-23 11:00:00,322.0,322.6,319.03,321.92,-0.02,4293.4,1360548.94,-1
2026-03-23,2026-03-23 11:10:00,321.92,321.92,321.83,321.83,-0.03,4293.4,1360548.94,-1
2026-03-23,2026-03-23 11:20:00,321.83,321.83,321.75,321.75,-0.02,4293.4,1360548.94,-1
2026-03-23,2026-03-23 11:30:00,321.75,321.75,321.67,321.67,-0.02,4293.4,1360548.94,-1
2026-03-23,2026-03-23 11:40:00,321.67,321.67,321.58,321.58,-0.03,4293.4,1360548.94,-1
2026-03-23,2026-03-23 11:50:00,321.58,321.58,321.5,321.5,-0.02,4293.4,1360548.94,-1
2026-03-23,2026-03-23 12:00:00,321.5,321.5,321.42,321.42,-0.02,4293.4,1360548.94,-1
2026-03-23,2026-03-23 12:10:00,321.42,321.42,321.33,321.33,-0.03,4293.4,1360548.94,-1
2026-03-23,2026-03-23 12:20:00,321.33,321.33,321.25,321.25,-0.02,4293.4,1360548.94,-1
2026-03-23,2026-03-23 12:30:00,321.25,321.25,321.17,321.17,-0.02,4293.4,1360548.94,-1
2026-03-23,2026-03-23 12:40:00,321.17,321.17,321.08,321.08,-0.03,4293.4,1360548.94,-1
2026-03-23,2026-03-23 12:50:00,321.08,321.08,321.0,321.0,-0.02,4293.4,1360548.94,-1
2026-03-23,2026-03-23 13:00:00,321.0,324.0,312.1,320.92,-0.02,4293.4,1360548.94,-1
2026-03-23,2026-03-23 13:10:00,320.92,320.92,320.83,320.83,-0.03,4293.4,1360548.94,-1
2026-03-23,2026-03-23 13:20:00,320.83,320.83,320.75,320.75,-0.02,4293.4,1360548.94,-1
2026-03-23,2026-03-23 13:30:00,320.75,320.75,320.67,320.67,-0.02,4293.4,1360548.94,-1
2026-03-23,2026-03-23 13:40:00,320.67,320.67,320.58,320.58,-0.03,4293.4,1360548.94,-1
2026-03-23,2026-03-23 13:50:00,320.58,320.58,320.5,320.5,-0.02,4293.4,1360548.94,-1
2026-03-23,2026-03-23 14:00:00,320.5,320.5,320.42,320.42,-0.02,4293.4,1360548.94,-1
2026-03-23,2026-03-23 14:10:00,320.42,320.42,320.33,320.33,-0.03,4293.4,1360548.94,-1
2026-03-23,2026-03-23 14:20:00,320.33,320.33,320.25,320.25,-0.02,4293.4,1360548.94,-1
2026-03-23,2026-03-23 14:30:00,320.25,320.25,320.17,320.17,-0.02,4293.4,1360548.94,-1
2026-03-23,2026-03-23 14:40:00,320.17,320.17,320.08,320.08,-0.03,4293.4,1360548.94,-1
2026-03-23,2026-03-23 14:50:00,320.08,320.08,320.0,320.0,-0.02,4293.4,1360548.94,-1
2026-03-23,2026-03-23 15:00:00,320.0,324.0,312.1,320.0,0.0,4293.4,1360548.94,0
2026-03-24,2026-03-24 11:00:00,315.3,317.61,315.3,315.5,0.06,2725.76,872163.96,1
2026-03-24,2026-03-24 11:10:00,315.5,315.69,315.5,315.69,0.06,2725.76,872163.96,1
2026-03-24,2026-03-24 11:20:00,315.69,315.89,315.69,315.89,0.06,2725.76,872163.96,1
2026-03-24,2026-03-24 11:30:00,315.89,316.08,315.89,316.08,0.06,2725.76,872163.96,1
2026-03-24,2026-03-24 11:40:00,316.08,316.28,316.08,316.28,0.06,2725.76,872163.96,1
2026-03-24,2026-03-24 11:50:00,316.28,316.48,316.28,316.48,0.06,2725.76,872163.96,1
2026-03-24,2026-03-24 12:00:00,316.48,316.67,316.48,316.67,0.06,2725.76,872163.96,1
2026-03-24,2026-03-24 12:10:00,316.67,316.87,316.67,316.87,0.06,2725.76,872163.96,1
2026-03-24,2026-03-24 12:20:00,316.87,317.06,316.87,317.06,0.06,2725.76,872163.96,1
2026-03-24,2026-03-24 12:30:00,317.06,317.26,317.06,317.26,0.06,2725.76,872163.96,1
2026-03-24,2026-03-24 12:40:00,317.26,317.45,317.26,317.45,0.06,2725.76,872163.96,1
2026-03-24,2026-03-24 12:50:00,317.45,317.65,317.45,317.65,0.06,2725.76,872163.96,1
2026-03-24,2026-03-24 13:00:00,317.65,323.0,315.3,317.85,0.06,2725.76,872163.96,1
2026-03-24,2026-03-24 13:10:00,317.85,318.04,317.85,318.04,0.06,2725.76,872163.96,1
2026-03-24,2026-03-24 13:20:00,318.04,318.24,318.04,318.24,0.06,2725.76,872163.96,1
2026-03-24,2026-03-24 13:30:00,318.24,318.43,318.24,318.43,0.06,2725.76,872163.96,1
2026-03-24,2026-03-24 13:40:00,318.43,318.63,318.43,318.63,0.06,2725.76,872163.96,1
2026-03-24,2026-03-24 13:50:00,318.63,318.82,318.63,318.82,0.06,2725.76,872163.96,1
2026-03-24,2026-03-24 14:00:00,318.82,319.02,318.82,319.02,0.06,2725.76,872163.96,1
2026-03-24,2026-03-24 14:10:00,319.02,319.22,319.02,319.22,0.06,2725.76,872163.96,1
2026-03-24,2026-03-24 14:20:00,319.22,319.41,319.22,319.41,0.06,2725.76,872163.96,1
2026-03-24,2026-03-24 14:30:00,319.41,319.61,319.41,319.61,0.06,2725.76,872163.96,1
2026-03-24,2026-03-24 14:40:00,319.61,319.8,319.61,319.8,0.06,2725.76,872163.96,1
2026-03-24,2026-03-24 14:50:00,319.8,320.0,319.8,320.0,0.06,2725.76,872163.96,1
2026-03-24,2026-03-24 15:00:00,320.0,323.0,315.3,320.0,0.0,2725.76,872163.96,0
2026-03-25,2026-03-25 11:00:00,325.0,325.0,321.7,324.58,-0.13,3292.48,1044405.69,-1
2026-03-25,2026-03-25 11:10:00,324.58,324.58,324.16,324.16,-0.13,3292.48,1044405.69,-1
2026-03-25,2026-03-25 11:20:00,324.16,324.16,323.74,323.74,-0.13,3292.48,1044405.69,-1
2026-03-25,2026-03-25 11:30:00,323.74,323.74,323.32,323.32,-0.13,3292.48,1044405.69,-1
2026-03-25,2026-03-25 11:40:00,323.32,323.32,322.9,322.9,-0.13,3292.48,1044405.69,-1
2026-03-25,2026-03-25 11:50:00,322.9,322.9,322.48,322.48,-0.13,3292.48,1044405.69,-1
2026-03-25,2026-03-25 12:00:00,322.48,322.48,322.05,322.05,-0.13,3292.48,1044405.69,-1
2026-03-25,2026-03-25 12:10:00,322.05,322.05,321.63,321.63,-0.13,3292.48,1044405.69,-1
2026-03-25,2026-03-25 12:20:00,321.63,321.63,321.21,321.21,-0.13,3292.48,1044405.69,-1
2026-03-25,2026-03-25 12:30:00,321.21,321.21,320.79,320.79,-0.13,3292.48,1044405.69,-1
2026-03-25,2026-03-25 12:40:00,320.79,320.79,320.37,320.37,-0.13,3292.48,1044405.69,-1
2026-03-25,2026-03-25 12:50:00,320.37,320.37,319.95,319.95,-0.13,3292.48,1044405.69,-1
2026-03-25,2026-03-25 13:00:00,319.95,325.0,314.0,319.53,-0.13,3292.48,1044405.69,-1
2026-03-25,2026-03-25 13:10:00,319.53,319.53,319.11,319.11,-0.13,3292.48,1044405.69,-1
2026-03-25,2026-03-25 13:20:00,319.11,319.11,318.69,318.69,-0.13,3292.48,1044405.69,-1
2026-03-25,2026-03-25 13:30:00,318.69,318.69,318.27,318.27,-0.13,3292.48,1044405.69,-1
2026-03-25,2026-03-25 13:40:00,318.27,318.27,317.85,317.85,-0.13,3292.48,1044405.69,-1
2026-03-25,2026-03-25 13:50:00,317.85,317.85,317.42,317.42,-0.14,3292.48,1044405.69,-1
2026-03-25,2026-03-25 14:00:00,317.42,317.42,317.0,317.0,-0.13,3292.48,1044405.69,-1
2026-03-25,2026-03-25 14:10:00,317.0,317.0,316.58,316.58,-0.13,3292.48,1044405.69,-1
2026-03-25,2026-03-25 14:20:00,316.58,316.58,316.16,316.16,-0.13,3292.48,1044405.69,-1
2026-03-25,2026-03-25 14:30:00,316.16,316.16,315.74,315.74,-0.13,3292.48,1044405.69,-1
2026-03-25,2026-03-25 14:40:00,315.74,315.74,315.32,315.32,-0.13,3292.48,1044405.69,-1
2026-03-25,2026-03-25 14:50:00,315.32,315.32,314.9,314.9,-0.13,3292.48,1044405.69,-1
2026-03-25,2026-03-25 15:00:00,314.9,325.0,314.0,314.9,0.0,3292.48,1044405.69,0
2026-03-26,2026-03-26 11:00:00,315.0,316.2,313.53,315.0,0.0,2056.88,646851.3,0
2026-03-26,2026-03-26 11:10:00,315.0,315.0,315.0,315.0,0.0,2056.88,646851.3,0
2026-03-26,2026-03-26 11:20:00,315.0,315.0,315.0,315.0,0.0,2056.88,646851.3,0
2026-03-26,2026-03-26 11:30:00,315.0,315.0,315.0,315.0,0.0,2056.88,646851.3,0
2026-03-26,2026-03-26 11:40:00,315.0,315.0,315.0,315.0,0.0,2056.88,646851.3,0
2026-03-26,2026-03-26 11:50:00,315.0,315.0,315.0,315.0,0.0,2056.88,646851.3,0
2026-03-26,2026-03-26 12:00:00,315.0,315.0,315.0,315.0,0.0,2056.88,646851.3,0
2026-03-26,2026-03-26 12:10:00,315.0,315.0,315.0,315.0,0.0,2056.88,646851.3,0
2026-03-26,2026-03-26 12:20:00,315.0,315.0,315.0,315.0,0.0,2056.88,646851.3,0
2026-03-26,2026-03-26 12:30:00,315.0,315.0,315.0,315.0,0.0,2056.88,646851.3,0
2026-03-26,2026-03-26 12:40:00,315.0,315.0,315.0,315.0,0.0,2056.88,646851.3,0
2026-03-26,2026-03-26 12:50:00,315.0,315.0,315.0,315.0,0.0,2056.88,646851.3,0
2026-03-26,2026-03-26 13:00:00,315.0,319.0,310.1,315.0,0.0,2056.88,646851.3,0
2026-03-26,2026-03-26 13:10:00,315.0,315.0,315.0,315.0,0.0,2056.88,646851.3,0
2026-03-26,2026-03-26 13:20:00,315.0,315.0,315.0,315.0,0.0,2056.88,646851.3,0
2026-03-26,2026-03-26 13:30:00,315.0,315.0,315.0,315.0,0.0,2056.88,646851.3,0
2026-03-26,2026-03-26 13:40:00,315.0,315.0,315.0,315.0,0.0,2056.88,646851.3,0
2026-03-26,2026-03-26 13:50:00,315.0,315.0,315.0,315.0,0.0,2056.88,646851.3,0
2026-03-26,2026-03-26 14:00:00,315.0,315.0,315.0,315.0,0.0,2056.88,646851.3,0
2026-03-26,2026-03-26 14:10:00,315.0,315.0,315.0,315.0,0.0,2056.88,646851.3,0
2026-03-26,2026-03-26 14:20:00,315.0,315.0,315.0,315.0,0.0,2056.88,646851.3,0
2026-03-26,2026-03-26 14:30:00,315.0,315.0,315.0,315.0,0.0,2056.88,646851.3,0
2026-03-26,2026-03-26 14:40:00,315.0,315.0,315.0,315.0,0.0,2056.88,646851.3,0
2026-03-26,2026-03-26 14:50:00,315.0,315.0,315.0,315.0,0.0,2056.88,646851.3,0
2026-03-26,2026-03-26 15:00:00,315.0,319.0,310.1,315.0,0.0,2056.88,646851.3,0
2026-03-29,2026-03-29 11:00:00,310.0,313.0,308.2,309.8,-0.06,3783.44,1168639.44,-1
2026-03-29,2026-03-29 11:10:00,309.8,309.8,309.61,309.61,-0.06,3783.44,1168639.44,-1
2026-03-29,2026-03-29 11:20:00,309.61,309.61,309.41,309.41,-0.06,3783.44,1168639.44,-1
2026-03-29,2026-03-29 11:30:00,309.41,309.41,309.22,309.22,-0.06,3783.44,1168639.44,-1
2026-03-29,2026-03-29 11:40:00,309.22,309.22,309.02,309.02,-0.06,3783.44,1168639.44,-1
2026-03-29,2026-03-29 11:50:00,309.02,309.02,308.82,308.82,-0.06,3783.44,1168639.44,-1
2026-03-29,2026-03-29 12:00:00,308.82,308.82,308.63,308.63,-0.06,3783.44,1168639.44,-1
2026-03-29,2026-03-29 12:10:00,308.63,308.63,308.43,308.43,-0.06,3783.44,1168639.44,-1
2026-03-29,2026-03-29 12:20:00,308.43,308.43,308.24,308.24,-0.06,3783.44,1168639.44,-1
2026-03-29,2026-03-29 12:30:00,308.24,308.24,308.04,308.04,-0.06,3783.44,1168639.44,-1
2026-03-29,2026-03-29 12:40:00,308.04,308.04,307.85,307.85,-0.06,3783.44,1168639.44,-1
2026-03-29,2026-03-29 12:50:00,307.85,307.85,307.65,307.65,-0.06,3783.44,1168639.44,-1
2026-03-29,2026-03-29 13:00:00,307.65,320.0,304.0,307.45,-0.07,3783.44,1168639.44,-1
2026-03-29,2026-03-29 13:10:00,307.45,307.45,307.26,307.26,-0.06,3783.44,1168639.44,-1
2026-03-29,2026-03-29 13:20:00,307.26,307.26,307.06,307.06,-0.07,3783.44,1168639.44,-1
2026-03-29,2026-03-29 13:30:00,307.06,307.06,306.87,306.87,-0.06,3783.44,1168639.44,-1
2026-03-29,2026-03-29 13:40:00,306.87,306.87,306.67,306.67,-0.07,3783.44,1168639.44,-1
2026-03-29,2026-03-29 13:50:00,306.67,306.67,306.48,306.48,-0.06,3783.44,1168639.44,-1
2026-03-29,2026-03-29 14:00:00,306.48,306.48,306.28,306.28,-0.07,3783.44,1168639.44,-1
2026-03-29,2026-03-29 14:10:00,306.28,306.28,306.08,306.08,-0.07,3783.44,1168639.44,-1
2026-03-29,2026-03-29 14:20:00,306.08,306.08,305.89,305.89,-0.06,3783.44,1168639.44,-1
2026-03-29,2026-03-29 14:30:00,305.89,305.89,305.69,305.69,-0.07,3783.44,1168639.44,-1
2026-03-29,2026-03-29 14:40:00,305.69,305.69,305.5,305.5,-0.06,3783.44,1168639.44,-1
2026-03-29,2026-03-29 14:50:00,305.5,305.5,305.3,305.3,-0.07,3783.44,1168639.44,-1
2026-03-29,2026-03-29 15:00:00,305.3,320.0,304.0,305.3,0.0,3783.44,1168639.44,0
2026-03-30,2026-03-30 11:00:00,308.9,308.9,304.76,308.36,-0.17,1916.44,579113.24,-1
2026-03-30,2026-03-30 11:10:00,308.36,308.36,307.82,307.82,-0.18,1916.44,579113.24,-1
2026-03-30,2026-03-30 11:20:00,307.82,307.82,307.29,307.29,-0.17,1916.44,579113.24,-1
2026-03-30,2026-03-30 11:30:00,307.29,307.29,306.75,306.75,-0.18,1916.44,579113.24,-1
2026-03-30,2026-03-30 11:40:00,306.75,306.75,306.21,306.21,-0.18,1916.44,579113.24,-1
2026-03-30,2026-03-30 11:50:00,306.21,306.21,305.67,305.67,-0.18,1916.44,579113.24,-1
2026-03-30,2026-03-30 12:00:00,305.67,305.67,305.14,305.14,-0.17,1916.44,579113.24,-1
2026-03-30,2026-03-30 12:10:00,305.14,305.14,304.6,304.6,-0.18,1916.44,579113.24,-1
2026-03-30,2026-03-30 12:20:00,304.6,304.6,304.06,304.06,-0.18,1916.44,579113.24,-1
2026-03-30,2026-03-30 12:30:00,304.06,304.06,303.52,303.52,-0.18,1916.44,579113.24,-1
2026-03-30,2026-03-30 12:40:00,303.52,303.52,302.99,302.99,-0.17,1916.44,579113.24,-1
2026-03-30,2026-03-30 12:50:00,302.99,302.99,302.45,302.45,-0.18,1916.44,579113.24,-1
2026-03-30,2026-03-30 13:00:00,302.45,308.9,295.1,301.91,-0.18,1916.44,579113.24,-1
2026-03-30,2026-03-30 13:10:00,301.91,301.91,301.38,301.38,-0.18,1916.44,579113.24,-1
2026-03-30,2026-03-30 13:20:00,301.38,301.38,300.84,300.84,-0.18,1916.44,579113.24,-1
2026-03-30,2026-03-30 13:30:00,300.84,300.84,300.3,300.3,-0.18,1916.44,579113.24,-1
2026-03-30,2026-03-30 13:40:00,300.3,300.3,299.76,299.76,-0.18,1916.44,579113.24,-1
2026-03-30,2026-03-30 13:50:00,299.76,299.76,299.23,299.23,-0.18,1916.44,579113.24,-1
2026-03-30,2026-03-30 14:00:00,299.23,299.23,298.69,298.69,-0.18,1916.44,579113.24,-1
2026-03-30,2026-03-30 14:10:00,298.69,298.69,298.15,298.15,-0.18,1916.44,579113.24,-1
2026-03-30,2026-03-30 14:20:00,298.15,298.15,297.61,297.61,-0.18,1916.44,579113.24,-1
2026-03-30,2026-03-30 14:30:00,297.61,297.61,297.07,297.07,-0.18,1916.44,579113.24,-1
2026-03-30,2026-03-30 14:40:00,297.07,297.07,296.54,296.54,-0.18,1916.44,579113.24,-1
2026-03-30,2026-03-30 14:50:00,296.54,296.54,296.0,296.0,-0.18,1916.44,579113.24,-1
2026-03-30,2026-03-30 15:00:00,296.0,308.9,295.1,296.0,0.0,1916.44,579113.24,0
2026-03-31,2026-03-31 11:00:00,296.0,299.27,294.86,296.33,0.11,2447.84,728923.03,1
2026-03-31,2026-03-31 11:10:00,296.33,296.67,296.33,296.67,0.11,2447.84,728923.03,1
2026-03-31,2026-03-31 11:20:00,296.67,297.0,296.67,297.0,0.11,2447.84,728923.03,1
2026-03-31,2026-03-31 11:30:00,297.0,297.33,297.0,297.33,0.11,2447.84,728923.03,1
2026-03-31,2026-03-31 11:40:00,297.33,297.67,297.33,297.67,0.11,2447.84,728923.03,1
2026-03-31,2026-03-31 11:50:00,297.67,298.0,297.67,298.0,0.11,2447.84,728923.03,1
2026-03-31,2026-03-31 12:00:00,298.0,298.33,298.0,298.33,0.11,2447.84,728923.03,1
2026-03-31,2026-03-31 12:10:00,298.33,298.67,298.33,298.67,0.11,2447.84,728923.03,1
2026-03-31,2026-03-31 12:20:00,298.67,299.0,298.67,299.0,0.11,2447.84,728923.03,1
2026-03-31,2026-03-31 12:30:00,299.0,299.33,299.0,299.33,0.11,2447.84,728923.03,1
2026-03-31,2026-03-31 12:40:00,299.33,299.67,299.33,299.67,0.11,2447.84,728923.03,1
2026-03-31,2026-03-31 12:50:00,299.67,300.0,299.67,300.0,0.11,2447.84,728923.03,1
2026-03-31,2026-03-31 13:00:00,300.0,306.9,292.2,300.33,0.11,2447.84,728923.03,1
2026-03-31,2026-03-31 13:10:00,300.33,300.67,300.33,300.67,0.11,2447.84,728923.03,1
2026-03-31,2026-03-31 13:20:00,300.67,301.0,300.67,301.0,0.11,2447.84,728923.03,1
2026-03-31,2026-03-31 13:30:00,301.0,301.33,301.0,301.33,0.11,2447.84,728923.03,1
2026-03-31,2026-03-31 13:40:00,301.33,301.67,301.33,301.67,0.11,2447.84,728923.03,1
2026-03-31,2026-03-31 13:50:00,301.67,302.0,301.67,302.0,0.11,2447.84,728923.03,1
2026-03-31,2026-03-31 14:00:00,302.0,302.33,302.0,302.33,0.11,2447.84,728923.03,1
2026-03-31,2026-03-31 14:10:00,302.33,302.67,302.33,302.67,0.11,2447.84,728923.03,1
2026-03-31,2026-03-31 14:20:00,302.67,303.0,302.67,303.0,0.11,2447.84,728923.03,1
2026-03-31,2026-03-31 14:30:00,303.0,303.33,303.0,303.33,0.11,2447.84,728923.03,1
2026-03-31,2026-03-31 14:40:00,303.33,303.67,303.33,303.67,0.11,2447.84,728923.03,1
2026-03-31,2026-03-31 14:50:00,303.67,304.0,303.67,304.0,0.11,2447.84,728923.03,1
2026-03-31,2026-03-31 15:00:00,304.0,306.9,292.2,304.0,0.0,2447.84,728923.03,0
2026-04-01,2026-04-01 11:00:00,304.0,305.8,299.5,303.54,-0.15,2769.56,817716.37,-1
2026-04-01,2026-04-01 11:10:00,303.54,303.54,303.08,303.08,-0.15,2769.56,817716.37,-1
2026-04-01,2026-04-01 11:20:00,303.08,303.08,302.62,302.62,-0.15,2769.56,817716.37,-1
2026-04-01,2026-04-01 11:30:00,302.62,302.62,302.17,302.17,-0.15,2769.56,817716.37,-1
2026-04-01,2026-04-01 11:40:00,302.17,302.17,301.71,301.71,-0.15,2769.56,817716.37,-1
2026-04-01,2026-04-01 11:50:00,301.71,301.71,301.25,301.25,-0.15,2769.56,817716.37,-1
2026-04-01,2026-04-01 12:00:00,301.25,301.25,300.79,300.79,-0.15,2769.56,817716.37,-1
2026-04-01,2026-04-01 12:10:00,300.79,300.79,300.33,300.33,-0.15,2769.56,817716.37,-1
2026-04-01,2026-04-01 12:20:00,300.33,300.33,299.88,299.88,-0.15,2769.56,817716.37,-1
2026-04-01,2026-04-01 12:30:00,299.88,299.88,299.42,299.42,-0.15,2769.56,817716.37,-1
2026-04-01,2026-04-01 12:40:00,299.42,299.42,298.96,298.96,-0.15,2769.56,817716.37,-1
2026-04-01,2026-04-01 12:50:00,298.96,298.96,298.5,298.5,-0.15,2769.56,817716.37,-1
2026-04-01,2026-04-01 13:00:00,298.5,310.0,289.0,298.04,-0.15,2769.56,817716.37,-1
2026-04-01,2026-04-01 13:10:00,298.04,298.04,297.58,297.58,-0.15,2769.56,817716.37,-1
2026-04-01,2026-04-01 13:20:00,297.58,297.58,297.12,297.12,-0.15,2769.56,817716.37,-1
2026-04-01,2026-04-01 13:30:00,297.12,297.12,296.67,296.67,-0.15,2769.56,817716.37,-1
2026-04-01,2026-04-01 13:40:00,296.67,296.67,296.21,296.21,-0.16,2769.56,817716.37,-1
2026-04-01,2026-04-01 13:50:00,296.21,296.21,295.75,295.75,-0.16,2769.56,817716.37,-1
2026-04-01,2026-04-01 14:00:00,295.75,295.75,295.29,295.29,-0.16,2769.56,817716.37,-1
2026-04-01,2026-04-01 14:10:00,295.29,295.29,294.83,294.83,-0.16,2769.56,817716.37,-1
2026-04-01,2026-04-01 14:20:00,294.83,294.83,294.38,294.38,-0.15,2769.56,817716.37,-1
2026-04-01,2026-04-01 14:30:00,294.38,294.38,293.92,293.92,-0.16,2769.56,817716.37,-1
2026-04-01,2026-04-01 14:40:00,293.92,293.92,293.46,293.46,-0.16,2769.56,817716.37,-1
2026-04-01,2026-04-01 14:50:00,293.46,293.46,293.0,293.0,-0.16,2769.56,817716.37,-1
2026-04-01,2026-04-01 15:00:00,293.0,310.0,289.0,293.0,0.0,2769.56,817716.37,0
2026-04-02,2026-04-02 11:00:00,293.0,294.2,289.7,292.8,-0.07,2557.92,742923.55,-1
2026-04-02,2026-04-02 11:10:00,292.8,292.8,292.6,292.6,-0.07,2557.92,742923.55,-1
2026-04-02,2026-04-02 11:20:00,292.6,292.6,292.4,292.4,-0.07,2557.92,742923.55,-1
2026-04-02,2026-04-02 11:30:00,292.4,292.4,292.2,292.2,-0.07,2557.92,742923.55,-1
2026-04-02,2026-04-02 11:40:00,292.2,292.2,292.0,292.0,-0.07,2557.92,742923.55,-1
2026-04-02,2026-04-02 11:50:00,292.0,292.0,291.8,291.8,-0.07,2557.92,742923.55,-1
2026-04-02,2026-04-02 12:00:00,291.8,291.8,291.6,291.6,-0.07,2557.92,742923.55,-1
2026-04-02,2026-04-02 12:10:00,291.6,291.6,291.4,291.4,-0.07,2557.92,742923.55,-1
2026-04-02,2026-04-02 12:20:00,291.4,291.4,291.2,291.2,-0.07,2557.92,742923.55,-1
2026-04-02,2026-04-02 12:30:00,291.2,291.2,291.0,291.0,-0.07,2557.92,742923.55,-1
2026-04-02,2026-04-02 12:40:00,291.0,291.0,290.8,290.8,-0.07,2557.92,742923.55,-1
2026-04-02,2026-04-02 12:50:00,290.8,290.8,290.6,290.6,-0.07,2557.92,742923.55,-1
2026-04-02,2026-04-02 13:00:00,290.6,297.0,282.0,290.4,-0.07,2557.92,742923.55,-1
2026-04-02,2026-04-02 13:10:00,290.4,290.4,290.2,290.2,-0.07,2557.92,742923.55,-1
2026-04-02,2026-04-02 13:20:00,290.2,290.2,290.0,290.0,-0.07,2557.92,742923.55,-1
2026-04-02,2026-04-02 13:30:00,290.0,290.0,289.8,289.8,-0.07,2557.92,742923.55,-1
2026-04-02,2026-04-02 13:40:00,289.8,289.8,289.6,289.6,-0.07,2557.92,742923.55,-1
2026-04-02,2026-04-02 13:50:00,289.6,289.6,289.4,289.4,-0.07,2557.92,742923.55,-1
2026-04-02,2026-04-02 14:00:00,289.4,289.4,289.2,289.2,-0.07,2557.92,742923.55,-1
2026-04-02,2026-04-02 14:10:00,289.2,289.2,289.0,289.0,-0.07,2557.92,742923.55,-1
2026-04-02,2026-04-02 14:20:00,289.0,289.0,288.8,288.8,-0.07,2557.92,742923.55,-1
2026-04-02,2026-04-02 14:30:00,288.8,288.8,288.6,288.6,-0.07,2557.92,742923.55,-1
2026-04-02,2026-04-02 14:40:00,288.6,288.6,288.4,288.4,-0.07,2557.92,742923.55,-1
2026-04-02,2026-04-02 14:50:00,288.4,288.4,288.2,288.2,-0.07,2557.92,742923.55,-1
2026-04-02,2026-04-02 15:00:00,288.2,297.0,282.0,288.2,0.0,2557.92,742923.55,0
2026-04-05,2026-04-05 11:00:00,284.1,285.27,280.47,283.6,-0.18,3763.68,1044694.59,-1
2026-04-05,2026-04-05 11:10:00,283.6,283.6,283.11,283.11,-0.17,3763.68,1044694.59,-1
2026-04-05,2026-04-05 11:20:00,283.11,283.11,282.61,282.61,-0.18,3763.68,1044694.59,-1
2026-04-05,2026-04-05 11:30:00,282.61,282.61,282.12,282.12,-0.17,3763.68,1044694.59,-1
2026-04-05,2026-04-05 11:40:00,282.12,282.12,281.62,281.62,-0.18,3763.68,1044694.59,-1
2026-04-05,2026-04-05 11:50:00,281.62,281.62,281.12,281.12,-0.18,3763.68,1044694.59,-1
2026-04-05,2026-04-05 12:00:00,281.12,281.12,280.63,280.63,-0.17,3763.68,1044694.59,-1
2026-04-05,2026-04-05 12:10:00,280.63,280.63,280.13,280.13,-0.18,3763.68,1044694.59,-1
2026-04-05,2026-04-05 12:20:00,280.13,280.13,279.64,279.64,-0.17,3763.68,1044694.59,-1
2026-04-05,2026-04-05 12:30:00,279.64,279.64,279.14,279.14,-0.18,3763.68,1044694.59,-1
2026-04-05,2026-04-05 12:40:00,279.14,279.14,278.65,278.65,-0.18,3763.68,1044694.59,-1
2026-04-05,2026-04-05 12:50:00,278.65,278.65,278.15,278.15,-0.18,3763.68,1044694.59,-1
2026-04-05,2026-04-05 13:00:00,278.15,288.0,272.0,277.65,-0.18,3763.68,1044694.59,-1
2026-04-05,2026-04-05 13:10:00,277.65,277.65,277.16,277.16,-0.18,3763.68,1044694.59,-1
2026-04-05,2026-04-05 13:20:00,277.16,277.16,276.66,276.66,-0.18,3763.68,1044694.59,-1
2026-04-05,2026-04-05 13:30:00,276.66,276.66,276.17,276.17,-0.18,3763.68,1044694.59,-1
2026-04-05,2026-04-05 13:40:00,276.17,276.17,275.67,275.67,-0.18,3763.68,1044694.59,-1
2026-04-05,2026-04-05 13:50:00,275.67,275.67,275.18,275.18,-0.18,3763.68,1044694.59,-1
2026-04-05,2026-04-05 14:00:00,275.18,275.18,274.68,274.68,-0.18,3763.68,1044694.59,-1
2026-04-05,2026-04-05 14:10:00,274.68,274.68,274.18,274.18,-0.18,3763.68,1044694.59,-1
2026-04-05,2026-04-05 14:20:00,274.18,274.18,273.69,273.69,-0.18,3763.68,1044694.59,-1
2026-04-05,2026-04-05 14:30:00,273.69,273.69,273.19,273.19,-0.18,3763.68,1044694.59,-1
2026-04-05,2026-04-05 14:40:00,273.19,273.19,272.7,272.7,-0.18,3763.68,1044694.59,-1
2026-04-05,2026-04-05 14:50:00,272.7,272.7,272.2,272.2,-0.18,3763.68,1044694.59,-1
2026-04-05,2026-04-05 15:00:00,272.2,288.0,272.0,272.2,0.0,3763.68,1044694.59,0
2026-04-06,2026-04-06 11:00:00,273.0,277.8,273.0,273.62,0.23,2041.76,577615.21,1
2026-04-06,2026-04-06 11:10:00,273.62,274.25,273.62,274.25,0.23,2041.76,577615.21,1
2026-04-06,2026-04-06 11:20:00,274.25,274.88,274.25,274.88,0.23,2041.76,577615.21,1
2026-04-06,2026-04-06 11:30:00,274.88,275.5,274.88,275.5,0.23,2041.76,577615.21,1
2026-04-06,2026-04-06 11:40:00,275.5,276.12,275.5,276.12,0.23,2041.76,577615.21,1
2026-04-06,2026-04-06 11:50:00,276.12,276.75,276.12,276.75,0.23,2041.76,577615.21,1
2026-04-06,2026-04-06 12:00:00,276.75,277.38,276.75,277.38,0.23,2041.76,577615.21,1
2026-04-06,2026-04-06 12:10:00,277.38,278.0,277.38,278.0,0.22,2041.76,577615.21,1
2026-04-06,2026-04-06 12:20:00,278.0,278.62,278.0,278.62,0.22,2041.76,577615.21,1
2026-04-06,2026-04-06 12:30:00,278.62,279.25,278.62,279.25,0.23,2041.76,577615.21,1
2026-04-06,2026-04-06 12:40:00,279.25,279.88,279.25,279.88,0.23,2041.76,577615.21,1
2026-04-06,2026-04-06 12:50:00,279.88,280.5,279.88,280.5,0.22,2041.76,577615.21,1
2026-04-06,2026-04-06 13:00:00,280.5,289.0,273.0,281.12,0.22,2041.76,577615.21,1
2026-04-06,2026-04-06 13:10:00,281.12,281.75,281.12,281.75,0.22,2041.76,577615.21,1
2026-04-06,2026-04-06 13:20:00,281.75,282.38,281.75,282.38,0.22,2041.76,577615.21,1
2026-04-06,2026-04-06 13:30:00,282.38,283.0,282.38,283.0,0.22,2041.76,577615.21,1
2026-04-06,2026-04-06 13:40:00,283.0,283.62,283.0,283.62,0.22,2041.76,577615.21,1
2026-04-06,2026-04-06 13:50:00,283.62,284.25,283.62,284.25,0.22,2041.76,577615.21,1
2026-04-06,2026-04-06 14:00:00,284.25,284.88,284.25,284.88,0.22,2041.76,577615.21,1
2026-04-06,2026-04-06 14:10:00,284.88,285.5,284.88,285.5,0.22,2041.76,577615.21,1
2026-04-06,2026-04-06 14:20:00,285.5,286.12,285.5,286.12,0.22,2041.76,577615.21,1
2026-04-06,2026-04-06 14:30:00,286.12,286.75,286.12,286.75,0.22,2041.76,577615.21,1
2026-04-06,2026-04-06 14:40:00,286.75,287.38,286.75,287.38,0.22,2041.76,577615.21,1
2026-04-06,2026-04-06 14:50:00,287.38,288.0,287.38,288.0,0.22,2041.76,577615.21,1
2026-04-06,2026-04-06 15:00:00,288.0,289.0,273.0,288.0,0.0,2041.76,577615.21,0
2026-04-07,2026-04-07 11:00:00,292.0,292.3,289.6,291.67,-0.11,1317.52,379805.89,-1
2026-04-07,2026-04-07 11:10:00,291.67,291.67,291.33,291.33,-0.12,1317.52,379805.89,-1
2026-04-07,2026-04-07 11:20:00,291.33,291.33,291.0,291.0,-0.11,1317.52,379805.89,-1
2026-04-07,2026-04-07 11:30:00,291.0,291.0,290.67,290.67,-0.11,1317.52,379805.89,-1
2026-04-07,2026-04-07 11:40:00,290.67,290.67,290.33,290.33,-0.12,1317.52,379805.89,-1
2026-04-07,2026-04-07 11:50:00,290.33,290.33,290.0,290.0,-0.11,1317.52,379805.89,-1
2026-04-07,2026-04-07 12:00:00,290.0,290.0,289.67,289.67,-0.11,1317.52,379805.89,-1
2026-04-07,2026-04-07 12:10:00,289.67,289.67,289.33,289.33,-0.12,1317.52,379805.89,-1
2026-04-07,2026-04-07 12:20:00,289.33,289.33,289.0,289.0,-0.11,1317.52,379805.89,-1
2026-04-07,2026-04-07 12:30:00,289.0,289.0,288.67,288.67,-0.11,1317.52,379805.89,-1
2026-04-07,2026-04-07 12:40:00,288.67,288.67,288.33,288.33,-0.12,1317.52,379805.89,-1
2026-04-07,2026-04-07 12:50:00,288.33,288.33,288.0,288.0,-0.11,1317.52,379805.89,-1
2026-04-07,2026-04-07 13:00:00,288.0,293.0,284.0,287.67,-0.11,1317.52,379805.89,-1
2026-04-07,2026-04-07 13:10:00,287.67,287.67,287.33,287.33,-0.12,1317.52,379805.89,-1
2026-04-07,2026-04-07 13:20:00,287.33,287.33,287.0,287.0,-0.11,1317.52,379805.89,-1
2026-04-07,2026-04-07 13:30:00,287.0,287.0,286.67,286.67,-0.11,1317.52,379805.89,-1
2026-04-07,2026-04-07 13:40:00,286.67,286.67,286.33,286.33,-0.12,1317.52,379805.89,-1
2026-04-07,2026-04-07 13:50:00,286.33,286.33,286.0,286.0,-0.12,1317.52,379805.89,-1
2026-04-07,2026-04-07 14:00:00,286.0,286.0,285.67,285.67,-0.12,1317.52,379805.89,-1
2026-04-07,2026-04-07 14:10:00,285.67,285.67,285.33,285.33,-0.12,1317.52,379805.89,-1
2026-04-07,2026-04-07 14:20:00,285.33,285.33,285.0,285.0,-0.12,1317.52,379805.89,-1
2026-04-07,2026-04-07 14:30:00,285.0,285.0,284.67,284.67,-0.12,1317.52,379805.89,-1
2026-04-07,2026-04-07 14:40:00,284.67,284.67,284.33,284.33,-0.12,1317.52,379805.89,-1
2026-04-07,2026-04-07 14:50:00,284.33,284.33,284.0,284.0,-0.12,1317.52,379805.89,-1
2026-04-07,2026-04-07 15:00:00,284.0,293.0,284.0,284.0,0.0,1317.52,379805.89,0
2026-04-08,2026-04-08 11:00:00,288.9,290.43,287.73,289.07,0.06,1086.72,315642.26,1
2026-04-08,2026-04-08 11:10:00,289.07,289.24,289.07,289.24,0.06,1086.72,315642.26,1
2026-04-08,2026-04-08 11:20:00,289.24,289.41,289.24,289.41,0.06,1086.72,315642.26,1
2026-04-08,2026-04-08 11:30:00,289.41,289.58,289.41,289.58,0.06,1086.72,315642.26,1
2026-04-08,2026-04-08 11:40:00,289.58,289.75,289.58,289.75,0.06,1086.72,315642.26,1
2026-04-08,2026-04-08 11:50:00,289.75,289.92,289.75,289.92,0.06,1086.72,315642.26,1
2026-04-08,2026-04-08 12:00:00,289.92,290.1,289.92,290.1,0.06,1086.72,315642.26,1
2026-04-08,2026-04-08 12:10:00,290.1,290.27,290.1,290.27,0.06,1086.72,315642.26,1
2026-04-08,2026-04-08 12:20:00,290.27,290.44,290.27,290.44,0.06,1086.72,315642.26,1
2026-04-08,2026-04-08 12:30:00,290.44,290.61,290.44,290.61,0.06,1086.72,315642.26,1
2026-04-08,2026-04-08 12:40:00,290.61,290.78,290.61,290.78,0.06,1086.72,315642.26,1
2026-04-08,2026-04-08 12:50:00,290.78,290.95,290.78,290.95,0.06,1086.72,315642.26,1
2026-04-08,2026-04-08 13:00:00,290.95,294.0,285.0,291.12,0.06,1086.72,315642.26,1
2026-04-08,2026-04-08 13:10:00,291.12,291.29,291.12,291.29,0.06,1086.72,315642.26,1
2026-04-08,2026-04-08 13:20:00,291.29,291.46,291.29,291.46,0.06,1086.72,315642.26,1
2026-04-08,2026-04-08 13:30:00,291.46,291.63,291.46,291.63,0.06,1086.72,315642.26,1
2026-04-08,2026-04-08 13:40:00,291.63,291.8,291.63,291.8,0.06,1086.72,315642.26,1
2026-04-08,2026-04-08 13:50:00,291.8,291.98,291.8,291.98,0.06,1086.72,315642.26,1
2026-04-08,2026-04-08 14:00:00,291.98,292.15,291.98,292.15,0.06,1086.72,315642.26,1
2026-04-08,2026-04-08 14:10:00,292.15,292.32,292.15,292.32,0.06,1086.72,315642.26,1
2026-04-08,2026-04-08 14:20:00,292.32,292.49,292.32,292.49,0.06,1086.72,315642.26,1
2026-04-08,2026-04-08 14:30:00,292.49,292.66,292.49,292.66,0.06,1086.72,315642.26,1
2026-04-08,2026-04-08 14:40:00,292.66,292.83,292.66,292.83,0.06,1086.72,315642.26,1
2026-04-08,2026-04-08 14:50:00,292.83,293.0,292.83,293.0,0.06,1086.72,315642.26,1
2026-04-08,2026-04-08 15:00:00,293.0,294.0,285.0,293.0,0.0,1086.72,315642.26,0
2026-04-09,2026-04-09 11:00:00,297.0,297.0,295.5,296.94,-0.02,1876.4,553130.91,-1
2026-04-09,2026-04-09 11:10:00,296.94,296.94,296.88,296.88,-0.02,1876.4,553130.91,-1
2026-04-09,2026-04-09 11:20:00,296.88,296.88,296.81,296.81,-0.02,1876.4,553130.91,-1
2026-04-09,2026-04-09 11:30:00,296.81,296.81,296.75,296.75,-0.02,1876.4,553130.91,-1
2026-04-09,2026-04-09 11:40:00,296.75,296.75,296.69,296.69,-0.02,1876.4,553130.91,-1
2026-04-09,2026-04-09 11:50:00,296.69,296.69,296.62,296.62,-0.02,1876.4,553130.91,-1
2026-04-09,2026-04-09 12:00:00,296.62,296.62,296.56,296.56,-0.02,1876.4,553130.91,-1
2026-04-09,2026-04-09 12:10:00,296.56,296.56,296.5,296.5,-0.02,1876.4,553130.91,-1
2026-04-09,2026-04-09 12:20:00,296.5,296.5,296.44,296.44,-0.02,1876.4,553130.91,-1
2026-04-09,2026-04-09 12:30:00,296.44,296.44,296.38,296.38,-0.02,1876.4,553130.91,-1
2026-04-09,2026-04-09 12:40:00,296.38,296.38,296.31,296.31,-0.02,1876.4,553130.91,-1
2026-04-09,2026-04-09 12:50:00,296.31,296.31,296.25,296.25,-0.02,1876.4,553130.91,-1
2026-04-09,2026-04-09 13:00:00,296.25,297.0,292.0,296.19,-0.02,1876.4,553130.91,-1
2026-04-09,2026-04-09 13:10:00,296.19,296.19,296.12,296.12,-0.02,1876.4,553130.91,-1
2026-04-09,2026-04-09 13:20:00,296.12,296.12,296.06,296.06,-0.02,1876.4,553130.91,-1
2026-04-09,2026-04-09 13:30:00,296.06,296.06,296.0,296.0,-0.02,1876.4,553130.91,-1
2026-04-09,2026-04-09 13:40:00,296.0,296.0,295.94,295.94,-0.02,1876.4,553130.91,-1
2026-04-09,2026-04-09 13:50:00,295.94,295.94,295.88,295.88,-0.02,1876.4,553130.91,-1
2026-04-09,2026-04-09 14:00:00,295.88,295.88,295.81,295.81,-0.02,1876.4,553130.91,-1
2026-04-09,2026-04-09 14:10:00,295.81,295.81,295.75,295.75,-0.02,1876.4,553130.91,-1
2026-04-09,2026-04-09 14:20:00,295.75,295.75,295.69,295.69,-0.02,1876.4,553130.91,-1
2026-04-09,2026-04-09 14:30:00,295.69,295.69,295.62,295.62,-0.02,1876.4,553130.91,-1
2026-04-09,2026-04-09 14:40:00,295.62,295.62,295.56,295.56,-0.02,1876.4,553130.91,-1
2026-04-09,2026-04-09 14:50:00,295.56,295.56,295.5,295.5,-0.02,1876.4,553130.91,-1
2026-04-09,2026-04-09 15:00:00,295.5,297.0,292.0,295.5,0.0,1876.4,553130.91,0
2026-04-10,2026-04-10 11:00:00,295.0,295.3,293.2,294.88,-0.04,1292.48,378493.28,-1
2026-04-10,2026-04-10 11:10:00,294.88,294.88,294.75,294.75,-0.04,1292.48,378493.28,-1
2026-04-10,2026-04-10 11:20:00,294.75,294.75,294.62,294.62,-0.04,1292.48,378493.28,-1
2026-04-10,2026-04-10 11:30:00,294.62,294.62,294.5,294.5,-0.04,1292.48,378493.28,-1
2026-04-10,2026-04-10 11:40:00,294.5,294.5,294.38,294.38,-0.04,1292.48,378493.28,-1
2026-04-10,2026-04-10 11:50:00,294.38,294.38,294.25,294.25,-0.04,1292.48,378493.28,-1
2026-04-10,2026-04-10 12:00:00,294.25,294.25,294.12,294.12,-0.04,1292.48,378493.28,-1
2026-04-10,2026-04-10 12:10:00,294.12,294.12,294.0,294.0,-0.04,1292.48,378493.28,-1
2026-04-10,2026-04-10 12:20:00,294.0,294.0,293.88,293.88,-0.04,1292.48,378493.28,-1
2026-04-10,2026-04-10 12:30:00,293.88,293.88,293.75,293.75,-0.04,1292.48,378493.28,-1
2026-04-10,2026-04-10 12:40:00,293.75,293.75,293.62,293.62,-0.04,1292.48,378493.28,-1
2026-04-10,2026-04-10 12:50:00,293.62,293.62,293.5,293.5,-0.04,1292.48,378493.28,-1
2026-04-10,2026-04-10 13:00:00,293.5,296.0,289.0,293.38,-0.04,1292.48,378493.28,-1
2026-04-10,2026-04-10 13:10:00,293.38,293.38,293.25,293.25,-0.04,1292.48,378493.28,-1
2026-04-10,2026-04-10 13:20:00,293.25,293.25,293.12,293.12,-0.04,1292.48,378493.28,-1
2026-04-10,2026-04-10 13:30:00,293.12,293.12,293.0,293.0,-0.04,1292.48,378493.28,-1
2026-04-10,2026-04-10 13:40:00,293.0,293.0,292.88,292.88,-0.04,1292.48,378493.28,-1
2026-04-10,2026-04-10 13:50:00,292.88,292.88,292.75,292.75,-0.04,1292.48,378493.28,-1
2026-04-10,2026-04-10 14:00:00,292.75,292.75,292.62,292.62,-0.04,1292.48,378493.28,-1
2026-04-10,2026-04-10 14:10:00,292.62,292.62,292.5,292.5,-0.04,1292.48,378493.28,-1
2026-04-10,2026-04-10 14:20:00,292.5,292.5,292.38,292.38,-0.04,1292.48,378493.28,-1
2026-04-10,2026-04-10 14:30:00,292.38,292.38,292.25,292.25,-0.04,1292.48,378493.28,-1
2026-04-10,2026-04-10 14:40:00,292.25,292.25,292.12,292.12,-0.04,1292.48,378493.28,-1
2026-04-10,2026-04-10 14:50:00,292.12,292.12,292.0,292.0,-0.04,1292.48,378493.28,-1
2026-04-10,2026-04-10 15:00:00,292.0,296.0,289.0,292.0,0.0,1292.48,378493.28,0
2026-04-13,2026-04-13 11:00:00,290.0,292.4,289.7,290.18,0.06,1367.68,401324.6,1
2026-04-13,2026-04-13 11:10:00,290.18,290.37,290.18,290.37,0.07,1367.68,401324.6,1
2026-04-13,2026-04-13 11:20:00,290.37,290.55,290.37,290.55,0.06,1367.68,401324.6,1
2026-04-13,2026-04-13 11:30:00,290.55,290.73,290.55,290.73,0.06,1367.68,401324.6,1
2026-04-13,2026-04-13 11:40:00,290.73,290.92,290.73,290.92,0.07,1367.68,401324.6,1
2026-04-13,2026-04-13 11:50:00,290.92,291.1,290.92,291.1,0.06,1367.68,401324.6,1
2026-04-13,2026-04-13 12:00:00,291.1,291.28,291.1,291.28,0.06,1367.68,401324.6,1
2026-04-13,2026-04-13 12:10:00,291.28,291.47,291.28,291.47,0.07,1367.68,401324.6,1
2026-04-13,2026-04-13 12:20:00,291.47,291.65,291.47,291.65,0.06,1367.68,401324.6,1
2026-04-13,2026-04-13 12:30:00,291.65,291.83,291.65,291.83,0.06,1367.68,401324.6,1
2026-04-13,2026-04-13 12:40:00,291.83,292.02,291.83,292.02,0.07,1367.68,401324.6,1
2026-04-13,2026-04-13 12:50:00,292.02,292.2,292.02,292.2,0.06,1367.68,401324.6,1
2026-04-13,2026-04-13 13:00:00,292.2,298.0,289.0,292.38,0.06,1367.68,401324.6,1
2026-04-13,2026-04-13 13:10:00,292.38,292.57,292.38,292.57,0.06,1367.68,401324.6,1
2026-04-13,2026-04-13 13:20:00,292.57,292.75,292.57,292.75,0.06,1367.68,401324.6,1
2026-04-13,2026-04-13 13:30:00,292.75,292.93,292.75,292.93,0.06,1367.68,401324.6,1
2026-04-13,2026-04-13 13:40:00,292.93,293.12,292.93,293.12,0.06,1367.68,401324.6,1
2026-04-13,2026-04-13 13:50:00,293.12,293.3,293.12,293.3,0.06,1367.68,401324.6,1
2026-04-13,2026-04-13 14:00:00,293.3,293.48,293.3,293.48,0.06,1367.68,401324.6,1
2026-04-13,2026-04-13 14:10:00,293.48,293.67,293.48,293.67,0.06,1367.68,401324.6,1
2026-04-13,2026-04-13 14:20:00,293.67,293.85,293.67,293.85,0.06,1367.68,401324.6,1
2026-04-13,2026-04-13 14:30:00,293.85,294.03,293.85,294.03,0.06,1367.68,401324.6,1
2026-04-13,2026-04-13 14:40:00,294.03,294.22,294.03,294.22,0.06,1367.68,401324.6,1
2026-04-13,2026-04-13 14:50:00,294.22,294.4,294.22,294.4,0.06,1367.68,401324.6,1
2026-04-13,2026-04-13 15:00:00,294.4,298.0,289.0,294.4,0.0,1367.68,401324.6,0
2026-04-15,2026-04-15 11:00:00,295.0,297.1,295.0,295.12,0.04,1613.04,481489.75,1
2026-04-15,2026-04-15 11:10:00,295.12,295.25,295.12,295.25,0.04,1613.04,481489.75,1
2026-04-15,2026-04-15 11:20:00,295.25,295.38,295.25,295.38,0.04,1613.04,481489.75,1
2026-04-15,2026-04-15 11:30:00,295.38,295.5,295.38,295.5,0.04,1613.04,481489.75,1
2026-04-15,2026-04-15 11:40:00,295.5,295.62,295.5,295.62,0.04,1613.04,481489.75,1
2026-04-15,2026-04-15 11:50:00,295.62,295.75,295.62,295.75,0.04,1613.04,481489.75,1
2026-04-15,2026-04-15 12:00:00,295.75,295.88,295.75,295.88,0.04,1613.04,481489.75,1
2026-04-15,2026-04-15 12:10:00,295.88,296.0,295.88,296.0,0.04,1613.04,481489.75,1
2026-04-15,2026-04-15 12:20:00,296.0,296.12,296.0,296.12,0.04,1613.04,481489.75,1
2026-04-15,2026-04-15 12:30:00,296.12,296.25,296.12,296.25,0.04,1613.04,481489.75,1
2026-04-15,2026-04-15 12:40:00,296.25,296.38,296.25,296.38,0.04,1613.04,481489.75,1
2026-04-15,2026-04-15 12:50:00,296.38,296.5,296.38,296.5,0.04,1613.04,481489.75,1
2026-04-15,2026-04-15 13:00:00,296.5,302.0,295.0,296.62,0.04,1613.04,481489.75,1
2026-04-15,2026-04-15 13:10:00,296.62,296.75,296.62,296.75,0.04,1613.04,481489.75,1
2026-04-15,2026-04-15 13:20:00,296.75,296.88,296.75,296.88,0.04,1613.04,481489.75,1
2026-04-15,2026-04-15 13:30:00,296.88,297.0,296.88,297.0,0.04,1613.04,481489.75,1
2026-04-15,2026-04-15 13:40:00,297.0,297.12,297.0,297.12,0.04,1613.04,481489.75,1
2026-04-15,2026-04-15 13:50:00,297.12,297.25,297.12,297.25,0.04,1613.04,481489.75,1
2026-04-15,2026-04-15 14:00:00,297.25,297.38,297.25,297.38,0.04,1613.04,481489.75,1
2026-04-15,2026-04-15 14:10:00,297.38,297.5,297.38,297.5,0.04,1613.04,481489.75,1
2026-04-15,2026-04-15 14:20:00,297.5,297.62,297.5,297.62,0.04,1613.04,481489.75,1
2026-04-15,2026-04-15 14:30:00,297.62,297.75,297.62,297.75,0.04,1613.04,481489.75,1
2026-04-15,2026-04-15 14:40:00,297.75,297.88,297.75,297.88,0.04,1613.04,481489.75,1
2026-04-15,2026-04-15 14:50:00,297.88,298.0,297.88,298.0,0.04,1613.04,481489.75,1
2026-04-15,2026-04-15 15:00:00,298.0,302.0,295.0,298.0,0.0,1613.04,481489.75,0
2026-04-16,2026-04-16 11:00:00,298.0,298.6,295.93,297.79,-0.07,835.36,245036.46,-1
2026-04-16,2026-04-16 11:10:00,297.79,297.79,297.58,297.58,-0.07,835.36,245036.46,-1
2026-04-16,2026-04-16 11:20:00,297.58,297.58,297.38,297.38,-0.07,835.36,245036.46,-1
2026-04-16,2026-04-16 11:30:00,297.38,297.38,297.17,297.17,-0.07,835.36,245036.46,-1
2026-04-16,2026-04-16 11:40:00,297.17,297.17,296.96,296.96,-0.07,835.36,245036.46,-1
2026-04-16,2026-04-16 11:50:00,296.96,296.96,296.75,296.75,-0.07,835.36,245036.46,-1
2026-04-16,2026-04-16 12:00:00,296.75,296.75,296.54,296.54,-0.07,835.36,245036.46,-1
2026-04-16,2026-04-16 12:10:00,296.54,296.54,296.33,296.33,-0.07,835.36,245036.46,-1
2026-04-16,2026-04-16 12:20:00,296.33,296.33,296.12,296.12,-0.07,835.36,245036.46,-1
2026-04-16,2026-04-16 12:30:00,296.12,296.12,295.92,295.92,-0.07,835.36,245036.46,-1
2026-04-16,2026-04-16 12:40:00,295.92,295.92,295.71,295.71,-0.07,835.36,245036.46,-1
2026-04-16,2026-04-16 12:50:00,295.71,295.71,295.5,295.5,-0.07,835.36,245036.46,-1
2026-04-16,2026-04-16 13:00:00,295.5,300.0,291.1,295.29,-0.07,835.36,245036.46,-1
2026-04-16,2026-04-16 13:10:00,295.29,295.29,295.08,295.08,-0.07,835.36,245036.46,-1
2026-04-16,2026-04-16 13:20:00,295.08,295.08,294.88,294.88,-0.07,835.36,245036.46,-1
2026-04-16,2026-04-16 13:30:00,294.88,294.88,294.67,294.67,-0.07,835.36,245036.46,-1
2026-04-16,2026-04-16 13:40:00,294.67,294.67,294.46,294.46,-0.07,835.36,245036.46,-1
2026-04-16,2026-04-16 13:50:00,294.46,294.46,294.25,294.25,-0.07,835.36,245036.46,-1
2026-04-16,2026-04-16 14:00:00,294.25,294.25,294.04,294.04,-0.07,835.36,245036.46,-1
2026-04-16,2026-04-16 14:10:00,294.04,294.04,293.83,293.83,-0.07,835.36,245036.46,-1
2026-04-16,2026-04-16 14:20:00,293.83,293.83,293.62,293.62,-0.07,835.36,245036.46,-1
2026-04-16,2026-04-16 14:30:00,293.62,293.62,293.42,293.42,-0.07,835.36,245036.46,-1
2026-04-16,2026-04-16 14:40:00,293.42,293.42,293.21,293.21,-0.07,835.36,245036.46,-1
2026-04-16,2026-04-16 14:50:00,293.21,293.21,293.0,293.0,-0.07,835.36,245036.46,-1
2026-04-16,2026-04-16 15:00:00,293.0,300.0,291.1,293.0,0.0,835.36,245036.46,0
2026-04-17,2026-04-17 11:00:00,297.0,297.0,294.6,296.92,-0.03,1437.52,419655.28,-1
2026-04-17,2026-04-17 11:10:00,296.92,296.92,296.83,296.83,-0.03,1437.52,419655.28,-1
2026-04-17,2026-04-17 11:20:00,296.83,296.83,296.75,296.75,-0.03,1437.52,419655.28,-1
2026-04-17,2026-04-17 11:30:00,296.75,296.75,296.67,296.67,-0.03,1437.52,419655.28,-1
2026-04-17,2026-04-17 11:40:00,296.67,296.67,296.58,296.58,-0.03,1437.52,419655.28,-1
2026-04-17,2026-04-17 11:50:00,296.58,296.58,296.5,296.5,-0.03,1437.52,419655.28,-1
2026-04-17,2026-04-17 12:00:00,296.5,296.5,296.42,296.42,-0.03,1437.52,419655.28,-1
2026-04-17,2026-04-17 12:10:00,296.42,296.42,296.33,296.33,-0.03,1437.52,419655.28,-1
2026-04-17,2026-04-17 12:20:00,296.33,296.33,296.25,296.25,-0.03,1437.52,419655.28,-1
2026-04-17,2026-04-17 12:30:00,296.25,296.25,296.17,296.17,-0.03,1437.52,419655.28,-1
2026-04-17,2026-04-17 12:40:00,296.17,296.17,296.08,296.08,-0.03,1437.52,419655.28,-1
2026-04-17,2026-04-17 12:50:00,296.08,296.08,296.0,296.0,-0.03,1437.52,419655.28,-1
2026-04-17,2026-04-17 13:00:00,296.0,297.0,289.0,295.92,-0.03,1437.52,419655.28,-1
2026-04-17,2026-04-17 13:10:00,295.92,295.92,295.83,295.83,-0.03,1437.52,419655.28,-1
2026-04-17,2026-04-17 13:20:00,295.83,295.83,295.75,295.75,-0.03,1437.52,419655.28,-1
2026-04-17,2026-04-17 13:30:00,295.75,295.75,295.67,295.67,-0.03,1437.52,419655.28,-1
2026-04-17,2026-04-17 13:40:00,295.67,295.67,295.58,295.58,-0.03,1437.52,419655.28,-1
2026-04-17,2026-04-17 13:50:00,295.58,295.58,295.5,295.5,-0.03,1437.52,419655.28,-1
2026-04-17,2026-04-17 14:00:00,295.5,295.5,295.42,295.42,-0.03,1437.52,419655.28,-1
2026-04-17,2026-04-17 14:10:00,295.42,295.42,295.33,295.33,-0.03,1437.52,419655.28,-1
2026-04-17,2026-04-17 14:20:00,295.33,295.33,295.25,295.25,-0.03,1437.52,419655.28,-1
2026-04-17,2026-04-17 14:30:00,295.25,295.25,295.17,295.17,-0.03,1437.52,419655.28,-1
2026-04-17,2026-04-17 14:40:00,295.17,295.17,295.08,295.08,-0.03,1437.52,419655.28,-1
2026-04-17,2026-04-17 14:50:00,295.08,295.08,295.0,295.0,-0.03,1437.52,419655.28,-1
2026-04-17,2026-04-17 15:00:00,295.0,297.0,289.0,295.0,0.0,1437.52,419655.28,0
2026-04-20,2026-04-20 11:00:00,295.0,296.5,293.2,294.79,-0.07,1638.0,481821.12,-1
2026-04-20,2026-04-20 11:10:00,294.79,294.79,294.58,294.58,-0.07,1638.0,481821.12,-1
2026-04-20,2026-04-20 11:20:00,294.58,294.58,294.38,294.38,-0.07,1638.0,481821.12,-1
2026-04-20,2026-04-20 11:30:00,294.38,294.38,294.17,294.17,-0.07,1638.0,481821.12,-1
2026-04-20,2026-04-20 11:40:00,294.17,294.17,293.96,293.96,-0.07,1638.0,481821.12,-1
2026-04-20,2026-04-20 11:50:00,293.96,293.96,293.75,293.75,-0.07,1638.0,481821.12,-1
2026-04-20,2026-04-20 12:00:00,293.75,293.75,293.54,293.54,-0.07,1638.0,481821.12,-1
2026-04-20,2026-04-20 12:10:00,293.54,293.54,293.33,293.33,-0.07,1638.0,481821.12,-1
2026-04-20,2026-04-20 12:20:00,293.33,293.33,293.12,293.12,-0.07,1638.0,481821.12,-1
2026-04-20,2026-04-20 12:30:00,293.12,293.12,292.92,292.92,-0.07,1638.0,481821.12,-1
2026-04-20,2026-04-20 12:40:00,292.92,292.92,292.71,292.71,-0.07,1638.0,481821.12,-1
2026-04-20,2026-04-20 12:50:00,292.71,292.71,292.5,292.5,-0.07,1638.0,481821.12,-1
2026-04-20,2026-04-20 13:00:00,292.5,300.0,289.0,292.29,-0.07,1638.0,481821.12,-1
2026-04-20,2026-04-20 13:10:00,292.29,292.29,292.08,292.08,-0.07,1638.0,481821.12,-1
2026-04-20,2026-04-20 13:20:00,292.08,292.08,291.88,291.88,-0.07,1638.0,481821.12,-1
2026-04-20,2026-04-20 13:30:00,291.88,291.88,291.67,291.67,-0.07,1638.0,481821.12,-1
2026-04-20,2026-04-20 13:40:00,291.67,291.67,291.46,291.46,-0.07,1638.0,481821.12,-1
2026-04-20,2026-04-20 13:50:00,291.46,291.46,291.25,291.25,-0.07,1638.0,481821.12,-1
2026-04-20,2026-04-20 14:00:00,291.25,291.25,291.04,291.04,-0.07,1638.0,481821.12,-1
2026-04-20,2026-04-20 14:10:00,291.04,291.04,290.83,290.83,-0.07,1638.0,481821.12,-1
2026-04-20,2026-04-20 14:20:00,290.83,290.83,290.62,290.62,-0.07,1638.0,481821.12,-1
2026-04-20,2026-04-20 14:30:00,290.62,290.62,290.42,290.42,-0.07,1638.0,481821.12,-1
2026-04-20,2026-04-20 14:40:00,290.42,290.42,290.21,290.21,-0.07,1638.0,481821.12,-1
2026-04-20,2026-04-20 14:50:00,290.21,290.21,290.0,290.0,-0.07,1638.0,481821.12,-1
2026-04-20,2026-04-20 15:00:00,290.0,300.0,289.0,290.0,0.0,1638.0,481821.12,0
2026-04-21,2026-04-21 11:00:00,295.0,295.15,292.03,294.79,-0.07,818.24,236298.3,-1
2026-04-21,2026-04-21 11:10:00,294.79,294.79,294.58,294.58,-0.07,818.24,236298.3,-1
2026-04-21,2026-04-21 11:20:00,294.58,294.58,294.38,294.38,-0.07,818.24,236298.3,-1
2026-04-21,2026-04-21 11:30:00,294.38,294.38,294.17,294.17,-0.07,818.24,236298.3,-1
2026-04-21,2026-04-21 11:40:00,294.17,294.17,293.96,293.96,-0.07,818.24,236298.3,-1
2026-04-21,2026-04-21 11:50:00,293.96,293.96,293.75,293.75,-0.07,818.24,236298.3,-1
2026-04-21,2026-04-21 12:00:00,293.75,293.75,293.54,293.54,-0.07,818.24,236298.3,-1
2026-04-21,2026-04-21 12:10:00,293.54,293.54,293.33,293.33,-0.07,818.24,236298.3,-1
2026-04-21,2026-04-21 12:20:00,293.33,293.33,293.12,293.12,-0.07,818.24,236298.3,-1
2026-04-21,2026-04-21 12:30:00,293.12,293.12,292.92,292.92,-0.07,818.24,236298.3,-1
2026-04-21,2026-04-21 12:40:00,292.92,292.92,292.71,292.71,-0.07,818.24,236298.3,-1
2026-04-21,2026-04-21 12:50:00,292.71,292.71,292.5,292.5,-0.07,818.24,236298.3,-1
2026-04-21,2026-04-21 13:00:00,292.5,295.5,285.1,292.29,-0.07,818.24,236298.3,-1
2026-04-21,2026-04-21 13:10:00,292.29,292.29,292.08,292.08,-0.07,818.24,236298.3,-1
2026-04-21,2026-04-21 13:20:00,292.08,292.08,291.88,291.88,-0.07,818.24,236298.3,-1
2026-04-21,2026-04-21 13:30:00,291.88,291.88,291.67,291.67,-0.07,818.24,236298.3,-1
2026-04-21,2026-04-21 13:40:00,291.67,291.67,291.46,291.46,-0.07,818.24,236298.3,-1
2026-04-21,2026-04-21 13:50:00,291.46,291.46,291.25,291.25,-0.07,818.24,236298.3,-1
2026-04-21,2026-04-21 14:00:00,291.25,291.25,291.04,291.04,-0.07,818.24,236298.3,-1
2026-04-21,2026-04-21 14:10:00,291.04,291.04,290.83,290.83,-0.07,818.24,236298.3,-1
2026-04-21,2026-04-21 14:20:00,290.83,290.83,290.62,290.62,-0.07,818.24,236298.3,-1
2026-04-21,2026-04-21 14:30:00,290.62,290.62,290.42,290.42,-0.07,818.24,236298.3,-1
2026-04-21,2026-04-21 14:40:00,290.42,290.42,290.21,290.21,-0.07,818.24,236298.3,-1
2026-04-21,2026-04-21 14:50:00,290.21,290.21,290.0,290.0,-0.07,818.24,236298.3,-1
2026-04-21,2026-04-21 15:00:00,290.0,295.5,285.1,290.0,0.0,818.24,236298.3,0
2026-04-22,2026-04-22 11:00:00,291.0,291.9,288.9,291.09,0.03,1337.88,384301.46,1
2026-04-22,2026-04-22 11:10:00,291.09,291.18,291.09,291.18,0.03,1337.88,384301.46,1
2026-04-22,2026-04-22 11:20:00,291.18,291.27,291.18,291.27,0.03,1337.88,384301.46,1
2026-04-22,2026-04-22 11:30:00,291.27,291.37,291.27,291.37,0.03,1337.88,384301.46,1
2026-04-22,2026-04-22 11:40:00,291.37,291.46,291.37,291.46,0.03,1337.88,384301.46,1
2026-04-22,2026-04-22 11:50:00,291.46,291.55,291.46,291.55,0.03,1337.88,384301.46,1
2026-04-22,2026-04-22 12:00:00,291.55,291.64,291.55,291.64,0.03,1337.88,384301.46,1
2026-04-22,2026-04-22 12:10:00,291.64,291.73,291.64,291.73,0.03,1337.88,384301.46,1
2026-04-22,2026-04-22 12:20:00,291.73,291.82,291.73,291.82,0.03,1337.88,384301.46,1
2026-04-22,2026-04-22 12:30:00,291.82,291.92,291.82,291.92,0.03,1337.88,384301.46,1
2026-04-22,2026-04-22 12:40:00,291.92,292.01,291.92,292.01,0.03,1337.88,384301.46,1
2026-04-22,2026-04-22 12:50:00,292.01,292.1,292.01,292.1,0.03,1337.88,384301.46,1
2026-04-22,2026-04-22 13:00:00,292.1,294.0,284.0,292.19,0.03,1337.88,384301.46,1
2026-04-22,2026-04-22 13:10:00,292.19,292.28,292.19,292.28,0.03,1337.88,384301.46,1
2026-04-22,2026-04-22 13:20:00,292.28,292.38,292.28,292.38,0.03,1337.88,384301.46,1
2026-04-22,2026-04-22 13:30:00,292.38,292.47,292.38,292.47,0.03,1337.88,384301.46,1
2026-04-22,2026-04-22 13:40:00,292.47,292.56,292.47,292.56,0.03,1337.88,384301.46,1
2026-04-22,2026-04-22 13:50:00,292.56,292.65,292.56,292.65,0.03,1337.88,384301.46,1
2026-04-22,2026-04-22 14:00:00,292.65,292.74,292.65,292.74,0.03,1337.88,384301.46,1
2026-04-22,2026-04-22 14:10:00,292.74,292.83,292.74,292.83,0.03,1337.88,384301.46,1
2026-04-22,2026-04-22 14:20:00,292.83,292.93,292.83,292.93,0.03,1337.88,384301.46,1
2026-04-22,2026-04-22 14:30:00,292.93,293.02,292.93,293.02,0.03,1337.88,384301.46,1
2026-04-22,2026-04-22 14:40:00,293.02,293.11,293.02,293.11,0.03,1337.88,384301.46,1
2026-04-22,2026-04-22 14:50:00,293.11,293.2,293.11,293.2,0.03,1337.88,384301.46,1
2026-04-22,2026-04-22 15:00:00,293.2,294.0,284.0,293.2,0.0,1337.88,384301.46,0
2026-04-23,2026-04-23 11:00:00,307.8,307.8,300.96,306.85,-0.31,726.56,208912.29,-1
2026-04-23,2026-04-23 11:10:00,306.85,306.85,305.9,305.9,-0.31,726.56,208912.29,-1
2026-04-23,2026-04-23 11:20:00,305.9,305.9,304.95,304.95,-0.31,726.56,208912.29,-1
2026-04-23,2026-04-23 11:30:00,304.95,304.95,304.0,304.0,-0.31,726.56,208912.29,-1
2026-04-23,2026-04-23 11:40:00,304.0,304.0,303.05,303.05,-0.31,726.56,208912.29,-1
2026-04-23,2026-04-23 11:50:00,303.05,303.05,302.1,302.1,-0.31,726.56,208912.29,-1
2026-04-23,2026-04-23 12:00:00,302.1,302.1,301.15,301.15,-0.31,726.56,208912.29,-1
2026-04-23,2026-04-23 12:10:00,301.15,301.15,300.2,300.2,-0.32,726.56,208912.29,-1
2026-04-23,2026-04-23 12:20:00,300.2,300.2,299.25,299.25,-0.32,726.56,208912.29,-1
2026-04-23,2026-04-23 12:30:00,299.25,299.25,298.3,298.3,-0.32,726.56,208912.29,-1
2026-04-23,2026-04-23 12:40:00,298.3,298.3,297.35,297.35,-0.32,726.56,208912.29,-1
2026-04-23,2026-04-23 12:50:00,297.35,297.35,296.4,296.4,-0.32,726.56,208912.29,-1
2026-04-23,2026-04-23 13:00:00,296.4,307.8,285.0,295.45,-0.32,726.56,208912.29,-1
2026-04-23,2026-04-23 13:10:00,295.45,295.45,294.5,294.5,-0.32,726.56,208912.29,-1
2026-04-23,2026-04-23 13:20:00,294.5,294.5,293.55,293.55,-0.32,726.56,208912.29,-1
2026-04-23,2026-04-23 13:30:00,293.55,293.55,292.6,292.6,-0.32,726.56,208912.29,-1
2026-04-23,2026-04-23 13:40:00,292.6,292.6,291.65,291.65,-0.32,726.56,208912.29,-1
2026-04-23,2026-04-23 13:50:00,291.65,291.65,290.7,290.7,-0.33,726.56,208912.29,-1
2026-04-23,2026-04-23 14:00:00,290.7,290.7,289.75,289.75,-0.33,726.56,208912.29,-1
2026-04-23,2026-04-23 14:10:00,289.75,289.75,288.8,288.8,-0.33,726.56,208912.29,-1
2026-04-23,2026-04-23 14:20:00,288.8,288.8,287.85,287.85,-0.33,726.56,208912.29,-1
2026-04-23,2026-04-23 14:30:00,287.85,287.85,286.9,286.9,-0.33,726.56,208912.29,-1
2026-04-23,2026-04-23 14:40:00,286.9,286.9,285.95,285.95,-0.33,726.56,208912.29,-1
2026-04-23,2026-04-23 14:50:00,285.95,285.95,285.0,285.0,-0.33,726.56,208912.29,-1
2026-04-23,2026-04-23 15:00:00,285.0,307.8,285.0,285.0,0.0,726.56,208912.29,0
2026-04-24,2026-04-24 11:00:00,285.0,285.9,284.13,285.08,0.03,1091.72,311017.22,1
2026-04-24,2026-04-24 11:10:00,285.08,285.16,285.08,285.16,0.03,1091.72,311017.22,1
2026-04-24,2026-04-24 11:20:00,285.16,285.24,285.16,285.24,0.03,1091.72,311017.22,1
2026-04-24,2026-04-24 11:30:00,285.24,285.32,285.24,285.32,0.03,1091.72,311017.22,1
2026-04-24,2026-04-24 11:40:00,285.32,285.4,285.32,285.4,0.03,1091.72,311017.22,1
2026-04-24,2026-04-24 11:50:00,285.4,285.48,285.4,285.48,0.03,1091.72,311017.22,1
2026-04-24,2026-04-24 12:00:00,285.48,285.55,285.48,285.55,0.02,1091.72,311017.22,1
2026-04-24,2026-04-24 12:10:00,285.55,285.63,285.55,285.63,0.03,1091.72,311017.22,1
2026-04-24,2026-04-24 12:20:00,285.63,285.71,285.63,285.71,0.03,1091.72,311017.22,1
2026-04-24,2026-04-24 12:30:00,285.71,285.79,285.71,285.79,0.03,1091.72,311017.22,1
2026-04-24,2026-04-24 12:40:00,285.79,285.87,285.79,285.87,0.03,1091.72,311017.22,1
2026-04-24,2026-04-24 12:50:00,285.87,285.95,285.87,285.95,0.03,1091.72,311017.22,1
2026-04-24,2026-04-24 13:00:00,285.95,288.0,282.1,286.03,0.03,1091.72,311017.22,1
2026-04-24,2026-04-24 13:10:00,286.03,286.11,286.03,286.11,0.03,1091.72,311017.22,1
2026-04-24,2026-04-24 13:20:00,286.11,286.19,286.11,286.19,0.03,1091.72,311017.22,1
2026-04-24,2026-04-24 13:30:00,286.19,286.27,286.19,286.27,0.03,1091.72,311017.22,1
2026-04-24,2026-04-24 13:40:00,286.27,286.35,286.27,286.35,0.03,1091.72,311017.22,1
2026-04-24,2026-04-24 13:50:00,286.35,286.42,286.35,286.42,0.02,1091.72,311017.22,1
2026-04-24,2026-04-24 14:00:00,286.42,286.5,286.42,286.5,0.03,1091.72,311017.22,1
2026-04-24,2026-04-24 14:10:00,286.5,286.58,286.5,286.58,0.03,1091.72,311017.22,1
2026-04-24,2026-04-24 14:20:00,286.58,286.66,286.58,286.66,0.03,1091.72,311017.22,1
2026-04-24,2026-04-24 14:30:00,286.66,286.74,286.66,286.74,0.03,1091.72,311017.22,1
2026-04-24,2026-04-24 14:40:00,286.74,286.82,286.74,286.82,0.03,1091.72,311017.22,1
2026-04-24,2026-04-24 14:50:00,286.82,286.9,286.82,286.9,0.03,1091.72,311017.22,1
2026-04-24,2026-04-24 15:00:00,286.9,288.0,282.1,286.9,0.0,1091.72,311017.22,0
2026-04-27,2026-04-27 11:00:00,286.9,289.33,286.03,286.95,0.02,724.2,207433.69,1
2026-04-27,2026-04-27 11:10:00,286.95,286.99,286.95,286.99,0.01,724.2,207433.69,1
2026-04-27,2026-04-27 11:20:00,286.99,287.04,286.99,287.04,0.02,724.2,207433.69,1
2026-04-27,2026-04-27 11:30:00,287.04,287.08,287.04,287.08,0.01,724.2,207433.69,1
2026-04-27,2026-04-27 11:40:00,287.08,287.13,287.08,287.13,0.02,724.2,207433.69,1
2026-04-27,2026-04-27 11:50:00,287.13,287.17,287.13,287.17,0.01,724.2,207433.69,1
2026-04-27,2026-04-27 12:00:00,287.17,287.22,287.17,287.22,0.02,724.2,207433.69,1
2026-04-27,2026-04-27 12:10:00,287.22,287.27,287.22,287.27,0.02,724.2,207433.69,1
2026-04-27,2026-04-27 12:20:00,287.27,287.31,287.27,287.31,0.01,724.2,207433.69,1
2026-04-27,2026-04-27 12:30:00,287.31,287.36,287.31,287.36,0.02,724.2,207433.69,1
2026-04-27,2026-04-27 12:40:00,287.36,287.4,287.36,287.4,0.01,724.2,207433.69,1
2026-04-27,2026-04-27 12:50:00,287.4,287.45,287.4,287.45,0.02,724.2,207433.69,1
2026-04-27,2026-04-27 13:00:00,287.45,295.0,284.0,287.5,0.02,724.2,207433.69,1
2026-04-27,2026-04-27 13:10:00,287.5,287.54,287.5,287.54,0.01,724.2,207433.69,1
2026-04-27,2026-04-27 13:20:00,287.54,287.59,287.54,287.59,0.02,724.2,207433.69,1
2026-04-27,2026-04-27 13:30:00,287.59,287.63,287.59,287.63,0.01,724.2,207433.69,1
2026-04-27,2026-04-27 13:40:00,287.63,287.68,287.63,287.68,0.02,724.2,207433.69,1
2026-04-27,2026-04-27 13:50:00,287.68,287.73,287.68,287.73,0.02,724.2,207433.69,1
2026-04-27,2026-04-27 14:00:00,287.73,287.77,287.73,287.77,0.01,724.2,207433.69,1
2026-04-27,2026-04-27 14:10:00,287.77,287.82,287.77,287.82,0.02,724.2,207433.69,1
2026-04-27,2026-04-27 14:20:00,287.82,287.86,287.82,287.86,0.01,724.2,207433.69,1
2026-04-27,2026-04-27 14:30:00,287.86,287.91,287.86,287.91,0.02,724.2,207433.69,1
2026-04-27,2026-04-27 14:40:00,287.91,287.95,287.91,287.95,0.01,724.2,207433.69,1
2026-04-27,2026-04-27 14:50:00,287.95,288.0,287.95,288.0,0.02,724.2,207433.69,1
2026-04-27,2026-04-27 15:00:00,288.0,295.0,284.0,288.0,0.0,724.2,207433.69,0
2026-04-28,2026-04-28 11:00:00,288.0,289.2,286.29,287.99,-0.0,566.92,161084.57,-1
2026-04-28,2026-04-28 11:10:00,287.99,287.99,287.98,287.98,-0.0,566.92,161084.57,-1
2026-04-28,2026-04-28 11:20:00,287.98,287.98,287.98,287.98,0.0,566.92,161084.57,0
2026-04-28,2026-04-28 11:30:00,287.98,287.98,287.97,287.97,-0.0,566.92,161084.57,-1
2026-04-28,2026-04-28 11:40:00,287.97,287.97,287.96,287.96,-0.0,566.92,161084.57,-1
2026-04-28,2026-04-28 11:50:00,287.96,287.96,287.95,287.95,-0.0,566.92,161084.57,-1
2026-04-28,2026-04-28 12:00:00,287.95,287.95,287.94,287.94,-0.0,566.92,161084.57,-1
2026-04-28,2026-04-28 12:10:00,287.94,287.94,287.93,287.93,-0.0,566.92,161084.57,-1
2026-04-28,2026-04-28 12:20:00,287.93,287.93,287.93,287.93,0.0,566.92,161084.57,0
2026-04-28,2026-04-28 12:30:00,287.93,287.93,287.92,287.92,-0.0,566.92,161084.57,-1
2026-04-28,2026-04-28 12:40:00,287.92,287.92,287.91,287.91,-0.0,566.92,161084.57,-1
2026-04-28,2026-04-28 12:50:00,287.91,287.91,287.9,287.9,-0.0,566.92,161084.57,-1
2026-04-28,2026-04-28 13:00:00,287.9,292.0,282.3,287.89,-0.0,566.92,161084.57,-1
2026-04-28,2026-04-28 13:10:00,287.89,287.89,287.88,287.88,-0.0,566.92,161084.57,-1
2026-04-28,2026-04-28 13:20:00,287.88,287.88,287.88,287.88,0.0,566.92,161084.57,0
2026-04-28,2026-04-28 13:30:00,287.88,287.88,287.87,287.87,-0.0,566.92,161084.57,-1
2026-04-28,2026-04-28 13:40:00,287.87,287.87,287.86,287.86,-0.0,566.92,161084.57,-1
2026-04-28,2026-04-28 13:50:00,287.86,287.86,287.85,287.85,-0.0,566.92,161084.57,-1
2026-04-28,2026-04-28 14:00:00,287.85,287.85,287.84,287.84,-0.0,566.92,161084.57,-1
2026-04-28,2026-04-28 14:10:00,287.84,287.84,287.83,287.83,-0.0,566.92,161084.57,-1
2026-04-28,2026-04-28 14:20:00,287.83,287.83,287.82,287.82,-0.0,566.92,161084.57,-1
2026-04-28,2026-04-28 14:30:00,287.82,287.82,287.82,287.82,0.0,566.92,161084.57,0
2026-04-28,2026-04-28 14:40:00,287.82,287.82,287.81,287.81,-0.0,566.92,161084.57,-1
2026-04-28,2026-04-28 14:50:00,287.81,287.81,287.8,287.8,-0.0,566.92,161084.57,-1
2026-04-28,2026-04-28 15:00:00,287.8,292.0,282.3,287.8,0.0,566.92,161084.57,0
2026-04-29,2026-04-29 11:00:00,287.8,287.8,285.46,287.52,-0.1,1200.52,338467.25,-1
2026-04-29,2026-04-29 11:10:00,287.52,287.52,287.23,287.23,-0.1,1200.52,338467.25,-1
2026-04-29,2026-04-29 11:20:00,287.23,287.23,286.95,286.95,-0.1,1200.52,338467.25,-1
2026-04-29,2026-04-29 11:30:00,286.95,286.95,286.67,286.67,-0.1,1200.52,338467.25,-1
2026-04-29,2026-04-29 11:40:00,286.67,286.67,286.38,286.38,-0.1,1200.52,338467.25,-1
2026-04-29,2026-04-29 11:50:00,286.38,286.38,286.1,286.1,-0.1,1200.52,338467.25,-1
2026-04-29,2026-04-29 12:00:00,286.1,286.1,285.82,285.82,-0.1,1200.52,338467.25,-1
2026-04-29,2026-04-29 12:10:00,285.82,285.82,285.53,285.53,-0.1,1200.52,338467.25,-1
2026-04-29,2026-04-29 12:20:00,285.53,285.53,285.25,285.25,-0.1,1200.52,338467.25,-1
2026-04-29,2026-04-29 12:30:00,285.25,285.25,284.97,284.97,-0.1,1200.52,338467.25,-1
2026-04-29,2026-04-29 12:40:00,284.97,284.97,284.68,284.68,-0.1,1200.52,338467.25,-1
2026-04-29,2026-04-29 12:50:00,284.68,284.68,284.4,284.4,-0.1,1200.52,338467.25,-1
2026-04-29,2026-04-29 13:00:00,284.4,286.0,280.0,284.12,-0.1,1200.52,338467.25,-1
2026-04-29,2026-04-29 13:10:00,284.12,284.12,283.83,283.83,-0.1,1200.52,338467.25,-1
2026-04-29,2026-04-29 13:20:00,283.83,283.83,283.55,283.55,-0.1,1200.52,338467.25,-1
2026-04-29,2026-04-29 13:30:00,283.55,283.55,283.27,283.27,-0.1,1200.52,338467.25,-1
2026-04-29,2026-04-29 13:40:00,283.27,283.27,282.98,282.98,-0.1,1200.52,338467.25,-1
2026-04-29,2026-04-29 13:50:00,282.98,282.98,282.7,282.7,-0.1,1200.52,338467.25,-1
2026-04-29,2026-04-29 14:00:00,282.7,282.7,282.42,282.42,-0.1,1200.52,338467.25,-1
2026-04-29,2026-04-29 14:10:00,282.42,282.42,282.13,282.13,-0.1,1200.52,338467.25,-1
2026-04-29,2026-04-29 14:20:00,282.13,282.13,281.85,281.85,-0.1,1200.52,338467.25,-1
2026-04-29,2026-04-29 14:30:00,281.85,281.85,281.57,281.57,-0.1,1200.52,338467.25,-1
2026-04-29,2026-04-29 14:40:00,281.57,281.57,281.28,281.28,-0.1,1200.52,338467.25,-1
2026-04-29,2026-04-29 14:50:00,281.28,281.28,281.0,281.0,-0.1,1200.52,338467.25,-1
2026-04-29,2026-04-29 15:00:00,281.0,286.0,280.0,281.0,0.0,1200.52,338467.25,0
2026-04-30,2026-04-30 11:00:00,277.0,279.1,277.0,277.0,0.0,951.4,265386.34,0
2026-04-30,2026-04-30 11:10:00,277.0,277.0,277.0,277.0,0.0,951.4,265386.34,0
2026-04-30,2026-04-30 11:20:00,277.0,277.0,277.0,277.0,0.0,951.4,265386.34,0
2026-04-30,2026-04-30 11:30:00,277.0,277.0,277.0,277.0,0.0,951.4,265386.34,0
2026-04-30,2026-04-30 11:40:00,277.0,277.0,277.0,277.0,0.0,951.4,265386.34,0
2026-04-30,2026-04-30 11:50:00,277.0,277.0,277.0,277.0,0.0,951.4,265386.34,0
2026-04-30,2026-04-30 12:00:00,277.0,277.0,277.0,277.0,0.0,951.4,265386.34,0
2026-04-30,2026-04-30 12:10:00,277.0,277.0,277.0,277.0,0.0,951.4,265386.34,0
2026-04-30,2026-04-30 12:20:00,277.0,277.0,277.0,277.0,0.0,951.4,265386.34,0
2026-04-30,2026-04-30 12:30:00,277.0,277.0,277.0,277.0,0.0,951.4,265386.34,0
2026-04-30,2026-04-30 12:40:00,277.0,277.0,277.0,277.0,0.0,951.4,265386.34,0
2026-04-30,2026-04-30 12:50:00,277.0,277.0,277.0,277.0,0.0,951.4,265386.34,0
2026-04-30,2026-04-30 13:00:00,277.0,284.0,277.0,277.0,0.0,951.4,265386.34,0
2026-04-30,2026-04-30 13:10:00,277.0,277.0,277.0,277.0,0.0,951.4,265386.34,0
2026-04-30,2026-04-30 13:20:00,277.0,277.0,277.0,277.0,0.0,951.4,265386.34,0
2026-04-30,2026-04-30 13:30:00,277.0,277.0,277.0,277.0,0.0,951.4,265386.34,0
2026-04-30,2026-04-30 13:40:00,277.0,277.0,277.0,277.0,0.0,951.4,265386.34,0
2026-04-30,2026-04-30 13:50:00,277.0,277.0,277.0,277.0,0.0,951.4,265386.34,0
2026-04-30,2026-04-30 14:00:00,277.0,277.0,277.0,277.0,0.0,951.4,265386.34,0
2026-04-30,2026-04-30 14:10:00,277.0,277.0,277.0,277.0,0.0,951.4,265386.34,0
2026-04-30,2026-04-30 14:20:00,277.0,277.0,277.0,277.0,0.0,951.4,265386.34,0
2026-04-30,2026-04-30 14:30:00,277.0,277.0,277.0,277.0,0.0,951.4,265386.34,0
2026-04-30,2026-04-30 14:40:00,277.0,277.0,277.0,277.0,0.0,951.4,265386.34,0
2026-04-30,2026-04-30 14:50:00,277.0,277.0,277.0,277.0,0.0,951.4,265386.34,0
2026-04-30,2026-04-30 15:00:00,277.0,284.0,277.0,277.0,0.0,951.4,265386.34,0
2026-05-04,2026-05-04 11:00:00,278.0,279.2,277.1,277.88,-0.04,423.6,117302.85,-1
2026-05-04,2026-05-04 11:10:00,277.88,277.88,277.75,277.75,-0.05,423.6,117302.85,-1
2026-05-04,2026-05-04 11:20:00,277.75,277.75,277.62,277.62,-0.05,423.6,117302.85,-1
2026-05-04,2026-05-04 11:30:00,277.62,277.62,277.5,277.5,-0.04,423.6,117302.85,-1
2026-05-04,2026-05-04 11:40:00,277.5,277.5,277.38,277.38,-0.04,423.6,117302.85,-1
2026-05-04,2026-05-04 11:50:00,277.38,277.38,277.25,277.25,-0.05,423.6,117302.85,-1
2026-05-04,2026-05-04 12:00:00,277.25,277.25,277.12,277.12,-0.05,423.6,117302.85,-1
2026-05-04,2026-05-04 12:10:00,277.12,277.12,277.0,277.0,-0.04,423.6,117302.85,-1
2026-05-04,2026-05-04 12:20:00,277.0,277.0,276.88,276.88,-0.04,423.6,117302.85,-1
2026-05-04,2026-05-04 12:30:00,276.88,276.88,276.75,276.75,-0.05,423.6,117302.85,-1
2026-05-04,2026-05-04 12:40:00,276.75,276.75,276.62,276.62,-0.05,423.6,117302.85,-1
2026-05-04,2026-05-04 12:50:00,276.62,276.62,276.5,276.5,-0.04,423.6,117302.85,-1
2026-05-04,2026-05-04 13:00:00,276.5,282.0,275.0,276.38,-0.04,423.6,117302.85,-1
2026-05-04,2026-05-04 13:10:00,276.38,276.38,276.25,276.25,-0.05,423.6,117302.85,-1
2026-05-04,2026-05-04 13:20:00,276.25,276.25,276.12,276.12,-0.05,423.6,117302.85,-1
2026-05-04,2026-05-04 13:30:00,276.12,276.12,276.0,276.0,-0.04,423.6,117302.85,-1
2026-05-04,2026-05-04 13:40:00,276.0,276.0,275.88,275.88,-0.04,423.6,117302.85,-1
2026-05-04,2026-05-04 13:50:00,275.88,275.88,275.75,275.75,-0.05,423.6,117302.85,-1
2026-05-04,2026-05-04 14:00:00,275.75,275.75,275.62,275.62,-0.05,423.6,117302.85,-1
2026-05-04,2026-05-04 14:10:00,275.62,275.62,275.5,275.5,-0.04,423.6,117302.85,-1
2026-05-04,2026-05-04 14:20:00,275.5,275.5,275.38,275.38,-0.04,423.6,117302.85,-1
2026-05-04,2026-05-04 14:30:00,275.38,275.38,275.25,275.25,-0.05,423.6,117302.85,-1
2026-05-04,2026-05-04 14:40:00,275.25,275.25,275.12,275.12,-0.05,423.6,117302.85,-1
2026-05-04,2026-05-04 14:50:00,275.12,275.12,275.0,275.0,-0.04,423.6,117302.85,-1
2026-05-04,2026-05-04 15:00:00,275.0,282.0,275.0,275.0,0.0,423.6,117302.85,0
2026-05-05,2026-05-05 11:00:00,275.0,276.8,273.8,275.12,0.04,646.04,179481.71,1
2026-05-05,2026-05-05 11:10:00,275.12,275.25,275.12,275.25,0.05,646.04,179481.71,1
2026-05-05,2026-05-05 11:20:00,275.25,275.38,275.25,275.38,0.05,646.04,179481.71,1
2026-05-05,2026-05-05 11:30:00,275.38,275.5,275.38,275.5,0.04,646.04,179481.71,1
2026-05-05,2026-05-05 11:40:00,275.5,275.62,275.5,275.62,0.04,646.04,179481.71,1
2026-05-05,2026-05-05 11:50:00,275.62,275.75,275.62,275.75,0.05,646.04,179481.71,1
2026-05-05,2026-05-05 12:00:00,275.75,275.88,275.75,275.88,0.05,646.04,179481.71,1
2026-05-05,2026-05-05 12:10:00,275.88,276.0,275.88,276.0,0.04,646.04,179481.71,1
2026-05-05,2026-05-05 12:20:00,276.0,276.12,276.0,276.12,0.04,646.04,179481.71,1
2026-05-05,2026-05-05 12:30:00,276.12,276.25,276.12,276.25,0.05,646.04,179481.71,1
2026-05-05,2026-05-05 12:40:00,276.25,276.38,276.25,276.38,0.05,646.04,179481.71,1
2026-05-05,2026-05-05 12:50:00,276.38,276.5,276.38,276.5,0.04,646.04,179481.71,1
2026-05-05,2026-05-05 13:00:00,276.5,281.0,271.0,276.62,0.04,646.04,179481.71,1
2026-05-05,2026-05-05 13:10:00,276.62,276.75,276.62,276.75,0.05,646.04,179481.71,1
2026-05-05,2026-05-05 13:20:00,276.75,276.88,276.75,276.88,0.05,646.04,179481.71,1
2026-05-05,2026-05-05 13:30:00,276.88,277.0,276.88,277.0,0.04,646.04,179481.71,1
2026-05-05,2026-05-05 13:40:00,277.0,277.12,277.0,277.12,0.04,646.04,179481.71,1
2026-05-05,2026-05-05 13:50:00,277.12,277.25,277.12,277.25,0.05,646.04,179481.71,1
2026-05-05,2026-05-05 14:00:00,277.25,277.38,277.25,277.38,0.05,646.04,179481.71,1
2026-05-05,2026-05-05 14:10:00,277.38,277.5,277.38,277.5,0.04,646.04,179481.71,1
2026-05-05,2026-05-05 14:20:00,277.5,277.62,277.5,277.62,0.04,646.04,179481.71,1
2026-05-05,2026-05-05 14:30:00,277.62,277.75,277.62,277.75,0.05,646.04,179481.71,1
2026-05-05,2026-05-05 14:40:00,277.75,277.88,277.75,277.88,0.05,646.04,179481.71,1
2026-05-05,2026-05-05 14:50:00,277.88,278.0,277.88,278.0,0.04,646.04,179481.71,1
2026-05-05,2026-05-05 15:00:00,278.0,281.0,271.0,278.0,0.0,646.04,179481.71,0
2026-05-06,2026-05-06 11:00:00,286.2,286.2,282.84,285.92,-0.1,463.0,129067.48,-1
2026-05-06,2026-05-06 11:10:00,285.92,285.92,285.64,285.64,-0.1,463.0,129067.48,-1
2026-05-06,2026-05-06 11:20:00,285.64,285.64,285.36,285.36,-0.1,463.0,129067.48,-1
2026-05-06,2026-05-06 11:30:00,285.36,285.36,285.08,285.08,-0.1,463.0,129067.48,-1
2026-05-06,2026-05-06 11:40:00,285.08,285.08,284.8,284.8,-0.1,463.0,129067.48,-1
2026-05-06,2026-05-06 11:50:00,284.8,284.8,284.52,284.52,-0.1,463.0,129067.48,-1
2026-05-06,2026-05-06 12:00:00,284.52,284.52,284.25,284.25,-0.09,463.0,129067.48,-1
2026-05-06,2026-05-06 12:10:00,284.25,284.25,283.97,283.97,-0.1,463.0,129067.48,-1
2026-05-06,2026-05-06 12:20:00,283.97,283.97,283.69,283.69,-0.1,463.0,129067.48,-1
2026-05-06,2026-05-06 12:30:00,283.69,283.69,283.41,283.41,-0.1,463.0,129067.48,-1
2026-05-06,2026-05-06 12:40:00,283.41,283.41,283.13,283.13,-0.1,463.0,129067.48,-1
2026-05-06,2026-05-06 12:50:00,283.13,283.13,282.85,282.85,-0.1,463.0,129067.48,-1
2026-05-06,2026-05-06 13:00:00,282.85,286.2,275.0,282.57,-0.1,463.0,129067.48,-1
2026-05-06,2026-05-06 13:10:00,282.57,282.57,282.29,282.29,-0.1,463.0,129067.48,-1
2026-05-06,2026-05-06 13:20:00,282.29,282.29,282.01,282.01,-0.1,463.0,129067.48,-1
2026-05-06,2026-05-06 13:30:00,282.01,282.01,281.73,281.73,-0.1,463.0,129067.48,-1
2026-05-06,2026-05-06 13:40:00,281.73,281.73,281.45,281.45,-0.1,463.0,129067.48,-1
2026-05-06,2026-05-06 13:50:00,281.45,281.45,281.18,281.18,-0.1,463.0,129067.48,-1
2026-05-06,2026-05-06 14:00:00,281.18,281.18,280.9,280.9,-0.1,463.0,129067.48,-1
2026-05-06,2026-05-06 14:10:00,280.9,280.9,280.62,280.62,-0.1,463.0,129067.48,-1
2026-05-06,2026-05-06 14:20:00,280.62,280.62,280.34,280.34,-0.1,463.0,129067.48,-1
2026-05-06,2026-05-06 14:30:00,280.34,280.34,280.06,280.06,-0.1,463.0,129067.48,-1
2026-05-06,2026-05-06 14:40:00,280.06,280.06,279.78,279.78,-0.1,463.0,129067.48,-1
2026-05-06,2026-05-06 14:50:00,279.78,279.78,279.5,279.5,-0.1,463.0,129067.48,-1
2026-05-06,2026-05-06 15:00:00,279.5,286.2,275.0,279.5,0.0,463.0,129067.48,0
2026-05-07,2026-05-07 11:00:00,282.0,282.6,279.93,281.91,-0.03,355.8,99298.79,-1
2026-05-07,2026-05-07 11:10:00,281.91,281.91,281.82,281.82,-0.03,355.8,99298.79,-1
2026-05-07,2026-05-07 11:20:00,281.82,281.82,281.73,281.73,-0.03,355.8,99298.79,-1
2026-05-07,2026-05-07 11:30:00,281.73,281.73,281.63,281.63,-0.04,355.8,99298.79,-1
2026-05-07,2026-05-07 11:40:00,281.63,281.63,281.54,281.54,-0.03,355.8,99298.79,-1
2026-05-07,2026-05-07 11:50:00,281.54,281.54,281.45,281.45,-0.03,355.8,99298.79,-1
2026-05-07,2026-05-07 12:00:00,281.45,281.45,281.36,281.36,-0.03,355.8,99298.79,-1
2026-05-07,2026-05-07 12:10:00,281.36,281.36,281.27,281.27,-0.03,355.8,99298.79,-1
2026-05-07,2026-05-07 12:20:00,281.27,281.27,281.18,281.18,-0.03,355.8,99298.79,-1
2026-05-07,2026-05-07 12:30:00,281.18,281.18,281.08,281.08,-0.04,355.8,99298.79,-1
2026-05-07,2026-05-07 12:40:00,281.08,281.08,280.99,280.99,-0.03,355.8,99298.79,-1
2026-05-07,2026-05-07 12:50:00,280.99,280.99,280.9,280.9,-0.03,355.8,99298.79,-1
2026-05-07,2026-05-07 13:00:00,280.9,284.0,275.1,280.81,-0.03,355.8,99298.79,-1
2026-05-07,2026-05-07 13:10:00,280.81,280.81,280.72,280.72,-0.03,355.8,99298.79,-1
2026-05-07,2026-05-07 13:20:00,280.72,280.72,280.62,280.62,-0.04,355.8,99298.79,-1
2026-05-07,2026-05-07 13:30:00,280.62,280.62,280.53,280.53,-0.03,355.8,99298.79,-1
2026-05-07,2026-05-07 13:40:00,280.53,280.53,280.44,280.44,-0.03,355.8,99298.79,-1
2026-05-07,2026-05-07 13:50:00,280.44,280.44,280.35,280.35,-0.03,355.8,99298.79,-1
2026-05-07,2026-05-07 14:00:00,280.35,280.35,280.26,280.26,-0.03,355.8,99298.79,-1
2026-05-07,2026-05-07 14:10:00,280.26,280.26,280.17,280.17,-0.03,355.8,99298.79,-1
2026-05-07,2026-05-07 14:20:00,280.17,280.17,280.07,280.07,-0.04,355.8,99298.79,-1
2026-05-07,2026-05-07 14:30:00,280.07,280.07,279.98,279.98,-0.03,355.8,99298.79,-1
2026-05-07,2026-05-07 14:40:00,279.98,279.98,279.89,279.89,-0.03,355.8,99298.79,-1
2026-05-07,2026-05-07 14:50:00,279.89,279.89,279.8,279.8,-0.03,355.8,99298.79,-1
2026-05-07,2026-05-07 15:00:00,279.8,284.0,275.1,279.8,0.0,355.8,99298.79,0
2026-05-08,2026-05-08 11:00:00,285.0,285.0,282.6,284.83,-0.06,395.92,110609.94,-1
2026-05-08,2026-05-08 11:10:00,284.83,284.83,284.67,284.67,-0.06,395.92,110609.94,-1
2026-05-08,2026-05-08 11:20:00,284.67,284.67,284.5,284.5,-0.06,395.92,110609.94,-1
2026-05-08,2026-05-08 11:30:00,284.5,284.5,284.33,284.33,-0.06,395.92,110609.94,-1
2026-05-08,2026-05-08 11:40:00,284.33,284.33,284.17,284.17,-0.06,395.92,110609.94,-1
2026-05-08,2026-05-08 11:50:00,284.17,284.17,284.0,284.0,-0.06,395.92,110609.94,-1
2026-05-08,2026-05-08 12:00:00,284.0,284.0,283.83,283.83,-0.06,395.92,110609.94,-1
2026-05-08,2026-05-08 12:10:00,283.83,283.83,283.67,283.67,-0.06,395.92,110609.94,-1
2026-05-08,2026-05-08 12:20:00,283.67,283.67,283.5,283.5,-0.06,395.92,110609.94,-1
2026-05-08,2026-05-08 12:30:00,283.5,283.5,283.33,283.33,-0.06,395.92,110609.94,-1
2026-05-08,2026-05-08 12:40:00,283.33,283.33,283.17,283.17,-0.06,395.92,110609.94,-1
2026-05-08,2026-05-08 12:50:00,283.17,283.17,283.0,283.0,-0.06,395.92,110609.94,-1
2026-05-08,2026-05-08 13:00:00,283.0,285.0,277.0,282.83,-0.06,395.92,110609.94,-1
2026-05-08,2026-05-08 13:10:00,282.83,282.83,282.67,282.67,-0.06,395.92,110609.94,-1
2026-05-08,2026-05-08 13:20:00,282.67,282.67,282.5,282.5,-0.06,395.92,110609.94,-1
2026-05-08,2026-05-08 13:30:00,282.5,282.5,282.33,282.33,-0.06,395.92,110609.94,-1
2026-05-08,2026-05-08 13:40:00,282.33,282.33,282.17,282.17,-0.06,395.92,110609.94,-1
2026-05-08,2026-05-08 13:50:00,282.17,282.17,282.0,282.0,-0.06,395.92,110609.94,-1
2026-05-08,2026-05-08 14:00:00,282.0,282.0,281.83,281.83,-0.06,395.92,110609.94,-1
2026-05-08,2026-05-08 14:10:00,281.83,281.83,281.67,281.67,-0.06,395.92,110609.94,-1
2026-05-08,2026-05-08 14:20:00,281.67,281.67,281.5,281.5,-0.06,395.92,110609.94,-1
2026-05-08,2026-05-08 14:30:00,281.5,281.5,281.33,281.33,-0.06,395.92,110609.94,-1
2026-05-08,2026-05-08 14:40:00,281.33,281.33,281.17,281.17,-0.06,395.92,110609.94,-1
2026-05-08,2026-05-08 14:50:00,281.17,281.17,281.0,281.0,-0.06,395.92,110609.94,-1
2026-05-08,2026-05-08 15:00:00,281.0,285.0,277.0,281.0,0.0,395.92,110609.94,0
2026-05-11,2026-05-11 11:00:00,284.0,285.2,283.16,284.02,0.01,801.84,228892.1,1
2026-05-11,2026-05-11 11:10:00,284.02,284.03,284.02,284.03,0.0,801.84,228892.1,1
2026-05-11,2026-05-11 11:20:00,284.03,284.05,284.03,284.05,0.01,801.84,228892.1,1
2026-05-11,2026-05-11 11:30:00,284.05,284.07,284.05,284.07,0.01,801.84,228892.1,1
2026-05-11,2026-05-11 11:40:00,284.07,284.08,284.07,284.08,0.0,801.84,228892.1,1
2026-05-11,2026-05-11 11:50:00,284.08,284.1,284.08,284.1,0.01,801.84,228892.1,1
2026-05-11,2026-05-11 12:00:00,284.1,284.12,284.1,284.12,0.01,801.84,228892.1,1
2026-05-11,2026-05-11 12:10:00,284.12,284.13,284.12,284.13,0.0,801.84,228892.1,1
2026-05-11,2026-05-11 12:20:00,284.13,284.15,284.13,284.15,0.01,801.84,228892.1,1
2026-05-11,2026-05-11 12:30:00,284.15,284.17,284.15,284.17,0.01,801.84,228892.1,1
2026-05-11,2026-05-11 12:40:00,284.17,284.18,284.17,284.18,0.0,801.84,228892.1,1
2026-05-11,2026-05-11 12:50:00,284.18,284.2,284.18,284.2,0.01,801.84,228892.1,1
2026-05-11,2026-05-11 13:00:00,284.2,288.0,281.2,284.22,0.01,801.84,228892.1,1
2026-05-11,2026-05-11 13:10:00,284.22,284.23,284.22,284.23,0.0,801.84,228892.1,1
2026-05-11,2026-05-11 13:20:00,284.23,284.25,284.23,284.25,0.01,801.84,228892.1,1
2026-05-11,2026-05-11 13:30:00,284.25,284.27,284.25,284.27,0.01,801.84,228892.1,1
2026-05-11,2026-05-11 13:40:00,284.27,284.28,284.27,284.28,0.0,801.84,228892.1,1
2026-05-11,2026-05-11 13:50:00,284.28,284.3,284.28,284.3,0.01,801.84,228892.1,1
2026-05-11,2026-05-11 14:00:00,284.3,284.32,284.3,284.32,0.01,801.84,228892.1,1
2026-05-11,2026-05-11 14:10:00,284.32,284.33,284.32,284.33,0.0,801.84,228892.1,1
2026-05-11,2026-05-11 14:20:00,284.33,284.35,284.33,284.35,0.01,801.84,228892.1,1
2026-05-11,2026-05-11 14:30:00,284.35,284.37,284.35,284.37,0.01,801.84,228892.1,1
2026-05-11,2026-05-11 14:40:00,284.37,284.38,284.37,284.38,0.0,801.84,228892.1,1
2026-05-11,2026-05-11 14:50:00,284.38,284.4,284.38,284.4,0.01,801.84,228892.1,1
2026-05-11,2026-05-11 15:00:00,284.4,288.0,281.2,284.4,0.0,801.84,228892.1,0
2026-05-12,2026-05-12 11:00:00,292.5,292.95,288.75,292.02,-0.16,1013.0,288668.58,-1
2026-05-12,2026-05-12 11:10:00,292.02,292.02,291.54,291.54,-0.16,1013.0,288668.58,-1
2026-05-12,2026-05-12 11:20:00,291.54,291.54,291.06,291.06,-0.16,1013.0,288668.58,-1
2026-05-12,2026-05-12 11:30:00,291.06,291.06,290.58,290.58,-0.16,1013.0,288668.58,-1
2026-05-12,2026-05-12 11:40:00,290.58,290.58,290.1,290.1,-0.17,1013.0,288668.58,-1
2026-05-12,2026-05-12 11:50:00,290.1,290.1,289.62,289.62,-0.17,1013.0,288668.58,-1
2026-05-12,2026-05-12 12:00:00,289.62,289.62,289.15,289.15,-0.16,1013.0,288668.58,-1
2026-05-12,2026-05-12 12:10:00,289.15,289.15,288.67,288.67,-0.17,1013.0,288668.58,-1
2026-05-12,2026-05-12 12:20:00,288.67,288.67,288.19,288.19,-0.17,1013.0,288668.58,-1
2026-05-12,2026-05-12 12:30:00,288.19,288.19,287.71,287.71,-0.17,1013.0,288668.58,-1
2026-05-12,2026-05-12 12:40:00,287.71,287.71,287.23,287.23,-0.17,1013.0,288668.58,-1
2026-05-12,2026-05-12 12:50:00,287.23,287.23,286.75,286.75,-0.17,1013.0,288668.58,-1
2026-05-12,2026-05-12 13:00:00,286.75,294.0,280.0,286.27,-0.17,1013.0,288668.58,-1
2026-05-12,2026-05-12 13:10:00,286.27,286.27,285.79,285.79,-0.17,1013.0,288668.58,-1
2026-05-12,2026-05-12 13:20:00,285.79,285.79,285.31,285.31,-0.17,1013.0,288668.58,-1
2026-05-12,2026-05-12 13:30:00,285.31,285.31,284.83,284.83,-0.17,1013.0,288668.58,-1
2026-05-12,2026-05-12 13:40:00,284.83,284.83,284.35,284.35,-0.17,1013.0,288668.58,-1
2026-05-12,2026-05-12 13:50:00,284.35,284.35,283.88,283.88,-0.17,1013.0,288668.58,-1
2026-05-12,2026-05-12 14:00:00,283.88,283.88,283.4,283.4,-0.17,1013.0,288668.58,-1
2026-05-12,2026-05-12 14:10:00,283.4,283.4,282.92,282.92,-0.17,1013.0,288668.58,-1
2026-05-12,2026-05-12 14:20:00,282.92,282.92,282.44,282.44,-0.17,1013.0,288668.58,-1
2026-05-12,2026-05-12 14:30:00,282.44,282.44,281.96,281.96,-0.17,1013.0,288668.58,-1
2026-05-12,2026-05-12 14:40:00,281.96,281.96,281.48,281.48,-0.17,1013.0,288668.58,-1
2026-05-12,2026-05-12 14:50:00,281.48,281.48,281.0,281.0,-0.17,1013.0,288668.58,-1
2026-05-12,2026-05-12 15:00:00,281.0,294.0,280.0,281.0,0.0,1013.0,288668.58,0
2026-05-13,2026-05-13 11:00:00,279.2,280.94,278.84,279.32,0.04,300.48,84392.36,1
2026-05-13,2026-05-13 11:10:00,279.32,279.43,279.32,279.43,0.04,300.48,84392.36,1
2026-05-13,2026-05-13 11:20:00,279.43,279.55,279.43,279.55,0.04,300.48,84392.36,1
2026-05-13,2026-05-13 11:30:00,279.55,279.67,279.55,279.67,0.04,300.48,84392.36,1
2026-05-13,2026-05-13 11:40:00,279.67,279.78,279.67,279.78,0.04,300.48,84392.36,1
2026-05-13,2026-05-13 11:50:00,279.78,279.9,279.78,279.9,0.04,300.48,84392.36,1
2026-05-13,2026-05-13 12:00:00,279.9,280.02,279.9,280.02,0.04,300.48,84392.36,1
2026-05-13,2026-05-13 12:10:00,280.02,280.13,280.02,280.13,0.04,300.48,84392.36,1
2026-05-13,2026-05-13 12:20:00,280.13,280.25,280.13,280.25,0.04,300.48,84392.36,1
2026-05-13,2026-05-13 12:30:00,280.25,280.37,280.25,280.37,0.04,300.48,84392.36,1
2026-05-13,2026-05-13 12:40:00,280.37,280.48,280.37,280.48,0.04,300.48,84392.36,1
2026-05-13,2026-05-13 12:50:00,280.48,280.6,280.48,280.6,0.04,300.48,84392.36,1
2026-05-13,2026-05-13 13:00:00,280.6,285.0,278.0,280.72,0.04,300.48,84392.36,1
2026-05-13,2026-05-13 13:10:00,280.72,280.83,280.72,280.83,0.04,300.48,84392.36,1
2026-05-13,2026-05-13 13:20:00,280.83,280.95,280.83,280.95,0.04,300.48,84392.36,1
2026-05-13,2026-05-13 13:30:00,280.95,281.07,280.95,281.07,0.04,300.48,84392.36,1
2026-05-13,2026-05-13 13:40:00,281.07,281.18,281.07,281.18,0.04,300.48,84392.36,1
2026-05-13,2026-05-13 13:50:00,281.18,281.3,281.18,281.3,0.04,300.48,84392.36,1
2026-05-13,2026-05-13 14:00:00,281.3,281.42,281.3,281.42,0.04,300.48,84392.36,1
2026-05-13,2026-05-13 14:10:00,281.42,281.53,281.42,281.53,0.04,300.48,84392.36,1
2026-05-13,2026-05-13 14:20:00,281.53,281.65,281.53,281.65,0.04,300.48,84392.36,1
2026-05-13,2026-05-13 14:30:00,281.65,281.77,281.65,281.77,0.04,300.48,84392.36,1
2026-05-13,2026-05-13 14:40:00,281.77,281.88,281.77,281.88,0.04,300.48,84392.36,1
2026-05-13,2026-05-13 14:50:00,281.88,282.0,281.88,282.0,0.04,300.48,84392.36,1
2026-05-13,2026-05-13 15:00:00,282.0,285.0,278.0,282.0,0.0,300.48,84392.36,0
2026-05-14,2026-05-14 11:00:00,288.0,288.6,284.4,287.58,-0.15,160.24,44714.87,-1
2026-05-14,2026-05-14 11:10:00,287.58,287.58,287.17,287.17,-0.14,160.24,44714.87,-1
2026-05-14,2026-05-14 11:20:00,287.17,287.17,286.75,286.75,-0.15,160.24,44714.87,-1
2026-05-14,2026-05-14 11:30:00,286.75,286.75,286.33,286.33,-0.15,160.24,44714.87,-1
2026-05-14,2026-05-14 11:40:00,286.33,286.33,285.92,285.92,-0.14,160.24,44714.87,-1
2026-05-14,2026-05-14 11:50:00,285.92,285.92,285.5,285.5,-0.15,160.24,44714.87,-1
2026-05-14,2026-05-14 12:00:00,285.5,285.5,285.08,285.08,-0.15,160.24,44714.87,-1
2026-05-14,2026-05-14 12:10:00,285.08,285.08,284.67,284.67,-0.14,160.24,44714.87,-1
2026-05-14,2026-05-14 12:20:00,284.67,284.67,284.25,284.25,-0.15,160.24,44714.87,-1
2026-05-14,2026-05-14 12:30:00,284.25,284.25,283.83,283.83,-0.15,160.24,44714.87,-1
2026-05-14,2026-05-14 12:40:00,283.83,283.83,283.42,283.42,-0.14,160.24,44714.87,-1
2026-05-14,2026-05-14 12:50:00,283.42,283.42,283.0,283.0,-0.15,160.24,44714.87,-1
2026-05-14,2026-05-14 13:00:00,283.0,290.0,276.0,282.58,-0.15,160.24,44714.87,-1
2026-05-14,2026-05-14 13:10:00,282.58,282.58,282.17,282.17,-0.15,160.24,44714.87,-1
2026-05-14,2026-05-14 13:20:00,282.17,282.17,281.75,281.75,-0.15,160.24,44714.87,-1
2026-05-14,2026-05-14 13:30:00,281.75,281.75,281.33,281.33,-0.15,160.24,44714.87,-1
2026-05-14,2026-05-14 13:40:00,281.33,281.33,280.92,280.92,-0.15,160.24,44714.87,-1
2026-05-14,2026-05-14 13:50:00,280.92,280.92,280.5,280.5,-0.15,160.24,44714.87,-1
2026-05-14,2026-05-14 14:00:00,280.5,280.5,280.08,280.08,-0.15,160.24,44714.87,-1
2026-05-14,2026-05-14 14:10:00,280.08,280.08,279.67,279.67,-0.15,160.24,44714.87,-1
2026-05-14,2026-05-14 14:20:00,279.67,279.67,279.25,279.25,-0.15,160.24,44714.87,-1
2026-05-14,2026-05-14 14:30:00,279.25,279.25,278.83,278.83,-0.15,160.24,44714.87,-1
2026-05-14,2026-05-14 14:40:00,278.83,278.83,278.42,278.42,-0.15,160.24,44714.87,-1
2026-05-14,2026-05-14 14:50:00,278.42,278.42,278.0,278.0,-0.15,160.24,44714.87,-1
2026-05-14,2026-05-14 15:00:00,278.0,290.0,276.0,278.0,0.0,160.24,44714.87,0
2026-05-15,2026-05-15 11:00:00,278.0,280.01,277.7,277.96,-0.01,293.56,81868.64,-1
2026-05-15,2026-05-15 11:10:00,277.96,277.96,277.92,277.92,-0.01,293.56,81868.64,-1
2026-05-15,2026-05-15 11:20:00,277.92,277.92,277.88,277.88,-0.01,293.56,81868.64,-1
2026-05-15,2026-05-15 11:30:00,277.88,277.88,277.83,277.83,-0.02,293.56,81868.64,-1
2026-05-15,2026-05-15 11:40:00,277.83,277.83,277.79,277.79,-0.01,293.56,81868.64,-1
2026-05-15,2026-05-15 11:50:00,277.79,277.79,277.75,277.75,-0.01,293.56,81868.64,-1
2026-05-15,2026-05-15 12:00:00,277.75,277.75,277.71,277.71,-0.01,293.56,81868.64,-1
2026-05-15,2026-05-15 12:10:00,277.71,277.71,277.67,277.67,-0.01,293.56,81868.64,-1
2026-05-15,2026-05-15 12:20:00,277.67,277.67,277.62,277.62,-0.02,293.56,81868.64,-1
2026-05-15,2026-05-15 12:30:00,277.62,277.62,277.58,277.58,-0.01,293.56,81868.64,-1
2026-05-15,2026-05-15 12:40:00,277.58,277.58,277.54,277.54,-0.01,293.56,81868.64,-1
2026-05-15,2026-05-15 12:50:00,277.54,277.54,277.5,277.5,-0.01,293.56,81868.64,-1
2026-05-15,2026-05-15 13:00:00,277.5,284.7,277.0,277.46,-0.01,293.56,81868.64,-1
2026-05-15,2026-05-15 13:10:00,277.46,277.46,277.42,277.42,-0.01,293.56,81868.64,-1
2026-05-15,2026-05-15 13:20:00,277.42,277.42,277.38,277.38,-0.01,293.56,81868.64,-1
2026-05-15,2026-05-15 13:30:00,277.38,277.38,277.33,277.33,-0.02,293.56,81868.64,-1
2026-05-15,2026-05-15 13:40:00,277.33,277.33,277.29,277.29,-0.01,293.56,81868.64,-1
2026-05-15,2026-05-15 13:50:00,277.29,277.29,277.25,277.25,-0.01,293.56,81868.64,-1
2026-05-15,2026-05-15 14:00:00,277.25,277.25,277.21,277.21,-0.01,293.56,81868.64,-1
2026-05-15,2026-05-15 14:10:00,277.21,277.21,277.17,277.17,-0.01,293.56,81868.64,-1
2026-05-15,2026-05-15 14:20:00,277.17,277.17,277.12,277.12,-0.02,293.56,81868.64,-1
2026-05-15,2026-05-15 14:30:00,277.12,277.12,277.08,277.08,-0.01,293.56,81868.64,-1
2026-05-15,2026-05-15 14:40:00,277.08,277.08,277.04,277.04,-0.01,293.56,81868.64,-1
2026-05-15,2026-05-15 14:50:00,277.04,277.04,277.0,277.0,-0.01,293.56,81868.64,-1
2026-05-15,2026-05-15 15:00:00,277.0,284.7,277.0,277.0,0.0,293.56,81868.64,0
2026-05-18,2026-05-18 11:00:00,279.1,280.51,278.77,279.05,-0.02,331.76,92400.99,-1
2026-05-18,2026-05-18 11:10:00,279.05,279.05,279.01,279.01,-0.01,331.76,92400.99,-1
2026-05-18,2026-05-18 11:20:00,279.01,279.01,278.96,278.96,-0.02,331.76,92400.99,-1
2026-05-18,2026-05-18 11:30:00,278.96,278.96,278.92,278.92,-0.01,331.76,92400.99,-1
2026-05-18,2026-05-18 11:40:00,278.92,278.92,278.87,278.87,-0.02,331.76,92400.99,-1
2026-05-18,2026-05-18 11:50:00,278.87,278.87,278.83,278.83,-0.01,331.76,92400.99,-1
2026-05-18,2026-05-18 12:00:00,278.83,278.83,278.78,278.78,-0.02,331.76,92400.99,-1
2026-05-18,2026-05-18 12:10:00,278.78,278.78,278.73,278.73,-0.02,331.76,92400.99,-1
2026-05-18,2026-05-18 12:20:00,278.73,278.73,278.69,278.69,-0.01,331.76,92400.99,-1
2026-05-18,2026-05-18 12:30:00,278.69,278.69,278.64,278.64,-0.02,331.76,92400.99,-1
2026-05-18,2026-05-18 12:40:00,278.64,278.64,278.6,278.6,-0.01,331.76,92400.99,-1
2026-05-18,2026-05-18 12:50:00,278.6,278.6,278.55,278.55,-0.02,331.76,92400.99,-1
2026-05-18,2026-05-18 13:00:00,278.55,283.8,278.0,278.5,-0.02,331.76,92400.99,-1
2026-05-18,2026-05-18 13:10:00,278.5,278.5,278.46,278.46,-0.01,331.76,92400.99,-1
2026-05-18,2026-05-18 13:20:00,278.46,278.46,278.41,278.41,-0.02,331.76,92400.99,-1
2026-05-18,2026-05-18 13:30:00,278.41,278.41,278.37,278.37,-0.01,331.76,92400.99,-1
2026-05-18,2026-05-18 13:40:00,278.37,278.37,278.32,278.32,-0.02,331.76,92400.99,-1
2026-05-18,2026-05-18 13:50:00,278.32,278.32,278.27,278.27,-0.02,331.76,92400.99,-1
2026-05-18,2026-05-18 14:00:00,278.27,278.27,278.23,278.23,-0.01,331.76,92400.99,-1
2026-05-18,2026-05-18 14:10:00,278.23,278.23,278.18,278.18,-0.02,331.76,92400.99,-1
2026-05-18,2026-05-18 14:20:00,278.18,278.18,278.14,278.14,-0.01,331.76,92400.99,-1
2026-05-18,2026-05-18 14:30:00,278.14,278.14,278.09,278.09,-0.02,331.76,92400.99,-1
2026-05-18,2026-05-18 14:40:00,278.09,278.09,278.05,278.05,-0.01,331.76,92400.99,-1
2026-05-18,2026-05-18 14:50:00,278.05,278.05,278.0,278.0,-0.02,331.76,92400.99,-1
2026-05-18,2026-05-18 15:00:00,278.0,283.8,278.0,278.0,0.0,331.76,92400.99,0
2026-05-19,2026-05-19 11:00:00,275.0,277.07,275.0,275.21,0.08,326.32,91295.65,1
2026-05-19,2026-05-19 11:10:00,275.21,275.42,275.21,275.42,0.08,326.32,91295.65,1
2026-05-19,2026-05-19 11:20:00,275.42,275.62,275.42,275.62,0.07,326.32,91295.65,1
2026-05-19,2026-05-19 11:30:00,275.62,275.83,275.62,275.83,0.08,326.32,91295.65,1
2026-05-19,2026-05-19 11:40:00,275.83,276.04,275.83,276.04,0.08,326.32,91295.65,1
2026-05-19,2026-05-19 11:50:00,276.04,276.25,276.04,276.25,0.08,326.32,91295.65,1
2026-05-19,2026-05-19 12:00:00,276.25,276.46,276.25,276.46,0.08,326.32,91295.65,1
2026-05-19,2026-05-19 12:10:00,276.46,276.67,276.46,276.67,0.08,326.32,91295.65,1
2026-05-19,2026-05-19 12:20:00,276.67,276.88,276.67,276.88,0.08,326.32,91295.65,1
2026-05-19,2026-05-19 12:30:00,276.88,277.08,276.88,277.08,0.07,326.32,91295.65,1
2026-05-19,2026-05-19 12:40:00,277.08,277.29,277.08,277.29,0.08,326.32,91295.65,1
2026-05-19,2026-05-19 12:50:00,277.29,277.5,277.29,277.5,0.08,326.32,91295.65,1
2026-05-19,2026-05-19 13:00:00,277.5,281.9,275.0,277.71,0.08,326.32,91295.65,1
2026-05-19,2026-05-19 13:10:00,277.71,277.92,277.71,277.92,0.08,326.32,91295.65,1
2026-05-19,2026-05-19 13:20:00,277.92,278.12,277.92,278.12,0.07,326.32,91295.65,1
2026-05-19,2026-05-19 13:30:00,278.12,278.33,278.12,278.33,0.08,326.32,91295.65,1
2026-05-19,2026-05-19 13:40:00,278.33,278.54,278.33,278.54,0.08,326.32,91295.65,1
2026-05-19,2026-05-19 13:50:00,278.54,278.75,278.54,278.75,0.08,326.32,91295.65,1
2026-05-19,2026-05-19 14:00:00,278.75,278.96,278.75,278.96,0.08,326.32,91295.65,1
2026-05-19,2026-05-19 14:10:00,278.96,279.17,278.96,279.17,0.08,326.32,91295.65,1
2026-05-19,2026-05-19 14:20:00,279.17,279.38,279.17,279.38,0.08,326.32,91295.65,1
2026-05-19,2026-05-19 14:30:00,279.38,279.58,279.38,279.58,0.07,326.32,91295.65,1
2026-05-19,2026-05-19 14:40:00,279.58,279.79,279.58,279.79,0.08,326.32,91295.65,1
2026-05-19,2026-05-19 14:50:00,279.79,280.0,279.79,280.0,0.08,326.32,91295.65,1
2026-05-19,2026-05-19 15:00:00,280.0,281.9,275.0,280.0,0.0,326.32,91295.65,0
2026-05-20,2026-05-20 11:00:00,282.0,282.9,281.1,282.06,0.02,660.64,186490.13,1
2026-05-20,2026-05-20 11:10:00,282.06,282.12,282.06,282.12,0.02,660.64,186490.13,1
2026-05-20,2026-05-20 11:20:00,282.12,282.19,282.12,282.19,0.02,660.64,186490.13,1
2026-05-20,2026-05-20 11:30:00,282.19,282.25,282.19,282.25,0.02,660.64,186490.13,1
2026-05-20,2026-05-20 11:40:00,282.25,282.31,282.25,282.31,0.02,660.64,186490.13,1
2026-05-20,2026-05-20 11:50:00,282.31,282.38,282.31,282.38,0.02,660.64,186490.13,1
2026-05-20,2026-05-20 12:00:00,282.38,282.44,282.38,282.44,0.02,660.64,186490.13,1
2026-05-20,2026-05-20 12:10:00,282.44,282.5,282.44,282.5,0.02,660.64,186490.13,1
2026-05-20,2026-05-20 12:20:00,282.5,282.56,282.5,282.56,0.02,660.64,186490.13,1
2026-05-20,2026-05-20 12:30:00,282.56,282.62,282.56,282.62,0.02,660.64,186490.13,1
2026-05-20,2026-05-20 12:40:00,282.62,282.69,282.62,282.69,0.02,660.64,186490.13,1
2026-05-20,2026-05-20 12:50:00,282.69,282.75,282.69,282.75,0.02,660.64,186490.13,1
2026-05-20,2026-05-20 13:00:00,282.75,285.0,279.0,282.81,0.02,660.64,186490.13,1
2026-05-20,2026-05-20 13:10:00,282.81,282.88,282.81,282.88,0.02,660.64,186490.13,1
2026-05-20,2026-05-20 13:20:00,282.88,282.94,282.88,282.94,0.02,660.64,186490.13,1
2026-05-20,2026-05-20 13:30:00,282.94,283.0,282.94,283.0,0.02,660.64,186490.13,1
2026-05-20,2026-05-20 13:40:00,283.0,283.06,283.0,283.06,0.02,660.64,186490.13,1
2026-05-20,2026-05-20 13:50:00,283.06,283.12,283.06,283.12,0.02,660.64,186490.13,1
2026-05-20,2026-05-20 14:00:00,283.12,283.19,283.12,283.19,0.02,660.64,186490.13,1
2026-05-20,2026-05-20 14:10:00,283.19,283.25,283.19,283.25,0.02,660.64,186490.13,1
2026-05-20,2026-05-20 14:20:00,283.25,283.31,283.25,283.31,0.02,660.64,186490.13,1
2026-05-20,2026-05-20 14:30:00,283.31,283.38,283.31,283.38,0.02,660.64,186490.13,1
2026-05-20,2026-05-20 14:40:00,283.38,283.44,283.38,283.44,0.02,660.64,186490.13,1
2026-05-20,2026-05-20 14:50:00,283.44,283.5,283.44,283.5,0.02,660.64,186490.13,1
2026-05-20,2026-05-20 15:00:00,283.5,285.0,279.0,283.5,0.0,660.64,186490.13,0
2026-05-21,2026-05-21 11:00:00,287.0,287.0,285.5,286.85,-0.05,706.72,200343.84,-1
2026-05-21,2026-05-21 11:10:00,286.85,286.85,286.71,286.71,-0.05,706.72,200343.84,-1
2026-05-21,2026-05-21 11:20:00,286.71,286.71,286.56,286.56,-0.05,706.72,200343.84,-1
2026-05-21,2026-05-21 11:30:00,286.56,286.56,286.42,286.42,-0.05,706.72,200343.84,-1
2026-05-21,2026-05-21 11:40:00,286.42,286.42,286.27,286.27,-0.05,706.72,200343.84,-1
2026-05-21,2026-05-21 11:50:00,286.27,286.27,286.12,286.12,-0.05,706.72,200343.84,-1
2026-05-21,2026-05-21 12:00:00,286.12,286.12,285.98,285.98,-0.05,706.72,200343.84,-1
2026-05-21,2026-05-21 12:10:00,285.98,285.98,285.83,285.83,-0.05,706.72,200343.84,-1
2026-05-21,2026-05-21 12:20:00,285.83,285.83,285.69,285.69,-0.05,706.72,200343.84,-1
2026-05-21,2026-05-21 12:30:00,285.69,285.69,285.54,285.54,-0.05,706.72,200343.84,-1
2026-05-21,2026-05-21 12:40:00,285.54,285.54,285.4,285.4,-0.05,706.72,200343.84,-1
2026-05-21,2026-05-21 12:50:00,285.4,285.4,285.25,285.25,-0.05,706.72,200343.84,-1
2026-05-21,2026-05-21 13:00:00,285.25,287.0,282.0,285.1,-0.05,706.72,200343.84,-1
2026-05-21,2026-05-21 13:10:00,285.1,285.1,284.96,284.96,-0.05,706.72,200343.84,-1
2026-05-21,2026-05-21 13:20:00,284.96,284.96,284.81,284.81,-0.05,706.72,200343.84,-1
2026-05-21,2026-05-21 13:30:00,284.81,284.81,284.67,284.67,-0.05,706.72,200343.84,-1
2026-05-21,2026-05-21 13:40:00,284.67,284.67,284.52,284.52,-0.05,706.72,200343.84,-1
2026-05-21,2026-05-21 13:50:00,284.52,284.52,284.38,284.38,-0.05,706.72,200343.84,-1
2026-05-21,2026-05-21 14:00:00,284.38,284.38,284.23,284.23,-0.05,706.72,200343.84,-1
2026-05-21,2026-05-21 14:10:00,284.23,284.23,284.08,284.08,-0.05,706.72,200343.84,-1
2026-05-21,2026-05-21 14:20:00,284.08,284.08,283.94,283.94,-0.05,706.72,200343.84,-1
2026-05-21,2026-05-21 14:30:00,283.94,283.94,283.79,283.79,-0.05,706.72,200343.84,-1
2026-05-21,2026-05-21 14:40:00,283.79,283.79,283.65,283.65,-0.05,706.72,200343.84,-1
2026-05-21,2026-05-21 14:50:00,283.65,283.65,283.5,283.5,-0.05,706.72,200343.84,-1
2026-05-21,2026-05-21 15:00:00,283.5,287.0,282.0,283.5,0.0,706.72,200343.84,0
2026-05-22,2026-05-22 11:00:00,287.0,287.0,285.08,286.9,-0.03,570.68,161344.76,-1
2026-05-22,2026-05-22 11:10:00,286.9,286.9,286.79,286.79,-0.04,570.68,161344.76,-1
2026-05-22,2026-05-22 11:20:00,286.79,286.79,286.69,286.69,-0.03,570.68,161344.76,-1
2026-05-22,2026-05-22 11:30:00,286.69,286.69,286.58,286.58,-0.04,570.68,161344.76,-1
2026-05-22,2026-05-22 11:40:00,286.58,286.58,286.48,286.48,-0.03,570.68,161344.76,-1
2026-05-22,2026-05-22 11:50:00,286.48,286.48,286.38,286.38,-0.03,570.68,161344.76,-1
2026-05-22,2026-05-22 12:00:00,286.38,286.38,286.27,286.27,-0.04,570.68,161344.76,-1
2026-05-22,2026-05-22 12:10:00,286.27,286.27,286.17,286.17,-0.03,570.68,161344.76,-1
2026-05-22,2026-05-22 12:20:00,286.17,286.17,286.06,286.06,-0.04,570.68,161344.76,-1
2026-05-22,2026-05-22 12:30:00,286.06,286.06,285.96,285.96,-0.03,570.68,161344.76,-1
2026-05-22,2026-05-22 12:40:00,285.96,285.96,285.85,285.85,-0.04,570.68,161344.76,-1
2026-05-22,2026-05-22 12:50:00,285.85,285.85,285.75,285.75,-0.03,570.68,161344.76,-1
2026-05-22,2026-05-22 13:00:00,285.75,287.0,280.6,285.65,-0.03,570.68,161344.76,-1
2026-05-22,2026-05-22 13:10:00,285.65,285.65,285.54,285.54,-0.04,570.68,161344.76,-1
2026-05-22,2026-05-22 13:20:00,285.54,285.54,285.44,285.44,-0.04,570.68,161344.76,-1
2026-05-22,2026-05-22 13:30:00,285.44,285.44,285.33,285.33,-0.04,570.68,161344.76,-1
2026-05-22,2026-05-22 13:40:00,285.33,285.33,285.23,285.23,-0.04,570.68,161344.76,-1
2026-05-22,2026-05-22 13:50:00,285.23,285.23,285.12,285.12,-0.04,570.68,161344.76,-1
2026-05-22,2026-05-22 14:00:00,285.12,285.12,285.02,285.02,-0.04,570.68,161344.76,-1
2026-05-22,2026-05-22 14:10:00,285.02,285.02,284.92,284.92,-0.04,570.68,161344.76,-1
2026-05-22,2026-05-22 14:20:00,284.92,284.92,284.81,284.81,-0.04,570.68,161344.76,-1
2026-05-22,2026-05-22 14:30:00,284.81,284.81,284.71,284.71,-0.04,570.68,161344.76,-1
2026-05-22,2026-05-22 14:40:00,284.71,284.71,284.6,284.6,-0.04,570.68,161344.76,-1
2026-05-22,2026-05-22 14:50:00,284.6,284.6,284.5,284.5,-0.04,570.68,161344.76,-1
2026-05-22,2026-05-22 15:00:00,284.5,287.0,280.6,284.5,0.0,570.68,161344.76,0
2026-05-25,2026-05-25 11:00:00,282.1,284.47,282.1,282.35,0.09,657.2,189453.41,1
2026-05-25,2026-05-25 11:10:00,282.35,282.6,282.35,282.6,0.09,657.2,189453.41,1
2026-05-25,2026-05-25 11:20:00,282.6,282.85,282.6,282.85,0.09,657.2,189453.41,1
2026-05-25,2026-05-25 11:30:00,282.85,283.1,282.85,283.1,0.09,657.2,189453.41,1
2026-05-25,2026-05-25 11:40:00,283.1,283.35,283.1,283.35,0.09,657.2,189453.41,1
2026-05-25,2026-05-25 11:50:00,283.35,283.6,283.35,283.6,0.09,657.2,189453.41,1
2026-05-25,2026-05-25 12:00:00,283.6,283.85,283.6,283.85,0.09,657.2,189453.41,1
2026-05-25,2026-05-25 12:10:00,283.85,284.1,283.85,284.1,0.09,657.2,189453.41,1
2026-05-25,2026-05-25 12:20:00,284.1,284.35,284.1,284.35,0.09,657.2,189453.41,1
2026-05-25,2026-05-25 12:30:00,284.35,284.6,284.35,284.6,0.09,657.2,189453.41,1
2026-05-25,2026-05-25 12:40:00,284.6,284.85,284.6,284.85,0.09,657.2,189453.41,1
2026-05-25,2026-05-25 12:50:00,284.85,285.1,284.85,285.1,0.09,657.2,189453.41,1
2026-05-25,2026-05-25 13:00:00,285.1,290.0,282.1,285.35,0.09,657.2,189453.41,1
2026-05-25,2026-05-25 13:10:00,285.35,285.6,285.35,285.6,0.09,657.2,189453.41,1
2026-05-25,2026-05-25 13:20:00,285.6,285.85,285.6,285.85,0.09,657.2,189453.41,1
2026-05-25,2026-05-25 13:30:00,285.85,286.1,285.85,286.1,0.09,657.2,189453.41,1
2026-05-25,2026-05-25 13:40:00,286.1,286.35,286.1,286.35,0.09,657.2,189453.41,1
2026-05-25,2026-05-25 13:50:00,286.35,286.6,286.35,286.6,0.09,657.2,189453.41,1
2026-05-25,2026-05-25 14:00:00,286.6,286.85,286.6,286.85,0.09,657.2,189453.41,1
2026-05-25,2026-05-25 14:10:00,286.85,287.1,286.85,287.1,0.09,657.2,189453.41,1
2026-05-25,2026-05-25 14:20:00,287.1,287.35,287.1,287.35,0.09,657.2,189453.41,1
2026-05-25,2026-05-25 14:30:00,287.35,287.6,287.35,287.6,0.09,657.2,189453.41,1
2026-05-25,2026-05-25 14:40:00,287.6,287.85,287.6,287.85,0.09,657.2,189453.41,1
2026-05-25,2026-05-25 14:50:00,287.85,288.1,287.85,288.1,0.09,657.2,189453.41,1
2026-05-25,2026-05-25 15:00:00,288.1,290.0,282.1,288.1,0.0,657.2,189453.41,0
2026-05-26,2026-05-26 11:00:00,293.8,293.8,290.74,293.48,-0.11,518.36,148277.23,-1
2026-05-26,2026-05-26 11:10:00,293.48,293.48,293.15,293.15,-0.11,518.36,148277.23,-1
2026-05-26,2026-05-26 11:20:00,293.15,293.15,292.82,292.82,-0.11,518.36,148277.23,-1
2026-05-26,2026-05-26 11:30:00,292.82,292.82,292.5,292.5,-0.11,518.36,148277.23,-1
2026-05-26,2026-05-26 11:40:00,292.5,292.5,292.18,292.18,-0.11,518.36,148277.23,-1
2026-05-26,2026-05-26 11:50:00,292.18,292.18,291.85,291.85,-0.11,518.36,148277.23,-1
2026-05-26,2026-05-26 12:00:00,291.85,291.85,291.53,291.53,-0.11,518.36,148277.23,-1
2026-05-26,2026-05-26 12:10:00,291.53,291.53,291.2,291.2,-0.11,518.36,148277.23,-1
2026-05-26,2026-05-26 12:20:00,291.2,291.2,290.88,290.88,-0.11,518.36,148277.23,-1
2026-05-26,2026-05-26 12:30:00,290.88,290.88,290.55,290.55,-0.11,518.36,148277.23,-1
2026-05-26,2026-05-26 12:40:00,290.55,290.55,290.23,290.23,-0.11,518.36,148277.23,-1
2026-05-26,2026-05-26 12:50:00,290.23,290.23,289.9,289.9,-0.11,518.36,148277.23,-1
2026-05-26,2026-05-26 13:00:00,289.9,293.8,283.6,289.57,-0.11,518.36,148277.23,-1
2026-05-26,2026-05-26 13:10:00,289.57,289.57,289.25,289.25,-0.11,518.36,148277.23,-1
2026-05-26,2026-05-26 13:20:00,289.25,289.25,288.93,288.93,-0.11,518.36,148277.23,-1
2026-05-26,2026-05-26 13:30:00,288.93,288.93,288.6,288.6,-0.11,518.36,148277.23,-1
2026-05-26,2026-05-26 13:40:00,288.6,288.6,288.27,288.27,-0.11,518.36,148277.23,-1
2026-05-26,2026-05-26 13:50:00,288.27,288.27,287.95,287.95,-0.11,518.36,148277.23,-1
2026-05-26,2026-05-26 14:00:00,287.95,287.95,287.62,287.62,-0.11,518.36,148277.23,-1
2026-05-26,2026-05-26 14:10:00,287.62,287.62,287.3,287.3,-0.11,518.36,148277.23,-1
2026-05-26,2026-05-26 14:20:00,287.3,287.3,286.98,286.98,-0.11,518.36,148277.23,-1
2026-05-26,2026-05-26 14:30:00,286.98,286.98,286.65,286.65,-0.11,518.36,148277.23,-1
2026-05-26,2026-05-26 14:40:00,286.65,286.65,286.32,286.32,-0.12,518.36,148277.23,-1
2026-05-26,2026-05-26 14:50:00,286.32,286.32,286.0,286.0,-0.11,518.36,148277.23,-1
2026-05-26,2026-05-26 15:00:00,286.0,293.8,283.6,286.0,0.0,518.36,148277.23,0
2026-05-27,2026-05-27 11:00:00,289.9,289.93,288.55,289.82,-0.03,338.56,97383.82,-1
2026-05-27,2026-05-27 11:10:00,289.82,289.82,289.74,289.74,-0.03,338.56,97383.82,-1
2026-05-27,2026-05-27 11:20:00,289.74,289.74,289.66,289.66,-0.03,338.56,97383.82,-1
2026-05-27,2026-05-27 11:30:00,289.66,289.66,289.58,289.58,-0.03,338.56,97383.82,-1
2026-05-27,2026-05-27 11:40:00,289.58,289.58,289.5,289.5,-0.03,338.56,97383.82,-1
2026-05-27,2026-05-27 11:50:00,289.5,289.5,289.42,289.42,-0.03,338.56,97383.82,-1
2026-05-27,2026-05-27 12:00:00,289.42,289.42,289.35,289.35,-0.02,338.56,97383.82,-1
2026-05-27,2026-05-27 12:10:00,289.35,289.35,289.27,289.27,-0.03,338.56,97383.82,-1
2026-05-27,2026-05-27 12:20:00,289.27,289.27,289.19,289.19,-0.03,338.56,97383.82,-1
2026-05-27,2026-05-27 12:30:00,289.19,289.19,289.11,289.11,-0.03,338.56,97383.82,-1
2026-05-27,2026-05-27 12:40:00,289.11,289.11,289.03,289.03,-0.03,338.56,97383.82,-1
2026-05-27,2026-05-27 12:50:00,289.03,289.03,288.95,288.95,-0.03,338.56,97383.82,-1
2026-05-27,2026-05-27 13:00:00,288.95,290.0,285.4,288.87,-0.03,338.56,97383.82,-1
2026-05-27,2026-05-27 13:10:00,288.87,288.87,288.79,288.79,-0.03,338.56,97383.82,-1
2026-05-27,2026-05-27 13:20:00,288.79,288.79,288.71,288.71,-0.03,338.56,97383.82,-1
2026-05-27,2026-05-27 13:30:00,288.71,288.71,288.63,288.63,-0.03,338.56,97383.82,-1
2026-05-27,2026-05-27 13:40:00,288.63,288.63,288.55,288.55,-0.03,338.56,97383.82,-1
2026-05-27,2026-05-27 13:50:00,288.55,288.55,288.48,288.48,-0.02,338.56,97383.82,-1
2026-05-27,2026-05-27 14:00:00,288.48,288.48,288.4,288.4,-0.03,338.56,97383.82,-1
2026-05-27,2026-05-27 14:10:00,288.4,288.4,288.32,288.32,-0.03,338.56,97383.82,-1
2026-05-27,2026-05-27 14:20:00,288.32,288.32,288.24,288.24,-0.03,338.56,97383.82,-1
2026-05-27,2026-05-27 14:30:00,288.24,288.24,288.16,288.16,-0.03,338.56,97383.82,-1
2026-05-27,2026-05-27 14:40:00,288.16,288.16,288.08,288.08,-0.03,338.56,97383.82,-1
2026-05-27,2026-05-27 14:50:00,288.08,288.08,288.0,288.0,-0.03,338.56,97383.82,-1
2026-05-27,2026-05-27 15:00:00,288.0,290.0,285.4,288.0,0.0,338.56,97383.82,0
2026-06-01,2026-06-01 11:00:00,284.29,285.7,283.12,284.19,-0.04,478.4,135387.32,-1
2026-06-01,2026-06-01 11:10:00,284.19,284.19,284.1,284.1,-0.03,478.4,135387.32,-1
2026-06-01,2026-06-01 11:20:00,284.1,284.1,284.0,284.0,-0.04,478.4,135387.32,-1
2026-06-01,2026-06-01 11:30:00,284.0,284.0,283.91,283.91,-0.03,478.4,135387.32,-1
2026-06-01,2026-06-01 11:40:00,283.91,283.91,283.81,283.81,-0.04,478.4,135387.32,-1
2026-06-01,2026-06-01 11:50:00,283.81,283.81,283.72,283.72,-0.03,478.4,135387.32,-1
2026-06-01,2026-06-01 12:00:00,283.72,283.72,283.62,283.62,-0.04,478.4,135387.32,-1
2026-06-01,2026-06-01 12:10:00,283.62,283.62,283.53,283.53,-0.03,478.4,135387.32,-1
2026-06-01,2026-06-01 12:20:00,283.53,283.53,283.43,283.43,-0.04,478.4,135387.32,-1
2026-06-01,2026-06-01 12:30:00,283.43,283.43,283.34,283.34,-0.03,478.4,135387.32,-1
2026-06-01,2026-06-01 12:40:00,283.34,283.34,283.24,283.24,-0.04,478.4,135387.32,-1
2026-06-01,2026-06-01 12:50:00,283.24,283.24,283.14,283.14,-0.04,478.4,135387.32,-1
2026-06-01,2026-06-01 13:00:00,283.14,289.0,280.4,283.05,-0.03,478.4,135387.32,-1
2026-06-01,2026-06-01 13:10:00,283.05,283.05,282.95,282.95,-0.04,478.4,135387.32,-1
2026-06-01,2026-06-01 13:20:00,282.95,282.95,282.86,282.86,-0.03,478.4,135387.32,-1
2026-06-01,2026-06-01 13:30:00,282.86,282.86,282.76,282.76,-0.04,478.4,135387.32,-1
2026-06-01,2026-06-01 13:40:00,282.76,282.76,282.67,282.67,-0.03,478.4,135387.32,-1
2026-06-01,2026-06-01 13:50:00,282.67,282.67,282.57,282.57,-0.04,478.4,135387.32,-1
2026-06-01,2026-06-01 14:00:00,282.57,282.57,282.48,282.48,-0.03,478.4,135387.32,-1
2026-06-01,2026-06-01 14:10:00,282.48,282.48,282.38,282.38,-0.04,478.4,135387.32,-1
2026-06-01,2026-06-01 14:20:00,282.38,282.38,282.29,282.29,-0.03,478.4,135387.32,-1
2026-06-01,2026-06-01 14:30:00,282.29,282.29,282.19,282.19,-0.04,478.4,135387.32,-1
2026-06-01,2026-06-01 14:40:00,282.19,282.19,282.1,282.1,-0.03,478.4,135387.32,-1
2026-06-01,2026-06-01 14:50:00,282.1,282.1,282.0,282.0,-0.04,478.4,135387.32,-1
2026-06-01,2026-06-01 15:00:00,282.0,289.0,280.4,282.0,0.0,478.4,135387.32,0
2026-06-02,2026-06-02 11:00:00,289.0,289.0,285.73,288.81,-0.07,310.92,87705.36,-1
2026-06-02,2026-06-02 11:10:00,288.81,288.81,288.62,288.62,-0.07,310.92,87705.36,-1
2026-06-02,2026-06-02 11:20:00,288.62,288.62,288.44,288.44,-0.06,310.92,87705.36,-1
2026-06-02,2026-06-02 11:30:00,288.44,288.44,288.25,288.25,-0.07,310.92,87705.36,-1
2026-06-02,2026-06-02 11:40:00,288.25,288.25,288.06,288.06,-0.07,310.92,87705.36,-1
2026-06-02,2026-06-02 11:50:00,288.06,288.06,287.88,287.88,-0.06,310.92,87705.36,-1
2026-06-02,2026-06-02 12:00:00,287.88,287.88,287.69,287.69,-0.07,310.92,87705.36,-1
2026-06-02,2026-06-02 12:10:00,287.69,287.69,287.5,287.5,-0.07,310.92,87705.36,-1
2026-06-02,2026-06-02 12:20:00,287.5,287.5,287.31,287.31,-0.07,310.92,87705.36,-1
2026-06-02,2026-06-02 12:30:00,287.31,287.31,287.12,287.12,-0.07,310.92,87705.36,-1
2026-06-02,2026-06-02 12:40:00,287.12,287.12,286.94,286.94,-0.06,310.92,87705.36,-1
2026-06-02,2026-06-02 12:50:00,286.94,286.94,286.75,286.75,-0.07,310.92,87705.36,-1
2026-06-02,2026-06-02 13:00:00,286.75,289.0,278.1,286.56,-0.07,310.92,87705.36,-1
2026-06-02,2026-06-02 13:10:00,286.56,286.56,286.38,286.38,-0.06,310.92,87705.36,-1
2026-06-02,2026-06-02 13:20:00,286.38,286.38,286.19,286.19,-0.07,310.92,87705.36,-1
2026-06-02,2026-06-02 13:30:00,286.19,286.19,286.0,286.0,-0.07,310.92,87705.36,-1
2026-06-02,2026-06-02 13:40:00,286.0,286.0,285.81,285.81,-0.07,310.92,87705.36,-1
2026-06-02,2026-06-02 13:50:00,285.81,285.81,285.62,285.62,-0.07,310.92,87705.36,-1
2026-06-02,2026-06-02 14:00:00,285.62,285.62,285.44,285.44,-0.06,310.92,87705.36,-1
2026-06-02,2026-06-02 14:10:00,285.44,285.44,285.25,285.25,-0.07,310.92,87705.36,-1
2026-06-02,2026-06-02 14:20:00,285.25,285.25,285.06,285.06,-0.07,310.92,87705.36,-1
2026-06-02,2026-06-02 14:30:00,285.06,285.06,284.88,284.88,-0.06,310.92,87705.36,-1
2026-06-02,2026-06-02 14:40:00,284.88,284.88,284.69,284.69,-0.07,310.92,87705.36,-1
2026-06-02,2026-06-02 14:50:00,284.69,284.69,284.5,284.5,-0.07,310.92,87705.36,-1
2026-06-02,2026-06-02 15:00:00,284.5,289.0,278.1,284.5,0.0,310.92,87705.36,0
2026-06-03,2026-06-03 11:00:00,285.0,285.57,283.8,284.92,-0.03,371.12,105078.3,-1
2026-06-03,2026-06-03 11:10:00,284.92,284.92,284.83,284.83,-0.03,371.12,105078.3,-1
2026-06-03,2026-06-03 11:20:00,284.83,284.83,284.75,284.75,-0.03,371.12,105078.3,-1
2026-06-03,2026-06-03 11:30:00,284.75,284.75,284.67,284.67,-0.03,371.12,105078.3,-1
2026-06-03,2026-06-03 11:40:00,284.67,284.67,284.58,284.58,-0.03,371.12,105078.3,-1
2026-06-03,2026-06-03 11:50:00,284.58,284.58,284.5,284.5,-0.03,371.12,105078.3,-1
2026-06-03,2026-06-03 12:00:00,284.5,284.5,284.42,284.42,-0.03,371.12,105078.3,-1
2026-06-03,2026-06-03 12:10:00,284.42,284.42,284.33,284.33,-0.03,371.12,105078.3,-1
2026-06-03,2026-06-03 12:20:00,284.33,284.33,284.25,284.25,-0.03,371.12,105078.3,-1
2026-06-03,2026-06-03 12:30:00,284.25,284.25,284.17,284.17,-0.03,371.12,105078.3,-1
2026-06-03,2026-06-03 12:40:00,284.17,284.17,284.08,284.08,-0.03,371.12,105078.3,-1
2026-06-03,2026-06-03 12:50:00,284.08,284.08,284.0,284.0,-0.03,371.12,105078.3,-1
2026-06-03,2026-06-03 13:00:00,284.0,286.9,281.0,283.92,-0.03,371.12,105078.3,-1
2026-06-03,2026-06-03 13:10:00,283.92,283.92,283.83,283.83,-0.03,371.12,105078.3,-1
2026-06-03,2026-06-03 13:20:00,283.83,283.83,283.75,283.75,-0.03,371.12,105078.3,-1
2026-06-03,2026-06-03 13:30:00,283.75,283.75,283.67,283.67,-0.03,371.12,105078.3,-1
2026-06-03,2026-06-03 13:40:00,283.67,283.67,283.58,283.58,-0.03,371.12,105078.3,-1
2026-06-03,2026-06-03 13:50:00,283.58,283.58,283.5,283.5,-0.03,371.12,105078.3,-1
2026-06-03,2026-06-03 14:00:00,283.5,283.5,283.42,283.42,-0.03,371.12,105078.3,-1
2026-06-03,2026-06-03 14:10:00,283.42,283.42,283.33,283.33,-0.03,371.12,105078.3,-1
2026-06-03,2026-06-03 14:20:00,283.33,283.33,283.25,283.25,-0.03,371.12,105078.3,-1
2026-06-03,2026-06-03 14:30:00,283.25,283.25,283.17,283.17,-0.03,371.12,105078.3,-1
2026-06-03,2026-06-03 14:40:00,283.17,283.17,283.08,283.08,-0.03,371.12,105078.3,-1
2026-06-03,2026-06-03 14:50:00,283.08,283.08,283.0,283.0,-0.03,371.12,105078.3,-1
2026-06-03,2026-06-03 15:00:00,283.0,286.9,281.0,283.0,0.0,371.12,105078.3,0
2026-06-04,2026-06-04 11:00:00,280.0,281.5,280.0,280.07,0.02,597.44,168896.48,1
2026-06-04,2026-06-04 11:10:00,280.07,280.13,280.07,280.13,0.02,597.44,168896.48,1
2026-06-04,2026-06-04 11:20:00,280.13,280.2,280.13,280.2,0.02,597.44,168896.48,1
2026-06-04,2026-06-04 11:30:00,280.2,280.27,280.2,280.27,0.02,597.44,168896.48,1
2026-06-04,2026-06-04 11:40:00,280.27,280.33,280.27,280.33,0.02,597.44,168896.48,1
2026-06-04,2026-06-04 11:50:00,280.33,280.4,280.33,280.4,0.02,597.44,168896.48,1
2026-06-04,2026-06-04 12:00:00,280.4,280.47,280.4,280.47,0.02,597.44,168896.48,1
2026-06-04,2026-06-04 12:10:00,280.47,280.53,280.47,280.53,0.02,597.44,168896.48,1
2026-06-04,2026-06-04 12:20:00,280.53,280.6,280.53,280.6,0.02,597.44,168896.48,1
2026-06-04,2026-06-04 12:30:00,280.6,280.67,280.6,280.67,0.02,597.44,168896.48,1
2026-06-04,2026-06-04 12:40:00,280.67,280.73,280.67,280.73,0.02,597.44,168896.48,1
2026-06-04,2026-06-04 12:50:00,280.73,280.8,280.73,280.8,0.02,597.44,168896.48,1
2026-06-04,2026-06-04 13:00:00,280.8,285.0,280.0,280.87,0.02,597.44,168896.48,1
2026-06-04,2026-06-04 13:10:00,280.87,280.93,280.87,280.93,0.02,597.44,168896.48,1
2026-06-04,2026-06-04 13:20:00,280.93,281.0,280.93,281.0,0.02,597.44,168896.48,1
2026-06-04,2026-06-04 13:30:00,281.0,281.07,281.0,281.07,0.02,597.44,168896.48,1
2026-06-04,2026-06-04 13:40:00,281.07,281.13,281.07,281.13,0.02,597.44,168896.48,1
2026-06-04,2026-06-04 13:50:00,281.13,281.2,281.13,281.2,0.02,597.44,168896.48,1
2026-06-04,2026-06-04 14:00:00,281.2,281.27,281.2,281.27,0.02,597.44,168896.48,1
2026-06-04,2026-06-04 14:10:00,281.27,281.33,281.27,281.33,0.02,597.44,168896.48,1
2026-06-04,2026-06-04 14:20:00,281.33,281.4,281.33,281.4,0.02,597.44,168896.48,1
2026-06-04,2026-06-04 14:30:00,281.4,281.47,281.4,281.47,0.02,597.44,168896.48,1
2026-06-04,2026-06-04 14:40:00,281.47,281.53,281.47,281.53,0.02,597.44,168896.48,1
2026-06-04,2026-06-04 14:50:00,281.53,281.6,281.53,281.6,0.02,597.44,168896.48,1
2026-06-04,2026-06-04 15:00:00,281.6,285.0,280.0,281.6,0.0,597.44,168896.48,0
2026-06-05,2026-06-05 11:00:00,283.0,283.0,281.35,282.79,-0.07,443.52,123920.6,-1
2026-06-05,2026-06-05 11:10:00,282.79,282.79,282.58,282.58,-0.07,443.52,123920.6,-1
2026-06-05,2026-06-05 11:20:00,282.58,282.58,282.38,282.38,-0.07,443.52,123920.6,-1
2026-06-05,2026-06-05 11:30:00,282.38,282.38,282.17,282.17,-0.07,443.52,123920.6,-1
2026-06-05,2026-06-05 11:40:00,282.17,282.17,281.96,281.96,-0.07,443.52,123920.6,-1
2026-06-05,2026-06-05 11:50:00,281.96,281.96,281.75,281.75,-0.07,443.52,123920.6,-1
2026-06-05,2026-06-05 12:00:00,281.75,281.75,281.54,281.54,-0.07,443.52,123920.6,-1
2026-06-05,2026-06-05 12:10:00,281.54,281.54,281.33,281.33,-0.07,443.52,123920.6,-1
2026-06-05,2026-06-05 12:20:00,281.33,281.33,281.12,281.12,-0.07,443.52,123920.6,-1
2026-06-05,2026-06-05 12:30:00,281.12,281.12,280.92,280.92,-0.07,443.52,123920.6,-1
2026-06-05,2026-06-05 12:40:00,280.92,280.92,280.71,280.71,-0.07,443.52,123920.6,-1
2026-06-05,2026-06-05 12:50:00,280.71,280.71,280.5,280.5,-0.07,443.52,123920.6,-1
2026-06-05,2026-06-05 13:00:00,280.5,283.0,277.5,280.29,-0.07,443.52,123920.6,-1
2026-06-05,2026-06-05 13:10:00,280.29,280.29,280.08,280.08,-0.07,443.52,123920.6,-1
2026-06-05,2026-06-05 13:20:00,280.08,280.08,279.88,279.88,-0.07,443.52,123920.6,-1
2026-06-05,2026-06-05 13:30:00,279.88,279.88,279.67,279.67,-0.08,443.52,123920.6,-1
2026-06-05,2026-06-05 13:40:00,279.67,279.67,279.46,279.46,-0.08,443.52,123920.6,-1
2026-06-05,2026-06-05 13:50:00,279.46,279.46,279.25,279.25,-0.08,443.52,123920.6,-1
2026-06-05,2026-06-05 14:00:00,279.25,279.25,279.04,279.04,-0.08,443.52,123920.6,-1
2026-06-05,2026-06-05 14:10:00,279.04,279.04,278.83,278.83,-0.08,443.52,123920.6,-1
2026-06-05,2026-06-05 14:20:00,278.83,278.83,278.62,278.62,-0.08,443.52,123920.6,-1
2026-06-05,2026-06-05 14:30:00,278.62,278.62,278.42,278.42,-0.07,443.52,123920.6,-1
2026-06-05,2026-06-05 14:40:00,278.42,278.42,278.21,278.21,-0.08,443.52,123920.6,-1
2026-06-05,2026-06-05 14:50:00,278.21,278.21,278.0,278.0,-0.08,443.52,123920.6,-1
2026-06-05,2026-06-05 15:00:00,278.0,283.0,277.5,278.0,0.0,443.52,123920.6,0
2026-06-08,2026-06-08 11:00:00,278.0,280.1,277.64,277.96,-0.01,512.88,142565.11,-1
2026-06-08,2026-06-08 11:10:00,277.96,277.96,277.92,277.92,-0.01,512.88,142565.11,-1
2026-06-08,2026-06-08 11:20:00,277.92,277.92,277.88,277.88,-0.01,512.88,142565.11,-1
2026-06-08,2026-06-08 11:30:00,277.88,277.88,277.83,277.83,-0.02,512.88,142565.11,-1
2026-06-08,2026-06-08 11:40:00,277.83,277.83,277.79,277.79,-0.01,512.88,142565.11,-1
2026-06-08,2026-06-08 11:50:00,277.79,277.79,277.75,277.75,-0.01,512.88,142565.11,-1
2026-06-08,2026-06-08 12:00:00,277.75,277.75,277.71,277.71,-0.01,512.88,142565.11,-1
2026-06-08,2026-06-08 12:10:00,277.71,277.71,277.67,277.67,-0.01,512.88,142565.11,-1
2026-06-08,2026-06-08 12:20:00,277.67,277.67,277.62,277.62,-0.02,512.88,142565.11,-1
2026-06-08,2026-06-08 12:30:00,277.62,277.62,277.58,277.58,-0.01,512.88,142565.11,-1
2026-06-08,2026-06-08 12:40:00,277.58,277.58,277.54,277.54,-0.01,512.88,142565.11,-1
2026-06-08,2026-06-08 12:50:00,277.54,277.54,277.5,277.5,-0.01,512.88,142565.11,-1
2026-06-08,2026-06-08 13:00:00,277.5,285.0,276.8,277.46,-0.01,512.88,142565.11,-1
2026-06-08,2026-06-08 13:10:00,277.46,277.46,277.42,277.42,-0.01,512.88,142565.11,-1
2026-06-08,2026-06-08 13:20:00,277.42,277.42,277.38,277.38,-0.01,512.88,142565.11,-1
2026-06-08,2026-06-08 13:30:00,277.38,277.38,277.33,277.33,-0.02,512.88,142565.11,-1
2026-06-08,2026-06-08 13:40:00,277.33,277.33,277.29,277.29,-0.01,512.88,142565.11,-1
2026-06-08,2026-06-08 13:50:00,277.29,277.29,277.25,277.25,-0.01,512.88,142565.11,-1
2026-06-08,2026-06-08 14:00:00,277.25,277.25,277.21,277.21,-0.01,512.88,142565.11,-1
2026-06-08,2026-06-08 14:10:00,277.21,277.21,277.17,277.17,-0.01,512.88,142565.11,-1
2026-06-08,2026-06-08 14:20:00,277.17,277.17,277.12,277.12,-0.02,512.88,142565.11,-1
2026-06-08,2026-06-08 14:30:00,277.12,277.12,277.08,277.08,-0.01,512.88,142565.11,-1
2026-06-08,2026-06-08 14:40:00,277.08,277.08,277.04,277.04,-0.01,512.88,142565.11,-1
2026-06-08,2026-06-08 14:50:00,277.04,277.04,277.0,277.0,-0.01,512.88,142565.11,-1
2026-06-08,2026-06-08 15:00:00,277.0,285.0,276.8,277.0,0.0,512.88,142565.11,0
2026-06-09,2026-06-09 11:00:00,277.0,278.95,276.55,277.12,0.04,664.56,185648.87,1
2026-06-09,2026-06-09 11:10:00,277.12,277.25,277.12,277.25,0.05,664.56,185648.87,1
2026-06-09,2026-06-09 11:20:00,277.25,277.38,277.25,277.38,0.05,664.56,185648.87,1
2026-06-09,2026-06-09 11:30:00,277.38,277.5,277.38,277.5,0.04,664.56,185648.87,1
2026-06-09,2026-06-09 11:40:00,277.5,277.62,277.5,277.62,0.04,664.56,185648.87,1
2026-06-09,2026-06-09 11:50:00,277.62,277.75,277.62,277.75,0.05,664.56,185648.87,1
2026-06-09,2026-06-09 12:00:00,277.75,277.88,277.75,277.88,0.05,664.56,185648.87,1
2026-06-09,2026-06-09 12:10:00,277.88,278.0,277.88,278.0,0.04,664.56,185648.87,1
2026-06-09,2026-06-09 12:20:00,278.0,278.12,278.0,278.12,0.04,664.56,185648.87,1
2026-06-09,2026-06-09 12:30:00,278.12,278.25,278.12,278.25,0.05,664.56,185648.87,1
2026-06-09,2026-06-09 12:40:00,278.25,278.38,278.25,278.38,0.05,664.56,185648.87,1
2026-06-09,2026-06-09 12:50:00,278.38,278.5,278.38,278.5,0.04,664.56,185648.87,1
2026-06-09,2026-06-09 13:00:00,278.5,283.5,275.5,278.62,0.04,664.56,185648.87,1
2026-06-09,2026-06-09 13:10:00,278.62,278.75,278.62,278.75,0.05,664.56,185648.87,1
2026-06-09,2026-06-09 13:20:00,278.75,278.88,278.75,278.88,0.05,664.56,185648.87,1
2026-06-09,2026-06-09 13:30:00,278.88,279.0,278.88,279.0,0.04,664.56,185648.87,1
2026-06-09,2026-06-09 13:40:00,279.0,279.12,279.0,279.12,0.04,664.56,185648.87,1
2026-06-09,2026-06-09 13:50:00,279.12,279.25,279.12,279.25,0.05,664.56,185648.87,1
2026-06-09,2026-06-09 14:00:00,279.25,279.38,279.25,279.38,0.05,664.56,185648.87,1
2026-06-09,2026-06-09 14:10:00,279.38,279.5,279.38,279.5,0.04,664.56,185648.87,1
2026-06-09,2026-06-09 14:20:00,279.5,279.62,279.5,279.62,0.04,664.56,185648.87,1
2026-06-09,2026-06-09 14:30:00,279.62,279.75,279.62,279.75,0.05,664.56,185648.87,1
2026-06-09,2026-06-09 14:40:00,279.75,279.88,279.75,279.88,0.05,664.56,185648.87,1
2026-06-09,2026-06-09 14:50:00,279.88,280.0,279.88,280.0,0.04,664.56,185648.87,1
2026-06-09,2026-06-09 15:00:00,280.0,283.5,275.5,280.0,0.0,664.56,185648.87,0
2026-06-10,2026-06-10 11:00:00,275.2,277.54,275.2,275.45,0.09,338.84,95342.4,1
2026-06-10,2026-06-10 11:10:00,275.45,275.7,275.45,275.7,0.09,338.84,95342.4,1
2026-06-10,2026-06-10 11:20:00,275.7,275.95,275.7,275.95,0.09,338.84,95342.4,1
2026-06-10,2026-06-10 11:30:00,275.95,276.2,275.95,276.2,0.09,338.84,95342.4,1
2026-06-10,2026-06-10 11:40:00,276.2,276.45,276.2,276.45,0.09,338.84,95342.4,1
2026-06-10,2026-06-10 11:50:00,276.45,276.7,276.45,276.7,0.09,338.84,95342.4,1
2026-06-10,2026-06-10 12:00:00,276.7,276.95,276.7,276.95,0.09,338.84,95342.4,1
2026-06-10,2026-06-10 12:10:00,276.95,277.2,276.95,277.2,0.09,338.84,95342.4,1
2026-06-10,2026-06-10 12:20:00,277.2,277.45,277.2,277.45,0.09,338.84,95342.4,1
2026-06-10,2026-06-10 12:30:00,277.45,277.7,277.45,277.7,0.09,338.84,95342.4,1
2026-06-10,2026-06-10 12:40:00,277.7,277.95,277.7,277.95,0.09,338.84,95342.4,1
2026-06-10,2026-06-10 12:50:00,277.95,278.2,277.95,278.2,0.09,338.84,95342.4,1
2026-06-10,2026-06-10 13:00:00,278.2,283.0,275.2,278.45,0.09,338.84,95342.4,1
2026-06-10,2026-06-10 13:10:00,278.45,278.7,278.45,278.7,0.09,338.84,95342.4,1
2026-06-10,2026-06-10 13:20:00,278.7,278.95,278.7,278.95,0.09,338.84,95342.4,1
2026-06-10,2026-06-10 13:30:00,278.95,279.2,278.95,279.2,0.09,338.84,95342.4,1
2026-06-10,2026-06-10 13:40:00,279.2,279.45,279.2,279.45,0.09,338.84,95342.4,1
2026-06-10,2026-06-10 13:50:00,279.45,279.7,279.45,279.7,0.09,338.84,95342.4,1
2026-06-10,2026-06-10 14:00:00,279.7,279.95,279.7,279.95,0.09,338.84,95342.4,1
2026-06-10,2026-06-10 14:10:00,279.95,280.2,279.95,280.2,0.09,338.84,95342.4,1
2026-06-10,2026-06-10 14:20:00,280.2,280.45,280.2,280.45,0.09,338.84,95342.4,1
2026-06-10,2026-06-10 14:30:00,280.45,280.7,280.45,280.7,0.09,338.84,95342.4,1
2026-06-10,2026-06-10 14:40:00,280.7,280.95,280.7,280.95,0.09,338.84,95342.4,1
2026-06-10,2026-06-10 14:50:00,280.95,281.2,280.95,281.2,0.09,338.84,95342.4,1
2026-06-10,2026-06-10 15:00:00,281.2,283.0,275.2,281.2,0.0,338.84,95342.4,0
2026-06-11,2026-06-11 11:00:00,281.2,281.44,280.09,281.07,-0.05,702.12,195675.42,-1
2026-06-11,2026-06-11 11:10:00,281.07,281.07,280.93,280.93,-0.05,702.12,195675.42,-1
2026-06-11,2026-06-11 11:20:00,280.93,280.93,280.8,280.8,-0.05,702.12,195675.42,-1
2026-06-11,2026-06-11 11:30:00,280.8,280.8,280.67,280.67,-0.05,702.12,195675.42,-1
2026-06-11,2026-06-11 11:40:00,280.67,280.67,280.53,280.53,-0.05,702.12,195675.42,-1
2026-06-11,2026-06-11 11:50:00,280.53,280.53,280.4,280.4,-0.05,702.12,195675.42,-1
2026-06-11,2026-06-11 12:00:00,280.4,280.4,280.27,280.27,-0.05,702.12,195675.42,-1
2026-06-11,2026-06-11 12:10:00,280.27,280.27,280.13,280.13,-0.05,702.12,195675.42,-1
2026-06-11,2026-06-11 12:20:00,280.13,280.13,280.0,280.0,-0.05,702.12,195675.42,-1
2026-06-11,2026-06-11 12:30:00,280.0,280.0,279.87,279.87,-0.05,702.12,195675.42,-1
2026-06-11,2026-06-11 12:40:00,279.87,279.87,279.73,279.73,-0.05,702.12,195675.42,-1
2026-06-11,2026-06-11 12:50:00,279.73,279.73,279.6,279.6,-0.05,702.12,195675.42,-1
2026-06-11,2026-06-11 13:00:00,279.6,282.0,277.5,279.47,-0.05,702.12,195675.42,-1
2026-06-11,2026-06-11 13:10:00,279.47,279.47,279.33,279.33,-0.05,702.12,195675.42,-1
2026-06-11,2026-06-11 13:20:00,279.33,279.33,279.2,279.2,-0.05,702.12,195675.42,-1
2026-06-11,2026-06-11 13:30:00,279.2,279.2,279.07,279.07,-0.05,702.12,195675.42,-1
2026-06-11,2026-06-11 13:40:00,279.07,279.07,278.93,278.93,-0.05,702.12,195675.42,-1
2026-06-11,2026-06-11 13:50:00,278.93,278.93,278.8,278.8,-0.05,702.12,195675.42,-1
2026-06-11,2026-06-11 14:00:00,278.8,278.8,278.67,278.67,-0.05,702.12,195675.42,-1
2026-06-11,2026-06-11 14:10:00,278.67,278.67,278.53,278.53,-0.05,702.12,195675.42,-1
2026-06-11,2026-06-11 14:20:00,278.53,278.53,278.4,278.4,-0.05,702.12,195675.42,-1
2026-06-11,2026-06-11 14:30:00,278.4,278.4,278.27,278.27,-0.05,702.12,195675.42,-1
2026-06-11,2026-06-11 14:40:00,278.27,278.27,278.13,278.13,-0.05,702.12,195675.42,-1
2026-06-11,2026-06-11 14:50:00,278.13,278.13,278.0,278.0,-0.05,702.12,195675.42,-1
2026-06-11,2026-06-11 15:00:00,278.0,282.0,277.5,278.0,0.0,702.12,195675.42,0
2026-06-12,2026-06-12 11:00:00,270.5,274.22,270.5,270.73,0.09,505.8,140466.81,1
2026-06-12,2026-06-12 11:10:00,270.73,270.96,270.73,270.96,0.08,505.8,140466.81,1
2026-06-12,2026-06-12 11:20:00,270.96,271.19,270.96,271.19,0.08,505.8,140466.81,1
2026-06-12,2026-06-12 11:30:00,271.19,271.42,271.19,271.42,0.08,505.8,140466.81,1
2026-06-12,2026-06-12 11:40:00,271.42,271.65,271.42,271.65,0.08,505.8,140466.81,1
2026-06-12,2026-06-12 11:50:00,271.65,271.88,271.65,271.88,0.08,505.8,140466.81,1
2026-06-12,2026-06-12 12:00:00,271.88,272.1,271.88,272.1,0.08,505.8,140466.81,1
2026-06-12,2026-06-12 12:10:00,272.1,272.33,272.1,272.33,0.08,505.8,140466.81,1
2026-06-12,2026-06-12 12:20:00,272.33,272.56,272.33,272.56,0.08,505.8,140466.81,1
2026-06-12,2026-06-12 12:30:00,272.56,272.79,272.56,272.79,0.08,505.8,140466.81,1
2026-06-12,2026-06-12 12:40:00,272.79,273.02,272.79,273.02,0.08,505.8,140466.81,1
2026-06-12,2026-06-12 12:50:00,273.02,273.25,273.02,273.25,0.08,505.8,140466.81,1
2026-06-12,2026-06-12 13:00:00,273.25,282.9,270.5,273.48,0.08,505.8,140466.81,1
2026-06-12,2026-06-12 13:10:00,273.48,273.71,273.48,273.71,0.08,505.8,140466.81,1
2026-06-12,2026-06-12 13:20:00,273.71,273.94,273.71,273.94,0.08,505.8,140466.81,1
2026-06-12,2026-06-12 13:30:00,273.94,274.17,273.94,274.17,0.08,505.8,140466.81,1
2026-06-12,2026-06-12 13:40:00,274.17,274.4,274.17,274.4,0.08,505.8,140466.81,1
2026-06-12,2026-06-12 13:50:00,274.4,274.62,274.4,274.62,0.08,505.8,140466.81,1
2026-06-12,2026-06-12 14:00:00,274.62,274.85,274.62,274.85,0.08,505.8,140466.81,1
2026-06-12,2026-06-12 14:10:00,274.85,275.08,274.85,275.08,0.08,505.8,140466.81,1
2026-06-12,2026-06-12 14:20:00,275.08,275.31,275.08,275.31,0.08,505.8,140466.81,1
2026-06-12,2026-06-12 14:30:00,275.31,275.54,275.31,275.54,0.08,505.8,140466.81,1
2026-06-12,2026-06-12 14:40:00,275.54,275.77,275.54,275.77,0.08,505.8,140466.81,1
2026-06-12,2026-06-12 14:50:00,275.77,276.0,275.77,276.0,0.08,505.8,140466.81,1
2026-06-12,2026-06-12 15:00:00,276.0,282.9,270.5,276.0,0.0,505.8,140466.81,0
2026-06-15,2026-06-15 11:00:00,280.0,280.0,278.5,279.92,-0.03,301.28,83472.04,-1
2026-06-15,2026-06-15 11:10:00,279.92,279.92,279.83,279.83,-0.03,301.28,83472.04,-1
2026-06-15,2026-06-15 11:20:00,279.83,279.83,279.75,279.75,-0.03,301.28,83472.04,-1
2026-06-15,2026-06-15 11:30:00,279.75,279.75,279.67,279.67,-0.03,301.28,83472.04,-1
2026-06-15,2026-06-15 11:40:00,279.67,279.67,279.58,279.58,-0.03,301.28,83472.04,-1
2026-06-15,2026-06-15 11:50:00,279.58,279.58,279.5,279.5,-0.03,301.28,83472.04,-1
2026-06-15,2026-06-15 12:00:00,279.5,279.5,279.42,279.42,-0.03,301.28,83472.04,-1
2026-06-15,2026-06-15 12:10:00,279.42,279.42,279.33,279.33,-0.03,301.28,83472.04,-1
2026-06-15,2026-06-15 12:20:00,279.33,279.33,279.25,279.25,-0.03,301.28,83472.04,-1
2026-06-15,2026-06-15 12:30:00,279.25,279.25,279.17,279.17,-0.03,301.28,83472.04,-1
2026-06-15,2026-06-15 12:40:00,279.17,279.17,279.08,279.08,-0.03,301.28,83472.04,-1
2026-06-15,2026-06-15 12:50:00,279.08,279.08,279.0,279.0,-0.03,301.28,83472.04,-1
2026-06-15,2026-06-15 13:00:00,279.0,280.0,275.0,278.92,-0.03,301.28,83472.04,-1
2026-06-15,2026-06-15 13:10:00,278.92,278.92,278.83,278.83,-0.03,301.28,83472.04,-1
2026-06-15,2026-06-15 13:20:00,278.83,278.83,278.75,278.75,-0.03,301.28,83472.04,-1
2026-06-15,2026-06-15 13:30:00,278.75,278.75,278.67,278.67,-0.03,301.28,83472.04,-1
2026-06-15,2026-06-15 13:40:00,278.67,278.67,278.58,278.58,-0.03,301.28,83472.04,-1
2026-06-15,2026-06-15 13:50:00,278.58,278.58,278.5,278.5,-0.03,301.28,83472.04,-1
2026-06-15,2026-06-15 14:00:00,278.5,278.5,278.42,278.42,-0.03,301.28,83472.04,-1
2026-06-15,2026-06-15 14:10:00,278.42,278.42,278.33,278.33,-0.03,301.28,83472.04,-1
2026-06-15,2026-06-15 14:20:00,278.33,278.33,278.25,278.25,-0.03,301.28,83472.04,-1
2026-06-15,2026-06-15 14:30:00,278.25,278.25,278.17,278.17,-0.03,301.28,83472.04,-1
2026-06-15,2026-06-15 14:40:00,278.17,278.17,278.08,278.08,-0.03,301.28,83472.04,-1
2026-06-15,2026-06-15 14:50:00,278.08,278.08,278.0,278.0,-0.03,301.28,83472.04,-1
2026-06-15,2026-06-15 15:00:00,278.0,280.0,275.0,278.0,0.0,301.28,83472.04,0
2026-06-16,2026-06-16 11:00:00,270.0,277.2,270.0,270.44,0.16,1161.72,320729.27,1
2026-06-16,2026-06-16 11:10:00,270.44,270.88,270.44,270.88,0.16,1161.72,320729.27,1
2026-06-16,2026-06-16 11:20:00,270.88,271.31,270.88,271.31,0.16,1161.72,320729.27,1
2026-06-16,2026-06-16 11:30:00,271.31,271.75,271.31,271.75,0.16,1161.72,320729.27,1
2026-06-16,2026-06-16 11:40:00,271.75,272.19,271.75,272.19,0.16,1161.72,320729.27,1
2026-06-16,2026-06-16 11:50:00,272.19,272.62,272.19,272.62,0.16,1161.72,320729.27,1
2026-06-16,2026-06-16 12:00:00,272.62,273.06,272.62,273.06,0.16,1161.72,320729.27,1
2026-06-16,2026-06-16 12:10:00,273.06,273.5,273.06,273.5,0.16,1161.72,320729.27,1
2026-06-16,2026-06-16 12:20:00,273.5,273.94,273.5,273.94,0.16,1161.72,320729.27,1
2026-06-16,2026-06-16 12:30:00,273.94,274.38,273.94,274.38,0.16,1161.72,320729.27,1
2026-06-16,2026-06-16 12:40:00,274.38,274.81,274.38,274.81,0.16,1161.72,320729.27,1
2026-06-16,2026-06-16 12:50:00,274.81,275.25,274.81,275.25,0.16,1161.72,320729.27,1
2026-06-16,2026-06-16 13:00:00,275.25,294.0,270.0,275.69,0.16,1161.72,320729.27,1
2026-06-16,2026-06-16 13:10:00,275.69,276.12,275.69,276.12,0.16,1161.72,320729.27,1
2026-06-16,2026-06-16 13:20:00,276.12,276.56,276.12,276.56,0.16,1161.72,320729.27,1
2026-06-16,2026-06-16 13:30:00,276.56,277.0,276.56,277.0,0.16,1161.72,320729.27,1
2026-06-16,2026-06-16 13:40:00,277.0,277.44,277.0,277.44,0.16,1161.72,320729.27,1
2026-06-16,2026-06-16 13:50:00,277.44,277.88,277.44,277.88,0.16,1161.72,320729.27,1
2026-06-16,2026-06-16 14:00:00,277.88,278.31,277.88,278.31,0.15,1161.72,320729.27,1
2026-06-16,2026-06-16 14:10:00,278.31,278.75,278.31,278.75,0.16,1161.72,320729.27,1
2026-06-16,2026-06-16 14:20:00,278.75,279.19,278.75,279.19,0.16,1161.72,320729.27,1
2026-06-16,2026-06-16 14:30:00,279.19,279.62,279.19,279.62,0.15,1161.72,320729.27,1
2026-06-16,2026-06-16 14:40:00,279.62,280.06,279.62,280.06,0.16,1161.72,320729.27,1
2026-06-16,2026-06-16 14:50:00,280.06,280.5,280.06,280.5,0.16,1161.72,320729.27,1
2026-06-16,2026-06-16 15:00:00,280.5,294.0,270.0,280.5,0.0,1161.72,320729.27,0
2026-06-17,2026-06-17 11:00:00,284.5,284.5,282.04,284.31,-0.07,192.08,53681.01,-1
2026-06-17,2026-06-17 11:10:00,284.31,284.31,284.12,284.12,-0.07,192.08,53681.01,-1
2026-06-17,2026-06-17 11:20:00,284.12,284.12,283.93,283.93,-0.07,192.08,53681.01,-1
2026-06-17,2026-06-17 11:30:00,283.93,283.93,283.73,283.73,-0.07,192.08,53681.01,-1
2026-06-17,2026-06-17 11:40:00,283.73,283.73,283.54,283.54,-0.07,192.08,53681.01,-1
2026-06-17,2026-06-17 11:50:00,283.54,283.54,283.35,283.35,-0.07,192.08,53681.01,-1
2026-06-17,2026-06-17 12:00:00,283.35,283.35,283.16,283.16,-0.07,192.08,53681.01,-1
2026-06-17,2026-06-17 12:10:00,283.16,283.16,282.97,282.97,-0.07,192.08,53681.01,-1
2026-06-17,2026-06-17 12:20:00,282.97,282.97,282.77,282.77,-0.07,192.08,53681.01,-1
2026-06-17,2026-06-17 12:30:00,282.77,282.77,282.58,282.58,-0.07,192.08,53681.01,-1
2026-06-17,2026-06-17 12:40:00,282.58,282.58,282.39,282.39,-0.07,192.08,53681.01,-1
2026-06-17,2026-06-17 12:50:00,282.39,282.39,282.2,282.2,-0.07,192.08,53681.01,-1
2026-06-17,2026-06-17 13:00:00,282.2,284.5,276.3,282.01,-0.07,192.08,53681.01,-1
2026-06-17,2026-06-17 13:10:00,282.01,282.01,281.82,281.82,-0.07,192.08,53681.01,-1
2026-06-17,2026-06-17 13:20:00,281.82,281.82,281.62,281.62,-0.07,192.08,53681.01,-1
2026-06-17,2026-06-17 13:30:00,281.62,281.62,281.43,281.43,-0.07,192.08,53681.01,-1
2026-06-17,2026-06-17 13:40:00,281.43,281.43,281.24,281.24,-0.07,192.08,53681.01,-1
2026-06-17,2026-06-17 13:50:00,281.24,281.24,281.05,281.05,-0.07,192.08,53681.01,-1
2026-06-17,2026-06-17 14:00:00,281.05,281.05,280.86,280.86,-0.07,192.08,53681.01,-1
2026-06-17,2026-06-17 14:10:00,280.86,280.86,280.67,280.67,-0.07,192.08,53681.01,-1
2026-06-17,2026-06-17 14:20:00,280.67,280.67,280.47,280.47,-0.07,192.08,53681.01,-1
2026-06-17,2026-06-17 14:30:00,280.47,280.47,280.28,280.28,-0.07,192.08,53681.01,-1
2026-06-17,2026-06-17 14:40:00,280.28,280.28,280.09,280.09,-0.07,192.08,53681.01,-1
2026-06-17,2026-06-17 14:50:00,280.09,280.09,279.9,279.9,-0.07,192.08,53681.01,-1
2026-06-17,2026-06-17 15:00:00,279.9,284.5,276.3,279.9,0.0,192.08,53681.01,0
2026-06-18,2026-06-18 11:00:00,280.0,280.0,279.04,279.96,-0.01,108.2,30126.8,-1
2026-06-18,2026-06-18 11:10:00,279.96,279.96,279.92,279.92,-0.01,108.2,30126.8,-1
2026-06-18,2026-06-18 11:20:00,279.92,279.92,279.88,279.88,-0.01,108.2,30126.8,-1
2026-06-18,2026-06-18 11:30:00,279.88,279.88,279.83,279.83,-0.02,108.2,30126.8,-1
2026-06-18,2026-06-18 11:40:00,279.83,279.83,279.79,279.79,-0.01,108.2,30126.8,-1
2026-06-18,2026-06-18 11:50:00,279.79,279.79,279.75,279.75,-0.01,108.2,30126.8,-1
2026-06-18,2026-06-18 12:00:00,279.75,279.75,279.71,279.71,-0.01,108.2,30126.8,-1
2026-06-18,2026-06-18 12:10:00,279.71,279.71,279.67,279.67,-0.01,108.2,30126.8,-1
2026-06-18,2026-06-18 12:20:00,279.67,279.67,279.62,279.62,-0.02,108.2,30126.8,-1
2026-06-18,2026-06-18 12:30:00,279.62,279.62,279.58,279.58,-0.01,108.2,30126.8,-1
2026-06-18,2026-06-18 12:40:00,279.58,279.58,279.54,279.54,-0.01,108.2,30126.8,-1
2026-06-18,2026-06-18 12:50:00,279.54,279.54,279.5,279.5,-0.01,108.2,30126.8,-1
2026-06-18,2026-06-18 13:00:00,279.5,280.0,276.8,279.46,-0.01,108.2,30126.8,-1
2026-06-18,2026-06-18 13:10:00,279.46,279.46,279.42,279.42,-0.01,108.2,30126.8,-1
2026-06-18,2026-06-18 13:20:00,279.42,279.42,279.38,279.38,-0.01,108.2,30126.8,-1
2026-06-18,2026-06-18 13:30:00,279.38,279.38,279.33,279.33,-0.02,108.2,30126.8,-1
2026-06-18,2026-06-18 13:40:00,279.33,279.33,279.29,279.29,-0.01,108.2,30126.8,-1
2026-06-18,2026-06-18 13:50:00,279.29,279.29,279.25,279.25,-0.01,108.2,30126.8,-1
2026-06-18,2026-06-18 14:00:00,279.25,279.25,279.21,279.21,-0.01,108.2,30126.8,-1
2026-06-18,2026-06-18 14:10:00,279.21,279.21,279.17,279.17,-0.01,108.2,30126.8,-1
2026-06-18,2026-06-18 14:20:00,279.17,279.17,279.12,279.12,-0.02,108.2,30126.8,-1
2026-06-18,2026-06-18 14:30:00,279.12,279.12,279.08,279.08,-0.01,108.2,30126.8,-1
2026-06-18,2026-06-18 14:40:00,279.08,279.08,279.04,279.04,-0.01,108.2,30126.8,-1
2026-06-18,2026-06-18 14:50:00,279.04,279.04,279.0,279.0,-0.01,108.2,30126.8,-1
2026-06-18,2026-06-18 15:00:00,279.0,280.0,276.8,279.0,0.0,108.2,30126.8,0
2026-06-19,2026-06-19 11:00:00,281.0,281.0,278.6,280.83,-0.06,513.24,141811.91,-1
2026-06-19,2026-06-19 11:10:00,280.83,280.83,280.67,280.67,-0.06,513.24,141811.91,-1
2026-06-19,2026-06-19 11:20:00,280.67,280.67,280.5,280.5,-0.06,513.24,141811.91,-1
2026-06-19,2026-06-19 11:30:00,280.5,280.5,280.33,280.33,-0.06,513.24,141811.91,-1
2026-06-19,2026-06-19 11:40:00,280.33,280.33,280.17,280.17,-0.06,513.24,141811.91,-1
2026-06-19,2026-06-19 11:50:00,280.17,280.17,280.0,280.0,-0.06,513.24,141811.91,-1
2026-06-19,2026-06-19 12:00:00,280.0,280.0,279.83,279.83,-0.06,513.24,141811.91,-1
2026-06-19,2026-06-19 12:10:00,279.83,279.83,279.67,279.67,-0.06,513.24,141811.91,-1
2026-06-19,2026-06-19 12:20:00,279.67,279.67,279.5,279.5,-0.06,513.24,141811.91,-1
2026-06-19,2026-06-19 12:30:00,279.5,279.5,279.33,279.33,-0.06,513.24,141811.91,-1
2026-06-19,2026-06-19 12:40:00,279.33,279.33,279.17,279.17,-0.06,513.24,141811.91,-1
2026-06-19,2026-06-19 12:50:00,279.17,279.17,279.0,279.0,-0.06,513.24,141811.91,-1
2026-06-19,2026-06-19 13:00:00,279.0,281.0,273.0,278.83,-0.06,513.24,141811.91,-1
2026-06-19,2026-06-19 13:10:00,278.83,278.83,278.67,278.67,-0.06,513.24,141811.91,-1
2026-06-19,2026-06-19 13:20:00,278.67,278.67,278.5,278.5,-0.06,513.24,141811.91,-1
2026-06-19,2026-06-19 13:30:00,278.5,278.5,278.33,278.33,-0.06,513.24,141811.91,-1
2026-06-19,2026-06-19 13:40:00,278.33,278.33,278.17,278.17,-0.06,513.24,141811.91,-1
2026-06-19,2026-06-19 13:50:00,278.17,278.17,278.0,278.0,-0.06,513.24,141811.91,-1
2026-06-19,2026-06-19 14:00:00,278.0,278.0,277.83,277.83,-0.06,513.24,141811.91,-1
2026-06-19,2026-06-19 14:10:00,277.83,277.83,277.67,277.67,-0.06,513.24,141811.91,-1
2026-06-19,2026-06-19 14:20:00,277.67,277.67,277.5,277.5,-0.06,513.24,141811.91,-1
2026-06-19,2026-06-19 14:30:00,277.5,277.5,277.33,277.33,-0.06,513.24,141811.91,-1
2026-06-19,2026-06-19 14:40:00,277.33,277.33,277.17,277.17,-0.06,513.24,141811.91,-1
2026-06-19,2026-06-19 14:50:00,277.17,277.17,277.0,277.0,-0.06,513.24,141811.91,-1
2026-06-19,2026-06-19 15:00:00,277.0,281.0,273.0,277.0,0.0,513.24,141811.91,0
2026-06-22,2026-06-22 11:00:00,280.0,280.0,277.03,279.7,-0.11,738.04,201385.18,-1
2026-06-22,2026-06-22 11:10:00,279.7,279.7,279.41,279.41,-0.1,738.04,201385.18,-1
2026-06-22,2026-06-22 11:20:00,279.41,279.41,279.11,279.11,-0.11,738.04,201385.18,-1
2026-06-22,2026-06-22 11:30:00,279.11,279.11,278.82,278.82,-0.1,738.04,201385.18,-1
2026-06-22,2026-06-22 11:40:00,278.82,278.82,278.52,278.52,-0.11,738.04,201385.18,-1
2026-06-22,2026-06-22 11:50:00,278.52,278.52,278.23,278.23,-0.1,738.04,201385.18,-1
2026-06-22,2026-06-22 12:00:00,278.23,278.23,277.93,277.93,-0.11,738.04,201385.18,-1
2026-06-22,2026-06-22 12:10:00,277.93,277.93,277.63,277.63,-0.11,738.04,201385.18,-1
2026-06-22,2026-06-22 12:20:00,277.63,277.63,277.34,277.34,-0.1,738.04,201385.18,-1
2026-06-22,2026-06-22 12:30:00,277.34,277.34,277.04,277.04,-0.11,738.04,201385.18,-1
2026-06-22,2026-06-22 12:40:00,277.04,277.04,276.75,276.75,-0.1,738.04,201385.18,-1
2026-06-22,2026-06-22 12:50:00,276.75,276.75,276.45,276.45,-0.11,738.04,201385.18,-1
2026-06-22,2026-06-22 13:00:00,276.45,280.0,270.1,276.15,-0.11,738.04,201385.18,-1
2026-06-22,2026-06-22 13:10:00,276.15,276.15,275.86,275.86,-0.11,738.04,201385.18,-1
2026-06-22,2026-06-22 13:20:00,275.86,275.86,275.56,275.56,-0.11,738.04,201385.18,-1
2026-06-22,2026-06-22 13:30:00,275.56,275.56,275.27,275.27,-0.11,738.04,201385.18,-1
2026-06-22,2026-06-22 13:40:00,275.27,275.27,274.97,274.97,-0.11,738.04,201385.18,-1
2026-06-22,2026-06-22 13:50:00,274.97,274.97,274.67,274.67,-0.11,738.04,201385.18,-1
2026-06-22,2026-06-22 14:00:00,274.67,274.67,274.38,274.38,-0.11,738.04,201385.18,-1
2026-06-22,2026-06-22 14:10:00,274.38,274.38,274.08,274.08,-0.11,738.04,201385.18,-1
2026-06-22,2026-06-22 14:20:00,274.08,274.08,273.79,273.79,-0.11,738.04,201385.18,-1
2026-06-22,2026-06-22 14:30:00,273.79,273.79,273.49,273.49,-0.11,738.04,201385.18,-1
2026-06-22,2026-06-22 14:40:00,273.49,273.49,273.2,273.2,-0.11,738.04,201385.18,-1
2026-06-22,2026-06-22 14:50:00,273.2,273.2,272.9,272.9,-0.11,738.04,201385.18,-1
2026-06-22,2026-06-22 15:00:00,272.9,280.0,270.1,272.9,0.0,738.04,201385.18,0
2026-06-23,2026-06-23 11:00:00,272.9,272.9,270.23,272.57,-0.12,944.64,251866.02,-1
2026-06-23,2026-06-23 11:10:00,272.57,272.57,272.24,272.24,-0.12,944.64,251866.02,-1
2026-06-23,2026-06-23 11:20:00,272.24,272.24,271.91,271.91,-0.12,944.64,251866.02,-1
2026-06-23,2026-06-23 11:30:00,271.91,271.91,271.58,271.58,-0.12,944.64,251866.02,-1
2026-06-23,2026-06-23 11:40:00,271.58,271.58,271.25,271.25,-0.12,944.64,251866.02,-1
2026-06-23,2026-06-23 11:50:00,271.25,271.25,270.92,270.92,-0.12,944.64,251866.02,-1
2026-06-23,2026-06-23 12:00:00,270.92,270.92,270.6,270.6,-0.12,944.64,251866.02,-1
2026-06-23,2026-06-23 12:10:00,270.6,270.6,270.27,270.27,-0.12,944.64,251866.02,-1
2026-06-23,2026-06-23 12:20:00,270.27,270.27,269.94,269.94,-0.12,944.64,251866.02,-1
2026-06-23,2026-06-23 12:30:00,269.94,269.94,269.61,269.61,-0.12,944.64,251866.02,-1
2026-06-23,2026-06-23 12:40:00,269.61,269.61,269.28,269.28,-0.12,944.64,251866.02,-1
2026-06-23,2026-06-23 12:50:00,269.28,269.28,268.95,268.95,-0.12,944.64,251866.02,-1
2026-06-23,2026-06-23 13:00:00,268.95,272.9,264.0,268.62,-0.12,944.64,251866.02,-1
2026-06-23,2026-06-23 13:10:00,268.62,268.62,268.29,268.29,-0.12,944.64,251866.02,-1
2026-06-23,2026-06-23 13:20:00,268.29,268.29,267.96,267.96,-0.12,944.64,251866.02,-1
2026-06-23,2026-06-23 13:30:00,267.96,267.96,267.63,267.63,-0.12,944.64,251866.02,-1
2026-06-23,2026-06-23 13:40:00,267.63,267.63,267.3,267.3,-0.12,944.64,251866.02,-1
2026-06-23,2026-06-23 13:50:00,267.3,267.3,266.98,266.98,-0.12,944.64,251866.02,-1
2026-06-23,2026-06-23 14:00:00,266.98,266.98,266.65,266.65,-0.12,944.64,251866.02,-1
2026-06-23,2026-06-23 14:10:00,266.65,266.65,266.32,266.32,-0.12,944.64,251866.02,-1
2026-06-23,2026-06-23 14:20:00,266.32,266.32,265.99,265.99,-0.12,944.64,251866.02,-1
2026-06-23,2026-06-23 14:30:00,265.99,265.99,265.66,265.66,-0.12,944.64,251866.02,-1
2026-06-23,2026-06-23 14:40:00,265.66,265.66,265.33,265.33,-0.12,944.64,251866.02,-1
2026-06-23,2026-06-23 14:50:00,265.33,265.33,265.0,265.0,-0.12,944.64,251866.02,-1
2026-06-23,2026-06-23 15:00:00,265.0,272.9,264.0,265.0,0.0,944.64,251866.02,0
2026-06-24,2026-06-24 11:00:00,265.0,265.0,263.26,265.0,0.0,373.8,98118.91,0
2026-06-24,2026-06-24 11:10:00,265.0,265.0,265.0,265.0,0.0,373.8,98118.91,0
2026-06-24,2026-06-24 11:20:00,265.0,265.0,265.0,265.0,0.0,373.8,98118.91,0
2026-06-24,2026-06-24 11:30:00,265.0,265.0,265.0,265.0,0.0,373.8,98118.91,0
2026-06-24,2026-06-24 11:40:00,265.0,265.0,265.0,265.0,0.0,373.8,98118.91,0
2026-06-24,2026-06-24 11:50:00,265.0,265.0,265.0,265.0,0.0,373.8,98118.91,0
2026-06-24,2026-06-24 12:00:00,265.0,265.0,265.0,265.0,0.0,373.8,98118.91,0
2026-06-24,2026-06-24 12:10:00,265.0,265.0,265.0,265.0,0.0,373.8,98118.91,0
2026-06-24,2026-06-24 12:20:00,265.0,265.0,265.0,265.0,0.0,373.8,98118.91,0
2026-06-24,2026-06-24 12:30:00,265.0,265.0,265.0,265.0,0.0,373.8,98118.91,0
2026-06-24,2026-06-24 12:40:00,265.0,265.0,265.0,265.0,0.0,373.8,98118.91,0
2026-06-24,2026-06-24 12:50:00,265.0,265.0,265.0,265.0,0.0,373.8,98118.91,0
2026-06-24,2026-06-24 13:00:00,265.0,265.0,259.2,265.0,0.0,373.8,98118.91,0
2026-06-24,2026-06-24 13:10:00,265.0,265.0,265.0,265.0,0.0,373.8,98118.91,0
2026-06-24,2026-06-24 13:20:00,265.0,265.0,265.0,265.0,0.0,373.8,98118.91,0
2026-06-24,2026-06-24 13:30:00,265.0,265.0,265.0,265.0,0.0,373.8,98118.91,0
2026-06-24,2026-06-24 13:40:00,265.0,265.0,265.0,265.0,0.0,373.8,98118.91,0
2026-06-24,2026-06-24 13:50:00,265.0,265.0,265.0,265.0,0.0,373.8,98118.91,0
2026-06-24,2026-06-24 14:00:00,265.0,265.0,265.0,265.0,0.0,373.8,98118.91,0
2026-06-24,2026-06-24 14:10:00,265.0,265.0,265.0,265.0,0.0,373.8,98118.91,0
2026-06-24,2026-06-24 14:20:00,265.0,265.0,265.0,265.0,0.0,373.8,98118.91,0
2026-06-24,2026-06-24 14:30:00,265.0,265.0,265.0,265.0,0.0,373.8,98118.91,0
2026-06-24,2026-06-24 14:40:00,265.0,265.0,265.0,265.0,0.0,373.8,98118.91,0
2026-06-24,2026-06-24 14:50:00,265.0,265.0,265.0,265.0,0.0,373.8,98118.91,0
2026-06-24,2026-06-24 15:00:00,265.0,265.0,259.2,265.0,0.0,373.8,98118.91,0
2026-06-25,2026-06-25 11:00:00,265.0,266.5,264.13,265.12,0.05,473.24,125344.17,1
2026-06-25,2026-06-25 11:10:00,265.12,265.25,265.12,265.25,0.05,473.24,125344.17,1
2026-06-25,2026-06-25 11:20:00,265.25,265.38,265.25,265.38,0.05,473.24,125344.17,1
2026-06-25,2026-06-25 11:30:00,265.38,265.5,265.38,265.5,0.05,473.24,125344.17,1
2026-06-25,2026-06-25 11:40:00,265.5,265.62,265.5,265.62,0.05,473.24,125344.17,1
2026-06-25,2026-06-25 11:50:00,265.62,265.75,265.62,265.75,0.05,473.24,125344.17,1
2026-06-25,2026-06-25 12:00:00,265.75,265.88,265.75,265.88,0.05,473.24,125344.17,1
2026-06-25,2026-06-25 12:10:00,265.88,266.0,265.88,266.0,0.05,473.24,125344.17,1
2026-06-25,2026-06-25 12:20:00,266.0,266.12,266.0,266.12,0.05,473.24,125344.17,1
2026-06-25,2026-06-25 12:30:00,266.12,266.25,266.12,266.25,0.05,473.24,125344.17,1
2026-06-25,2026-06-25 12:40:00,266.25,266.38,266.25,266.38,0.05,473.24,125344.17,1
2026-06-25,2026-06-25 12:50:00,266.38,266.5,266.38,266.5,0.05,473.24,125344.17,1
2026-06-25,2026-06-25 13:00:00,266.5,270.0,262.1,266.62,0.05,473.24,125344.17,1
2026-06-25,2026-06-25 13:10:00,266.62,266.75,266.62,266.75,0.05,473.24,125344.17,1
2026-06-25,2026-06-25 13:20:00,266.75,266.88,266.75,266.88,0.05,473.24,125344.17,1
2026-06-25,2026-06-25 13:30:00,266.88,267.0,266.88,267.0,0.04,473.24,125344.17,1
2026-06-25,2026-06-25 13:40:00,267.0,267.12,267.0,267.12,0.04,473.24,125344.17,1
2026-06-25,2026-06-25 13:50:00,267.12,267.25,267.12,267.25,0.05,473.24,125344.17,1
2026-06-25,2026-06-25 14:00:00,267.25,267.38,267.25,267.38,0.05,473.24,125344.17,1
2026-06-25,2026-06-25 14:10:00,267.38,267.5,267.38,267.5,0.04,473.24,125344.17,1
2026-06-25,2026-06-25 14:20:00,267.5,267.62,267.5,267.62,0.04,473.24,125344.17,1
2026-06-25,2026-06-25 14:30:00,267.62,267.75,267.62,267.75,0.05,473.24,125344.17,1
2026-06-25,2026-06-25 14:40:00,267.75,267.88,267.75,267.88,0.05,473.24,125344.17,1
2026-06-25,2026-06-25 14:50:00,267.88,268.0,267.88,268.0,0.04,473.24,125344.17,1
2026-06-25,2026-06-25 15:00:00,268.0,270.0,262.1,268.0,0.0,473.24,125344.17,0
2026-06-26,2026-06-26 11:00:00,265.0,266.5,264.1,265.08,0.03,105.96,28138.46,1
2026-06-26,2026-06-26 11:10:00,265.08,265.17,265.08,265.17,0.03,105.96,28138.46,1
2026-06-26,2026-06-26 11:20:00,265.17,265.25,265.17,265.25,0.03,105.96,28138.46,1
2026-06-26,2026-06-26 11:30:00,265.25,265.33,265.25,265.33,0.03,105.96,28138.46,1
2026-06-26,2026-06-26 11:40:00,265.33,265.42,265.33,265.42,0.03,105.96,28138.46,1
2026-06-26,2026-06-26 11:50:00,265.42,265.5,265.42,265.5,0.03,105.96,28138.46,1
2026-06-26,2026-06-26 12:00:00,265.5,265.58,265.5,265.58,0.03,105.96,28138.46,1
2026-06-26,2026-06-26 12:10:00,265.58,265.67,265.58,265.67,0.03,105.96,28138.46,1
2026-06-26,2026-06-26 12:20:00,265.67,265.75,265.67,265.75,0.03,105.96,28138.46,1
2026-06-26,2026-06-26 12:30:00,265.75,265.83,265.75,265.83,0.03,105.96,28138.46,1
2026-06-26,2026-06-26 12:40:00,265.83,265.92,265.83,265.92,0.03,105.96,28138.46,1
2026-06-26,2026-06-26 12:50:00,265.92,266.0,265.92,266.0,0.03,105.96,28138.46,1
2026-06-26,2026-06-26 13:00:00,266.0,270.0,262.0,266.08,0.03,105.96,28138.46,1
2026-06-26,2026-06-26 13:10:00,266.08,266.17,266.08,266.17,0.03,105.96,28138.46,1
2026-06-26,2026-06-26 13:20:00,266.17,266.25,266.17,266.25,0.03,105.96,28138.46,1
2026-06-26,2026-06-26 13:30:00,266.25,266.33,266.25,266.33,0.03,105.96,28138.46,1
2026-06-26,2026-06-26 13:40:00,266.33,266.42,266.33,266.42,0.03,105.96,28138.46,1
2026-06-26,2026-06-26 13:50:00,266.42,266.5,266.42,266.5,0.03,105.96,28138.46,1
2026-06-26,2026-06-26 14:00:00,266.5,266.58,266.5,266.58,0.03,105.96,28138.46,1
2026-06-26,2026-06-26 14:10:00,266.58,266.67,266.58,266.67,0.03,105.96,28138.46,1
2026-06-26,2026-06-26 14:20:00,266.67,266.75,266.67,266.75,0.03,105.96,28138.46,1
2026-06-26,2026-06-26 14:30:00,266.75,266.83,266.75,266.83,0.03,105.96,28138.46,1
2026-06-26,2026-06-26 14:40:00,266.83,266.92,266.83,266.92,0.03,105.96,28138.46,1
2026-06-26,2026-06-26 14:50:00,266.92,267.0,266.92,267.0,0.03,105.96,28138.46,1
2026-06-26,2026-06-26 15:00:00,267.0,270.0,262.0,267.0,0.0,105.96,28138.46,0
2026-06-29,2026-06-29 11:00:00,269.0,269.0,265.73,268.62,-0.14,363.88,94895.54,-1
2026-06-29,2026-06-29 11:10:00,268.62,268.62,268.25,268.25,-0.14,363.88,94895.54,-1
2026-06-29,2026-06-29 11:20:00,268.25,268.25,267.88,267.88,-0.14,363.88,94895.54,-1
2026-06-29,2026-06-29 11:30:00,267.88,267.88,267.5,267.5,-0.14,363.88,94895.54,-1
2026-06-29,2026-06-29 11:40:00,267.5,267.5,267.12,267.12,-0.14,363.88,94895.54,-1
2026-06-29,2026-06-29 11:50:00,267.12,267.12,266.75,266.75,-0.14,363.88,94895.54,-1
2026-06-29,2026-06-29 12:00:00,266.75,266.75,266.38,266.38,-0.14,363.88,94895.54,-1
2026-06-29,2026-06-29 12:10:00,266.38,266.38,266.0,266.0,-0.14,363.88,94895.54,-1
2026-06-29,2026-06-29 12:20:00,266.0,266.0,265.62,265.62,-0.14,363.88,94895.54,-1
2026-06-29,2026-06-29 12:30:00,265.62,265.62,265.25,265.25,-0.14,363.88,94895.54,-1
2026-06-29,2026-06-29 12:40:00,265.25,265.25,264.88,264.88,-0.14,363.88,94895.54,-1
2026-06-29,2026-06-29 12:50:00,264.88,264.88,264.5,264.5,-0.14,363.88,94895.54,-1
2026-06-29,2026-06-29 13:00:00,264.5,269.0,258.1,264.12,-0.14,363.88,94895.54,-1
2026-06-29,2026-06-29 13:10:00,264.12,264.12,263.75,263.75,-0.14,363.88,94895.54,-1
2026-06-29,2026-06-29 13:20:00,263.75,263.75,263.38,263.38,-0.14,363.88,94895.54,-1
2026-06-29,2026-06-29 13:30:00,263.38,263.38,263.0,263.0,-0.14,363.88,94895.54,-1
2026-06-29,2026-06-29 13:40:00,263.0,263.0,262.62,262.62,-0.14,363.88,94895.54,-1
2026-06-29,2026-06-29 13:50:00,262.62,262.62,262.25,262.25,-0.14,363.88,94895.54,-1
2026-06-29,2026-06-29 14:00:00,262.25,262.25,261.88,261.88,-0.14,363.88,94895.54,-1
2026-06-29,2026-06-29 14:10:00,261.88,261.88,261.5,261.5,-0.15,363.88,94895.54,-1
2026-06-29,2026-06-29 14:20:00,261.5,261.5,261.12,261.12,-0.15,363.88,94895.54,-1
2026-06-29,2026-06-29 14:30:00,261.12,261.12,260.75,260.75,-0.14,363.88,94895.54,-1
2026-06-29,2026-06-29 14:40:00,260.75,260.75,260.38,260.38,-0.14,363.88,94895.54,-1
2026-06-29,2026-06-29 14:50:00,260.38,260.38,260.0,260.0,-0.15,363.88,94895.54,-1
2026-06-29,2026-06-29 15:00:00,260.0,269.0,258.1,260.0,0.0,363.88,94895.54,0
2026-06-30,2026-06-30 11:00:00,259.0,259.3,257.8,259.02,0.01,412.36,106280.97,1
2026-06-30,2026-06-30 11:10:00,259.02,259.05,259.02,259.05,0.01,412.36,106280.97,1
2026-06-30,2026-06-30 11:20:00,259.05,259.07,259.05,259.07,0.01,412.36,106280.97,1
2026-06-30,2026-06-30 11:30:00,259.07,259.1,259.07,259.1,0.01,412.36,106280.97,1
2026-06-30,2026-06-30 11:40:00,259.1,259.12,259.1,259.12,0.01,412.36,106280.97,1
2026-06-30,2026-06-30 11:50:00,259.12,259.15,259.12,259.15,0.01,412.36,106280.97,1
2026-06-30,2026-06-30 12:00:00,259.15,259.18,259.15,259.18,0.01,412.36,106280.97,1
2026-06-30,2026-06-30 12:10:00,259.18,259.2,259.18,259.2,0.01,412.36,106280.97,1
2026-06-30,2026-06-30 12:20:00,259.2,259.23,259.2,259.23,0.01,412.36,106280.97,1
2026-06-30,2026-06-30 12:30:00,259.23,259.25,259.23,259.25,0.01,412.36,106280.97,1
2026-06-30,2026-06-30 12:40:00,259.25,259.28,259.25,259.28,0.01,412.36,106280.97,1
2026-06-30,2026-06-30 12:50:00,259.28,259.3,259.28,259.3,0.01,412.36,106280.97,1
2026-06-30,2026-06-30 13:00:00,259.3,260.0,255.0,259.32,0.01,412.36,106280.97,1
2026-06-30,2026-06-30 13:10:00,259.32,259.35,259.32,259.35,0.01,412.36,106280.97,1
2026-06-30,2026-06-30 13:20:00,259.35,259.38,259.35,259.38,0.01,412.36,106280.97,1
2026-06-30,2026-06-30 13:30:00,259.38,259.4,259.38,259.4,0.01,412.36,106280.97,1
2026-06-30,2026-06-30 13:40:00,259.4,259.43,259.4,259.43,0.01,412.36,106280.97,1
2026-06-30,2026-06-30 13:50:00,259.43,259.45,259.43,259.45,0.01,412.36,106280.97,1
2026-06-30,2026-06-30 14:00:00,259.45,259.48,259.45,259.48,0.01,412.36,106280.97,1
2026-06-30,2026-06-30 14:10:00,259.48,259.5,259.48,259.5,0.01,412.36,106280.97,1
2026-06-30,2026-06-30 14:20:00,259.5,259.53,259.5,259.53,0.01,412.36,106280.97,1
2026-06-30,2026-06-30 14:30:00,259.53,259.55,259.53,259.55,0.01,412.36,106280.97,1
2026-06-30,2026-06-30 14:40:00,259.55,259.58,259.55,259.58,0.01,412.36,106280.97,1
2026-06-30,2026-06-30 14:50:00,259.58,259.6,259.58,259.6,0.01,412.36,106280.97,1
2026-06-30,2026-06-30 15:00:00,259.6,260.0,255.0,259.6,0.0,412.36,106280.97,0
2026-07-01,2026-07-01 11:00:00,252.0,256.74,252.0,252.65,0.26,273.08,72209.92,1
2026-07-01,2026-07-01 11:10:00,252.65,253.29,252.65,253.29,0.25,273.08,72209.92,1
2026-07-01,2026-07-01 11:20:00,253.29,253.94,253.29,253.94,0.26,273.08,72209.92,1
2026-07-01,2026-07-01 11:30:00,253.94,254.58,253.94,254.58,0.25,273.08,72209.92,1
2026-07-01,2026-07-01 11:40:00,254.58,255.23,254.58,255.23,0.26,273.08,72209.92,1
2026-07-01,2026-07-01 11:50:00,255.23,255.88,255.23,255.88,0.25,273.08,72209.92,1
2026-07-01,2026-07-01 12:00:00,255.88,256.52,255.88,256.52,0.25,273.08,72209.92,1
2026-07-01,2026-07-01 12:10:00,256.52,257.17,256.52,257.17,0.25,273.08,72209.92,1
2026-07-01,2026-07-01 12:20:00,257.17,257.81,257.17,257.81,0.25,273.08,72209.92,1
2026-07-01,2026-07-01 12:30:00,257.81,258.46,257.81,258.46,0.25,273.08,72209.92,1
2026-07-01,2026-07-01 12:40:00,258.46,259.1,258.46,259.1,0.25,273.08,72209.92,1
2026-07-01,2026-07-01 12:50:00,259.1,259.75,259.1,259.75,0.25,273.08,72209.92,1
2026-07-01,2026-07-01 13:00:00,259.75,267.8,252.0,260.4,0.25,273.08,72209.92,1
2026-07-01,2026-07-01 13:10:00,260.4,261.04,260.4,261.04,0.25,273.08,72209.92,1
2026-07-01,2026-07-01 13:20:00,261.04,261.69,261.04,261.69,0.25,273.08,72209.92,1
2026-07-01,2026-07-01 13:30:00,261.69,262.33,261.69,262.33,0.24,273.08,72209.92,1
2026-07-01,2026-07-01 13:40:00,262.33,262.98,262.33,262.98,0.25,273.08,72209.92,1
2026-07-01,2026-07-01 13:50:00,262.98,263.62,262.98,263.62,0.24,273.08,72209.92,1
2026-07-01,2026-07-01 14:00:00,263.62,264.27,263.62,264.27,0.25,273.08,72209.92,1
2026-07-01,2026-07-01 14:10:00,264.27,264.92,264.27,264.92,0.25,273.08,72209.92,1
2026-07-01,2026-07-01 14:20:00,264.92,265.56,264.92,265.56,0.24,273.08,72209.92,1
2026-07-01,2026-07-01 14:30:00,265.56,266.21,265.56,266.21,0.24,273.08,72209.92,1
2026-07-01,2026-07-01 14:40:00,266.21,266.85,266.21,266.85,0.24,273.08,72209.92,1
2026-07-01,2026-07-01 14:50:00,266.85,267.5,266.85,267.5,0.24,273.08,72209.92,1
2026-07-01,2026-07-01 15:00:00,267.5,267.8,252.0,267.5,0.0,273.08,72209.92,0
2026-07-02,2026-07-02 11:00:00,261.5,265.55,261.5,261.82,0.12,316.96,85270.06,1
2026-07-02,2026-07-02 11:10:00,261.82,262.13,261.82,262.13,0.12,316.96,85270.06,1
2026-07-02,2026-07-02 11:20:00,262.13,262.45,262.13,262.45,0.12,316.96,85270.06,1
2026-07-02,2026-07-02 11:30:00,262.45,262.77,262.45,262.77,0.12,316.96,85270.06,1
2026-07-02,2026-07-02 11:40:00,262.77,263.08,262.77,263.08,0.12,316.96,85270.06,1
2026-07-02,2026-07-02 11:50:00,263.08,263.4,263.08,263.4,0.12,316.96,85270.06,1
2026-07-02,2026-07-02 12:00:00,263.4,263.72,263.4,263.72,0.12,316.96,85270.06,1
2026-07-02,2026-07-02 12:10:00,263.72,264.03,263.72,264.03,0.12,316.96,85270.06,1
2026-07-02,2026-07-02 12:20:00,264.03,264.35,264.03,264.35,0.12,316.96,85270.06,1
2026-07-02,2026-07-02 12:30:00,264.35,264.67,264.35,264.67,0.12,316.96,85270.06,1
2026-07-02,2026-07-02 12:40:00,264.67,264.98,264.67,264.98,0.12,316.96,85270.06,1
2026-07-02,2026-07-02 12:50:00,264.98,265.3,264.98,265.3,0.12,316.96,85270.06,1
2026-07-02,2026-07-02 13:00:00,265.3,275.0,261.5,265.62,0.12,316.96,85270.06,1
2026-07-02,2026-07-02 13:10:00,265.62,265.93,265.62,265.93,0.12,316.96,85270.06,1
2026-07-02,2026-07-02 13:20:00,265.93,266.25,265.93,266.25,0.12,316.96,85270.06,1
2026-07-02,2026-07-02 13:30:00,266.25,266.57,266.25,266.57,0.12,316.96,85270.06,1
2026-07-02,2026-07-02 13:40:00,266.57,266.88,266.57,266.88,0.12,316.96,85270.06,1
2026-07-02,2026-07-02 13:50:00,266.88,267.2,266.88,267.2,0.12,316.96,85270.06,1
2026-07-02,2026-07-02 14:00:00,267.2,267.52,267.2,267.52,0.12,316.96,85270.06,1
2026-07-02,2026-07-02 14:10:00,267.52,267.83,267.52,267.83,0.12,316.96,85270.06,1
2026-07-02,2026-07-02 14:20:00,267.83,268.15,267.83,268.15,0.12,316.96,85270.06,1
2026-07-02,2026-07-02 14:30:00,268.15,268.47,268.15,268.47,0.12,316.96,85270.06,1
2026-07-02,2026-07-02 14:40:00,268.47,268.78,268.47,268.78,0.12,316.96,85270.06,1
2026-07-02,2026-07-02 14:50:00,268.78,269.1,268.78,269.1,0.12,316.96,85270.06,1
2026-07-02,2026-07-02 15:00:00,269.1,275.0,261.5,269.1,0.0,316.96,85270.06,0
2026-07-03,2026-07-03 11:00:00,269.0,269.45,267.8,268.92,-0.03,223.96,60187.01,-1
2026-07-03,2026-07-03 11:10:00,268.92,268.92,268.84,268.84,-0.03,223.96,60187.01,-1
2026-07-03,2026-07-03 11:20:00,268.84,268.84,268.76,268.76,-0.03,223.96,60187.01,-1
2026-07-03,2026-07-03 11:30:00,268.76,268.76,268.68,268.68,-0.03,223.96,60187.01,-1
2026-07-03,2026-07-03 11:40:00,268.68,268.68,268.6,268.6,-0.03,223.96,60187.01,-1
2026-07-03,2026-07-03 11:50:00,268.6,268.6,268.52,268.52,-0.03,223.96,60187.01,-1
2026-07-03,2026-07-03 12:00:00,268.52,268.52,268.45,268.45,-0.03,223.96,60187.01,-1
2026-07-03,2026-07-03 12:10:00,268.45,268.45,268.37,268.37,-0.03,223.96,60187.01,-1
2026-07-03,2026-07-03 12:20:00,268.37,268.37,268.29,268.29,-0.03,223.96,60187.01,-1
2026-07-03,2026-07-03 12:30:00,268.29,268.29,268.21,268.21,-0.03,223.96,60187.01,-1
2026-07-03,2026-07-03 12:40:00,268.21,268.21,268.13,268.13,-0.03,223.96,60187.01,-1
2026-07-03,2026-07-03 12:50:00,268.13,268.13,268.05,268.05,-0.03,223.96,60187.01,-1
2026-07-03,2026-07-03 13:00:00,268.05,270.5,265.0,267.97,-0.03,223.96,60187.01,-1
2026-07-03,2026-07-03 13:10:00,267.97,267.97,267.89,267.89,-0.03,223.96,60187.01,-1
2026-07-03,2026-07-03 13:20:00,267.89,267.89,267.81,267.81,-0.03,223.96,60187.01,-1
2026-07-03,2026-07-03 13:30:00,267.81,267.81,267.73,267.73,-0.03,223.96,60187.01,-1
2026-07-03,2026-07-03 13:40:00,267.73,267.73,267.65,267.65,-0.03,223.96,60187.01,-1
2026-07-03,2026-07-03 13:50:00,267.65,267.65,267.58,267.58,-0.03,223.96,60187.01,-1
2026-07-03,2026-07-03 14:00:00,267.58,267.58,267.5,267.5,-0.03,223.96,60187.01,-1
2026-07-03,2026-07-03 14:10:00,267.5,267.5,267.42,267.42,-0.03,223.96,60187.01,-1
2026-07-03,2026-07-03 14:20:00,267.42,267.42,267.34,267.34,-0.03,223.96,60187.01,-1
2026-07-03,2026-07-03 14:30:00,267.34,267.34,267.26,267.26,-0.03,223.96,60187.01,-1
2026-07-03,2026-07-03 14:40:00,267.26,267.26,267.18,267.18,-0.03,223.96,60187.01,-1
2026-07-03,2026-07-03 14:50:00,267.18,267.18,267.1,267.1,-0.03,223.96,60187.01,-1
2026-07-03,2026-07-03 15:00:00,267.1,270.5,265.0,267.1,0.0,223.96,60187.01,0
2026-07-06,2026-07-06 11:00:00,265.0,265.0,263.98,264.91,-0.03,298.92,78543.64,-1
2026-07-06,2026-07-06 11:10:00,264.91,264.91,264.82,264.82,-0.03,298.92,78543.64,-1
2026-07-06,2026-07-06 11:20:00,264.82,264.82,264.74,264.74,-0.03,298.92,78543.64,-1
2026-07-06,2026-07-06 11:30:00,264.74,264.74,264.65,264.65,-0.03,298.92,78543.64,-1
2026-07-06,2026-07-06 11:40:00,264.65,264.65,264.56,264.56,-0.03,298.92,78543.64,-1
2026-07-06,2026-07-06 11:50:00,264.56,264.56,264.48,264.48,-0.03,298.92,78543.64,-1
2026-07-06,2026-07-06 12:00:00,264.48,264.48,264.39,264.39,-0.03,298.92,78543.64,-1
2026-07-06,2026-07-06 12:10:00,264.39,264.39,264.3,264.3,-0.03,298.92,78543.64,-1
2026-07-06,2026-07-06 12:20:00,264.3,264.3,264.21,264.21,-0.03,298.92,78543.64,-1
2026-07-06,2026-07-06 12:30:00,264.21,264.21,264.12,264.12,-0.03,298.92,78543.64,-1
2026-07-06,2026-07-06 12:40:00,264.12,264.12,264.04,264.04,-0.03,298.92,78543.64,-1
2026-07-06,2026-07-06 12:50:00,264.04,264.04,263.95,263.95,-0.03,298.92,78543.64,-1
2026-07-06,2026-07-06 13:00:00,263.95,265.0,261.6,263.86,-0.03,298.92,78543.64,-1
2026-07-06,2026-07-06 13:10:00,263.86,263.86,263.77,263.77,-0.03,298.92,78543.64,-1
2026-07-06,2026-07-06 13:20:00,263.77,263.77,263.69,263.69,-0.03,298.92,78543.64,-1
2026-07-06,2026-07-06 13:30:00,263.69,263.69,263.6,263.6,-0.03,298.92,78543.64,-1
2026-07-06,2026-07-06 13:40:00,263.6,263.6,263.51,263.51,-0.03,298.92,78543.64,-1
2026-07-06,2026-07-06 13:50:00,263.51,263.51,263.42,263.42,-0.03,298.92,78543.64,-1
2026-07-06,2026-07-06 14:00:00,263.42,263.42,263.34,263.34,-0.03,298.92,78543.64,-1
2026-07-06,2026-07-06 14:10:00,263.34,263.34,263.25,263.25,-0.03,298.92,78543.64,-1
2026-07-06,2026-07-06 14:20:00,263.25,263.25,263.16,263.16,-0.03,298.92,78543.64,-1
2026-07-06,2026-07-06 14:30:00,263.16,263.16,263.07,263.07,-0.03,298.92,78543.64,-1
2026-07-06,2026-07-06 14:40:00,263.07,263.07,262.99,262.99,-0.03,298.92,78543.64,-1
2026-07-06,2026-07-06 14:50:00,262.99,262.99,262.9,262.9,-0.03,298.92,78543.64,-1
2026-07-06,2026-07-06 15:00:00,262.9,265.0,261.6,262.9,0.0,298.92,78543.64,0
2026-07-07,2026-07-07 11:00:00,261.0,263.07,261.0,261.17,0.07,294.24,77075.22,1
2026-07-07,2026-07-07 11:10:00,261.17,261.33,261.17,261.33,0.06,294.24,77075.22,1
2026-07-07,2026-07-07 11:20:00,261.33,261.5,261.33,261.5,0.07,294.24,77075.22,1
2026-07-07,2026-07-07 11:30:00,261.5,261.67,261.5,261.67,0.07,294.24,77075.22,1
2026-07-07,2026-07-07 11:40:00,261.67,261.83,261.67,261.83,0.06,294.24,77075.22,1
2026-07-07,2026-07-07 11:50:00,261.83,262.0,261.83,262.0,0.06,294.24,77075.22,1
2026-07-07,2026-07-07 12:00:00,262.0,262.17,262.0,262.17,0.06,294.24,77075.22,1
2026-07-07,2026-07-07 12:10:00,262.17,262.33,262.17,262.33,0.06,294.24,77075.22,1
2026-07-07,2026-07-07 12:20:00,262.33,262.5,262.33,262.5,0.06,294.24,77075.22,1
2026-07-07,2026-07-07 12:30:00,262.5,262.67,262.5,262.67,0.06,294.24,77075.22,1
2026-07-07,2026-07-07 12:40:00,262.67,262.83,262.67,262.83,0.06,294.24,77075.22,1
2026-07-07,2026-07-07 12:50:00,262.83,263.0,262.83,263.0,0.06,294.24,77075.22,1
2026-07-07,2026-07-07 13:00:00,263.0,267.9,261.0,263.17,0.06,294.24,77075.22,1
2026-07-07,2026-07-07 13:10:00,263.17,263.33,263.17,263.33,0.06,294.24,77075.22,1
2026-07-07,2026-07-07 13:20:00,263.33,263.5,263.33,263.5,0.06,294.24,77075.22,1
2026-07-07,2026-07-07 13:30:00,263.5,263.67,263.5,263.67,0.06,294.24,77075.22,1
2026-07-07,2026-07-07 13:40:00,263.67,263.83,263.67,263.83,0.06,294.24,77075.22,1
2026-07-07,2026-07-07 13:50:00,263.83,264.0,263.83,264.0,0.06,294.24,77075.22,1
2026-07-07,2026-07-07 14:00:00,264.0,264.17,264.0,264.17,0.06,294.24,77075.22,1
2026-07-07,2026-07-07 14:10:00,264.17,264.33,264.17,264.33,0.06,294.24,77075.22,1
2026-07-07,2026-07-07 14:20:00,264.33,264.5,264.33,264.5,0.06,294.24,77075.22,1
2026-07-07,2026-07-07 14:30:00,264.5,264.67,264.5,264.67,0.06,294.24,77075.22,1
2026-07-07,2026-07-07 14:40:00,264.67,264.83,264.67,264.83,0.06,294.24,77075.22,1
2026-07-07,2026-07-07 14:50:00,264.83,265.0,264.83,265.0,0.06,294.24,77075.22,1
2026-07-07,2026-07-07 15:00:00,265.0,267.9,261.0,265.0,0.0,294.24,77075.22,0
2026-07-08,2026-07-08 11:00:00,260.0,261.47,259.85,259.98,-0.01,215.36,56045.94,-1
2026-07-08,2026-07-08 11:10:00,259.98,259.98,259.97,259.97,-0.0,215.36,56045.94,-1
2026-07-08,2026-07-08 11:20:00,259.97,259.97,259.95,259.95,-0.01,215.36,56045.94,-1
2026-07-08,2026-07-08 11:30:00,259.95,259.95,259.93,259.93,-0.01,215.36,56045.94,-1
2026-07-08,2026-07-08 11:40:00,259.93,259.93,259.92,259.92,-0.0,215.36,56045.94,-1
2026-07-08,2026-07-08 11:50:00,259.92,259.92,259.9,259.9,-0.01,215.36,56045.94,-1
2026-07-08,2026-07-08 12:00:00,259.9,259.9,259.88,259.88,-0.01,215.36,56045.94,-1
2026-07-08,2026-07-08 12:10:00,259.88,259.88,259.87,259.87,-0.0,215.36,56045.94,-1
2026-07-08,2026-07-08 12:20:00,259.87,259.87,259.85,259.85,-0.01,215.36,56045.94,-1
2026-07-08,2026-07-08 12:30:00,259.85,259.85,259.83,259.83,-0.01,215.36,56045.94,-1
2026-07-08,2026-07-08 12:40:00,259.83,259.83,259.82,259.82,-0.0,215.36,56045.94,-1
2026-07-08,2026-07-08 12:50:00,259.82,259.82,259.8,259.8,-0.01,215.36,56045.94,-1
2026-07-08,2026-07-08 13:00:00,259.8,264.9,259.5,259.78,-0.01,215.36,56045.94,-1
2026-07-08,2026-07-08 13:10:00,259.78,259.78,259.77,259.77,-0.0,215.36,56045.94,-1
2026-07-08,2026-07-08 13:20:00,259.77,259.77,259.75,259.75,-0.01,215.36,56045.94,-1
2026-07-08,2026-07-08 13:30:00,259.75,259.75,259.73,259.73,-0.01,215.36,56045.94,-1
2026-07-08,2026-07-08 13:40:00,259.73,259.73,259.72,259.72,-0.0,215.36,56045.94,-1
2026-07-08,2026-07-08 13:50:00,259.72,259.72,259.7,259.7,-0.01,215.36,56045.94,-1
2026-07-08,2026-07-08 14:00:00,259.7,259.7,259.68,259.68,-0.01,215.36,56045.94,-1
2026-07-08,2026-07-08 14:10:00,259.68,259.68,259.67,259.67,-0.0,215.36,56045.94,-1
2026-07-08,2026-07-08 14:20:00,259.67,259.67,259.65,259.65,-0.01,215.36,56045.94,-1
2026-07-08,2026-07-08 14:30:00,259.65,259.65,259.63,259.63,-0.01,215.36,56045.94,-1
2026-07-08,2026-07-08 14:40:00,259.63,259.63,259.62,259.62,-0.0,215.36,56045.94,-1
2026-07-08,2026-07-08 14:50:00,259.62,259.62,259.6,259.6,-0.01,215.36,56045.94,-1
2026-07-08,2026-07-08 15:00:00,259.6,264.9,259.5,259.6,0.0,215.36,56045.94,0
2026-07-09,2026-07-09 11:00:00,259.0,259.3,256.9,258.79,-0.08,369.56,94170.31,-1
2026-07-09,2026-07-09 11:10:00,258.79,258.79,258.58,258.58,-0.08,369.56,94170.31,-1
2026-07-09,2026-07-09 11:20:00,258.58,258.58,258.38,258.38,-0.08,369.56,94170.31,-1
2026-07-09,2026-07-09 11:30:00,258.38,258.38,258.17,258.17,-0.08,369.56,94170.31,-1
2026-07-09,2026-07-09 11:40:00,258.17,258.17,257.96,257.96,-0.08,369.56,94170.31,-1
2026-07-09,2026-07-09 11:50:00,257.96,257.96,257.75,257.75,-0.08,369.56,94170.31,-1
2026-07-09,2026-07-09 12:00:00,257.75,257.75,257.54,257.54,-0.08,369.56,94170.31,-1
2026-07-09,2026-07-09 12:10:00,257.54,257.54,257.33,257.33,-0.08,369.56,94170.31,-1
2026-07-09,2026-07-09 12:20:00,257.33,257.33,257.12,257.12,-0.08,369.56,94170.31,-1
2026-07-09,2026-07-09 12:30:00,257.12,257.12,256.92,256.92,-0.08,369.56,94170.31,-1
2026-07-09,2026-07-09 12:40:00,256.92,256.92,256.71,256.71,-0.08,369.56,94170.31,-1
2026-07-09,2026-07-09 12:50:00,256.71,256.71,256.5,256.5,-0.08,369.56,94170.31,-1
2026-07-09,2026-07-09 13:00:00,256.5,260.0,252.0,256.29,-0.08,369.56,94170.31,-1
2026-07-09,2026-07-09 13:10:00,256.29,256.29,256.08,256.08,-0.08,369.56,94170.31,-1
2026-07-09,2026-07-09 13:20:00,256.08,256.08,255.88,255.88,-0.08,369.56,94170.31,-1
2026-07-09,2026-07-09 13:30:00,255.88,255.88,255.67,255.67,-0.08,369.56,94170.31,-1
2026-07-09,2026-07-09 13:40:00,255.67,255.67,255.46,255.46,-0.08,369.56,94170.31,-1
2026-07-09,2026-07-09 13:50:00,255.46,255.46,255.25,255.25,-0.08,369.56,94170.31,-1
2026-07-09,2026-07-09 14:00:00,255.25,255.25,255.04,255.04,-0.08,369.56,94170.31,-1
2026-07-09,2026-07-09 14:10:00,255.04,255.04,254.83,254.83,-0.08,369.56,94170.31,-1
2026-07-09,2026-07-09 14:20:00,254.83,254.83,254.62,254.62,-0.08,369.56,94170.31,-1
2026-07-09,2026-07-09 14:30:00,254.62,254.62,254.42,254.42,-0.08,369.56,94170.31,-1
2026-07-09,2026-07-09 14:40:00,254.42,254.42,254.21,254.21,-0.08,369.56,94170.31,-1
2026-07-09,2026-07-09 14:50:00,254.21,254.21,254.0,254.0,-0.08,369.56,94170.31,-1
2026-07-09,2026-07-09 15:00:00,254.0,260.0,252.0,254.0,0.0,369.56,94170.31,0
2026-07-10,2026-07-10 11:00:00,261.0,261.0,258.72,260.79,-0.08,244.24,62744.18,-1
2026-07-10,2026-07-10 11:10:00,260.79,260.79,260.58,260.58,-0.08,244.24,62744.18,-1
2026-07-10,2026-07-10 11:20:00,260.58,260.58,260.38,260.38,-0.08,244.24,62744.18,-1
2026-07-10,2026-07-10 11:30:00,260.38,260.38,260.17,260.17,-0.08,244.24,62744.18,-1
2026-07-10,2026-07-10 11:40:00,260.17,260.17,259.96,259.96,-0.08,244.24,62744.18,-1
2026-07-10,2026-07-10 11:50:00,259.96,259.96,259.75,259.75,-0.08,244.24,62744.18,-1
2026-07-10,2026-07-10 12:00:00,259.75,259.75,259.54,259.54,-0.08,244.24,62744.18,-1
2026-07-10,2026-07-10 12:10:00,259.54,259.54,259.33,259.33,-0.08,244.24,62744.18,-1
2026-07-10,2026-07-10 12:20:00,259.33,259.33,259.12,259.12,-0.08,244.24,62744.18,-1
2026-07-10,2026-07-10 12:30:00,259.12,259.12,258.92,258.92,-0.08,244.24,62744.18,-1
2026-07-10,2026-07-10 12:40:00,258.92,258.92,258.71,258.71,-0.08,244.24,62744.18,-1
2026-07-10,2026-07-10 12:50:00,258.71,258.71,258.5,258.5,-0.08,244.24,62744.18,-1
2026-07-10,2026-07-10 13:00:00,258.5,261.0,253.4,258.29,-0.08,244.24,62744.18,-1
2026-07-10,2026-07-10 13:10:00,258.29,258.29,258.08,258.08,-0.08,244.24,62744.18,-1
2026-07-10,2026-07-10 13:20:00,258.08,258.08,257.88,257.88,-0.08,244.24,62744.18,-1
2026-07-10,2026-07-10 13:30:00,257.88,257.88,257.67,257.67,-0.08,244.24,62744.18,-1
2026-07-10,2026-07-10 13:40:00,257.67,257.67,257.46,257.46,-0.08,244.24,62744.18,-1
2026-07-10,2026-07-10 13:50:00,257.46,257.46,257.25,257.25,-0.08,244.24,62744.18,-1
2026-07-10,2026-07-10 14:00:00,257.25,257.25,257.04,257.04,-0.08,244.24,62744.18,-1
2026-07-10,2026-07-10 14:10:00,257.04,257.04,256.83,256.83,-0.08,244.24,62744.18,-1
2026-07-10,2026-07-10 14:20:00,256.83,256.83,256.62,256.62,-0.08,244.24,62744.18,-1
2026-07-10,2026-07-10 14:30:00,256.62,256.62,256.42,256.42,-0.08,244.24,62744.18,-1
2026-07-10,2026-07-10 14:40:00,256.42,256.42,256.21,256.21,-0.08,244.24,62744.18,-1
2026-07-10,2026-07-10 14:50:00,256.21,256.21,256.0,256.0,-0.08,244.24,62744.18,-1
2026-07-10,2026-07-10 15:00:00,256.0,261.0,253.4,256.0,0.0,244.24,62744.18,0
2026-07-13,2026-07-13 11:00:00,258.0,258.6,255.6,257.67,-0.13,370.8,93935.31,-1
2026-07-13,2026-07-13 11:10:00,257.67,257.67,257.34,257.34,-0.13,370.8,93935.31,-1
2026-07-13,2026-07-13 11:20:00,257.34,257.34,257.01,257.01,-0.13,370.8,93935.31,-1
2026-07-13,2026-07-13 11:30:00,257.01,257.01,256.68,256.68,-0.13,370.8,93935.31,-1
2026-07-13,2026-07-13 11:40:00,256.68,256.68,256.35,256.35,-0.13,370.8,93935.31,-1
2026-07-13,2026-07-13 11:50:00,256.35,256.35,256.02,256.02,-0.13,370.8,93935.31,-1
2026-07-13,2026-07-13 12:00:00,256.02,256.02,255.7,255.7,-0.12,370.8,93935.31,-1
2026-07-13,2026-07-13 12:10:00,255.7,255.7,255.37,255.37,-0.13,370.8,93935.31,-1
2026-07-13,2026-07-13 12:20:00,255.37,255.37,255.04,255.04,-0.13,370.8,93935.31,-1
2026-07-13,2026-07-13 12:30:00,255.04,255.04,254.71,254.71,-0.13,370.8,93935.31,-1
2026-07-13,2026-07-13 12:40:00,254.71,254.71,254.38,254.38,-0.13,370.8,93935.31,-1
2026-07-13,2026-07-13 12:50:00,254.38,254.38,254.05,254.05,-0.13,370.8,93935.31,-1
2026-07-13,2026-07-13 13:00:00,254.05,260.0,250.0,253.72,-0.13,370.8,93935.31,-1
2026-07-13,2026-07-13 13:10:00,253.72,253.72,253.39,253.39,-0.13,370.8,93935.31,-1
2026-07-13,2026-07-13 13:20:00,253.39,253.39,253.06,253.06,-0.13,370.8,93935.31,-1
2026-07-13,2026-07-13 13:30:00,253.06,253.06,252.73,252.73,-0.13,370.8,93935.31,-1
2026-07-13,2026-07-13 13:40:00,252.73,252.73,252.4,252.4,-0.13,370.8,93935.31,-1
2026-07-13,2026-07-13 13:50:00,252.4,252.4,252.07,252.07,-0.13,370.8,93935.31,-1
2026-07-13,2026-07-13 14:00:00,252.07,252.07,251.75,251.75,-0.13,370.8,93935.31,-1
2026-07-13,2026-07-13 14:10:00,251.75,251.75,251.42,251.42,-0.13,370.8,93935.31,-1
2026-07-13,2026-07-13 14:20:00,251.42,251.42,251.09,251.09,-0.13,370.8,93935.31,-1
2026-07-13,2026-07-13 14:30:00,251.09,251.09,250.76,250.76,-0.13,370.8,93935.31,-1
2026-07-13,2026-07-13 14:40:00,250.76,250.76,250.43,250.43,-0.13,370.8,93935.31,-1
2026-07-13,2026-07-13 14:50:00,250.43,250.43,250.1,250.1,-0.13,370.8,93935.31,-1
2026-07-13,2026-07-13 15:00:00,250.1,260.0,250.0,250.1,0.0,370.8,93935.31,0
2026-07-14,2026-07-14 11:00:00,250.0,251.47,248.8,250.1,0.04,688.28,171458.06,1
2026-07-14,2026-07-14 11:10:00,250.1,250.2,250.1,250.2,0.04,688.28,171458.06,1
2026-07-14,2026-07-14 11:20:00,250.2,250.3,250.2,250.3,0.04,688.28,171458.06,1
2026-07-14,2026-07-14 11:30:00,250.3,250.4,250.3,250.4,0.04,688.28,171458.06,1
2026-07-14,2026-07-14 11:40:00,250.4,250.5,250.4,250.5,0.04,688.28,171458.06,1
2026-07-14,2026-07-14 11:50:00,250.5,250.6,250.5,250.6,0.04,688.28,171458.06,1
2026-07-14,2026-07-14 12:00:00,250.6,250.7,250.6,250.7,0.04,688.28,171458.06,1
2026-07-14,2026-07-14 12:10:00,250.7,250.8,250.7,250.8,0.04,688.28,171458.06,1
2026-07-14,2026-07-14 12:20:00,250.8,250.9,250.8,250.9,0.04,688.28,171458.06,1
2026-07-14,2026-07-14 12:30:00,250.9,251.0,250.9,251.0,0.04,688.28,171458.06,1
2026-07-14,2026-07-14 12:40:00,251.0,251.1,251.0,251.1,0.04,688.28,171458.06,1
2026-07-14,2026-07-14 12:50:00,251.1,251.2,251.1,251.2,0.04,688.28,171458.06,1
2026-07-14,2026-07-14 13:00:00,251.2,254.9,246.0,251.3,0.04,688.28,171458.06,1
2026-07-14,2026-07-14 13:10:00,251.3,251.4,251.3,251.4,0.04,688.28,171458.06,1
2026-07-14,2026-07-14 13:20:00,251.4,251.5,251.4,251.5,0.04,688.28,171458.06,1
2026-07-14,2026-07-14 13:30:00,251.5,251.6,251.5,251.6,0.04,688.28,171458.06,1
2026-07-14,2026-07-14 13:40:00,251.6,251.7,251.6,251.7,0.04,688.28,171458.06,1
2026-07-14,2026-07-14 13:50:00,251.7,251.8,251.7,251.8,0.04,688.28,171458.06,1
2026-07-14,2026-07-14 14:00:00,251.8,251.9,251.8,251.9,0.04,688.28,171458.06,1
2026-07-14,2026-07-14 14:10:00,251.9,252.0,251.9,252.0,0.04,688.28,171458.06,1
2026-07-14,2026-07-14 14:20:00,252.0,252.1,252.0,252.1,0.04,688.28,171458.06,1
2026-07-14,2026-07-14 14:30:00,252.1,252.2,252.1,252.2,0.04,688.28,171458.06,1
2026-07-14,2026-07-14 14:40:00,252.2,252.3,252.2,252.3,0.04,688.28,171458.06,1
2026-07-14,2026-07-14 14:50:00,252.3,252.4,252.3,252.4,0.04,688.28,171458.06,1
2026-07-14,2026-07-14 15:00:00,252.4,254.9,246.0,252.4,0.0,688.28,171458.06,0
2026-07-15,2026-07-15 11:00:00,250.1,252.35,250.1,250.18,0.03,240.6,60818.11,1
2026-07-15,2026-07-15 11:10:00,250.18,250.26,250.18,250.26,0.03,240.6,60818.11,1
2026-07-15,2026-07-15 11:20:00,250.26,250.34,250.26,250.34,0.03,240.6,60818.11,1
2026-07-15,2026-07-15 11:30:00,250.34,250.42,250.34,250.42,0.03,240.6,60818.11,1
2026-07-15,2026-07-15 11:40:00,250.42,250.5,250.42,250.5,0.03,240.6,60818.11,1
2026-07-15,2026-07-15 11:50:00,250.5,250.57,250.5,250.57,0.03,240.6,60818.11,1
2026-07-15,2026-07-15 12:00:00,250.57,250.65,250.57,250.65,0.03,240.6,60818.11,1
2026-07-15,2026-07-15 12:10:00,250.65,250.73,250.65,250.73,0.03,240.6,60818.11,1
2026-07-15,2026-07-15 12:20:00,250.73,250.81,250.73,250.81,0.03,240.6,60818.11,1
2026-07-15,2026-07-15 12:30:00,250.81,250.89,250.81,250.89,0.03,240.6,60818.11,1
2026-07-15,2026-07-15 12:40:00,250.89,250.97,250.89,250.97,0.03,240.6,60818.11,1
2026-07-15,2026-07-15 12:50:00,250.97,251.05,250.97,251.05,0.03,240.6,60818.11,1
2026-07-15,2026-07-15 13:00:00,251.05,257.6,250.1,251.13,0.03,240.6,60818.11,1
2026-07-15,2026-07-15 13:10:00,251.13,251.21,251.13,251.21,0.03,240.6,60818.11,1
2026-07-15,2026-07-15 13:20:00,251.21,251.29,251.21,251.29,0.03,240.6,60818.11,1
2026-07-15,2026-07-15 13:30:00,251.29,251.37,251.29,251.37,0.03,240.6,60818.11,1
2026-07-15,2026-07-15 13:40:00,251.37,251.45,251.37,251.45,0.03,240.6,60818.11,1
2026-07-15,2026-07-15 13:50:00,251.45,251.53,251.45,251.53,0.03,240.6,60818.11,1
2026-07-15,2026-07-15 14:00:00,251.53,251.6,251.53,251.6,0.03,240.6,60818.11,1
2026-07-15,2026-07-15 14:10:00,251.6,251.68,251.6,251.68,0.03,240.6,60818.11,1
2026-07-15,2026-07-15 14:20:00,251.68,251.76,251.68,251.76,0.03,240.6,60818.11,1
2026-07-15,2026-07-15 14:30:00,251.76,251.84,251.76,251.84,0.03,240.6,60818.11,1
2026-07-15,2026-07-15 14:40:00,251.84,251.92,251.84,251.92,0.03,240.6,60818.11,1
2026-07-15,2026-07-15 14:50:00,251.92,252.0,251.92,252.0,0.03,240.6,60818.11,1
2026-07-15,2026-07-15 15:00:00,252.0,257.6,250.1,252.0,0.0,240.6,60818.11,0
2026-07-16,2026-07-16 11:00:00,252.0,254.22,252.0,252.16,0.06,564.88,145151.32,1
2026-07-16,2026-07-16 11:10:00,252.16,252.32,252.16,252.32,0.06,564.88,145151.32,1
2026-07-16,2026-07-16 11:20:00,252.32,252.49,252.32,252.49,0.07,564.88,145151.32,1
2026-07-16,2026-07-16 11:30:00,252.49,252.65,252.49,252.65,0.06,564.88,145151.32,1
2026-07-16,2026-07-16 11:40:00,252.65,252.81,252.65,252.81,0.06,564.88,145151.32,1
2026-07-16,2026-07-16 11:50:00,252.81,252.97,252.81,252.97,0.06,564.88,145151.32,1
2026-07-16,2026-07-16 12:00:00,252.97,253.14,252.97,253.14,0.07,564.88,145151.32,1
2026-07-16,2026-07-16 12:10:00,253.14,253.3,253.14,253.3,0.06,564.88,145151.32,1
2026-07-16,2026-07-16 12:20:00,253.3,253.46,253.3,253.46,0.06,564.88,145151.32,1
2026-07-16,2026-07-16 12:30:00,253.46,253.62,253.46,253.62,0.06,564.88,145151.32,1
2026-07-16,2026-07-16 12:40:00,253.62,253.79,253.62,253.79,0.07,564.88,145151.32,1
2026-07-16,2026-07-16 12:50:00,253.79,253.95,253.79,253.95,0.06,564.88,145151.32,1
2026-07-16,2026-07-16 13:00:00,253.95,259.4,252.0,254.11,0.06,564.88,145151.32,1
2026-07-16,2026-07-16 13:10:00,254.11,254.28,254.11,254.28,0.07,564.88,145151.32,1
2026-07-16,2026-07-16 13:20:00,254.28,254.44,254.28,254.44,0.06,564.88,145151.32,1
2026-07-16,2026-07-16 13:30:00,254.44,254.6,254.44,254.6,0.06,564.88,145151.32,1
2026-07-16,2026-07-16 13:40:00,254.6,254.76,254.6,254.76,0.06,564.88,145151.32,1
2026-07-16,2026-07-16 13:50:00,254.76,254.93,254.76,254.93,0.07,564.88,145151.32,1
2026-07-16,2026-07-16 14:00:00,254.93,255.09,254.93,255.09,0.06,564.88,145151.32,1
2026-07-16,2026-07-16 14:10:00,255.09,255.25,255.09,255.25,0.06,564.88,145151.32,1
2026-07-16,2026-07-16 14:20:00,255.25,255.41,255.25,255.41,0.06,564.88,145151.32,1
2026-07-16,2026-07-16 14:30:00,255.41,255.58,255.41,255.58,0.07,564.88,145151.32,1
2026-07-16,2026-07-16 14:40:00,255.58,255.74,255.58,255.74,0.06,564.88,145151.32,1
2026-07-16,2026-07-16 14:50:00,255.74,255.9,255.74,255.9,0.06,564.88,145151.32,1
2026-07-16,2026-07-16 15:00:00,255.9,259.4,252.0,255.9,0.0,564.88,145151.32,0
2026-07-17,2026-07-17 11:00:00,260.0,263.3,258.8,260.41,0.16,727.32,191732.15,1
2026-07-17,2026-07-17 11:10:00,260.41,260.82,260.41,260.82,0.16,727.32,191732.15,1
2026-07-17,2026-07-17 11:20:00,260.82,261.23,260.82,261.23,0.16,727.32,191732.15,1
2026-07-17,2026-07-17 11:30:00,261.23,261.63,261.23,261.63,0.15,727.32,191732.15,1
2026-07-17,2026-07-17 11:40:00,261.63,262.04,261.63,262.04,0.16,727.32,191732.15,1
2026-07-17,2026-07-17 11:50:00,262.04,262.45,262.04,262.45,0.16,727.32,191732.15,1
2026-07-17,2026-07-17 12:00:00,262.45,262.86,262.45,262.86,0.16,727.32,191732.15,1
2026-07-17,2026-07-17 12:10:00,262.86,263.27,262.86,263.27,0.16,727.32,191732.15,1
2026-07-17,2026-07-17 12:20:00,263.27,263.68,263.27,263.68,0.16,727.32,191732.15,1
2026-07-17,2026-07-17 12:30:00,263.68,264.08,263.68,264.08,0.15,727.32,191732.15,1
2026-07-17,2026-07-17 12:40:00,264.08,264.49,264.08,264.49,0.16,727.32,191732.15,1
2026-07-17,2026-07-17 12:50:00,264.49,264.9,264.49,264.9,0.16,727.32,191732.15,1
2026-07-17,2026-07-17 13:00:00,264.9,271.0,256.0,265.31,0.15,727.32,191732.15,1
2026-07-17,2026-07-17 13:10:00,265.31,265.72,265.31,265.72,0.15,727.32,191732.15,1
2026-07-17,2026-07-17 13:20:00,265.72,266.12,265.72,266.12,0.15,727.32,191732.15,1
2026-07-17,2026-07-17 13:30:00,266.12,266.53,266.12,266.53,0.15,727.32,191732.15,1
2026-07-17,2026-07-17 13:40:00,266.53,266.94,266.53,266.94,0.15,727.32,191732.15,1
2026-07-17,2026-07-17 13:50:00,266.94,267.35,266.94,267.35,0.15,727.32,191732.15,1
2026-07-17,2026-07-17 14:00:00,267.35,267.76,267.35,267.76,0.15,727.32,191732.15,1
2026-07-17,2026-07-17 14:10:00,267.76,268.17,267.76,268.17,0.15,727.32,191732.15,1
2026-07-17,2026-07-17 14:20:00,268.17,268.57,268.17,268.57,0.15,727.32,191732.15,1
2026-07-17,2026-07-17 14:30:00,268.57,268.98,268.57,268.98,0.15,727.32,191732.15,1
2026-07-17,2026-07-17 14:40:00,268.98,269.39,268.98,269.39,0.15,727.32,191732.15,1
2026-07-17,2026-07-17 14:50:00,269.39,269.8,269.39,269.8,0.15,727.32,191732.15,1
2026-07-17,2026-07-17 15:00:00,269.8,271.0,256.0,269.8,0.0,727.32,191732.15,0
2026-07-20,2026-07-20 11:00:00,269.8,271.66,269.8,269.98,0.07,385.6,105382.99,1
2026-07-20,2026-07-20 11:10:00,269.98,270.15,269.98,270.15,0.06,385.6,105382.99,1
2026-07-20,2026-07-20 11:20:00,270.15,270.32,270.15,270.32,0.06,385.6,105382.99,1
2026-07-20,2026-07-20 11:30:00,270.32,270.5,270.32,270.5,0.07,385.6,105382.99,1
2026-07-20,2026-07-20 11:40:00,270.5,270.68,270.5,270.68,0.07,385.6,105382.99,1
2026-07-20,2026-07-20 11:50:00,270.68,270.85,270.68,270.85,0.06,385.6,105382.99,1
2026-07-20,2026-07-20 12:00:00,270.85,271.03,270.85,271.03,0.07,385.6,105382.99,1
2026-07-20,2026-07-20 12:10:00,271.03,271.2,271.03,271.2,0.06,385.6,105382.99,1
2026-07-20,2026-07-20 12:20:00,271.2,271.38,271.2,271.38,0.07,385.6,105382.99,1
2026-07-20,2026-07-20 12:30:00,271.38,271.55,271.38,271.55,0.06,385.6,105382.99,1
2026-07-20,2026-07-20 12:40:00,271.55,271.73,271.55,271.73,0.07,385.6,105382.99,1
2026-07-20,2026-07-20 12:50:00,271.73,271.9,271.73,271.9,0.06,385.6,105382.99,1
2026-07-20,2026-07-20 13:00:00,271.9,276.0,269.8,272.07,0.06,385.6,105382.99,1
2026-07-20,2026-07-20 13:10:00,272.07,272.25,272.07,272.25,0.07,385.6,105382.99,1
2026-07-20,2026-07-20 13:20:00,272.25,272.43,272.25,272.43,0.07,385.6,105382.99,1
2026-07-20,2026-07-20 13:30:00,272.43,272.6,272.43,272.6,0.06,385.6,105382.99,1
2026-07-20,2026-07-20 13:40:00,272.6,272.77,272.6,272.77,0.06,385.6,105382.99,1
2026-07-20,2026-07-20 13:50:00,272.77,272.95,272.77,272.95,0.07,385.6,105382.99,1
2026-07-20,2026-07-20 14:00:00,272.95,273.12,272.95,273.12,0.06,385.6,105382.99,1
2026-07-20,2026-07-20 14:10:00,273.12,273.3,273.12,273.3,0.07,385.6,105382.99,1
2026-07-20,2026-07-20 14:20:00,273.3,273.48,273.3,273.48,0.07,385.6,105382.99,1
2026-07-20,2026-07-20 14:30:00,273.48,273.65,273.48,273.65,0.06,385.6,105382.99,1
2026-07-20,2026-07-20 14:40:00,273.65,273.82,273.65,273.82,0.06,385.6,105382.99,1
2026-07-20,2026-07-20 14:50:00,273.82,274.0,273.82,274.0,0.07,385.6,105382.99,1
2026-07-20,2026-07-20 15:00:00,274.0,276.0,269.8,274.0,0.0,385.6,105382.99,0
2026-07-21,2026-07-21 11:00:00,274.0,274.9,271.9,273.92,-0.03,960.84,262343.77,-1
2026-07-21,2026-07-21 11:10:00,273.92,273.92,273.83,273.83,-0.03,960.84,262343.77,-1
2026-07-21,2026-07-21 11:20:00,273.83,273.83,273.75,273.75,-0.03,960.84,262343.77,-1
2026-07-21,2026-07-21 11:30:00,273.75,273.75,273.67,273.67,-0.03,960.84,262343.77,-1
2026-07-21,2026-07-21 11:40:00,273.67,273.67,273.58,273.58,-0.03,960.84,262343.77,-1
2026-07-21,2026-07-21 11:50:00,273.58,273.58,273.5,273.5,-0.03,960.84,262343.77,-1
2026-07-21,2026-07-21 12:00:00,273.5,273.5,273.42,273.42,-0.03,960.84,262343.77,-1
2026-07-21,2026-07-21 12:10:00,273.42,273.42,273.33,273.33,-0.03,960.84,262343.77,-1
2026-07-21,2026-07-21 12:20:00,273.33,273.33,273.25,273.25,-0.03,960.84,262343.77,-1
2026-07-21,2026-07-21 12:30:00,273.25,273.25,273.17,273.17,-0.03,960.84,262343.77,-1
2026-07-21,2026-07-21 12:40:00,273.17,273.17,273.08,273.08,-0.03,960.84,262343.77,-1
2026-07-21,2026-07-21 12:50:00,273.08,273.08,273.0,273.0,-0.03,960.84,262343.77,-1
2026-07-21,2026-07-21 13:00:00,273.0,277.0,267.0,272.92,-0.03,960.84,262343.77,-1
2026-07-21,2026-07-21 13:10:00,272.92,272.92,272.83,272.83,-0.03,960.84,262343.77,-1
2026-07-21,2026-07-21 13:20:00,272.83,272.83,272.75,272.75,-0.03,960.84,262343.77,-1
2026-07-21,2026-07-21 13:30:00,272.75,272.75,272.67,272.67,-0.03,960.84,262343.77,-1
2026-07-21,2026-07-21 13:40:00,272.67,272.67,272.58,272.58,-0.03,960.84,262343.77,-1
2026-07-21,2026-07-21 13:50:00,272.58,272.58,272.5,272.5,-0.03,960.84,262343.77,-1
2026-07-21,2026-07-21 14:00:00,272.5,272.5,272.42,272.42,-0.03,960.84,262343.77,-1
2026-07-21,2026-07-21 14:10:00,272.42,272.42,272.33,272.33,-0.03,960.84,262343.77,-1
2026-07-21,2026-07-21 14:20:00,272.33,272.33,272.25,272.25,-0.03,960.84,262343.77,-1
2026-07-21,2026-07-21 14:30:00,272.25,272.25,272.17,272.17,-0.03,960.84,262343.77,-1
2026-07-21,2026-07-21 14:40:00,272.17,272.17,272.08,272.08,-0.03,960.84,262343.77,-1
2026-07-21,2026-07-21 14:50:00,272.08,272.08,272.0,272.0,-0.03,960.84,262343.77,-1
2026-07-21,2026-07-21 15:00:00,272.0,277.0,267.0,272.0,0.0,960.84,262343.77,0
2026-07-22,2026-07-22 11:00:00,270.0,270.0,268.86,269.91,-0.03,193.24,51612.91,-1
2026-07-22,2026-07-22 11:10:00,269.91,269.91,269.82,269.82,-0.03,193.24,51612.91,-1
2026-07-22,2026-07-22 11:20:00,269.82,269.82,269.73,269.73,-0.03,193.24,51612.91,-1
2026-07-22,2026-07-22 11:30:00,269.73,269.73,269.63,269.63,-0.04,193.24,51612.91,-1
2026-07-22,2026-07-22 11:40:00,269.63,269.63,269.54,269.54,-0.03,193.24,51612.91,-1
2026-07-22,2026-07-22 11:50:00,269.54,269.54,269.45,269.45,-0.03,193.24,51612.91,-1
2026-07-22,2026-07-22 12:00:00,269.45,269.45,269.36,269.36,-0.03,193.24,51612.91,-1
2026-07-22,2026-07-22 12:10:00,269.36,269.36,269.27,269.27,-0.03,193.24,51612.91,-1
2026-07-22,2026-07-22 12:20:00,269.27,269.27,269.18,269.18,-0.03,193.24,51612.91,-1
2026-07-22,2026-07-22 12:30:00,269.18,269.18,269.08,269.08,-0.04,193.24,51612.91,-1
2026-07-22,2026-07-22 12:40:00,269.08,269.08,268.99,268.99,-0.03,193.24,51612.91,-1
2026-07-22,2026-07-22 12:50:00,268.99,268.99,268.9,268.9,-0.03,193.24,51612.91,-1
2026-07-22,2026-07-22 13:00:00,268.9,270.0,266.2,268.81,-0.03,193.24,51612.91,-1
2026-07-22,2026-07-22 13:10:00,268.81,268.81,268.72,268.72,-0.03,193.24,51612.91,-1
2026-07-22,2026-07-22 13:20:00,268.72,268.72,268.62,268.62,-0.04,193.24,51612.91,-1
2026-07-22,2026-07-22 13:30:00,268.62,268.62,268.53,268.53,-0.03,193.24,51612.91,-1
2026-07-22,2026-07-22 13:40:00,268.53,268.53,268.44,268.44,-0.03,193.24,51612.91,-1
2026-07-22,2026-07-22 13:50:00,268.44,268.44,268.35,268.35,-0.03,193.24,51612.91,-1
2026-07-22,2026-07-22 14:00:00,268.35,268.35,268.26,268.26,-0.03,193.24,51612.91,-1
2026-07-22,2026-07-22 14:10:00,268.26,268.26,268.17,268.17,-0.03,193.24,51612.91,-1
2026-07-22,2026-07-22 14:20:00,268.17,268.17,268.07,268.07,-0.04,193.24,51612.91,-1
2026-07-22,2026-07-22 14:30:00,268.07,268.07,267.98,267.98,-0.03,193.24,51612.91,-1
2026-07-22,2026-07-22 14:40:00,267.98,267.98,267.89,267.89,-0.03,193.24,51612.91,-1
2026-07-22,2026-07-22 14:50:00,267.89,267.89,267.8,267.8,-0.03,193.24,51612.91,-1
2026-07-22,2026-07-22 15:00:00,267.8,270.0,266.2,267.8,0.0,193.24,51612.91,0
2026-07-23,2026-07-23 11:00:00,268.0,269.2,266.8,268.15,0.06,482.36,130297.78,1
2026-07-23,2026-07-23 11:10:00,268.15,268.29,268.15,268.29,0.05,482.36,130297.78,1
2026-07-23,2026-07-23 11:20:00,268.29,268.44,268.29,268.44,0.06,482.36,130297.78,1
2026-07-23,2026-07-23 11:30:00,268.44,268.58,268.44,268.58,0.05,482.36,130297.78,1
2026-07-23,2026-07-23 11:40:00,268.58,268.73,268.58,268.73,0.06,482.36,130297.78,1
2026-07-23,2026-07-23 11:50:00,268.73,268.88,268.73,268.88,0.06,482.36,130297.78,1
2026-07-23,2026-07-23 12:00:00,268.88,269.02,268.88,269.02,0.05,482.36,130297.78,1
2026-07-23,2026-07-23 12:10:00,269.02,269.17,269.02,269.17,0.06,482.36,130297.78,1
2026-07-23,2026-07-23 12:20:00,269.17,269.31,269.17,269.31,0.05,482.36,130297.78,1
2026-07-23,2026-07-23 12:30:00,269.31,269.46,269.31,269.46,0.06,482.36,130297.78,1
2026-07-23,2026-07-23 12:40:00,269.46,269.6,269.46,269.6,0.05,482.36,130297.78,1
2026-07-23,2026-07-23 12:50:00,269.6,269.75,269.6,269.75,0.06,482.36,130297.78,1
2026-07-23,2026-07-23 13:00:00,269.75,272.0,264.0,269.9,0.06,482.36,130297.78,1
2026-07-23,2026-07-23 13:10:00,269.9,270.04,269.9,270.04,0.05,482.36,130297.78,1
2026-07-23,2026-07-23 13:20:00,270.04,270.19,270.04,270.19,0.06,482.36,130297.78,1
2026-07-23,2026-07-23 13:30:00,270.19,270.33,270.19,270.33,0.05,482.36,130297.78,1
2026-07-23,2026-07-23 13:40:00,270.33,270.48,270.33,270.48,0.06,482.36,130297.78,1
2026-07-23,2026-07-23 13:50:00,270.48,270.62,270.48,270.62,0.05,482.36,130297.78,1
2026-07-23,2026-07-23 14:00:00,270.62,270.77,270.62,270.77,0.06,482.36,130297.78,1
2026-07-23,2026-07-23 14:10:00,270.77,270.92,270.77,270.92,0.06,482.36,130297.78,1
2026-07-23,2026-07-23 14:20:00,270.92,271.06,270.92,271.06,0.05,482.36,130297.78,1
2026-07-23,2026-07-23 14:30:00,271.06,271.21,271.06,271.21,0.06,482.36,130297.78,1
2026-07-23,2026-07-23 14:40:00,271.21,271.35,271.21,271.35,0.05,482.36,130297.78,1
2026-07-23,2026-07-23 14:50:00,271.35,271.5,271.35,271.5,0.06,482.36,130297.78,1
2026-07-23,2026-07-23 15:00:00,271.5,272.0,264.0,271.5,0.0,482.36,130297.78,0
2026-07-24,2026-07-24 11:00:00,274.0,274.0,272.08,273.83,-0.06,402.84,108550.7,-1
2026-07-24,2026-07-24 11:10:00,273.83,273.83,273.67,273.67,-0.06,402.84,108550.7,-1
2026-07-24,2026-07-24 11:20:00,273.67,273.67,273.5,273.5,-0.06,402.84,108550.7,-1
2026-07-24,2026-07-24 11:30:00,273.5,273.5,273.33,273.33,-0.06,402.84,108550.7,-1
2026-07-24,2026-07-24 11:40:00,273.33,273.33,273.17,273.17,-0.06,402.84,108550.7,-1
2026-07-24,2026-07-24 11:50:00,273.17,273.17,273.0,273.0,-0.06,402.84,108550.7,-1
2026-07-24,2026-07-24 12:00:00,273.0,273.0,272.83,272.83,-0.06,402.84,108550.7,-1
2026-07-24,2026-07-24 12:10:00,272.83,272.83,272.67,272.67,-0.06,402.84,108550.7,-1
2026-07-24,2026-07-24 12:20:00,272.67,272.67,272.5,272.5,-0.06,402.84,108550.7,-1
2026-07-24,2026-07-24 12:30:00,272.5,272.5,272.33,272.33,-0.06,402.84,108550.7,-1
2026-07-24,2026-07-24 12:40:00,272.33,272.33,272.17,272.17,-0.06,402.84,108550.7,-1
2026-07-24,2026-07-24 12:50:00,272.17,272.17,272.0,272.0,-0.06,402.84,108550.7,-1
2026-07-24,2026-07-24 13:00:00,272.0,274.0,267.6,271.83,-0.06,402.84,108550.7,-1
2026-07-24,2026-07-24 13:10:00,271.83,271.83,271.67,271.67,-0.06,402.84,108550.7,-1
2026-07-24,2026-07-24 13:20:00,271.67,271.67,271.5,271.5,-0.06,402.84,108550.7,-1
2026-07-24,2026-07-24 13:30:00,271.5,271.5,271.33,271.33,-0.06,402.84,108550.7,-1
2026-07-24,2026-07-24 13:40:00,271.33,271.33,271.17,271.17,-0.06,402.84,108550.7,-1
2026-07-24,2026-07-24 13:50:00,271.17,271.17,271.0,271.0,-0.06,402.84,108550.7,-1
2026-07-24,2026-07-24 14:00:00,271.0,271.0,270.83,270.83,-0.06,402.84,108550.7,-1
2026-07-24,2026-07-24 14:10:00,270.83,270.83,270.67,270.67,-0.06,402.84,108550.7,-1
2026-07-24,2026-07-24 14:20:00,270.67,270.67,270.5,270.5,-0.06,402.84,108550.7,-1
2026-07-24,2026-07-24 14:30:00,270.5,270.5,270.33,270.33,-0.06,402.84,108550.7,-1
2026-07-24,2026-07-24 14:40:00,270.33,270.33,270.17,270.17,-0.06,402.84,108550.7,-1
2026-07-24,2026-07-24 14:50:00,270.17,270.17,270.0,270.0,-0.06,402.84,108550.7,-1
2026-07-24,2026-07-24 15:00:00,270.0,274.0,267.6,270.0,0.0,402.84,108550.7,0
2026-07-27,2026-07-27 11:00:00,276.9,276.9,273.54,276.49,-0.15,374.4,100504.25,-1
2026-07-27,2026-07-27 11:10:00,276.49,276.49,276.07,276.07,-0.15,374.4,100504.25,-1
2026-07-27,2026-07-27 11:20:00,276.07,276.07,275.66,275.66,-0.15,374.4,100504.25,-1
2026-07-27,2026-07-27 11:30:00,275.66,275.66,275.25,275.25,-0.15,374.4,100504.25,-1
2026-07-27,2026-07-27 11:40:00,275.25,275.25,274.84,274.84,-0.15,374.4,100504.25,-1
2026-07-27,2026-07-27 11:50:00,274.84,274.84,274.42,274.42,-0.15,374.4,100504.25,-1
2026-07-27,2026-07-27 12:00:00,274.42,274.42,274.01,274.01,-0.15,374.4,100504.25,-1
2026-07-27,2026-07-27 12:10:00,274.01,274.01,273.6,273.6,-0.15,374.4,100504.25,-1
2026-07-27,2026-07-27 12:20:00,273.6,273.6,273.19,273.19,-0.15,374.4,100504.25,-1
2026-07-27,2026-07-27 12:30:00,273.19,273.19,272.77,272.77,-0.15,374.4,100504.25,-1
2026-07-27,2026-07-27 12:40:00,272.77,272.77,272.36,272.36,-0.15,374.4,100504.25,-1
2026-07-27,2026-07-27 12:50:00,272.36,272.36,271.95,271.95,-0.15,374.4,100504.25,-1
2026-07-27,2026-07-27 13:00:00,271.95,276.9,265.7,271.54,-0.15,374.4,100504.25,-1
2026-07-27,2026-07-27 13:10:00,271.54,271.54,271.12,271.12,-0.15,374.4,100504.25,-1
2026-07-27,2026-07-27 13:20:00,271.12,271.12,270.71,270.71,-0.15,374.4,100504.25,-1
2026-07-27,2026-07-27 13:30:00,270.71,270.71,270.3,270.3,-0.15,374.4,100504.25,-1
2026-07-27,2026-07-27 13:40:00,270.3,270.3,269.89,269.89,-0.15,374.4,100504.25,-1
2026-07-27,2026-07-27 13:50:00,269.89,269.89,269.48,269.48,-0.15,374.4,100504.25,-1
2026-07-27,2026-07-27 14:00:00,269.48,269.48,269.06,269.06,-0.16,374.4,100504.25,-1
2026-07-27,2026-07-27 14:10:00,269.06,269.06,268.65,268.65,-0.15,374.4,100504.25,-1
2026-07-27,2026-07-27 14:20:00,268.65,268.65,268.24,268.24,-0.15,374.4,100504.25,-1
2026-07-27,2026-07-27 14:30:00,268.24,268.24,267.82,267.82,-0.16,374.4,100504.25,-1
2026-07-27,2026-07-27 14:40:00,267.82,267.82,267.41,267.41,-0.15,374.4,100504.25,-1
2026-07-27,2026-07-27 14:50:00,267.41,267.41,267.0,267.0,-0.15,374.4,100504.25,-1
2026-07-27,2026-07-27 15:00:00,267.0,276.9,265.7,267.0,0.0,374.4,100504.25,0
2026-07-28,2026-07-28 11:00:00,265.1,265.67,264.26,265.01,-0.03,462.48,122416.58,-1
2026-07-28,2026-07-28 11:10:00,265.01,265.01,264.93,264.93,-0.03,462.48,122416.58,-1
2026-07-28,2026-07-28 11:20:00,264.93,264.93,264.84,264.84,-0.03,462.48,122416.58,-1
2026-07-28,2026-07-28 11:30:00,264.84,264.84,264.75,264.75,-0.03,462.48,122416.58,-1
2026-07-28,2026-07-28 11:40:00,264.75,264.75,264.66,264.66,-0.03,462.48,122416.58,-1
2026-07-28,2026-07-28 11:50:00,264.66,264.66,264.58,264.58,-0.03,462.48,122416.58,-1
2026-07-28,2026-07-28 12:00:00,264.58,264.58,264.49,264.49,-0.03,462.48,122416.58,-1
2026-07-28,2026-07-28 12:10:00,264.49,264.49,264.4,264.4,-0.03,462.48,122416.58,-1
2026-07-28,2026-07-28 12:20:00,264.4,264.4,264.31,264.31,-0.03,462.48,122416.58,-1
2026-07-28,2026-07-28 12:30:00,264.31,264.31,264.23,264.23,-0.03,462.48,122416.58,-1
2026-07-28,2026-07-28 12:40:00,264.23,264.23,264.14,264.14,-0.03,462.48,122416.58,-1
2026-07-28,2026-07-28 12:50:00,264.14,264.14,264.05,264.05,-0.03,462.48,122416.58,-1
2026-07-28,2026-07-28 13:00:00,264.05,267.0,262.3,263.96,-0.03,462.48,122416.58,-1
2026-07-28,2026-07-28 13:10:00,263.96,263.96,263.88,263.88,-0.03,462.48,122416.58,-1
2026-07-28,2026-07-28 13:20:00,263.88,263.88,263.79,263.79,-0.03,462.48,122416.58,-1
2026-07-28,2026-07-28 13:30:00,263.79,263.79,263.7,263.7,-0.03,462.48,122416.58,-1
2026-07-28,2026-07-28 13:40:00,263.7,263.7,263.61,263.61,-0.03,462.48,122416.58,-1
2026-07-28,2026-07-28 13:50:00,263.61,263.61,263.52,263.52,-0.03,462.48,122416.58,-1
2026-07-28,2026-07-28 14:00:00,263.52,263.52,263.44,263.44,-0.03,462.48,122416.58,-1
2026-07-28,2026-07-28 14:10:00,263.44,263.44,263.35,263.35,-0.03,462.48,122416.58,-1
2026-07-28,2026-07-28 14:20:00,263.35,263.35,263.26,263.26,-0.03,462.48,122416.58,-1
2026-07-28,2026-07-28 14:30:00,263.26,263.26,263.18,263.18,-0.03,462.48,122416.58,-1
2026-07-28,2026-07-28 14:40:00,263.18,263.18,263.09,263.09,-0.03,462.48,122416.58,-1
2026-07-28,2026-07-28 14:50:00,263.09,263.09,263.0,263.0,-0.03,462.48,122416.58,-1
2026-07-28,2026-07-28 15:00:00,263.0,267.0,262.3,263.0,0.0,462.48,122416.58,0
2026-07-29,2026-07-29 11:00:00,260.1,263.37,260.1,260.26,0.06,318.76,84948.12,1
2026-07-29,2026-07-29 11:10:00,260.26,260.43,260.26,260.43,0.07,318.76,84948.12,1
2026-07-29,2026-07-29 11:20:00,260.43,260.59,260.43,260.59,0.06,318.76,84948.12,1
2026-07-29,2026-07-29 11:30:00,260.59,260.75,260.59,260.75,0.06,318.76,84948.12,1
2026-07-29,2026-07-29 11:40:00,260.75,260.91,260.75,260.91,0.06,318.76,84948.12,1
2026-07-29,2026-07-29 11:50:00,260.91,261.08,260.91,261.08,0.07,318.76,84948.12,1
2026-07-29,2026-07-29 12:00:00,261.08,261.24,261.08,261.24,0.06,318.76,84948.12,1
2026-07-29,2026-07-29 12:10:00,261.24,261.4,261.24,261.4,0.06,318.76,84948.12,1
2026-07-29,2026-07-29 12:20:00,261.4,261.56,261.4,261.56,0.06,318.76,84948.12,1
2026-07-29,2026-07-29 12:30:00,261.56,261.73,261.56,261.73,0.06,318.76,84948.12,1
2026-07-29,2026-07-29 12:40:00,261.73,261.89,261.73,261.89,0.06,318.76,84948.12,1
2026-07-29,2026-07-29 12:50:00,261.89,262.05,261.89,262.05,0.06,318.76,84948.12,1
2026-07-29,2026-07-29 13:00:00,262.05,271.0,260.1,262.21,0.06,318.76,84948.12,1
2026-07-29,2026-07-29 13:10:00,262.21,262.38,262.21,262.38,0.06,318.76,84948.12,1
2026-07-29,2026-07-29 13:20:00,262.38,262.54,262.38,262.54,0.06,318.76,84948.12,1
2026-07-29,2026-07-29 13:30:00,262.54,262.7,262.54,262.7,0.06,318.76,84948.12,1
2026-07-29,2026-07-29 13:40:00,262.7,262.86,262.7,262.86,0.06,318.76,84948.12,1
2026-07-29,2026-07-29 13:50:00,262.86,263.02,262.86,263.02,0.06,318.76,84948.12,1
2026-07-29,2026-07-29 14:00:00,263.02,263.19,263.02,263.19,0.06,318.76,84948.12,1
2026-07-29,2026-07-29 14:10:00,263.19,263.35,263.19,263.35,0.06,318.76,84948.12,1
2026-07-29,2026-07-29 14:20:00,263.35,263.51,263.35,263.51,0.06,318.76,84948.12,1
2026-07-29,2026-07-29 14:30:00,263.51,263.68,263.51,263.68,0.06,318.76,84948.12,1
2026-07-29,2026-07-29 14:40:00,263.68,263.84,263.68,263.84,0.06,318.76,84948.12,1
2026-07-29,2026-07-29 14:50:00,263.84,264.0,263.84,264.0,0.06,318.76,84948.12,1
2026-07-29,2026-07-29 15:00:00,264.0,271.0,260.1,264.0,0.0,318.76,84948.12,0
2026-07-30,2026-07-30 11:00:00,269.5,269.5,268.15,269.31,-0.07,461.28,122801.56,-1
2026-07-30,2026-07-30 11:10:00,269.31,269.31,269.12,269.12,-0.07,461.28,122801.56,-1
2026-07-30,2026-07-30 11:20:00,269.12,269.12,268.94,268.94,-0.07,461.28,122801.56,-1
2026-07-30,2026-07-30 11:30:00,268.94,268.94,268.75,268.75,-0.07,461.28,122801.56,-1
2026-07-30,2026-07-30 11:40:00,268.75,268.75,268.56,268.56,-0.07,461.28,122801.56,-1
2026-07-30,2026-07-30 11:50:00,268.56,268.56,268.38,268.38,-0.07,461.28,122801.56,-1
2026-07-30,2026-07-30 12:00:00,268.38,268.38,268.19,268.19,-0.07,461.28,122801.56,-1
2026-07-30,2026-07-30 12:10:00,268.19,268.19,268.0,268.0,-0.07,461.28,122801.56,-1
2026-07-30,2026-07-30 12:20:00,268.0,268.0,267.81,267.81,-0.07,461.28,122801.56,-1
2026-07-30,2026-07-30 12:30:00,267.81,267.81,267.62,267.62,-0.07,461.28,122801.56,-1
2026-07-30,2026-07-30 12:40:00,267.62,267.62,267.44,267.44,-0.07,461.28,122801.56,-1
2026-07-30,2026-07-30 12:50:00,267.44,267.44,267.25,267.25,-0.07,461.28,122801.56,-1
2026-07-30,2026-07-30 13:00:00,267.25,269.5,265.0,267.06,-0.07,461.28,122801.56,-1
2026-07-30,2026-07-30 13:10:00,267.06,267.06,266.88,266.88,-0.07,461.28,122801.56,-1
2026-07-30,2026-07-30 13:20:00,266.88,266.88,266.69,266.69,-0.07,461.28,122801.56,-1
2026-07-30,2026-07-30 13:30:00,266.69,266.69,266.5,266.5,-0.07,461.28,122801.56,-1
2026-07-30,2026-07-30 13:40:00,266.5,266.5,266.31,266.31,-0.07,461.28,122801.56,-1
2026-07-30,2026-07-30 13:50:00,266.31,266.31,266.12,266.12,-0.07,461.28,122801.56,-1
2026-07-30,2026-07-30 14:00:00,266.12,266.12,265.94,265.94,-0.07,461.28,122801.56,-1
2026-07-30,2026-07-30 14:10:00,265.94,265.94,265.75,265.75,-0.07,461.28,122801.56,-1
2026-07-30,2026-07-30 14:20:00,265.75,265.75,265.56,265.56,-0.07,461.28,122801.56,-1
2026-07-30,2026-07-30 14:30:00,265.56,265.56,265.38,265.38,-0.07,461.28,122801.56,-1
2026-07-30,2026-07-30 14:40:00,265.38,265.38,265.19,265.19,-0.07,461.28,122801.56,-1
2026-07-30,2026-07-30 14:50:00,265.19,265.19,265.0,265.0,-0.07,461.28,122801.56,-1
2026-07-30,2026-07-30 15:00:00,265.0,269.5,265.0,265.0,0.0,461.28,122801.56,0
2026-07-31,2026-07-31 11:00:00,262.6,269.32,262.57,263.45,0.32,3797.28,1046838.45,1
2026-07-31,2026-07-31 11:10:00,263.45,264.3,263.45,264.3,0.32,3797.28,1046838.45,1
2026-07-31,2026-07-31 11:20:00,264.3,265.15,264.3,265.15,0.32,3797.28,1046838.45,1
2026-07-31,2026-07-31 11:30:00,265.15,266.0,265.15,266.0,0.32,3797.28,1046838.45,1
2026-07-31,2026-07-31 11:40:00,266.0,266.85,266.0,266.85,0.32,3797.28,1046838.45,1
2026-07-31,2026-07-31 11:50:00,266.85,267.7,266.85,267.7,0.32,3797.28,1046838.45,1
2026-07-31,2026-07-31 12:00:00,267.7,268.55,267.7,268.55,0.32,3797.28,1046838.45,1
2026-07-31,2026-07-31 12:10:00,268.55,269.4,268.55,269.4,0.32,3797.28,1046838.45,1
2026-07-31,2026-07-31 12:20:00,269.4,270.25,269.4,270.25,0.32,3797.28,1046838.45,1
2026-07-31,2026-07-31 12:30:00,270.25,271.1,270.25,271.1,0.31,3797.28,1046838.45,1
2026-07-31,2026-07-31 12:40:00,271.1,271.95,271.1,271.95,0.31,3797.28,1046838.45,1
2026-07-31,2026-07-31 12:50:00,271.95,272.8,271.95,272.8,0.31,3797.28,1046838.45,1
2026-07-31,2026-07-31 13:00:00,272.8,285.0,262.5,273.65,0.31,3797.28,1046838.45,1
2026-07-31,2026-07-31 13:10:00,273.65,274.5,273.65,274.5,0.31,3797.28,1046838.45,1
2026-07-31,2026-07-31 13:20:00,274.5,275.35,274.5,275.35,0.31,3797.28,1046838.45,1
2026-07-31,2026-07-31 13:30:00,275.35,276.2,275.35,276.2,0.31,3797.28,1046838.45,1
2026-07-31,2026-07-31 13:40:00,276.2,277.05,276.2,277.05,0.31,3797.28,1046838.45,1
2026-07-31,2026-07-31 13:50:00,277.05,277.9,277.05,277.9,0.31,3797.28,1046838.45,1
2026-07-31,2026-07-31 14:00:00,277.9,278.75,277.9,278.75,0.31,3797.28,1046838.45,1
2026-07-31,2026-07-31 14:10:00,278.75,279.6,278.75,279.6,0.3,3797.28,1046838.45,1
2026-07-31,2026-07-31 14:20:00,279.6,280.45,279.6,280.45,0.3,3797.28,1046838.45,1
2026-07-31,2026-07-31 14:30:00,280.45,281.3,280.45,281.3,0.3,3797.28,1046838.45,1
2026-07-31,2026-07-31 14:40:00,281.3,282.15,281.3,282.15,0.3,3797.28,1046838.45,1
2026-07-31,2026-07-31 14:50:00,282.15,283.0,282.15,283.0,0.3,3797.28,1046838.45,1
2026-07-31,2026-07-31 15:00:00,283.0,285.0,262.5,283.0,0.0,3797.28,1046838.45,0
2026-08-03,2026-08-03 11:00:00,283.0,285.7,281.53,283.08,0.03,3214.8,923602.1,1
2026-08-03,2026-08-03 11:10:00,283.08,283.17,283.08,283.17,0.03,3214.8,923602.1,1
2026-08-03,2026-08-03 11:20:00,283.17,283.25,283.17,283.25,0.03,3214.8,923602.1,1
2026-08-03,2026-08-03 11:30:00,283.25,283.33,283.25,283.33,0.03,3214.8,923602.1,1
2026-08-03,2026-08-03 11:40:00,283.33,283.42,283.33,283.42,0.03,3214.8,923602.1,1
2026-08-03,2026-08-03 11:50:00,283.42,283.5,283.42,283.5,0.03,3214.8,923602.1,1
2026-08-03,2026-08-03 12:00:00,283.5,283.58,283.5,283.58,0.03,3214.8,923602.1,1
2026-08-03,2026-08-03 12:10:00,283.58,283.67,283.58,283.67,0.03,3214.8,923602.1,1
2026-08-03,2026-08-03 12:20:00,283.67,283.75,283.67,283.75,0.03,3214.8,923602.1,1
2026-08-03,2026-08-03 12:30:00,283.75,283.83,283.75,283.83,0.03,3214.8,923602.1,1
2026-08-03,2026-08-03 12:40:00,283.83,283.92,283.83,283.92,0.03,3214.8,923602.1,1
2026-08-03,2026-08-03 12:50:00,283.92,284.0,283.92,284.0,0.03,3214.8,923602.1,1
2026-08-03,2026-08-03 13:00:00,284.0,292.0,278.1,284.08,0.03,3214.8,923602.1,1
2026-08-03,2026-08-03 13:10:00,284.08,284.17,284.08,284.17,0.03,3214.8,923602.1,1
2026-08-03,2026-08-03 13:20:00,284.17,284.25,284.17,284.25,0.03,3214.8,923602.1,1
2026-08-03,2026-08-03 13:30:00,284.25,284.33,284.25,284.33,0.03,3214.8,923602.1,1
2026-08-03,2026-08-03 13:40:00,284.33,284.42,284.33,284.42,0.03,3214.8,923602.1,1
2026-08-03,2026-08-03 13:50:00,284.42,284.5,284.42,284.5,0.03,3214.8,923602.1,1
2026-08-03,2026-08-03 14:00:00,284.5,284.58,284.5,284.58,0.03,3214.8,923602.1,1
2026-08-03,2026-08-03 14:10:00,284.58,284.67,284.58,284.67,0.03,3214.8,923602.1,1
2026-08-03,2026-08-03 14:20:00,284.67,284.75,284.67,284.75,0.03,3214.8,923602.1,1
2026-08-03,2026-08-03 14:30:00,284.75,284.83,284.75,284.83,0.03,3214.8,923602.1,1
2026-08-03,2026-08-03 14:40:00,284.83,284.92,284.83,284.92,0.03,3214.8,923602.1,1
2026-08-03,2026-08-03 14:50:00,284.92,285.0,284.92,285.0,0.03,3214.8,923602.1,1
2026-08-03,2026-08-03 15:00:00,285.0,292.0,278.1,285.0,0.0,3214.8,923602.1,0
2026-08-04,2026-08-04 11:00:00,278.2,285.61,278.2,279.11,0.33,8994.72,2675501.22,1
2026-08-04,2026-08-04 11:10:00,279.11,280.02,279.11,280.02,0.33,8994.72,2675501.22,1
2026-08-04,2026-08-04 11:20:00,280.02,280.93,280.02,280.93,0.32,8994.72,2675501.22,1
2026-08-04,2026-08-04 11:30:00,280.93,281.83,280.93,281.83,0.32,8994.72,2675501.22,1
2026-08-04,2026-08-04 11:40:00,281.83,282.74,281.83,282.74,0.32,8994.72,2675501.22,1
2026-08-04,2026-08-04 11:50:00,282.74,283.65,282.74,283.65,0.32,8994.72,2675501.22,1
2026-08-04,2026-08-04 12:00:00,283.65,284.56,283.65,284.56,0.32,8994.72,2675501.22,1
2026-08-04,2026-08-04 12:10:00,284.56,285.47,284.56,285.47,0.32,8994.72,2675501.22,1
2026-08-04,2026-08-04 12:20:00,285.47,286.38,285.47,286.38,0.32,8994.72,2675501.22,1
2026-08-04,2026-08-04 12:30:00,286.38,287.28,286.38,287.28,0.31,8994.72,2675501.22,1
2026-08-04,2026-08-04 12:40:00,287.28,288.19,287.28,288.19,0.32,8994.72,2675501.22,1
2026-08-04,2026-08-04 12:50:00,288.19,289.1,288.19,289.1,0.32,8994.72,2675501.22,1
2026-08-04,2026-08-04 13:00:00,289.1,302.9,278.2,290.01,0.31,8994.72,2675501.22,1
2026-08-04,2026-08-04 13:10:00,290.01,290.92,290.01,290.92,0.31,8994.72,2675501.22,1
2026-08-04,2026-08-04 13:20:00,290.92,291.82,290.92,291.82,0.31,8994.72,2675501.22,1
2026-08-04,2026-08-04 13:30:00,291.82,292.73,291.82,292.73,0.31,8994.72,2675501.22,1
2026-08-04,2026-08-04 13:40:00,292.73,293.64,292.73,293.64,0.31,8994.72,2675501.22,1
2026-08-04,2026-08-04 13:50:00,293.64,294.55,293.64,294.55,0.31,8994.72,2675501.22,1
2026-08-04,2026-08-04 14:00:00,294.55,295.46,294.55,295.46,0.31,8994.72,2675501.22,1
2026-08-04,2026-08-04 14:10:00,295.46,296.37,295.46,296.37,0.31,8994.72,2675501.22,1
2026-08-04,2026-08-04 14:20:00,296.37,297.27,296.37,297.27,0.3,8994.72,2675501.22,1
2026-08-04,2026-08-04 14:30:00,297.27,298.18,297.27,298.18,0.31,8994.72,2675501.22,1
2026-08-04,2026-08-04 14:40:00,298.18,299.09,298.18,299.09,0.31,8994.72,2675501.22,1
2026-08-04,2026-08-04 14:50:00,299.09,300.0,299.09,300.0,0.3,8994.72,2675501.22,1
2026-08-04,2026-08-04 15:00:00,300.0,302.9,278.2,300.0,0.0,8994.72,2675501.22,0
2026-08-05,2026-08-05 11:00:00,315.0,315.0,309.0,314.29,-0.23,4511.68,1356167.86,-1
2026-08-05,2026-08-05 11:10:00,314.29,314.29,313.58,313.58,-0.23,4511.68,1356167.86,-1
2026-08-05,2026-08-05 11:20:00,313.58,313.58,312.88,312.88,-0.22,4511.68,1356167.86,-1
2026-08-05,2026-08-05 11:30:00,312.88,312.88,312.17,312.17,-0.23,4511.68,1356167.86,-1
2026-08-05,2026-08-05 11:40:00,312.17,312.17,311.46,311.46,-0.23,4511.68,1356167.86,-1
2026-08-05,2026-08-05 11:50:00,311.46,311.46,310.75,310.75,-0.23,4511.68,1356167.86,-1
2026-08-05,2026-08-05 12:00:00,310.75,310.75,310.04,310.04,-0.23,4511.68,1356167.86,-1
2026-08-05,2026-08-05 12:10:00,310.04,310.04,309.33,309.33,-0.23,4511.68,1356167.86,-1
2026-08-05,2026-08-05 12:20:00,309.33,309.33,308.62,308.62,-0.23,4511.68,1356167.86,-1
2026-08-05,2026-08-05 12:30:00,308.62,308.62,307.92,307.92,-0.23,4511.68,1356167.86,-1
2026-08-05,2026-08-05 12:40:00,307.92,307.92,307.21,307.21,-0.23,4511.68,1356167.86,-1
2026-08-05,2026-08-05 12:50:00,307.21,307.21,306.5,306.5,-0.23,4511.68,1356167.86,-1
2026-08-05,2026-08-05 13:00:00,306.5,315.0,295.0,305.79,-0.23,4511.68,1356167.86,-1
2026-08-05,2026-08-05 13:10:00,305.79,305.79,305.08,305.08,-0.23,4511.68,1356167.86,-1
2026-08-05,2026-08-05 13:20:00,305.08,305.08,304.38,304.38,-0.23,4511.68,1356167.86,-1
2026-08-05,2026-08-05 13:30:00,304.38,304.38,303.67,303.67,-0.23,4511.68,1356167.86,-1
2026-08-05,2026-08-05 13:40:00,303.67,303.67,302.96,302.96,-0.23,4511.68,1356167.86,-1
2026-08-05,2026-08-05 13:50:00,302.96,302.96,302.25,302.25,-0.23,4511.68,1356167.86,-1
2026-08-05,2026-08-05 14:00:00,302.25,302.25,301.54,301.54,-0.23,4511.68,1356167.86,-1
2026-08-05,2026-08-05 14:10:00,301.54,301.54,300.83,300.83,-0.24,4511.68,1356167.86,-1
2026-08-05,2026-08-05 14:20:00,300.83,300.83,300.12,300.12,-0.24,4511.68,1356167.86,-1
2026-08-05,2026-08-05 14:30:00,300.12,300.12,299.42,299.42,-0.23,4511.68,1356167.86,-1
2026-08-05,2026-08-05 14:40:00,299.42,299.42,298.71,298.71,-0.24,4511.68,1356167.86,-1
2026-08-05,2026-08-05 14:50:00,298.71,298.71,298.0,298.0,-0.24,4511.68,1356167.86,-1
2026-08-05,2026-08-05 15:00:00,298.0,315.0,295.0,298.0,0.0,4511.68,1356167.86,0
2026-08-06,2026-08-06 11:00:00,305.9,305.9,299.03,304.99,-0.3,2944.88,858594.28,-1
2026-08-06,2026-08-06 11:10:00,304.99,304.99,304.07,304.07,-0.3,2944.88,858594.28,-1
2026-08-06,2026-08-06 11:20:00,304.07,304.07,303.16,303.16,-0.3,2944.88,858594.28,-1
2026-08-06,2026-08-06 11:30:00,303.16,303.16,302.25,302.25,-0.3,2944.88,858594.28,-1
2026-08-06,2026-08-06 11:40:00,302.25,302.25,301.34,301.34,-0.3,2944.88,858594.28,-1
2026-08-06,2026-08-06 11:50:00,301.34,301.34,300.42,300.42,-0.31,2944.88,858594.28,-1
2026-08-06,2026-08-06 12:00:00,300.42,300.42,299.51,299.51,-0.3,2944.88,858594.28,-1
2026-08-06,2026-08-06 12:10:00,299.51,299.51,298.6,298.6,-0.3,2944.88,858594.28,-1
2026-08-06,2026-08-06 12:20:00,298.6,298.6,297.69,297.69,-0.3,2944.88,858594.28,-1
2026-08-06,2026-08-06 12:30:00,297.69,297.69,296.77,296.77,-0.31,2944.88,858594.28,-1
2026-08-06,2026-08-06 12:40:00,296.77,296.77,295.86,295.86,-0.31,2944.88,858594.28,-1
2026-08-06,2026-08-06 12:50:00,295.86,295.86,294.95,294.95,-0.31,2944.88,858594.28,-1
2026-08-06,2026-08-06 13:00:00,294.95,305.9,283.0,294.04,-0.31,2944.88,858594.28,-1
2026-08-06,2026-08-06 13:10:00,294.04,294.04,293.12,293.12,-0.31,2944.88,858594.28,-1
2026-08-06,2026-08-06 13:20:00,293.12,293.12,292.21,292.21,-0.31,2944.88,858594.28,-1
2026-08-06,2026-08-06 13:30:00,292.21,292.21,291.3,291.3,-0.31,2944.88,858594.28,-1
2026-08-06,2026-08-06 13:40:00,291.3,291.3,290.39,290.39,-0.31,2944.88,858594.28,-1
2026-08-06,2026-08-06 13:50:00,290.39,290.39,289.48,289.48,-0.31,2944.88,858594.28,-1
2026-08-06,2026-08-06 14:00:00,289.48,289.48,288.56,288.56,-0.32,2944.88,858594.28,-1
2026-08-06,2026-08-06 14:10:00,288.56,288.56,287.65,287.65,-0.32,2944.88,858594.28,-1
2026-08-06,2026-08-06 14:20:00,287.65,287.65,286.74,286.74,-0.32,2944.88,858594.28,-1
2026-08-06,2026-08-06 14:30:00,286.74,286.74,285.82,285.82,-0.32,2944.88,858594.28,-1
2026-08-06,2026-08-06 14:40:00,285.82,285.82,284.91,284.91,-0.32,2944.88,858594.28,-1
2026-08-06,2026-08-06 14:50:00,284.91,284.91,284.0,284.0,-0.32,2944.88,858594.28,-1
2026-08-06,2026-08-06 15:00:00,284.0,305.9,283.0,284.0,0.0,2944.88,858594.28,0
2026-08-07,2026-08-07 11:00:00,288.0,288.3,285.66,287.79,-0.07,2928.88,828589.34,-1
2026-08-07,2026-08-07 11:10:00,287.79,287.79,287.58,287.58,-0.07,2928.88,828589.34,-1
2026-08-07,2026-08-07 11:20:00,287.58,287.58,287.38,287.38,-0.07,2928.88,828589.34,-1
2026-08-07,2026-08-07 11:30:00,287.38,287.38,287.17,287.17,-0.07,2928.88,828589.34,-1
2026-08-07,2026-08-07 11:40:00,287.17,287.17,286.96,286.96,-0.07,2928.88,828589.34,-1
2026-08-07,2026-08-07 11:50:00,286.96,286.96,286.75,286.75,-0.07,2928.88,828589.34,-1
2026-08-07,2026-08-07 12:00:00,286.75,286.75,286.54,286.54,-0.07,2928.88,828589.34,-1
2026-08-07,2026-08-07 12:10:00,286.54,286.54,286.33,286.33,-0.07,2928.88,828589.34,-1
2026-08-07,2026-08-07 12:20:00,286.33,286.33,286.12,286.12,-0.07,2928.88,828589.34,-1
2026-08-07,2026-08-07 12:30:00,286.12,286.12,285.92,285.92,-0.07,2928.88,828589.34,-1
2026-08-07,2026-08-07 12:40:00,285.92,285.92,285.71,285.71,-0.07,2928.88,828589.34,-1
2026-08-07,2026-08-07 12:50:00,285.71,285.71,285.5,285.5,-0.07,2928.88,828589.34,-1
2026-08-07,2026-08-07 13:00:00,285.5,289.0,280.2,285.29,-0.07,2928.88,828589.34,-1
2026-08-07,2026-08-07 13:10:00,285.29,285.29,285.08,285.08,-0.07,2928.88,828589.34,-1
2026-08-07,2026-08-07 13:20:00,285.08,285.08,284.88,284.88,-0.07,2928.88,828589.34,-1
2026-08-07,2026-08-07 13:30:00,284.88,284.88,284.67,284.67,-0.07,2928.88,828589.34,-1
2026-08-07,2026-08-07 13:40:00,284.67,284.67,284.46,284.46,-0.07,2928.88,828589.34,-1
2026-08-07,2026-08-07 13:50:00,284.46,284.46,284.25,284.25,-0.07,2928.88,828589.34,-1
2026-08-07,2026-08-07 14:00:00,284.25,284.25,284.04,284.04,-0.07,2928.88,828589.34,-1
2026-08-07,2026-08-07 14:10:00,284.04,284.04,283.83,283.83,-0.07,2928.88,828589.34,-1
2026-08-07,2026-08-07 14:20:00,283.83,283.83,283.62,283.62,-0.07,2928.88,828589.34,-1
2026-08-07,2026-08-07 14:30:00,283.62,283.62,283.42,283.42,-0.07,2928.88,828589.34,-1
2026-08-07,2026-08-07 14:40:00,283.42,283.42,283.21,283.21,-0.07,2928.88,828589.34,-1
2026-08-07,2026-08-07 14:50:00,283.21,283.21,283.0,283.0,-0.07,2928.88,828589.34,-1
2026-08-07,2026-08-07 15:00:00,283.0,289.0,280.2,283.0,0.0,2928.88,828589.34,0
2026-08-10,2026-08-10 11:00:00,287.0,287.0,283.4,286.62,-0.13,1771.08,494741.18,-1
2026-08-10,2026-08-10 11:10:00,286.62,286.62,286.24,286.24,-0.13,1771.08,494741.18,-1
2026-08-10,2026-08-10 11:20:00,286.24,286.24,285.86,285.86,-0.13,1771.08,494741.18,-1
2026-08-10,2026-08-10 11:30:00,285.86,285.86,285.48,285.48,-0.13,1771.08,494741.18,-1
2026-08-10,2026-08-10 11:40:00,285.48,285.48,285.1,285.1,-0.13,1771.08,494741.18,-1
2026-08-10,2026-08-10 11:50:00,285.1,285.1,284.73,284.73,-0.13,1771.08,494741.18,-1
2026-08-10,2026-08-10 12:00:00,284.73,284.73,284.35,284.35,-0.13,1771.08,494741.18,-1
2026-08-10,2026-08-10 12:10:00,284.35,284.35,283.97,283.97,-0.13,1771.08,494741.18,-1
2026-08-10,2026-08-10 12:20:00,283.97,283.97,283.59,283.59,-0.13,1771.08,494741.18,-1
2026-08-10,2026-08-10 12:30:00,283.59,283.59,283.21,283.21,-0.13,1771.08,494741.18,-1
2026-08-10,2026-08-10 12:40:00,283.21,283.21,282.83,282.83,-0.13,1771.08,494741.18,-1
2026-08-10,2026-08-10 12:50:00,282.83,282.83,282.45,282.45,-0.13,1771.08,494741.18,-1
2026-08-10,2026-08-10 13:00:00,282.45,287.0,275.0,282.07,-0.13,1771.08,494741.18,-1
2026-08-10,2026-08-10 13:10:00,282.07,282.07,281.69,281.69,-0.13,1771.08,494741.18,-1
2026-08-10,2026-08-10 13:20:00,281.69,281.69,281.31,281.31,-0.13,1771.08,494741.18,-1
2026-08-10,2026-08-10 13:30:00,281.31,281.31,280.93,280.93,-0.14,1771.08,494741.18,-1
2026-08-10,2026-08-10 13:40:00,280.93,280.93,280.55,280.55,-0.14,1771.08,494741.18,-1
2026-08-10,2026-08-10 13:50:00,280.55,280.55,280.17,280.17,-0.14,1771.08,494741.18,-1
2026-08-10,2026-08-10 14:00:00,280.17,280.17,279.8,279.8,-0.13,1771.08,494741.18,-1
2026-08-10,2026-08-10 14:10:00,279.8,279.8,279.42,279.42,-0.14,1771.08,494741.18,-1
2026-08-10,2026-08-10 14:20:00,279.42,279.42,279.04,279.04,-0.14,1771.08,494741.18,-1
2026-08-10,2026-08-10 14:30:00,279.04,279.04,278.66,278.66,-0.14,1771.08,494741.18,-1
2026-08-10,2026-08-10 14:40:00,278.66,278.66,278.28,278.28,-0.14,1771.08,494741.18,-1
2026-08-10,2026-08-10 14:50:00,278.28,278.28,277.9,277.9,-0.14,1771.08,494741.18,-1
2026-08-10,2026-08-10 15:00:00,277.9,287.0,275.0,277.9,0.0,1771.08,494741.18,0
2026-08-11,2026-08-11 11:00:00,278.0,280.1,277.4,278.21,0.08,1139.2,321879.22,1
2026-08-11,2026-08-11 11:10:00,278.21,278.42,278.21,278.42,0.08,1139.2,321879.22,1
2026-08-11,2026-08-11 11:20:00,278.42,278.62,278.42,278.62,0.07,1139.2,321879.22,1
2026-08-11,2026-08-11 11:30:00,278.62,278.83,278.62,278.83,0.08,1139.2,321879.22,1
2026-08-11,2026-08-11 11:40:00,278.83,279.04,278.83,279.04,0.08,1139.2,321879.22,1
2026-08-11,2026-08-11 11:50:00,279.04,279.25,279.04,279.25,0.08,1139.2,321879.22,1
2026-08-11,2026-08-11 12:00:00,279.25,279.46,279.25,279.46,0.08,1139.2,321879.22,1
2026-08-11,2026-08-11 12:10:00,279.46,279.67,279.46,279.67,0.08,1139.2,321879.22,1
2026-08-11,2026-08-11 12:20:00,279.67,279.88,279.67,279.88,0.08,1139.2,321879.22,1
2026-08-11,2026-08-11 12:30:00,279.88,280.08,279.88,280.08,0.07,1139.2,321879.22,1
2026-08-11,2026-08-11 12:40:00,280.08,280.29,280.08,280.29,0.07,1139.2,321879.22,1
2026-08-11,2026-08-11 12:50:00,280.29,280.5,280.29,280.5,0.07,1139.2,321879.22,1
2026-08-11,2026-08-11 13:00:00,280.5,285.0,276.0,280.71,0.07,1139.2,321879.22,1
2026-08-11,2026-08-11 13:10:00,280.71,280.92,280.71,280.92,0.07,1139.2,321879.22,1
2026-08-11,2026-08-11 13:20:00,280.92,281.12,280.92,281.12,0.07,1139.2,321879.22,1
2026-08-11,2026-08-11 13:30:00,281.12,281.33,281.12,281.33,0.07,1139.2,321879.22,1
2026-08-11,2026-08-11 13:40:00,281.33,281.54,281.33,281.54,0.07,1139.2,321879.22,1
2026-08-11,2026-08-11 13:50:00,281.54,281.75,281.54,281.75,0.07,1139.2,321879.22,1
2026-08-11,2026-08-11 14:00:00,281.75,281.96,281.75,281.96,0.07,1139.2,321879.22,1
2026-08-11,2026-08-11 14:10:00,281.96,282.17,281.96,282.17,0.07,1139.2,321879.22,1
2026-08-11,2026-08-11 14:20:00,282.17,282.38,282.17,282.38,0.07,1139.2,321879.22,1
2026-08-11,2026-08-11 14:30:00,282.38,282.58,282.38,282.58,0.07,1139.2,321879.22,1
2026-08-11,2026-08-11 14:40:00,282.58,282.79,282.58,282.79,0.07,1139.2,321879.22,1
2026-08-11,2026-08-11 14:50:00,282.79,283.0,282.79,283.0,0.07,1139.2,321879.22,1
2026-08-11,2026-08-11 15:00:00,283.0,285.0,276.0,283.0,0.0,1139.2,321879.22,0
2026-08-12,2026-08-12 11:00:00,284.4,284.58,281.52,284.13,-0.09,1596.2,445037.33,-1
2026-08-12,2026-08-12 11:10:00,284.13,284.13,283.86,283.86,-0.1,1596.2,445037.33,-1
2026-08-12,2026-08-12 11:20:00,283.86,283.86,283.59,283.59,-0.1,1596.2,445037.33,-1
2026-08-12,2026-08-12 11:30:00,283.59,283.59,283.32,283.32,-0.1,1596.2,445037.33,-1
2026-08-12,2026-08-12 11:40:00,283.32,283.32,283.05,283.05,-0.1,1596.2,445037.33,-1
2026-08-12,2026-08-12 11:50:00,283.05,283.05,282.77,282.77,-0.1,1596.2,445037.33,-1
2026-08-12,2026-08-12 12:00:00,282.77,282.77,282.5,282.5,-0.1,1596.2,445037.33,-1
2026-08-12,2026-08-12 12:10:00,282.5,282.5,282.23,282.23,-0.1,1596.2,445037.33,-1
2026-08-12,2026-08-12 12:20:00,282.23,282.23,281.96,281.96,-0.1,1596.2,445037.33,-1
2026-08-12,2026-08-12 12:30:00,281.96,281.96,281.69,281.69,-0.1,1596.2,445037.33,-1
2026-08-12,2026-08-12 12:40:00,281.69,281.69,281.42,281.42,-0.1,1596.2,445037.33,-1
2026-08-12,2026-08-12 12:50:00,281.42,281.42,281.15,281.15,-0.1,1596.2,445037.33,-1
2026-08-12,2026-08-12 13:00:00,281.15,285.0,274.8,280.88,-0.1,1596.2,445037.33,-1
2026-08-12,2026-08-12 13:10:00,280.88,280.88,280.61,280.61,-0.1,1596.2,445037.33,-1
2026-08-12,2026-08-12 13:20:00,280.61,280.61,280.34,280.34,-0.1,1596.2,445037.33,-1
2026-08-12,2026-08-12 13:30:00,280.34,280.34,280.07,280.07,-0.1,1596.2,445037.33,-1
2026-08-12,2026-08-12 13:40:00,280.07,280.07,279.8,279.8,-0.1,1596.2,445037.33,-1
2026-08-12,2026-08-12 13:50:00,279.8,279.8,279.52,279.52,-0.1,1596.2,445037.33,-1
2026-08-12,2026-08-12 14:00:00,279.52,279.52,279.25,279.25,-0.1,1596.2,445037.33,-1
2026-08-12,2026-08-12 14:10:00,279.25,279.25,278.98,278.98,-0.1,1596.2,445037.33,-1
2026-08-12,2026-08-12 14:20:00,278.98,278.98,278.71,278.71,-0.1,1596.2,445037.33,-1
2026-08-12,2026-08-12 14:30:00,278.71,278.71,278.44,278.44,-0.1,1596.2,445037.33,-1
2026-08-12,2026-08-12 14:40:00,278.44,278.44,278.17,278.17,-0.1,1596.2,445037.33,-1
2026-08-12,2026-08-12 14:50:00,278.17,278.17,277.9,277.9,-0.1,1596.2,445037.33,-1
2026-08-12,2026-08-12 15:00:00,277.9,285.0,274.8,277.9,0.0,1596.2,445037.33,0
2026-08-13,2026-08-13 11:00:00,279.0,281.55,277.8,279.25,0.09,1468.88,416042.52,1
2026-08-13,2026-08-13 11:10:00,279.25,279.49,279.25,279.49,0.09,1468.88,416042.52,1
2026-08-13,2026-08-13 11:20:00,279.49,279.74,279.49,279.74,0.09,1468.88,416042.52,1
2026-08-13,2026-08-13 11:30:00,279.74,279.98,279.74,279.98,0.09,1468.88,416042.52,1
2026-08-13,2026-08-13 11:40:00,279.98,280.23,279.98,280.23,0.09,1468.88,416042.52,1
2026-08-13,2026-08-13 11:50:00,280.23,280.48,280.23,280.48,0.09,1468.88,416042.52,1
2026-08-13,2026-08-13 12:00:00,280.48,280.72,280.48,280.72,0.09,1468.88,416042.52,1
2026-08-13,2026-08-13 12:10:00,280.72,280.97,280.72,280.97,0.09,1468.88,416042.52,1
2026-08-13,2026-08-13 12:20:00,280.97,281.21,280.97,281.21,0.09,1468.88,416042.52,1
2026-08-13,2026-08-13 12:30:00,281.21,281.46,281.21,281.46,0.09,1468.88,416042.52,1
2026-08-13,2026-08-13 12:40:00,281.46,281.7,281.46,281.7,0.09,1468.88,416042.52,1
2026-08-13,2026-08-13 12:50:00,281.7,281.95,281.7,281.95,0.09,1468.88,416042.52,1
2026-08-13,2026-08-13 13:00:00,281.95,287.5,275.0,282.2,0.09,1468.88,416042.52,1
2026-08-13,2026-08-13 13:10:00,282.2,282.44,282.2,282.44,0.09,1468.88,416042.52,1
2026-08-13,2026-08-13 13:20:00,282.44,282.69,282.44,282.69,0.09,1468.88,416042.52,1
2026-08-13,2026-08-13 13:30:00,282.69,282.93,282.69,282.93,0.08,1468.88,416042.52,1
2026-08-13,2026-08-13 13:40:00,282.93,283.18,282.93,283.18,0.09,1468.88,416042.52,1
2026-08-13,2026-08-13 13:50:00,283.18,283.42,283.18,283.42,0.08,1468.88,416042.52,1
2026-08-13,2026-08-13 14:00:00,283.42,283.67,283.42,283.67,0.09,1468.88,416042.52,1
2026-08-13,2026-08-13 14:10:00,283.67,283.92,283.67,283.92,0.09,1468.88,416042.52,1
2026-08-13,2026-08-13 14:20:00,283.92,284.16,283.92,284.16,0.08,1468.88,416042.52,1
2026-08-13,2026-08-13 14:30:00,284.16,284.41,284.16,284.41,0.09,1468.88,416042.52,1
2026-08-13,2026-08-13 14:40:00,284.41,284.65,284.41,284.65,0.08,1468.88,416042.52,1
2026-08-13,2026-08-13 14:50:00,284.65,284.9,284.65,284.9,0.09,1468.88,416042.52,1
2026-08-13,2026-08-13 15:00:00,284.9,287.5,275.0,284.9,0.0,1468.88,416042.52,0
2026-08-13,2026-08-13 14:45:00,279.0,287.5,275.0,284.9,2.52,36722.0,10401063.1,1
2026-08-20,2026-08-20 15:48:00,270.0,270.0,260.0,267.7,-1.94,41056.0,10880138.2,-1
2026-08-21,2026-08-21 11:04:00,265.0,270.0,260.0,263.0,-1.76,27734.0,7284143.8,-1
